# https://github.com/mikedh/trimesh
mtllib material.mtl
usemtl material_0
v -0.04230738 -0.23265262 -0.13483815
v -0.04213390 -0.23240307 -0.13038611
v -0.04233906 -0.23347799 -0.13205826
v -0.04228991 -0.23350388 -0.11794424
v -0.04211566 -0.23229136 -0.11922900
v -0.04190850 -0.23267660 -0.10284039
v -0.04217303 -0.23370485 -0.10308835
v -0.04176584 -0.23278326 -0.05505268
v -0.04209414 -0.23374015 -0.06353263
v -0.04165411 -0.23284090 -0.00934586
v -0.04203302 -0.23378558 -0.01852305
v -0.04190150 -0.23387994 0.01530541
v -0.04130873 -0.23286572 0.03259391
v -0.04127583 -0.23290694 0.05266388
v -0.04171726 -0.23396495 0.07867722
v -0.04115283 -0.23298179 0.08002704
v -0.04122245 -0.23294722 0.10357782
v -0.04186031 -0.23400547 0.12715955
v -0.04126441 -0.23288499 0.12343103
v -0.04121664 -0.23298934 0.13293973
v -0.04188353 -0.23415864 0.13280195
v -0.04150513 -0.23290126 0.13491561
v -0.04230738 -0.23265262 -0.13483815
v -0.04448500 -0.23378137 -0.13477880
v -0.04517573 -0.23279485 -0.13499492
v -0.04230738 -0.23265262 -0.13483815
v -0.04233906 -0.23347799 -0.13205826
v -0.04448500 -0.23378137 -0.13477880
v -0.04436374 -0.23407830 -0.13260795
v -0.04228991 -0.23350388 -0.11794424
v -0.04436997 -0.23405334 -0.11228243
v -0.04217303 -0.23370485 -0.10308835
v -0.04438487 -0.23396446 -0.09541330
v -0.04209414 -0.23374015 -0.06353263
v -0.04439956 -0.23396738 -0.07640380
v -0.04430744 -0.23389626 -0.05531564
v -0.04423931 -0.23392256 -0.04073887
v -0.04203302 -0.23378558 -0.01852305
v -0.04439616 -0.23391823 -0.01806709
v -0.04190150 -0.23387994 0.01530541
v -0.04442587 -0.23397134 0.01897168
v -0.04171726 -0.23396495 0.07867722
v -0.04425570 -0.23400740 0.07746129
v -0.04186031 -0.23400547 0.12715955
v -0.04409257 -0.23406298 0.11712264
v -0.04777902 -0.23402835 0.12888211
v -0.04188353 -0.23415864 0.13280195
v -0.04445297 -0.23418321 0.13285063
v -0.04150513 -0.23290126 0.13491561
v -0.04445353 -0.23355855 0.13487405
v -0.05094230 -0.23396927 -0.12514946
v -0.05374847 -0.23401462 -0.11049979
v -0.05350824 -0.23392473 -0.07249672
v -0.05236530 -0.23399611 0.07036540
v -0.04445353 -0.23355855 0.13487405
v -0.04150513 -0.23290126 0.13491561
v -0.05436048 -0.23211166 0.13499492
v -0.05849728 -0.23370902 -0.13474542
v -0.05742292 -0.23266926 -0.13497706
v -0.05849728 -0.23370902 -0.13474542
v -0.05930559 -0.23394530 -0.09562007
v -0.05910270 -0.23388362 -0.05082817
v -0.05442047 -0.23393390 -0.00235400
v -0.05711806 -0.23399010 0.02319473
v -0.05727100 -0.23407114 0.12862617
v -0.05486391 -0.23419946 0.13288306
v -0.05781375 -0.23357363 0.13488406
v -0.05781375 -0.23357363 0.13488406
v -0.06265193 -0.23405363 -0.13249490
v -0.06275898 -0.23400110 -0.12501028
v -0.06277774 -0.23403990 -0.11203978
v -0.06297316 -0.23398083 -0.03149849
v -0.06300282 -0.23397020 -0.01055023
v -0.05954279 -0.23401220 0.04253475
v -0.05953793 -0.23403704 0.07964529
v -0.06281866 -0.23410280 0.11852372
v -0.06269446 -0.23424563 0.13278759
v -0.06253989 -0.23312697 0.13488118
v -0.06255594 -0.23335923 -0.13467205
v -0.06313427 -0.23205562 -0.13485065
v -0.06255594 -0.23335923 -0.13467205
v -0.06288013 -0.23400240 -0.09493587
v -0.06298953 -0.23393731 -0.05449262
v -0.06278315 -0.23406404 0.02393575
v -0.06282307 -0.23411320 0.08345920
v -0.06253989 -0.23312697 0.13488118
v -0.06360820 -0.23249227 -0.13463187
v -0.06360820 -0.23249227 -0.13463187
v -0.06382906 -0.23291011 -0.13235810
v -0.06376937 -0.23299003 -0.12352570
v -0.06406906 -0.23298436 -0.09490755
v -0.06433678 -0.23296879 -0.04763348
v -0.06436290 -0.23298885 -0.00871550
v -0.06394279 -0.23304605 0.03086814
v -0.06394735 -0.23307310 0.08107966
v -0.06388469 -0.23305503 0.09794383
v -0.06389928 -0.23303959 0.12234959
v -0.06389928 -0.23303959 0.12234959
v -0.06269446 -0.23424563 0.13278759
v -0.06383739 -0.23308200 0.12846717
v -0.06357802 -0.23438461 0.13476487
v -0.06388526 -0.23316845 0.13226120
v -0.06376937 -0.23299003 -0.12352570
v -0.06406906 -0.23298436 -0.09490755
v -0.06415720 -0.22980714 -0.09102333
v -0.06433678 -0.23296879 -0.04763348
v -0.06437095 -0.23008095 -0.04629447
v -0.06440952 -0.23001978 -0.01059882
v -0.06436290 -0.23298885 -0.00871550
v -0.06402077 -0.23007481 0.02193404
v -0.06394279 -0.23304605 0.03086814
v -0.06393258 -0.22979297 0.04178124
v -0.06394735 -0.23307310 0.08107966
v -0.06389397 -0.23002720 0.08628628
v -0.06388469 -0.23305503 0.09794383
v -0.06369334 -0.22923510 0.13488343
v -0.04246983 -0.22248082 -0.13480426
v -0.04769018 -0.22383547 -0.13486171
v -0.06351843 -0.21748891 -0.13470073
v -0.06360820 -0.23249227 -0.13463187
v -0.06382906 -0.23291011 -0.13235810
v -0.06373391 -0.21877252 -0.13252854
v -0.06370564 -0.22274977 -0.12915687
v -0.06375244 -0.22198513 -0.12084649
v -0.06409866 -0.22255717 -0.09380569
v -0.06413123 -0.22726755 -0.08978663
v -0.06424122 -0.22570448 -0.04633182
v -0.06422108 -0.22580780 -0.00258396
v -0.06380929 -0.22559996 0.02948312
v -0.06380250 -0.22495626 0.05838419
v -0.06375897 -0.22508158 0.08579804
v -0.06368317 -0.22599469 0.10031337
v -0.06367265 -0.22477385 0.12321743
v -0.06366542 -0.22561440 0.12839650
v -0.06368645 -0.22510783 0.13483725
v -0.06351843 -0.21748891 -0.13470073
v -0.06409705 -0.21820419 -0.06464957
v -0.06421283 -0.22141881 -0.03303739
v -0.06420338 -0.22103977 -0.00803354
v -0.06409663 -0.22120093 0.00532599
v -0.06384681 -0.22134958 0.02278607
v -0.06374848 -0.22088328 0.03458555
v -0.06356436 -0.21871586 0.10132407
v -0.06217901 -0.21756914 -0.13470054
v -0.06379236 -0.20961513 -0.10838650
v -0.06403458 -0.21288827 -0.04098665
v -0.06352019 -0.21185014 0.05877602
v -0.06348823 -0.21265325 0.08151330
v -0.04280069 -0.20599203 -0.13472587
v -0.06365992 -0.21014190 -0.12800345
v -0.06391013 -0.20394802 -0.01238113
v -0.06384407 -0.20634043 0.00356236
v -0.06332223 -0.20682181 0.12072736
v -0.06338997 -0.20841978 0.13194817
v -0.06343517 -0.20426539 0.13482916
v -0.06388451 -0.20581669 -0.05828617
v -0.06353140 -0.20799150 0.02805924
v -0.06365182 -0.19184449 -0.13463899
v -0.06229015 -0.19337916 -0.13468526
v -0.06365182 -0.19184449 -0.13463899
v -0.06340683 -0.20308682 0.05467490
v -0.06334718 -0.20407733 0.07643598
v -0.06320761 -0.19857371 0.09540598
v -0.06375489 -0.19195533 -0.13259874
v -0.06368753 -0.19162644 -0.12895028
v -0.06379500 -0.19951706 -0.09888583
v -0.06372809 -0.19570825 -0.10906576
v -0.06385559 -0.20093495 -0.05273807
v -0.06380369 -0.19879866 0.00282610
v -0.06349584 -0.19995174 0.02775234
v -0.06329726 -0.19274932 0.13139038
v -0.05278577 -0.18366522 -0.13466652
v -0.06388174 -0.19497553 -0.08930162
v -0.06389080 -0.19511925 -0.04628782
v -0.06390426 -0.19572262 -0.00927534
v -0.06343402 -0.19634129 0.05184209
v -0.06332763 -0.19590937 0.07776672
v -0.04256552 -0.20233418 -0.13466695
v -0.04450247 -0.18748221 -0.13471100
v -0.06374389 -0.18576972 -0.11540302
v -0.06396823 -0.19065252 -0.06800131
v -0.06392254 -0.18804531 0.00290042
v -0.06357211 -0.18908329 0.03173326
v -0.06322111 -0.18979776 0.09063865
v -0.06315358 -0.18637177 0.10730584
v -0.06406774 -0.18277125 -0.10073614
v -0.06409881 -0.18674864 -0.08943638
v -0.06396818 -0.18945439 -0.04284588
v -0.06342138 -0.18701865 0.07924770
v -0.06407827 -0.18413179 -0.08300803
v -0.06399508 -0.18419896 -0.06711294
v -0.06398548 -0.18436144 -0.04730390
v -0.06396253 -0.18383515 -0.00738246
v -0.06384037 -0.18390787 0.01061121
v -0.06354621 -0.18377730 0.03152995
v -0.06342685 -0.18353140 0.06032170
v -0.06312488 -0.17978071 0.09200001
v -0.06333250 -0.17006995 0.13234860
v -0.06405148 -0.16478859 -0.13456641
v -0.06402408 -0.17953031 -0.09060274
v -0.06417874 -0.17942412 -0.07543803
v -0.06415479 -0.17952579 -0.04600539
v -0.06408824 -0.17934941 -0.02190927
v -0.06411986 -0.17952481 -0.00649160
v -0.06396610 -0.17933846 0.01105071
v -0.06359962 -0.17763390 0.03514075
v -0.06353733 -0.17770310 0.04847550
v -0.06342529 -0.17768036 0.05944166
v -0.06348416 -0.17995614 0.07286447
v -0.06356505 -0.17791404 0.07565083
v -0.06338021 -0.17803648 0.08533098
v -0.06329772 -0.17771256 0.08850838
v -0.06405148 -0.16478859 -0.13456641
v -0.06393029 -0.17228749 -0.12871861
v -0.06320404 -0.17101094 0.11756277
v -0.06342922 -0.17356995 0.13483936
v -0.08853027 -0.17752275 -0.09754299
v -0.07929906 -0.17748643 -0.09661636
v -0.09209320 -0.17758344 -0.09042678
v -0.08535655 -0.17755869 0.08204766
v -0.07759622 -0.17762364 0.08811271
v -0.08819157 -0.17769462 0.08866940
v -0.10531999 -0.17763604 -0.09759193
v -0.10588953 -0.17781067 0.08201779
v -0.10484916 -0.17773129 0.06608935
v -0.10938367 -0.17796659 0.08849370
v -0.09783077 -0.17759854 -0.07856768
v -0.11827281 -0.17775978 -0.09629424
v -0.11695680 -0.17787953 0.06673225
v -0.13424209 -0.17816973 0.08868553
v -0.12335691 -0.17778188 -0.07521706
v -0.11980027 -0.17772111 -0.06400388
v -0.10888563 -0.17774342 0.04824011
v -0.13180786 -0.17801756 0.07978156
v -0.13749731 -0.17784722 -0.08275738
v -0.12694722 -0.17789322 0.04506295
v -0.13386959 -0.17803140 0.08941191
v -0.13976714 -0.17789333 -0.09642221
v -0.14295906 -0.17783056 -0.09741451
v -0.12044790 -0.17772822 -0.04914763
v -0.11524881 -0.17772736 -0.02794269
v -0.13547373 -0.17783353 -0.03525312
v -0.12126899 -0.17780256 0.00897077
v -0.13568124 -0.17799336 0.06418764
v -0.14964940 -0.17784618 -0.05532620
v -0.13657971 -0.17787358 0.00887300
v -0.14693505 -0.17791511 0.03651492
v -0.14747915 -0.17786928 -0.06866062
v -0.16308118 -0.17788026 -0.03286377
v -0.15135442 -0.17788121 0.00113257
v -0.16209073 -0.17798387 0.05804492
v -0.17273098 -0.17803389 0.07538891
v -0.18045238 -0.17806949 0.08204611
v -0.16845950 -0.17789961 -0.07601926
v -0.15835010 -0.17787610 -0.08482754
v -0.17678076 -0.17789888 -0.09337379
v -0.18604118 -0.17802738 0.08934760
v -0.18398812 -0.17802753 0.06657951
v -0.21039060 -0.17789508 -0.09624863
v -0.17154679 -0.17791256 0.02191497
v -0.18575740 -0.17796902 0.05105816
v -0.18893275 -0.17790207 -0.06692909
v -0.18828049 -0.17788096 -0.08649296
v -0.18414791 -0.17791487 -0.01705394
v -0.19328320 -0.17817831 0.08861543
v -0.18153158 -0.17788675 -0.05450537
v -0.18741244 -0.17793281 0.00797400
v -0.21435963 -0.17777282 -0.09747890
v -0.19868308 -0.17791452 0.02405872
v -0.20190749 -0.17791970 0.03658383
v -0.19979461 -0.17791411 -0.04697723
v -0.21613014 -0.17793415 -0.07338496
v -0.20944098 -0.17794855 -0.02453649
v -0.21939538 -0.17796662 -0.00105638
v -0.21707925 -0.17794511 0.01817736
v -0.21488485 -0.17804867 0.07055996
v -0.22782141 -0.17793322 -0.08335211
v -0.24342178 -0.17798582 -0.06070597
v -0.22893800 -0.17797680 -0.04363333
v -0.22918309 -0.17795846 0.02902984
v -0.22155130 -0.17796946 0.04741140
v -0.22442341 -0.17822729 0.08857216
v -0.23298547 -0.17813797 0.08096913
v -0.24821791 -0.17801705 -0.00842998
v -0.24103177 -0.17812620 0.07319731
v -0.27171814 -0.17825775 0.08915903
v -0.25335959 -0.17801602 -0.07388885
v -0.25072491 -0.17791641 -0.09746109
v -0.24830325 -0.17809154 0.05506248
v -0.26061413 -0.17804472 -0.09638439
v -0.24084371 -0.17802289 0.04186417
v -0.26321205 -0.17800310 -0.08789147
v -0.26020175 -0.17803292 0.01969425
v -0.26271096 -0.17826022 0.08401360
v -0.25426704 -0.17802531 -0.03965825
v -0.26422200 -0.17818710 0.07541336
v -0.27531946 -0.17803358 -0.05242731
v -0.27606285 -0.17840317 0.08850637
v -0.26526970 -0.17813388 0.05614157
v -0.27628189 -0.17804514 -0.02658115
v -0.29283082 -0.17831817 0.08602209
v -0.29209617 -0.17804405 -0.00188069
v -0.29175177 -0.17803733 0.03527236
v -0.27844235 -0.17818066 0.06723895
v -0.29495218 -0.17823578 0.07984219
v -0.30977324 -0.17808703 -0.09638238
v -0.29519895 -0.17805448 -0.07470606
v -0.28566334 -0.17808641 0.04645564
v -0.30532879 -0.17810985 0.05595627
v -0.34550253 -0.17796879 -0.09752709
v -0.31238061 -0.17801848 0.02332973
v -0.30839133 -0.17803948 -0.06013894
v -0.31517255 -0.17804188 -0.02584243
v -0.31201556 -0.17817669 0.06882537
v -0.32408550 -0.17804101 -0.08643003
v -0.32566509 -0.17821661 0.07930718
v -0.33520943 -0.17804684 -0.07114048
v -0.32510549 -0.17803718 0.01068857
v -0.32287842 -0.17801552 0.03828482
v -0.34901324 -0.17836533 0.08857486
v -0.35265231 -0.17805971 -0.09648496
v -0.34328619 -0.17802887 -0.04338474
v -0.34119755 -0.17801341 0.02601261
v -0.34311229 -0.17806323 0.05166452
v -0.34032607 -0.17804505 -0.01118569
v -0.35196236 -0.17824081 0.08920808
v -0.36392319 -0.17807247 0.06315565
v -0.35856012 -0.17799406 -0.05918053
v -0.35916269 -0.17801271 0.01257290
v -0.36582154 -0.17799573 0.04287980
v -0.36445934 -0.17799479 -0.08651806
v -0.37120867 -0.17798302 -0.07183494
v -0.36705545 -0.17801285 -0.01055898
v -0.36033913 -0.17818458 0.08095902
v -0.36956406 -0.17811826 0.07548175
v -0.37493989 -0.17796861 -0.04446931
v -0.38514319 -0.17824413 0.08878963
v -0.37887686 -0.17786831 -0.09749132
v -0.37946996 -0.17798498 -0.09642404
v -0.38373458 -0.17810027 0.08966692
v -0.39357591 -0.17797819 -0.02775978
v -0.38769880 -0.17797013 -0.08656996
v -0.39256972 -0.17797290 0.01833294
v -0.38289595 -0.17795937 0.04238242
v -0.38413733 -0.17798415 0.05438393
v -0.39219904 -0.17805959 0.06646366
v -0.39232916 -0.17812485 0.07985751
v -0.39463696 -0.17796509 -0.06690785
v -0.42039222 -0.17797105 -0.05688204
v -0.40826607 -0.17798823 0.00125474
v -0.41141090 -0.17799078 -0.08287725
v -0.41374564 -0.17796898 0.03221644
v -0.40860349 -0.17800678 0.05514613
v -0.41733134 -0.17816548 0.08192678
v -0.42305672 -0.17827930 0.08877645
v -0.43317923 -0.17790885 -0.09750901
v -0.43405405 -0.17801312 -0.09647383
v -0.44764805 -0.17800979 -0.07574002
v -0.44388855 -0.17799452 -0.02924357
v -0.43503773 -0.17799117 -0.00526096
v -0.43684697 -0.17807177 0.06702163
v -0.43460315 -0.17814624 0.08972323
v -0.43265378 -0.17798242 0.04547178
v -0.44708169 -0.17795961 0.02454340
v -0.44705880 -0.17798539 -0.08711106
v -0.47546557 -0.17818354 0.08203107
v -0.47083426 -0.17799132 0.01811193
v -0.46427840 -0.17812386 0.07537166
v -0.48674530 -0.17823686 0.08603093
v -0.47339731 -0.17800499 -0.06369244
v -0.46056715 -0.17796895 0.04288583
v -0.47605494 -0.17801519 -0.04381494
v -0.48639613 -0.17803721 -0.01741843
v -0.47775310 -0.17804360 0.05721517
v -0.47891581 -0.17800231 -0.09653990
v -0.49042371 -0.17801173 -0.08503812
v -0.51704264 -0.17786488 -0.09749524
v -0.49370801 -0.17816442 0.08998625
v -0.48145807 -0.17800058 0.03486041
v -0.50373971 -0.17806089 -0.07453254
v -0.49670854 -0.17803735 0.00000486
v -0.49667588 -0.17815173 0.07083138
v -0.49889946 -0.17806217 0.02070706
v -0.49490547 -0.17806786 0.04135880
v -0.51888597 -0.17797348 -0.09630775
v -0.50524372 -0.17831022 0.08900380
v -0.50273240 -0.17803726 -0.04378021
v -0.51149881 -0.17814338 0.05593272
v -0.52326149 -0.17807426 -0.06074662
v -0.52039099 -0.17805757 -0.05013556
v -0.52305955 -0.17807591 -0.02550621
v -0.51778460 -0.17825755 0.08402759
v -0.52481860 -0.17822403 0.07804518
v -0.52900541 -0.17808548 0.00079077
v -0.52412832 -0.17812827 0.03417370
v -0.52613795 -0.17819096 0.06533538
v -0.53465939 -0.17810075 -0.06712192
v -0.53831631 -0.17819928 0.06458499
v -0.53999668 -0.17826429 0.09018165
v -0.54137814 -0.17835806 0.08907163
v -0.54264200 -0.17828001 0.08625296
v -0.54417551 -0.17806284 -0.09637077
v -0.54254860 -0.17805670 -0.08610997
v -0.54411030 -0.17809610 -0.07232028
v -0.54087371 -0.17809434 -0.02943171
v -0.54145253 -0.17813773 0.02189073
v -0.54576266 -0.17817473 0.07571711
v -0.55474043 -0.17801675 -0.09736648
v -0.54908091 -0.17807600 -0.04132751
v -0.54888928 -0.17809483 0.01472105
v -0.55441988 -0.17834885 0.09037915
v -0.55668193 -0.17796808 -0.09091789
v -0.55534673 -0.17805108 -0.07298229
v -0.55264068 -0.17810667 0.04780930
v -0.55325657 -0.17805426 0.06941112
v -0.55528820 -0.17804416 0.08040550
v -0.55665660 -0.17810459 0.08396639
v -0.55670565 -0.17782313 -0.09756324
v -0.55691385 -0.17824657 0.09031257
v -0.06411989 -0.17753634 -0.09650119
v -0.06410967 -0.17572989 -0.10238449
v -0.06409954 -0.17777736 -0.09241769
v -0.06411989 -0.17753634 -0.09650119
v -0.06409954 -0.17777736 -0.09241769
v -0.06495932 -0.17730203 -0.09580281
v -0.06504722 -0.17750074 -0.09234190
v -0.06436874 -0.17749147 -0.07876326
v -0.06436874 -0.17749147 -0.07876326
v -0.06517854 -0.17728809 -0.06992692
v -0.06437762 -0.17747118 -0.05407508
v -0.06437762 -0.17747118 -0.05407508
v -0.06509580 -0.17737764 -0.04329227
v -0.06422272 -0.17747900 -0.02252977
v -0.06422272 -0.17747900 -0.02252977
v -0.06510596 -0.17735471 -0.00557228
v -0.06425364 -0.17748442 0.00110720
v -0.06425364 -0.17748442 0.00110720
v -0.06359962 -0.17763390 0.03514075
v -0.06467897 -0.17759638 0.04416943
v -0.06353733 -0.17770310 0.04847550
v -0.06305888 -0.17472675 0.09636936
v -0.06420067 -0.15728822 -0.13260472
v -0.06781605 -0.17741117 -0.09641658
v -0.06813607 -0.17735128 -0.05150943
v -0.06797968 -0.17731410 -0.00538581
v -0.06841758 -0.17752865 0.03529841
v -0.06840959 -0.17756018 0.06154460
v -0.06342529 -0.17768036 0.05944166
v -0.06464364 -0.17761241 0.06982016
v -0.06356505 -0.17791404 0.07565083
v -0.06813775 -0.17750244 0.08605686
v -0.06459534 -0.17758571 0.08586535
v -0.06338021 -0.17803648 0.08533098
v -0.06329772 -0.17771256 0.08850838
v -0.06430878 -0.17737596 0.08825742
v -0.06814089 -0.17739727 0.08844000
v -0.06915516 -0.17733140 -0.09752649
v -0.07252826 -0.17754193 -0.09651986
v -0.07422468 -0.17738092 -0.09760638
v -0.07541536 -0.17746116 -0.08347282
v -0.07413614 -0.17747810 0.01959050
v -0.07903564 -0.17743881 -0.00254031
v -0.07981321 -0.17754076 0.03293060
v -0.07961491 -0.17754667 0.05720142
v -0.07500063 -0.17749861 0.08534510
v -0.08093254 -0.17742085 -0.07039420
v -0.09017825 -0.17749792 -0.06149390
v -0.09182045 -0.17751949 -0.04916392
v -0.06920458 -0.17727725 0.08876452
v -0.08304062 -0.17751993 0.08880417
v -0.08736268 -0.17750938 -0.01020588
v -0.09679756 -0.17759778 -0.01907691
v -0.09633929 -0.17762744 0.02771078
v -0.09117389 -0.17758217 0.05284752
v -0.10531999 -0.17763604 -0.09759193
v -0.14295906 -0.17783056 -0.09741451
v -0.13244551 -0.17752996 -0.09748406
v -0.18556824 -0.17742296 -0.09746512
v -0.21435963 -0.17777282 -0.09747890
v -0.25072491 -0.17791641 -0.09746109
v -0.24405681 -0.17750074 -0.09756318
v -0.28450841 -0.17752202 -0.09758803
v -0.34550253 -0.17796879 -0.09752709
v -0.31076401 -0.17754669 -0.09757689
v -0.35542679 -0.17757022 -0.09765172
v -0.37887686 -0.17786831 -0.09749132
v -0.39182293 -0.17739019 -0.09760273
v -0.43317923 -0.17790885 -0.09750901
v -0.43060422 -0.17745575 -0.09761599
v -0.46487847 -0.17753255 -0.09768283
v -0.51704264 -0.17786488 -0.09749524
v -0.49413145 -0.17746478 -0.09766999
v -0.52951795 -0.17740642 -0.09758507
v -0.55474043 -0.17801675 -0.09736648
v -0.55025589 -0.17746516 -0.09754334
v -0.55670565 -0.17782313 -0.09756324
v -0.55530310 -0.17805395 -0.04377151
v -0.55531979 -0.17803536 0.01120245
v -0.55527341 -0.17811593 0.04574161
v -0.55610836 -0.17805472 -0.07838479
v -0.55674577 -0.17765711 -0.07644449
v -0.55668193 -0.17796808 -0.09091789
v -0.55674577 -0.17765711 -0.07644449
v -0.55687392 -0.17758889 -0.09645499
v -0.55676872 -0.17766546 -0.04271881
v -0.55675900 -0.17765811 0.01724291
v -0.55674344 -0.17765473 0.07450044
v -0.55676150 -0.17779237 0.08262439
v -0.55670565 -0.17782313 -0.09756324
v -0.55665660 -0.17810459 0.08396639
v -0.55691385 -0.17824657 0.09031257
v -0.55676150 -0.17779237 0.08262439
v -0.06411989 -0.17753634 -0.09650119
v -0.06495932 -0.17730203 -0.09580281
v -0.06482755 -0.17509758 -0.09683424
v -0.06422164 -0.17385568 -0.09882552
v -0.06482755 -0.17509758 -0.09683424
v -0.06309246 -0.17483248 0.08881398
v -0.06404705 -0.16663101 -0.11534159
v -0.06781605 -0.17741117 -0.09641658
v -0.06678250 -0.17517987 -0.09683045
v -0.07422468 -0.17738092 -0.09760638
v -0.08853027 -0.17752275 -0.09754299
v -0.07792285 -0.17510766 -0.09749509
v -0.55513215 -0.17504524 -0.09763831
v -0.55696291 -0.17402354 -0.09656733
v -0.55687243 -0.17522614 -0.09280853
v -0.55679417 -0.17512529 -0.06465724
v -0.55676872 -0.17766546 -0.04271881
v -0.55683857 -0.17531002 -0.04081147
v -0.55682302 -0.17545202 0.00612206
v -0.55675900 -0.17765811 0.01724291
v -0.55674344 -0.17765473 0.07450044
v -0.55682182 -0.17535140 0.07460103
v -0.55688143 -0.17523588 0.08608092
v -0.55699420 -0.17513251 0.08912368
v -0.06430624 -0.16773050 -0.10430677
v -0.06508663 -0.17043751 -0.09663321
v -0.06508663 -0.17043751 -0.09663321
v -0.06776093 -0.16594481 -0.09632337
v -0.06915516 -0.17733140 -0.09752649
v -0.06944354 -0.17019027 -0.09736857
v -0.07012577 -0.16430958 -0.09730580
v -0.08033016 -0.17054176 -0.09746785
v -0.10834718 -0.16684143 -0.09746729
v -0.17675759 -0.16565330 -0.09739292
v -0.25940406 -0.16340119 -0.09750032
v -0.30286402 -0.16578701 -0.09752263
v -0.34271985 -0.16270182 -0.09752748
v -0.40515769 -0.15656632 -0.09753133
v -0.45772070 -0.16268469 -0.09755922
v -0.51935935 -0.16640881 -0.09758580
v -0.53300744 -0.15952879 -0.09757500
v -0.54827201 -0.16422802 -0.09756959
v -0.55683243 -0.17084886 -0.09347767
v -0.55672288 -0.16540678 0.00330920
v -0.55679584 -0.17086314 0.04444072
v -0.55678189 -0.17024563 0.07557671
v -0.55683851 -0.16824879 0.08621046
v -0.04239511 -0.14994164 -0.13455388
v -0.04428437 -0.15284781 -0.13459116
v -0.06296243 -0.16280134 0.09553927
v -0.06411773 -0.15407816 -0.12896241
v -0.06475702 -0.16245900 -0.09848922
v -0.06526364 -0.16617319 -0.09614323
v -0.06526364 -0.16617319 -0.09614323
v -0.06314594 -0.15789390 0.11347832
v -0.12314190 -0.16139086 -0.09739807
v -0.55677938 -0.15709993 -0.07426473
v -0.55675757 -0.16494578 -0.05455483
v -0.55673647 -0.16431570 -0.02064139
v -0.55676228 -0.16427179 0.04310354
v -0.55694497 -0.16075285 0.08915034
v -0.55681330 -0.15866686 0.09030870
v -0.06319629 -0.16153350 0.08883971
v -0.06304377 -0.16104952 0.09048496
v -0.06446631 -0.15934916 -0.10428028
v -0.06533301 -0.15841721 -0.09608729
v -0.06568596 -0.16508029 -0.09482090
v -0.06570177 -0.16022521 -0.09492945
v -0.06831248 -0.16250522 -0.09644684
v -0.06941430 -0.15540576 -0.09730527
v -0.07928756 -0.15752098 -0.09746794
v -0.08467723 -0.16268787 -0.08794130
v -0.08290681 -0.16259125 -0.08583231
v -0.08184442 -0.16193487 -0.08818191
v -0.08703259 -0.16232298 -0.08373891
v -0.08396630 -0.16242303 -0.08188106
v -0.12243515 -0.16256432 -0.08087539
v -0.15324360 -0.16278654 -0.08114919
v -0.12116717 -0.16237997 -0.07335062
v -0.15452352 -0.16256377 -0.07063320
v -0.18475354 -0.16289775 -0.08159842
v -0.19036987 -0.16253889 -0.06611589
v -0.23516831 -0.16287379 -0.07426098
v -0.25526410 -0.16319747 -0.08169571
v -0.24376349 -0.16275579 -0.06526154
v -0.27179578 -0.16294537 -0.06778578
v -0.27824470 -0.16322924 -0.08135980
v -0.29181916 -0.16304879 -0.07320687
v -0.32058802 -0.16288048 -0.06542212
v -0.36117977 -0.16298983 -0.07349512
v -0.37583128 -0.16291526 -0.06768245
v -0.36924887 -0.15422688 -0.09751458
v -0.41633192 -0.16294105 -0.06812692
v -0.40496096 -0.16283710 -0.05628942
v -0.36422017 -0.16281375 -0.05814473
v -0.44828624 -0.16286193 -0.06727730
v -0.44160903 -0.16282527 -0.05974167
v -0.49418914 -0.15636468 -0.09756915
v -0.49127841 -0.16275971 -0.06976254
v -0.51688141 -0.16270851 -0.07625929
v -0.50893044 -0.16264309 -0.06565695
v -0.53035700 -0.16270967 -0.06893405
v -0.54019469 -0.16253069 -0.06886342
v -0.54198146 -0.16255710 -0.07042909
v -0.54265440 -0.16228653 -0.06924296
v -0.55686051 -0.16145763 -0.09347199
v -0.06412296 -0.15283997 -0.11968111
v -0.06420521 -0.15148316 -0.11317276
v -0.06533301 -0.15841721 -0.09608729
v -0.06570177 -0.16022521 -0.09492945
v -0.06726402 -0.15872039 -0.09608220
v -0.08184442 -0.16193487 -0.08818191
v -0.08163819 -0.15956642 -0.08581408
v -0.08174691 -0.15946814 -0.08826095
v -0.08194625 -0.16201197 -0.08145688
v -0.08193684 -0.15963455 -0.07972948
v -0.08217259 -0.15954472 -0.06704178
v -0.08224277 -0.16193639 -0.06526469
v -0.08211657 -0.16174541 -0.04082408
v -0.08198155 -0.15923083 -0.03124769
v -0.08193456 -0.16173187 -0.00866058
v -0.08192493 -0.15961024 0.00458796
v -0.08213395 -0.16160427 0.03116073
v -0.08204797 -0.15948743 0.02390488
v -0.08205095 -0.15948170 0.05493174
v -0.08210391 -0.16152048 0.05544141
v -0.08225164 -0.16151823 0.07006941
v -0.08224188 -0.16157685 0.08437435
v -0.08238204 -0.15615383 0.08185917
v -0.08368948 -0.16181445 0.08584981
v -0.08274798 -0.15957354 0.08699271
v -0.10248880 -0.14918050 -0.09743053
v -0.08403468 -0.16226692 0.08830802
v -0.08296597 -0.15942223 0.08818914
v -0.10493399 -0.16169152 0.08641660
v -0.11327426 -0.16172932 0.08595638
v -0.10626817 -0.16158944 0.08802895
v -0.11264826 -0.16173941 0.08830383
v -0.18413481 -0.15660594 -0.09735875
v -0.21976508 -0.15605281 -0.09736415
v -0.24993673 -0.15186633 -0.09743147
v -0.30935049 -0.15668492 -0.09747333
v -0.43361199 -0.15663874 -0.09750947
v -0.54303175 -0.15933956 -0.06543990
v -0.54309481 -0.16166259 -0.06367958
v -0.54322612 -0.15932246 -0.07048789
v -0.54308367 -0.15937905 -0.04959392
v -0.54309857 -0.16151726 -0.03423350
v -0.54303181 -0.15962811 -0.03291222
v -0.54254138 -0.16190691 -0.03306825
v -0.54301083 -0.15965039 0.05553860
v -0.54314029 -0.15902703 0.07278998
v -0.54310936 -0.16160630 0.05745386
v -0.54321808 -0.16160212 0.07509833
v -0.54270101 -0.16195267 0.07746566
v -0.54321873 -0.15994965 0.07679812
v -0.55651224 -0.14955215 -0.09767756
v -0.55651224 -0.14955215 -0.09767756
v -0.55673784 -0.15017644 -0.04968398
v -0.55670846 -0.15154676 -0.01933807
v -0.55669069 -0.14957501 0.00395723
v -0.55673122 -0.14411660 0.02867114
v -0.55678248 -0.15462767 0.06078862
v -0.55679810 -0.15175956 0.07809246
v -0.55688643 -0.15080909 0.08627339
v -0.06276505 -0.14885372 0.09036592
v -0.06286228 -0.14963807 0.08900037
v -0.06283130 -0.15318598 0.09450869
v -0.06529440 -0.15293397 -0.09655273
v -0.06529440 -0.15293397 -0.09655273
v -0.06734130 -0.15387347 -0.09648502
v -0.06317668 -0.13301444 0.11998884
v -0.06340311 -0.11815135 0.13485180
v -0.07266572 -0.14643051 -0.09744632
v -0.08170982 -0.15377411 -0.08592533
v -0.08201502 -0.15542307 -0.08016349
v -0.08218159 -0.15609895 -0.06634550
v -0.08199942 -0.15511212 -0.02317540
v -0.08202848 -0.15444849 0.00666539
v -0.08210400 -0.15522699 0.02170176
v -0.08213228 -0.15421763 0.05194146
v -0.08218940 -0.15477070 0.05968414
v -0.08254857 -0.15459216 0.08613035
v -0.08236593 -0.15049845 0.08253229
v -0.13563928 -0.14399271 -0.09736231
v -0.44843173 -0.14667781 -0.09750663
v -0.51265180 -0.15087348 -0.09756064
v -0.54577827 -0.13890283 -0.09754623
v -0.54333174 -0.15126574 -0.07227614
v -0.55684710 -0.14313775 -0.09655567
v -0.55680954 -0.14440860 -0.09295495
v -0.05850054 -0.14105836 -0.13450867
v -0.06276628 -0.14528680 0.09352995
v -0.06481549 -0.14309128 -0.09844969
v -0.06308943 -0.13086231 0.11186028
v -0.08200322 -0.14249292 -0.04669906
v -0.08191803 -0.13766479 -0.06693165
v -0.08192952 -0.13945389 -0.01324003
v -0.08221591 -0.14275461 0.06870800
v -0.09010932 -0.14471617 -0.09750034
v -0.08232501 -0.14783961 0.08606824
v -0.08251026 -0.14873402 0.08831158
v -0.18954802 -0.14389606 -0.09735839
v -0.21412414 -0.14386635 -0.09735146
v -0.23331349 -0.14370665 -0.09738395
v -0.28689095 -0.14479986 -0.09744520
v -0.31123796 -0.14089213 -0.09743986
v -0.34473288 -0.14509189 -0.09746587
v -0.55472088 -0.12728579 -0.09763013
v -0.55680716 -0.14285375 -0.08260755
v -0.55676198 -0.14130844 0.06910853
v -0.06420639 -0.12228380 -0.13452663
v -0.06708713 -0.14247130 -0.09662127
v -0.08166988 -0.12903690 -0.09756431
v -0.08160499 -0.13691619 -0.08819339
v -0.08186819 -0.13923612 -0.07416644
v -0.08201906 -0.13774548 0.01685955
v -0.08207127 -0.13475007 0.04146783
v -0.08228412 -0.14010742 0.07883790
v -0.36313894 -0.13098650 -0.09749871
v -0.50592434 -0.13591871 -0.09754495
v -0.53055501 -0.12896030 -0.09757587
v -0.54052126 -0.13664392 -0.09754124
v -0.06445178 -0.13608786 -0.10678061
v -0.06325682 -0.11587164 0.12839378
v -0.06909110 -0.13210616 -0.09724686
v -0.08152710 -0.13566633 -0.08588748
v -0.08172399 -0.13674478 -0.08152513
v -0.08193612 -0.13590895 -0.03251069
v -0.08256975 -0.12791154 0.08827832
v -0.09343603 -0.12186975 -0.09747557
v -0.40336376 -0.13383479 -0.09751502
v -0.55679965 -0.12316194 -0.07055618
v -0.55676043 -0.12866232 -0.04732032
v -0.55671966 -0.12167174 -0.01821203
v -0.55671060 -0.12980311 -0.00068586
v -0.55676341 -0.12361672 0.06288853
v -0.55684161 -0.12390397 0.08188267
v -0.55695647 -0.12978460 0.08904892
v -0.04221147 -0.14179114 -0.03285494
v -0.04426292 -0.14097825 -0.03345178
v -0.04217952 -0.13899016 -0.03204481
v -0.04426488 -0.13900223 -0.03263726
v -0.04618910 -0.14103992 -0.04298425
v -0.04390472 -0.14141257 -0.04070361
v -0.04239157 -0.14087228 -0.04270475
v -0.04618910 -0.14103992 -0.04298425
v -0.04239157 -0.14087228 -0.04270475
v -0.04393423 -0.13956377 -0.04320787
v -0.04843828 -0.14089751 -0.03346057
v -0.04846409 -0.13859554 -0.03265480
v -0.05259815 -0.14074177 -0.03381825
v -0.05253565 -0.13826370 -0.03330248
v -0.04986459 -0.12277777 -0.13453755
v -0.05495515 -0.14045019 -0.03426991
v -0.05474460 -0.13832635 -0.03421486
v -0.06288604 -0.12601604 0.08902135
v -0.06294313 -0.11920547 0.10286744
v -0.06542906 -0.11992399 -0.09662424
v -0.06542906 -0.11992399 -0.09662424
v -0.08208823 -0.13061424 0.05864342
v -0.16063093 -0.13573606 -0.09735778
v -0.18999510 -0.12012898 -0.09738916
v -0.27766833 -0.12659806 -0.09744196
v -0.32825610 -0.13209394 -0.09745634
v -0.42430580 -0.12795897 -0.09751925
v -0.45717877 -0.12612568 -0.09751330
v -0.49368820 -0.11260246 -0.09756275
v -0.55676472 -0.14469559 0.09037529
v -0.04166013 -0.11519961 0.00943760
v -0.04171866 -0.14711410 0.01205219
v -0.04180327 -0.13021222 -0.00184641
v -0.04226536 -0.13590254 -0.04410056
v -0.04222816 -0.13507345 -0.04000261
v -0.04432636 -0.13703835 -0.04287500
v -0.04429272 -0.13548279 -0.03994074
v -0.04220784 -0.13471304 -0.03581615
v -0.04426783 -0.13473278 -0.03569962
v -0.04426524 -0.13619612 -0.03303571
v -0.04218391 -0.13565515 -0.03262521
v -0.04218391 -0.13565515 -0.03262521
v -0.04426524 -0.13619612 -0.03303571
v -0.04834920 -0.13533172 -0.04002230
v -0.04835552 -0.13714434 -0.04252195
v -0.04840383 -0.13389476 -0.03589553
v -0.04847190 -0.13536575 -0.03312423
v -0.04847190 -0.13536575 -0.03312423
v -0.05091083 -0.13790795 -0.04221068
v -0.05199075 -0.13686079 -0.04015834
v -0.05237082 -0.13525753 -0.03642868
v -0.05247208 -0.13568924 -0.03379474
v -0.05247208 -0.13568924 -0.03379474
v -0.05414329 -0.13739832 -0.03908234
v -0.05428694 -0.13653374 -0.03434917
v -0.05428694 -0.13653374 -0.03434917
v -0.06433491 -0.12368353 -0.13266565
v -0.06418720 -0.12359290 -0.12804693
v -0.06433628 -0.11775769 -0.11102791
v -0.08188631 -0.12490150 -0.05803750
v -0.08187404 -0.12343922 -0.01547800
v -0.08241346 -0.12073849 0.08588839
v -0.10851163 -0.11935467 -0.09743747
v -0.12274085 -0.12314681 -0.09741913
v -0.15249845 -0.12638547 -0.09738004
v -0.21878609 -0.12367456 -0.09737733
v -0.55656993 -0.12068287 -0.09762743
v -0.55656993 -0.12068287 -0.09762743
v -0.04433909 -0.11753419 -0.13460170
v -0.06421590 -0.10803389 -0.11751163
v -0.08192649 -0.12697423 -0.04203346
v -0.08202405 -0.12337767 0.02689312
v -0.08219533 -0.10972405 0.07002763
v -0.55674696 -0.11249239 0.04126815
v -0.55680251 -0.09776577 0.07636175
v -0.06281479 -0.11655452 0.09061147
v -0.06497528 -0.11669287 -0.09834642
v -0.06647719 -0.10830099 -0.09670001
v -0.07921416 -0.10609549 -0.09750110
v -0.08161196 -0.10971238 -0.08820591
v -0.24182811 -0.10397943 -0.09741312
v -0.39497885 -0.11356501 -0.09753175
v -0.54529691 -0.10164224 -0.09761969
v -0.55687523 -0.10407088 -0.09331739
v -0.55673885 -0.11604013 0.01896782
v -0.55688059 -0.11403441 0.08601245
v -0.04239511 -0.10218682 -0.13455704
v -0.06420639 -0.12228380 -0.13452663
v -0.06281805 -0.11353828 0.09478261
v -0.06319353 -0.10324984 0.12343310
v -0.07311249 -0.10402399 -0.09739906
v -0.08192714 -0.11093905 0.00306357
v -0.08205733 -0.11464041 0.04446797
v -0.08206347 -0.10713632 0.05467829
v -0.43906951 -0.10632109 -0.09753568
v -0.51144558 -0.11144529 -0.09757281
v -0.55106211 -0.10329161 -0.09766421
v -0.55691594 -0.11729839 -0.09656422
v -0.55677772 -0.10540550 -0.04095914
v -0.05804719 -0.08005274 -0.13448448
v -0.08147421 -0.10812902 -0.08574868
v -0.08187416 -0.11264078 -0.04283496
v -0.08187202 -0.10740482 -0.02273621
v -0.08200492 -0.10126298 0.01733732
v -0.14796573 -0.10499529 -0.09740791
v -0.33604538 -0.10708583 -0.09749419
v -0.47280401 -0.10113215 -0.09753001
v -0.55687582 -0.10670989 -0.08708659
v -0.55689919 -0.10351983 0.09028284
v -0.06862718 -0.10486341 -0.09716451
v -0.08161822 -0.10890781 -0.08142561
v -0.08180878 -0.10703673 -0.06400310
v -0.08206135 -0.10898142 0.03150380
v -0.30184999 -0.10714642 -0.09747612
v -0.06280050 -0.09859850 0.08863485
v -0.06464767 -0.10466561 -0.10389207
v -0.06529205 -0.10664023 -0.09668046
v -0.06529205 -0.10664023 -0.09668046
v -0.06322795 -0.08716399 0.13484801
v -0.53752542 -0.10096032 -0.09762426
v -0.55673265 -0.08605828 0.00403894
v -0.06400995 -0.09294336 -0.13453729
v -0.06424269 -0.09951996 -0.13262673
v -0.06481300 -0.10663163 -0.09834494
v -0.08187705 -0.08647675 -0.04114281
v -0.08233194 -0.09944285 0.08564804
v -0.08249225 -0.10382155 0.08814245
v -0.13480045 -0.09293925 -0.09741499
v -0.19781277 -0.09866946 -0.09738793
v -0.38559788 -0.09498676 -0.09752947
v -0.51899809 -0.08119216 -0.09762616
v -0.55686367 -0.09351846 -0.07738972
v -0.06463167 -0.09995870 -0.09703183
v -0.06467924 -0.09994657 -0.10363080
v -0.06268166 -0.09034271 0.09025471
v -0.06307647 -0.09046028 0.11163168
v -0.06463167 -0.09995870 -0.09703183
v -0.06507929 -0.10025147 -0.09683751
v -0.08610517 -0.08927282 -0.09751050
v -0.08207524 -0.09325489 0.04313184
v -0.09968176 -0.08702616 -0.09745876
v -0.55496454 -0.09267022 -0.09780536
v -0.55674684 -0.08894224 -0.02144047
v -0.55675972 -0.09351095 0.05618154
v -0.04239041 -0.06063772 -0.13457124
v -0.06400995 -0.09294336 -0.13453729
v -0.06414598 -0.06816300 -0.12883660
v -0.08165772 -0.06473923 -0.08181970
v -0.08185248 -0.08813494 -0.05699678
v -0.27136093 -0.08853903 -0.09747509
v -0.31107792 -0.09085230 -0.09748231
v -0.55661082 -0.08417436 -0.09778490
v -0.55661082 -0.08417436 -0.09778490
v -0.55682021 -0.08596360 -0.05834522
v -0.55675650 -0.07985858 0.03083427
v -0.07325962 -0.08806253 -0.09745269
v -0.06839494 -0.08992014 -0.09723990
v -0.08177781 -0.07727475 -0.07024767
v -0.08206286 -0.08345028 0.02644075
v -0.08218624 -0.08369236 0.07041161
v -0.11166377 -0.07717516 -0.09745539
v -0.45002913 -0.08057868 -0.09754800
v -0.48619521 -0.08168129 -0.09757197
v -0.55701125 -0.07199412 0.08905025
v -0.05093488 -0.07651394 -0.13451165
v -0.06461583 -0.07958304 -0.09721987
v -0.06279260 -0.07942552 0.09725012
v -0.06439057 -0.06599953 -0.11025190
v -0.06424324 -0.06698149 -0.11680052
v -0.06466271 -0.06738644 -0.10363093
v -0.06461583 -0.07958304 -0.09721987
v -0.06617196 -0.08585186 -0.09692892
v -0.08191210 -0.07266688 -0.00788199
v -0.08187094 -0.07318225 -0.02626334
v -0.08228071 -0.07095648 0.08572595
v -0.13259873 -0.07482798 -0.09744510
v -0.16604672 -0.07575335 -0.09740686
v -0.20344120 -0.07128876 -0.09741636
v -0.24522081 -0.08066740 -0.09745316
v -0.43156877 -0.07558041 -0.09758319
v -0.40622130 -0.07546144 -0.09758005
v -0.55679333 -0.08304884 -0.03691255
v -0.06396988 -0.06437565 -0.13451344
v -0.06423441 -0.06772577 -0.13258490
v -0.06318192 -0.08390275 0.13211608
v -0.08207379 -0.06487160 0.03679362
v -0.08208850 -0.06871276 0.05955327
v -0.08240823 -0.05563188 0.08811222
v -0.45709068 -0.05706257 -0.09757815
v -0.53595042 -0.07445832 -0.09765361
v -0.55035675 -0.05439526 -0.09773108
v -0.55692476 -0.06974376 -0.09663506
v -0.55691266 -0.07235239 0.08596964
v -0.06315519 -0.07977698 0.12222309
v -0.08205661 -0.06048993 0.04987448
v -0.33653533 -0.06641879 -0.09752699
v -0.54524052 -0.05571093 -0.09765736
v -0.54324210 -0.11165030 -0.07324150
v -0.54326737 -0.06575947 -0.07530625
v -0.54320389 -0.06768923 -0.07239044
v -0.55687743 -0.07244521 -0.08421107
v -0.55682981 -0.06779537 -0.07022097
v -0.06529687 -0.06089680 -0.09695962
v -0.06843483 -0.05152026 -0.09723053
v -0.08163463 -0.06140788 -0.08821550
v -0.28451008 -0.06732848 -0.09750840
v -0.38182473 -0.06399836 -0.09758168
v -0.55686700 -0.05903080 -0.09343375
v -0.55678248 -0.06541213 0.06478821
v -0.55685180 -0.05210890 0.09016177
v -0.06268197 -0.06828140 0.08857600
v -0.06287503 -0.05635533 0.10024036
v -0.06305484 -0.04319643 0.10815819
v -0.06396988 -0.06437565 -0.13451344
v -0.06316322 -0.04478823 0.11755843
v -0.06321788 -0.05392005 0.12668818
v -0.08181038 -0.06627206 -0.06419562
v -0.08198255 -0.06093429 0.00932870
v -0.08219214 -0.06236594 0.07432056
v -0.24894422 -0.06188874 -0.09748502
v -0.55493450 -0.05517325 -0.09784827
v -0.55678082 -0.04844009 0.04325108
v -0.04129007 -0.09016665 0.03906114
v -0.04120958 -0.06837703 0.02995902
v -0.04114494 -0.06207243 0.04760614
v -0.06258406 -0.05194721 0.09070769
v -0.06627075 -0.05858808 -0.09692518
v -0.07944973 -0.04209917 -0.09748176
v -0.08854122 -0.06382837 -0.09750614
v -0.08185716 -0.05804800 -0.04829876
v -0.48851129 -0.05701501 -0.09760059
v -0.55681348 -0.03859370 -0.04503490
v -0.03044093 -0.06721083 0.00573264
v -0.03405687 -0.06765110 0.00774259
v -0.03458700 -0.06758779 0.00477829
v -0.03951705 -0.06892394 0.00750004
v -0.03974748 -0.06818864 0.00381621
v -0.03898236 -0.06818252 0.01017095
v -0.04144171 -0.06974012 0.00738769
v -0.04175293 -0.06895322 0.00202950
v -0.04126504 -0.06881527 0.01039407
v -0.06466623 -0.06548522 -0.09747767
v -0.06466623 -0.06548522 -0.09747767
v -0.06331925 -0.04958891 0.13485365
v -0.08153614 -0.06229598 -0.08582628
v -0.55683470 -0.05660513 0.07974131
v -0.00733459 -0.06231755 0.00204585
v -0.00943422 -0.06368510 0.00334361
v -0.00921097 -0.06294002 -0.00213956
v -0.00729856 -0.06234453 0.00834352
v -0.00950089 -0.06380773 0.00663770
v -0.00938341 -0.06325283 0.00867479
v -0.01303288 -0.06441581 -0.00037801
v -0.01302353 -0.06384351 -0.00237083
v -0.01305106 -0.06472940 0.00326800
v -0.01307404 -0.06473049 0.00674365
v -0.01306862 -0.06405722 0.00893332
v -0.01694083 -0.06409932 -0.00234245
v -0.01694667 -0.06478097 -0.00043520
v -0.01698044 -0.06529070 0.00331893
v -0.01942074 -0.06561749 0.00718515
v -0.01788419 -0.06451384 0.00932009
v -0.02276874 -0.06402411 -0.00226096
v -0.02091092 -0.06493483 -0.00046705
v -0.02470133 -0.06625509 0.00341357
v -0.02478686 -0.06481110 -0.00077130
v -0.02539426 -0.06629499 0.00743200
v -0.02548230 -0.06496812 0.00983772
v -0.02918935 -0.06668187 0.00365445
v -0.02943519 -0.06510118 -0.00045715
v -0.02927473 -0.06680771 0.00772975
v -0.02967176 -0.06526444 0.01009573
v -0.03469795 -0.06658904 0.00200000
v -0.03489119 -0.06484572 -0.00103639
v -0.03163400 -0.06706449 0.00912092
v -0.03163400 -0.06706449 0.00912092
v -0.02967176 -0.06526444 0.01009573
v -0.03423858 -0.06586006 0.01040122
v -0.03997642 -0.06620116 0.00054086
v -0.04009181 -0.06426407 -0.00199767
v -0.04190707 -0.06647772 -0.00047582
v -0.04186547 -0.06524945 -0.00324515
v -0.04970267 -0.05442004 -0.13448994
v -0.07320003 -0.04309401 -0.09742813
v -0.21898064 -0.03413165 -0.09747311
v -0.27113861 -0.04970633 -0.09750376
v -0.53130865 -0.05439426 -0.09765524
v -0.55681312 -0.04714267 -0.06083155
v -0.55679429 -0.03171631 -0.02924928
v -0.55677211 -0.04594219 0.00904176
v -0.00560516 -0.05960888 0.00659796
v -0.00465786 -0.05787419 0.00805664
v -0.00622302 -0.05997092 0.00867125
v -0.00732997 -0.06201534 -0.00165394
v -0.00657120 -0.05999223 -0.00237383
v -0.00732997 -0.06201534 -0.00165394
v -0.00886840 -0.06140840 -0.00276605
v -0.00921097 -0.06294002 -0.00213956
v -0.01302353 -0.06384351 -0.00237083
v -0.01303938 -0.06174371 -0.00330235
v -0.01694083 -0.06409932 -0.00234245
v -0.01808694 -0.06195465 -0.00314957
v -0.02276874 -0.06402411 -0.00226096
v -0.02497733 -0.06156218 -0.00279285
v -0.02478686 -0.06481110 -0.00077130
v -0.02616176 -0.06285446 -0.00230401
v -0.02943519 -0.06510118 -0.00045715
v -0.02963611 -0.06141590 -0.00249170
v -0.02829212 -0.05936671 -0.00300593
v -0.03489119 -0.06484572 -0.00103639
v -0.03519860 -0.06111980 -0.00214821
v -0.04009181 -0.06426407 -0.00199767
v -0.04021218 -0.06076879 -0.00205420
v -0.04186547 -0.06524945 -0.00324515
v -0.04191190 -0.06083951 -0.00344728
v -0.06486529 -0.05848129 -0.09853533
v -0.06263576 -0.05557210 0.08877861
v -0.06529687 -0.06089680 -0.09695962
v -0.08166894 -0.04740833 -0.07388327
v -0.08183633 -0.03484086 -0.02570531
v -0.08202419 -0.04601656 0.02061880
v -0.08226176 -0.04326633 0.08584197
v -0.11195606 -0.05242272 -0.09746364
v -0.17714332 -0.04204132 -0.09745236
v -0.43151394 -0.03955038 -0.09760430
v -0.55656743 -0.04415471 -0.09774909
v -0.55656743 -0.04415471 -0.09774909
v -0.00428206 -0.05684775 0.00346688
v -0.00585777 -0.05714120 -0.00278054
v -0.00909567 -0.05781871 -0.00380180
v -0.01317313 -0.05783745 -0.00380645
v -0.01719016 -0.05757308 -0.00364887
v -0.02144045 -0.05672081 -0.00332682
v -0.02553129 -0.05811932 -0.00311155
v -0.03039271 -0.05648704 -0.00152911
v -0.03547892 -0.05693214 -0.00134772
v -0.03907907 -0.05735253 -0.00139069
v -0.04172814 -0.05870930 -0.00122360
v -0.03907907 -0.05735253 -0.00139069
v -0.04172814 -0.05870930 -0.00122360
v -0.04023731 -0.05576079 0.00142587
v -0.04198346 -0.05551352 0.00037064
v -0.06455342 -0.02657717 -0.12886012
v -0.06457800 -0.03311234 -0.11769018
v -0.06491837 -0.05039341 -0.10189252
v -0.08168194 -0.03324433 -0.06827223
v -0.08204366 -0.02963098 0.05454934
v -0.08211079 -0.03309198 0.06494457
v -0.12999538 -0.03963279 -0.09746315
v -0.14659879 -0.03745765 -0.09746085
v -0.33729878 -0.04232304 -0.09751818
v -0.36487481 -0.04786446 -0.09755711
v -0.55687106 -0.03334672 -0.08707768
v -0.55685437 -0.04923408 0.08609951
v -0.55694395 -0.04982999 0.08904135
v -0.00356933 -0.05253806 0.00065303
v -0.00415635 -0.05601156 -0.00000348
v -0.00388607 -0.05307979 -0.00109521
v -0.00905985 -0.05373955 -0.00396301
v -0.00557917 -0.05343487 -0.00293689
v -0.01355401 -0.05368810 -0.00374413
v -0.01770863 -0.05340132 -0.00334691
v -0.02027234 -0.05306192 -0.00300502
v -0.02310133 -0.05445780 -0.00288618
v -0.02027234 -0.05306192 -0.00300502
v -0.02310133 -0.05445780 -0.00288618
v -0.02137196 -0.05269337 -0.00183999
v -0.02575022 -0.05538574 -0.00236733
v -0.02594796 -0.05355525 -0.00073600
v -0.02594796 -0.05355525 -0.00073600
v -0.02961218 -0.05373036 -0.00008640
v -0.03248379 -0.05390059 0.00039823
v -0.02961218 -0.05373036 -0.00008640
v -0.03248379 -0.05390059 0.00039823
v -0.03104067 -0.05344451 0.00260909
v -0.03560248 -0.05458853 0.00133371
v -0.03568381 -0.05355916 0.00440522
v -0.04012448 -0.05351380 0.00527315
v -0.03893504 -0.05406215 0.00859631
v -0.03602961 -0.05617850 0.01055524
v -0.03466016 -0.05467286 0.00993569
v -0.03893504 -0.05406215 0.00859631
v -0.03466016 -0.05467286 0.00993569
v -0.03612027 -0.05389467 0.00747805
v -0.04012448 -0.05351380 0.00527315
v -0.04198346 -0.05551352 0.00037064
v -0.04173589 -0.05248793 0.00261490
v -0.04225543 -0.05777678 -0.13456994
v -0.05783796 -0.02439398 -0.13436472
v -0.06434762 -0.02461398 -0.13441405
v -0.06434762 -0.02461398 -0.13441405
v -0.08562192 -0.03846704 -0.09746741
v -0.08142284 -0.03826777 -0.08572629
v -0.08149818 -0.03328202 -0.08177797
v -0.08181357 -0.02654856 -0.03818867
v -0.09772705 -0.04101815 -0.09743477
v -0.51290339 -0.03796406 -0.09758930
v -0.55684662 -0.01824387 -0.07617363
v -0.55680072 -0.02753456 0.06628253
v -0.00403896 -0.04971086 0.00006752
v -0.00589606 -0.04898118 -0.00278352
v -0.01827541 -0.05012314 -0.00301299
v -0.01535329 -0.05217781 0.00905928
v -0.01353368 -0.05372405 0.00972931
v -0.01286125 -0.04940069 0.00960082
v -0.01531771 -0.04979256 0.00873223
v -0.01961830 -0.05150216 -0.00279549
v -0.01961830 -0.05150216 -0.00279549
v -0.01898831 -0.05182882 0.00294044
v -0.01845640 -0.04969050 0.00301060
v -0.01920599 -0.05003183 -0.00161998
v -0.01751786 -0.05247108 0.00783823
v -0.01680958 -0.04986151 0.00707845
v -0.01961830 -0.05150216 -0.00279549
v -0.04213673 -0.04385148 -0.13450800
v -0.04208425 -0.03120761 -0.12425439
v -0.04226053 -0.06333614 -0.13236418
v -0.06468284 -0.04162534 -0.11101074
v -0.08179778 -0.03609275 -0.05294994
v -0.08194752 -0.03683550 0.00388426
v -0.38637394 -0.03670372 -0.09757924
v -0.53220868 -0.02929961 -0.09761126
v -0.54341513 -0.04074794 -0.07497488
v -0.54336411 -0.03632230 -0.07035190
v -0.55692405 -0.01433327 -0.09657791
v -0.55684793 -0.02510258 0.07978220
v -0.00909317 -0.04580558 -0.00361249
v -0.01420254 -0.04421793 -0.00339380
v -0.01778445 -0.04482018 -0.00289284
v -0.01920599 -0.05003183 -0.00161998
v -0.01902997 -0.04570274 -0.00121562
v -0.01902997 -0.04570274 -0.00121562
v -0.01884583 -0.04568960 0.00308729
v -0.01704144 -0.04577916 0.00701678
v -0.06272934 -0.02864522 0.09086603
v -0.06528383 -0.03097830 -0.09832698
v -0.06547168 -0.03780720 -0.09671281
v -0.06547168 -0.03780720 -0.09671281
v -0.06669459 -0.03384656 -0.09667674
v -0.08205587 -0.02699787 0.04207601
v -0.08235870 -0.03453656 0.08851694
v -0.25615758 -0.02019515 -0.09749524
v -0.31626305 -0.02786123 -0.09751005
v -0.40680575 -0.02140560 -0.09757988
v -0.55472702 -0.03473103 -0.09774582
v -0.00605866 -0.03697861 -0.00258235
v -0.00907812 -0.03305439 -0.00343091
v -0.01515859 -0.03965314 0.00863358
v -0.01277262 -0.03417303 0.00930875
v -0.01911327 -0.04132224 -0.00103988
v -0.01911327 -0.04132224 -0.00103988
v -0.01927310 -0.04058242 0.00329141
v -0.01722699 -0.04138114 0.00705188
v -0.06275997 -0.03815110 0.08932155
v -0.06462604 -0.02501435 -0.13253988
v -0.06518674 -0.03448552 -0.10273415
v -0.06326279 0.00889545 0.12453128
v -0.06887731 -0.03493868 -0.09723526
v -0.11237007 -0.02203242 -0.09742411
v -0.49519488 -0.01987056 -0.09756608
v -0.55687660 0.00094190 -0.09342562
v -0.55690765 -0.01043825 0.09020646
v -0.01901126 -0.03567897 -0.00075779
v -0.01901126 -0.03567897 -0.00075779
v -0.01720288 -0.03329522 0.00710420
v -0.06325072 -0.00992613 0.12886763
v -0.08223979 -0.03055838 0.08586474
v -0.35106149 -0.02121060 -0.09752157
v -0.55682135 -0.00910666 -0.05921469
v -0.01399353 -0.03181921 -0.00317420
v -0.01734263 -0.02747253 -0.00260016
v -0.01928362 -0.02869939 0.00355222
v -0.04962176 -0.02540072 -0.13440904
v -0.04213673 -0.04385148 -0.13450800
v -0.06277077 -0.02351063 0.09422857
v -0.06291126 -0.01746080 0.09866595
v -0.08170009 -0.01004069 -0.06281550
v -0.09159061 -0.01534793 -0.09742142
v -0.47181547 -0.00244956 -0.09757251
v -0.00358424 -0.04727421 0.00493803
v -0.00377685 -0.04586555 0.00279916
v -0.00367275 -0.00330499 0.00469654
v -0.06282112 -0.02658862 0.08950378
v -0.06482868 -0.02410740 -0.11130185
v -0.06524698 -0.02484918 -0.10291232
v -0.08188584 -0.00592787 -0.00952595
v -0.16569400 -0.00577648 -0.09747872
v -0.55681026 -0.00282899 0.04988907
v -0.00379890 -0.00879036 0.00270833
v -0.00604823 -0.01619337 -0.00254428
v -0.01367655 -0.01084403 -0.00309823
v -0.01255581 -0.01357279 0.00916662
v -0.01467207 -0.01716674 0.00858044
v -0.01886159 -0.01926089 -0.00060935
v -0.01886159 -0.01926089 -0.00060935
v -0.04433554 0.01452813 -0.13448325
v -0.06463183 -0.02310396 -0.11738419
v -0.06546848 0.00775347 -0.09674919
v -0.06546848 0.00775347 -0.09674919
v -0.08141652 -0.00302744 -0.08578803
v -0.08196595 -0.01705023 0.01071221
v -0.08222663 -0.00965544 0.08005197
v -0.10020140 0.00423492 -0.09739879
v -0.51832139 -0.01278759 -0.09755972
v -0.54475373 -0.01077809 -0.09761520
v -0.55679053 -0.00655781 -0.02066220
v -0.55680954 -0.00506537 0.01947720
v -0.00906232 -0.01145107 -0.00335560
v -0.01674473 -0.00840572 0.00706831
v -0.07331987 0.00251469 -0.09745918
v -0.06878997 0.00816881 -0.09727207
v -0.08156389 -0.00179886 -0.08824795
v -0.43113950 0.00798188 -0.09757185
v -0.55095148 0.00474886 -0.09765887
v -0.55679154 0.00166322 0.00429711
v -0.06302561 0.01774577 0.10402134
v -0.06312209 0.01815308 0.10949735
v -0.06670962 0.00851705 -0.09673303
v -0.08176498 0.01183956 -0.05174029
v -0.08217397 -0.00276118 0.07339980
v -0.12494904 0.00532016 -0.09746450
v -0.55678016 0.01597076 -0.00728293
v -0.55684304 0.00633753 0.07456142
v -0.05063120 0.02183671 -0.13444149
v -0.06276962 0.00217515 0.09050429
v -0.06288421 0.00111187 0.08958641
v -0.06458348 -0.00727182 -0.13254139
v -0.06452851 -0.00048587 -0.12859580
v -0.06518297 -0.00709738 -0.10226458
v -0.06520650 -0.00761539 -0.09852122
v -0.06320837 0.01666955 0.11755323
v -0.19488645 0.00448197 -0.09748242
v -0.53084147 -0.00016182 -0.09759822
v -0.55704027 0.02001015 0.08906658
v -0.00598142 -0.00153000 -0.00258396
v -0.01689717 -0.00369770 -0.00261719
v -0.01891267 0.00038829 0.00337685
v -0.04203603 0.00487448 -0.13451567
v -0.06275769 0.00428405 0.09444045
v -0.06461230 0.01653446 -0.11979153
v -0.06483090 -0.00420566 -0.11066893
v -0.06329899 0.00425544 0.13485108
v -0.08158848 0.00616927 -0.07369964
v -0.08224666 0.02128715 0.08547676
v -0.26362896 0.00536532 -0.09749319
v -0.29356650 0.00670273 -0.09749668
v -0.31259042 -0.00615025 -0.09752205
v -0.38560486 0.02142961 -0.09753659
v -0.55478573 0.02227888 -0.09773155
v -0.55689096 0.03734444 -0.08668437
v -0.55693376 0.01131437 0.08605057
v -0.01477790 0.00245399 0.00852574
v -0.01271182 0.00236821 0.00912013
v -0.01861602 -0.00073432 -0.00071019
v -0.01861602 -0.00073432 -0.00071019
v -0.06469972 0.01956380 -0.11548318
v -0.08183599 0.00982396 -0.02244930
v -0.08204183 0.00056985 0.03649156
v -0.08198191 0.00713115 0.01719858
v -0.08206519 0.01729039 0.06197973
v -0.08236228 0.02170608 0.08867376
v -0.33634323 0.00469942 -0.09751337
v -0.35356453 0.02091343 -0.09749994
v -0.55657518 0.02165614 -0.09770291
v -0.55657518 0.02165614 -0.09770291
v -0.55682600 0.00818206 -0.04086277
v -0.01371375 0.00780972 -0.00313861
v -0.06503476 0.01346845 -0.10710369
v -0.08792058 0.00989417 -0.09742068
v -0.08202526 0.01961351 0.04083207
v -0.22870946 0.01215515 -0.09748648
v -0.00384954 0.02072159 0.00302807
v -0.01699156 0.01351696 -0.00269924
v -0.04096797 -0.00947311 0.03634225
v -0.04093423 0.01305772 0.01673293
v -0.04095218 0.01570613 0.02893764
v -0.06290725 0.01958875 0.09870790
v -0.06440032 0.02341882 -0.13444772
v -0.50212294 0.00464394 -0.09755383
v -0.52232027 0.01426659 -0.09759740
v -0.54141223 0.01819081 -0.09764589
v -0.55682218 0.01128038 0.03764309
v -0.00910684 0.01787291 -0.00334678
v -0.06462336 0.01872064 -0.13260978
v -0.06483741 0.01853959 -0.11093269
v -0.06522644 0.01836796 -0.09835158
v -0.07979929 0.02555419 -0.09736741
v -0.08132736 0.00028200 -0.08777620
v -0.08136921 0.01429016 -0.08584131
v -0.08130790 0.01269273 -0.08781230
v -0.08149663 0.01617421 -0.08054798
v -0.11075106 0.01947535 -0.09742504
v -0.01863062 0.02049766 -0.00073595
v -0.01863062 0.02049766 -0.00073595
v -0.06516966 0.02029032 -0.10193277
v -0.07336847 0.02596743 -0.09729581
v -0.47998357 0.02129228 -0.09758072
v -0.55683243 0.03388030 -0.06452131
v -0.55681163 0.03161729 0.01635355
v -0.01258910 0.02884037 0.00894392
v -0.01462698 0.02913941 0.00843441
v -0.01674891 0.02297411 0.00696850
v -0.05780208 0.03663735 -0.13442010
v -0.06272578 0.01647202 0.09080157
v -0.06450836 0.02732507 -0.12851092
v -0.08155356 0.01436047 -0.08826140
v -0.08183071 0.02413453 -0.02985650
v -0.13797563 0.03479232 -0.09749825
v -0.16940689 0.02862952 -0.09748696
v -0.55686200 0.03180851 -0.07602686
v -0.01891977 0.02428199 0.00348467
v -0.06547493 0.02550400 -0.09645078
v -0.06547493 0.02550400 -0.09645078
v -0.06709203 0.02553139 -0.09645516
v -0.06439537 0.02193416 0.08974035
v -0.06324168 0.01211695 0.08965497
v -0.06376822 0.01769594 0.08968781
v -0.06333493 0.06263901 0.12840517
v -0.06922550 0.02498252 -0.09711888
v -0.08201993 0.03232552 0.05255778
v -0.26289475 0.03932236 -0.09748843
v -0.55680716 0.03233935 -0.02964798
v -0.00593886 0.04658131 -0.00259926
v -0.01389462 0.04245720 -0.00309120
v -0.06440032 0.02341882 -0.13444772
v -0.06271078 0.02206967 0.09085014
v -0.08194551 0.04239483 0.00972242
v -0.08540933 0.03620965 -0.09737365
v -0.31487247 0.02786667 -0.09747656
v -0.44912297 0.04313372 -0.09756929
v -0.54534256 0.04075755 -0.09763924
v -0.55696309 0.04107795 -0.09656811
v -0.55683750 0.04964043 0.05488290
v -0.55688453 0.04668830 0.07977778
v -0.00368494 0.04696245 0.00461449
v -0.01729521 0.03808300 -0.00260894
v -0.08147994 0.03601150 -0.08586799
v -0.08166072 0.03041134 -0.06946097
v -0.21647641 0.04179294 -0.09746272
v -0.52503943 0.03793217 -0.09762424
v -0.01888362 0.04489986 -0.00059658
v -0.01888362 0.04489986 -0.00059658
v -0.06437083 0.05740957 -0.11905351
v -0.08182129 0.03441317 -0.04228078
v -0.08225687 0.03345666 0.08595993
v -0.49911135 0.04278601 -0.09758325
v -0.55684674 0.06127537 0.06908309
v -0.55689299 0.05860562 0.09027718
v -0.00378278 0.04451908 0.00286386
v -0.01685292 0.04130049 0.00717787
v -0.29945955 0.04491646 -0.09749322
v -0.33334053 0.05254627 -0.09748834
v -0.36571515 0.05027176 -0.09751402
v -0.42416561 0.05703367 -0.09755251
v -0.54338026 0.04536654 -0.05890157
v -0.54345101 -0.00061101 -0.07194768
v -0.54338944 0.05153666 -0.07129462
v -0.55683804 0.05785347 -0.05338981
v -0.55682921 0.05626814 0.03159492
v -0.01255572 0.04317535 0.00906996
v -0.06270474 0.06135802 0.09406313
v -0.06439307 0.05934690 -0.13253872
v -0.06341513 0.05937187 0.13484403
v -0.06914391 0.06442935 -0.09714986
v -0.08169803 0.04315824 -0.06428252
v -0.08157668 0.05681409 -0.07592987
v -0.08178528 0.05169882 -0.04941072
v -0.08181894 0.05233214 -0.03125582
v -0.08187748 0.05413569 -0.00722646
v -0.08213946 0.05005900 0.07543592
v -0.09722888 0.05661173 -0.09739017
v -0.47492924 0.05497394 -0.09756224
v -0.53757685 0.05042339 -0.09763938
v -0.55661166 0.05755873 -0.09764959
v -0.55661166 0.05755873 -0.09764959
v -0.55689627 0.06592525 0.08633885
v -0.00910825 0.04708092 -0.00341242
v -0.01462832 0.04354526 0.00873793
v -0.01920441 0.04423467 0.00359042
v -0.04202691 0.07269294 -0.13455889
v -0.06412193 0.06197907 -0.13448209
v -0.06289946 0.05890225 0.09868933
v -0.06431422 0.05986322 -0.12842572
v -0.06535113 0.05732508 -0.09653178
v -0.06535113 0.05732508 -0.09653178
v -0.07287224 0.06723208 -0.09729850
v -0.08156733 0.06773416 -0.08827034
v -0.08195466 0.06322641 0.01742964
v -0.08200181 0.05395682 0.04135221
v -0.08199713 0.06323484 0.05787909
v -0.08235702 0.05829902 0.08883166
v -0.11709997 0.05392201 -0.09746852
v -0.18848397 0.06257243 -0.09747609
v -0.55679870 0.05629007 -0.01715736
v -0.06412193 0.06197907 -0.13448209
v -0.06450269 0.05723844 -0.11266038
v -0.08146951 0.06906838 -0.08583497
v -0.23272705 0.06710059 -0.09746447
v -0.51394397 0.07645971 -0.09754877
v -0.55474043 0.05826230 -0.09768271
v -0.01767838 0.05648402 -0.00281459
v -0.01484683 0.05455149 0.00900177
v -0.06491601 0.06948207 -0.09849735
v -0.13536221 0.05988164 -0.09750342
v -0.40207267 0.06868506 -0.09753770
v -0.00907657 0.05837263 -0.00362794
v -0.00586978 0.05679787 -0.00273674
v -0.01283804 0.05464948 0.00919855
v -0.01916915 0.05698661 -0.00073497
v -0.01916915 0.05698661 -0.00073497
v -0.01957858 0.05756600 0.00352114
v -0.01710042 0.05725105 0.00740871
v -0.06315815 0.05974502 0.11000688
v -0.06487320 0.06685788 -0.10215710
v -0.06706600 0.06220074 -0.09651876
v -0.07795134 0.08629767 -0.09733783
v -0.08387497 0.07018707 -0.09736567
v -0.08195689 0.07926971 0.02904008
v -0.08183804 0.03879685 0.08967458
v -0.07934898 0.04460050 0.08981749
v -0.08213556 0.07501233 0.08972129
v -0.16360450 0.05484022 -0.09750093
v -0.28684232 0.06528155 -0.09749698
v -0.52575409 0.07869966 -0.09759240
v -0.55690670 0.08005721 -0.09342353
v -0.55699003 0.06742442 0.08902809
v -0.00380918 0.06085108 0.00333354
v -0.01393443 0.05854620 -0.00332405
v -0.04160455 0.07338089 -0.05246048
v -0.04158616 0.05685593 -0.03767622
v -0.04174989 0.05295933 -0.05685210
v -0.06267542 0.06878916 0.09092142
v -0.08163098 0.07379008 -0.06776284
v -0.08219996 0.07074583 0.08540042
v -0.49833530 0.07133860 -0.09753866
v -0.54451019 0.06822047 -0.09762806
v -0.55686760 0.06909407 -0.07216675
v -0.55681324 0.07446278 0.01104690
v -0.01293212 0.06453762 0.00914050
v -0.01475784 0.07039381 0.00890902
v -0.01891568 0.06542055 -0.00077859
v -0.01891568 0.06542055 -0.00077859
v -0.01694715 0.06456620 0.00740558
v -0.05481318 0.06846068 -0.13445151
v -0.06334355 0.06953294 0.12156104
v -0.37501442 0.07890744 -0.09751301
v -0.53528237 0.08464456 -0.09763553
v -0.55683625 0.07401109 -0.03293554
v -0.55691290 0.07472051 0.08197485
v -0.00355762 0.07052106 0.00463774
v -0.00365090 0.07270307 0.00212085
v -0.00569019 0.07059360 -0.00277448
v -0.01382375 0.07278997 -0.00345846
v -0.01753742 0.06971196 -0.00294594
v -0.01906598 0.06905932 0.00350272
v -0.06356081 0.09730620 -0.13440551
v -0.06421003 0.07086668 -0.11752432
v -0.06437331 0.07214976 -0.11107238
v -0.06531090 0.07356865 -0.09641908
v -0.06531090 0.07356865 -0.09641908
v -0.45030534 0.07582224 -0.09754231
v -0.55013102 0.09270794 -0.09770499
v -0.00909549 0.07370923 -0.00363257
v -0.01915750 0.07255880 -0.00102531
v -0.01915750 0.07255880 -0.00102531
v -0.01690322 0.07056943 0.00740109
v -0.06338236 0.09852827 0.10780472
v -0.06372970 0.09528253 -0.13257936
v -0.08174230 0.08564193 -0.05306515
v -0.08179133 0.08661763 -0.03655098
v -0.08195806 0.08054075 0.04758663
v -0.12477234 0.08578701 -0.09745188
v -0.14979962 0.07696147 -0.09747646
v -0.25831237 0.07584465 -0.09747057
v -0.55691171 0.08950473 -0.08547320
v -0.55683672 0.08776809 -0.00220903
v -0.00206605 0.07396884 0.00673218
v -0.00037560 0.07504863 0.00767329
v -0.00186977 0.07498816 0.00802461
v -0.00315097 0.07432044 -0.00191825
v -0.00368872 0.07311330 -0.00051277
v -0.00501475 0.07355506 -0.00257758
v -0.00278807 0.07350988 0.00362557
v -0.00414100 0.07312287 0.00738405
v -0.00532097 0.07414288 0.00855568
v -0.00501475 0.07355506 -0.00257758
v -0.01804537 0.07412056 -0.00300794
v -0.01252922 0.07435609 0.00924862
v -0.01450866 0.07440195 0.00894542
v -0.01968256 0.07531307 -0.00279607
v -0.01968256 0.07531307 -0.00279607
v -0.01987121 0.07469229 -0.00117202
v -0.01917708 0.07303656 0.00323349
v -0.01966298 0.07484362 0.00315663
v -0.01743668 0.07441259 0.00724380
v -0.01930737 0.07562725 0.00618302
v -0.04435793 0.09912354 -0.13446826
v -0.08186203 0.08370275 -0.00249203
v -0.10278997 0.08333180 -0.09739256
v -0.46845335 0.08451421 -0.09752420
v -0.54336870 0.06811792 -0.05656761
v -0.54343963 0.09942282 -0.07006229
v -0.55696774 0.08807416 -0.09661885
v -0.55687284 0.08860142 -0.04775437
v -0.00027484 0.07712848 -0.00189392
v -0.00155398 0.07556308 -0.00061408
v -0.00204518 0.07600341 -0.00223111
v -0.00022116 0.07682229 0.00309415
v -0.00109357 0.07524983 0.00322463
v -0.00009871 0.07612846 0.00806236
v -0.00037560 0.07504863 0.00767329
v -0.00315097 0.07432044 -0.00191825
v -0.00519699 0.07588486 -0.00318950
v -0.00204518 0.07600341 -0.00223111
v -0.00913516 0.07625345 -0.00376488
v -0.01353282 0.07673947 -0.00373685
v -0.01763698 0.07704768 -0.00346392
v -0.01353404 0.07672773 0.00933486
v -0.01704657 0.07916135 0.00949982
v -0.01707393 0.07723934 0.00851751
v -0.02094135 0.07718722 -0.00311877
v -0.02089551 0.07980786 0.00947788
v -0.01707393 0.07723934 0.00851751
v -0.02089551 0.07980786 0.00947788
v -0.02068296 0.07776425 0.00747391
v -0.01968256 0.07531307 -0.00279607
v -0.01987121 0.07469229 -0.00117202
v -0.02159294 0.07651398 -0.00120566
v -0.02094135 0.07718722 -0.00311877
v -0.02405891 0.07809690 -0.00300804
v -0.02556357 0.07795561 -0.00121555
v -0.01966298 0.07484362 0.00315663
v -0.02144876 0.07661412 0.00312131
v -0.02529556 0.07785932 0.00311309
v -0.01930737 0.07562725 0.00618302
v -0.02474666 0.07911203 0.00764425
v -0.02285770 0.07999883 0.00947845
v -0.02833810 0.07860062 -0.00024961
v -0.02872655 0.07874105 0.00302415
v -0.02841026 0.07913116 0.00638857
v -0.05091307 0.09065685 -0.13442174
v -0.05814274 0.09594340 -0.13437253
v -0.06298569 0.09977073 0.09436165
v -0.06314041 0.09931151 0.09844744
v -0.06377606 0.08740098 -0.12825646
v -0.06404059 0.08439190 -0.11232560
v -0.06440413 0.08342368 -0.10259202
v -0.06372035 0.09977118 0.13482668
v -0.08150829 0.08483387 -0.07951792
v -0.08225018 0.09465957 0.08895759
v -0.18798882 0.09369934 -0.09746101
v -0.31133121 0.08584405 -0.09747928
v -0.43152636 0.09526855 -0.09753685
v -0.55498600 0.08774046 -0.09780245
v -0.55662566 0.09661717 -0.09779428
v -0.55662566 0.09661717 -0.09779428
v -0.00027484 0.07712848 -0.00189392
v -0.00151256 0.08013294 -0.00247862
v -0.00519374 0.08050210 -0.00358549
v -0.00914660 0.08070428 -0.00390284
v -0.01336622 0.08083222 -0.00399707
v -0.01976717 0.08091388 -0.00394983
v -0.02405891 0.07809690 -0.00300804
v -0.02550328 0.08061764 -0.00338160
v -0.02731809 0.07885186 -0.00228078
v -0.02731809 0.07885186 -0.00228078
v -0.03064895 0.08026347 -0.00177114
v -0.02927700 0.08176599 -0.00330770
v -0.03064895 0.08026347 -0.00177114
v -0.02592292 0.08011345 0.00881122
v -0.02592292 0.08011345 0.00881122
v -0.02285770 0.07999883 0.00947845
v -0.02465004 0.08183373 0.00984235
v -0.02995148 0.08259360 0.00992541
v -0.02995148 0.08259360 0.00992541
v -0.03021207 0.08007539 0.00758778
v -0.03156763 0.07918752 0.00287312
v -0.03454387 0.08138592 -0.00145503
v -0.03615922 0.08090610 0.00240400
v -0.03572011 0.08141569 0.00752875
v -0.03547892 0.08302701 0.00980148
v -0.03996783 0.08216221 0.00735718
v -0.04023415 0.08128480 0.00198604
v -0.03998676 0.08334307 0.00968472
v -0.04137486 0.08106599 -0.00314672
v -0.04023415 0.08128480 0.00198604
v -0.04143709 0.07962901 0.00182642
v -0.03996783 0.08216221 0.00735718
v -0.04148915 0.08068318 0.00709933
v -0.03998676 0.08334307 0.00968472
v -0.04144078 0.08205230 0.01017458
v -0.06356081 0.09730620 -0.13440551
v -0.06377037 0.09143580 -0.11950493
v -0.06424965 0.09172890 -0.09828189
v -0.06741121 0.08367894 -0.09637325
v -0.06955731 0.08675433 -0.09703301
v -0.08148786 0.09732340 -0.08827226
v -0.08199874 0.09005136 0.06585273
v -0.55684018 0.09471596 0.04881144
v -0.55688012 0.09050728 0.07516586
v -0.55701184 0.09335170 0.09020053
v -0.00520152 0.08587349 -0.00326575
v -0.00192603 0.08576358 -0.00247047
v -0.01101232 0.08589003 -0.00373393
v -0.02054787 0.08583141 -0.00400022
v -0.02520594 0.08575971 -0.00387977
v -0.03048930 0.08509386 -0.00367567
v -0.03280863 0.08288882 -0.00333175
v -0.03454387 0.08138592 -0.00145503
v -0.03565592 0.08463360 -0.00256415
v -0.03306907 0.08645783 -0.00376667
v -0.03797233 0.08270619 0.00000541
v -0.03797233 0.08270619 0.00000541
v -0.03937799 0.08262480 -0.00007236
v -0.04014793 0.08464447 -0.00313392
v -0.03937799 0.08262480 -0.00007236
v -0.06505996 0.08719466 -0.09626652
v -0.06505996 0.08719466 -0.09626652
v -0.06357035 0.09688023 0.12984671
v -0.07296552 0.08838368 -0.09723807
v -0.08139984 0.08908043 -0.08578027
v -0.08182508 0.10317890 -0.01554869
v -0.08187604 0.10384203 0.01070980
v -0.08192861 0.09374232 0.05476373
v -0.08210486 0.09826092 0.08534090
v -0.14670761 0.09254894 -0.09745221
v -0.25829327 0.08686949 -0.09745010
v -0.35441440 0.10135592 -0.09749459
v -0.00043911 0.08796877 0.00065420
v -0.00049725 0.08560307 -0.00112945
v -0.00161162 0.08836509 -0.00040995
v -0.00249839 0.08839539 -0.00228049
v -0.00916544 0.08895744 -0.00270807
v -0.01693830 0.08935154 -0.00294764
v -0.02184644 0.08974639 -0.00293423
v -0.02962890 0.08990175 -0.00333128
v -0.03267273 0.08928693 -0.00367748
v -0.03484410 0.09034667 -0.00309680
v -0.04065776 0.09064014 -0.00317793
v -0.06292818 0.10236958 0.09096690
v -0.06420207 0.09310425 -0.10313590
v -0.06391211 0.09396414 -0.11241024
v -0.06349704 0.09769172 0.12106054
v -0.08163121 0.10038213 -0.06982873
v -0.09259981 0.09903518 -0.09740088
v -0.21806456 0.10354856 -0.09745774
v -0.40269303 0.10594810 -0.09751636
v -0.45485526 0.11064646 -0.09751175
v -0.50332415 0.09806219 -0.09750433
v -0.48096633 0.10087473 -0.09751046
v -0.54368913 0.11444706 -0.09767562
v -0.55692339 0.10472069 -0.07055637
v -0.02127588 0.09149960 -0.00037117
v -0.02529496 0.09163255 -0.00184286
v -0.02550459 0.09259338 -0.00014568
v -0.02952361 0.09183038 -0.00260057
v -0.02975622 0.09331075 -0.00096777
v -0.02952361 0.09183038 -0.00260057
v -0.03508577 0.09372569 -0.00178008
v -0.03508577 0.09372569 -0.00178008
v -0.03944477 0.09316821 -0.00193318
v -0.04204184 0.09168897 -0.00155132
v -0.04025263 0.09397969 -0.00146288
v -0.04111728 0.09365100 -0.00332147
v -0.04025263 0.09397969 -0.00146288
v -0.04204184 0.09168897 -0.00155132
v -0.06734328 0.09776200 -0.09643856
v -0.26949421 0.11211825 -0.09745144
v -0.30901664 0.10540936 -0.09747399
v -0.55694604 0.10216183 -0.08251860
v -0.55699396 0.10393772 0.08609048
v -0.03028098 0.09491385 0.00244587
v -0.03521875 0.09554050 -0.00031486
v -0.03192508 0.09572370 0.00351978
v -0.03545675 0.09677849 0.00213408
v -0.03521875 0.09554050 -0.00031486
v -0.03954390 0.09823517 0.00039621
v -0.03954390 0.09823517 0.00039621
v -0.06366444 0.09898288 -0.12861408
v -0.06498022 0.10076014 -0.09634250
v -0.06498022 0.10076014 -0.09634250
v -0.06958151 0.10713810 -0.09712642
v -0.08192907 0.10608963 0.04175851
v -0.08198172 0.10682768 0.06288979
v -0.15973018 0.12027616 -0.09743831
v -0.55710942 0.10484300 0.08907329
v -0.03954390 0.09823517 0.00039621
v -0.04130590 0.09943227 -0.00173263
v -0.04118341 0.10148863 0.00086135
v -0.04568514 0.13205101 -0.13440448
v -0.05839051 0.12996389 -0.13432410
v -0.06358279 0.12780403 -0.13437448
v -0.06386296 0.12056542 -0.11329585
v -0.06409572 0.11204145 -0.10486282
v -0.08177021 0.12954931 -0.06309070
v -0.08181465 0.12227703 -0.04488457
v -0.12391922 0.11861954 -0.09743341
v -0.52721524 0.11332659 -0.09760673
v -0.55689275 0.10399020 -0.03237744
v -0.55686784 0.10999278 0.06477165
v -0.04099110 0.10442717 0.00096358
v -0.04051432 0.10434566 0.00756924
v -0.04094908 0.10316447 0.00877867
v -0.51054275 0.11979038 -0.09750780
v -0.55694366 0.11587823 -0.09339904
v -0.55684799 0.11134071 0.00842148
v -0.55688554 0.11751372 0.07649260
v -0.04193047 0.14606334 -0.13447452
v -0.06365845 0.13003553 -0.12855422
v -0.06421156 0.11712859 -0.09837778
v -0.06739330 0.11941022 -0.09634276
v -0.06350401 0.13402386 0.12284692
v -0.06353530 0.12958781 0.12900615
v -0.07271275 0.13708730 -0.09740495
v -0.07702596 0.13221942 -0.09745736
v -0.08144909 0.11799837 -0.08578573
v -0.08213313 0.12436981 0.08551568
v -0.08226986 0.13085596 0.08878972
v -0.08766043 0.11618114 -0.09742306
v -0.55489123 0.13209145 -0.09780282
v -0.55697137 0.13030948 -0.08272385
v -0.55692202 0.11754412 -0.05274654
v -0.06315422 0.13185452 0.09988646
v -0.06331716 0.13834490 0.10731700
v -0.06358279 0.12780403 -0.13437448
v -0.06372859 0.12812893 -0.12173577
v -0.06498684 0.12134544 -0.09625976
v -0.06498684 0.12134544 -0.09625976
v -0.08185151 0.12547685 0.00256856
v -0.43876147 0.12555392 -0.09750960
v -0.55688477 0.13630126 -0.03812398
v -0.06301296 0.14331387 0.09487988
v -0.06343132 0.14310114 0.11611317
v -0.08160107 0.12933655 -0.08171833
v -0.08183733 0.13730846 -0.01531963
v -0.08191502 0.12678917 0.02730598
v -0.09821208 0.13150807 -0.09741912
v -0.55705774 0.15208869 -0.09661394
v -0.55684763 0.13315220 -0.01199413
v -0.55680847 0.12986936 0.03687527
v -0.55695152 0.12674125 0.08608298
v -0.55707055 0.12807088 0.08908455
v -0.55701327 0.13387825 0.09030154
v -0.06415433 0.12888800 -0.10343450
v -0.06945179 0.13340832 -0.09721880
v -0.08194625 0.12396780 0.04995534
v -0.08200246 0.13331051 0.06482647
v -0.19624642 0.13006742 -0.09743251
v -0.24005860 0.12762232 -0.09742333
v -0.32458574 0.12196628 -0.09747200
v -0.37927336 0.12687896 -0.09748560
v -0.41886890 0.12904985 -0.09750026
v -0.48429596 0.13405515 -0.09748457
v -0.53304845 0.13056619 -0.09763502
v -0.55109030 0.13710500 -0.09770164
v -0.06371525 0.13647275 -0.13260698
v -0.08161713 0.13428240 -0.08824989
v -0.08172570 0.14077868 -0.07479033
v -0.08208482 0.14309253 0.07607280
v -0.27818909 0.13070799 -0.09742029
v -0.52212143 0.13698183 -0.09754381
v -0.55684465 0.12935029 0.06215249
v -0.55693310 0.13763960 0.07975532
v -0.06299871 0.13536645 0.09079869
v -0.06437185 0.13211964 -0.09840341
v -0.06361119 0.13307656 0.13481395
v -0.08190352 0.14080797 0.02876054
v -0.08279094 0.16126306 -0.09747982
v -0.13240959 0.15296866 -0.09739422
v -0.32368997 0.13911225 -0.09741828
v -0.55700433 0.15322618 -0.09331396
v -0.55692828 0.13459755 -0.06742784
v -0.06394188 0.14034276 -0.11077142
v -0.06715748 0.13790096 -0.09647937
v -0.08158858 0.15182541 -0.08597719
v -0.14515810 0.13956703 -0.09741224
v -0.53841829 0.14595343 -0.09760696
v -0.06376956 0.14554025 -0.11726841
v -0.06431913 0.14175849 -0.10252934
v -0.08217952 0.15193681 0.08529413
v -0.16863146 0.15298821 -0.09739803
v -0.29856825 0.15181275 -0.09738894
v -0.45288530 0.14897670 -0.09747918
v -0.51344526 0.15285529 -0.09748220
v -0.55681884 0.14703120 0.00472024
v -0.04218903 0.15053175 -0.13453183
v -0.06360424 0.15230487 -0.13449082
v -0.06462835 0.14594297 -0.09829104
v -0.06529970 0.14769329 -0.09646504
v -0.06529970 0.14769329 -0.09646504
v -0.08187023 0.15364905 -0.02537388
v -0.08186689 0.15006115 -0.04825026
v -0.08193237 0.15094359 0.05088334
v -0.24248746 0.15815605 -0.09737580
v -0.26624301 0.15347274 -0.09737398
v -0.34500349 0.15283670 -0.09739992
v -0.36942381 0.15084885 -0.09743989
v -0.41882512 0.15507375 -0.09746525
v -0.54526174 0.14560355 -0.09761836
v -0.55671859 0.15868007 -0.09773577
v -0.55671859 0.15868007 -0.09773577
v -0.55692911 0.15392615 -0.05783440
v -0.55681938 0.15225883 0.04643934
v -0.55686927 0.15136145 0.06416802
v -0.55705321 0.15661226 0.08598712
v -0.55716711 0.15236332 0.08910014
v -0.06295514 0.15261887 0.09069608
v -0.06708437 0.15252553 -0.09651972
v -0.06440479 0.13491265 0.08974658
v -0.06348194 0.13914858 0.08965012
v -0.06325792 0.14483599 0.08960539
v -0.06366272 0.15511392 0.13481100
v -0.06927449 0.14700414 -0.09714286
v -0.07719517 0.15507789 -0.09744969
v -0.08199802 0.15316375 0.06679213
v -0.09641194 0.15251769 -0.09743070
v -0.20374766 0.15314017 -0.09740105
v -0.55694842 0.16660096 -0.07297147
v -0.55687284 0.15417646 -0.03264882
v -0.06367698 0.17239849 -0.12169644
v -0.06354074 0.17987211 0.12855449
v -0.08180499 0.17056201 -0.08167030
v -0.08194096 0.16355868 0.03036337
v -0.08235654 0.15868853 0.08863762
v -0.53067410 0.16442700 -0.09754528
v -0.55682588 0.15898634 0.01696835
v -0.05874921 0.16075520 -0.13446270
v -0.06380697 0.15762450 -0.11353341
v -0.06425640 0.15866123 -0.10285582
v -0.07293886 0.16997065 -0.09738030
v -0.08185586 0.15829919 -0.06444351
v -0.08190203 0.16715164 0.00380900
v -0.49830025 0.16507415 -0.09747080
v -0.06360424 0.15230487 -0.13449082
v -0.06289606 0.16249852 0.09406263
v -0.06311172 0.16178270 0.09972170
v -0.06444082 0.16667391 -0.09841542
v -0.18978645 0.16359745 -0.09741768
v -0.35845268 0.16426225 -0.09739850
v -0.40583807 0.16605212 -0.09743695
v -0.54519856 0.16202204 -0.09757675
v -0.55699313 0.15592770 -0.08348899
v -0.55693567 0.18408708 0.07806151
v -0.06284720 0.16241641 0.09071003
v -0.06516948 0.16654225 -0.09629332
v -0.06516948 0.16654225 -0.09629332
v -0.06980786 0.16774724 -0.09716055
v -0.08180514 0.18195821 -0.08824919
v -0.08192590 0.16896154 -0.03219169
v -0.08210379 0.16486605 0.08026247
v -0.12168598 0.16643484 -0.09740564
v -0.32619226 0.16794588 -0.09736277
v -0.06349003 0.19396453 -0.13449702
v -0.06361026 0.19253568 -0.13241708
v -0.06757376 0.17102025 -0.09626608
v -0.08182544 0.16962479 -0.07587036
v -0.08190408 0.16791792 -0.05409847
v -0.08191517 0.13870482 0.08950096
v -0.08085103 0.16150509 0.08924940
v -0.08180825 0.17489769 0.08919823
v -0.08217852 0.17630704 0.08546416
v -0.37556958 0.17315151 -0.09742771
v -0.46068725 0.16802205 -0.09746889
v -0.55697370 0.17706011 -0.09354299
v -0.55685294 0.17431577 -0.02675515
v -0.55702138 0.17895876 0.09028997
v -0.04215917 0.18944205 -0.13449389
v -0.06358169 0.18968235 -0.12883198
v -0.06392016 0.18117474 -0.10875133
v -0.08195838 0.16817619 0.05775578
v -0.10089931 0.17648728 -0.09746920
v -0.14828905 0.17110468 -0.09738955
v -0.17884478 0.17506658 -0.09741943
v -0.28115559 0.17185189 -0.09736753
v -0.51830047 0.17276110 -0.09749637
v -0.55702692 0.17534949 -0.09660550
v -0.55691016 0.17262758 -0.05327208
v -0.06290786 0.17905973 0.09396467
v -0.06332885 0.17814089 0.10842209
v -0.07669826 0.18925352 -0.09753251
v -0.08194900 0.18015631 -0.01579542
v -0.44634935 0.17809685 -0.09747160
v -0.54385114 0.19552825 -0.09754694
v -0.55683327 0.18206380 0.00782710
v -0.55686343 0.18520109 0.03806993
v -0.55689001 0.17646833 0.06376373
v -0.55704713 0.18420930 0.08612302
v -0.06288233 0.18212198 0.09067424
v -0.06315088 0.18093644 0.09988581
v -0.06349003 0.19396453 -0.13449702
v -0.06421235 0.19027577 -0.09864977
v -0.06504154 0.18223055 -0.09619249
v -0.06504154 0.18223055 -0.09619249
v -0.06338233 0.18912502 0.11157234
v -0.08199629 0.19095533 -0.06353290
v -0.08201173 0.18303950 -0.03600304
v -0.08202974 0.18832381 -0.04810825
v -0.08199108 0.17755185 0.02730712
v -0.08204797 0.18656112 0.05652981
v -0.08214805 0.18587773 0.06616419
v -0.08217637 0.18017031 0.07487211
v -0.08166346 0.18218546 0.08910030
v -0.22446018 0.17691140 -0.09740566
v -0.26299566 0.18221749 -0.09741233
v -0.32675841 0.17667066 -0.09737336
v -0.49941024 0.17668433 -0.09748458
v -0.55510241 0.17789321 -0.09773577
v -0.55685914 0.19653197 -0.09769131
v -0.55685914 0.19653197 -0.09769131
v -0.55713415 0.18804540 0.08913754
v -0.06751502 0.18229426 -0.09617329
v -0.06367616 0.18136828 0.13479604
v -0.06981653 0.18795086 -0.09736204
v -0.08175004 0.18144642 -0.08575681
v -0.08193353 0.19461755 -0.07638521
v -0.08227521 0.18135123 0.08623256
v -0.08240855 0.18148576 0.08858913
v -0.12340768 0.18490060 -0.09747405
v -0.15726760 0.18264206 -0.09744621
v -0.39808246 0.18412532 -0.09747764
v -0.55694664 0.18509676 -0.08257593
v -0.55690664 0.18304725 -0.06863630
v -0.55683517 0.18606986 -0.01498347
v -0.05875902 0.19480328 -0.13442987
v -0.06371617 0.19817196 -0.11308562
v -0.07213196 0.19421642 -0.09752543
v -0.08199801 0.19450204 0.00001508
v -0.08199212 0.18786706 0.01374417
v -0.19063796 0.18914653 -0.09750827
v -0.22179697 0.18694218 -0.09747613
v -0.29669690 0.18820553 -0.09745139
v -0.34731442 0.18748407 -0.09746431
v -0.44381583 0.18851398 -0.09751284
v -0.50016022 0.18761463 -0.09754039
v -0.52734363 0.18669878 -0.09754395
v -0.55688006 0.18834890 -0.04923948
v -0.06412402 0.19489782 -0.09898289
v -0.06508230 0.18656947 -0.09590152
v -0.06508230 0.18656947 -0.09590152
v -0.06728064 0.18682612 -0.09587054
v -0.06353110 0.20234086 0.13480836
v -0.08184034 0.19498239 -0.08555085
v -0.08196633 0.19476520 -0.08150067
v -0.08207186 0.18962179 0.03393448
v -0.08237217 0.19140191 0.07542222
v -0.08237360 0.18637906 0.07998283
v -0.08275455 0.18640687 0.08847968
v -0.55496407 0.19502755 -0.09769003
v -0.55717039 0.20232253 -0.09663128
v -0.06324321 0.19536580 0.09763394
v -0.06309251 0.19290201 0.09069812
v -0.06471390 0.19090454 -0.09622708
v -0.06571634 0.18821515 -0.09429324
v -0.06544937 0.19114245 -0.09387870
v -0.06571634 0.18821515 -0.09429324
v -0.06599021 0.19121541 -0.09389382
v -0.06544937 0.19114245 -0.09387870
v -0.06448480 0.18189766 0.08935240
v -0.06381968 0.18707721 0.08935693
v -0.06534128 0.19213887 0.08921966
v -0.06339434 0.20425244 0.12251426
v -0.08221310 0.19493182 -0.08817607
v -0.08222908 0.19452076 -0.04130274
v -0.08206204 0.19453667 -0.01588116
v -0.08202232 0.19118266 0.06014909
v -0.08263607 0.19054912 0.08352087
v -0.08295304 0.19148688 0.08591032
v -0.08327939 0.19157214 0.08832054
v -0.55701691 0.19665276 -0.09245534
v -0.55689883 0.19463681 0.07672425
v -0.55698717 0.20180307 0.08603762
v -0.06367098 0.20684092 -0.12775862
v -0.06471272 0.19536220 -0.09635088
v -0.06544597 0.19557269 -0.09381507
v -0.06544597 0.19557269 -0.09381507
v -0.06600851 0.19562317 -0.09383375
v -0.06354681 0.19574197 0.08936255
v -0.06342673 0.20775281 0.12914672
v -0.06960115 0.19561376 -0.09747426
v -0.08281137 0.19735886 -0.09761618
v -0.08210066 0.19472046 -0.06360819
v -0.08205214 0.19583280 -0.07082251
v -0.08266839 0.19555776 -0.06300462
v -0.08309156 0.19541751 -0.04757810
v -0.08299513 0.19547965 -0.02882705
v -0.08283696 0.19539846 -0.00742096
v -0.08283696 0.19539846 -0.00742096
v -0.08199801 0.19450204 0.00001508
v -0.08306231 0.19532140 0.01199201
v -0.08198708 0.19452842 0.02299942
v -0.08306231 0.19532140 0.01199201
v -0.08254424 0.19542427 0.03175989
v -0.08198927 0.19454502 0.03865274
v -0.08265601 0.19538768 0.04907482
v -0.08190206 0.19447576 0.05522881
v -0.08265601 0.19538768 0.04907482
v -0.08190206 0.19447576 0.05522881
v -0.08319765 0.19531257 0.05651697
v -0.08191383 0.19443680 0.06329327
v -0.08191383 0.19443680 0.06329327
v -0.08375768 0.19533275 0.06095176
v -0.08380947 0.19526173 0.07629316
v -0.08246164 0.19432454 0.07932703
v -0.08246164 0.19432454 0.07932703
v -0.08393781 0.19530071 0.08179852
v -0.08276379 0.19399719 0.08451684
v -0.08394979 0.19474275 0.08591095
v -0.08276379 0.19399719 0.08451684
v -0.08394979 0.19474275 0.08591095
v -0.08768608 0.19540487 0.07361576
v -0.08736993 0.19568120 0.08182961
v -0.08739832 0.19563057 0.08603022
v -0.08440363 0.19501387 0.08839072
v -0.08440363 0.19501387 0.08839072
v -0.08760577 0.19571333 0.08826019
v -0.08801039 0.19541471 -0.06216909
v -0.08812608 0.19531815 -0.04658185
v -0.09459731 0.19531174 -0.04128594
v -0.08764954 0.19536187 -0.01904984
v -0.08520284 0.19532605 0.00807872
v -0.09348139 0.19531731 0.00729844
v -0.08863740 0.19537653 0.03419983
v -0.08674158 0.19534875 0.04570321
v -0.09367143 0.19534801 0.06002658
v -0.09344539 0.19533585 0.07774193
v -0.09191334 0.19541697 0.08234687
v -0.09170227 0.19530140 0.08603084
v -0.10545345 0.19668110 -0.09754226
v -0.09916304 0.19535555 -0.06377587
v -0.10039648 0.19525410 0.00969239
v -0.09941274 0.19525315 0.04214320
v -0.10448268 0.19480462 0.08595356
v -0.10431273 0.19494058 0.08811642
v -0.10579741 0.19520326 -0.03303739
v -0.11068268 0.19504364 0.05830210
v -0.10762383 0.19492860 0.08180921
v -0.10882486 0.19522704 -0.06563784
v -0.10778460 0.19512762 0.03466317
v -0.11094056 0.19492845 0.07430235
v -0.12186503 0.19510104 -0.05707037
v -0.11978063 0.19511415 -0.04157089
v -0.12433130 0.19510157 -0.01943470
v -0.11460152 0.19512714 0.00125508
v -0.12282713 0.19504996 0.01781951
v -0.12370685 0.19495524 0.05179031
v -0.12409654 0.19466062 0.08207017
v -0.12214212 0.19453509 0.08822550
v -0.10431273 0.19494058 0.08811642
v -0.10611999 0.19530399 0.08821511
v -0.12214212 0.19453509 0.08822550
v -0.12832968 0.19468848 0.07721819
v -0.12242760 0.19453187 0.08602026
v -0.13110922 0.19483294 0.08855110
v -0.13055350 0.19504590 -0.05312827
v -0.13689867 0.19477917 0.06942065
v -0.13437119 0.19499679 0.02384619
v -0.14870958 0.19706018 -0.09758644
v -0.13592906 0.19509207 -0.06862575
v -0.14060825 0.19503464 -0.04579752
v -0.14481091 0.19506754 -0.01376787
v -0.13791659 0.19493707 0.04971620
v -0.14103928 0.19487108 0.06040990
v -0.15321459 0.19442131 0.08825816
v -0.15321459 0.19442131 0.08825816
v -0.16203380 0.19442354 0.08626407
v -0.14840469 0.19501562 -0.05652219
v -0.15121542 0.19497027 0.03955470
v -0.16282725 0.19502954 -0.04144856
v -0.15801166 0.19501127 0.02214454
v -0.16863126 0.19469230 0.07439099
v -0.16202384 0.19482107 0.08849493
v -0.16287264 0.19492199 0.05369915
v -0.17829178 0.19484057 0.06113945
v -0.16707233 0.19513263 -0.06930846
v -0.17228261 0.19502930 -0.05815485
v -0.18023239 0.19502161 -0.01781467
v -0.17591199 0.19500686 0.01215566
v -0.17515485 0.19462408 0.08192757
v -0.19174960 0.19612761 -0.09757977
v -0.18945621 0.19491477 0.04726717
v -0.18868065 0.19448526 0.08820383
v -0.18868065 0.19448526 0.08820383
v -0.19380593 0.19495226 0.03045608
v -0.20029904 0.19506420 -0.06406115
v -0.19940166 0.19499506 -0.03605215
v -0.18482897 0.19492252 0.08842658
v -0.19974867 0.19498880 -0.05101725
v -0.21093453 0.19499023 -0.01446877
v -0.21499109 0.19474186 0.06667167
v -0.21116154 0.19455831 0.08207247
v -0.21201953 0.19440268 0.08603013
v -0.21480301 0.19486983 0.08847800
v -0.21084863 0.19499062 0.00941116
v -0.22608316 0.19505893 -0.06200952
v -0.25015783 0.19502355 -0.05054541
v -0.21757486 0.19491906 0.03581712
v -0.22188315 0.19442196 0.08823502
v -0.22188315 0.19442196 0.08823502
v -0.22509891 0.19500221 -0.03845675
v -0.23591721 0.19496377 0.02490021
v -0.24040084 0.19484206 0.05467158
v -0.23333819 0.19464417 0.07468757
v -0.22963090 0.19500752 -0.01716043
v -0.24946046 0.19490971 0.04454524
v -0.25316867 0.19444729 0.08603723
v -0.24285042 0.19691451 -0.09756081
v -0.24849212 0.19495316 0.08838466
v -0.25038174 0.19501995 0.00225596
v -0.25192478 0.19459994 0.08214173
v -0.25242928 0.19452544 0.08818437
v -0.25242928 0.19452544 0.08818437
v -0.27010876 0.19503357 -0.03559700
v -0.27065125 0.19471206 0.06825467
v -0.26100597 0.19508655 -0.06504642
v -0.26414564 0.19497021 0.02801056
v -0.26663634 0.19648989 -0.09752592
v -0.26770797 0.19502546 -0.01002346
v -0.28503317 0.19458549 0.07781748
v -0.28655481 0.19488777 0.05052827
v -0.30116397 0.19476922 0.06332679
v -0.29547757 0.19453864 0.08813611
v -0.29547757 0.19453864 0.08813611
v -0.28563243 0.19507201 -0.06034948
v -0.28318563 0.19502290 -0.00181854
v -0.28927726 0.19499893 0.01573014
v -0.29093060 0.19495209 0.03882422
v -0.29572934 0.19496413 0.08827560
v -0.30441380 0.19504283 -0.05728037
v -0.30798313 0.19502409 -0.01477546
v -0.30589071 0.19695665 -0.09752597
v -0.31077817 0.19508041 -0.07003224
v -0.31055441 0.19497229 0.03522582
v -0.30778429 0.19455867 0.08193707
v -0.31024727 0.19438393 0.08602726
v -0.30727765 0.19503944 -0.03708502
v -0.30727893 0.19498791 0.01222293
v -0.31967336 0.19500287 -0.04956460
v -0.32747626 0.19503053 0.00418504
v -0.33284420 0.19499357 0.02434725
v -0.32611859 0.19490524 0.05072777
v -0.32845613 0.19461335 0.07782374
v -0.33381251 0.19500680 -0.04258536
v -0.34032127 0.19460569 0.08813587
v -0.34032127 0.19460569 0.08813587
v -0.33902809 0.19698171 -0.09754325
v -0.33206487 0.19477589 0.06582552
v -0.33923602 0.19460784 0.08206178
v -0.33450225 0.19500913 -0.06110910
v -0.35105240 0.19513850 0.08830036
v -0.34131646 0.19504969 -0.01359373
v -0.33601850 0.19505791 -0.06999027
v -0.34295797 0.19499697 -0.05208627
v -0.34513122 0.19491424 0.05123186
v -0.34546131 0.19441728 0.08606143
v -0.35646868 0.19509007 0.01124072
v -0.35509577 0.19511877 -0.06993798
v -0.35864115 0.19508632 -0.06150633
v -0.35513771 0.19506560 -0.02948430
v -0.35575241 0.19499810 0.03918447
v -0.36558968 0.19484235 0.06730735
v -0.36125004 0.19469394 0.07772800
v -0.36387807 0.19514389 -0.00240706
v -0.36666113 0.19509606 -0.05110025
v -0.37573677 0.19474231 0.08212414
v -0.37548745 0.19458757 0.08611415
v -0.37049210 0.19467671 0.08830275
v -0.37049210 0.19467671 0.08830275
v -0.38522875 0.19698976 -0.09755451
v -0.37078065 0.19513811 -0.02905346
v -0.36867857 0.19509204 0.02660476
v -0.37818846 0.19505347 0.04481749
v -0.37746534 0.19519143 0.00568816
v -0.37633961 0.19497700 0.05651623
v -0.37971094 0.19519524 0.08866146
v -0.37849930 0.19520058 -0.06569076
v -0.38843104 0.19520305 -0.01551937
v -0.38323811 0.19517453 -0.04806625
v -0.38656697 0.19513460 0.02799936
v -0.39859751 0.19486882 0.07033895
v -0.41068304 0.19518878 -0.06946254
v -0.40109384 0.19517435 -0.05849668
v -0.40132418 0.19519894 0.00578184
v -0.40980971 0.19479914 0.07770936
v -0.39951485 0.19519173 -0.03812777
v -0.40471822 0.19505210 0.04783861
v -0.41790003 0.19494815 0.06359406
v -0.41243804 0.19472669 0.08827563
v -0.41243804 0.19472669 0.08827563
v -0.41869617 0.19520529 -0.00975759
v -0.40445948 0.19512348 0.02712440
v -0.41454318 0.19462903 0.08611183
v -0.39999682 0.19524337 0.08857745
v -0.42777494 0.19515271 -0.04947487
v -0.42581254 0.19515271 0.01529734
v -0.43880999 0.19484295 0.08197540
v -0.42707381 0.19515724 -0.06369974
v -0.43765250 0.19518103 -0.02623098
v -0.43013990 0.19508831 0.03816205
v -0.43273139 0.19535701 0.08864185
v -0.44057634 0.19501431 0.05457689
v -0.44102913 0.19484667 0.08833474
v -0.44102913 0.19484667 0.08833474
v -0.43596345 0.19701247 -0.09755167
v -0.45081604 0.19511338 -0.04469270
v -0.44708377 0.19473647 0.08599941
v -0.44093433 0.19518031 -0.07067210
v -0.45282194 0.19511522 -0.06646769
v -0.46598011 0.19483550 0.07771569
v -0.45095184 0.19510324 0.02622316
v -0.46324307 0.19502030 0.04809152
v -0.45344543 0.19517584 -0.01199681
v -0.46887910 0.19510062 0.00770567
v -0.47384739 0.19492240 0.06685649
v -0.47650373 0.19504948 -0.05564702
v -0.46972254 0.19510491 -0.02844514
v -0.49176490 0.19482301 0.08192842
v -0.48851639 0.19501211 0.02813406
v -0.47044501 0.19531737 0.08866608
v -0.47701716 0.19512083 -0.07032977
v -0.47848606 0.19509025 -0.01083832
v -0.48176467 0.19475116 0.08839093
v -0.48176467 0.19475116 0.08839093
v -0.48568439 0.19470908 0.08615570
v -0.47848484 0.19707461 -0.09759346
v -0.48781633 0.19497286 0.05123550
v -0.48170882 0.19533019 0.08881567
v -0.49708992 0.19498463 -0.03802299
v -0.50465226 0.19491018 0.06936073
v -0.49987304 0.19499274 -0.00415183
v -0.50803339 0.20001657 -0.09762796
v -0.50571537 0.19501568 -0.06273038
v -0.49869889 0.19530492 0.08931796
v -0.51096553 0.19473435 0.08882509
v -0.49869889 0.19530492 0.08931796
v -0.51081723 0.19493736 0.04416543
v -0.51305658 0.19493298 0.05990629
v -0.51528430 0.19491453 -0.03676113
v -0.51778185 0.19486015 0.08157176
v -0.51161653 0.19532739 0.08954148
v -0.53220665 0.19662006 -0.09753136
v -0.51379484 0.19494621 0.00860783
v -0.52262533 0.19489922 0.00589202
v -0.52584875 0.19493543 0.03081413
v -0.52408779 0.19490828 0.05122536
v -0.52187198 0.19499676 -0.07171933
v -0.52444363 0.19486268 -0.02421680
v -0.53325129 0.19497801 0.06476203
v -0.52787912 0.19487436 0.08884017
v -0.53312725 0.19503851 -0.06428169
v -0.52846587 0.19487490 -0.03360596
v -0.53575647 0.19497718 0.07660306
v -0.53502750 0.19497193 0.08447489
v -0.53999925 0.19573061 0.08982900
v -0.53247976 0.19488485 -0.00346919
v -0.53229755 0.19492574 0.04348786
v -0.53995156 0.19486679 -0.03727180
v -0.54001892 0.19494696 0.02515651
v -0.54008245 0.19488941 0.05265981
v -0.54007053 0.19524880 0.08895449
v -0.54017371 0.19495057 -0.05708580
v -0.53997934 0.19482271 -0.00727460
v -0.54021335 0.19496156 0.07537762
v -0.54031372 0.19517075 0.08428070
v -0.54274827 0.19432135 -0.05251611
v -0.54265809 0.19444756 -0.05749784
v -0.54276180 0.19426791 0.00610624
v -0.54264188 0.19430183 0.02821337
v -0.54264623 0.19427763 0.05046660
v -0.54285610 0.19435270 0.07634893
v -0.54298353 0.19455229 0.08545738
v -0.54288661 0.19447856 0.08895369
v -0.54355294 0.19514664 0.08990446
v -0.54366016 0.19490834 -0.07450806
v -0.54333305 0.19468798 -0.07079361
v -0.54347211 0.19371955 -0.06642647
v -0.54306775 0.19432975 -0.06421894
v -0.54347402 0.19210859 -0.06504019
v -0.55688941 0.19515647 -0.07130912
v -0.55690241 0.19669686 -0.05183776
v -0.55684358 0.19467242 -0.01775801
v -0.55687392 0.19716801 0.01104443
v -0.55690348 0.19667418 0.04967180
v -0.55699843 0.20858537 0.09012589
v -0.04173553 0.21935968 -0.13429421
v -0.06379390 0.20257805 -0.10237023
v -0.06400847 0.19899140 -0.09887600
v -0.06498477 0.19926022 -0.09628762
v -0.06568225 0.19833072 -0.09429625
v -0.06568225 0.19833072 -0.09429625
v -0.06498477 0.19926022 -0.09628762
v -0.06701419 0.19918431 -0.09622842
v -0.06323713 0.20841716 0.09478155
v -0.06334335 0.20455484 0.11174951
v -0.06945817 0.19863875 -0.09766588
v -0.08264366 0.19704391 -0.08806869
v -0.08238716 0.19666471 -0.08528513
v -0.08217713 0.19622917 -0.08036858
v -0.08217713 0.19622917 -0.08036858
v -0.08205214 0.19583280 -0.07082251
v -0.08410868 0.19584687 -0.07628915
v -0.08266839 0.19555776 -0.06300462
v -0.08264366 0.19704391 -0.08806869
v -0.08238716 0.19666471 -0.08528513
v -0.09091619 0.19600360 -0.08567938
v -0.09365655 0.19624563 -0.08822198
v -0.08964613 0.19577368 -0.08097945
v -0.08860502 0.19565015 -0.07643476
v -0.08309156 0.19541751 -0.04757810
v -0.08299513 0.19547965 -0.02882705
v -0.08254424 0.19542427 0.03175989
v -0.08766125 0.20004551 -0.09770967
v -0.10493653 0.19571353 -0.08575504
v -0.10618533 0.19549234 -0.08038758
v -0.09149273 0.19613425 0.08831064
v -0.12525745 0.19587080 -0.08818642
v -0.13608833 0.19534989 -0.08144222
v -0.13760918 0.19553773 -0.08576196
v -0.15485248 0.19521160 -0.07486138
v -0.15671481 0.19580580 -0.08821285
v -0.16259569 0.19535016 -0.08170973
v -0.18051398 0.19546129 -0.08585546
v -0.18566780 0.19569121 -0.08823535
v -0.21409222 0.19534196 -0.08169207
v -0.20247324 0.19521730 -0.07460897
v -0.21746522 0.19547932 -0.08574477
v -0.22748296 0.19566797 -0.08816243
v -0.22522636 0.19518624 -0.07326597
v -0.22311361 0.20064260 -0.09766725
v -0.25438979 0.19520350 -0.07481558
v -0.24702644 0.19538982 -0.08350802
v -0.26475471 0.19552375 -0.08832002
v -0.29846710 0.19518580 -0.07683690
v -0.29715466 0.19526942 -0.08171959
v -0.28588104 0.19553854 -0.08835267
v -0.30648988 0.19538151 -0.08573928
v -0.33245978 0.19551761 -0.08835715
v -0.34530124 0.19521041 -0.08068295
v -0.34761357 0.19536962 -0.08575715
v -0.37943840 0.19536389 -0.08076277
v -0.37353909 0.19558437 -0.08836116
v -0.39710784 0.19560097 -0.08839175
v -0.39880285 0.19526289 -0.07459620
v -0.43803683 0.19535084 -0.08171804
v -0.42321944 0.19562764 -0.08843050
v -0.43473524 0.19526888 -0.07751118
v -0.44773632 0.19570749 -0.08841674
v -0.44900036 0.19553272 -0.08597156
v -0.49843770 0.19528286 -0.08031175
v -0.49908668 0.19572233 -0.08836269
v -0.50021970 0.19549464 -0.08576028
v -0.49889877 0.19513942 -0.07358910
v -0.51468349 0.19519196 -0.08080754
v -0.52348083 0.19524322 -0.08585481
v -0.52365386 0.19547330 -0.08829698
v -0.53193778 0.19517697 -0.07820521
v -0.53788263 0.19539483 -0.08524203
v -0.53988814 0.19578005 -0.08838063
v -0.54008353 0.19511960 -0.07612213
v -0.54211998 0.19494931 -0.05906171
v -0.54407924 0.19572239 -0.08795158
v -0.54398346 0.19536464 -0.08087455
v -0.54291010 0.19511975 -0.07357445
v -0.54366016 0.19490834 -0.07450806
v -0.55518723 0.20675682 -0.09791040
v -0.55693948 0.20310228 -0.06800267
v -0.55692911 0.20077972 -0.03191815
v -0.55698788 0.20652555 0.07347877
v -0.55711532 0.20680471 0.08886333
v -0.06325772 0.20528419 0.09072387
v -0.06370389 0.21025763 -0.13264239
v -0.06359300 0.21207650 -0.13436961
v -0.06456311 0.20312051 -0.09878960
v -0.06511267 0.20160453 -0.09707121
v -0.06663693 0.20141487 -0.09702756
v -0.06511267 0.20160453 -0.09707121
v -0.06456311 0.20312051 -0.09878960
v -0.06795304 0.20295782 -0.09804904
v -0.06391931 0.20232446 0.08932854
v -0.07356541 0.20233352 -0.09802759
v -0.10864274 0.20282452 -0.09768017
v -0.17511794 0.20279039 -0.09769259
v -0.26123941 0.20667677 -0.09769742
v -0.28342918 0.20271339 -0.09761059
v -0.35218376 0.20273148 -0.09762172
v -0.42019182 0.20271160 -0.09760131
v -0.47000629 0.20270364 -0.09765588
v -0.53705215 0.20187505 -0.09761322
v -0.55702412 0.20327200 -0.09330478
v -0.55692756 0.20303868 0.01139180
v -0.55695093 0.20306613 0.05065130
v -0.05936377 0.21709768 -0.13431184
v -0.06359300 0.21207650 -0.13436961
v -0.06361549 0.21741854 -0.12373687
v -0.06360517 0.21093504 -0.11083103
v -0.06366079 0.20653971 -0.10236418
v -0.06466532 0.20695896 -0.09899707
v -0.06789094 0.20713867 -0.09831071
v -0.06466532 0.20695896 -0.09899707
v -0.07259424 0.20707862 -0.09838031
v -0.07800578 0.20692663 -0.09817623
v -0.10911733 0.20667534 -0.09780309
v -0.16507684 0.20681925 -0.09780818
v -0.21938775 0.20667537 -0.09783614
v -0.31022927 0.20682622 -0.09770475
v -0.35168558 0.20671745 -0.09773198
v -0.41275272 0.20682581 -0.09767778
v -0.49390438 0.20672227 -0.09778408
v -0.53730595 0.20880385 -0.09776378
v -0.55698907 0.20877896 -0.09785783
v -0.55723476 0.20879020 -0.09669484
v -0.55698907 0.20877896 -0.09785783
v -0.55710483 0.20881476 -0.09225057
v -0.55702943 0.20858611 -0.06136601
v -0.55705315 0.20693822 -0.04502891
v -0.55701244 0.20677291 0.05279025
v -0.04216483 0.22465940 -0.13443525
v -0.06329906 0.20901667 0.08890100
v -0.06361097 0.20927472 -0.10228105
v -0.06425956 0.20926474 -0.09872143
v -0.06788301 0.20889343 -0.09811144
v -0.06425956 0.20926474 -0.09872143
v -0.07724634 0.20862068 -0.09798889
v -0.09907939 0.20848434 -0.09779567
v -0.13400772 0.20829166 -0.09776431
v -0.20586561 0.20841308 -0.09781702
v -0.25519150 0.20852317 -0.09769639
v -0.30266097 0.20860125 -0.09770365
v -0.35770988 0.20859863 -0.09771433
v -0.42194203 0.20863862 -0.09767024
v -0.48328346 0.20863344 -0.09774533
v -0.52181220 0.20869614 -0.09773372
v -0.55700630 0.20852502 -0.01484924
v -0.55695689 0.20857356 0.04090712
v -0.55698931 0.20865820 0.07713225
v -0.06352484 0.21200560 -0.09936374
v -0.06339909 0.20965539 -0.09786641
v -0.06345634 0.21534951 -0.09809337
v -0.06322864 0.20959131 -0.09219868
v -0.06313089 0.20970781 0.08529556
v -0.06318893 0.21312250 0.08988975
v -0.06354924 0.22579120 0.13481194
v -0.06339340 0.21587186 -0.08922955
v -0.06340750 0.21915512 -0.09166709
v -0.06323858 0.20939000 -0.08330564
v -0.06335926 0.21740763 -0.06316301
v -0.06337418 0.21947177 -0.04711813
v -0.06311031 0.20940955 -0.06138031
v -0.06315054 0.20941977 -0.04663022
v -0.06301494 0.20945318 -0.03398579
v -0.06319955 0.21647115 -0.03256451
v -0.06312597 0.20940627 -0.00440229
v -0.06329012 0.21637310 -0.00644883
v -0.06311952 0.21934600 0.02359743
v -0.06287864 0.20959155 0.02544751
v -0.06304379 0.21631612 0.04668896
v -0.06294569 0.20965771 0.05918535
v -0.06314559 0.21923231 0.06438216
v -0.06322107 0.20966686 0.07326134
v -0.06325845 0.21506871 0.07906172
v -0.06325729 0.21932237 0.07636393
v -0.06329761 0.22407304 0.09496377
v -0.06335789 0.22551127 -0.13431105
v -0.06354009 0.22551344 -0.13234128
v -0.06362517 0.22095047 -0.12177391
v -0.06330664 0.22104163 0.11299355
v -0.05926768 0.22656940 -0.13435289
v -0.06349717 0.22339399 -0.04934850
v -0.06350332 0.22224994 -0.06764469
v -0.06324258 0.22071166 -0.03197434
v -0.06334257 0.22379591 -0.03526394
v -0.06331508 0.21997370 -0.00804861
v -0.06340399 0.22349249 -0.00322343
v -0.06324163 0.22468136 0.02499646
v -0.06308582 0.22019328 0.04934336
v -0.06351829 0.22451587 -0.10030068
v -0.06338532 0.22702180 0.07592370
v -0.06341924 0.22943483 0.12836304
v -0.04215264 0.23040228 -0.13453859
v -0.06228390 0.23074378 -0.13445672
v -0.06335789 0.22551127 -0.13431105
v -0.06360024 0.22679310 -0.06538440
v -0.06335281 0.23041151 -0.03352523
v -0.06349567 0.23061703 -0.00686961
v -0.06323035 0.22679321 0.05563810
v -0.04150808 0.23344310 -0.13431405
v -0.06320085 0.23322715 -0.13426456
v -0.06357449 0.23095800 -0.13232717
v -0.06320085 0.23322715 -0.13426456
v -0.06348747 0.23359536 -0.10810094
v -0.06364685 0.23133604 -0.06289203
v -0.06333072 0.23332618 0.01932087
v -0.06328614 0.23340143 0.05092753
v -0.06340903 0.23340933 0.07567404
v -0.06326549 0.23347332 0.10173832
v -0.06360629 0.23343588 0.13259795
v -0.06356928 0.23318933 0.13483259
v -0.04581180 0.23361735 -0.13443923
v -0.06192817 0.23353998 -0.13438764
v -0.06348266 0.23349626 -0.13179779
v -0.06361984 0.23347606 -0.06286174
v -0.06327844 0.23336257 -0.03454143
v -0.06341495 0.23333125 -0.00633825
v -0.06345218 0.23348944 0.12532736
v -0.06357802 -0.23438461 0.13476487
v -0.04226238 -0.22320782 -0.13334921
v -0.04187235 -0.22972347 -0.10309374
v -0.04176417 -0.22996889 -0.06296529
v -0.04165766 -0.22962554 -0.04482903
v -0.04158661 -0.22997504 -0.00438884
v -0.04197970 -0.22824144 0.13490485
v -0.06369334 -0.22923510 0.13488343
v -0.06357802 -0.23438461 0.13476487
v -0.04214311 -0.22260390 -0.11845176
v -0.04184482 -0.22204863 -0.07677747
v -0.04186502 -0.21492761 -0.06401041
v -0.04171699 -0.21312210 -0.02552351
v -0.04164127 -0.21725743 -0.00898934
v -0.04155472 -0.21846987 0.00683504
v -0.04141137 -0.22366337 0.02205503
v -0.04134583 -0.21814634 0.04066664
v -0.04127923 -0.22214542 0.05967187
v -0.04120669 -0.22074610 0.09006222
v -0.04122594 -0.22250722 0.11018761
v -0.04129139 -0.22509323 0.12710355
v -0.04125273 -0.22435899 0.13279068
v -0.04146603 -0.22305675 0.13480289
v -0.04146603 -0.22305675 0.13480289
v -0.04246983 -0.22248082 -0.13480426
v -0.04204389 -0.21650596 -0.10452203
v -0.06343517 -0.20426539 0.13482916
v -0.04220936 -0.20504324 -0.10919891
v -0.04149678 -0.20681493 0.02464809
v -0.04129818 -0.21066597 0.07381189
v -0.04126909 -0.20849074 0.10050987
v -0.04125026 -0.20739424 0.12114812
v -0.04131427 -0.21247490 0.13275351
v -0.04195455 -0.19927326 0.13478898
v -0.04233500 -0.21559455 -0.13216576
v -0.04199612 -0.20948909 -0.08705837
v -0.04206842 -0.19849263 -0.08370069
v -0.04193053 -0.20429100 -0.06074835
v -0.04183605 -0.19950914 -0.03791209
v -0.04144946 -0.19989617 0.04795143
v -0.04256552 -0.20233418 -0.13466695
v -0.04244319 -0.19657715 -0.13259962
v -0.04136279 -0.19573092 0.07647922
v -0.04123265 -0.18779263 0.13284688
v -0.04132801 -0.18808654 0.13465859
v -0.04132801 -0.18808654 0.13465859
v -0.04234698 -0.19862100 -0.11790545
v -0.04178479 -0.19032048 -0.01044574
v -0.04158691 -0.19124050 0.02395533
v -0.04196295 -0.18428673 -0.04644562
v -0.04124346 -0.19275196 0.11381109
v -0.04208255 -0.18202934 -0.07479608
v -0.04151502 -0.18428648 0.03820167
v -0.04145142 -0.17046840 0.05420732
v -0.04223338 -0.17516235 -0.10426283
v -0.04137054 -0.16664557 0.07372538
v -0.04129174 -0.17106989 0.09143706
v -0.04232559 -0.17202426 -0.11743222
v -0.06342922 -0.17356995 0.13483936
v -0.04168072 -0.15814820 0.13485752
v -0.04161331 -0.16917314 0.02359916
v -0.04179969 -0.17694603 -0.00072564
v -0.04115444 -0.15646802 0.10755847
v -0.04192966 -0.17080382 -0.02504310
v -0.08304062 -0.17751993 0.08880417
v -0.09757192 -0.17737962 0.08892098
v -0.08819157 -0.17769462 0.08866940
v -0.11231045 -0.17747542 0.08922765
v -0.12583379 -0.17752454 0.08945733
v -0.13386959 -0.17803140 0.08941191
v -0.13827665 -0.17752096 0.08956166
v -0.18604118 -0.17802738 0.08934760
v -0.18371491 -0.17752539 0.08951004
v -0.23558009 -0.17756461 0.08943306
v -0.27171814 -0.17825775 0.08915903
v -0.28585458 -0.17767088 0.08925335
v -0.34364787 -0.17768671 0.08926792
v -0.35196236 -0.17824081 0.08920808
v -0.35794508 -0.17770220 0.08940190
v -0.37437263 -0.17760368 0.08969900
v -0.38373458 -0.17810027 0.08966692
v -0.38881192 -0.17757341 0.08981499
v -0.43185669 -0.17762995 0.08984840
v -0.43460315 -0.17814624 0.08972323
v -0.47919354 -0.17759718 0.08996105
v -0.49370801 -0.17816442 0.08998625
v -0.51082379 -0.17761210 0.09025896
v -0.53999668 -0.17826429 0.09018165
v -0.54349297 -0.17757572 0.09025677
v -0.55441988 -0.17834885 0.09037915
v -0.04151151 -0.15651560 0.03626111
v -0.04112670 -0.16762629 0.12382929
v -0.04100883 -0.15819275 0.13288525
v -0.06309246 -0.17483248 0.08881398
v -0.06430878 -0.17737596 0.08825742
v -0.06329772 -0.17771256 0.08850838
v -0.06693657 -0.17522821 0.08871292
v -0.06814089 -0.17739727 0.08844000
v -0.06920458 -0.17727725 0.08876452
v -0.08125652 -0.17469904 0.08882535
v -0.47777644 -0.17499572 0.08987160
v -0.50406700 -0.17510313 0.09015208
v -0.04180616 -0.15812738 0.00238764
v -0.04108393 -0.15660810 0.13477197
v -0.04108393 -0.15660810 0.13477197
v -0.04193118 -0.15337820 -0.01795803
v -0.06319629 -0.16153350 0.08883971
v -0.07053588 -0.16782376 0.08870371
v -0.10660997 -0.16223866 0.08865389
v -0.12838088 -0.16209517 0.08920808
v -0.13837792 -0.16213048 0.08926255
v -0.16187578 -0.16220865 0.08914107
v -0.22337332 -0.16237797 0.08917969
v -0.23525888 -0.16254731 0.08910896
v -0.25852305 -0.16279054 0.08891162
v -0.29392403 -0.16295381 0.08874770
v -0.34113497 -0.16292700 0.08873093
v -0.35442916 -0.16290070 0.08884709
v -0.37360597 -0.16288221 0.08934957
v -0.43855488 -0.16300568 0.08953723
v -0.46792531 -0.16292131 0.08961013
v -0.48142415 -0.16292785 0.08971980
v -0.51138139 -0.16305397 0.09007119
v -0.52872050 -0.16316867 0.09006822
v -0.53961194 -0.16282690 0.09008697
v -0.55020201 -0.16580732 0.09022303
v -0.55681330 -0.15866686 0.09030870
v -0.55691385 -0.17824657 0.09031257
v -0.04239511 -0.14994164 -0.13455388
v -0.04227546 -0.14832525 -0.13248858
v -0.04213390 -0.15498845 -0.06469417
v -0.06568596 -0.16508029 -0.09482090
v -0.06806731 -0.16086653 0.08872049
v -0.08171302 -0.16396213 0.08862214
v -0.09288482 -0.16239130 -0.08792554
v -0.09513848 -0.16322686 0.08850867
v -0.09408538 -0.16222088 -0.08303420
v -0.09924172 -0.16235569 -0.08802689
v -0.10442159 -0.16221769 -0.07857472
v -0.12173420 -0.16280174 -0.08826165
v -0.11834334 -0.16210417 0.08900818
v -0.15539232 -0.16310489 -0.08834210
v -0.17180705 -0.16287318 -0.08302851
v -0.18187477 -0.16315912 -0.08832319
v -0.19129744 -0.16228008 0.08927007
v -0.21458465 -0.16286094 -0.08200141
v -0.21525654 -0.16316865 -0.08831613
v -0.21471964 -0.16299863 -0.08583297
v -0.21682674 -0.16259277 -0.06958371
v -0.23598258 -0.16334945 -0.08839704
v -0.25420046 -0.16345514 -0.08848979
v -0.27432722 -0.16349050 -0.08849210
v -0.31187215 -0.16306403 -0.07623349
v -0.31544235 -0.16334875 -0.08853127
v -0.31367612 -0.16313420 -0.08163280
v -0.34151682 -0.16307560 -0.08298436
v -0.35182741 -0.16330200 -0.08852115
v -0.38640621 -0.16308723 -0.08184135
v -0.37364280 -0.16325709 -0.08852242
v -0.39819694 -0.16303952 -0.07508905
v -0.38884279 -0.16293356 0.08956045
v -0.40596670 -0.16320974 -0.08855765
v -0.42878726 -0.16309762 -0.08163519
v -0.43515822 -0.16299181 -0.07408372
v -0.43475217 -0.16325195 -0.08852915
v -0.48935041 -0.16314803 -0.08852167
v -0.48473805 -0.16295710 -0.08167712
v -0.47463283 -0.16291317 -0.07514763
v -0.49480408 -0.16300867 -0.08590668
v -0.51786143 -0.16273212 -0.08231510
v -0.52366734 -0.16278130 -0.08839296
v -0.52930903 -0.16280369 -0.07713828
v -0.53877234 -0.16274920 -0.08441839
v -0.54209757 -0.16257787 -0.08820426
v -0.54271072 -0.16270252 -0.07976356
v -0.04218581 -0.14375843 -0.08084301
v -0.04210654 -0.15664493 -0.04930274
v -0.04203680 -0.15721294 -0.03393302
v -0.08194625 -0.16201197 -0.08145688
v -0.08383895 -0.16211164 -0.05047439
v -0.08224277 -0.16193639 -0.06526469
v -0.08211657 -0.16174541 -0.04082408
v -0.08373226 -0.16214715 -0.01372091
v -0.08193456 -0.16173187 -0.00866058
v -0.08213395 -0.16160427 0.03116073
v -0.08390075 -0.16198863 0.02991492
v -0.08390465 -0.16188246 0.05280527
v -0.08210391 -0.16152048 0.05544141
v -0.08387320 -0.16191544 0.06698243
v -0.08225164 -0.16151823 0.07006941
v -0.08372504 -0.16190600 0.08109142
v -0.08224188 -0.16157685 0.08437435
v -0.08368948 -0.16181445 0.08584981
v -0.08191332 -0.16203609 0.08851148
v -0.08403468 -0.16226692 0.08830802
v -0.08184442 -0.16193487 -0.08818191
v -0.09050505 -0.16200863 -0.08839931
v -0.08467723 -0.16268787 -0.08794130
v -0.08795039 -0.16202757 0.00947414
v -0.08804324 -0.16194972 0.06783330
v -0.08802094 -0.16205335 0.08122155
v -0.08762726 -0.16204020 0.08603337
v -0.08883463 -0.16223435 0.08825175
v -0.08883463 -0.16223435 0.08825175
v -0.08403468 -0.16226692 0.08830802
v -0.09050505 -0.16200863 -0.08839931
v -0.09224375 -0.16201188 -0.05350701
v -0.09349114 -0.16198897 -0.00071741
v -0.09345080 -0.16190377 0.03328926
v -0.09361894 -0.16191256 0.08172899
v -0.09227508 -0.16182169 0.08590233
v -0.10234118 -0.16198891 0.00023545
v -0.10006493 -0.16189109 0.06166874
v -0.10514748 -0.16187383 0.08830428
v -0.10514748 -0.16187383 0.08830428
v -0.10747179 -0.16209932 -0.05477931
v -0.11247429 -0.16208093 -0.03154159
v -0.10576463 -0.16201973 -0.02040954
v -0.10466850 -0.16191590 0.03533204
v -0.10847548 -0.16182767 0.08200157
v -0.10869990 -0.16208625 -0.08861977
v -0.11544822 -0.16199920 0.02798520
v -0.11139202 -0.16192825 0.05954809
v -0.10660997 -0.16223866 0.08865389
v -0.11959921 -0.16216099 -0.04077511
v -0.11489859 -0.16206962 -0.00326013
v -0.11834334 -0.16210417 0.08900818
v -0.12322557 -0.16200492 0.06360619
v -0.13173126 -0.16234137 -0.05935623
v -0.14065771 -0.16225235 -0.02454591
v -0.12733363 -0.16213070 0.01086429
v -0.12741330 -0.16179013 0.08867142
v -0.10869990 -0.16208625 -0.08861977
v -0.13073771 -0.16224810 -0.08886047
v -0.12173420 -0.16280174 -0.08826165
v -0.13905589 -0.16199858 0.08175351
v -0.12838088 -0.16209517 0.08920808
v -0.13790119 -0.16211680 0.02948031
v -0.13758883 -0.16206644 0.06608428
v -0.13660392 -0.16228746 -0.04120477
v -0.14229485 -0.16210251 0.04773197
v -0.13837792 -0.16213048 0.08926255
v -0.14633271 -0.16223063 -0.00086920
v -0.16191661 -0.16191794 0.08609264
v -0.16335467 -0.16240282 -0.08895095
v -0.15617391 -0.16238548 -0.05333276
v -0.16590512 -0.16219781 0.02106455
v -0.16428746 -0.16206604 0.08195736
v -0.15539232 -0.16310489 -0.08834210
v -0.17126594 -0.16226162 0.00530594
v -0.16187578 -0.16220865 0.08914107
v -0.16149645 -0.16230877 -0.03166952
v -0.16503066 -0.16251762 -0.06581169
v -0.17205669 -0.16214544 0.06006450
v -0.17073309 -0.16189396 0.08860137
v -0.18792731 -0.16232260 -0.01360711
v -0.18734735 -0.16217344 0.04393588
v -0.18187477 -0.16315912 -0.08832319
v -0.18454863 -0.16239814 -0.05487994
v -0.19755226 -0.16208273 0.08181842
v -0.18640009 -0.16243684 -0.08890145
v -0.18931575 -0.16236162 -0.04310532
v -0.19045813 -0.16221014 0.02676436
v -0.19129744 -0.16228008 0.08927007
v -0.19920935 -0.16228247 0.00840347
v -0.20469034 -0.16219361 0.06100958
v -0.21736169 -0.16198966 0.08596325
v -0.20338312 -0.16235398 -0.02697836
v -0.21525654 -0.16316865 -0.08831613
v -0.21770090 -0.16198641 0.08862308
v -0.20805699 -0.16249208 -0.06279641
v -0.20995468 -0.16240296 -0.05294612
v -0.21397196 -0.16225567 0.02815415
v -0.21990226 -0.16214812 0.08212397
v -0.22337332 -0.16237797 0.08917969
v -0.22148801 -0.16246222 -0.08889343
v -0.21974124 -0.16241100 -0.04072729
v -0.22059804 -0.16238661 -0.00994040
v -0.21980345 -0.16224758 0.04613097
v -0.22659534 -0.16229400 0.05985396
v -0.23624884 -0.16259116 -0.05620405
v -0.22731164 -0.16233571 0.02481613
v -0.23780042 -0.16253836 -0.03046960
v -0.23150066 -0.16243616 0.00211086
v -0.23794976 -0.16240302 0.04323918
v -0.23598258 -0.16334945 -0.08839704
v -0.25983456 -0.16243292 0.08845614
v -0.23525888 -0.16254731 0.08910896
v -0.25116754 -0.16245474 0.08230275
v -0.25041166 -0.16259439 -0.00136923
v -0.24957843 -0.16251715 0.02665201
v -0.25049803 -0.16250780 0.05898995
v -0.25523153 -0.16255124 -0.08920178
v -0.25975531 -0.16255593 0.04279209
v -0.25992948 -0.16241775 0.08611484
v -0.25852305 -0.16279054 0.08891162
v -0.25420046 -0.16345514 -0.08848979
v -0.26137578 -0.16277857 -0.05827332
v -0.25611877 -0.16267219 -0.02848671
v -0.26413336 -0.16253468 0.08217876
v -0.26419890 -0.16272673 -0.04199076
v -0.26406002 -0.16264422 0.00559988
v -0.28378412 -0.16262947 0.05561973
v -0.26823190 -0.16260071 0.06309929
v -0.29392403 -0.16295381 0.08874770
v -0.28145289 -0.16286093 -0.06129494
v -0.28221393 -0.16277501 -0.05146113
v -0.28452903 -0.16272941 -0.02764088
v -0.27825999 -0.16267751 -0.00457872
v -0.27515447 -0.16262431 0.01359741
v -0.28756168 -0.16262071 0.03930430
v -0.29315940 -0.16262193 0.06959532
v -0.27432722 -0.16349050 -0.08849210
v -0.30012375 -0.16248566 0.08602008
v -0.29216811 -0.16265489 0.00595415
v -0.29435629 -0.16250335 -0.08925962
v -0.31286433 -0.16266569 0.02126743
v -0.30373397 -0.16262655 0.08197986
v -0.33074665 -0.16280255 -0.05928788
v -0.31651971 -0.16276748 -0.05102903
v -0.30919576 -0.16274975 -0.03825974
v -0.31208465 -0.16272567 -0.00788222
v -0.31544235 -0.16334875 -0.08853127
v -0.32119244 -0.16262205 0.07465674
v -0.30803686 -0.16257805 0.08838464
v -0.31819379 -0.16265565 0.04684089
v -0.31990230 -0.16274635 -0.01956917
v -0.32780811 -0.16266808 0.05849409
v -0.34100667 -0.16248401 -0.08924632
v -0.33986720 -0.16258840 0.08198561
v -0.32985753 -0.16244067 0.08601442
v -0.35416433 -0.16251448 0.08839011
v -0.34113497 -0.16292700 0.08873093
v -0.30803686 -0.16257805 0.08838464
v -0.34792334 -0.16274102 0.00264155
v -0.34594423 -0.16276254 -0.02242349
v -0.34615427 -0.16266671 0.02893135
v -0.34791076 -0.16266514 0.04446493
v -0.34611449 -0.16266677 0.06564759
v -0.35182741 -0.16330200 -0.08852115
v -0.35816953 -0.16277321 -0.04749367
v -0.36818287 -0.16248277 0.08626750
v -0.35847661 -0.16247381 -0.08928832
v -0.36933014 -0.16279238 -0.03494799
v -0.36973935 -0.16270070 0.03148875
v -0.36115709 -0.16262254 0.08207276
v -0.35442916 -0.16290070 0.08884709
v -0.37067166 -0.16274430 0.01069278
v -0.37364280 -0.16325709 -0.08852242
v -0.37759143 -0.16269015 0.05968085
v -0.38038272 -0.16280426 -0.01212008
v -0.37360597 -0.16288221 0.08934957
v -0.39209604 -0.16265421 0.06928918
v -0.37787682 -0.16260928 0.08188160
v -0.37399748 -0.16245881 0.08869928
v -0.39090455 -0.16268723 0.05084994
v -0.40312624 -0.16238374 -0.08932871
v -0.40165555 -0.16276376 0.00587209
v -0.38884279 -0.16293356 0.08956045
v -0.39839417 -0.16270608 0.03064342
v -0.40596670 -0.16320974 -0.08855765
v -0.39490664 -0.16281042 -0.03621487
v -0.41171324 -0.16250871 0.08881830
v -0.40818951 -0.16281375 -0.01180931
v -0.40886015 -0.16263480 0.08187018
v -0.43511260 -0.16253622 0.08596079
v -0.41399062 -0.16282120 -0.04540608
v -0.42512229 -0.16279577 -0.02164880
v -0.42874175 -0.16273117 0.01491793
v -0.42937583 -0.16265264 0.07378310
v -0.42495406 -0.16278775 -0.00616087
v -0.43874982 -0.16279666 -0.04637235
v -0.42674440 -0.16267134 0.05087423
v -0.43855488 -0.16300568 0.08953723
v -0.45369077 -0.16242069 -0.08926642
v -0.43475217 -0.16325195 -0.08852915
v -0.43949211 -0.16265689 0.08198881
v -0.43774194 -0.16253710 0.08876887
v -0.44682366 -0.16278054 -0.03016223
v -0.44239730 -0.16269156 0.04293457
v -0.44708693 -0.16273892 0.01830688
v -0.45182443 -0.16267978 0.06282386
v -0.45267722 -0.16277172 -0.00920313
v -0.46974307 -0.16265199 0.04558316
v -0.46792531 -0.16292131 0.08961013
v -0.47248077 -0.16270609 0.00284433
v -0.48935041 -0.16314803 -0.08852167
v -0.47702661 -0.16274801 -0.06050052
v -0.46870142 -0.16275220 -0.04945638
v -0.47686684 -0.16271439 -0.02898573
v -0.47135252 -0.16261432 0.07377994
v -0.48142415 -0.16292785 0.08971980
v -0.48803884 -0.16262503 0.02910208
v -0.49755585 -0.16254961 0.08228454
v -0.48637813 -0.16247110 0.08615963
v -0.50172800 -0.16246961 0.08901714
v -0.48989886 -0.16256975 0.06656488
v -0.49422348 -0.16238922 -0.08924575
v -0.49888325 -0.16264407 -0.04520904
v -0.49738315 -0.16262895 -0.00775294
v -0.50665784 -0.16250935 0.05441909
v -0.50809860 -0.16257805 -0.01495264
v -0.50698310 -0.16253103 0.02939790
v -0.51138139 -0.16305397 0.09007119
v -0.51740474 -0.16250928 0.08594684
v -0.49422348 -0.16238922 -0.08924575
v -0.51299495 -0.16259040 -0.05482883
v -0.52110410 -0.16249862 0.06663588
v -0.52844667 -0.16257273 0.08180350
v -0.51823664 -0.16258346 -0.04207642
v -0.52002239 -0.16216557 -0.08911601
v -0.52334607 -0.16254868 -0.02127510
v -0.52208495 -0.16247568 0.03162640
v -0.52914041 -0.16242930 0.05151767
v -0.53469819 -0.16254416 0.07931308
v -0.52985418 -0.16261616 -0.05288678
v -0.53234702 -0.16266607 0.08905190
v -0.52872050 -0.16316867 0.09006822
v -0.53952849 -0.16200182 -0.08905280
v -0.52957106 -0.16249053 0.00856988
v -0.53391284 -0.16256417 0.08608797
v -0.53299254 -0.16249470 -0.02482960
v -0.53419912 -0.16247532 0.06774130
v -0.53985924 -0.16240935 -0.03527704
v -0.53985977 -0.16236919 -0.00462219
v -0.53997350 -0.16235748 0.02412290
v -0.53993458 -0.16225469 0.05614761
v -0.53961194 -0.16282690 0.09008697
v -0.54007256 -0.16243255 0.07902436
v -0.54009962 -0.16245018 0.08888470
v -0.53952849 -0.16200182 -0.08905280
v -0.54298913 -0.16199665 -0.08845526
v -0.54209757 -0.16257787 -0.08820426
v -0.54254520 -0.16207500 -0.05782286
v -0.54254138 -0.16190691 -0.03306825
v -0.54241067 -0.16191590 -0.02793385
v -0.54244155 -0.16192897 0.01675967
v -0.54247624 -0.16184577 0.05548756
v -0.54263973 -0.16202229 0.07122208
v -0.54270101 -0.16195267 0.07746566
v -0.54293859 -0.16192691 0.08902174
v -0.54352504 -0.16233690 0.09006754
v -0.54352504 -0.16233690 0.09006754
v -0.54298913 -0.16199665 -0.08845526
v -0.54352689 -0.16254427 -0.08475035
v -0.54372454 -0.16158901 -0.08834645
v -0.54372454 -0.16158901 -0.08834645
v -0.54346174 -0.16200314 -0.07722338
v -0.54352689 -0.16254427 -0.08475035
v -0.54346174 -0.16200314 -0.07722338
v -0.54309481 -0.16166259 -0.06367958
v -0.54309857 -0.16151726 -0.03423350
v -0.54310936 -0.16160630 0.05745386
v -0.54321808 -0.16160212 0.07509833
v -0.07772452 -0.15768676 0.08860902
v -0.08174691 -0.15946814 -0.08826095
v -0.08380547 -0.15972255 -0.08870754
v -0.08296597 -0.15942223 0.08818914
v -0.08958326 -0.15962037 -0.08864592
v -0.10612395 -0.15978925 -0.08868283
v -0.30172285 -0.15965648 -0.08918683
v -0.40625021 -0.15925868 -0.08922669
v -0.44688144 -0.15967104 -0.08919497
v -0.49584982 -0.15879919 -0.08917437
v -0.52002239 -0.16216557 -0.08911601
v -0.53605241 -0.15781856 -0.08909848
v -0.54011941 -0.15943563 -0.08913192
v -0.54296261 -0.15918320 -0.08918662
v -0.54372454 -0.16158901 -0.08834645
v -0.54241067 -0.16191590 -0.02793385
v -0.54300320 -0.15962635 0.01165291
v -0.54244155 -0.16192897 0.01675967
v -0.54247624 -0.16184577 0.05548756
v -0.54339886 -0.15962742 0.08448085
v -0.54356039 -0.15961500 0.08898145
v -0.54293859 -0.16192691 0.08902174
v -0.54405975 -0.15947922 0.09001470
v -0.54352504 -0.16233690 0.09006754
v -0.54343367 -0.15902856 -0.07922205
v -0.54405975 -0.15947922 0.09001470
v -0.04144076 -0.14631368 0.05257259
v -0.04106000 -0.13715674 0.11815740
v -0.08198270 -0.14961329 0.08849882
v -0.16439533 -0.15514708 -0.08888787
v -0.19503964 -0.15559936 -0.08884515
v -0.25503874 -0.15362723 -0.08909552
v -0.29159564 -0.15556012 -0.08913367
v -0.36338645 -0.15559575 -0.08915758
v -0.42798543 -0.15558636 -0.08916670
v -0.47709143 -0.15559131 -0.08914158
v -0.54315138 -0.14988157 -0.06338406
v -0.54312545 -0.15129419 -0.04644284
v -0.54300714 -0.15527558 -0.02450976
v -0.54297227 -0.15466461 0.00406603
v -0.54302180 -0.15540090 0.05109430
v -0.54329360 -0.15168490 0.08237559
v -0.54324234 -0.15318228 0.08619381
v -0.54385316 -0.15349129 0.08997491
v -0.54385316 -0.15349129 0.08997491
v -0.55676472 -0.14469559 0.09037529
v -0.04228520 -0.12329929 -0.12013736
v -0.04219255 -0.14664894 -0.04875876
v -0.04206994 -0.14596272 -0.02944858
v -0.06340311 -0.11815135 0.13485180
v -0.06286228 -0.14963807 0.08900037
v -0.06532308 -0.14328884 0.08891211
v -0.07378626 -0.14304842 0.08874427
v -0.07927242 -0.14845540 0.08850734
v -0.08251026 -0.14873402 0.08831158
v -0.11630228 -0.14479582 -0.08875512
v -0.14071739 -0.14518394 -0.08884861
v -0.16667800 -0.14653884 -0.08889369
v -0.19853249 -0.14512540 -0.08886181
v -0.21355546 -0.14284916 -0.08888030
v -0.22442798 -0.14249222 -0.08892076
v -0.24064714 -0.14217842 -0.08903026
v -0.30092824 -0.14789680 -0.08914308
v -0.35172176 -0.14526559 -0.08915327
v -0.39250255 -0.14939739 -0.08915220
v -0.44262791 -0.14358905 -0.08916415
v -0.48571151 -0.14314269 -0.08915286
v -0.50706983 -0.13677457 -0.08914822
v -0.52192247 -0.14201759 -0.08908825
v -0.53208590 -0.14648157 -0.08907971
v -0.54296261 -0.15918320 -0.08918662
v -0.54370791 -0.14136548 -0.08850448
v -0.54304361 -0.15069735 0.01979354
v -0.54309529 -0.14925089 0.04951507
v -0.54320407 -0.15158685 0.07391844
v -0.54304290 -0.14862972 0.08901009
v -0.54357934 -0.15059993 -0.08344103
v -0.04129305 -0.11883628 0.07173718
v -0.04118201 -0.12411670 0.09123902
v -0.04225183 -0.12298366 -0.11029411
v -0.08160499 -0.13691619 -0.08819339
v -0.08886588 -0.13834710 -0.08857839
v -0.54331708 -0.14256857 -0.07782538
v -0.54314470 -0.14130694 -0.05182657
v -0.54310173 -0.13594459 -0.03707637
v -0.54303455 -0.13459879 -0.01006459
v -0.54302120 -0.14169203 0.00892274
v -0.54306614 -0.14296794 0.03776161
v -0.04143986 -0.12783970 0.03839695
v -0.04221958 -0.14180785 -0.04642957
v -0.04226857 -0.14192076 -0.04086811
v -0.04221743 -0.14235629 -0.03608927
v -0.04426542 -0.14169390 -0.03585777
v -0.04226857 -0.14192076 -0.04086811
v -0.04221743 -0.14235629 -0.03608927
v -0.04221147 -0.14179114 -0.03285494
v -0.04426292 -0.14097825 -0.03345178
v -0.04221147 -0.14179114 -0.03285494
v -0.04842535 -0.14164846 -0.04032830
v -0.04842228 -0.14179906 -0.03610017
v -0.04843828 -0.14089751 -0.03346057
v -0.05151671 -0.14070415 -0.04271790
v -0.05264312 -0.14118637 -0.04094810
v -0.05258308 -0.14172611 -0.03663438
v -0.05259815 -0.14074177 -0.03381825
v -0.05479307 -0.14092141 -0.04014291
v -0.05513112 -0.14093268 -0.03690880
v -0.05495515 -0.14045019 -0.03426991
v -0.08360383 -0.13625336 -0.08860768
v -0.08256975 -0.12791154 0.08827832
v -0.14694721 -0.13680869 -0.08889948
v -0.18304946 -0.13483636 -0.08890044
v -0.25461483 -0.13390869 -0.08913013
v -0.27747533 -0.13509370 -0.08917449
v -0.40014139 -0.13526139 -0.08916730
v -0.54300815 -0.13214415 -0.08916086
v -0.54370791 -0.14136548 -0.08850448
v -0.54324716 -0.13797998 -0.07572325
v -0.54306430 -0.13276525 0.06308675
v -0.54304910 -0.13452324 0.08192576
v -0.54287231 -0.13646893 0.08904825
v -0.54361749 -0.13394122 0.09008664
v -0.54361749 -0.13394122 0.09008664
v -0.04233724 -0.13944720 -0.04425333
v -0.04239157 -0.14087228 -0.04270475
v -0.04233724 -0.13944720 -0.04425333
v -0.04217952 -0.13899016 -0.03204481
v -0.04193974 -0.13237534 -0.01859167
v -0.04186490 -0.11968153 -0.01703818
v -0.04840410 -0.13912147 -0.04316692
v -0.05091083 -0.13790795 -0.04221068
v -0.05151671 -0.14070415 -0.04271790
v -0.05308114 -0.13907309 -0.04150947
v -0.05151671 -0.14070415 -0.04271790
v -0.05308114 -0.13907309 -0.04150947
v -0.05264312 -0.14118637 -0.04094810
v -0.05454738 -0.13900040 -0.03992066
v -0.05479307 -0.14092141 -0.04014291
v -0.05503762 -0.13868682 -0.03684981
v -0.05513112 -0.14093268 -0.03690880
v -0.05474460 -0.13832635 -0.03421486
v -0.05495515 -0.14045019 -0.03426991
v -0.06288604 -0.12601604 0.08902135
v -0.06508747 -0.12838969 0.08889875
v -0.07903835 -0.13213232 0.08856025
v -0.31108701 -0.12230129 -0.08919117
v -0.33755678 -0.12834445 -0.08919221
v -0.47761136 -0.12910154 -0.08917842
v -0.53878480 -0.12997037 -0.08904254
v -0.54316527 -0.11508550 -0.06694770
v -0.54302728 -0.12880979 0.01776605
v -0.54351264 -0.13533597 -0.08237448
v -0.55530167 -0.13269112 0.09038170
v -0.04137927 -0.12358779 0.05476960
v -0.04215315 -0.12380208 -0.06518893
v -0.04216009 -0.13217446 -0.04645922
v -0.04226536 -0.13590254 -0.04410056
v -0.04226536 -0.13590254 -0.04410056
v -0.04432636 -0.13703835 -0.04287500
v -0.04835552 -0.13714434 -0.04252195
v -0.05308114 -0.13907309 -0.04150947
v -0.05414329 -0.13739832 -0.03908234
v -0.05428694 -0.13653374 -0.03434917
v -0.07349026 -0.12941539 0.08874388
v -0.08191499 -0.13238513 0.08849537
v -0.09985921 -0.12890710 -0.08868799
v -0.12233761 -0.13313951 -0.08884579
v -0.16127540 -0.12942141 -0.08893384
v -0.20773107 -0.12435104 -0.08890688
v -0.35690853 -0.12134195 -0.08919701
v -0.54312575 -0.10848782 -0.05549208
v -0.54304671 -0.13037170 0.04199611
v -0.04150480 -0.11444388 0.02432805
v -0.04095775 -0.12289672 0.13284524
v -0.04216209 -0.11153884 -0.08597516
v -0.04210559 -0.13192599 -0.03739021
v -0.04222816 -0.13507345 -0.04000261
v -0.04220784 -0.13471304 -0.03581615
v -0.04218391 -0.13565515 -0.03262521
v -0.24495034 -0.11909144 -0.08908800
v -0.54401767 -0.11696316 -0.08850707
v -0.54301023 -0.11936534 0.08271842
v -0.54401767 -0.11696316 -0.08850707
v -0.04101369 -0.08894066 0.13472366
v -0.04101369 -0.08894066 0.13472366
v -0.04207933 -0.11964829 -0.04751085
v -0.04209504 -0.12742288 -0.03227054
v -0.08161196 -0.10971238 -0.08820591
v -0.08771551 -0.10774717 -0.08862419
v -0.10591832 -0.11530062 -0.08875532
v -0.13173954 -0.12191528 -0.08889224
v -0.18457133 -0.11480954 -0.08890532
v -0.26462933 -0.12077504 -0.08917268
v -0.28318942 -0.11560372 -0.08918030
v -0.44845539 -0.11833707 -0.08918266
v -0.52409381 -0.11019843 -0.08912139
v -0.54308444 -0.11331519 -0.02750149
v -0.54307157 -0.11564268 0.03644715
v -0.04239511 -0.10218682 -0.13455704
v -0.04228348 -0.09152093 -0.13254978
v -0.08249225 -0.10382155 0.08814245
v -0.22580725 -0.11161657 -0.08895681
v -0.38058147 -0.11359239 -0.08918202
v -0.54304904 -0.11694454 -0.00070351
v -0.54308271 -0.11530984 0.06024638
v -0.54302454 -0.11420179 0.07172259
v -0.54283714 -0.11854094 0.08903170
v -0.54355639 -0.11027131 -0.08126771
v -0.15014175 -0.11086908 -0.08890495
v -0.50644541 -0.09975239 -0.08916612
v -0.54308760 -0.08591522 -0.08930035
v -0.55689919 -0.10351983 0.09028284
v -0.04102454 -0.11153543 0.12106515
v -0.06479275 -0.10263405 0.08850744
v -0.25992870 -0.10562851 -0.08913802
v -0.42260829 -0.09695730 -0.08916236
v -0.48941126 -0.09582128 -0.08917032
v -0.53561884 -0.07800890 -0.08910071
v -0.54009628 -0.09515672 -0.08913499
v -0.04134551 -0.10666736 0.05104923
v -0.04101893 -0.09577041 0.11076714
v -0.04177523 -0.08412182 0.13482979
v -0.04197058 -0.09722186 -0.04583130
v -0.04177359 -0.10105176 -0.00711212
v -0.06280050 -0.09859850 0.08863485
v -0.07364015 -0.10425555 0.08833684
v -0.07872237 -0.10328499 0.08818573
v -0.12037554 -0.10288290 -0.08882329
v -0.21780699 -0.09844088 -0.08891290
v -0.24187881 -0.09267404 -0.08902523
v -0.30057296 -0.09747725 -0.08915558
v -0.34628624 -0.09113098 -0.08919559
v -0.54307109 -0.09754024 -0.03658934
v -0.54309392 -0.10498887 0.05837192
v -0.54269761 -0.09123179 0.08904882
v -0.54335165 -0.10087004 0.09004772
v -0.55541760 -0.10214107 0.09033118
v -0.04094741 -0.08711608 0.13269733
v -0.04186395 -0.09709651 -0.02632454
v -0.17004618 -0.09378504 -0.08887720
v -0.45700830 -0.08898810 -0.08914894
v -0.54303747 -0.09893256 0.01110573
v -0.54307401 -0.09991287 0.03718897
v -0.54335165 -0.10087004 0.09004772
v -0.04117283 -0.07248729 0.06334431
v -0.04215917 -0.08298785 -0.09814792
v -0.04207432 -0.08566699 -0.07128974
v -0.54395282 -0.09162391 -0.08857311
v -0.54300654 -0.09158289 0.06906921
v -0.04102018 -0.06868734 0.08556479
v -0.04169258 -0.09363153 0.00206868
v -0.04147840 -0.09344003 0.02113843
v -0.06322795 -0.08716399 0.13484801
v -0.08363758 -0.06936953 -0.08863762
v -0.09948567 -0.09018943 -0.08870336
v -0.12732868 -0.08535839 -0.08881854
v -0.21233699 -0.07182204 -0.08890431
v -0.38163078 -0.08541282 -0.08918265
v -0.54302603 -0.08958279 -0.01655665
v -0.54306388 -0.08701699 0.05133069
v -0.54291070 -0.08612000 0.08215551
v -0.54395282 -0.09162391 -0.08857311
v -0.04122213 -0.08056035 0.05273061
v -0.04113153 -0.07904144 0.07609086
v -0.31736654 -0.06945316 -0.08916997
v -0.54314482 -0.08194231 -0.06171332
v -0.54309857 -0.08283841 -0.04552941
v -0.04095766 -0.07503637 0.11945929
v -0.04224923 -0.07340149 -0.11705747
v -0.04176602 -0.07764625 -0.00994291
v -0.17487589 -0.06704109 -0.08887216
v -0.43002993 -0.06882074 -0.08915967
v -0.04199889 -0.06964739 -0.06084910
v -0.04178774 -0.07395893 -0.01668898
v -0.04162046 -0.08299059 0.00403178
v -0.04133549 -0.08072277 0.02588724
v -0.06419444 -0.07053902 0.08845471
v -0.27317503 -0.07254917 -0.08911147
v -0.52458048 -0.07664236 -0.08912184
v -0.54305339 -0.07691703 0.02766982
v -0.54350132 -0.06452387 -0.08153963
v -0.04184696 -0.07476520 -0.03099508
v -0.04166102 -0.07611052 -0.00250234
v -0.04147983 -0.07798026 0.00833689
v -0.07865781 -0.06556820 0.08816949
v -0.08178829 -0.06734923 0.08814698
v -0.08240823 -0.05563188 0.08811222
v -0.08766109 -0.06819376 -0.08863124
v -0.15626580 -0.07915125 -0.08884315
v -0.23114230 -0.05790280 -0.08894707
v -0.48766539 -0.07068410 -0.08914629
v -0.54302430 -0.07571905 -0.02482363
v -0.54302025 -0.07728720 -0.00734209
v -0.54268849 -0.07265162 0.08898231
v -0.04092506 -0.05657110 0.09447820
v -0.04133087 -0.07415750 0.01361415
v -0.08163463 -0.06140788 -0.08821550
v -0.09943286 -0.06124637 -0.08871612
v -0.11805436 -0.05777280 -0.08881424
v -0.14391531 -0.06754633 -0.08883653
v -0.18510082 -0.05508301 -0.08888724
v -0.25066897 -0.04829739 -0.08903877
v -0.38393462 -0.05928739 -0.08919802
v -0.54019028 -0.06899563 -0.08911812
v -0.54298961 -0.06893551 0.07124682
v -0.54338813 -0.06804550 0.08993971
v -0.55685180 -0.05210890 0.09016177
v -0.04210511 -0.05918445 -0.09721129
v -0.06268197 -0.06828140 0.08857600
v -0.50706834 -0.04257672 -0.08913830
v -0.54307753 -0.06505819 -0.03413555
v -0.54304236 -0.06691002 -0.00224390
v -0.54310900 -0.05783208 0.03818750
v -0.54310155 -0.05712098 0.05647286
v -0.54375994 -0.06115988 -0.08581714
v -0.54338813 -0.06804550 0.08993971
v -0.04082525 -0.05517206 0.13281147
v -0.04239041 -0.06063772 -0.13457124
v -0.04166156 -0.07161018 -0.00502803
v -0.04175293 -0.06895322 0.00202950
v -0.04143450 -0.07184326 0.00950249
v -0.04133433 -0.06707744 0.01281280
v -0.47830346 -0.04544619 -0.08914328
v -0.54386353 -0.05874621 -0.08850516
v -0.54386353 -0.05874621 -0.08850516
v -0.55524826 -0.04971338 0.09020926
v -0.04088265 -0.05661118 0.13475603
v -0.04088265 -0.05661118 0.13475603
v -0.04168448 -0.06533226 -0.00855548
v -0.04144171 -0.06974012 0.00738769
v -0.04126504 -0.06881527 0.01039407
v -0.13696077 -0.04322140 -0.08886053
v -0.52608353 -0.05165886 -0.08908345
v -0.54315978 -0.05814109 -0.04708208
v -0.03898236 -0.06818252 0.01017095
v -0.04129511 -0.06582951 0.01140175
v -0.04126504 -0.06881527 0.01039407
v -0.04088265 -0.05642055 0.11572754
v -0.04176956 -0.05550169 -0.02654558
v -0.04186547 -0.06524945 -0.00324515
v -0.04190707 -0.06647772 -0.00047582
v -0.04129511 -0.06582951 0.01140175
v -0.04121655 -0.06049675 0.01796369
v -0.29055688 -0.04655230 -0.08912055
v -0.54310453 -0.05279717 -0.02246062
v -0.54310668 -0.05314988 0.00934291
v -0.00732997 -0.06201534 -0.00165394
v -0.00733459 -0.06231755 0.00204585
v -0.00729856 -0.06234453 0.00834352
v -0.00622302 -0.05997092 0.00867125
v -0.00943774 -0.06135553 0.00966947
v -0.00729856 -0.06234453 0.00834352
v -0.00938341 -0.06325283 0.00867479
v -0.01306862 -0.06405722 0.00893332
v -0.01788419 -0.06451384 0.00932009
v -0.02311811 -0.06189753 0.01052275
v -0.02548230 -0.06496812 0.00983772
v -0.03017631 -0.06165745 0.01094849
v -0.03524539 -0.06122508 0.01139057
v -0.04151562 -0.06076487 0.01194511
v -0.04099301 -0.04105798 0.07075506
v -0.04219642 -0.05613931 -0.11784299
v -0.04193565 -0.04748202 -0.06496499
v -0.04183489 -0.04795306 -0.04229207
v -0.04191190 -0.06083951 -0.00344728
v -0.04151562 -0.06076487 0.01194511
v -0.04109433 -0.05210238 0.03478064
v -0.06263576 -0.05557210 0.08877861
v -0.07309258 -0.05470015 0.08849680
v -0.08170299 -0.05302053 0.08828016
v -0.54303789 -0.04807449 -0.08912842
v -0.54305649 -0.04941923 0.06548566
v -0.54295802 -0.03138125 0.08186235
v -0.00396529 -0.05619854 0.00815637
v -0.00396529 -0.05619854 0.00815637
v -0.00570866 -0.05727063 0.00924240
v -0.00465786 -0.05787419 0.00805664
v -0.00585777 -0.05714120 -0.00278054
v -0.00657120 -0.05999223 -0.00237383
v -0.00926453 -0.05592868 0.00996422
v -0.01344550 -0.05783761 0.00999667
v -0.02262762 -0.05770922 0.01047827
v -0.03078282 -0.05733385 0.01064299
v -0.03547892 -0.05693214 -0.00134772
v -0.04002628 -0.05610279 0.01082611
v -0.04168215 -0.05592697 0.01117246
v -0.04173437 -0.05429149 0.00951265
v -0.04225543 -0.05777678 -0.13456994
v -0.04165903 -0.05350885 -0.01123905
v -0.04169086 -0.05507140 -0.00663322
v -0.04172814 -0.05870930 -0.00122360
v -0.04168215 -0.05592697 0.01117246
v -0.04126126 -0.05521639 0.01370767
v -0.04114574 -0.05559409 0.01665200
v -0.04114139 -0.04914005 0.01913199
v -0.34210041 -0.04911729 -0.08919273
v -0.54321301 -0.05491116 -0.06102164
v -0.00317755 -0.05277126 0.00668080
v -0.00343266 -0.05326115 0.00808882
v -0.00343266 -0.05326115 0.00808882
v -0.00544506 -0.05388770 0.00926765
v -0.00557917 -0.05343487 -0.00293689
v -0.01721442 -0.05451094 0.00978290
v -0.01751786 -0.05247108 0.00783823
v -0.02152482 -0.05237900 0.00299172
v -0.01898831 -0.05182882 0.00294044
v -0.02167395 -0.05327684 0.00771200
v -0.01751786 -0.05247108 0.00783823
v -0.02126434 -0.05482731 0.00997599
v -0.02126434 -0.05482731 0.00997599
v -0.02610216 -0.05286402 0.00309025
v -0.02771509 -0.05505050 0.01004505
v -0.02771509 -0.05505050 0.01004505
v -0.03102669 -0.05388111 0.00776246
v -0.04010853 -0.05367059 0.00654104
v -0.04172105 -0.05293849 0.00770917
v -0.04173437 -0.05429149 0.00951265
v -0.04172105 -0.05293849 0.00770917
v -0.04105070 -0.03982699 0.05148318
v -0.04074937 -0.04093394 0.12632069
v -0.04162484 -0.04534598 -0.01939524
v -0.04173437 -0.05429149 0.00951265
v -0.04147649 -0.03020166 0.13484310
v -0.06331925 -0.04958891 0.13485365
v -0.08973530 -0.02537244 -0.08869120
v -0.21296053 -0.03708719 -0.08888526
v -0.53588825 -0.02594571 -0.08900443
v -0.54035240 -0.03022060 -0.08900955
v -0.54266131 -0.05457433 0.08896787
v -0.00381577 -0.04627702 0.00719710
v -0.00381577 -0.04627702 0.00719710
v -0.00544274 -0.05003506 0.00875452
v -0.00589606 -0.04898118 -0.00278352
v -0.00909856 -0.05006822 0.00983579
v -0.01531771 -0.04979256 0.00873223
v -0.01535329 -0.05217781 0.00905928
v -0.04074582 -0.02964703 0.11096658
v -0.04140148 -0.04834342 -0.00344165
v -0.04134014 -0.04933800 0.00707487
v -0.04118514 -0.04965483 0.01333290
v -0.08169724 -0.04241230 0.08864586
v -0.43174490 -0.03371951 -0.08916485
v -0.54394376 -0.03619431 -0.08844626
v -0.54329485 -0.03845802 -0.04958098
v -0.54330266 -0.03838382 0.08988902
v -0.54394376 -0.03619431 -0.08844626
v -0.54330266 -0.03838382 0.08988902
v -0.00375038 -0.04429335 0.00659980
v -0.00526479 -0.04369200 0.00803474
v -0.00439796 -0.04495158 -0.00001800
v -0.00910440 -0.04595557 0.00971477
v -0.04206580 -0.03687878 -0.11015220
v -0.04118791 -0.04392541 0.00084381
v -0.04106662 -0.04411523 0.00917241
v -0.04103810 -0.04123964 0.01347663
v -0.06275997 -0.03815110 0.08932155
v -0.06802411 -0.03789139 0.08920728
v -0.07358518 -0.03738346 0.08915167
v -0.08235870 -0.03453656 0.08851694
v -0.10515752 -0.03413876 -0.08877913
v -0.26032689 -0.01956201 -0.08905335
v -0.39640445 -0.03105145 -0.08919354
v -0.54317439 -0.04231240 -0.00352897
v -0.54319525 -0.03240504 0.00917119
v -0.54303020 -0.02028673 0.07294270
v -0.54361778 -0.03398539 -0.08075306
v -0.00411057 -0.03594301 0.00682903
v -0.00411057 -0.03594301 0.00682903
v -0.00605866 -0.03697861 -0.00258235
v -0.01515859 -0.03965314 0.00863358
v -0.04082534 -0.03294640 0.09049363
v -0.04062751 -0.02866413 0.13297236
v -0.04066986 -0.02427072 0.13475323
v -0.04066986 -0.02427072 0.13475323
v -0.04197267 -0.02881839 -0.08621365
v -0.04100358 -0.02851858 0.02518024
v -0.17776193 -0.03017019 -0.08886830
v -0.33278504 -0.03375475 -0.08915764
v -0.46683526 -0.01762702 -0.08914034
v -0.54328549 -0.03012412 -0.03624352
v -0.54315192 -0.03237267 0.03810051
v -0.55690765 -0.01043825 0.09020646
v -0.00581497 -0.03207751 0.00807965
v -0.04190138 -0.01639458 -0.06546535
v -0.04146609 -0.02250846 -0.01717987
v -0.13013455 -0.00580749 -0.08887562
v -0.23204362 -0.02977291 -0.08892538
v -0.28226358 -0.01524123 -0.08906832
v -0.54324341 -0.03018465 -0.01235220
v -0.54313302 -0.02680624 0.05747333
v -0.00378168 -0.02380109 0.00610500
v -0.00910303 -0.03061870 0.00940785
v -0.04179764 0.00350251 -0.05026421
v -0.04163024 -0.01533710 -0.02958265
v -0.08156870 -0.02747356 0.08910187
v -0.37073365 -0.00951596 -0.08918285
v -0.54335880 -0.02367648 -0.04717983
v -0.54277813 -0.01017772 0.08574910
v -0.54330534 -0.00587611 0.08991329
v -0.55535901 -0.02469874 0.09024791
v -0.04085931 -0.02231403 0.08084138
v -0.04200938 -0.00866108 -0.11318476
v -0.04782033 -0.01059823 0.13484477
v -0.06282112 -0.02658862 0.08950378
v -0.07355462 -0.02608485 0.08936737
v -0.14190221 -0.01326277 -0.08887877
v -0.15625730 -0.00795423 -0.08886409
v -0.21591838 -0.01407371 -0.08889169
v -0.24448836 -0.00915181 -0.08899052
v -0.51303512 -0.00215449 -0.08910293
v -0.52548802 -0.00288094 -0.08904662
v -0.54256403 -0.01143542 0.08897351
v -0.00433430 -0.01892235 0.00674620
v -0.00604823 -0.01619337 -0.00254428
v -0.00438848 -0.01346221 0.00004543
v -0.00433430 -0.01892235 0.00674620
v -0.01467207 -0.01716674 0.00858044
v -0.04096895 -0.02062955 0.05887491
v -0.04171482 0.00601786 -0.03945018
v -0.04116496 -0.01514821 -0.00308020
v -0.11166188 -0.00668385 -0.08880670
v -0.30743808 -0.00033515 -0.08909076
v -0.32328039 -0.01199358 -0.08913215
v -0.43007571 0.00252245 -0.08915373
v -0.54332149 -0.00804948 -0.03329944
v -0.54324478 0.01334871 0.01105353
v -0.54319537 -0.01138703 0.02033928
v -0.00909659 -0.01416314 0.00930431
v -0.04197216 0.00170151 -0.13278621
v -0.04078689 -0.00943944 0.09165831
v -0.04070115 -0.01202356 0.11628568
v -0.06329899 0.00425544 0.13485108
v -0.08156389 -0.00179886 -0.08824795
v -0.08359861 -0.00301976 -0.08873211
v -0.19823182 0.00410042 -0.08888151
v -0.34778884 -0.00312350 -0.08914734
v -0.54328465 -0.00761883 -0.01052369
v -0.54330534 -0.00587611 0.08991329
v -0.54610479 -0.00597053 0.08994909
v -0.04203603 0.00487448 -0.13451567
v -0.04066512 0.01832313 0.13275768
v -0.04196534 -0.00678422 -0.08941753
v -0.04095063 -0.00352467 0.01211172
v -0.06288421 0.00111187 0.08958641
v -0.48835808 -0.00637059 -0.08912505
v -0.50009871 0.03588529 -0.08909039
v -0.54319280 0.00226846 0.03421730
v -0.54396963 -0.01094987 -0.08843088
v -0.55538595 -0.00470387 0.09022124
v -0.00576204 -0.00215851 0.00793175
v -0.04094276 0.00583814 0.05916477
v -0.04083732 0.01166965 0.07992725
v -0.04069525 0.00606684 0.12097709
v -0.04100862 0.00625659 0.00458328
v -0.07336383 -0.00481618 0.08944830
v -0.08768034 0.02019713 -0.08870154
v -0.39784423 0.00995452 -0.08917156
v -0.54396963 -0.01094987 -0.08843088
v -0.54318607 0.01044443 0.05356251
v -0.00422895 -0.00340985 0.00666764
v -0.00598142 -0.00153000 -0.00258396
v -0.00422895 -0.00340985 0.00666764
v -0.04125842 0.00723846 -0.00958973
v -0.08154225 -0.00564217 0.08918071
v -0.54306495 0.01864932 -0.08906741
v -0.54339194 0.00381986 -0.04547895
v -0.54314423 0.01473964 0.06169582
v -0.54367828 0.00415661 -0.08151779
v -0.00381333 0.01412422 0.00595223
v -0.00433406 0.00400765 0.00003607
v -0.00909320 0.00096276 0.00929375
v -0.01477790 0.00245399 0.00852574
v -0.04075056 0.01970146 0.10416240
v -0.08236228 0.02170608 0.08867376
v -0.46662903 0.01610244 -0.08911902
v -0.54342586 0.00215308 -0.06312596
v -0.54355043 0.01764444 -0.07726616
v -0.04198852 0.01581765 -0.12495986
v -0.04190531 0.02190940 -0.09157705
v -0.04189327 0.01052020 -0.07085551
v -0.26644182 0.01016920 -0.08902737
v -0.54393560 0.00481396 -0.08843209
v -0.54298353 0.01508612 0.08216399
v -0.04097381 0.03353242 0.04864298
v -0.04144281 0.02923466 -0.02248655
v -0.15282312 0.02069340 -0.08887295
v -0.33171967 0.01328204 -0.08911367
v -0.54265398 0.01284556 0.08900042
v -0.54393560 0.00481396 -0.08843209
v -0.55528784 0.03007371 0.09028693
v -0.00381333 0.01412422 0.00595223
v -0.00430167 0.02450029 0.00641137
v -0.00591844 0.02621971 0.00775986
v -0.04195422 0.03544969 -0.11816578
v -0.08155356 0.01436047 -0.08826140
v -0.08152588 0.01761202 0.08939320
v -0.09535269 0.02578552 -0.08872137
v -0.11571509 0.01883141 -0.08881208
v -0.23648372 0.02347133 -0.08893426
v -0.54026347 0.03303463 -0.08897759
v -0.54283679 0.02310554 0.08592838
v -0.00911871 0.02764107 0.00902423
v -0.04078689 0.03237606 0.08886196
v -0.04159597 0.03515838 -0.03322193
v -0.06324168 0.01211695 0.08965497
v -0.07354982 0.02066726 0.08970679
v -0.07799727 0.01770766 0.08957011
v -0.08359048 0.01342640 -0.08872712
v -0.18409973 0.02463410 -0.08885606
v -0.40196201 0.04083515 -0.08914015
v -0.54330796 0.01408557 -0.01159659
v -0.54321164 0.02236132 0.04216294
v -0.01462698 0.02913941 0.00843441
v -0.04113057 0.03489227 -0.00389348
v -0.04094675 0.03267587 0.01112811
v -0.04156071 0.06708217 0.13484289
v -0.13942081 0.03407438 -0.08885345
v -0.27378651 0.04121436 -0.08900553
v -0.36928982 0.03216101 -0.08913150
v -0.48345610 0.04192571 -0.08907692
v -0.54398733 0.05867029 -0.08845247
v -0.54341394 0.01771755 -0.05690335
v -0.04197466 0.06501684 -0.13251734
v -0.04088166 0.04833640 0.07492824
v -0.04077441 0.02824257 0.13474466
v -0.04077441 0.02824257 0.13474466
v -0.06376822 0.01769594 0.08968781
v -0.12557092 0.04342053 -0.08881855
v -0.29608580 0.03070087 -0.08904719
v -0.43034738 0.02742884 -0.08913893
v -0.54335654 0.03598453 -0.04030985
v -0.54329950 0.03723071 -0.01939208
v -0.54325163 0.04326476 0.00467223
v -0.54308081 0.03283248 0.07036129
v -0.00593886 0.04658131 -0.00259926
v -0.00432804 0.02848811 0.00006467
v -0.04097500 0.04322572 0.02855396
v -0.04094517 0.04250286 0.06222824
v -0.04181889 0.03772302 -0.06418411
v -0.06271078 0.02206967 0.09085014
v -0.21208350 0.03491939 -0.08887012
v -0.23452799 0.05298568 -0.08890963
v -0.44966757 0.05065654 -0.08908708
v -0.51880378 0.03529216 -0.08904457
v -0.54297423 0.03722347 0.08223444
v -0.54264337 0.04237915 0.08903791
v -0.54334772 0.04150708 0.09003329
v -0.54334772 0.04150708 0.09003329
v -0.54398733 0.05867029 -0.08845247
v -0.54387212 0.03665848 -0.08572832
v -0.54368138 0.04649599 -0.08156383
v -0.04069257 0.04163517 0.12547053
v -0.04172358 0.03341980 -0.04519921
v -0.32834825 0.03039683 -0.08910408
v -0.53461361 0.05979718 -0.08897585
v -0.54320443 0.04487700 0.04873358
v -0.00382054 0.04428823 0.00605739
v -0.00382054 0.04428823 0.00605739
v -0.04076082 0.04804505 0.09997024
v -0.04101339 0.03895725 0.00459679
v -0.07620274 0.03163360 0.08984141
v -0.54321432 0.04731203 0.01993421
v -0.54629087 0.05293582 0.09007990
v -0.55689299 0.05860562 0.09027718
v -0.00430384 0.04364059 0.00657794
v -0.00590730 0.04678641 0.00783976
v -0.00908372 0.04004384 0.00901707
v -0.06428488 0.04432101 0.08987555
v -0.04185325 0.05575247 -0.09902526
v -0.07323107 0.04119442 0.08991773
v -0.30307439 0.05366687 -0.08904068
v -0.33354920 0.04552082 -0.08909395
v -0.37624460 0.05866076 -0.08909623
v -0.54330814 0.05460508 -0.03135796
v -0.54319036 0.05595786 0.05881013
v -0.00425187 0.05040140 0.00007268
v -0.01462832 0.04354526 0.00873793
v -0.06341513 0.05937187 0.13484403
v -0.08156733 0.06773416 -0.08827034
v -0.08183804 0.03879685 0.08967458
v -0.08983588 0.06876207 -0.08872450
v -0.10898943 0.06098152 -0.08876747
v -0.18344021 0.05872507 -0.08882269
v -0.00913888 0.05315263 0.00905782
v -0.04103705 0.05047483 0.00783852
v -0.04105285 0.06550316 0.02311748
v -0.54320973 0.05949248 0.02800740
v -0.55532503 0.05723537 0.09031512
v -0.01484683 0.05455149 0.00900177
v -0.04142502 0.06207202 -0.02404142
v -0.04125962 0.05365087 -0.00999944
v -0.04181319 0.05508019 -0.07746448
v -0.14304440 0.06658024 -0.08880797
v -0.51629114 0.06636006 -0.08903252
v -0.54023540 0.05834128 -0.08900221
v -0.54311931 0.05977977 -0.08910092
v -0.54299533 0.06429905 0.08193859
v -0.00386789 0.05969236 0.00606194
v -0.00386789 0.05969236 0.00606194
v -0.00586978 0.05679787 -0.00273674
v -0.04097590 0.06493247 0.04888786
v -0.04064041 0.06806240 0.13284972
v -0.04073155 0.09299613 0.13472506
v -0.04073155 0.09299613 0.13472506
v -0.07368815 0.05963836 0.08991858
v -0.08213556 0.07501233 0.08972129
v -0.26116562 0.06828002 -0.08897223
v -0.54335570 0.07352547 -0.04069631
v -0.54325879 0.07221774 -0.00274701
v -0.54361045 0.07623968 -0.08036718
v -0.00421938 0.06214900 -0.00002944
v -0.00626767 0.06217835 0.00806338
v -0.04202691 0.07269294 -0.13455889
v -0.04175162 0.06888134 -0.08960766
v -0.04132366 0.06270317 -0.00833790
v -0.06267542 0.06878916 0.09092142
v -0.41253361 0.08826006 -0.08905290
v -0.48153126 0.08076177 -0.08904669
v -0.54286563 0.06832481 0.08573748
v -0.00907859 0.06627993 0.00905883
v -0.01475784 0.07039381 0.00890902
v -0.04074052 0.07113499 0.11192767
v -0.07840687 0.08085657 0.08987133
v -0.24945073 0.08144713 -0.08891446
v -0.30621120 0.07699130 -0.08899903
v -0.43044358 0.07977358 -0.08905031
v -0.54325783 0.07422654 0.04172318
v -0.54265380 0.06797311 0.08899851
v -0.54337120 0.06990800 0.08994205
v -0.54337120 0.06990800 0.08994205
v -0.00359565 0.07054023 0.00610854
v -0.00359565 0.07054023 0.00610854
v -0.00449836 0.07057808 0.00710149
v -0.00569019 0.07059360 -0.00277448
v -0.04091087 0.08887688 0.07062671
v -0.04083332 0.08303184 0.08369941
v -0.04168472 0.07343552 -0.07282817
v -0.04136106 0.06902347 -0.00746736
v -0.06372035 0.09977118 0.13482668
v -0.06431112 0.08237747 0.08995239
v -0.09959263 0.08317114 -0.08877039
v -0.21667212 0.07783837 -0.08880739
v -0.23140660 0.08185054 -0.08883423
v -0.54328990 0.08045495 0.05545098
v -0.54317462 0.07257883 0.06706931
v -0.54392171 0.07891161 -0.08837445
v -0.55528343 0.08350606 0.09023176
v -0.00403473 0.07050268 -0.00034758
v -0.00624475 0.07060630 0.00833746
v -0.04128593 0.07587389 0.00625797
v -0.07357615 0.08269388 0.08997260
v -0.37043637 0.08949164 -0.08901769
v -0.45413721 0.08291704 -0.08903449
v -0.00206605 0.07396884 0.00673218
v -0.00917944 0.07461203 0.00929599
v -0.01450866 0.07440195 0.00894542
v -0.04180863 0.08035664 -0.11111492
v -0.04142940 0.08793057 -0.03538558
v -0.04140231 0.07469962 -0.01723850
v -0.04080474 0.08393089 0.09320255
v -0.04130170 0.07614765 -0.00312848
v -0.04118288 0.07704169 0.01263768
v -0.18834752 0.09127418 -0.08875822
v -0.50110316 0.10221658 -0.08902918
v -0.54039931 0.08665494 -0.08891255
v -0.54392171 0.07891161 -0.08837445
v -0.54339176 0.08332846 -0.05596505
v -0.54331279 0.08879320 -0.03138673
v -0.54325420 0.08579976 0.01733976
v -0.00009871 0.07612846 0.00806236
v -0.00178042 0.07727895 0.00890426
v -0.00525585 0.07768191 0.00939319
v -0.01707393 0.07723934 0.00851751
v -0.04163307 0.08875737 -0.09288129
v -0.04100242 0.08759505 0.03230914
v -0.04095513 0.09769065 0.05416953
v -0.04077026 0.09287704 0.11465526
v -0.04100341 0.09045822 0.01686136
v -0.08355187 0.09923945 -0.08875704
v -0.52281374 0.09848047 -0.08900126
v -0.54320306 0.08894382 0.07538925
v -0.54367268 0.09759847 0.08993138
v -0.00049725 0.08560307 -0.00112945
v 0.00000000 0.08126504 0.00844635
v 0.00000000 0.08126504 0.00844635
v -0.00172278 0.08154488 0.00940051
v -0.00681365 0.08187944 0.00997943
v -0.01318267 0.08206535 0.01018513
v -0.01935583 0.08220796 0.01000422
v -0.04190359 0.09087671 -0.13256922
v -0.04124790 0.08941925 -0.00731176
v -0.04128596 0.08480046 -0.00724648
v -0.04118422 0.08890644 0.01223550
v -0.08148786 0.09732340 -0.08827226
v -0.11705947 0.09711785 -0.08879463
v -0.14195904 0.09047676 -0.08876982
v -0.26620352 0.10680414 -0.08893630
v -0.54303890 0.08718006 -0.08895804
v -0.54324186 0.09637094 0.08223577
v -0.54367268 0.09759847 0.08993138
v -0.55701184 0.09335170 0.09020053
v -0.00043628 0.08582721 0.00317610
v -0.00011808 0.08781431 0.00791371
v -0.00011808 0.08781431 0.00791371
v -0.00170580 0.08569802 0.00897450
v -0.00524798 0.08587325 0.00957273
v -0.01158729 0.08606095 0.01012087
v -0.01733103 0.08612607 0.01022741
v -0.02116299 0.08618776 0.01027330
v -0.02524516 0.08622301 0.01036048
v -0.02990443 0.08617554 0.01048153
v -0.03976572 0.08588690 0.01036024
v -0.03547892 0.08302701 0.00980148
v -0.03998676 0.08334307 0.00968472
v -0.04156202 0.09405250 -0.07698912
v -0.04133773 0.09465612 -0.01954387
v -0.04014793 0.08464447 -0.00313392
v -0.03937799 0.08262480 -0.00007236
v -0.04135895 0.08587075 0.01061768
v -0.04144078 0.08205230 0.01017458
v -0.04135895 0.08587075 0.01061768
v -0.54327726 0.10616890 -0.00703681
v -0.54329115 0.09363676 0.06360288
v -0.00161162 0.08836509 -0.00040995
v -0.00166640 0.08863351 0.00667396
v -0.00043911 0.08796877 0.00065420
v -0.00011808 0.08781431 0.00791371
v -0.00322798 0.08836094 0.00851849
v -0.00322798 0.08836094 0.00851849
v -0.00249839 0.08839539 -0.00228049
v -0.00249839 0.08839539 -0.00228049
v -0.00535399 0.08932013 -0.00062862
v -0.00623497 0.08963422 0.00692709
v -0.00916544 0.08895744 -0.00270807
v -0.01140922 0.09013034 -0.00084320
v -0.01064348 0.09031490 0.00301340
v -0.01094881 0.08912582 0.00902880
v -0.01094881 0.08912582 0.00902880
v -0.01693830 0.08935154 -0.00294764
v -0.01676917 0.09118394 0.00681416
v -0.01752982 0.09085754 -0.00058230
v -0.01844820 0.09148783 0.00373821
v -0.01799017 0.08999059 0.00889210
v -0.01799017 0.08999059 0.00889210
v -0.02184644 0.08974639 -0.00293423
v -0.01996502 0.09181259 0.00291425
v -0.02180570 0.08988450 0.00942593
v -0.02579081 0.09004138 0.00984144
v -0.02529496 0.09163255 -0.00184286
v -0.03020015 0.09012536 0.01027448
v -0.03533930 0.09012399 0.01070792
v -0.04123312 0.09004001 0.01083053
v -0.04183036 0.10271404 -0.11965342
v -0.04165080 0.10656390 -0.10283417
v -0.04146609 0.11226899 -0.06289229
v -0.04143587 0.10475952 -0.04327719
v -0.04065776 0.09064014 -0.00317793
v -0.04098305 0.11490641 0.04238643
v -0.04070261 0.09770060 0.13267060
v -0.04123312 0.09004001 0.01083053
v -0.04102996 0.09830875 0.02421875
v -0.04759929 0.10377950 0.13481693
v -0.06292818 0.10236958 0.09096690
v -0.18191631 0.10857663 -0.08872923
v -0.46817142 0.11563427 -0.08901734
v -0.54330730 0.09466717 0.03777097
v -0.54303503 0.10086546 0.08901304
v -0.01959234 0.09177313 0.00690483
v -0.02011615 0.09151361 0.00809196
v -0.02011615 0.09151361 0.00809196
v -0.02601939 0.09369338 0.00322243
v -0.03002656 0.09479860 0.00623208
v -0.02648750 0.09271855 0.00846126
v -0.02648750 0.09271855 0.00846126
v -0.03106123 0.09368283 0.00877394
v -0.03106123 0.09368283 0.00877394
v -0.03558311 0.09367607 0.00995637
v -0.04101562 0.09440062 0.01052991
v -0.04150525 0.11494062 -0.08831215
v -0.04108322 0.09661178 -0.00796735
v -0.04101562 0.09440062 0.01052991
v -0.04098159 0.09658477 0.01246331
v -0.07225303 0.09955332 0.09006053
v -0.08213888 0.10285915 0.08991359
v -0.08213888 0.10285915 0.08991359
v -0.09829056 0.10977114 -0.08877963
v -0.31103909 0.09086610 -0.08897357
v -0.33213210 0.10141820 -0.08895948
v -0.54338890 0.10394699 -0.05416255
v -0.54333794 0.11311839 -0.04127697
v -0.54395449 0.11986221 -0.08586815
v -0.03222337 0.09563003 0.00627051
v -0.03574267 0.09758840 0.00616520
v -0.03287470 0.09533001 0.00808978
v -0.03287470 0.09533001 0.00808978
v -0.03580171 0.09631000 0.00874537
v -0.03580171 0.09631000 0.00874537
v -0.03841567 0.09916190 0.00613326
v -0.03927749 0.09763867 0.00945998
v -0.03927749 0.09763867 0.00945998
v -0.04087198 0.09803063 -0.00335973
v -0.04084358 0.09734113 0.01033126
v -0.04084191 0.11704711 0.09161210
v -0.04084358 0.09734113 0.01033126
v -0.04097399 0.10213918 0.01689639
v -0.06437251 0.10238121 0.08999969
v -0.24102129 0.10747207 -0.08883519
v -0.29337722 0.11008639 -0.08895054
v -0.53322405 0.11372224 -0.08896253
v -0.54399544 0.11947215 -0.08842374
v -0.54327959 0.12075175 -0.02876923
v -0.54332769 0.10648162 0.05088954
v -0.54399544 0.11947215 -0.08842374
v -0.55538440 0.11539824 0.09027994
v -0.04128531 0.10670779 -0.01435642
v -0.04108343 0.10601068 -0.00355563
v -0.04111031 0.10125969 -0.00428643
v -0.03841567 0.09916190 0.00613326
v -0.04110211 0.10213036 0.00602926
v -0.03995034 0.09988696 0.00893659
v -0.03927749 0.09763867 0.00945998
v -0.03995034 0.09988696 0.00893659
v -0.04106382 0.10067777 0.00946174
v -0.04106382 0.10067777 0.00946174
v -0.04077327 0.11642165 0.11877108
v -0.06361119 0.13307656 0.13481395
v -0.14752676 0.11189450 -0.08876005
v -0.21631628 0.10867546 -0.08873197
v -0.43037748 0.11621401 -0.08902004
v -0.54006892 0.12166194 -0.08894876
v -0.54308021 0.12216536 -0.08902938
v -0.04090092 0.12695809 0.07498848
v -0.04082623 0.11873425 0.10296397
v -0.04107487 0.10785032 0.02447113
v -0.07369810 0.11345429 0.09000191
v -0.22873029 0.12056363 -0.08875675
v -0.33747774 0.11749674 -0.08895429
v -0.37658542 0.12110604 -0.08898149
v -0.54328722 0.11283014 0.06561681
v -0.54366809 0.11687959 -0.07949134
v -0.04183060 0.13322921 -0.13269186
v -0.04095218 0.10667668 0.00098947
v -0.04076037 0.10614333 0.00859132
v -0.04101494 0.10684765 0.01480874
v -0.08210489 0.11893357 0.08979976
v -0.08366995 0.13532291 -0.08872326
v -0.40549409 0.12630095 -0.08900012
v -0.54326153 0.12159763 0.01382616
v -0.54328132 0.12007625 0.03265040
v -0.54304099 0.12369782 0.08902980
v -0.54340851 0.13960935 -0.06930359
v -0.04118091 0.11158998 -0.00488250
v -0.04070956 0.13359274 0.13265628
v -0.04104248 0.11086509 0.00522059
v -0.04104465 0.11096925 0.01314792
v -0.04103920 0.12342194 0.02095014
v -0.06437679 0.11911152 0.08993332
v -0.12129217 0.13209929 -0.08877312
v -0.17564684 0.12530275 -0.08872918
v -0.04161203 0.12501733 -0.10301229
v -0.04165900 0.16860570 0.13480265
v -0.25267577 0.12347288 -0.08888653
v -0.54325593 0.13473083 0.08191736
v -0.55701327 0.13387825 0.09030154
v -0.04128316 0.13738261 -0.02776445
v -0.04114679 0.12686981 -0.00575561
v -0.04095569 0.14242475 0.05454050
v -0.08210489 0.11893357 0.08979976
v -0.21123914 0.13732417 -0.08868860
v -0.50243461 0.12932761 -0.08900031
v -0.52659267 0.13435788 -0.08898197
v -0.54331726 0.13920556 0.05963336
v -0.55532688 0.13406716 0.09036089
v -0.04145372 0.13130899 -0.08263174
v -0.04139355 0.13161840 -0.05353727
v -0.08161713 0.13428240 -0.08824989
v -0.10024571 0.14162315 -0.08877639
v -0.26007801 0.13856532 -0.08889043
v -0.28183398 0.13599603 -0.08892058
v -0.31373218 0.13921873 -0.08892883
v -0.54325241 0.13762181 -0.01316415
v -0.54329354 0.13958637 0.04089897
v -0.54327977 0.13955127 0.07020964
v -0.54379576 0.13534231 0.09007941
v -0.04193047 0.14606334 -0.13447452
v -0.04180625 0.13312946 -0.12239486
v -0.06299871 0.13536645 0.09079869
v -0.07393166 0.13383161 0.08977729
v -0.08191517 0.13870482 0.08950096
v -0.15712002 0.14769138 -0.08875684
v -0.54379576 0.13534231 0.09007941
v -0.54368067 0.13984402 -0.08035026
v -0.04167905 0.13591106 -0.10863711
v -0.04150012 0.14247765 -0.09080102
v -0.04106221 0.14164336 0.01052123
v -0.04100820 0.14572288 0.02657150
v -0.04084948 0.14771642 0.08651321
v -0.04079151 0.15164302 0.10757491
v -0.07759950 0.13488699 0.08972318
v -0.35462901 0.14004149 -0.08894268
v -0.47425228 0.13869141 -0.08900429
v -0.53568673 0.14726289 -0.08892058
v -0.54389751 0.14846353 -0.08838204
v -0.54331505 0.15317200 -0.04035045
v -0.54389751 0.14846353 -0.08838204
v -0.04144266 0.14597477 -0.07429388
v -0.04115722 0.14426513 -0.00736499
v -0.04074124 0.15004222 0.13275705
v -0.54326588 0.15448169 -0.02190491
v -0.54325980 0.15168305 0.00361096
v -0.54311872 0.14019983 0.08905712
v -0.54389304 0.14609836 -0.08569182
v -0.04186755 0.15285148 -0.13262400
v -0.04140905 0.15435202 -0.06702799
v -0.04128104 0.15643190 -0.03925230
v -0.04089421 0.16555889 0.13468392
v -0.04089421 0.16555889 0.13468392
v -0.12523791 0.15158720 -0.08876969
v -0.55543184 0.14661546 0.09031753
v -0.04178953 0.14978619 -0.11816513
v -0.06325792 0.14483599 0.08960539
v -0.06348194 0.13914858 0.08965012
v -0.17060550 0.15466093 -0.08873505
v -0.19093245 0.15752526 -0.08867934
v -0.22954500 0.15786739 -0.08871728
v -0.24149586 0.15268554 -0.08878527
v -0.33087122 0.15554805 -0.08892871
v -0.38744888 0.15112968 -0.08898056
v -0.42337444 0.15222247 -0.08902121
v -0.04163834 0.15315424 -0.10324769
v -0.04090637 0.15650849 0.07424226
v -0.06359254 0.15767725 0.08954056
v -0.07783875 0.16062398 0.08944449
v -0.08365507 0.16587959 -0.08869909
v -0.21023342 0.16466554 -0.08866269
v -0.28231275 0.15915002 -0.08891389
v -0.45648009 0.15150504 -0.08902950
v -0.50802922 0.16387929 -0.08900168
v -0.52577925 0.16219266 -0.08896649
v -0.54329312 0.15959589 0.01976123
v -0.54328710 0.15506275 0.08248621
v -0.06359254 0.15767725 0.08954056
v -0.54064578 0.16494845 -0.08888499
v -0.54296130 0.17784943 -0.08888698
v -0.54335666 0.16798533 -0.07321134
v -0.54335630 0.15890159 -0.05920102
v -0.54321009 0.17186157 0.08901298
v -0.54340357 0.17039432 -0.07582693
v -0.04132530 0.17005308 -0.06231627
v -0.04092392 0.17292114 0.05255904
v -0.04074913 0.17118888 0.12011598
v -0.06366272 0.15511392 0.13481100
v -0.07322422 0.16493262 0.08949858
v -0.37114277 0.17313559 -0.08896038
v -0.44309497 0.16597064 -0.08903605
v -0.48312968 0.17530318 -0.08901957
v -0.54333031 0.16606025 0.06374375
v -0.54383945 0.15820317 0.09006627
v -0.54383945 0.15820317 0.09006627
v -0.04140848 0.17185088 -0.08506720
v -0.04110643 0.16730095 0.00164402
v -0.04080507 0.16901098 0.08851005
v -0.08180514 0.18195821 -0.08824919
v -0.09818080 0.17440106 -0.08876717
v -0.14915848 0.17151068 -0.08874145
v -0.27016458 0.17979909 -0.08888850
v -0.40723020 0.17522402 -0.08901764
v -0.54331779 0.16096325 0.04477447
v -0.54373127 0.17618357 -0.08568059
v -0.55568171 0.17826448 0.09028979
v -0.04173210 0.17258550 -0.11950404
v -0.04161945 0.16484995 -0.10372363
v -0.04075417 0.17898671 0.13282175
v -0.06284720 0.16241641 0.09071003
v -0.06433161 0.16253133 0.08952254
v -0.08180825 0.17489769 0.08919823
v -0.11696178 0.17282413 -0.08875608
v -0.17750013 0.17814551 -0.08868758
v -0.54376405 0.17720874 -0.08831390
v -0.54376405 0.17720874 -0.08831390
v -0.55702138 0.17895876 0.09028997
v -0.04148695 0.17538460 -0.09612033
v -0.04116288 0.18114288 -0.02703925
v -0.04094604 0.18565340 0.02639778
v -0.04078400 0.17433353 0.09837453
v -0.25315997 0.17370816 -0.08884098
v -0.54329598 0.17099763 0.02464512
v -0.54335374 0.17030407 0.08144554
v -0.54405200 0.17539670 0.09001593
v -0.04168341 0.21117301 -0.13240281
v -0.07663746 0.17532794 0.08938387
v -0.07756585 0.18119188 0.08925268
v -0.21921545 0.17778127 -0.08864639
v -0.29742423 0.17761452 -0.08891037
v -0.53362155 0.17810439 -0.08894791
v -0.54334772 0.17384858 -0.04081044
v -0.54328883 0.17241938 -0.02147654
v -0.54330659 0.17673792 0.04622991
v -0.54405200 0.17539670 0.09001593
v -0.04083881 0.18267120 0.07913142
v -0.06288233 0.18212198 0.09067424
v -0.08390744 0.18448691 -0.08875588
v -0.54332983 0.17900829 0.00691652
v -0.54336643 0.17766894 0.07071121
v -0.04168871 0.20909648 -0.12571923
v -0.04126659 0.18240704 -0.06120333
v -0.04102895 0.19590928 0.00040396
v -0.04083458 0.19499280 0.07091768
v -0.04071778 0.18989272 0.10784198
v -0.04067776 0.19578107 0.12460776
v -0.06367616 0.18136828 0.13479604
v -0.13684438 0.18453245 -0.08871078
v -0.20125015 0.18209161 -0.08862878
v -0.23865223 0.18392034 -0.08873558
v -0.34503189 0.18167387 -0.08892538
v -0.45637843 0.18168823 -0.08903518
v -0.54316193 0.19128560 -0.08885753
v -0.54348743 0.18570583 -0.07052063
v -0.54342782 0.18439828 -0.03590509
v -0.54335487 0.18047954 -0.01748385
v -0.54331923 0.18000601 0.03168571
v -0.54351509 0.18904303 0.08218442
v -0.04159027 0.19433828 -0.11178923
v -0.04136771 0.19028781 -0.08749833
v -0.08240855 0.18148576 0.08858913
v -0.09860280 0.18613802 -0.08877254
v -0.16847989 0.19482656 -0.08871253
v -0.21571955 0.19478793 -0.08861192
v -0.33031979 0.19466724 -0.08895503
v -0.36399576 0.19467248 -0.08895388
v -0.38821569 0.19464929 -0.08902028
v -0.42372516 0.19471712 -0.08909041
v -0.48715761 0.19479792 -0.08901919
v -0.51263821 0.18491934 -0.08901687
v -0.51466703 0.19468148 -0.08901000
v -0.54347074 0.19171630 -0.00495949
v -0.54343891 0.19170596 0.01322780
v -0.54334253 0.18549334 0.05661004
v -0.54351097 0.19181265 0.08902368
v -0.54357052 0.19134243 -0.07497182
v -0.54802883 0.19664966 0.08995003
v -0.04083347 0.20455088 0.13470159
v -0.04083347 0.20455088 0.13470159
v -0.06353110 0.20234086 0.13480836
v -0.07870737 0.19436567 0.08902302
v -0.08275455 0.18640687 0.08847968
v -0.25676244 0.19465287 -0.08884299
v -0.53028965 0.19474225 -0.08893241
v -0.54404670 0.19098286 -0.08831241
v -0.54350567 0.19162159 -0.05702446
v -0.54328614 0.19160430 0.03349336
v -0.54345500 0.19185250 0.07664165
v -0.54418588 0.19154377 0.08992483
v -0.54418588 0.19154377 0.08992483
v -0.54404670 0.19098286 -0.08831241
v -0.04129311 0.19124852 -0.06942997
v -0.04126546 0.20182313 -0.06534629
v -0.04085615 0.19663085 0.05309360
v -0.04166436 0.21153446 0.13483620
v -0.06381968 0.18707721 0.08935693
v -0.06787235 0.19130452 -0.09616341
v -0.08221629 0.19413026 0.08883104
v -0.08221310 0.19493182 -0.08817607
v -0.08327939 0.19157214 0.08832054
v -0.10211502 0.19504611 -0.08869191
v -0.13756795 0.19485356 -0.08864293
v -0.23237425 0.19475658 -0.08864570
v -0.29914546 0.19465603 -0.08895034
v -0.46619153 0.19475819 -0.08908068
v -0.54345369 0.19170688 -0.04337323
v -0.54327482 0.19169153 0.05041730
v -0.54362303 0.19183438 0.08454424
v -0.04115292 0.20031269 -0.03523109
v -0.04080918 0.20652775 0.04194701
v -0.04070297 0.20541109 0.08690707
v -0.04064783 0.21001376 0.10670780
v -0.06354681 0.19574197 0.08936255
v -0.06776384 0.19561411 -0.09627039
v -0.08488463 0.19539408 -0.08863850
v -0.08440363 0.19501387 0.08839072
v -0.54015952 0.19487040 -0.08894557
v -0.54311538 0.19481282 -0.08866498
v -0.54407924 0.19572239 -0.08795158
v -0.54265809 0.19444756 -0.05749784
v -0.54274827 0.19432135 -0.05251611
v -0.54276180 0.19426791 0.00610624
v -0.54264188 0.19430183 0.02821337
v -0.54264623 0.19427763 0.05046660
v -0.54285610 0.19435270 0.07634893
v -0.54298353 0.19455229 0.08545738
v -0.54288661 0.19447856 0.08895369
v -0.54355294 0.19514664 0.08990446
v -0.54355294 0.19514664 0.08990446
v -0.54407924 0.19572239 -0.08795158
v -0.54398346 0.19536464 -0.08087455
v -0.55699843 0.20858537 0.09012589
v -0.04173553 0.21935968 -0.13429421
v -0.04069367 0.20499359 0.13266692
v -0.06933203 0.20025365 0.08918491
v -0.08264366 0.19704391 -0.08806869
v -0.08464415 0.19671504 0.08873473
v -0.09365655 0.19624563 -0.08822198
v -0.08760577 0.19571333 0.08826019
v -0.12525745 0.19587080 -0.08818642
v -0.15671481 0.19580580 -0.08821285
v -0.18566780 0.19569121 -0.08823535
v -0.22748296 0.19566797 -0.08816243
v -0.26475471 0.19552375 -0.08832002
v -0.28588104 0.19553854 -0.08835267
v -0.33245978 0.19551761 -0.08835715
v -0.37353909 0.19558437 -0.08836116
v -0.39710784 0.19560097 -0.08839175
v -0.42321944 0.19562764 -0.08843050
v -0.44773632 0.19570749 -0.08841674
v -0.49908668 0.19572233 -0.08836269
v -0.52365386 0.19547330 -0.08829698
v -0.52838212 0.19943894 0.08968450
v -0.53999925 0.19573061 0.08982900
v -0.51161653 0.19532739 0.08954148
v -0.53988814 0.19578005 -0.08838063
v -0.54333305 0.19468798 -0.07079361
v -0.54306775 0.19432975 -0.06421894
v -0.55529583 0.20657183 0.09018604
v -0.04129156 0.20951639 -0.08451388
v -0.04074624 0.21350567 0.06232489
v -0.06391931 0.20232446 0.08932854
v -0.07876599 0.20649920 0.08918065
v -0.08283751 0.20880587 0.08910897
v -0.08924630 0.20693706 0.08885010
v -0.09802113 0.20625736 0.08871441
v -0.10812533 0.20611174 0.08873409
v -0.13430461 0.20680954 0.08903179
v -0.17953888 0.20713191 0.08900569
v -0.21660584 0.20699562 0.08905558
v -0.25397834 0.20683582 0.08894613
v -0.29015180 0.20686974 0.08885339
v -0.34957814 0.20698510 0.08893849
v -0.37540030 0.20685770 0.08916542
v -0.38794574 0.20872842 0.08925925
v -0.40593320 0.20705567 0.08911778
v -0.47437429 0.20701663 0.08915751
v -0.49254847 0.20682110 0.08943838
v -0.52943182 0.20708446 0.08979008
v -0.54487991 0.20669214 0.08995423
v -0.04146665 0.20799495 -0.10423280
v -0.06382367 0.20691572 0.08926521
v -0.06382367 0.20691572 0.08926521
v -0.06652604 0.20705090 0.08912939
v -0.06980440 0.20885606 0.08916450
v -0.50644529 0.20687871 0.08971669
v -0.04115734 0.21173777 -0.04265720
v -0.04099807 0.21256025 -0.00324278
v -0.04082379 0.21569873 0.02281535
v -0.04068175 0.21710326 0.07537303
v -0.06425956 0.20926474 -0.09872143
v -0.06459571 0.20906349 -0.09589103
v -0.06339909 0.20965539 -0.09786641
v -0.06322864 0.20959131 -0.09219868
v -0.06444396 0.20883547 -0.07912731
v -0.06323858 0.20939000 -0.08330564
v -0.06311031 0.20940955 -0.06138031
v -0.06439221 0.20894577 -0.03610540
v -0.06315054 0.20941977 -0.04663022
v -0.06301494 0.20945318 -0.03398579
v -0.06301494 0.20945318 -0.03398579
v -0.06439221 0.20894577 -0.03610540
v -0.06312597 0.20940627 -0.00440229
v -0.06443568 0.20889367 -0.00970849
v -0.06443568 0.20889367 -0.00970849
v -0.06433123 0.20904694 0.01752421
v -0.06312597 0.20940627 -0.00440229
v -0.06287864 0.20959155 0.02544751
v -0.06445190 0.20918195 0.06777387
v -0.06294569 0.20965771 0.05918535
v -0.06322107 0.20966686 0.07326134
v -0.06441009 0.20930292 0.08563535
v -0.06313089 0.20970781 0.08529556
v -0.06329906 0.20901667 0.08890100
v -0.06453913 0.20887746 0.08848944
v -0.06453913 0.20887746 0.08848944
v -0.06329906 0.20901667 0.08890100
v -0.06788301 0.20889343 -0.09811144
v -0.06809801 0.20871739 -0.07842717
v -0.06805812 0.20866410 -0.06730778
v -0.06831901 0.20878588 -0.02949277
v -0.06808217 0.20877065 -0.01380112
v -0.06831901 0.20878588 -0.02949277
v -0.06800777 0.20886333 0.00913876
v -0.06835212 0.20894109 0.05436882
v -0.06831874 0.20888896 0.07786302
v -0.06934671 0.20899732 0.08619334
v -0.06822866 0.20896621 0.08861662
v -0.06822866 0.20896621 0.08861662
v -0.07796617 0.20873742 -0.09658246
v -0.07440670 0.20875005 -0.08900537
v -0.08092074 0.20844416 -0.06009809
v -0.07885225 0.20855020 -0.01913318
v -0.07552865 0.20870127 0.02655513
v -0.07724634 0.20862068 -0.09798889
v -0.08247659 0.20854388 0.06997772
v -0.08688669 0.20859165 0.08523113
v -0.08907907 0.20877193 0.08886178
v -0.08283751 0.20880587 0.08910897
v -0.06980440 0.20885606 0.08916450
v -0.08718437 0.20843242 -0.07240681
v -0.08393441 0.20848663 -0.00261859
v -0.08131625 0.20855279 0.03207535
v -0.09907939 0.20848434 -0.09779567
v -0.09307168 0.20861264 -0.09203468
v -0.08755317 0.20848180 0.04710241
v -0.08907907 0.20877193 0.08886178
v -0.09009060 0.20841770 -0.03780967
v -0.09128159 0.20844387 0.01143835
v -0.09552655 0.20850642 0.07449487
v -0.09678151 0.20850269 -0.08296920
v -0.10441940 0.20842792 -0.03039262
v -0.10331695 0.20847191 -0.07937412
v -0.10133183 0.20842566 -0.05792620
v -0.10487565 0.20844115 0.00232333
v -0.09919032 0.20842849 0.04205076
v -0.10201705 0.20845439 0.06604230
v -0.11409448 0.20851474 0.08561252
v -0.08907907 0.20877193 0.08886178
v -0.08688669 0.20859165 0.08523113
v -0.10382147 0.20861422 0.08869371
v -0.11589448 0.20856784 -0.09652792
v -0.12892419 0.20862706 0.08845215
v -0.12892419 0.20862706 0.08845215
v -0.11553808 0.20843555 0.03609832
v -0.09552655 0.20850642 0.07449487
v -0.12187180 0.20846672 -0.09302504
v -0.11769739 0.20841573 -0.07852389
v -0.11528739 0.20842065 -0.06179074
v -0.10201705 0.20845439 0.06604230
v -0.11735642 0.20846383 0.06462310
v -0.09552655 0.20850642 0.07449487
v -0.11735642 0.20846383 0.06462310
v -0.11409448 0.20851474 0.08561252
v -0.13400772 0.20829166 -0.09776431
v -0.11553808 0.20843555 0.03609832
v -0.12858810 0.20841219 -0.05527607
v -0.12733406 0.20842643 -0.02914477
v -0.13162380 0.20843913 0.00221834
v -0.13257931 0.20850123 0.08901854
v -0.12892419 0.20862706 0.08845215
v -0.13257931 0.20850123 0.08901854
v -0.10382147 0.20861422 0.08869371
v -0.14118800 0.20843615 0.07146875
v -0.13767275 0.20846240 0.08575223
v -0.13672715 0.20840700 0.04972014
v -0.15292864 0.20840533 -0.07845852
v -0.15555185 0.20842244 -0.04775229
v -0.18059272 0.20846583 -0.08694781
v -0.16379863 0.20843156 -0.02689648
v -0.17296830 0.20840497 0.01985097
v -0.15655395 0.20838891 0.03355470
v -0.16629066 0.20859970 -0.09660612
v -0.15114200 0.20842366 -0.06630641
v -0.17784226 0.20837851 0.05161951
v -0.17374636 0.20841174 0.06676921
v -0.17591879 0.20842583 -0.00489900
v -0.18570146 0.20852275 0.08581236
v -0.17889310 0.20842434 -0.06602164
v -0.18092510 0.20852898 -0.09318288
v -0.19026241 0.20870088 0.08848578
v -0.20185502 0.20844151 -0.07980229
v -0.20613047 0.20843191 -0.05684897
v -0.19698489 0.20837100 0.03981049
v -0.20586561 0.20841308 -0.09781702
v -0.20613047 0.20843191 -0.05684897
v -0.16379863 0.20843156 -0.02689648
v -0.15555185 0.20842244 -0.04775229
v -0.19892070 0.20845707 0.07299425
v -0.21055970 0.20865257 0.08906555
v -0.21055970 0.20865257 0.08906555
v -0.20931485 0.20842035 0.00431914
v -0.22597489 0.20854484 0.08576740
v -0.20948917 0.20843653 -0.02477191
v -0.20931485 0.20842035 0.00431914
v -0.23356359 0.20871048 -0.09657446
v -0.21818347 0.20838137 0.05252968
v -0.22284192 0.20845003 0.06904178
v -0.22197811 0.20843317 -0.03691266
v -0.20948917 0.20843653 -0.02477191
v -0.22322598 0.20839112 0.03168164
v -0.23342638 0.20856921 -0.09242015
v -0.23383342 0.20845895 -0.06076972
v -0.23208421 0.20874165 0.08847564
v -0.23823725 0.20845731 0.05919626
v -0.24582182 0.20872243 0.08896081
v -0.24582182 0.20872243 0.08896081
v -0.25519150 0.20852317 -0.09769639
v -0.24344988 0.20848341 -0.07794642
v -0.24487369 0.20849676 -0.00996866
v -0.24634880 0.20849960 -0.03436834
v -0.24487369 0.20849676 -0.00996866
v -0.24129751 0.20845355 0.02987980
v -0.20931485 0.20842035 0.00431914
v -0.24129751 0.20845355 0.02987980
v -0.24368082 0.20855232 0.07328072
v -0.25061280 0.20868592 0.08575560
v -0.25061280 0.20868592 0.08575560
v -0.23208421 0.20874165 0.08847564
v -0.22597489 0.20854484 0.08576740
v -0.26412117 0.20853470 -0.06381661
v -0.26998171 0.20889337 0.08841452
v -0.24582182 0.20872243 0.08896081
v -0.26430544 0.20853566 -0.04552770
v -0.25830325 0.20851280 0.01934958
v -0.26240063 0.20850517 0.04650240
v -0.29236138 0.20871748 -0.09331749
v -0.26836288 0.20859797 -0.08647639
v -0.26240063 0.20850517 0.04650240
v -0.26246607 0.20858879 0.06979544
v -0.28918666 0.20856781 -0.03125218
v -0.28928602 0.20879491 0.08888370
v -0.28928602 0.20879491 0.08888370
v -0.27715832 0.20855840 -0.00622631
v -0.25830325 0.20851280 0.01934958
v -0.29794994 0.20885564 -0.09659141
v -0.28337455 0.20851733 0.02767402
v -0.28824872 0.20852239 0.05561037
v -0.28875709 0.20874144 0.08578126
v -0.26998171 0.20889337 0.08841452
v -0.29096255 0.20860378 0.07168849
v -0.30541158 0.20865916 -0.08808050
v -0.29721075 0.20857967 -0.07795545
v -0.30266097 0.20860125 -0.09770365
v -0.28337455 0.20851733 0.02767402
v -0.28824872 0.20852239 0.05561037
v -0.26240063 0.20850517 0.04650240
v -0.30038404 0.20857488 -0.06612092
v -0.29639411 0.20856534 0.00649162
v -0.31377509 0.20868705 0.08576247
v -0.32334170 0.20857827 -0.00401050
v -0.32010585 0.20853908 0.02715324
v -0.31227645 0.20857136 0.06950241
v -0.31246424 0.20883019 0.08842547
v -0.28928602 0.20879491 0.08888370
v -0.33055761 0.20857324 -0.05513606
v -0.33529949 0.20861210 -0.08272978
v -0.29721075 0.20857967 -0.07795545
v -0.30541158 0.20865916 -0.08808050
v -0.33529949 0.20861210 -0.08272978
v -0.33300900 0.20857735 -0.07639445
v -0.33740085 0.20858188 -0.02723278
v -0.31746078 0.20851247 0.04844297
v -0.31746078 0.20851247 0.04844297
v -0.32818973 0.20853560 0.05853024
v -0.32818973 0.20853560 0.05853024
v -0.34941652 0.20872845 0.08897027
v -0.34941652 0.20872845 0.08897027
v -0.33664066 0.20860307 0.07128850
v -0.34774694 0.20858200 0.01480079
v -0.35874566 0.20857029 0.03982557
v -0.35770988 0.20859863 -0.09771433
v -0.35826856 0.20886771 -0.09658814
v -0.35709241 0.20873757 -0.09307149
v -0.35709241 0.20873757 -0.09307149
v -0.36435699 0.20870392 0.08581997
v -0.36623332 0.20884655 0.08852668
v -0.37766379 0.20859893 -0.03933180
v -0.35874566 0.20857029 0.03982557
v -0.38189757 0.20860340 0.05542791
v -0.32818973 0.20853560 0.05853024
v -0.39149624 0.20863415 -0.07529891
v -0.37883025 0.20860122 -0.05948145
v -0.38189757 0.20860340 0.05542791
v -0.37482917 0.20864256 0.07034440
v -0.37661469 0.20868994 -0.08716018
v -0.37135530 0.20862742 -0.00832814
v -0.38544106 0.20862828 0.02604124
v -0.38794574 0.20872842 0.08925925
v -0.35770988 0.20859863 -0.09771433
v -0.38837430 0.20893751 -0.09658587
v -0.35826856 0.20886771 -0.09658814
v -0.37661469 0.20868994 -0.08716018
v -0.40215883 0.20870788 -0.08500913
v -0.42194203 0.20863862 -0.09767024
v -0.38959354 0.20863132 -0.02590168
v -0.39514181 0.20865761 0.00807220
v -0.38544106 0.20862828 0.02604124
v -0.37135530 0.20862742 -0.00832814
v -0.38544106 0.20862828 0.02604124
v -0.40925753 0.20883633 -0.09348048
v -0.38959354 0.20863132 -0.02590168
v -0.39818949 0.20861875 0.04870810
v -0.41584706 0.20863192 -0.03392050
v -0.37766379 0.20859893 -0.03933180
v -0.40776652 0.20867158 0.07069606
v -0.40935045 0.20876686 0.08912440
v -0.40935045 0.20876686 0.08912440
v -0.41959822 0.20863356 -0.05888883
v -0.37883025 0.20860122 -0.05948145
v -0.41562349 0.20888750 0.08852541
v -0.40925753 0.20883633 -0.09348048
v -0.41959822 0.20863356 -0.05888883
v -0.41617447 0.20865346 -0.01692880
v -0.39514181 0.20865761 0.00807220
v -0.40791827 0.20865782 0.03058419
v -0.41804174 0.20874937 0.08592775
v -0.41617447 0.20865346 -0.01692880
v -0.42120543 0.20865925 0.00444587
v -0.42673820 0.20865221 0.02344680
v -0.42575768 0.20862903 0.05176219
v -0.42194203 0.20863862 -0.09767024
v -0.43214512 0.20891659 -0.09655489
v -0.38837430 0.20893751 -0.09658587
v -0.42808533 0.20867570 -0.08014229
v -0.43106663 0.20867150 0.07393822
v -0.43656731 0.20877878 -0.09293433
v -0.43803102 0.20867811 0.08596343
v -0.43978605 0.20880263 0.08855231
v -0.41584706 0.20863192 -0.03392050
v -0.45277727 0.20865889 -0.02803103
v -0.44693446 0.20869459 -0.08391976
v -0.44963524 0.20865186 -0.07220133
v -0.44100612 0.20862599 -0.04593879
v -0.44555044 0.20866342 0.00185964
v -0.45014131 0.20864783 0.06324171
v -0.45046329 0.20864488 0.02773257
v -0.45552638 0.20863317 0.04878083
v -0.46858811 0.20868947 0.07264791
v -0.47072417 0.20868252 0.08568066
v -0.46201566 0.20865120 -0.04994873
v -0.46151862 0.20868124 -0.01850097
v -0.47830856 0.20870201 0.08919863
v -0.47830856 0.20870201 0.08919863
v -0.46547860 0.20867898 0.00828239
v -0.48328346 0.20863344 -0.09774533
v -0.48281172 0.20893662 -0.09660567
v -0.47653097 0.20879380 -0.09243998
v -0.47378579 0.20869659 -0.07860159
v -0.47539571 0.20868768 0.03121746
v -0.45552638 0.20863317 0.04878083
v -0.46858811 0.20868947 0.07264791
v -0.45014131 0.20864783 0.06324171
v -0.50268185 0.20893420 0.08875397
v -0.47907546 0.20869048 -0.05941252
v -0.49167907 0.20875056 0.04816860
v -0.48804224 0.20872964 -0.03126879
v -0.49065599 0.20874031 -0.00603781
v -0.49167907 0.20875056 0.04816860
v -0.51118845 0.20881550 0.08561254
v -0.49521902 0.20881356 -0.08290809
v -0.49884522 0.20877279 -0.06946276
v -0.50260508 0.20877089 -0.03771877
v -0.49550694 0.20877255 0.01891446
v -0.50194585 0.20891322 -0.09254201
v -0.52181220 0.20869614 -0.09773372
v -0.50993401 0.20879291 0.08971891
v -0.50993401 0.20879291 0.08971891
v -0.52500147 0.20900004 -0.09658141
v -0.51148838 0.20879008 -0.06421281
v -0.51622689 0.20877303 -0.03413382
v -0.51390070 0.20877655 -0.01329081
v -0.51390070 0.20877655 -0.01329081
v -0.50923598 0.20880152 0.01255056
v -0.49065599 0.20874031 -0.00603781
v -0.49550694 0.20877255 0.01891446
v -0.50923598 0.20880152 0.01255056
v -0.50950110 0.20881684 0.04882263
v -0.52368093 0.20890151 -0.09295993
v -0.51800430 0.20881011 0.05708840
v -0.52299798 0.20874737 -0.04697235
v -0.52316791 0.20877622 0.00782716
v -0.52555954 0.20881464 0.03212585
v -0.53448921 0.20880841 0.08610842
v -0.52837032 0.20875783 -0.06748671
v -0.53992045 0.20881991 0.08985575
v -0.53992045 0.20881991 0.08985575
v -0.53573811 0.20874883 -0.02258115
v -0.53466034 0.20882715 0.05884750
v -0.54796934 0.20890810 0.08904864
v -0.53781289 0.20892997 -0.09243577
v -0.53831875 0.20873301 -0.04985058
v -0.53754479 0.20879422 0.01262033
v -0.53730595 0.20880385 -0.09776378
v -0.53986579 0.20877714 -0.06797976
v -0.55542684 0.20904793 -0.09662938
v -0.54875755 0.20894779 -0.09367253
v -0.55542344 0.20881556 0.01698963
v -0.54509044 0.20882304 0.05071944
v -0.55552334 0.20897542 -0.08681597
v -0.55538642 0.20879118 -0.05794599
v -0.55549973 0.20878129 -0.03624855
v -0.55549973 0.20878129 -0.03624855
v -0.55538988 0.20874704 -0.01867417
v -0.53573811 0.20874883 -0.02258115
v -0.55538988 0.20874704 -0.01867417
v -0.55539078 0.20883094 0.07477566
v -0.55525541 0.20874970 0.08617070
v -0.55698907 0.20877896 -0.09785783
v -0.55542344 0.20881556 0.01698963
v -0.55527908 0.20876296 0.04730991
v -0.54509044 0.20882304 0.05071944
v -0.55527908 0.20876296 0.04730991
v -0.55523586 0.20878203 0.09013131
v -0.55523586 0.20878203 0.09013131
v -0.55723476 0.20879020 -0.09669484
v -0.55710483 0.20881476 -0.09225057
v -0.55702943 0.20858611 -0.06136601
v -0.55700630 0.20852502 -0.01484924
v -0.55700630 0.20852502 -0.01484924
v -0.55700630 0.20852502 -0.01484924
v -0.55695689 0.20857356 0.04090712
v -0.55695689 0.20857356 0.04090712
v -0.55698931 0.20865820 0.07713225
v -0.55699843 0.20858537 0.09012589
v -0.04126459 0.23063360 -0.11291615
v -0.04124203 0.22094043 -0.09146507
v -0.04050606 0.22970931 0.12741847
v -0.04148483 0.22439291 -0.13243675
v -0.04134712 0.23077820 -0.12314688
v -0.04114115 0.22393505 -0.07081813
v -0.04106984 0.22260268 -0.04407781
v -0.04062620 0.23341037 0.03620783
v -0.04053205 0.23335584 0.08388129
v -0.04056945 0.23346789 0.10592209
v -0.04063705 0.22590952 0.13473082
v -0.04063705 0.22590952 0.13473082
v -0.04160011 0.23052557 0.13487041
v -0.04094169 0.22364603 -0.00651816
v -0.04064220 0.23340426 0.05956922
v -0.04055628 0.23350047 0.11840962
v -0.04045323 0.23072584 0.13277353
v -0.04087317 0.23062889 -0.00466652
v -0.06354924 0.22579120 0.13481194
v -0.04150808 0.23344310 -0.13431405
v -0.04124787 0.23085095 -0.13241002
v -0.04105225 0.23347358 -0.08567309
v -0.04095551 0.23085965 -0.03974424
v -0.04073703 0.23338096 0.13472299
v -0.04073703 0.23338096 0.13472299
v -0.06356928 0.23318933 0.13483259
v -0.04133633 0.23351990 -0.13229978
v -0.04206523 0.23434506 -0.13242617
v -0.04195356 0.23438461 -0.12843931
v -0.04141399 0.23357840 -0.12062649
v -0.04196519 0.23438247 -0.11623581
v -0.04175514 0.23419969 -0.09645639
v -0.04171136 0.23419400 -0.06622325
v -0.04099718 0.23342587 -0.05130308
v -0.04171136 0.23419400 -0.06622325
v -0.04167211 0.23405696 -0.03376509
v -0.04099718 0.23342587 -0.05130308
v -0.04161963 0.23410062 0.00113208
v -0.04086360 0.23345660 -0.00078234
v -0.04086360 0.23345660 -0.00078234
v -0.04150409 0.23400630 0.02470478
v -0.04062620 0.23341037 0.03620783
v -0.04147968 0.23398577 0.05543405
v -0.04064220 0.23340426 0.05956922
v -0.04140970 0.23387317 0.08504280
v -0.04053205 0.23335584 0.08388129
v -0.04056945 0.23346789 0.10592209
v -0.04146492 0.23418231 0.11755686
v -0.04055628 0.23350047 0.11840962
v -0.04055125 0.23344950 0.13269991
v -0.04055125 0.23344950 0.13269991
v -0.04151693 0.23412029 0.13271423
v -0.04073703 0.23338096 0.13472299
v -0.04581180 0.23361735 -0.13443923
v -0.04206523 0.23434506 -0.13242617
v -0.04150808 0.23344310 -0.13431405
v -0.04196519 0.23438247 -0.11623581
v -0.04460138 0.23425712 -0.09548586
v -0.04175514 0.23419969 -0.09645639
v -0.04461777 0.23424725 -0.07009116
v -0.05112675 0.23390324 0.06576812
v -0.04432130 0.23390408 0.09432547
v -0.04914024 0.23407443 0.11092609
v -0.05097747 0.23408230 0.12785946
v -0.04692286 0.23420088 0.13285272
v -0.04607797 0.23357223 0.13483894
v -0.04607797 0.23357223 0.13483894
v -0.05029547 0.23426183 -0.12721556
v -0.04195356 0.23438461 -0.12843931
v -0.05251794 0.23429821 -0.10958996
v -0.05152819 0.23408593 -0.05145878
v -0.06250699 0.23385258 -0.00454140
v -0.05295619 0.23390718 0.03322599
v -0.05291909 0.23412181 0.12307070
v -0.06192817 0.23353998 -0.13438764
v -0.06265090 0.23420177 -0.09273930
v -0.06268489 0.23416544 -0.06987628
v -0.05835417 0.23387028 0.08928758
v -0.06257370 0.23410659 0.13280459
v -0.06220920 0.23351674 0.13480964
v -0.06220920 0.23351674 0.13480964
v -0.06234786 0.23422484 -0.13237163
v -0.06258537 0.23430659 -0.12577328
v -0.06260811 0.23436247 -0.11008393
v -0.06243235 0.23385952 -0.03022264
v -0.06252201 0.23384179 0.01686789
v -0.05934253 0.23390542 0.05515939
v -0.06259349 0.23416035 0.11023255
v -0.06262757 0.23416106 0.12340994
v -0.06254043 0.23395465 0.05169488
v -0.06258419 0.23397233 0.09234123
v -0.06320085 0.23322715 -0.13426456
v -0.06348266 0.23349626 -0.13179779
v -0.06348747 0.23359536 -0.10810094
v -0.06361984 0.23347606 -0.06286174
v -0.06327844 0.23336257 -0.03454143
v -0.06341495 0.23333125 -0.00633825
v -0.06333072 0.23332618 0.01932087
v -0.06328614 0.23340143 0.05092753
v -0.06340903 0.23340933 0.07567404
v -0.06326549 0.23347332 0.10173832
v -0.06345218 0.23348944 0.12532736
v -0.06360629 0.23343588 0.13259795
v -0.06356928 0.23318933 0.13483259
vt 0.69167000 0.82120001
vt 0.68804002 0.82099003
vt 0.68940002 0.82189000
vt 0.67791998 0.82191002
vt 0.67896003 0.82090002
vt 0.66562003 0.82120001
vt 0.66583002 0.82208002
vt 0.62673002 0.82125002
vt 0.63362998 0.82209003
vt 0.58951998 0.82126999
vt 0.59698999 0.82211000
vt 0.56945997 0.82218999
vt 0.55537999 0.82125002
vt 0.53904998 0.82128000
vt 0.51787001 0.82225001
vt 0.51677001 0.82132000
vt 0.49759001 0.82128000
vt 0.47839001 0.82226002
vt 0.48142001 0.82121003
vt 0.47367999 0.82128000
vt 0.47376999 0.82239002
vt 0.47205999 0.82121998
vt 0.44466999 0.95372999
vt 0.44558999 0.95191002
vt 0.44479001 0.95133001
vt 0.08284000 0.34279001
vt 0.08263000 0.34039000
vt 0.08084000 0.34263000
vt 0.08092000 0.34082001
vt 0.08265000 0.32874000
vt 0.08089000 0.32407999
vt 0.08268000 0.31650001
vt 0.08086000 0.31018001
vt 0.08267000 0.28388000
vt 0.08081000 0.29449999
vt 0.08085000 0.27711001
vt 0.08088000 0.26508999
vt 0.08264000 0.24676000
vt 0.08072000 0.24639000
vt 0.08269000 0.21886000
vt 0.08063000 0.21584000
vt 0.08273000 0.16656999
vt 0.08067000 0.16757999
vt 0.08253000 0.12657000
vt 0.08074000 0.13485000
vt 0.07772000 0.12515999
vt 0.08251000 0.12192000
vt 0.08042000 0.12187000
vt 0.08284000 0.11990000
vt 0.08041000 0.12012000
vt 0.07557000 0.33469000
vt 0.07328000 0.32262999
vt 0.07341000 0.29128999
vt 0.07409000 0.17344999
vt 0.46550000 0.98233002
vt 0.46496999 0.98487002
vt 0.46432999 0.97377998
vt 0.44554999 0.94015002
vt 0.44470000 0.94104999
vt 0.06945000 0.34265000
vt 0.06874000 0.31037000
vt 0.06882000 0.27342999
vt 0.07254000 0.23345000
vt 0.07031000 0.21236999
vt 0.07000000 0.12538999
vt 0.07195000 0.12187000
vt 0.06955000 0.12014000
vt 0.46551999 0.97081000
vt 0.06610000 0.34075001
vt 0.06599000 0.33460000
vt 0.06595000 0.32391000
vt 0.06565000 0.25749999
vt 0.06558000 0.24022000
vt 0.06830000 0.19642000
vt 0.06824000 0.16580001
vt 0.06551000 0.13372999
vt 0.06559000 0.12196000
vt 0.46516001 0.96673000
vt 0.44527000 0.93673998
vt 0.44420999 0.93625998
vt 0.06609000 0.34261999
vt 0.06583000 0.30982000
vt 0.06567000 0.27645999
vt 0.06570000 0.21177000
vt 0.06557000 0.16266000
vt 0.06570000 0.12000000
vt 0.44457000 0.93585998
vt 0.06493000 0.34272000
vt 0.06478000 0.34074000
vt 0.06481000 0.33338001
vt 0.06456000 0.30980000
vt 0.06430000 0.27081001
vt 0.06422000 0.23871000
vt 0.06443000 0.20606001
vt 0.06433000 0.16463000
vt 0.06433000 0.15071000
vt 0.06426000 0.13057999
vt 0.64104003 0.04870000
vt 0.63261002 0.04726000
vt 0.63608003 0.04865000
vt 0.63091999 0.04764000
vt 0.63299000 0.04860000
vt 0.84043998 0.04877000
vt 0.81722999 0.04876000
vt 0.81408000 0.05138000
vt 0.77890003 0.04877000
vt 0.77780998 0.05115000
vt 0.74887002 0.05119000
vt 0.74734002 0.04874000
vt 0.72248000 0.05114000
vt 0.71524000 0.04869000
vt 0.70639002 0.05137000
vt 0.67451000 0.04867000
vt 0.67028999 0.05118000
vt 0.66083997 0.04868000
vt 0.63088000 0.05187000
vt 0.43641001 0.95358002
vt 0.43752000 0.94919997
vt 0.43239000 0.93590999
vt 0.84946001 0.04918000
vt 0.84759998 0.04883000
vt 0.84773999 0.06048000
vt 0.84500998 0.05720000
vt 0.83827001 0.05783000
vt 0.81634003 0.05736000
vt 0.81308001 0.05347000
vt 0.77784002 0.05475000
vt 0.74237001 0.05466000
vt 0.71635997 0.05483000
vt 0.69292003 0.05536000
vt 0.67069000 0.05525000
vt 0.65890998 0.05450000
vt 0.64033997 0.05551000
vt 0.63613999 0.05481000
vt 0.63091999 0.05523000
vt 0.84951001 0.06154000
vt 0.79269999 0.06094000
vt 0.76705998 0.05828000
vt 0.74678999 0.05859000
vt 0.73594999 0.05846000
vt 0.72179002 0.05834000
vt 0.71222001 0.05872000
vt 0.65809000 0.06050000
vt 0.43245000 0.93703997
vt 0.82815999 0.06802000
vt 0.77350998 0.06532000
vt 0.69260001 0.06616000
vt 0.67416000 0.06550000
vt 0.42302999 0.95327997
vt 0.84407002 0.06759000
vt 0.75031000 0.07268000
vt 0.73738003 0.07071000
vt 0.64235997 0.07031000
vt 0.63325000 0.06899000
vt 0.63090998 0.07241000
vt 0.78753000 0.07115000
vt 0.71750998 0.06934000
vt 0.41157001 0.93576002
vt 0.41282001 0.93690997
vt 0.84944999 0.08267000
vt 0.69593000 0.07338000
vt 0.67828000 0.07257000
vt 0.66289002 0.07710000
vt 0.84779000 0.08258000
vt 0.84482998 0.08285000
vt 0.82045001 0.07634000
vt 0.82871002 0.07948000
vt 0.78302997 0.07517000
vt 0.73796999 0.07692000
vt 0.71776003 0.07597000
vt 0.63371003 0.08190000
vt 0.40492001 0.94487000
vt 0.81268001 0.08008000
vt 0.77780002 0.07996000
vt 0.74778998 0.07946000
vt 0.69822001 0.07894000
vt 0.67720002 0.07930000
vt 0.42006001 0.95346999
vt 0.40799999 0.95182002
vt 0.83385003 0.08767000
vt 0.79540998 0.08364000
vt 0.73790997 0.08578000
vt 0.71452999 0.08492000
vt 0.66676003 0.08434000
vt 0.65324003 0.08716000
vt 0.82195002 0.09014000
vt 0.81278998 0.08686000
vt 0.77500999 0.08463000
vt 0.67600000 0.08663000
vt 0.80757999 0.08902000
vt 0.79469001 0.08896000
vt 0.77863002 0.08882000
vt 0.74624997 0.08925000
vt 0.73166001 0.08919000
vt 0.71469998 0.08930000
vt 0.69134998 0.08950000
vt 0.66566002 0.09259000
vt 0.63292998 0.10060000
vt 0.38960999 0.93539000
vt 0.81373000 0.09281000
vt 0.80144000 0.09290000
vt 0.77757001 0.09281000
vt 0.75803000 0.09295000
vt 0.74553001 0.09281000
vt 0.73130000 0.09296000
vt 0.71177000 0.09436000
vt 0.70095003 0.09430000
vt 0.69205999 0.09432000
vt 0.68118000 0.09245000
vt 0.67891997 0.09413000
vt 0.67106998 0.09403000
vt 0.66848999 0.09430000
vt 0.84938997 0.10497000
vt 0.84464997 0.09879000
vt 0.64491999 0.09982000
vt 0.63090998 0.09771000
vt 0.40852001 0.91281003
vt 0.41600001 0.91204000
vt 0.40562999 0.90693003
vt 0.41104999 0.76447999
vt 0.41734001 0.75946999
vt 0.40875000 0.75901002
vt 0.39491001 0.91285002
vt 0.39441001 0.76450998
vt 0.39526001 0.77766001
vt 0.39157999 0.75915998
vt 0.40098000 0.89714003
vt 0.38442001 0.91178000
vt 0.38543999 0.77714002
vt 0.37143001 0.75901002
vt 0.38029000 0.89437002
vt 0.38317001 0.88511002
vt 0.39199001 0.79241002
vt 0.37340999 0.76635998
vt 0.36883000 0.90061003
vt 0.37735000 0.79503000
vt 0.37173000 0.75840998
vt 0.36700001 0.91188997
vt 0.36441001 0.91271001
vt 0.38264000 0.87283999
vt 0.38685000 0.85532999
vt 0.37046000 0.86137003
vt 0.38196000 0.82484001
vt 0.37027001 0.77924001
vt 0.35898000 0.87795001
vt 0.36956000 0.82493001
vt 0.36116001 0.80210000
vt 0.36074001 0.88896000
vt 0.34808999 0.85939997
vt 0.35758999 0.83131999
vt 0.34887001 0.78432000
vt 0.34024999 0.76999998
vt 0.33399001 0.76450002
vt 0.34373999 0.89504999
vt 0.35194001 0.90232003
vt 0.33700001 0.90938002
vt 0.32946000 0.75847000
vt 0.33113000 0.77727997
vt 0.30976999 0.91176999
vt 0.34121999 0.81415999
vt 0.32969999 0.79009998
vt 0.32714999 0.88753998
vt 0.32767999 0.90369999
vt 0.33102000 0.84635001
vt 0.32359001 0.75907999
vt 0.33315000 0.87728000
vt 0.32835999 0.82568002
vt 0.30655000 0.91277999
vt 0.31922999 0.81239998
vt 0.31661001 0.80206001
vt 0.31834000 0.87107003
vt 0.30511001 0.89288002
vt 0.31051999 0.85254002
vt 0.30245000 0.83315003
vt 0.30432001 0.81726003
vt 0.30609000 0.77399999
vt 0.29563999 0.90112001
vt 0.28299001 0.88242000
vt 0.29473001 0.86830997
vt 0.29451001 0.80830002
vt 0.30069000 0.79312003
vt 0.29835001 0.75911999
vt 0.29142001 0.76541001
vt 0.27910000 0.83924001
vt 0.28490001 0.77183002
vt 0.26003000 0.75865000
vt 0.27494001 0.89331001
vt 0.27709001 0.91277999
vt 0.27901000 0.78680998
vt 0.26907000 0.91188997
vt 0.28505999 0.79769999
vt 0.26696000 0.90487999
vt 0.26938000 0.81602001
vt 0.26732999 0.76289999
vt 0.27419999 0.86504000
vt 0.26611000 0.76999998
vt 0.25714001 0.87559003
vt 0.25650999 0.75919002
vt 0.26526001 0.78592002
vt 0.25635999 0.85424000
vt 0.24292000 0.76125002
vt 0.24354000 0.83385003
vt 0.24381000 0.80316001
vt 0.25457999 0.77675998
vt 0.24120000 0.76634997
vt 0.22924000 0.91189998
vt 0.24104001 0.89398998
vt 0.24874000 0.79391998
vt 0.23280001 0.78608000
vt 0.20028000 0.91285002
vt 0.22709000 0.81303000
vt 0.23035000 0.88196999
vt 0.22484000 0.85364002
vt 0.22737999 0.77544999
vt 0.21763000 0.90368003
vt 0.21631999 0.76679999
vt 0.20862000 0.89105999
vt 0.21679001 0.82347000
vt 0.21857999 0.80067998
vt 0.19739000 0.75915003
vt 0.19449000 0.91198999
vt 0.20207000 0.86813998
vt 0.20374000 0.81081998
vt 0.20218000 0.78963000
vt 0.20446000 0.84153998
vt 0.19499999 0.75862998
vt 0.18532000 0.78015000
vt 0.18968999 0.88119000
vt 0.18919000 0.82191998
vt 0.18378000 0.79689997
vt 0.18492000 0.90377003
vt 0.17945001 0.89164001
vt 0.18279999 0.84103000
vt 0.18821999 0.76543999
vt 0.18074000 0.76997000
vt 0.17642000 0.86904001
vt 0.16812000 0.75897998
vt 0.17324001 0.91283000
vt 0.17275999 0.91194999
vt 0.16926000 0.75826001
vt 0.16131000 0.85523999
vt 0.16609000 0.90381002
vt 0.16211000 0.81717998
vt 0.16994999 0.79730999
vt 0.16893999 0.78740001
vt 0.16240001 0.77741998
vt 0.16229001 0.76635998
vt 0.16046000 0.88757998
vt 0.13959000 0.87930000
vt 0.14940000 0.83127999
vt 0.14687000 0.90077001
vt 0.14495000 0.80571002
vt 0.14911000 0.78678000
vt 0.14203000 0.76466000
vt 0.13739000 0.75900000
vt 0.12922999 0.91285998
vt 0.12852000 0.91201001
vt 0.11750000 0.89488000
vt 0.12054000 0.85648000
vt 0.12771000 0.83666998
vt 0.12622000 0.77697003
vt 0.12804000 0.75822002
vt 0.12963000 0.79477000
vt 0.11794000 0.81206000
vt 0.11798000 0.90428001
vt 0.09492000 0.76459002
vt 0.09869000 0.81738001
vt 0.10399000 0.77007997
vt 0.08578000 0.76129001
vt 0.09664000 0.88494003
vt 0.10701000 0.79690999
vt 0.09448000 0.86852002
vt 0.08609000 0.84672999
vt 0.09308000 0.78508002
vt 0.09217000 0.91206998
vt 0.08284000 0.90257001
vt 0.06128000 0.91286999
vt 0.08014000 0.75801998
vt 0.09008000 0.80355000
vt 0.07205000 0.89389998
vt 0.07773000 0.83234000
vt 0.07774000 0.77384001
vt 0.07595000 0.81524003
vt 0.07918000 0.79817998
vt 0.05978000 0.91188997
vt 0.07079000 0.75884002
vt 0.07286000 0.86849999
vt 0.06573000 0.78614998
vt 0.05623000 0.88252002
vt 0.05855000 0.87375998
vt 0.05638000 0.85341001
vt 0.06063000 0.76295000
vt 0.05493000 0.76788998
vt 0.05156000 0.83170003
vt 0.05550000 0.80412000
vt 0.05387000 0.77838999
vt 0.04699000 0.88779002
vt 0.04400000 0.77901000
vt 0.04263000 0.75787002
vt 0.04151000 0.75879002
vt 0.04049000 0.76112002
vt 0.03929000 0.91194999
vt 0.04060000 0.90346998
vt 0.03934000 0.89208001
vt 0.04195000 0.85666001
vt 0.04147000 0.81427002
vt 0.03796000 0.76981997
vt 0.03073000 0.91276997
vt 0.03530000 0.86649001
vt 0.03544000 0.82020003
vt 0.03094000 0.75770998
vt 0.02915000 0.90745002
vt 0.03023000 0.89262998
vt 0.03239000 0.79286999
vt 0.03189000 0.77503002
vt 0.03024000 0.76595002
vt 0.02913000 0.76301003
vt 0.02914000 0.91294003
vt 0.02892000 0.75777000
vt 0.81851000 0.09445000
vt 0.82327998 0.09595000
vt 0.81519997 0.09425000
vt 0.42829999 0.91193998
vt 0.42831001 0.90856999
vt 0.42761999 0.91136003
vt 0.42754999 0.90850002
vt 0.80413002 0.09450000
vt 0.42809001 0.89728999
vt 0.42743999 0.88998997
vt 0.78412002 0.09451000
vt 0.42807999 0.87690002
vt 0.42750001 0.86799002
vt 0.75853997 0.09449000
vt 0.42820001 0.85084999
vt 0.42748001 0.83683997
vt 0.73936999 0.09449000
vt 0.42817000 0.83131999
vt 0.42868999 0.80321002
vt 0.42781001 0.79575998
vt 0.42873999 0.79220003
vt 0.66210997 0.09676000
vt 0.84780002 0.11115000
vt 0.42530000 0.91187000
vt 0.42502999 0.87478000
vt 0.42515001 0.83669001
vt 0.42478999 0.80308998
vt 0.42478999 0.78140998
vt 0.42883000 0.78314000
vt 0.42783999 0.77456999
vt 0.42871001 0.76976001
vt 0.42500001 0.76116002
vt 0.42787001 0.76131999
vt 0.42886001 0.76176000
vt 0.42892000 0.75914001
vt 0.42809999 0.75935000
vt 0.42500001 0.75919998
vt 0.42422000 0.91279000
vt 0.42149001 0.91196001
vt 0.42010999 0.91285002
vt 0.41914001 0.90118003
vt 0.42016000 0.81606001
vt 0.41619000 0.83433998
vt 0.41554999 0.80504000
vt 0.41571000 0.78500003
vt 0.41944000 0.76174998
vt 0.41466999 0.89038002
vt 0.40717000 0.88303000
vt 0.40584001 0.87285000
vt 0.42414001 0.75893003
vt 0.41292000 0.75889999
vt 0.40944001 0.84066999
vt 0.40180001 0.84799999
vt 0.40215999 0.80936003
vt 0.40634000 0.78860003
vt 0.31637001 0.06360000
vt 0.31623000 0.09459000
vt 0.31647000 0.08594000
vt 0.31659001 0.12967999
vt 0.31632000 0.15338001
vt 0.31621000 0.18331000
vt 0.31654999 0.17782000
vt 0.31654999 0.21111999
vt 0.31617999 0.26137000
vt 0.31652999 0.23271000
vt 0.31652001 0.26953000
vt 0.31626999 0.28885001
vt 0.31669000 0.29951000
vt 0.31628999 0.33357999
vt 0.31665999 0.33144999
vt 0.31661999 0.35964999
vt 0.31632999 0.40264001
vt 0.31667000 0.38374999
vt 0.31672001 0.41291001
vt 0.31621000 0.43370000
vt 0.31668001 0.43000999
vt 0.31639999 0.43531999
vt 0.03026000 0.86851001
vt 0.03023000 0.82309997
vt 0.03026000 0.79457998
vt 0.02961000 0.89709997
vt 0.02910000 0.89548999
vt 0.25178999 0.04056000
vt 0.24002001 0.04082000
vt 0.25628999 0.04088000
vt 0.02907000 0.86764002
vt 0.02906000 0.81812000
vt 0.02906000 0.77082998
vt 0.02905000 0.76411998
vt 0.25718999 0.04069000
vt 0.10963000 0.04042000
vt 0.10447000 0.04030000
vt 0.11072000 0.04067000
vt 0.31661001 0.02935000
vt 0.31648999 0.03022000
vt 0.31838000 0.03027000
vt 0.82037997 0.09750000
vt 0.81866002 0.09653000
vt 0.66824001 0.09667000
vt 0.83379000 0.10345000
vt 0.31637999 0.03255000
vt 0.31826001 0.03186000
vt 0.31656000 0.03804000
vt 0.31646001 0.04978000
vt 0.31841001 0.04106000
vt 0.31865001 0.43402001
vt 0.25637999 0.04381000
vt 0.25332999 0.04282000
vt 0.23044001 0.04290000
vt 0.21261001 0.04080000
vt 0.21106000 0.04274000
vt 0.17291000 0.04261000
vt 0.16387001 0.04080000
vt 0.11732000 0.04079000
vt 0.11724000 0.04268000
vt 0.10791000 0.04278000
vt 0.10544000 0.04286000
vt 0.82484001 0.10255000
vt 0.81853002 0.10035000
vt 0.32207000 0.03042000
vt 0.32582000 0.03242000
vt 0.31657001 0.03390000
vt 0.32234001 0.03405000
vt 0.32714000 0.03459000
vt 0.32211000 0.04303000
vt 0.32512000 0.06609000
vt 0.32611999 0.12242000
vt 0.32798001 0.19045000
vt 0.32606000 0.22622000
vt 0.32857001 0.25905001
vt 0.33357999 0.31048000
vt 0.32865000 0.35376000
vt 0.32563999 0.40454000
vt 0.33122000 0.41578001
vt 0.32742000 0.42835999
vt 0.25387001 0.04642000
vt 0.17519000 0.05088000
vt 0.14176001 0.04638000
vt 0.11645000 0.04688000
vt 0.10780000 0.04852000
vt 0.37753001 0.95354003
vt 0.37988999 0.95196003
vt 0.66279000 0.10659000
vt 0.84485000 0.11380000
vt 0.82011002 0.10691000
vt 0.81813997 0.10386000
vt 0.32541001 0.03042000
vt 0.64823002 0.11063000
vt 0.32955000 0.07827000
vt 0.23825000 0.05773000
vt 0.22223000 0.05127000
vt 0.19465999 0.05178000
vt 0.14284000 0.05180000
vt 0.10541000 0.05469000
vt 0.10447000 0.05640000
vt 0.66823000 0.10763000
vt 0.66689003 0.10803000
vt 0.82481998 0.10946000
vt 0.81812000 0.11024000
vt 0.81702000 0.10477000
vt 0.81713003 0.10876000
vt 0.32863000 0.03294000
vt 0.33438000 0.03403000
vt 0.33265999 0.04215000
vt 0.50386000 0.85316998
vt 0.50246000 0.85492003
vt 0.50147003 0.85298997
vt 0.50579000 0.85663998
vt 0.50331002 0.85816997
vt 0.53451002 0.85894001
vt 0.55948001 0.85868001
vt 0.53349000 0.86515999
vt 0.56053001 0.86737001
vt 0.58502001 0.85826999
vt 0.58959001 0.87105000
vt 0.62588000 0.86426997
vt 0.64214998 0.85810000
vt 0.63284999 0.87168002
vt 0.65556002 0.86956000
vt 0.66075999 0.85834998
vt 0.67176998 0.86505997
vt 0.69509000 0.87143999
vt 0.72795999 0.86470997
vt 0.73983002 0.86948001
vt 0.33544999 0.28090000
vt 0.77263999 0.86905003
vt 0.76345003 0.87883002
vt 0.73044002 0.87737000
vt 0.79852003 0.86969000
vt 0.79312998 0.87592000
vt 0.33377999 0.38378999
vt 0.83332998 0.86756003
vt 0.85405999 0.86215001
vt 0.84763998 0.87090999
vt 0.86499000 0.86816001
vt 0.87295997 0.86818999
vt 0.87439001 0.86689001
vt 0.87497002 0.86786997
vt 0.25386000 0.05415000
vt 0.83732003 0.11482000
vt 0.83204001 0.11594000
vt 0.33206001 0.03048000
vt 0.33043000 0.03052000
vt 0.33169001 0.03201000
vt 0.67062998 0.40041000
vt 0.67255998 0.39844999
vt 0.67056000 0.39838001
vt 0.67611003 0.40046000
vt 0.67751002 0.39850000
vt 0.68783998 0.39840999
vt 0.68928999 0.40037999
vt 0.70916998 0.40018001
vt 0.71696001 0.39809999
vt 0.73534000 0.40013000
vt 0.74611998 0.39836001
vt 0.76775002 0.39997000
vt 0.76183999 0.39822999
vt 0.78709000 0.39818999
vt 0.78750002 0.39985999
vt 0.79940999 0.39984000
vt 0.81105000 0.39987999
vt 0.80900002 0.39541000
vt 0.81265002 0.40037000
vt 0.81322002 0.39822999
vt 0.33943000 0.06126000
vt 0.81467003 0.40050000
vt 0.81419998 0.39807999
vt 0.52056003 0.99711001
vt 0.52732003 0.99672002
vt 0.52165002 0.99842000
vt 0.52680999 0.99866003
vt 0.33346000 0.12848000
vt 0.33392000 0.15781000
vt 0.33733001 0.18265000
vt 0.33344001 0.23156001
vt 0.33353999 0.33390999
vt 0.97991002 0.47782999
vt 0.97847998 0.47591999
vt 0.98401999 0.47782999
vt 0.96705002 0.47784001
vt 0.95458001 0.47613001
vt 0.95349002 0.47767001
vt 0.95358002 0.47575000
vt 0.88161999 0.47791001
vt 0.86760998 0.47849000
vt 0.88003999 0.47632000
vt 0.86572999 0.47637001
vt 0.86378998 0.47602999
vt 0.86435002 0.47773001
vt 0.33932999 0.43514001
vt 0.25727999 0.06394000
vt 0.21827000 0.06342000
vt 0.19360000 0.06228000
vt 0.17466000 0.06390000
vt 0.15457000 0.06838000
vt 0.12846000 0.05973000
vt 0.11440000 0.06209000
vt 0.10775000 0.06287000
vt 0.66698003 0.11808000
vt 0.66808999 0.11744000
vt 0.66362000 0.11451000
vt 0.81849998 0.11476000
vt 0.33640000 0.03056000
vt 0.33561000 0.03221000
vt 0.64295000 0.13113999
vt 0.63089001 0.14339000
vt 0.34165999 0.03671000
vt 0.67246002 0.39368999
vt 0.67715001 0.39504001
vt 0.68839997 0.39557001
vt 0.72351998 0.39469999
vt 0.74781001 0.39410999
vt 0.76003999 0.39473000
vt 0.78465003 0.39386001
vt 0.79095000 0.39430001
vt 0.81247997 0.39412001
vt 0.80953997 0.39076000
vt 0.34365001 0.08855000
vt 0.34162000 0.34610000
vt 0.33824000 0.39899999
vt 0.34796000 0.42629001
vt 0.98549002 0.48447001
vt 0.25637001 0.06921000
vt 0.25343999 0.06817000
vt 0.37033999 0.94001001
vt 0.66442001 0.12102000
vt 0.82009000 0.12287000
vt 0.64955002 0.13291000
vt 0.70437002 0.38435000
vt 0.68790001 0.38040999
vt 0.73158997 0.38180000
vt 0.79826999 0.38440001
vt 0.34305000 0.05106000
vt 0.81241000 0.38856000
vt 0.81423998 0.38929000
vt 0.34376001 0.13293000
vt 0.34378999 0.15316001
vt 0.34393001 0.16896001
vt 0.34307000 0.21307001
vt 0.34624001 0.23311000
vt 0.34285000 0.26069999
vt 0.35738999 0.43364999
vt 0.24503000 0.06945000
vt 0.12170000 0.07069000
vt 0.84938002 0.14000000
vt 0.34485999 0.03204000
vt 0.35574999 0.04411000
vt 0.67058998 0.37981999
vt 0.68200999 0.38170999
vt 0.75607997 0.38034999
vt 0.77609998 0.37786001
vt 0.80650997 0.38220999
vt 0.35429001 0.27586001
vt 0.35036001 0.39344999
vt 0.35602000 0.41374001
vt 0.34979001 0.42196000
vt 0.82686001 0.12863000
vt 0.63612998 0.14527000
vt 0.35326001 0.03376000
vt 0.67246002 0.37878999
vt 0.67602003 0.37966999
vt 0.71590000 0.37891001
vt 0.81418002 0.37215999
vt 0.36155999 0.05380000
vt 0.35200000 0.30899000
vt 0.23523000 0.08564000
vt 0.21634001 0.08111000
vt 0.19268000 0.08686000
vt 0.17843001 0.08016000
vt 0.12675001 0.08524000
vt 0.11131000 0.08500000
vt 0.10549000 0.08016000
vt 0.03676000 0.64726001
vt 0.03743000 0.64543998
vt 0.03949000 0.64726001
vt 0.03936000 0.64543998
vt 0.05994000 0.06816000
vt 0.05798000 0.07014000
vt 0.05681000 0.06830000
vt 0.04828000 0.16989000
vt 0.04853000 0.17309999
vt 0.04701000 0.17196000
vt 0.03734000 0.64191002
vt 0.03958000 0.64187998
vt 0.03730000 0.63836002
vt 0.03970000 0.63836002
vt 0.35549000 0.94722998
vt 0.03747000 0.63631999
vt 0.03951000 0.63642001
vt 0.66807997 0.13691001
vt 0.65684003 0.14252000
vt 0.81857002 0.14196000
vt 0.36311999 0.03069000
vt 0.79007000 0.37443000
vt 0.35036001 0.10912000
vt 0.36302000 0.13328999
vt 0.35780999 0.20547000
vt 0.35337999 0.24713001
vt 0.35677999 0.32622999
vt 0.35828000 0.35330001
vt 0.36926001 0.38336000
vt 0.10441000 0.06790000
vt 0.57432997 0.72431999
vt 0.57217997 0.75062001
vt 0.58350003 0.73670000
vt 0.92891997 0.03234000
vt 0.92543000 0.03215000
vt 0.92822999 0.03014000
vt 0.92541999 0.03030000
vt 0.92190999 0.03218000
vt 0.92180002 0.03036000
vt 0.04203000 0.64529002
vt 0.04265000 0.64705998
vt 0.91912001 0.03234000
vt 0.91922998 0.03042000
vt 0.92536998 0.02680000
vt 0.92790002 0.02659000
vt 0.92196000 0.02685000
vt 0.04265000 0.64169002
vt 0.91948998 0.02667000
vt 0.92782003 0.02418000
vt 0.92576998 0.02346000
vt 0.92246002 0.02348000
vt 0.04214000 0.63827002
vt 0.92027998 0.02318000
vt 0.92495000 0.02146000
vt 0.04123000 0.63672000
vt 0.92088997 0.02139000
vt 0.84785998 0.13885000
vt 0.84412003 0.13891999
vt 0.83030999 0.14374000
vt 0.69511998 0.36989000
vt 0.72974002 0.36862999
vt 0.81221998 0.36625999
vt 0.36361000 0.06621000
vt 0.36054000 0.07792000
vt 0.35793000 0.10242000
vt 0.36015999 0.15699001
vt 0.36274001 0.43516999
vt 0.25723001 0.08768000
vt 0.35122001 0.95186001
vt 0.83557999 0.15175000
vt 0.70814002 0.37156999
vt 0.76422000 0.36851999
vt 0.79930001 0.35721999
vt 0.14432000 0.09439000
vt 0.11579000 0.10650000
vt 0.66679001 0.14470001
vt 0.82001001 0.14462000
vt 0.37254000 0.03155000
vt 0.37434000 0.04208000
vt 0.67053998 0.35743001
vt 0.37613001 0.17595001
vt 0.36842999 0.30206999
vt 0.37818000 0.42587000
vt 0.25373000 0.10135000
vt 0.16245000 0.09148000
vt 0.10795000 0.09312000
vt 0.33875999 0.95346999
vt 0.35510999 0.93519998
vt 0.66339999 0.14719000
vt 0.64016002 0.15567000
vt 0.37601000 0.03706000
vt 0.74480999 0.35832000
vt 0.77850997 0.36129999
vt 0.78680998 0.35512000
vt 0.37433001 0.33838001
vt 0.37020999 0.39798999
vt 0.37684000 0.43062001
vt 0.25637001 0.09047000
vt 0.21116000 0.10024000
vt 0.32082000 0.94031000
vt 0.67254001 0.35613000
vt 0.70747000 0.35978001
vt 0.72381997 0.35543999
vt 0.75642002 0.35034001
vt 0.37526000 0.09868000
vt 0.37365001 0.25353000
vt 0.37854999 0.36616001
vt 0.24866000 0.09918000
vt 0.10448000 0.10176000
vt 0.37533000 0.03336000
vt 0.67606002 0.35676000
vt 0.69024003 0.35519999
vt 0.76795000 0.35666999
vt 0.37358999 0.22537000
vt 0.66838998 0.15950000
vt 0.82453001 0.15453000
vt 0.81862003 0.15290000
vt 0.37389001 0.03058000
vt 0.63090003 0.16892999
vt 0.37871999 0.41947001
vt 0.17457999 0.11614000
vt 0.33129001 0.93532002
vt 0.84784001 0.15876000
vt 0.82002002 0.15291999
vt 0.70880997 0.33825001
vt 0.81199998 0.34874001
vt 0.81404001 0.35234001
vt 0.38503000 0.08784000
vt 0.38040999 0.13970999
vt 0.38349000 0.29433000
vt 0.39473999 0.40419999
vt 0.24078000 0.11002000
vt 0.81897002 0.15841000
vt 0.82432002 0.15842000
vt 0.66707999 0.16631000
vt 0.64973003 0.16621000
vt 0.37931001 0.03001000
vt 0.37907001 0.03041000
vt 0.38797000 0.04775000
vt 0.77739000 0.34371001
vt 0.38980001 0.05892000
vt 0.38545999 0.43382999
vt 0.19529000 0.11378000
vt 0.13220000 0.11000000
vt 0.30502999 0.95341003
vt 0.84941000 0.16418000
vt 0.84478003 0.18460000
vt 0.67567998 0.32042000
vt 0.69590998 0.33963999
vt 0.38866001 0.20026000
vt 0.38679999 0.23296000
vt 0.39234999 0.43518001
vt 0.25735000 0.11771000
vt 0.22529000 0.11623000
vt 0.15279999 0.12124000
vt 0.38894999 0.03717000
vt 0.38744000 0.03316000
vt 0.68510997 0.33072001
vt 0.76380002 0.33566999
vt 0.79957998 0.33579999
vt 0.39779001 0.06878000
vt 0.39520001 0.34739000
vt 0.39432999 0.37718001
vt 0.10547000 0.12769000
vt 0.31793001 0.94626999
vt 0.81913000 0.17521000
vt 0.66140002 0.17531000
vt 0.82971001 0.18640000
vt 0.83502001 0.18558000
vt 0.82432997 0.18526000
vt 0.39581999 0.02996000
vt 0.39074001 0.03131000
vt 0.73584998 0.32684001
vt 0.72090000 0.32729000
vt 0.81202000 0.32530001
vt 0.39969999 0.08602000
vt 0.39897001 0.11355000
vt 0.40259999 0.14432999
vt 0.39502001 0.17873999
vt 0.39923999 0.33217999
vt 0.39932999 0.31130999
vt 0.20787001 0.11863000
vt 0.30809999 0.93531001
vt 0.84783000 0.18495999
vt 0.63310999 0.17162000
vt 0.77219999 0.32036000
vt 0.79071999 0.32348999
vt 0.81393999 0.31268999
vt 0.41427001 0.35319000
vt 0.40020999 0.41815999
vt 0.41648999 0.43000999
vt 0.25641999 0.12958001
vt 0.10798000 0.12740000
vt 0.64113998 0.17501999
vt 0.78283000 0.31674001
vt 0.40662000 0.25391001
vt 0.41542000 0.42580000
vt 0.98638999 0.51713997
vt 0.98820001 0.55498999
vt 0.98582000 0.55340999
vt 0.24631999 0.12736000
vt 0.23494001 0.13118000
vt 0.41095999 0.03058000
vt 0.41856000 0.03318000
vt 0.67047000 0.31769001
vt 0.40584999 0.21108000
vt 0.40860000 0.29121000
vt 0.25380999 0.13839000
vt 0.12520000 0.13311000
vt 0.10457000 0.14405000
vt 0.66843998 0.18449999
vt 0.65898001 0.19433001
vt 0.65254998 0.20518000
vt 0.84941000 0.18772000
vt 0.64493001 0.20386000
vt 0.63752002 0.19633999
vt 0.69002002 0.32166001
vt 0.74984002 0.31716001
vt 0.80273002 0.31825000
vt 0.41023999 0.18178999
vt 0.41586000 0.43378001
vt 0.14270000 0.14708000
vt 0.55023998 0.70367002
vt 0.55765998 0.68572003
vt 0.54329997 0.68052000
vt 0.66671997 0.19796000
vt 0.41283000 0.03138000
vt 0.42620000 0.04225000
vt 0.40858999 0.04974000
vt 0.70295000 0.31487000
vt 0.41433001 0.37907001
vt 0.21446000 0.15520000
vt 0.01713000 0.44466999
vt 0.01414000 0.44288000
vt 0.01369000 0.44552001
vt 0.00952000 0.44297001
vt 0.00934000 0.44637001
vt 0.01017000 0.44058999
vt 0.00784000 0.44295999
vt 0.00735000 0.44760999
vt 0.00830000 0.44029999
vt 0.81935000 0.18682000
vt 0.40724000 0.02990000
vt 0.63089001 0.19991000
vt 0.67242002 0.31841999
vt 0.11304000 0.14035000
vt 0.03672000 0.44804999
vt 0.03468000 0.44685000
vt 0.03502000 0.45175001
vt 0.03676000 0.44242999
vt 0.03460000 0.44395000
vt 0.03486000 0.44209000
vt 0.03168000 0.45012999
vt 0.03178000 0.45197001
vt 0.03161000 0.44690001
vt 0.03160000 0.44384000
vt 0.03173000 0.44181001
vt 0.02852000 0.45201999
vt 0.02845000 0.45021999
vt 0.02837000 0.44685999
vt 0.02636000 0.44341999
vt 0.02775000 0.44137001
vt 0.02372000 0.45214000
vt 0.02519000 0.45028999
vt 0.02197000 0.44674999
vt 0.02201000 0.45069000
vt 0.02141000 0.44316000
vt 0.02151000 0.44071999
vt 0.01823000 0.44654000
vt 0.01819000 0.45048001
vt 0.01816000 0.44286001
vt 0.01810000 0.44031999
vt 0.01371000 0.44817001
vt 0.01375000 0.45128000
vt 0.01618000 0.44167000
vt 0.05167000 0.12738000
vt 0.05024000 0.12918000
vt 0.05393000 0.12856001
vt 0.00945000 0.44983000
vt 0.00961000 0.45264000
vt 0.00782000 0.45061001
vt 0.00778000 0.45322999
vt 0.30000001 0.94726998
vt 0.42539001 0.03710000
vt 0.43272001 0.15711001
vt 0.42013001 0.20006000
vt 0.41648000 0.41431999
vt 0.22731000 0.14816999
vt 0.20163000 0.16085000
vt 0.17050999 0.14914000
vt 0.28275001 0.15898000
vt 0.28147000 0.15741000
vt 0.28106001 0.15959001
vt 0.03676000 0.45135999
vt 0.47088000 0.96569997
vt 0.47130999 0.96753001
vt 0.47279000 0.96686000
vt 0.47295001 0.96823001
vt 0.47606000 0.96906000
vt 0.47619000 0.96720999
vt 0.47924000 0.96941000
vt 0.48023999 0.96759999
vt 0.48392001 0.96956003
vt 0.48580000 0.96763998
vt 0.48561001 0.97078001
vt 0.48670000 0.96878999
vt 0.48929000 0.97114003
vt 0.48958001 0.96776998
vt 0.48853001 0.96605998
vt 0.49364001 0.97096002
vt 0.49408999 0.96789002
vt 0.49781001 0.97070998
vt 0.49816999 0.96793997
vt 0.49933001 0.97163999
vt 0.49985000 0.96837997
vt 0.82020003 0.19260000
vt 0.66828001 0.19497000
vt 0.81884998 0.19062001
vt 0.68211001 0.30614999
vt 0.72130001 0.29574001
vt 0.75901002 0.30487001
vt 0.81208003 0.30252001
vt 0.41784999 0.06901000
vt 0.42629001 0.12267000
vt 0.42844999 0.33212000
vt 0.42480001 0.43511999
vt 0.25731999 0.15063000
vt 0.28514999 0.15636000
vt 0.47040999 0.96331000
vt 0.47316000 0.96386999
vt 0.47645000 0.96404999
vt 0.47971001 0.96402001
vt 0.48320001 0.96355999
vt 0.48642001 0.96490997
vt 0.49059001 0.96376002
vt 0.49462000 0.96452999
vt 0.49741000 0.96511000
vt 0.49939001 0.96618003
vt 0.43825001 0.84728998
vt 0.43593001 0.84773999
vt 0.43742999 0.84446001
vt 0.43577999 0.84480000
vt 0.84482002 0.21888000
vt 0.83576000 0.21349999
vt 0.82292998 0.19927000
vt 0.68665999 0.29449001
vt 0.78659999 0.29133999
vt 0.79505998 0.29418001
vt 0.42822000 0.08386000
vt 0.42998999 0.09752000
vt 0.42614999 0.25453001
vt 0.42166999 0.27724001
vt 0.24864000 0.15952000
vt 0.10787000 0.14642000
vt 0.10548000 0.14593001
vt 0.28731999 0.15281001
vt 0.28790000 0.15558000
vt 0.28867999 0.15325999
vt 0.47325000 0.96057999
vt 0.47027999 0.96025002
vt 0.47692999 0.96069002
vt 0.48036000 0.96064001
vt 0.48247999 0.96052003
vt 0.48469001 0.96182001
vt 0.45368001 0.84824002
vt 0.45127001 0.84825999
vt 0.45309001 0.84700000
vt 0.48684001 0.96266001
vt 0.48743999 0.96078998
vt 0.44931000 0.84597999
vt 0.49035999 0.96120000
vt 0.49263999 0.96145999
vt 0.44635999 0.84535998
vt 0.44404000 0.84491998
vt 0.44523999 0.84302002
vt 0.44139001 0.84429997
vt 0.44143999 0.84148002
vt 0.43783000 0.84064001
vt 0.05797000 0.13902000
vt 0.05565000 0.13662000
vt 0.05452000 0.13794000
vt 0.43884000 0.83780998
vt 0.44229999 0.83661997
vt 0.44110999 0.83881003
vt 0.57764000 0.67423999
vt 0.58183998 0.67518997
vt 0.57988000 0.67281002
vt 0.30271000 0.95352000
vt 0.27564001 0.94040000
vt 0.27581999 0.93493998
vt 0.84934998 0.22048999
vt 0.42914000 0.04733000
vt 0.67246002 0.29864001
vt 0.67567003 0.29453999
vt 0.71113002 0.28894001
vt 0.42708001 0.05729000
vt 0.42978999 0.39915001
vt 0.23977000 0.17194000
vt 0.12397000 0.16427000
vt 0.28790000 0.15053000
vt 0.47062999 0.95657003
vt 0.48105001 0.95793003
vt 0.03892000 0.14048000
vt 0.03740000 0.13914999
vt 0.03683000 0.14272000
vt 0.03895000 0.14242999
vt 0.48205999 0.95920002
vt 0.95462000 0.88703001
vt 0.95953000 0.88735998
vt 0.95972002 0.88552999
vt 0.95568001 0.88581997
vt 0.96385002 0.88805997
vt 0.96357000 0.88572001
vt 0.45482999 0.84773999
vt 0.69152999 0.66567999
vt 0.68320000 0.65525001
vt 0.68978000 0.68172002
vt 0.83033001 0.20649000
vt 0.69913000 0.29681000
vt 0.74537998 0.29734001
vt 0.43072999 0.29493999
vt 0.43683001 0.41505000
vt 0.98799998 0.57562000
vt 0.98426002 0.57928997
vt 0.25635999 0.17516001
vt 0.11300000 0.16627000
vt 0.47347999 0.95403999
vt 0.47779000 0.95286000
vt 0.48080000 0.95346999
vt 0.48243999 0.95773000
vt 0.48254001 0.95418000
vt 0.95600998 0.88221997
vt 0.95971000 0.88214999
vt 0.96344000 0.88225001
vt 0.66658998 0.21717000
vt 0.82003999 0.21528000
vt 0.81871003 0.20964999
vt 0.42967001 0.03068000
vt 0.43288001 0.03168000
vt 0.77644002 0.28918999
vt 0.81423998 0.29532999
vt 0.44404000 0.18771000
vt 0.43786001 0.23720001
vt 0.44315001 0.31176001
vt 0.43244001 0.43360001
vt 0.47106999 0.94660997
vt 0.47378999 0.94340998
vt 0.03876000 0.15080000
vt 0.03670000 0.15532000
vt 0.48271000 0.95055002
vt 0.95608997 0.87857997
vt 0.95977002 0.87791002
vt 0.96340001 0.87858999
vt 0.66784000 0.20933001
vt 0.84780997 0.22017001
vt 0.82361001 0.21238001
vt 0.63927001 0.24811999
vt 0.43200001 0.03354000
vt 0.44247001 0.06934000
vt 0.44444999 0.38455001
vt 0.25378999 0.18772000
vt 0.10452000 0.17833000
vt 0.48289999 0.94582999
vt 0.95627999 0.87388998
vt 0.96346003 0.87191999
vt 0.63575000 0.23261000
vt 0.81208003 0.29205999
vt 0.44327000 0.26585001
vt 0.22598000 0.17945001
vt 0.47795001 0.94248998
vt 0.48089999 0.93892002
vt 0.95995998 0.86812001
vt 0.27643999 0.94730002
vt 0.29141000 0.95359999
vt 0.66386002 0.22139999
vt 0.66026002 0.22639000
vt 0.69107002 0.27539000
vt 0.44788000 0.05223000
vt 0.45855999 0.36528000
vt 0.28389001 0.14851999
vt 0.28567001 0.14735000
vt 0.28409001 0.11201000
vt 0.66768998 0.21887000
vt 0.83058000 0.22093000
vt 0.82376999 0.22032000
vt 0.73442000 0.27193001
vt 0.45567000 0.11323000
vt 0.13729000 0.18459000
vt 0.28573999 0.11656000
vt 0.47152001 0.92922997
vt 0.47812000 0.92490000
vt 0.03645000 0.17240000
vt 0.03826000 0.16943000
vt 0.48311001 0.93207002
vt 0.95644999 0.86030000
vt 0.24402000 0.95166999
vt 0.83552003 0.22175001
vt 0.81878000 0.24720000
vt 0.46658999 0.03066000
vt 0.67237002 0.26965001
vt 0.75090998 0.28105000
vt 0.80732000 0.27487001
vt 0.46375000 0.05931000
vt 0.45019999 0.40360001
vt 0.45185000 0.42537001
vt 0.19464999 0.18154000
vt 0.16202000 0.18276000
vt 0.47422999 0.92532003
vt 0.96363002 0.85134000
vt 0.46235001 0.03718000
vt 0.46693000 0.03345000
vt 0.67035002 0.26864001
vt 0.46698999 0.33177999
vt 0.46443999 0.43046001
vt 0.17434999 0.18830000
vt 0.65591002 0.25542000
vt 0.65147001 0.25575000
vt 0.46720999 0.03168000
vt 0.70005000 0.25737000
vt 0.80190003 0.26921001
vt 0.46463999 0.07968000
vt 0.18376000 0.20006999
vt 0.11724000 0.19213000
vt 0.23810001 0.94638002
vt 0.66688001 0.24258000
vt 0.66763002 0.24169999
vt 0.84783000 0.23479000
vt 0.84463000 0.24038000
vt 0.82326001 0.23495001
vt 0.82021999 0.23453000
vt 0.64493001 0.25453001
vt 0.46399999 0.13725001
vt 0.46044999 0.41389999
vt 0.10544000 0.20337000
vt 0.47172999 0.91693997
vt 0.48098999 0.91895998
vt 0.95997000 0.84407002
vt 0.25185001 0.95362002
vt 0.66368997 0.24432001
vt 0.83749998 0.25442001
vt 0.83007997 0.23733000
vt 0.63090003 0.24429999
vt 0.68219000 0.26207000
vt 0.81168997 0.24940000
vt 0.46476001 0.19384000
vt 0.46586001 0.21849000
vt 0.45545000 0.23416001
vt 0.47786000 0.29427001
vt 0.47865999 0.43360999
vt 0.24830000 0.21766999
vt 0.10790000 0.19622000
vt 0.03830000 0.18570000
vt 0.03654000 0.18561999
vt 0.48320001 0.91652000
vt 0.95647001 0.84499002
vt 0.83399999 0.25692001
vt 0.72389001 0.25898999
vt 0.77186000 0.26651999
vt 0.75615001 0.26115000
vt 0.79258001 0.25273001
vt 0.81428999 0.24906000
vt 0.46426001 0.25371000
vt 0.47742000 0.26787999
vt 0.47815999 0.43507999
vt 0.25725999 0.20476000
vt 0.21106000 0.19367000
vt 0.47846001 0.90924001
vt 0.82720000 0.25189999
vt 0.46833000 0.04920000
vt 0.77537000 0.25084001
vt 0.47024000 0.16508999
vt 0.28547999 0.09205000
vt 0.48133001 0.90451002
vt 0.55251998 0.63720000
vt 0.56849998 0.61866999
vt 0.55857003 0.61646998
vt 0.66022998 0.25694001
vt 0.84939998 0.26008001
vt 0.46432999 0.39024001
vt 0.47214001 0.40687001
vt 0.47534001 0.42260000
vt 0.14725000 0.19620000
vt 0.47475001 0.90073001
vt 0.84789997 0.25621000
vt 0.83030999 0.25608000
vt 0.82010001 0.25593999
vt 0.48102000 0.04251000
vt 0.67075998 0.26693001
vt 0.67229998 0.25540999
vt 0.67071003 0.25672999
vt 0.67659998 0.25385001
vt 0.47610000 0.06799000
vt 0.48361000 0.89868999
vt 0.95642000 0.82744998
vt 0.82301003 0.25751999
vt 0.48135000 0.03721000
vt 0.47781000 0.37200001
vt 0.23029000 0.21481000
vt 0.16455001 0.21292999
vt 0.03631000 0.20760000
vt 0.03803000 0.20784999
vt 0.96350998 0.82537001
vt 0.22609000 0.94033998
vt 0.66665000 0.25437000
vt 0.84457999 0.26330999
vt 0.67031997 0.25534999
vt 0.71784002 0.24721999
vt 0.48853001 0.09039000
vt 0.48355001 0.11626000
vt 0.23964000 0.21311000
vt 0.96000999 0.82429999
vt 0.81854999 0.26181999
vt 0.48097000 0.03063000
vt 0.48100001 0.03196000
vt 0.16310000 0.00217000
vt 0.15513000 0.00124000
vt 0.15966000 0.00167000
vt 0.63612998 0.29243001
vt 0.48054999 0.03380000
vt 0.78489000 0.24037001
vt 0.49226999 0.19322000
vt 0.20194000 0.21354000
vt 0.47246999 0.87660998
vt 0.47916999 0.88018000
vt 0.23683000 0.93483001
vt 0.66661000 0.25898001
vt 0.75002003 0.23214000
vt 0.48965001 0.04712000
vt 0.48302001 0.23602000
vt 0.49550000 0.34656000
vt 0.49364001 0.42581999
vt 0.25634000 0.22074001
vt 0.13322000 0.22775000
vt 0.11299000 0.22532000
vt 0.28415999 0.07026000
vt 0.48199999 0.88388997
vt 0.67224002 0.23752999
vt 0.68559998 0.24211000
vt 0.49423999 0.15500000
vt 0.49133000 0.40910000
vt 0.48431000 0.87822998
vt 0.95635998 0.80730999
vt 0.83692998 0.28810999
vt 0.70771998 0.23878001
vt 0.81207001 0.23939000
vt 0.49524999 0.38773999
vt 0.12168000 0.23732001
vt 0.10445000 0.23512000
vt 0.28560999 0.07228000
vt 0.96358001 0.81023002
vt 0.49682999 0.22332001
vt 0.50304002 0.25121000
vt 0.50121999 0.27787000
vt 0.50674999 0.32600001
vt 0.97518998 0.64670002
vt 0.98566002 0.60873997
vt 0.98527002 0.65175998
vt 0.22124000 0.23453000
vt 0.15215001 0.23321000
vt 0.03626000 0.21950001
vt 0.66399997 0.29137000
vt 0.84786999 0.28968999
vt 0.63090003 0.28974000
vt 0.51251000 0.03372000
vt 0.68980002 0.23162000
vt 0.68030000 0.22040001
vt 0.70188999 0.22457001
vt 0.71666002 0.22402000
vt 0.73620999 0.22250000
vt 0.80348003 0.22574000
vt 0.50619000 0.05684000
vt 0.50511003 0.36781001
vt 0.50147003 0.41940999
vt 0.50726998 0.43509001
vt 0.25720999 0.23429000
vt 0.10765000 0.24113999
vt 0.47521999 0.87624002
vt 0.03798000 0.21980999
vt 0.95994002 0.80782002
vt 0.19679999 0.95353001
vt 0.20553000 0.93500000
vt 0.66025001 0.28935000
vt 0.84452999 0.29012001
vt 0.81862998 0.28805000
vt 0.50676000 0.03053000
vt 0.51477998 0.03679000
vt 0.67023998 0.21143000
vt 0.75625998 0.21499000
vt 0.77574003 0.22258000
vt 0.78917998 0.21493000
vt 0.81436998 0.21895000
vt 0.50401998 0.07320000
vt 0.51106000 0.13195001
vt 0.19178000 0.23322999
vt 0.84946001 0.29187000
vt 0.83174002 0.28797001
vt 0.67223001 0.21032999
vt 0.51476002 0.16835999
vt 0.52256000 0.39993000
vt 0.50783002 0.43355000
vt 0.48249999 0.86848998
vt 0.03813000 0.22894999
vt 0.82024997 0.29807001
vt 0.50884998 0.08823000
vt 0.51617002 0.30779001
vt 0.47532001 0.86682999
vt 0.47253999 0.86809999
vt 0.03648000 0.22903000
vt 0.48464000 0.86811000
vt 0.95613998 0.79736000
vt 0.95975000 0.79688001
vt 0.96363002 0.79711998
vt 0.65105999 0.29005000
vt 0.82322001 0.29591000
vt 0.51071000 0.03194000
vt 0.53022999 0.04097000
vt 0.51718003 0.04585000
vt 0.76569003 0.20176999
vt 0.17682000 0.01651000
vt 0.18154000 0.01445000
vt 0.20624000 0.01673000
vt 0.50477999 0.11147000
vt 0.51332998 0.21291000
vt 0.52438998 0.40966001
vt 0.25376999 0.25279999
vt 0.10546000 0.24236999
vt 0.28522000 0.05874000
vt 0.47937000 0.86672997
vt 0.62487000 0.56905001
vt 0.61282998 0.58265001
vt 0.62842000 0.58587003
vt 0.66654998 0.29750001
vt 0.68691999 0.20642000
vt 0.81155998 0.20871000
vt 0.51840001 0.38708001
vt 0.51590002 0.42511001
vt 0.23649999 0.24378000
vt 0.16885000 0.24818000
vt 0.03653000 0.23725000
vt 0.03805000 0.24212000
vt 0.48456001 0.86110002
vt 0.95617002 0.79040998
vt 0.96364999 0.79110998
vt 0.20026000 0.94281000
vt 0.64168000 0.29811999
vt 0.52443999 0.28549999
vt 0.52920997 0.41749999
vt 0.20461001 0.24781001
vt 0.11120000 0.24837001
vt 0.28406000 0.05071000
vt 0.28613001 0.04887000
vt 0.47255999 0.85668999
vt 0.47939000 0.85492003
vt 0.48249999 0.85750002
vt 0.95982999 0.78742999
vt 0.17685001 0.93541998
vt 0.83569998 0.29920000
vt 0.83047003 0.30026001
vt 0.81853002 0.30142999
vt 0.51990998 0.03048000
vt 0.52200001 0.34751001
vt 0.53575999 0.42973000
vt 0.47547999 0.85415000
vt 0.48467001 0.85525000
vt 0.95596999 0.78456998
vt 0.96363997 0.78614998
vt 0.65284997 0.32203001
vt 0.84793001 0.31931999
vt 0.69887000 0.19664000
vt 0.71231002 0.19582000
vt 0.78078002 0.20070000
vt 0.52982998 0.07950000
vt 0.52270001 0.10010000
vt 0.52187002 0.18942000
vt 0.24731000 0.26056999
vt 0.17963000 0.25911999
vt 0.02713000 0.24491000
vt 0.02611000 0.24631000
vt 0.02734000 0.24620000
vt 0.28922001 0.04711000
vt 0.28832000 0.04843000
vt 0.29036999 0.04827000
vt 0.28472999 0.04809000
vt 0.02890000 0.24431001
vt 0.03018000 0.24534000
vt 0.47203001 0.85426003
vt 0.48293000 0.85380000
vt 0.03624000 0.24542999
vt 0.03787000 0.24541000
vt 0.48418999 0.85270000
vt 0.95441002 0.78239000
vt 0.95580000 0.78276998
vt 0.95956999 0.78412002
vt 0.95934999 0.78261000
vt 0.96332002 0.78293002
vt 0.96169001 0.78169000
vt 0.17535000 0.95152998
vt 0.74001998 0.19817001
vt 0.52783000 0.06141000
vt 0.52906001 0.36245000
vt 0.97336000 0.66548002
vt 0.98440999 0.69125998
vt 0.25637001 0.25939000
vt 0.21664999 0.25982001
vt 0.28871000 0.04388000
vt 0.28791001 0.04566000
vt 0.28931999 0.04548000
vt 0.28468001 0.04455000
vt 0.28475001 0.04605000
vt 0.28068000 0.04547000
vt 0.28106999 0.04633000
vt 0.47042000 0.85367000
vt 0.47229999 0.85233003
vt 0.46965000 0.85222000
vt 0.47553000 0.85206997
vt 0.47911000 0.85167003
vt 0.48245001 0.85135001
vt 0.03713000 0.24738000
vt 0.04006000 0.24936000
vt 0.04012000 0.24758001
vt 0.48510000 0.85115999
vt 0.04321000 0.24986000
vt 0.86533999 0.77406001
vt 0.86913002 0.77363002
vt 0.86799997 0.77577001
vt 0.86519998 0.78447002
vt 0.86521000 0.78307998
vt 0.86725998 0.78345001
vt 0.86684000 0.78521001
vt 0.86944997 0.78535002
vt 0.87077999 0.78394002
vt 0.86562002 0.77951998
vt 0.86769998 0.77972001
vt 0.87107998 0.78025001
vt 0.86594999 0.77697003
vt 0.87156999 0.77623999
vt 0.87063003 0.77411997
vt 0.87322998 0.78349000
vt 0.87400001 0.78082001
vt 0.87430000 0.77797002
vt 0.18223000 0.94604999
vt 0.17794999 0.93997002
vt 0.66376001 0.32304999
vt 0.66044003 0.32267001
vt 0.84442002 0.31281999
vt 0.83149999 0.31035000
vt 0.82359999 0.30956000
vt 0.63091999 0.32304999
vt 0.67733997 0.19735000
vt 0.81443000 0.18903001
vt 0.53627998 0.13152000
vt 0.53000998 0.23306000
vt 0.53775001 0.33203000
vt 0.53174001 0.43373001
vt 0.53894001 0.43507001
vt 0.25731999 0.26642001
vt 0.46821001 0.85130000
vt 0.46933001 0.84890002
vt 0.47239000 0.84864002
vt 0.47555000 0.84849000
vt 0.47893000 0.84836000
vt 0.48403999 0.84818000
vt 0.48754999 0.85034001
vt 0.48859999 0.84829003
vt 0.87221998 0.78511000
vt 0.49017000 0.84978002
vt 0.87522000 0.78529000
vt 0.49153000 0.84728003
vt 0.49281999 0.84877002
vt 0.87289000 0.77530998
vt 0.04737000 0.24985000
vt 0.04482000 0.24999000
vt 0.04632000 0.25150999
vt 0.05068000 0.25209001
vt 0.87680000 0.77436000
vt 0.87608999 0.77717000
vt 0.87633002 0.78136998
vt 0.87856001 0.78557003
vt 0.88033998 0.78245002
vt 0.88073999 0.77800000
vt 0.88119000 0.77566999
vt 0.88426000 0.77869999
vt 0.88371003 0.78324997
vt 0.88480002 0.77657998
vt 0.58475000 0.56263000
vt 0.58056998 0.56217998
vt 0.58069998 0.56383002
vt 0.57635999 0.56123000
vt 0.57641000 0.56296003
vt 0.57448000 0.56033999
vt 0.57391000 0.56185001
vt 0.84942001 0.32099000
vt 0.83732003 0.31615001
vt 0.82011998 0.31639999
vt 0.52811003 0.03220000
vt 0.53060001 0.03405000
vt 0.67019999 0.18708000
vt 0.79562998 0.19284999
vt 0.13815001 0.26482999
vt 0.11673000 0.26135999
vt 0.10451000 0.26370001
vt 0.47237000 0.84438002
vt 0.46970999 0.84443003
vt 0.47700000 0.84435999
vt 0.48457000 0.84428000
vt 0.48822999 0.84424001
vt 0.49237999 0.84464002
vt 0.49419001 0.84630001
vt 0.49577001 0.84785998
vt 0.49667001 0.84508997
vt 0.49438000 0.84355003
vt 0.88173997 0.78509998
vt 0.49877000 0.84750003
vt 0.88287002 0.78521001
vt 0.50029999 0.84457999
vt 0.49985000 0.84742999
vt 0.81838000 0.31266001
vt 0.53095001 0.03027000
vt 0.63496000 0.32067001
vt 0.53192002 0.03686000
vt 0.67224002 0.19385999
vt 0.72937000 0.18216000
vt 0.75073999 0.18158001
vt 0.78659999 0.18983001
vt 0.81147999 0.18607000
vt 0.53531998 0.09754000
vt 0.53079998 0.18939000
vt 0.54262000 0.26852000
vt 0.28579000 0.03526000
vt 0.28742999 0.03705000
vt 0.28694001 0.03459000
vt 0.47013000 0.84232002
vt 0.47547001 0.84182000
vt 0.48164999 0.84144002
vt 0.48552999 0.84108001
vt 0.49162000 0.84091002
vt 0.49401000 0.84135997
vt 0.49572000 0.84042001
vt 0.50031000 0.83985001
vt 0.66652000 0.32519001
vt 0.82405001 0.31753001
vt 0.83157003 0.31823999
vt 0.64209002 0.32133999
vt 0.68520999 0.18454000
vt 0.54054999 0.05302000
vt 0.54427999 0.15626000
vt 0.54637998 0.30827001
vt 0.55023003 0.35123000
vt 0.54007000 0.39117000
vt 0.54233003 0.37275001
vt 0.55338001 0.42440000
vt 0.23518001 0.27307999
vt 0.05326000 0.23300000
vt 0.05167000 0.23623000
vt 0.05329000 0.23666000
vt 0.05049000 0.23955999
vt 0.05229000 0.24018000
vt 0.49149999 0.83930999
vt 0.49575001 0.83754998
vt 0.05081000 0.24443001
vt 0.49919999 0.83771002
vt 0.50147003 0.83838999
vt 0.49976000 0.83691001
vt 0.58489001 0.55241001
vt 0.58337998 0.55197001
vt 0.58341998 0.55400997
vt 0.53951001 0.03215000
vt 0.55127001 0.19859000
vt 0.54587001 0.23114000
vt 0.24491000 0.27098000
vt 0.10784000 0.27241001
vt 0.05544000 0.24115001
vt 0.05269000 0.24507999
vt 0.05632000 0.24273001
vt 0.05495000 0.24575000
vt 0.49572000 0.83572000
vt 0.49895000 0.83332998
vt 0.05329000 0.24924999
vt 0.84470999 0.32236999
vt 0.81843001 0.32383999
vt 0.54193997 0.03020000
vt 0.54711002 0.03407000
vt 0.77600002 0.17969000
vt 0.79319000 0.17905000
vt 0.55778998 0.10824000
vt 0.10542000 0.27315000
vt 0.58174998 0.54879999
vt 0.58361000 0.54750001
vt 0.58148003 0.54589999
vt 0.14861999 0.95037001
vt 0.15034001 0.93971997
vt 0.15210000 0.93536001
vt 0.83228999 0.34015000
vt 0.82545000 0.33313000
vt 0.69064999 0.16053000
vt 0.70547003 0.16649000
vt 0.55642998 0.07878000
vt 0.55246001 0.41082999
vt 0.20415001 0.27247000
vt 0.12517001 0.27739000
vt 0.58139998 0.54346001
vt 0.57604003 0.54347003
vt 0.57505000 0.54447001
vt 0.55769002 0.39708999
vt 0.25375000 0.28226000
vt 0.17098001 0.27851000
vt 0.11564000 0.28356999
vt 0.13723999 0.95349997
vt 0.84465998 0.34795001
vt 0.82020003 0.33732000
vt 0.55703998 0.03215000
vt 0.64064002 0.35130000
vt 0.63564003 0.34764001
vt 0.57135999 0.03665000
vt 0.56742001 0.04020000
vt 0.67220002 0.17007001
vt 0.81158000 0.16458000
vt 0.81423998 0.15924001
vt 0.55443001 0.04895000
vt 0.56770003 0.43362001
vt 0.24507000 0.29413000
vt 0.22070000 0.28363001
vt 0.65928000 0.34951001
vt 0.65324998 0.35486001
vt 0.84938997 0.34612000
vt 0.83912998 0.34638000
vt 0.81838000 0.34079000
vt 0.55861002 0.03017000
vt 0.74408001 0.16379000
vt 0.56230998 0.33796000
vt 0.20881000 0.29905000
vt 0.66334999 0.35896000
vt 0.64611000 0.35878000
vt 0.67549002 0.16073000
vt 0.72951001 0.15408000
vt 0.76420999 0.16267000
vt 0.56685001 0.05762000
vt 0.25635001 0.31205001
vt 0.18757001 0.29646000
vt 0.14785001 0.29374000
vt 0.10785000 0.29115999
vt 0.10541000 0.29225001
vt 0.10442000 0.29703000
vt 0.82428998 0.34700000
vt 0.56838000 0.03397000
vt 0.78264999 0.16496000
vt 0.79473001 0.15726000
vt 0.56575000 0.13828000
vt 0.56380999 0.17434999
vt 0.55930001 0.24394000
vt 0.56332999 0.28896999
vt 0.56511998 0.32157999
vt 0.56923997 0.37546000
vt 0.56645000 0.41563001
vt 0.57176000 0.43048000
vt 0.84794998 0.35326001
vt 0.67017001 0.15667000
vt 0.68111002 0.15131000
vt 0.80387002 0.14918999
vt 0.56634003 0.20573001
vt 0.57164001 0.40662000
vt 0.12729999 0.29330999
vt 0.11299000 0.30013001
vt 0.66666001 0.35240000
vt 0.82020998 0.34966001
vt 0.63093001 0.35052001
vt 0.76538002 0.15114000
vt 0.59092999 0.04493000
vt 0.58424997 0.08574000
vt 0.57318997 0.24319001
vt 0.25367001 0.31298000
vt 0.23263000 0.29765999
vt 0.83024001 0.35644001
vt 0.57201999 0.03198000
vt 0.67198998 0.14224000
vt 0.57340002 0.09624000
vt 0.57893002 0.42004001
vt 0.83550000 0.36072999
vt 0.82354999 0.35760000
vt 0.81137002 0.14190000
vt 0.58429003 0.11554000
vt 0.58345997 0.22249000
vt 0.58130997 0.34957999
vt 0.58451003 0.39945999
vt 0.17398000 0.30787000
vt 0.13361999 0.95327997
vt 0.84947002 0.36631000
vt 0.82010001 0.36105001
vt 0.81852001 0.36249000
vt 0.57994998 0.03047000
vt 0.72131002 0.14065000
vt 0.70270002 0.14363000
vt 0.78336000 0.14277001
vt 0.58854997 0.17632000
vt 0.58477998 0.19588000
vt 0.58433998 0.26072001
vt 0.58275002 0.28084001
vt 0.58622003 0.32152000
vt 0.57865000 0.42568001
vt 0.58925998 0.43511000
vt 0.25725999 0.31747001
vt 0.22483000 0.31355000
vt 0.14007001 0.31215999
vt 0.12566000 0.31141999
vt 0.10792000 0.31573001
vt 0.10539000 0.31224000
vt 0.66675001 0.36662999
vt 0.58385998 0.03194000
vt 0.25490999 0.00211000
vt 0.25836000 0.00137000
vt 0.26298001 0.00118000
vt 0.63093001 0.36869001
vt 0.57938999 0.03381000
vt 0.58591998 0.04033000
vt 0.79631001 0.14092000
vt 0.58385998 0.05613000
vt 0.58445001 0.14444000
vt 0.23713000 0.32398000
vt 0.20435999 0.31375000
vt 0.83907998 0.38286000
vt 0.63600999 0.38911000
vt 0.67546999 0.12681000
vt 0.76665002 0.13241000
vt 0.81408000 0.13634001
vt 0.59390002 0.41363999
vt 0.16402000 0.31770000
vt 0.12534000 0.93936998
vt 0.83247000 0.37068000
vt 0.82380998 0.37153000
vt 0.59798002 0.03683000
vt 0.68950999 0.13688000
vt 0.74504000 0.12949000
vt 0.59439999 0.38697001
vt 0.13221000 0.93531001
vt 0.66400999 0.37478000
vt 0.65941000 0.37419000
vt 0.82020003 0.37812999
vt 0.59289998 0.13293999
vt 0.59360999 0.27179000
vt 0.59511000 0.31081000
vt 0.59196001 0.42561001
vt 0.24568000 0.31520000
vt 0.11436000 0.33833000
vt 0.66672999 0.37472001
vt 0.81838000 0.37801000
vt 0.59520000 0.03033000
vt 0.59617001 0.03425000
vt 0.67009997 0.11745000
vt 0.71574003 0.12805000
vt 0.80725002 0.13127001
vt 0.59513998 0.07691000
vt 0.59657001 0.24522001
vt 0.09839000 0.93533999
vt 0.84776998 0.39945000
vt 0.59881997 0.03228000
vt 0.68019003 0.12757000
vt 0.69791001 0.12894000
vt 0.25799000 0.01652000
vt 0.27651000 0.01566000
vt 0.28738999 0.01647000
vt 0.81146997 0.12185000
vt 0.60083997 0.28588000
vt 0.59675997 0.35598999
vt 0.25385001 0.33259001
vt 0.19956000 0.33032000
vt 0.10442000 0.33410999
vt 0.10203000 0.95324999
vt 0.84486002 0.39710000
vt 0.82858002 0.39008000
vt 0.78893000 0.12858000
vt 0.60325998 0.05980000
vt 0.59894001 0.09879000
vt 0.60218000 0.12392000
vt 0.59969002 0.20813000
vt 0.60065001 0.40344000
vt 0.25634000 0.33118001
vt 0.22112000 0.32892999
vt 0.66408998 0.38844001
vt 0.65235001 0.38767999
vt 0.61357999 0.03990000
vt 0.72905999 0.11882000
vt 0.60491002 0.34417000
vt 0.61914003 0.42447001
vt 0.17145000 0.33668000
vt 0.14686000 0.33926001
vt 0.12598000 0.33206999
vt 0.10780000 0.33842999
vt 0.66676003 0.39096001
vt 0.65928000 0.38999000
vt 0.84946001 0.40063000
vt 0.82037997 0.39757001
vt 0.81830001 0.39094001
vt 0.60781997 0.03016000
vt 0.64978999 0.39673999
vt 0.69019997 0.11000000
vt 0.71262002 0.11647000
vt 0.70275998 0.11214000
vt 0.76414001 0.12090000
vt 0.78790998 0.11345000
vt 0.79575002 0.11400000
vt 0.80283999 0.11868000
vt 0.29330999 0.01635000
vt 0.60373002 0.16146000
vt 0.60807002 0.19317000
vt 0.60364002 0.24568000
vt 0.60382003 0.38788000
vt 0.60483998 0.43375999
vt 0.61996001 0.43518999
vt 0.25722000 0.34860000
vt 0.10535000 0.34158999
vt 0.60793000 0.03215000
vt 0.63094002 0.39034000
vt 0.61252999 0.03423000
vt 0.67212999 0.11786000
vt 0.67973000 0.10701000
vt 0.81208998 0.11770000
vt 0.81401002 0.11758000
vt 0.61009002 0.07831000
vt 0.60829997 0.10616000
vt 0.60974997 0.30441001
vt 0.24494000 0.33919999
vt 0.23360001 0.33750999
vt 0.18999000 0.33998001
vt 0.09770000 0.93931001
vt 0.83208001 0.40408000
vt 0.61760002 0.03613000
vt 0.74190998 0.10700000
vt 0.75309002 0.11243000
vt 0.61360002 0.13361000
vt 0.61185002 0.15926000
vt 0.61295998 0.22091000
vt 0.61242998 0.26258999
vt 0.61335999 0.34207001
vt 0.61268002 0.38848001
vt 0.61195999 0.41088000
vt 0.21784000 0.34186000
vt 0.82064998 0.40136999
vt 0.81805998 0.39451000
vt 0.61116999 0.03004000
vt 0.61163002 0.03177000
vt 0.63093001 0.40764001
vt 0.67228001 0.10674000
vt 0.67557001 0.10690000
vt 0.76951998 0.11096000
vt 0.80328000 0.10944000
vt 0.80699998 0.11356000
vt 0.81392002 0.11352000
vt 0.61874002 0.43362999
vt 0.25635999 0.35337001
vt 0.66110998 0.40189001
vt 0.66674000 0.39985999
vt 0.81838000 0.39807999
vt 0.81663001 0.39583999
vt 0.81638998 0.39827001
vt 0.61289001 0.03010000
vt 0.61517000 0.03008000
vt 0.61509001 0.02967000
vt 0.29310000 0.00221000
vt 0.29730999 0.00168000
vt 0.30142999 0.00294000
vt 0.64091003 0.40922001
vt 0.67012000 0.10676000
vt 0.70828998 0.10702000
vt 0.72898000 0.10699000
vt 0.79084998 0.10964000
vt 0.80988002 0.11011000
vt 0.81185001 0.10931000
vt 0.81383002 0.10927000
vt 0.25296000 0.34869999
vt 0.11544000 0.34700999
vt 0.10787000 0.35290000
vt 0.84398001 0.41124001
vt 0.81847000 0.40175000
vt 0.81633002 0.40191999
vt 0.61846000 0.02953000
vt 0.61848998 0.02995000
vt 0.30434999 0.00146000
vt 0.63552999 0.41211000
vt 0.61872000 0.03406000
vt 0.62014002 0.04492000
vt 0.69013000 0.10690000
vt 0.68426001 0.10600000
vt 0.69063002 0.10608000
vt 0.70318002 0.10599000
vt 0.71844000 0.10596000
vt 0.73585999 0.10601000
vt 0.91747999 0.04822000
vt 0.92352998 0.04726000
vt 0.93325001 0.04845000
vt 0.76060998 0.10694000
vt 0.75164998 0.10587000
vt 0.76774001 0.10606000
vt 0.77335000 0.10690000
vt 0.78183001 0.10599000
vt 0.78684002 0.10694000
vt 0.96337998 0.04821000
vt 0.96841002 0.04739000
vt 0.96943003 0.04867000
vt 0.79339999 0.10696000
vt 0.97495002 0.04748000
vt 0.97302997 0.04915000
vt 0.98550999 0.04923000
vt 0.80644000 0.10703000
vt 0.98798001 0.04789000
vt 0.98996001 0.04936000
vt 0.81066000 0.10727000
vt 0.81206000 0.10651000
vt 0.99221998 0.04804000
vt 0.99330997 0.04926000
vt 0.98332000 0.05241000
vt 0.98999000 0.05218000
vt 0.99339998 0.05220000
vt 0.81409001 0.10633000
vt 0.99532998 0.04968000
vt 0.99522001 0.05238000
vt 0.87298000 0.05233000
vt 0.88564003 0.05247000
vt 0.88993001 0.05780000
vt 0.90802002 0.05214000
vt 0.93006998 0.05020000
vt 0.92940998 0.05701000
vt 0.95128000 0.05310000
vt 0.96064001 0.05157000
vt 0.97226000 0.05730000
vt 0.98664999 0.05716000
vt 0.99040002 0.05592000
vt 0.99339002 0.05575000
vt 0.61961001 0.06353000
vt 0.87164003 0.06150000
vt 0.93133998 0.06270000
vt 0.95771003 0.06198000
vt 0.99330002 0.06627000
vt 0.99506003 0.06613000
vt 0.89660001 0.06704000
vt 0.97081000 0.07129000
vt 0.98992002 0.06884000
vt 0.87010998 0.06944000
vt 0.95161003 0.06885000
vt 0.98381001 0.07155000
vt 0.87704003 0.08019000
vt 0.88963997 0.07851000
vt 0.90761000 0.08231000
vt 0.92444998 0.07437000
vt 0.93788999 0.08117000
vt 0.96548998 0.08199000
vt 0.99009001 0.08239000
vt 0.99510002 0.08080000
vt 0.30370000 0.03503000
vt 0.30399999 0.03652000
vt 0.30337000 0.04969000
vt 0.98614001 0.08586000
vt 0.99330997 0.08103000
vt 0.30368999 0.05706000
vt 0.88022000 0.08734000
vt 0.97978002 0.09288000
vt 0.94274998 0.09069000
vt 0.61996001 0.09911000
vt 0.86760998 0.09172000
vt 0.88615000 0.09563000
vt 0.91215998 0.09917000
vt 0.96376997 0.09367000
vt 0.97245002 0.09627000
vt 0.99505001 0.10636000
vt 0.30329001 0.07522000
vt 0.99340999 0.11360000
vt 0.87740999 0.10202000
vt 0.95547003 0.10458000
vt 0.88962001 0.11392000
vt 0.94130999 0.11013000
vt 0.98373997 0.11900000
vt 0.30368000 0.08246000
vt 0.96693999 0.11421000
vt 0.97294003 0.12691000
vt 0.86697000 0.11734000
vt 0.87602001 0.12165000
vt 0.90877998 0.12830000
vt 0.93314999 0.12482000
vt 0.98983997 0.12438000
vt 0.61926001 0.13451999
vt 0.96164000 0.13605000
vt 0.99491000 0.13552000
vt 0.30335999 0.10438000
vt 0.94796997 0.13959000
vt 0.87115002 0.14467999
vt 0.89390999 0.14401001
vt 0.30375999 0.10122000
vt 0.88174999 0.14426000
vt 0.91141999 0.15356000
vt 0.97733998 0.15711001
vt 0.98987001 0.15400000
vt 0.99308002 0.15470999
vt 0.30373001 0.12586001
vt 0.93081999 0.15355000
vt 0.87274998 0.16588999
vt 0.88200003 0.18572000
vt 0.95226002 0.15915000
vt 0.99484998 0.16283000
vt 0.30331001 0.13168000
vt 0.89188999 0.16514000
vt 0.94335002 0.17421000
vt 0.96752000 0.17798001
vt 0.98381001 0.17222001
vt 0.90917999 0.16892999
vt 0.95927000 0.18539999
vt 0.99298000 0.18855999
vt 0.61995000 0.17657000
vt 0.30377999 0.15356000
vt 0.92491001 0.18605000
vt 0.98982000 0.18753000
vt 0.99473000 0.18796000
vt 0.30340001 0.15680000
vt 0.89410001 0.20217000
vt 0.97847998 0.20288999
vt 0.87019002 0.19461000
vt 0.94580001 0.19743000
vt 0.61963999 0.19615000
vt 0.91487998 0.20026000
vt 0.98622000 0.21475001
vt 0.96403998 0.21592000
vt 0.97439998 0.22797000
vt 0.99457997 0.22336000
vt 0.30342001 0.19221000
vt 0.87393999 0.21487001
vt 0.92150998 0.21302000
vt 0.93575001 0.21807000
vt 0.95451999 0.21949001
vt 0.30379000 0.19242001
vt 0.87638998 0.23033001
vt 0.91092002 0.23338000
vt 0.62006003 0.22847000
vt 0.86601001 0.23553000
vt 0.95153999 0.23562001
vt 0.98949999 0.23346999
vt 0.99282002 0.23551001
vt 0.89279002 0.23274000
vt 0.93286002 0.23287000
vt 0.88261998 0.24290000
vt 0.92627001 0.24946000
vt 0.94264001 0.25393000
vt 0.96410000 0.24846999
vt 0.98610997 0.25046000
vt 0.88824999 0.25455001
vt 0.99447000 0.26025000
vt 0.30348000 0.22910000
vt 0.62011999 0.25576001
vt 0.97635001 0.25340000
vt 0.98952001 0.25933999
vt 0.87320000 0.25507000
vt 0.30392000 0.23793000
vt 0.91179001 0.26080000
vt 0.86598003 0.25628999
vt 0.88050997 0.26203999
vt 0.96446002 0.26409999
vt 0.99276000 0.26447001
vt 0.93193001 0.27331999
vt 0.86597002 0.27197999
vt 0.87281001 0.27491999
vt 0.89884001 0.27212000
vt 0.95463997 0.27281001
vt 0.97746998 0.28097001
vt 0.98594999 0.27743000
vt 0.92082000 0.27937999
vt 0.88125002 0.28154001
vt 0.98948002 0.28935999
vt 0.99272001 0.28916001
vt 0.99452001 0.28505999
vt 0.30351999 0.25393000
vt 0.62017000 0.29381001
vt 0.89915001 0.28499001
vt 0.94437999 0.28341001
vt 0.95915997 0.29128000
vt 0.92736000 0.29058000
vt 0.96867001 0.28979000
vt 0.30401999 0.26151001
vt 0.86936003 0.29124001
vt 0.91009998 0.29954001
vt 0.88366997 0.29517999
vt 0.94546998 0.29811999
vt 0.97983998 0.30813000
vt 0.86620998 0.31770000
vt 0.87515002 0.30983999
vt 0.92738003 0.31020001
vt 0.98580003 0.31737000
vt 0.89170003 0.30860001
vt 0.96153998 0.31310001
vt 0.97430998 0.32398999
vt 0.99439001 0.31955999
vt 0.30355000 0.28843999
vt 0.91470999 0.32444999
vt 0.94471002 0.31284001
vt 0.99261999 0.32128999
vt 0.30404001 0.27820000
vt 0.88240999 0.33181000
vt 0.93505001 0.33037001
vt 0.98918998 0.34123001
vt 0.87085003 0.33120000
vt 0.90126997 0.34000000
vt 0.95361000 0.33399001
vt 0.30412999 0.30513999
vt 0.96692997 0.34261999
vt 0.99436003 0.34308001
vt 0.30364001 0.31197000
vt 0.62023997 0.33559000
vt 0.88624001 0.35078001
vt 0.99243999 0.34805000
vt 0.86514997 0.34257999
vt 0.86853999 0.35236999
vt 0.98566002 0.36357000
vt 0.94385999 0.35106999
vt 0.96160001 0.36124000
vt 0.91280001 0.35302001
vt 0.92877001 0.36577001
vt 0.97681999 0.37000999
vt 0.87726998 0.37187001
vt 0.89938998 0.36636999
vt 0.98901999 0.38479000
vt 0.94532001 0.38198000
vt 0.30408001 0.33618000
vt 0.86533999 0.37226000
vt 0.91367000 0.37362000
vt 0.99430001 0.37658000
vt 0.30353999 0.34549999
vt 0.99247003 0.37979999
vt 0.62032998 0.37062001
vt 0.96408999 0.38146001
vt 0.30410999 0.34545001
vt 0.89152998 0.38885000
vt 0.97877002 0.39535001
vt 0.91904998 0.39122999
vt 0.62274998 0.39495999
vt 0.87142998 0.39588001
vt 0.30412000 0.35942999
vt 0.99457002 0.40059999
vt 0.99517000 0.39050999
vt 0.95828003 0.40035999
vt 0.97106999 0.40224001
vt 0.89251000 0.40382001
vt 0.98865998 0.40617999
vt 0.99532998 0.40114000
vt 0.62001002 0.41488001
vt 0.92938000 0.40272000
vt 0.92715001 0.40996999
vt 0.94739997 0.41269001
vt 0.96398997 0.41128999
vt 0.86409003 0.40913999
vt 0.90267998 0.41139001
vt 0.97496003 0.41885999
vt 0.99452001 0.41449001
vt 0.87010002 0.41841999
vt 0.89503998 0.41468000
vt 0.98457998 0.42096001
vt 0.99098003 0.42037001
vt 0.99545002 0.42445001
vt 0.91952002 0.41806000
vt 0.95767999 0.41802999
vt 0.89203000 0.42412001
vt 0.94275999 0.42433000
vt 0.96511000 0.42445001
vt 0.99462998 0.42454001
vt 0.87592000 0.42423999
vt 0.91641003 0.42422000
vt 0.98356998 0.42462000
vt 0.99081999 0.42471999
vt 0.87963998 0.42642999
vt 0.87559003 0.42634001
vt 0.92728001 0.42659000
vt 0.94524002 0.42656001
vt 0.96332002 0.42660999
vt 0.98435003 0.42686000
vt 0.99175000 0.42699000
vt 0.99460000 0.42695001
vt 0.99558997 0.42736000
vt 0.98830003 0.77000999
vt 0.98527002 0.76990998
vt 0.98174000 0.76905000
vt 0.97992998 0.76959997
vt 0.98060000 0.76773000
vt 0.23577000 0.34746999
vt 0.21995001 0.34873000
vt 0.19224000 0.34705999
vt 0.16883001 0.34911001
vt 0.13743000 0.34869000
vt 0.10454000 0.35848001
vt 0.07774000 0.95355999
vt 0.82339001 0.40770000
vt 0.82059002 0.40472999
vt 0.81836998 0.40496999
vt 0.81664997 0.40421000
vt 0.62049001 0.02988000
vt 0.62202001 0.03008000
vt 0.62147999 0.03152000
vt 0.66342002 0.41266000
vt 0.64964998 0.40946999
vt 0.62119001 0.03392000
vt 0.67018002 0.10498000
vt 0.67246997 0.10528000
vt 0.67649001 0.10568000
vt 0.85819000 0.04747000
vt 0.86594999 0.04740000
vt 0.86150998 0.04908000
vt 0.87230998 0.04793000
vt 0.85188001 0.04781000
vt 0.85417002 0.04762000
vt 0.85386002 0.05466000
vt 0.85176998 0.05690000
vt 0.85768998 0.05363000
vt 0.86137998 0.05278000
vt 0.88485003 0.04832000
vt 0.90008003 0.04829000
vt 0.94932002 0.04808000
vt 0.62230003 0.04891000
vt 0.85377002 0.06619000
vt 0.85812998 0.06723000
vt 0.30465001 0.02449000
vt 0.85172999 0.08289000
vt 0.85720003 0.09182000
vt 0.85368001 0.09306000
vt 0.86249000 0.10727000
vt 0.85162002 0.10877000
vt 0.85690999 0.11362000
vt 0.85349000 0.12835000
vt 0.85153002 0.13258000
vt 0.85679001 0.15598001
vt 0.86256999 0.14644000
vt 0.85347998 0.15874000
vt 0.85149002 0.16697000
vt 0.86361003 0.16516000
vt 0.62295002 0.16032000
vt 0.86227000 0.18914001
vt 0.85522002 0.18306001
vt 0.85127002 0.19763000
vt 0.86050999 0.22539000
vt 0.85654998 0.22429000
vt 0.85118002 0.21500000
vt 0.85325998 0.23196000
vt 0.85105997 0.25330999
vt 0.85727000 0.26390001
vt 0.85314000 0.26578000
vt 0.85711002 0.29197001
vt 0.85095000 0.28709999
vt 0.85086000 0.30649000
vt 0.86207002 0.30792001
vt 0.85618001 0.34017000
vt 0.85075998 0.32796001
vt 0.85961002 0.33746001
vt 0.85070997 0.34812999
vt 0.85268998 0.34917000
vt 0.85716999 0.38984999
vt 0.85061002 0.39036000
vt 0.85272998 0.39129999
vt 0.86263001 0.39025000
vt 0.85671997 0.40321001
vt 0.85259998 0.41043001
vt 0.85061002 0.41057000
vt 0.85878998 0.41740000
vt 0.85306001 0.42227000
vt 0.85048997 0.42392001
vt 0.86047000 0.42410001
vt 0.87430000 0.42581001
vt 0.85083997 0.42736000
vt 0.85658997 0.42730001
vt 0.86252999 0.42644000
vt 0.86176997 0.42708001
vt 0.62826002 0.43381000
vt 0.23309000 0.35400000
vt 0.20375000 0.35207999
vt 0.11808000 0.35679001
vt 0.10557000 0.35701999
vt 0.66672999 0.41007999
vt 0.84794003 0.41406000
vt 0.84934002 0.41556001
vt 0.82042998 0.40812999
vt 0.81895000 0.40691000
vt 0.62335998 0.03156000
vt 0.62360001 0.03046000
vt 0.62519997 0.03000000
vt 0.62475997 0.03272000
vt 0.30970001 0.00178000
vt 0.62417001 0.03733000
vt 0.62458003 0.06614000
vt 0.62462997 0.12082000
vt 0.62788999 0.19170000
vt 0.62470001 0.20997000
vt 0.62479001 0.26657999
vt 0.62484998 0.32260001
vt 0.62489003 0.36363000
vt 0.62427998 0.41887000
vt 0.25365001 0.35415000
vt 0.16855000 0.35393000
vt 0.13663000 0.35394999
vt 0.07961000 0.93877000
vt 0.08369000 0.93523002
vt 0.84070998 0.41995999
vt 0.83023000 0.41460001
vt 0.82337999 0.41095999
vt 0.82055002 0.41125000
vt 0.62810999 0.03282000
vt 0.62812001 0.03024000
vt 0.62800002 0.03660000
vt 0.62785000 0.04098000
vt 0.62769997 0.06653000
vt 0.62788999 0.11256000
vt 0.62783998 0.15725000
vt 0.62805998 0.23203000
vt 0.62801999 0.26617000
vt 0.62817001 0.31646001
vt 0.62817001 0.38330999
vt 0.62989998 0.41907001
vt 0.62989998 0.43529001
vt 0.25641000 0.35868999
vt 0.25735000 0.35868001
vt 0.25279000 0.35870999
vt 0.22769000 0.35850999
vt 0.21441001 0.35714999
vt 0.13489000 0.35699999
vt 0.07344000 0.95319003
vt 0.66819000 0.41317001
vt 0.82328999 0.41321999
vt 0.82040000 0.41312999
vt 0.62949002 0.03287000
vt 0.62989998 0.03005000
vt 0.62922001 0.04036000
vt 0.62914997 0.05828000
vt 0.62904000 0.08700000
vt 0.62923002 0.14612000
vt 0.62937999 0.18672000
vt 0.62949002 0.22579999
vt 0.62954998 0.27113000
vt 0.62965000 0.32403001
vt 0.62971002 0.37456000
vt 0.62980002 0.40630001
vt 0.18988000 0.35845000
vt 0.14455000 0.35848001
vt 0.11511000 0.35854000
vt 0.82089001 0.41545999
vt 0.81958002 0.41360000
vt 0.81985003 0.41826001
vt 0.81502998 0.41356999
vt 0.67111999 0.41374001
vt 0.66738999 0.41655001
vt 0.63091999 0.42697999
vt 0.81265998 0.41874000
vt 0.81463999 0.42142999
vt 0.80783999 0.41341999
vt 0.79153001 0.42005000
vt 0.77851999 0.42177001
vt 0.79007000 0.41345999
vt 0.77811003 0.41349000
vt 0.76786000 0.41352001
vt 0.76672000 0.41931000
vt 0.74387997 0.41350001
vt 0.74554002 0.41924000
vt 0.72117001 0.42168999
vt 0.71967000 0.41365001
vt 0.70244002 0.41918999
vt 0.69230002 0.41370001
vt 0.68808001 0.42159000
vt 0.68088001 0.41371000
vt 0.67616999 0.41815999
vt 0.67835999 0.42166999
vt 0.66327000 0.42557999
vt 0.84930003 0.42664000
vt 0.84768999 0.42664000
vt 0.83911002 0.42287999
vt 0.64863998 0.42307001
vt 0.07192000 0.93883997
vt 0.78033000 0.42500001
vt 0.79516000 0.42403001
vt 0.76624000 0.42280000
vt 0.76890999 0.42534000
vt 0.74684000 0.42221001
vt 0.74291998 0.42511001
vt 0.72003001 0.42609000
vt 0.70028001 0.42239001
vt 0.82165998 0.42583001
vt 0.67872000 0.42800999
vt 0.63616002 0.42998999
vt 0.06878000 0.95319998
vt 0.06853000 0.93629998
vt 0.07278000 0.93541002
vt 0.79334003 0.42776999
vt 0.76751000 0.43079999
vt 0.74588001 0.43098000
vt 0.69516999 0.42783001
vt 0.06631000 0.95372999
vt 0.06652000 0.93553001
vt 0.84767997 0.43114001
vt 0.84928000 0.43301001
vt 0.82801002 0.43331999
vt 0.79132003 0.43151999
vt 0.72464001 0.43322000
vt 0.69898999 0.43327999
vt 0.67891997 0.43327999
vt 0.65776998 0.43333000
vt 0.63271999 0.43329000
vt 0.63090003 0.43307999
vt 0.06618000 0.95011997
vt 0.06626000 0.93660003
vt 0.84726000 0.43323001
vt 0.79130000 0.43329000
vt 0.76832998 0.43323001
vt 0.74545002 0.43322000
vt 0.63862002 0.43333000
vt 0.06449000 0.12056000
vt 0.69046003 0.81342000
vt 0.66583002 0.81876999
vt 0.63317001 0.81893998
vt 0.61840999 0.81865001
vt 0.58548999 0.81891000
vt 0.46118999 0.98447001
vt 0.46200001 0.96573001
vt 0.46618000 0.96583003
vt 0.67834002 0.81291002
vt 0.64442003 0.81243002
vt 0.63402998 0.80655003
vt 0.60271001 0.80502999
vt 0.58924001 0.80843002
vt 0.57635999 0.80940998
vt 0.56397003 0.81367999
vt 0.54882002 0.80912000
vt 0.53334999 0.81239998
vt 0.50861001 0.81123000
vt 0.49222001 0.81265998
vt 0.47843999 0.81478000
vt 0.47380999 0.81417000
vt 0.47216001 0.81309998
vt 0.45699000 0.98491001
vt 0.69165999 0.81282002
vt 0.66700000 0.80787998
vt 0.44176000 0.96595001
vt 0.67082000 0.79843998
vt 0.56186998 0.79979998
vt 0.52184999 0.80293000
vt 0.50010997 0.80111998
vt 0.48331001 0.80019999
vt 0.47385001 0.80438000
vt 0.43770999 0.98448002
vt 0.68949997 0.80715001
vt 0.65280002 0.80208999
vt 0.65007001 0.79302001
vt 0.63138998 0.79777998
vt 0.61280000 0.79382998
vt 0.54290998 0.79408002
vt 0.69155002 0.79623002
vt 0.68987000 0.79148000
vt 0.51968998 0.79062003
vt 0.47380000 0.78403002
vt 0.47231999 0.78426999
vt 0.42864001 0.98501998
vt 0.67790997 0.79316002
vt 0.59044999 0.78623998
vt 0.56244999 0.78696001
vt 0.61975998 0.78128999
vt 0.48929000 0.78814000
vt 0.64284003 0.77945000
vt 0.55085999 0.78122002
vt 0.53784001 0.76981997
vt 0.66681999 0.77381998
vt 0.52195001 0.76665998
vt 0.50752997 0.77029002
vt 0.67754000 0.77124000
vt 0.41687000 0.96595001
vt 0.40436000 0.98471999
vt 0.56276000 0.76877999
vt 0.58254999 0.77521002
vt 0.49441999 0.75823998
vt 0.60235000 0.77016997
vt 0.00103000 0.01759000
vt 0.00114000 0.02955000
vt 0.00085000 0.02183000
vt 0.00108000 0.04169000
vt 0.00104000 0.05281000
vt 0.00062000 0.05942000
vt 0.00105000 0.06304000
vt 0.00064000 0.10233000
vt 0.00107000 0.10042000
vt 0.00106000 0.14308000
vt 0.00049000 0.17282000
vt 0.00098000 0.18445000
vt 0.00099000 0.23201001
vt 0.00054000 0.23884000
vt 0.00099000 0.24377000
vt 0.00108000 0.25727999
vt 0.00066000 0.26499000
vt 0.00110000 0.26916000
vt 0.00107000 0.30458000
vt 0.00063000 0.30684000
vt 0.00111000 0.34353000
vt 0.00065000 0.35547000
vt 0.00113000 0.36954999
vt 0.00060000 0.39353999
vt 0.00116000 0.39642000
vt 0.00054000 0.40540999
vt 0.55246001 0.75834000
vt 0.48116001 0.76741999
vt 0.47380000 0.75963002
vt 0.00321000 0.00117000
vt 0.00110000 0.00217000
vt 0.00086000 0.00130000
vt 0.00288000 0.00434000
vt 0.00110000 0.00531000
vt 0.00123000 0.00621000
vt 0.00332000 0.01612000
vt 0.00322000 0.34237000
vt 0.00316000 0.36399001
vt 0.58003002 0.75970000
vt 0.47226000 0.75832999
vt 0.40311000 0.98523003
vt 0.59660000 0.75580001
vt 0.01401000 0.00125000
vt 0.00890000 0.00730000
vt 0.01346000 0.03698000
vt 0.01358000 0.05490000
vt 0.01355000 0.06312000
vt 0.01350000 0.08245000
vt 0.01340000 0.13303000
vt 0.01327000 0.14281000
vt 0.01308000 0.16196001
vt 0.01295000 0.19108000
vt 0.01299000 0.22993000
vt 0.01302000 0.24087000
vt 0.01304000 0.25665000
vt 0.01296000 0.31009001
vt 0.01303000 0.33425000
vt 0.01303000 0.34536001
vt 0.01295000 0.37000000
vt 0.01286000 0.38426000
vt 0.01314000 0.39322001
vt 0.01072000 0.40193999
vt 0.01653000 0.40737000
vt 0.00062000 0.40746000
vt 0.69150001 0.75307000
vt 0.68980998 0.75173002
vt 0.63463002 0.75717002
vt 0.32668000 0.03042000
vt 0.01456000 0.00526000
vt 0.01205000 0.01649000
vt 0.51051003 0.85316002
vt 0.01266000 0.02754000
vt 0.51151001 0.85720003
vt 0.51568002 0.85304999
vt 0.51990002 0.86085999
vt 0.53394002 0.85284001
vt 0.01357000 0.04664000
vt 0.56121999 0.85273999
vt 0.57451999 0.85711002
vt 0.58267999 0.85272002
vt 0.01346000 0.10665000
vt 0.60918999 0.85790998
vt 0.60973001 0.85268998
vt 0.60929000 0.85474002
vt 0.61102003 0.86815000
vt 0.62651998 0.85259002
vt 0.64128000 0.85249001
vt 0.65758002 0.85246003
vt 0.68800998 0.86252999
vt 0.69089001 0.85237002
vt 0.68946999 0.85807002
vt 0.71201003 0.85690999
vt 0.72035998 0.85232002
vt 0.74838001 0.85777998
vt 0.73803002 0.85228997
vt 0.75793999 0.86333001
vt 0.01300000 0.26918000
vt 0.76420999 0.85220999
vt 0.78270000 0.85788000
vt 0.78786999 0.86409998
vt 0.78751999 0.85218000
vt 0.83174002 0.85207999
vt 0.82801002 0.85773998
vt 0.81984001 0.86315000
vt 0.83616000 0.85422999
vt 0.85483998 0.85715002
vt 0.85952002 0.85211998
vt 0.86412001 0.86138999
vt 0.87176001 0.85536999
vt 0.87445003 0.85224003
vt 0.87494999 0.85918999
vt 0.64779001 0.74792999
vt 0.62211001 0.75852001
vt 0.60960001 0.75897998
vt 0.50163001 0.85852998
vt 0.50325000 0.88410997
vt 0.50190997 0.87190002
vt 0.50182998 0.89208001
vt 0.50322002 0.91446000
vt 0.50173002 0.91864002
vt 0.50195998 0.95152003
vt 0.50342000 0.95049000
vt 0.50345999 0.96938998
vt 0.50196999 0.97157001
vt 0.50345999 0.98110002
vt 0.50211000 0.98365003
vt 0.50335002 0.99273998
vt 0.50212997 0.99545997
vt 0.50331998 0.99667001
vt 0.01362000 0.01666000
vt 0.01344000 0.01841000
vt 0.44863999 0.43737999
vt 0.44161001 0.43735999
vt 0.44635001 0.43672001
vt 0.50667000 0.93360001
vt 0.50683999 0.98179001
vt 0.50683999 0.99285001
vt 0.50651997 0.99681997
vt 0.01347000 0.02235000
vt 0.50751001 0.99866003
vt 0.50362003 0.99873000
vt 0.50858998 0.85264999
vt 0.51006001 0.88159001
vt 0.51115000 0.92518002
vt 0.51117003 0.95326000
vt 0.51138002 0.99326003
vt 0.51029998 0.99669999
vt 0.51832002 0.92594999
vt 0.51656997 0.97667998
vt 0.01383000 0.03577000
vt 0.52073002 0.99868000
vt 0.52240002 0.88051999
vt 0.52648997 0.89969999
vt 0.52107000 0.90890002
vt 0.52025998 0.95493001
vt 0.52341998 0.99346000
vt 0.52335000 0.85241997
vt 0.52898997 0.94884998
vt 0.52574998 0.97491002
vt 0.52191001 0.99915999
vt 0.53224999 0.89205998
vt 0.52850002 0.92304999
vt 0.53143001 0.99931002
vt 0.53535002 0.97824001
vt 0.54206997 0.87669998
vt 0.54935002 0.90543002
vt 0.53860003 0.93469000
vt 0.53877997 0.99892998
vt 0.42686999 0.43733999
vt 0.40900999 0.43726999
vt 0.41631001 0.43663001
vt 0.54821002 0.99320000
vt 0.53956997 0.99944001
vt 0.54719001 0.95005000
vt 0.54699999 0.98027003
vt 0.54604000 0.89169002
vt 0.55078000 0.96511000
vt 0.54767001 0.99947000
vt 0.55397999 0.92496997
vt 0.56674999 0.99675000
vt 0.38259000 0.43720001
vt 0.56189001 0.88164997
vt 0.56988001 0.94305003
vt 0.56866002 0.99333000
vt 0.38903999 0.43643999
vt 0.57419997 0.93004000
vt 0.56672001 0.99935001
vt 0.56623000 0.89951998
vt 0.56905001 0.87133002
vt 0.57493001 0.97523999
vt 0.57389998 0.99880999
vt 0.58767998 0.91439998
vt 0.58728999 0.96190000
vt 0.36758000 0.43643999
vt 0.58487999 0.88033003
vt 0.59562999 0.99316001
vt 0.36390999 0.43720999
vt 0.58876002 0.89004999
vt 0.58978999 0.94771999
vt 0.59056997 0.99939001
vt 0.59684998 0.93255001
vt 0.60137999 0.97596997
vt 0.61168998 0.99655002
vt 0.60017997 0.90333998
vt 0.34051999 0.43651000
vt 0.61197001 0.99874002
vt 0.60391998 0.87377000
vt 0.60547000 0.88190001
vt 0.60885000 0.94883001
vt 0.61374003 0.99337000
vt 0.61657000 0.99927002
vt 0.33546999 0.43726000
vt 0.61342001 0.89196998
vt 0.61416000 0.91737998
vt 0.61360002 0.96366000
vt 0.61913002 0.97498000
vt 0.62677002 0.87917000
vt 0.61965001 0.94604999
vt 0.62807000 0.90041000
vt 0.62300998 0.92730999
vt 0.62830001 0.96123999
vt 0.32372001 0.43640000
vt 0.64611000 0.99852997
vt 0.62620002 0.99921000
vt 0.63907999 0.99347001
vt 0.63832998 0.92440999
vt 0.63770002 0.94752997
vt 0.63849998 0.97421998
vt 0.30812001 0.43726000
vt 0.64596999 0.96083999
vt 0.64617997 0.99659997
vt 0.64504999 0.99901998
vt 0.30895999 0.43632001
vt 0.64713001 0.87743002
vt 0.64291000 0.90201998
vt 0.64959002 0.99334002
vt 0.64943999 0.89086002
vt 0.64940000 0.93014002
vt 0.66547000 0.97139001
vt 0.65287000 0.97759002
vt 0.67374003 0.99888003
vt 0.66338998 0.87489998
vt 0.66402000 0.88301998
vt 0.66592997 0.90267003
vt 0.66088998 0.92171001
vt 0.65840000 0.93672001
vt 0.66850001 0.95791000
vt 0.67308998 0.98290998
vt 0.29264000 0.43632999
vt 0.67875999 0.99645001
vt 0.67218000 0.93037999
vt 0.27641001 0.43740001
vt 0.68897003 0.94299001
vt 0.68168002 0.99311000
vt 0.70332998 0.87647998
vt 0.69182003 0.88331997
vt 0.68589997 0.89387000
vt 0.68829000 0.91892999
vt 0.25931999 0.43652999
vt 0.69581002 0.98703003
vt 0.68516999 0.99839002
vt 0.69332999 0.96407998
vt 0.69461000 0.90926999
vt 0.70113999 0.97368002
vt 0.23861000 0.43751001
vt 0.71095002 0.99304998
vt 0.70284998 0.99638999
vt 0.72254997 0.99831003
vt 0.71199000 0.99875998
vt 0.01338000 0.20269001
vt 0.71733999 0.92755002
vt 0.71569997 0.90688002
vt 0.71596003 0.94924998
vt 0.71741003 0.96206999
vt 0.71599001 0.97955000
vt 0.22984000 0.43663001
vt 0.72556001 0.88617003
vt 0.73391002 0.99653000
vt 0.22445001 0.43755999
vt 0.73461998 0.89649999
vt 0.73506999 0.95131999
vt 0.72820997 0.99308002
vt 0.72276002 0.99879998
vt 0.73579001 0.93415999
vt 0.21216001 0.43669000
vt 0.74147999 0.97456998
vt 0.74361002 0.91531998
vt 0.73830003 0.99917001
vt 0.75325000 0.98246998
vt 0.74175000 0.99289000
vt 0.73861998 0.99852997
vt 0.75225002 0.96726000
vt 0.18827000 0.43774000
vt 0.76087999 0.93013000
vt 0.75064999 0.99931002
vt 0.75827998 0.95056999
vt 0.18595999 0.43682000
vt 0.75533998 0.89541000
vt 0.76918000 0.99855000
vt 0.76613998 0.91552001
vt 0.76684999 0.99282002
vt 0.78812999 0.99615002
vt 0.77078003 0.88779002
vt 0.77983999 0.90737998
vt 0.78284001 0.93753999
vt 0.78346002 0.98610997
vt 0.77973002 0.92014998
vt 0.79083002 0.88695002
vt 0.78128999 0.96720999
vt 0.79092997 0.99921000
vt 0.14729001 0.43783000
vt 0.16263001 0.43686000
vt 0.79167002 0.99286002
vt 0.79026997 0.99847001
vt 0.79740000 0.90030998
vt 0.79395002 0.96063000
vt 0.79771000 0.94029999
vt 0.80163002 0.97702998
vt 0.80217999 0.91759002
vt 0.81611001 0.96276999
vt 0.81471997 0.99918997
vt 0.81825000 0.92750001
vt 0.11839000 0.43707001
vt 0.82181001 0.87523001
vt 0.81509000 0.88435000
vt 0.82173997 0.90122998
vt 0.81747001 0.98602998
vt 0.82564998 0.99926001
vt 0.83090001 0.94913000
vt 0.83871001 0.99299002
vt 0.82966000 0.99620998
vt 0.84210002 0.99853998
vt 0.83248001 0.98004001
vt 0.11444000 0.43794999
vt 0.83954000 0.88779998
vt 0.83840001 0.91869998
vt 0.84603000 0.96999002
vt 0.84706998 0.91273999
vt 0.84625000 0.94933999
vt 0.84991997 0.99949998
vt 0.85478997 0.99598002
vt 0.83569002 0.85123998
vt 0.85095000 0.87983000
vt 0.85776001 0.98004001
vt 0.86373001 0.99254000
vt 0.85522997 0.89033997
vt 0.85658002 0.85132003
vt 0.85940999 0.90750003
vt 0.85848999 0.95115000
vt 0.86423999 0.96754998
vt 0.86878997 0.99048001
vt 0.86461002 0.88139999
vt 0.86690998 0.99852997
vt 0.86396998 0.99947000
vt 0.87237000 0.85137999
vt 0.86451000 0.93211001
vt 0.86817002 0.99607003
vt 0.86720997 0.90454000
vt 0.86837000 0.98092997
vt 0.87276000 0.89591002
vt 0.87282002 0.92119998
vt 0.87295997 0.94492000
vt 0.87299001 0.97135001
vt 0.87278003 0.99939001
vt 0.87314999 0.99022001
vt 0.87320000 0.99835998
vt 0.07775000 0.43836999
vt 0.07491000 0.43832999
vt 0.07560000 0.43776000
vt 0.87492001 0.87730002
vt 0.87497002 0.89772999
vt 0.87487000 0.90196002
vt 0.87497997 0.93883997
vt 0.87507999 0.97079998
vt 0.87523001 0.98378003
vt 0.87531000 0.98892999
vt 0.87554002 0.99845999
vt 0.01354000 0.39644000
vt 0.87595999 0.99940997
vt 0.87529999 0.85197997
vt 0.87562001 0.85508001
vt 0.87598002 0.85202998
vt 0.99852002 0.47591001
vt 0.98948002 0.47560000
vt 0.99558997 0.47512001
vt 0.87573999 0.86129999
vt 0.87550002 0.87247002
vt 0.87551999 0.89677000
vt 0.87563998 0.97241998
vt 0.87581998 0.98697001
vt 0.01715000 0.01321000
vt 0.44874999 0.43943000
vt 0.44703999 0.43924001
vt 0.01575000 0.01755000
vt 0.44236001 0.43933001
vt 0.42896000 0.43923000
vt 0.27045000 0.43974999
vt 0.18573999 0.44031999
vt 0.15281001 0.44007000
vt 0.11313000 0.44091001
vt 0.09354000 0.43820000
vt 0.08056000 0.44181001
vt 0.07726000 0.44047999
vt 0.07496000 0.44071001
vt 0.07430000 0.43863001
vt 0.94942999 0.47573999
vt 0.91728002 0.47781000
vt 0.91312999 0.47587001
vt 0.88168001 0.47604999
vt 0.85810000 0.47803000
vt 0.85443002 0.47806001
vt 0.85442001 0.47609001
vt 0.85350001 0.47819999
vt 0.85343999 0.47586000
vt 0.99111003 0.47804999
vt 0.01586000 0.39688000
vt 0.53918999 0.74992001
vt 0.48581001 0.74230999
vt 0.02371000 0.01670000
vt 0.38176000 0.44317001
vt 0.35692000 0.44286001
vt 0.30829999 0.44461000
vt 0.27866000 0.44310001
vt 0.22048999 0.44323000
vt 0.16813000 0.44339001
vt 0.12834001 0.44350001
vt 0.97826999 0.48563999
vt 0.96451002 0.48451999
vt 0.94668001 0.48129001
vt 0.92346001 0.48188001
vt 0.88524997 0.48141000
vt 0.85984999 0.48458001
vt 0.85674000 0.48335999
vt 0.85351998 0.48310000
vt 0.02073000 0.39671001
vt 0.02788000 0.40733001
vt 0.67978001 0.73110998
vt 0.62167001 0.75028998
vt 0.60596001 0.74970001
vt 0.37193999 0.96596998
vt 0.02368000 0.00097000
vt 0.02884000 0.00299000
vt 0.02904000 0.00995000
vt 0.02465000 0.01447000
vt 0.02442000 0.01716000
vt 0.42074999 0.45159000
vt 0.40096000 0.45131999
vt 0.37992001 0.45026001
vt 0.35411000 0.45148000
vt 0.34193999 0.45339000
vt 0.33313000 0.45370001
vt 0.31999001 0.45400000
vt 0.27112001 0.44942999
vt 0.22995999 0.45170999
vt 0.19690000 0.44839999
vt 0.15629999 0.45330000
vt 0.12139000 0.45377001
vt 0.10409000 0.45906001
vt 0.09205000 0.45478001
vt 0.08380000 0.45113000
vt 0.99945003 0.47789001
vt 0.99870998 0.49259001
vt 0.91069001 0.48519999
vt 0.88655001 0.48648000
vt 0.86672002 0.48462999
vt 0.85448998 0.48712999
vt 0.99457002 0.48499000
vt 0.52361000 0.72725999
vt 0.50773001 0.73159999
vt 0.67176998 0.73084003
vt 0.44891000 0.45800000
vt 0.44299001 0.45682999
vt 0.99001998 0.49162999
vt 0.96890998 0.49274001
vt 0.95694000 0.49721000
vt 0.93500000 0.49838999
vt 0.91955000 0.49259999
vt 0.89612001 0.49162999
vt 0.55075002 0.73470998
vt 0.61978000 0.74629998
vt 0.61524999 0.74637997
vt 0.61137003 0.74673998
vt 0.05815000 0.07449000
vt 0.05662000 0.06995000
vt 0.05644000 0.07422000
vt 0.60873002 0.74627000
vt 0.05811000 0.07663000
vt 0.05637000 0.07711000
vt 0.06169000 0.07060000
vt 0.06157000 0.07439000
vt 0.06155000 0.07674000
vt 0.06434000 0.06855000
vt 0.06520000 0.07016000
vt 0.06502000 0.07403000
vt 0.06500000 0.07654000
vt 0.06696000 0.07094000
vt 0.06716000 0.07385000
vt 0.06696000 0.07620000
vt 0.44725999 0.45855001
vt 0.04134000 0.01720000
vt 0.39592999 0.45822001
vt 0.36668000 0.45991999
vt 0.30868000 0.46083000
vt 0.29014999 0.45991001
vt 0.19075000 0.46004999
vt 0.07498000 0.46294999
vt 0.07419000 0.45537001
vt 0.98833001 0.49542001
vt 0.87557000 0.50011998
vt 0.86026001 0.49871999
vt 0.85447001 0.49713999
vt 0.85342997 0.49922001
vt 0.03661000 0.39651000
vt 0.61800998 0.74435002
vt 0.61675000 0.74552000
vt 0.04678000 0.17363000
vt 0.60808003 0.74396002
vt 0.59713000 0.73850000
vt 0.59587997 0.72803998
vt 0.04647000 0.16802000
vt 0.04519000 0.16576000
vt 0.04783000 0.16525000
vt 0.04612000 0.16368000
vt 0.39519000 0.00846000
vt 0.39493999 0.01066000
vt 0.39662001 0.00967000
vt 0.39579001 0.01229000
vt 0.39728999 0.01155000
vt 0.39642000 0.01482000
vt 0.39824000 0.01417000
vt 0.39677000 0.01706000
vt 0.39853001 0.01645000
vt 0.04287000 0.00098000
vt 0.04094000 0.00279000
vt 0.03791000 0.01427000
vt 0.26293999 0.47051001
vt 0.24147999 0.46560001
vt 0.12797999 0.46529999
vt 0.07841000 0.46472999
vt 0.98127002 0.51433003
vt 0.91240001 0.50325000
vt 0.99374002 0.49757999
vt 0.03763000 0.40612000
vt 0.53741997 0.73119003
vt 0.63506001 0.73148000
vt 0.61980999 0.73835999
vt 0.61789000 0.74142998
vt 0.04363000 0.17363000
vt 0.04463000 0.17160000
vt 0.04457000 0.16806000
vt 0.92761999 0.02187000
vt 0.39460999 0.01334000
vt 0.39519000 0.01741000
vt 0.04011000 0.00971000
vt 0.03770000 0.01664000
vt 0.43410000 0.46463001
vt 0.41587999 0.46118999
vt 0.38433999 0.46432999
vt 0.34670001 0.46860000
vt 0.22581001 0.47139999
vt 0.97197998 0.51980001
vt 0.89270997 0.50203001
vt 0.56221002 0.72368997
vt 0.47387001 0.73054999
vt 0.65199000 0.72139001
vt 0.61242998 0.73815000
vt 0.61456001 0.74074000
vt 0.61115003 0.74044001
vt 0.60855001 0.74122000
vt 0.31654999 0.47301000
vt 0.07402000 0.47544000
vt 0.85966003 0.51122999
vt 0.99879003 0.51271999
vt 0.47237000 0.70257002
vt 0.34825000 0.98527998
vt 0.62067997 0.72803998
vt 0.60826999 0.73443002
vt 0.44896001 0.48038000
vt 0.44398999 0.48201001
vt 0.42921999 0.47582999
vt 0.40827999 0.47045001
vt 0.36548999 0.47639999
vt 0.30059001 0.47165999
vt 0.28557000 0.47595999
vt 0.15163000 0.47409001
vt 0.09036000 0.48096001
vt 0.94922000 0.51590002
vt 0.89726001 0.51415998
vt 0.69152999 0.71372998
vt 0.68990999 0.70494002
vt 0.06091000 0.01712000
vt 0.33208001 0.47911999
vt 0.20665000 0.47784001
vt 0.92743999 0.51297998
vt 0.87792999 0.51450998
vt 0.86861002 0.51546001
vt 0.85452002 0.51192999
vt 0.99291998 0.51826000
vt 0.39340001 0.47957000
vt 0.10469000 0.48952001
vt 0.07503000 0.50098997
vt 0.06134000 0.40742001
vt 0.48346999 0.72119999
vt 0.06187000 0.00256000
vt 0.30443999 0.48412001
vt 0.17263000 0.49162000
vt 0.11850000 0.49270999
vt 0.08110000 0.50748003
vt 0.07743000 0.49338001
vt 0.54047000 0.71726000
vt 0.49186000 0.70822001
vt 0.34434000 0.98462999
vt 0.61932999 0.70956999
vt 0.58781999 0.71267998
vt 0.06515000 0.00091000
vt 0.06056000 0.00984000
vt 0.06135000 0.01402000
vt 0.41753000 0.48607999
vt 0.33859000 0.48993999
vt 0.31909001 0.49474001
vt 0.27151999 0.49092001
vt 0.23449001 0.49623999
vt 0.95665002 0.52889001
vt 0.87948000 0.52302003
vt 0.85460001 0.53446001
vt 0.06348000 0.39627001
vt 0.06246000 0.40619999
vt 0.47402000 0.70107001
vt 0.60346001 0.70943999
vt 0.37729999 0.49366999
vt 0.14477000 0.49825999
vt 0.91790003 0.52788001
vt 0.89670998 0.52714002
vt 0.85361999 0.52651000
vt 0.53048998 0.68908000
vt 0.66192001 0.69788003
vt 0.64006001 0.70007002
vt 0.07410000 0.49629000
vt 0.87083000 0.53411001
vt 0.51240999 0.68593001
vt 0.58034998 0.70656002
vt 0.56483001 0.70638001
vt 0.34681001 0.96612000
vt 0.44736999 0.51358002
vt 0.43449000 0.49647999
vt 0.41194001 0.50051999
vt 0.34308001 0.51182997
vt 0.20586000 0.50102001
vt 0.94040000 0.53551000
vt 0.88525999 0.53781998
vt 0.86022002 0.53864998
vt 0.99891001 0.53362000
vt 0.53912002 0.69573998
vt 0.52011001 0.69446999
vt 0.25797001 0.51401001
vt 0.97711003 0.54167998
vt 0.96395999 0.54099000
vt 0.48480999 0.69112998
vt 0.67730999 0.69000000
vt 0.59015000 0.69340003
vt 0.37344000 0.51569003
vt 0.16667999 0.51479000
vt 0.63156998 0.68686998
vt 0.59564000 0.69037998
vt 0.57876003 0.69779003
vt 0.56097001 0.69590002
vt 0.08795000 0.00206000
vt 0.29376999 0.51137000
vt 0.09005000 0.50857002
vt 0.90451002 0.54607999
vt 0.99326998 0.55598998
vt 0.60728002 0.69106001
vt 0.58408999 0.69213003
vt 0.57525998 0.69365001
vt 0.09200000 0.01396000
vt 0.09055000 0.01654000
vt 0.10007000 0.01705000
vt 0.44411999 0.51454997
vt 0.38850001 0.50568002
vt 0.32787001 0.52332997
vt 0.11997000 0.51339000
vt 0.94716001 0.54692000
vt 0.93295002 0.54567999
vt 0.85470003 0.54978001
vt 0.50515997 0.67593998
vt 0.57095999 0.69049001
vt 0.44905001 0.52012002
vt 0.43459001 0.52029997
vt 0.41951001 0.52319002
vt 0.39853001 0.51520997
vt 0.36517999 0.52555001
vt 0.31206000 0.53127003
vt 0.20405000 0.52253002
vt 0.07742000 0.51490003
vt 0.86913002 0.55278999
vt 0.85374999 0.55357999
vt 0.10311000 0.40737000
vt 0.66117001 0.67828000
vt 0.08979000 0.00081000
vt 0.10431000 0.53656000
vt 0.95475000 0.55568999
vt 0.92883998 0.55425000
vt 0.89602000 0.56186002
vt 0.88116002 0.56250000
vt 0.99676001 0.55874997
vt 0.09016000 0.39629000
vt 0.47396001 0.67474997
vt 0.69158000 0.67949998
vt 0.58616000 0.68842000
vt 0.58042002 0.68621999
vt 0.57432002 0.68858999
vt 0.57161999 0.68466002
vt 0.12762000 0.53412998
vt 0.07427000 0.52333999
vt 0.99895000 0.56073999
vt 0.10506000 0.40604001
vt 0.47238001 0.67593002
vt 0.32203999 0.98539001
vt 0.58903998 0.68326002
vt 0.57604003 0.68686002
vt 0.57358998 0.68608999
vt 0.40422001 0.53521001
vt 0.08889000 0.52912998
vt 0.96529001 0.56136000
vt 0.05766000 0.12643000
vt 0.05970000 0.12843999
vt 0.05950000 0.12587000
vt 0.48787001 0.67579001
vt 0.60367000 0.67518997
vt 0.58472002 0.68317997
vt 0.58245999 0.68418002
vt 0.57277000 0.68362999
vt 0.56743002 0.67923999
vt 0.27974001 0.53280002
vt 0.94529998 0.56582999
vt 0.91946000 0.56563997
vt 0.28961000 0.16095001
vt 0.28661999 0.16136000
vt 0.28150001 0.16169000
vt 0.03125000 0.13395999
vt 0.03401000 0.13291000
vt 0.03205000 0.13192999
vt 0.03379000 0.13117000
vt 0.03681000 0.13045999
vt 0.04072000 0.13003001
vt 0.04506000 0.13218001
vt 0.04687000 0.12952000
vt 0.05079000 0.13220000
vt 0.05494000 0.13241000
vt 0.06005000 0.13260999
vt 0.52449000 0.66319001
vt 0.67795998 0.67578000
vt 0.63494003 0.66860998
vt 0.61649001 0.66898000
vt 0.58490998 0.67954999
vt 0.57233000 0.67944998
vt 0.55374998 0.67232001
vt 0.10012000 0.00077000
vt 0.10083000 0.00938000
vt 0.10220000 0.01646000
vt 0.07515000 0.53211999
vt 0.87386000 0.56888002
vt 0.86061001 0.58380002
vt 0.28132999 0.15592000
vt 0.02932000 0.13708000
vt 0.03101000 0.13625000
vt 0.02978000 0.13563000
vt 0.29043001 0.15670000
vt 0.29012999 0.15915000
vt 0.03393000 0.13733999
vt 0.03730000 0.13574000
vt 0.04476000 0.13562000
vt 0.05137000 0.13574000
vt 0.44115001 0.84733999
vt 0.05892000 0.13657001
vt 0.06029000 0.13658001
vt 0.06026000 0.13844000
vt 0.69156998 0.67715001
vt 0.59122998 0.67355001
vt 0.58749002 0.67483997
vt 0.58309001 0.67782998
vt 0.57296002 0.67546999
vt 0.57088000 0.67488998
vt 0.56849003 0.67519999
vt 0.56647998 0.66988999
vt 0.23796999 0.53079998
vt 0.97662002 0.56397998
vt 0.28246000 0.15301000
vt 0.28130001 0.15344000
vt 0.02892000 0.13952000
vt 0.03080000 0.13900000
vt 0.29067001 0.15361001
vt 0.04044000 0.13846999
vt 0.04087000 0.14076000
vt 0.45304999 0.84281999
vt 0.45515001 0.84292001
vt 0.45293000 0.83868003
vt 0.45637000 0.83872998
vt 0.04372000 0.13804001
vt 0.45315000 0.83631998
vt 0.44929999 0.84266001
vt 0.04893000 0.13773000
vt 0.44793001 0.83634001
vt 0.44525999 0.83858001
vt 0.43783000 0.83955997
vt 0.43629000 0.83877999
vt 0.43663001 0.83691001
vt 0.57573003 0.67300999
vt 0.54017001 0.66219002
vt 0.47926000 0.66302001
vt 0.59785998 0.66681999
vt 0.57428998 0.67413998
vt 0.30063000 0.98487997
vt 0.31635001 0.96603000
vt 0.44253001 0.54979002
vt 0.34265000 0.54042000
vt 0.08100000 0.55031002
vt 0.07737000 0.54680002
vt 0.85475999 0.56468999
vt 0.28200001 0.14768000
vt 0.02894000 0.14532000
vt 0.03067000 0.14218000
vt 0.29069000 0.14992000
vt 0.03377000 0.14215000
vt 0.96550000 0.88559002
vt 0.96585000 0.88748997
vt 0.49177000 0.65373999
vt 0.58485001 0.66930002
vt 0.57628000 0.67008001
vt 0.57120001 0.67031997
vt 0.11083000 0.01645000
vt 0.16537000 0.54367000
vt 0.07427000 0.54189998
vt 0.96737999 0.57757998
vt 0.85389000 0.57805002
vt 0.99896002 0.57933998
vt 0.11426000 0.39621001
vt 0.28251001 0.14605001
vt 0.03033000 0.14743000
vt 0.28806001 0.14658999
vt 0.03375000 0.14555000
vt 0.67172003 0.65991002
vt 0.58137000 0.66564000
vt 0.57459003 0.66576999
vt 0.57108998 0.66338998
vt 0.11428000 0.00085000
vt 0.11450000 0.00518000
vt 0.11491000 0.00976000
vt 0.11722000 0.01706000
vt 0.43000999 0.54260999
vt 0.30430001 0.55493999
vt 0.19401000 0.54579002
vt 0.92995000 0.57454002
vt 0.91965997 0.58275002
vt 0.86789000 0.59293002
vt 0.99272001 0.58117998
vt 0.02905000 0.15385000
vt 0.28222001 0.13911000
vt 0.29058000 0.13997000
vt 0.96564001 0.87717998
vt 0.50843000 0.65648001
vt 0.47386000 0.65290999
vt 0.47242001 0.64929003
vt 0.29582000 0.98557001
vt 0.65224999 0.65325999
vt 0.56158000 0.65289998
vt 0.37118000 0.54602998
vt 0.24555001 0.54342002
vt 0.13697000 0.55699003
vt 0.95656002 0.58450001
vt 0.89616001 0.58285999
vt 0.13697000 0.40740001
vt 0.03078000 0.15704000
vt 0.63537002 0.64301002
vt 0.59606999 0.64800000
vt 0.40983000 0.56598002
vt 0.32720000 0.54648000
vt 0.28652999 0.55853999
vt 0.93715000 0.58451998
vt 0.88044000 0.58750999
vt 0.28290999 0.12903000
vt 0.03368000 0.15825000
vt 0.62301999 0.62660003
vt 0.60617000 0.64210999
vt 0.12297000 0.01631000
vt 0.21486001 0.56344998
vt 0.96547002 0.58977997
vt 0.85750997 0.60130000
vt 0.85393000 0.60486001
vt 0.12537999 0.40612999
vt 0.51630002 0.64772999
vt 0.67421001 0.63666999
vt 0.28472999 0.97939998
vt 0.12368000 0.00089000
vt 0.12409000 0.00972000
vt 0.40028000 0.55987000
vt 0.38866001 0.56427002
vt 0.34029999 0.55936003
vt 0.31716001 0.56347001
vt 0.09957000 0.56983000
vt 0.08948000 0.56926000
vt 0.85487998 0.60026997
vt 0.28222001 0.12498000
vt 0.29054999 0.12271000
vt 0.28799999 0.12044000
vt 0.02915000 0.16794001
vt 0.96587002 0.85856998
vt 0.53416997 0.64636999
vt 0.61422002 0.62452000
vt 0.58459997 0.64191997
vt 0.42480001 0.56522000
vt 0.26617000 0.57086003
vt 0.25330001 0.56129998
vt 0.16680001 0.57349002
vt 0.95424002 0.60272002
vt 0.91825998 0.62050003
vt 0.91065001 0.60012001
vt 0.03362000 0.17190000
vt 0.69016999 0.62814999
vt 0.50751001 0.63712001
vt 0.48745999 0.63922000
vt 0.27269000 0.96605003
vt 0.44924000 0.56917000
vt 0.44755000 0.56817001
vt 0.35466999 0.57428002
vt 0.23345999 0.56866002
vt 0.93572998 0.60314000
vt 0.14068000 0.39620000
vt 0.14060000 0.39850000
vt 0.69158000 0.62554002
vt 0.47409001 0.61421001
vt 0.65486997 0.63511002
vt 0.57224000 0.63233000
vt 0.14619000 0.00095000
vt 0.11956000 0.56629997
vt 0.11014000 0.60110003
vt 0.89941001 0.61141998
vt 0.99901998 0.60016000
vt 0.14162999 0.40614000
vt 0.03065000 0.18184000
vt 0.53395998 0.62457001
vt 0.51707000 0.61974001
vt 0.48366001 0.62431002
vt 0.57837999 0.62427998
vt 0.14138000 0.00957000
vt 0.44429001 0.58728999
vt 0.19293000 0.57953000
vt 0.07431000 0.56266999
vt 0.88371998 0.61821997
vt 0.28233999 0.11209000
vt 0.29054999 0.11053000
vt 0.02902000 0.18080001
vt 0.58991998 0.62348998
vt 0.14070000 0.01631000
vt 0.07529000 0.58701998
vt 0.96416003 0.61246997
vt 0.87712002 0.62178999
vt 0.99344999 0.61264002
vt 0.28303999 0.09753000
vt 0.28799000 0.10593000
vt 0.03358000 0.18444000
vt 0.96569002 0.84233999
vt 0.49735999 0.61309999
vt 0.16292000 0.01722000
vt 0.13722000 0.58473998
vt 0.97850001 0.61105001
vt 0.99002999 0.62378001
vt 0.68381000 0.61651999
vt 0.65665001 0.61148000
vt 0.63977998 0.62084001
vt 0.29940999 0.57941002
vt 0.07438000 0.57564002
vt 0.86049002 0.62212998
vt 0.54255003 0.60176998
vt 0.60044003 0.60538000
vt 0.39150000 0.58783001
vt 0.24652000 0.58212000
vt 0.85491002 0.62029999
vt 0.99906999 0.61317003
vt 0.16990000 0.40605000
vt 0.02837000 0.19536000
vt 0.02892000 0.20398000
vt 0.03065000 0.20541000
vt 0.67830002 0.60035002
vt 0.44927999 0.58247000
vt 0.15961000 0.01628000
vt 0.43808001 0.59189999
vt 0.42155999 0.58622003
vt 0.32370999 0.59030002
vt 0.07759000 0.59885001
vt 0.85745001 0.62875998
vt 0.03347000 0.20659000
vt 0.50983000 0.60268003
vt 0.60917997 0.60051000
vt 0.66767001 0.25077999
vt 0.16208000 0.00971000
vt 0.15967999 0.01337000
vt 0.44758999 0.58170998
vt 0.36616001 0.59113997
vt 0.18967000 0.60494000
vt 0.93667001 0.62103999
vt 0.89301002 0.62801999
vt 0.96570998 0.82028002
vt 0.58530998 0.60070002
vt 0.57308000 0.60250998
vt 0.22175001 0.98479003
vt 0.40239000 0.59881002
vt 0.29352000 0.60496998
vt 0.21612000 0.59772998
vt 0.12364000 0.60602999
vt 0.07446000 0.61995000
vt 0.97349000 0.62390000
vt 0.69000000 0.57600999
vt 0.52117997 0.58955002
vt 0.47248000 0.60602999
vt 0.25323999 0.98548001
vt 0.66788000 0.25538000
vt 0.41363001 0.60648000
vt 0.27542999 0.59636998
vt 0.16664000 0.59398001
vt 0.96006000 0.63902003
vt 0.94306999 0.64011002
vt 0.92352998 0.64516002
vt 0.87013000 0.63674003
vt 0.29056001 0.07057000
vt 0.28797001 0.08560000
vt 0.55891001 0.59380001
vt 0.53151000 0.59437001
vt 0.63437998 0.59842998
vt 0.16323000 0.00052000
vt 0.34351000 0.59965998
vt 0.32536000 0.61457998
vt 0.15104000 0.61312997
vt 0.09499000 0.60065001
vt 0.86049998 0.64039999
vt 0.85497999 0.64467001
vt 0.85399002 0.64396000
vt 0.17918999 0.39622000
vt 0.99923998 0.65758997
vt 0.99695998 0.63944000
vt 0.99361002 0.64757001
vt 0.48005000 0.59500998
vt 0.61892003 0.60196000
vt 0.24929000 0.59618998
vt 0.08223000 0.62085003
vt 0.88774002 0.64661002
vt 0.28295001 0.07248000
vt 0.02840000 0.22041000
vt 0.50080001 0.58976001
vt 0.57840002 0.59733999
vt 0.17100000 0.01188000
vt 0.91114002 0.64854002
vt 0.18848000 0.39864001
vt 0.19309001 0.40735999
vt 0.02898000 0.21987000
vt 0.03064000 0.22249000
vt 0.03342000 0.21690001
vt 0.18130000 0.00206000
vt 0.66273999 0.58361000
vt 0.17877001 0.00942000
vt 0.26982000 0.61527997
vt 0.24511001 0.60865003
vt 0.21054000 0.61954999
vt 0.95283997 0.65439999
vt 0.87958002 0.65578002
vt 0.28794000 0.06740000
vt 0.96591002 0.80839998
vt 0.22800000 0.96594000
vt 0.44938001 0.62638998
vt 0.81519997 0.23499000
vt 0.44264001 0.62725002
vt 0.42710000 0.62089002
vt 0.36677000 0.61918998
vt 0.03345000 0.22778000
vt 0.57577997 0.58784997
vt 0.56335998 0.57546002
vt 0.90461999 0.65860999
vt 0.19197001 0.40606999
vt 0.96596998 0.79933000
vt 0.60174000 0.57832998
vt 0.59030002 0.58525002
vt 0.64520001 0.58415002
vt 0.39952001 0.62557000
vt 0.09709000 0.62620002
vt 0.07768000 0.61966002
vt 0.07535000 0.62085003
vt 0.86082000 0.66272998
vt 0.28297001 0.05971000
vt 0.02840000 0.23318000
vt 0.29063001 0.06210000
vt 0.54238999 0.57590002
vt 0.47407001 0.57323998
vt 0.47257000 0.55269998
vt 0.20073999 0.98550999
vt 0.19374999 0.00979000
vt 0.81509000 0.20519000
vt 0.30381000 0.62721997
vt 0.96047997 0.66999000
vt 0.92964000 0.66902000
vt 0.99272001 0.67211002
vt 0.28803000 0.05765000
vt 0.03093000 0.23526999
vt 0.69167000 0.56968999
vt 0.65508997 0.57279003
vt 0.58895999 0.57779002
vt 0.20118000 0.00050000
vt 0.18121000 0.64398003
vt 0.12529001 0.63796997
vt 0.85773998 0.66606998
vt 0.03336000 0.23870000
vt 0.96585000 0.78632998
vt 0.49110001 0.57072997
vt 0.21099000 0.01366000
vt 0.31332999 0.63801998
vt 0.26732001 0.63448000
vt 0.16667999 0.63704002
vt 0.89352000 0.67079997
vt 0.85509002 0.66578001
vt 0.85413998 0.66738999
vt 0.20227000 0.39623001
vt 0.28285000 0.05076000
vt 0.02811000 0.24209000
vt 0.02917000 0.24220000
vt 0.29067001 0.05069000
vt 0.52472001 0.55615997
vt 0.51407999 0.56095999
vt 0.64143997 0.56901997
vt 0.58825999 0.57257998
vt 0.19525000 0.96566999
vt 0.21221000 0.00207000
vt 0.43476000 0.63913000
vt 0.33987999 0.63498998
vt 0.32795000 0.63832003
vt 0.88239002 0.67597997
vt 0.87291998 0.66952002
vt 0.99923003 0.67429000
vt 0.21333000 0.40603000
vt 0.28823999 0.05067000
vt 0.03092000 0.24231000
vt 0.57709002 0.56693000
vt 0.21247999 0.00969000
vt 0.21531001 0.64490002
vt 0.14748999 0.63968003
vt 0.28211001 0.04778000
vt 0.03348000 0.24570000
vt 0.96618003 0.78311998
vt 0.67259997 0.56335998
vt 0.61098999 0.55706000
vt 0.59622002 0.56792003
vt 0.50634998 0.56020999
vt 0.58473003 0.56669998
vt 0.57190001 0.56595999
vt 0.36285999 0.64598000
vt 0.10948000 0.65566999
vt 0.07760000 0.64296001
vt 0.07458000 0.63660002
vt 0.97290999 0.67803001
vt 0.95296001 0.68260998
vt 0.91336000 0.68028003
vt 0.02598000 0.24726000
vt 0.02749000 0.24820000
vt 0.03034000 0.24839000
vt 0.96438998 0.78060001
vt 0.65776998 0.55642003
vt 0.55589998 0.55725002
vt 0.53811997 0.54891998
vt 0.48890001 0.55282003
vt 0.56847000 0.55489999
vt 0.44780001 0.65232003
vt 0.09188000 0.65263999
vt 0.86620998 0.68304002
vt 0.22477999 0.39647001
vt 0.46814001 0.84447998
vt 0.27998000 0.04133000
vt 0.02602000 0.25150001
vt 0.02761000 0.25167999
vt 0.03174000 0.25183001
vt 0.03693000 0.25187001
vt 0.04197000 0.25189999
vt 0.69006002 0.55470997
vt 0.58818001 0.55581999
vt 0.58811003 0.55958998
vt 0.57224000 0.55619001
vt 0.44951001 0.65074003
vt 0.42063999 0.65064001
vt 0.40044999 0.64523000
vt 0.29980001 0.65891999
vt 0.07546000 0.64340001
vt 0.86066997 0.68918997
vt 0.85424000 0.69023001
vt 0.22133000 0.40744999
vt 0.28391001 0.03720000
vt 0.27990001 0.03595000
vt 0.02623000 0.25692999
vt 0.02764000 0.25508001
vt 0.03053000 0.25514001
vt 0.03568000 0.25518000
vt 0.04036000 0.25518000
vt 0.04350000 0.25520000
vt 0.04686000 0.25519001
vt 0.05069000 0.25511000
vt 0.05880000 0.25470999
vt 0.05523000 0.25233999
vt 0.05894000 0.25251001
vt 0.64484000 0.55204999
vt 0.59810001 0.55150998
vt 0.58472002 0.55958003
vt 0.58209002 0.56086999
vt 0.06013000 0.25470001
vt 0.06026000 0.25152001
vt 0.57356000 0.55870003
vt 0.93322998 0.69700998
vt 0.87580001 0.68687999
vt 0.05424000 0.21641000
vt 0.06037000 0.21683000
vt 0.05522000 0.21541999
vt 0.06155000 0.21545000
vt 0.02883000 0.25731999
vt 0.06201000 0.21813001
vt 0.28861001 0.03433000
vt 0.05257000 0.21706000
vt 0.05388000 0.21961001
vt 0.06036000 0.22070999
vt 0.05174000 0.22259000
vt 0.05340000 0.22465999
vt 0.05678000 0.22424001
vt 0.03515000 0.25786000
vt 0.06225000 0.22462000
vt 0.05094000 0.22901000
vt 0.05981000 0.22957000
vt 0.05328000 0.22981000
vt 0.05703000 0.23085999
vt 0.04090000 0.25856999
vt 0.06194000 0.23048000
vt 0.05052000 0.23306000
vt 0.05624000 0.23214000
vt 0.04404000 0.25835001
vt 0.04733000 0.25839999
vt 0.48816001 0.83929002
vt 0.05098000 0.25839999
vt 0.05523000 0.25832000
vt 0.06007000 0.25817001
vt 0.67956001 0.54495001
vt 0.66588002 0.54176998
vt 0.63339001 0.53702998
vt 0.61742002 0.54320002
vt 0.58491999 0.55482000
vt 0.54772002 0.53474998
vt 0.47424999 0.54882997
vt 0.57337999 0.55524999
vt 0.56247997 0.54843003
vt 0.19200000 0.97957999
vt 0.22845000 0.00067000
vt 0.36809999 0.66021001
vt 0.13619000 0.66663003
vt 0.89679003 0.68765998
vt 0.85517001 0.69292003
vt 0.05973000 0.23198000
vt 0.06077000 0.23241000
vt 0.04259000 0.26003999
vt 0.05629000 0.23746000
vt 0.05878000 0.24105000
vt 0.04783000 0.26091000
vt 0.06103000 0.23781000
vt 0.05160000 0.26164001
vt 0.06127000 0.24165000
vt 0.05544000 0.26135001
vt 0.05995000 0.26181000
vt 0.65407002 0.53485000
vt 0.58867002 0.54991001
vt 0.57362002 0.55163997
vt 0.57204998 0.54983997
vt 0.22617000 0.00858000
vt 0.22887000 0.01671000
vt 0.81519997 0.18228000
vt 0.43586999 0.66101003
vt 0.26344001 0.64591002
vt 0.24637000 0.65463001
vt 0.97150999 0.69503999
vt 0.96105999 0.70264000
vt 0.99732000 0.70807999
vt 0.05871000 0.24303000
vt 0.05846000 0.24636000
vt 0.06031000 0.24349000
vt 0.05301000 0.26319000
vt 0.05553000 0.26378000
vt 0.06090000 0.24598999
vt 0.05835000 0.24890999
vt 0.05852000 0.26464999
vt 0.06155000 0.24902000
vt 0.58486998 0.54876000
vt 0.05997000 0.26427001
vt 0.50766999 0.53293997
vt 0.57378000 0.54922003
vt 0.56844002 0.54528999
vt 0.22846000 0.00210000
vt 0.32021001 0.65942001
vt 0.27779001 0.66167998
vt 0.08349000 0.66521001
vt 0.07463000 0.66996998
vt 0.95091999 0.70898002
vt 0.88617003 0.69744003
vt 0.99939001 0.70775002
vt 0.23925000 0.40610000
vt 0.59388000 0.54158002
vt 0.58508003 0.54215002
vt 0.58566999 0.54606003
vt 0.57718003 0.54861999
vt 0.57727998 0.54540998
vt 0.57494998 0.54743999
vt 0.57435000 0.54921001
vt 0.05898000 0.26661000
vt 0.06006000 0.26716000
vt 0.57446003 0.54645997
vt 0.48558000 0.53342998
vt 0.16824999 0.96575999
vt 0.39598000 0.66285998
vt 0.34022999 0.66035998
vt 0.16681001 0.66702002
vt 0.07796000 0.67176002
vt 0.07553000 0.67218000
vt 0.52121001 0.52480000
vt 0.49844000 0.53153998
vt 0.56229001 0.54057997
vt 0.23747000 0.00976000
vt 0.33019999 0.67017001
vt 0.24208000 0.66786999
vt 0.21040000 0.67093003
vt 0.87422001 0.70271999
vt 0.99212003 0.70563000
vt 0.69019997 0.51982999
vt 0.58138001 0.54159999
vt 0.57520002 0.54201001
vt 0.57015002 0.54141998
vt 0.81509000 0.16904999
vt 0.44777000 0.68200999
vt 0.18698999 0.67526001
vt 0.91632003 0.70980000
vt 0.90101999 0.70859998
vt 0.85522997 0.71174997
vt 0.98391002 0.72441000
vt 0.58617002 0.53754997
vt 0.47430000 0.51927000
vt 0.57795000 0.53812999
vt 0.57150000 0.53803003
vt 0.56516999 0.52776003
vt 0.24206001 0.00208000
vt 0.41727999 0.67943001
vt 0.37322000 0.67395002
vt 0.66604000 0.52657002
vt 0.13944000 0.98470002
vt 0.31079999 0.67260998
vt 0.86104000 0.72083002
vt 0.25426999 0.40742999
vt 0.60482001 0.51631999
vt 0.58690000 0.52495998
vt 0.53785998 0.51208001
vt 0.24192999 0.01667000
vt 0.34439999 0.68392003
vt 0.10847000 0.67796999
vt 0.08891000 0.68216997
vt 0.87915999 0.72446001
vt 0.25442001 0.40605000
vt 0.64946002 0.52136999
vt 0.62579000 0.52108997
vt 0.44948000 0.68115002
vt 0.43435001 0.68722999
vt 0.30483001 0.68504000
vt 0.28720000 0.68296999
vt 0.26135999 0.68568999
vt 0.93830001 0.72294003
vt 0.89437997 0.72472000
vt 0.87057000 0.72478002
vt 0.25545001 0.39655000
vt 0.69165999 0.50926000
vt 0.68181998 0.51990002
vt 0.25523999 0.00065000
vt 0.25402999 0.00995000
vt 0.81488001 0.15278000
vt 0.38828000 0.69234002
vt 0.85422999 0.72136003
vt 0.99289000 0.72456998
vt 0.67062998 0.51760000
vt 0.65612000 0.51217997
vt 0.57367003 0.51277000
vt 0.56062001 0.50939000
vt 0.51185000 0.50769001
vt 0.49472001 0.50444001
vt 0.25488999 0.01296000
vt 0.22823000 0.68646002
vt 0.13132000 0.68561000
vt 0.08157000 0.69279999
vt 0.07478000 0.69380999
vt 0.96043003 0.73569000
vt 0.99944001 0.73166001
vt 0.64269000 0.50928003
vt 0.58823001 0.51063001
vt 0.47422999 0.50572997
vt 0.94545001 0.73681998
vt 0.92470998 0.73458999
vt 0.85526001 0.72535998
vt 0.99725002 0.72972000
vt 0.69015998 0.50366998
vt 0.63678998 0.50238001
vt 0.61418998 0.50063998
vt 0.47268000 0.49294999
vt 0.14191000 0.98536003
vt 0.41411999 0.69547999
vt 0.26462001 0.40612999
vt 0.67839003 0.50617999
vt 0.66764998 0.36021000
vt 0.66768003 0.35552001
vt 0.37735999 0.69809997
vt 0.36090001 0.70050001
vt 0.32960999 0.70086002
vt 0.31992000 0.69661999
vt 0.24751000 0.69915998
vt 0.20166001 0.69564998
vt 0.17256001 0.69661999
vt 0.66626000 0.50339001
vt 0.52184999 0.50046003
vt 0.27340999 0.00146000
vt 0.27579999 0.01318000
vt 0.44784999 0.70714998
vt 0.34527001 0.70640999
vt 0.28685999 0.70201999
vt 0.14574000 0.69611001
vt 0.10401000 0.70639998
vt 0.08963000 0.70506001
vt 0.91161001 0.74115998
vt 0.86063999 0.73760998
vt 0.66782999 0.37079999
vt 0.07760000 0.70736003
vt 0.07575000 0.71797001
vt 0.98716998 0.74781001
vt 0.97575998 0.74036002
vt 0.85539001 0.75147998
vt 0.98930001 0.74979001
vt 0.63296998 0.48943999
vt 0.53950000 0.48697001
vt 0.48453999 0.48833001
vt 0.15038000 0.96572000
vt 0.27930000 0.00939000
vt 0.21492000 0.71372002
vt 0.15662000 0.70797998
vt 0.12421000 0.71574003
vt 0.87589997 0.74662000
vt 0.85433000 0.74022001
vt 0.27403000 0.39658001
vt 0.65148002 0.48798001
vt 0.58091998 0.49164999
vt 0.51024997 0.49015000
vt 0.44942999 0.72038001
vt 0.43608999 0.71419001
vt 0.39478001 0.71192002
vt 0.29674000 0.71898001
vt 0.18569000 0.71551001
vt 0.89129001 0.74236000
vt 0.99732000 0.75454003
vt 0.29034001 0.40630999
vt 0.67949998 0.48740000
vt 0.66665000 0.49375999
vt 0.47420999 0.48188999
vt 0.27728000 0.00050000
vt 0.27735999 0.00206000
vt 0.81471002 0.12300000
vt 0.42087001 0.71293998
vt 0.37182000 0.71744001
vt 0.07495000 0.71745002
vt 0.99947000 0.75537002
vt 0.29089999 0.40741000
vt 0.66048002 0.48508000
vt 0.60426998 0.48028001
vt 0.56080002 0.47650999
vt 0.50222999 0.48576000
vt 0.31051001 0.71394002
vt 0.90767998 0.75058001
vt 0.86153001 0.75016999
vt 0.85434997 0.75441003
vt 0.69002998 0.45561999
vt 0.28775001 0.01221000
vt 0.29251000 0.01298000
vt 0.33802000 0.71722001
vt 0.27465001 0.71723998
vt 0.08332000 0.71815997
vt 0.96086001 0.75274003
vt 0.94515002 0.75161999
vt 0.89016002 0.75537997
vt 0.28799999 0.39675000
vt 0.51788998 0.47891000
vt 0.29326001 0.00050000
vt 0.44768000 0.72245997
vt 0.92210001 0.75713998
vt 0.87027001 0.75621998
vt 0.68458998 0.45732999
vt 0.63207000 0.47927001
vt 0.58196002 0.46809000
vt 0.52459002 0.46878001
vt 0.49454001 0.47294000
vt 0.48091000 0.46807000
vt 0.12909000 0.96569997
vt 0.40478000 0.72261000
vt 0.35258999 0.72073001
vt 0.32227999 0.72231001
vt 0.23609000 0.72068000
vt 0.14589000 0.72092998
vt 0.07562000 0.72902000
vt 0.98503000 0.76243001
vt 0.95691001 0.76146001
vt 0.94193000 0.75827998
vt 0.90197998 0.75803000
vt 0.86097997 0.76563001
vt 0.67324001 0.46948001
vt 0.65346998 0.47279999
vt 0.29275000 0.01710000
vt 0.43577000 0.72385001
vt 0.37917000 0.73114002
vt 0.34088999 0.73120999
vt 0.24804001 0.73133999
vt 0.22076000 0.73141998
vt 0.20113000 0.73145002
vt 0.17237000 0.73158002
vt 0.12099000 0.73177999
vt 0.10033000 0.72372001
vt 0.09871000 0.73175001
vt 0.93178999 0.76757997
vt 0.91701001 0.76762998
vt 0.88174999 0.76262999
vt 0.85543001 0.76795000
vt 0.98866999 0.76707000
vt 0.30526999 0.40000001
vt 0.47270000 0.46083999
vt 0.11029000 0.98540998
vt 0.11209000 0.96582001
vt 0.30322000 0.01394000
vt 0.29675001 0.01737000
vt 0.30763000 0.73118001
vt 0.08605000 0.73184001
vt 0.07477000 0.72880000
vt 0.97408003 0.76735997
vt 0.90055001 0.76761001
vt 0.86549002 0.76792997
vt 0.85452998 0.76769000
vt 0.30112001 0.39684001
vt 0.99950999 0.76674002
vt 0.63876998 0.47198999
vt 0.63546002 0.46327999
vt 0.53908998 0.46744001
vt 0.10463000 0.98469001
vt 0.66803002 0.39506000
vt 0.61523998 0.03238000
vt 0.30302000 0.01684000
vt 0.44909999 0.73108000
vt 0.30094001 0.01780000
vt 0.43294999 0.73119003
vt 0.40422001 0.73110998
vt 0.32738999 0.73122001
vt 0.27329001 0.73126000
vt 0.13797000 0.73170000
vt 0.96298999 0.76747000
vt 0.88679999 0.76773000
vt 0.85908002 0.76793998
vt 0.61094999 0.46450001
vt 0.54816997 0.45930001
vt 0.51159000 0.46018001
vt 0.49549001 0.45637000
vt 0.66786999 0.40221000
vt 0.61865997 0.03228000
vt 0.44690001 0.73142999
vt 0.30372000 0.01867000
vt 0.07806000 0.73194999
vt 0.07568000 0.73190999
vt 0.07480000 0.73275000
vt 0.97447002 0.76978999
vt 0.97043002 0.76968002
vt 0.92280000 0.76980001
vt 0.90483999 0.76989001
vt 0.88676000 0.76991999
vt 0.86574000 0.77004999
vt 0.85834998 0.77024001
vt 0.85552001 0.77021003
vt 0.85455000 0.77065003
vt 0.30404001 0.39631999
vt 0.99923003 0.77065003
vt 0.99348003 0.77037001
vt 0.31496999 0.40737000
vt 0.69158000 0.44887999
vt 0.47435999 0.46048000
vt 0.30801001 0.00623000
vt 0.44874001 0.73284000
vt 0.30513000 0.01884000
vt 0.43979999 0.73224002
vt 0.30428001 0.02129000
vt 0.41418999 0.73201001
vt 0.38870001 0.73202002
vt 0.36524001 0.73198003
vt 0.33136001 0.73205000
vt 0.30116001 0.73203999
vt 0.28404000 0.73210001
vt 0.24631000 0.73220003
vt 0.21303000 0.73233998
vt 0.19393000 0.73242003
vt 0.17278001 0.73250002
vt 0.15291999 0.73262000
vt 0.11133000 0.73273998
vt 0.09143000 0.73263001
vt 0.30752000 0.38383999
vt 0.30451000 0.39340001
vt 0.30416000 0.37006000
vt 0.07825000 0.73284000
vt 0.86479002 0.42690000
vt 0.87014002 0.42682001
vt 0.31332999 0.40597001
vt 0.65105999 0.45695999
vt 0.53160000 0.45354000
vt 0.66798002 0.40764001
vt 0.31308001 0.01400000
vt 0.31494999 0.01735000
vt 0.31344000 0.02262000
vt 0.31288999 0.02984000
vt 0.31279999 0.03815000
vt 0.31342000 0.05967000
vt 0.31369001 0.09686000
vt 0.31358001 0.12734000
vt 0.31345001 0.15808000
vt 0.31347001 0.18783000
vt 0.31356999 0.23672000
vt 0.31349000 0.25795999
vt 0.31501999 0.26829001
vt 0.31365001 0.28309000
vt 0.31360000 0.33941001
vt 0.31347001 0.35436001
vt 0.31373000 0.38470000
vt 0.31342000 0.39739999
vt 0.66710001 0.45822999
vt 0.66803998 0.41137999
vt 0.31342000 0.00169000
vt 0.31355000 0.00392000
vt 0.31500000 0.00663000
vt 0.31354001 0.36579001
vt 0.61701000 0.45508999
vt 0.58494002 0.45438001
vt 0.56374002 0.45177001
vt 0.52099001 0.45056000
vt 0.85048997 0.84525001
vt 0.84819001 0.84494001
vt 0.84979999 0.84603000
vt 0.84518999 0.84615999
vt 0.83455002 0.84504002
vt 0.83794999 0.84612000
vt 0.82011002 0.84623998
vt 0.79955000 0.84503001
vt 0.80811000 0.84615999
vt 0.79781997 0.84622997
vt 0.89754999 0.80229002
vt 0.89620000 0.80049998
vt 0.89754999 0.82735997
vt 0.89625001 0.82287002
vt 0.77807999 0.84495002
vt 0.75593001 0.84500998
vt 0.77376002 0.84609002
vt 0.74948001 0.84627002
vt 0.71504998 0.84483999
vt 0.72202998 0.84617001
vt 0.71057999 0.84591001
vt 0.70051998 0.84483999
vt 0.70078999 0.84595001
vt 0.31512001 0.00120000
vt 0.31512001 0.00227000
vt 0.69817001 0.84468001
vt 0.69783002 0.84570003
vt 0.85001999 0.84224999
vt 0.83398002 0.84202999
vt 0.82494003 0.84204000
vt 0.79417998 0.84178001
vt 0.78140998 0.84195000
vt 0.89265001 0.80611002
vt 0.76275003 0.84197998
vt 0.72596002 0.84162998
vt 0.70684999 0.84162998
vt 0.70007002 0.84077001
vt 0.31520000 0.00528000
vt 0.69809997 0.84169000
vt 0.84877998 0.83393002
vt 0.84259999 0.83684999
vt 0.81909001 0.83143997
vt 0.78575999 0.83309001
vt 0.74858999 0.83576000
vt 0.84992999 0.83451998
vt 0.71328002 0.82998002
vt 0.70087999 0.82633001
vt 0.69792002 0.82451999
vt 0.69770998 0.82966000
vt 0.69765002 0.84039003
vt 0.82911003 0.82630002
vt 0.77234000 0.82888001
vt 0.74410999 0.83099002
vt 0.84978002 0.81655002
vt 0.84508997 0.82148999
vt 0.73189998 0.82582998
vt 0.31492001 0.02248000
vt 0.80097002 0.82385999
vt 0.76090997 0.82280999
vt 0.70963001 0.81923002
vt 0.83771998 0.81841999
vt 0.79496002 0.81206000
vt 0.83480000 0.81303000
vt 0.81734997 0.81463999
vt 0.76835001 0.81164002
vt 0.73602003 0.81625998
vt 0.71651000 0.81389999
vt 0.05587000 0.71161002
vt 0.05833000 0.69084001
vt 0.05533000 0.68905002
vt 0.31481999 0.03460000
vt 0.84877002 0.80269998
vt 0.05833000 0.72387999
vt 0.31487000 0.05522000
vt 0.74089003 0.80281001
vt 0.04657000 0.69630998
vt 0.84592998 0.79777998
vt 0.83412999 0.80119002
vt 0.82051998 0.80315000
vt 0.23213001 0.37898001
vt 0.22533000 0.36765999
vt 0.24068999 0.38060001
vt 0.71768999 0.80127001
vt 0.70060998 0.80392998
vt 0.84982997 0.78779000
vt 0.20539001 0.38060001
vt 0.81523001 0.79220003
vt 0.79398000 0.79319000
vt 0.76846999 0.78961998
vt 0.31479001 0.05825000
vt 0.69831997 0.79171997
vt 0.69784999 0.78871000
vt 0.69809997 0.81238002
vt 0.71214998 0.78163999
vt 0.70052999 0.78451997
vt 0.72983998 0.78535002
vt 0.83412999 0.77218997
vt 0.80914998 0.76999003
vt 0.84107000 0.74943000
vt 0.79220003 0.76317000
vt 0.75418001 0.75555003
vt 0.74302000 0.76905000
vt 0.84890997 0.76121998
vt 0.82424003 0.77363998
vt 0.72834998 0.75150001
vt 0.71601999 0.75484997
vt 0.77432001 0.75316000
vt 0.70054001 0.74497998
vt 0.82404000 0.75080001
vt 0.84614003 0.74915999
vt 0.69836003 0.74122000
vt 0.83529001 0.73190999
vt 0.81661999 0.72836000
vt 0.73798001 0.73575997
vt 0.84996998 0.72864002
vt 0.83971000 0.00050000
vt 0.82160997 0.03960000
vt 0.83971000 0.04328000
vt 0.71099001 0.73412001
vt 0.31492999 0.12237000
vt 0.69791001 0.72451001
vt 0.76687002 0.72566003
vt 0.70063001 0.71183002
vt 0.81323999 0.00247000
vt 0.78970999 0.00690000
vt 0.84898001 0.70582998
vt 0.72766000 0.71828997
vt 0.71424001 0.71442997
vt 0.80043000 0.71529001
vt 0.79053003 0.72555000
vt 0.74462998 0.71416003
vt 0.84559000 0.70594001
vt 0.81985003 0.70556003
vt 0.69841999 0.70678997
vt 0.72227001 0.70177001
vt 0.31498000 0.15137000
vt 0.69804001 0.69547999
vt 0.84994000 0.68803000
vt 0.83383000 0.69766998
vt 0.77854002 0.69639999
vt 0.79838997 0.69521999
vt 0.87989998 0.95068002
vt 0.90735000 0.96907002
vt 0.90726000 0.93483001
vt 0.74611998 0.69928998
vt 0.71082002 0.69726998
vt 0.70068002 0.69154000
vt 0.10049000 0.10435000
vt 0.09800000 0.11979000
vt 0.10049000 0.12488000
vt 0.82236999 0.68063003
vt 0.09805000 0.08822000
vt 0.09755000 0.10834000
vt 0.80748999 0.68045998
vt 0.89188999 0.97473001
vt 0.73263001 0.68189001
vt 0.84640998 0.65742999
vt 0.84081000 0.67716998
vt 0.90726000 0.99154001
vt 0.71368003 0.68181002
vt 0.79591000 0.65995002
vt 0.31503001 0.18712001
vt 0.09759000 0.07214000
vt 0.77553999 0.66982001
vt 0.75471002 0.68531001
vt 0.84908003 0.65283000
vt 0.74796999 0.66465002
vt 0.72526002 0.66060001
vt 0.70071000 0.66013998
vt 0.69853997 0.67558998
vt 0.71218002 0.65834999
vt 0.84215999 0.64668000
vt 0.83392000 0.65341002
vt 0.85001999 0.64894998
vt 0.01716000 0.07439000
vt 0.03775000 0.08589000
vt 0.03775000 0.06318000
vt 0.82428998 0.65078002
vt 0.76521999 0.65397000
vt 0.70076001 0.63954997
vt 0.77380002 0.63180000
vt 0.74844998 0.63441998
vt 0.71398997 0.64080000
vt 0.69858998 0.64061999
vt 0.69818997 0.65969998
vt 0.81540000 0.62593001
vt 0.03181000 0.75044000
vt 0.00049000 0.75075001
vt 0.00809000 0.74289000
vt 0.83784997 0.62206000
vt 0.83270001 0.62393999
vt 0.79271001 0.62026000
vt 0.73113000 0.63656002
vt 0.02403000 0.10675000
vt 0.02899000 0.11791000
vt 0.72294003 0.62772000
vt 0.31498000 0.23658000
vt 0.69818997 0.61019999
vt 0.71257001 0.62074000
vt 0.75853002 0.61167997
vt 0.73819000 0.60259002
vt 0.85009998 0.60364002
vt 0.84916002 0.60316998
vt 0.84630001 0.60413998
vt 0.05044000 0.74374998
vt 0.70078999 0.59790999
vt 0.69858003 0.59636003
vt 0.80260998 0.58713001
vt 0.92316002 0.87114000
vt 0.91215998 0.85025001
vt 0.95244998 0.86892003
vt 0.83188999 0.57578999
vt 0.81900001 0.58620000
vt 0.72553003 0.58350998
vt 0.71338999 0.58930999
vt 0.06570000 0.75075001
vt 0.77737999 0.59227997
vt 0.74944001 0.58063000
vt 0.69801003 0.57848001
vt 0.05138000 0.73979998
vt 0.07612000 0.74383998
vt 0.05172000 0.74084997
vt 0.84151000 0.58806002
vt 0.83980000 0.56703001
vt 0.10343000 0.74619001
vt 0.79170001 0.57729000
vt 0.93124002 0.95178998
vt 0.93697000 0.96766001
vt 0.95244998 0.94120002
vt 0.89853001 0.87114000
vt 0.09275000 0.74857002
vt 0.93975002 0.92462999
vt 0.73101997 0.57011002
vt 0.91943002 0.91491997
vt 0.95100999 0.91505998
vt 0.71315002 0.56219000
vt 0.31503999 0.28590000
vt 0.69814998 0.56085998
vt 0.81857997 0.55263001
vt 0.95244998 0.89841998
vt 0.69865000 0.55570000
vt 0.84670001 0.56119001
vt 0.91935003 0.89402997
vt 0.91715997 0.92879999
vt 0.76406997 0.57266998
vt 0.74577999 0.56212002
vt 0.70077002 0.55370998
vt 0.78443998 0.55539000
vt 0.76705998 0.55122000
vt 0.75160998 0.54663998
vt 0.72858000 0.54741001
vt 0.85016000 0.55075997
vt 0.84924001 0.54236001
vt 0.84920001 0.57839000
vt 0.83587998 0.54567999
vt 0.71054000 0.54301000
vt 0.84630001 0.53871000
vt 0.70077002 0.53726000
vt 0.69866002 0.53580999
vt 0.79825997 0.55568999
vt 0.79351997 0.52528000
vt 0.83898002 0.53016001
vt 0.82945001 0.52792001
vt 0.80807000 0.53499001
vt 0.76920003 0.53118002
vt 0.71926999 0.52732003
vt 0.74816000 0.52710003
vt 0.73104000 0.52291000
vt 0.71165001 0.51212001
vt 0.70104998 0.51033998
vt 0.81136000 0.51770002
vt 0.78578001 0.51806998
vt 0.31498000 0.34265000
vt 0.69815999 0.50409001
vt 0.76400000 0.51476997
vt 0.85030001 0.50026000
vt 0.84934998 0.50064999
vt 0.84595001 0.50581002
vt 0.83468997 0.50805002
vt 0.74536002 0.50656998
vt 0.18999000 0.38955000
vt 0.17959000 0.36965001
vt 0.19461000 0.37768000
vt 0.69858998 0.48403001
vt 0.81909001 0.50366998
vt 0.73158997 0.49314001
vt 0.79619998 0.49625000
vt 0.77568001 0.49406001
vt 0.16029000 0.38955000
vt 0.70116001 0.47703001
vt 0.83822000 0.49041000
vt 0.82729000 0.48741001
vt 0.80146998 0.48427001
vt 0.75538999 0.49004000
vt 0.84606999 0.48489001
vt 0.85035002 0.46854001
vt 0.31510001 0.36866000
vt 0.69780999 0.47806001
vt 0.84938997 0.46592000
vt 0.82304001 0.47699001
vt 0.79856998 0.47305000
vt 0.78162003 0.47494000
vt 0.87989998 0.89999998
vt 0.90039003 0.90781999
vt 0.88214999 0.91990000
vt 0.90342999 0.91990000
vt 0.76059002 0.47874999
vt 0.73108000 0.47848001
vt 0.84644002 0.46700001
vt 0.72437000 0.47146001
vt 0.80903000 0.46750000
vt 0.76445001 0.46729001
vt 0.74469000 0.46528000
vt 0.70078999 0.45785001
vt 0.82572001 0.46309999
vt 0.31514999 0.39331999
vt 0.69774997 0.45337000
vt 0.78921002 0.45697999
vt 0.72297001 0.45774999
vt 0.69841999 0.44674999
vt 0.84603000 0.45536000
vt 0.81138998 0.45489001
vt 0.76058000 0.45545000
vt 0.85038000 0.45579001
vt 0.82613999 0.45364001
vt 0.84946001 0.44086999
vt 0.84705001 0.44635001
vt 0.75704998 0.44071999
vt 0.72960001 0.44916999
vt 0.84148002 0.44077000
vt 0.81800002 0.44084999
vt 0.80035001 0.44071999
vt 0.59069002 0.84096003
vt 0.60477000 0.84588999
vt 0.60734999 0.82934999
vt 0.78605998 0.44080001
vt 0.71004999 0.44066000
vt 0.70077997 0.44075000
vt 0.85048997 0.43957999
vt 0.04095000 0.47567999
vt 0.03624000 0.50063998
vt 0.04461000 0.50498003
vt 0.73238999 0.44077000
vt 0.31513000 0.40592000
vt 0.69755000 0.44075999
vt 0.84952998 0.43937001
vt 0.84590000 0.43946999
vt 0.82077998 0.43948999
vt 0.78294998 0.43945000
vt 0.60734999 0.84825999
vt 0.04461000 0.44925001
vt 0.03578000 0.49511999
vt 0.73760003 0.43939000
vt 0.70813000 0.43933001
vt 0.69756001 0.43930000
vt 0.67417997 0.43957999
vt 0.65671998 0.44756001
vt 0.47865999 0.44013000
vt 0.69006002 0.44473001
vt 0.68250000 0.43946001
vt 0.63993001 0.44508001
vt 0.61817002 0.44615000
vt 0.55286002 0.43717000
vt 0.51407999 0.43717000
vt 0.49614999 0.43706000
vt 0.47270000 0.44325000
vt 0.09298000 0.98557001
vt 0.08923000 0.98474002
vt 0.58761001 0.44525000
vt 0.53386003 0.43715999
vt 0.48598999 0.43702000
vt 0.47430000 0.43928999
vt 0.58611000 0.43950000
vt 0.09308000 0.96579999
vt 0.69160002 0.43726999
vt 0.69003999 0.43941000
vt 0.65201998 0.43724000
vt 0.61465001 0.43934000
vt 0.47271001 0.43709999
vt 0.08692000 0.98549002
vt 0.08708000 0.96578997
vt 0.68994999 0.43722001
vt 0.69007999 0.43632001
vt 0.68681002 0.43634999
vt 0.68045002 0.43715000
vt 0.67688000 0.43632999
vt 0.66079003 0.43645000
vt 0.63620001 0.43641001
vt 0.62405998 0.43724000
vt 0.64802003 0.00362000
vt 0.62168002 0.00358000
vt 0.63590997 0.00277000
vt 0.59336001 0.00356000
vt 0.58296001 0.43717000
vt 0.59491003 0.00271000
vt 0.57423002 0.00347000
vt 0.56489998 0.00258000
vt 0.54930001 0.00347000
vt 0.54595000 0.00261000
vt 0.52529001 0.00342000
vt 0.52622998 0.00256000
vt 0.50836003 0.00254000
vt 0.49893001 0.00345000
vt 0.49823001 0.00249000
vt 0.47435999 0.43704000
vt 0.48660001 0.00250000
vt 0.48664001 0.00350000
vt 0.48493001 0.00279000
vt 0.70343000 0.00712000
vt 0.70170999 0.00394000
vt 0.70340002 0.00347000
vt 0.68857998 0.00384000
vt 0.67175001 0.00608000
vt 0.67254001 0.00367000
vt 0.65116000 0.00609000
vt 0.54092997 0.01166000
vt 0.51775998 0.00589000
vt 0.50430000 0.00996000
vt 0.49057001 0.01151000
vt 0.48651999 0.00808000
vt 0.08676000 0.98088002
vt 0.48482999 0.00735000
vt 0.69748002 0.01090000
vt 0.69847000 0.00383000
vt 0.68318999 0.01279000
vt 0.63603997 0.01194000
vt 0.59797001 0.02127000
vt 0.56733000 0.01319000
vt 0.49445000 0.01316000
vt 0.70336002 0.02080000
vt 0.66952997 0.02140000
vt 0.65098000 0.02141000
vt 0.52183998 0.01779000
vt 0.48655999 0.02134000
vt 0.08681000 0.96696001
vt 0.48486000 0.02106000
vt 0.70163000 0.02110000
vt 0.69630998 0.02130000
vt 0.68360001 0.02134000
vt 0.61881000 0.02120000
vt 0.58060002 0.02130000
vt 0.54953998 0.01862000
vt 0.50484997 0.02136000
vt 0.49417001 0.02139000
vt 0.55234998 0.02133000
vt 0.51936001 0.02139000
vt 0.70330000 0.02196000
vt 0.70122999 0.02228000
vt 0.68199003 0.02233000
vt 0.64528000 0.02237000
vt 0.62230998 0.02204000
vt 0.59943002 0.02216000
vt 0.57861000 0.02212000
vt 0.55296999 0.02212000
vt 0.53289002 0.02222000
vt 0.51174003 0.02214000
vt 0.49261999 0.02230000
vt 0.48666999 0.02239000
vt 0.48480001 0.02228000
f 1/1 2/2 3/3
f 2/2 4/4 3/3
f 2/2 5/5 4/4
f 5/5 6/6 4/4
f 4/4 6/6 7/7
f 6/6 8/8 9/9
f 6/6 9/9 7/7
f 8/8 10/10 11/11
f 8/8 11/11 9/9
f 10/10 12/12 11/11
f 10/10 13/13 12/12
f 13/13 14/14 12/12
f 12/12 14/14 15/15
f 14/14 16/16 15/15
f 16/16 17/17 15/15
f 15/15 17/17 18/18
f 17/17 19/19 18/18
f 19/19 20/20 18/18
f 20/20 21/21 18/18
f 20/20 22/22 21/21
f 23/23 24/24 25/25
f 26/26 27/27 28/28
f 28/28 27/27 29/29
f 27/27 30/30 29/29
f 30/30 31/31 29/29
f 30/30 32/32 31/31
f 32/32 33/33 31/31
f 32/32 34/34 33/33
f 33/33 34/34 35/35
f 34/34 36/36 35/35
f 34/34 37/37 36/36
f 34/34 38/38 37/37
f 37/37 38/38 39/39
f 38/38 40/40 39/39
f 40/40 41/41 39/39
f 40/40 42/42 43/43
f 40/40 43/43 41/41
f 42/42 44/44 43/43
f 44/44 45/45 43/43
f 44/44 46/46 45/45
f 44/44 47/47 48/48
f 44/44 48/48 46/46
f 47/47 49/49 48/48
f 48/48 49/49 50/50
f 29/29 31/31 51/51
f 31/31 52/52 51/51
f 31/31 33/33 52/52
f 33/33 35/35 53/53
f 35/35 36/36 53/53
f 41/41 43/43 54/54
f 43/43 45/45 54/54
f 55/55 56/56 57/57
f 25/25 24/24 58/58
f 25/25 58/58 59/59
f 28/28 29/29 60/60
f 33/33 53/53 61/61
f 53/53 36/36 62/62
f 36/36 37/37 62/62
f 37/37 39/39 63/63
f 39/39 41/41 63/63
f 63/63 41/41 64/64
f 64/64 41/41 54/54
f 45/45 65/65 54/54
f 45/45 46/46 65/65
f 46/46 48/48 66/66
f 48/48 50/50 67/67
f 48/48 67/67 66/66
f 55/55 57/57 68/68
f 60/60 29/29 69/69
f 29/29 51/51 69/69
f 69/69 51/51 70/70
f 51/51 52/52 71/71
f 51/51 71/71 70/70
f 52/52 33/33 61/61
f 61/61 53/53 62/62
f 62/62 37/37 72/72
f 37/37 63/63 73/73
f 37/37 73/73 72/72
f 73/73 63/63 64/64
f 64/64 54/54 74/74
f 54/54 75/75 74/74
f 54/54 76/76 75/75
f 54/54 65/65 76/76
f 46/46 66/66 77/77
f 46/46 77/77 65/65
f 66/66 67/67 77/77
f 68/68 57/57 78/78
f 59/59 58/58 79/79
f 59/59 79/79 80/80
f 60/60 69/69 81/81
f 52/52 61/61 82/82
f 52/52 82/82 71/71
f 61/61 62/62 82/82
f 82/82 62/62 83/83
f 83/83 62/62 72/72
f 64/64 84/84 73/73
f 64/64 74/74 84/84
f 84/84 74/74 85/85
f 74/74 75/75 85/85
f 75/75 76/76 85/85
f 76/76 65/65 77/77
f 77/77 67/67 86/86
f 80/80 79/79 87/87
f 81/81 69/69 88/88
f 88/88 69/69 89/89
f 69/69 70/70 90/90
f 69/69 90/90 89/89
f 70/70 71/71 90/90
f 90/90 71/71 91/91
f 71/71 82/82 91/91
f 82/82 92/92 91/91
f 82/82 83/83 92/92
f 83/83 72/72 92/92
f 92/92 72/72 93/93
f 72/72 73/73 93/93
f 73/73 84/84 93/93
f 84/84 94/94 93/93
f 84/84 85/85 94/94
f 94/94 85/85 95/95
f 95/95 85/85 96/96
f 85/85 76/76 96/96
f 96/96 76/76 97/97
f 76/76 77/77 97/97
f 98/98 99/99 100/100
f 99/99 101/101 102/102
f 100/100 99/99 102/102
f 103/103 104/104 105/105
f 104/104 106/106 105/105
f 105/105 106/106 107/107
f 106/106 108/108 107/107
f 106/106 109/109 108/108
f 109/109 110/110 108/108
f 109/109 111/111 110/110
f 111/111 112/112 110/110
f 111/111 113/113 112/112
f 112/112 113/113 114/114
f 113/113 115/115 114/114
f 102/102 101/101 116/116
f 23/23 25/25 117/117
f 117/117 25/25 118/118
f 25/25 59/59 118/118
f 59/59 80/80 118/118
f 80/80 87/87 119/119
f 120/120 121/121 122/122
f 121/121 103/103 123/123
f 121/121 123/123 122/122
f 103/103 124/124 123/123
f 103/103 105/105 124/124
f 124/124 105/105 125/125
f 105/105 126/126 125/125
f 105/105 107/107 126/126
f 107/107 127/127 126/126
f 107/107 108/108 127/127
f 108/108 128/128 127/127
f 108/108 110/110 128/128
f 110/110 129/129 128/128
f 110/110 112/112 129/129
f 112/112 130/130 129/129
f 112/112 114/114 130/130
f 130/130 114/114 131/131
f 114/114 115/115 132/132
f 114/114 132/132 131/131
f 115/115 98/98 132/132
f 132/132 98/98 133/133
f 98/98 100/100 134/134
f 98/98 134/134 133/133
f 100/100 102/102 134/134
f 134/134 102/102 135/135
f 102/102 116/116 135/135
f 118/118 80/80 119/119
f 120/120 122/122 136/136
f 125/125 126/126 137/137
f 126/126 127/127 137/137
f 127/127 138/138 137/137
f 127/127 128/128 139/139
f 127/127 139/139 138/138
f 128/128 140/140 139/139
f 128/128 141/141 140/140
f 128/128 129/129 141/141
f 129/129 142/142 141/141
f 129/129 130/130 142/142
f 131/131 132/132 143/143
f 132/132 133/133 143/143
f 118/118 119/119 144/144
f 124/124 125/125 145/145
f 137/137 138/138 146/146
f 146/146 138/138 139/139
f 142/142 130/130 147/147
f 147/147 130/130 148/148
f 130/130 131/131 148/148
f 148/148 131/131 143/143
f 117/117 118/118 149/149
f 118/118 144/144 149/149
f 123/123 124/124 150/150
f 124/124 145/145 150/150
f 146/146 139/139 151/151
f 140/140 141/141 152/152
f 133/133 134/134 153/153
f 153/153 134/134 154/154
f 134/134 135/135 154/154
f 135/135 155/155 154/154
f 122/122 123/123 150/150
f 125/125 156/156 145/145
f 125/125 137/137 156/156
f 137/137 146/146 156/156
f 139/139 152/152 151/151
f 139/139 140/140 152/152
f 152/152 141/141 157/157
f 141/141 142/142 157/157
f 142/142 147/147 157/157
f 143/143 153/153 148/148
f 143/143 133/133 153/153
f 144/144 119/119 158/158
f 144/144 158/158 159/159
f 136/136 122/122 160/160
f 146/146 151/151 156/156
f 157/157 147/147 161/161
f 147/147 162/162 161/161
f 147/147 148/148 162/162
f 162/162 148/148 163/163
f 148/148 153/153 163/163
f 160/160 122/122 164/164
f 122/122 150/150 164/164
f 164/164 150/150 165/165
f 150/150 166/166 167/167
f 150/150 145/145 166/166
f 145/145 156/156 168/168
f 145/145 168/168 166/166
f 156/156 151/151 168/168
f 151/151 152/152 169/169
f 152/152 157/157 169/169
f 169/169 157/157 170/170
f 157/157 161/161 170/170
f 153/153 154/154 171/171
f 149/149 144/144 172/172
f 172/172 144/144 159/159
f 166/166 168/168 173/173
f 173/173 168/168 174/174
f 168/168 175/175 174/174
f 168/168 151/151 175/175
f 151/151 169/169 175/175
f 170/170 161/161 176/176
f 161/161 177/177 176/176
f 161/161 162/162 177/177
f 162/162 163/163 177/177
f 154/154 155/155 171/171
f 178/178 149/149 179/179
f 179/179 149/149 172/172
f 165/165 150/150 180/180
f 150/150 167/167 180/180
f 167/167 166/166 173/173
f 173/173 174/174 181/181
f 175/175 169/169 182/182
f 170/170 183/183 169/169
f 170/170 176/176 183/183
f 177/177 163/163 184/184
f 163/163 153/153 171/171
f 163/163 171/171 185/185
f 167/167 173/173 186/186
f 173/173 181/181 187/187
f 181/181 174/174 188/188
f 174/174 175/175 188/188
f 188/188 175/175 182/182
f 169/169 183/183 182/182
f 183/183 176/176 189/189
f 176/176 177/177 189/189
f 177/177 184/184 189/189
f 187/187 181/181 190/190
f 190/190 181/181 191/191
f 192/192 188/188 193/193
f 193/193 182/182 194/194
f 194/194 182/182 195/195
f 195/195 189/189 196/196
f 189/189 184/184 197/197
f 180/180 167/167 186/186
f 186/186 173/173 187/187
f 171/171 155/155 198/198
f 159/159 158/158 199/199
f 186/186 187/187 200/200
f 187/187 190/190 200/200
f 190/190 201/201 200/200
f 190/190 191/191 201/201
f 191/191 192/192 202/202
f 191/191 202/202 201/201
f 192/192 203/203 202/202
f 192/192 193/193 203/203
f 203/203 193/193 204/204
f 193/193 194/194 205/205
f 193/193 205/205 204/204
f 194/194 195/195 205/205
f 195/195 206/206 205/205
f 195/195 207/207 206/206
f 195/195 196/196 207/207
f 196/196 208/208 207/207
f 208/208 196/196 209/209
f 208/208 209/209 210/210
f 196/196 189/189 209/209
f 189/189 211/211 209/209
f 209/209 211/211 210/210
f 189/189 197/197 212/212
f 189/189 212/212 211/211
f 160/160 164/164 213/213
f 165/165 180/180 214/214
f 185/185 171/171 215/215
f 198/198 155/155 216/216
f 217/217 218/218 219/219
f 220/220 221/221 222/222
f 217/217 219/219 223/223
f 220/220 222/222 224/224
f 220/220 224/224 225/225
f 224/224 222/222 226/226
f 219/219 227/227 228/228
f 223/223 219/219 228/228
f 225/225 224/224 229/229
f 224/224 226/226 230/230
f 228/228 227/227 231/231
f 227/227 232/232 231/231
f 233/233 225/225 229/229
f 229/229 224/224 234/234
f 224/224 230/230 234/234
f 228/228 231/231 235/235
f 233/233 229/229 236/236
f 226/226 222/222 230/230
f 230/230 222/222 237/237
f 223/223 228/228 238/238
f 223/223 238/238 239/239
f 228/228 235/235 238/238
f 240/240 241/241 242/242
f 241/241 243/243 242/242
f 236/236 229/229 244/244
f 229/229 234/234 244/244
f 231/231 232/232 245/245
f 242/242 243/243 246/246
f 243/243 236/236 246/246
f 246/246 236/236 247/247
f 235/235 231/231 248/248
f 231/231 245/245 248/248
f 232/232 240/240 245/245
f 240/240 242/242 245/245
f 236/236 244/244 247/247
f 242/242 249/249 245/245
f 242/242 246/246 249/249
f 249/249 246/246 250/250
f 246/246 247/247 250/250
f 247/247 244/244 251/251
f 252/252 234/234 253/253
f 234/234 230/230 253/253
f 235/235 248/248 254/254
f 238/238 235/235 255/255
f 238/238 255/255 256/256
f 235/235 254/254 255/255
f 230/230 237/237 257/257
f 251/251 244/244 258/258
f 244/244 234/234 258/258
f 258/258 234/234 252/252
f 239/239 238/238 259/259
f 238/238 256/256 259/259
f 250/250 247/247 260/260
f 261/261 247/247 251/251
f 254/254 248/248 262/262
f 248/248 245/245 262/262
f 250/250 260/260 249/249
f 256/256 255/255 263/263
f 249/249 260/260 264/264
f 247/247 261/261 260/260
f 230/230 257/257 265/265
f 262/262 245/245 266/266
f 266/266 245/245 249/249
f 253/253 230/230 265/265
f 260/260 267/267 264/264
f 239/239 259/259 268/268
f 255/255 254/254 263/263
f 251/251 258/258 261/261
f 267/267 260/260 269/269
f 260/260 270/270 269/269
f 260/260 261/261 270/270
f 266/266 249/249 271/271
f 249/249 264/264 271/271
f 256/256 263/263 259/259
f 263/263 254/254 272/272
f 254/254 262/262 272/272
f 266/266 271/271 262/262
f 271/271 264/264 273/273
f 264/264 274/274 273/273
f 264/264 267/267 274/274
f 267/267 269/269 275/275
f 258/258 252/252 276/276
f 252/252 253/253 276/276
f 263/263 272/272 277/277
f 267/267 275/275 274/274
f 263/263 277/277 259/259
f 261/261 258/258 276/276
f 262/262 271/271 278/278
f 271/271 279/279 278/278
f 271/271 273/273 279/279
f 269/269 280/280 275/275
f 269/269 270/270 280/280
f 270/270 261/261 281/281
f 261/261 276/276 281/281
f 253/253 265/265 282/282
f 280/280 270/270 281/281
f 276/276 253/253 283/283
f 265/265 257/257 282/282
f 262/262 278/278 272/272
f 279/279 273/273 284/284
f 276/276 283/283 285/285
f 253/253 282/282 283/283
f 282/282 257/257 286/286
f 277/277 272/272 287/287
f 273/273 274/274 284/284
f 268/268 259/259 288/288
f 281/281 276/276 289/289
f 288/288 259/259 290/290
f 280/280 281/281 291/291
f 290/290 259/259 292/292
f 259/259 277/277 292/292
f 287/287 272/272 278/278
f 274/274 275/275 293/293
f 275/275 280/280 293/293
f 291/291 281/281 289/289
f 289/289 276/276 285/285
f 283/283 282/282 294/294
f 279/279 284/284 295/295
f 284/284 274/274 293/293
f 278/278 279/279 295/295
f 285/285 283/283 296/296
f 278/278 295/295 297/297
f 294/294 282/282 298/298
f 282/282 286/286 298/298
f 289/289 285/285 299/299
f 277/277 287/287 292/292
f 280/280 291/291 293/293
f 291/291 289/289 293/293
f 296/296 283/283 294/294
f 287/287 278/278 297/297
f 295/295 284/284 300/300
f 293/293 289/289 299/299
f 299/299 285/285 296/296
f 294/294 298/298 301/301
f 297/297 295/295 300/300
f 300/300 284/284 302/302
f 284/284 293/293 302/302
f 303/303 293/293 299/299
f 299/299 296/296 304/304
f 296/296 294/294 305/305
f 290/290 292/292 306/306
f 292/292 287/287 307/307
f 287/287 297/297 307/307
f 303/303 299/299 308/308
f 299/299 304/304 308/308
f 308/308 304/304 309/309
f 296/296 305/305 304/304
f 288/288 290/290 310/310
f 293/293 303/303 311/311
f 310/310 290/290 306/306
f 307/307 297/297 312/312
f 300/300 313/313 297/297
f 293/293 311/311 302/302
f 309/309 304/304 314/314
f 294/294 301/301 305/305
f 300/300 302/302 313/313
f 312/312 297/297 313/313
f 304/304 305/305 314/314
f 292/292 307/307 315/315
f 303/303 308/308 309/309
f 314/314 305/305 316/316
f 306/306 292/292 315/315
f 307/307 312/312 317/317
f 302/302 318/318 313/313
f 302/302 311/311 318/318
f 315/315 307/307 317/317
f 311/311 303/303 319/319
f 303/303 309/309 319/319
f 305/305 301/301 316/316
f 316/316 301/301 320/320
f 301/301 298/298 320/320
f 310/310 306/306 321/321
f 312/312 322/322 317/317
f 312/312 313/313 322/322
f 311/311 319/319 323/323
f 319/319 309/309 324/324
f 309/309 314/314 324/324
f 313/313 318/318 325/325
f 298/298 286/286 320/320
f 320/320 286/286 326/326
f 306/306 315/315 321/321
f 313/313 325/325 322/322
f 318/318 311/311 323/323
f 323/323 319/319 324/324
f 324/324 314/314 327/327
f 314/314 316/316 327/327
f 317/317 322/322 328/328
f 325/325 318/318 329/329
f 318/318 323/323 329/329
f 323/323 324/324 330/330
f 315/315 317/317 331/331
f 317/317 332/332 331/331
f 332/332 317/317 328/328
f 322/322 325/325 333/333
f 316/316 320/320 334/334
f 327/327 316/316 335/335
f 316/316 334/334 335/335
f 321/321 315/315 331/331
f 333/333 325/325 329/329
f 322/322 333/333 336/336
f 322/322 336/336 328/328
f 323/323 330/330 329/329
f 324/324 327/327 330/330
f 320/320 326/326 337/337
f 310/310 321/321 338/338
f 338/338 321/321 339/339
f 321/321 331/331 339/339
f 337/337 326/326 340/340
f 332/332 328/328 336/336
f 336/336 333/333 341/341
f 339/339 331/331 342/342
f 331/331 332/332 342/342
f 329/329 330/330 343/343
f 343/343 330/330 344/344
f 344/344 330/330 345/345
f 330/330 327/327 345/345
f 345/345 327/327 346/346
f 334/334 320/320 337/337
f 333/333 329/329 343/343
f 327/327 335/335 346/346
f 346/346 335/335 347/347
f 335/335 334/334 347/347
f 334/334 337/337 347/347
f 332/332 336/336 348/348
f 348/348 336/336 349/349
f 336/336 341/341 349/349
f 341/341 333/333 350/350
f 342/342 332/332 351/351
f 332/332 348/348 351/351
f 343/343 344/344 352/352
f 344/344 345/345 353/353
f 333/333 343/343 350/350
f 344/344 353/353 352/352
f 345/345 346/346 353/353
f 347/347 337/337 354/354
f 354/354 337/337 355/355
f 337/337 340/340 355/355
f 339/339 342/342 351/351
f 338/338 339/339 356/356
f 339/339 351/351 357/357
f 351/351 348/348 358/358
f 358/358 348/348 349/349
f 349/349 341/341 359/359
f 341/341 350/350 360/360
f 350/350 343/343 352/352
f 346/346 347/347 361/361
f 355/355 340/340 362/362
f 356/356 339/339 357/357
f 352/352 353/353 363/363
f 353/353 346/346 361/361
f 361/361 347/347 354/354
f 341/341 360/360 359/359
f 350/350 352/352 364/364
f 350/350 364/364 360/360
f 357/357 351/351 365/365
f 354/354 355/355 366/366
f 351/351 358/358 365/365
f 360/360 364/364 367/367
f 363/363 353/353 361/361
f 361/361 354/354 368/368
f 354/354 366/366 368/368
f 366/366 355/355 369/369
f 358/358 349/349 370/370
f 352/352 363/363 364/364
f 363/363 371/371 364/364
f 349/349 359/359 372/372
f 359/359 360/360 373/373
f 363/363 361/361 371/371
f 349/349 372/372 370/370
f 361/361 374/374 371/371
f 356/356 357/357 375/375
f 365/365 358/358 376/376
f 357/357 365/365 375/375
f 360/360 367/367 373/373
f 356/356 375/375 377/377
f 375/375 365/365 376/376
f 364/364 371/371 367/367
f 361/361 368/368 374/374
f 355/355 362/362 378/378
f 367/367 371/371 379/379
f 376/376 358/358 380/380
f 358/358 370/370 380/380
f 372/372 359/359 373/373
f 373/373 367/367 381/381
f 371/371 374/374 379/379
f 374/374 368/368 382/382
f 381/381 367/367 383/383
f 379/379 374/374 384/384
f 368/368 366/366 382/382
f 377/377 375/375 385/385
f 367/367 379/379 383/383
f 369/369 355/355 386/386
f 355/355 378/378 386/386
f 379/379 384/384 383/383
f 370/370 372/372 387/387
f 372/372 373/373 387/387
f 384/384 374/374 388/388
f 374/374 382/382 388/388
f 375/375 376/376 385/385
f 380/380 370/370 389/389
f 370/370 390/390 389/389
f 370/370 387/387 390/390
f 373/373 381/381 391/391
f 382/382 366/366 392/392
f 366/366 369/369 392/392
f 376/376 380/380 385/385
f 384/384 388/388 383/383
f 382/382 392/392 393/393
f 369/369 386/386 392/392
f 387/387 373/373 391/391
f 394/394 381/381 395/395
f 381/381 383/383 395/395
f 383/383 388/388 395/395
f 388/388 382/382 396/396
f 396/396 382/382 393/393
f 380/380 389/389 397/397
f 390/390 387/387 391/391
f 396/396 393/393 398/398
f 386/386 378/378 399/399
f 391/391 381/381 394/394
f 395/395 388/388 396/396
f 392/392 386/386 400/400
f 386/386 399/399 400/400
f 393/393 392/392 401/401
f 392/392 400/400 401/401
f 377/377 385/385 402/402
f 402/402 385/385 403/403
f 385/385 380/380 404/404
f 385/385 404/404 403/403
f 380/380 397/397 404/404
f 390/390 405/405 389/389
f 390/390 391/391 405/405
f 391/391 394/394 405/405
f 394/394 395/395 406/406
f 406/406 395/395 398/398
f 395/395 396/396 398/398
f 398/398 393/393 407/407
f 393/393 401/401 407/407
f 377/377 402/402 408/408
f 405/405 394/394 406/406
f 404/404 397/397 409/409
f 397/397 389/389 409/409
f 389/389 405/405 409/409
f 405/405 410/410 409/409
f 405/405 406/406 410/410
f 406/406 398/398 407/407
f 406/406 407/407 410/410
f 401/401 400/400 411/411
f 400/400 399/399 411/411
f 402/402 412/412 408/408
f 402/402 403/403 412/412
f 403/403 413/413 412/412
f 403/403 404/404 413/413
f 404/404 409/409 413/413
f 410/410 407/407 414/414
f 407/407 415/415 414/414
f 407/407 401/401 416/416
f 416/416 401/401 417/417
f 401/401 411/411 417/417
f 408/408 412/412 418/418
f 417/417 411/411 419/419
f 186/186 200/200 420/420
f 186/186 420/420 421/421
f 200/200 422/422 420/420
f 423/423 424/424 425/425
f 425/425 424/424 426/426
f 422/422 200/200 427/427
f 424/424 428/428 426/426
f 200/200 201/201 427/427
f 428/428 429/429 426/426
f 201/201 430/430 427/427
f 428/428 431/431 429/429
f 429/429 431/431 432/432
f 201/201 202/202 430/430
f 430/430 202/202 433/433
f 431/431 434/434 432/432
f 202/202 203/203 433/433
f 432/432 434/434 435/435
f 203/203 204/204 433/433
f 433/433 204/204 436/436
f 434/434 437/437 435/435
f 204/204 205/205 436/436
f 205/205 206/206 436/436
f 437/437 438/438 435/435
f 435/435 438/438 439/439
f 438/438 440/440 439/439
f 197/197 185/185 441/441
f 213/213 164/164 442/442
f 164/164 165/165 442/442
f 442/442 165/165 214/214
f 180/180 186/186 421/421
f 425/425 426/426 443/443
f 429/429 432/432 444/444
f 432/432 435/435 444/444
f 444/444 435/435 445/445
f 435/435 446/446 445/445
f 435/435 439/439 446/446
f 439/439 447/447 446/446
f 440/440 448/448 439/439
f 439/439 448/448 449/449
f 439/439 449/449 447/447
f 448/448 450/450 449/449
f 449/449 451/451 447/447
f 449/449 450/450 452/452
f 449/449 452/452 451/451
f 450/450 453/453 452/452
f 453/453 454/454 455/455
f 453/453 455/455 452/452
f 452/452 455/455 451/451
f 451/451 455/455 456/456
f 185/185 215/215 441/441
f 457/457 443/443 458/458
f 457/457 458/458 459/459
f 443/443 426/426 458/458
f 426/426 429/429 460/460
f 445/445 461/461 462/462
f 445/445 446/446 461/461
f 446/446 463/463 461/461
f 446/446 447/447 463/463
f 463/463 447/447 464/464
f 447/447 465/465 464/464
f 447/447 451/451 465/465
f 451/451 456/456 465/465
f 459/459 458/458 218/218
f 458/458 426/426 218/218
f 426/426 460/460 218/218
f 460/460 429/429 466/466
f 429/429 444/444 466/466
f 466/466 444/444 467/467
f 467/467 444/444 468/468
f 444/444 445/445 468/468
f 456/456 221/221 465/465
f 456/456 469/469 470/470
f 227/227 460/460 466/466
f 445/445 471/471 468/468
f 445/445 462/462 471/471
f 462/462 461/461 463/463
f 464/464 465/465 220/220
f 459/459 218/218 217/217
f 218/218 460/460 219/219
f 460/460 227/227 219/219
f 468/468 471/471 472/472
f 462/462 463/463 473/473
f 462/462 473/473 471/471
f 463/463 464/464 474/474
f 463/463 474/474 473/473
f 464/464 220/220 474/474
f 227/227 466/466 467/467
f 471/471 473/473 472/472
f 474/474 233/233 473/473
f 233/233 474/474 225/225
f 474/474 220/220 225/225
f 468/468 472/472 241/241
f 227/227 467/467 232/232
f 467/467 240/240 232/232
f 467/467 468/468 240/240
f 468/468 241/241 240/240
f 472/472 473/473 243/243
f 241/241 472/472 243/243
f 473/473 233/233 243/243
f 243/243 233/233 236/236
f 475/475 476/476 477/477
f 477/477 476/476 478/478
f 476/476 479/479 478/478
f 479/479 480/480 481/481
f 481/481 480/480 482/482
f 480/480 483/483 482/482
f 482/482 483/483 484/484
f 484/484 483/483 485/485
f 483/483 486/486 485/485
f 485/485 486/486 487/487
f 486/486 488/488 487/487
f 487/487 488/488 489/489
f 488/488 490/490 489/489
f 488/488 491/491 490/490
f 491/491 492/492 490/490
f 491/491 493/493 492/492
f 491/491 494/494 493/493
f 494/494 495/495 493/493
f 494/494 496/496 495/495
f 413/413 409/409 497/497
f 497/497 409/409 498/498
f 409/409 410/410 498/498
f 498/498 410/410 414/414
f 498/498 414/414 499/499
f 414/414 415/415 499/499
f 499/499 415/415 416/416
f 415/415 407/407 416/416
f 412/412 413/413 500/500
f 412/412 500/500 501/501
f 502/502 503/503 504/504
f 500/500 413/413 501/501
f 413/413 505/505 501/501
f 413/413 497/497 505/505
f 497/497 498/498 505/505
f 505/505 498/498 506/506
f 498/498 499/499 506/506
f 499/499 507/507 506/506
f 499/499 416/416 507/507
f 416/416 417/417 508/508
f 507/507 416/416 508/508
f 509/509 502/502 504/504
f 510/510 511/511 512/512
f 513/513 514/514 515/515
f 421/421 420/420 516/516
f 516/516 420/420 517/517
f 212/212 197/197 518/518
f 197/197 441/441 518/518
f 214/214 180/180 519/519
f 180/180 421/421 519/519
f 514/514 520/520 521/521
f 514/514 521/521 515/515
f 522/522 523/523 524/524
f 495/495 496/496 525/525
f 509/509 504/504 526/526
f 504/504 527/527 526/526
f 504/504 503/503 527/527
f 527/527 503/503 528/528
f 503/503 529/529 528/528
f 529/529 530/530 528/528
f 529/529 531/531 530/530
f 529/529 532/532 531/531
f 532/532 533/533 531/531
f 531/531 533/533 534/534
f 533/533 512/512 535/535
f 533/533 535/535 534/534
f 512/512 511/511 535/535
f 535/535 511/511 536/536
f 519/519 421/421 537/537
f 421/421 516/516 537/537
f 516/516 517/517 538/538
f 515/515 521/521 539/539
f 539/539 521/521 540/540
f 541/541 522/522 542/542
f 542/542 522/522 543/543
f 522/522 524/524 543/543
f 543/543 524/524 544/544
f 524/524 523/523 544/544
f 475/475 477/477 545/545
f 546/546 477/477 478/478
f 478/478 479/479 546/546
f 481/481 482/482 547/547
f 482/482 484/484 548/548
f 484/484 549/549 548/548
f 484/484 485/485 549/549
f 487/487 489/489 550/550
f 489/489 490/490 551/551
f 492/492 493/493 552/552
f 493/493 553/553 552/552
f 493/493 495/495 553/553
f 553/553 495/495 554/554
f 526/526 527/527 555/555
f 527/527 528/528 555/555
f 530/530 531/531 556/556
f 556/556 531/531 557/557
f 531/531 534/534 557/557
f 557/557 534/534 558/558
f 534/534 535/535 559/559
f 534/534 559/559 558/558
f 535/535 536/536 559/559
f 178/178 179/179 560/560
f 560/560 179/179 561/561
f 179/179 172/172 561/561
f 518/518 441/441 562/562
f 214/214 519/519 563/563
f 537/537 516/516 564/564
f 516/516 538/538 565/565
f 516/516 565/565 564/564
f 539/539 540/540 566/566
f 441/441 215/215 567/567
f 215/215 171/171 198/198
f 544/544 523/523 545/545
f 523/523 475/475 545/545
f 545/545 477/477 568/568
f 495/495 525/525 554/554
f 555/555 528/528 569/569
f 569/569 528/528 570/570
f 528/528 530/530 570/570
f 570/570 530/530 571/571
f 530/530 556/556 571/571
f 557/557 572/572 556/556
f 557/557 558/558 572/572
f 559/559 536/536 573/573
f 536/536 511/511 573/573
f 573/573 511/511 574/574
f 575/575 518/518 576/576
f 518/518 562/562 576/576
f 442/442 214/214 563/563
f 519/519 537/537 577/577
f 537/537 564/564 577/577
f 564/564 565/565 578/578
f 565/565 579/579 578/578
f 578/578 579/579 580/580
f 441/441 567/567 562/562
f 540/540 543/543 581/581
f 582/582 581/581 543/543
f 543/543 544/544 583/583
f 584/584 585/585 586/586
f 585/585 587/587 588/588
f 589/589 590/590 591/591
f 591/591 590/590 592/592
f 477/477 546/546 568/568
f 592/592 593/593 594/594
f 595/595 596/596 597/597
f 597/597 596/596 598/598
f 482/482 548/548 547/547
f 599/599 600/600 598/598
f 600/600 601/601 598/598
f 601/601 602/602 603/603
f 485/485 487/487 604/604
f 487/487 550/550 604/604
f 603/603 605/605 606/606
f 603/603 606/606 607/607
f 605/605 608/608 606/606
f 608/608 609/609 606/606
f 490/490 492/492 610/610
f 492/492 552/552 610/610
f 611/611 612/612 613/613
f 613/613 612/612 614/614
f 615/615 616/616 617/617
f 526/526 555/555 618/618
f 555/555 569/569 618/618
f 563/563 519/519 619/619
f 519/519 620/620 619/619
f 621/621 622/622 623/623
f 624/624 625/625 626/626
f 624/624 627/627 625/625
f 625/625 627/627 628/628
f 628/628 627/627 629/629
f 627/627 630/630 629/629
f 630/630 631/631 632/632
f 630/630 632/632 629/629
f 631/631 633/633 632/632
f 633/633 634/634 632/632
f 633/633 635/635 634/634
f 634/634 635/635 636/636
f 635/635 637/637 636/636
f 635/635 638/638 637/637
f 638/638 639/639 637/637
f 639/639 640/640 641/641
f 640/640 642/642 643/643
f 583/583 544/544 644/644
f 642/642 645/645 646/646
f 642/642 646/646 643/643
f 544/544 545/545 644/644
f 644/644 545/545 568/568
f 647/647 648/648 649/649
f 649/649 648/648 650/650
f 568/568 546/546 651/651
f 546/546 479/479 651/651
f 651/651 479/479 652/652
f 479/479 481/481 653/653
f 479/479 653/653 652/652
f 481/481 547/547 653/653
f 547/547 548/548 654/654
f 548/548 549/549 654/654
f 549/549 485/485 604/604
f 550/550 489/489 655/655
f 489/489 551/551 655/655
f 490/490 610/610 551/551
f 656/656 657/657 658/658
f 656/656 659/659 657/657
f 659/659 660/660 657/657
f 659/659 661/661 660/660
f 662/662 660/660 661/661
f 663/663 664/664 665/665
f 665/665 664/664 666/666
f 667/667 666/666 668/668
f 664/664 668/668 666/666
f 554/554 525/525 669/669
f 525/525 496/496 669/669
f 509/509 526/526 670/670
f 569/569 570/570 671/671
f 570/570 571/571 671/671
f 671/671 571/571 672/672
f 571/571 556/556 672/672
f 556/556 673/673 672/672
f 556/556 674/674 673/673
f 556/556 572/572 674/674
f 572/572 675/675 674/674
f 572/572 558/558 675/675
f 675/675 558/558 676/676
f 558/558 559/559 676/676
f 559/559 573/573 677/677
f 172/172 159/159 561/561
f 575/575 576/576 678/678
f 575/575 678/678 679/679
f 576/576 562/562 680/680
f 576/576 680/680 678/678
f 519/519 577/577 620/620
f 564/564 578/578 681/681
f 621/621 623/623 682/682
f 682/682 623/623 683/683
f 562/562 567/567 680/680
f 567/567 215/215 684/684
f 215/215 198/198 684/684
f 198/198 216/216 685/685
f 582/582 543/543 686/686
f 543/543 583/583 686/686
f 626/626 625/625 687/687
f 625/625 628/628 688/688
f 625/625 688/688 687/687
f 628/628 629/629 688/688
f 629/629 689/689 688/688
f 629/629 632/632 689/689
f 689/689 632/632 690/690
f 632/632 634/634 690/690
f 690/690 634/634 691/691
f 634/634 636/636 691/691
f 691/691 636/636 692/692
f 636/636 693/693 692/692
f 636/636 637/637 693/693
f 637/637 694/694 693/693
f 637/637 639/639 694/694
f 694/694 639/639 641/641
f 641/641 640/640 695/695
f 640/640 643/643 695/695
f 641/641 695/695 696/696
f 643/643 646/646 695/695
f 644/644 568/568 697/697
f 568/568 651/651 697/697
f 549/549 604/604 654/654
f 551/551 698/698 655/655
f 698/698 551/551 610/610
f 610/610 552/552 699/699
f 552/552 553/553 699/699
f 553/553 554/554 700/700
f 701/701 656/656 658/658
f 670/670 526/526 702/702
f 526/526 618/618 703/703
f 526/526 703/703 702/702
f 618/618 569/569 703/703
f 676/676 559/559 677/677
f 561/561 159/159 704/704
f 704/704 159/159 199/199
f 678/678 680/680 705/705
f 577/577 564/564 706/706
f 564/564 681/681 706/706
f 680/680 567/567 707/707
f 689/689 708/708 709/709
f 689/689 690/690 708/708
f 710/710 690/690 691/691
f 694/694 641/641 711/711
f 711/711 641/641 696/696
f 583/583 644/644 712/712
f 696/696 695/695 713/713
f 695/695 646/646 713/713
f 713/713 646/646 714/714
f 715/715 651/651 716/716
f 651/651 652/652 716/716
f 652/652 653/653 717/717
f 653/653 547/547 718/718
f 547/547 654/654 718/718
f 654/654 719/719 718/718
f 719/719 654/654 720/720
f 654/654 604/604 720/720
f 550/550 655/655 698/698
f 700/700 554/554 721/721
f 554/554 669/669 721/721
f 703/703 569/569 722/722
f 675/675 676/676 723/723
f 680/680 707/707 705/705
f 213/213 442/442 724/724
f 682/682 683/683 725/725
f 567/567 684/684 707/707
f 686/686 583/583 726/726
f 726/726 583/583 712/712
f 626/626 687/687 727/727
f 688/688 689/689 709/709
f 688/688 709/709 728/728
f 691/691 692/692 729/729
f 692/692 693/693 729/729
f 729/729 693/693 730/730
f 711/711 696/696 731/731
f 731/731 696/696 713/713
f 697/697 651/651 715/715
f 604/604 550/550 732/732
f 698/698 610/610 733/733
f 699/699 553/553 734/734
f 553/553 735/735 734/734
f 553/553 700/700 735/735
f 675/675 723/723 674/674
f 620/620 577/577 736/736
f 577/577 706/706 736/736
f 684/684 198/198 737/737
f 582/582 686/686 738/738
f 727/727 687/687 739/739
f 687/687 688/688 740/740
f 687/687 740/740 739/739
f 688/688 728/728 740/740
f 708/708 690/690 741/741
f 741/741 690/690 710/710
f 693/693 694/694 711/711
f 713/713 714/714 742/742
f 712/712 644/644 743/743
f 716/716 652/652 717/717
f 720/720 604/604 732/732
f 732/732 550/550 744/744
f 550/550 698/698 744/744
f 610/610 699/699 733/733
f 722/722 569/569 745/745
f 569/569 671/671 745/745
f 745/745 671/671 746/746
f 671/671 672/672 746/746
f 746/746 672/672 747/747
f 747/747 672/672 748/748
f 672/672 673/673 748/748
f 673/673 674/674 748/748
f 674/674 723/723 749/749
f 676/676 677/677 750/750
f 677/677 573/573 751/751
f 573/573 574/574 751/751
f 752/752 753/753 754/754
f 754/754 753/753 755/755
f 756/756 757/757 758/758
f 759/759 760/760 761/761
f 753/753 762/762 763/763
f 753/753 763/763 755/755
f 762/762 764/764 765/765
f 762/762 765/765 763/763
f 561/561 704/704 766/766
f 764/764 767/767 765/765
f 765/765 767/767 768/768
f 679/679 678/678 769/769
f 705/705 707/707 770/770
f 706/706 681/681 771/771
f 682/682 725/725 772/772
f 737/737 198/198 685/685
f 730/730 693/693 773/773
f 693/693 711/711 773/773
f 697/697 715/715 774/774
f 715/715 775/775 774/774
f 653/653 776/776 717/717
f 653/653 718/718 776/776
f 719/719 720/720 777/777
f 720/720 732/732 777/777
f 744/744 698/698 778/778
f 698/698 779/779 778/778
f 698/698 733/733 779/779
f 779/779 733/733 780/780
f 699/699 734/734 733/733
f 751/751 574/574 781/781
f 782/782 783/783 784/784
f 785/785 786/786 787/787
f 787/787 786/786 788/788
f 786/786 789/789 788/788
f 788/788 789/789 790/790
f 754/754 755/755 791/791
f 754/754 791/791 792/792
f 789/789 793/793 794/794
f 789/789 794/794 790/790
f 787/787 788/788 795/795
f 787/787 795/795 796/796
f 788/788 790/790 797/797
f 788/788 797/797 795/795
f 755/755 763/763 798/798
f 755/755 798/798 791/791
f 790/790 794/794 797/797
f 797/797 794/794 799/799
f 796/796 795/795 800/800
f 800/800 795/795 801/801
f 795/795 797/797 802/802
f 795/795 802/802 801/801
f 763/763 765/765 798/798
f 798/798 765/765 803/803
f 797/797 799/799 804/804
f 797/797 804/804 802/802
f 801/801 802/802 805/805
f 765/765 768/768 803/803
f 803/803 768/768 806/806
f 802/802 804/804 807/807
f 802/802 807/807 805/805
f 724/724 442/442 808/808
f 442/442 563/563 808/808
f 808/808 563/563 809/809
f 563/563 619/619 809/809
f 620/620 736/736 810/810
f 709/709 708/708 811/811
f 741/741 710/710 812/812
f 691/691 729/729 710/710
f 713/713 742/742 813/813
f 644/644 697/697 814/814
f 814/814 697/697 815/815
f 815/815 697/697 816/816
f 697/697 774/774 816/816
f 716/716 717/717 817/817
f 718/718 719/719 776/776
f 721/721 669/669 818/818
f 670/670 702/702 819/819
f 560/560 561/561 820/820
f 561/561 766/766 820/820
f 619/619 620/620 821/821
f 620/620 810/810 821/821
f 708/708 822/822 811/811
f 708/708 741/741 822/822
f 729/729 730/730 823/823
f 773/773 711/711 824/824
f 711/711 731/731 824/824
f 713/713 813/813 731/731
f 743/743 644/644 814/814
f 775/775 715/715 817/817
f 715/715 716/716 817/817
f 776/776 719/719 777/777
f 722/722 745/745 703/703
f 674/674 749/749 825/825
f 723/723 676/676 826/826
f 676/676 750/750 826/826
f 769/769 678/678 827/827
f 678/678 705/705 827/827
f 736/736 706/706 810/810
f 810/810 706/706 828/828
f 772/772 725/725 829/829
f 686/686 726/726 830/830
f 727/727 739/739 831/831
f 712/712 743/743 726/726
f 774/774 775/775 816/816
f 717/717 776/776 817/817
f 776/776 832/832 817/817
f 732/732 744/744 833/833
f 734/734 735/735 834/834
f 735/735 700/700 834/834
f 702/702 703/703 835/835
f 748/748 674/674 836/836
f 674/674 825/825 836/836
f 750/750 677/677 837/837
f 677/677 751/751 837/837
f 560/560 820/820 838/838
f 704/704 199/199 839/839
f 827/827 705/705 840/840
f 705/705 770/770 840/840
f 706/706 771/771 828/828
f 684/684 737/737 841/841
f 738/738 686/686 842/842
f 686/686 830/830 842/842
f 812/812 710/710 843/843
f 710/710 729/729 843/843
f 843/843 729/729 823/823
f 730/730 844/844 823/823
f 730/730 773/773 845/845
f 778/778 779/779 846/846
f 780/780 733/733 847/847
f 847/847 733/733 734/734
f 700/700 721/721 848/848
f 819/819 702/702 849/849
f 702/702 835/835 849/849
f 747/747 850/850 746/746
f 723/723 826/826 749/749
f 766/766 704/704 851/851
f 704/704 839/839 851/851
f 809/809 619/619 821/821
f 831/831 739/739 852/852
f 739/739 740/740 852/852
f 822/822 741/741 853/853
f 853/853 741/741 854/854
f 741/741 812/812 854/854
f 843/843 823/823 855/855
f 730/730 845/845 844/844
f 845/845 773/773 824/824
f 815/815 816/816 856/856
f 776/776 777/777 857/857
f 777/777 732/732 857/857
f 779/779 780/780 858/858
f 700/700 848/848 834/834
f 835/835 703/703 859/859
f 703/703 745/745 859/859
f 751/751 781/781 860/860
f 738/738 842/842 861/861
f 852/852 740/740 862/862
f 740/740 728/728 862/862
f 728/728 709/709 863/863
f 709/709 811/811 863/863
f 811/811 822/822 853/853
f 812/812 843/843 854/854
f 855/855 823/823 864/864
f 823/823 844/844 864/864
f 824/824 731/731 813/813
f 815/815 856/856 814/814
f 856/856 816/816 775/775
f 776/776 865/865 832/832
f 865/865 776/776 857/857
f 857/857 732/732 833/833
f 744/744 778/778 833/833
f 778/778 846/846 833/833
f 745/745 746/746 850/850
f 769/769 827/827 866/866
f 810/810 828/828 867/867
f 828/828 771/771 868/868
f 772/772 829/829 869/869
f 737/737 685/685 870/870
f 811/811 853/853 863/863
f 734/734 834/834 871/871
f 748/748 836/836 872/872
f 851/851 839/839 873/873
f 724/724 808/808 874/874
f 808/808 809/809 874/874
f 867/867 828/828 875/875
f 828/828 868/868 875/875
f 862/862 728/728 863/863
f 853/853 854/854 876/876
f 824/824 813/813 877/877
f 813/813 742/742 878/878
f 814/814 856/856 879/879
f 856/856 775/775 880/880
f 775/775 817/817 880/880
f 817/817 832/832 880/880
f 833/833 881/881 857/857
f 847/847 734/734 882/882
f 859/859 745/745 883/883
f 875/875 884/884 885/885
f 840/840 770/770 886/886
f 770/770 707/707 887/887
f 875/875 868/868 884/884
f 888/888 869/869 889/889
f 869/869 829/829 889/889
f 707/707 684/684 887/887
f 830/830 726/726 890/890
f 864/864 844/844 891/891
f 844/844 845/845 891/891
f 726/726 743/743 890/890
f 813/813 878/878 877/877
f 743/743 814/814 892/892
f 848/848 721/721 893/893
f 721/721 818/818 893/893
f 850/850 747/747 894/894
f 747/747 748/748 872/872
f 825/825 749/749 895/895
f 838/838 820/820 896/896
f 820/820 766/766 896/896
f 724/724 874/874 897/897
f 809/809 821/821 898/898
f 684/684 841/841 887/887
f 862/862 863/863 899/899
f 863/863 853/853 900/900
f 814/814 879/879 892/892
f 832/832 865/865 901/901
f 865/865 902/902 901/901
f 865/865 857/857 902/902
f 833/833 846/846 881/881
f 893/893 818/818 903/903
f 819/819 849/849 904/904
f 883/883 745/745 905/905
f 745/745 850/850 905/905
f 747/747 872/872 894/894
f 836/836 825/825 906/906
f 749/749 826/826 895/895
f 827/827 840/840 886/886
f 861/861 842/842 907/907
f 861/861 907/907 908/908
f 842/842 830/830 907/907
f 899/899 863/863 909/909
f 863/863 900/900 909/909
f 855/855 864/864 910/910
f 845/845 824/824 911/911
f 824/824 877/877 911/911
f 890/890 743/743 892/892
f 892/892 879/879 912/912
f 846/846 779/779 913/913
f 779/779 858/858 913/913
f 858/858 780/780 914/914
f 837/837 751/751 915/915
f 751/751 860/860 915/915
f 766/766 851/851 916/916
f 885/885 884/884 917/917
f 866/866 827/827 886/886
f 886/886 770/770 918/918
f 770/770 887/887 918/918
f 874/874 809/809 898/898
f 821/821 810/810 919/919
f 821/821 919/919 920/920
f 810/810 867/867 921/921
f 810/810 921/921 919/919
f 888/888 889/889 922/922
f 889/889 829/829 923/923
f 852/852 862/862 899/899
f 853/853 876/876 900/900
f 854/854 924/924 925/925
f 854/854 843/843 924/924
f 910/910 864/864 891/891
f 911/911 877/877 926/926
f 879/879 927/927 912/912
f 856/856 880/880 928/928
f 880/880 832/832 929/929
f 832/832 930/930 929/929
f 832/832 901/901 930/930
f 902/902 857/857 881/881
f 881/881 931/931 932/932
f 881/881 846/846 931/931
f 931/931 846/846 913/913
f 913/913 858/858 914/914
f 847/847 882/882 780/780
f 734/734 871/871 882/882
f 850/850 894/894 933/933
f 872/872 836/836 906/906
f 825/825 895/895 906/906
f 851/851 873/873 934/934
f 897/897 874/874 935/935
f 874/874 898/898 935/935
f 841/841 737/737 936/936
f 737/737 870/870 936/936
f 910/910 891/891 937/937
f 845/845 911/911 938/938
f 877/877 878/878 939/939
f 880/880 929/929 928/928
f 913/913 914/914 940/940
f 871/871 834/834 941/941
f 834/834 848/848 942/942
f 848/848 893/893 942/942
f 904/904 849/849 943/943
f 849/849 835/835 943/943
f 850/850 933/933 905/905
f 750/750 837/837 944/944
f 837/837 915/915 944/944
f 887/887 841/841 945/945
f 841/841 936/936 945/945
f 891/891 845/845 946/946
f 845/845 938/938 946/946
f 877/877 939/939 926/926
f 879/879 856/856 928/928
f 902/902 881/881 947/947
f 914/914 780/780 882/882
f 882/882 871/871 941/941
f 941/941 834/834 948/948
f 949/949 950/950 951/951
f 834/834 942/942 948/948
f 835/835 859/859 952/952
f 859/859 883/883 952/952
f 883/883 905/905 953/953
f 826/826 750/750 944/944
f 896/896 766/766 916/916
f 885/885 917/917 921/921
f 922/922 889/889 954/954
f 889/889 923/923 954/954
f 908/908 907/907 955/955
f 831/831 852/852 956/956
f 876/876 854/854 925/925
f 843/843 855/855 924/924
f 937/937 891/891 946/946
f 879/879 928/928 927/927
f 901/901 902/902 957/957
f 947/947 881/881 958/958
f 943/943 835/835 959/959
f 835/835 952/952 959/959
f 883/883 953/953 952/952
f 906/906 895/895 960/960
f 895/895 826/826 960/960
f 915/915 860/860 961/961
f 866/866 886/886 962/962
f 918/918 887/887 963/963
f 887/887 964/964 963/963
f 897/897 935/935 965/965
f 964/964 887/887 966/966
f 887/887 945/945 966/966
f 945/945 936/936 967/967
f 909/909 900/900 968/968
f 924/924 855/855 969/969
f 855/855 910/910 969/969
f 911/911 926/926 970/970
f 930/930 901/901 971/971
f 942/942 893/893 972/972
f 893/893 903/903 972/972
f 906/906 960/960 973/973
f 974/974 975/975 976/976
f 962/962 886/886 977/977
f 886/886 918/918 977/977
f 898/898 821/821 920/920
f 954/954 923/923 978/978
f 907/907 830/830 979/979
f 830/830 890/890 979/979
f 979/979 890/890 980/980
f 968/968 900/900 981/981
f 900/900 876/876 981/981
f 890/890 892/892 980/980
f 901/901 957/957 971/971
f 881/881 932/932 958/958
f 914/914 882/882 982/982
f 905/905 933/933 983/983
f 984/984 985/985 986/986
f 986/986 985/985 987/987
f 986/986 987/987 988/988
f 985/985 989/989 987/987
f 988/988 987/987 990/990
f 988/988 990/990 991/991
f 987/987 989/989 990/990
f 990/990 989/989 992/992
f 921/921 917/917 993/993
f 922/922 954/954 994/994
f 966/966 945/945 967/967
f 967/967 936/936 995/995
f 936/936 870/870 995/995
f 956/956 852/852 996/996
f 852/852 899/899 996/996
f 981/981 876/876 925/925
f 938/938 911/911 970/970
f 892/892 912/912 980/980
f 960/960 826/826 997/997
f 826/826 944/944 997/997
f 998/998 999/999 1000/1000
f 998/998 1001/1001 1002/1002
f 998/998 1002/1002 999/999
f 1002/1002 1001/1001 1003/1003
f 1000/1000 1004/1004 1005/1005
f 1000/1000 999/999 1006/1006
f 1000/1000 1006/1006 1004/1004
f 999/999 1002/1002 1006/1006
f 1006/1006 1002/1002 1007/1007
f 1002/1002 1003/1003 1007/1007
f 1007/1007 1003/1003 1008/1008
f 1005/1005 1004/1004 1009/1009
f 1009/1009 1004/1004 1010/1010
f 1004/1004 1006/1006 1011/1011
f 1004/1004 1011/1011 1010/1010
f 1006/1006 1007/1007 1011/1011
f 1011/1011 1007/1007 1012/1012
f 1007/1007 1008/1008 1012/1012
f 1012/1012 1008/1008 1013/1013
f 1009/1009 1010/1010 1014/1014
f 1014/1014 1010/1010 1015/1015
f 1010/1010 1011/1011 1015/1015
f 1015/1015 1011/1011 1016/1016
f 1011/1011 1012/1012 1016/1016
f 1014/1014 1015/1015 1017/1017
f 1015/1015 1016/1016 1017/1017
f 1016/1016 1012/1012 1018/1018
f 1012/1012 1013/1013 1018/1018
f 1018/1018 1013/1013 1019/1019
f 1017/1017 1016/1016 1020/1020
f 1017/1017 1020/1020 1021/1021
f 1016/1016 1018/1018 1022/1022
f 1016/1016 1022/1022 1020/1020
f 1018/1018 1019/1019 1022/1022
f 1022/1022 1019/1019 1023/1023
f 984/984 986/986 1020/1020
f 1020/1020 986/986 1024/1024
f 1021/1021 1020/1020 1025/1025
f 1025/1025 1020/1020 1024/1024
f 1022/1022 1023/1023 1026/1026
f 1027/1027 1028/1028 1029/1029
f 986/986 988/988 1024/1024
f 1024/1024 988/988 1030/1030
f 1025/1025 1024/1024 1031/1031
f 1031/1031 1024/1024 1030/1030
f 988/988 991/991 1032/1032
f 988/988 1032/1032 1030/1030
f 1031/1031 1030/1030 1032/1032
f 1031/1031 1032/1032 1033/1033
f 896/896 916/916 1034/1034
f 916/916 851/851 1034/1034
f 918/918 963/963 977/977
f 955/955 907/907 1035/1035
f 907/907 979/979 1035/1035
f 929/929 930/930 1036/1036
f 1036/1036 930/930 971/971
f 971/971 957/957 1037/1037
f 931/931 913/913 940/940
f 940/940 914/914 982/982
f 882/882 941/941 1038/1038
f 953/953 905/905 1039/1039
f 905/905 983/983 1039/1039
f 983/983 933/933 1040/1040
f 933/933 894/894 1040/1040
f 894/894 872/872 1040/1040
f 1040/1040 872/872 1041/1041
f 872/872 906/906 1041/1041
f 1042/1042 1043/1043 1044/1044
f 998/998 1000/1000 1045/1045
f 1046/1046 1047/1047 1048/1048
f 1049/1049 1050/1050 1051/1051
f 1049/1049 1051/1051 1048/1048
f 1050/1050 1052/1052 1051/1051
f 1051/1051 1052/1052 1053/1053
f 1052/1052 1054/1054 1053/1053
f 1053/1053 1054/1054 1055/1055
f 1054/1054 1056/1056 1057/1057
f 1054/1054 1057/1057 1055/1055
f 1056/1056 1058/1058 1057/1057
f 1057/1057 1058/1058 1059/1059
f 1055/1055 1057/1057 1060/1060
f 1060/1060 1057/1057 1059/1059
f 1058/1058 1061/1061 1059/1059
f 1059/1059 1061/1061 1062/1062
f 1061/1061 1063/1063 1064/1064
f 1061/1061 1064/1064 1062/1062
f 1063/1063 1065/1065 1066/1066
f 1063/1063 1066/1066 1064/1064
f 921/921 993/993 1067/1067
f 962/962 977/977 1068/1068
f 993/993 1069/1069 1067/1067
f 899/899 909/909 1070/1070
f 909/909 968/968 1070/1070
f 925/925 924/924 1071/1071
f 969/969 910/910 1072/1072
f 910/910 937/937 1072/1072
f 926/926 939/939 1073/1073
f 980/980 912/912 1074/1074
f 928/928 929/929 1075/1075
f 902/902 947/947 957/957
f 932/932 931/931 1076/1076
f 1076/1076 931/931 940/940
f 972/972 903/903 1077/1077
f 904/904 943/943 1078/1078
f 1041/1041 906/906 973/973
f 1043/1043 1042/1042 1079/1079
f 1046/1046 1048/1048 1080/1080
f 1080/1080 1048/1048 1081/1081
f 1048/1048 1051/1051 1082/1082
f 1048/1048 1082/1082 1081/1081
f 1051/1051 1053/1053 1083/1083
f 1051/1051 1083/1083 1082/1082
f 1053/1053 1084/1084 1083/1083
f 1053/1053 1055/1055 1085/1085
f 1053/1053 1085/1085 1084/1084
f 1055/1055 1060/1060 1085/1085
f 1060/1060 1059/1059 1086/1086
f 1059/1059 1062/1062 1087/1087
f 1059/1059 1087/1087 1086/1086
f 1062/1062 1064/1064 1088/1088
f 1062/1062 1088/1088 1087/1087
f 1064/1064 1089/1089 1088/1088
f 1090/1090 1091/1091 1092/1092
f 1091/1091 1093/1093 1092/1092
f 898/898 920/920 1094/1094
f 1094/1094 920/920 1095/1095
f 920/920 919/919 1095/1095
f 919/919 921/921 1096/1096
f 921/921 1067/1067 1096/1096
f 1070/1070 968/968 1097/1097
f 968/968 981/981 1097/1097
f 946/946 938/938 1098/1098
f 938/938 970/970 1099/1099
f 970/970 926/926 1073/1073
f 1074/1074 912/912 1100/1100
f 912/912 927/927 1100/1100
f 927/927 1101/1101 1100/1100
f 927/927 928/928 1101/1101
f 947/947 1102/1102 957/957
f 1102/1102 947/947 1103/1103
f 947/947 958/958 1103/1103
f 982/982 882/882 1038/1038
f 941/941 948/948 1038/1038
f 959/959 952/952 1104/1104
f 997/997 944/944 1105/1105
f 944/944 915/915 1106/1106
f 944/944 1106/1106 1105/1105
f 915/915 961/961 1106/1106
f 1107/1107 1108/1108 1109/1109
f 1080/1080 1081/1081 1110/1110
f 1080/1080 1110/1110 1111/1111
f 1081/1081 1082/1082 1112/1112
f 1081/1081 1112/1112 1110/1110
f 1082/1082 1083/1083 1113/1113
f 1082/1082 1113/1113 1112/1112
f 1083/1083 1084/1084 1114/1114
f 1083/1083 1114/1114 1113/1113
f 1084/1084 1115/1115 1114/1114
f 1116/1116 1117/1117 1118/1118
f 1115/1115 1119/1119 1120/1120
f 1117/1117 1121/1121 1118/1118
f 1119/1119 1086/1086 1122/1122
f 1119/1119 1122/1122 1120/1120
f 1086/1086 1123/1123 1122/1122
f 1124/1124 1125/1125 1126/1126
f 1125/1125 1127/1127 1128/1128
f 1125/1125 1128/1128 1126/1126
f 1127/1127 1092/1092 1129/1129
f 1127/1127 1129/1129 1128/1128
f 1130/1130 1131/1131 1132/1132
f 1133/1133 1134/1134 1135/1135
f 1092/1092 1093/1093 1129/1129
f 1136/1136 1137/1137 1138/1138
f 896/896 1034/1034 1139/1139
f 1034/1034 851/851 1140/1140
f 851/851 934/934 1141/1141
f 851/851 1141/1141 1140/1140
f 965/965 935/935 1142/1142
f 935/935 898/898 1094/1094
f 979/979 980/980 1143/1143
f 956/956 996/996 1144/1144
f 996/996 899/899 1144/1144
f 1144/1144 899/899 1145/1145
f 899/899 1070/1070 1145/1145
f 925/925 1146/1146 981/981
f 925/925 1071/1071 1146/1146
f 1143/1143 980/980 1147/1147
f 980/980 1074/1074 1147/1147
f 1101/1101 928/928 1075/1075
f 957/957 1102/1102 1037/1037
f 958/958 932/932 1076/1076
f 982/982 1038/1038 1148/1148
f 953/953 1149/1149 952/952
f 953/953 1039/1039 1149/1149
f 960/960 1150/1150 973/973
f 1107/1107 1109/1109 1151/1151
f 1111/1111 1110/1110 1152/1152
f 1112/1112 1113/1113 1153/1153
f 1154/1154 1155/1155 1156/1156
f 1154/1154 1156/1156 1157/1157
f 1113/1113 1114/1114 1158/1158
f 1113/1113 1158/1158 1153/1153
f 1159/1159 1160/1160 1161/1161
f 1159/1159 1161/1161 1162/1162
f 1160/1160 1163/1163 1164/1164
f 1160/1160 1164/1164 1161/1161
f 1116/1116 1118/1118 1165/1165
f 1166/1166 1167/1167 1168/1168
f 1095/1095 919/919 1169/1169
f 919/919 1096/1096 1169/1169
f 1097/1097 981/981 1170/1170
f 924/924 969/969 1171/1171
f 1098/1098 938/938 1099/1099
f 1099/1099 970/970 1073/1073
f 1103/1103 958/958 1172/1172
f 958/958 1076/1076 1172/1172
f 1038/1038 948/948 1173/1173
f 951/951 1174/1174 1175/1175
f 1078/1078 943/943 1176/1176
f 943/943 959/959 1176/1176
f 960/960 997/997 1177/1177
f 960/960 1177/1177 1150/1150
f 1152/1152 1110/1110 1178/1178
f 1110/1110 1112/1112 1179/1179
f 1110/1110 1179/1179 1178/1178
f 1112/1112 1153/1153 1180/1180
f 1112/1112 1180/1180 1179/1179
f 1153/1153 1181/1181 1180/1180
f 1180/1180 1181/1181 1182/1182
f 1162/1162 1161/1161 1183/1183
f 1183/1183 1161/1161 1184/1184
f 1161/1161 1164/1164 1185/1185
f 1161/1161 1185/1185 1184/1184
f 1068/1068 977/977 1186/1186
f 1096/1096 1067/1067 1187/1187
f 1067/1067 1069/1069 1188/1188
f 1067/1067 1188/1188 1187/1187
f 954/954 978/978 1189/1189
f 1189/1189 978/978 1190/1190
f 1071/1071 924/924 1171/1171
f 969/969 1072/1072 1171/1171
f 937/937 946/946 1191/1191
f 1073/1073 939/939 1192/1192
f 971/971 1037/1037 1193/1193
f 1037/1037 1102/1102 1194/1194
f 1172/1172 1076/1076 1195/1195
f 942/942 972/972 1196/1196
f 972/972 1077/1077 1196/1196
f 997/997 1105/1105 1177/1177
f 1152/1152 1178/1178 1197/1197
f 1197/1197 1178/1178 1198/1198
f 1178/1178 1179/1179 1198/1198
f 1157/1157 1156/1156 1199/1199
f 1199/1199 1156/1156 1200/1200
f 1180/1180 1182/1182 1201/1201
f 1183/1183 1184/1184 1202/1202
f 1202/1202 1184/1184 1203/1203
f 1184/1184 1185/1185 1204/1204
f 1184/1184 1204/1204 1203/1203
f 1068/1068 1186/1186 1205/1205
f 1142/1142 935/935 1206/1206
f 935/935 1094/1094 1206/1206
f 1169/1169 1096/1096 1207/1207
f 1096/1096 1187/1187 1207/1207
f 966/966 967/967 1208/1208
f 955/955 1035/1035 1209/1209
f 1072/1072 937/937 1191/1191
f 1147/1147 1074/1074 1210/1210
f 971/971 1193/1193 1036/1036
f 940/940 982/982 1211/1211
f 982/982 1148/1148 1211/1211
f 1148/1148 1038/1038 1173/1173
f 948/948 942/942 1196/1196
f 1176/1176 959/959 1212/1212
f 959/959 1104/1104 1212/1212
f 1104/1104 952/952 1149/1149
f 1106/1106 961/961 1213/1213
f 1180/1180 1201/1201 1214/1214
f 1202/1202 1203/1203 1215/1215
f 1203/1203 1204/1204 1216/1216
f 1208/1208 967/967 1217/1217
f 967/967 995/995 1217/1217
f 946/946 1098/1098 1191/1191
f 1099/1099 1073/1073 1218/1218
f 1073/1073 1192/1192 1218/1218
f 1210/1210 1074/1074 1100/1100
f 1102/1102 1103/1103 1219/1219
f 1039/1039 983/983 1220/1220
f 1198/1198 1179/1179 1221/1221
f 1179/1179 1180/1180 1221/1221
f 1221/1221 1180/1180 1222/1222
f 1180/1180 1214/1214 1222/1222
f 1215/1215 1203/1203 1223/1223
f 1203/1203 1216/1216 1223/1223
f 1139/1139 1034/1034 1224/1224
f 1139/1139 1224/1224 1225/1225
f 1034/1034 1140/1140 1224/1224
f 1186/1186 977/977 1226/1226
f 977/977 963/963 1227/1227
f 977/977 1227/1227 1226/1226
f 963/963 964/964 1227/1227
f 1070/1070 1097/1097 1145/1145
f 1170/1170 1228/1228 1097/1097
f 1072/1072 1191/1191 1171/1171
f 1143/1143 1147/1147 1229/1229
f 1075/1075 929/929 1036/1036
f 1103/1103 1172/1172 1219/1219
f 940/940 1211/1211 1230/1230
f 1231/1231 1232/1232 1233/1233
f 1205/1205 1186/1186 1234/1234
f 1095/1095 1169/1169 1235/1235
f 1169/1169 1207/1207 1235/1235
f 1235/1235 1207/1207 1236/1236
f 1207/1207 1187/1187 1236/1236
f 1170/1170 981/981 1146/1146
f 1071/1071 1171/1171 1237/1237
f 1075/1075 1036/1036 1238/1238
f 1194/1194 1102/1102 1219/1219
f 1041/1041 973/973 1239/1239
f 1233/1233 1232/1232 1240/1240
f 1197/1197 1198/1198 1241/1241
f 1198/1198 1221/1221 1242/1242
f 1221/1221 1222/1222 1242/1242
f 1199/1199 1200/1200 1243/1243
f 1199/1199 1243/1243 1244/1244
f 1222/1222 1214/1214 1245/1245
f 1215/1215 1223/1223 1246/1246
f 1225/1225 1224/1224 1247/1247
f 1094/1094 1095/1095 1248/1248
f 1095/1095 1235/1235 1248/1248
f 1187/1187 1188/1188 1249/1249
f 1189/1189 1190/1190 1250/1250
f 1144/1144 1145/1145 1251/1251
f 1171/1171 1252/1252 1237/1237
f 1099/1099 1218/1218 1253/1253
f 1229/1229 1147/1147 1254/1254
f 1147/1147 1210/1210 1254/1254
f 1101/1101 1075/1075 1238/1238
f 1193/1193 1037/1037 1194/1194
f 1148/1148 1173/1173 1255/1255
f 1173/1173 948/948 1256/1256
f 948/948 1196/1196 1256/1256
f 1040/1040 1041/1041 1257/1257
f 1041/1041 1239/1239 1258/1258
f 1241/1241 1198/1198 1259/1259
f 1198/1198 1242/1242 1259/1259
f 1223/1223 1216/1216 1260/1260
f 1209/1209 1035/1035 1261/1261
f 1209/1209 1261/1261 1262/1262
f 1035/1035 979/979 1261/1261
f 956/956 1144/1144 1263/1263
f 1263/1263 1144/1144 1251/1251
f 1195/1195 1076/1076 1264/1264
f 1076/1076 940/940 1230/1230
f 1211/1211 1148/1148 1255/1255
f 1256/1256 1196/1196 1265/1265
f 1041/1041 1258/1258 1266/1266
f 1227/1227 964/964 1267/1267
f 1267/1267 964/964 1268/1268
f 1250/1250 1190/1190 1269/1269
f 964/964 966/966 1268/1268
f 1170/1170 1146/1146 1270/1270
f 1099/1099 1253/1253 1271/1271
f 1210/1210 1100/1100 1272/1272
f 1100/1100 1101/1101 1272/1272
f 1076/1076 1230/1230 1264/1264
f 1257/1257 1041/1041 1273/1273
f 1041/1041 1266/1266 1273/1273
f 973/973 1150/1150 1239/1239
f 1150/1150 1177/1177 1274/1274
f 1247/1247 1224/1224 1275/1275
f 1224/1224 1140/1140 1275/1275
f 1234/1234 1186/1186 1276/1276
f 1234/1234 1276/1276 1277/1277
f 1186/1186 1226/1226 1276/1276
f 1142/1142 1206/1206 1278/1278
f 1206/1206 1094/1094 1279/1279
f 1206/1206 1279/1279 1278/1278
f 1094/1094 1248/1248 1279/1279
f 1236/1236 1187/1187 1280/1280
f 1280/1280 1187/1187 1281/1281
f 1187/1187 1249/1249 1281/1281
f 1268/1268 966/966 1282/1282
f 966/966 1208/1208 1282/1282
f 979/979 1143/1143 1229/1229
f 1228/1228 1170/1170 1270/1270
f 1171/1171 1191/1191 1252/1252
f 1238/1238 1036/1036 1283/1283
f 1255/1255 1173/1173 1284/1284
f 1105/1105 1106/1106 1285/1285
f 1106/1106 1213/1213 1285/1285
f 1241/1241 1259/1259 1286/1286
f 1242/1242 1222/1222 1287/1287
f 1222/1222 1245/1245 1287/1287
f 1246/1246 1223/1223 1288/1288
f 1223/1223 1260/1260 1288/1288
f 1225/1225 1247/1247 1289/1289
f 1276/1276 1226/1226 1290/1290
f 1226/1226 1227/1227 1290/1290
f 1279/1279 1248/1248 1291/1291
f 1248/1248 1235/1235 1292/1292
f 1235/1235 1236/1236 1292/1292
f 1236/1236 1280/1280 1292/1292
f 1217/1217 995/995 1293/1293
f 1251/1251 1145/1145 1294/1294
f 1145/1145 1097/1097 1294/1294
f 1097/1097 1228/1228 1294/1294
f 1253/1253 1218/1218 1295/1295
f 1218/1218 1192/1192 1295/1295
f 1036/1036 1193/1193 1283/1283
f 1193/1193 1194/1194 1296/1296
f 1296/1296 1194/1194 1297/1297
f 1194/1194 1298/1298 1297/1297
f 1219/1219 1172/1172 1299/1299
f 1172/1172 1195/1195 1299/1299
f 1173/1173 1256/1256 1284/1284
f 1265/1265 1196/1196 1300/1300
f 1196/1196 1077/1077 1300/1300
f 1104/1104 1149/1149 1301/1301
f 1149/1149 1039/1039 1220/1220
f 1177/1177 1105/1105 1302/1302
f 1105/1105 1285/1285 1302/1302
f 1244/1244 1243/1243 1303/1303
f 1303/1303 1243/1243 1304/1304
f 1287/1287 1245/1245 1305/1305
f 1246/1246 1288/1288 1306/1306
f 1291/1291 1248/1248 1307/1307
f 1248/1248 1292/1292 1307/1307
f 1146/1146 1071/1071 1308/1308
f 1071/1071 1237/1237 1308/1308
f 1252/1252 1191/1191 1309/1309
f 1252/1252 1309/1309 1310/1310
f 1098/1098 1099/1099 1311/1311
f 1295/1295 1192/1192 1312/1312
f 1194/1194 1219/1219 1298/1298
f 1298/1298 1219/1219 1313/1313
f 1313/1313 1219/1219 1314/1314
f 1300/1300 1077/1077 1315/1315
f 1078/1078 1176/1176 1316/1316
f 1220/1220 983/983 1317/1317
f 983/983 1040/1040 1317/1317
f 1259/1259 1242/1242 1318/1318
f 1242/1242 1287/1287 1318/1318
f 1292/1292 1280/1280 1319/1319
f 1261/1261 979/979 1320/1320
f 979/979 1229/1229 1320/1320
f 1146/1146 1308/1308 1270/1270
f 1191/1191 1098/1098 1321/1321
f 1098/1098 1311/1311 1321/1321
f 1099/1099 1271/1271 1311/1311
f 1272/1272 1101/1101 1238/1238
f 1283/1283 1193/1193 1322/1322
f 1193/1193 1296/1296 1322/1322
f 1219/1219 1299/1299 1314/1314
f 1150/1150 1274/1274 1239/1239
f 1233/1233 1240/1240 1323/1323
f 1318/1318 1287/1287 1324/1324
f 1287/1287 1305/1305 1324/1324
f 1325/1325 1326/1326 1327/1327
f 1290/1290 1227/1227 1328/1328
f 1227/1227 1267/1267 1328/1328
f 1142/1142 1278/1278 1329/1329
f 1252/1252 1310/1310 1237/1237
f 1309/1309 1191/1191 1321/1321
f 1229/1229 1254/1254 1320/1320
f 1211/1211 1330/1330 1230/1230
f 1211/1211 1255/1255 1330/1330
f 1330/1330 1255/1255 1331/1331
f 1255/1255 1284/1284 1331/1331
f 1284/1284 1256/1256 1332/1332
f 1040/1040 1257/1257 1317/1317
f 1258/1258 1239/1239 1333/1333
f 1286/1286 1259/1259 1334/1334
f 1259/1259 1318/1318 1334/1334
f 1329/1329 1278/1278 1335/1335
f 1278/1278 1279/1279 1335/1335
f 1307/1307 1292/1292 1336/1336
f 1292/1292 1319/1319 1336/1336
f 1280/1280 1281/1281 1337/1337
f 1281/1281 1249/1249 1337/1337
f 1261/1261 1320/1320 1338/1338
f 1339/1339 1251/1251 1340/1340
f 1339/1339 1340/1340 1341/1341
f 1340/1340 1251/1251 1342/1342
f 1251/1251 1294/1294 1342/1342
f 1254/1254 1210/1210 1343/1343
f 1210/1210 1272/1272 1343/1343
f 1256/1256 1265/1265 1332/1332
f 1212/1212 1104/1104 1301/1301
f 1274/1274 1177/1177 1302/1302
f 1324/1324 1305/1305 1344/1344
f 1306/1306 1288/1288 1345/1345
f 1319/1319 1280/1280 1346/1346
f 1280/1280 1337/1337 1346/1346
f 1262/1262 1261/1261 1347/1347
f 1261/1261 1338/1338 1347/1347
f 1228/1228 1270/1270 1294/1294
f 1297/1297 1298/1298 1313/1313
f 1299/1299 1195/1195 1264/1264
f 1264/1264 1230/1230 1348/1348
f 1330/1330 1331/1331 1348/1348
f 1149/1149 1220/1220 1349/1349
f 1266/1266 1258/1258 1350/1350
f 1258/1258 1333/1333 1350/1350
f 1303/1303 1304/1304 1351/1351
f 1303/1303 1351/1351 1352/1352
f 1288/1288 1260/1260 1353/1353
f 1275/1275 1140/1140 1354/1354
f 1140/1140 1141/1141 1354/1354
f 1276/1276 1290/1290 1355/1355
f 1279/1279 1291/1291 1356/1356
f 1357/1357 1341/1341 1340/1340
f 1270/1270 1308/1308 1358/1358
f 1310/1310 1309/1309 1321/1321
f 1311/1311 1271/1271 1295/1295
f 1271/1271 1253/1253 1295/1295
f 1272/1272 1238/1238 1359/1359
f 1238/1238 1283/1283 1360/1360
f 1230/1230 1330/1330 1348/1348
f 1301/1301 1149/1149 1361/1361
f 1220/1220 1317/1317 1349/1349
f 1345/1345 1288/1288 1362/1362
f 1288/1288 1353/1353 1362/1362
f 1337/1337 1249/1249 1363/1363
f 1250/1250 1269/1269 1364/1364
f 1364/1364 1269/1269 1365/1365
f 1366/1366 1367/1367 1368/1368
f 1208/1208 1217/1217 1369/1369
f 1217/1217 1293/1293 1369/1369
f 1262/1262 1347/1347 1370/1370
f 1237/1237 1310/1310 1308/1308
f 1321/1321 1311/1311 1371/1371
f 1296/1296 1372/1372 1322/1322
f 1331/1331 1284/1284 1332/1332
f 1149/1149 1349/1349 1361/1361
f 1317/1317 1257/1257 1373/1373
f 1257/1257 1273/1273 1373/1373
f 1286/1286 1334/1334 1374/1374
f 1334/1334 1318/1318 1375/1375
f 1318/1318 1324/1324 1375/1375
f 1354/1354 1141/1141 1376/1376
f 1355/1355 1290/1290 1377/1377
f 1335/1335 1279/1279 1356/1356
f 1308/1308 1310/1310 1378/1378
f 1338/1338 1320/1320 1379/1379
f 1359/1359 1238/1238 1360/1360
f 1297/1297 1313/1313 1380/1380
f 1264/1264 1348/1348 1381/1381
f 1332/1332 1265/1265 1382/1382
f 1316/1316 1176/1176 1383/1383
f 1176/1176 1212/1212 1383/1383
f 1239/1239 1274/1274 1384/1384
f 1274/1274 1302/1302 1385/1385
f 1233/1233 1323/1323 1386/1386
f 1375/1375 1324/1324 1387/1387
f 1324/1324 1344/1344 1387/1387
f 1357/1357 1340/1340 1388/1388
f 1340/1340 1342/1342 1388/1388
f 1294/1294 1270/1270 1389/1389
f 1310/1310 1321/1321 1378/1378
f 1283/1283 1322/1322 1390/1390
f 1372/1372 1296/1296 1380/1380
f 1296/1296 1297/1297 1380/1380
f 1313/1313 1314/1314 1380/1380
f 1331/1331 1332/1332 1391/1391
f 1273/1273 1266/1266 1350/1350
f 1387/1387 1344/1344 1392/1392
f 1345/1345 1362/1362 1393/1393
f 1356/1356 1291/1291 1394/1394
f 1291/1291 1307/1307 1394/1394
f 1388/1388 1342/1342 1389/1389
f 1342/1342 1294/1294 1389/1389
f 1270/1270 1358/1358 1395/1395
f 1358/1358 1308/1308 1378/1378
f 1295/1295 1312/1312 1396/1396
f 1320/1320 1254/1254 1379/1379
f 1283/1283 1390/1390 1360/1360
f 1322/1322 1372/1372 1390/1390
f 1348/1348 1331/1331 1391/1391
f 1348/1348 1391/1391 1397/1397
f 1333/1333 1239/1239 1384/1384
f 1384/1384 1274/1274 1398/1398
f 1274/1274 1385/1385 1398/1398
f 1285/1285 1213/1213 1399/1399
f 1386/1386 1323/1323 1400/1400
f 1362/1362 1353/1353 1401/1401
f 1372/1372 1380/1380 1402/1402
f 1380/1380 1403/1403 1402/1402
f 1380/1380 1314/1314 1403/1403
f 1314/1314 1299/1299 1404/1404
f 1299/1299 1264/1264 1405/1405
f 1406/1406 1407/1407 1408/1408
f 1382/1382 1265/1265 1300/1300
f 1349/1349 1317/1317 1409/1409
f 1350/1350 1333/1333 1410/1410
f 1333/1333 1384/1384 1410/1410
f 1352/1352 1351/1351 1411/1411
f 1377/1377 1290/1290 1412/1412
f 1290/1290 1328/1328 1412/1412
f 1329/1329 1335/1335 1413/1413
f 1335/1335 1356/1356 1413/1413
f 1369/1369 1293/1293 1414/1414
f 1370/1370 1347/1347 1415/1415
f 1389/1389 1416/1416 1417/1417
f 1389/1389 1270/1270 1418/1418
f 1389/1389 1418/1418 1416/1416
f 1270/1270 1395/1395 1418/1418
f 1395/1395 1358/1358 1419/1419
f 1358/1358 1378/1378 1420/1420
f 1311/1311 1295/1295 1421/1421
f 1421/1421 1295/1295 1396/1396
f 1379/1379 1254/1254 1422/1422
f 1254/1254 1343/1343 1422/1422
f 1314/1314 1404/1404 1403/1403
f 1405/1405 1264/1264 1381/1381
f 1381/1381 1348/1348 1423/1423
f 1423/1423 1348/1348 1397/1397
f 1391/1391 1332/1332 1424/1424
f 1332/1332 1382/1382 1424/1424
f 1300/1300 1315/1315 1425/1425
f 1316/1316 1383/1383 1426/1426
f 1317/1317 1373/1373 1409/1409
f 1385/1385 1302/1302 1427/1427
f 1302/1302 1285/1285 1427/1427
f 1374/1374 1334/1334 1428/1428
f 1334/1334 1375/1375 1428/1428
f 1352/1352 1411/1411 1429/1429
f 1393/1393 1362/1362 1430/1430
f 1362/1362 1401/1401 1430/1430
f 1289/1289 1247/1247 1431/1431
f 1354/1354 1376/1376 1432/1432
f 1412/1412 1328/1328 1433/1433
f 1328/1328 1267/1267 1433/1433
f 1413/1413 1356/1356 1434/1434
f 1337/1337 1363/1363 1435/1435
f 1364/1364 1365/1365 1436/1436
f 1415/1415 1347/1347 1437/1437
f 1347/1347 1338/1338 1437/1437
f 1357/1357 1388/1388 1438/1438
f 1388/1388 1389/1389 1417/1417
f 1358/1358 1420/1420 1419/1419
f 1378/1378 1321/1321 1439/1439
f 1439/1439 1321/1321 1440/1440
f 1321/1321 1371/1371 1440/1440
f 1371/1371 1441/1441 1440/1440
f 1396/1396 1312/1312 1442/1442
f 1343/1343 1272/1272 1443/1443
f 1360/1360 1390/1390 1444/1444
f 1373/1373 1273/1273 1445/1445
f 1329/1329 1413/1413 1446/1446
f 1394/1394 1307/1307 1447/1447
f 1307/1307 1336/1336 1447/1447
f 1336/1336 1319/1319 1447/1447
f 1447/1447 1319/1319 1346/1346
f 1438/1438 1388/1388 1448/1448
f 1371/1371 1311/1311 1441/1441
f 1343/1343 1443/1443 1422/1422
f 1372/1372 1449/1449 1390/1390
f 1397/1397 1391/1391 1450/1450
f 1300/1300 1425/1425 1451/1451
f 1375/1375 1387/1387 1452/1452
f 1429/1429 1411/1411 1453/1453
f 1387/1387 1392/1392 1452/1452
f 1346/1346 1337/1337 1454/1454
f 1337/1337 1435/1435 1454/1454
f 1282/1282 1208/1208 1369/1369
f 1395/1395 1419/1419 1418/1418
f 1441/1441 1311/1311 1421/1421
f 1443/1443 1272/1272 1455/1455
f 1272/1272 1359/1359 1455/1455
f 1456/1456 1299/1299 1405/1405
f 1374/1374 1428/1428 1457/1457
f 1374/1374 1457/1457 1458/1458
f 1428/1428 1375/1375 1457/1457
f 1453/1453 1411/1411 1459/1459
f 1452/1452 1392/1392 1460/1460
f 1393/1393 1430/1430 1461/1461
f 1461/1461 1430/1430 1462/1462
f 1430/1430 1401/1401 1462/1462
f 1462/1462 1401/1401 1463/1463
f 1267/1267 1464/1464 1433/1433
f 1267/1267 1268/1268 1464/1464
f 1434/1434 1356/1356 1394/1394
f 1346/1346 1454/1454 1465/1465
f 1436/1436 1365/1365 1466/1466
f 1268/1268 1282/1282 1464/1464
f 1282/1282 1369/1369 1464/1464
f 1437/1437 1338/1338 1467/1467
f 1338/1338 1379/1379 1467/1467
f 1467/1467 1379/1379 1468/1468
f 1439/1439 1440/1440 1469/1469
f 1470/1470 1471/1471 1472/1472
f 1379/1379 1422/1422 1468/1468
f 1359/1359 1473/1473 1455/1455
f 1359/1359 1360/1360 1473/1473
f 1473/1473 1360/1360 1444/1444
f 1449/1449 1372/1372 1474/1474
f 1299/1299 1456/1456 1404/1404
f 1450/1450 1391/1391 1475/1475
f 1391/1391 1424/1424 1475/1475
f 1382/1382 1300/1300 1451/1451
f 1383/1383 1212/1212 1476/1476
f 1212/1212 1301/1301 1476/1476
f 1409/1409 1373/1373 1445/1445
f 1427/1427 1285/1285 1477/1477
f 1285/1285 1399/1399 1477/1477
f 1386/1386 1400/1400 1478/1478
f 1457/1457 1375/1375 1479/1479
f 1375/1375 1452/1452 1479/1479
f 1480/1480 1481/1481 1482/1482
f 1377/1377 1412/1412 1483/1483
f 1447/1447 1346/1346 1465/1465
f 1417/1417 1416/1416 1484/1484
f 1421/1421 1396/1396 1485/1485
f 1396/1396 1442/1442 1485/1485
f 1474/1474 1372/1372 1402/1402
f 1423/1423 1397/1397 1486/1486
f 1397/1397 1450/1450 1486/1486
f 1424/1424 1382/1382 1487/1487
f 1382/1382 1451/1451 1487/1487
f 1361/1361 1349/1349 1488/1488
f 1349/1349 1409/1409 1488/1488
f 1273/1273 1489/1489 1445/1445
f 1273/1273 1350/1350 1489/1489
f 1350/1350 1410/1410 1489/1489
f 1453/1453 1459/1459 1490/1490
f 1453/1453 1490/1490 1491/1491
f 1452/1452 1460/1460 1492/1492
f 1461/1461 1462/1462 1493/1493
f 1462/1462 1463/1463 1494/1494
f 1247/1247 1275/1275 1431/1431
f 1275/1275 1354/1354 1495/1495
f 1354/1354 1432/1432 1495/1495
f 1464/1464 1369/1369 1496/1496
f 1388/1388 1417/1417 1448/1448
f 1378/1378 1439/1439 1420/1420
f 1444/1444 1390/1390 1449/1449
f 1402/1402 1403/1403 1474/1474
f 1404/1404 1497/1497 1403/1403
f 1404/1404 1456/1456 1497/1497
f 1475/1475 1424/1424 1498/1498
f 1301/1301 1361/1361 1488/1488
f 1409/1409 1445/1445 1499/1499
f 1385/1385 1427/1427 1500/1500
f 1501/1501 1478/1478 1502/1502
f 1458/1458 1457/1457 1503/1503
f 1457/1457 1479/1479 1504/1504
f 1479/1479 1452/1452 1504/1504
f 1504/1504 1452/1452 1505/1505
f 1452/1452 1492/1492 1505/1505
f 1493/1493 1462/1462 1506/1506
f 1462/1462 1494/1494 1506/1506
f 1431/1431 1275/1275 1495/1495
f 1495/1495 1432/1432 1507/1507
f 1394/1394 1447/1447 1508/1508
f 1508/1508 1447/1447 1509/1509
f 1447/1447 1465/1465 1509/1509
f 1454/1454 1435/1435 1510/1510
f 1436/1436 1466/1466 1511/1511
f 1455/1455 1473/1473 1444/1444
f 1405/1405 1381/1381 1512/1512
f 1381/1381 1423/1423 1512/1512
f 1424/1424 1487/1487 1498/1498
f 1487/1487 1451/1451 1513/1513
f 1503/1503 1457/1457 1514/1514
f 1457/1457 1504/1504 1514/1514
f 1505/1505 1492/1492 1515/1515
f 1493/1493 1506/1506 1516/1516
f 1506/1506 1494/1494 1517/1517
f 1433/1433 1464/1464 1518/1518
f 1446/1446 1413/1413 1519/1519
f 1413/1413 1434/1434 1519/1519
f 1434/1434 1394/1394 1508/1508
f 1416/1416 1418/1418 1520/1520
f 1416/1416 1520/1520 1484/1484
f 1520/1520 1418/1418 1521/1521
f 1418/1418 1419/1419 1521/1521
f 1440/1440 1441/1441 1522/1522
f 1443/1443 1455/1455 1523/1523
f 1455/1455 1444/1444 1524/1524
f 1449/1449 1474/1474 1525/1525
f 1476/1476 1301/1301 1526/1526
f 1445/1445 1527/1527 1499/1499
f 1528/1528 1529/1529 1530/1530
f 1531/1531 1532/1532 1533/1533
f 1501/1501 1502/1502 1534/1534
f 1531/1531 1534/1534 1502/1502
f 1531/1531 1502/1502 1532/1532
f 1528/1528 1530/1530 1535/1535
f 1535/1535 1530/1530 1536/1536
f 1503/1503 1514/1514 1537/1537
f 1504/1504 1505/1505 1538/1538
f 1491/1491 1490/1490 1539/1539
f 1491/1491 1539/1539 1540/1540
f 1505/1505 1515/1515 1538/1538
f 1538/1538 1515/1515 1541/1541
f 1542/1542 1516/1516 1543/1543
f 1516/1516 1506/1506 1544/1544
f 1516/1516 1544/1544 1543/1543
f 1543/1543 1544/1544 1545/1545
f 1506/1506 1517/1517 1544/1544
f 1544/1544 1517/1517 1546/1546
f 1544/1544 1546/1546 1547/1547
f 1544/1544 1547/1547 1545/1545
f 1431/1431 1495/1495 1548/1548
f 1464/1464 1496/1496 1518/1518
f 1420/1420 1549/1549 1419/1419
f 1420/1420 1439/1439 1549/1549
f 1469/1469 1440/1440 1522/1522
f 1421/1421 1485/1485 1441/1441
f 1468/1468 1422/1422 1550/1550
f 1422/1422 1443/1443 1523/1523
f 1523/1523 1455/1455 1524/1524
f 1512/1512 1423/1423 1551/1551
f 1552/1552 1408/1408 1553/1553
f 1426/1426 1383/1383 1554/1554
f 1383/1383 1476/1476 1554/1554
f 1409/1409 1499/1499 1555/1555
f 1445/1445 1489/1489 1527/1527
f 1556/1556 1557/1557 1558/1558
f 1556/1556 1559/1559 1560/1560
f 1556/1556 1560/1560 1557/1557
f 1559/1559 1561/1561 1562/1562
f 1559/1559 1562/1562 1560/1560
f 1563/1563 1537/1537 1564/1564
f 1563/1563 1564/1564 1565/1565
f 1537/1537 1514/1514 1566/1566
f 1537/1537 1566/1566 1564/1564
f 1514/1514 1504/1504 1567/1567
f 1514/1514 1567/1567 1566/1566
f 1504/1504 1538/1538 1567/1567
f 1567/1567 1538/1538 1568/1568
f 1540/1540 1539/1539 1569/1569
f 1569/1569 1570/1570 1571/1571
f 1538/1538 1541/1541 1568/1568
f 1568/1568 1541/1541 1572/1572
f 1571/1571 1570/1570 1573/1573
f 1574/1574 1575/1575 1576/1576
f 1577/1577 1578/1578 1579/1579
f 1577/1577 1579/1579 1580/1580
f 1580/1580 1579/1579 1581/1581
f 1581/1581 1579/1579 1582/1582
f 1578/1578 1583/1583 1579/1579
f 1579/1579 1583/1583 1584/1584
f 1579/1579 1584/1584 1582/1582
f 1582/1582 1584/1584 1585/1585
f 1583/1583 1586/1586 1584/1584
f 1584/1584 1586/1586 1576/1576
f 1584/1584 1576/1576 1587/1587
f 1584/1584 1587/1587 1585/1585
f 1576/1576 1575/1575 1588/1588
f 1576/1576 1588/1588 1587/1587
f 1582/1582 1585/1585 1589/1589
f 1589/1589 1585/1585 1590/1590
f 1585/1585 1587/1587 1591/1591
f 1585/1585 1591/1591 1590/1590
f 1548/1548 1495/1495 1592/1592
f 1495/1495 1507/1507 1593/1593
f 1483/1483 1412/1412 1594/1594
f 1412/1412 1433/1433 1595/1595
f 1412/1412 1595/1595 1594/1594
f 1433/1433 1518/1518 1595/1595
f 1434/1434 1508/1508 1596/1596
f 1508/1508 1509/1509 1597/1597
f 1509/1509 1465/1465 1598/1598
f 1465/1465 1454/1454 1598/1598
f 1369/1369 1414/1414 1599/1599
f 1448/1448 1417/1417 1600/1600
f 1417/1417 1484/1484 1600/1600
f 1419/1419 1549/1549 1521/1521
f 1485/1485 1442/1442 1601/1601
f 1444/1444 1602/1602 1524/1524
f 1474/1474 1603/1603 1525/1525
f 1405/1405 1604/1604 1456/1456
f 1405/1405 1512/1512 1604/1604
f 1513/1513 1451/1451 1605/1605
f 1451/1451 1425/1425 1605/1605
f 1605/1605 1425/1425 1606/1606
f 1426/1426 1554/1554 1607/1607
f 1301/1301 1488/1488 1526/1526
f 1488/1488 1409/1409 1555/1555
f 1608/1608 1565/1565 1609/1609
f 1565/1565 1564/1564 1610/1610
f 1565/1565 1610/1610 1609/1609
f 1564/1564 1566/1566 1611/1611
f 1564/1564 1611/1611 1610/1610
f 1566/1566 1567/1567 1611/1611
f 1611/1611 1567/1567 1612/1612
f 1567/1567 1568/1568 1612/1612
f 1612/1612 1568/1568 1613/1613
f 1568/1568 1572/1572 1613/1613
f 1572/1572 1614/1614 1613/1613
f 1613/1613 1614/1614 1615/1615
f 1581/1581 1582/1582 1616/1616
f 1614/1614 1617/1617 1615/1615
f 1582/1582 1589/1589 1616/1616
f 1616/1616 1589/1589 1618/1618
f 1615/1615 1617/1617 1619/1619
f 1619/1619 1617/1617 1620/1620
f 1587/1587 1588/1588 1621/1621
f 1622/1622 1623/1623 1624/1624
f 1622/1622 1624/1624 1625/1625
f 1621/1621 1626/1626 1627/1627
f 1589/1589 1590/1590 1628/1628
f 1589/1589 1628/1628 1618/1618
f 1618/1618 1628/1628 1629/1629
f 1629/1629 1628/1628 1630/1630
f 1590/1590 1591/1591 1628/1628
f 1628/1628 1591/1591 1627/1627
f 1628/1628 1627/1627 1631/1631
f 1628/1628 1631/1631 1630/1630
f 1627/1627 1626/1626 1632/1632
f 1627/1627 1632/1632 1631/1631
f 1630/1630 1631/1631 1633/1633
f 1630/1630 1633/1633 1634/1634
f 1631/1631 1632/1632 1635/1635
f 1631/1631 1635/1635 1633/1633
f 1636/1636 1637/1637 1638/1638
f 1637/1637 1639/1639 1638/1638
f 1638/1638 1639/1639 1640/1640
f 1639/1639 1641/1641 1640/1640
f 1640/1640 1641/1641 1642/1642
f 1446/1446 1519/1519 1643/1643
f 1519/1519 1434/1434 1596/1596
f 1596/1596 1508/1508 1644/1644
f 1508/1508 1597/1597 1644/1644
f 1597/1597 1509/1509 1598/1598
f 1598/1598 1454/1454 1645/1645
f 1454/1454 1510/1510 1645/1645
f 1511/1511 1466/1466 1646/1646
f 1415/1415 1437/1437 1647/1647
f 1438/1438 1448/1448 1648/1648
f 1441/1441 1485/1485 1649/1649
f 1422/1422 1523/1523 1550/1550
f 1474/1474 1403/1403 1603/1603
f 1423/1423 1486/1486 1551/1551
f 1384/1384 1398/1398 1650/1650
f 1398/1398 1385/1385 1651/1651
f 1477/1477 1399/1399 1652/1652
f 1609/1609 1610/1610 1653/1653
f 1609/1609 1653/1653 1654/1654
f 1610/1610 1611/1611 1655/1655
f 1610/1610 1655/1655 1653/1653
f 1611/1611 1612/1612 1655/1655
f 1612/1612 1613/1613 1655/1655
f 1655/1655 1613/1613 1656/1656
f 1613/1613 1615/1615 1657/1657
f 1613/1613 1657/1657 1656/1656
f 1615/1615 1619/1619 1657/1657
f 1657/1657 1619/1619 1658/1658
f 1619/1619 1620/1620 1659/1659
f 1619/1619 1659/1659 1658/1658
f 1620/1620 1660/1660 1659/1659
f 1659/1659 1660/1660 1661/1661
f 1658/1658 1659/1659 1662/1662
f 1662/1662 1659/1659 1661/1661
f 1629/1629 1630/1630 1663/1663
f 1660/1660 1664/1664 1661/1661
f 1630/1630 1634/1634 1663/1663
f 1663/1663 1634/1634 1665/1665
f 1661/1661 1664/1664 1666/1666
f 1666/1666 1664/1664 1667/1667
f 1495/1495 1593/1593 1592/1592
f 1645/1645 1510/1510 1668/1668
f 1511/1511 1646/1646 1669/1669
f 1496/1496 1369/1369 1670/1670
f 1369/1369 1599/1599 1670/1670
f 1647/1647 1437/1437 1671/1671
f 1437/1437 1467/1467 1671/1671
f 1648/1648 1448/1448 1672/1672
f 1448/1448 1600/1600 1672/1672
f 1521/1521 1549/1549 1673/1673
f 1439/1439 1674/1674 1549/1549
f 1439/1439 1469/1469 1674/1674
f 1522/1522 1441/1441 1675/1675
f 1485/1485 1676/1676 1649/1649
f 1523/1523 1524/1524 1677/1677
f 1444/1444 1449/1449 1602/1602
f 1449/1449 1525/1525 1678/1678
f 1525/1525 1603/1603 1678/1678
f 1603/1603 1403/1403 1679/1679
f 1403/1403 1497/1497 1679/1679
f 1489/1489 1410/1410 1650/1650
f 1410/1410 1384/1384 1650/1650
f 1398/1398 1651/1651 1650/1650
f 1385/1385 1500/1500 1651/1651
f 1680/1680 1681/1681 1682/1682
f 1654/1654 1653/1653 1683/1683
f 1653/1653 1655/1655 1684/1684
f 1653/1653 1684/1684 1683/1683
f 1684/1684 1655/1655 1685/1685
f 1655/1655 1656/1656 1685/1685
f 1685/1685 1656/1656 1686/1686
f 1656/1656 1657/1657 1686/1686
f 1657/1657 1658/1658 1687/1687
f 1657/1657 1687/1687 1686/1686
f 1658/1658 1662/1662 1687/1687
f 1687/1687 1662/1662 1688/1688
f 1662/1662 1661/1661 1688/1688
f 1688/1688 1661/1661 1689/1689
f 1661/1661 1666/1666 1689/1689
f 1689/1689 1666/1666 1690/1690
f 1483/1483 1594/1594 1691/1691
f 1597/1597 1692/1692 1693/1693
f 1597/1597 1598/1598 1692/1692
f 1598/1598 1645/1645 1692/1692
f 1518/1518 1496/1496 1694/1694
f 1496/1496 1670/1670 1694/1694
f 1484/1484 1520/1520 1695/1695
f 1675/1675 1441/1441 1649/1649
f 1468/1468 1550/1550 1696/1696
f 1524/1524 1602/1602 1677/1677
f 1449/1449 1697/1697 1602/1602
f 1449/1449 1678/1678 1697/1697
f 1497/1497 1456/1456 1698/1698
f 1456/1456 1604/1604 1698/1698
f 1604/1604 1512/1512 1699/1699
f 1512/1512 1551/1551 1699/1699
f 1551/1551 1486/1486 1700/1700
f 1551/1551 1700/1700 1701/1701
f 1486/1486 1450/1450 1700/1700
f 1498/1498 1487/1487 1702/1702
f 1487/1487 1513/1513 1702/1702
f 1526/1526 1488/1488 1703/1703
f 1488/1488 1555/1555 1703/1703
f 1704/1704 1705/1705 1706/1706
f 1705/1705 1707/1707 1708/1708
f 1705/1705 1708/1708 1706/1706
f 1709/1709 1689/1689 1710/1710
f 1707/1707 1711/1711 1708/1708
f 1689/1689 1690/1690 1710/1710
f 1710/1710 1690/1690 1712/1712
f 1690/1690 1713/1713 1712/1712
f 1712/1712 1713/1713 1714/1714
f 1715/1715 1716/1716 1717/1717
f 1644/1644 1597/1597 1693/1693
f 1669/1669 1646/1646 1718/1718
f 1485/1485 1601/1601 1676/1676
f 1550/1550 1523/1523 1696/1696
f 1697/1697 1678/1678 1719/1719
f 1678/1678 1603/1603 1719/1719
f 1719/1719 1603/1603 1720/1720
f 1721/1721 1526/1526 1703/1703
f 1555/1555 1499/1499 1527/1527
f 1651/1651 1500/1500 1722/1722
f 1500/1500 1427/1427 1722/1722
f 1723/1723 1724/1724 1725/1725
f 1725/1725 1724/1724 1726/1726
f 1727/1727 1714/1714 1728/1728
f 1724/1724 1729/1729 1726/1726
f 1519/1519 1596/1596 1730/1730
f 1596/1596 1644/1644 1730/1730
f 1645/1645 1668/1668 1731/1731
f 1669/1669 1718/1718 1732/1732
f 1647/1647 1671/1671 1733/1733
f 1467/1467 1468/1468 1696/1696
f 1600/1600 1695/1695 1672/1672
f 1600/1600 1484/1484 1695/1695
f 1674/1674 1469/1469 1734/1734
f 1469/1469 1522/1522 1734/1734
f 1522/1522 1675/1675 1734/1734
f 1649/1649 1676/1676 1735/1735
f 1677/1677 1602/1602 1736/1736
f 1720/1720 1603/1603 1679/1679
f 1427/1427 1477/1477 1737/1737
f 1427/1427 1737/1737 1722/1722
f 1477/1477 1652/1652 1737/1737
f 1738/1738 1739/1739 1740/1740
f 1548/1548 1592/1592 1741/1741
f 1741/1741 1592/1592 1742/1742
f 1592/1592 1593/1593 1742/1742
f 1593/1593 1507/1507 1743/1743
f 1644/1644 1693/1693 1744/1744
f 1693/1693 1692/1692 1745/1745
f 1695/1695 1520/1520 1746/1746
f 1520/1520 1521/1521 1747/1747
f 1549/1549 1674/1674 1673/1673
f 1675/1675 1649/1649 1735/1735
f 1696/1696 1523/1523 1748/1748
f 1551/1551 1701/1701 1699/1699
f 1475/1475 1498/1498 1749/1749
f 1703/1703 1555/1555 1750/1750
f 1555/1555 1527/1527 1750/1750
f 1650/1650 1651/1651 1751/1751
f 1752/1752 1753/1753 1754/1754
f 1734/1734 1675/1675 1735/1735
f 1700/1700 1450/1450 1755/1755
f 1450/1450 1475/1475 1755/1755
f 1475/1475 1749/1749 1755/1755
f 1554/1554 1476/1476 1756/1756
f 1476/1476 1526/1526 1756/1756
f 1750/1750 1527/1527 1757/1757
f 1527/1527 1489/1489 1757/1757
f 1489/1489 1650/1650 1757/1757
f 1751/1751 1651/1651 1758/1758
f 1651/1651 1722/1722 1758/1758
f 1431/1431 1548/1548 1759/1759
f 1519/1519 1730/1730 1760/1760
f 1692/1692 1645/1645 1761/1761
f 1645/1645 1731/1731 1761/1761
f 1732/1732 1718/1718 1762/1762
f 1518/1518 1694/1694 1763/1763
f 1694/1694 1670/1670 1763/1763
f 1763/1763 1670/1670 1764/1764
f 1733/1733 1671/1671 1765/1765
f 1671/1671 1467/1467 1765/1765
f 1765/1765 1467/1467 1766/1766
f 1467/1467 1696/1696 1766/1766
f 1648/1648 1672/1672 1767/1767
f 1521/1521 1673/1673 1747/1747
f 1676/1676 1601/1601 1768/1768
f 1768/1768 1601/1601 1769/1769
f 1770/1770 1696/1696 1748/1748
f 1679/1679 1497/1497 1698/1698
f 1513/1513 1605/1605 1771/1771
f 1605/1605 1606/1606 1771/1771
f 1756/1756 1526/1526 1772/1772
f 1526/1526 1721/1721 1772/1772
f 1703/1703 1750/1750 1773/1773
f 1594/1594 1595/1595 1774/1774
f 1595/1595 1518/1518 1774/1774
f 1774/1774 1518/1518 1775/1775
f 1643/1643 1519/1519 1776/1776
f 1760/1760 1730/1730 1777/1777
f 1730/1730 1644/1644 1777/1777
f 1693/1693 1745/1745 1744/1744
f 1692/1692 1761/1761 1745/1745
f 1761/1761 1731/1731 1778/1778
f 1732/1732 1762/1762 1779/1779
f 1766/1766 1696/1696 1770/1770
f 1673/1673 1674/1674 1780/1780
f 1604/1604 1699/1699 1781/1781
f 1701/1701 1700/1700 1755/1755
f 1721/1721 1703/1703 1772/1772
f 1773/1773 1750/1750 1782/1782
f 1691/1691 1594/1594 1783/1783
f 1594/1594 1774/1774 1783/1783
f 1644/1644 1744/1744 1777/1777
f 1518/1518 1784/1784 1775/1775
f 1518/1518 1763/1763 1784/1784
f 1764/1764 1670/1670 1599/1599
f 1767/1767 1672/1672 1785/1785
f 1672/1672 1695/1695 1785/1785
f 1673/1673 1780/1780 1786/1786
f 1674/1674 1734/1734 1787/1787
f 1770/1770 1748/1748 1788/1788
f 1523/1523 1677/1677 1736/1736
f 1523/1523 1736/1736 1748/1748
f 1607/1607 1554/1554 1789/1789
f 1554/1554 1756/1756 1789/1789
f 1782/1782 1750/1750 1790/1790
f 1750/1750 1757/1757 1790/1790
f 1650/1650 1751/1751 1791/1791
f 1722/1722 1737/1737 1792/1792
f 1792/1792 1737/1737 1793/1793
f 1737/1737 1652/1652 1794/1794
f 1737/1737 1794/1794 1793/1793
f 1744/1744 1745/1745 1795/1795
f 1745/1745 1761/1761 1795/1795
f 1733/1733 1765/1765 1796/1796
f 1746/1746 1520/1520 1747/1747
f 1674/1674 1787/1787 1780/1780
f 1787/1787 1734/1734 1797/1797
f 1734/1734 1735/1735 1797/1797
f 1797/1797 1735/1735 1798/1798
f 1736/1736 1602/1602 1799/1799
f 1602/1602 1697/1697 1799/1799
f 1697/1697 1800/1800 1799/1799
f 1697/1697 1719/1719 1800/1800
f 1719/1719 1720/1720 1801/1801
f 1720/1720 1679/1679 1801/1801
f 1679/1679 1802/1802 1801/1801
f 1679/1679 1698/1698 1802/1802
f 1802/1802 1698/1698 1803/1803
f 1698/1698 1604/1604 1803/1803
f 1604/1604 1781/1781 1803/1803
f 1699/1699 1701/1701 1804/1804
f 1701/1701 1755/1755 1804/1804
f 1749/1749 1498/1498 1805/1805
f 1498/1498 1702/1702 1805/1805
f 1702/1702 1513/1513 1806/1806
f 1513/1513 1771/1771 1806/1806
f 1757/1757 1650/1650 1791/1791
f 1759/1759 1548/1548 1741/1741
f 1593/1593 1743/1743 1742/1742
f 1776/1776 1519/1519 1807/1807
f 1519/1519 1760/1760 1807/1807
f 1648/1648 1767/1767 1808/1808
f 1785/1785 1695/1695 1809/1809
f 1747/1747 1673/1673 1786/1786
f 1735/1735 1676/1676 1798/1798
f 1676/1676 1768/1768 1810/1810
f 1800/1800 1719/1719 1811/1811
f 1719/1719 1801/1801 1811/1811
f 1755/1755 1749/1749 1812/1812
f 1751/1751 1758/1758 1813/1813
f 1758/1758 1722/1722 1814/1814
f 1722/1722 1792/1792 1814/1814
f 1691/1691 1783/1783 1815/1815
f 1795/1795 1761/1761 1816/1816
f 1761/1761 1778/1778 1816/1816
f 1764/1764 1599/1599 1817/1817
f 1695/1695 1746/1746 1809/1809
f 1787/1787 1797/1797 1818/1818
f 1798/1798 1676/1676 1810/1810
f 1770/1770 1788/1788 1819/1819
f 1788/1788 1748/1748 1820/1820
f 1811/1811 1801/1801 1821/1821
f 1821/1821 1801/1801 1802/1802
f 1749/1749 1805/1805 1812/1812
f 1789/1789 1756/1756 1822/1822
f 1756/1756 1772/1772 1822/1822
f 1772/1772 1703/1703 1823/1823
f 1703/1703 1773/1773 1823/1823
f 1791/1791 1751/1751 1813/1813
f 1744/1744 1795/1795 1824/1824
f 1779/1779 1762/1762 1825/1825
f 1766/1766 1770/1770 1819/1819
f 1808/1808 1767/1767 1826/1826
f 1767/1767 1785/1785 1826/1826
f 1748/1748 1736/1736 1827/1827
f 1805/1805 1702/1702 1828/1828
f 1813/1813 1758/1758 1814/1814
f 1760/1760 1777/1777 1829/1829
f 1777/1777 1744/1744 1829/1829
f 1744/1744 1824/1824 1829/1829
f 1824/1824 1795/1795 1830/1830
f 1795/1795 1816/1816 1830/1830
f 1768/1768 1769/1769 1831/1831
f 1827/1827 1736/1736 1832/1832
f 1736/1736 1799/1799 1832/1832
f 1811/1811 1821/1821 1833/1833
f 1781/1781 1699/1699 1834/1834
f 1699/1699 1804/1804 1834/1834
f 1804/1804 1755/1755 1835/1835
f 1790/1790 1757/1757 1836/1836
f 1757/1757 1791/1791 1836/1836
f 1759/1759 1741/1741 1837/1837
f 1776/1776 1807/1807 1838/1838
f 1830/1830 1816/1816 1839/1839
f 1816/1816 1778/1778 1840/1840
f 1816/1816 1840/1840 1839/1839
f 1779/1779 1825/1825 1841/1841
f 1747/1747 1842/1842 1843/1843
f 1747/1747 1786/1786 1842/1842
f 1780/1780 1787/1787 1818/1818
f 1818/1818 1797/1797 1844/1844
f 1797/1797 1798/1798 1844/1844
f 1810/1810 1768/1768 1831/1831
f 1748/1748 1827/1827 1820/1820
f 1799/1799 1800/1800 1845/1845
f 1845/1845 1800/1800 1846/1846
f 1800/1800 1811/1811 1846/1846
f 1811/1811 1833/1833 1846/1846
f 1821/1821 1802/1802 1847/1847
f 1847/1847 1802/1802 1848/1848
f 1848/1848 1802/1802 1849/1849
f 1802/1802 1803/1803 1849/1849
f 1803/1803 1781/1781 1849/1849
f 1755/1755 1812/1812 1835/1835
f 1828/1828 1702/1702 1850/1850
f 1702/1702 1806/1806 1850/1850
f 1771/1771 1606/1606 1851/1851
f 1607/1607 1789/1789 1852/1852
f 1823/1823 1773/1773 1853/1853
f 1791/1791 1813/1813 1854/1854
f 1813/1813 1855/1855 1854/1854
f 1813/1813 1814/1814 1855/1855
f 1814/1814 1792/1792 1856/1856
f 1792/1792 1793/1793 1857/1857
f 1792/1792 1857/1857 1856/1856
f 1793/1793 1794/1794 1857/1857
f 1815/1815 1783/1783 1858/1858
f 1841/1841 1825/1825 1859/1859
f 1860/1860 1861/1861 1862/1862
f 1764/1764 1817/1817 1863/1863
f 1796/1796 1765/1765 1864/1864
f 1765/1765 1766/1766 1865/1865
f 1766/1766 1819/1819 1865/1865
f 1746/1746 1747/1747 1843/1843
f 1780/1780 1818/1818 1786/1786
f 1798/1798 1810/1810 1866/1866
f 1819/1819 1788/1788 1867/1867
f 1799/1799 1845/1845 1868/1868
f 1772/1772 1823/1823 1869/1869
f 1773/1773 1782/1782 1853/1853
f 1782/1782 1790/1790 1870/1870
f 1760/1760 1829/1829 1871/1871
f 1763/1763 1764/1764 1872/1872
f 1764/1764 1863/1863 1872/1872
f 1826/1826 1785/1785 1873/1873
f 1785/1785 1809/1809 1873/1873
f 1818/1818 1844/1844 1874/1874
f 1844/1844 1798/1798 1866/1866
f 1831/1831 1769/1769 1875/1875
f 1788/1788 1820/1820 1867/1867
f 1799/1799 1868/1868 1832/1832
f 1781/1781 1834/1834 1849/1849
f 1812/1812 1805/1805 1876/1876
f 1805/1805 1828/1828 1876/1876
f 1870/1870 1790/1790 1836/1836
f 1836/1836 1791/1791 1877/1877
f 1791/1791 1854/1854 1877/1877
f 1741/1741 1742/1742 1878/1878
f 1742/1742 1743/1743 1878/1878
f 1829/1829 1824/1824 1879/1879
f 1824/1824 1880/1880 1879/1879
f 1824/1824 1830/1830 1880/1880
f 1830/1830 1839/1839 1880/1880
f 1864/1864 1765/1765 1881/1881
f 1765/1765 1865/1865 1881/1881
f 1809/1809 1746/1746 1882/1882
f 1746/1746 1843/1843 1882/1882
f 1786/1786 1818/1818 1883/1883
f 1827/1827 1832/1832 1820/1820
f 1804/1804 1835/1835 1884/1884
f 1812/1812 1876/1876 1835/1835
f 1806/1806 1771/1771 1851/1851
f 1869/1869 1823/1823 1853/1853
f 1853/1853 1782/1782 1870/1870
f 1837/1837 1741/1741 1878/1878
f 1878/1878 1743/1743 1885/1885
f 1858/1858 1783/1783 1886/1886
f 1783/1783 1774/1774 1887/1887
f 1783/1783 1887/1887 1886/1886
f 1774/1774 1775/1775 1887/1887
f 1880/1880 1839/1839 1888/1888
f 1839/1839 1840/1840 1888/1888
f 1832/1832 1868/1868 1889/1889
f 1847/1847 1848/1848 1890/1890
f 1848/1848 1849/1849 1891/1891
f 1834/1834 1804/1804 1884/1884
f 1828/1828 1850/1850 1892/1892
f 1850/1850 1806/1806 1892/1892
f 1822/1822 1772/1772 1893/1893
f 1893/1893 1772/1772 1869/1869
f 1855/1855 1814/1814 1894/1894
f 1814/1814 1856/1856 1894/1894
f 1858/1858 1886/1886 1895/1895
f 1829/1829 1879/1879 1871/1871
f 1888/1888 1840/1840 1896/1896
f 1841/1841 1859/1859 1897/1897
f 1864/1864 1881/1881 1898/1898
f 1808/1808 1826/1826 1899/1899
f 1843/1843 1842/1842 1900/1900
f 1842/1842 1786/1786 1883/1883
f 1883/1883 1818/1818 1874/1874
f 1810/1810 1831/1831 1901/1901
f 1867/1867 1820/1820 1902/1902
f 1833/1833 1821/1821 1903/1903
f 1821/1821 1847/1847 1903/1903
f 1892/1892 1806/1806 1851/1851
f 1878/1878 1885/1885 1904/1904
f 1838/1838 1807/1807 1905/1905
f 1807/1807 1760/1760 1905/1905
f 1897/1897 1859/1859 1906/1906
f 1873/1873 1809/1809 1907/1907
f 1809/1809 1882/1882 1907/1907
f 1882/1882 1843/1843 1908/1908
f 1843/1843 1900/1900 1908/1908
f 1909/1909 1910/1910 1911/1911
f 1901/1901 1831/1831 1912/1912
f 1831/1831 1875/1875 1912/1912
f 1848/1848 1891/1891 1913/1913
f 1849/1849 1834/1834 1914/1914
f 1789/1789 1822/1822 1915/1915
f 1822/1822 1893/1893 1915/1915
f 1870/1870 1836/1836 1916/1916
f 1916/1916 1836/1836 1877/1877
f 1857/1857 1794/1794 1917/1917
f 1759/1759 1837/1837 1918/1918
f 1918/1918 1837/1837 1878/1878
f 1905/1905 1760/1760 1919/1919
f 1760/1760 1871/1871 1919/1919
f 1879/1879 1880/1880 1920/1920
f 1880/1880 1888/1888 1920/1920
f 1874/1874 1844/1844 1921/1921
f 1844/1844 1866/1866 1921/1921
f 1866/1866 1901/1901 1921/1921
f 1866/1866 1810/1810 1901/1901
f 1819/1819 1867/1867 1922/1922
f 1867/1867 1902/1902 1922/1922
f 1902/1902 1820/1820 1923/1923
f 1820/1820 1832/1832 1923/1923
f 1832/1832 1889/1889 1924/1924
f 1846/1846 1925/1925 1845/1845
f 1846/1846 1833/1833 1925/1925
f 1847/1847 1890/1890 1903/1903
f 1890/1890 1848/1848 1913/1913
f 1834/1834 1884/1884 1914/1914
f 1884/1884 1835/1835 1926/1926
f 1835/1835 1876/1876 1926/1926
f 1828/1828 1892/1892 1876/1876
f 1852/1852 1789/1789 1927/1927
f 1789/1789 1915/1915 1927/1927
f 1915/1915 1893/1893 1869/1869
f 1869/1869 1853/1853 1928/1928
f 1853/1853 1870/1870 1928/1928
f 1895/1895 1886/1886 1929/1929
f 1886/1886 1887/1887 1929/1929
f 1887/1887 1775/1775 1930/1930
f 1881/1881 1865/1865 1931/1931
f 1865/1865 1819/1819 1931/1931
f 1900/1900 1842/1842 1932/1932
f 1842/1842 1883/1883 1932/1932
f 1832/1832 1924/1924 1923/1923
f 1833/1833 1903/1903 1925/1925
f 1891/1891 1849/1849 1933/1933
f 1876/1876 1892/1892 1934/1934
f 1870/1870 1916/1916 1928/1928
f 1916/1916 1877/1877 1935/1935
f 1935/1935 1877/1877 1936/1936
f 1877/1877 1854/1854 1936/1936
f 1855/1855 1937/1937 1854/1854
f 1937/1937 1855/1855 1894/1894
f 1894/1894 1856/1856 1938/1938
f 1895/1895 1929/1929 1939/1939
f 1929/1929 1887/1887 1940/1940
f 1838/1838 1905/1905 1941/1941
f 1920/1920 1888/1888 1942/1942
f 1888/1888 1896/1896 1943/1943
f 1888/1888 1943/1943 1942/1942
f 1897/1897 1906/1906 1944/1944
f 1887/1887 1930/1930 1940/1940
f 1775/1775 1784/1784 1945/1945
f 1775/1775 1945/1945 1930/1930
f 1907/1907 1882/1882 1946/1946
f 1882/1882 1908/1908 1946/1946
f 1908/1908 1900/1900 1947/1947
f 1908/1908 1947/1947 1948/1948
f 1883/1883 1874/1874 1949/1949
f 1874/1874 1921/1921 1950/1950
f 1921/1921 1901/1901 1951/1951
f 1921/1921 1951/1951 1950/1950
f 1951/1951 1901/1901 1952/1952
f 1901/1901 1912/1912 1952/1952
f 1911/1911 1910/1910 1953/1953
f 1902/1902 1923/1923 1922/1922
f 1889/1889 1868/1868 1924/1924
f 1924/1924 1868/1868 1954/1954
f 1868/1868 1845/1845 1954/1954
f 1954/1954 1845/1845 1955/1955
f 1845/1845 1925/1925 1955/1955
f 1925/1925 1903/1903 1956/1956
f 1956/1956 1903/1903 1913/1913
f 1903/1903 1890/1890 1913/1913
f 1891/1891 1933/1933 1913/1913
f 1849/1849 1914/1914 1933/1933
f 1914/1914 1884/1884 1957/1957
f 1884/1884 1926/1926 1957/1957
f 1958/1958 1851/1851 1959/1959
f 1852/1852 1927/1927 1960/1960
f 1856/1856 1857/1857 1961/1961
f 1856/1856 1961/1961 1938/1938
f 1857/1857 1917/1917 1961/1961
f 1944/1944 1906/1906 1962/1962
f 1945/1945 1784/1784 1872/1872
f 1784/1784 1763/1763 1872/1872
f 1872/1872 1863/1863 1963/1963
f 1898/1898 1881/1881 1964/1964
f 1899/1899 1826/1826 1965/1965
f 1826/1826 1873/1873 1965/1965
f 1907/1907 1946/1946 1966/1966
f 1946/1946 1908/1908 1948/1948
f 1912/1912 1875/1875 1967/1967
f 1967/1967 1875/1875 1968/1968
f 1922/1922 1923/1923 1969/1969
f 1923/1923 1970/1970 1969/1969
f 1923/1923 1924/1924 1970/1970
f 1913/1913 1933/1933 1971/1971
f 1914/1914 1957/1957 1933/1933
f 1934/1934 1892/1892 1958/1958
f 1892/1892 1851/1851 1958/1958
f 1915/1915 1869/1869 1972/1972
f 1869/1869 1928/1928 1973/1973
f 1916/1916 1935/1935 1974/1974
f 1878/1878 1904/1904 1975/1975
f 1871/1871 1879/1879 1976/1976
f 1879/1879 1920/1920 1976/1976
f 1964/1964 1881/1881 1977/1977
f 1881/1881 1931/1931 1977/1977
f 1873/1873 1907/1907 1966/1966
f 1900/1900 1932/1932 1947/1947
f 1932/1932 1883/1883 1978/1978
f 1978/1978 1883/1883 1979/1979
f 1883/1883 1949/1949 1979/1979
f 1949/1949 1874/1874 1950/1950
f 1952/1952 1912/1912 1967/1967
f 1924/1924 1954/1954 1980/1980
f 1980/1980 1954/1954 1981/1981
f 1955/1955 1925/1925 1982/1982
f 1925/1925 1956/1956 1982/1982
f 1956/1956 1983/1983 1982/1982
f 1956/1956 1913/1913 1983/1983
f 1983/1983 1913/1913 1971/1971
f 1971/1971 1933/1933 1984/1984
f 1933/1933 1957/1957 1985/1985
f 1957/1957 1926/1926 1986/1986
f 1957/1957 1986/1986 1985/1985
f 1926/1926 1876/1876 1986/1986
f 1876/1876 1934/1934 1986/1986
f 1869/1869 1973/1973 1972/1972
f 1928/1928 1916/1916 1987/1987
f 1854/1854 1937/1937 1936/1936
f 1918/1918 1878/1878 1975/1975
f 1920/1920 1942/1942 1988/1988
f 1942/1942 1943/1943 1989/1989
f 1944/1944 1962/1962 1990/1990
f 1990/1990 1962/1962 1991/1991
f 1872/1872 1963/1963 1992/1992
f 1899/1899 1965/1965 1993/1993
f 1965/1965 1873/1873 1994/1994
f 1965/1965 1994/1994 1993/1993
f 1873/1873 1966/1966 1994/1994
f 1979/1979 1949/1949 1995/1995
f 1949/1949 1950/1950 1995/1995
f 1951/1951 1952/1952 1996/1996
f 1952/1952 1997/1997 1996/1996
f 1819/1819 1922/1922 1931/1931
f 1952/1952 1967/1967 1997/1997
f 1997/1997 1967/1967 1998/1998
f 1967/1967 1968/1968 1998/1998
f 1924/1924 1980/1980 1970/1970
f 1954/1954 1955/1955 1981/1981
f 1933/1933 1985/1985 1984/1984
f 1958/1958 1999/1999 1934/1934
f 1958/1958 1959/1959 1999/1999
f 1960/1960 1927/1927 2000/2000
f 1927/1927 1915/1915 2000/2000
f 1973/1973 1928/1928 1987/1987
f 1916/1916 1974/1974 1987/1987
f 1936/1936 1937/1937 1894/1894
f 1939/1939 1929/1929 2001/2001
f 1939/1939 2001/2001 2002/2002
f 1929/1929 1940/1940 2001/2001
f 1942/1942 1989/1989 2003/2003
f 1989/1989 2004/2004 2005/2005
f 1989/1989 2005/2005 2003/2003
f 2006/2006 2007/2007 2008/2008
f 2009/2009 2010/2010 2011/2011
f 1940/1940 1930/1930 1945/1945
f 1940/1940 1945/1945 2001/2001
f 1945/1945 1872/1872 2012/2012
f 1899/1899 1993/1993 2013/2013
f 1947/1947 2014/2014 1948/1948
f 1947/1947 2015/2015 2014/2014
f 1947/1947 1932/1932 2015/2015
f 2015/2015 1932/1932 1978/1978
f 1995/1995 1950/1950 2016/2016
f 1950/1950 1951/1951 2016/2016
f 1951/1951 1996/1996 2016/2016
f 1996/1996 1997/1997 2017/2017
f 1997/1997 1998/1998 2017/2017
f 2017/2017 1998/1998 2018/2018
f 2018/2018 1998/1998 2019/2019
f 2000/2000 1915/1915 2020/2020
f 1915/1915 1972/1972 2020/2020
f 1973/1973 1987/1987 1972/1972
f 1936/1936 1894/1894 2021/2021
f 1894/1894 1938/1938 2021/2021
f 2021/2021 1938/1938 2022/2022
f 1938/1938 1961/1961 2022/2022
f 1919/1919 1871/1871 2023/2023
f 1871/1871 1976/1976 2023/2023
f 1920/1920 1988/1988 1976/1976
f 1942/1942 2003/2003 1988/1988
f 1988/1988 2003/2003 2024/2024
f 2003/2003 2005/2005 2024/2024
f 2024/2024 2005/2005 2025/2025
f 2008/2008 2007/2007 2026/2026
f 2026/2026 2007/2007 2027/2027
f 2011/2011 2010/2010 2028/2028
f 1872/1872 1992/1992 2029/2029
f 1964/1964 1977/1977 2030/2030
f 1977/1977 1931/1931 2031/2031
f 1966/1966 1946/1946 2032/2032
f 1966/1966 2032/2032 2033/2033
f 2033/2033 2032/2032 2034/2034
f 2034/2034 2032/2032 2035/2035
f 1946/1946 1948/1948 2014/2014
f 1946/1946 2014/2014 2032/2032
f 2032/2032 2014/2014 2035/2035
f 2014/2014 2036/2036 2035/2035
f 2014/2014 2015/2015 2036/2036
f 2015/2015 1978/1978 2037/2037
f 2015/2015 2037/2037 2036/2036
f 2038/2038 2039/2039 2040/2040
f 1979/1979 2041/2041 1978/1978
f 1978/1978 2041/2041 2042/2042
f 2042/2042 2041/2041 2043/2043
f 1979/1979 1995/1995 2041/2041
f 2041/2041 1995/1995 2044/2044
f 2041/2041 2044/2044 2043/2043
f 1995/1995 2016/2016 2044/2044
f 2043/2043 2044/2044 2045/2045
f 2016/2016 2046/2046 2044/2044
f 2044/2044 2046/2046 2045/2045
f 2047/2047 2048/2048 2049/2049
f 2046/2046 2016/2016 2050/2050
f 2048/2048 2051/2051 2049/2049
f 2049/2049 2051/2051 2052/2052
f 2052/2052 2051/2051 2053/2053
f 2016/2016 1996/1996 2050/2050
f 1996/1996 2054/2054 2050/2050
f 2051/2051 2055/2055 2053/2053
f 1996/1996 2017/2017 2054/2054
f 2055/2055 2056/2056 2053/2053
f 2017/2017 2057/2057 2054/2054
f 2057/2057 2018/2018 2058/2058
f 2055/2055 2059/2059 2056/2056
f 2056/2056 2059/2059 2060/2060
f 2052/2052 2053/2053 2061/2061
f 2053/2053 2056/2056 2062/2062
f 2053/2053 2062/2062 2061/2061
f 2056/2056 2060/2060 2063/2063
f 2056/2056 2063/2063 2062/2062
f 2018/2018 2019/2019 2064/2064
f 2018/2018 2064/2064 2058/2058
f 2060/2060 2065/2065 2063/2063
f 2063/2063 2065/2065 2066/2066
f 2067/2067 2068/2068 2069/2069
f 2068/2068 2070/2070 2069/2069
f 2070/2070 2071/2071 2072/2072
f 2071/2071 2073/2073 2072/2072
f 2074/2074 2075/2075 2073/2073
f 2074/2074 2052/2052 2075/2075
f 2052/2052 2061/2061 2075/2075
f 2075/2075 2061/2061 2076/2076
f 2061/2061 2062/2062 2076/2076
f 2076/2076 2062/2062 2077/2077
f 2062/2062 2063/2063 2078/2078
f 2062/2062 2078/2078 2077/2077
f 2063/2063 2066/2066 2078/2078
f 1931/1931 1922/1922 2079/2079
f 1931/1931 2079/2079 2031/2031
f 2067/2067 2069/2069 2080/2080
f 2070/2070 2072/2072 2069/2069
f 2072/2072 2073/2073 2081/2081
f 2073/2073 2082/2082 2081/2081
f 2073/2073 2075/2075 2082/2082
f 2077/2077 2078/2078 2083/2083
f 2078/2078 2066/2066 2084/2084
f 2078/2078 2084/2084 2083/2083
f 2080/2080 2069/2069 2085/2085
f 2069/2069 2072/2072 2085/2085
f 2085/2085 2072/2072 2081/2081
f 2082/2082 2075/2075 2086/2086
f 2075/2075 2076/2076 2086/2086
f 2076/2076 2077/2077 2087/2087
f 2077/2077 2083/2083 2087/2087
f 2080/2080 2085/2085 2088/2088
f 2081/2081 2082/2082 2089/2089
f 2081/2081 2089/2089 2085/2085
f 2082/2082 2086/2086 2089/2089
f 2086/2086 2076/2076 2090/2090
f 2076/2076 2087/2087 2090/2090
f 1922/1922 1969/1969 2079/2079
f 2088/2088 2085/2085 2091/2091
f 2091/2091 2085/2085 2092/2092
f 2085/2085 2093/2093 2092/2092
f 2085/2085 2094/2094 2093/2093
f 2085/2085 2089/2089 2094/2094
f 2094/2094 2089/2089 2086/2086
f 2094/2094 2086/2086 2095/2095
f 2086/2086 2090/2090 2096/2096
f 2090/2090 2087/2087 2097/2097
f 2087/2087 2083/2083 2097/2097
f 2083/2083 2084/2084 2098/2098
f 2099/2099 2100/2100 2101/2101
f 2096/2096 2090/2090 2102/2102
f 2090/2090 2097/2097 2102/2102
f 2097/2097 2083/2083 2103/2103
f 2083/2083 2098/2098 2103/2103
f 2101/2101 2100/2100 2104/2104
f 2091/2091 2092/2092 2105/2105
f 2094/2094 2095/2095 2093/2093
f 2095/2095 2086/2086 2096/2096
f 2096/2096 2102/2102 2106/2106
f 2095/2095 2096/2096 2107/2107
f 2079/2079 1969/1969 2108/2108
f 2088/2088 2091/2091 2109/2109
f 2105/2105 2092/2092 2110/2110
f 2092/2092 2093/2093 2110/2110
f 2093/2093 2095/2095 2111/2111
f 2111/2111 2095/2095 2107/2107
f 2107/2107 2096/2096 2112/2112
f 2096/2096 2106/2106 2113/2113
f 2103/2103 2098/2098 2114/2114
f 2101/2101 2104/2104 2115/2115
f 1969/1969 1970/1970 2108/2108
f 2091/2091 2105/2105 2109/2109
f 2110/2110 2093/2093 2111/2111
f 2112/2112 2096/2096 2113/2113
f 2097/2097 2103/2103 2116/2116
f 2103/2103 2114/2114 2116/2116
f 2109/2109 2105/2105 2117/2117
f 2105/2105 2110/2110 2117/2117
f 2107/2107 2112/2112 2118/2118
f 2110/2110 2111/2111 2119/2119
f 2111/2111 2107/2107 2120/2120
f 2107/2107 2118/2118 2120/2120
f 2106/2106 2102/2102 2121/2121
f 2102/2102 2097/2097 2121/2121
f 2115/2115 2104/2104 2122/2122
f 2112/2112 2113/2113 2123/2123
f 2123/2123 2113/2113 2124/2124
f 2113/2113 2106/2106 2124/2124
f 2106/2106 2121/2121 2124/2124
f 2109/2109 2117/2117 2125/2125
f 2112/2112 2123/2123 2118/2118
f 2125/2125 2117/2117 2126/2126
f 2119/2119 2111/2111 2127/2127
f 2127/2127 2111/2111 2128/2128
f 2111/2111 2120/2120 2128/2128
f 2121/2121 2097/2097 2129/2129
f 2097/2097 2116/2116 2129/2129
f 2117/2117 2110/2110 2119/2119
f 2117/2117 2119/2119 2126/2126
f 2108/2108 1970/1970 2130/2130
f 2120/2120 2118/2118 2131/2131
f 2118/2118 2123/2123 2131/2131
f 2116/2116 2114/2114 2132/2132
f 2115/2115 2122/2122 2133/2133
f 2120/2120 2131/2131 2134/2134
f 1970/1970 1980/1980 2130/2130
f 2125/2125 2126/2126 2135/2135
f 2119/2119 2127/2127 2136/2136
f 2128/2128 2120/2120 2134/2134
f 2131/2131 2123/2123 2124/2124
f 2133/2133 2122/2122 2137/2137
f 2126/2126 2119/2119 2138/2138
f 2127/2127 2128/2128 2139/2139
f 2124/2124 2121/2121 2140/2140
f 2138/2138 2119/2119 2136/2136
f 2121/2121 2141/2141 2140/2140
f 2121/2121 2129/2129 2141/2141
f 2129/2129 2116/2116 2142/2142
f 2116/2116 2132/2132 2142/2142
f 2133/2133 2137/2137 2143/2143
f 2139/2139 2128/2128 2144/2144
f 1980/1980 1981/1981 2130/2130
f 2126/2126 2138/2138 2135/2135
f 2129/2129 2142/2142 2141/2141
f 2136/2136 2127/2127 2139/2139
f 2128/2128 2134/2134 2144/2144
f 2135/2135 2138/2138 2145/2145
f 2138/2138 2136/2136 2146/2146
f 2144/2144 2134/2134 2147/2147
f 2142/2142 2132/2132 2148/2148
f 2133/2133 2143/2143 2149/2149
f 2145/2145 2138/2138 2146/2146
f 2136/2136 2139/2139 2150/2150
f 2134/2134 2131/2131 2147/2147
f 2131/2131 2124/2124 2140/2140
f 2146/2146 2136/2136 2150/2150
f 2144/2144 2147/2147 2151/2151
f 2147/2147 2131/2131 2152/2152
f 2140/2140 2141/2141 2153/2153
f 2150/2150 2139/2139 2154/2154
f 2131/2131 2140/2140 2152/2152
f 2154/2154 2139/2139 2144/2144
f 2147/2147 2152/2152 2155/2155
f 2141/2141 2142/2142 2156/2156
f 2142/2142 2148/2148 2156/2156
f 1981/1981 2157/2157 2130/2130
f 2149/2149 2143/2143 2158/2158
f 2154/2154 2144/2144 2159/2159
f 2144/2144 2151/2151 2159/2159
f 2147/2147 2155/2155 2151/2151
f 2153/2153 2141/2141 2160/2160
f 2141/2141 2156/2156 2160/2160
f 2156/2156 2148/2148 2161/2161
f 2149/2149 2158/2158 2162/2162
f 2146/2146 2150/2150 2163/2163
f 2150/2150 2154/2154 2163/2163
f 2140/2140 2153/2153 2164/2164
f 2145/2145 2146/2146 2165/2165
f 2163/2163 2154/2154 2159/2159
f 2159/2159 2151/2151 2166/2166
f 2140/2140 2164/2164 2152/2152
f 1981/1981 1955/1955 2167/2167
f 1981/1981 2167/2167 2157/2157
f 2163/2163 2159/2159 2168/2168
f 2153/2153 2169/2169 2164/2164
f 2153/2153 2160/2160 2169/2169
f 2151/2151 2155/2155 2166/2166
f 2155/2155 2152/2152 2170/2170
f 2170/2170 2152/2152 2171/2171
f 2152/2152 2164/2164 2171/2171
f 2156/2156 2161/2161 2172/2172
f 2162/2162 2158/2158 2173/2173
f 1955/1955 1982/1982 2167/2167
f 2165/2165 2146/2146 2174/2174
f 2168/2168 2159/2159 2175/2175
f 2159/2159 2166/2166 2175/2175
f 2175/2175 2166/2166 2176/2176
f 2166/2166 2155/2155 2177/2177
f 2155/2155 2170/2170 2177/2177
f 2173/2173 2158/2158 2178/2178
f 2166/2166 2177/2177 2176/2176
f 2174/2174 2146/2146 2179/2179
f 2146/2146 2163/2163 2179/2179
f 2163/2163 2168/2168 2180/2180
f 2168/2168 2175/2175 2180/2180
f 1982/1982 2181/2181 2167/2167
f 2165/2165 2174/2174 2182/2182
f 2176/2176 2177/2177 2183/2183
f 2169/2169 2160/2160 2184/2184
f 2160/2160 2156/2156 2184/2184
f 2184/2184 2156/2156 2185/2185
f 2156/2156 2172/2172 2185/2185
f 2182/2182 2174/2174 2179/2179
f 2163/2163 2186/2186 2179/2179
f 2163/2163 2180/2180 2186/2186
f 2180/2180 2175/2175 2176/2176
f 2176/2176 2187/2187 2180/2180
f 2164/2164 2169/2169 2171/2171
f 2179/2179 2186/2186 2188/2188
f 2176/2176 2183/2183 2187/2187
f 2180/2180 2187/2187 2189/2189
f 2187/2187 2183/2183 2190/2190
f 2170/2170 2171/2171 2191/2191
f 2171/2171 2169/2169 2192/2192
f 2169/2169 2184/2184 2192/2192
f 2188/2188 2186/2186 2193/2193
f 2187/2187 2190/2190 2189/2189
f 2183/2183 2177/2177 2191/2191
f 2177/2177 2170/2170 2191/2191
f 2185/2185 2172/2172 2194/2194
f 2173/2173 2178/2178 2195/2195
f 2181/2181 1982/1982 2196/2196
f 2191/2191 2171/2171 2197/2197
f 2192/2192 2184/2184 2198/2198
f 2184/2184 2185/2185 2198/2198
f 1982/1982 1983/1983 2196/2196
f 2182/2182 2179/2179 2199/2199
f 2179/2179 2188/2188 2199/2199
f 2171/2171 2192/2192 2197/2197
f 2195/2195 2178/2178 2200/2200
f 2186/2186 2201/2201 2193/2193
f 2186/2186 2180/2180 2201/2201
f 2182/2182 2199/2199 2202/2202
f 2199/2199 2188/2188 2203/2203
f 2190/2190 2183/2183 2204/2204
f 2183/2183 2191/2191 2204/2204
f 2203/2203 2188/2188 2193/2193
f 2198/2198 2185/2185 2205/2205
f 2185/2185 2194/2194 2205/2205
f 2180/2180 2189/2189 2201/2201
f 2201/2201 2189/2189 2206/2206
f 2189/2189 2190/2190 2206/2206
f 2191/2191 2197/2197 2204/2204
f 2202/2202 2199/2199 2207/2207
f 2207/2207 2199/2199 2208/2208
f 2193/2193 2209/2209 2203/2203
f 2193/2193 2201/2201 2209/2209
f 2190/2190 2204/2204 2210/2210
f 2204/2204 2197/2197 2211/2211
f 2197/2197 2192/2192 2212/2212
f 2192/2192 2198/2198 2212/2212
f 2199/2199 2203/2203 2208/2208
f 2201/2201 2213/2213 2209/2209
f 2201/2201 2206/2206 2213/2213
f 2206/2206 2190/2190 2210/2210
f 2197/2197 2212/2212 2211/2211
f 2208/2208 2203/2203 2214/2214
f 2203/2203 2209/2209 2214/2214
f 2212/2212 2198/2198 2215/2215
f 2198/2198 2205/2205 2215/2215
f 2215/2215 2205/2205 2216/2216
f 2205/2205 2194/2194 2217/2217
f 2205/2205 2217/2217 2216/2216
f 2195/2195 2200/2200 2218/2218
f 2196/2196 1983/1983 2219/2219
f 2214/2214 2209/2209 2220/2220
f 2206/2206 2210/2210 2221/2221
f 2221/2221 2210/2210 2222/2222
f 2209/2209 2213/2213 2220/2220
f 2213/2213 2206/2206 2223/2223
f 2210/2210 2204/2204 2224/2224
f 2210/2210 2224/2224 2222/2222
f 2204/2204 2211/2211 2224/2224
f 2218/2218 2200/2200 2225/2225
f 2207/2207 2208/2208 2226/2226
f 2208/2208 2214/2214 2226/2226
f 2220/2220 2213/2213 2227/2227
f 2206/2206 2221/2221 2223/2223
f 1983/1983 1971/1971 2219/2219
f 2226/2226 2214/2214 2228/2228
f 2214/2214 2220/2220 2228/2228
f 2213/2213 2223/2223 2227/2227
f 2223/2223 2221/2221 2229/2229
f 2221/2221 2222/2222 2229/2229
f 2224/2224 2211/2211 2230/2230
f 2228/2228 2220/2220 2227/2227
f 2226/2226 2228/2228 2231/2231
f 2231/2231 2228/2228 2232/2232
f 2227/2227 2223/2223 2233/2233
f 2223/2223 2229/2229 2233/2233
f 2211/2211 2212/2212 2230/2230
f 2230/2230 2212/2212 2234/2234
f 2212/2212 2215/2215 2234/2234
f 2228/2228 2227/2227 2235/2235
f 2229/2229 2222/2222 2236/2236
f 2222/2222 2224/2224 2237/2237
f 2222/2222 2237/2237 2236/2236
f 2224/2224 2230/2230 2237/2237
f 2216/2216 2217/2217 2238/2238
f 2218/2218 2225/2225 2239/2239
f 2228/2228 2235/2235 2232/2232
f 2240/2240 2227/2227 2233/2233
f 2233/2233 2229/2229 2241/2241
f 2215/2215 2216/2216 2242/2242
f 2216/2216 2238/2238 2242/2242
f 2239/2239 2225/2225 2243/2243
f 2229/2229 2236/2236 2241/2241
f 2232/2232 2235/2235 2244/2244
f 2233/2233 2241/2241 2245/2245
f 2234/2234 2215/2215 2246/2246
f 2215/2215 2242/2242 2246/2246
f 2231/2231 2232/2232 2247/2247
f 2235/2235 2227/2227 2240/2240
f 2244/2244 2235/2235 2248/2248
f 2241/2241 2236/2236 2249/2249
f 2239/2239 2243/2243 2250/2250
f 1971/1971 1984/1984 2219/2219
f 2235/2235 2240/2240 2248/2248
f 2240/2240 2233/2233 2245/2245
f 2247/2247 2232/2232 2244/2244
f 2245/2245 2241/2241 2249/2249
f 2236/2236 2237/2237 2251/2251
f 2242/2242 2238/2238 2252/2252
f 2239/2239 2250/2250 2253/2253
f 2219/2219 1984/1984 2254/2254
f 2230/2230 2234/2234 2237/2237
f 2249/2249 2236/2236 2251/2251
f 2244/2244 2248/2248 2255/2255
f 2246/2246 2242/2242 2256/2256
f 2242/2242 2252/2252 2256/2256
f 2257/2257 2247/2247 2258/2258
f 2247/2247 2244/2244 2258/2258
f 2237/2237 2234/2234 2259/2259
f 2234/2234 2246/2246 2259/2259
f 2245/2245 2249/2249 2260/2260
f 2249/2249 2251/2251 2261/2261
f 2248/2248 2240/2240 2262/2262
f 2262/2262 2240/2240 2263/2263
f 2240/2240 2245/2245 2263/2263
f 2263/2263 2245/2245 2260/2260
f 2249/2249 2261/2261 2260/2260
f 2237/2237 2259/2259 2264/2264
f 2251/2251 2237/2237 2264/2264
f 2258/2258 2244/2244 2265/2265
f 2244/2244 2255/2255 2265/2265
f 2255/2255 2248/2248 2266/2266
f 2248/2248 2262/2262 2266/2266
f 2259/2259 2246/2246 2267/2267
f 2246/2246 2256/2256 2267/2267
f 2263/2263 2260/2260 2268/2268
f 2253/2253 2250/2250 2269/2269
f 2258/2258 2265/2265 2270/2270
f 2262/2262 2271/2271 2266/2266
f 2262/2262 2263/2263 2271/2271
f 2260/2260 2261/2261 2268/2268
f 2251/2251 2264/2264 2261/2261
f 2256/2256 2252/2252 2272/2272
f 2253/2253 2269/2269 2273/2273
f 2267/2267 2256/2256 2274/2274
f 2256/2256 2272/2272 2274/2274
f 1984/1984 2275/2275 2254/2254
f 2265/2265 2255/2255 2266/2266
f 2268/2268 2261/2261 2276/2276
f 2273/2273 2269/2269 2277/2277
f 2265/2265 2266/2266 2278/2278
f 2261/2261 2264/2264 2276/2276
f 2264/2264 2259/2259 2279/2279
f 1984/1984 1985/1985 2275/2275
f 2271/2271 2263/2263 2280/2280
f 2275/2275 1985/1985 2281/2281
f 2270/2270 2265/2265 2282/2282
f 2278/2278 2266/2266 2280/2280
f 2266/2266 2271/2271 2280/2280
f 2273/2273 2277/2277 2283/2283
f 2274/2274 2272/2272 2284/2284
f 2272/2272 2285/2285 2284/2284
f 2263/2263 2268/2268 2280/2280
f 2268/2268 2276/2276 2286/2286
f 2276/2276 2287/2287 2286/2286
f 2276/2276 2264/2264 2279/2279
f 2276/2276 2279/2279 2287/2287
f 2267/2267 2274/2274 2284/2284
f 2278/2278 2280/2280 2288/2288
f 2279/2279 2259/2259 2289/2289
f 2259/2259 2267/2267 2289/2289
f 2282/2282 2265/2265 2288/2288
f 2265/2265 2278/2278 2288/2288
f 2267/2267 2284/2284 2289/2289
f 2284/2284 2285/2285 2290/2290
f 1985/1985 2291/2291 2281/2281
f 2280/2280 2268/2268 2292/2292
f 2288/2288 2280/2280 2292/2292
f 2268/2268 2286/2286 2292/2292
f 1985/1985 1986/1986 2291/2291
f 2288/2288 2292/2292 2293/2293
f 2292/2292 2286/2286 2294/2294
f 2286/2286 2287/2287 2295/2295
f 2287/2287 2279/2279 2289/2289
f 2282/2282 2288/2288 2296/2296
f 2288/2288 2297/2297 2296/2296
f 2297/2297 2288/2288 2293/2293
f 2293/2293 2292/2292 2294/2294
f 2294/2294 2286/2286 2295/2295
f 2295/2295 2287/2287 2298/2298
f 2287/2287 2289/2289 2298/2298
f 2284/2284 2290/2290 2299/2299
f 2300/2300 2296/2296 2301/2301
f 2296/2296 2297/2297 2301/2301
f 2302/2302 2289/2289 2303/2303
f 2289/2289 2284/2284 2303/2303
f 2284/2284 2299/2299 2303/2303
f 2299/2299 2290/2290 2304/2304
f 2301/2301 2297/2297 2305/2305
f 2297/2297 2293/2293 2305/2305
f 2293/2293 2294/2294 2305/2305
f 2294/2294 2295/2295 2306/2306
f 2306/2306 2295/2295 2298/2298
f 2289/2289 2302/2302 2298/2298
f 2300/2300 2301/2301 2307/2307
f 2307/2307 2301/2301 2305/2305
f 2305/2305 2294/2294 2308/2308
f 2294/2294 2306/2306 2308/2308
f 2306/2306 2298/2298 2309/2309
f 2303/2303 2299/2299 2310/2310
f 2299/2299 2304/2304 2310/2310
f 2300/2300 2307/2307 2311/2311
f 2307/2307 2305/2305 2312/2312
f 2305/2305 2308/2308 2312/2312
f 2308/2308 2306/2306 2309/2309
f 2309/2309 2298/2298 2313/2313
f 2298/2298 2302/2302 2313/2313
f 2302/2302 2303/2303 2314/2314
f 2302/2302 2314/2314 2313/2313
f 2303/2303 2310/2310 2314/2314
f 1986/1986 1934/1934 2291/2291
f 2311/2311 2315/2315 2316/2316
f 2311/2311 2307/2307 2315/2315
f 2307/2307 2312/2312 2315/2315
f 2315/2315 2312/2312 2317/2317
f 2312/2312 2308/2308 2317/2317
f 2317/2317 2308/2308 2318/2318
f 2308/2308 2319/2319 2318/2318
f 2308/2308 2309/2309 2319/2319
f 2309/2309 2313/2313 2319/2319
f 2313/2313 2320/2320 2319/2319
f 2313/2313 2314/2314 2320/2320
f 2320/2320 2314/2314 2321/2321
f 2314/2314 2310/2310 2322/2322
f 2314/2314 2322/2322 2321/2321
f 2310/2310 2304/2304 2322/2322
f 2322/2322 2304/2304 2323/2323
f 2324/2324 2325/2325 2326/2326
f 2327/2327 2328/2328 2326/2326
f 2325/2325 2327/2327 2326/2326
f 2020/2020 1972/1972 2329/2329
f 1972/1972 1987/1987 2329/2329
f 1987/1987 2330/2330 2329/2329
f 1987/1987 1974/1974 2330/2330
f 2330/2330 1974/1974 2331/2331
f 1974/1974 1935/1935 2331/2331
f 2331/2331 1935/1935 2332/2332
f 1935/1935 1936/1936 2332/2332
f 1936/1936 2333/2333 2332/2332
f 1936/1936 2021/2021 2333/2333
f 1961/1961 1917/1917 2334/2334
f 1759/1759 1918/1918 2335/2335
f 1976/1976 1988/1988 2336/2336
f 1988/1988 2337/2337 2336/2336
f 1988/1988 2024/2024 2338/2338
f 1988/1988 2338/2338 2337/2337
f 2024/2024 2025/2025 2339/2339
f 2024/2024 2339/2339 2338/2338
f 2026/2026 2027/2027 2340/2340
f 2341/2341 2340/2340 2342/2342
f 2001/2001 1945/1945 2343/2343
f 1945/1945 2012/2012 2344/2344
f 1872/1872 2029/2029 2012/2012
f 2030/2030 1977/1977 2345/2345
f 1977/1977 2031/2031 2345/2345
f 2013/2013 1993/1993 2346/2346
f 2346/2346 1993/1993 2347/2347
f 1993/1993 1994/1994 2348/2348
f 1993/1993 2348/2348 2347/2347
f 1994/1994 1966/1966 2348/2348
f 1966/1966 2033/2033 2348/2348
f 2349/2349 2350/2350 2351/2351
f 2351/2351 2350/2350 2352/2352
f 2353/2353 2354/2354 2355/2355
f 2353/2353 2355/2355 2356/2356
f 2354/2354 2349/2349 2357/2357
f 2354/2354 2357/2357 2355/2355
f 2349/2349 2351/2351 2358/2358
f 2349/2349 2358/2358 2357/2357
f 2351/2351 2352/2352 2067/2067
f 2351/2351 2067/2067 2358/2358
f 2352/2352 2359/2359 2068/2068
f 2352/2352 2068/2068 2067/2067
f 2359/2359 2360/2360 2068/2068
f 2068/2068 2360/2360 2070/2070
f 2360/2360 2038/2038 2071/2071
f 2360/2360 2071/2071 2070/2070
f 2038/2038 2040/2040 2071/2071
f 2040/2040 2361/2361 2071/2071
f 2071/2071 2361/2361 2073/2073
f 2361/2361 2047/2047 2074/2074
f 2361/2361 2074/2074 2073/2073
f 2047/2047 2052/2052 2074/2074
f 2049/2049 2052/2052 2047/2047
f 2031/2031 2079/2079 2362/2362
f 2356/2356 2355/2355 2363/2363
f 2355/2355 2357/2357 2363/2363
f 2357/2357 2358/2358 2364/2364
f 2067/2067 2080/2080 2358/2358
f 2099/2099 2365/2365 2100/2100
f 2363/2363 2357/2357 2364/2364
f 2364/2364 2358/2358 2080/2080
f 2356/2356 2363/2363 2366/2366
f 2364/2364 2080/2080 2088/2088
f 2363/2363 2364/2364 2367/2367
f 2366/2366 2363/2363 2368/2368
f 2363/2363 2367/2367 2368/2368
f 2364/2364 2088/2088 2109/2109
f 2364/2364 2109/2109 2367/2367
f 2367/2367 2109/2109 2369/2369
f 2366/2366 2368/2368 2370/2370
f 2368/2368 2367/2367 2371/2371
f 2367/2367 2369/2369 2371/2371
f 2109/2109 2125/2125 2369/2369
f 2370/2370 2368/2368 2372/2372
f 2368/2368 2371/2371 2372/2372
f 2370/2370 2372/2372 2373/2373
f 2371/2371 2369/2369 2125/2125
f 2372/2372 2371/2371 2374/2374
f 2371/2371 2125/2125 2374/2374
f 2374/2374 2125/2125 2375/2375
f 2135/2135 2375/2375 2125/2125
f 2373/2373 2372/2372 2376/2376
f 2372/2372 2374/2374 2376/2376
f 2373/2373 2376/2376 2377/2377
f 2135/2135 2378/2378 2375/2375
f 2374/2374 2375/2375 2378/2378
f 2135/2135 2145/2145 2378/2378
f 2130/2130 2157/2157 2379/2379
f 2374/2374 2378/2378 2380/2380
f 2145/2145 2165/2165 2378/2378
f 2378/2378 2165/2165 2380/2380
f 2377/2377 2376/2376 2381/2381
f 2376/2376 2374/2374 2381/2381
f 2374/2374 2380/2380 2381/2381
f 2377/2377 2381/2381 2382/2382
f 2381/2381 2380/2380 2383/2383
f 2382/2382 2381/2381 2384/2384
f 2381/2381 2383/2383 2384/2384
f 2165/2165 2383/2383 2380/2380
f 2382/2382 2384/2384 2385/2385
f 2165/2165 2182/2182 2383/2383
f 2385/2385 2384/2384 2386/2386
f 2385/2385 2386/2386 2387/2387
f 2384/2384 2383/2383 2388/2388
f 2383/2383 2182/2182 2388/2388
f 2387/2387 2386/2386 2389/2389
f 2386/2386 2384/2384 2389/2389
f 2388/2388 2182/2182 2202/2202
f 2389/2389 2384/2384 2388/2388
f 2388/2388 2202/2202 2207/2207
f 2389/2389 2388/2388 2390/2390
f 2387/2387 2389/2389 2391/2391
f 2388/2388 2207/2207 2390/2390
f 2389/2389 2390/2390 2391/2391
f 2207/2207 2226/2226 2390/2390
f 2391/2391 2390/2390 2392/2392
f 2390/2390 2226/2226 2393/2393
f 2226/2226 2231/2231 2393/2393
f 2392/2392 2390/2390 2394/2394
f 2390/2390 2393/2393 2394/2394
f 2392/2392 2394/2394 2395/2395
f 2394/2394 2393/2393 2396/2396
f 2393/2393 2231/2231 2396/2396
f 2396/2396 2231/2231 2257/2257
f 2247/2247 2257/2257 2231/2231
f 2397/2397 2395/2395 2398/2398
f 2395/2395 2394/2394 2398/2398
f 2396/2396 2257/2257 2270/2270
f 2394/2394 2396/2396 2399/2399
f 2396/2396 2270/2270 2399/2399
f 2257/2257 2258/2258 2270/2270
f 2397/2397 2398/2398 2400/2400
f 2398/2398 2394/2394 2399/2399
f 2400/2400 2398/2398 2401/2401
f 2398/2398 2399/2399 2401/2401
f 2399/2399 2270/2270 2402/2402
f 2282/2282 2402/2402 2270/2270
f 2399/2399 2402/2402 2403/2403
f 2401/2401 2399/2399 2403/2403
f 2403/2403 2402/2402 2296/2296
f 2400/2400 2401/2401 2404/2404
f 2400/2400 2404/2404 2405/2405
f 2401/2401 2403/2403 2404/2404
f 2403/2403 2296/2296 2404/2404
f 2404/2404 2296/2296 2406/2406
f 2406/2406 2296/2296 2300/2300
f 2405/2405 2404/2404 2407/2407
f 2405/2405 2407/2407 2408/2408
f 2404/2404 2406/2406 2407/2407
f 2407/2407 2406/2406 2409/2409
f 2406/2406 2300/2300 2409/2409
f 2300/2300 2311/2311 2410/2410
f 2300/2300 2410/2410 2409/2409
f 2408/2408 2407/2407 2411/2411
f 2411/2411 2407/2407 2412/2412
f 2407/2407 2409/2409 2413/2413
f 2407/2407 2413/2413 2412/2412
f 2409/2409 2410/2410 2413/2413
f 2311/2311 2316/2316 2410/2410
f 2414/2414 2412/2412 2413/2413
f 1999/1999 1959/1959 2415/2415
f 2020/2020 2329/2329 2416/2416
f 2329/2329 2330/2330 2416/2416
f 2330/2330 2331/2331 2417/2417
f 2417/2417 2331/2331 2332/2332
f 2333/2333 2021/2021 2418/2418
f 2022/2022 1961/1961 2419/2419
f 1961/1961 2334/2334 2419/2419
f 2002/2002 2001/2001 2420/2420
f 2420/2420 2001/2001 2343/2343
f 1941/1941 1905/1905 2421/2421
f 1941/1941 2421/2421 2422/2422
f 1905/1905 1919/1919 2421/2421
f 2421/2421 1919/1919 2023/2023
f 2336/2336 2337/2337 2423/2423
f 2337/2337 2338/2338 2423/2423
f 2423/2423 2338/2338 2424/2424
f 2341/2341 2342/2342 2425/2425
f 2341/2341 2425/2425 2426/2426
f 2427/2427 2426/2426 2425/2425
f 2427/2427 2425/2425 2428/2428
f 2011/2011 2028/2028 2429/2429
f 2343/2343 1945/1945 2344/2344
f 2345/2345 2430/2430 2428/2428
f 2345/2345 2031/2031 2362/2362
f 2345/2345 2362/2362 2430/2430
f 2362/2362 2079/2079 2431/2431
f 2079/2079 2108/2108 2431/2431
f 2108/2108 2432/2432 2431/2431
f 2108/2108 2130/2130 2432/2432
f 2130/2130 2379/2379 2432/2432
f 2379/2379 2157/2157 2433/2433
f 2157/2157 2167/2167 2434/2434
f 2157/2157 2434/2434 2433/2433
f 2167/2167 2181/2181 2434/2434
f 2181/2181 2435/2435 2434/2434
f 2181/2181 2196/2196 2435/2435
f 2196/2196 2219/2219 2435/2435
f 2435/2435 2219/2219 2436/2436
f 2219/2219 2254/2254 2436/2436
f 2436/2436 2254/2254 2437/2437
f 2254/2254 2275/2275 2437/2437
f 2275/2275 2281/2281 2437/2437
f 2281/2281 2291/2291 2438/2438
f 2291/2291 1934/1934 2438/2438
f 1934/1934 1999/1999 2415/2415
f 1934/1934 2415/2415 2438/2438
f 2000/2000 2020/2020 2439/2439
f 2020/2020 2416/2416 2439/2439
f 2330/2330 2417/2417 2416/2416
f 2417/2417 2332/2332 2440/2440
f 2332/2332 2333/2333 2441/2441
f 2332/2332 2441/2441 2440/2440
f 2333/2333 2418/2418 2441/2441
f 2021/2021 2022/2022 2418/2418
f 1918/1918 1975/1975 2442/2442
f 1975/1975 1904/1904 2443/2443
f 1975/1975 2443/2443 2442/2442
f 2023/2023 1976/1976 2444/2444
f 2444/2444 1976/1976 2445/2445
f 1976/1976 2336/2336 2445/2445
f 2445/2445 2336/2336 2446/2446
f 2336/2336 2423/2423 2446/2446
f 2446/2446 2423/2423 2447/2447
f 2427/2427 2428/2428 2448/2448
f 2427/2427 2448/2448 2449/2449
f 2428/2428 2430/2430 2450/2450
f 2428/2428 2450/2450 2448/2448
f 2450/2450 2430/2430 2451/2451
f 2430/2430 2362/2362 2451/2451
f 2362/2362 2452/2452 2451/2451
f 2362/2362 2431/2431 2452/2452
f 2431/2431 2453/2453 2452/2452
f 2431/2431 2432/2432 2453/2453
f 2432/2432 2454/2454 2453/2453
f 2432/2432 2379/2379 2454/2454
f 2379/2379 2433/2433 2454/2454
f 2434/2434 2455/2455 2433/2433
f 2434/2434 2435/2435 2455/2455
f 2435/2435 2456/2456 2455/2455
f 2435/2435 2457/2457 2456/2456
f 2435/2435 2436/2436 2457/2457
f 2436/2436 2437/2437 2457/2457
f 2437/2437 2458/2458 2457/2457
f 2437/2437 2281/2281 2458/2458
f 2458/2458 2281/2281 2459/2459
f 2281/2281 2438/2438 2459/2459
f 2438/2438 2415/2415 2459/2459
f 2415/2415 1959/1959 2460/2460
f 1960/1960 2000/2000 2461/2461
f 1960/1960 2461/2461 2462/2462
f 2000/2000 2439/2439 2463/2463
f 2000/2000 2463/2463 2461/2461
f 2439/2439 2416/2416 2463/2463
f 2463/2463 2416/2416 2464/2464
f 2464/2464 2416/2416 2465/2465
f 2416/2416 2417/2417 2465/2465
f 2417/2417 2440/2440 2465/2465
f 2440/2440 2466/2466 2465/2465
f 2440/2440 2441/2441 2466/2466
f 2441/2441 2418/2418 2466/2466
f 2418/2418 2022/2022 2419/2419
f 2335/2335 1918/1918 2467/2467
f 2420/2420 2343/2343 2468/2468
f 2445/2445 2446/2446 2469/2469
f 2446/2446 2447/2447 2470/2470
f 2446/2446 2470/2470 2469/2469
f 2449/2449 2448/2448 2471/2471
f 2449/2449 2471/2471 2472/2472
f 2448/2448 2450/2450 2471/2471
f 2450/2450 2451/2451 2473/2473
f 2450/2450 2473/2473 2471/2471
f 2473/2473 2451/2451 2474/2474
f 2451/2451 2452/2452 2474/2474
f 2474/2474 2452/2452 2475/2475
f 2452/2452 2453/2453 2475/2475
f 2475/2475 2453/2453 2476/2476
f 2453/2453 2454/2454 2476/2476
f 2454/2454 2477/2477 2476/2476
f 2454/2454 2433/2433 2477/2477
f 2477/2477 2433/2433 2478/2478
f 2433/2433 2455/2455 2478/2478
f 2455/2455 2479/2479 2478/2478
f 2455/2455 2456/2456 2479/2479
f 2456/2456 2457/2457 2479/2479
f 2479/2479 2457/2457 2480/2480
f 2457/2457 2458/2458 2480/2480
f 2458/2458 2481/2481 2480/2480
f 2481/2481 2458/2458 2482/2482
f 2458/2458 2459/2459 2482/2482
f 2459/2459 2415/2415 2460/2460
f 2464/2464 2465/2465 2483/2483
f 2465/2465 2466/2466 2483/2483
f 2483/2483 2466/2466 2484/2484
f 2484/2484 2466/2466 2485/2485
f 2466/2466 2418/2418 2485/2485
f 2418/2418 2419/2419 2485/2485
f 2485/2485 2419/2419 2334/2334
f 1918/1918 2442/2442 2467/2467
f 2486/2486 2487/2487 2488/2488
f 2487/2487 2489/2489 2488/2488
f 2490/2490 2468/2468 2491/2491
f 2468/2468 2343/2343 2491/2491
f 2445/2445 2469/2469 2486/2486
f 2469/2469 2470/2470 2486/2486
f 2029/2029 1992/1992 2492/2492
f 2488/2488 2489/2489 2493/2493
f 2488/2488 2493/2493 2494/2494
f 2489/2489 2495/2495 2493/2493
f 2495/2495 2496/2496 2493/2493
f 2493/2493 2496/2496 2497/2497
f 2493/2493 2497/2497 2494/2494
f 2495/2495 2498/2498 2496/2496
f 2498/2498 2499/2499 2497/2497
f 2498/2498 2497/2497 2496/2496
f 2499/2499 2500/2500 2497/2497
f 2497/2497 2500/2500 2501/2501
f 2500/2500 2502/2502 2503/2503
f 2500/2500 2503/2503 2501/2501
f 2503/2503 2502/2502 2504/2504
f 2502/2502 2505/2505 2504/2504
f 2504/2504 2505/2505 2506/2506
f 2505/2505 2507/2507 2506/2506
f 2507/2507 2508/2508 2506/2506
f 2507/2507 2509/2509 2508/2508
f 2509/2509 2510/2510 2508/2508
f 2508/2508 2510/2510 2511/2511
f 2509/2509 2490/2490 2510/2510
f 2490/2490 2491/2491 2510/2510
f 2510/2510 2491/2491 2511/2511
f 2491/2491 2343/2343 2512/2512
f 2422/2422 2421/2421 2513/2513
f 2513/2513 2421/2421 2514/2514
f 2421/2421 2023/2023 2514/2514
f 2023/2023 2444/2444 2514/2514
f 2444/2444 2445/2445 2515/2515
f 2445/2445 2486/2486 2515/2515
f 2515/2515 2486/2486 2488/2488
f 2343/2343 2344/2344 2516/2516
f 2344/2344 2012/2012 2516/2516
f 2467/2467 2442/2442 2517/2517
f 2497/2497 2518/2518 2519/2519
f 2497/2497 2501/2501 2520/2520
f 2497/2497 2520/2520 2521/2521
f 2497/2497 2521/2521 2518/2518
f 2501/2501 2503/2503 2520/2520
f 2520/2520 2503/2503 2522/2522
f 2520/2520 2522/2522 2523/2523
f 2503/2503 2504/2504 2522/2522
f 2522/2522 2504/2504 2523/2523
f 2504/2504 2524/2524 2523/2523
f 2506/2506 2525/2525 2504/2504
f 2504/2504 2525/2525 2524/2524
f 2506/2506 2508/2508 2525/2525
f 2525/2525 2508/2508 2511/2511
f 2514/2514 2444/2444 2515/2515
f 2515/2515 2488/2488 2526/2526
f 2488/2488 2494/2494 2526/2526
f 2494/2494 2497/2497 2519/2519
f 2511/2511 2491/2491 2527/2527
f 2527/2527 2491/2491 2512/2512
f 2343/2343 2516/2516 2512/2512
f 2516/2516 2012/2012 2528/2528
f 2012/2012 2029/2029 2528/2528
f 2029/2029 2492/2492 2528/2528
f 2335/2335 2467/2467 2529/2529
f 2442/2442 2443/2443 2517/2517
f 2517/2517 2443/2443 2530/2530
f 2443/2443 2531/2531 2530/2530
f 2526/2526 2494/2494 2532/2532
f 2494/2494 2519/2519 2532/2532
f 2519/2519 2518/2518 2532/2532
f 2521/2521 2520/2520 2533/2533
f 2520/2520 2534/2534 2533/2533
f 2520/2520 2523/2523 2534/2534
f 2525/2525 2535/2535 2524/2524
f 2525/2525 2511/2511 2535/2535
f 2535/2535 2511/2511 2527/2527
f 2335/2335 2529/2529 2536/2536
f 2467/2467 2517/2517 2529/2529
f 2529/2529 2517/2517 2530/2530
f 2530/2530 2531/2531 2537/2537
f 2513/2513 2514/2514 2538/2538
f 2513/2513 2538/2538 2539/2539
f 2514/2514 2515/2515 2538/2538
f 2515/2515 2526/2526 2540/2540
f 2515/2515 2540/2540 2538/2538
f 2526/2526 2532/2532 2540/2540
f 2540/2540 2532/2532 2541/2541
f 2532/2532 2518/2518 2541/2541
f 2541/2541 2518/2518 2533/2533
f 2518/2518 2521/2521 2533/2533
f 2534/2534 2523/2523 2542/2542
f 2523/2523 2524/2524 2542/2542
f 2524/2524 2535/2535 2543/2543
f 2524/2524 2543/2543 2542/2542
f 2535/2535 2544/2544 2543/2543
f 2535/2535 2527/2527 2544/2544
f 2527/2527 2512/2512 2545/2545
f 2527/2527 2545/2545 2544/2544
f 2512/2512 2516/2516 2545/2545
f 2516/2516 2528/2528 2545/2545
f 2528/2528 2492/2492 2546/2546
f 2546/2546 2492/2492 2547/2547
f 2529/2529 2548/2548 2536/2536
f 2548/2548 2529/2529 2549/2549
f 2529/2529 2530/2530 2549/2549
f 2530/2530 2537/2537 2549/2549
f 2539/2539 2538/2538 2550/2550
f 2550/2550 2538/2538 2540/2540
f 2541/2541 2551/2551 2540/2540
f 2541/2541 2533/2533 2551/2551
f 2551/2551 2533/2533 2552/2552
f 2533/2533 2534/2534 2553/2553
f 2533/2533 2553/2553 2552/2552
f 2553/2553 2534/2534 2542/2542
f 2545/2545 2528/2528 2554/2554
f 2528/2528 2546/2546 2554/2554
f 77/77 86/86 2555/2555
f 1/1 2556/2556 2/2
f 5/5 2557/2557 6/6
f 2557/2557 2558/2558 6/6
f 2558/2558 8/8 6/6
f 2558/2558 2559/2559 8/8
f 2559/2559 2560/2560 10/10
f 2559/2559 10/10 8/8
f 2560/2560 13/13 10/10
f 2561/2561 57/57 56/56
f 2562/2562 57/57 2561/2561
f 57/57 2562/2562 78/78
f 2562/2562 2563/2563 78/78
f 2/2 2564/2564 5/5
f 2564/2564 2557/2557 5/5
f 2557/2557 2565/2565 2558/2558
f 2565/2565 2566/2566 2558/2558
f 2566/2566 2559/2559 2558/2558
f 2559/2559 2567/2567 2560/2560
f 2567/2567 2568/2568 2560/2560
f 2569/2569 2570/2570 2560/2560
f 2570/2570 13/13 2560/2560
f 2570/2570 2571/2571 13/13
f 2571/2571 2572/2572 13/13
f 13/13 2572/2572 14/14
f 14/14 2572/2572 16/16
f 2573/2573 17/17 16/16
f 2574/2574 2575/2575 17/17
f 17/17 2575/2575 19/19
f 2575/2575 2576/2576 20/20
f 2575/2575 20/20 19/19
f 2576/2576 2577/2577 20/20
f 20/20 2577/2577 22/22
f 2578/2578 2561/2561 56/56
f 2579/2579 2556/2556 1/1
f 2556/2556 2564/2564 2/2
f 2564/2564 2580/2580 2557/2557
f 2568/2568 2569/2569 2560/2560
f 2572/2572 2573/2573 16/16
f 2573/2573 2574/2574 17/17
f 2561/2561 2581/2581 2562/2562
f 2582/2582 2580/2580 2564/2564
f 2569/2569 2583/2583 2570/2570
f 2583/2583 2571/2571 2570/2570
f 2584/2584 2573/2573 2572/2572
f 2573/2573 2585/2585 2574/2574
f 2585/2585 2586/2586 2574/2574
f 2574/2574 2586/2586 2575/2575
f 2575/2575 2587/2587 2576/2576
f 2587/2587 2577/2577 2576/2576
f 2578/2578 2588/2588 2561/2561
f 2579/2579 2589/2589 2556/2556
f 2556/2556 2589/2589 2564/2564
f 2580/2580 2590/2590 2557/2557
f 2557/2557 2590/2590 2565/2565
f 2590/2590 2566/2566 2565/2565
f 2586/2586 2587/2587 2575/2575
f 116/116 155/155 135/135
f 2590/2590 2591/2591 2566/2566
f 2592/2592 2593/2593 2566/2566
f 2566/2566 2593/2593 2559/2559
f 2594/2594 2572/2572 2571/2571
f 2594/2594 2584/2584 2572/2572
f 2584/2584 2585/2585 2573/2573
f 149/149 178/178 117/117
f 2595/2595 2596/2596 2589/2589
f 2595/2595 2589/2589 2579/2579
f 2589/2589 2582/2582 2564/2564
f 2588/2588 2581/2581 2561/2561
f 2559/2559 2593/2593 2567/2567
f 2594/2594 2597/2597 2584/2584
f 2598/2598 2599/2599 2577/2577
f 2598/2598 2577/2577 2587/2587
f 2600/2600 2588/2588 2578/2578
f 2589/2589 2601/2601 2582/2582
f 2591/2591 2592/2592 2566/2566
f 2567/2567 2602/2602 2568/2568
f 2602/2602 2569/2569 2568/2568
f 2583/2583 2603/2603 2571/2571
f 2603/2603 2594/2594 2571/2571
f 2596/2596 2601/2601 2589/2589
f 2582/2582 2591/2591 2590/2590
f 2582/2582 2590/2590 2580/2580
f 2604/2604 2593/2593 2592/2592
f 2602/2602 2583/2583 2569/2569
f 2584/2584 2597/2597 2585/2585
f 2597/2597 2605/2605 2585/2585
f 2605/2605 2586/2586 2585/2585
f 2591/2591 2606/2606 2592/2592
f 2606/2606 2604/2604 2592/2592
f 2593/2593 2602/2602 2567/2567
f 2602/2602 2603/2603 2583/2583
f 2607/2607 2594/2594 2603/2603
f 2594/2594 2608/2608 2597/2597
f 2598/2598 2586/2586 2605/2605
f 2601/2601 2609/2609 2582/2582
f 2609/2609 2591/2591 2582/2582
f 2607/2607 2608/2608 2594/2594
f 2608/2608 2610/2610 2597/2597
f 2597/2597 2611/2611 2605/2605
f 2598/2598 2587/2587 2586/2586
f 2596/2596 2612/2612 2601/2601
f 2612/2612 2609/2609 2601/2601
f 2613/2613 2581/2581 2588/2588
f 181/181 188/188 191/191
f 191/191 188/188 192/192
f 188/188 182/182 193/193
f 182/182 183/183 195/195
f 183/183 189/189 195/195
f 184/184 163/163 197/197
f 2609/2609 2606/2606 2591/2591
f 2614/2614 2613/2613 2588/2588
f 163/163 185/185 197/197
f 2615/2615 2607/2607 2603/2603
f 2610/2610 2611/2611 2597/2597
f 2600/2600 2614/2614 2588/2588
f 2604/2604 2602/2602 2593/2593
f 2616/2616 2603/2603 2602/2602
f 2616/2616 2615/2615 2603/2603
f 2611/2611 2617/2617 2605/2605
f 2604/2604 2618/2618 2602/2602
f 2618/2618 2616/2616 2602/2602
f 456/456 470/470 221/221
f 220/220 465/465 221/221
f 221/221 470/470 222/222
f 2619/2619 2620/2620 2621/2621
f 2620/2620 2622/2622 2621/2621
f 2622/2622 2623/2623 2621/2621
f 2623/2623 2624/2624 2621/2621
f 2623/2623 2625/2625 2624/2624
f 2625/2625 2626/2626 2624/2624
f 2625/2625 2627/2627 2626/2626
f 2627/2627 2628/2628 2626/2626
f 2628/2628 2629/2629 2626/2626
f 2628/2628 2630/2630 2629/2629
f 2630/2630 2631/2631 2629/2629
f 2629/2629 2631/2631 2632/2632
f 2631/2631 2633/2633 2632/2632
f 2633/2633 2634/2634 2632/2632
f 2632/2632 2634/2634 2635/2635
f 2634/2634 2636/2636 2635/2635
f 2636/2636 2637/2637 2635/2635
f 2635/2635 2637/2637 2638/2638
f 2637/2637 2639/2639 2638/2638
f 2638/2638 2639/2639 2640/2640
f 2639/2639 2641/2641 2640/2640
f 2641/2641 2642/2642 2640/2640
f 2641/2641 2643/2643 2642/2642
f 2643/2643 2644/2644 2642/2642
f 2615/2615 2645/2645 2607/2607
f 2645/2645 2608/2608 2607/2607
f 2646/2646 2647/2647 2598/2598
f 2647/2647 2599/2599 2598/2598
f 2648/2648 2649/2649 2650/2650
f 2648/2648 2651/2651 2649/2649
f 2649/2649 2651/2651 2652/2652
f 541/541 521/521 520/520
f 2651/2651 2653/2653 2652/2652
f 2651/2651 2654/2654 2653/2653
f 2653/2653 2654/2654 2619/2619
f 2654/2654 2620/2620 2619/2619
f 2637/2637 2655/2655 2639/2639
f 2655/2655 2656/2656 2639/2639
f 2656/2656 2641/2641 2639/2639
f 2656/2656 2643/2643 2641/2641
f 2657/2657 2615/2615 2616/2616
f 2617/2617 2646/2646 2605/2605
f 2605/2605 2646/2646 2598/2598
f 2647/2647 2658/2658 2599/2599
f 2659/2659 2614/2614 2600/2600
f 2660/2660 2616/2616 2618/2618
f 2661/2661 2662/2662 2651/2651
f 2661/2661 2651/2651 2648/2648
f 542/542 540/540 521/521
f 542/542 521/521 541/541
f 2651/2651 2662/2662 2654/2654
f 2663/2663 2622/2622 2620/2620
f 2623/2623 2664/2664 2625/2625
f 2664/2664 2665/2665 2625/2625
f 2625/2625 2666/2666 2627/2627
f 2627/2627 2667/2667 2628/2628
f 2667/2667 2668/2668 2628/2628
f 2668/2668 2669/2669 2628/2628
f 2669/2669 2670/2670 2628/2628
f 2628/2628 2670/2670 2630/2630
f 2670/2670 2671/2671 2630/2630
f 2671/2671 2631/2631 2630/2630
f 2671/2671 2672/2672 2633/2633
f 2671/2671 2633/2633 2631/2631
f 2672/2672 2673/2673 2633/2633
f 2673/2673 2634/2634 2633/2633
f 2636/2636 2674/2674 2637/2637
f 2674/2674 2655/2655 2637/2637
f 2674/2674 2675/2675 2655/2655
f 2655/2655 2676/2676 2656/2656
f 2676/2676 2677/2677 2656/2656
f 2677/2677 2643/2643 2656/2656
f 2677/2677 2678/2678 2643/2643
f 2678/2678 2679/2679 2643/2643
f 2679/2679 2680/2680 2643/2643
f 2643/2643 2680/2680 2644/2644
f 2680/2680 2681/2681 2644/2644
f 2681/2681 2682/2682 2644/2644
f 2683/2683 2684/2684 2596/2596
f 2683/2683 2596/2596 2595/2595
f 2684/2684 2612/2612 2596/2596
f 2685/2685 2604/2604 2606/2606
f 540/540 2686/2686 566/566
f 2661/2661 2687/2687 2662/2662
f 543/543 540/540 542/542
f 2688/2688 2654/2654 2662/2662
f 584/584 2689/2689 585/585
f 2689/2689 587/587 585/585
f 2688/2688 2690/2690 2654/2654
f 2689/2689 2691/2691 587/587
f 2690/2690 2620/2620 2654/2654
f 2692/2692 2691/2691 2689/2689
f 2692/2692 2693/2693 2691/2691
f 2690/2690 2663/2663 2620/2620
f 2694/2694 2693/2693 2692/2692
f 2663/2663 2695/2695 2622/2622
f 2694/2694 589/589 2693/2693
f 589/589 591/591 2693/2693
f 2622/2622 2695/2695 2623/2623
f 2695/2695 2664/2664 2623/2623
f 2694/2694 590/590 589/589
f 2696/2696 590/590 2694/2694
f 2665/2665 2666/2666 2625/2625
f 2697/2697 590/590 2696/2696
f 2698/2698 2697/2697 2696/2696
f 2697/2697 592/592 590/590
f 2697/2697 593/593 592/592
f 2698/2698 593/593 2697/2697
f 2666/2666 2699/2699 2627/2627
f 2700/2700 594/594 593/593
f 2627/2627 2699/2699 2667/2667
f 2701/2701 2702/2702 2698/2698
f 2702/2702 2700/2700 2698/2698
f 2698/2698 2700/2700 593/593
f 595/595 597/597 2700/2700
f 2700/2700 597/597 2703/2703
f 2704/2704 2702/2702 2701/2701
f 2704/2704 2700/2700 2702/2702
f 2704/2704 596/596 2700/2700
f 596/596 595/595 2700/2700
f 2705/2705 596/596 2704/2704
f 2706/2706 596/596 2705/2705
f 2706/2706 599/599 596/596
f 599/599 598/598 596/596
f 599/599 2707/2707 600/600
f 2708/2708 2709/2709 599/599
f 2708/2708 599/599 2706/2706
f 2709/2709 2707/2707 599/599
f 2707/2707 601/601 600/600
f 2708/2708 2710/2710 2709/2709
f 2710/2710 2707/2707 2709/2709
f 2711/2711 2710/2710 2708/2708
f 2710/2710 602/602 2707/2707
f 602/602 601/601 2707/2707
f 2711/2711 2712/2712 2710/2710
f 2712/2712 602/602 2710/2710
f 2713/2713 2712/2712 2711/2711
f 2712/2712 2714/2714 602/602
f 2714/2714 603/603 602/602
f 2673/2673 2715/2715 2634/2634
f 2716/2716 2712/2712 2713/2713
f 2715/2715 2636/2636 2634/2634
f 2716/2716 2717/2717 2712/2712
f 2717/2717 2714/2714 2712/2712
f 2715/2715 2674/2674 2636/2636
f 2714/2714 605/605 603/603
f 2718/2718 605/605 2714/2714
f 2717/2717 2718/2718 2714/2714
f 2719/2719 2717/2717 2716/2716
f 2718/2718 608/608 605/605
f 2720/2720 2717/2717 2719/2719
f 2720/2720 2721/2721 2717/2717
f 2721/2721 2722/2722 2717/2717
f 2717/2717 2722/2722 2718/2718
f 2722/2722 608/608 2718/2718
f 2723/2723 2721/2721 2720/2720
f 2722/2722 611/611 608/608
f 2675/2675 2676/2676 2655/2655
f 2723/2723 2724/2724 2721/2721
f 2721/2721 611/611 2722/2722
f 2725/2725 2723/2723 2720/2720
f 2721/2721 612/612 611/611
f 2725/2725 2724/2724 2723/2723
f 2724/2724 612/612 2721/2721
f 2725/2725 2726/2726 2724/2724
f 2726/2726 612/612 2724/2724
f 2726/2726 614/614 612/612
f 2725/2725 2727/2727 2726/2726
f 2728/2728 2727/2727 2725/2725
f 2727/2727 2729/2729 2726/2726
f 2729/2729 615/615 2726/2726
f 2726/2726 615/615 614/614
f 2728/2728 2729/2729 2727/2727
f 2729/2729 616/616 615/615
f 2657/2657 783/783 2615/2615
f 2609/2609 2730/2730 2606/2606
f 2685/2685 2731/2731 2604/2604
f 2731/2731 2732/2732 2604/2604
f 2604/2604 2732/2732 2618/2618
f 2732/2732 2660/2660 2618/2618
f 2660/2660 2657/2657 2616/2616
f 581/581 622/622 2686/2686
f 581/581 2686/2686 540/540
f 2687/2687 2688/2688 2662/2662
f 585/585 588/588 2733/2733
f 585/585 2733/2733 586/586
f 588/588 2734/2734 2733/2733
f 2733/2733 2734/2734 2735/2735
f 2735/2735 2734/2734 2736/2736
f 2734/2734 2737/2737 2736/2736
f 2737/2737 2738/2738 2736/2736
f 2737/2737 2739/2739 2738/2738
f 2737/2737 2740/2740 2739/2739
f 2740/2740 2741/2741 2739/2739
f 2741/2741 2742/2742 2739/2739
f 2741/2741 2743/2743 2742/2742
f 2743/2743 2744/2744 2742/2742
f 2743/2743 2745/2745 2744/2744
f 2744/2744 2745/2745 2746/2746
f 2745/2745 2747/2747 2746/2746
f 2748/2748 2749/2749 2688/2688
f 2750/2750 2751/2751 2752/2752
f 588/588 587/587 2734/2734
f 2737/2737 2753/2753 2740/2740
f 2741/2741 2754/2754 2743/2743
f 2754/2754 2745/2745 2743/2743
f 2754/2754 2755/2755 2745/2745
f 2755/2755 2756/2756 2745/2745
f 2745/2745 2756/2756 2747/2747
f 2749/2749 2757/2757 2690/2690
f 2749/2749 2690/2690 2688/2688
f 2756/2756 2758/2758 2759/2759
f 2756/2756 2759/2759 2747/2747
f 2760/2760 2689/2689 584/584
f 2691/2691 2761/2761 587/587
f 2761/2761 2734/2734 587/587
f 2761/2761 2737/2737 2734/2734
f 2761/2761 2762/2762 2737/2737
f 2737/2737 2762/2762 2753/2753
f 2762/2762 2763/2763 2753/2753
f 2763/2763 2740/2740 2753/2753
f 2740/2740 2763/2763 2741/2741
f 2754/2754 2764/2764 2755/2755
f 2764/2764 2765/2765 2755/2755
f 2755/2755 2765/2765 2756/2756
f 2765/2765 2758/2758 2756/2756
f 2760/2760 2692/2692 2689/2689
f 2761/2761 2766/2766 2762/2762
f 2767/2767 2741/2741 2763/2763
f 2741/2741 2767/2767 2754/2754
f 2767/2767 2764/2764 2754/2754
f 2757/2757 2768/2768 2690/2690
f 2765/2765 2769/2769 2758/2758
f 2693/2693 2770/2770 2761/2761
f 2693/2693 2761/2761 2691/2691
f 2770/2770 2771/2771 2761/2761
f 2771/2771 2772/2772 2761/2761
f 2772/2772 2766/2766 2761/2761
f 2766/2766 2773/2773 2762/2762
f 2762/2762 2773/2773 2763/2763
f 2773/2773 2767/2767 2763/2763
f 2774/2774 2765/2765 2764/2764
f 2760/2760 2775/2775 2692/2692
f 2767/2767 2774/2774 2764/2764
f 2774/2774 647/647 2765/2765
f 2690/2690 2768/2768 2663/2663
f 647/647 2769/2769 2765/2765
f 2776/2776 2773/2773 2766/2766
f 2777/2777 2767/2767 2773/2773
f 2777/2777 2774/2774 2767/2767
f 649/649 2778/2778 2769/2769
f 2692/2692 2775/2775 2694/2694
f 591/591 2770/2770 2693/2693
f 2770/2770 2779/2779 2771/2771
f 2771/2771 2780/2780 2772/2772
f 2780/2780 2766/2766 2772/2772
f 2780/2780 2776/2776 2766/2766
f 2774/2774 648/648 647/647
f 650/650 2781/2781 2778/2778
f 650/650 2778/2778 649/649
f 2776/2776 2777/2777 2773/2773
f 2782/2782 2774/2774 2777/2777
f 2783/2783 2779/2779 2770/2770
f 2784/2784 2780/2780 2771/2771
f 2784/2784 2785/2785 2780/2780
f 2780/2780 2785/2785 2776/2776
f 2776/2776 2782/2782 2777/2777
f 648/648 2786/2786 650/650
f 2786/2786 2781/2781 650/650
f 2787/2787 2788/2788 2789/2789
f 591/591 2783/2783 2770/2770
f 2782/2782 2790/2790 2774/2774
f 2786/2786 2791/2791 2781/2781
f 2785/2785 2792/2792 2776/2776
f 2793/2793 2790/2790 2782/2782
f 2790/2790 648/648 2774/2774
f 2794/2794 2784/2784 2779/2779
f 2784/2784 2771/2771 2779/2779
f 2792/2792 2795/2795 2776/2776
f 2795/2795 2793/2793 2782/2782
f 2795/2795 2782/2782 2776/2776
f 2786/2786 2796/2796 2791/2791
f 2783/2783 2794/2794 2779/2779
f 2797/2797 2785/2785 2784/2784
f 2790/2790 2798/2798 648/648
f 2798/2798 2786/2786 648/648
f 2788/2788 2799/2799 2789/2789
f 591/591 592/592 2783/2783
f 592/592 2800/2800 2783/2783
f 2797/2797 2792/2792 2785/2785
f 2783/2783 2800/2800 2794/2794
f 2800/2800 2784/2784 2794/2794
f 2797/2797 2801/2801 2792/2792
f 2802/2802 2790/2790 2793/2793
f 2802/2802 2798/2798 2790/2790
f 2789/2789 2799/2799 2803/2803
f 2804/2804 2801/2801 2797/2797
f 2786/2786 2805/2805 2796/2796
f 2806/2806 2797/2797 2784/2784
f 2801/2801 2795/2795 2792/2792
f 2807/2807 2800/2800 592/592
f 2795/2795 2808/2808 2793/2793
f 2808/2808 2802/2802 2793/2793
f 2798/2798 2809/2809 2786/2786
f 2809/2809 2805/2805 2786/2786
f 2800/2800 2806/2806 2784/2784
f 2806/2806 2810/2810 2797/2797
f 2810/2810 2804/2804 2797/2797
f 2811/2811 2808/2808 2795/2795
f 2803/2803 2799/2799 2812/2812
f 2807/2807 2813/2813 2800/2800
f 2801/2801 2811/2811 2795/2795
f 2814/2814 2802/2802 2808/2808
f 2799/2799 2815/2815 2812/2812
f 594/594 2807/2807 592/592
f 594/594 2813/2813 2807/2807
f 2800/2800 2816/2816 2806/2806
f 2813/2813 2816/2816 2800/2800
f 2816/2816 2810/2810 2806/2806
f 2817/2817 2811/2811 2801/2801
f 2814/2814 2798/2798 2802/2802
f 2809/2809 2818/2818 2805/2805
f 2819/2819 2801/2801 2804/2804
f 2819/2819 2817/2817 2801/2801
f 2808/2808 2820/2820 2814/2814
f 2814/2814 2821/2821 2798/2798
f 2821/2821 2809/2809 2798/2798
f 2822/2822 2810/2810 2816/2816
f 2815/2815 2823/2823 2812/2812
f 2821/2821 2824/2824 2809/2809
f 2824/2824 2818/2818 2809/2809
f 2811/2811 2820/2820 2808/2808
f 594/594 2825/2825 2813/2813
f 2825/2825 2826/2826 2813/2813
f 2813/2813 2826/2826 2816/2816
f 2826/2826 2822/2822 2816/2816
f 2810/2810 2819/2819 2804/2804
f 2817/2817 2827/2827 2811/2811
f 2827/2827 2820/2820 2811/2811
f 2703/2703 594/594 2700/2700
f 2703/2703 2825/2825 594/594
f 2827/2827 2817/2817 2819/2819
f 2820/2820 2828/2828 2814/2814
f 2824/2824 2829/2829 2818/2818
f 2815/2815 2830/2830 2823/2823
f 2826/2826 2831/2831 2822/2822
f 2832/2832 2810/2810 2822/2822
f 2703/2703 2826/2826 2825/2825
f 2831/2831 2832/2832 2822/2822
f 2810/2810 2832/2832 2819/2819
f 2832/2832 2827/2827 2819/2819
f 2833/2833 2820/2820 2827/2827
f 2834/2834 2828/2828 2820/2820
f 2828/2828 2821/2821 2814/2814
f 2703/2703 2835/2835 2826/2826
f 2835/2835 2831/2831 2826/2826
f 2832/2832 2836/2836 2827/2827
f 2836/2836 2833/2833 2827/2827
f 2833/2833 2834/2834 2820/2820
f 2835/2835 2837/2837 2831/2831
f 2838/2838 2836/2836 2832/2832
f 2836/2836 2839/2839 2833/2833
f 2839/2839 2834/2834 2833/2833
f 2823/2823 2830/2830 2840/2840
f 597/597 2835/2835 2703/2703
f 2837/2837 2832/2832 2831/2831
f 2821/2821 2841/2841 2824/2824
f 2841/2841 2842/2842 2824/2824
f 2824/2824 2842/2842 2829/2829
f 2843/2843 2828/2828 2834/2834
f 2843/2843 2821/2821 2828/2828
f 2837/2837 2844/2844 2832/2832
f 2844/2844 2838/2838 2832/2832
f 2838/2838 2845/2845 2836/2836
f 2845/2845 2839/2839 2836/2836
f 2839/2839 2846/2846 2834/2834
f 2846/2846 2843/2843 2834/2834
f 2830/2830 2847/2847 2840/2840
f 2844/2844 2845/2845 2838/2838
f 2845/2845 2848/2848 2839/2839
f 2843/2843 2849/2849 2821/2821
f 2849/2849 2841/2841 2821/2821
f 2841/2841 2850/2850 2842/2842
f 2848/2848 2846/2846 2839/2839
f 2840/2840 2847/2847 2851/2851
f 597/597 2852/2852 2835/2835
f 2835/2835 2853/2853 2837/2837
f 2837/2837 2853/2853 2844/2844
f 598/598 2852/2852 597/597
f 2854/2854 2849/2849 2843/2843
f 2852/2852 2855/2855 2835/2835
f 2855/2855 2853/2853 2835/2835
f 2853/2853 2856/2856 2844/2844
f 2856/2856 2848/2848 2844/2844
f 2844/2844 2848/2848 2845/2845
f 2855/2855 2856/2856 2853/2853
f 2857/2857 2858/2858 2848/2848
f 2848/2848 2858/2858 2846/2846
f 2846/2846 2858/2858 2843/2843
f 2858/2858 2854/2854 2843/2843
f 2841/2841 2859/2859 2850/2850
f 598/598 2860/2860 2852/2852
f 2852/2852 2861/2861 2855/2855
f 2855/2855 2862/2862 2856/2856
f 2862/2862 2863/2863 2856/2856
f 2863/2863 2864/2864 2856/2856
f 2865/2865 2857/2857 2848/2848
f 2860/2860 2861/2861 2852/2852
f 2861/2861 2862/2862 2855/2855
f 2864/2864 2848/2848 2856/2856
f 2866/2866 2854/2854 2858/2858
f 2851/2851 2847/2847 2867/2867
f 2854/2854 2868/2868 2849/2849
f 2868/2868 2841/2841 2849/2849
f 2863/2863 2869/2869 2864/2864
f 2864/2864 2865/2865 2848/2848
f 2847/2847 2870/2870 2867/2867
f 2869/2869 2871/2871 2864/2864
f 2871/2871 2865/2865 2864/2864
f 2857/2857 2866/2866 2858/2858
f 2872/2872 2868/2868 2854/2854
f 601/601 2873/2873 2860/2860
f 2873/2873 2861/2861 2860/2860
f 598/598 601/601 2860/2860
f 2874/2874 2875/2875 2862/2862
f 2874/2874 2862/2862 2861/2861
f 2875/2875 2876/2876 2862/2862
f 2870/2870 2877/2877 2867/2867
f 2873/2873 2874/2874 2861/2861
f 2866/2866 2878/2878 2854/2854
f 2878/2878 2872/2872 2854/2854
f 2868/2868 2879/2879 2841/2841
f 2879/2879 2859/2859 2841/2841
f 2862/2862 2876/2876 2863/2863
f 2863/2863 2876/2876 2869/2869
f 2880/2880 2857/2857 2865/2865
f 2875/2875 2881/2881 2876/2876
f 2876/2876 2871/2871 2869/2869
f 2865/2865 2871/2871 2880/2880
f 2880/2880 2882/2882 2857/2857
f 2882/2882 2866/2866 2857/2857
f 2882/2882 2878/2878 2866/2866
f 2870/2870 2883/2883 2877/2877
f 2878/2878 2884/2884 2872/2872
f 2884/2884 2885/2885 2872/2872
f 2872/2872 2885/2885 2868/2868
f 2885/2885 2886/2886 2879/2879
f 2885/2885 2879/2879 2868/2868
f 2886/2886 2887/2887 2879/2879
f 2888/2888 2671/2671 2670/2670
f 2881/2881 2889/2889 2876/2876
f 2876/2876 2889/2889 2871/2871
f 2874/2874 2890/2890 2875/2875
f 2891/2891 2892/2892 2871/2871
f 2871/2871 2892/2892 2880/2880
f 2892/2892 2882/2882 2880/2880
f 2893/2893 2878/2878 2882/2882
f 2877/2877 2883/2883 2894/2894
f 2890/2890 2881/2881 2875/2875
f 2890/2890 2889/2889 2881/2881
f 2889/2889 2891/2891 2871/2871
f 603/603 2873/2873 601/601
f 607/607 2874/2874 2873/2873
f 607/607 2895/2895 2874/2874
f 2895/2895 2890/2890 2874/2874
f 2893/2893 2884/2884 2878/2878
f 2884/2884 2896/2896 2885/2885
f 2896/2896 2886/2886 2885/2885
f 2883/2883 2897/2897 2894/2894
f 603/603 607/607 2873/2873
f 2895/2895 2898/2898 2890/2890
f 2899/2899 2892/2892 2891/2891
f 2893/2893 2900/2900 2884/2884
f 2886/2886 2901/2901 2887/2887
f 2900/2900 2896/2896 2884/2884
f 2902/2902 2899/2899 2891/2891
f 2902/2902 2891/2891 2889/2889
f 2894/2894 2897/2897 2903/2903
f 2892/2892 2904/2904 2882/2882
f 2882/2882 2904/2904 2893/2893
f 2904/2904 2900/2900 2893/2893
f 2898/2898 2905/2905 2890/2890
f 2905/2905 2889/2889 2890/2890
f 2886/2886 2906/2906 2901/2901
f 2904/2904 2907/2907 2900/2900
f 2907/2907 2908/2908 2900/2900
f 2908/2908 2896/2896 2900/2900
f 2896/2896 2909/2909 2886/2886
f 2909/2909 2906/2906 2886/2886
f 2899/2899 2910/2910 2892/2892
f 2892/2892 2910/2910 2904/2904
f 2897/2897 2911/2911 2903/2903
f 2905/2905 2912/2912 2889/2889
f 2889/2889 2912/2912 2902/2902
f 2909/2909 2913/2913 2906/2906
f 607/607 606/606 2895/2895
f 606/606 2898/2898 2895/2895
f 2912/2912 2914/2914 2902/2902
f 2902/2902 2914/2914 2899/2899
f 2903/2903 2911/2911 2915/2915
f 606/606 2916/2916 2898/2898
f 2916/2916 2905/2905 2898/2898
f 2914/2914 2910/2910 2899/2899
f 2896/2896 2917/2917 2909/2909
f 2917/2917 2913/2913 2909/2909
f 2916/2916 2918/2918 2905/2905
f 2918/2918 2912/2912 2905/2905
f 2919/2919 2896/2896 2908/2908
f 2919/2919 2920/2920 2896/2896
f 2920/2920 2917/2917 2896/2896
f 606/606 2921/2921 2916/2916
f 2921/2921 2922/2922 2916/2916
f 2922/2922 2918/2918 2916/2916
f 2923/2923 2914/2914 2912/2912
f 2907/2907 2924/2924 2908/2908
f 2924/2924 2919/2919 2908/2908
f 2918/2918 2925/2925 2912/2912
f 2921/2921 2926/2926 2922/2922
f 2914/2914 2927/2927 2910/2910
f 2927/2927 2904/2904 2910/2910
f 2927/2927 2907/2907 2904/2904
f 2917/2917 2928/2928 2913/2913
f 2911/2911 2929/2929 2915/2915
f 2922/2922 2925/2925 2918/2918
f 2927/2927 2924/2924 2907/2907
f 2915/2915 2929/2929 2930/2930
f 2923/2923 2927/2927 2914/2914
f 2924/2924 2931/2931 2919/2919
f 2931/2931 2920/2920 2919/2919
f 609/609 2926/2926 2921/2921
f 609/609 2921/2921 606/606
f 2923/2923 2912/2912 2925/2925
f 2920/2920 2932/2932 2917/2917
f 2932/2932 2928/2928 2917/2917
f 2933/2933 2922/2922 2926/2926
f 2923/2923 2934/2934 2927/2927
f 2925/2925 2935/2935 2923/2923
f 2935/2935 2934/2934 2923/2923
f 2934/2934 2936/2936 2927/2927
f 2936/2936 2924/2924 2927/2927
f 2933/2933 2937/2937 2922/2922
f 2922/2922 2937/2937 2925/2925
f 2937/2937 2935/2935 2925/2925
f 2936/2936 2931/2931 2924/2924
f 2935/2935 2938/2938 2934/2934
f 2932/2932 2939/2939 2928/2928
f 2937/2937 2940/2940 2935/2935
f 2930/2930 2929/2929 2941/2941
f 608/608 2942/2942 609/609
f 2942/2942 2943/2943 609/609
f 609/609 2943/2943 2926/2926
f 2943/2943 2933/2933 2926/2926
f 2943/2943 2944/2944 2933/2933
f 2944/2944 2937/2937 2933/2933
f 2940/2940 2938/2938 2935/2935
f 2934/2934 2938/2938 2936/2936
f 2936/2936 2945/2945 2931/2931
f 2944/2944 2940/2940 2937/2937
f 2938/2938 2945/2945 2936/2936
f 2932/2932 2946/2946 2939/2939
f 611/611 2942/2942 608/608
f 2940/2940 2947/2947 2938/2938
f 2945/2945 2948/2948 2931/2931
f 2948/2948 2949/2949 2920/2920
f 2948/2948 2920/2920 2931/2931
f 2949/2949 2950/2950 2920/2920
f 2920/2920 2950/2950 2932/2932
f 2950/2950 2946/2946 2932/2932
f 2951/2951 2945/2945 2938/2938
f 2929/2929 2952/2952 2941/2941
f 2942/2942 2953/2953 2943/2943
f 2953/2953 2944/2944 2943/2943
f 2954/2954 2940/2940 2944/2944
f 2954/2954 2947/2947 2940/2940
f 2938/2938 2955/2955 2951/2951
f 611/611 613/613 2942/2942
f 2953/2953 2956/2956 2944/2944
f 2944/2944 2956/2956 2954/2954
f 2954/2954 2957/2957 2947/2947
f 2957/2957 2938/2938 2947/2947
f 2957/2957 2955/2955 2938/2938
f 2951/2951 2948/2948 2945/2945
f 2950/2950 2958/2958 2946/2946
f 2948/2948 2959/2959 2949/2949
f 2959/2959 2950/2950 2949/2949
f 2720/2720 2960/2960 2725/2725
f 613/613 2961/2961 2942/2942
f 2942/2942 2961/2961 2953/2953
f 2956/2956 2957/2957 2954/2954
f 2955/2955 2962/2962 2951/2951
f 2962/2962 2948/2948 2951/2951
f 2963/2963 2959/2959 2948/2948
f 2961/2961 2964/2964 2953/2953
f 2960/2960 2965/2965 2725/2725
f 2953/2953 2966/2966 2956/2956
f 614/614 2961/2961 613/613
f 2964/2964 2966/2966 2953/2953
f 2966/2966 2967/2967 2956/2956
f 2956/2956 2967/2967 2957/2957
f 2967/2967 2955/2955 2957/2957
f 2967/2967 2968/2968 2955/2955
f 2968/2968 2962/2962 2955/2955
f 2962/2962 2969/2969 2948/2948
f 2969/2969 2963/2963 2948/2948
f 614/614 2970/2970 2961/2961
f 2961/2961 2970/2970 2964/2964
f 2959/2959 2971/2971 2950/2950
f 2971/2971 2972/2972 2950/2950
f 2950/2950 2972/2972 2958/2958
f 2965/2965 2973/2973 2725/2725
f 2970/2970 2966/2966 2964/2964
f 2966/2966 2974/2974 2967/2967
f 2963/2963 2975/2975 2959/2959
f 2975/2975 2971/2971 2959/2959
f 2970/2970 2976/2976 2966/2966
f 2976/2976 2974/2974 2966/2966
f 2968/2968 2967/2967 2974/2974
f 2968/2968 2977/2977 2962/2962
f 2977/2977 2969/2969 2962/2962
f 2725/2725 2973/2973 2728/2728
f 615/615 2970/2970 614/614
f 615/615 2978/2978 2970/2970
f 2978/2978 2976/2976 2970/2970
f 2976/2976 2979/2979 2974/2974
f 2979/2979 2980/2980 2974/2974
f 2980/2980 2968/2968 2974/2974
f 2980/2980 2981/2981 2968/2968
f 2981/2981 2977/2977 2968/2968
f 2969/2969 2975/2975 2963/2963
f 2971/2971 2982/2982 2972/2972
f 2978/2978 2979/2979 2976/2976
f 2981/2981 2983/2983 2977/2977
f 2977/2977 2983/2983 2969/2969
f 2983/2983 2984/2984 2975/2975
f 2983/2983 2975/2975 2969/2969
f 2984/2984 2971/2971 2975/2975
f 2984/2984 2982/2982 2971/2971
f 2985/2985 2986/2986 2987/2987
f 617/617 2988/2988 615/615
f 615/615 2988/2988 2978/2978
f 2988/2988 2989/2989 2978/2978
f 2989/2989 2990/2990 2978/2978
f 2978/2978 2990/2990 2979/2979
f 2979/2979 2990/2990 2980/2980
f 2990/2990 2991/2991 2980/2980
f 2991/2991 2992/2992 2980/2980
f 2980/2980 2992/2992 2981/2981
f 2992/2992 2993/2993 2981/2981
f 2981/2981 2993/2993 2983/2983
f 2993/2993 2994/2994 2983/2983
f 2994/2994 2984/2984 2983/2983
f 2994/2994 2995/2995 2984/2984
f 2679/2679 2996/2996 2680/2680
f 2995/2995 2997/2997 2982/2982
f 2995/2995 2982/2982 2984/2984
f 2998/2998 2999/2999 2728/2728
f 3000/3000 2999/2999 2998/2998
f 2999/2999 2729/2729 2728/2728
f 3001/3001 3002/3002 3003/3003
f 2999/2999 617/617 2729/2729
f 2999/2999 3004/3004 617/617
f 617/617 616/616 2729/2729
f 3004/3004 3005/3005 617/617
f 617/617 3005/3005 2988/2988
f 3005/3005 3006/3006 2988/2988
f 2988/2988 3006/3006 2989/2989
f 3007/3007 2993/2993 2992/2992
f 3007/3007 3008/3008 2993/2993
f 2993/2993 3008/3008 2994/2994
f 582/582 623/623 581/581
f 623/623 622/622 581/581
f 3009/3009 2688/2688 2687/2687
f 3009/3009 2748/2748 2688/2688
f 3010/3010 3011/3011 2750/2750
f 2748/2748 3012/3012 2749/2749
f 3011/3011 3013/3013 2751/2751
f 3011/3011 2751/2751 2750/2750
f 3013/3013 3014/3014 2751/2751
f 3014/3014 2787/2787 2751/2751
f 647/647 649/649 2769/2769
f 3014/3014 2788/2788 2787/2787
f 2847/2847 3015/3015 2870/2870
f 3015/3015 2883/2883 2870/2870
f 2883/2883 3016/3016 2897/2897
f 3016/3016 2911/2911 2897/2897
f 3016/3016 2929/2929 2911/2911
f 3016/3016 3017/3017 2929/2929
f 3017/3017 3018/3018 2929/2929
f 2929/2929 3018/3018 2952/2952
f 3019/3019 3020/3020 2985/2985
f 3020/3020 3021/3021 2985/2985
f 3021/3021 3022/3022 2986/2986
f 3021/3021 2986/2986 2985/2985
f 3022/3022 3023/3023 2986/2986
f 661/661 3024/3024 662/662
f 661/661 3025/3025 3024/3024
f 3025/3025 3026/3026 3024/3024
f 3026/3026 3025/3025 3027/3027
f 3025/3025 663/663 3027/3027
f 663/663 665/665 3027/3027
f 668/668 3028/3028 667/667
f 3028/3028 3029/3029 3030/3030
f 3028/3028 3030/3030 667/667
f 3029/3029 3031/3031 3030/3030
f 3030/3030 3031/3031 3032/3032
f 3001/3001 3033/3033 3002/3002
f 3033/3033 658/658 3002/3002
f 658/658 657/657 3002/3002
f 2996/2996 3034/3034 2680/2680
f 3034/3034 2681/2681 2680/2680
f 2645/2645 3035/3035 2608/2608
f 2617/2617 3036/3036 2646/2646
f 582/582 683/683 623/623
f 3009/3009 3037/3037 2748/2748
f 3037/3037 3012/3012 2748/2748
f 3014/3014 3038/3038 2788/2788
f 3038/3038 2799/2799 2788/2788
f 2799/2799 3038/3038 2815/2815
f 3038/3038 3039/3039 2815/2815
f 2815/2815 3039/3039 2830/2830
f 3040/3040 2847/2847 2830/2830
f 3040/3040 3041/3041 2847/2847
f 2847/2847 3041/3041 3015/3015
f 3041/3041 3042/3042 3015/3015
f 3042/3042 2883/2883 3015/3015
f 3042/3042 3016/3016 2883/2883
f 3042/3042 3043/3043 3016/3016
f 3043/3043 3017/3017 3016/3016
f 3043/3043 3044/3044 3017/3017
f 3017/3017 3044/3044 3018/3018
f 3018/3018 3019/3019 2952/2952
f 3045/3045 3046/3046 656/656
f 656/656 3046/3046 659/659
f 3046/3046 3047/3047 661/661
f 3046/3046 661/661 659/659
f 3047/3047 3048/3048 3025/3025
f 3047/3047 3025/3025 661/661
f 3048/3048 3049/3049 3025/3025
f 3049/3049 663/663 3025/3025
f 3049/3049 664/664 663/663
f 664/664 3050/3050 3028/3028
f 664/664 3028/3028 668/668
f 3050/3050 3051/3051 3028/3028
f 3051/3051 3029/3029 3028/3028
f 3029/3029 3052/3052 3031/3031
f 3053/3053 3054/3054 2681/2681
f 3053/3053 2681/2681 3034/3034
f 783/783 2645/2645 2615/2615
f 2608/2608 3035/3035 2610/2610
f 3036/3036 2647/2647 2646/2646
f 2684/2684 3055/3055 2612/2612
f 2730/2730 2685/2685 2606/2606
f 2685/2685 3056/3056 2731/2731
f 2731/2731 3056/3056 2732/2732
f 3056/3056 3057/3057 2732/2732
f 3057/3057 2660/2660 2732/2732
f 2614/2614 3058/3058 2613/2613
f 3059/3059 3060/3060 2661/2661
f 3060/3060 2687/2687 2661/2661
f 2687/2687 3061/3061 3009/3009
f 3061/3061 3062/3062 3009/3009
f 3062/3062 3037/3037 3009/3009
f 3037/3037 3063/3063 3012/3012
f 3064/3064 3038/3038 3014/3014
f 3064/3064 3065/3065 3038/3038
f 3065/3065 3066/3066 3038/3038
f 3038/3038 3067/3067 3039/3039
f 3067/3067 3068/3068 3039/3039
f 3039/3039 3068/3068 2830/2830
f 3068/3068 3069/3069 2830/2830
f 3069/3069 3070/3070 3040/3040
f 3069/3069 3040/3040 2830/2830
f 3040/3040 3071/3071 3041/3041
f 3041/3041 3071/3071 3042/3042
f 3071/3071 3072/3072 3042/3042
f 3072/3072 3073/3073 3042/3042
f 3073/3073 3043/3043 3042/3042
f 3073/3073 3074/3074 3043/3043
f 3043/3043 3074/3074 3044/3044
f 3074/3074 3075/3075 3044/3044
f 3075/3075 3076/3076 3044/3044
f 3076/3076 3018/3018 3044/3044
f 3076/3076 3077/3077 3018/3018
f 3018/3018 3077/3077 3019/3019
f 3077/3077 3078/3078 3019/3019
f 3078/3078 3020/3020 3019/3019
f 3078/3078 3021/3021 3020/3020
f 3079/3079 3080/3080 3001/3001
f 701/701 3045/3045 656/656
f 3046/3046 3048/3048 3047/3047
f 3048/3048 3081/3081 3049/3049
f 3081/3081 3082/3082 3049/3049
f 3082/3082 3083/3083 3049/3049
f 3083/3083 664/664 3049/3049
f 3083/3083 3050/3050 664/664
f 3051/3051 3084/3084 3029/3029
f 3084/3084 3052/3052 3029/3029
f 3080/3080 3085/3085 3001/3001
f 3001/3001 3085/3085 3033/3033
f 3085/3085 701/701 3033/3033
f 3033/3033 701/701 658/658
f 3035/3035 3086/3086 2610/2610
f 3086/3086 3087/3087 2610/2610
f 2610/2610 3087/3087 2611/2611
f 3055/3055 3088/3088 2612/2612
f 3088/3088 2730/2730 2609/2609
f 3088/3088 2609/2609 2612/2612
f 784/784 2657/2657 2660/2660
f 784/784 783/783 2657/2657
f 582/582 725/725 683/683
f 3089/3089 3011/3011 3010/3010
f 3011/3011 3090/3090 3013/3013
f 3090/3090 3014/3014 3013/3013
f 3091/3091 3045/3045 701/701
f 3045/3045 3092/3092 3046/3046
f 3092/3092 3093/3093 3046/3046
f 3093/3093 3094/3094 3046/3046
f 3094/3094 3048/3048 3046/3046
f 3094/3094 3095/3095 3048/3048
f 3095/3095 3081/3081 3048/3048
f 3095/3095 3096/3096 3081/3081
f 3081/3081 3096/3096 3082/3082
f 3080/3080 3091/3091 3085/3085
f 3085/3085 3091/3091 701/701
f 3097/3097 3035/3035 2645/2645
f 3087/3087 2617/2617 2611/2611
f 2730/2730 3098/3098 2685/2685
f 2685/2685 3098/3098 3056/3056
f 3098/3098 3099/3099 3057/3057
f 3098/3098 3057/3057 3056/3056
f 3099/3099 3100/3100 3057/3057
f 757/757 3101/3101 3102/3102
f 3102/3102 3101/3101 3103/3103
f 3100/3100 3104/3104 3057/3057
f 3101/3101 3105/3105 3103/3103
f 3103/3103 3105/3105 3106/3106
f 756/756 3107/3107 757/757
f 3107/3107 3108/3108 3101/3101
f 3107/3107 3101/3101 757/757
f 3108/3108 3109/3109 3105/3105
f 3108/3108 3105/3105 3101/3101
f 3110/3110 3111/3111 756/756
f 756/756 3111/3111 3107/3107
f 3111/3111 3112/3112 3108/3108
f 3111/3111 3108/3108 3107/3107
f 3112/3112 3113/3113 3109/3109
f 3112/3112 3109/3109 3108/3108
f 3114/3114 3115/3115 3111/3111
f 3111/3111 3115/3115 3112/3112
f 3115/3115 3116/3116 3112/3112
f 3112/3112 3116/3116 3113/3113
f 738/738 725/725 582/582
f 3060/3060 3061/3061 2687/2687
f 3089/3089 3117/3117 3011/3011
f 3037/3037 3118/3118 3063/3063
f 3117/3117 3090/3090 3011/3011
f 3090/3090 3064/3064 3014/3014
f 3119/3119 3066/3066 3065/3065
f 3066/3066 3120/3120 3038/3038
f 3038/3038 3120/3120 3067/3067
f 3121/3121 3040/3040 3070/3070
f 3040/3040 3122/3122 3071/3071
f 3072/3072 3123/3123 3073/3073
f 3073/3073 3123/3123 3074/3074
f 3021/3021 3124/3124 3022/3022
f 3124/3124 3125/3125 3022/3022
f 3091/3091 3126/3126 3045/3045
f 3127/3127 3128/3128 3083/3083
f 3128/3128 3050/3050 3083/3083
f 3050/3050 3129/3129 3051/3051
f 3129/3129 3084/3084 3051/3051
f 3084/3084 3130/3130 3052/3052
f 3131/3131 3054/3054 3053/3053
f 783/783 3097/3097 2645/2645
f 3132/3132 3133/3133 3098/3098
f 3098/3098 3133/3133 3099/3099
f 3102/3102 758/758 757/757
f 761/761 760/760 3134/3134
f 3104/3104 3135/3135 3057/3057
f 3135/3135 3136/3136 3057/3057
f 3057/3057 3136/3136 2660/2660
f 3136/3136 3137/3137 784/784
f 3136/3136 784/784 2660/2660
f 761/761 3138/3138 759/759
f 3138/3138 3139/3139 3140/3140
f 3138/3138 3140/3140 759/759
f 3139/3139 3141/3141 3140/3140
f 3142/3142 3143/3143 3144/3144
f 3143/3143 3145/3145 3146/3146
f 3143/3143 3146/3146 3144/3144
f 3145/3145 3147/3147 3146/3146
f 3146/3146 3147/3147 3148/3148
f 3147/3147 3149/3149 3148/3148
f 3148/3148 3149/3149 3150/3150
f 3151/3151 3152/3152 3059/3059
f 3059/3059 3152/3152 3060/3060
f 3061/3061 3153/3153 3062/3062
f 3153/3153 3037/3037 3062/3062
f 3154/3154 3155/3155 3071/3071
f 3155/3155 3072/3072 3071/3071
f 3074/3074 3156/3156 3075/3075
f 3078/3078 3157/3157 3021/3021
f 3157/3157 3124/3124 3021/3021
f 3126/3126 3158/3158 3045/3045
f 3158/3158 3092/3092 3045/3045
f 3159/3159 3096/3096 3095/3095
f 3128/3128 3129/3129 3050/3050
f 3129/3129 3130/3130 3084/3084
f 3080/3080 3160/3160 3091/3091
f 3160/3160 3126/3126 3091/3091
f 3131/3131 3161/3161 3054/3054
f 3162/3162 3086/3086 3035/3035
f 2730/2730 3163/3163 3098/3098
f 3164/3164 3165/3165 3132/3132
f 3164/3164 3132/3132 3098/3098
f 3166/3166 3167/3167 3134/3134
f 3134/3134 3167/3167 761/761
f 3167/3167 3168/3168 3138/3138
f 3167/3167 3138/3138 761/761
f 3168/3168 3139/3139 3138/3138
f 800/800 801/801 3169/3169
f 801/801 805/805 3169/3169
f 3143/3143 3170/3170 3145/3145
f 3170/3170 3147/3147 3145/3145
f 3170/3170 3171/3171 3147/3147
f 3147/3147 3171/3171 3149/3149
f 3152/3152 3172/3172 3060/3060
f 3060/3060 3172/3172 3061/3061
f 3172/3172 3153/3153 3061/3061
f 3153/3153 3173/3173 3037/3037
f 3173/3173 3118/3118 3037/3037
f 3174/3174 3064/3064 3090/3090
f 3064/3064 3175/3175 3065/3065
f 3175/3175 3119/3119 3065/3065
f 3176/3176 3066/3066 3119/3119
f 3176/3176 3120/3120 3066/3066
f 3120/3120 3177/3177 3067/3067
f 3177/3177 3068/3068 3067/3067
f 3122/3122 3154/3154 3071/3071
f 3178/3178 3123/3123 3072/3072
f 3077/3077 3157/3157 3078/3078
f 3158/3158 3179/3179 3092/3092
f 3179/3179 3093/3093 3092/3092
f 3180/3180 3096/3096 3159/3159
f 3082/3082 3127/3127 3083/3083
f 782/782 3181/3181 783/783
f 3181/3181 3097/3097 783/783
f 3097/3097 3162/3162 3035/3035
f 3182/3182 2658/2658 2647/2647
f 3088/3088 3183/3183 2730/2730
f 3164/3164 3184/3184 3165/3165
f 3165/3165 3184/3184 3185/3185
f 3184/3184 3186/3186 3185/3185
f 3184/3184 3187/3187 3186/3186
f 3187/3187 3136/3136 3135/3135
f 3174/3174 3175/3175 3064/3064
f 3069/3069 3188/3188 3070/3070
f 3188/3188 3121/3121 3070/3070
f 3121/3121 3122/3122 3040/3040
f 3155/3155 3178/3178 3072/3072
f 3124/3124 3189/3189 3125/3125
f 3094/3094 3159/3159 3095/3095
f 3096/3096 3180/3180 3082/3082
f 3180/3180 3127/3127 3082/3082
f 3190/3190 3128/3128 3127/3127
f 3191/3191 3160/3160 3080/3080
f 3087/3087 3036/3036 2617/2617
f 3182/3182 3192/3192 2658/2658
f 3193/3193 2614/2614 2659/2659
f 3163/3163 3194/3194 3098/3098
f 3194/3194 3164/3164 3098/3098
f 3164/3164 3195/3195 3184/3184
f 3184/3184 3195/3195 3187/3187
f 3195/3195 3136/3136 3187/3187
f 738/738 829/829 725/725
f 3196/3196 3117/3117 3089/3089
f 3117/3117 3197/3197 3090/3090
f 3197/3197 3174/3174 3090/3090
f 3174/3174 3198/3198 3175/3175
f 3198/3198 3199/3199 3175/3175
f 3175/3175 3199/3199 3119/3119
f 3199/3199 3176/3176 3119/3119
f 3176/3176 3200/3200 3120/3120
f 3200/3200 3177/3177 3120/3120
f 3201/3201 3122/3122 3121/3121
f 3201/3201 3202/3202 3122/3122
f 3202/3202 3154/3154 3122/3122
f 3123/3123 3203/3203 3074/3074
f 3203/3203 3156/3156 3074/3074
f 3156/3156 3076/3076 3075/3075
f 3204/3204 3157/3157 3077/3077
f 3179/3179 3205/3205 3093/3093
f 3093/3093 3205/3205 3094/3094
f 3159/3159 3206/3206 3180/3180
f 3036/3036 3182/3182 2647/2647
f 3207/3207 3208/3208 2684/2684
f 3207/3207 2684/2684 2683/2683
f 3183/3183 3163/3163 2730/2730
f 3194/3194 3195/3195 3164/3164
f 3195/3195 3137/3137 3136/3136
f 3153/3153 3209/3209 3173/3173
f 3209/3209 3118/3118 3173/3173
f 3177/3177 3210/3210 3068/3068
f 3210/3210 3069/3069 3068/3068
f 3178/3178 3211/3211 3123/3123
f 3205/3205 3212/3212 3094/3094
f 3212/3212 3159/3159 3094/3094
f 3180/3180 3213/3213 3127/3127
f 3213/3213 3214/3214 3127/3127
f 3127/3127 3214/3214 3190/3190
f 3190/3190 3215/3215 3129/3129
f 3190/3190 3129/3129 3128/3128
f 3215/3215 3130/3130 3129/3129
f 3160/3160 3216/3216 3126/3126
f 3199/3199 3217/3217 3176/3176
f 3217/3217 3200/3200 3176/3176
f 3210/3210 3188/3188 3069/3069
f 3188/3188 3201/3201 3121/3121
f 3211/3211 3203/3203 3123/3123
f 3156/3156 3218/3218 3076/3076
f 3076/3076 3204/3204 3077/3077
f 3157/3157 3219/3219 3124/3124
f 3219/3219 3189/3189 3124/3124
f 3206/3206 3213/3213 3180/3180
f 3191/3191 3216/3216 3160/3160
f 3161/3161 3220/3220 3054/3054
f 3221/3221 3182/3182 3036/3036
f 3194/3194 3137/3137 3195/3195
f 861/861 829/829 738/738
f 3222/3222 3172/3172 3152/3152
f 3188/3188 3223/3223 3201/3201
f 3154/3154 3178/3178 3155/3155
f 3211/3211 3224/3224 3203/3203
f 3203/3203 3225/3225 3156/3156
f 3225/3225 3218/3218 3156/3156
f 3218/3218 3204/3204 3076/3076
f 3204/3204 3226/3226 3157/3157
f 3226/3226 3227/3227 3157/3157
f 3227/3227 3219/3219 3157/3157
f 949/949 3158/3158 3126/3126
f 3212/3212 3206/3206 3159/3159
f 3216/3216 949/949 3126/3126
f 3181/3181 974/974 3097/3097
f 3228/3228 3162/3162 3097/3097
f 3228/3228 3086/3086 3162/3162
f 3229/3229 3221/3221 3036/3036
f 3193/3193 3230/3230 2614/2614
f 3231/3231 3137/3137 3194/3194
f 3232/3232 784/784 3137/3137
f 3233/3233 3222/3222 3151/3151
f 3151/3151 3222/3222 3152/3152
f 3222/3222 3234/3234 3172/3172
f 3234/3234 3235/3235 3172/3172
f 3172/3172 3235/3235 3153/3153
f 3235/3235 3209/3209 3153/3153
f 3236/3236 3199/3199 3198/3198
f 3236/3236 3217/3217 3199/3199
f 3237/3237 3210/3210 3177/3177
f 3210/3210 3238/3238 3188/3188
f 3238/3238 3223/3223 3188/3188
f 3223/3223 3202/3202 3201/3201
f 3239/3239 3154/3154 3202/3202
f 3154/3154 3240/3240 3178/3178
f 3240/3240 3211/3211 3178/3178
f 3179/3179 3241/3241 3205/3205
f 3206/3206 3242/3242 3213/3213
f 3242/3242 3214/3214 3213/3213
f 3190/3190 3243/3243 3215/3215
f 3244/3244 3245/3245 3131/3131
f 3131/3131 3245/3245 3161/3161
f 3245/3245 3220/3220 3161/3161
f 974/974 3228/3228 3097/3097
f 3087/3087 3229/3229 3036/3036
f 3221/3221 3246/3246 3182/3182
f 3246/3246 3192/3192 3182/3182
f 3208/3208 3055/3055 2684/2684
f 3163/3163 3231/3231 3194/3194
f 3247/3247 3137/3137 3231/3231
f 3247/3247 3232/3232 3137/3137
f 3232/3232 782/782 784/784
f 3197/3197 3198/3198 3174/3174
f 3217/3217 3248/3248 3200/3200
f 3249/3249 3225/3225 3203/3203
f 3205/3205 3250/3250 3212/3212
f 3212/3212 3250/3250 3206/3206
f 3250/3250 3251/3251 3206/3206
f 3215/3215 3252/3252 3130/3130
f 3228/3228 3253/3253 3086/3086
f 3088/3088 3254/3254 3183/3183
f 3183/3183 3255/3255 3163/3163
f 3255/3255 3231/3231 3163/3163
f 3230/3230 3058/3058 2614/2614
f 885/885 867/867 875/875
f 3200/3200 3237/3237 3177/3177
f 3239/3239 3240/3240 3154/3154
f 3219/3219 3256/3256 3189/3189
f 3251/3251 3242/3242 3206/3206
f 3242/3242 3257/3257 3214/3214
f 3257/3257 3190/3190 3214/3214
f 3243/3243 3252/3252 3215/3215
f 3258/3258 3229/3229 3087/3087
f 3232/3232 3259/3259 782/782
f 3259/3259 3260/3260 782/782
f 3260/3260 3181/3181 782/782
f 3230/3230 3261/3261 3058/3058
f 3196/3196 3262/3262 3117/3117
f 3262/3262 3197/3197 3117/3117
f 3197/3197 3263/3263 3198/3198
f 3264/3264 3217/3217 3236/3236
f 3264/3264 3248/3248 3217/3217
f 3265/3265 3237/3237 3200/3200
f 3223/3223 3239/3239 3202/3202
f 3240/3240 3266/3266 3211/3211
f 3266/3266 3224/3224 3211/3211
f 3224/3224 3249/3249 3203/3203
f 3241/3241 3267/3267 3205/3205
f 3267/3267 3250/3250 3205/3205
f 3251/3251 3268/3268 3242/3242
f 3257/3257 3269/3269 3190/3190
f 3269/3269 3243/3243 3190/3190
f 3270/3270 3216/3216 3191/3191
f 3260/3260 974/974 3181/3181
f 974/974 3271/3271 3228/3228
f 3228/3228 3271/3271 3253/3253
f 3272/3272 3087/3087 3086/3086
f 3272/3272 3258/3258 3087/3087
f 908/908 829/829 861/861
f 3222/3222 3235/3235 3234/3234
f 3263/3263 3236/3236 3198/3198
f 3273/3273 3240/3240 3239/3239
f 3274/3274 3179/3179 3158/3158
f 3179/3179 3275/3275 3241/3241
f 3268/3268 3257/3257 3242/3242
f 3253/3253 3272/3272 3086/3086
f 3229/3229 3276/3276 3221/3221
f 3276/3276 3246/3246 3221/3221
f 3055/3055 3277/3277 3088/3088
f 3247/3247 3278/3278 3232/3232
f 3278/3278 3259/3259 3232/3232
f 885/885 921/921 867/867
f 908/908 923/923 829/829
f 3279/3279 3200/3200 3248/3248
f 3237/3237 3238/3238 3210/3210
f 3266/3266 3280/3280 3224/3224
f 3277/3277 3254/3254 3088/3088
f 3254/3254 3255/3255 3183/3183
f 3281/3281 3231/3231 3255/3255
f 3282/3282 3278/3278 3247/3247
f 3259/3259 3283/3283 3260/3260
f 3283/3283 3284/3284 3260/3260
f 3284/3284 974/974 3260/3260
f 3233/3233 3285/3285 3222/3222
f 3285/3285 3235/3235 3222/3222
f 3263/3263 3264/3264 3236/3236
f 3286/3286 3239/3239 3223/3223
f 3218/3218 3287/3287 3204/3204
f 3287/3287 3226/3226 3204/3204
f 949/949 951/951 3158/3158
f 951/951 3274/3274 3158/3158
f 3274/3274 3275/3275 3179/3179
f 3288/3288 3251/3251 3250/3250
f 3288/3288 3268/3268 3251/3251
f 3270/3270 3289/3289 3216/3216
f 3289/3289 949/949 3216/3216
f 3208/3208 3277/3277 3055/3055
f 3231/3231 3290/3290 3247/3247
f 3290/3290 3282/3282 3247/3247
f 3278/3278 3291/3291 3259/3259
f 3291/3291 3283/3283 3259/3259
f 3292/3292 3284/3284 3283/3283
f 3293/3293 3294/3294 3235/3235
f 3235/3235 3294/3294 3209/3209
f 3294/3294 3295/3295 3209/3209
f 3262/3262 3296/3296 3197/3197
f 3296/3296 3263/3263 3197/3197
f 3264/3264 3297/3297 3248/3248
f 3279/3279 3265/3265 3200/3200
f 3265/3265 3298/3298 3237/3237
f 3237/3237 3298/3298 3238/3238
f 3238/3238 3286/3286 3223/3223
f 3249/3249 3299/3299 3225/3225
f 3241/3241 3300/3300 3267/3267
f 3301/3301 3250/3250 3267/3267
f 3301/3301 3288/3288 3250/3250
f 3269/3269 3302/3302 3243/3243
f 3289/3289 950/950 949/949
f 3258/3258 3303/3303 3229/3229
f 3304/3304 3284/3284 3292/3292
f 3284/3284 975/975 974/974
f 955/955 923/923 908/908
f 3285/3285 3293/3293 3235/3235
f 3305/3305 3262/3262 3196/3196
f 3306/3306 3307/3307 3264/3264
f 3306/3306 3264/3264 3263/3263
f 3264/3264 3308/3308 3297/3297
f 3297/3297 3279/3279 3248/3248
f 3279/3279 3309/3309 3265/3265
f 3310/3310 3286/3286 3238/3238
f 3286/3286 3273/3273 3239/3239
f 3311/3311 3280/3280 3266/3266
f 3280/3280 3249/3249 3224/3224
f 3226/3226 3312/3312 3227/3227
f 3312/3312 3219/3219 3227/3227
f 3300/3300 3301/3301 3267/3267
f 3268/3268 3313/3313 3257/3257
f 3313/3313 3269/3269 3257/3257
f 3302/3302 3314/3314 3243/3243
f 3243/3243 3314/3314 3252/3252
f 3245/3245 3315/3315 3220/3220
f 3303/3303 3276/3276 3229/3229
f 3316/3316 3255/3255 3254/3254
f 3281/3281 3290/3290 3231/3231
f 3291/3291 3292/3292 3283/3283
f 3317/3317 3285/3285 3233/3233
f 3225/3225 3318/3318 3218/3218
f 3275/3275 3319/3319 3241/3241
f 3319/3319 3300/3300 3241/3241
f 3320/3320 3288/3288 3301/3301
f 3288/3288 3321/3321 3268/3268
f 3321/3321 3322/3322 3268/3268
f 3322/3322 3313/3313 3268/3268
f 3323/3323 3289/3289 3270/3270
f 3324/3324 3245/3245 3244/3244
f 976/976 3271/3271 974/974
f 3325/3325 3192/3192 3246/3246
f 3326/3326 1168/1168 3207/3207
f 3207/3207 1168/1168 3208/3208
f 1168/1168 3277/3277 3208/3208
f 3278/3278 3327/3327 3291/3291
f 3327/3327 3328/3328 3291/3291
f 3328/3328 3329/3329 3292/3292
f 3328/3328 3292/3292 3291/3291
f 3329/3329 3330/3330 3304/3304
f 3329/3329 3304/3304 3292/3292
f 3304/3304 975/975 3284/3284
f 955/955 978/978 923/923
f 3296/3296 3306/3306 3263/3263
f 3280/3280 3331/3331 3249/3249
f 3331/3331 3299/3299 3249/3249
f 3219/3219 3332/3332 3256/3256
f 3333/3333 3323/3323 3270/3270
f 3334/3334 3315/3315 3245/3245
f 3271/3271 976/976 3253/3253
f 3325/3325 3335/3335 3192/3192
f 3336/3336 3230/3230 3193/3193
f 3316/3316 3281/3281 3255/3255
f 3282/3282 3337/3337 3278/3278
f 3278/3278 3337/3337 3327/3327
f 3328/3328 3338/3338 3329/3329
f 3338/3338 3339/3339 3329/3329
f 3339/3339 3330/3330 3329/3329
f 3307/3307 3340/3340 3264/3264
f 3264/3264 3340/3340 3308/3308
f 3299/3299 3318/3318 3225/3225
f 3341/3341 3226/3226 3287/3287
f 951/951 3342/3342 3274/3274
f 3274/3274 3342/3342 3275/3275
f 3342/3342 3319/3319 3275/3275
f 3300/3300 3320/3320 3301/3301
f 1020/1020 1022/1022 984/984
f 1022/1022 1026/1026 984/984
f 984/984 1026/1026 985/985
f 1027/1027 1029/1029 3343/3343
f 1026/1026 989/989 985/985
f 1029/1029 3344/3344 3343/3343
f 3343/3343 3344/3344 3345/3345
f 3346/3346 3325/3325 3276/3276
f 3276/3276 3325/3325 3246/3246
f 3277/3277 3316/3316 3254/3254
f 3347/3347 3282/3282 3290/3290
f 3337/3337 3348/3348 3327/3327
f 3348/3348 3349/3349 3328/3328
f 3348/3348 3328/3328 3327/3327
f 3350/3350 3330/3330 3339/3339
f 3330/3330 3351/3351 3304/3304
f 3351/3351 975/975 3304/3304
f 3308/3308 3279/3279 3297/3297
f 3286/3286 3352/3352 3273/3273
f 3240/3240 3311/3311 3266/3266
f 3318/3318 3287/3287 3218/3218
f 3319/3319 3353/3353 3300/3300
f 3353/3353 3320/3320 3300/3300
f 3320/3320 3354/3354 3288/3288
f 3354/3354 3321/3321 3288/3288
f 3355/3355 1042/1042 3356/3356
f 1042/1042 3357/3357 3356/3356
f 1042/1042 1044/1044 3357/3357
f 3358/3358 3359/3359 3360/3360
f 3360/3360 3359/3359 3361/3361
f 1048/1048 1047/1047 1049/1049
f 3359/3359 3362/3362 3361/3361
f 3359/3359 3363/3363 3362/3362
f 3359/3359 3364/3364 3363/3363
f 3364/3364 3365/3365 3363/3363
f 3364/3364 3366/3366 3365/3365
f 3365/3365 3366/3366 1028/1028
f 3366/3366 3367/3367 1028/1028
f 1028/1028 3367/3367 1029/1029
f 3367/3367 3368/3368 3344/3344
f 3367/3367 3344/3344 1029/1029
f 1066/1066 1089/1089 1064/1064
f 3369/3369 3272/3272 3253/3253
f 3369/3369 3258/3258 3272/3272
f 3346/3346 3276/3276 3303/3303
f 1168/1168 3370/3370 3277/3277
f 3370/3370 3316/3316 3277/3277
f 3316/3316 3371/3371 3281/3281
f 3371/3371 3372/3372 3281/3281
f 3281/3281 3372/3372 3290/3290
f 3337/3337 3373/3373 3348/3348
f 3374/3374 3330/3330 3350/3350
f 3374/3374 3351/3351 3330/3330
f 3375/3375 976/976 975/975
f 3376/3376 3285/3285 3317/3317
f 3376/3376 3377/3377 3285/3285
f 3377/3377 3293/3293 3285/3285
f 3293/3293 3378/3378 3294/3294
f 3378/3378 3295/3295 3294/3294
f 3312/3312 3379/3379 3219/3219
f 3379/3379 3332/3332 3219/3219
f 3322/3322 3380/3380 3313/3313
f 3380/3380 3381/3381 3313/3313
f 3313/3313 3381/3381 3269/3269
f 3381/3381 3302/3302 3269/3269
f 3324/3324 3334/3334 3245/3245
f 1079/1079 3382/3382 1043/1043
f 3383/3383 3384/3384 3385/3385
f 3385/3385 3384/3384 3358/3358
f 3386/3386 1108/1108 3387/3387
f 3387/3387 1108/1108 3355/3355
f 1108/1108 1079/1079 3355/3355
f 3355/3355 1079/1079 1042/1042
f 3384/3384 3388/3388 3359/3359
f 3384/3384 3359/3359 3358/3358
f 3388/3388 3389/3389 3359/3359
f 3389/3389 3390/3390 3364/3364
f 3389/3389 3364/3364 3359/3359
f 1085/1085 1119/1119 1115/1115
f 1085/1085 1115/1115 1084/1084
f 1060/1060 1086/1086 1119/1119
f 1060/1060 1119/1119 1085/1085
f 3390/3390 3391/3391 3364/3364
f 3364/3364 3391/3391 3366/3366
f 3392/3392 1127/1127 1125/1125
f 1087/1087 1123/1123 1086/1086
f 3391/3391 1131/1131 3366/3366
f 3366/3366 1131/1131 3367/3367
f 1090/1090 1092/1092 1127/1127
f 1090/1090 1127/1127 3392/3392
f 1131/1131 3393/3393 3367/3367
f 3367/3367 3393/3393 3368/3368
f 1130/1130 3393/3393 1131/1131
f 3393/3393 3394/3394 3368/3368
f 3395/3395 3394/3394 3393/3393
f 3395/3395 3393/3393 1130/1130
f 3326/3326 3396/3396 1168/1168
f 3372/3372 3347/3347 3290/3290
f 3347/3347 3397/3397 3282/3282
f 3397/3397 3337/3337 3282/3282
f 3397/3397 3398/3398 3337/3337
f 3398/3398 3373/3373 3337/3337
f 3398/3398 1137/1137 3373/3373
f 3373/3373 1137/1137 3399/3399
f 3400/3400 3401/3401 3374/3374
f 3401/3401 3402/3402 3374/3374
f 3374/3374 3402/3402 3351/3351
f 3351/3351 3403/3403 975/975
f 3403/3403 3375/3375 975/975
f 3377/3377 3378/3378 3293/3293
f 3273/3273 3404/3404 3240/3240
f 3404/3404 3311/3311 3240/3240
f 3331/3331 3318/3318 3299/3299
f 3318/3318 3341/3341 3287/3287
f 3405/3405 3342/3342 951/951
f 3353/3353 3354/3354 3320/3320
f 1107/1107 3406/3406 1079/1079
f 1107/1107 1079/1079 1108/1108
f 1079/1079 3406/3406 3382/3382
f 3406/3406 3407/3407 3382/3382
f 3408/3408 3409/3409 3384/3384
f 3408/3408 3384/3384 3383/3383
f 3410/3410 1109/1109 3386/3386
f 3386/3386 1109/1109 1108/1108
f 3409/3409 3388/3388 3384/3384
f 3388/3388 1155/1155 3389/3389
f 1155/1155 3411/3411 3389/3389
f 3412/3412 3411/3411 1154/1154
f 1154/1154 3411/3411 1155/1155
f 1118/1118 3413/3413 3414/3414
f 1118/1118 3414/3414 1165/1165
f 3413/3413 3415/3415 3414/3414
f 3414/3414 3415/3415 3416/3416
f 3411/3411 3417/3417 3389/3389
f 3389/3389 3417/3417 3390/3390
f 3415/3415 3418/3418 3416/3416
f 3412/3412 3417/3417 3411/3411
f 1121/1121 3419/3419 3413/3413
f 1121/1121 3413/3413 1118/1118
f 3419/3419 3415/3415 3413/3413
f 3417/3417 3420/3420 3390/3390
f 3415/3415 3421/3421 3418/3418
f 1124/1124 1126/1126 3419/3419
f 1124/1124 3419/3419 1121/1121
f 1126/1126 3422/3422 3419/3419
f 3419/3419 3422/3422 3415/3415
f 3420/3420 3391/3391 3390/3390
f 3422/3422 3421/3421 3415/3415
f 1128/1128 1135/1135 3422/3422
f 1128/1128 3422/3422 1126/1126
f 3420/3420 1132/1132 3391/3391
f 3391/3391 1132/1132 1131/1131
f 1135/1135 1134/1134 3422/3422
f 3422/3422 1134/1134 3421/3421
f 1135/1135 3423/3423 1133/1133
f 1129/1129 3423/3423 1135/1135
f 1129/1129 1135/1135 1128/1128
f 3396/3396 1166/1166 1168/1168
f 3423/3423 3424/3424 3425/3425
f 3423/3423 3425/3425 1133/1133
f 1138/1138 3426/3426 1136/1136
f 1129/1129 3424/3424 3423/3423
f 3427/3427 3253/3253 976/976
f 3428/3428 3325/3325 3346/3346
f 3429/3429 3397/3397 3347/3347
f 3398/3398 1138/1138 1137/1137
f 3430/3430 3401/3401 3400/3400
f 3230/3230 3431/3431 3261/3261
f 3431/3431 3432/3432 3261/3261
f 3262/3262 3433/3433 3296/3296
f 3433/3433 3306/3306 3296/3296
f 3434/3434 3298/3298 3265/3265
f 3352/3352 3404/3404 3273/3273
f 3341/3341 3435/3435 3226/3226
f 3435/3435 3436/3436 3226/3226
f 3226/3226 3436/3436 3312/3312
f 3436/3436 3379/3379 3312/3312
f 3342/3342 3353/3353 3319/3319
f 3381/3381 3437/3437 3302/3302
f 3437/3437 3314/3314 3302/3302
f 950/950 1174/1174 951/951
f 1107/1107 1231/1231 3406/3406
f 1151/1151 1231/1231 1107/1107
f 3406/3406 3438/3438 3407/3407
f 3439/3439 3440/3440 3409/3409
f 3439/3439 3409/3409 3408/3408
f 3441/3441 1151/1151 1109/1109
f 3441/3441 1109/1109 3410/3410
f 3440/3440 3442/3442 3409/3409
f 3409/3409 3442/3442 3388/3388
f 3442/3442 1156/1156 1155/1155
f 3442/3442 1155/1155 3388/3388
f 3443/3443 1164/1164 3444/3444
f 3444/3444 1164/1164 1163/1163
f 1153/1153 1158/1158 1181/1181
f 3375/3375 3427/3427 976/976
f 3303/3303 3445/3445 3346/3346
f 3336/3336 3431/3431 3230/3230
f 3397/3397 3446/3446 3398/3398
f 3446/3446 3447/3447 1138/1138
f 3446/3446 1138/1138 3398/3398
f 3447/3447 3426/3426 1138/1138
f 3447/3447 3448/3448 3430/3430
f 3447/3447 3430/3430 3426/3426
f 3430/3430 3448/3448 3401/3401
f 3448/3448 3403/3403 3401/3401
f 3401/3401 3403/3403 3402/3402
f 3402/3402 3403/3403 3351/3351
f 3377/3377 3449/3449 3378/3378
f 3449/3449 3295/3295 3378/3378
f 3308/3308 3309/3309 3279/3279
f 3298/3298 3310/3310 3238/3238
f 3280/3280 3450/3450 3331/3331
f 3379/3379 3451/3451 3332/3332
f 951/951 1175/1175 3405/3405
f 1175/1175 3452/3452 3405/3405
f 3452/3452 3342/3342 3405/3405
f 3437/3437 3453/3453 3314/3314
f 3454/3454 3323/3323 3333/3333
f 3455/3455 3334/3334 3324/3324
f 1231/1231 3456/3456 3406/3406
f 3456/3456 3438/3438 3406/3406
f 3439/3439 3457/3457 3440/3440
f 3441/3441 3458/3458 1151/1151
f 3458/3458 1232/1232 1151/1151
f 1151/1151 1232/1232 1231/1231
f 3457/3457 3459/3459 3440/3440
f 3440/3440 3459/3459 3442/3442
f 3459/3459 1156/1156 3442/3442
f 3443/3443 1185/1185 1164/1164
f 1167/1167 3370/3370 1168/1168
f 3460/3460 3316/3316 3370/3370
f 3429/3429 3446/3446 3397/3397
f 3446/3446 3461/3461 3447/3447
f 3461/3461 3462/3462 3447/3447
f 3447/3447 3462/3462 3448/3448
f 3462/3462 3463/3463 3448/3448
f 3463/3463 3403/3403 3448/3448
f 3464/3464 3465/3465 3376/3376
f 3376/3376 3465/3465 3377/3377
f 955/955 1190/1190 978/978
f 3465/3465 3466/3466 3377/3377
f 3466/3466 3449/3449 3377/3377
f 3449/3449 3467/3467 3295/3295
f 3468/3468 3307/3307 3306/3306
f 3340/3340 3309/3309 3308/3308
f 3434/3434 3265/3265 3309/3309
f 3310/3310 3469/3469 3286/3286
f 3469/3469 3352/3352 3286/3286
f 3404/3404 3470/3470 3311/3311
f 3470/3470 3450/3450 3280/3280
f 3470/3470 3280/3280 3311/3311
f 3471/3471 3354/3354 3353/3353
f 3471/3471 3472/3472 3354/3354
f 3380/3380 3473/3473 3381/3381
f 3323/3323 3474/3474 3289/3289
f 3474/3474 1174/1174 3289/3289
f 3289/3289 1174/1174 950/950
f 3475/3475 3457/3457 3439/3439
f 3476/3476 3438/3438 3456/3456
f 3477/3477 3458/3458 3441/3441
f 3459/3459 1200/1200 1156/1156
f 3478/3478 1204/1204 1185/1185
f 3478/3478 1185/1185 3443/3443
f 3427/3427 3369/3369 3253/3253
f 3369/3369 3479/3479 3258/3258
f 3479/3479 3303/3303 3258/3258
f 3445/3445 3428/3428 3346/3346
f 3428/3428 3480/3480 3325/3325
f 3480/3480 3481/3481 3335/3335
f 3480/3480 3335/3335 3325/3325
f 3482/3482 3431/3431 3336/3336
f 1167/1167 3460/3460 3370/3370
f 3460/3460 3483/3483 3316/3316
f 3316/3316 3483/3483 3371/3371
f 3372/3372 3429/3429 3347/3347
f 3429/3429 3461/3461 3446/3446
f 3463/3463 3484/3484 3403/3403
f 3484/3484 3375/3375 3403/3403
f 1209/1209 1190/1190 955/955
f 3433/3433 3468/3468 3306/3306
f 3340/3340 3485/3485 3309/3309
f 3352/3352 3486/3486 3404/3404
f 3450/3450 3487/3487 3331/3331
f 3488/3488 3353/3353 3342/3342
f 3354/3354 3489/3489 3321/3321
f 3454/3454 3474/3474 3323/3323
f 3334/3334 3490/3490 3315/3315
f 3475/3475 3491/3491 3457/3457
f 3491/3491 3459/3459 3457/3457
f 3478/3478 1216/1216 1204/1204
f 3484/3484 3427/3427 3375/3375
f 3483/3483 3492/3492 3371/3371
f 3493/3493 3461/3461 3429/3429
f 3494/3494 3340/3340 3307/3307
f 3485/3485 3434/3434 3309/3309
f 3434/3434 3495/3495 3298/3298
f 3469/3469 3496/3496 3352/3352
f 3486/3486 3470/3470 3404/3404
f 3452/3452 3488/3488 3342/3342
f 3497/3497 3471/3471 3353/3353
f 3489/3489 3498/3498 3322/3322
f 3489/3489 3322/3322 3321/3321
f 3322/3322 3498/3498 3380/3380
f 3498/3498 3473/3473 3380/3380
f 1231/1231 3499/3499 3456/3456
f 3499/3499 3476/3476 3456/3456
f 3491/3491 3500/3500 3459/3459
f 3500/3500 1200/1200 3459/3459
f 3479/3479 3445/3445 3303/3303
f 3501/3501 3372/3372 3371/3371
f 3372/3372 3502/3502 3429/3429
f 3502/3502 3493/3493 3429/3429
f 3466/3466 3503/3503 3449/3449
f 3503/3503 3467/3467 3449/3449
f 3495/3495 3310/3310 3298/3298
f 3496/3496 3486/3486 3352/3352
f 3486/3486 3504/3504 3470/3470
f 3505/3505 3488/3488 3452/3452
f 3488/3488 3497/3497 3353/3353
f 3497/3497 3472/3472 3471/3471
f 3472/3472 3489/3489 3354/3354
f 3381/3381 3506/3506 3437/3437
f 3437/3437 3507/3507 3453/3453
f 3455/3455 3508/3508 3334/3334
f 3508/3508 3490/3490 3334/3334
f 1233/1233 3499/3499 1231/1231
f 3369/3369 3509/3509 3479/3479
f 3445/3445 3480/3480 3428/3428
f 3510/3510 3483/3483 3460/3460
f 3431/3431 3511/3511 3432/3432
f 3512/3512 3513/3513 3465/3465
f 3512/3512 3465/3465 3464/3464
f 3513/3513 3466/3466 3465/3465
f 3513/3513 3503/3503 3466/3466
f 3514/3514 3515/3515 3340/3340
f 3515/3515 3485/3485 3340/3340
f 3516/3516 3495/3495 3434/3434
f 3495/3495 3517/3517 3310/3310
f 3517/3517 3469/3469 3310/3310
f 3518/3518 3519/3519 3341/3341
f 3518/3518 3341/3341 3318/3318
f 3506/3506 3520/3520 3437/3437
f 3520/3520 3507/3507 3437/3437
f 3499/3499 3521/3521 3476/3476
f 3522/3522 3523/3523 3477/3477
f 3477/3477 3523/3523 3458/3458
f 3523/3523 1240/1240 1232/1232
f 3523/3523 1232/1232 3458/3458
f 3524/3524 3491/3491 3475/3475
f 3500/3500 1243/1243 1200/1200
f 3525/3525 1216/1216 3478/3478
f 1325/1325 3427/3427 3484/3484
f 3427/3427 3526/3526 3369/3369
f 3526/3526 3509/3509 3369/3369
f 3492/3492 3501/3501 3371/3371
f 3501/3501 3527/3527 3372/3372
f 3527/3527 3502/3502 3372/3372
f 3493/3493 3528/3528 3461/3461
f 3528/3528 3462/3462 3461/3461
f 3468/3468 3529/3529 3307/3307
f 3529/3529 3494/3494 3307/3307
f 3485/3485 3516/3516 3434/3434
f 3516/3516 3517/3517 3495/3495
f 3496/3496 3530/3530 3486/3486
f 3530/3530 3531/3531 3486/3486
f 3532/3532 3487/3487 3450/3450
f 3519/3519 3435/3435 3341/3341
f 1175/1175 1407/1407 3452/3452
f 1407/1407 3505/3505 3452/3452
f 3533/3533 3497/3497 3488/3488
f 3534/3534 3535/3535 3472/3472
f 3535/3535 3489/3489 3472/3472
f 3474/3474 1175/1175 1174/1174
f 3491/3491 3536/3536 3500/3500
f 3536/3536 1243/1243 3500/3500
f 3525/3525 1260/1260 1216/1216
f 3537/3537 1167/1167 1166/1166
f 1325/1325 3526/3526 3427/3427
f 3538/3538 3479/3479 3509/3509
f 3538/3538 3445/3445 3479/3479
f 3539/3539 3480/3480 3445/3445
f 1167/1167 3510/3510 3460/3460
f 3511/3511 3540/3540 3432/3432
f 1262/1262 1190/1190 1209/1209
f 3541/3541 3542/3542 3305/3305
f 3305/3305 3542/3542 3262/3262
f 3542/3542 3433/3433 3262/3262
f 3340/3340 3494/3494 3514/3514
f 3515/3515 3543/3543 3485/3485
f 3543/3543 3516/3516 3485/3485
f 3531/3531 3544/3544 3486/3486
f 3545/3545 3472/3472 3497/3497
f 3546/3546 3547/3547 3455/3455
f 3547/3547 3508/3508 3455/3455
f 3548/3548 3537/3537 1166/1166
f 3538/3538 3539/3539 3445/3445
f 3539/3539 3549/3549 3480/3480
f 3510/3510 3550/3550 3483/3483
f 3462/3462 3551/3551 3463/3463
f 3551/3551 3484/3484 3463/3463
f 3552/3552 3513/3513 3512/3512
f 1262/1262 1269/1269 1190/1190
f 3433/3433 3529/3529 3468/3468
f 3553/3553 3331/3331 3487/3487
f 3553/3553 3554/3554 3331/3331
f 3331/3331 3554/3554 3318/3318
f 3505/3505 3533/3533 3488/3488
f 3533/3533 3545/3545 3497/3497
f 3545/3545 3534/3534 3472/3472
f 3535/3535 3555/3555 3489/3489
f 3555/3555 3498/3498 3489/3489
f 3556/3556 3474/3474 3454/3454
f 3547/3547 3557/3557 3508/3508
f 3524/3524 3558/3558 3491/3491
f 3558/3558 3536/3536 3491/3491
f 3537/3537 3510/3510 1167/1167
f 3559/3559 3560/3560 3509/3509
f 3559/3559 3509/3509 3526/3526
f 3561/3561 3549/3549 3539/3539
f 3528/3528 3562/3562 3462/3462
f 3551/3551 1326/1326 3484/3484
f 3563/3563 3503/3503 3513/3513
f 3542/3542 3564/3564 3433/3433
f 3544/3544 3504/3504 3486/3486
f 3565/3565 3470/3470 3504/3504
f 3554/3554 3518/3518 3318/3318
f 3379/3379 3566/3566 3451/3451
f 3555/3555 3567/3567 3498/3498
f 3557/3557 3490/3490 3508/3508
f 3499/3499 3568/3568 3521/3521
f 3569/3569 3523/3523 3522/3522
f 3570/3570 3558/3558 3524/3524
f 3550/3550 3492/3492 3483/3483
f 3571/3571 3528/3528 3493/3493
f 3562/3562 3551/3551 3462/3462
f 1326/1326 1325/1325 3484/3484
f 3552/3552 3563/3563 3513/3513
f 3563/3563 3572/3572 3503/3503
f 3572/3572 3467/3467 3503/3503
f 3436/3436 3573/3573 3379/3379
f 3573/3573 3566/3566 3379/3379
f 1407/1407 3574/3574 3505/3505
f 3574/3574 3533/3533 3505/3505
f 3575/3575 3473/3473 3498/3498
f 3556/3556 3576/3576 3474/3474
f 3474/3474 1407/1407 1175/1175
f 1233/1233 3577/3577 3499/3499
f 3577/3577 3568/3568 3499/3499
f 3569/3569 3578/3578 3523/3523
f 3578/3578 1240/1240 3523/3523
f 3558/3558 3579/3579 3536/3536
f 3579/3579 1304/1304 3536/3536
f 3536/3536 1304/1304 1243/1243
f 3580/3580 1260/1260 3525/3525
f 1325/1325 3559/3559 3526/3526
f 3581/3581 3539/3539 3538/3538
f 3571/3571 3562/3562 3528/3528
f 3572/3572 3582/3582 3467/3467
f 3487/3487 3583/3583 3553/3553
f 3584/3584 3574/3574 1407/1407
f 3576/3576 3585/3585 3474/3474
f 3585/3585 1407/1407 3474/3474
f 3586/3586 3510/3510 3537/3537
f 3560/3560 3538/3538 3509/3509
f 3587/3587 3550/3550 3510/3510
f 3588/3588 3492/3492 3550/3550
f 1263/1263 1251/1251 1339/1339
f 3517/3517 3589/3589 3469/3469
f 3469/3469 3589/3589 3496/3496
f 3565/3565 3450/3450 3470/3470
f 3573/3573 3590/3590 3566/3566
f 3567/3567 3575/3575 3498/3498
f 3575/3575 3591/3591 3473/3473
f 3578/3578 1323/1323 1240/1240
f 1327/1327 3592/3592 1325/1325
f 3592/3592 3559/3559 1325/1325
f 3587/3587 3588/3588 3550/3550
f 3588/3588 3501/3501 3492/3492
f 3502/3502 3593/3593 3493/3493
f 3593/3593 3571/3571 3493/3493
f 3494/3494 3594/3594 3514/3514
f 3514/3514 3594/3594 3515/3515
f 3595/3595 3544/3544 3531/3531
f 3565/3565 3532/3532 3450/3450
f 3473/3473 3591/3591 3381/3381
f 3591/3591 3506/3506 3381/3381
f 3506/3506 3596/3596 3520/3520
f 3596/3596 3507/3507 3520/3520
f 3597/3597 3576/3576 3556/3556
f 3547/3547 3598/3598 3557/3557
f 3599/3599 3600/3600 3570/3570
f 3600/3600 3601/3601 3570/3570
f 3570/3570 3601/3601 3558/3558
f 3601/3601 3579/3579 3558/3558
f 3586/3586 3602/3602 3510/3510
f 3549/3549 3481/3481 3480/3480
f 1341/1341 1357/1357 1263/1263
f 1341/1341 1263/1263 1339/1339
f 3603/3603 3542/3542 3541/3541
f 3604/3604 3582/3582 3572/3572
f 3433/3433 3605/3605 3529/3529
f 3605/3605 3606/3606 3529/3529
f 3543/3543 3607/3607 3516/3516
f 3607/3607 3517/3517 3516/3516
f 3607/3607 3589/3589 3517/3517
f 3530/3530 3595/3595 3531/3531
f 3435/3435 3608/3608 3436/3436
f 3608/3608 3573/3573 3436/3436
f 3591/3591 3609/3609 3506/3506
f 3609/3609 3596/3596 3506/3506
f 3601/3601 3610/3610 3579/3579
f 3610/3610 1304/1304 3579/3579
f 3611/3611 3581/3581 3538/3538
f 3581/3581 3561/3561 3539/3539
f 3527/3527 3612/3612 3502/3502
f 3612/3612 3593/3593 3502/3502
f 1276/1276 3613/3613 1277/1277
f 1367/1367 3614/3614 3563/3563
f 1367/1367 3563/3563 3552/3552
f 3614/3614 3615/3615 3572/3572
f 3614/3614 3572/3572 3563/3563
f 3615/3615 3604/3604 3572/3572
f 3603/3603 3616/3616 3542/3542
f 3616/3616 3564/3564 3542/3542
f 3606/3606 3494/3494 3529/3529
f 3515/3515 3617/3617 3543/3543
f 3504/3504 3618/3618 3565/3565
f 3532/3532 3583/3583 3487/3487
f 3533/3533 3619/3619 3545/3545
f 3619/3619 3534/3534 3545/3545
f 3534/3534 3555/3555 3535/3535
f 3620/3620 3567/3567 3555/3555
f 3610/3610 1351/1351 1304/1304
f 3621/3621 1353/1353 3580/3580
f 3580/3580 1353/1353 1260/1260
f 3560/3560 3611/3611 3538/3538
f 3571/3571 3622/3622 3562/3562
f 3562/3562 3623/3623 3551/3551
f 3623/3623 1326/1326 3551/3551
f 3431/3431 3624/3624 3511/3511
f 3624/3624 3540/3540 3511/3511
f 1355/1355 3613/3613 1276/1276
f 3564/3564 3605/3605 3433/3433
f 3606/3606 3625/3625 3494/3494
f 3625/3625 3594/3594 3494/3494
f 3589/3589 3626/3626 3496/3496
f 3626/3626 3530/3530 3496/3496
f 3595/3595 3627/3627 3544/3544
f 3627/3627 3504/3504 3544/3544
f 3583/3583 3628/3628 3553/3553
f 3628/3628 3554/3554 3553/3553
f 3573/3573 3629/3629 3590/3590
f 1407/1407 3630/3630 3584/3584
f 3584/3584 3630/3630 3574/3574
f 3598/3598 3490/3490 3557/3557
f 3548/3548 3631/3631 3537/3537
f 3631/3631 3586/3586 3537/3537
f 3632/3632 3560/3560 3559/3559
f 3549/3549 3633/3633 3481/3481
f 3634/3634 3431/3431 3482/3482
f 1355/1355 3635/3635 3613/3613
f 1366/1366 3614/3614 1367/1367
f 1370/1370 1365/1365 1269/1269
f 1370/1370 1269/1269 1262/1262
f 3636/3636 3625/3625 3606/3606
f 3594/3594 3617/3617 3515/3515
f 3626/3626 3637/3637 3530/3530
f 3565/3565 3638/3638 3532/3532
f 3638/3638 3583/3583 3532/3532
f 3630/3630 3639/3639 3574/3574
f 3574/3574 3639/3639 3533/3533
f 3639/3639 3640/3640 3533/3533
f 3640/3640 3619/3619 3533/3533
f 3619/3619 3641/3641 3534/3534
f 3642/3642 3591/3591 3575/3575
f 3643/3643 3644/3644 3578/3578
f 3643/3643 3578/3578 3569/3569
f 3644/3644 1323/1323 3578/3578
f 3645/3645 3592/3592 1327/1327
f 3646/3646 3632/3632 3559/3559
f 3634/3634 3624/3624 3431/3431
f 3602/3602 3587/3587 3510/3510
f 3647/3647 3501/3501 3588/3588
f 3648/3648 1366/1366 1368/1368
f 1377/1377 3635/3635 1355/1355
f 3649/3649 3607/3607 3543/3543
f 3607/3607 3650/3650 3589/3589
f 3530/3530 3637/3637 3595/3595
f 3627/3627 3618/3618 3504/3504
f 3638/3638 3651/3651 3583/3583
f 3518/3518 3652/3652 3519/3519
f 3534/3534 3620/3620 3555/3555
f 3642/3642 3653/3653 3591/3591
f 3609/3609 3654/3654 3596/3596
f 3654/3654 3655/3655 3596/3596
f 3596/3596 3655/3655 3507/3507
f 3656/3656 3547/3547 3546/3546
f 3657/3657 3658/3658 3597/3597
f 3658/3658 3659/3659 3576/3576
f 3658/3658 3576/3576 3597/3597
f 3659/3659 3585/3585 3576/3576
f 1386/1386 3577/3577 1233/1233
f 3592/3592 3646/3646 3559/3559
f 3581/3581 3660/3660 3561/3561
f 3660/3660 3549/3549 3561/3561
f 3647/3647 3661/3661 3501/3501
f 3661/3661 3527/3527 3501/3501
f 3617/3617 3649/3649 3543/3543
f 3637/3637 3662/3662 3595/3595
f 3662/3662 3627/3627 3595/3595
f 3554/3554 3652/3652 3518/3518
f 3519/3519 3663/3663 3435/3435
f 3663/3663 3608/3608 3435/3435
f 1406/1406 3639/3639 3630/3630
f 3640/3640 3641/3641 3619/3619
f 3620/3620 3664/3664 3567/3567
f 3664/3664 3575/3575 3567/3567
f 1386/1386 3665/3665 3577/3577
f 3666/3666 3600/3600 3599/3599
f 3632/3632 3611/3611 3560/3560
f 3667/3667 3581/3581 3611/3611
f 3587/3587 3647/3647 3588/3588
f 3661/3661 3612/3612 3527/3527
f 3622/3622 3668/3668 3562/3562
f 3668/3668 3623/3623 3562/3562
f 3669/3669 3615/3615 3614/3614
f 3669/3669 3604/3604 3615/3615
f 1470/1470 3582/3582 3604/3604
f 3652/3652 3663/3663 3519/3519
f 1406/1406 3630/3630 1407/1407
f 3670/3670 3620/3620 3534/3534
f 3653/3653 3609/3609 3591/3591
f 3656/3656 3671/3671 3547/3547
f 3585/3585 1408/1408 1407/1407
f 3671/3671 3598/3598 3547/3547
f 3598/3598 3672/3672 3490/3490
f 3666/3666 3673/3673 3600/3600
f 3644/3644 1400/1400 1323/1323
f 3673/3673 3674/3674 3601/3601
f 3673/3673 3601/3601 3600/3600
f 3674/3674 3675/3675 3610/3610
f 3674/3674 3610/3610 3601/3601
f 3675/3675 1351/1351 3610/3610
f 3621/3621 1401/1401 1353/1353
f 3667/3667 3660/3660 3581/3581
f 3593/3593 3622/3622 3571/3571
f 1326/1326 3645/3645 1327/1327
f 3648/3648 3676/3676 1366/1366
f 1366/1366 3669/3669 3614/3614
f 3669/3669 1470/1470 3604/3604
f 3675/3675 1411/1411 1351/1351
f 3677/3677 3647/3647 3587/3587
f 3623/3623 3645/3645 1326/1326
f 3676/3676 3678/3678 1366/1366
f 1415/1415 1365/1365 1370/1370
f 3678/3678 3669/3669 1366/1366
f 1471/1471 1470/1470 3669/3669
f 3679/3679 3662/3662 3637/3637
f 3680/3680 3681/3681 3627/3627
f 3680/3680 3627/3627 3662/3662
f 3651/3651 3628/3628 3583/3583
f 3682/3682 3640/3640 3639/3639
f 3664/3664 3683/3683 3575/3575
f 3575/3575 3683/3683 3642/3642
f 3643/3643 3684/3684 3644/3644
f 3684/3684 1400/1400 3644/3644
f 3685/3685 1401/1401 3621/3621
f 3631/3631 3602/3602 3586/3586
f 3602/3602 3677/3677 3587/3587
f 3647/3647 1482/1482 3661/3661
f 3661/3661 1481/1481 3612/3612
f 3624/3624 3686/3686 3540/3540
f 3678/3678 1471/1471 3669/3669
f 3687/3687 3616/3616 3603/3603
f 3688/3688 1442/1442 1312/1312
f 3564/3564 3689/3689 3605/3605
f 3689/3689 3690/3690 3605/3605
f 3690/3690 3606/3606 3605/3605
f 3690/3690 3636/3636 3606/3606
f 3594/3594 3691/3691 3617/3617
f 3679/3679 3680/3680 3662/3662
f 3674/3674 3692/3692 3675/3675
f 3692/3692 1411/1411 3675/3675
f 3668/3668 3693/3693 3623/3623
f 3693/3693 3694/3694 3623/3623
f 3694/3694 3645/3645 3623/3623
f 3691/3691 3649/3649 3617/3617
f 3565/3565 3618/3618 3638/3638
f 3618/3618 3651/3651 3638/3638
f 3641/3641 3670/3670 3534/3534
f 3695/3695 3620/3620 3670/3670
f 3696/3696 3672/3672 3598/3598
f 3697/3697 1401/1401 3685/3685
f 3612/3612 3698/3698 3593/3593
f 3698/3698 3699/3699 3593/3593
f 3593/3593 3699/3699 3622/3622
f 3700/3700 3647/3647 3677/3677
f 1482/1482 1481/1481 3661/3661
f 3699/3699 3668/3668 3622/3622
f 3699/3699 3693/3693 3668/3668
f 3701/3701 3594/3594 3625/3625
f 3701/3701 3691/3691 3594/3594
f 3650/3650 3607/3607 3649/3649
f 3554/3554 3702/3702 3652/3652
f 3663/3663 3703/3703 3608/3608
f 3703/3703 3704/3704 3608/3608
f 3608/3608 3704/3704 3573/3573
f 3704/3704 3629/3629 3573/3573
f 3695/3695 3664/3664 3620/3620
f 3683/3683 3705/3705 3642/3642
f 1386/1386 3706/3706 3665/3665
f 3707/3707 3673/3673 3666/3666
f 3708/3708 3684/3684 3643/3643
f 3692/3692 1459/1459 1411/1411
f 3697/3697 1463/1463 1401/1401
f 1481/1481 3698/3698 3612/3612
f 3709/3709 3592/3592 3645/3645
f 3709/3709 3646/3646 3592/3592
f 3660/3660 3710/3710 3549/3549
f 3710/3710 3711/3711 3549/3549
f 3549/3549 3711/3711 3633/3633
f 3712/3712 3624/3624 3634/3634
f 3700/3700 1482/1482 3647/3647
f 1415/1415 1466/1466 1365/1365
f 3676/3676 3713/3713 3678/3678
f 3713/3713 1471/1471 3678/3678
f 3714/3714 1442/1442 3688/3688
f 3589/3589 3715/3715 3626/3626
f 3681/3681 3618/3618 3627/3627
f 1406/1406 3716/3716 3639/3639
f 3717/3717 3641/3641 3640/3640
f 3659/3659 3718/3718 3585/3585
f 3718/3718 1408/1408 3585/3585
f 3671/3671 3696/3696 3598/3598
f 1478/1478 3706/3706 1386/1386
f 3708/3708 3719/3719 3684/3684
f 3719/3719 1478/1478 3684/3684
f 3684/3684 1478/1478 1400/1400
f 3707/3707 3720/3720 3674/3674
f 3707/3707 3674/3674 3673/3673
f 3720/3720 3692/3692 3674/3674
f 3721/3721 3631/3631 3548/3548
f 3722/3722 3700/3700 3677/3677
f 3723/3723 3693/3693 3699/3699
f 3723/3723 3694/3694 3693/3693
f 3724/3724 3676/3676 3648/3648
f 3691/3691 3650/3650 3649/3649
f 3650/3650 3715/3715 3589/3589
f 3679/3679 3637/3637 3626/3626
f 3725/3725 3651/3651 3618/3618
f 3726/3726 3554/3554 3628/3628
f 3705/3705 3653/3653 3642/3642
f 3653/3653 3727/3727 3609/3609
f 3727/3727 3654/3654 3609/3609
f 3657/3657 3659/3659 3658/3658
f 3720/3720 3728/3728 3692/3692
f 3728/3728 1490/1490 3692/3692
f 3692/3692 1490/1490 1459/1459
f 3729/3729 1494/1494 1463/1463
f 3729/3729 1463/1463 3697/3697
f 3694/3694 3709/3709 3645/3645
f 3730/3730 3660/3660 3667/3667
f 3700/3700 1480/1480 1482/1482
f 3713/3713 3731/3731 1471/1471
f 3731/3731 1472/1472 1471/1471
f 3732/3732 3715/3715 3650/3650
f 3679/3679 3733/3733 3680/3680
f 3681/3681 3725/3725 3618/3618
f 3725/3725 3734/3734 3651/3651
f 3702/3702 3663/3663 3652/3652
f 1552/1552 1406/1406 1408/1408
f 3735/3735 3683/3683 3664/3664
f 3727/3727 3736/3736 3654/3654
f 3736/3736 3737/3737 3655/3655
f 3736/3736 3655/3655 3654/3654
f 3738/3738 3671/3671 3656/3656
f 1501/1501 3739/3739 1478/1478
f 1478/1478 3739/3739 3706/3706
f 3740/3740 3741/3741 3707/3707
f 3742/3742 3719/3719 3708/3708
f 3719/3719 1502/1502 1478/1478
f 3741/3741 3720/3720 3707/3707
f 3631/3631 3677/3677 3602/3602
f 3709/3709 3743/3743 3646/3646
f 3743/3743 3632/3632 3646/3646
f 3744/3744 3667/3667 3611/3611
f 3722/3722 3745/3745 3700/3700
f 3745/3745 1480/1480 3700/3700
f 3723/3723 3746/3746 3694/3694
f 3624/3624 3747/3747 3686/3686
f 3724/3724 3748/3748 3676/3676
f 3748/3748 3713/3713 3676/3676
f 3616/3616 3689/3689 3564/3564
f 3689/3689 3749/3749 3690/3690
f 3636/3636 3701/3701 3625/3625
f 3750/3750 3650/3650 3691/3691
f 3750/3750 3751/3751 3650/3650
f 3751/3751 3732/3732 3650/3650
f 3715/3715 3733/3733 3626/3626
f 1552/1552 3716/3716 1406/1406
f 3716/3716 3682/3682 3639/3639
f 3717/3717 3670/3670 3641/3641
f 3717/3717 3695/3695 3670/3670
f 3735/3735 3752/3752 3683/3683
f 3752/3752 3753/3753 3683/3683
f 3753/3753 3705/3705 3683/3683
f 3705/3705 3727/3727 3653/3653
f 3754/3754 3718/3718 3659/3659
f 3754/3754 3659/3659 3657/3657
f 3755/3755 3672/3672 3696/3696
f 3742/3742 3756/3756 3719/3719
f 3756/3756 1502/1502 3719/3719
f 3741/3741 3757/3757 3720/3720
f 3757/3757 3728/3728 3720/3720
f 3729/3729 1517/1517 1494/1494
f 3698/3698 3723/3723 3699/3699
f 3730/3730 3710/3710 3660/3660
f 3758/3758 3694/3694 3746/3746
f 3759/3759 3731/3731 3713/3713
f 3626/3626 3733/3733 3679/3679
f 3733/3733 3760/3760 3680/3680
f 3760/3760 3681/3681 3680/3680
f 3761/3761 3628/3628 3651/3651
f 3682/3682 3717/3717 3640/3640
f 3695/3695 3735/3735 3664/3664
f 3738/3738 3696/3696 3671/3671
f 1534/1534 3762/3762 1501/1501
f 1501/1501 3762/3762 3739/3739
f 1528/1528 1535/1535 3740/3740
f 3740/3740 1535/1535 3741/3741
f 1533/1533 1532/1532 3742/3742
f 3742/3742 1532/1532 3756/3756
f 1532/1532 1502/1502 3756/3756
f 1535/1535 1536/1536 3757/3757
f 1535/1535 3757/3757 3741/3741
f 1536/1536 3763/3763 3757/3757
f 3757/3757 3763/3763 3728/3728
f 3763/3763 1539/1539 3728/3728
f 3728/3728 1539/1539 1490/1490
f 3764/3764 1546/1546 3729/3729
f 3729/3729 1546/1546 1517/1517
f 3765/3765 3677/3677 3631/3631
f 3765/3765 3722/3722 3677/3677
f 3766/3766 3698/3698 1481/1481
f 3698/3698 3767/3767 3723/3723
f 3767/3767 3746/3746 3723/3723
f 3744/3744 3611/3611 3632/3632
f 3744/3744 3768/3768 3667/3667
f 3768/3768 3730/3730 3667/3667
f 3769/3769 3758/3758 3746/3746
f 3758/3758 3770/3770 3694/3694
f 3748/3748 3759/3759 3713/3713
f 3690/3690 3701/3701 3636/3636
f 3771/3771 3750/3750 3691/3691
f 3734/3734 3761/3761 3651/3651
f 3554/3554 3772/3772 3702/3702
f 3663/3663 3773/3773 3703/3703
f 3773/3773 3704/3704 3703/3703
f 3704/3704 3774/3774 3629/3629
f 1553/1553 3775/3775 1552/1552
f 3716/3716 3776/3776 3682/3682
f 3776/3776 3717/3717 3682/3682
f 3717/3717 3777/3777 3695/3695
f 3777/3777 3735/3735 3695/3695
f 3778/3778 3779/3779 1529/1529
f 1529/1529 3779/3779 1530/1530
f 1558/1558 1557/1557 1531/1531
f 1557/1557 1560/1560 1531/1531
f 1531/1531 1560/1560 1534/1534
f 1560/1560 1562/1562 1534/1534
f 1534/1534 1562/1562 3762/3762
f 3779/3779 3780/3780 1530/1530
f 1530/1530 3780/3780 1536/1536
f 3780/3780 3763/3763 1536/1536
f 3763/3763 1569/1569 1539/1539
f 1569/1569 1571/1571 1540/1540
f 3764/3764 3781/3781 1546/1546
f 1574/1574 1576/1576 1586/1586
f 3781/3781 1547/1547 1546/1546
f 3765/3765 3782/3782 3722/3722
f 1480/1480 3766/3766 1481/1481
f 3783/3783 3709/3709 3694/3694
f 3783/3783 3784/3784 3709/3709
f 3743/3743 3744/3744 3632/3632
f 3785/3785 3710/3710 3730/3730
f 3767/3767 3769/3769 3746/3746
f 3770/3770 3786/3786 3694/3694
f 3786/3786 3783/3783 3694/3694
f 3687/3687 3787/3787 3616/3616
f 3714/3714 1601/1601 1442/1442
f 3787/3787 3689/3689 3616/3616
f 3760/3760 3725/3725 3681/3681
f 3761/3761 3726/3726 3628/3628
f 3788/3788 3663/3663 3702/3702
f 3789/3789 3705/3705 3753/3753
f 3718/3718 1553/1553 1408/1408
f 3790/3790 3755/3755 3738/3738
f 3738/3738 3755/3755 3696/3696
f 1609/1609 3791/3791 1608/1608
f 1559/1559 3792/3792 1561/1561
f 3793/3793 3794/3794 3778/3778
f 3778/3778 3794/3794 3779/3779
f 3794/3794 3795/3795 3779/3779
f 3779/3779 3795/3795 3780/3780
f 3780/3780 3795/3795 3763/3763
f 3795/3795 3796/3796 3763/3763
f 3763/3763 3796/3796 1569/1569
f 3796/3796 3797/3797 1570/1570
f 3796/3796 1570/1570 1569/1569
f 3797/3797 1573/1573 1570/1570
f 3797/3797 1624/1624 1623/1623
f 3797/3797 1623/1623 1573/1573
f 1621/1621 1627/1627 1591/1591
f 1621/1621 1591/1591 1587/1587
f 3721/3721 3798/3798 3631/3631
f 3799/3799 3800/3800 3767/3767
f 3784/3784 3743/3743 3709/3709
f 3767/3767 3800/3800 3769/3769
f 3800/3800 1636/1636 3769/3769
f 1636/1636 1638/1638 3769/3769
f 3769/3769 1638/1638 3758/3758
f 1638/1638 1640/1640 3758/3758
f 1640/1640 1642/1642 3770/3770
f 1640/1640 3770/3770 3758/3758
f 1642/1642 3801/3801 3770/3770
f 3801/3801 3786/3786 3770/3770
f 1647/1647 1646/1646 1415/1415
f 1415/1415 1646/1646 1466/1466
f 3802/3802 3787/3787 3687/3687
f 3690/3690 3803/3803 3701/3701
f 3804/3804 3771/3771 3701/3701
f 3771/3771 3691/3691 3701/3701
f 3715/3715 3805/3805 3733/3733
f 3726/3726 3772/3772 3554/3554
f 3773/3773 3806/3806 3704/3704
f 3806/3806 3774/3774 3704/3704
f 3807/3807 3727/3727 3705/3705
f 3736/3736 3808/3808 3737/3737
f 3755/3755 3809/3809 3672/3672
f 1681/1681 3810/3810 1559/1559
f 1681/1681 1559/1559 1556/1556
f 3810/3810 3811/3811 1559/1559
f 1559/1559 3811/3811 3792/3792
f 3812/3812 3813/3813 3794/3794
f 3812/3812 3794/3794 3793/3793
f 1654/1654 3791/3791 1609/1609
f 3813/3813 3814/3814 3794/3794
f 3794/3794 3814/3814 3795/3795
f 3814/3814 3815/3815 3795/3795
f 3795/3795 3815/3815 3796/3796
f 3815/3815 3816/3816 3796/3796
f 3796/3796 3816/3816 3797/3797
f 3816/3816 3817/3817 3797/3797
f 3817/3817 3818/3818 3797/3797
f 3797/3797 3818/3818 1624/1624
f 3818/3818 3819/3819 1625/1625
f 3818/3818 1625/1625 1624/1624
f 3819/3819 3820/3820 3821/3821
f 3819/3819 3821/3821 1625/1625
f 3820/3820 3822/3822 3821/3821
f 3798/3798 3765/3765 3631/3631
f 3782/3782 3823/3823 3722/3722
f 3823/3823 3745/3745 3722/3722
f 3698/3698 3824/3824 3767/3767
f 3800/3800 3825/3825 1636/1636
f 3825/3825 3826/3826 1636/1636
f 1636/1636 3826/3826 1637/1637
f 3820/3820 3827/3827 3822/3822
f 3822/3822 3827/3827 3828/3828
f 3829/3829 3801/3801 1642/1642
f 3803/3803 3804/3804 3701/3701
f 3775/3775 3716/3716 1552/1552
f 3776/3776 3830/3830 3717/3717
f 3831/3831 3789/3789 3753/3753
f 1680/1680 3810/3810 1681/1681
f 3832/3832 3833/3833 3834/3834
f 1680/1680 3811/3811 3810/3810
f 3834/3834 3833/3833 3835/3835
f 3812/3812 3836/3836 3813/3813
f 3833/3833 3837/3837 3835/3835
f 3838/3838 1682/1682 1681/1681
f 1683/1683 3791/3791 1654/1654
f 3839/3839 3840/3840 3832/3832
f 3832/3832 3840/3840 3833/3833
f 3840/3840 3841/3841 3833/3833
f 3836/3836 3814/3814 3813/3813
f 3841/3841 3837/3837 3833/3833
f 3842/3842 3843/3843 3840/3840
f 3842/3842 3840/3840 3839/3839
f 3843/3843 3844/3844 3840/3840
f 3844/3844 3841/3841 3840/3840
f 3836/3836 3845/3845 3815/3815
f 3836/3836 3815/3815 3814/3814
f 3841/3841 3846/3846 3837/3837
f 3847/3847 3843/3843 3842/3842
f 3844/3844 3848/3848 3841/3841
f 3848/3848 3846/3846 3841/3841
f 3847/3847 3849/3849 3843/3843
f 3849/3849 3850/3850 3843/3843
f 3843/3843 3850/3850 3844/3844
f 3850/3850 3848/3848 3844/3844
f 3845/3845 3851/3851 3815/3815
f 3815/3815 3851/3851 3816/3816
f 3848/3848 3852/3852 3846/3846
f 3853/3853 1704/1704 3847/3847
f 3847/3847 1704/1704 3849/3849
f 1704/1704 3854/3854 3849/3849
f 3849/3849 3854/3854 3850/3850
f 3851/3851 3855/3855 3816/3816
f 3816/3816 3855/3855 3817/3817
f 3853/3853 1705/1705 1704/1704
f 3855/3855 3856/3856 3817/3817
f 3817/3817 3856/3856 3818/3818
f 1687/1687 1709/1709 3857/3857
f 1687/1687 3857/3857 1686/1686
f 3856/3856 3858/3858 3818/3818
f 3818/3818 3858/3858 3819/3819
f 1688/1688 1689/1689 1709/1709
f 1688/1688 1709/1709 1687/1687
f 3858/3858 3859/3859 3819/3819
f 3819/3819 3859/3859 3820/3820
f 3859/3859 3860/3860 3820/3820
f 3861/3861 3862/3862 3765/3765
f 3745/3745 3863/3863 1480/1480
f 3863/3863 3864/3864 1480/1480
f 3864/3864 3766/3766 1480/1480
f 3767/3767 3824/3824 3799/3799
f 3799/3799 3865/3865 3825/3825
f 3799/3799 3825/3825 3800/3800
f 3820/3820 3860/3860 3827/3827
f 3866/3866 3784/3784 3783/3783
f 3785/3785 3867/3867 3710/3710
f 3868/3868 3801/3801 3829/3829
f 3786/3786 3869/3869 3783/3783
f 3624/3624 3870/3870 3747/3747
f 3871/3871 3748/3748 3724/3724
f 3749/3749 3803/3803 3690/3690
f 3872/3872 3771/3771 3804/3804
f 3732/3732 3805/3805 3715/3715
f 3873/3873 3772/3772 3726/3726
f 3874/3874 3752/3752 3735/3735
f 3752/3752 3831/3831 3753/3753
f 3789/3789 3807/3807 3705/3705
f 3807/3807 3875/3875 3727/3727
f 3875/3875 3736/3736 3727/3727
f 3875/3875 3808/3808 3736/3736
f 3850/3850 3876/3876 3848/3848
f 3854/3854 3876/3876 3850/3850
f 3876/3876 3877/3877 3848/3848
f 3848/3848 3877/3877 3852/3852
f 3878/3878 3855/3855 3851/3851
f 1706/1706 3879/3879 1704/1704
f 1704/1704 3879/3879 3854/3854
f 3879/3879 3880/3880 3876/3876
f 3879/3879 3876/3876 3854/3854
f 3878/3878 3881/3881 3856/3856
f 3878/3878 3856/3856 3855/3855
f 3880/3880 3882/3882 3877/3877
f 3880/3880 3877/3877 3876/3876
f 1708/1708 1723/1723 1706/1706
f 1706/1706 1723/1723 3879/3879
f 1723/1723 3880/3880 3879/3879
f 3881/3881 3883/3883 3858/3858
f 3881/3881 3858/3858 3856/3856
f 3880/3880 3884/3884 3882/3882
f 1711/1711 1724/1724 1708/1708
f 1708/1708 1724/1724 1723/1723
f 3883/3883 3885/3885 3858/3858
f 3858/3858 3885/3885 3859/3859
f 1712/1712 1714/1714 1727/1727
f 1712/1712 1727/1727 1710/1710
f 3885/3885 3886/3886 3859/3859
f 3859/3859 3886/3886 3860/3860
f 3798/3798 3861/3861 3765/3765
f 3765/3765 3862/3862 3782/3782
f 3782/3782 3887/3887 3823/3823
f 3823/3823 3863/3863 3745/3745
f 3824/3824 3888/3888 3799/3799
f 3888/3888 1715/1715 3799/3799
f 3799/3799 1715/1715 3865/3865
f 1715/1715 1717/1717 3865/3865
f 3889/3889 3890/3890 3868/3868
f 3868/3868 3890/3890 3801/3801
f 3890/3890 3786/3786 3801/3801
f 1647/1647 1718/1718 1646/1646
f 3891/3891 3759/3759 3748/3748
f 3891/3891 3892/3892 3759/3759
f 3759/3759 3892/3892 3731/3731
f 3892/3892 1472/1472 3731/3731
f 3893/3893 1601/1601 3714/3714
f 3894/3894 3803/3803 3749/3749
f 3895/3895 3896/3896 3733/3733
f 3733/3733 3896/3896 3760/3760
f 3772/3772 3788/3788 3702/3702
f 3897/3897 3898/3898 3716/3716
f 3897/3897 3716/3716 3775/3775
f 3830/3830 3777/3777 3717/3717
f 3777/3777 3874/3874 3735/3735
f 3899/3899 3718/3718 3754/3754
f 1725/1725 3900/3900 3880/3880
f 1725/1725 3880/3880 1723/1723
f 1726/1726 3901/3901 1725/1725
f 1725/1725 3901/3901 3900/3900
f 3900/3900 3902/3902 3880/3880
f 3880/3880 3902/3902 3884/3884
f 3903/3903 3904/3904 3885/3885
f 3903/3903 3885/3885 3883/3883
f 3901/3901 3905/3905 3900/3900
f 3900/3900 3905/3905 3902/3902
f 1729/1729 3906/3906 1726/1726
f 1726/1726 3906/3906 3901/3901
f 3904/3904 3907/3907 3885/3885
f 3885/3885 3907/3907 3886/3886
f 3906/3906 3908/3908 3905/3905
f 3906/3906 3905/3905 3901/3901
f 3824/3824 3698/3698 3766/3766
f 3888/3888 3909/3909 1715/1715
f 3909/3909 1738/1738 1716/1716
f 3909/3909 1716/1716 1715/1715
f 3909/3909 1739/1739 1738/1738
f 3907/3907 3910/3910 3886/3886
f 3911/3911 3785/3785 3730/3730
f 3911/3911 3730/3730 3768/3768
f 3867/3867 3711/3711 3710/3710
f 3912/3912 3890/3890 3889/3889
f 3890/3890 3913/3913 3786/3786
f 3913/3913 3869/3869 3786/3786
f 3871/3871 3914/3914 3748/3748
f 3914/3914 3891/3891 3748/3748
f 1733/1733 1718/1718 1647/1647
f 3689/3689 3894/3894 3749/3749
f 3751/3751 3915/3915 3732/3732
f 3805/3805 3916/3916 3733/3733
f 3788/3788 3917/3917 3663/3663
f 3917/3917 3773/3773 3663/3663
f 3806/3806 3918/3918 3774/3774
f 1553/1553 3897/3897 3775/3775
f 3898/3898 3776/3776 3716/3716
f 3919/3919 3830/3830 3776/3776
f 3920/3920 3752/3752 3874/3874
f 3920/3920 3831/3831 3752/3752
f 3921/3921 3899/3899 3754/3754
f 3790/3790 3922/3922 3755/3755
f 3824/3824 3923/3923 3888/3888
f 3923/3923 3924/3924 3888/3888
f 3924/3924 3925/3925 3888/3888
f 3888/3888 3925/3925 3909/3909
f 3925/3925 1739/1739 3909/3909
f 1740/1740 3926/3926 1738/1738
f 1740/1740 3927/3927 3926/3926
f 3926/3926 3928/3928 3929/3929
f 3930/3930 3931/3931 3910/3910
f 3930/3930 3910/3910 3907/3907
f 3927/3927 3932/3932 3928/3928
f 3927/3927 3928/3928 3926/3926
f 3933/3933 3867/3867 3785/3785
f 3932/3932 3890/3890 3912/3912
f 3932/3932 3913/3913 3890/3890
f 3870/3870 3934/3934 3747/3747
f 3803/3803 3935/3935 3804/3804
f 3935/3935 3872/3872 3804/3804
f 3771/3771 3936/3936 3750/3750
f 3936/3936 3751/3751 3750/3750
f 3915/3915 3805/3805 3732/3732
f 3733/3733 3916/3916 3895/3895
f 3725/3725 3937/3937 3734/3734
f 3937/3937 3761/3761 3734/3734
f 3917/3917 3938/3938 3773/3773
f 3938/3938 3939/3939 3773/3773
f 3773/3773 3939/3939 3806/3806
f 3939/3939 3918/3918 3806/3806
f 3831/3831 3807/3807 3789/3789
f 3924/3924 1739/1739 3925/3925
f 3784/3784 3940/3940 3743/3743
f 3744/3744 3911/3911 3768/3768
f 3911/3911 3941/3941 3785/3785
f 3924/3924 1752/1752 1739/1739
f 1739/1739 1752/1752 1740/1740
f 1752/1752 1754/1754 1740/1740
f 1740/1740 1754/1754 3927/3927
f 1754/1754 3932/3932 3927/3927
f 1754/1754 3913/3913 3932/3932
f 3869/3869 3942/3942 3783/3783
f 3943/3943 3892/3892 3891/3891
f 3936/3936 3944/3944 3751/3751
f 3944/3944 3915/3915 3751/3751
f 3916/3916 3896/3896 3895/3895
f 3896/3896 3945/3945 3760/3760
f 3945/3945 3946/3946 3760/3760
f 3937/3937 3873/3873 3761/3761
f 3873/3873 3726/3726 3761/3761
f 3920/3920 3947/3947 3831/3831
f 3947/3947 3807/3807 3831/3831
f 3899/3899 3948/3948 3718/3718
f 3948/3948 1553/1553 3718/3718
f 3798/3798 3949/3949 3861/3861
f 3862/3862 3887/3887 3782/3782
f 3864/3864 3824/3824 3766/3766
f 3950/3950 3951/3951 1753/1753
f 3950/3950 1753/1753 1752/1752
f 1753/1753 3951/3951 1754/1754
f 3942/3942 3866/3866 3783/3783
f 3941/3941 3933/3933 3785/3785
f 3924/3924 3950/3950 1752/1752
f 3951/3951 3952/3952 1754/1754
f 1754/1754 3952/3952 3913/3913
f 3952/3952 3942/3942 3913/3913
f 3913/3913 3942/3942 3869/3869
f 1733/1733 1762/1762 1718/1718
f 3953/3953 1769/1769 3893/3893
f 3893/3893 1769/1769 1601/1601
f 3787/3787 3954/3954 3689/3689
f 3954/3954 3894/3894 3689/3689
f 3872/3872 3936/3936 3771/3771
f 3760/3760 3955/3955 3725/3725
f 3955/3955 3937/3937 3725/3725
f 3830/3830 3956/3956 3777/3777
f 3956/3956 3874/3874 3777/3777
f 3957/3957 3920/3920 3874/3874
f 3958/3958 3808/3808 3875/3875
f 3948/3948 3959/3959 1553/1553
f 3864/3864 3923/3923 3824/3824
f 3923/3923 3960/3960 3924/3924
f 3743/3743 3940/3940 3744/3744
f 3940/3940 3911/3911 3744/3744
f 3961/3961 3711/3711 3867/3867
f 3960/3960 3962/3962 3924/3924
f 3924/3924 3962/3962 3950/3950
f 3950/3950 3962/3962 3951/3951
f 3962/3962 3963/3963 3951/3951
f 3951/3951 3963/3963 3952/3952
f 3952/3952 3963/3963 3942/3942
f 3963/3963 3964/3964 3942/3942
f 3914/3914 3965/3965 3891/3891
f 3965/3965 3943/3943 3891/3891
f 3966/3966 3935/3935 3803/3803
f 3967/3967 3872/3872 3935/3935
f 3916/3916 3945/3945 3896/3896
f 3946/3946 3955/3955 3760/3760
f 3898/3898 3919/3919 3776/3776
f 3922/3922 3809/3809 3755/3755
f 3861/3861 3968/3968 3862/3862
f 3887/3887 3863/3863 3823/3823
f 3712/3712 3969/3969 3624/3624
f 3969/3969 3870/3870 3624/3624
f 3871/3871 3965/3965 3914/3914
f 3970/3970 3805/3805 3915/3915
f 3956/3956 3957/3957 3874/3874
f 3971/3971 3875/3875 3807/3807
f 3922/3922 3972/3972 3809/3809
f 3721/3721 3949/3949 3798/3798
f 3864/3864 3973/3973 3923/3923
f 3974/3974 3962/3962 3960/3960
f 3964/3964 3866/3866 3942/3942
f 3866/3866 3975/3975 3784/3784
f 3962/3962 3964/3964 3963/3963
f 1796/1796 1762/1762 1733/1733
f 3943/3943 3976/3976 3892/3892
f 3802/3802 3954/3954 3787/3787
f 3894/3894 3966/3966 3803/3803
f 3872/3872 3977/3977 3936/3936
f 3978/3978 3772/3772 3873/3873
f 3772/3772 3978/3978 3788/3788
f 3978/3978 3979/3979 3788/3788
f 3979/3979 3917/3917 3788/3788
f 3980/3980 3947/3947 3920/3920
f 3790/3790 3981/3981 3922/3922
f 3968/3968 3887/3887 3862/3862
f 3887/3887 3982/3982 3863/3863
f 3863/3863 3983/3983 3864/3864
f 3983/3983 3973/3973 3864/3864
f 3973/3973 3974/3974 3923/3923
f 3923/3923 3974/3974 3960/3960
f 3974/3974 3964/3964 3962/3962
f 3984/3984 3954/3954 3802/3802
f 3954/3954 3985/3985 3894/3894
f 3985/3985 3966/3966 3894/3894
f 3944/3944 3970/3970 3915/3915
f 3970/3970 3986/3986 3805/3805
f 3987/3987 3916/3916 3805/3805
f 3987/3987 3988/3988 3916/3916
f 3988/3988 3945/3945 3916/3916
f 1553/1553 3959/3959 3897/3897
f 3989/3989 3830/3830 3919/3919
f 3989/3989 3956/3956 3830/3830
f 3957/3957 3990/3990 3920/3920
f 3991/3991 3971/3971 3807/3807
f 3991/3991 3807/3807 3947/3947
f 3971/3971 3958/3958 3875/3875
f 3992/3992 3981/3981 3790/3790
f 3993/3993 3949/3949 3721/3721
f 3949/3949 3994/3994 3861/3861
f 3994/3994 3968/3968 3861/3861
f 3975/3975 3940/3940 3784/3784
f 3933/3933 3961/3961 3867/3867
f 3969/3969 3934/3934 3870/3870
f 3995/3995 1860/1860 3871/3871
f 3871/3871 1860/1860 3965/3965
f 3965/3965 3996/3996 3943/3943
f 3996/3996 3976/3976 3943/3943
f 3997/3997 1769/1769 3953/3953
f 3998/3998 3967/3967 3935/3935
f 3986/3986 3987/3987 3805/3805
f 3959/3959 3898/3898 3897/3897
f 3990/3990 3980/3980 3920/3920
f 3980/3980 3991/3991 3947/3947
f 3958/3958 3999/3999 3808/3808
f 3899/3899 4000/4000 3948/3948
f 3981/3981 3972/3972 3922/3922
f 3994/3994 4001/4001 3968/3968
f 3968/3968 4002/4002 3887/3887
f 4002/4002 3982/3982 3887/3887
f 4003/4003 3964/3964 3974/3974
f 3964/3964 4004/4004 3866/3866
f 3911/3911 4005/4005 3941/3941
f 4005/4005 4006/4006 3941/3941
f 4006/4006 3933/3933 3941/3941
f 1796/1796 1825/1825 1762/1762
f 1860/1860 3996/3996 3965/3965
f 3996/3996 4007/4007 3976/3976
f 4007/4007 1909/1909 3976/3976
f 3966/3966 3998/3998 3935/3935
f 3967/3967 3977/3977 3872/3872
f 3977/3977 3944/3944 3936/3936
f 4008/4008 3946/3946 3945/3945
f 4009/4009 3873/3873 3937/3937
f 3979/3979 4010/4010 3917/3917
f 4010/4010 3938/3938 3917/3917
f 3939/3939 4011/4011 3918/3918
f 3959/3959 4012/4012 3898/3898
f 4012/4012 3919/3919 3898/3898
f 4013/4013 3899/3899 3921/3921
f 4001/4001 4002/4002 3968/3968
f 3982/3982 4014/4014 3863/3863
f 4014/4014 3983/3983 3863/3863
f 4015/4015 4003/4003 3974/3974
f 4003/4003 4004/4004 3964/3964
f 4004/4004 3975/3975 3866/3866
f 4016/4016 3961/3961 3933/3933
f 4016/4016 3711/3711 3961/3961
f 3873/3873 4009/4009 3978/3978
f 4012/4012 4017/4017 3919/3919
f 3919/3919 4017/4017 3989/3989
f 4018/4018 3956/3956 3989/3989
f 4018/4018 3957/3957 3956/3956
f 4018/4018 3990/3990 3957/3957
f 3971/3971 4019/4019 3958/3958
f 4019/4019 3999/3999 3958/3958
f 4013/4013 4020/4020 3899/3899
f 4020/4020 4000/4000 3899/3899
f 4000/4000 3959/3959 3948/3948
f 3949/3949 4021/4021 3994/3994
f 4002/4002 4014/4014 3982/3982
f 4014/4014 4022/4022 3983/3983
f 3983/3983 4023/4023 3973/3973
f 3973/3973 4015/4015 3974/3974
f 4006/4006 4016/4016 3933/3933
f 4016/4016 4024/4024 3711/3711
f 4025/4025 3969/3969 3712/3712
f 3995/3995 1861/1861 1860/1860
f 4026/4026 3998/3998 3966/3966
f 3988/3988 4008/4008 3945/3945
f 4027/4027 3981/3981 3992/3992
f 3993/3993 4021/4021 3949/3949
f 3994/3994 4028/4028 4001/4001
f 1858/1858 4029/4029 1815/1815
f 1815/1815 4029/4029 4030/4030
f 1864/1864 1859/1859 1825/1825
f 1864/1864 1825/1825 1796/1796
f 4031/4031 3967/3967 3998/3998
f 4031/4031 4032/4032 3967/3967
f 4032/4032 3977/3977 3967/3967
f 3977/3977 4033/4033 3944/3944
f 4033/4033 4034/4034 3944/3944
f 3944/3944 4034/4034 3970/3970
f 4034/4034 3986/3986 3970/3970
f 3988/3988 4035/4035 4008/4008
f 4008/4008 4036/4036 3946/3946
f 3946/3946 4036/4036 3955/3955
f 4036/4036 4037/4037 3955/3955
f 4037/4037 3937/3937 3955/3955
f 4037/4037 4009/4009 3937/3937
f 4027/4027 3972/3972 3981/3981
f 4021/4021 4028/4028 3994/3994
f 4028/4028 4038/4038 4001/4001
f 4038/4038 4002/4002 4001/4001
f 4022/4022 4023/4023 3983/3983
f 3975/3975 4039/4039 3940/3940
f 4039/4039 4005/4005 3940/3940
f 3940/3940 4005/4005 3911/3911
f 1862/1862 4040/4040 1860/1860
f 4040/4040 3996/3996 1860/1860
f 3996/3996 4041/4041 4007/4007
f 3997/3997 1875/1875 1769/1769
f 3954/3954 4042/4042 3985/3985
f 4032/4032 4043/4043 3977/3977
f 4043/4043 4033/4033 3977/3977
f 3986/3986 4044/4044 3987/3987
f 4044/4044 3988/3988 3987/3987
f 4035/4035 4036/4036 4008/4008
f 4037/4037 4045/4045 4009/4009
f 4009/4009 4046/4046 3978/3978
f 4046/4046 4047/4047 3978/3978
f 4047/4047 3979/3979 3978/3978
f 4018/4018 4048/4048 3990/3990
f 3971/3971 4049/4049 4019/4019
f 1858/1858 4050/4050 4029/4029
f 4007/4007 1910/1910 1909/1909
f 3985/3985 4026/4026 3966/3966
f 4045/4045 4046/4046 4009/4009
f 4010/4010 4051/4051 3938/3938
f 4051/4051 4052/4052 3939/3939
f 4051/4051 3939/3939 3938/3938
f 4052/4052 4011/4011 3939/3939
f 4053/4053 4054/4054 3959/3959
f 4054/4054 4012/4012 3959/3959
f 4017/4017 4018/4018 3989/3989
f 3991/3991 4049/4049 3971/3971
f 4049/4049 4055/4055 4019/4019
f 4055/4055 3999/3999 4019/4019
f 4056/4056 4053/4053 3959/3959
f 4056/4056 3959/3959 4000/4000
f 4057/4057 4023/4023 4022/4022
f 4015/4015 4004/4004 4003/4003
f 4004/4004 4058/4058 3975/3975
f 4058/4058 4039/4039 3975/3975
f 4006/4006 4059/4059 4016/4016
f 3969/3969 4060/4060 3934/3934
f 4040/4040 4061/4061 3996/3996
f 4061/4061 4041/4041 3996/3996
f 4041/4041 1910/1910 4007/4007
f 3984/3984 4042/4042 3954/3954
f 4044/4044 4035/4035 3988/3988
f 4062/4062 4036/4036 4035/4035
f 4037/4037 4063/4063 4045/4045
f 4045/4045 4064/4064 4046/4046
f 4047/4047 4010/4010 3979/3979
f 3990/3990 4065/4065 3980/3980
f 4055/4055 4066/4066 3999/3999
f 4067/4067 4027/4027 3992/3992
f 4068/4068 4022/4022 4014/4014
f 4068/4068 4014/4014 4002/4002
f 4069/4069 4004/4004 4015/4015
f 4070/4070 4006/4006 4005/4005
f 1895/1895 4050/4050 1858/1858
f 1898/1898 1859/1859 1864/1864
f 4071/4071 4042/4042 3984/3984
f 4072/4072 4026/4026 3985/3985
f 4026/4026 4073/4073 3998/3998
f 4074/4074 4044/4044 3986/3986
f 4036/4036 4075/4075 4037/4037
f 4076/4076 3990/3990 4048/4048
f 4076/4076 4065/4065 3990/3990
f 4065/4065 3991/3991 3980/3980
f 4065/4065 4049/4049 3991/3991
f 4020/4020 4077/4077 4000/4000
f 4077/4077 4056/4056 4000/4000
f 4067/4067 4078/4078 4027/4027
f 4078/4078 3972/3972 4027/4027
f 4021/4021 4079/4079 4028/4028
f 4028/4028 4080/4080 4038/4038
f 4038/4038 4068/4068 4002/4002
f 3973/3973 4069/4069 4015/4015
f 4039/4039 4070/4070 4005/4005
f 4059/4059 4081/4081 4016/4016
f 4082/4082 4083/4083 4040/4040
f 1898/1898 1906/1906 1859/1859
f 4083/4083 4061/4061 4040/4040
f 4084/4084 1875/1875 3997/3997
f 4085/4085 4073/4073 4026/4026
f 4073/4073 4031/4031 3998/3998
f 4086/4086 4032/4032 4031/4031
f 4062/4062 4075/4075 4036/4036
f 4047/4047 4051/4051 4010/4010
f 4052/4052 4087/4087 4011/4011
f 4088/4088 4077/4077 4013/4013
f 4013/4013 4077/4077 4020/4020
f 4078/4078 4089/4089 3972/3972
f 4079/4079 4080/4080 4028/4028
f 4080/4080 4090/4090 4038/4038
f 4090/4090 4068/4068 4038/4038
f 4068/4068 4057/4057 4022/4022
f 4023/4023 4091/4091 3973/3973
f 4091/4091 4069/4069 3973/3973
f 4069/4069 4092/4092 4004/4004
f 4092/4092 4058/4058 4004/4004
f 4093/4093 4006/4006 4070/4070
f 4072/4072 4085/4085 4026/4026
f 4094/4094 3986/3986 4034/4034
f 4094/4094 4074/4074 3986/3986
f 4075/4075 4063/4063 4037/4037
f 4063/4063 4064/4064 4045/4045
f 4048/4048 4095/4095 4076/4076
f 4096/4096 4055/4055 4049/4049
f 4055/4055 4097/4097 4066/4066
f 3993/3993 4098/4098 4021/4021
f 4079/4079 4090/4090 4080/4080
f 4093/4093 4059/4059 4006/4006
f 4081/4081 4024/4024 4016/4016
f 2009/2009 4061/4061 4083/4083
f 4099/4099 4041/4041 4061/4061
f 4099/4099 4100/4100 4041/4041
f 4041/4041 4100/4100 1910/1910
f 4042/4042 4072/4072 3985/3985
f 4073/4073 4086/4086 4031/4031
f 4043/4043 4101/4101 4033/4033
f 4033/4033 4094/4094 4034/4034
f 4044/4044 4102/4102 4035/4035
f 4047/4047 4103/4103 4051/4051
f 4053/4053 4104/4104 4054/4054
f 4054/4054 4104/4104 4012/4012
f 4104/4104 4105/4105 4012/4012
f 4012/4012 4105/4105 4017/4017
f 4105/4105 4018/4018 4017/4017
f 4105/4105 4095/4095 4018/4018
f 4095/4095 4048/4048 4018/4018
f 4095/4095 4106/4106 4076/4076
f 4106/4106 4065/4065 4076/4076
f 4065/4065 4096/4096 4049/4049
f 4107/4107 4078/4078 4067/4067
f 4108/4108 4070/4070 4039/4039
f 4109/4109 2009/2009 4083/4083
f 4109/4109 4083/4083 4082/4082
f 2009/2009 4099/4099 4061/4061
f 4100/4100 1953/1953 1910/1910
f 4071/4071 4110/4110 4042/4042
f 4074/4074 4102/4102 4044/4044
f 4105/4105 4111/4111 4095/4095
f 4112/4112 4096/4096 4065/4065
f 4098/4098 4113/4113 4021/4021
f 4113/4113 4079/4079 4021/4021
f 4068/4068 4114/4114 4057/4057
f 4114/4114 4023/4023 4057/4057
f 4114/4114 4091/4091 4023/4023
f 4115/4115 4092/4092 4069/4069
f 4058/4058 4116/4116 4039/4039
f 4116/4116 4108/4108 4039/4039
f 4117/4117 4059/4059 4093/4093
f 4118/4118 4081/4081 4059/4059
f 3969/3969 4119/4119 4060/4060
f 1964/1964 1962/1962 1906/1906
f 1964/1964 1906/1906 1898/1898
f 4084/4084 1968/1968 1875/1875
f 4110/4110 4072/4072 4042/4042
f 4120/4120 4073/4073 4085/4085
f 4086/4086 4121/4121 4032/4032
f 4032/4032 4121/4121 4043/4043
f 4121/4121 4101/4101 4043/4043
f 4101/4101 4122/4122 4033/4033
f 4122/4122 4094/4094 4033/4033
f 4102/4102 4123/4123 4035/4035
f 4123/4123 4062/4062 4035/4035
f 4075/4075 4124/4124 4063/4063
f 4124/4124 4064/4064 4063/4063
f 4103/4103 4125/4125 4051/4051
f 4125/4125 4052/4052 4051/4051
f 4056/4056 4126/4126 4053/4053
f 4126/4126 4127/4127 4053/4053
f 4053/4053 4127/4127 4104/4104
f 4104/4104 4128/4128 4105/4105
f 4128/4128 4111/4111 4105/4105
f 4111/4111 4129/4129 4095/4095
f 4129/4129 4106/4106 4095/4095
f 4130/4130 4055/4055 4096/4096
f 4131/4131 4090/4090 4079/4079
f 4090/4090 4132/4132 4068/4068
f 4091/4091 4115/4115 4069/4069
f 2009/2009 4100/4100 4099/4099
f 1953/1953 4133/4133 1911/1911
f 4110/4110 4134/4134 4072/4072
f 4072/4072 4134/4134 4085/4085
f 4134/4134 4120/4120 4085/4085
f 4135/4135 4086/4086 4073/4073
f 4121/4121 4136/4136 4101/4101
f 4102/4102 4137/4137 4123/4123
f 4123/4123 4138/4138 4062/4062
f 4138/4138 4139/4139 4062/4062
f 4139/4139 4075/4075 4062/4062
f 4075/4075 4140/4140 4124/4124
f 4124/4124 4141/4141 4064/4064
f 4142/4142 4046/4046 4064/4064
f 4142/4142 4143/4143 4047/4047
f 4142/4142 4047/4047 4046/4046
f 4143/4143 4103/4103 4047/4047
f 4127/4127 4128/4128 4104/4104
f 4128/4128 4144/4144 4111/4111
f 4145/4145 4129/4129 4111/4111
f 4106/4106 4146/4146 4065/4065
f 4146/4146 4112/4112 4065/4065
f 4130/4130 4147/4147 4055/4055
f 4147/4147 4097/4097 4055/4055
f 4077/4077 4148/4148 4056/4056
f 4148/4148 4126/4126 4056/4056
f 4149/4149 4078/4078 4107/4107
f 4131/4131 4132/4132 4090/4090
f 4132/4132 4114/4114 4068/4068
f 4070/4070 4117/4117 4093/4093
f 4117/4117 4118/4118 4059/4059
f 4081/4081 4150/4150 4024/4024
f 4151/4151 3969/3969 4025/4025
f 3969/3969 4152/4152 4119/4119
f 4109/4109 2010/2010 2009/2009
f 1991/1991 2006/2006 1990/1990
f 1964/1964 1991/1991 1962/1962
f 4153/4153 1953/1953 4100/4100
f 1953/1953 4154/4154 4133/4133
f 4120/4120 4135/4135 4073/4073
f 4122/4122 4155/4155 4094/4094
f 4155/4155 4074/4074 4094/4094
f 4143/4143 4156/4156 4103/4103
f 4156/4156 4125/4125 4103/4103
f 4125/4125 4157/4157 4052/4052
f 4052/4052 4157/4157 4087/4087
f 4126/4126 4158/4158 4127/4127
f 4127/4127 4144/4144 4128/4128
f 4145/4145 4159/4159 4129/4129
f 4159/4159 4106/4106 4129/4129
f 4159/4159 4146/4146 4106/4106
f 4146/4146 4160/4160 4112/4112
f 4160/4160 4096/4096 4112/4112
f 4160/4160 4130/4130 4096/4096
f 4147/4147 4161/4161 4097/4097
f 4162/4162 4149/4149 4107/4107
f 4163/4163 4077/4077 4088/4088
f 4163/4163 4148/4148 4077/4077
f 4132/4132 4164/4164 4114/4114
f 4164/4164 4165/4165 4114/4114
f 4092/4092 4166/4166 4058/4058
f 4166/4166 4116/4116 4058/4058
f 4151/4151 4167/4167 3969/3969
f 2002/2002 4168/4168 1939/1939
f 1964/1964 4169/4169 1991/1991
f 4169/4169 2007/2007 2006/2006
f 4169/4169 2006/2006 1991/1991
f 2009/2009 2011/2011 4100/4100
f 2011/2011 4153/4153 4100/4100
f 4153/4153 4170/4170 1953/1953
f 4171/4171 4110/4110 4071/4071
f 2017/2017 2018/2018 2057/2057
f 4170/4170 4172/4172 4154/4154
f 4170/4170 4154/4154 1953/1953
f 4173/4173 4174/4174 4134/4134
f 4174/4174 4120/4120 4134/4134
f 4135/4135 4121/4121 4086/4086
f 4135/4135 4136/4136 4121/4121
f 4136/4136 4175/4175 4101/4101
f 4101/4101 4175/4175 4122/4122
f 4155/4155 4176/4176 4074/4074
f 4176/4176 4102/4102 4074/4074
f 4102/4102 4176/4176 4137/4137
f 4137/4137 4138/4138 4123/4123
f 4139/4139 4140/4140 4075/4075
f 4140/4140 4177/4177 4124/4124
f 4124/4124 4177/4177 4141/4141
f 4141/4141 4143/4143 4064/4064
f 4064/4064 4143/4143 4142/4142
f 2328/2328 4158/4158 4126/4126
f 4178/4178 4127/4127 4158/4158
f 4178/4178 4144/4144 4127/4127
f 4144/4144 4145/4145 4111/4111
f 4179/4179 4146/4146 4159/4159
f 4179/4179 4160/4160 4146/4146
f 4160/4160 4180/4180 4130/4130
f 4180/4180 4147/4147 4130/4130
f 4148/4148 2328/2328 4126/4126
f 4113/4113 4131/4131 4079/4079
f 4181/4181 4091/4091 4114/4114
f 4182/4182 4166/4166 4092/4092
f 4108/4108 4183/4183 4070/4070
f 4070/4070 4183/4183 4117/4117
f 4184/4184 4118/4118 4117/4117
f 4167/4167 4152/4152 3969/3969
f 2002/2002 4185/4185 4168/4168
f 2030/2030 4186/4186 1964/1964
f 1964/1964 4186/4186 4169/4169
f 4186/4186 2027/2027 2007/2007
f 4186/4186 2007/2007 4169/4169
f 4171/4171 4187/4187 4110/4110
f 4170/4170 4188/4188 4172/4172
f 4187/4187 4134/4134 4110/4110
f 4187/4187 4173/4173 4134/4134
f 4174/4174 4135/4135 4120/4120
f 4175/4175 4155/4155 4122/4122
f 4156/4156 4189/4189 4125/4125
f 4189/4189 4190/4190 4125/4125
f 4190/4190 4191/4191 4125/4125
f 4125/4125 4191/4191 4157/4157
f 2327/2327 4192/4192 4158/4158
f 2327/2327 4158/4158 2328/2328
f 4192/4192 4193/4193 4158/4158
f 4158/4158 4193/4193 4178/4178
f 4193/4193 4194/4194 4144/4144
f 4193/4193 4144/4144 4178/4178
f 4144/4144 4194/4194 4145/4145
f 4194/4194 4195/4195 4145/4145
f 4145/4145 4195/4195 4159/4159
f 4195/4195 4196/4196 4159/4159
f 4159/4159 4196/4196 4179/4179
f 4179/4179 4196/4196 4160/4160
f 4196/4196 4197/4197 4160/4160
f 4197/4197 4198/4198 4160/4160
f 4160/4160 4198/4198 4180/4180
f 4198/4198 4199/4199 4147/4147
f 4198/4198 4147/4147 4180/4180
f 4199/4199 4200/4200 4161/4161
f 4199/4199 4161/4161 4147/4147
f 4201/4201 4149/4149 4162/4162
f 4202/4202 4203/4203 4163/4163
f 4203/4203 2324/2324 4163/4163
f 4163/4163 2324/2324 4148/4148
f 2324/2324 2326/2326 4148/4148
f 2326/2326 2328/2328 4148/4148
f 4078/4078 4204/4204 4089/4089
f 4205/4205 4098/4098 3993/3993
f 4132/4132 4165/4165 4164/4164
f 4165/4165 4181/4181 4114/4114
f 4181/4181 4115/4115 4091/4091
f 4116/4116 4183/4183 4108/4108
f 4206/4206 4150/4150 4081/4081
f 2345/2345 2342/2342 2030/2030
f 2030/2030 2342/2342 4186/4186
f 2342/2342 2340/2340 4186/4186
f 4186/4186 2340/2340 2027/2027
f 4207/4207 4153/4153 2011/2011
f 4208/4208 4187/4187 4171/4171
f 4170/4170 4209/4209 4188/4188
f 4208/4208 4210/4210 4187/4187
f 4209/4209 2365/2365 4211/4211
f 4209/4209 4211/4211 4188/4188
f 4187/4187 4210/4210 4173/4173
f 2365/2365 2099/2099 4211/4211
f 4210/4210 4212/4212 4173/4173
f 4173/4173 4212/4212 4174/4174
f 4212/4212 4213/4213 4174/4174
f 4213/4213 4135/4135 4174/4174
f 4213/4213 4214/4214 4135/4135
f 4135/4135 4214/4214 4136/4136
f 4214/4214 4215/4215 4136/4136
f 4136/4136 4215/4215 4175/4175
f 4215/4215 4155/4155 4175/4175
f 4215/4215 4216/4216 4155/4155
f 4216/4216 4217/4217 4155/4155
f 4155/4155 4217/4217 4176/4176
f 4217/4217 4218/4218 4176/4176
f 4176/4176 4218/4218 4137/4137
f 4218/4218 4138/4138 4137/4137
f 4218/4218 4219/4219 4138/4138
f 4138/4138 4219/4219 4139/4139
f 4219/4219 4220/4220 4139/4139
f 4220/4220 4140/4140 4139/4139
f 4220/4220 4221/4221 4140/4140
f 4221/4221 4222/4222 4140/4140
f 4140/4140 4222/4222 4177/4177
f 4222/4222 4223/4223 4177/4177
f 4177/4177 4223/4223 4141/4141
f 4223/4223 4143/4143 4141/4141
f 4223/4223 4224/4224 4143/4143
f 2296/2296 2402/2402 2282/2282
f 4224/4224 4156/4156 4143/4143
f 4225/4225 4226/4226 4227/4227
f 4224/4224 4228/4228 4156/4156
f 4228/4228 4189/4189 4156/4156
f 4228/4228 4191/4191 4189/4189
f 4189/4189 4191/4191 4190/4190
f 4226/4226 4149/4149 4201/4201
f 2414/2414 2413/2413 4229/4229
f 4229/4229 2413/2413 4230/4230
f 2413/2413 2410/2410 4230/4230
f 4230/4230 2410/2410 2316/2316
f 4149/4149 4231/4231 4078/4078
f 4231/4231 4204/4204 4078/4078
f 4131/4131 4232/4232 4132/4132
f 4232/4232 4165/4165 4132/4132
f 4166/4166 4233/4233 4116/4116
f 4183/4183 4184/4184 4117/4117
f 4118/4118 4206/4206 4081/4081
f 2420/2420 4234/4234 4185/4185
f 2420/2420 4185/4185 2002/2002
f 2429/2429 4207/4207 2011/2011
f 2428/2428 2425/2425 2345/2345
f 2345/2345 2425/2425 2342/2342
f 4207/4207 4235/4235 4153/4153
f 4235/4235 4236/4236 4170/4170
f 4235/4235 4170/4170 4153/4153
f 4236/4236 4209/4209 4170/4170
f 4209/4209 4237/4237 2365/2365
f 4237/4237 4238/4238 2365/2365
f 2365/2365 4238/4238 2100/2100
f 4238/4238 4239/4239 2100/2100
f 4239/4239 2104/2104 2100/2100
f 4239/4239 4240/4240 2104/2104
f 2104/2104 4240/4240 2122/2122
f 4241/4241 2137/2137 2122/2122
f 2137/2137 4241/4241 2143/2143
f 4241/4241 4242/4242 2143/2143
f 4242/4242 4243/4243 2143/2143
f 2143/2143 4243/4243 2158/2158
f 2158/2158 4243/4243 2178/2178
f 4243/4243 4244/4244 2178/2178
f 2178/2178 4244/4244 2200/2200
f 4244/4244 4245/4245 2200/2200
f 4245/4245 4246/4246 2200/2200
f 2200/2200 4246/4246 2225/2225
f 4246/4246 4247/4247 2225/2225
f 2225/2225 4247/4247 2243/2243
f 4247/4247 4248/4248 2243/2243
f 2243/2243 4248/4248 2250/2250
f 2250/2250 4249/4249 2269/2269
f 4249/4249 2277/2277 2269/2269
f 4249/4249 4250/4250 2277/2277
f 2277/2277 4250/4250 2283/2283
f 4227/4227 4251/4251 4225/4225
f 4225/4225 4252/4252 4226/4226
f 4226/4226 4252/4252 4149/4149
f 4252/4252 4231/4231 4149/4149
f 4253/4253 4232/4232 4131/4131
f 2420/2420 4254/4254 4234/4234
f 2468/2468 4254/4254 2420/2420
f 4255/4255 4256/4256 2429/2429
f 2429/2429 4256/4256 4207/4207
f 4256/4256 4257/4257 4207/4207
f 4257/4257 4235/4235 4207/4207
f 4236/4236 4237/4237 4209/4209
f 4240/4240 4241/4241 2122/2122
f 2250/2250 4248/4248 4249/4249
f 4250/4250 4258/4258 2283/2283
f 4258/4258 4227/4227 2283/2283
f 4258/4258 4251/4251 4227/4227
f 4225/4225 4251/4251 4252/4252
f 4113/4113 4253/4253 4131/4131
f 4232/4232 4259/4259 4165/4165
f 4259/4259 4181/4181 4165/4165
f 4259/4259 4115/4115 4181/4181
f 4259/4259 4260/4260 4115/4115
f 4260/4260 4261/4261 4115/4115
f 4261/4261 4092/4092 4115/4115
f 4261/4261 4182/4182 4092/4092
f 4182/4182 4233/4233 4166/4166
f 4233/4233 4262/4262 4116/4116
f 4262/4262 4183/4183 4116/4116
f 4263/4263 4264/4264 4265/4265
f 4264/4264 4266/4266 4265/4265
f 4264/4264 4267/4267 4266/4266
f 4266/4266 4267/4267 4268/4268
f 4267/4267 4269/4269 4268/4268
f 4267/4267 4270/4270 4269/4269
f 4270/4270 4271/4271 4269/4269
f 4270/4270 4272/4272 4271/4271
f 4273/4273 4274/4274 4275/4275
f 4274/4274 4276/4276 4275/4275
f 4277/4277 4278/4278 4279/4279
f 4278/4278 4280/4280 4279/4279
f 4278/4278 4281/4281 4282/4282
f 4278/4278 4282/4282 4280/4280
f 4282/4282 4281/4281 4283/4283
f 4281/4281 4284/4284 4285/4285
f 4281/4281 4285/4285 4283/4283
f 4286/4286 4287/4287 4255/4255
f 4284/4284 4288/4288 4285/4285
f 4285/4285 4288/4288 4289/4289
f 4290/4290 4264/4264 4263/4263
f 4264/4264 4291/4291 4267/4267
f 4291/4291 4292/4292 4267/4267
f 4267/4267 4292/4292 4270/4270
f 4292/4292 4293/4293 4270/4270
f 4293/4293 4294/4294 4277/4277
f 4295/4295 4276/4276 4274/4274
f 4294/4294 4296/4296 4277/4277
f 4277/4277 4296/4296 4278/4278
f 4296/4296 4297/4297 4278/4278
f 4278/4278 4297/4297 4281/4281
f 4297/4297 4298/4298 4281/4281
f 4298/4298 4284/4284 4281/4281
f 4298/4298 4299/4299 4284/4284
f 4287/4287 4300/4300 4256/4256
f 4287/4287 4256/4256 4255/4255
f 4299/4299 4301/4301 4284/4284
f 4284/4284 4301/4301 4288/4288
f 4290/4290 4302/4302 4264/4264
f 4302/4302 4303/4303 4264/4264
f 4264/4264 4303/4303 4291/4291
f 4292/4292 4304/4304 4293/4293
f 4293/4293 4305/4305 4294/4294
f 4296/4296 4306/4306 4297/4297
f 4300/4300 4257/4257 4256/4256
f 4307/4307 4302/4302 4290/4290
f 4297/4297 4308/4308 4298/4298
f 4308/4308 4309/4309 4298/4298
f 4309/4309 4299/4299 4298/4298
f 4299/4299 4310/4310 4301/4301
f 4257/4257 4236/4236 4235/4235
f 4310/4310 4311/4311 4301/4301
f 4301/4301 4311/4311 4312/4312
f 4303/4303 4313/4313 4291/4291
f 4313/4313 4304/4304 4291/4291
f 4291/4291 4304/4304 4292/4292
f 4304/4304 4305/4305 4293/4293
f 4305/4305 4314/4314 4294/4294
f 4314/4314 4296/4296 4294/4294
f 4314/4314 4315/4315 4306/4306
f 4314/4314 4306/4306 4296/4296
f 4306/4306 4315/4315 4297/4297
f 4315/4315 4308/4308 4297/4297
f 4316/4316 4302/4302 4307/4307
f 4317/4317 4303/4303 4302/4302
f 4317/4317 4313/4313 4303/4303
f 4304/4304 4314/4314 4305/4305
f 4314/4314 4318/4318 4315/4315
f 4318/4318 4308/4308 4315/4315
f 4309/4309 4310/4310 4299/4299
f 4236/4236 4319/4319 4237/4237
f 4313/4313 4320/4320 4304/4304
f 4304/4304 4320/4320 4314/4314
f 4320/4320 4321/4321 4314/4314
f 4321/4321 4318/4318 4314/4314
f 4322/4322 4309/4309 4308/4308
f 4323/4323 4313/4313 4317/4317
f 4313/4313 4324/4324 4320/4320
f 4325/4325 4326/4326 4313/4313
f 4326/4326 4324/4324 4313/4313
f 4320/4320 4324/4324 4321/4321
f 4324/4324 4327/4327 4321/4321
f 4327/4327 4328/4328 4321/4321
f 4321/4321 4328/4328 4318/4318
f 4328/4328 4329/4329 4308/4308
f 4328/4328 4308/4308 4318/4318
f 4329/4329 4322/4322 4308/4308
f 4330/4330 4331/4331 4332/4332
f 4319/4319 4333/4333 4238/4238
f 4319/4319 4238/4238 4237/4237
f 4316/4316 4334/4334 4302/4302
f 4334/4334 4317/4317 4302/4302
f 4317/4317 4325/4325 4323/4323
f 4323/4323 4325/4325 4313/4313
f 4330/4330 4335/4335 4331/4331
f 4336/4336 4333/4333 4319/4319
f 4327/4327 4337/4337 4328/4328
f 4338/4338 4330/4330 4332/4332
f 4333/4333 4239/4239 4238/4238
f 4334/4334 4339/4339 4317/4317
f 4339/4339 4325/4325 4317/4317
f 4340/4340 4341/4341 4326/4326
f 4340/4340 4326/4326 4325/4325
f 4341/4341 4324/4324 4326/4326
f 4337/4337 4329/4329 4328/4328
f 4342/4342 4343/4343 4344/4344
f 4345/4345 4346/4346 4322/4322
f 4347/4347 4334/4334 4316/4316
f 4348/4348 4343/4343 4342/4342
f 4339/4339 4340/4340 4325/4325
f 4349/4349 4350/4350 4341/4341
f 4341/4341 4350/4350 4324/4324
f 4350/4350 4351/4351 4327/4327
f 4350/4350 4327/4327 4324/4324
f 4327/4327 4351/4351 4337/4337
f 4333/4333 4352/4352 4239/4239
f 4239/4239 4352/4352 4240/4240
f 4353/4353 4354/4354 4355/4355
f 4356/4356 4357/4357 4346/4346
f 4356/4356 4346/4346 4345/4345
f 4340/4340 4349/4349 4341/4341
f 4337/4337 4358/4358 4345/4345
f 4358/4358 4356/4356 4345/4345
f 4339/4339 4359/4359 4340/4340
f 4359/4359 4349/4349 4340/4340
f 4360/4360 4350/4350 4349/4349
f 4357/4357 4353/4353 4346/4346
f 4361/4361 4359/4359 4339/4339
f 4360/4360 4362/4362 4350/4350
f 4362/4362 4351/4351 4350/4350
f 4351/4351 4363/4363 4337/4337
f 4363/4363 4364/4364 4337/4337
f 4364/4364 4358/4358 4337/4337
f 4347/4347 4365/4365 4334/4334
f 4365/4365 4339/4339 4334/4334
f 4366/4366 4360/4360 4349/4349
f 4359/4359 4366/4366 4349/4349
f 4367/4367 4368/4368 4356/4356
f 4367/4367 4356/4356 4358/4358
f 4362/4362 4369/4369 4351/4351
f 4369/4369 4363/4363 4351/4351
f 4364/4364 4367/4367 4358/4358
f 4370/4370 4353/4353 4357/4357
f 4371/4371 4360/4360 4366/4366
f 4365/4365 4372/4372 4339/4339
f 4372/4372 4361/4361 4339/4339
f 4368/4368 4357/4357 4356/4356
f 4370/4370 4373/4373 4353/4353
f 4352/4352 4241/4241 4240/4240
f 4373/4373 4354/4354 4353/4353
f 4359/4359 4371/4371 4366/4366
f 4361/4361 4374/4374 4359/4359
f 4368/4368 4370/4370 4357/4357
f 4375/4375 4360/4360 4371/4371
f 4376/4376 4367/4367 4364/4364
f 4377/4377 4365/4365 4347/4347
f 4374/4374 4371/4371 4359/4359
f 4378/4378 4379/4379 4380/4380
f 4381/4381 4370/4370 4368/4368
f 4352/4352 4382/4382 4241/4241
f 4373/4373 4383/4383 4354/4354
f 4363/4363 4376/4376 4364/4364
f 4384/4384 4363/4363 4369/4369
f 4381/4381 4385/4385 4370/4370
f 4374/4374 4375/4375 4371/4371
f 4378/4378 4386/4386 4379/4379
f 4386/4386 4387/4387 4379/4379
f 4362/4362 4384/4384 4369/4369
f 4241/4241 4382/4382 4242/4242
f 4384/4384 4376/4376 4363/4363
f 4377/4377 4388/4388 4365/4365
f 4388/4388 4372/4372 4365/4365
f 4376/4376 4389/4389 4367/4367
f 4390/4390 4385/4385 4381/4381
f 4391/4391 4392/4392 4375/4375
f 4393/4393 4389/4389 4376/4376
f 4389/4389 4390/4390 4367/4367
f 4367/4367 4390/4390 4368/4368
f 4390/4390 4381/4381 4368/4368
f 4385/4385 4373/4373 4370/4370
f 4388/4388 4394/4394 4372/4372
f 4394/4394 4361/4361 4372/4372
f 4375/4375 4395/4395 4391/4391
f 4393/4393 4376/4376 4384/4384
f 4385/4385 4396/4396 4373/4373
f 4396/4396 4383/4383 4373/4373
f 4392/4392 4391/4391 4384/4384
f 4389/4389 4397/4397 4390/4390
f 4382/4382 4398/4398 4242/4242
f 4396/4396 4399/4399 4383/4383
f 4400/4400 4388/4388 4377/4377
f 4394/4394 4401/4401 4361/4361
f 4361/4361 4401/4401 4374/4374
f 4401/4401 4395/4395 4374/4374
f 4374/4374 4395/4395 4375/4375
f 4391/4391 4402/4402 4384/4384
f 4393/4393 4397/4397 4389/4389
f 4395/4395 4403/4403 4391/4391
f 4403/4403 4402/4402 4391/4391
f 4404/4404 4405/4405 4406/4406
f 4384/4384 4407/4407 4393/4393
f 4407/4407 4397/4397 4393/4393
f 4397/4397 4408/4408 4390/4390
f 4408/4408 4385/4385 4390/4390
f 4398/4398 4243/4243 4242/4242
f 4408/4408 4409/4409 4385/4385
f 4410/4410 4411/4411 4412/4412
f 4413/4413 4403/4403 4395/4395
f 4410/4410 4414/4414 4411/4411
f 4414/4414 4415/4415 4411/4411
f 4401/4401 4413/4413 4395/4395
f 4413/4413 4416/4416 4403/4403
f 4404/4404 4417/4417 4405/4405
f 4407/4407 4418/4418 4397/4397
f 4388/4388 4419/4419 4394/4394
f 4419/4419 4420/4420 4394/4394
f 4420/4420 4401/4401 4394/4394
f 4417/4417 4421/4421 4405/4405
f 4418/4418 4422/4422 4397/4397
f 4397/4397 4422/4422 4408/4408
f 4422/4422 4409/4409 4408/4408
f 4416/4416 4423/4423 4403/4403
f 4423/4423 4402/4402 4403/4403
f 4398/4398 4424/4424 4243/4243
f 4414/4414 4425/4425 4415/4415
f 4423/4423 4426/4426 4402/4402
f 4426/4426 4427/4427 4402/4402
f 4400/4400 4428/4428 4388/4388
f 4428/4428 4419/4419 4388/4388
f 4426/4426 4429/4429 4427/4427
f 4429/4429 4418/4418 4427/4427
f 4418/4418 4430/4430 4422/4422
f 4431/4431 4432/4432 4409/4409
f 4430/4430 4433/4433 4422/4422
f 4424/4424 4244/4244 4243/4243
f 4422/4422 4431/4431 4409/4409
f 4419/4419 4434/4434 4420/4420
f 4420/4420 4435/4435 4401/4401
f 4435/4435 4413/4413 4401/4401
f 4433/4433 4431/4431 4422/4422
f 4436/4436 4428/4428 4400/4400
f 4437/4437 4438/4438 4439/4439
f 4435/4435 4440/4440 4413/4413
f 4440/4440 4423/4423 4413/4413
f 4423/4423 4416/4416 4413/4413
f 4434/4434 4435/4435 4420/4420
f 4423/4423 4441/4441 4426/4426
f 4441/4441 4429/4429 4426/4426
f 4433/4433 4442/4442 4431/4431
f 4443/4443 4441/4441 4423/4423
f 4441/4441 4444/4444 4429/4429
f 4430/4430 4445/4445 4433/4433
f 4442/4442 4446/4446 4431/4431
f 4431/4431 4446/4446 4432/4432
f 4446/4446 4447/4447 4432/4432
f 4440/4440 4448/4448 4423/4423
f 4449/4449 4450/4450 4451/4451
f 4452/4452 4453/4453 4435/4435
f 4453/4453 4440/4440 4435/4435
f 4448/4448 4454/4454 4423/4423
f 4443/4443 4444/4444 4441/4441
f 4444/4444 4455/4455 4429/4429
f 4437/4437 4456/4456 4438/4438
f 4456/4456 4457/4457 4438/4438
f 4458/4458 4445/4445 4430/4430
f 4445/4445 4442/4442 4433/4433
f 4424/4424 4459/4459 4244/4244
f 4446/4446 4460/4460 4447/4447
f 4459/4459 4245/4245 4244/4244
f 4453/4453 4448/4448 4440/4440
f 4454/4454 4443/4443 4423/4423
f 4458/4458 4461/4461 4445/4445
f 4461/4461 4442/4442 4445/4445
f 4443/4443 4462/4462 4444/4444
f 4444/4444 4463/4463 4455/4455
f 4463/4463 4458/4458 4455/4455
f 4464/4464 4465/4465 4428/4428
f 4464/4464 4428/4428 4436/4436
f 4465/4465 4466/4466 4428/4428
f 4428/4428 4466/4466 4419/4419
f 4466/4466 4434/4434 4419/4419
f 4467/4467 4449/4449 4451/4451
f 4462/4462 4463/4463 4444/4444
f 4461/4461 4468/4468 4442/4442
f 4442/4442 4469/4469 4446/4446
f 4469/4469 4460/4460 4446/4446
f 4448/4448 4470/4470 4454/4454
f 4468/4468 4469/4469 4442/4442
f 4454/4454 4462/4462 4443/4443
f 4471/4471 4472/4472 4473/4473
f 4452/4452 4474/4474 4453/4453
f 4474/4474 4475/4475 4453/4453
f 4453/4453 4475/4475 4448/4448
f 4476/4476 4477/4477 4461/4461
f 4476/4476 4461/4461 4458/4458
f 4477/4477 4468/4468 4461/4461
f 4478/4478 4449/4449 4467/4467
f 4454/4454 4479/4479 4462/4462
f 4480/4480 4463/4463 4462/4462
f 4459/4459 4247/4247 4245/4245
f 4469/4469 4481/4481 4460/4460
f 4247/4247 4246/4246 4245/4245
f 4482/4482 4483/4483 4484/4484
f 4483/4483 4467/4467 4484/4484
f 4485/4485 4486/4486 4452/4452
f 4486/4486 4474/4474 4452/4452
f 4475/4475 4470/4470 4448/4448
f 4479/4479 4480/4480 4462/4462
f 4487/4487 4483/4483 4482/4482
f 4470/4470 4488/4488 4454/4454
f 4488/4488 4479/4479 4454/4454
f 4489/4489 4490/4490 4491/4491
f 4492/4492 4472/4472 4471/4471
f 4483/4483 4493/4493 4467/4467
f 4493/4493 4478/4478 4467/4467
f 4494/4494 4489/4489 4491/4491
f 4480/4480 4495/4495 4476/4476
f 4496/4496 4494/4494 4497/4497
f 4476/4476 4498/4498 4477/4477
f 4498/4498 4468/4468 4477/4477
f 4247/4247 4499/4499 4248/4248
f 4469/4469 4500/4500 4481/4481
f 4474/4474 4501/4501 4475/4475
f 4502/4502 4496/4496 4497/4497
f 4468/4468 4503/4503 4469/4469
f 4503/4503 4500/4500 4469/4469
f 4504/4504 4486/4486 4485/4485
f 4505/4505 4496/4496 4502/4502
f 4494/4494 4506/4506 4489/4489
f 4507/4507 4508/4508 4480/4480
f 4508/4508 4495/4495 4480/4480
f 4498/4498 4509/4509 4468/4468
f 4510/4510 4511/4511 4507/4507
f 4509/4509 4503/4503 4468/4468
f 4496/4496 4506/4506 4494/4494
f 4511/4511 4512/4512 4507/4507
f 4507/4507 4512/4512 4508/4508
f 4508/4508 4513/4513 4495/4495
f 4513/4513 4476/4476 4495/4495
f 4513/4513 4498/4498 4476/4476
f 4514/4514 4515/4515 4516/4516
f 4515/4515 4504/4504 4516/4516
f 4486/4486 4517/4517 4474/4474
f 4517/4517 4501/4501 4474/4474
f 4512/4512 4513/4513 4508/4508
f 4518/4518 4509/4509 4498/4498
f 4504/4504 4519/4519 4486/4486
f 4518/4518 4520/4520 4509/4509
f 4515/4515 4519/4519 4504/4504
f 4519/4519 4517/4517 4486/4486
f 4513/4513 4518/4518 4498/4498
f 4520/4520 4521/4521 4509/4509
f 4509/4509 4521/4521 4503/4503
f 4521/4521 4500/4500 4503/4503
f 4522/4522 4523/4523 4510/4510
f 4523/4523 4511/4511 4510/4510
f 4519/4519 4524/4524 4517/4517
f 4525/4525 4501/4501 4517/4517
f 4526/4526 4522/4522 4501/4501
f 4526/4526 4523/4523 4522/4522
f 4523/4523 4527/4527 4511/4511
f 4527/4527 4512/4512 4511/4511
f 4528/4528 4518/4518 4513/4513
f 4524/4524 4525/4525 4517/4517
f 4525/4525 4526/4526 4501/4501
f 4529/4529 4513/4513 4512/4512
f 4530/4530 4528/4528 4513/4513
f 4527/4527 4529/4529 4512/4512
f 4529/4529 4530/4530 4513/4513
f 4528/4528 4531/4531 4518/4518
f 4531/4531 4532/4532 4520/4520
f 4531/4531 4520/4520 4518/4518
f 4525/4525 4533/4533 4526/4526
f 4533/4533 4523/4523 4526/4526
f 4523/4523 4534/4534 4527/4527
f 4499/4499 4535/4535 4248/4248
f 4521/4521 4536/4536 4500/4500
f 4534/4534 4537/4537 4527/4527
f 4527/4527 4537/4537 4529/4529
f 4532/4532 4521/4521 4520/4520
f 4538/4538 4515/4515 4514/4514
f 4248/4248 4535/4535 4249/4249
f 4538/4538 4539/4539 4515/4515
f 4539/4539 4519/4519 4515/4515
f 4519/4519 4540/4540 4524/4524
f 4540/4540 4541/4541 4524/4524
f 4541/4541 4525/4525 4524/4524
f 4542/4542 4529/4529 4537/4537
f 4542/4542 4530/4530 4529/4529
f 4543/4543 4544/4544 4545/4545
f 4532/4532 4546/4546 4521/4521
f 4546/4546 4536/4536 4521/4521
f 4539/4539 4540/4540 4519/4519
f 4541/4541 4547/4547 4525/4525
f 4547/4547 4533/4533 4525/4525
f 4547/4547 4523/4523 4533/4533
f 4542/4542 4548/4548 4530/4530
f 4547/4547 4549/4549 4523/4523
f 4549/4549 4534/4534 4523/4523
f 4549/4549 4550/4550 4537/4537
f 4549/4549 4537/4537 4534/4534
f 4550/4550 4542/4542 4537/4537
f 4551/4551 4544/4544 4543/4543
f 4552/4552 4546/4546 4532/4532
f 4540/4540 4553/4553 4541/4541
f 4553/4553 4554/4554 4541/4541
f 4541/4541 4554/4554 4547/4547
f 4555/4555 4549/4549 4547/4547
f 4550/4550 4556/4556 4542/4542
f 4539/4539 4557/4557 4540/4540
f 4535/4535 4250/4250 4249/4249
f 4548/4548 4552/4552 4531/4531
f 4557/4557 4553/4553 4540/4540
f 4554/4554 4555/4555 4547/4547
f 4556/4556 4548/4548 4542/4542
f 4535/4535 4258/4258 4250/4250
f 4552/4552 4532/4532 4531/4531
f 4558/4558 4539/4539 4538/4538
f 4535/4535 4559/4559 4258/4258
f 4546/4546 4560/4560 4536/4536
f 4558/4558 4561/4561 4539/4539
f 4561/4561 4557/4557 4539/4539
f 4557/4557 4554/4554 4553/4553
f 4554/4554 4562/4562 4555/4555
f 4562/4562 4563/4563 4555/4555
f 4555/4555 4564/4564 4550/4550
f 4555/4555 4550/4550 4549/4549
f 4565/4565 4566/4566 4567/4567
f 4566/4566 4568/4568 4567/4567
f 4569/4569 4570/4570 4556/4556
f 4570/4570 4548/4548 4556/4556
f 4570/4570 4552/4552 4548/4548
f 4561/4561 4571/4571 4557/4557
f 4557/4557 4562/4562 4554/4554
f 4572/4572 4552/4552 4570/4570
f 4562/4562 4573/4573 4563/4563
f 4555/4555 4563/4563 4564/4564
f 4564/4564 4574/4574 4569/4569
f 4574/4574 4575/4575 4569/4569
f 4569/4569 4575/4575 4570/4570
f 4572/4572 4576/4576 4552/4552
f 4575/4575 4572/4572 4570/4570
f 4258/4258 4559/4559 4251/4251
f 4557/4557 4577/4577 4562/4562
f 4577/4577 4573/4573 4562/4562
f 4559/4559 4578/4578 4251/4251
f 4546/4546 4579/4579 4560/4560
f 4571/4571 4577/4577 4557/4557
f 4573/4573 4580/4580 4563/4563
f 4563/4563 4580/4580 4564/4564
f 4580/4580 4574/4574 4564/4564
f 4575/4575 4581/4581 4572/4572
f 4581/4581 4576/4576 4572/4572
f 4576/4576 4582/4582 4552/4552
f 4552/4552 4582/4582 4546/4546
f 4582/4582 4579/4579 4546/4546
f 4583/4583 4577/4577 4571/4571
f 4577/4577 4584/4584 4573/4573
f 4584/4584 4580/4580 4573/4573
f 4580/4580 4585/4585 4574/4574
f 4574/4574 4585/4585 4575/4575
f 4586/4586 4561/4561 4558/4558
f 4583/4583 4587/4587 4577/4577
f 4587/4587 4584/4584 4577/4577
f 4561/4561 4583/4583 4571/4571
f 4585/4585 4581/4581 4575/4575
f 4586/4586 4588/4588 4561/4561
f 4588/4588 4589/4589 4583/4583
f 4588/4588 4583/4583 4561/4561
f 4589/4589 4587/4587 4583/4583
f 4590/4590 4591/4591 4581/4581
f 4590/4590 4581/4581 4585/4585
f 4591/4591 4576/4576 4581/4581
f 4578/4578 4252/4252 4251/4251
f 4592/4592 4587/4587 4589/4589
f 4592/4592 4593/4593 4587/4587
f 4587/4587 4593/4593 4584/4584
f 4593/4593 4594/4594 4584/4584
f 4594/4594 4580/4580 4584/4584
f 4595/4595 4596/4596 4597/4597
f 4580/4580 4598/4598 4585/4585
f 4598/4598 4590/4590 4585/4585
f 4591/4591 4599/4599 4576/4576
f 4599/4599 4600/4600 4576/4576
f 4600/4600 4582/4582 4576/4576
f 4601/4601 4588/4588 4586/4586
f 4602/4602 4603/4603 4604/4604
f 4605/4605 4599/4599 4591/4591
f 4578/4578 4606/4606 4252/4252
f 4252/4252 4606/4606 4231/4231
f 4582/4582 4607/4607 4579/4579
f 4588/4588 4592/4592 4589/4589
f 4600/4600 4607/4607 4582/4582
f 4601/4601 4608/4608 4588/4588
f 4608/4608 4609/4609 4588/4588
f 4588/4588 4609/4609 4592/4592
f 4592/4592 4609/4609 4593/4593
f 4609/4609 4610/4610 4593/4593
f 4610/4610 4594/4594 4593/4593
f 4610/4610 4611/4611 4594/4594
f 4612/4612 4596/4596 4595/4595
f 4611/4611 4590/4590 4598/4598
f 4613/4613 4614/4614 4602/4602
f 4602/4602 4614/4614 4603/4603
f 4615/4615 4616/4616 4605/4605
f 4616/4616 4599/4599 4605/4605
f 4599/4599 4616/4616 4600/4600
f 4616/4616 4617/4617 4600/4600
f 4600/4600 4617/4617 4607/4607
f 4606/4606 4204/4204 4231/4231
f 4113/4113 4618/4618 4253/4253
f 4618/4618 4619/4619 4253/4253
f 4619/4619 4232/4232 4253/4253
f 4184/4184 4620/4620 4118/4118
f 4620/4620 4206/4206 4118/4118
f 2487/2487 2486/2486 2470/2470
f 4098/4098 4621/4621 4113/4113
f 4621/4621 4622/4622 4113/4113
f 4622/4622 4618/4618 4113/4113
f 4232/4232 4623/4623 4259/4259
f 4623/4623 4624/4624 4259/4259
f 4625/4625 4182/4182 4261/4261
f 4262/4262 4626/4626 4183/4183
f 4626/4626 4184/4184 4183/4183
f 4626/4626 4627/4627 4184/4184
f 4206/4206 4628/4628 4150/4150
f 4629/4629 4630/4630 4151/4151
f 4151/4151 4630/4630 4167/4167
f 4630/4630 4152/4152 4167/4167
f 4205/4205 4621/4621 4098/4098
f 4619/4619 4623/4623 4232/4232
f 4624/4624 4631/4631 4259/4259
f 4259/4259 4631/4631 4260/4260
f 4631/4631 4261/4261 4260/4260
f 4625/4625 4632/4632 4182/4182
f 4632/4632 4233/4233 4182/4182
f 4632/4632 4262/4262 4233/4233
f 4633/4633 4620/4620 4184/4184
f 4620/4620 4634/4634 4206/4206
f 4634/4634 4628/4628 4206/4206
f 4624/4624 4635/4635 4631/4631
f 4627/4627 4633/4633 4184/4184
f 4630/4630 4636/4636 4152/4152
f 4637/4637 4638/4638 4205/4205
f 4205/4205 4638/4638 4621/4621
f 4638/4638 4622/4622 4621/4621
f 4639/4639 4619/4619 4618/4618
f 4619/4619 4639/4639 4623/4623
f 4639/4639 4640/4640 4623/4623
f 4623/4623 4640/4640 4624/4624
f 4640/4640 4635/4635 4624/4624
f 4631/4631 4635/4635 4261/4261
f 4635/4635 4625/4625 4261/4261
f 4632/4632 4626/4626 4262/4262
f 4634/4634 4641/4641 4628/4628
f 4642/4642 4630/4630 4629/4629
f 4630/4630 4643/4643 4636/4636
f 4637/4637 4644/4644 4638/4638
f 4637/4637 4645/4645 4644/4644
f 4644/4644 4622/4622 4638/4638
f 4645/4645 4646/4646 4644/4644
f 4644/4644 4647/4647 4622/4622
f 4646/4646 4647/4647 4644/4644
f 4646/4646 4648/4648 4647/4647
f 4622/4622 4647/4647 4618/4618
f 4648/4648 4649/4649 4647/4647
f 4647/4647 4639/4639 4618/4618
f 4647/4647 4649/4649 4639/4639
f 4649/4649 4650/4650 4651/4651
f 4649/4649 4651/4651 4639/4639
f 4639/4639 4651/4651 4640/4640
f 4652/4652 4653/4653 4654/4654
f 4640/4640 4651/4651 4635/4635
f 4653/4653 4655/4655 4654/4654
f 4651/4651 4656/4656 4635/4635
f 4654/4654 4655/4655 4657/4657
f 4655/4655 4658/4658 4657/4657
f 4635/4635 4656/4656 4625/4625
f 4658/4658 4659/4659 4657/4657
f 4658/4658 4660/4660 4659/4659
f 4659/4659 4660/4660 4661/4661
f 4660/4660 4662/4662 4661/4661
f 4661/4661 4662/4662 4663/4663
f 4662/4662 4664/4664 4663/4663
f 4662/4662 4665/4665 4664/4664
f 4665/4665 4666/4666 4664/4664
f 4633/4633 4667/4667 4620/4620
f 4665/4665 4668/4668 4666/4666
f 4665/4665 4669/4669 4668/4668
f 4620/4620 4667/4667 4634/4634
f 4667/4667 4641/4641 4634/4634
f 4669/4669 4670/4670 4668/4668
f 4671/4671 4672/4672 4673/4673
f 4674/4674 4675/4675 4676/4676
f 4675/4675 4677/4677 4676/4676
f 4677/4677 4652/4652 4676/4676
f 4652/4652 4677/4677 4653/4653
f 4678/4678 4662/4662 4660/4660
f 4662/4662 4679/4679 4665/4665
f 4679/4679 4680/4680 4665/4665
f 4665/4665 4681/4681 4669/4669
f 4681/4681 4682/4682 4669/4669
f 4642/4642 4683/4683 4630/4630
f 4682/4682 4684/4684 4670/4670
f 4682/4682 4670/4670 4669/4669
f 4672/4672 4685/4685 4686/4686
f 4685/4685 4674/4674 4686/4686
f 4685/4685 4687/4687 4674/4674
f 4687/4687 4675/4675 4674/4674
f 4677/4677 4688/4688 4653/4653
f 4653/4653 4689/4689 4655/4655
f 4690/4690 4660/4660 4658/4658
f 4680/4680 4691/4691 4665/4665
f 4691/4691 4681/4681 4665/4665
f 4692/4692 4672/4672 4671/4671
f 4687/4687 4693/4693 4675/4675
f 4693/4693 4694/4694 4675/4675
f 4675/4675 4694/4694 4677/4677
f 4694/4694 4688/4688 4677/4677
f 4690/4690 4678/4678 4660/4660
f 4695/4695 4662/4662 4678/4678
f 4695/4695 4679/4679 4662/4662
f 4695/4695 4680/4680 4679/4679
f 4681/4681 4696/4696 4682/4682
f 4683/4683 4697/4697 4643/4643
f 4683/4683 4643/4643 4630/4630
f 4696/4696 4698/4698 4682/4682
f 4682/4682 4698/4698 4684/4684
f 4692/4692 4699/4699 4672/4672
f 4699/4699 4700/4700 4685/4685
f 4699/4699 4685/4685 4672/4672
f 4700/4700 4701/4701 4685/4685
f 4685/4685 4701/4701 4687/4687
f 4694/4694 4702/4702 4688/4688
f 4688/4688 4702/4702 4653/4653
f 4653/4653 4702/4702 4689/4689
f 4689/4689 4703/4703 4655/4655
f 4655/4655 4703/4703 4658/4658
f 4703/4703 4690/4690 4658/4658
f 4703/4703 4704/4704 4690/4690
f 4704/4704 4678/4678 4690/4690
f 4704/4704 4695/4695 4678/4678
f 4695/4695 4705/4705 4680/4680
f 4705/4705 4706/4706 4680/4680
f 4680/4680 4706/4706 4691/4691
f 4706/4706 4681/4681 4691/4691
f 4701/4701 4693/4693 4687/4687
f 4703/4703 4707/4707 4704/4704
f 4707/4707 4695/4695 4704/4704
f 4707/4707 4708/4708 4695/4695
f 4708/4708 4705/4705 4695/4695
f 4706/4706 4696/4696 4681/4681
f 4709/4709 4710/4710 4699/4699
f 4709/4709 4699/4699 4692/4692
f 4699/4699 4710/4710 4700/4700
f 4710/4710 4711/4711 4700/4700
f 4711/4711 4701/4701 4700/4700
f 4701/4701 4711/4711 4693/4693
f 4711/4711 4712/4712 4693/4693
f 4693/4693 4712/4712 4694/4694
f 4712/4712 4713/4713 4694/4694
f 4694/4694 4713/4713 4702/4702
f 4713/4713 4714/4714 4702/4702
f 4702/4702 4714/4714 4689/4689
f 4714/4714 4715/4715 4689/4689
f 4715/4715 4703/4703 4689/4689
f 4715/4715 4707/4707 4703/4703
f 4715/4715 4716/4716 4707/4707
f 4716/4716 4717/4717 4707/4707
f 4707/4707 4717/4717 4708/4708
f 4717/4717 4718/4718 4708/4708
f 4708/4708 4718/4718 4705/4705
f 4718/4718 4719/4719 4705/4705
f 4705/4705 4719/4719 4706/4706
f 4719/4719 4696/4696 4706/4706
f 4719/4719 4720/4720 4696/4696
f 4720/4720 4721/4721 4696/4696
f 4696/4696 4721/4721 4698/4698

