<?xml version='1.0' encoding='UTF-8'?>
<COLLADA xmlns="http://www.collada.org/2005/11/COLLADASchema" version="1.4.1">
<!--
# File generated by ImageToStl.com - Free Image and 3D model conversion tools
-->
  <asset>
    <contributor>
      <author>ImageToStl.com</author>
      <authoring_tool>ImageToStl.com</authoring_tool>
    </contributor>
    <created>2026-08-12T07:12:37</created>
    <modified>2026-08-12T07:12:37</modified>
    <up_axis>Y_UP</up_axis>
  </asset>
  <library_images>
    <image id="image0_png" name="image0_png">
      <init_from>image0.png</init_from>
    </image>
  </library_images>
  <library_effects>
    <effect id="effect_0">
        <profile_COMMON>
          <newparam sid="image0_png-surface">
            <surface type="2D">
              <init_from>image0_png</init_from>
            </surface>
          </newparam>
          <newparam sid="image0_png-sampler">
            <sampler2D>
              <source>image0_png-surface</source>
            </sampler2D>
          </newparam>
          <technique sid="common">
            <phong>
              <emission>
                <color>0 0 0 1</color>
              </emission>
              <diffuse>
                <texture texture="image0_png-sampler" texcoord="UVMap"/>
              </diffuse>
              <specular>
                <color>1 1 1 1</color>
              </specular>
              <shininess>
                <float>0</float>
              </shininess>
              <transparency>
                <float>1</float>
              </transparency>
            </phong>
          </technique>
        </profile_COMMON>
    </effect>
  </library_effects>
  <library_materials>
    <material id="mat_0" name="mat_0">
      <instance_effect url="#effect_0"/>
    </material>
  </library_materials>
  <library_geometries>
    <geometry id="geometry_a37b12e9_b841_4332_a337_6ef5dd345354">
      <mesh>
        <source id="pos_0">
          <float_array id="pos_0-array" count="14163">-0.04230738 -0.23265262 -0.13483815 -0.0421339 -0.23240307 -0.13038611 -0.04233906 -0.23347799 -0.13205826 -0.04228991 -0.23350388 -0.11794424 -0.04211566 -0.23229136 -0.119229 -0.0419085 -0.2326766 -0.10284039 -0.04217303 -0.23370485 -0.10308835 -0.04176584 -0.23278326 -0.05505268 -0.04209414 -0.23374015 -0.06353263 -0.04165411 -0.2328409 -0.00934586 -0.04203302 -0.23378558 -0.01852305 -0.0419015 -0.23387994 0.01530541 -0.04130873 -0.23286572 0.03259391 -0.04127583 -0.23290694 0.05266388 -0.04171726 -0.23396495 0.07867722 -0.04115283 -0.23298179 0.08002704 -0.04122245 -0.23294722 0.10357782 -0.04186031 -0.23400547 0.12715955 -0.04126441 -0.23288499 0.12343103 -0.04121664 -0.23298934 0.13293973 -0.04188353 -0.23415864 0.13280195 -0.04150513 -0.23290126 0.13491561 -0.04230738 -0.23265262 -0.13483815 -0.044485 -0.23378137 -0.1347788 -0.04517573 -0.23279485 -0.13499492 -0.04230738 -0.23265262 -0.13483815 -0.04233906 -0.23347799 -0.13205826 -0.044485 -0.23378137 -0.1347788 -0.04436374 -0.2340783 -0.13260795 -0.04228991 -0.23350388 -0.11794424 -0.04436997 -0.23405334 -0.11228243 -0.04217303 -0.23370485 -0.10308835 -0.04438487 -0.23396446 -0.0954133 -0.04209414 -0.23374015 -0.06353263 -0.04439956 -0.23396738 -0.0764038 -0.04430744 -0.23389626 -0.05531564 -0.04423931 -0.23392256 -0.04073887 -0.04203302 -0.23378558 -0.01852305 -0.04439616 -0.23391823 -0.01806709 -0.0419015 -0.23387994 0.01530541 -0.04442587 -0.23397134 0.01897168 -0.04171726 -0.23396495 0.07867722 -0.0442557 -0.2340074 0.07746129 -0.04186031 -0.23400547 0.12715955 -0.04409257 -0.23406298 0.11712264 -0.04777902 -0.23402835 0.12888211 -0.04188353 -0.23415864 0.13280195 -0.04445297 -0.23418321 0.13285063 -0.04150513 -0.23290126 0.13491561 -0.04445353 -0.23355855 0.13487405 -0.0509423 -0.23396927 -0.12514946 -0.05374847 -0.23401462 -0.11049979 -0.05350824 -0.23392473 -0.07249672 -0.0523653 -0.23399611 0.0703654 -0.04445353 -0.23355855 0.13487405 -0.04150513 -0.23290126 0.13491561 -0.05436048 -0.23211166 0.13499492 -0.05849728 -0.23370902 -0.13474542 -0.05742292 -0.23266926 -0.13497706 -0.05849728 -0.23370902 -0.13474542 -0.05930559 -0.2339453 -0.09562007 -0.0591027 -0.23388362 -0.05082817 -0.05442047 -0.2339339 -0.002354 -0.05711806 -0.2339901 0.02319473 -0.057271 -0.23407114 0.12862617 -0.05486391 -0.23419946 0.13288306 -0.05781375 -0.23357363 0.13488406 -0.05781375 -0.23357363 0.13488406 -0.06265193 -0.23405363 -0.1324949 -0.06275898 -0.2340011 -0.12501028 -0.06277774 -0.2340399 -0.11203978 -0.06297316 -0.23398083 -0.03149849 -0.06300282 -0.2339702 -0.01055023 -0.05954279 -0.2340122 0.04253475 -0.05953793 -0.23403704 0.07964529 -0.06281866 -0.2341028 0.11852372 -0.06269446 -0.23424563 0.13278759 -0.06253989 -0.23312697 0.13488118 -0.06255594 -0.23335923 -0.13467205 -0.06313427 -0.23205562 -0.13485065 -0.06255594 -0.23335923 -0.13467205 -0.06288013 -0.2340024 -0.09493587 -0.06298953 -0.23393731 -0.05449262 -0.06278315 -0.23406404 0.02393575 -0.06282307 -0.2341132 0.0834592 -0.06253989 -0.23312697 0.13488118 -0.0636082 -0.23249227 -0.13463187 -0.0636082 -0.23249227 -0.13463187 -0.06382906 -0.23291011 -0.1323581 -0.06376937 -0.23299003 -0.1235257 -0.06406906 -0.23298436 -0.09490755 -0.06433678 -0.23296879 -0.04763348 -0.0643629 -0.23298885 -0.0087155 -0.06394279 -0.23304605 0.03086814 -0.06394735 -0.2330731 0.08107966 -0.06388469 -0.23305503 0.09794383 -0.06389928 -0.23303959 0.12234959 -0.06389928 -0.23303959 0.12234959 -0.06269446 -0.23424563 0.13278759 -0.06383739 -0.233082 0.12846717 -0.06357802 -0.23438461 0.13476487 -0.06388526 -0.23316845 0.1322612 -0.06376937 -0.23299003 -0.1235257 -0.06406906 -0.23298436 -0.09490755 -0.0641572 -0.22980714 -0.09102333 -0.06433678 -0.23296879 -0.04763348 -0.06437095 -0.23008095 -0.04629447 -0.06440952 -0.23001978 -0.01059882 -0.0643629 -0.23298885 -0.0087155 -0.06402077 -0.23007481 0.02193404 -0.06394279 -0.23304605 0.03086814 -0.06393258 -0.22979297 0.04178124 -0.06394735 -0.2330731 0.08107966 -0.06389397 -0.2300272 0.08628628 -0.06388469 -0.23305503 0.09794383 -0.06369334 -0.2292351 0.13488343 -0.04246983 -0.22248082 -0.13480426 -0.04769018 -0.22383547 -0.13486171 -0.06351843 -0.21748891 -0.13470073 -0.0636082 -0.23249227 -0.13463187 -0.06382906 -0.23291011 -0.1323581 -0.06373391 -0.21877252 -0.13252854 -0.06370564 -0.22274977 -0.12915687 -0.06375244 -0.22198513 -0.12084649 -0.06409866 -0.22255717 -0.09380569 -0.06413123 -0.22726755 -0.08978663 -0.06424122 -0.22570448 -0.04633182 -0.06422108 -0.2258078 -0.00258396 -0.06380929 -0.22559996 0.02948312 -0.0638025 -0.22495626 0.05838419 -0.06375897 -0.22508158 0.08579804 -0.06368317 -0.22599469 0.10031337 -0.06367265 -0.22477385 0.12321743 -0.06366542 -0.2256144 0.1283965 -0.06368645 -0.22510783 0.13483725 -0.06351843 -0.21748891 -0.13470073 -0.06409705 -0.21820419 -0.06464957 -0.06421283 -0.22141881 -0.03303739 -0.06420338 -0.22103977 -0.00803354 -0.06409663 -0.22120093 0.00532599 -0.06384681 -0.22134958 0.02278607 -0.06374848 -0.22088328 0.03458555 -0.06356436 -0.21871586 0.10132407 -0.06217901 -0.21756914 -0.13470054 -0.06379236 -0.20961513 -0.1083865 -0.06403458 -0.21288827 -0.04098665 -0.06352019 -0.21185014 0.05877602 -0.06348823 -0.21265325 0.0815133 -0.04280069 -0.20599203 -0.13472587 -0.06365992 -0.2101419 -0.12800345 -0.06391013 -0.20394802 -0.01238113 -0.06384407 -0.20634043 0.00356236 -0.06332223 -0.20682181 0.12072736 -0.06338997 -0.20841978 0.13194817 -0.06343517 -0.20426539 0.13482916 -0.06388451 -0.20581669 -0.05828617 -0.0635314 -0.2079915 0.02805924 -0.06365182 -0.19184449 -0.13463899 -0.06229015 -0.19337916 -0.13468526 -0.06365182 -0.19184449 -0.13463899 -0.06340683 -0.20308682 0.0546749 -0.06334718 -0.20407733 0.07643598 -0.06320761 -0.19857371 0.09540598 -0.06375489 -0.19195533 -0.13259874 -0.06368753 -0.19162644 -0.12895028 -0.063795 -0.19951706 -0.09888583 -0.06372809 -0.19570825 -0.10906576 -0.06385559 -0.20093495 -0.05273807 -0.06380369 -0.19879866 0.0028261 -0.06349584 -0.19995174 0.02775234 -0.06329726 -0.19274932 0.13139038 -0.05278577 -0.18366522 -0.13466652 -0.06388174 -0.19497553 -0.08930162 -0.0638908 -0.19511925 -0.04628782 -0.06390426 -0.19572262 -0.00927534 -0.06343402 -0.19634129 0.05184209 -0.06332763 -0.19590937 0.07776672 -0.04256552 -0.20233418 -0.13466695 -0.04450247 -0.18748221 -0.134711 -0.06374389 -0.18576972 -0.11540302 -0.06396823 -0.19065252 -0.06800131 -0.06392254 -0.18804531 0.00290042 -0.06357211 -0.18908329 0.03173326 -0.06322111 -0.18979776 0.09063865 -0.06315358 -0.18637177 0.10730584 -0.06406774 -0.18277125 -0.10073614 -0.06409881 -0.18674864 -0.08943638 -0.06396818 -0.18945439 -0.04284588 -0.06342138 -0.18701865 0.0792477 -0.06407827 -0.18413179 -0.08300803 -0.06399508 -0.18419896 -0.06711294 -0.06398548 -0.18436144 -0.0473039 -0.06396253 -0.18383515 -0.00738246 -0.06384037 -0.18390787 0.01061121 -0.06354621 -0.1837773 0.03152995 -0.06342685 -0.1835314 0.0603217 -0.06312488 -0.17978071 0.09200001 -0.0633325 -0.17006995 0.1323486 -0.06405148 -0.16478859 -0.13456641 -0.06402408 -0.17953031 -0.09060274 -0.06417874 -0.17942412 -0.07543803 -0.06415479 -0.17952579 -0.04600539 -0.06408824 -0.17934941 -0.02190927 -0.06411986 -0.17952481 -0.0064916 -0.0639661 -0.17933846 0.01105071 -0.06359962 -0.1776339 0.03514075 -0.06353733 -0.1777031 0.0484755 -0.06342529 -0.17768036 0.05944166 -0.06348416 -0.17995614 0.07286447 -0.06356505 -0.17791404 0.07565083 -0.06338021 -0.17803648 0.08533098 -0.06329772 -0.17771256 0.08850838 -0.06405148 -0.16478859 -0.13456641 -0.06393029 -0.17228749 -0.12871861 -0.06320404 -0.17101094 0.11756277 -0.06342922 -0.17356995 0.13483936 -0.08853027 -0.17752275 -0.09754299 -0.07929906 -0.17748643 -0.09661636 -0.0920932 -0.17758344 -0.09042678 -0.08535655 -0.17755869 0.08204766 -0.07759622 -0.17762364 0.08811271 -0.08819157 -0.17769462 0.0886694 -0.10531999 -0.17763604 -0.09759193 -0.10588953 -0.17781067 0.08201779 -0.10484916 -0.17773129 0.06608935 -0.10938367 -0.17796659 0.0884937 -0.09783077 -0.17759854 -0.07856768 -0.11827281 -0.17775978 -0.09629424 -0.1169568 -0.17787953 0.06673225 -0.13424209 -0.17816973 0.08868553 -0.12335691 -0.17778188 -0.07521706 -0.11980027 -0.17772111 -0.06400388 -0.10888563 -0.17774342 0.04824011 -0.13180786 -0.17801756 0.07978156 -0.13749731 -0.17784722 -0.08275738 -0.12694722 -0.17789322 0.04506295 -0.13386959 -0.1780314 0.08941191 -0.13976714 -0.17789333 -0.09642221 -0.14295906 -0.17783056 -0.09741451 -0.1204479 -0.17772822 -0.04914763 -0.11524881 -0.17772736 -0.02794269 -0.13547373 -0.17783353 -0.03525312 -0.12126899 -0.17780256 0.00897077 -0.13568124 -0.17799336 0.06418764 -0.1496494 -0.17784618 -0.0553262 -0.13657971 -0.17787358 0.008873 -0.14693505 -0.17791511 0.03651492 -0.14747915 -0.17786928 -0.06866062 -0.16308118 -0.17788026 -0.03286377 -0.15135442 -0.17788121 0.00113257 -0.16209073 -0.17798387 0.05804492 -0.17273098 -0.17803389 0.07538891 -0.18045238 -0.17806949 0.08204611 -0.1684595 -0.17789961 -0.07601926 -0.1583501 -0.1778761 -0.08482754 -0.17678076 -0.17789888 -0.09337379 -0.18604118 -0.17802738 0.0893476 -0.18398812 -0.17802753 0.06657951 -0.2103906 -0.17789508 -0.09624863 -0.17154679 -0.17791256 0.02191497 -0.1857574 -0.17796902 0.05105816 -0.18893275 -0.17790207 -0.06692909 -0.18828049 -0.17788096 -0.08649296 -0.18414791 -0.17791487 -0.01705394 -0.1932832 -0.17817831 0.08861543 -0.18153158 -0.17788675 -0.05450537 -0.18741244 -0.17793281 0.007974 -0.21435963 -0.17777282 -0.0974789 -0.19868308 -0.17791452 0.02405872 -0.20190749 -0.1779197 0.03658383 -0.19979461 -0.17791411 -0.04697723 -0.21613014 -0.17793415 -0.07338496 -0.20944098 -0.17794855 -0.02453649 -0.21939538 -0.17796662 -0.00105638 -0.21707925 -0.17794511 0.01817736 -0.21488485 -0.17804867 0.07055996 -0.22782141 -0.17793322 -0.08335211 -0.24342178 -0.17798582 -0.06070597 -0.228938 -0.1779768 -0.04363333 -0.22918309 -0.17795846 0.02902984 -0.2215513 -0.17796946 0.0474114 -0.22442341 -0.17822729 0.08857216 -0.23298547 -0.17813797 0.08096913 -0.24821791 -0.17801705 -0.00842998 -0.24103177 -0.1781262 0.07319731 -0.27171814 -0.17825775 0.08915903 -0.25335959 -0.17801602 -0.07388885 -0.25072491 -0.17791641 -0.09746109 -0.24830325 -0.17809154 0.05506248 -0.26061413 -0.17804472 -0.09638439 -0.24084371 -0.17802289 0.04186417 -0.26321205 -0.1780031 -0.08789147 -0.26020175 -0.17803292 0.01969425 -0.26271096 -0.17826022 0.0840136 -0.25426704 -0.17802531 -0.03965825 -0.264222 -0.1781871 0.07541336 -0.27531946 -0.17803358 -0.05242731 -0.27606285 -0.17840317 0.08850637 -0.2652697 -0.17813388 0.05614157 -0.27628189 -0.17804514 -0.02658115 -0.29283082 -0.17831817 0.08602209 -0.29209617 -0.17804405 -0.00188069 -0.29175177 -0.17803733 0.03527236 -0.27844235 -0.17818066 0.06723895 -0.29495218 -0.17823578 0.07984219 -0.30977324 -0.17808703 -0.09638238 -0.29519895 -0.17805448 -0.07470606 -0.28566334 -0.17808641 0.04645564 -0.30532879 -0.17810985 0.05595627 -0.34550253 -0.17796879 -0.09752709 -0.31238061 -0.17801848 0.02332973 -0.30839133 -0.17803948 -0.06013894 -0.31517255 -0.17804188 -0.02584243 -0.31201556 -0.17817669 0.06882537 -0.3240855 -0.17804101 -0.08643003 -0.32566509 -0.17821661 0.07930718 -0.33520943 -0.17804684 -0.07114048 -0.32510549 -0.17803718 0.01068857 -0.32287842 -0.17801552 0.03828482 -0.34901324 -0.17836533 0.08857486 -0.35265231 -0.17805971 -0.09648496 -0.34328619 -0.17802887 -0.04338474 -0.34119755 -0.17801341 0.02601261 -0.34311229 -0.17806323 0.05166452 -0.34032607 -0.17804505 -0.01118569 -0.35196236 -0.17824081 0.08920808 -0.36392319 -0.17807247 0.06315565 -0.35856012 -0.17799406 -0.05918053 -0.35916269 -0.17801271 0.0125729 -0.36582154 -0.17799573 0.0428798 -0.36445934 -0.17799479 -0.08651806 -0.37120867 -0.17798302 -0.07183494 -0.36705545 -0.17801285 -0.01055898 -0.36033913 -0.17818458 0.08095902 -0.36956406 -0.17811826 0.07548175 -0.37493989 -0.17796861 -0.04446931 -0.38514319 -0.17824413 0.08878963 -0.37887686 -0.17786831 -0.09749132 -0.37946996 -0.17798498 -0.09642404 -0.38373458 -0.17810027 0.08966692 -0.39357591 -0.17797819 -0.02775978 -0.3876988 -0.17797013 -0.08656996 -0.39256972 -0.1779729 0.01833294 -0.38289595 -0.17795937 0.04238242 -0.38413733 -0.17798415 0.05438393 -0.39219904 -0.17805959 0.06646366 -0.39232916 -0.17812485 0.07985751 -0.39463696 -0.17796509 -0.06690785 -0.42039222 -0.17797105 -0.05688204 -0.40826607 -0.17798823 0.00125474 -0.4114109 -0.17799078 -0.08287725 -0.41374564 -0.17796898 0.03221644 -0.40860349 -0.17800678 0.05514613 -0.41733134 -0.17816548 0.08192678 -0.42305672 -0.1782793 0.08877645 -0.43317923 -0.17790885 -0.09750901 -0.43405405 -0.17801312 -0.09647383 -0.44764805 -0.17800979 -0.07574002 -0.44388855 -0.17799452 -0.02924357 -0.43503773 -0.17799117 -0.00526096 -0.43684697 -0.17807177 0.06702163 -0.43460315 -0.17814624 0.08972323 -0.43265378 -0.17798242 0.04547178 -0.44708169 -0.17795961 0.0245434 -0.4470588 -0.17798539 -0.08711106 -0.47546557 -0.17818354 0.08203107 -0.47083426 -0.17799132 0.01811193 -0.4642784 -0.17812386 0.07537166 -0.4867453 -0.17823686 0.08603093 -0.47339731 -0.17800499 -0.06369244 -0.46056715 -0.17796895 0.04288583 -0.47605494 -0.17801519 -0.04381494 -0.48639613 -0.17803721 -0.01741843 -0.4777531 -0.1780436 0.05721517 -0.47891581 -0.17800231 -0.0965399 -0.49042371 -0.17801173 -0.08503812 -0.51704264 -0.17786488 -0.09749524 -0.49370801 -0.17816442 0.08998625 -0.48145807 -0.17800058 0.03486041 -0.50373971 -0.17806089 -0.07453254 -0.49670854 -0.17803735 4.86E-06 -0.49667588 -0.17815173 0.07083138 -0.49889946 -0.17806217 0.02070706 -0.49490547 -0.17806786 0.0413588 -0.51888597 -0.17797348 -0.09630775 -0.50524372 -0.17831022 0.0890038 -0.5027324 -0.17803726 -0.04378021 -0.51149881 -0.17814338 0.05593272 -0.52326149 -0.17807426 -0.06074662 -0.52039099 -0.17805757 -0.05013556 -0.52305955 -0.17807591 -0.02550621 -0.5177846 -0.17825755 0.08402759 -0.5248186 -0.17822403 0.07804518 -0.52900541 -0.17808548 0.00079077 -0.52412832 -0.17812827 0.0341737 -0.52613795 -0.17819096 0.06533538 -0.53465939 -0.17810075 -0.06712192 -0.53831631 -0.17819928 0.06458499 -0.53999668 -0.17826429 0.09018165 -0.54137814 -0.17835806 0.08907163 -0.542642 -0.17828001 0.08625296 -0.54417551 -0.17806284 -0.09637077 -0.5425486 -0.1780567 -0.08610997 -0.5441103 -0.1780961 -0.07232028 -0.54087371 -0.17809434 -0.02943171 -0.54145253 -0.17813773 0.02189073 -0.54576266 -0.17817473 0.07571711 -0.55474043 -0.17801675 -0.09736648 -0.54908091 -0.178076 -0.04132751 -0.54888928 -0.17809483 0.01472105 -0.55441988 -0.17834885 0.09037915 -0.55668193 -0.17796808 -0.09091789 -0.55534673 -0.17805108 -0.07298229 -0.55264068 -0.17810667 0.0478093 -0.55325657 -0.17805426 0.06941112 -0.5552882 -0.17804416 0.0804055 -0.5566566 -0.17810459 0.08396639 -0.55670565 -0.17782313 -0.09756324 -0.55691385 -0.17824657 0.09031257 -0.06411989 -0.17753634 -0.09650119 -0.06410967 -0.17572989 -0.10238449 -0.06409954 -0.17777736 -0.09241769 -0.06411989 -0.17753634 -0.09650119 -0.06409954 -0.17777736 -0.09241769 -0.06495932 -0.17730203 -0.09580281 -0.06504722 -0.17750074 -0.0923419 -0.06436874 -0.17749147 -0.07876326 -0.06436874 -0.17749147 -0.07876326 -0.06517854 -0.17728809 -0.06992692 -0.06437762 -0.17747118 -0.05407508 -0.06437762 -0.17747118 -0.05407508 -0.0650958 -0.17737764 -0.04329227 -0.06422272 -0.177479 -0.02252977 -0.06422272 -0.177479 -0.02252977 -0.06510596 -0.17735471 -0.00557228 -0.06425364 -0.17748442 0.0011072 -0.06425364 -0.17748442 0.0011072 -0.06359962 -0.1776339 0.03514075 -0.06467897 -0.17759638 0.04416943 -0.06353733 -0.1777031 0.0484755 -0.06305888 -0.17472675 0.09636936 -0.06420067 -0.15728822 -0.13260472 -0.06781605 -0.17741117 -0.09641658 -0.06813607 -0.17735128 -0.05150943 -0.06797968 -0.1773141 -0.00538581 -0.06841758 -0.17752865 0.03529841 -0.06840959 -0.17756018 0.0615446 -0.06342529 -0.17768036 0.05944166 -0.06464364 -0.17761241 0.06982016 -0.06356505 -0.17791404 0.07565083 -0.06813775 -0.17750244 0.08605686 -0.06459534 -0.17758571 0.08586535 -0.06338021 -0.17803648 0.08533098 -0.06329772 -0.17771256 0.08850838 -0.06430878 -0.17737596 0.08825742 -0.06814089 -0.17739727 0.08844 -0.06915516 -0.1773314 -0.09752649 -0.07252826 -0.17754193 -0.09651986 -0.07422468 -0.17738092 -0.09760638 -0.07541536 -0.17746116 -0.08347282 -0.07413614 -0.1774781 0.0195905 -0.07903564 -0.17743881 -0.00254031 -0.07981321 -0.17754076 0.0329306 -0.07961491 -0.17754667 0.05720142 -0.07500063 -0.17749861 0.0853451 -0.08093254 -0.17742085 -0.0703942 -0.09017825 -0.17749792 -0.0614939 -0.09182045 -0.17751949 -0.04916392 -0.06920458 -0.17727725 0.08876452 -0.08304062 -0.17751993 0.08880417 -0.08736268 -0.17750938 -0.01020588 -0.09679756 -0.17759778 -0.01907691 -0.09633929 -0.17762744 0.02771078 -0.09117389 -0.17758217 0.05284752 -0.10531999 -0.17763604 -0.09759193 -0.14295906 -0.17783056 -0.09741451 -0.13244551 -0.17752996 -0.09748406 -0.18556824 -0.17742296 -0.09746512 -0.21435963 -0.17777282 -0.0974789 -0.25072491 -0.17791641 -0.09746109 -0.24405681 -0.17750074 -0.09756318 -0.28450841 -0.17752202 -0.09758803 -0.34550253 -0.17796879 -0.09752709 -0.31076401 -0.17754669 -0.09757689 -0.35542679 -0.17757022 -0.09765172 -0.37887686 -0.17786831 -0.09749132 -0.39182293 -0.17739019 -0.09760273 -0.43317923 -0.17790885 -0.09750901 -0.43060422 -0.17745575 -0.09761599 -0.46487847 -0.17753255 -0.09768283 -0.51704264 -0.17786488 -0.09749524 -0.49413145 -0.17746478 -0.09766999 -0.52951795 -0.17740642 -0.09758507 -0.55474043 -0.17801675 -0.09736648 -0.55025589 -0.17746516 -0.09754334 -0.55670565 -0.17782313 -0.09756324 -0.5553031 -0.17805395 -0.04377151 -0.55531979 -0.17803536 0.01120245 -0.55527341 -0.17811593 0.04574161 -0.55610836 -0.17805472 -0.07838479 -0.55674577 -0.17765711 -0.07644449 -0.55668193 -0.17796808 -0.09091789 -0.55674577 -0.17765711 -0.07644449 -0.55687392 -0.17758889 -0.09645499 -0.55676872 -0.17766546 -0.04271881 -0.556759 -0.17765811 0.01724291 -0.55674344 -0.17765473 0.07450044 -0.5567615 -0.17779237 0.08262439 -0.55670565 -0.17782313 -0.09756324 -0.5566566 -0.17810459 0.08396639 -0.55691385 -0.17824657 0.09031257 -0.5567615 -0.17779237 0.08262439 -0.06411989 -0.17753634 -0.09650119 -0.06495932 -0.17730203 -0.09580281 -0.06482755 -0.17509758 -0.09683424 -0.06422164 -0.17385568 -0.09882552 -0.06482755 -0.17509758 -0.09683424 -0.06309246 -0.17483248 0.08881398 -0.06404705 -0.16663101 -0.11534159 -0.06781605 -0.17741117 -0.09641658 -0.0667825 -0.17517987 -0.09683045 -0.07422468 -0.17738092 -0.09760638 -0.08853027 -0.17752275 -0.09754299 -0.07792285 -0.17510766 -0.09749509 -0.55513215 -0.17504524 -0.09763831 -0.55696291 -0.17402354 -0.09656733 -0.55687243 -0.17522614 -0.09280853 -0.55679417 -0.17512529 -0.06465724 -0.55676872 -0.17766546 -0.04271881 -0.55683857 -0.17531002 -0.04081147 -0.55682302 -0.17545202 0.00612206 -0.556759 -0.17765811 0.01724291 -0.55674344 -0.17765473 0.07450044 -0.55682182 -0.1753514 0.07460103 -0.55688143 -0.17523588 0.08608092 -0.5569942 -0.17513251 0.08912368 -0.06430624 -0.1677305 -0.10430677 -0.06508663 -0.17043751 -0.09663321 -0.06508663 -0.17043751 -0.09663321 -0.06776093 -0.16594481 -0.09632337 -0.06915516 -0.1773314 -0.09752649 -0.06944354 -0.17019027 -0.09736857 -0.07012577 -0.16430958 -0.0973058 -0.08033016 -0.17054176 -0.09746785 -0.10834718 -0.16684143 -0.09746729 -0.17675759 -0.1656533 -0.09739292 -0.25940406 -0.16340119 -0.09750032 -0.30286402 -0.16578701 -0.09752263 -0.34271985 -0.16270182 -0.09752748 -0.40515769 -0.15656632 -0.09753133 -0.4577207 -0.16268469 -0.09755922 -0.51935935 -0.16640881 -0.0975858 -0.53300744 -0.15952879 -0.097575 -0.54827201 -0.16422802 -0.09756959 -0.55683243 -0.17084886 -0.09347767 -0.55672288 -0.16540678 0.0033092 -0.55679584 -0.17086314 0.04444072 -0.55678189 -0.17024563 0.07557671 -0.55683851 -0.16824879 0.08621046 -0.04239511 -0.14994164 -0.13455388 -0.04428437 -0.15284781 -0.13459116 -0.06296243 -0.16280134 0.09553927 -0.06411773 -0.15407816 -0.12896241 -0.06475702 -0.162459 -0.09848922 -0.06526364 -0.16617319 -0.09614323 -0.06526364 -0.16617319 -0.09614323 -0.06314594 -0.1578939 0.11347832 -0.1231419 -0.16139086 -0.09739807 -0.55677938 -0.15709993 -0.07426473 -0.55675757 -0.16494578 -0.05455483 -0.55673647 -0.1643157 -0.02064139 -0.55676228 -0.16427179 0.04310354 -0.55694497 -0.16075285 0.08915034 -0.5568133 -0.15866686 0.0903087 -0.06319629 -0.1615335 0.08883971 -0.06304377 -0.16104952 0.09048496 -0.06446631 -0.15934916 -0.10428028 -0.06533301 -0.15841721 -0.09608729 -0.06568596 -0.16508029 -0.0948209 -0.06570177 -0.16022521 -0.09492945 -0.06831248 -0.16250522 -0.09644684 -0.0694143 -0.15540576 -0.09730527 -0.07928756 -0.15752098 -0.09746794 -0.08467723 -0.16268787 -0.0879413 -0.08290681 -0.16259125 -0.08583231 -0.08184442 -0.16193487 -0.08818191 -0.08703259 -0.16232298 -0.08373891 -0.0839663 -0.16242303 -0.08188106 -0.12243515 -0.16256432 -0.08087539 -0.1532436 -0.16278654 -0.08114919 -0.12116717 -0.16237997 -0.07335062 -0.15452352 -0.16256377 -0.0706332 -0.18475354 -0.16289775 -0.08159842 -0.19036987 -0.16253889 -0.06611589 -0.23516831 -0.16287379 -0.07426098 -0.2552641 -0.16319747 -0.08169571 -0.24376349 -0.16275579 -0.06526154 -0.27179578 -0.16294537 -0.06778578 -0.2782447 -0.16322924 -0.0813598 -0.29181916 -0.16304879 -0.07320687 -0.32058802 -0.16288048 -0.06542212 -0.36117977 -0.16298983 -0.07349512 -0.37583128 -0.16291526 -0.06768245 -0.36924887 -0.15422688 -0.09751458 -0.41633192 -0.16294105 -0.06812692 -0.40496096 -0.1628371 -0.05628942 -0.36422017 -0.16281375 -0.05814473 -0.44828624 -0.16286193 -0.0672773 -0.44160903 -0.16282527 -0.05974167 -0.49418914 -0.15636468 -0.09756915 -0.49127841 -0.16275971 -0.06976254 -0.51688141 -0.16270851 -0.07625929 -0.50893044 -0.16264309 -0.06565695 -0.530357 -0.16270967 -0.06893405 -0.54019469 -0.16253069 -0.06886342 -0.54198146 -0.1625571 -0.07042909 -0.5426544 -0.16228653 -0.06924296 -0.55686051 -0.16145763 -0.09347199 -0.06412296 -0.15283997 -0.11968111 -0.06420521 -0.15148316 -0.11317276 -0.06533301 -0.15841721 -0.09608729 -0.06570177 -0.16022521 -0.09492945 -0.06726402 -0.15872039 -0.0960822 -0.08184442 -0.16193487 -0.08818191 -0.08163819 -0.15956642 -0.08581408 -0.08174691 -0.15946814 -0.08826095 -0.08194625 -0.16201197 -0.08145688 -0.08193684 -0.15963455 -0.07972948 -0.08217259 -0.15954472 -0.06704178 -0.08224277 -0.16193639 -0.06526469 -0.08211657 -0.16174541 -0.04082408 -0.08198155 -0.15923083 -0.03124769 -0.08193456 -0.16173187 -0.00866058 -0.08192493 -0.15961024 0.00458796 -0.08213395 -0.16160427 0.03116073 -0.08204797 -0.15948743 0.02390488 -0.08205095 -0.1594817 0.05493174 -0.08210391 -0.16152048 0.05544141 -0.08225164 -0.16151823 0.07006941 -0.08224188 -0.16157685 0.08437435 -0.08238204 -0.15615383 0.08185917 -0.08368948 -0.16181445 0.08584981 -0.08274798 -0.15957354 0.08699271 -0.1024888 -0.1491805 -0.09743053 -0.08403468 -0.16226692 0.08830802 -0.08296597 -0.15942223 0.08818914 -0.10493399 -0.16169152 0.0864166 -0.11327426 -0.16172932 0.08595638 -0.10626817 -0.16158944 0.08802895 -0.11264826 -0.16173941 0.08830383 -0.18413481 -0.15660594 -0.09735875 -0.21976508 -0.15605281 -0.09736415 -0.24993673 -0.15186633 -0.09743147 -0.30935049 -0.15668492 -0.09747333 -0.43361199 -0.15663874 -0.09750947 -0.54303175 -0.15933956 -0.0654399 -0.54309481 -0.16166259 -0.06367958 -0.54322612 -0.15932246 -0.07048789 -0.54308367 -0.15937905 -0.04959392 -0.54309857 -0.16151726 -0.0342335 -0.54303181 -0.15962811 -0.03291222 -0.54254138 -0.16190691 -0.03306825 -0.54301083 -0.15965039 0.0555386 -0.54314029 -0.15902703 0.07278998 -0.54310936 -0.1616063 0.05745386 -0.54321808 -0.16160212 0.07509833 -0.54270101 -0.16195267 0.07746566 -0.54321873 -0.15994965 0.07679812 -0.55651224 -0.14955215 -0.09767756 -0.55651224 -0.14955215 -0.09767756 -0.55673784 -0.15017644 -0.04968398 -0.55670846 -0.15154676 -0.01933807 -0.55669069 -0.14957501 0.00395723 -0.55673122 -0.1441166 0.02867114 -0.55678248 -0.15462767 0.06078862 -0.5567981 -0.15175956 0.07809246 -0.55688643 -0.15080909 0.08627339 -0.06276505 -0.14885372 0.09036592 -0.06286228 -0.14963807 0.08900037 -0.0628313 -0.15318598 0.09450869 -0.0652944 -0.15293397 -0.09655273 -0.0652944 -0.15293397 -0.09655273 -0.0673413 -0.15387347 -0.09648502 -0.06317668 -0.13301444 0.11998884 -0.06340311 -0.11815135 0.1348518 -0.07266572 -0.14643051 -0.09744632 -0.08170982 -0.15377411 -0.08592533 -0.08201502 -0.15542307 -0.08016349 -0.08218159 -0.15609895 -0.0663455 -0.08199942 -0.15511212 -0.0231754 -0.08202848 -0.15444849 0.00666539 -0.082104 -0.15522699 0.02170176 -0.08213228 -0.15421763 0.05194146 -0.0821894 -0.1547707 0.05968414 -0.08254857 -0.15459216 0.08613035 -0.08236593 -0.15049845 0.08253229 -0.13563928 -0.14399271 -0.09736231 -0.44843173 -0.14667781 -0.09750663 -0.5126518 -0.15087348 -0.09756064 -0.54577827 -0.13890283 -0.09754623 -0.54333174 -0.15126574 -0.07227614 -0.5568471 -0.14313775 -0.09655567 -0.55680954 -0.1444086 -0.09295495 -0.05850054 -0.14105836 -0.13450867 -0.06276628 -0.1452868 0.09352995 -0.06481549 -0.14309128 -0.09844969 -0.06308943 -0.13086231 0.11186028 -0.08200322 -0.14249292 -0.04669906 -0.08191803 -0.13766479 -0.06693165 -0.08192952 -0.13945389 -0.01324003 -0.08221591 -0.14275461 0.068708 -0.09010932 -0.14471617 -0.09750034 -0.08232501 -0.14783961 0.08606824 -0.08251026 -0.14873402 0.08831158 -0.18954802 -0.14389606 -0.09735839 -0.21412414 -0.14386635 -0.09735146 -0.23331349 -0.14370665 -0.09738395 -0.28689095 -0.14479986 -0.0974452 -0.31123796 -0.14089213 -0.09743986 -0.34473288 -0.14509189 -0.09746587 -0.55472088 -0.12728579 -0.09763013 -0.55680716 -0.14285375 -0.08260755 -0.55676198 -0.14130844 0.06910853 -0.06420639 -0.1222838 -0.13452663 -0.06708713 -0.1424713 -0.09662127 -0.08166988 -0.1290369 -0.09756431 -0.08160499 -0.13691619 -0.08819339 -0.08186819 -0.13923612 -0.07416644 -0.08201906 -0.13774548 0.01685955 -0.08207127 -0.13475007 0.04146783 -0.08228412 -0.14010742 0.0788379 -0.36313894 -0.1309865 -0.09749871 -0.50592434 -0.13591871 -0.09754495 -0.53055501 -0.1289603 -0.09757587 -0.54052126 -0.13664392 -0.09754124 -0.06445178 -0.13608786 -0.10678061 -0.06325682 -0.11587164 0.12839378 -0.0690911 -0.13210616 -0.09724686 -0.0815271 -0.13566633 -0.08588748 -0.08172399 -0.13674478 -0.08152513 -0.08193612 -0.13590895 -0.03251069 -0.08256975 -0.12791154 0.08827832 -0.09343603 -0.12186975 -0.09747557 -0.40336376 -0.13383479 -0.09751502 -0.55679965 -0.12316194 -0.07055618 -0.55676043 -0.12866232 -0.04732032 -0.55671966 -0.12167174 -0.01821203 -0.5567106 -0.12980311 -0.00068586 -0.55676341 -0.12361672 0.06288853 -0.55684161 -0.12390397 0.08188267 -0.55695647 -0.1297846 0.08904892 -0.04221147 -0.14179114 -0.03285494 -0.04426292 -0.14097825 -0.03345178 -0.04217952 -0.13899016 -0.03204481 -0.04426488 -0.13900223 -0.03263726 -0.0461891 -0.14103992 -0.04298425 -0.04390472 -0.14141257 -0.04070361 -0.04239157 -0.14087228 -0.04270475 -0.0461891 -0.14103992 -0.04298425 -0.04239157 -0.14087228 -0.04270475 -0.04393423 -0.13956377 -0.04320787 -0.04843828 -0.14089751 -0.03346057 -0.04846409 -0.13859554 -0.0326548 -0.05259815 -0.14074177 -0.03381825 -0.05253565 -0.1382637 -0.03330248 -0.04986459 -0.12277777 -0.13453755 -0.05495515 -0.14045019 -0.03426991 -0.0547446 -0.13832635 -0.03421486 -0.06288604 -0.12601604 0.08902135 -0.06294313 -0.11920547 0.10286744 -0.06542906 -0.11992399 -0.09662424 -0.06542906 -0.11992399 -0.09662424 -0.08208823 -0.13061424 0.05864342 -0.16063093 -0.13573606 -0.09735778 -0.1899951 -0.12012898 -0.09738916 -0.27766833 -0.12659806 -0.09744196 -0.3282561 -0.13209394 -0.09745634 -0.4243058 -0.12795897 -0.09751925 -0.45717877 -0.12612568 -0.0975133 -0.4936882 -0.11260246 -0.09756275 -0.55676472 -0.14469559 0.09037529 -0.04166013 -0.11519961 0.0094376 -0.04171866 -0.1471141 0.01205219 -0.04180327 -0.13021222 -0.00184641 -0.04226536 -0.13590254 -0.04410056 -0.04222816 -0.13507345 -0.04000261 -0.04432636 -0.13703835 -0.042875 -0.04429272 -0.13548279 -0.03994074 -0.04220784 -0.13471304 -0.03581615 -0.04426783 -0.13473278 -0.03569962 -0.04426524 -0.13619612 -0.03303571 -0.04218391 -0.13565515 -0.03262521 -0.04218391 -0.13565515 -0.03262521 -0.04426524 -0.13619612 -0.03303571 -0.0483492 -0.13533172 -0.0400223 -0.04835552 -0.13714434 -0.04252195 -0.04840383 -0.13389476 -0.03589553 -0.0484719 -0.13536575 -0.03312423 -0.0484719 -0.13536575 -0.03312423 -0.05091083 -0.13790795 -0.04221068 -0.05199075 -0.13686079 -0.04015834 -0.05237082 -0.13525753 -0.03642868 -0.05247208 -0.13568924 -0.03379474 -0.05247208 -0.13568924 -0.03379474 -0.05414329 -0.13739832 -0.03908234 -0.05428694 -0.13653374 -0.03434917 -0.05428694 -0.13653374 -0.03434917 -0.06433491 -0.12368353 -0.13266565 -0.0641872 -0.1235929 -0.12804693 -0.06433628 -0.11775769 -0.11102791 -0.08188631 -0.1249015 -0.0580375 -0.08187404 -0.12343922 -0.015478 -0.08241346 -0.12073849 0.08588839 -0.10851163 -0.11935467 -0.09743747 -0.12274085 -0.12314681 -0.09741913 -0.15249845 -0.12638547 -0.09738004 -0.21878609 -0.12367456 -0.09737733 -0.55656993 -0.12068287 -0.09762743 -0.55656993 -0.12068287 -0.09762743 -0.04433909 -0.11753419 -0.1346017 -0.0642159 -0.10803389 -0.11751163 -0.08192649 -0.12697423 -0.04203346 -0.08202405 -0.12337767 0.02689312 -0.08219533 -0.10972405 0.07002763 -0.55674696 -0.11249239 0.04126815 -0.55680251 -0.09776577 0.07636175 -0.06281479 -0.11655452 0.09061147 -0.06497528 -0.11669287 -0.09834642 -0.06647719 -0.10830099 -0.09670001 -0.07921416 -0.10609549 -0.0975011 -0.08161196 -0.10971238 -0.08820591 -0.24182811 -0.10397943 -0.09741312 -0.39497885 -0.11356501 -0.09753175 -0.54529691 -0.10164224 -0.09761969 -0.55687523 -0.10407088 -0.09331739 -0.55673885 -0.11604013 0.01896782 -0.55688059 -0.11403441 0.08601245 -0.04239511 -0.10218682 -0.13455704 -0.06420639 -0.1222838 -0.13452663 -0.06281805 -0.11353828 0.09478261 -0.06319353 -0.10324984 0.1234331 -0.07311249 -0.10402399 -0.09739906 -0.08192714 -0.11093905 0.00306357 -0.08205733 -0.11464041 0.04446797 -0.08206347 -0.10713632 0.05467829 -0.43906951 -0.10632109 -0.09753568 -0.51144558 -0.11144529 -0.09757281 -0.55106211 -0.10329161 -0.09766421 -0.55691594 -0.11729839 -0.09656422 -0.55677772 -0.1054055 -0.04095914 -0.05804719 -0.08005274 -0.13448448 -0.08147421 -0.10812902 -0.08574868 -0.08187416 -0.11264078 -0.04283496 -0.08187202 -0.10740482 -0.02273621 -0.08200492 -0.10126298 0.01733732 -0.14796573 -0.10499529 -0.09740791 -0.33604538 -0.10708583 -0.09749419 -0.47280401 -0.10113215 -0.09753001 -0.55687582 -0.10670989 -0.08708659 -0.55689919 -0.10351983 0.09028284 -0.06862718 -0.10486341 -0.09716451 -0.08161822 -0.10890781 -0.08142561 -0.08180878 -0.10703673 -0.0640031 -0.08206135 -0.10898142 0.0315038 -0.30184999 -0.10714642 -0.09747612 -0.0628005 -0.0985985 0.08863485 -0.06464767 -0.10466561 -0.10389207 -0.06529205 -0.10664023 -0.09668046 -0.06529205 -0.10664023 -0.09668046 -0.06322795 -0.08716399 0.13484801 -0.53752542 -0.10096032 -0.09762426 -0.55673265 -0.08605828 0.00403894 -0.06400995 -0.09294336 -0.13453729 -0.06424269 -0.09951996 -0.13262673 -0.064813 -0.10663163 -0.09834494 -0.08187705 -0.08647675 -0.04114281 -0.08233194 -0.09944285 0.08564804 -0.08249225 -0.10382155 0.08814245 -0.13480045 -0.09293925 -0.09741499 -0.19781277 -0.09866946 -0.09738793 -0.38559788 -0.09498676 -0.09752947 -0.51899809 -0.08119216 -0.09762616 -0.55686367 -0.09351846 -0.07738972 -0.06463167 -0.0999587 -0.09703183 -0.06467924 -0.09994657 -0.1036308 -0.06268166 -0.09034271 0.09025471 -0.06307647 -0.09046028 0.11163168 -0.06463167 -0.0999587 -0.09703183 -0.06507929 -0.10025147 -0.09683751 -0.08610517 -0.08927282 -0.0975105 -0.08207524 -0.09325489 0.04313184 -0.09968176 -0.08702616 -0.09745876 -0.55496454 -0.09267022 -0.09780536 -0.55674684 -0.08894224 -0.02144047 -0.55675972 -0.09351095 0.05618154 -0.04239041 -0.06063772 -0.13457124 -0.06400995 -0.09294336 -0.13453729 -0.06414598 -0.068163 -0.1288366 -0.08165772 -0.06473923 -0.0818197 -0.08185248 -0.08813494 -0.05699678 -0.27136093 -0.08853903 -0.09747509 -0.31107792 -0.0908523 -0.09748231 -0.55661082 -0.08417436 -0.0977849 -0.55661082 -0.08417436 -0.0977849 -0.55682021 -0.0859636 -0.05834522 -0.5567565 -0.07985858 0.03083427 -0.07325962 -0.08806253 -0.09745269 -0.06839494 -0.08992014 -0.0972399 -0.08177781 -0.07727475 -0.07024767 -0.08206286 -0.08345028 0.02644075 -0.08218624 -0.08369236 0.07041161 -0.11166377 -0.07717516 -0.09745539 -0.45002913 -0.08057868 -0.097548 -0.48619521 -0.08168129 -0.09757197 -0.55701125 -0.07199412 0.08905025 -0.05093488 -0.07651394 -0.13451165 -0.06461583 -0.07958304 -0.09721987 -0.0627926 -0.07942552 0.09725012 -0.06439057 -0.06599953 -0.1102519 -0.06424324 -0.06698149 -0.11680052 -0.06466271 -0.06738644 -0.10363093 -0.06461583 -0.07958304 -0.09721987 -0.06617196 -0.08585186 -0.09692892 -0.0819121 -0.07266688 -0.00788199 -0.08187094 -0.07318225 -0.02626334 -0.08228071 -0.07095648 0.08572595 -0.13259873 -0.07482798 -0.0974451 -0.16604672 -0.07575335 -0.09740686 -0.2034412 -0.07128876 -0.09741636 -0.24522081 -0.0806674 -0.09745316 -0.43156877 -0.07558041 -0.09758319 -0.4062213 -0.07546144 -0.09758005 -0.55679333 -0.08304884 -0.03691255 -0.06396988 -0.06437565 -0.13451344 -0.06423441 -0.06772577 -0.1325849 -0.06318192 -0.08390275 0.13211608 -0.08207379 -0.0648716 0.03679362 -0.0820885 -0.06871276 0.05955327 -0.08240823 -0.05563188 0.08811222 -0.45709068 -0.05706257 -0.09757815 -0.53595042 -0.07445832 -0.09765361 -0.55035675 -0.05439526 -0.09773108 -0.55692476 -0.06974376 -0.09663506 -0.55691266 -0.07235239 0.08596964 -0.06315519 -0.07977698 0.12222309 -0.08205661 -0.06048993 0.04987448 -0.33653533 -0.06641879 -0.09752699 -0.54524052 -0.05571093 -0.09765736 -0.5432421 -0.1116503 -0.0732415 -0.54326737 -0.06575947 -0.07530625 -0.54320389 -0.06768923 -0.07239044 -0.55687743 -0.07244521 -0.08421107 -0.55682981 -0.06779537 -0.07022097 -0.06529687 -0.0608968 -0.09695962 -0.06843483 -0.05152026 -0.09723053 -0.08163463 -0.06140788 -0.0882155 -0.28451008 -0.06732848 -0.0975084 -0.38182473 -0.06399836 -0.09758168 -0.556867 -0.0590308 -0.09343375 -0.55678248 -0.06541213 0.06478821 -0.5568518 -0.0521089 0.09016177 -0.06268197 -0.0682814 0.088576 -0.06287503 -0.05635533 0.10024036 -0.06305484 -0.04319643 0.10815819 -0.06396988 -0.06437565 -0.13451344 -0.06316322 -0.04478823 0.11755843 -0.06321788 -0.05392005 0.12668818 -0.08181038 -0.06627206 -0.06419562 -0.08198255 -0.06093429 0.0093287 -0.08219214 -0.06236594 0.07432056 -0.24894422 -0.06188874 -0.09748502 -0.5549345 -0.05517325 -0.09784827 -0.55678082 -0.04844009 0.04325108 -0.04129007 -0.09016665 0.03906114 -0.04120958 -0.06837703 0.02995902 -0.04114494 -0.06207243 0.04760614 -0.06258406 -0.05194721 0.09070769 -0.06627075 -0.05858808 -0.09692518 -0.07944973 -0.04209917 -0.09748176 -0.08854122 -0.06382837 -0.09750614 -0.08185716 -0.058048 -0.04829876 -0.48851129 -0.05701501 -0.09760059 -0.55681348 -0.0385937 -0.0450349 -0.03044093 -0.06721083 0.00573264 -0.03405687 -0.0676511 0.00774259 -0.034587 -0.06758779 0.00477829 -0.03951705 -0.06892394 0.00750004 -0.03974748 -0.06818864 0.00381621 -0.03898236 -0.06818252 0.01017095 -0.04144171 -0.06974012 0.00738769 -0.04175293 -0.06895322 0.0020295 -0.04126504 -0.06881527 0.01039407 -0.06466623 -0.06548522 -0.09747767 -0.06466623 -0.06548522 -0.09747767 -0.06331925 -0.04958891 0.13485365 -0.08153614 -0.06229598 -0.08582628 -0.5568347 -0.05660513 0.07974131 -0.00733459 -0.06231755 0.00204585 -0.00943422 -0.0636851 0.00334361 -0.00921097 -0.06294002 -0.00213956 -0.00729856 -0.06234453 0.00834352 -0.00950089 -0.06380773 0.0066377 -0.00938341 -0.06325283 0.00867479 -0.01303288 -0.06441581 -0.00037801 -0.01302353 -0.06384351 -0.00237083 -0.01305106 -0.0647294 0.003268 -0.01307404 -0.06473049 0.00674365 -0.01306862 -0.06405722 0.00893332 -0.01694083 -0.06409932 -0.00234245 -0.01694667 -0.06478097 -0.0004352 -0.01698044 -0.0652907 0.00331893 -0.01942074 -0.06561749 0.00718515 -0.01788419 -0.06451384 0.00932009 -0.02276874 -0.06402411 -0.00226096 -0.02091092 -0.06493483 -0.00046705 -0.02470133 -0.06625509 0.00341357 -0.02478686 -0.0648111 -0.0007713 -0.02539426 -0.06629499 0.007432 -0.0254823 -0.06496812 0.00983772 -0.02918935 -0.06668187 0.00365445 -0.02943519 -0.06510118 -0.00045715 -0.02927473 -0.06680771 0.00772975 -0.02967176 -0.06526444 0.01009573 -0.03469795 -0.06658904 0.002 -0.03489119 -0.06484572 -0.00103639 -0.031634 -0.06706449 0.00912092 -0.031634 -0.06706449 0.00912092 -0.02967176 -0.06526444 0.01009573 -0.03423858 -0.06586006 0.01040122 -0.03997642 -0.06620116 0.00054086 -0.04009181 -0.06426407 -0.00199767 -0.04190707 -0.06647772 -0.00047582 -0.04186547 -0.06524945 -0.00324515 -0.04970267 -0.05442004 -0.13448994 -0.07320003 -0.04309401 -0.09742813 -0.21898064 -0.03413165 -0.09747311 -0.27113861 -0.04970633 -0.09750376 -0.53130865 -0.05439426 -0.09765524 -0.55681312 -0.04714267 -0.06083155 -0.55679429 -0.03171631 -0.02924928 -0.55677211 -0.04594219 0.00904176 -0.00560516 -0.05960888 0.00659796 -0.00465786 -0.05787419 0.00805664 -0.00622302 -0.05997092 0.00867125 -0.00732997 -0.06201534 -0.00165394 -0.0065712 -0.05999223 -0.00237383 -0.00732997 -0.06201534 -0.00165394 -0.0088684 -0.0614084 -0.00276605 -0.00921097 -0.06294002 -0.00213956 -0.01302353 -0.06384351 -0.00237083 -0.01303938 -0.06174371 -0.00330235 -0.01694083 -0.06409932 -0.00234245 -0.01808694 -0.06195465 -0.00314957 -0.02276874 -0.06402411 -0.00226096 -0.02497733 -0.06156218 -0.00279285 -0.02478686 -0.0648111 -0.0007713 -0.02616176 -0.06285446 -0.00230401 -0.02943519 -0.06510118 -0.00045715 -0.02963611 -0.0614159 -0.0024917 -0.02829212 -0.05936671 -0.00300593 -0.03489119 -0.06484572 -0.00103639 -0.0351986 -0.0611198 -0.00214821 -0.04009181 -0.06426407 -0.00199767 -0.04021218 -0.06076879 -0.0020542 -0.04186547 -0.06524945 -0.00324515 -0.0419119 -0.06083951 -0.00344728 -0.06486529 -0.05848129 -0.09853533 -0.06263576 -0.0555721 0.08877861 -0.06529687 -0.0608968 -0.09695962 -0.08166894 -0.04740833 -0.07388327 -0.08183633 -0.03484086 -0.02570531 -0.08202419 -0.04601656 0.0206188 -0.08226176 -0.04326633 0.08584197 -0.11195606 -0.05242272 -0.09746364 -0.17714332 -0.04204132 -0.09745236 -0.43151394 -0.03955038 -0.0976043 -0.55656743 -0.04415471 -0.09774909 -0.55656743 -0.04415471 -0.09774909 -0.00428206 -0.05684775 0.00346688 -0.00585777 -0.0571412 -0.00278054 -0.00909567 -0.05781871 -0.0038018 -0.01317313 -0.05783745 -0.00380645 -0.01719016 -0.05757308 -0.00364887 -0.02144045 -0.05672081 -0.00332682 -0.02553129 -0.05811932 -0.00311155 -0.03039271 -0.05648704 -0.00152911 -0.03547892 -0.05693214 -0.00134772 -0.03907907 -0.05735253 -0.00139069 -0.04172814 -0.0587093 -0.0012236 -0.03907907 -0.05735253 -0.00139069 -0.04172814 -0.0587093 -0.0012236 -0.04023731 -0.05576079 0.00142587 -0.04198346 -0.05551352 0.00037064 -0.06455342 -0.02657717 -0.12886012 -0.064578 -0.03311234 -0.11769018 -0.06491837 -0.05039341 -0.10189252 -0.08168194 -0.03324433 -0.06827223 -0.08204366 -0.02963098 0.05454934 -0.08211079 -0.03309198 0.06494457 -0.12999538 -0.03963279 -0.09746315 -0.14659879 -0.03745765 -0.09746085 -0.33729878 -0.04232304 -0.09751818 -0.36487481 -0.04786446 -0.09755711 -0.55687106 -0.03334672 -0.08707768 -0.55685437 -0.04923408 0.08609951 -0.55694395 -0.04982999 0.08904135 -0.00356933 -0.05253806 0.00065303 -0.00415635 -0.05601156 -3.48E-06 -0.00388607 -0.05307979 -0.00109521 -0.00905985 -0.05373955 -0.00396301 -0.00557917 -0.05343487 -0.00293689 -0.01355401 -0.0536881 -0.00374413 -0.01770863 -0.05340132 -0.00334691 -0.02027234 -0.05306192 -0.00300502 -0.02310133 -0.0544578 -0.00288618 -0.02027234 -0.05306192 -0.00300502 -0.02310133 -0.0544578 -0.00288618 -0.02137196 -0.05269337 -0.00183999 -0.02575022 -0.05538574 -0.00236733 -0.02594796 -0.05355525 -0.000736 -0.02594796 -0.05355525 -0.000736 -0.02961218 -0.05373036 -8.64E-05 -0.03248379 -0.05390059 0.00039823 -0.02961218 -0.05373036 -8.64E-05 -0.03248379 -0.05390059 0.00039823 -0.03104067 -0.05344451 0.00260909 -0.03560248 -0.05458853 0.00133371 -0.03568381 -0.05355916 0.00440522 -0.04012448 -0.0535138 0.00527315 -0.03893504 -0.05406215 0.00859631 -0.03602961 -0.0561785 0.01055524 -0.03466016 -0.05467286 0.00993569 -0.03893504 -0.05406215 0.00859631 -0.03466016 -0.05467286 0.00993569 -0.03612027 -0.05389467 0.00747805 -0.04012448 -0.0535138 0.00527315 -0.04198346 -0.05551352 0.00037064 -0.04173589 -0.05248793 0.0026149 -0.04225543 -0.05777678 -0.13456994 -0.05783796 -0.02439398 -0.13436472 -0.06434762 -0.02461398 -0.13441405 -0.06434762 -0.02461398 -0.13441405 -0.08562192 -0.03846704 -0.09746741 -0.08142284 -0.03826777 -0.08572629 -0.08149818 -0.03328202 -0.08177797 -0.08181357 -0.02654856 -0.03818867 -0.09772705 -0.04101815 -0.09743477 -0.51290339 -0.03796406 -0.0975893 -0.55684662 -0.01824387 -0.07617363 -0.55680072 -0.02753456 0.06628253 -0.00403896 -0.04971086 6.752E-05 -0.00589606 -0.04898118 -0.00278352 -0.01827541 -0.05012314 -0.00301299 -0.01535329 -0.05217781 0.00905928 -0.01353368 -0.05372405 0.00972931 -0.01286125 -0.04940069 0.00960082 -0.01531771 -0.04979256 0.00873223 -0.0196183 -0.05150216 -0.00279549 -0.0196183 -0.05150216 -0.00279549 -0.01898831 -0.05182882 0.00294044 -0.0184564 -0.0496905 0.0030106 -0.01920599 -0.05003183 -0.00161998 -0.01751786 -0.05247108 0.00783823 -0.01680958 -0.04986151 0.00707845 -0.0196183 -0.05150216 -0.00279549 -0.04213673 -0.04385148 -0.134508 -0.04208425 -0.03120761 -0.12425439 -0.04226053 -0.06333614 -0.13236418 -0.06468284 -0.04162534 -0.11101074 -0.08179778 -0.03609275 -0.05294994 -0.08194752 -0.0368355 0.00388426 -0.38637394 -0.03670372 -0.09757924 -0.53220868 -0.02929961 -0.09761126 -0.54341513 -0.04074794 -0.07497488 -0.54336411 -0.0363223 -0.0703519 -0.55692405 -0.01433327 -0.09657791 -0.55684793 -0.02510258 0.0797822 -0.00909317 -0.04580558 -0.00361249 -0.01420254 -0.04421793 -0.0033938 -0.01778445 -0.04482018 -0.00289284 -0.01920599 -0.05003183 -0.00161998 -0.01902997 -0.04570274 -0.00121562 -0.01902997 -0.04570274 -0.00121562 -0.01884583 -0.0456896 0.00308729 -0.01704144 -0.04577916 0.00701678 -0.06272934 -0.02864522 0.09086603 -0.06528383 -0.0309783 -0.09832698 -0.06547168 -0.0378072 -0.09671281 -0.06547168 -0.0378072 -0.09671281 -0.06669459 -0.03384656 -0.09667674 -0.08205587 -0.02699787 0.04207601 -0.0823587 -0.03453656 0.08851694 -0.25615758 -0.02019515 -0.09749524 -0.31626305 -0.02786123 -0.09751005 -0.40680575 -0.0214056 -0.09757988 -0.55472702 -0.03473103 -0.09774582 -0.00605866 -0.03697861 -0.00258235 -0.00907812 -0.03305439 -0.00343091 -0.01515859 -0.03965314 0.00863358 -0.01277262 -0.03417303 0.00930875 -0.01911327 -0.04132224 -0.00103988 -0.01911327 -0.04132224 -0.00103988 -0.0192731 -0.04058242 0.00329141 -0.01722699 -0.04138114 0.00705188 -0.06275997 -0.0381511 0.08932155 -0.06462604 -0.02501435 -0.13253988 -0.06518674 -0.03448552 -0.10273415 -0.06326279 0.00889545 0.12453128 -0.06887731 -0.03493868 -0.09723526 -0.11237007 -0.02203242 -0.09742411 -0.49519488 -0.01987056 -0.09756608 -0.5568766 0.0009419 -0.09342562 -0.55690765 -0.01043825 0.09020646 -0.01901126 -0.03567897 -0.00075779 -0.01901126 -0.03567897 -0.00075779 -0.01720288 -0.03329522 0.0071042 -0.06325072 -0.00992613 0.12886763 -0.08223979 -0.03055838 0.08586474 -0.35106149 -0.0212106 -0.09752157 -0.55682135 -0.00910666 -0.05921469 -0.01399353 -0.03181921 -0.0031742 -0.01734263 -0.02747253 -0.00260016 -0.01928362 -0.02869939 0.00355222 -0.04962176 -0.02540072 -0.13440904 -0.04213673 -0.04385148 -0.134508 -0.06277077 -0.02351063 0.09422857 -0.06291126 -0.0174608 0.09866595 -0.08170009 -0.01004069 -0.0628155 -0.09159061 -0.01534793 -0.09742142 -0.47181547 -0.00244956 -0.09757251 -0.00358424 -0.04727421 0.00493803 -0.00377685 -0.04586555 0.00279916 -0.00367275 -0.00330499 0.00469654 -0.06282112 -0.02658862 0.08950378 -0.06482868 -0.0241074 -0.11130185 -0.06524698 -0.02484918 -0.10291232 -0.08188584 -0.00592787 -0.00952595 -0.165694 -0.00577648 -0.09747872 -0.55681026 -0.00282899 0.04988907 -0.0037989 -0.00879036 0.00270833 -0.00604823 -0.01619337 -0.00254428 -0.01367655 -0.01084403 -0.00309823 -0.01255581 -0.01357279 0.00916662 -0.01467207 -0.01716674 0.00858044 -0.01886159 -0.01926089 -0.00060935 -0.01886159 -0.01926089 -0.00060935 -0.04433554 0.01452813 -0.13448325 -0.06463183 -0.02310396 -0.11738419 -0.06546848 0.00775347 -0.09674919 -0.06546848 0.00775347 -0.09674919 -0.08141652 -0.00302744 -0.08578803 -0.08196595 -0.01705023 0.01071221 -0.08222663 -0.00965544 0.08005197 -0.1002014 0.00423492 -0.09739879 -0.51832139 -0.01278759 -0.09755972 -0.54475373 -0.01077809 -0.0976152 -0.55679053 -0.00655781 -0.0206622 -0.55680954 -0.00506537 0.0194772 -0.00906232 -0.01145107 -0.0033556 -0.01674473 -0.00840572 0.00706831 -0.07331987 0.00251469 -0.09745918 -0.06878997 0.00816881 -0.09727207 -0.08156389 -0.00179886 -0.08824795 -0.4311395 0.00798188 -0.09757185 -0.55095148 0.00474886 -0.09765887 -0.55679154 0.00166322 0.00429711 -0.06302561 0.01774577 0.10402134 -0.06312209 0.01815308 0.10949735 -0.06670962 0.00851705 -0.09673303 -0.08176498 0.01183956 -0.05174029 -0.08217397 -0.00276118 0.0733998 -0.12494904 0.00532016 -0.0974645 -0.55678016 0.01597076 -0.00728293 -0.55684304 0.00633753 0.07456142 -0.0506312 0.02183671 -0.13444149 -0.06276962 0.00217515 0.09050429 -0.06288421 0.00111187 0.08958641 -0.06458348 -0.00727182 -0.13254139 -0.06452851 -0.00048587 -0.1285958 -0.06518297 -0.00709738 -0.10226458 -0.0652065 -0.00761539 -0.09852122 -0.06320837 0.01666955 0.11755323 -0.19488645 0.00448197 -0.09748242 -0.53084147 -0.00016182 -0.09759822 -0.55704027 0.02001015 0.08906658 -0.00598142 -0.00153 -0.00258396 -0.01689717 -0.0036977 -0.00261719 -0.01891267 0.00038829 0.00337685 -0.04203603 0.00487448 -0.13451567 -0.06275769 0.00428405 0.09444045 -0.0646123 0.01653446 -0.11979153 -0.0648309 -0.00420566 -0.11066893 -0.06329899 0.00425544 0.13485108 -0.08158848 0.00616927 -0.07369964 -0.08224666 0.02128715 0.08547676 -0.26362896 0.00536532 -0.09749319 -0.2935665 0.00670273 -0.09749668 -0.31259042 -0.00615025 -0.09752205 -0.38560486 0.02142961 -0.09753659 -0.55478573 0.02227888 -0.09773155 -0.55689096 0.03734444 -0.08668437 -0.55693376 0.01131437 0.08605057 -0.0147779 0.00245399 0.00852574 -0.01271182 0.00236821 0.00912013 -0.01861602 -0.00073432 -0.00071019 -0.01861602 -0.00073432 -0.00071019 -0.06469972 0.0195638 -0.11548318 -0.08183599 0.00982396 -0.0224493 -0.08204183 0.00056985 0.03649156 -0.08198191 0.00713115 0.01719858 -0.08206519 0.01729039 0.06197973 -0.08236228 0.02170608 0.08867376 -0.33634323 0.00469942 -0.09751337 -0.35356453 0.02091343 -0.09749994 -0.55657518 0.02165614 -0.09770291 -0.55657518 0.02165614 -0.09770291 -0.556826 0.00818206 -0.04086277 -0.01371375 0.00780972 -0.00313861 -0.06503476 0.01346845 -0.10710369 -0.08792058 0.00989417 -0.09742068 -0.08202526 0.01961351 0.04083207 -0.22870946 0.01215515 -0.09748648 -0.00384954 0.02072159 0.00302807 -0.01699156 0.01351696 -0.00269924 -0.04096797 -0.00947311 0.03634225 -0.04093423 0.01305772 0.01673293 -0.04095218 0.01570613 0.02893764 -0.06290725 0.01958875 0.0987079 -0.06440032 0.02341882 -0.13444772 -0.50212294 0.00464394 -0.09755383 -0.52232027 0.01426659 -0.0975974 -0.54141223 0.01819081 -0.09764589 -0.55682218 0.01128038 0.03764309 -0.00910684 0.01787291 -0.00334678 -0.06462336 0.01872064 -0.13260978 -0.06483741 0.01853959 -0.11093269 -0.06522644 0.01836796 -0.09835158 -0.07979929 0.02555419 -0.09736741 -0.08132736 0.000282 -0.0877762 -0.08136921 0.01429016 -0.08584131 -0.0813079 0.01269273 -0.0878123 -0.08149663 0.01617421 -0.08054798 -0.11075106 0.01947535 -0.09742504 -0.01863062 0.02049766 -0.00073595 -0.01863062 0.02049766 -0.00073595 -0.06516966 0.02029032 -0.10193277 -0.07336847 0.02596743 -0.09729581 -0.47998357 0.02129228 -0.09758072 -0.55683243 0.0338803 -0.06452131 -0.55681163 0.03161729 0.01635355 -0.0125891 0.02884037 0.00894392 -0.01462698 0.02913941 0.00843441 -0.01674891 0.02297411 0.0069685 -0.05780208 0.03663735 -0.1344201 -0.06272578 0.01647202 0.09080157 -0.06450836 0.02732507 -0.12851092 -0.08155356 0.01436047 -0.0882614 -0.08183071 0.02413453 -0.0298565 -0.13797563 0.03479232 -0.09749825 -0.16940689 0.02862952 -0.09748696 -0.556862 0.03180851 -0.07602686 -0.01891977 0.02428199 0.00348467 -0.06547493 0.025504 -0.09645078 -0.06547493 0.025504 -0.09645078 -0.06709203 0.02553139 -0.09645516 -0.06439537 0.02193416 0.08974035 -0.06324168 0.01211695 0.08965497 -0.06376822 0.01769594 0.08968781 -0.06333493 0.06263901 0.12840517 -0.0692255 0.02498252 -0.09711888 -0.08201993 0.03232552 0.05255778 -0.26289475 0.03932236 -0.09748843 -0.55680716 0.03233935 -0.02964798 -0.00593886 0.04658131 -0.00259926 -0.01389462 0.0424572 -0.0030912 -0.06440032 0.02341882 -0.13444772 -0.06271078 0.02206967 0.09085014 -0.08194551 0.04239483 0.00972242 -0.08540933 0.03620965 -0.09737365 -0.31487247 0.02786667 -0.09747656 -0.44912297 0.04313372 -0.09756929 -0.54534256 0.04075755 -0.09763924 -0.55696309 0.04107795 -0.09656811 -0.5568375 0.04964043 0.0548829 -0.55688453 0.0466883 0.07977778 -0.00368494 0.04696245 0.00461449 -0.01729521 0.038083 -0.00260894 -0.08147994 0.0360115 -0.08586799 -0.08166072 0.03041134 -0.06946097 -0.21647641 0.04179294 -0.09746272 -0.52503943 0.03793217 -0.09762424 -0.01888362 0.04489986 -0.00059658 -0.01888362 0.04489986 -0.00059658 -0.06437083 0.05740957 -0.11905351 -0.08182129 0.03441317 -0.04228078 -0.08225687 0.03345666 0.08595993 -0.49911135 0.04278601 -0.09758325 -0.55684674 0.06127537 0.06908309 -0.55689299 0.05860562 0.09027718 -0.00378278 0.04451908 0.00286386 -0.01685292 0.04130049 0.00717787 -0.29945955 0.04491646 -0.09749322 -0.33334053 0.05254627 -0.09748834 -0.36571515 0.05027176 -0.09751402 -0.42416561 0.05703367 -0.09755251 -0.54338026 0.04536654 -0.05890157 -0.54345101 -0.00061101 -0.07194768 -0.54338944 0.05153666 -0.07129462 -0.55683804 0.05785347 -0.05338981 -0.55682921 0.05626814 0.03159492 -0.01255572 0.04317535 0.00906996 -0.06270474 0.06135802 0.09406313 -0.06439307 0.0593469 -0.13253872 -0.06341513 0.05937187 0.13484403 -0.06914391 0.06442935 -0.09714986 -0.08169803 0.04315824 -0.06428252 -0.08157668 0.05681409 -0.07592987 -0.08178528 0.05169882 -0.04941072 -0.08181894 0.05233214 -0.03125582 -0.08187748 0.05413569 -0.00722646 -0.08213946 0.050059 0.07543592 -0.09722888 0.05661173 -0.09739017 -0.47492924 0.05497394 -0.09756224 -0.53757685 0.05042339 -0.09763938 -0.55661166 0.05755873 -0.09764959 -0.55661166 0.05755873 -0.09764959 -0.55689627 0.06592525 0.08633885 -0.00910825 0.04708092 -0.00341242 -0.01462832 0.04354526 0.00873793 -0.01920441 0.04423467 0.00359042 -0.04202691 0.07269294 -0.13455889 -0.06412193 0.06197907 -0.13448209 -0.06289946 0.05890225 0.09868933 -0.06431422 0.05986322 -0.12842572 -0.06535113 0.05732508 -0.09653178 -0.06535113 0.05732508 -0.09653178 -0.07287224 0.06723208 -0.0972985 -0.08156733 0.06773416 -0.08827034 -0.08195466 0.06322641 0.01742964 -0.08200181 0.05395682 0.04135221 -0.08199713 0.06323484 0.05787909 -0.08235702 0.05829902 0.08883166 -0.11709997 0.05392201 -0.09746852 -0.18848397 0.06257243 -0.09747609 -0.5567987 0.05629007 -0.01715736 -0.06412193 0.06197907 -0.13448209 -0.06450269 0.05723844 -0.11266038 -0.08146951 0.06906838 -0.08583497 -0.23272705 0.06710059 -0.09746447 -0.51394397 0.07645971 -0.09754877 -0.55474043 0.0582623 -0.09768271 -0.01767838 0.05648402 -0.00281459 -0.01484683 0.05455149 0.00900177 -0.06491601 0.06948207 -0.09849735 -0.13536221 0.05988164 -0.09750342 -0.40207267 0.06868506 -0.0975377 -0.00907657 0.05837263 -0.00362794 -0.00586978 0.05679787 -0.00273674 -0.01283804 0.05464948 0.00919855 -0.01916915 0.05698661 -0.00073497 -0.01916915 0.05698661 -0.00073497 -0.01957858 0.057566 0.00352114 -0.01710042 0.05725105 0.00740871 -0.06315815 0.05974502 0.11000688 -0.0648732 0.06685788 -0.1021571 -0.067066 0.06220074 -0.09651876 -0.07795134 0.08629767 -0.09733783 -0.08387497 0.07018707 -0.09736567 -0.08195689 0.07926971 0.02904008 -0.08183804 0.03879685 0.08967458 -0.07934898 0.0446005 0.08981749 -0.08213556 0.07501233 0.08972129 -0.1636045 0.05484022 -0.09750093 -0.28684232 0.06528155 -0.09749698 -0.52575409 0.07869966 -0.0975924 -0.5569067 0.08005721 -0.09342353 -0.55699003 0.06742442 0.08902809 -0.00380918 0.06085108 0.00333354 -0.01393443 0.0585462 -0.00332405 -0.04160455 0.07338089 -0.05246048 -0.04158616 0.05685593 -0.03767622 -0.04174989 0.05295933 -0.0568521 -0.06267542 0.06878916 0.09092142 -0.08163098 0.07379008 -0.06776284 -0.08219996 0.07074583 0.08540042 -0.4983353 0.0713386 -0.09753866 -0.54451019 0.06822047 -0.09762806 -0.5568676 0.06909407 -0.07216675 -0.55681324 0.07446278 0.0110469 -0.01293212 0.06453762 0.0091405 -0.01475784 0.07039381 0.00890902 -0.01891568 0.06542055 -0.00077859 -0.01891568 0.06542055 -0.00077859 -0.01694715 0.0645662 0.00740558 -0.05481318 0.06846068 -0.13445151 -0.06334355 0.06953294 0.12156104 -0.37501442 0.07890744 -0.09751301 -0.53528237 0.08464456 -0.09763553 -0.55683625 0.07401109 -0.03293554 -0.5569129 0.07472051 0.08197485 -0.00355762 0.07052106 0.00463774 -0.0036509 0.07270307 0.00212085 -0.00569019 0.0705936 -0.00277448 -0.01382375 0.07278997 -0.00345846 -0.01753742 0.06971196 -0.00294594 -0.01906598 0.06905932 0.00350272 -0.06356081 0.0973062 -0.13440551 -0.06421003 0.07086668 -0.11752432 -0.06437331 0.07214976 -0.11107238 -0.0653109 0.07356865 -0.09641908 -0.0653109 0.07356865 -0.09641908 -0.45030534 0.07582224 -0.09754231 -0.55013102 0.09270794 -0.09770499 -0.00909549 0.07370923 -0.00363257 -0.0191575 0.0725588 -0.00102531 -0.0191575 0.0725588 -0.00102531 -0.01690322 0.07056943 0.00740109 -0.06338236 0.09852827 0.10780472 -0.0637297 0.09528253 -0.13257936 -0.0817423 0.08564193 -0.05306515 -0.08179133 0.08661763 -0.03655098 -0.08195806 0.08054075 0.04758663 -0.12477234 0.08578701 -0.09745188 -0.14979962 0.07696147 -0.09747646 -0.25831237 0.07584465 -0.09747057 -0.55691171 0.08950473 -0.0854732 -0.55683672 0.08776809 -0.00220903 -0.00206605 0.07396884 0.00673218 -0.0003756 0.07504863 0.00767329 -0.00186977 0.07498816 0.00802461 -0.00315097 0.07432044 -0.00191825 -0.00368872 0.0731133 -0.00051277 -0.00501475 0.07355506 -0.00257758 -0.00278807 0.07350988 0.00362557 -0.004141 0.07312287 0.00738405 -0.00532097 0.07414288 0.00855568 -0.00501475 0.07355506 -0.00257758 -0.01804537 0.07412056 -0.00300794 -0.01252922 0.07435609 0.00924862 -0.01450866 0.07440195 0.00894542 -0.01968256 0.07531307 -0.00279607 -0.01968256 0.07531307 -0.00279607 -0.01987121 0.07469229 -0.00117202 -0.01917708 0.07303656 0.00323349 -0.01966298 0.07484362 0.00315663 -0.01743668 0.07441259 0.0072438 -0.01930737 0.07562725 0.00618302 -0.04435793 0.09912354 -0.13446826 -0.08186203 0.08370275 -0.00249203 -0.10278997 0.0833318 -0.09739256 -0.46845335 0.08451421 -0.0975242 -0.5433687 0.06811792 -0.05656761 -0.54343963 0.09942282 -0.07006229 -0.55696774 0.08807416 -0.09661885 -0.55687284 0.08860142 -0.04775437 -0.00027484 0.07712848 -0.00189392 -0.00155398 0.07556308 -0.00061408 -0.00204518 0.07600341 -0.00223111 -0.00022116 0.07682229 0.00309415 -0.00109357 0.07524983 0.00322463 -9.871E-05 0.07612846 0.00806236 -0.0003756 0.07504863 0.00767329 -0.00315097 0.07432044 -0.00191825 -0.00519699 0.07588486 -0.0031895 -0.00204518 0.07600341 -0.00223111 -0.00913516 0.07625345 -0.00376488 -0.01353282 0.07673947 -0.00373685 -0.01763698 0.07704768 -0.00346392 -0.01353404 0.07672773 0.00933486 -0.01704657 0.07916135 0.00949982 -0.01707393 0.07723934 0.00851751 -0.02094135 0.07718722 -0.00311877 -0.02089551 0.07980786 0.00947788 -0.01707393 0.07723934 0.00851751 -0.02089551 0.07980786 0.00947788 -0.02068296 0.07776425 0.00747391 -0.01968256 0.07531307 -0.00279607 -0.01987121 0.07469229 -0.00117202 -0.02159294 0.07651398 -0.00120566 -0.02094135 0.07718722 -0.00311877 -0.02405891 0.0780969 -0.00300804 -0.02556357 0.07795561 -0.00121555 -0.01966298 0.07484362 0.00315663 -0.02144876 0.07661412 0.00312131 -0.02529556 0.07785932 0.00311309 -0.01930737 0.07562725 0.00618302 -0.02474666 0.07911203 0.00764425 -0.0228577 0.07999883 0.00947845 -0.0283381 0.07860062 -0.00024961 -0.02872655 0.07874105 0.00302415 -0.02841026 0.07913116 0.00638857 -0.05091307 0.09065685 -0.13442174 -0.05814274 0.0959434 -0.13437253 -0.06298569 0.09977073 0.09436165 -0.06314041 0.09931151 0.09844744 -0.06377606 0.08740098 -0.12825646 -0.06404059 0.0843919 -0.1123256 -0.06440413 0.08342368 -0.10259202 -0.06372035 0.09977118 0.13482668 -0.08150829 0.08483387 -0.07951792 -0.08225018 0.09465957 0.08895759 -0.18798882 0.09369934 -0.09746101 -0.31133121 0.08584405 -0.09747928 -0.43152636 0.09526855 -0.09753685 -0.554986 0.08774046 -0.09780245 -0.55662566 0.09661717 -0.09779428 -0.55662566 0.09661717 -0.09779428 -0.00027484 0.07712848 -0.00189392 -0.00151256 0.08013294 -0.00247862 -0.00519374 0.0805021 -0.00358549 -0.0091466 0.08070428 -0.00390284 -0.01336622 0.08083222 -0.00399707 -0.01976717 0.08091388 -0.00394983 -0.02405891 0.0780969 -0.00300804 -0.02550328 0.08061764 -0.0033816 -0.02731809 0.07885186 -0.00228078 -0.02731809 0.07885186 -0.00228078 -0.03064895 0.08026347 -0.00177114 -0.029277 0.08176599 -0.0033077 -0.03064895 0.08026347 -0.00177114 -0.02592292 0.08011345 0.00881122 -0.02592292 0.08011345 0.00881122 -0.0228577 0.07999883 0.00947845 -0.02465004 0.08183373 0.00984235 -0.02995148 0.0825936 0.00992541 -0.02995148 0.0825936 0.00992541 -0.03021207 0.08007539 0.00758778 -0.03156763 0.07918752 0.00287312 -0.03454387 0.08138592 -0.00145503 -0.03615922 0.0809061 0.002404 -0.03572011 0.08141569 0.00752875 -0.03547892 0.08302701 0.00980148 -0.03996783 0.08216221 0.00735718 -0.04023415 0.0812848 0.00198604 -0.03998676 0.08334307 0.00968472 -0.04137486 0.08106599 -0.00314672 -0.04023415 0.0812848 0.00198604 -0.04143709 0.07962901 0.00182642 -0.03996783 0.08216221 0.00735718 -0.04148915 0.08068318 0.00709933 -0.03998676 0.08334307 0.00968472 -0.04144078 0.0820523 0.01017458 -0.06356081 0.0973062 -0.13440551 -0.06377037 0.0914358 -0.11950493 -0.06424965 0.0917289 -0.09828189 -0.06741121 0.08367894 -0.09637325 -0.06955731 0.08675433 -0.09703301 -0.08148786 0.0973234 -0.08827226 -0.08199874 0.09005136 0.06585273 -0.55684018 0.09471596 0.04881144 -0.55688012 0.09050728 0.07516586 -0.55701184 0.0933517 0.09020053 -0.00520152 0.08587349 -0.00326575 -0.00192603 0.08576358 -0.00247047 -0.01101232 0.08589003 -0.00373393 -0.02054787 0.08583141 -0.00400022 -0.02520594 0.08575971 -0.00387977 -0.0304893 0.08509386 -0.00367567 -0.03280863 0.08288882 -0.00333175 -0.03454387 0.08138592 -0.00145503 -0.03565592 0.0846336 -0.00256415 -0.03306907 0.08645783 -0.00376667 -0.03797233 0.08270619 5.41E-06 -0.03797233 0.08270619 5.41E-06 -0.03937799 0.0826248 -7.236E-05 -0.04014793 0.08464447 -0.00313392 -0.03937799 0.0826248 -7.236E-05 -0.06505996 0.08719466 -0.09626652 -0.06505996 0.08719466 -0.09626652 -0.06357035 0.09688023 0.12984671 -0.07296552 0.08838368 -0.09723807 -0.08139984 0.08908043 -0.08578027 -0.08182508 0.1031789 -0.01554869 -0.08187604 0.10384203 0.0107098 -0.08192861 0.09374232 0.05476373 -0.08210486 0.09826092 0.0853409 -0.14670761 0.09254894 -0.09745221 -0.25829327 0.08686949 -0.0974501 -0.3544144 0.10135592 -0.09749459 -0.00043911 0.08796877 0.0006542 -0.00049725 0.08560307 -0.00112945 -0.00161162 0.08836509 -0.00040995 -0.00249839 0.08839539 -0.00228049 -0.00916544 0.08895744 -0.00270807 -0.0169383 0.08935154 -0.00294764 -0.02184644 0.08974639 -0.00293423 -0.0296289 0.08990175 -0.00333128 -0.03267273 0.08928693 -0.00367748 -0.0348441 0.09034667 -0.0030968 -0.04065776 0.09064014 -0.00317793 -0.06292818 0.10236958 0.0909669 -0.06420207 0.09310425 -0.1031359 -0.06391211 0.09396414 -0.11241024 -0.06349704 0.09769172 0.12106054 -0.08163121 0.10038213 -0.06982873 -0.09259981 0.09903518 -0.09740088 -0.21806456 0.10354856 -0.09745774 -0.40269303 0.1059481 -0.09751636 -0.45485526 0.11064646 -0.09751175 -0.50332415 0.09806219 -0.09750433 -0.48096633 0.10087473 -0.09751046 -0.54368913 0.11444706 -0.09767562 -0.55692339 0.10472069 -0.07055637 -0.02127588 0.0914996 -0.00037117 -0.02529496 0.09163255 -0.00184286 -0.02550459 0.09259338 -0.00014568 -0.02952361 0.09183038 -0.00260057 -0.02975622 0.09331075 -0.00096777 -0.02952361 0.09183038 -0.00260057 -0.03508577 0.09372569 -0.00178008 -0.03508577 0.09372569 -0.00178008 -0.03944477 0.09316821 -0.00193318 -0.04204184 0.09168897 -0.00155132 -0.04025263 0.09397969 -0.00146288 -0.04111728 0.093651 -0.00332147 -0.04025263 0.09397969 -0.00146288 -0.04204184 0.09168897 -0.00155132 -0.06734328 0.097762 -0.09643856 -0.26949421 0.11211825 -0.09745144 -0.30901664 0.10540936 -0.09747399 -0.55694604 0.10216183 -0.0825186 -0.55699396 0.10393772 0.08609048 -0.03028098 0.09491385 0.00244587 -0.03521875 0.0955405 -0.00031486 -0.03192508 0.0957237 0.00351978 -0.03545675 0.09677849 0.00213408 -0.03521875 0.0955405 -0.00031486 -0.0395439 0.09823517 0.00039621 -0.0395439 0.09823517 0.00039621 -0.06366444 0.09898288 -0.12861408 -0.06498022 0.10076014 -0.0963425 -0.06498022 0.10076014 -0.0963425 -0.06958151 0.1071381 -0.09712642 -0.08192907 0.10608963 0.04175851 -0.08198172 0.10682768 0.06288979 -0.15973018 0.12027616 -0.09743831 -0.55710942 0.104843 0.08907329 -0.0395439 0.09823517 0.00039621 -0.0413059 0.09943227 -0.00173263 -0.04118341 0.10148863 0.00086135 -0.04568514 0.13205101 -0.13440448 -0.05839051 0.12996389 -0.1343241 -0.06358279 0.12780403 -0.13437448 -0.06386296 0.12056542 -0.11329585 -0.06409572 0.11204145 -0.10486282 -0.08177021 0.12954931 -0.0630907 -0.08181465 0.12227703 -0.04488457 -0.12391922 0.11861954 -0.09743341 -0.52721524 0.11332659 -0.09760673 -0.55689275 0.1039902 -0.03237744 -0.55686784 0.10999278 0.06477165 -0.0409911 0.10442717 0.00096358 -0.04051432 0.10434566 0.00756924 -0.04094908 0.10316447 0.00877867 -0.51054275 0.11979038 -0.0975078 -0.55694366 0.11587823 -0.09339904 -0.55684799 0.11134071 0.00842148 -0.55688554 0.11751372 0.0764926 -0.04193047 0.14606334 -0.13447452 -0.06365845 0.13003553 -0.12855422 -0.06421156 0.11712859 -0.09837778 -0.0673933 0.11941022 -0.09634276 -0.06350401 0.13402386 0.12284692 -0.0635353 0.12958781 0.12900615 -0.07271275 0.1370873 -0.09740495 -0.07702596 0.13221942 -0.09745736 -0.08144909 0.11799837 -0.08578573 -0.08213313 0.12436981 0.08551568 -0.08226986 0.13085596 0.08878972 -0.08766043 0.11618114 -0.09742306 -0.55489123 0.13209145 -0.09780282 -0.55697137 0.13030948 -0.08272385 -0.55692202 0.11754412 -0.05274654 -0.06315422 0.13185452 0.09988646 -0.06331716 0.1383449 0.107317 -0.06358279 0.12780403 -0.13437448 -0.06372859 0.12812893 -0.12173577 -0.06498684 0.12134544 -0.09625976 -0.06498684 0.12134544 -0.09625976 -0.08185151 0.12547685 0.00256856 -0.43876147 0.12555392 -0.0975096 -0.55688477 0.13630126 -0.03812398 -0.06301296 0.14331387 0.09487988 -0.06343132 0.14310114 0.11611317 -0.08160107 0.12933655 -0.08171833 -0.08183733 0.13730846 -0.01531963 -0.08191502 0.12678917 0.02730598 -0.09821208 0.13150807 -0.09741912 -0.55705774 0.15208869 -0.09661394 -0.55684763 0.1331522 -0.01199413 -0.55680847 0.12986936 0.03687527 -0.55695152 0.12674125 0.08608298 -0.55707055 0.12807088 0.08908455 -0.55701327 0.13387825 0.09030154 -0.06415433 0.128888 -0.1034345 -0.06945179 0.13340832 -0.0972188 -0.08194625 0.1239678 0.04995534 -0.08200246 0.13331051 0.06482647 -0.19624642 0.13006742 -0.09743251 -0.2400586 0.12762232 -0.09742333 -0.32458574 0.12196628 -0.097472 -0.37927336 0.12687896 -0.0974856 -0.4188689 0.12904985 -0.09750026 -0.48429596 0.13405515 -0.09748457 -0.53304845 0.13056619 -0.09763502 -0.5510903 0.137105 -0.09770164 -0.06371525 0.13647275 -0.13260698 -0.08161713 0.1342824 -0.08824989 -0.0817257 0.14077868 -0.07479033 -0.08208482 0.14309253 0.0760728 -0.27818909 0.13070799 -0.09742029 -0.52212143 0.13698183 -0.09754381 -0.55684465 0.12935029 0.06215249 -0.5569331 0.1376396 0.07975532 -0.06299871 0.13536645 0.09079869 -0.06437185 0.13211964 -0.09840341 -0.06361119 0.13307656 0.13481395 -0.08190352 0.14080797 0.02876054 -0.08279094 0.16126306 -0.09747982 -0.13240959 0.15296866 -0.09739422 -0.32368997 0.13911225 -0.09741828 -0.55700433 0.15322618 -0.09331396 -0.55692828 0.13459755 -0.06742784 -0.06394188 0.14034276 -0.11077142 -0.06715748 0.13790096 -0.09647937 -0.08158858 0.15182541 -0.08597719 -0.1451581 0.13956703 -0.09741224 -0.53841829 0.14595343 -0.09760696 -0.06376956 0.14554025 -0.11726841 -0.06431913 0.14175849 -0.10252934 -0.08217952 0.15193681 0.08529413 -0.16863146 0.15298821 -0.09739803 -0.29856825 0.15181275 -0.09738894 -0.4528853 0.1489767 -0.09747918 -0.51344526 0.15285529 -0.0974822 -0.55681884 0.1470312 0.00472024 -0.04218903 0.15053175 -0.13453183 -0.06360424 0.15230487 -0.13449082 -0.06462835 0.14594297 -0.09829104 -0.0652997 0.14769329 -0.09646504 -0.0652997 0.14769329 -0.09646504 -0.08187023 0.15364905 -0.02537388 -0.08186689 0.15006115 -0.04825026 -0.08193237 0.15094359 0.05088334 -0.24248746 0.15815605 -0.0973758 -0.26624301 0.15347274 -0.09737398 -0.34500349 0.1528367 -0.09739992 -0.36942381 0.15084885 -0.09743989 -0.41882512 0.15507375 -0.09746525 -0.54526174 0.14560355 -0.09761836 -0.55671859 0.15868007 -0.09773577 -0.55671859 0.15868007 -0.09773577 -0.55692911 0.15392615 -0.0578344 -0.55681938 0.15225883 0.04643934 -0.55686927 0.15136145 0.06416802 -0.55705321 0.15661226 0.08598712 -0.55716711 0.15236332 0.08910014 -0.06295514 0.15261887 0.09069608 -0.06708437 0.15252553 -0.09651972 -0.06440479 0.13491265 0.08974658 -0.06348194 0.13914858 0.08965012 -0.06325792 0.14483599 0.08960539 -0.06366272 0.15511392 0.134811 -0.06927449 0.14700414 -0.09714286 -0.07719517 0.15507789 -0.09744969 -0.08199802 0.15316375 0.06679213 -0.09641194 0.15251769 -0.0974307 -0.20374766 0.15314017 -0.09740105 -0.55694842 0.16660096 -0.07297147 -0.55687284 0.15417646 -0.03264882 -0.06367698 0.17239849 -0.12169644 -0.06354074 0.17987211 0.12855449 -0.08180499 0.17056201 -0.0816703 -0.08194096 0.16355868 0.03036337 -0.08235654 0.15868853 0.08863762 -0.5306741 0.164427 -0.09754528 -0.55682588 0.15898634 0.01696835 -0.05874921 0.1607552 -0.1344627 -0.06380697 0.1576245 -0.11353341 -0.0642564 0.15866123 -0.10285582 -0.07293886 0.16997065 -0.0973803 -0.08185586 0.15829919 -0.06444351 -0.08190203 0.16715164 0.003809 -0.49830025 0.16507415 -0.0974708 -0.06360424 0.15230487 -0.13449082 -0.06289606 0.16249852 0.09406263 -0.06311172 0.1617827 0.0997217 -0.06444082 0.16667391 -0.09841542 -0.18978645 0.16359745 -0.09741768 -0.35845268 0.16426225 -0.0973985 -0.40583807 0.16605212 -0.09743695 -0.54519856 0.16202204 -0.09757675 -0.55699313 0.1559277 -0.08348899 -0.55693567 0.18408708 0.07806151 -0.0628472 0.16241641 0.09071003 -0.06516948 0.16654225 -0.09629332 -0.06516948 0.16654225 -0.09629332 -0.06980786 0.16774724 -0.09716055 -0.08180514 0.18195821 -0.08824919 -0.0819259 0.16896154 -0.03219169 -0.08210379 0.16486605 0.08026247 -0.12168598 0.16643484 -0.09740564 -0.32619226 0.16794588 -0.09736277 -0.06349003 0.19396453 -0.13449702 -0.06361026 0.19253568 -0.13241708 -0.06757376 0.17102025 -0.09626608 -0.08182544 0.16962479 -0.07587036 -0.08190408 0.16791792 -0.05409847 -0.08191517 0.13870482 0.08950096 -0.08085103 0.16150509 0.0892494 -0.08180825 0.17489769 0.08919823 -0.08217852 0.17630704 0.08546416 -0.37556958 0.17315151 -0.09742771 -0.46068725 0.16802205 -0.09746889 -0.5569737 0.17706011 -0.09354299 -0.55685294 0.17431577 -0.02675515 -0.55702138 0.17895876 0.09028997 -0.04215917 0.18944205 -0.13449389 -0.06358169 0.18968235 -0.12883198 -0.06392016 0.18117474 -0.10875133 -0.08195838 0.16817619 0.05775578 -0.10089931 0.17648728 -0.0974692 -0.14828905 0.17110468 -0.09738955 -0.17884478 0.17506658 -0.09741943 -0.28115559 0.17185189 -0.09736753 -0.51830047 0.1727611 -0.09749637 -0.55702692 0.17534949 -0.0966055 -0.55691016 0.17262758 -0.05327208 -0.06290786 0.17905973 0.09396467 -0.06332885 0.17814089 0.10842209 -0.07669826 0.18925352 -0.09753251 -0.081949 0.18015631 -0.01579542 -0.44634935 0.17809685 -0.0974716 -0.54385114 0.19552825 -0.09754694 -0.55683327 0.1820638 0.0078271 -0.55686343 0.18520109 0.03806993 -0.55689001 0.17646833 0.06376373 -0.55704713 0.1842093 0.08612302 -0.06288233 0.18212198 0.09067424 -0.06315088 0.18093644 0.09988581 -0.06349003 0.19396453 -0.13449702 -0.06421235 0.19027577 -0.09864977 -0.06504154 0.18223055 -0.09619249 -0.06504154 0.18223055 -0.09619249 -0.06338233 0.18912502 0.11157234 -0.08199629 0.19095533 -0.0635329 -0.08201173 0.1830395 -0.03600304 -0.08202974 0.18832381 -0.04810825 -0.08199108 0.17755185 0.02730712 -0.08204797 0.18656112 0.05652981 -0.08214805 0.18587773 0.06616419 -0.08217637 0.18017031 0.07487211 -0.08166346 0.18218546 0.0891003 -0.22446018 0.1769114 -0.09740566 -0.26299566 0.18221749 -0.09741233 -0.32675841 0.17667066 -0.09737336 -0.49941024 0.17668433 -0.09748458 -0.55510241 0.17789321 -0.09773577 -0.55685914 0.19653197 -0.09769131 -0.55685914 0.19653197 -0.09769131 -0.55713415 0.1880454 0.08913754 -0.06751502 0.18229426 -0.09617329 -0.06367616 0.18136828 0.13479604 -0.06981653 0.18795086 -0.09736204 -0.08175004 0.18144642 -0.08575681 -0.08193353 0.19461755 -0.07638521 -0.08227521 0.18135123 0.08623256 -0.08240855 0.18148576 0.08858913 -0.12340768 0.1849006 -0.09747405 -0.1572676 0.18264206 -0.09744621 -0.39808246 0.18412532 -0.09747764 -0.55694664 0.18509676 -0.08257593 -0.55690664 0.18304725 -0.0686363 -0.55683517 0.18606986 -0.01498347 -0.05875902 0.19480328 -0.13442987 -0.06371617 0.19817196 -0.11308562 -0.07213196 0.19421642 -0.09752543 -0.08199801 0.19450204 1.508E-05 -0.08199212 0.18786706 0.01374417 -0.19063796 0.18914653 -0.09750827 -0.22179697 0.18694218 -0.09747613 -0.2966969 0.18820553 -0.09745139 -0.34731442 0.18748407 -0.09746431 -0.44381583 0.18851398 -0.09751284 -0.50016022 0.18761463 -0.09754039 -0.52734363 0.18669878 -0.09754395 -0.55688006 0.1883489 -0.04923948 -0.06412402 0.19489782 -0.09898289 -0.0650823 0.18656947 -0.09590152 -0.0650823 0.18656947 -0.09590152 -0.06728064 0.18682612 -0.09587054 -0.0635311 0.20234086 0.13480836 -0.08184034 0.19498239 -0.08555085 -0.08196633 0.1947652 -0.08150067 -0.08207186 0.18962179 0.03393448 -0.08237217 0.19140191 0.07542222 -0.0823736 0.18637906 0.07998283 -0.08275455 0.18640687 0.08847968 -0.55496407 0.19502755 -0.09769003 -0.55717039 0.20232253 -0.09663128 -0.06324321 0.1953658 0.09763394 -0.06309251 0.19290201 0.09069812 -0.0647139 0.19090454 -0.09622708 -0.06571634 0.18821515 -0.09429324 -0.06544937 0.19114245 -0.0938787 -0.06571634 0.18821515 -0.09429324 -0.06599021 0.19121541 -0.09389382 -0.06544937 0.19114245 -0.0938787 -0.0644848 0.18189766 0.0893524 -0.06381968 0.18707721 0.08935693 -0.06534128 0.19213887 0.08921966 -0.06339434 0.20425244 0.12251426 -0.0822131 0.19493182 -0.08817607 -0.08222908 0.19452076 -0.04130274 -0.08206204 0.19453667 -0.01588116 -0.08202232 0.19118266 0.06014909 -0.08263607 0.19054912 0.08352087 -0.08295304 0.19148688 0.08591032 -0.08327939 0.19157214 0.08832054 -0.55701691 0.19665276 -0.09245534 -0.55689883 0.19463681 0.07672425 -0.55698717 0.20180307 0.08603762 -0.06367098 0.20684092 -0.12775862 -0.06471272 0.1953622 -0.09635088 -0.06544597 0.19557269 -0.09381507 -0.06544597 0.19557269 -0.09381507 -0.06600851 0.19562317 -0.09383375 -0.06354681 0.19574197 0.08936255 -0.06342673 0.20775281 0.12914672 -0.06960115 0.19561376 -0.09747426 -0.08281137 0.19735886 -0.09761618 -0.08210066 0.19472046 -0.06360819 -0.08205214 0.1958328 -0.07082251 -0.08266839 0.19555776 -0.06300462 -0.08309156 0.19541751 -0.0475781 -0.08299513 0.19547965 -0.02882705 -0.08283696 0.19539846 -0.00742096 -0.08283696 0.19539846 -0.00742096 -0.08199801 0.19450204 1.508E-05 -0.08306231 0.1953214 0.01199201 -0.08198708 0.19452842 0.02299942 -0.08306231 0.1953214 0.01199201 -0.08254424 0.19542427 0.03175989 -0.08198927 0.19454502 0.03865274 -0.08265601 0.19538768 0.04907482 -0.08190206 0.19447576 0.05522881 -0.08265601 0.19538768 0.04907482 -0.08190206 0.19447576 0.05522881 -0.08319765 0.19531257 0.05651697 -0.08191383 0.1944368 0.06329327 -0.08191383 0.1944368 0.06329327 -0.08375768 0.19533275 0.06095176 -0.08380947 0.19526173 0.07629316 -0.08246164 0.19432454 0.07932703 -0.08246164 0.19432454 0.07932703 -0.08393781 0.19530071 0.08179852 -0.08276379 0.19399719 0.08451684 -0.08394979 0.19474275 0.08591095 -0.08276379 0.19399719 0.08451684 -0.08394979 0.19474275 0.08591095 -0.08768608 0.19540487 0.07361576 -0.08736993 0.1956812 0.08182961 -0.08739832 0.19563057 0.08603022 -0.08440363 0.19501387 0.08839072 -0.08440363 0.19501387 0.08839072 -0.08760577 0.19571333 0.08826019 -0.08801039 0.19541471 -0.06216909 -0.08812608 0.19531815 -0.04658185 -0.09459731 0.19531174 -0.04128594 -0.08764954 0.19536187 -0.01904984 -0.08520284 0.19532605 0.00807872 -0.09348139 0.19531731 0.00729844 -0.0886374 0.19537653 0.03419983 -0.08674158 0.19534875 0.04570321 -0.09367143 0.19534801 0.06002658 -0.09344539 0.19533585 0.07774193 -0.09191334 0.19541697 0.08234687 -0.09170227 0.1953014 0.08603084 -0.10545345 0.1966811 -0.09754226 -0.09916304 0.19535555 -0.06377587 -0.10039648 0.1952541 0.00969239 -0.09941274 0.19525315 0.0421432 -0.10448268 0.19480462 0.08595356 -0.10431273 0.19494058 0.08811642 -0.10579741 0.19520326 -0.03303739 -0.11068268 0.19504364 0.0583021 -0.10762383 0.1949286 0.08180921 -0.10882486 0.19522704 -0.06563784 -0.1077846 0.19512762 0.03466317 -0.11094056 0.19492845 0.07430235 -0.12186503 0.19510104 -0.05707037 -0.11978063 0.19511415 -0.04157089 -0.1243313 0.19510157 -0.0194347 -0.11460152 0.19512714 0.00125508 -0.12282713 0.19504996 0.01781951 -0.12370685 0.19495524 0.05179031 -0.12409654 0.19466062 0.08207017 -0.12214212 0.19453509 0.0882255 -0.10431273 0.19494058 0.08811642 -0.10611999 0.19530399 0.08821511 -0.12214212 0.19453509 0.0882255 -0.12832968 0.19468848 0.07721819 -0.1224276 0.19453187 0.08602026 -0.13110922 0.19483294 0.0885511 -0.1305535 0.1950459 -0.05312827 -0.13689867 0.19477917 0.06942065 -0.13437119 0.19499679 0.02384619 -0.14870958 0.19706018 -0.09758644 -0.13592906 0.19509207 -0.06862575 -0.14060825 0.19503464 -0.04579752 -0.14481091 0.19506754 -0.01376787 -0.13791659 0.19493707 0.0497162 -0.14103928 0.19487108 0.0604099 -0.15321459 0.19442131 0.08825816 -0.15321459 0.19442131 0.08825816 -0.1620338 0.19442354 0.08626407 -0.14840469 0.19501562 -0.05652219 -0.15121542 0.19497027 0.0395547 -0.16282725 0.19502954 -0.04144856 -0.15801166 0.19501127 0.02214454 -0.16863126 0.1946923 0.07439099 -0.16202384 0.19482107 0.08849493 -0.16287264 0.19492199 0.05369915 -0.17829178 0.19484057 0.06113945 -0.16707233 0.19513263 -0.06930846 -0.17228261 0.1950293 -0.05815485 -0.18023239 0.19502161 -0.01781467 -0.17591199 0.19500686 0.01215566 -0.17515485 0.19462408 0.08192757 -0.1917496 0.19612761 -0.09757977 -0.18945621 0.19491477 0.04726717 -0.18868065 0.19448526 0.08820383 -0.18868065 0.19448526 0.08820383 -0.19380593 0.19495226 0.03045608 -0.20029904 0.1950642 -0.06406115 -0.19940166 0.19499506 -0.03605215 -0.18482897 0.19492252 0.08842658 -0.19974867 0.1949888 -0.05101725 -0.21093453 0.19499023 -0.01446877 -0.21499109 0.19474186 0.06667167 -0.21116154 0.19455831 0.08207247 -0.21201953 0.19440268 0.08603013 -0.21480301 0.19486983 0.088478 -0.21084863 0.19499062 0.00941116 -0.22608316 0.19505893 -0.06200952 -0.25015783 0.19502355 -0.05054541 -0.21757486 0.19491906 0.03581712 -0.22188315 0.19442196 0.08823502 -0.22188315 0.19442196 0.08823502 -0.22509891 0.19500221 -0.03845675 -0.23591721 0.19496377 0.02490021 -0.24040084 0.19484206 0.05467158 -0.23333819 0.19464417 0.07468757 -0.2296309 0.19500752 -0.01716043 -0.24946046 0.19490971 0.04454524 -0.25316867 0.19444729 0.08603723 -0.24285042 0.19691451 -0.09756081 -0.24849212 0.19495316 0.08838466 -0.25038174 0.19501995 0.00225596 -0.25192478 0.19459994 0.08214173 -0.25242928 0.19452544 0.08818437 -0.25242928 0.19452544 0.08818437 -0.27010876 0.19503357 -0.035597 -0.27065125 0.19471206 0.06825467 -0.26100597 0.19508655 -0.06504642 -0.26414564 0.19497021 0.02801056 -0.26663634 0.19648989 -0.09752592 -0.26770797 0.19502546 -0.01002346 -0.28503317 0.19458549 0.07781748 -0.28655481 0.19488777 0.05052827 -0.30116397 0.19476922 0.06332679 -0.29547757 0.19453864 0.08813611 -0.29547757 0.19453864 0.08813611 -0.28563243 0.19507201 -0.06034948 -0.28318563 0.1950229 -0.00181854 -0.28927726 0.19499893 0.01573014 -0.2909306 0.19495209 0.03882422 -0.29572934 0.19496413 0.0882756 -0.3044138 0.19504283 -0.05728037 -0.30798313 0.19502409 -0.01477546 -0.30589071 0.19695665 -0.09752597 -0.31077817 0.19508041 -0.07003224 -0.31055441 0.19497229 0.03522582 -0.30778429 0.19455867 0.08193707 -0.31024727 0.19438393 0.08602726 -0.30727765 0.19503944 -0.03708502 -0.30727893 0.19498791 0.01222293 -0.31967336 0.19500287 -0.0495646 -0.32747626 0.19503053 0.00418504 -0.3328442 0.19499357 0.02434725 -0.32611859 0.19490524 0.05072777 -0.32845613 0.19461335 0.07782374 -0.33381251 0.1950068 -0.04258536 -0.34032127 0.19460569 0.08813587 -0.34032127 0.19460569 0.08813587 -0.33902809 0.19698171 -0.09754325 -0.33206487 0.19477589 0.06582552 -0.33923602 0.19460784 0.08206178 -0.33450225 0.19500913 -0.0611091 -0.3510524 0.1951385 0.08830036 -0.34131646 0.19504969 -0.01359373 -0.3360185 0.19505791 -0.06999027 -0.34295797 0.19499697 -0.05208627 -0.34513122 0.19491424 0.05123186 -0.34546131 0.19441728 0.08606143 -0.35646868 0.19509007 0.01124072 -0.35509577 0.19511877 -0.06993798 -0.35864115 0.19508632 -0.06150633 -0.35513771 0.1950656 -0.0294843 -0.35575241 0.1949981 0.03918447 -0.36558968 0.19484235 0.06730735 -0.36125004 0.19469394 0.077728 -0.36387807 0.19514389 -0.00240706 -0.36666113 0.19509606 -0.05110025 -0.37573677 0.19474231 0.08212414 -0.37548745 0.19458757 0.08611415 -0.3704921 0.19467671 0.08830275 -0.3704921 0.19467671 0.08830275 -0.38522875 0.19698976 -0.09755451 -0.37078065 0.19513811 -0.02905346 -0.36867857 0.19509204 0.02660476 -0.37818846 0.19505347 0.04481749 -0.37746534 0.19519143 0.00568816 -0.37633961 0.194977 0.05651623 -0.37971094 0.19519524 0.08866146 -0.3784993 0.19520058 -0.06569076 -0.38843104 0.19520305 -0.01551937 -0.38323811 0.19517453 -0.04806625 -0.38656697 0.1951346 0.02799936 -0.39859751 0.19486882 0.07033895 -0.41068304 0.19518878 -0.06946254 -0.40109384 0.19517435 -0.05849668 -0.40132418 0.19519894 0.00578184 -0.40980971 0.19479914 0.07770936 -0.39951485 0.19519173 -0.03812777 -0.40471822 0.1950521 0.04783861 -0.41790003 0.19494815 0.06359406 -0.41243804 0.19472669 0.08827563 -0.41243804 0.19472669 0.08827563 -0.41869617 0.19520529 -0.00975759 -0.40445948 0.19512348 0.0271244 -0.41454318 0.19462903 0.08611183 -0.39999682 0.19524337 0.08857745 -0.42777494 0.19515271 -0.04947487 -0.42581254 0.19515271 0.01529734 -0.43880999 0.19484295 0.0819754 -0.42707381 0.19515724 -0.06369974 -0.4376525 0.19518103 -0.02623098 -0.4301399 0.19508831 0.03816205 -0.43273139 0.19535701 0.08864185 -0.44057634 0.19501431 0.05457689 -0.44102913 0.19484667 0.08833474 -0.44102913 0.19484667 0.08833474 -0.43596345 0.19701247 -0.09755167 -0.45081604 0.19511338 -0.0446927 -0.44708377 0.19473647 0.08599941 -0.44093433 0.19518031 -0.0706721 -0.45282194 0.19511522 -0.06646769 -0.46598011 0.1948355 0.07771569 -0.45095184 0.19510324 0.02622316 -0.46324307 0.1950203 0.04809152 -0.45344543 0.19517584 -0.01199681 -0.4688791 0.19510062 0.00770567 -0.47384739 0.1949224 0.06685649 -0.47650373 0.19504948 -0.05564702 -0.46972254 0.19510491 -0.02844514 -0.4917649 0.19482301 0.08192842 -0.48851639 0.19501211 0.02813406 -0.47044501 0.19531737 0.08866608 -0.47701716 0.19512083 -0.07032977 -0.47848606 0.19509025 -0.01083832 -0.48176467 0.19475116 0.08839093 -0.48176467 0.19475116 0.08839093 -0.48568439 0.19470908 0.0861557 -0.47848484 0.19707461 -0.09759346 -0.48781633 0.19497286 0.0512355 -0.48170882 0.19533019 0.08881567 -0.49708992 0.19498463 -0.03802299 -0.50465226 0.19491018 0.06936073 -0.49987304 0.19499274 -0.00415183 -0.50803339 0.20001657 -0.09762796 -0.50571537 0.19501568 -0.06273038 -0.49869889 0.19530492 0.08931796 -0.51096553 0.19473435 0.08882509 -0.49869889 0.19530492 0.08931796 -0.51081723 0.19493736 0.04416543 -0.51305658 0.19493298 0.05990629 -0.5152843 0.19491453 -0.03676113 -0.51778185 0.19486015 0.08157176 -0.51161653 0.19532739 0.08954148 -0.53220665 0.19662006 -0.09753136 -0.51379484 0.19494621 0.00860783 -0.52262533 0.19489922 0.00589202 -0.52584875 0.19493543 0.03081413 -0.52408779 0.19490828 0.05122536 -0.52187198 0.19499676 -0.07171933 -0.52444363 0.19486268 -0.0242168 -0.53325129 0.19497801 0.06476203 -0.52787912 0.19487436 0.08884017 -0.53312725 0.19503851 -0.06428169 -0.52846587 0.1948749 -0.03360596 -0.53575647 0.19497718 0.07660306 -0.5350275 0.19497193 0.08447489 -0.53999925 0.19573061 0.089829 -0.53247976 0.19488485 -0.00346919 -0.53229755 0.19492574 0.04348786 -0.53995156 0.19486679 -0.0372718 -0.54001892 0.19494696 0.02515651 -0.54008245 0.19488941 0.05265981 -0.54007053 0.1952488 0.08895449 -0.54017371 0.19495057 -0.0570858 -0.53997934 0.19482271 -0.0072746 -0.54021335 0.19496156 0.07537762 -0.54031372 0.19517075 0.0842807 -0.54274827 0.19432135 -0.05251611 -0.54265809 0.19444756 -0.05749784 -0.5427618 0.19426791 0.00610624 -0.54264188 0.19430183 0.02821337 -0.54264623 0.19427763 0.0504666 -0.5428561 0.1943527 0.07634893 -0.54298353 0.19455229 0.08545738 -0.54288661 0.19447856 0.08895369 -0.54355294 0.19514664 0.08990446 -0.54366016 0.19490834 -0.07450806 -0.54333305 0.19468798 -0.07079361 -0.54347211 0.19371955 -0.06642647 -0.54306775 0.19432975 -0.06421894 -0.54347402 0.19210859 -0.06504019 -0.55688941 0.19515647 -0.07130912 -0.55690241 0.19669686 -0.05183776 -0.55684358 0.19467242 -0.01775801 -0.55687392 0.19716801 0.01104443 -0.55690348 0.19667418 0.0496718 -0.55699843 0.20858537 0.09012589 -0.04173553 0.21935968 -0.13429421 -0.0637939 0.20257805 -0.10237023 -0.06400847 0.1989914 -0.098876 -0.06498477 0.19926022 -0.09628762 -0.06568225 0.19833072 -0.09429625 -0.06568225 0.19833072 -0.09429625 -0.06498477 0.19926022 -0.09628762 -0.06701419 0.19918431 -0.09622842 -0.06323713 0.20841716 0.09478155 -0.06334335 0.20455484 0.11174951 -0.06945817 0.19863875 -0.09766588 -0.08264366 0.19704391 -0.08806869 -0.08238716 0.19666471 -0.08528513 -0.08217713 0.19622917 -0.08036858 -0.08217713 0.19622917 -0.08036858 -0.08205214 0.1958328 -0.07082251 -0.08410868 0.19584687 -0.07628915 -0.08266839 0.19555776 -0.06300462 -0.08264366 0.19704391 -0.08806869 -0.08238716 0.19666471 -0.08528513 -0.09091619 0.1960036 -0.08567938 -0.09365655 0.19624563 -0.08822198 -0.08964613 0.19577368 -0.08097945 -0.08860502 0.19565015 -0.07643476 -0.08309156 0.19541751 -0.0475781 -0.08299513 0.19547965 -0.02882705 -0.08254424 0.19542427 0.03175989 -0.08766125 0.20004551 -0.09770967 -0.10493653 0.19571353 -0.08575504 -0.10618533 0.19549234 -0.08038758 -0.09149273 0.19613425 0.08831064 -0.12525745 0.1958708 -0.08818642 -0.13608833 0.19534989 -0.08144222 -0.13760918 0.19553773 -0.08576196 -0.15485248 0.1952116 -0.07486138 -0.15671481 0.1958058 -0.08821285 -0.16259569 0.19535016 -0.08170973 -0.18051398 0.19546129 -0.08585546 -0.1856678 0.19569121 -0.08823535 -0.21409222 0.19534196 -0.08169207 -0.20247324 0.1952173 -0.07460897 -0.21746522 0.19547932 -0.08574477 -0.22748296 0.19566797 -0.08816243 -0.22522636 0.19518624 -0.07326597 -0.22311361 0.2006426 -0.09766725 -0.25438979 0.1952035 -0.07481558 -0.24702644 0.19538982 -0.08350802 -0.26475471 0.19552375 -0.08832002 -0.2984671 0.1951858 -0.0768369 -0.29715466 0.19526942 -0.08171959 -0.28588104 0.19553854 -0.08835267 -0.30648988 0.19538151 -0.08573928 -0.33245978 0.19551761 -0.08835715 -0.34530124 0.19521041 -0.08068295 -0.34761357 0.19536962 -0.08575715 -0.3794384 0.19536389 -0.08076277 -0.37353909 0.19558437 -0.08836116 -0.39710784 0.19560097 -0.08839175 -0.39880285 0.19526289 -0.0745962 -0.43803683 0.19535084 -0.08171804 -0.42321944 0.19562764 -0.0884305 -0.43473524 0.19526888 -0.07751118 -0.44773632 0.19570749 -0.08841674 -0.44900036 0.19553272 -0.08597156 -0.4984377 0.19528286 -0.08031175 -0.49908668 0.19572233 -0.08836269 -0.5002197 0.19549464 -0.08576028 -0.49889877 0.19513942 -0.0735891 -0.51468349 0.19519196 -0.08080754 -0.52348083 0.19524322 -0.08585481 -0.52365386 0.1954733 -0.08829698 -0.53193778 0.19517697 -0.07820521 -0.53788263 0.19539483 -0.08524203 -0.53988814 0.19578005 -0.08838063 -0.54008353 0.1951196 -0.07612213 -0.54211998 0.19494931 -0.05906171 -0.54407924 0.19572239 -0.08795158 -0.54398346 0.19536464 -0.08087455 -0.5429101 0.19511975 -0.07357445 -0.54366016 0.19490834 -0.07450806 -0.55518723 0.20675682 -0.0979104 -0.55693948 0.20310228 -0.06800267 -0.55692911 0.20077972 -0.03191815 -0.55698788 0.20652555 0.07347877 -0.55711532 0.20680471 0.08886333 -0.06325772 0.20528419 0.09072387 -0.06370389 0.21025763 -0.13264239 -0.063593 0.2120765 -0.13436961 -0.06456311 0.20312051 -0.0987896 -0.06511267 0.20160453 -0.09707121 -0.06663693 0.20141487 -0.09702756 -0.06511267 0.20160453 -0.09707121 -0.06456311 0.20312051 -0.0987896 -0.06795304 0.20295782 -0.09804904 -0.06391931 0.20232446 0.08932854 -0.07356541 0.20233352 -0.09802759 -0.10864274 0.20282452 -0.09768017 -0.17511794 0.20279039 -0.09769259 -0.26123941 0.20667677 -0.09769742 -0.28342918 0.20271339 -0.09761059 -0.35218376 0.20273148 -0.09762172 -0.42019182 0.2027116 -0.09760131 -0.47000629 0.20270364 -0.09765588 -0.53705215 0.20187505 -0.09761322 -0.55702412 0.203272 -0.09330478 -0.55692756 0.20303868 0.0113918 -0.55695093 0.20306613 0.0506513 -0.05936377 0.21709768 -0.13431184 -0.063593 0.2120765 -0.13436961 -0.06361549 0.21741854 -0.12373687 -0.06360517 0.21093504 -0.11083103 -0.06366079 0.20653971 -0.10236418 -0.06466532 0.20695896 -0.09899707 -0.06789094 0.20713867 -0.09831071 -0.06466532 0.20695896 -0.09899707 -0.07259424 0.20707862 -0.09838031 -0.07800578 0.20692663 -0.09817623 -0.10911733 0.20667534 -0.09780309 -0.16507684 0.20681925 -0.09780818 -0.21938775 0.20667537 -0.09783614 -0.31022927 0.20682622 -0.09770475 -0.35168558 0.20671745 -0.09773198 -0.41275272 0.20682581 -0.09767778 -0.49390438 0.20672227 -0.09778408 -0.53730595 0.20880385 -0.09776378 -0.55698907 0.20877896 -0.09785783 -0.55723476 0.2087902 -0.09669484 -0.55698907 0.20877896 -0.09785783 -0.55710483 0.20881476 -0.09225057 -0.55702943 0.20858611 -0.06136601 -0.55705315 0.20693822 -0.04502891 -0.55701244 0.20677291 0.05279025 -0.04216483 0.2246594 -0.13443525 -0.06329906 0.20901667 0.088901 -0.06361097 0.20927472 -0.10228105 -0.06425956 0.20926474 -0.09872143 -0.06788301 0.20889343 -0.09811144 -0.06425956 0.20926474 -0.09872143 -0.07724634 0.20862068 -0.09798889 -0.09907939 0.20848434 -0.09779567 -0.13400772 0.20829166 -0.09776431 -0.20586561 0.20841308 -0.09781702 -0.2551915 0.20852317 -0.09769639 -0.30266097 0.20860125 -0.09770365 -0.35770988 0.20859863 -0.09771433 -0.42194203 0.20863862 -0.09767024 -0.48328346 0.20863344 -0.09774533 -0.5218122 0.20869614 -0.09773372 -0.5570063 0.20852502 -0.01484924 -0.55695689 0.20857356 0.04090712 -0.55698931 0.2086582 0.07713225 -0.06352484 0.2120056 -0.09936374 -0.06339909 0.20965539 -0.09786641 -0.06345634 0.21534951 -0.09809337 -0.06322864 0.20959131 -0.09219868 -0.06313089 0.20970781 0.08529556 -0.06318893 0.2131225 0.08988975 -0.06354924 0.2257912 0.13481194 -0.0633934 0.21587186 -0.08922955 -0.0634075 0.21915512 -0.09166709 -0.06323858 0.20939 -0.08330564 -0.06335926 0.21740763 -0.06316301 -0.06337418 0.21947177 -0.04711813 -0.06311031 0.20940955 -0.06138031 -0.06315054 0.20941977 -0.04663022 -0.06301494 0.20945318 -0.03398579 -0.06319955 0.21647115 -0.03256451 -0.06312597 0.20940627 -0.00440229 -0.06329012 0.2163731 -0.00644883 -0.06311952 0.219346 0.02359743 -0.06287864 0.20959155 0.02544751 -0.06304379 0.21631612 0.04668896 -0.06294569 0.20965771 0.05918535 -0.06314559 0.21923231 0.06438216 -0.06322107 0.20966686 0.07326134 -0.06325845 0.21506871 0.07906172 -0.06325729 0.21932237 0.07636393 -0.06329761 0.22407304 0.09496377 -0.06335789 0.22551127 -0.13431105 -0.06354009 0.22551344 -0.13234128 -0.06362517 0.22095047 -0.12177391 -0.06330664 0.22104163 0.11299355 -0.05926768 0.2265694 -0.13435289 -0.06349717 0.22339399 -0.0493485 -0.06350332 0.22224994 -0.06764469 -0.06324258 0.22071166 -0.03197434 -0.06334257 0.22379591 -0.03526394 -0.06331508 0.2199737 -0.00804861 -0.06340399 0.22349249 -0.00322343 -0.06324163 0.22468136 0.02499646 -0.06308582 0.22019328 0.04934336 -0.06351829 0.22451587 -0.10030068 -0.06338532 0.2270218 0.0759237 -0.06341924 0.22943483 0.12836304 -0.04215264 0.23040228 -0.13453859 -0.0622839 0.23074378 -0.13445672 -0.06335789 0.22551127 -0.13431105 -0.06360024 0.2267931 -0.0653844 -0.06335281 0.23041151 -0.03352523 -0.06349567 0.23061703 -0.00686961 -0.06323035 0.22679321 0.0556381 -0.04150808 0.2334431 -0.13431405 -0.06320085 0.23322715 -0.13426456 -0.06357449 0.230958 -0.13232717 -0.06320085 0.23322715 -0.13426456 -0.06348747 0.23359536 -0.10810094 -0.06364685 0.23133604 -0.06289203 -0.06333072 0.23332618 0.01932087 -0.06328614 0.23340143 0.05092753 -0.06340903 0.23340933 0.07567404 -0.06326549 0.23347332 0.10173832 -0.06360629 0.23343588 0.13259795 -0.06356928 0.23318933 0.13483259 -0.0458118 0.23361735 -0.13443923 -0.06192817 0.23353998 -0.13438764 -0.06348266 0.23349626 -0.13179779 -0.06361984 0.23347606 -0.06286174 -0.06327844 0.23336257 -0.03454143 -0.06341495 0.23333125 -0.00633825 -0.06345218 0.23348944 0.12532736 -0.06357802 -0.23438461 0.13476487 -0.04226238 -0.22320782 -0.13334921 -0.04187235 -0.22972347 -0.10309374 -0.04176417 -0.22996889 -0.06296529 -0.04165766 -0.22962554 -0.04482903 -0.04158661 -0.22997504 -0.00438884 -0.0419797 -0.22824144 0.13490485 -0.06369334 -0.2292351 0.13488343 -0.06357802 -0.23438461 0.13476487 -0.04214311 -0.2226039 -0.11845176 -0.04184482 -0.22204863 -0.07677747 -0.04186502 -0.21492761 -0.06401041 -0.04171699 -0.2131221 -0.02552351 -0.04164127 -0.21725743 -0.00898934 -0.04155472 -0.21846987 0.00683504 -0.04141137 -0.22366337 0.02205503 -0.04134583 -0.21814634 0.04066664 -0.04127923 -0.22214542 0.05967187 -0.04120669 -0.2207461 0.09006222 -0.04122594 -0.22250722 0.11018761 -0.04129139 -0.22509323 0.12710355 -0.04125273 -0.22435899 0.13279068 -0.04146603 -0.22305675 0.13480289 -0.04146603 -0.22305675 0.13480289 -0.04246983 -0.22248082 -0.13480426 -0.04204389 -0.21650596 -0.10452203 -0.06343517 -0.20426539 0.13482916 -0.04220936 -0.20504324 -0.10919891 -0.04149678 -0.20681493 0.02464809 -0.04129818 -0.21066597 0.07381189 -0.04126909 -0.20849074 0.10050987 -0.04125026 -0.20739424 0.12114812 -0.04131427 -0.2124749 0.13275351 -0.04195455 -0.19927326 0.13478898 -0.042335 -0.21559455 -0.13216576 -0.04199612 -0.20948909 -0.08705837 -0.04206842 -0.19849263 -0.08370069 -0.04193053 -0.204291 -0.06074835 -0.04183605 -0.19950914 -0.03791209 -0.04144946 -0.19989617 0.04795143 -0.04256552 -0.20233418 -0.13466695 -0.04244319 -0.19657715 -0.13259962 -0.04136279 -0.19573092 0.07647922 -0.04123265 -0.18779263 0.13284688 -0.04132801 -0.18808654 0.13465859 -0.04132801 -0.18808654 0.13465859 -0.04234698 -0.198621 -0.11790545 -0.04178479 -0.19032048 -0.01044574 -0.04158691 -0.1912405 0.02395533 -0.04196295 -0.18428673 -0.04644562 -0.04124346 -0.19275196 0.11381109 -0.04208255 -0.18202934 -0.07479608 -0.04151502 -0.18428648 0.03820167 -0.04145142 -0.1704684 0.05420732 -0.04223338 -0.17516235 -0.10426283 -0.04137054 -0.16664557 0.07372538 -0.04129174 -0.17106989 0.09143706 -0.04232559 -0.17202426 -0.11743222 -0.06342922 -0.17356995 0.13483936 -0.04168072 -0.1581482 0.13485752 -0.04161331 -0.16917314 0.02359916 -0.04179969 -0.17694603 -0.00072564 -0.04115444 -0.15646802 0.10755847 -0.04192966 -0.17080382 -0.0250431 -0.08304062 -0.17751993 0.08880417 -0.09757192 -0.17737962 0.08892098 -0.08819157 -0.17769462 0.0886694 -0.11231045 -0.17747542 0.08922765 -0.12583379 -0.17752454 0.08945733 -0.13386959 -0.1780314 0.08941191 -0.13827665 -0.17752096 0.08956166 -0.18604118 -0.17802738 0.0893476 -0.18371491 -0.17752539 0.08951004 -0.23558009 -0.17756461 0.08943306 -0.27171814 -0.17825775 0.08915903 -0.28585458 -0.17767088 0.08925335 -0.34364787 -0.17768671 0.08926792 -0.35196236 -0.17824081 0.08920808 -0.35794508 -0.1777022 0.0894019 -0.37437263 -0.17760368 0.089699 -0.38373458 -0.17810027 0.08966692 -0.38881192 -0.17757341 0.08981499 -0.43185669 -0.17762995 0.0898484 -0.43460315 -0.17814624 0.08972323 -0.47919354 -0.17759718 0.08996105 -0.49370801 -0.17816442 0.08998625 -0.51082379 -0.1776121 0.09025896 -0.53999668 -0.17826429 0.09018165 -0.54349297 -0.17757572 0.09025677 -0.55441988 -0.17834885 0.09037915 -0.04151151 -0.1565156 0.03626111 -0.0411267 -0.16762629 0.12382929 -0.04100883 -0.15819275 0.13288525 -0.06309246 -0.17483248 0.08881398 -0.06430878 -0.17737596 0.08825742 -0.06329772 -0.17771256 0.08850838 -0.06693657 -0.17522821 0.08871292 -0.06814089 -0.17739727 0.08844 -0.06920458 -0.17727725 0.08876452 -0.08125652 -0.17469904 0.08882535 -0.47777644 -0.17499572 0.0898716 -0.504067 -0.17510313 0.09015208 -0.04180616 -0.15812738 0.00238764 -0.04108393 -0.1566081 0.13477197 -0.04108393 -0.1566081 0.13477197 -0.04193118 -0.1533782 -0.01795803 -0.06319629 -0.1615335 0.08883971 -0.07053588 -0.16782376 0.08870371 -0.10660997 -0.16223866 0.08865389 -0.12838088 -0.16209517 0.08920808 -0.13837792 -0.16213048 0.08926255 -0.16187578 -0.16220865 0.08914107 -0.22337332 -0.16237797 0.08917969 -0.23525888 -0.16254731 0.08910896 -0.25852305 -0.16279054 0.08891162 -0.29392403 -0.16295381 0.0887477 -0.34113497 -0.162927 0.08873093 -0.35442916 -0.1629007 0.08884709 -0.37360597 -0.16288221 0.08934957 -0.43855488 -0.16300568 0.08953723 -0.46792531 -0.16292131 0.08961013 -0.48142415 -0.16292785 0.0897198 -0.51138139 -0.16305397 0.09007119 -0.5287205 -0.16316867 0.09006822 -0.53961194 -0.1628269 0.09008697 -0.55020201 -0.16580732 0.09022303 -0.5568133 -0.15866686 0.0903087 -0.55691385 -0.17824657 0.09031257 -0.04239511 -0.14994164 -0.13455388 -0.04227546 -0.14832525 -0.13248858 -0.0421339 -0.15498845 -0.06469417 -0.06568596 -0.16508029 -0.0948209 -0.06806731 -0.16086653 0.08872049 -0.08171302 -0.16396213 0.08862214 -0.09288482 -0.1623913 -0.08792554 -0.09513848 -0.16322686 0.08850867 -0.09408538 -0.16222088 -0.0830342 -0.09924172 -0.16235569 -0.08802689 -0.10442159 -0.16221769 -0.07857472 -0.1217342 -0.16280174 -0.08826165 -0.11834334 -0.16210417 0.08900818 -0.15539232 -0.16310489 -0.0883421 -0.17180705 -0.16287318 -0.08302851 -0.18187477 -0.16315912 -0.08832319 -0.19129744 -0.16228008 0.08927007 -0.21458465 -0.16286094 -0.08200141 -0.21525654 -0.16316865 -0.08831613 -0.21471964 -0.16299863 -0.08583297 -0.21682674 -0.16259277 -0.06958371 -0.23598258 -0.16334945 -0.08839704 -0.25420046 -0.16345514 -0.08848979 -0.27432722 -0.1634905 -0.0884921 -0.31187215 -0.16306403 -0.07623349 -0.31544235 -0.16334875 -0.08853127 -0.31367612 -0.1631342 -0.0816328 -0.34151682 -0.1630756 -0.08298436 -0.35182741 -0.163302 -0.08852115 -0.38640621 -0.16308723 -0.08184135 -0.3736428 -0.16325709 -0.08852242 -0.39819694 -0.16303952 -0.07508905 -0.38884279 -0.16293356 0.08956045 -0.4059667 -0.16320974 -0.08855765 -0.42878726 -0.16309762 -0.08163519 -0.43515822 -0.16299181 -0.07408372 -0.43475217 -0.16325195 -0.08852915 -0.48935041 -0.16314803 -0.08852167 -0.48473805 -0.1629571 -0.08167712 -0.47463283 -0.16291317 -0.07514763 -0.49480408 -0.16300867 -0.08590668 -0.51786143 -0.16273212 -0.0823151 -0.52366734 -0.1627813 -0.08839296 -0.52930903 -0.16280369 -0.07713828 -0.53877234 -0.1627492 -0.08441839 -0.54209757 -0.16257787 -0.08820426 -0.54271072 -0.16270252 -0.07976356 -0.04218581 -0.14375843 -0.08084301 -0.04210654 -0.15664493 -0.04930274 -0.0420368 -0.15721294 -0.03393302 -0.08194625 -0.16201197 -0.08145688 -0.08383895 -0.16211164 -0.05047439 -0.08224277 -0.16193639 -0.06526469 -0.08211657 -0.16174541 -0.04082408 -0.08373226 -0.16214715 -0.01372091 -0.08193456 -0.16173187 -0.00866058 -0.08213395 -0.16160427 0.03116073 -0.08390075 -0.16198863 0.02991492 -0.08390465 -0.16188246 0.05280527 -0.08210391 -0.16152048 0.05544141 -0.0838732 -0.16191544 0.06698243 -0.08225164 -0.16151823 0.07006941 -0.08372504 -0.161906 0.08109142 -0.08224188 -0.16157685 0.08437435 -0.08368948 -0.16181445 0.08584981 -0.08191332 -0.16203609 0.08851148 -0.08403468 -0.16226692 0.08830802 -0.08184442 -0.16193487 -0.08818191 -0.09050505 -0.16200863 -0.08839931 -0.08467723 -0.16268787 -0.0879413 -0.08795039 -0.16202757 0.00947414 -0.08804324 -0.16194972 0.0678333 -0.08802094 -0.16205335 0.08122155 -0.08762726 -0.1620402 0.08603337 -0.08883463 -0.16223435 0.08825175 -0.08883463 -0.16223435 0.08825175 -0.08403468 -0.16226692 0.08830802 -0.09050505 -0.16200863 -0.08839931 -0.09224375 -0.16201188 -0.05350701 -0.09349114 -0.16198897 -0.00071741 -0.0934508 -0.16190377 0.03328926 -0.09361894 -0.16191256 0.08172899 -0.09227508 -0.16182169 0.08590233 -0.10234118 -0.16198891 0.00023545 -0.10006493 -0.16189109 0.06166874 -0.10514748 -0.16187383 0.08830428 -0.10514748 -0.16187383 0.08830428 -0.10747179 -0.16209932 -0.05477931 -0.11247429 -0.16208093 -0.03154159 -0.10576463 -0.16201973 -0.02040954 -0.1046685 -0.1619159 0.03533204 -0.10847548 -0.16182767 0.08200157 -0.1086999 -0.16208625 -0.08861977 -0.11544822 -0.1619992 0.0279852 -0.11139202 -0.16192825 0.05954809 -0.10660997 -0.16223866 0.08865389 -0.11959921 -0.16216099 -0.04077511 -0.11489859 -0.16206962 -0.00326013 -0.11834334 -0.16210417 0.08900818 -0.12322557 -0.16200492 0.06360619 -0.13173126 -0.16234137 -0.05935623 -0.14065771 -0.16225235 -0.02454591 -0.12733363 -0.1621307 0.01086429 -0.1274133 -0.16179013 0.08867142 -0.1086999 -0.16208625 -0.08861977 -0.13073771 -0.1622481 -0.08886047 -0.1217342 -0.16280174 -0.08826165 -0.13905589 -0.16199858 0.08175351 -0.12838088 -0.16209517 0.08920808 -0.13790119 -0.1621168 0.02948031 -0.13758883 -0.16206644 0.06608428 -0.13660392 -0.16228746 -0.04120477 -0.14229485 -0.16210251 0.04773197 -0.13837792 -0.16213048 0.08926255 -0.14633271 -0.16223063 -0.0008692 -0.16191661 -0.16191794 0.08609264 -0.16335467 -0.16240282 -0.08895095 -0.15617391 -0.16238548 -0.05333276 -0.16590512 -0.16219781 0.02106455 -0.16428746 -0.16206604 0.08195736 -0.15539232 -0.16310489 -0.0883421 -0.17126594 -0.16226162 0.00530594 -0.16187578 -0.16220865 0.08914107 -0.16149645 -0.16230877 -0.03166952 -0.16503066 -0.16251762 -0.06581169 -0.17205669 -0.16214544 0.0600645 -0.17073309 -0.16189396 0.08860137 -0.18792731 -0.1623226 -0.01360711 -0.18734735 -0.16217344 0.04393588 -0.18187477 -0.16315912 -0.08832319 -0.18454863 -0.16239814 -0.05487994 -0.19755226 -0.16208273 0.08181842 -0.18640009 -0.16243684 -0.08890145 -0.18931575 -0.16236162 -0.04310532 -0.19045813 -0.16221014 0.02676436 -0.19129744 -0.16228008 0.08927007 -0.19920935 -0.16228247 0.00840347 -0.20469034 -0.16219361 0.06100958 -0.21736169 -0.16198966 0.08596325 -0.20338312 -0.16235398 -0.02697836 -0.21525654 -0.16316865 -0.08831613 -0.2177009 -0.16198641 0.08862308 -0.20805699 -0.16249208 -0.06279641 -0.20995468 -0.16240296 -0.05294612 -0.21397196 -0.16225567 0.02815415 -0.21990226 -0.16214812 0.08212397 -0.22337332 -0.16237797 0.08917969 -0.22148801 -0.16246222 -0.08889343 -0.21974124 -0.162411 -0.04072729 -0.22059804 -0.16238661 -0.0099404 -0.21980345 -0.16224758 0.04613097 -0.22659534 -0.162294 0.05985396 -0.23624884 -0.16259116 -0.05620405 -0.22731164 -0.16233571 0.02481613 -0.23780042 -0.16253836 -0.0304696 -0.23150066 -0.16243616 0.00211086 -0.23794976 -0.16240302 0.04323918 -0.23598258 -0.16334945 -0.08839704 -0.25983456 -0.16243292 0.08845614 -0.23525888 -0.16254731 0.08910896 -0.25116754 -0.16245474 0.08230275 -0.25041166 -0.16259439 -0.00136923 -0.24957843 -0.16251715 0.02665201 -0.25049803 -0.1625078 0.05898995 -0.25523153 -0.16255124 -0.08920178 -0.25975531 -0.16255593 0.04279209 -0.25992948 -0.16241775 0.08611484 -0.25852305 -0.16279054 0.08891162 -0.25420046 -0.16345514 -0.08848979 -0.26137578 -0.16277857 -0.05827332 -0.25611877 -0.16267219 -0.02848671 -0.26413336 -0.16253468 0.08217876 -0.2641989 -0.16272673 -0.04199076 -0.26406002 -0.16264422 0.00559988 -0.28378412 -0.16262947 0.05561973 -0.2682319 -0.16260071 0.06309929 -0.29392403 -0.16295381 0.0887477 -0.28145289 -0.16286093 -0.06129494 -0.28221393 -0.16277501 -0.05146113 -0.28452903 -0.16272941 -0.02764088 -0.27825999 -0.16267751 -0.00457872 -0.27515447 -0.16262431 0.01359741 -0.28756168 -0.16262071 0.0393043 -0.2931594 -0.16262193 0.06959532 -0.27432722 -0.1634905 -0.0884921 -0.30012375 -0.16248566 0.08602008 -0.29216811 -0.16265489 0.00595415 -0.29435629 -0.16250335 -0.08925962 -0.31286433 -0.16266569 0.02126743 -0.30373397 -0.16262655 0.08197986 -0.33074665 -0.16280255 -0.05928788 -0.31651971 -0.16276748 -0.05102903 -0.30919576 -0.16274975 -0.03825974 -0.31208465 -0.16272567 -0.00788222 -0.31544235 -0.16334875 -0.08853127 -0.32119244 -0.16262205 0.07465674 -0.30803686 -0.16257805 0.08838464 -0.31819379 -0.16265565 0.04684089 -0.3199023 -0.16274635 -0.01956917 -0.32780811 -0.16266808 0.05849409 -0.34100667 -0.16248401 -0.08924632 -0.3398672 -0.1625884 0.08198561 -0.32985753 -0.16244067 0.08601442 -0.35416433 -0.16251448 0.08839011 -0.34113497 -0.162927 0.08873093 -0.30803686 -0.16257805 0.08838464 -0.34792334 -0.16274102 0.00264155 -0.34594423 -0.16276254 -0.02242349 -0.34615427 -0.16266671 0.02893135 -0.34791076 -0.16266514 0.04446493 -0.34611449 -0.16266677 0.06564759 -0.35182741 -0.163302 -0.08852115 -0.35816953 -0.16277321 -0.04749367 -0.36818287 -0.16248277 0.0862675 -0.35847661 -0.16247381 -0.08928832 -0.36933014 -0.16279238 -0.03494799 -0.36973935 -0.1627007 0.03148875 -0.36115709 -0.16262254 0.08207276 -0.35442916 -0.1629007 0.08884709 -0.37067166 -0.1627443 0.01069278 -0.3736428 -0.16325709 -0.08852242 -0.37759143 -0.16269015 0.05968085 -0.38038272 -0.16280426 -0.01212008 -0.37360597 -0.16288221 0.08934957 -0.39209604 -0.16265421 0.06928918 -0.37787682 -0.16260928 0.0818816 -0.37399748 -0.16245881 0.08869928 -0.39090455 -0.16268723 0.05084994 -0.40312624 -0.16238374 -0.08932871 -0.40165555 -0.16276376 0.00587209 -0.38884279 -0.16293356 0.08956045 -0.39839417 -0.16270608 0.03064342 -0.4059667 -0.16320974 -0.08855765 -0.39490664 -0.16281042 -0.03621487 -0.41171324 -0.16250871 0.0888183 -0.40818951 -0.16281375 -0.01180931 -0.40886015 -0.1626348 0.08187018 -0.4351126 -0.16253622 0.08596079 -0.41399062 -0.1628212 -0.04540608 -0.42512229 -0.16279577 -0.0216488 -0.42874175 -0.16273117 0.01491793 -0.42937583 -0.16265264 0.0737831 -0.42495406 -0.16278775 -0.00616087 -0.43874982 -0.16279666 -0.04637235 -0.4267444 -0.16267134 0.05087423 -0.43855488 -0.16300568 0.08953723 -0.45369077 -0.16242069 -0.08926642 -0.43475217 -0.16325195 -0.08852915 -0.43949211 -0.16265689 0.08198881 -0.43774194 -0.1625371 0.08876887 -0.44682366 -0.16278054 -0.03016223 -0.4423973 -0.16269156 0.04293457 -0.44708693 -0.16273892 0.01830688 -0.45182443 -0.16267978 0.06282386 -0.45267722 -0.16277172 -0.00920313 -0.46974307 -0.16265199 0.04558316 -0.46792531 -0.16292131 0.08961013 -0.47248077 -0.16270609 0.00284433 -0.48935041 -0.16314803 -0.08852167 -0.47702661 -0.16274801 -0.06050052 -0.46870142 -0.1627522 -0.04945638 -0.47686684 -0.16271439 -0.02898573 -0.47135252 -0.16261432 0.07377994 -0.48142415 -0.16292785 0.0897198 -0.48803884 -0.16262503 0.02910208 -0.49755585 -0.16254961 0.08228454 -0.48637813 -0.1624711 0.08615963 -0.501728 -0.16246961 0.08901714 -0.48989886 -0.16256975 0.06656488 -0.49422348 -0.16238922 -0.08924575 -0.49888325 -0.16264407 -0.04520904 -0.49738315 -0.16262895 -0.00775294 -0.50665784 -0.16250935 0.05441909 -0.5080986 -0.16257805 -0.01495264 -0.5069831 -0.16253103 0.0293979 -0.51138139 -0.16305397 0.09007119 -0.51740474 -0.16250928 0.08594684 -0.49422348 -0.16238922 -0.08924575 -0.51299495 -0.1625904 -0.05482883 -0.5211041 -0.16249862 0.06663588 -0.52844667 -0.16257273 0.0818035 -0.51823664 -0.16258346 -0.04207642 -0.52002239 -0.16216557 -0.08911601 -0.52334607 -0.16254868 -0.0212751 -0.52208495 -0.16247568 0.0316264 -0.52914041 -0.1624293 0.05151767 -0.53469819 -0.16254416 0.07931308 -0.52985418 -0.16261616 -0.05288678 -0.53234702 -0.16266607 0.0890519 -0.5287205 -0.16316867 0.09006822 -0.53952849 -0.16200182 -0.0890528 -0.52957106 -0.16249053 0.00856988 -0.53391284 -0.16256417 0.08608797 -0.53299254 -0.1624947 -0.0248296 -0.53419912 -0.16247532 0.0677413 -0.53985924 -0.16240935 -0.03527704 -0.53985977 -0.16236919 -0.00462219 -0.5399735 -0.16235748 0.0241229 -0.53993458 -0.16225469 0.05614761 -0.53961194 -0.1628269 0.09008697 -0.54007256 -0.16243255 0.07902436 -0.54009962 -0.16245018 0.0888847 -0.53952849 -0.16200182 -0.0890528 -0.54298913 -0.16199665 -0.08845526 -0.54209757 -0.16257787 -0.08820426 -0.5425452 -0.162075 -0.05782286 -0.54254138 -0.16190691 -0.03306825 -0.54241067 -0.1619159 -0.02793385 -0.54244155 -0.16192897 0.01675967 -0.54247624 -0.16184577 0.05548756 -0.54263973 -0.16202229 0.07122208 -0.54270101 -0.16195267 0.07746566 -0.54293859 -0.16192691 0.08902174 -0.54352504 -0.1623369 0.09006754 -0.54352504 -0.1623369 0.09006754 -0.54298913 -0.16199665 -0.08845526 -0.54352689 -0.16254427 -0.08475035 -0.54372454 -0.16158901 -0.08834645 -0.54372454 -0.16158901 -0.08834645 -0.54346174 -0.16200314 -0.07722338 -0.54352689 -0.16254427 -0.08475035 -0.54346174 -0.16200314 -0.07722338 -0.54309481 -0.16166259 -0.06367958 -0.54309857 -0.16151726 -0.0342335 -0.54310936 -0.1616063 0.05745386 -0.54321808 -0.16160212 0.07509833 -0.07772452 -0.15768676 0.08860902 -0.08174691 -0.15946814 -0.08826095 -0.08380547 -0.15972255 -0.08870754 -0.08296597 -0.15942223 0.08818914 -0.08958326 -0.15962037 -0.08864592 -0.10612395 -0.15978925 -0.08868283 -0.30172285 -0.15965648 -0.08918683 -0.40625021 -0.15925868 -0.08922669 -0.44688144 -0.15967104 -0.08919497 -0.49584982 -0.15879919 -0.08917437 -0.52002239 -0.16216557 -0.08911601 -0.53605241 -0.15781856 -0.08909848 -0.54011941 -0.15943563 -0.08913192 -0.54296261 -0.1591832 -0.08918662 -0.54372454 -0.16158901 -0.08834645 -0.54241067 -0.1619159 -0.02793385 -0.5430032 -0.15962635 0.01165291 -0.54244155 -0.16192897 0.01675967 -0.54247624 -0.16184577 0.05548756 -0.54339886 -0.15962742 0.08448085 -0.54356039 -0.159615 0.08898145 -0.54293859 -0.16192691 0.08902174 -0.54405975 -0.15947922 0.0900147 -0.54352504 -0.1623369 0.09006754 -0.54343367 -0.15902856 -0.07922205 -0.54405975 -0.15947922 0.0900147 -0.04144076 -0.14631368 0.05257259 -0.04106 -0.13715674 0.1181574 -0.0819827 -0.14961329 0.08849882 -0.16439533 -0.15514708 -0.08888787 -0.19503964 -0.15559936 -0.08884515 -0.25503874 -0.15362723 -0.08909552 -0.29159564 -0.15556012 -0.08913367 -0.36338645 -0.15559575 -0.08915758 -0.42798543 -0.15558636 -0.0891667 -0.47709143 -0.15559131 -0.08914158 -0.54315138 -0.14988157 -0.06338406 -0.54312545 -0.15129419 -0.04644284 -0.54300714 -0.15527558 -0.02450976 -0.54297227 -0.15466461 0.00406603 -0.5430218 -0.1554009 0.0510943 -0.5432936 -0.1516849 0.08237559 -0.54324234 -0.15318228 0.08619381 -0.54385316 -0.15349129 0.08997491 -0.54385316 -0.15349129 0.08997491 -0.55676472 -0.14469559 0.09037529 -0.0422852 -0.12329929 -0.12013736 -0.04219255 -0.14664894 -0.04875876 -0.04206994 -0.14596272 -0.02944858 -0.06340311 -0.11815135 0.1348518 -0.06286228 -0.14963807 0.08900037 -0.06532308 -0.14328884 0.08891211 -0.07378626 -0.14304842 0.08874427 -0.07927242 -0.1484554 0.08850734 -0.08251026 -0.14873402 0.08831158 -0.11630228 -0.14479582 -0.08875512 -0.14071739 -0.14518394 -0.08884861 -0.166678 -0.14653884 -0.08889369 -0.19853249 -0.1451254 -0.08886181 -0.21355546 -0.14284916 -0.0888803 -0.22442798 -0.14249222 -0.08892076 -0.24064714 -0.14217842 -0.08903026 -0.30092824 -0.1478968 -0.08914308 -0.35172176 -0.14526559 -0.08915327 -0.39250255 -0.14939739 -0.0891522 -0.44262791 -0.14358905 -0.08916415 -0.48571151 -0.14314269 -0.08915286 -0.50706983 -0.13677457 -0.08914822 -0.52192247 -0.14201759 -0.08908825 -0.5320859 -0.14648157 -0.08907971 -0.54296261 -0.1591832 -0.08918662 -0.54370791 -0.14136548 -0.08850448 -0.54304361 -0.15069735 0.01979354 -0.54309529 -0.14925089 0.04951507 -0.54320407 -0.15158685 0.07391844 -0.5430429 -0.14862972 0.08901009 -0.54357934 -0.15059993 -0.08344103 -0.04129305 -0.11883628 0.07173718 -0.04118201 -0.1241167 0.09123902 -0.04225183 -0.12298366 -0.11029411 -0.08160499 -0.13691619 -0.08819339 -0.08886588 -0.1383471 -0.08857839 -0.54331708 -0.14256857 -0.07782538 -0.5431447 -0.14130694 -0.05182657 -0.54310173 -0.13594459 -0.03707637 -0.54303455 -0.13459879 -0.01006459 -0.5430212 -0.14169203 0.00892274 -0.54306614 -0.14296794 0.03776161 -0.04143986 -0.1278397 0.03839695 -0.04221958 -0.14180785 -0.04642957 -0.04226857 -0.14192076 -0.04086811 -0.04221743 -0.14235629 -0.03608927 -0.04426542 -0.1416939 -0.03585777 -0.04226857 -0.14192076 -0.04086811 -0.04221743 -0.14235629 -0.03608927 -0.04221147 -0.14179114 -0.03285494 -0.04426292 -0.14097825 -0.03345178 -0.04221147 -0.14179114 -0.03285494 -0.04842535 -0.14164846 -0.0403283 -0.04842228 -0.14179906 -0.03610017 -0.04843828 -0.14089751 -0.03346057 -0.05151671 -0.14070415 -0.0427179 -0.05264312 -0.14118637 -0.0409481 -0.05258308 -0.14172611 -0.03663438 -0.05259815 -0.14074177 -0.03381825 -0.05479307 -0.14092141 -0.04014291 -0.05513112 -0.14093268 -0.0369088 -0.05495515 -0.14045019 -0.03426991 -0.08360383 -0.13625336 -0.08860768 -0.08256975 -0.12791154 0.08827832 -0.14694721 -0.13680869 -0.08889948 -0.18304946 -0.13483636 -0.08890044 -0.25461483 -0.13390869 -0.08913013 -0.27747533 -0.1350937 -0.08917449 -0.40014139 -0.13526139 -0.0891673 -0.54300815 -0.13214415 -0.08916086 -0.54370791 -0.14136548 -0.08850448 -0.54324716 -0.13797998 -0.07572325 -0.5430643 -0.13276525 0.06308675 -0.5430491 -0.13452324 0.08192576 -0.54287231 -0.13646893 0.08904825 -0.54361749 -0.13394122 0.09008664 -0.54361749 -0.13394122 0.09008664 -0.04233724 -0.1394472 -0.04425333 -0.04239157 -0.14087228 -0.04270475 -0.04233724 -0.1394472 -0.04425333 -0.04217952 -0.13899016 -0.03204481 -0.04193974 -0.13237534 -0.01859167 -0.0418649 -0.11968153 -0.01703818 -0.0484041 -0.13912147 -0.04316692 -0.05091083 -0.13790795 -0.04221068 -0.05151671 -0.14070415 -0.0427179 -0.05308114 -0.13907309 -0.04150947 -0.05151671 -0.14070415 -0.0427179 -0.05308114 -0.13907309 -0.04150947 -0.05264312 -0.14118637 -0.0409481 -0.05454738 -0.1390004 -0.03992066 -0.05479307 -0.14092141 -0.04014291 -0.05503762 -0.13868682 -0.03684981 -0.05513112 -0.14093268 -0.0369088 -0.0547446 -0.13832635 -0.03421486 -0.05495515 -0.14045019 -0.03426991 -0.06288604 -0.12601604 0.08902135 -0.06508747 -0.12838969 0.08889875 -0.07903835 -0.13213232 0.08856025 -0.31108701 -0.12230129 -0.08919117 -0.33755678 -0.12834445 -0.08919221 -0.47761136 -0.12910154 -0.08917842 -0.5387848 -0.12997037 -0.08904254 -0.54316527 -0.1150855 -0.0669477 -0.54302728 -0.12880979 0.01776605 -0.54351264 -0.13533597 -0.08237448 -0.55530167 -0.13269112 0.0903817 -0.04137927 -0.12358779 0.0547696 -0.04215315 -0.12380208 -0.06518893 -0.04216009 -0.13217446 -0.04645922 -0.04226536 -0.13590254 -0.04410056 -0.04226536 -0.13590254 -0.04410056 -0.04432636 -0.13703835 -0.042875 -0.04835552 -0.13714434 -0.04252195 -0.05308114 -0.13907309 -0.04150947 -0.05414329 -0.13739832 -0.03908234 -0.05428694 -0.13653374 -0.03434917 -0.07349026 -0.12941539 0.08874388 -0.08191499 -0.13238513 0.08849537 -0.09985921 -0.1289071 -0.08868799 -0.12233761 -0.13313951 -0.08884579 -0.1612754 -0.12942141 -0.08893384 -0.20773107 -0.12435104 -0.08890688 -0.35690853 -0.12134195 -0.08919701 -0.54312575 -0.10848782 -0.05549208 -0.54304671 -0.1303717 0.04199611 -0.0415048 -0.11444388 0.02432805 -0.04095775 -0.12289672 0.13284524 -0.04216209 -0.11153884 -0.08597516 -0.04210559 -0.13192599 -0.03739021 -0.04222816 -0.13507345 -0.04000261 -0.04220784 -0.13471304 -0.03581615 -0.04218391 -0.13565515 -0.03262521 -0.24495034 -0.11909144 -0.089088 -0.54401767 -0.11696316 -0.08850707 -0.54301023 -0.11936534 0.08271842 -0.54401767 -0.11696316 -0.08850707 -0.04101369 -0.08894066 0.13472366 -0.04101369 -0.08894066 0.13472366 -0.04207933 -0.11964829 -0.04751085 -0.04209504 -0.12742288 -0.03227054 -0.08161196 -0.10971238 -0.08820591 -0.08771551 -0.10774717 -0.08862419 -0.10591832 -0.11530062 -0.08875532 -0.13173954 -0.12191528 -0.08889224 -0.18457133 -0.11480954 -0.08890532 -0.26462933 -0.12077504 -0.08917268 -0.28318942 -0.11560372 -0.0891803 -0.44845539 -0.11833707 -0.08918266 -0.52409381 -0.11019843 -0.08912139 -0.54308444 -0.11331519 -0.02750149 -0.54307157 -0.11564268 0.03644715 -0.04239511 -0.10218682 -0.13455704 -0.04228348 -0.09152093 -0.13254978 -0.08249225 -0.10382155 0.08814245 -0.22580725 -0.11161657 -0.08895681 -0.38058147 -0.11359239 -0.08918202 -0.54304904 -0.11694454 -0.00070351 -0.54308271 -0.11530984 0.06024638 -0.54302454 -0.11420179 0.07172259 -0.54283714 -0.11854094 0.0890317 -0.54355639 -0.11027131 -0.08126771 -0.15014175 -0.11086908 -0.08890495 -0.50644541 -0.09975239 -0.08916612 -0.5430876 -0.08591522 -0.08930035 -0.55689919 -0.10351983 0.09028284 -0.04102454 -0.11153543 0.12106515 -0.06479275 -0.10263405 0.08850744 -0.2599287 -0.10562851 -0.08913802 -0.42260829 -0.0969573 -0.08916236 -0.48941126 -0.09582128 -0.08917032 -0.53561884 -0.0780089 -0.08910071 -0.54009628 -0.09515672 -0.08913499 -0.04134551 -0.10666736 0.05104923 -0.04101893 -0.09577041 0.11076714 -0.04177523 -0.08412182 0.13482979 -0.04197058 -0.09722186 -0.0458313 -0.04177359 -0.10105176 -0.00711212 -0.0628005 -0.0985985 0.08863485 -0.07364015 -0.10425555 0.08833684 -0.07872237 -0.10328499 0.08818573 -0.12037554 -0.1028829 -0.08882329 -0.21780699 -0.09844088 -0.0889129 -0.24187881 -0.09267404 -0.08902523 -0.30057296 -0.09747725 -0.08915558 -0.34628624 -0.09113098 -0.08919559 -0.54307109 -0.09754024 -0.03658934 -0.54309392 -0.10498887 0.05837192 -0.54269761 -0.09123179 0.08904882 -0.54335165 -0.10087004 0.09004772 -0.5554176 -0.10214107 0.09033118 -0.04094741 -0.08711608 0.13269733 -0.04186395 -0.09709651 -0.02632454 -0.17004618 -0.09378504 -0.0888772 -0.4570083 -0.0889881 -0.08914894 -0.54303747 -0.09893256 0.01110573 -0.54307401 -0.09991287 0.03718897 -0.54335165 -0.10087004 0.09004772 -0.04117283 -0.07248729 0.06334431 -0.04215917 -0.08298785 -0.09814792 -0.04207432 -0.08566699 -0.07128974 -0.54395282 -0.09162391 -0.08857311 -0.54300654 -0.09158289 0.06906921 -0.04102018 -0.06868734 0.08556479 -0.04169258 -0.09363153 0.00206868 -0.0414784 -0.09344003 0.02113843 -0.06322795 -0.08716399 0.13484801 -0.08363758 -0.06936953 -0.08863762 -0.09948567 -0.09018943 -0.08870336 -0.12732868 -0.08535839 -0.08881854 -0.21233699 -0.07182204 -0.08890431 -0.38163078 -0.08541282 -0.08918265 -0.54302603 -0.08958279 -0.01655665 -0.54306388 -0.08701699 0.05133069 -0.5429107 -0.08612 0.08215551 -0.54395282 -0.09162391 -0.08857311 -0.04122213 -0.08056035 0.05273061 -0.04113153 -0.07904144 0.07609086 -0.31736654 -0.06945316 -0.08916997 -0.54314482 -0.08194231 -0.06171332 -0.54309857 -0.08283841 -0.04552941 -0.04095766 -0.07503637 0.11945929 -0.04224923 -0.07340149 -0.11705747 -0.04176602 -0.07764625 -0.00994291 -0.17487589 -0.06704109 -0.08887216 -0.43002993 -0.06882074 -0.08915967 -0.04199889 -0.06964739 -0.0608491 -0.04178774 -0.07395893 -0.01668898 -0.04162046 -0.08299059 0.00403178 -0.04133549 -0.08072277 0.02588724 -0.06419444 -0.07053902 0.08845471 -0.27317503 -0.07254917 -0.08911147 -0.52458048 -0.07664236 -0.08912184 -0.54305339 -0.07691703 0.02766982 -0.54350132 -0.06452387 -0.08153963 -0.04184696 -0.0747652 -0.03099508 -0.04166102 -0.07611052 -0.00250234 -0.04147983 -0.07798026 0.00833689 -0.07865781 -0.0655682 0.08816949 -0.08178829 -0.06734923 0.08814698 -0.08240823 -0.05563188 0.08811222 -0.08766109 -0.06819376 -0.08863124 -0.1562658 -0.07915125 -0.08884315 -0.2311423 -0.0579028 -0.08894707 -0.48766539 -0.0706841 -0.08914629 -0.5430243 -0.07571905 -0.02482363 -0.54302025 -0.0772872 -0.00734209 -0.54268849 -0.07265162 0.08898231 -0.04092506 -0.0565711 0.0944782 -0.04133087 -0.0741575 0.01361415 -0.08163463 -0.06140788 -0.0882155 -0.09943286 -0.06124637 -0.08871612 -0.11805436 -0.0577728 -0.08881424 -0.14391531 -0.06754633 -0.08883653 -0.18510082 -0.05508301 -0.08888724 -0.25066897 -0.04829739 -0.08903877 -0.38393462 -0.05928739 -0.08919802 -0.54019028 -0.06899563 -0.08911812 -0.54298961 -0.06893551 0.07124682 -0.54338813 -0.0680455 0.08993971 -0.5568518 -0.0521089 0.09016177 -0.04210511 -0.05918445 -0.09721129 -0.06268197 -0.0682814 0.088576 -0.50706834 -0.04257672 -0.0891383 -0.54307753 -0.06505819 -0.03413555 -0.54304236 -0.06691002 -0.0022439 -0.543109 -0.05783208 0.0381875 -0.54310155 -0.05712098 0.05647286 -0.54375994 -0.06115988 -0.08581714 -0.54338813 -0.0680455 0.08993971 -0.04082525 -0.05517206 0.13281147 -0.04239041 -0.06063772 -0.13457124 -0.04166156 -0.07161018 -0.00502803 -0.04175293 -0.06895322 0.0020295 -0.0414345 -0.07184326 0.00950249 -0.04133433 -0.06707744 0.0128128 -0.47830346 -0.04544619 -0.08914328 -0.54386353 -0.05874621 -0.08850516 -0.54386353 -0.05874621 -0.08850516 -0.55524826 -0.04971338 0.09020926 -0.04088265 -0.05661118 0.13475603 -0.04088265 -0.05661118 0.13475603 -0.04168448 -0.06533226 -0.00855548 -0.04144171 -0.06974012 0.00738769 -0.04126504 -0.06881527 0.01039407 -0.13696077 -0.0432214 -0.08886053 -0.52608353 -0.05165886 -0.08908345 -0.54315978 -0.05814109 -0.04708208 -0.03898236 -0.06818252 0.01017095 -0.04129511 -0.06582951 0.01140175 -0.04126504 -0.06881527 0.01039407 -0.04088265 -0.05642055 0.11572754 -0.04176956 -0.05550169 -0.02654558 -0.04186547 -0.06524945 -0.00324515 -0.04190707 -0.06647772 -0.00047582 -0.04129511 -0.06582951 0.01140175 -0.04121655 -0.06049675 0.01796369 -0.29055688 -0.0465523 -0.08912055 -0.54310453 -0.05279717 -0.02246062 -0.54310668 -0.05314988 0.00934291 -0.00732997 -0.06201534 -0.00165394 -0.00733459 -0.06231755 0.00204585 -0.00729856 -0.06234453 0.00834352 -0.00622302 -0.05997092 0.00867125 -0.00943774 -0.06135553 0.00966947 -0.00729856 -0.06234453 0.00834352 -0.00938341 -0.06325283 0.00867479 -0.01306862 -0.06405722 0.00893332 -0.01788419 -0.06451384 0.00932009 -0.02311811 -0.06189753 0.01052275 -0.0254823 -0.06496812 0.00983772 -0.03017631 -0.06165745 0.01094849 -0.03524539 -0.06122508 0.01139057 -0.04151562 -0.06076487 0.01194511 -0.04099301 -0.04105798 0.07075506 -0.04219642 -0.05613931 -0.11784299 -0.04193565 -0.04748202 -0.06496499 -0.04183489 -0.04795306 -0.04229207 -0.0419119 -0.06083951 -0.00344728 -0.04151562 -0.06076487 0.01194511 -0.04109433 -0.05210238 0.03478064 -0.06263576 -0.0555721 0.08877861 -0.07309258 -0.05470015 0.0884968 -0.08170299 -0.05302053 0.08828016 -0.54303789 -0.04807449 -0.08912842 -0.54305649 -0.04941923 0.06548566 -0.54295802 -0.03138125 0.08186235 -0.00396529 -0.05619854 0.00815637 -0.00396529 -0.05619854 0.00815637 -0.00570866 -0.05727063 0.0092424 -0.00465786 -0.05787419 0.00805664 -0.00585777 -0.0571412 -0.00278054 -0.0065712 -0.05999223 -0.00237383 -0.00926453 -0.05592868 0.00996422 -0.0134455 -0.05783761 0.00999667 -0.02262762 -0.05770922 0.01047827 -0.03078282 -0.05733385 0.01064299 -0.03547892 -0.05693214 -0.00134772 -0.04002628 -0.05610279 0.01082611 -0.04168215 -0.05592697 0.01117246 -0.04173437 -0.05429149 0.00951265 -0.04225543 -0.05777678 -0.13456994 -0.04165903 -0.05350885 -0.01123905 -0.04169086 -0.0550714 -0.00663322 -0.04172814 -0.0587093 -0.0012236 -0.04168215 -0.05592697 0.01117246 -0.04126126 -0.05521639 0.01370767 -0.04114574 -0.05559409 0.016652 -0.04114139 -0.04914005 0.01913199 -0.34210041 -0.04911729 -0.08919273 -0.54321301 -0.05491116 -0.06102164 -0.00317755 -0.05277126 0.0066808 -0.00343266 -0.05326115 0.00808882 -0.00343266 -0.05326115 0.00808882 -0.00544506 -0.0538877 0.00926765 -0.00557917 -0.05343487 -0.00293689 -0.01721442 -0.05451094 0.0097829 -0.01751786 -0.05247108 0.00783823 -0.02152482 -0.052379 0.00299172 -0.01898831 -0.05182882 0.00294044 -0.02167395 -0.05327684 0.007712 -0.01751786 -0.05247108 0.00783823 -0.02126434 -0.05482731 0.00997599 -0.02126434 -0.05482731 0.00997599 -0.02610216 -0.05286402 0.00309025 -0.02771509 -0.0550505 0.01004505 -0.02771509 -0.0550505 0.01004505 -0.03102669 -0.05388111 0.00776246 -0.04010853 -0.05367059 0.00654104 -0.04172105 -0.05293849 0.00770917 -0.04173437 -0.05429149 0.00951265 -0.04172105 -0.05293849 0.00770917 -0.0410507 -0.03982699 0.05148318 -0.04074937 -0.04093394 0.12632069 -0.04162484 -0.04534598 -0.01939524 -0.04173437 -0.05429149 0.00951265 -0.04147649 -0.03020166 0.1348431 -0.06331925 -0.04958891 0.13485365 -0.0897353 -0.02537244 -0.0886912 -0.21296053 -0.03708719 -0.08888526 -0.53588825 -0.02594571 -0.08900443 -0.5403524 -0.0302206 -0.08900955 -0.54266131 -0.05457433 0.08896787 -0.00381577 -0.04627702 0.0071971 -0.00381577 -0.04627702 0.0071971 -0.00544274 -0.05003506 0.00875452 -0.00589606 -0.04898118 -0.00278352 -0.00909856 -0.05006822 0.00983579 -0.01531771 -0.04979256 0.00873223 -0.01535329 -0.05217781 0.00905928 -0.04074582 -0.02964703 0.11096658 -0.04140148 -0.04834342 -0.00344165 -0.04134014 -0.049338 0.00707487 -0.04118514 -0.04965483 0.0133329 -0.08169724 -0.0424123 0.08864586 -0.4317449 -0.03371951 -0.08916485 -0.54394376 -0.03619431 -0.08844626 -0.54329485 -0.03845802 -0.04958098 -0.54330266 -0.03838382 0.08988902 -0.54394376 -0.03619431 -0.08844626 -0.54330266 -0.03838382 0.08988902 -0.00375038 -0.04429335 0.0065998 -0.00526479 -0.043692 0.00803474 -0.00439796 -0.04495158 -1.8E-05 -0.0091044 -0.04595557 0.00971477 -0.0420658 -0.03687878 -0.1101522 -0.04118791 -0.04392541 0.00084381 -0.04106662 -0.04411523 0.00917241 -0.0410381 -0.04123964 0.01347663 -0.06275997 -0.0381511 0.08932155 -0.06802411 -0.03789139 0.08920728 -0.07358518 -0.03738346 0.08915167 -0.0823587 -0.03453656 0.08851694 -0.10515752 -0.03413876 -0.08877913 -0.26032689 -0.01956201 -0.08905335 -0.39640445 -0.03105145 -0.08919354 -0.54317439 -0.0423124 -0.00352897 -0.54319525 -0.03240504 0.00917119 -0.5430302 -0.02028673 0.0729427 -0.54361778 -0.03398539 -0.08075306 -0.00411057 -0.03594301 0.00682903 -0.00411057 -0.03594301 0.00682903 -0.00605866 -0.03697861 -0.00258235 -0.01515859 -0.03965314 0.00863358 -0.04082534 -0.0329464 0.09049363 -0.04062751 -0.02866413 0.13297236 -0.04066986 -0.02427072 0.13475323 -0.04066986 -0.02427072 0.13475323 -0.04197267 -0.02881839 -0.08621365 -0.04100358 -0.02851858 0.02518024 -0.17776193 -0.03017019 -0.0888683 -0.33278504 -0.03375475 -0.08915764 -0.46683526 -0.01762702 -0.08914034 -0.54328549 -0.03012412 -0.03624352 -0.54315192 -0.03237267 0.03810051 -0.55690765 -0.01043825 0.09020646 -0.00581497 -0.03207751 0.00807965 -0.04190138 -0.01639458 -0.06546535 -0.04146609 -0.02250846 -0.01717987 -0.13013455 -0.00580749 -0.08887562 -0.23204362 -0.02977291 -0.08892538 -0.28226358 -0.01524123 -0.08906832 -0.54324341 -0.03018465 -0.0123522 -0.54313302 -0.02680624 0.05747333 -0.00378168 -0.02380109 0.006105 -0.00910303 -0.0306187 0.00940785 -0.04179764 0.00350251 -0.05026421 -0.04163024 -0.0153371 -0.02958265 -0.0815687 -0.02747356 0.08910187 -0.37073365 -0.00951596 -0.08918285 -0.5433588 -0.02367648 -0.04717983 -0.54277813 -0.01017772 0.0857491 -0.54330534 -0.00587611 0.08991329 -0.55535901 -0.02469874 0.09024791 -0.04085931 -0.02231403 0.08084138 -0.04200938 -0.00866108 -0.11318476 -0.04782033 -0.01059823 0.13484477 -0.06282112 -0.02658862 0.08950378 -0.07355462 -0.02608485 0.08936737 -0.14190221 -0.01326277 -0.08887877 -0.1562573 -0.00795423 -0.08886409 -0.21591838 -0.01407371 -0.08889169 -0.24448836 -0.00915181 -0.08899052 -0.51303512 -0.00215449 -0.08910293 -0.52548802 -0.00288094 -0.08904662 -0.54256403 -0.01143542 0.08897351 -0.0043343 -0.01892235 0.0067462 -0.00604823 -0.01619337 -0.00254428 -0.00438848 -0.01346221 4.543E-05 -0.0043343 -0.01892235 0.0067462 -0.01467207 -0.01716674 0.00858044 -0.04096895 -0.02062955 0.05887491 -0.04171482 0.00601786 -0.03945018 -0.04116496 -0.01514821 -0.0030802 -0.11166188 -0.00668385 -0.0888067 -0.30743808 -0.00033515 -0.08909076 -0.32328039 -0.01199358 -0.08913215 -0.43007571 0.00252245 -0.08915373 -0.54332149 -0.00804948 -0.03329944 -0.54324478 0.01334871 0.01105353 -0.54319537 -0.01138703 0.02033928 -0.00909659 -0.01416314 0.00930431 -0.04197216 0.00170151 -0.13278621 -0.04078689 -0.00943944 0.09165831 -0.04070115 -0.01202356 0.11628568 -0.06329899 0.00425544 0.13485108 -0.08156389 -0.00179886 -0.08824795 -0.08359861 -0.00301976 -0.08873211 -0.19823182 0.00410042 -0.08888151 -0.34778884 -0.0031235 -0.08914734 -0.54328465 -0.00761883 -0.01052369 -0.54330534 -0.00587611 0.08991329 -0.54610479 -0.00597053 0.08994909 -0.04203603 0.00487448 -0.13451567 -0.04066512 0.01832313 0.13275768 -0.04196534 -0.00678422 -0.08941753 -0.04095063 -0.00352467 0.01211172 -0.06288421 0.00111187 0.08958641 -0.48835808 -0.00637059 -0.08912505 -0.50009871 0.03588529 -0.08909039 -0.5431928 0.00226846 0.0342173 -0.54396963 -0.01094987 -0.08843088 -0.55538595 -0.00470387 0.09022124 -0.00576204 -0.00215851 0.00793175 -0.04094276 0.00583814 0.05916477 -0.04083732 0.01166965 0.07992725 -0.04069525 0.00606684 0.12097709 -0.04100862 0.00625659 0.00458328 -0.07336383 -0.00481618 0.0894483 -0.08768034 0.02019713 -0.08870154 -0.39784423 0.00995452 -0.08917156 -0.54396963 -0.01094987 -0.08843088 -0.54318607 0.01044443 0.05356251 -0.00422895 -0.00340985 0.00666764 -0.00598142 -0.00153 -0.00258396 -0.00422895 -0.00340985 0.00666764 -0.04125842 0.00723846 -0.00958973 -0.08154225 -0.00564217 0.08918071 -0.54306495 0.01864932 -0.08906741 -0.54339194 0.00381986 -0.04547895 -0.54314423 0.01473964 0.06169582 -0.54367828 0.00415661 -0.08151779 -0.00381333 0.01412422 0.00595223 -0.00433406 0.00400765 3.607E-05 -0.0090932 0.00096276 0.00929375 -0.0147779 0.00245399 0.00852574 -0.04075056 0.01970146 0.1041624 -0.08236228 0.02170608 0.08867376 -0.46662903 0.01610244 -0.08911902 -0.54342586 0.00215308 -0.06312596 -0.54355043 0.01764444 -0.07726616 -0.04198852 0.01581765 -0.12495986 -0.04190531 0.0219094 -0.09157705 -0.04189327 0.0105202 -0.07085551 -0.26644182 0.0101692 -0.08902737 -0.5439356 0.00481396 -0.08843209 -0.54298353 0.01508612 0.08216399 -0.04097381 0.03353242 0.04864298 -0.04144281 0.02923466 -0.02248655 -0.15282312 0.0206934 -0.08887295 -0.33171967 0.01328204 -0.08911367 -0.54265398 0.01284556 0.08900042 -0.5439356 0.00481396 -0.08843209 -0.55528784 0.03007371 0.09028693 -0.00381333 0.01412422 0.00595223 -0.00430167 0.02450029 0.00641137 -0.00591844 0.02621971 0.00775986 -0.04195422 0.03544969 -0.11816578 -0.08155356 0.01436047 -0.0882614 -0.08152588 0.01761202 0.0893932 -0.09535269 0.02578552 -0.08872137 -0.11571509 0.01883141 -0.08881208 -0.23648372 0.02347133 -0.08893426 -0.54026347 0.03303463 -0.08897759 -0.54283679 0.02310554 0.08592838 -0.00911871 0.02764107 0.00902423 -0.04078689 0.03237606 0.08886196 -0.04159597 0.03515838 -0.03322193 -0.06324168 0.01211695 0.08965497 -0.07354982 0.02066726 0.08970679 -0.07799727 0.01770766 0.08957011 -0.08359048 0.0134264 -0.08872712 -0.18409973 0.0246341 -0.08885606 -0.40196201 0.04083515 -0.08914015 -0.54330796 0.01408557 -0.01159659 -0.54321164 0.02236132 0.04216294 -0.01462698 0.02913941 0.00843441 -0.04113057 0.03489227 -0.00389348 -0.04094675 0.03267587 0.01112811 -0.04156071 0.06708217 0.13484289 -0.13942081 0.03407438 -0.08885345 -0.27378651 0.04121436 -0.08900553 -0.36928982 0.03216101 -0.0891315 -0.4834561 0.04192571 -0.08907692 -0.54398733 0.05867029 -0.08845247 -0.54341394 0.01771755 -0.05690335 -0.04197466 0.06501684 -0.13251734 -0.04088166 0.0483364 0.07492824 -0.04077441 0.02824257 0.13474466 -0.04077441 0.02824257 0.13474466 -0.06376822 0.01769594 0.08968781 -0.12557092 0.04342053 -0.08881855 -0.2960858 0.03070087 -0.08904719 -0.43034738 0.02742884 -0.08913893 -0.54335654 0.03598453 -0.04030985 -0.5432995 0.03723071 -0.01939208 -0.54325163 0.04326476 0.00467223 -0.54308081 0.03283248 0.07036129 -0.00593886 0.04658131 -0.00259926 -0.00432804 0.02848811 6.467E-05 -0.040975 0.04322572 0.02855396 -0.04094517 0.04250286 0.06222824 -0.04181889 0.03772302 -0.06418411 -0.06271078 0.02206967 0.09085014 -0.2120835 0.03491939 -0.08887012 -0.23452799 0.05298568 -0.08890963 -0.44966757 0.05065654 -0.08908708 -0.51880378 0.03529216 -0.08904457 -0.54297423 0.03722347 0.08223444 -0.54264337 0.04237915 0.08903791 -0.54334772 0.04150708 0.09003329 -0.54334772 0.04150708 0.09003329 -0.54398733 0.05867029 -0.08845247 -0.54387212 0.03665848 -0.08572832 -0.54368138 0.04649599 -0.08156383 -0.04069257 0.04163517 0.12547053 -0.04172358 0.0334198 -0.04519921 -0.32834825 0.03039683 -0.08910408 -0.53461361 0.05979718 -0.08897585 -0.54320443 0.044877 0.04873358 -0.00382054 0.04428823 0.00605739 -0.00382054 0.04428823 0.00605739 -0.04076082 0.04804505 0.09997024 -0.04101339 0.03895725 0.00459679 -0.07620274 0.0316336 0.08984141 -0.54321432 0.04731203 0.01993421 -0.54629087 0.05293582 0.0900799 -0.55689299 0.05860562 0.09027718 -0.00430384 0.04364059 0.00657794 -0.0059073 0.04678641 0.00783976 -0.00908372 0.04004384 0.00901707 -0.06428488 0.04432101 0.08987555 -0.04185325 0.05575247 -0.09902526 -0.07323107 0.04119442 0.08991773 -0.30307439 0.05366687 -0.08904068 -0.3335492 0.04552082 -0.08909395 -0.3762446 0.05866076 -0.08909623 -0.54330814 0.05460508 -0.03135796 -0.54319036 0.05595786 0.05881013 -0.00425187 0.0504014 7.268E-05 -0.01462832 0.04354526 0.00873793 -0.06341513 0.05937187 0.13484403 -0.08156733 0.06773416 -0.08827034 -0.08183804 0.03879685 0.08967458 -0.08983588 0.06876207 -0.0887245 -0.10898943 0.06098152 -0.08876747 -0.18344021 0.05872507 -0.08882269 -0.00913888 0.05315263 0.00905782 -0.04103705 0.05047483 0.00783852 -0.04105285 0.06550316 0.02311748 -0.54320973 0.05949248 0.0280074 -0.55532503 0.05723537 0.09031512 -0.01484683 0.05455149 0.00900177 -0.04142502 0.06207202 -0.02404142 -0.04125962 0.05365087 -0.00999944 -0.04181319 0.05508019 -0.07746448 -0.1430444 0.06658024 -0.08880797 -0.51629114 0.06636006 -0.08903252 -0.5402354 0.05834128 -0.08900221 -0.54311931 0.05977977 -0.08910092 -0.54299533 0.06429905 0.08193859 -0.00386789 0.05969236 0.00606194 -0.00386789 0.05969236 0.00606194 -0.00586978 0.05679787 -0.00273674 -0.0409759 0.06493247 0.04888786 -0.04064041 0.0680624 0.13284972 -0.04073155 0.09299613 0.13472506 -0.04073155 0.09299613 0.13472506 -0.07368815 0.05963836 0.08991858 -0.08213556 0.07501233 0.08972129 -0.26116562 0.06828002 -0.08897223 -0.5433557 0.07352547 -0.04069631 -0.54325879 0.07221774 -0.00274701 -0.54361045 0.07623968 -0.08036718 -0.00421938 0.062149 -2.944E-05 -0.00626767 0.06217835 0.00806338 -0.04202691 0.07269294 -0.13455889 -0.04175162 0.06888134 -0.08960766 -0.04132366 0.06270317 -0.0083379 -0.06267542 0.06878916 0.09092142 -0.41253361 0.08826006 -0.0890529 -0.48153126 0.08076177 -0.08904669 -0.54286563 0.06832481 0.08573748 -0.00907859 0.06627993 0.00905883 -0.01475784 0.07039381 0.00890902 -0.04074052 0.07113499 0.11192767 -0.07840687 0.08085657 0.08987133 -0.24945073 0.08144713 -0.08891446 -0.3062112 0.0769913 -0.08899903 -0.43044358 0.07977358 -0.08905031 -0.54325783 0.07422654 0.04172318 -0.5426538 0.06797311 0.08899851 -0.5433712 0.069908 0.08994205 -0.5433712 0.069908 0.08994205 -0.00359565 0.07054023 0.00610854 -0.00359565 0.07054023 0.00610854 -0.00449836 0.07057808 0.00710149 -0.00569019 0.0705936 -0.00277448 -0.04091087 0.08887688 0.07062671 -0.04083332 0.08303184 0.08369941 -0.04168472 0.07343552 -0.07282817 -0.04136106 0.06902347 -0.00746736 -0.06372035 0.09977118 0.13482668 -0.06431112 0.08237747 0.08995239 -0.09959263 0.08317114 -0.08877039 -0.21667212 0.07783837 -0.08880739 -0.2314066 0.08185054 -0.08883423 -0.5432899 0.08045495 0.05545098 -0.54317462 0.07257883 0.06706931 -0.54392171 0.07891161 -0.08837445 -0.55528343 0.08350606 0.09023176 -0.00403473 0.07050268 -0.00034758 -0.00624475 0.0706063 0.00833746 -0.04128593 0.07587389 0.00625797 -0.07357615 0.08269388 0.0899726 -0.37043637 0.08949164 -0.08901769 -0.45413721 0.08291704 -0.08903449 -0.00206605 0.07396884 0.00673218 -0.00917944 0.07461203 0.00929599 -0.01450866 0.07440195 0.00894542 -0.04180863 0.08035664 -0.11111492 -0.0414294 0.08793057 -0.03538558 -0.04140231 0.07469962 -0.0172385 -0.04080474 0.08393089 0.09320255 -0.0413017 0.07614765 -0.00312848 -0.04118288 0.07704169 0.01263768 -0.18834752 0.09127418 -0.08875822 -0.50110316 0.10221658 -0.08902918 -0.54039931 0.08665494 -0.08891255 -0.54392171 0.07891161 -0.08837445 -0.54339176 0.08332846 -0.05596505 -0.54331279 0.0887932 -0.03138673 -0.5432542 0.08579976 0.01733976 -9.871E-05 0.07612846 0.00806236 -0.00178042 0.07727895 0.00890426 -0.00525585 0.07768191 0.00939319 -0.01707393 0.07723934 0.00851751 -0.04163307 0.08875737 -0.09288129 -0.04100242 0.08759505 0.03230914 -0.04095513 0.09769065 0.05416953 -0.04077026 0.09287704 0.11465526 -0.04100341 0.09045822 0.01686136 -0.08355187 0.09923945 -0.08875704 -0.52281374 0.09848047 -0.08900126 -0.54320306 0.08894382 0.07538925 -0.54367268 0.09759847 0.08993138 -0.00049725 0.08560307 -0.00112945 0 0.08126504 0.00844635 0 0.08126504 0.00844635 -0.00172278 0.08154488 0.00940051 -0.00681365 0.08187944 0.00997943 -0.01318267 0.08206535 0.01018513 -0.01935583 0.08220796 0.01000422 -0.04190359 0.09087671 -0.13256922 -0.0412479 0.08941925 -0.00731176 -0.04128596 0.08480046 -0.00724648 -0.04118422 0.08890644 0.0122355 -0.08148786 0.0973234 -0.08827226 -0.11705947 0.09711785 -0.08879463 -0.14195904 0.09047676 -0.08876982 -0.26620352 0.10680414 -0.0889363 -0.5430389 0.08718006 -0.08895804 -0.54324186 0.09637094 0.08223577 -0.54367268 0.09759847 0.08993138 -0.55701184 0.0933517 0.09020053 -0.00043628 0.08582721 0.0031761 -0.00011808 0.08781431 0.00791371 -0.00011808 0.08781431 0.00791371 -0.0017058 0.08569802 0.0089745 -0.00524798 0.08587325 0.00957273 -0.01158729 0.08606095 0.01012087 -0.01733103 0.08612607 0.01022741 -0.02116299 0.08618776 0.0102733 -0.02524516 0.08622301 0.01036048 -0.02990443 0.08617554 0.01048153 -0.03976572 0.0858869 0.01036024 -0.03547892 0.08302701 0.00980148 -0.03998676 0.08334307 0.00968472 -0.04156202 0.0940525 -0.07698912 -0.04133773 0.09465612 -0.01954387 -0.04014793 0.08464447 -0.00313392 -0.03937799 0.0826248 -7.236E-05 -0.04135895 0.08587075 0.01061768 -0.04144078 0.0820523 0.01017458 -0.04135895 0.08587075 0.01061768 -0.54327726 0.1061689 -0.00703681 -0.54329115 0.09363676 0.06360288 -0.00161162 0.08836509 -0.00040995 -0.0016664 0.08863351 0.00667396 -0.00043911 0.08796877 0.0006542 -0.00011808 0.08781431 0.00791371 -0.00322798 0.08836094 0.00851849 -0.00322798 0.08836094 0.00851849 -0.00249839 0.08839539 -0.00228049 -0.00249839 0.08839539 -0.00228049 -0.00535399 0.08932013 -0.00062862 -0.00623497 0.08963422 0.00692709 -0.00916544 0.08895744 -0.00270807 -0.01140922 0.09013034 -0.0008432 -0.01064348 0.0903149 0.0030134 -0.01094881 0.08912582 0.0090288 -0.01094881 0.08912582 0.0090288 -0.0169383 0.08935154 -0.00294764 -0.01676917 0.09118394 0.00681416 -0.01752982 0.09085754 -0.0005823 -0.0184482 0.09148783 0.00373821 -0.01799017 0.08999059 0.0088921 -0.01799017 0.08999059 0.0088921 -0.02184644 0.08974639 -0.00293423 -0.01996502 0.09181259 0.00291425 -0.0218057 0.0898845 0.00942593 -0.02579081 0.09004138 0.00984144 -0.02529496 0.09163255 -0.00184286 -0.03020015 0.09012536 0.01027448 -0.0353393 0.09012399 0.01070792 -0.04123312 0.09004001 0.01083053 -0.04183036 0.10271404 -0.11965342 -0.0416508 0.1065639 -0.10283417 -0.04146609 0.11226899 -0.06289229 -0.04143587 0.10475952 -0.04327719 -0.04065776 0.09064014 -0.00317793 -0.04098305 0.11490641 0.04238643 -0.04070261 0.0977006 0.1326706 -0.04123312 0.09004001 0.01083053 -0.04102996 0.09830875 0.02421875 -0.04759929 0.1037795 0.13481693 -0.06292818 0.10236958 0.0909669 -0.18191631 0.10857663 -0.08872923 -0.46817142 0.11563427 -0.08901734 -0.5433073 0.09466717 0.03777097 -0.54303503 0.10086546 0.08901304 -0.01959234 0.09177313 0.00690483 -0.02011615 0.09151361 0.00809196 -0.02011615 0.09151361 0.00809196 -0.02601939 0.09369338 0.00322243 -0.03002656 0.0947986 0.00623208 -0.0264875 0.09271855 0.00846126 -0.0264875 0.09271855 0.00846126 -0.03106123 0.09368283 0.00877394 -0.03106123 0.09368283 0.00877394 -0.03558311 0.09367607 0.00995637 -0.04101562 0.09440062 0.01052991 -0.04150525 0.11494062 -0.08831215 -0.04108322 0.09661178 -0.00796735 -0.04101562 0.09440062 0.01052991 -0.04098159 0.09658477 0.01246331 -0.07225303 0.09955332 0.09006053 -0.08213888 0.10285915 0.08991359 -0.08213888 0.10285915 0.08991359 -0.09829056 0.10977114 -0.08877963 -0.31103909 0.0908661 -0.08897357 -0.3321321 0.1014182 -0.08895948 -0.5433889 0.10394699 -0.05416255 -0.54333794 0.11311839 -0.04127697 -0.54395449 0.11986221 -0.08586815 -0.03222337 0.09563003 0.00627051 -0.03574267 0.0975884 0.0061652 -0.0328747 0.09533001 0.00808978 -0.0328747 0.09533001 0.00808978 -0.03580171 0.09631 0.00874537 -0.03580171 0.09631 0.00874537 -0.03841567 0.0991619 0.00613326 -0.03927749 0.09763867 0.00945998 -0.03927749 0.09763867 0.00945998 -0.04087198 0.09803063 -0.00335973 -0.04084358 0.09734113 0.01033126 -0.04084191 0.11704711 0.0916121 -0.04084358 0.09734113 0.01033126 -0.04097399 0.10213918 0.01689639 -0.06437251 0.10238121 0.08999969 -0.24102129 0.10747207 -0.08883519 -0.29337722 0.11008639 -0.08895054 -0.53322405 0.11372224 -0.08896253 -0.54399544 0.11947215 -0.08842374 -0.54327959 0.12075175 -0.02876923 -0.54332769 0.10648162 0.05088954 -0.54399544 0.11947215 -0.08842374 -0.5553844 0.11539824 0.09027994 -0.04128531 0.10670779 -0.01435642 -0.04108343 0.10601068 -0.00355563 -0.04111031 0.10125969 -0.00428643 -0.03841567 0.0991619 0.00613326 -0.04110211 0.10213036 0.00602926 -0.03995034 0.09988696 0.00893659 -0.03927749 0.09763867 0.00945998 -0.03995034 0.09988696 0.00893659 -0.04106382 0.10067777 0.00946174 -0.04106382 0.10067777 0.00946174 -0.04077327 0.11642165 0.11877108 -0.06361119 0.13307656 0.13481395 -0.14752676 0.1118945 -0.08876005 -0.21631628 0.10867546 -0.08873197 -0.43037748 0.11621401 -0.08902004 -0.54006892 0.12166194 -0.08894876 -0.54308021 0.12216536 -0.08902938 -0.04090092 0.12695809 0.07498848 -0.04082623 0.11873425 0.10296397 -0.04107487 0.10785032 0.02447113 -0.0736981 0.11345429 0.09000191 -0.22873029 0.12056363 -0.08875675 -0.33747774 0.11749674 -0.08895429 -0.37658542 0.12110604 -0.08898149 -0.54328722 0.11283014 0.06561681 -0.54366809 0.11687959 -0.07949134 -0.0418306 0.13322921 -0.13269186 -0.04095218 0.10667668 0.00098947 -0.04076037 0.10614333 0.00859132 -0.04101494 0.10684765 0.01480874 -0.08210489 0.11893357 0.08979976 -0.08366995 0.13532291 -0.08872326 -0.40549409 0.12630095 -0.08900012 -0.54326153 0.12159763 0.01382616 -0.54328132 0.12007625 0.0326504 -0.54304099 0.12369782 0.0890298 -0.54340851 0.13960935 -0.06930359 -0.04118091 0.11158998 -0.0048825 -0.04070956 0.13359274 0.13265628 -0.04104248 0.11086509 0.00522059 -0.04104465 0.11096925 0.01314792 -0.0410392 0.12342194 0.02095014 -0.06437679 0.11911152 0.08993332 -0.12129217 0.13209929 -0.08877312 -0.17564684 0.12530275 -0.08872918 -0.04161203 0.12501733 -0.10301229 -0.041659 0.1686057 0.13480265 -0.25267577 0.12347288 -0.08888653 -0.54325593 0.13473083 0.08191736 -0.55701327 0.13387825 0.09030154 -0.04128316 0.13738261 -0.02776445 -0.04114679 0.12686981 -0.00575561 -0.04095569 0.14242475 0.0545405 -0.08210489 0.11893357 0.08979976 -0.21123914 0.13732417 -0.0886886 -0.50243461 0.12932761 -0.08900031 -0.52659267 0.13435788 -0.08898197 -0.54331726 0.13920556 0.05963336 -0.55532688 0.13406716 0.09036089 -0.04145372 0.13130899 -0.08263174 -0.04139355 0.1316184 -0.05353727 -0.08161713 0.1342824 -0.08824989 -0.10024571 0.14162315 -0.08877639 -0.26007801 0.13856532 -0.08889043 -0.28183398 0.13599603 -0.08892058 -0.31373218 0.13921873 -0.08892883 -0.54325241 0.13762181 -0.01316415 -0.54329354 0.13958637 0.04089897 -0.54327977 0.13955127 0.07020964 -0.54379576 0.13534231 0.09007941 -0.04193047 0.14606334 -0.13447452 -0.04180625 0.13312946 -0.12239486 -0.06299871 0.13536645 0.09079869 -0.07393166 0.13383161 0.08977729 -0.08191517 0.13870482 0.08950096 -0.15712002 0.14769138 -0.08875684 -0.54379576 0.13534231 0.09007941 -0.54368067 0.13984402 -0.08035026 -0.04167905 0.13591106 -0.10863711 -0.04150012 0.14247765 -0.09080102 -0.04106221 0.14164336 0.01052123 -0.0410082 0.14572288 0.0265715 -0.04084948 0.14771642 0.08651321 -0.04079151 0.15164302 0.10757491 -0.0775995 0.13488699 0.08972318 -0.35462901 0.14004149 -0.08894268 -0.47425228 0.13869141 -0.08900429 -0.53568673 0.14726289 -0.08892058 -0.54389751 0.14846353 -0.08838204 -0.54331505 0.153172 -0.04035045 -0.54389751 0.14846353 -0.08838204 -0.04144266 0.14597477 -0.07429388 -0.04115722 0.14426513 -0.00736499 -0.04074124 0.15004222 0.13275705 -0.54326588 0.15448169 -0.02190491 -0.5432598 0.15168305 0.00361096 -0.54311872 0.14019983 0.08905712 -0.54389304 0.14609836 -0.08569182 -0.04186755 0.15285148 -0.132624 -0.04140905 0.15435202 -0.06702799 -0.04128104 0.1564319 -0.0392523 -0.04089421 0.16555889 0.13468392 -0.04089421 0.16555889 0.13468392 -0.12523791 0.1515872 -0.08876969 -0.55543184 0.14661546 0.09031753 -0.04178953 0.14978619 -0.11816513 -0.06325792 0.14483599 0.08960539 -0.06348194 0.13914858 0.08965012 -0.1706055 0.15466093 -0.08873505 -0.19093245 0.15752526 -0.08867934 -0.229545 0.15786739 -0.08871728 -0.24149586 0.15268554 -0.08878527 -0.33087122 0.15554805 -0.08892871 -0.38744888 0.15112968 -0.08898056 -0.42337444 0.15222247 -0.08902121 -0.04163834 0.15315424 -0.10324769 -0.04090637 0.15650849 0.07424226 -0.06359254 0.15767725 0.08954056 -0.07783875 0.16062398 0.08944449 -0.08365507 0.16587959 -0.08869909 -0.21023342 0.16466554 -0.08866269 -0.28231275 0.15915002 -0.08891389 -0.45648009 0.15150504 -0.0890295 -0.50802922 0.16387929 -0.08900168 -0.52577925 0.16219266 -0.08896649 -0.54329312 0.15959589 0.01976123 -0.5432871 0.15506275 0.08248621 -0.06359254 0.15767725 0.08954056 -0.54064578 0.16494845 -0.08888499 -0.5429613 0.17784943 -0.08888698 -0.54335666 0.16798533 -0.07321134 -0.5433563 0.15890159 -0.05920102 -0.54321009 0.17186157 0.08901298 -0.54340357 0.17039432 -0.07582693 -0.0413253 0.17005308 -0.06231627 -0.04092392 0.17292114 0.05255904 -0.04074913 0.17118888 0.12011598 -0.06366272 0.15511392 0.134811 -0.07322422 0.16493262 0.08949858 -0.37114277 0.17313559 -0.08896038 -0.44309497 0.16597064 -0.08903605 -0.48312968 0.17530318 -0.08901957 -0.54333031 0.16606025 0.06374375 -0.54383945 0.15820317 0.09006627 -0.54383945 0.15820317 0.09006627 -0.04140848 0.17185088 -0.0850672 -0.04110643 0.16730095 0.00164402 -0.04080507 0.16901098 0.08851005 -0.08180514 0.18195821 -0.08824919 -0.0981808 0.17440106 -0.08876717 -0.14915848 0.17151068 -0.08874145 -0.27016458 0.17979909 -0.0888885 -0.4072302 0.17522402 -0.08901764 -0.54331779 0.16096325 0.04477447 -0.54373127 0.17618357 -0.08568059 -0.55568171 0.17826448 0.09028979 -0.0417321 0.1725855 -0.11950404 -0.04161945 0.16484995 -0.10372363 -0.04075417 0.17898671 0.13282175 -0.0628472 0.16241641 0.09071003 -0.06433161 0.16253133 0.08952254 -0.08180825 0.17489769 0.08919823 -0.11696178 0.17282413 -0.08875608 -0.17750013 0.17814551 -0.08868758 -0.54376405 0.17720874 -0.0883139 -0.54376405 0.17720874 -0.0883139 -0.55702138 0.17895876 0.09028997 -0.04148695 0.1753846 -0.09612033 -0.04116288 0.18114288 -0.02703925 -0.04094604 0.1856534 0.02639778 -0.040784 0.17433353 0.09837453 -0.25315997 0.17370816 -0.08884098 -0.54329598 0.17099763 0.02464512 -0.54335374 0.17030407 0.08144554 -0.544052 0.1753967 0.09001593 -0.04168341 0.21117301 -0.13240281 -0.07663746 0.17532794 0.08938387 -0.07756585 0.18119188 0.08925268 -0.21921545 0.17778127 -0.08864639 -0.29742423 0.17761452 -0.08891037 -0.53362155 0.17810439 -0.08894791 -0.54334772 0.17384858 -0.04081044 -0.54328883 0.17241938 -0.02147654 -0.54330659 0.17673792 0.04622991 -0.544052 0.1753967 0.09001593 -0.04083881 0.1826712 0.07913142 -0.06288233 0.18212198 0.09067424 -0.08390744 0.18448691 -0.08875588 -0.54332983 0.17900829 0.00691652 -0.54336643 0.17766894 0.07071121 -0.04168871 0.20909648 -0.12571923 -0.04126659 0.18240704 -0.06120333 -0.04102895 0.19590928 0.00040396 -0.04083458 0.1949928 0.07091768 -0.04071778 0.18989272 0.10784198 -0.04067776 0.19578107 0.12460776 -0.06367616 0.18136828 0.13479604 -0.13684438 0.18453245 -0.08871078 -0.20125015 0.18209161 -0.08862878 -0.23865223 0.18392034 -0.08873558 -0.34503189 0.18167387 -0.08892538 -0.45637843 0.18168823 -0.08903518 -0.54316193 0.1912856 -0.08885753 -0.54348743 0.18570583 -0.07052063 -0.54342782 0.18439828 -0.03590509 -0.54335487 0.18047954 -0.01748385 -0.54331923 0.18000601 0.03168571 -0.54351509 0.18904303 0.08218442 -0.04159027 0.19433828 -0.11178923 -0.04136771 0.19028781 -0.08749833 -0.08240855 0.18148576 0.08858913 -0.0986028 0.18613802 -0.08877254 -0.16847989 0.19482656 -0.08871253 -0.21571955 0.19478793 -0.08861192 -0.33031979 0.19466724 -0.08895503 -0.36399576 0.19467248 -0.08895388 -0.38821569 0.19464929 -0.08902028 -0.42372516 0.19471712 -0.08909041 -0.48715761 0.19479792 -0.08901919 -0.51263821 0.18491934 -0.08901687 -0.51466703 0.19468148 -0.08901 -0.54347074 0.1917163 -0.00495949 -0.54343891 0.19170596 0.0132278 -0.54334253 0.18549334 0.05661004 -0.54351097 0.19181265 0.08902368 -0.54357052 0.19134243 -0.07497182 -0.54802883 0.19664966 0.08995003 -0.04083347 0.20455088 0.13470159 -0.04083347 0.20455088 0.13470159 -0.0635311 0.20234086 0.13480836 -0.07870737 0.19436567 0.08902302 -0.08275455 0.18640687 0.08847968 -0.25676244 0.19465287 -0.08884299 -0.53028965 0.19474225 -0.08893241 -0.5440467 0.19098286 -0.08831241 -0.54350567 0.19162159 -0.05702446 -0.54328614 0.1916043 0.03349336 -0.543455 0.1918525 0.07664165 -0.54418588 0.19154377 0.08992483 -0.54418588 0.19154377 0.08992483 -0.5440467 0.19098286 -0.08831241 -0.04129311 0.19124852 -0.06942997 -0.04126546 0.20182313 -0.06534629 -0.04085615 0.19663085 0.0530936 -0.04166436 0.21153446 0.1348362 -0.06381968 0.18707721 0.08935693 -0.06787235 0.19130452 -0.09616341 -0.08221629 0.19413026 0.08883104 -0.0822131 0.19493182 -0.08817607 -0.08327939 0.19157214 0.08832054 -0.10211502 0.19504611 -0.08869191 -0.13756795 0.19485356 -0.08864293 -0.23237425 0.19475658 -0.0886457 -0.29914546 0.19465603 -0.08895034 -0.46619153 0.19475819 -0.08908068 -0.54345369 0.19170688 -0.04337323 -0.54327482 0.19169153 0.0504173 -0.54362303 0.19183438 0.08454424 -0.04115292 0.20031269 -0.03523109 -0.04080918 0.20652775 0.04194701 -0.04070297 0.20541109 0.08690707 -0.04064783 0.21001376 0.1067078 -0.06354681 0.19574197 0.08936255 -0.06776384 0.19561411 -0.09627039 -0.08488463 0.19539408 -0.0886385 -0.08440363 0.19501387 0.08839072 -0.54015952 0.1948704 -0.08894557 -0.54311538 0.19481282 -0.08866498 -0.54407924 0.19572239 -0.08795158 -0.54265809 0.19444756 -0.05749784 -0.54274827 0.19432135 -0.05251611 -0.5427618 0.19426791 0.00610624 -0.54264188 0.19430183 0.02821337 -0.54264623 0.19427763 0.0504666 -0.5428561 0.1943527 0.07634893 -0.54298353 0.19455229 0.08545738 -0.54288661 0.19447856 0.08895369 -0.54355294 0.19514664 0.08990446 -0.54355294 0.19514664 0.08990446 -0.54407924 0.19572239 -0.08795158 -0.54398346 0.19536464 -0.08087455 -0.55699843 0.20858537 0.09012589 -0.04173553 0.21935968 -0.13429421 -0.04069367 0.20499359 0.13266692 -0.06933203 0.20025365 0.08918491 -0.08264366 0.19704391 -0.08806869 -0.08464415 0.19671504 0.08873473 -0.09365655 0.19624563 -0.08822198 -0.08760577 0.19571333 0.08826019 -0.12525745 0.1958708 -0.08818642 -0.15671481 0.1958058 -0.08821285 -0.1856678 0.19569121 -0.08823535 -0.22748296 0.19566797 -0.08816243 -0.26475471 0.19552375 -0.08832002 -0.28588104 0.19553854 -0.08835267 -0.33245978 0.19551761 -0.08835715 -0.37353909 0.19558437 -0.08836116 -0.39710784 0.19560097 -0.08839175 -0.42321944 0.19562764 -0.0884305 -0.44773632 0.19570749 -0.08841674 -0.49908668 0.19572233 -0.08836269 -0.52365386 0.1954733 -0.08829698 -0.52838212 0.19943894 0.0896845 -0.53999925 0.19573061 0.089829 -0.51161653 0.19532739 0.08954148 -0.53988814 0.19578005 -0.08838063 -0.54333305 0.19468798 -0.07079361 -0.54306775 0.19432975 -0.06421894 -0.55529583 0.20657183 0.09018604 -0.04129156 0.20951639 -0.08451388 -0.04074624 0.21350567 0.06232489 -0.06391931 0.20232446 0.08932854 -0.07876599 0.2064992 0.08918065 -0.08283751 0.20880587 0.08910897 -0.0892463 0.20693706 0.0888501 -0.09802113 0.20625736 0.08871441 -0.10812533 0.20611174 0.08873409 -0.13430461 0.20680954 0.08903179 -0.17953888 0.20713191 0.08900569 -0.21660584 0.20699562 0.08905558 -0.25397834 0.20683582 0.08894613 -0.2901518 0.20686974 0.08885339 -0.34957814 0.2069851 0.08893849 -0.3754003 0.2068577 0.08916542 -0.38794574 0.20872842 0.08925925 -0.4059332 0.20705567 0.08911778 -0.47437429 0.20701663 0.08915751 -0.49254847 0.2068211 0.08943838 -0.52943182 0.20708446 0.08979008 -0.54487991 0.20669214 0.08995423 -0.04146665 0.20799495 -0.1042328 -0.06382367 0.20691572 0.08926521 -0.06382367 0.20691572 0.08926521 -0.06652604 0.2070509 0.08912939 -0.0698044 0.20885606 0.0891645 -0.50644529 0.20687871 0.08971669 -0.04115734 0.21173777 -0.0426572 -0.04099807 0.21256025 -0.00324278 -0.04082379 0.21569873 0.02281535 -0.04068175 0.21710326 0.07537303 -0.06425956 0.20926474 -0.09872143 -0.06459571 0.20906349 -0.09589103 -0.06339909 0.20965539 -0.09786641 -0.06322864 0.20959131 -0.09219868 -0.06444396 0.20883547 -0.07912731 -0.06323858 0.20939 -0.08330564 -0.06311031 0.20940955 -0.06138031 -0.06439221 0.20894577 -0.0361054 -0.06315054 0.20941977 -0.04663022 -0.06301494 0.20945318 -0.03398579 -0.06301494 0.20945318 -0.03398579 -0.06439221 0.20894577 -0.0361054 -0.06312597 0.20940627 -0.00440229 -0.06443568 0.20889367 -0.00970849 -0.06443568 0.20889367 -0.00970849 -0.06433123 0.20904694 0.01752421 -0.06312597 0.20940627 -0.00440229 -0.06287864 0.20959155 0.02544751 -0.0644519 0.20918195 0.06777387 -0.06294569 0.20965771 0.05918535 -0.06322107 0.20966686 0.07326134 -0.06441009 0.20930292 0.08563535 -0.06313089 0.20970781 0.08529556 -0.06329906 0.20901667 0.088901 -0.06453913 0.20887746 0.08848944 -0.06453913 0.20887746 0.08848944 -0.06329906 0.20901667 0.088901 -0.06788301 0.20889343 -0.09811144 -0.06809801 0.20871739 -0.07842717 -0.06805812 0.2086641 -0.06730778 -0.06831901 0.20878588 -0.02949277 -0.06808217 0.20877065 -0.01380112 -0.06831901 0.20878588 -0.02949277 -0.06800777 0.20886333 0.00913876 -0.06835212 0.20894109 0.05436882 -0.06831874 0.20888896 0.07786302 -0.06934671 0.20899732 0.08619334 -0.06822866 0.20896621 0.08861662 -0.06822866 0.20896621 0.08861662 -0.07796617 0.20873742 -0.09658246 -0.0744067 0.20875005 -0.08900537 -0.08092074 0.20844416 -0.06009809 -0.07885225 0.2085502 -0.01913318 -0.07552865 0.20870127 0.02655513 -0.07724634 0.20862068 -0.09798889 -0.08247659 0.20854388 0.06997772 -0.08688669 0.20859165 0.08523113 -0.08907907 0.20877193 0.08886178 -0.08283751 0.20880587 0.08910897 -0.0698044 0.20885606 0.0891645 -0.08718437 0.20843242 -0.07240681 -0.08393441 0.20848663 -0.00261859 -0.08131625 0.20855279 0.03207535 -0.09907939 0.20848434 -0.09779567 -0.09307168 0.20861264 -0.09203468 -0.08755317 0.2084818 0.04710241 -0.08907907 0.20877193 0.08886178 -0.0900906 0.2084177 -0.03780967 -0.09128159 0.20844387 0.01143835 -0.09552655 0.20850642 0.07449487 -0.09678151 0.20850269 -0.0829692 -0.1044194 0.20842792 -0.03039262 -0.10331695 0.20847191 -0.07937412 -0.10133183 0.20842566 -0.0579262 -0.10487565 0.20844115 0.00232333 -0.09919032 0.20842849 0.04205076 -0.10201705 0.20845439 0.0660423 -0.11409448 0.20851474 0.08561252 -0.08907907 0.20877193 0.08886178 -0.08688669 0.20859165 0.08523113 -0.10382147 0.20861422 0.08869371 -0.11589448 0.20856784 -0.09652792 -0.12892419 0.20862706 0.08845215 -0.12892419 0.20862706 0.08845215 -0.11553808 0.20843555 0.03609832 -0.09552655 0.20850642 0.07449487 -0.1218718 0.20846672 -0.09302504 -0.11769739 0.20841573 -0.07852389 -0.11528739 0.20842065 -0.06179074 -0.10201705 0.20845439 0.0660423 -0.11735642 0.20846383 0.0646231 -0.09552655 0.20850642 0.07449487 -0.11735642 0.20846383 0.0646231 -0.11409448 0.20851474 0.08561252 -0.13400772 0.20829166 -0.09776431 -0.11553808 0.20843555 0.03609832 -0.1285881 0.20841219 -0.05527607 -0.12733406 0.20842643 -0.02914477 -0.1316238 0.20843913 0.00221834 -0.13257931 0.20850123 0.08901854 -0.12892419 0.20862706 0.08845215 -0.13257931 0.20850123 0.08901854 -0.10382147 0.20861422 0.08869371 -0.141188 0.20843615 0.07146875 -0.13767275 0.2084624 0.08575223 -0.13672715 0.208407 0.04972014 -0.15292864 0.20840533 -0.07845852 -0.15555185 0.20842244 -0.04775229 -0.18059272 0.20846583 -0.08694781 -0.16379863 0.20843156 -0.02689648 -0.1729683 0.20840497 0.01985097 -0.15655395 0.20838891 0.0335547 -0.16629066 0.2085997 -0.09660612 -0.151142 0.20842366 -0.06630641 -0.17784226 0.20837851 0.05161951 -0.17374636 0.20841174 0.06676921 -0.17591879 0.20842583 -0.004899 -0.18570146 0.20852275 0.08581236 -0.1788931 0.20842434 -0.06602164 -0.1809251 0.20852898 -0.09318288 -0.19026241 0.20870088 0.08848578 -0.20185502 0.20844151 -0.07980229 -0.20613047 0.20843191 -0.05684897 -0.19698489 0.208371 0.03981049 -0.20586561 0.20841308 -0.09781702 -0.20613047 0.20843191 -0.05684897 -0.16379863 0.20843156 -0.02689648 -0.15555185 0.20842244 -0.04775229 -0.1989207 0.20845707 0.07299425 -0.2105597 0.20865257 0.08906555 -0.2105597 0.20865257 0.08906555 -0.20931485 0.20842035 0.00431914 -0.22597489 0.20854484 0.0857674 -0.20948917 0.20843653 -0.02477191 -0.20931485 0.20842035 0.00431914 -0.23356359 0.20871048 -0.09657446 -0.21818347 0.20838137 0.05252968 -0.22284192 0.20845003 0.06904178 -0.22197811 0.20843317 -0.03691266 -0.20948917 0.20843653 -0.02477191 -0.22322598 0.20839112 0.03168164 -0.23342638 0.20856921 -0.09242015 -0.23383342 0.20845895 -0.06076972 -0.23208421 0.20874165 0.08847564 -0.23823725 0.20845731 0.05919626 -0.24582182 0.20872243 0.08896081 -0.24582182 0.20872243 0.08896081 -0.2551915 0.20852317 -0.09769639 -0.24344988 0.20848341 -0.07794642 -0.24487369 0.20849676 -0.00996866 -0.2463488 0.2084996 -0.03436834 -0.24487369 0.20849676 -0.00996866 -0.24129751 0.20845355 0.0298798 -0.20931485 0.20842035 0.00431914 -0.24129751 0.20845355 0.0298798 -0.24368082 0.20855232 0.07328072 -0.2506128 0.20868592 0.0857556 -0.2506128 0.20868592 0.0857556 -0.23208421 0.20874165 0.08847564 -0.22597489 0.20854484 0.0857674 -0.26412117 0.2085347 -0.06381661 -0.26998171 0.20889337 0.08841452 -0.24582182 0.20872243 0.08896081 -0.26430544 0.20853566 -0.0455277 -0.25830325 0.2085128 0.01934958 -0.26240063 0.20850517 0.0465024 -0.29236138 0.20871748 -0.09331749 -0.26836288 0.20859797 -0.08647639 -0.26240063 0.20850517 0.0465024 -0.26246607 0.20858879 0.06979544 -0.28918666 0.20856781 -0.03125218 -0.28928602 0.20879491 0.0888837 -0.28928602 0.20879491 0.0888837 -0.27715832 0.2085584 -0.00622631 -0.25830325 0.2085128 0.01934958 -0.29794994 0.20885564 -0.09659141 -0.28337455 0.20851733 0.02767402 -0.28824872 0.20852239 0.05561037 -0.28875709 0.20874144 0.08578126 -0.26998171 0.20889337 0.08841452 -0.29096255 0.20860378 0.07168849 -0.30541158 0.20865916 -0.0880805 -0.29721075 0.20857967 -0.07795545 -0.30266097 0.20860125 -0.09770365 -0.28337455 0.20851733 0.02767402 -0.28824872 0.20852239 0.05561037 -0.26240063 0.20850517 0.0465024 -0.30038404 0.20857488 -0.06612092 -0.29639411 0.20856534 0.00649162 -0.31377509 0.20868705 0.08576247 -0.3233417 0.20857827 -0.0040105 -0.32010585 0.20853908 0.02715324 -0.31227645 0.20857136 0.06950241 -0.31246424 0.20883019 0.08842547 -0.28928602 0.20879491 0.0888837 -0.33055761 0.20857324 -0.05513606 -0.33529949 0.2086121 -0.08272978 -0.29721075 0.20857967 -0.07795545 -0.30541158 0.20865916 -0.0880805 -0.33529949 0.2086121 -0.08272978 -0.333009 0.20857735 -0.07639445 -0.33740085 0.20858188 -0.02723278 -0.31746078 0.20851247 0.04844297 -0.31746078 0.20851247 0.04844297 -0.32818973 0.2085356 0.05853024 -0.32818973 0.2085356 0.05853024 -0.34941652 0.20872845 0.08897027 -0.34941652 0.20872845 0.08897027 -0.33664066 0.20860307 0.0712885 -0.34774694 0.208582 0.01480079 -0.35874566 0.20857029 0.03982557 -0.35770988 0.20859863 -0.09771433 -0.35826856 0.20886771 -0.09658814 -0.35709241 0.20873757 -0.09307149 -0.35709241 0.20873757 -0.09307149 -0.36435699 0.20870392 0.08581997 -0.36623332 0.20884655 0.08852668 -0.37766379 0.20859893 -0.0393318 -0.35874566 0.20857029 0.03982557 -0.38189757 0.2086034 0.05542791 -0.32818973 0.2085356 0.05853024 -0.39149624 0.20863415 -0.07529891 -0.37883025 0.20860122 -0.05948145 -0.38189757 0.2086034 0.05542791 -0.37482917 0.20864256 0.0703444 -0.37661469 0.20868994 -0.08716018 -0.3713553 0.20862742 -0.00832814 -0.38544106 0.20862828 0.02604124 -0.38794574 0.20872842 0.08925925 -0.35770988 0.20859863 -0.09771433 -0.3883743 0.20893751 -0.09658587 -0.35826856 0.20886771 -0.09658814 -0.37661469 0.20868994 -0.08716018 -0.40215883 0.20870788 -0.08500913 -0.42194203 0.20863862 -0.09767024 -0.38959354 0.20863132 -0.02590168 -0.39514181 0.20865761 0.0080722 -0.38544106 0.20862828 0.02604124 -0.3713553 0.20862742 -0.00832814 -0.38544106 0.20862828 0.02604124 -0.40925753 0.20883633 -0.09348048 -0.38959354 0.20863132 -0.02590168 -0.39818949 0.20861875 0.0487081 -0.41584706 0.20863192 -0.0339205 -0.37766379 0.20859893 -0.0393318 -0.40776652 0.20867158 0.07069606 -0.40935045 0.20876686 0.0891244 -0.40935045 0.20876686 0.0891244 -0.41959822 0.20863356 -0.05888883 -0.37883025 0.20860122 -0.05948145 -0.41562349 0.2088875 0.08852541 -0.40925753 0.20883633 -0.09348048 -0.41959822 0.20863356 -0.05888883 -0.41617447 0.20865346 -0.0169288 -0.39514181 0.20865761 0.0080722 -0.40791827 0.20865782 0.03058419 -0.41804174 0.20874937 0.08592775 -0.41617447 0.20865346 -0.0169288 -0.42120543 0.20865925 0.00444587 -0.4267382 0.20865221 0.0234468 -0.42575768 0.20862903 0.05176219 -0.42194203 0.20863862 -0.09767024 -0.43214512 0.20891659 -0.09655489 -0.3883743 0.20893751 -0.09658587 -0.42808533 0.2086757 -0.08014229 -0.43106663 0.2086715 0.07393822 -0.43656731 0.20877878 -0.09293433 -0.43803102 0.20867811 0.08596343 -0.43978605 0.20880263 0.08855231 -0.41584706 0.20863192 -0.0339205 -0.45277727 0.20865889 -0.02803103 -0.44693446 0.20869459 -0.08391976 -0.44963524 0.20865186 -0.07220133 -0.44100612 0.20862599 -0.04593879 -0.44555044 0.20866342 0.00185964 -0.45014131 0.20864783 0.06324171 -0.45046329 0.20864488 0.02773257 -0.45552638 0.20863317 0.04878083 -0.46858811 0.20868947 0.07264791 -0.47072417 0.20868252 0.08568066 -0.46201566 0.2086512 -0.04994873 -0.46151862 0.20868124 -0.01850097 -0.47830856 0.20870201 0.08919863 -0.47830856 0.20870201 0.08919863 -0.4654786 0.20867898 0.00828239 -0.48328346 0.20863344 -0.09774533 -0.48281172 0.20893662 -0.09660567 -0.47653097 0.2087938 -0.09243998 -0.47378579 0.20869659 -0.07860159 -0.47539571 0.20868768 0.03121746 -0.45552638 0.20863317 0.04878083 -0.46858811 0.20868947 0.07264791 -0.45014131 0.20864783 0.06324171 -0.50268185 0.2089342 0.08875397 -0.47907546 0.20869048 -0.05941252 -0.49167907 0.20875056 0.0481686 -0.48804224 0.20872964 -0.03126879 -0.49065599 0.20874031 -0.00603781 -0.49167907 0.20875056 0.0481686 -0.51118845 0.2088155 0.08561254 -0.49521902 0.20881356 -0.08290809 -0.49884522 0.20877279 -0.06946276 -0.50260508 0.20877089 -0.03771877 -0.49550694 0.20877255 0.01891446 -0.50194585 0.20891322 -0.09254201 -0.5218122 0.20869614 -0.09773372 -0.50993401 0.20879291 0.08971891 -0.50993401 0.20879291 0.08971891 -0.52500147 0.20900004 -0.09658141 -0.51148838 0.20879008 -0.06421281 -0.51622689 0.20877303 -0.03413382 -0.5139007 0.20877655 -0.01329081 -0.5139007 0.20877655 -0.01329081 -0.50923598 0.20880152 0.01255056 -0.49065599 0.20874031 -0.00603781 -0.49550694 0.20877255 0.01891446 -0.50923598 0.20880152 0.01255056 -0.5095011 0.20881684 0.04882263 -0.52368093 0.20890151 -0.09295993 -0.5180043 0.20881011 0.0570884 -0.52299798 0.20874737 -0.04697235 -0.52316791 0.20877622 0.00782716 -0.52555954 0.20881464 0.03212585 -0.53448921 0.20880841 0.08610842 -0.52837032 0.20875783 -0.06748671 -0.53992045 0.20881991 0.08985575 -0.53992045 0.20881991 0.08985575 -0.53573811 0.20874883 -0.02258115 -0.53466034 0.20882715 0.0588475 -0.54796934 0.2089081 0.08904864 -0.53781289 0.20892997 -0.09243577 -0.53831875 0.20873301 -0.04985058 -0.53754479 0.20879422 0.01262033 -0.53730595 0.20880385 -0.09776378 -0.53986579 0.20877714 -0.06797976 -0.55542684 0.20904793 -0.09662938 -0.54875755 0.20894779 -0.09367253 -0.55542344 0.20881556 0.01698963 -0.54509044 0.20882304 0.05071944 -0.55552334 0.20897542 -0.08681597 -0.55538642 0.20879118 -0.05794599 -0.55549973 0.20878129 -0.03624855 -0.55549973 0.20878129 -0.03624855 -0.55538988 0.20874704 -0.01867417 -0.53573811 0.20874883 -0.02258115 -0.55538988 0.20874704 -0.01867417 -0.55539078 0.20883094 0.07477566 -0.55525541 0.2087497 0.0861707 -0.55698907 0.20877896 -0.09785783 -0.55542344 0.20881556 0.01698963 -0.55527908 0.20876296 0.04730991 -0.54509044 0.20882304 0.05071944 -0.55527908 0.20876296 0.04730991 -0.55523586 0.20878203 0.09013131 -0.55523586 0.20878203 0.09013131 -0.55723476 0.2087902 -0.09669484 -0.55710483 0.20881476 -0.09225057 -0.55702943 0.20858611 -0.06136601 -0.5570063 0.20852502 -0.01484924 -0.5570063 0.20852502 -0.01484924 -0.5570063 0.20852502 -0.01484924 -0.55695689 0.20857356 0.04090712 -0.55695689 0.20857356 0.04090712 -0.55698931 0.2086582 0.07713225 -0.55699843 0.20858537 0.09012589 -0.04126459 0.2306336 -0.11291615 -0.04124203 0.22094043 -0.09146507 -0.04050606 0.22970931 0.12741847 -0.04148483 0.22439291 -0.13243675 -0.04134712 0.2307782 -0.12314688 -0.04114115 0.22393505 -0.07081813 -0.04106984 0.22260268 -0.04407781 -0.0406262 0.23341037 0.03620783 -0.04053205 0.23335584 0.08388129 -0.04056945 0.23346789 0.10592209 -0.04063705 0.22590952 0.13473082 -0.04063705 0.22590952 0.13473082 -0.04160011 0.23052557 0.13487041 -0.04094169 0.22364603 -0.00651816 -0.0406422 0.23340426 0.05956922 -0.04055628 0.23350047 0.11840962 -0.04045323 0.23072584 0.13277353 -0.04087317 0.23062889 -0.00466652 -0.06354924 0.2257912 0.13481194 -0.04150808 0.2334431 -0.13431405 -0.04124787 0.23085095 -0.13241002 -0.04105225 0.23347358 -0.08567309 -0.04095551 0.23085965 -0.03974424 -0.04073703 0.23338096 0.13472299 -0.04073703 0.23338096 0.13472299 -0.06356928 0.23318933 0.13483259 -0.04133633 0.2335199 -0.13229978 -0.04206523 0.23434506 -0.13242617 -0.04195356 0.23438461 -0.12843931 -0.04141399 0.2335784 -0.12062649 -0.04196519 0.23438247 -0.11623581 -0.04175514 0.23419969 -0.09645639 -0.04171136 0.234194 -0.06622325 -0.04099718 0.23342587 -0.05130308 -0.04171136 0.234194 -0.06622325 -0.04167211 0.23405696 -0.03376509 -0.04099718 0.23342587 -0.05130308 -0.04161963 0.23410062 0.00113208 -0.0408636 0.2334566 -0.00078234 -0.0408636 0.2334566 -0.00078234 -0.04150409 0.2340063 0.02470478 -0.0406262 0.23341037 0.03620783 -0.04147968 0.23398577 0.05543405 -0.0406422 0.23340426 0.05956922 -0.0414097 0.23387317 0.0850428 -0.04053205 0.23335584 0.08388129 -0.04056945 0.23346789 0.10592209 -0.04146492 0.23418231 0.11755686 -0.04055628 0.23350047 0.11840962 -0.04055125 0.2334495 0.13269991 -0.04055125 0.2334495 0.13269991 -0.04151693 0.23412029 0.13271423 -0.04073703 0.23338096 0.13472299 -0.0458118 0.23361735 -0.13443923 -0.04206523 0.23434506 -0.13242617 -0.04150808 0.2334431 -0.13431405 -0.04196519 0.23438247 -0.11623581 -0.04460138 0.23425712 -0.09548586 -0.04175514 0.23419969 -0.09645639 -0.04461777 0.23424725 -0.07009116 -0.05112675 0.23390324 0.06576812 -0.0443213 0.23390408 0.09432547 -0.04914024 0.23407443 0.11092609 -0.05097747 0.2340823 0.12785946 -0.04692286 0.23420088 0.13285272 -0.04607797 0.23357223 0.13483894 -0.04607797 0.23357223 0.13483894 -0.05029547 0.23426183 -0.12721556 -0.04195356 0.23438461 -0.12843931 -0.05251794 0.23429821 -0.10958996 -0.05152819 0.23408593 -0.05145878 -0.06250699 0.23385258 -0.0045414 -0.05295619 0.23390718 0.03322599 -0.05291909 0.23412181 0.1230707 -0.06192817 0.23353998 -0.13438764 -0.0626509 0.23420177 -0.0927393 -0.06268489 0.23416544 -0.06987628 -0.05835417 0.23387028 0.08928758 -0.0625737 0.23410659 0.13280459 -0.0622092 0.23351674 0.13480964 -0.0622092 0.23351674 0.13480964 -0.06234786 0.23422484 -0.13237163 -0.06258537 0.23430659 -0.12577328 -0.06260811 0.23436247 -0.11008393 -0.06243235 0.23385952 -0.03022264 -0.06252201 0.23384179 0.01686789 -0.05934253 0.23390542 0.05515939 -0.06259349 0.23416035 0.11023255 -0.06262757 0.23416106 0.12340994 -0.06254043 0.23395465 0.05169488 -0.06258419 0.23397233 0.09234123 -0.06320085 0.23322715 -0.13426456 -0.06348266 0.23349626 -0.13179779 -0.06348747 0.23359536 -0.10810094 -0.06361984 0.23347606 -0.06286174 -0.06327844 0.23336257 -0.03454143 -0.06341495 0.23333125 -0.00633825 -0.06333072 0.23332618 0.01932087 -0.06328614 0.23340143 0.05092753 -0.06340903 0.23340933 0.07567404 -0.06326549 0.23347332 0.10173832 -0.06345218 0.23348944 0.12532736 -0.06360629 0.23343588 0.13259795 -0.06356928 0.23318933 0.13483259</float_array>
          <technique_common>
            <accessor source="#pos_0-array" count="4721" stride="3">
              <param name="X" type="float"/>
              <param name="Y" type="float"/>
              <param name="Z" type="float"/>
            </accessor>
          </technique_common>
        </source>
        <source id="uvs_0">
          <float_array id="uvs_0-array" count="9442">0.69167 0.8212 0.68804 0.82099 0.6894 0.82189 0.67792 0.82191 0.67896 0.8209 0.66562 0.8212 0.66583 0.82208 0.62673 0.82125 0.63363 0.82209 0.58952 0.82127 0.59699 0.82211 0.56946 0.82219 0.55538 0.82125 0.53905 0.82128 0.51787 0.82225 0.51677 0.82132 0.49759 0.82128 0.47839 0.82226 0.48142 0.82121 0.47368 0.82128 0.47377 0.82239 0.47206 0.82122 0.44467 0.95373 0.44559 0.95191 0.44479 0.95133 0.08284 0.34279 0.08263 0.34039 0.08084 0.34263 0.08092 0.34082 0.08265 0.32874 0.08089 0.32408 0.08268 0.3165 0.08086 0.31018 0.08267 0.28388 0.08081 0.2945 0.08085 0.27711 0.08088 0.26509 0.08264 0.24676 0.08072 0.24639 0.08269 0.21886 0.08063 0.21584 0.08273 0.16657 0.08067 0.16758 0.08253 0.12657 0.08074 0.13485 0.07772 0.12516 0.08251 0.12192 0.08042 0.12187 0.08284 0.1199 0.08041 0.12012 0.07557 0.33469 0.07328 0.32263 0.07341 0.29129 0.07409 0.17345 0.4655 0.98233 0.46497 0.98487 0.46433 0.97378 0.44555 0.94015 0.4447 0.94105 0.06945 0.34265 0.06874 0.31037 0.06882 0.27343 0.07254 0.23345 0.07031 0.21237 0.07 0.12539 0.07195 0.12187 0.06955 0.12014 0.46552 0.97081 0.0661 0.34075 0.06599 0.3346 0.06595 0.32391 0.06565 0.2575 0.06558 0.24022 0.0683 0.19642 0.06824 0.1658 0.06551 0.13373 0.06559 0.12196 0.46516 0.96673 0.44527 0.93674 0.44421 0.93626 0.06609 0.34262 0.06583 0.30982 0.06567 0.27646 0.0657 0.21177 0.06557 0.16266 0.0657 0.12 0.44457 0.93586 0.06493 0.34272 0.06478 0.34074 0.06481 0.33338 0.06456 0.3098 0.0643 0.27081 0.06422 0.23871 0.06443 0.20606 0.06433 0.16463 0.06433 0.15071 0.06426 0.13058 0.64104 0.0487 0.63261 0.04726 0.63608 0.04865 0.63092 0.04764 0.63299 0.0486 0.84044 0.04877 0.81723 0.04876 0.81408 0.05138 0.7789 0.04877 0.77781 0.05115 0.74887 0.05119 0.74734 0.04874 0.72248 0.05114 0.71524 0.04869 0.70639 0.05137 0.67451 0.04867 0.67029 0.05118 0.66084 0.04868 0.63088 0.05187 0.43641 0.95358 0.43752 0.9492 0.43239 0.93591 0.84946 0.04918 0.8476 0.04883 0.84774 0.06048 0.84501 0.0572 0.83827 0.05783 0.81634 0.05736 0.81308 0.05347 0.77784 0.05475 0.74237 0.05466 0.71636 0.05483 0.69292 0.05536 0.67069 0.05525 0.65891 0.0545 0.64034 0.05551 0.63614 0.05481 0.63092 0.05523 0.84951 0.06154 0.7927 0.06094 0.76706 0.05828 0.74679 0.05859 0.73595 0.05846 0.72179 0.05834 0.71222 0.05872 0.65809 0.0605 0.43245 0.93704 0.82816 0.06802 0.77351 0.06532 0.6926 0.06616 0.67416 0.0655 0.42303 0.95328 0.84407 0.06759 0.75031 0.07268 0.73738 0.07071 0.64236 0.07031 0.63325 0.06899 0.63091 0.07241 0.78753 0.07115 0.71751 0.06934 0.41157 0.93576 0.41282 0.93691 0.84945 0.08267 0.69593 0.07338 0.67828 0.07257 0.66289 0.0771 0.84779 0.08258 0.84483 0.08285 0.82045 0.07634 0.82871 0.07948 0.78303 0.07517 0.73797 0.07692 0.71776 0.07597 0.63371 0.0819 0.40492 0.94487 0.81268 0.08008 0.7778 0.07996 0.74779 0.07946 0.69822 0.07894 0.6772 0.0793 0.42006 0.95347 0.408 0.95182 0.83385 0.08767 0.79541 0.08364 0.73791 0.08578 0.71453 0.08492 0.66676 0.08434 0.65324 0.08716 0.82195 0.09014 0.81279 0.08686 0.77501 0.08463 0.676 0.08663 0.80758 0.08902 0.79469 0.08896 0.77863 0.08882 0.74625 0.08925 0.73166 0.08919 0.7147 0.0893 0.69135 0.0895 0.66566 0.09259 0.63293 0.1006 0.38961 0.93539 0.81373 0.09281 0.80144 0.0929 0.77757 0.09281 0.75803 0.09295 0.74553 0.09281 0.7313 0.09296 0.71177 0.09436 0.70095 0.0943 0.69206 0.09432 0.68118 0.09245 0.67892 0.09413 0.67107 0.09403 0.66849 0.0943 0.84939 0.10497 0.84465 0.09879 0.64492 0.09982 0.63091 0.09771 0.40852 0.91281 0.416 0.91204 0.40563 0.90693 0.41105 0.76448 0.41734 0.75947 0.40875 0.75901 0.39491 0.91285 0.39441 0.76451 0.39526 0.77766 0.39158 0.75916 0.40098 0.89714 0.38442 0.91178 0.38544 0.77714 0.37143 0.75901 0.38029 0.89437 0.38317 0.88511 0.39199 0.79241 0.37341 0.76636 0.36883 0.90061 0.37735 0.79503 0.37173 0.75841 0.367 0.91189 0.36441 0.91271 0.38264 0.87284 0.38685 0.85533 0.37046 0.86137 0.38196 0.82484 0.37027 0.77924 0.35898 0.87795 0.36956 0.82493 0.36116 0.8021 0.36074 0.88896 0.34809 0.8594 0.35759 0.83132 0.34887 0.78432 0.34025 0.77 0.33399 0.7645 0.34374 0.89505 0.35194 0.90232 0.337 0.90938 0.32946 0.75847 0.33113 0.77728 0.30977 0.91177 0.34122 0.81416 0.3297 0.7901 0.32715 0.88754 0.32768 0.9037 0.33102 0.84635 0.32359 0.75908 0.33315 0.87728 0.32836 0.82568 0.30655 0.91278 0.31923 0.8124 0.31661 0.80206 0.31834 0.87107 0.30511 0.89288 0.31052 0.85254 0.30245 0.83315 0.30432 0.81726 0.30609 0.774 0.29564 0.90112 0.28299 0.88242 0.29473 0.86831 0.29451 0.8083 0.30069 0.79312 0.29835 0.75912 0.29142 0.76541 0.2791 0.83924 0.2849 0.77183 0.26003 0.75865 0.27494 0.89331 0.27709 0.91278 0.27901 0.78681 0.26907 0.91189 0.28506 0.7977 0.26696 0.90488 0.26938 0.81602 0.26733 0.7629 0.2742 0.86504 0.26611 0.77 0.25714 0.87559 0.25651 0.75919 0.26526 0.78592 0.25636 0.85424 0.24292 0.76125 0.24354 0.83385 0.24381 0.80316 0.25458 0.77676 0.2412 0.76635 0.22924 0.9119 0.24104 0.89399 0.24874 0.79392 0.2328 0.78608 0.20028 0.91285 0.22709 0.81303 0.23035 0.88197 0.22484 0.85364 0.22738 0.77545 0.21763 0.90368 0.21632 0.7668 0.20862 0.89106 0.21679 0.82347 0.21858 0.80068 0.19739 0.75915 0.19449 0.91199 0.20207 0.86814 0.20374 0.81082 0.20218 0.78963 0.20446 0.84154 0.195 0.75863 0.18532 0.78015 0.18969 0.88119 0.18919 0.82192 0.18378 0.7969 0.18492 0.90377 0.17945 0.89164 0.1828 0.84103 0.18822 0.76544 0.18074 0.76997 0.17642 0.86904 0.16812 0.75898 0.17324 0.91283 0.17276 0.91195 0.16926 0.75826 0.16131 0.85524 0.16609 0.90381 0.16211 0.81718 0.16995 0.79731 0.16894 0.7874 0.1624 0.77742 0.16229 0.76636 0.16046 0.88758 0.13959 0.8793 0.1494 0.83128 0.14687 0.90077 0.14495 0.80571 0.14911 0.78678 0.14203 0.76466 0.13739 0.759 0.12923 0.91286 0.12852 0.91201 0.1175 0.89488 0.12054 0.85648 0.12771 0.83667 0.12622 0.77697 0.12804 0.75822 0.12963 0.79477 0.11794 0.81206 0.11798 0.90428 0.09492 0.76459 0.09869 0.81738 0.10399 0.77008 0.08578 0.76129 0.09664 0.88494 0.10701 0.79691 0.09448 0.86852 0.08609 0.84673 0.09308 0.78508 0.09217 0.91207 0.08284 0.90257 0.06128 0.91287 0.08014 0.75802 0.09008 0.80355 0.07205 0.8939 0.07773 0.83234 0.07774 0.77384 0.07595 0.81524 0.07918 0.79818 0.05978 0.91189 0.07079 0.75884 0.07286 0.8685 0.06573 0.78615 0.05623 0.88252 0.05855 0.87376 0.05638 0.85341 0.06063 0.76295 0.05493 0.76789 0.05156 0.8317 0.0555 0.80412 0.05387 0.77839 0.04699 0.88779 0.044 0.77901 0.04263 0.75787 0.04151 0.75879 0.04049 0.76112 0.03929 0.91195 0.0406 0.90347 0.03934 0.89208 0.04195 0.85666 0.04147 0.81427 0.03796 0.76982 0.03073 0.91277 0.0353 0.86649 0.03544 0.8202 0.03094 0.75771 0.02915 0.90745 0.03023 0.89263 0.03239 0.79287 0.03189 0.77503 0.03024 0.76595 0.02913 0.76301 0.02914 0.91294 0.02892 0.75777 0.81851 0.09445 0.82328 0.09595 0.8152 0.09425 0.4283 0.91194 0.42831 0.90857 0.42762 0.91136 0.42755 0.9085 0.80413 0.0945 0.42809 0.89729 0.42744 0.88999 0.78412 0.09451 0.42808 0.8769 0.4275 0.86799 0.75854 0.09449 0.4282 0.85085 0.42748 0.83684 0.73937 0.09449 0.42817 0.83132 0.42869 0.80321 0.42781 0.79576 0.42874 0.7922 0.66211 0.09676 0.8478 0.11115 0.4253 0.91187 0.42503 0.87478 0.42515 0.83669 0.42479 0.80309 0.42479 0.78141 0.42883 0.78314 0.42784 0.77457 0.42871 0.76976 0.425 0.76116 0.42787 0.76132 0.42886 0.76176 0.42892 0.75914 0.4281 0.75935 0.425 0.7592 0.42422 0.91279 0.42149 0.91196 0.42011 0.91285 0.41914 0.90118 0.42016 0.81606 0.41619 0.83434 0.41555 0.80504 0.41571 0.785 0.41944 0.76175 0.41467 0.89038 0.40717 0.88303 0.40584 0.87285 0.42414 0.75893 0.41292 0.7589 0.40944 0.84067 0.4018 0.848 0.40216 0.80936 0.40634 0.7886 0.31637 0.0636 0.31623 0.09459 0.31647 0.08594 0.31659 0.12968 0.31632 0.15338 0.31621 0.18331 0.31655 0.17782 0.31655 0.21112 0.31618 0.26137 0.31653 0.23271 0.31652 0.26953 0.31627 0.28885 0.31669 0.29951 0.31629 0.33358 0.31666 0.33145 0.31662 0.35965 0.31633 0.40264 0.31667 0.38375 0.31672 0.41291 0.31621 0.4337 0.31668 0.43001 0.3164 0.43532 0.03026 0.86851 0.03023 0.8231 0.03026 0.79458 0.02961 0.8971 0.0291 0.89549 0.25179 0.04056 0.24002 0.04082 0.25629 0.04088 0.02907 0.86764 0.02906 0.81812 0.02906 0.77083 0.02905 0.76412 0.25719 0.04069 0.10963 0.04042 0.10447 0.0403 0.11072 0.04067 0.31661 0.02935 0.31649 0.03022 0.31838 0.03027 0.82038 0.0975 0.81866 0.09653 0.66824 0.09667 0.83379 0.10345 0.31638 0.03255 0.31826 0.03186 0.31656 0.03804 0.31646 0.04978 0.31841 0.04106 0.31865 0.43402 0.25638 0.04381 0.25333 0.04282 0.23044 0.0429 0.21261 0.0408 0.21106 0.04274 0.17291 0.04261 0.16387 0.0408 0.11732 0.04079 0.11724 0.04268 0.10791 0.04278 0.10544 0.04286 0.82484 0.10255 0.81853 0.10035 0.32207 0.03042 0.32582 0.03242 0.31657 0.0339 0.32234 0.03405 0.32714 0.03459 0.32211 0.04303 0.32512 0.06609 0.32612 0.12242 0.32798 0.19045 0.32606 0.22622 0.32857 0.25905 0.33358 0.31048 0.32865 0.35376 0.32564 0.40454 0.33122 0.41578 0.32742 0.42836 0.25387 0.04642 0.17519 0.05088 0.14176 0.04638 0.11645 0.04688 0.1078 0.04852 0.37753 0.95354 0.37989 0.95196 0.66279 0.10659 0.84485 0.1138 0.82011 0.10691 0.81814 0.10386 0.32541 0.03042 0.64823 0.11063 0.32955 0.07827 0.23825 0.05773 0.22223 0.05127 0.19466 0.05178 0.14284 0.0518 0.10541 0.05469 0.10447 0.0564 0.66823 0.10763 0.66689 0.10803 0.82482 0.10946 0.81812 0.11024 0.81702 0.10477 0.81713 0.10876 0.32863 0.03294 0.33438 0.03403 0.33266 0.04215 0.50386 0.85317 0.50246 0.85492 0.50147 0.85299 0.50579 0.85664 0.50331 0.85817 0.53451 0.85894 0.55948 0.85868 0.53349 0.86516 0.56053 0.86737 0.58502 0.85827 0.58959 0.87105 0.62588 0.86427 0.64215 0.8581 0.63285 0.87168 0.65556 0.86956 0.66076 0.85835 0.67177 0.86506 0.69509 0.87144 0.72796 0.86471 0.73983 0.86948 0.33545 0.2809 0.77264 0.86905 0.76345 0.87883 0.73044 0.87737 0.79852 0.86969 0.79313 0.87592 0.33378 0.38379 0.83333 0.86756 0.85406 0.86215 0.84764 0.87091 0.86499 0.86816 0.87296 0.86819 0.87439 0.86689 0.87497 0.86787 0.25386 0.05415 0.83732 0.11482 0.83204 0.11594 0.33206 0.03048 0.33043 0.03052 0.33169 0.03201 0.67063 0.40041 0.67256 0.39845 0.67056 0.39838 0.67611 0.40046 0.67751 0.3985 0.68784 0.39841 0.68929 0.40038 0.70917 0.40018 0.71696 0.3981 0.73534 0.40013 0.74612 0.39836 0.76775 0.39997 0.76184 0.39823 0.78709 0.39819 0.7875 0.39986 0.79941 0.39984 0.81105 0.39988 0.809 0.39541 0.81265 0.40037 0.81322 0.39823 0.33943 0.06126 0.81467 0.4005 0.8142 0.39808 0.52056 0.99711 0.52732 0.99672 0.52165 0.99842 0.52681 0.99866 0.33346 0.12848 0.33392 0.15781 0.33733 0.18265 0.33344 0.23156 0.33354 0.33391 0.97991 0.47783 0.97848 0.47592 0.98402 0.47783 0.96705 0.47784 0.95458 0.47613 0.95349 0.47767 0.95358 0.47575 0.88162 0.47791 0.86761 0.47849 0.88004 0.47632 0.86573 0.47637 0.86379 0.47603 0.86435 0.47773 0.33933 0.43514 0.25728 0.06394 0.21827 0.06342 0.1936 0.06228 0.17466 0.0639 0.15457 0.06838 0.12846 0.05973 0.1144 0.06209 0.10775 0.06287 0.66698 0.11808 0.66809 0.11744 0.66362 0.11451 0.8185 0.11476 0.3364 0.03056 0.33561 0.03221 0.64295 0.13114 0.63089 0.14339 0.34166 0.03671 0.67246 0.39369 0.67715 0.39504 0.6884 0.39557 0.72352 0.3947 0.74781 0.39411 0.76004 0.39473 0.78465 0.39386 0.79095 0.3943 0.81248 0.39412 0.80954 0.39076 0.34365 0.08855 0.34162 0.3461 0.33824 0.399 0.34796 0.42629 0.98549 0.48447 0.25637 0.06921 0.25344 0.06817 0.37034 0.94001 0.66442 0.12102 0.82009 0.12287 0.64955 0.13291 0.70437 0.38435 0.6879 0.38041 0.73159 0.3818 0.79827 0.3844 0.34305 0.05106 0.81241 0.38856 0.81424 0.38929 0.34376 0.13293 0.34379 0.15316 0.34393 0.16896 0.34307 0.21307 0.34624 0.23311 0.34285 0.2607 0.35739 0.43365 0.24503 0.06945 0.1217 0.07069 0.84938 0.14 0.34486 0.03204 0.35575 0.04411 0.67059 0.37982 0.68201 0.38171 0.75608 0.38035 0.7761 0.37786 0.80651 0.38221 0.35429 0.27586 0.35036 0.39345 0.35602 0.41374 0.34979 0.42196 0.82686 0.12863 0.63613 0.14527 0.35326 0.03376 0.67246 0.37879 0.67602 0.37967 0.7159 0.37891 0.81418 0.37216 0.36156 0.0538 0.352 0.30899 0.23523 0.08564 0.21634 0.08111 0.19268 0.08686 0.17843 0.08016 0.12675 0.08524 0.11131 0.085 0.10549 0.08016 0.03676 0.64726 0.03743 0.64544 0.03949 0.64726 0.03936 0.64544 0.05994 0.06816 0.05798 0.07014 0.05681 0.0683 0.04828 0.16989 0.04853 0.1731 0.04701 0.17196 0.03734 0.64191 0.03958 0.64188 0.0373 0.63836 0.0397 0.63836 0.35549 0.94723 0.03747 0.63632 0.03951 0.63642 0.66808 0.13691 0.65684 0.14252 0.81857 0.14196 0.36312 0.03069 0.79007 0.37443 0.35036 0.10912 0.36302 0.13329 0.35781 0.20547 0.35338 0.24713 0.35678 0.32623 0.35828 0.3533 0.36926 0.38336 0.10441 0.0679 0.57433 0.72432 0.57218 0.75062 0.5835 0.7367 0.92892 0.03234 0.92543 0.03215 0.92823 0.03014 0.92542 0.0303 0.92191 0.03218 0.9218 0.03036 0.04203 0.64529 0.04265 0.64706 0.91912 0.03234 0.91923 0.03042 0.92537 0.0268 0.9279 0.02659 0.92196 0.02685 0.04265 0.64169 0.91949 0.02667 0.92782 0.02418 0.92577 0.02346 0.92246 0.02348 0.04214 0.63827 0.92028 0.02318 0.92495 0.02146 0.04123 0.63672 0.92089 0.02139 0.84786 0.13885 0.84412 0.13892 0.83031 0.14374 0.69512 0.36989 0.72974 0.36863 0.81222 0.36626 0.36361 0.06621 0.36054 0.07792 0.35793 0.10242 0.36016 0.15699 0.36274 0.43517 0.25723 0.08768 0.35122 0.95186 0.83558 0.15175 0.70814 0.37157 0.76422 0.36852 0.7993 0.35722 0.14432 0.09439 0.11579 0.1065 0.66679 0.1447 0.82001 0.14462 0.37254 0.03155 0.37434 0.04208 0.67054 0.35743 0.37613 0.17595 0.36843 0.30207 0.37818 0.42587 0.25373 0.10135 0.16245 0.09148 0.10795 0.09312 0.33876 0.95347 0.35511 0.9352 0.6634 0.14719 0.64016 0.15567 0.37601 0.03706 0.74481 0.35832 0.77851 0.3613 0.78681 0.35512 0.37433 0.33838 0.37021 0.39799 0.37684 0.43062 0.25637 0.09047 0.21116 0.10024 0.32082 0.94031 0.67254 0.35613 0.70747 0.35978 0.72382 0.35544 0.75642 0.35034 0.37526 0.09868 0.37365 0.25353 0.37855 0.36616 0.24866 0.09918 0.10448 0.10176 0.37533 0.03336 0.67606 0.35676 0.69024 0.3552 0.76795 0.35667 0.37359 0.22537 0.66839 0.1595 0.82453 0.15453 0.81862 0.1529 0.37389 0.03058 0.6309 0.16893 0.37872 0.41947 0.17458 0.11614 0.33129 0.93532 0.84784 0.15876 0.82002 0.15292 0.70881 0.33825 0.812 0.34874 0.81404 0.35234 0.38503 0.08784 0.38041 0.13971 0.38349 0.29433 0.39474 0.4042 0.24078 0.11002 0.81897 0.15841 0.82432 0.15842 0.66708 0.16631 0.64973 0.16621 0.37931 0.03001 0.37907 0.03041 0.38797 0.04775 0.77739 0.34371 0.3898 0.05892 0.38546 0.43383 0.19529 0.11378 0.1322 0.11 0.30503 0.95341 0.84941 0.16418 0.84478 0.1846 0.67568 0.32042 0.69591 0.33964 0.38866 0.20026 0.3868 0.23296 0.39235 0.43518 0.25735 0.11771 0.22529 0.11623 0.1528 0.12124 0.38895 0.03717 0.38744 0.03316 0.68511 0.33072 0.7638 0.33567 0.79958 0.3358 0.39779 0.06878 0.3952 0.34739 0.39433 0.37718 0.10547 0.12769 0.31793 0.94627 0.81913 0.17521 0.6614 0.17531 0.82971 0.1864 0.83502 0.18558 0.82433 0.18526 0.39582 0.02996 0.39074 0.03131 0.73585 0.32684 0.7209 0.32729 0.81202 0.3253 0.3997 0.08602 0.39897 0.11355 0.4026 0.14433 0.39502 0.17874 0.39924 0.33218 0.39933 0.31131 0.20787 0.11863 0.3081 0.93531 0.84783 0.18496 0.63311 0.17162 0.7722 0.32036 0.79072 0.32349 0.81394 0.31269 0.41427 0.35319 0.40021 0.41816 0.41649 0.43001 0.25642 0.12958 0.10798 0.1274 0.64114 0.17502 0.78283 0.31674 0.40662 0.25391 0.41542 0.4258 0.98639 0.51714 0.9882 0.55499 0.98582 0.55341 0.24632 0.12736 0.23494 0.13118 0.41096 0.03058 0.41856 0.03318 0.67047 0.31769 0.40585 0.21108 0.4086 0.29121 0.25381 0.13839 0.1252 0.13311 0.10457 0.14405 0.66844 0.1845 0.65898 0.19433 0.65255 0.20518 0.84941 0.18772 0.64493 0.20386 0.63752 0.19634 0.69002 0.32166 0.74984 0.31716 0.80273 0.31825 0.41024 0.18179 0.41586 0.43378 0.1427 0.14708 0.55024 0.70367 0.55766 0.68572 0.5433 0.68052 0.66672 0.19796 0.41283 0.03138 0.4262 0.04225 0.40859 0.04974 0.70295 0.31487 0.41433 0.37907 0.21446 0.1552 0.01713 0.44467 0.01414 0.44288 0.01369 0.44552 0.00952 0.44297 0.00934 0.44637 0.01017 0.44059 0.00784 0.44296 0.00735 0.44761 0.0083 0.4403 0.81935 0.18682 0.40724 0.0299 0.63089 0.19991 0.67242 0.31842 0.11304 0.14035 0.03672 0.44805 0.03468 0.44685 0.03502 0.45175 0.03676 0.44243 0.0346 0.44395 0.03486 0.44209 0.03168 0.45013 0.03178 0.45197 0.03161 0.4469 0.0316 0.44384 0.03173 0.44181 0.02852 0.45202 0.02845 0.45022 0.02837 0.44686 0.02636 0.44342 0.02775 0.44137 0.02372 0.45214 0.02519 0.45029 0.02197 0.44675 0.02201 0.45069 0.02141 0.44316 0.02151 0.44072 0.01823 0.44654 0.01819 0.45048 0.01816 0.44286 0.0181 0.44032 0.01371 0.44817 0.01375 0.45128 0.01618 0.44167 0.05167 0.12738 0.05024 0.12918 0.05393 0.12856 0.00945 0.44983 0.00961 0.45264 0.00782 0.45061 0.00778 0.45323 0.3 0.94727 0.42539 0.0371 0.43272 0.15711 0.42013 0.20006 0.41648 0.41432 0.22731 0.14817 0.20163 0.16085 0.17051 0.14914 0.28275 0.15898 0.28147 0.15741 0.28106 0.15959 0.03676 0.45136 0.47088 0.9657 0.47131 0.96753 0.47279 0.96686 0.47295 0.96823 0.47606 0.96906 0.47619 0.96721 0.47924 0.96941 0.48024 0.9676 0.48392 0.96956 0.4858 0.96764 0.48561 0.97078 0.4867 0.96879 0.48929 0.97114 0.48958 0.96777 0.48853 0.96606 0.49364 0.97096 0.49409 0.96789 0.49781 0.97071 0.49817 0.96794 0.49933 0.97164 0.49985 0.96838 0.8202 0.1926 0.66828 0.19497 0.81885 0.19062 0.68211 0.30615 0.7213 0.29574 0.75901 0.30487 0.81208 0.30252 0.41785 0.06901 0.42629 0.12267 0.42845 0.33212 0.4248 0.43512 0.25732 0.15063 0.28515 0.15636 0.47041 0.96331 0.47316 0.96387 0.47645 0.96405 0.47971 0.96402 0.4832 0.96356 0.48642 0.96491 0.49059 0.96376 0.49462 0.96453 0.49741 0.96511 0.49939 0.96618 0.43825 0.84729 0.43593 0.84774 0.43743 0.84446 0.43578 0.8448 0.84482 0.21888 0.83576 0.2135 0.82293 0.19927 0.68666 0.29449 0.7866 0.29134 0.79506 0.29418 0.42822 0.08386 0.42999 0.09752 0.42615 0.25453 0.42167 0.27724 0.24864 0.15952 0.10787 0.14642 0.10548 0.14593 0.28732 0.15281 0.2879 0.15558 0.28868 0.15326 0.47325 0.96058 0.47028 0.96025 0.47693 0.96069 0.48036 0.96064 0.48248 0.96052 0.48469 0.96182 0.45368 0.84824 0.45127 0.84826 0.45309 0.847 0.48684 0.96266 0.48744 0.96079 0.44931 0.84598 0.49036 0.9612 0.49264 0.96146 0.44636 0.84536 0.44404 0.84492 0.44524 0.84302 0.44139 0.8443 0.44144 0.84148 0.43783 0.84064 0.05797 0.13902 0.05565 0.13662 0.05452 0.13794 0.43884 0.83781 0.4423 0.83662 0.44111 0.83881 0.57764 0.67424 0.58184 0.67519 0.57988 0.67281 0.30271 0.95352 0.27564 0.9404 0.27582 0.93494 0.84935 0.22049 0.42914 0.04733 0.67246 0.29864 0.67567 0.29454 0.71113 0.28894 0.42708 0.05729 0.42979 0.39915 0.23977 0.17194 0.12397 0.16427 0.2879 0.15053 0.47063 0.95657 0.48105 0.95793 0.03892 0.14048 0.0374 0.13915 0.03683 0.14272 0.03895 0.14243 0.48206 0.9592 0.95462 0.88703 0.95953 0.88736 0.95972 0.88553 0.95568 0.88582 0.96385 0.88806 0.96357 0.88572 0.45483 0.84774 0.69153 0.66568 0.6832 0.65525 0.68978 0.68172 0.83033 0.20649 0.69913 0.29681 0.74538 0.29734 0.43073 0.29494 0.43683 0.41505 0.988 0.57562 0.98426 0.57929 0.25636 0.17516 0.113 0.16627 0.47348 0.95404 0.47779 0.95286 0.4808 0.95347 0.48244 0.95773 0.48254 0.95418 0.95601 0.88222 0.95971 0.88215 0.96344 0.88225 0.66659 0.21717 0.82004 0.21528 0.81871 0.20965 0.42967 0.03068 0.43288 0.03168 0.77644 0.28919 0.81424 0.29533 0.44404 0.18771 0.43786 0.2372 0.44315 0.31176 0.43244 0.4336 0.47107 0.94661 0.47379 0.94341 0.03876 0.1508 0.0367 0.15532 0.48271 0.95055 0.95609 0.87858 0.95977 0.87791 0.9634 0.87859 0.66784 0.20933 0.84781 0.22017 0.82361 0.21238 0.63927 0.24812 0.432 0.03354 0.44247 0.06934 0.44445 0.38455 0.25379 0.18772 0.10452 0.17833 0.4829 0.94583 0.95628 0.87389 0.96346 0.87192 0.63575 0.23261 0.81208 0.29206 0.44327 0.26585 0.22598 0.17945 0.47795 0.94249 0.4809 0.93892 0.95996 0.86812 0.27644 0.9473 0.29141 0.9536 0.66386 0.2214 0.66026 0.22639 0.69107 0.27539 0.44788 0.05223 0.45856 0.36528 0.28389 0.14852 0.28567 0.14735 0.28409 0.11201 0.66769 0.21887 0.83058 0.22093 0.82377 0.22032 0.73442 0.27193 0.45567 0.11323 0.13729 0.18459 0.28574 0.11656 0.47152 0.92923 0.47812 0.9249 0.03645 0.1724 0.03826 0.16943 0.48311 0.93207 0.95645 0.8603 0.24402 0.95167 0.83552 0.22175 0.81878 0.2472 0.46659 0.03066 0.67237 0.26965 0.75091 0.28105 0.80732 0.27487 0.46375 0.05931 0.4502 0.4036 0.45185 0.42537 0.19465 0.18154 0.16202 0.18276 0.47423 0.92532 0.96363 0.85134 0.46235 0.03718 0.46693 0.03345 0.67035 0.26864 0.46699 0.33178 0.46444 0.43046 0.17435 0.1883 0.65591 0.25542 0.65147 0.25575 0.46721 0.03168 0.70005 0.25737 0.8019 0.26921 0.46464 0.07968 0.18376 0.20007 0.11724 0.19213 0.2381 0.94638 0.66688 0.24258 0.66763 0.2417 0.84783 0.23479 0.84463 0.24038 0.82326 0.23495 0.82022 0.23453 0.64493 0.25453 0.464 0.13725 0.46045 0.4139 0.10544 0.20337 0.47173 0.91694 0.48099 0.91896 0.95997 0.84407 0.25185 0.95362 0.66369 0.24432 0.8375 0.25442 0.83008 0.23733 0.6309 0.2443 0.68219 0.26207 0.81169 0.2494 0.46476 0.19384 0.46586 0.21849 0.45545 0.23416 0.47786 0.29427 0.47866 0.43361 0.2483 0.21767 0.1079 0.19622 0.0383 0.1857 0.03654 0.18562 0.4832 0.91652 0.95647 0.84499 0.834 0.25692 0.72389 0.25899 0.77186 0.26652 0.75615 0.26115 0.79258 0.25273 0.81429 0.24906 0.46426 0.25371 0.47742 0.26788 0.47816 0.43508 0.25726 0.20476 0.21106 0.19367 0.47846 0.90924 0.8272 0.2519 0.46833 0.0492 0.77537 0.25084 0.47024 0.16509 0.28548 0.09205 0.48133 0.90451 0.55252 0.6372 0.5685 0.61867 0.55857 0.61647 0.66023 0.25694 0.8494 0.26008 0.46433 0.39024 0.47214 0.40687 0.47534 0.4226 0.14725 0.1962 0.47475 0.90073 0.8479 0.25621 0.83031 0.25608 0.8201 0.25594 0.48102 0.04251 0.67076 0.26693 0.6723 0.25541 0.67071 0.25673 0.6766 0.25385 0.4761 0.06799 0.48361 0.89869 0.95642 0.82745 0.82301 0.25752 0.48135 0.03721 0.47781 0.372 0.23029 0.21481 0.16455 0.21293 0.03631 0.2076 0.03803 0.20785 0.96351 0.82537 0.22609 0.94034 0.66665 0.25437 0.84458 0.26331 0.67032 0.25535 0.71784 0.24722 0.48853 0.09039 0.48355 0.11626 0.23964 0.21311 0.96001 0.8243 0.81855 0.26182 0.48097 0.03063 0.481 0.03196 0.1631 0.00217 0.15513 0.00124 0.15966 0.00167 0.63613 0.29243 0.48055 0.0338 0.78489 0.24037 0.49227 0.19322 0.20194 0.21354 0.47247 0.87661 0.47917 0.88018 0.23683 0.93483 0.66661 0.25898 0.75002 0.23214 0.48965 0.04712 0.48302 0.23602 0.4955 0.34656 0.49364 0.42582 0.25634 0.22074 0.13322 0.22775 0.11299 0.22532 0.28416 0.07026 0.482 0.88389 0.67224 0.23753 0.6856 0.24211 0.49424 0.155 0.49133 0.4091 0.48431 0.87823 0.95636 0.80731 0.83693 0.28811 0.70772 0.23878 0.81207 0.23939 0.49525 0.38774 0.12168 0.23732 0.10445 0.23512 0.28561 0.07228 0.96358 0.81023 0.49683 0.22332 0.50304 0.25121 0.50122 0.27787 0.50675 0.326 0.97519 0.6467 0.98566 0.60874 0.98527 0.65176 0.22124 0.23453 0.15215 0.23321 0.03626 0.2195 0.664 0.29137 0.84787 0.28969 0.6309 0.28974 0.51251 0.03372 0.6898 0.23162 0.6803 0.2204 0.70189 0.22457 0.71666 0.22402 0.73621 0.2225 0.80348 0.22574 0.50619 0.05684 0.50511 0.36781 0.50147 0.41941 0.50727 0.43509 0.25721 0.23429 0.10765 0.24114 0.47522 0.87624 0.03798 0.21981 0.95994 0.80782 0.1968 0.95353 0.20553 0.935 0.66025 0.28935 0.84453 0.29012 0.81863 0.28805 0.50676 0.03053 0.51478 0.03679 0.67024 0.21143 0.75626 0.21499 0.77574 0.22258 0.78918 0.21493 0.81437 0.21895 0.50402 0.0732 0.51106 0.13195 0.19178 0.23323 0.84946 0.29187 0.83174 0.28797 0.67223 0.21033 0.51476 0.16836 0.52256 0.39993 0.50783 0.43355 0.4825 0.86849 0.03813 0.22895 0.82025 0.29807 0.50885 0.08823 0.51617 0.30779 0.47532 0.86683 0.47254 0.8681 0.03648 0.22903 0.48464 0.86811 0.95614 0.79736 0.95975 0.79688 0.96363 0.79712 0.65106 0.29005 0.82322 0.29591 0.51071 0.03194 0.53023 0.04097 0.51718 0.04585 0.76569 0.20177 0.17682 0.01651 0.18154 0.01445 0.20624 0.01673 0.50478 0.11147 0.51333 0.21291 0.52439 0.40966 0.25377 0.2528 0.10546 0.24237 0.28522 0.05874 0.47937 0.86673 0.62487 0.56905 0.61283 0.58265 0.62842 0.58587 0.66655 0.2975 0.68692 0.20642 0.81156 0.20871 0.5184 0.38708 0.5159 0.42511 0.2365 0.24378 0.16885 0.24818 0.03653 0.23725 0.03805 0.24212 0.48456 0.8611 0.95617 0.79041 0.96365 0.79111 0.20026 0.94281 0.64168 0.29812 0.52444 0.2855 0.52921 0.4175 0.20461 0.24781 0.1112 0.24837 0.28406 0.05071 0.28613 0.04887 0.47256 0.85669 0.47939 0.85492 0.4825 0.8575 0.95983 0.78743 0.17685 0.93542 0.8357 0.2992 0.83047 0.30026 0.81853 0.30143 0.51991 0.03048 0.522 0.34751 0.53576 0.42973 0.47548 0.85415 0.48467 0.85525 0.95597 0.78457 0.96364 0.78615 0.65285 0.32203 0.84793 0.31932 0.69887 0.19664 0.71231 0.19582 0.78078 0.2007 0.52983 0.0795 0.5227 0.1001 0.52187 0.18942 0.24731 0.26057 0.17963 0.25912 0.02713 0.24491 0.02611 0.24631 0.02734 0.2462 0.28922 0.04711 0.28832 0.04843 0.29037 0.04827 0.28473 0.04809 0.0289 0.24431 0.03018 0.24534 0.47203 0.85426 0.48293 0.8538 0.03624 0.24543 0.03787 0.24541 0.48419 0.8527 0.95441 0.78239 0.9558 0.78277 0.95957 0.78412 0.95935 0.78261 0.96332 0.78293 0.96169 0.78169 0.17535 0.95153 0.74002 0.19817 0.52783 0.06141 0.52906 0.36245 0.97336 0.66548 0.98441 0.69126 0.25637 0.25939 0.21665 0.25982 0.28871 0.04388 0.28791 0.04566 0.28932 0.04548 0.28468 0.04455 0.28475 0.04605 0.28068 0.04547 0.28107 0.04633 0.47042 0.85367 0.4723 0.85233 0.46965 0.85222 0.47553 0.85207 0.47911 0.85167 0.48245 0.85135 0.03713 0.24738 0.04006 0.24936 0.04012 0.24758 0.4851 0.85116 0.04321 0.24986 0.86534 0.77406 0.86913 0.77363 0.868 0.77577 0.8652 0.78447 0.86521 0.78308 0.86726 0.78345 0.86684 0.78521 0.86945 0.78535 0.87078 0.78394 0.86562 0.77952 0.8677 0.77972 0.87108 0.78025 0.86595 0.77697 0.87157 0.77624 0.87063 0.77412 0.87323 0.78349 0.874 0.78082 0.8743 0.77797 0.18223 0.94605 0.17795 0.93997 0.66376 0.32305 0.66044 0.32267 0.84442 0.31282 0.8315 0.31035 0.8236 0.30956 0.63092 0.32305 0.67734 0.19735 0.81443 0.18903 0.53628 0.13152 0.53001 0.23306 0.53775 0.33203 0.53174 0.43373 0.53894 0.43507 0.25732 0.26642 0.46821 0.8513 0.46933 0.8489 0.47239 0.84864 0.47555 0.84849 0.47893 0.84836 0.48404 0.84818 0.48755 0.85034 0.4886 0.84829 0.87222 0.78511 0.49017 0.84978 0.87522 0.78529 0.49153 0.84728 0.49282 0.84877 0.87289 0.77531 0.04737 0.24985 0.04482 0.24999 0.04632 0.25151 0.05068 0.25209 0.8768 0.77436 0.87609 0.77717 0.87633 0.78137 0.87856 0.78557 0.88034 0.78245 0.88074 0.778 0.88119 0.77567 0.88426 0.7787 0.88371 0.78325 0.8848 0.77658 0.58475 0.56263 0.58057 0.56218 0.5807 0.56383 0.57636 0.56123 0.57641 0.56296 0.57448 0.56034 0.57391 0.56185 0.84942 0.32099 0.83732 0.31615 0.82012 0.3164 0.52811 0.0322 0.5306 0.03405 0.6702 0.18708 0.79563 0.19285 0.13815 0.26483 0.11673 0.26136 0.10451 0.2637 0.47237 0.84438 0.46971 0.84443 0.477 0.84436 0.48457 0.84428 0.48823 0.84424 0.49238 0.84464 0.49419 0.8463 0.49577 0.84786 0.49667 0.84509 0.49438 0.84355 0.88174 0.7851 0.49877 0.8475 0.88287 0.78521 0.5003 0.84458 0.49985 0.84743 0.81838 0.31266 0.53095 0.03027 0.63496 0.32067 0.53192 0.03686 0.67224 0.19386 0.72937 0.18216 0.75074 0.18158 0.7866 0.18983 0.81148 0.18607 0.53532 0.09754 0.5308 0.18939 0.54262 0.26852 0.28579 0.03526 0.28743 0.03705 0.28694 0.03459 0.47013 0.84232 0.47547 0.84182 0.48165 0.84144 0.48553 0.84108 0.49162 0.84091 0.49401 0.84136 0.49572 0.84042 0.50031 0.83985 0.66652 0.32519 0.82405 0.31753 0.83157 0.31824 0.64209 0.32134 0.68521 0.18454 0.54055 0.05302 0.54428 0.15626 0.54638 0.30827 0.55023 0.35123 0.54007 0.39117 0.54233 0.37275 0.55338 0.4244 0.23518 0.27308 0.05326 0.233 0.05167 0.23623 0.05329 0.23666 0.05049 0.23956 0.05229 0.24018 0.4915 0.83931 0.49575 0.83755 0.05081 0.24443 0.4992 0.83771 0.50147 0.83839 0.49976 0.83691 0.58489 0.55241 0.58338 0.55197 0.58342 0.55401 0.53951 0.03215 0.55127 0.19859 0.54587 0.23114 0.24491 0.27098 0.10784 0.27241 0.05544 0.24115 0.05269 0.24508 0.05632 0.24273 0.05495 0.24575 0.49572 0.83572 0.49895 0.83333 0.05329 0.24925 0.84471 0.32237 0.81843 0.32384 0.54194 0.0302 0.54711 0.03407 0.776 0.17969 0.79319 0.17905 0.55779 0.10824 0.10542 0.27315 0.58175 0.5488 0.58361 0.5475 0.58148 0.5459 0.14862 0.95037 0.15034 0.93972 0.1521 0.93536 0.83229 0.34015 0.82545 0.33313 0.69065 0.16053 0.70547 0.16649 0.55643 0.07878 0.55246 0.41083 0.20415 0.27247 0.12517 0.27739 0.5814 0.54346 0.57604 0.54347 0.57505 0.54447 0.55769 0.39709 0.25375 0.28226 0.17098 0.27851 0.11564 0.28357 0.13724 0.9535 0.84466 0.34795 0.8202 0.33732 0.55704 0.03215 0.64064 0.3513 0.63564 0.34764 0.57136 0.03665 0.56742 0.0402 0.6722 0.17007 0.81158 0.16458 0.81424 0.15924 0.55443 0.04895 0.5677 0.43362 0.24507 0.29413 0.2207 0.28363 0.65928 0.34951 0.65325 0.35486 0.84939 0.34612 0.83913 0.34638 0.81838 0.34079 0.55861 0.03017 0.74408 0.16379 0.56231 0.33796 0.20881 0.29905 0.66335 0.35896 0.64611 0.35878 0.67549 0.16073 0.72951 0.15408 0.76421 0.16267 0.56685 0.05762 0.25635 0.31205 0.18757 0.29646 0.14785 0.29374 0.10785 0.29116 0.10541 0.29225 0.10442 0.29703 0.82429 0.347 0.56838 0.03397 0.78265 0.16496 0.79473 0.15726 0.56575 0.13828 0.56381 0.17435 0.5593 0.24394 0.56333 0.28897 0.56512 0.32158 0.56924 0.37546 0.56645 0.41563 0.57176 0.43048 0.84795 0.35326 0.67017 0.15667 0.68111 0.15131 0.80387 0.14919 0.56634 0.20573 0.57164 0.40662 0.1273 0.29331 0.11299 0.30013 0.66666 0.3524 0.82021 0.34966 0.63093 0.35052 0.76538 0.15114 0.59093 0.04493 0.58425 0.08574 0.57319 0.24319 0.25367 0.31298 0.23263 0.29766 0.83024 0.35644 0.57202 0.03198 0.67199 0.14224 0.5734 0.09624 0.57893 0.42004 0.8355 0.36073 0.82355 0.3576 0.81137 0.1419 0.58429 0.11554 0.58346 0.22249 0.58131 0.34958 0.58451 0.39946 0.17398 0.30787 0.13362 0.95328 0.84947 0.36631 0.8201 0.36105 0.81852 0.36249 0.57995 0.03047 0.72131 0.14065 0.7027 0.14363 0.78336 0.14277 0.58855 0.17632 0.58478 0.19588 0.58434 0.26072 0.58275 0.28084 0.58622 0.32152 0.57865 0.42568 0.58926 0.43511 0.25726 0.31747 0.22483 0.31355 0.14007 0.31216 0.12566 0.31142 0.10792 0.31573 0.10539 0.31224 0.66675 0.36663 0.58386 0.03194 0.25491 0.00211 0.25836 0.00137 0.26298 0.00118 0.63093 0.36869 0.57939 0.03381 0.58592 0.04033 0.79631 0.14092 0.58386 0.05613 0.58445 0.14444 0.23713 0.32398 0.20436 0.31375 0.83908 0.38286 0.63601 0.38911 0.67547 0.12681 0.76665 0.13241 0.81408 0.13634 0.5939 0.41364 0.16402 0.3177 0.12534 0.93937 0.83247 0.37068 0.82381 0.37153 0.59798 0.03683 0.68951 0.13688 0.74504 0.12949 0.5944 0.38697 0.13221 0.93531 0.66401 0.37478 0.65941 0.37419 0.8202 0.37813 0.5929 0.13294 0.59361 0.27179 0.59511 0.31081 0.59196 0.42561 0.24568 0.3152 0.11436 0.33833 0.66673 0.37472 0.81838 0.37801 0.5952 0.03033 0.59617 0.03425 0.6701 0.11745 0.71574 0.12805 0.80725 0.13127 0.59514 0.07691 0.59657 0.24522 0.09839 0.93534 0.84777 0.39945 0.59882 0.03228 0.68019 0.12757 0.69791 0.12894 0.25799 0.01652 0.27651 0.01566 0.28739 0.01647 0.81147 0.12185 0.60084 0.28588 0.59676 0.35599 0.25385 0.33259 0.19956 0.33032 0.10442 0.33411 0.10203 0.95325 0.84486 0.3971 0.82858 0.39008 0.78893 0.12858 0.60326 0.0598 0.59894 0.09879 0.60218 0.12392 0.59969 0.20813 0.60065 0.40344 0.25634 0.33118 0.22112 0.32893 0.66409 0.38844 0.65235 0.38768 0.61358 0.0399 0.72906 0.11882 0.60491 0.34417 0.61914 0.42447 0.17145 0.33668 0.14686 0.33926 0.12598 0.33207 0.1078 0.33843 0.66676 0.39096 0.65928 0.38999 0.84946 0.40063 0.82038 0.39757 0.8183 0.39094 0.60782 0.03016 0.64979 0.39674 0.6902 0.11 0.71262 0.11647 0.70276 0.11214 0.76414 0.1209 0.78791 0.11345 0.79575 0.114 0.80284 0.11868 0.29331 0.01635 0.60373 0.16146 0.60807 0.19317 0.60364 0.24568 0.60382 0.38788 0.60484 0.43376 0.61996 0.43519 0.25722 0.3486 0.10535 0.34159 0.60793 0.03215 0.63094 0.39034 0.61253 0.03423 0.67213 0.11786 0.67973 0.10701 0.81209 0.1177 0.81401 0.11758 0.61009 0.07831 0.6083 0.10616 0.60975 0.30441 0.24494 0.3392 0.2336 0.33751 0.18999 0.33998 0.0977 0.93931 0.83208 0.40408 0.6176 0.03613 0.74191 0.107 0.75309 0.11243 0.6136 0.13361 0.61185 0.15926 0.61296 0.22091 0.61243 0.26259 0.61336 0.34207 0.61268 0.38848 0.61196 0.41088 0.21784 0.34186 0.82065 0.40137 0.81806 0.39451 0.61117 0.03004 0.61163 0.03177 0.63093 0.40764 0.67228 0.10674 0.67557 0.1069 0.76952 0.11096 0.80328 0.10944 0.807 0.11356 0.81392 0.11352 0.61874 0.43363 0.25636 0.35337 0.66111 0.40189 0.66674 0.39986 0.81838 0.39808 0.81663 0.39584 0.81639 0.39827 0.61289 0.0301 0.61517 0.03008 0.61509 0.02967 0.2931 0.00221 0.29731 0.00168 0.30143 0.00294 0.64091 0.40922 0.67012 0.10676 0.70829 0.10702 0.72898 0.10699 0.79085 0.10964 0.80988 0.11011 0.81185 0.10931 0.81383 0.10927 0.25296 0.3487 0.11544 0.34701 0.10787 0.3529 0.84398 0.41124 0.81847 0.40175 0.81633 0.40192 0.61846 0.02953 0.61849 0.02995 0.30435 0.00146 0.63553 0.41211 0.61872 0.03406 0.62014 0.04492 0.69013 0.1069 0.68426 0.106 0.69063 0.10608 0.70318 0.10599 0.71844 0.10596 0.73586 0.10601 0.91748 0.04822 0.92353 0.04726 0.93325 0.04845 0.76061 0.10694 0.75165 0.10587 0.76774 0.10606 0.77335 0.1069 0.78183 0.10599 0.78684 0.10694 0.96338 0.04821 0.96841 0.04739 0.96943 0.04867 0.7934 0.10696 0.97495 0.04748 0.97303 0.04915 0.98551 0.04923 0.80644 0.10703 0.98798 0.04789 0.98996 0.04936 0.81066 0.10727 0.81206 0.10651 0.99222 0.04804 0.99331 0.04926 0.98332 0.05241 0.98999 0.05218 0.9934 0.0522 0.81409 0.10633 0.99533 0.04968 0.99522 0.05238 0.87298 0.05233 0.88564 0.05247 0.88993 0.0578 0.90802 0.05214 0.93007 0.0502 0.92941 0.05701 0.95128 0.0531 0.96064 0.05157 0.97226 0.0573 0.98665 0.05716 0.9904 0.05592 0.99339 0.05575 0.61961 0.06353 0.87164 0.0615 0.93134 0.0627 0.95771 0.06198 0.9933 0.06627 0.99506 0.06613 0.8966 0.06704 0.97081 0.07129 0.98992 0.06884 0.87011 0.06944 0.95161 0.06885 0.98381 0.07155 0.87704 0.08019 0.88964 0.07851 0.90761 0.08231 0.92445 0.07437 0.93789 0.08117 0.96549 0.08199 0.99009 0.08239 0.9951 0.0808 0.3037 0.03503 0.304 0.03652 0.30337 0.04969 0.98614 0.08586 0.99331 0.08103 0.30369 0.05706 0.88022 0.08734 0.97978 0.09288 0.94275 0.09069 0.61996 0.09911 0.86761 0.09172 0.88615 0.09563 0.91216 0.09917 0.96377 0.09367 0.97245 0.09627 0.99505 0.10636 0.30329 0.07522 0.99341 0.1136 0.87741 0.10202 0.95547 0.10458 0.88962 0.11392 0.94131 0.11013 0.98374 0.119 0.30368 0.08246 0.96694 0.11421 0.97294 0.12691 0.86697 0.11734 0.87602 0.12165 0.90878 0.1283 0.93315 0.12482 0.98984 0.12438 0.61926 0.13452 0.96164 0.13605 0.99491 0.13552 0.30336 0.10438 0.94797 0.13959 0.87115 0.14468 0.89391 0.14401 0.30376 0.10122 0.88175 0.14426 0.91142 0.15356 0.97734 0.15711 0.98987 0.154 0.99308 0.15471 0.30373 0.12586 0.93082 0.15355 0.87275 0.16589 0.882 0.18572 0.95226 0.15915 0.99485 0.16283 0.30331 0.13168 0.89189 0.16514 0.94335 0.17421 0.96752 0.17798 0.98381 0.17222 0.90918 0.16893 0.95927 0.1854 0.99298 0.18856 0.61995 0.17657 0.30378 0.15356 0.92491 0.18605 0.98982 0.18753 0.99473 0.18796 0.3034 0.1568 0.8941 0.20217 0.97848 0.20289 0.87019 0.19461 0.9458 0.19743 0.61964 0.19615 0.91488 0.20026 0.98622 0.21475 0.96404 0.21592 0.9744 0.22797 0.99458 0.22336 0.30342 0.19221 0.87394 0.21487 0.92151 0.21302 0.93575 0.21807 0.95452 0.21949 0.30379 0.19242 0.87639 0.23033 0.91092 0.23338 0.62006 0.22847 0.86601 0.23553 0.95154 0.23562 0.9895 0.23347 0.99282 0.23551 0.89279 0.23274 0.93286 0.23287 0.88262 0.2429 0.92627 0.24946 0.94264 0.25393 0.9641 0.24847 0.98611 0.25046 0.88825 0.25455 0.99447 0.26025 0.30348 0.2291 0.62012 0.25576 0.97635 0.2534 0.98952 0.25934 0.8732 0.25507 0.30392 0.23793 0.91179 0.2608 0.86598 0.25629 0.88051 0.26204 0.96446 0.2641 0.99276 0.26447 0.93193 0.27332 0.86597 0.27198 0.87281 0.27492 0.89884 0.27212 0.95464 0.27281 0.97747 0.28097 0.98595 0.27743 0.92082 0.27938 0.88125 0.28154 0.98948 0.28936 0.99272 0.28916 0.99452 0.28506 0.30352 0.25393 0.62017 0.29381 0.89915 0.28499 0.94438 0.28341 0.95916 0.29128 0.92736 0.29058 0.96867 0.28979 0.30402 0.26151 0.86936 0.29124 0.9101 0.29954 0.88367 0.29518 0.94547 0.29812 0.97984 0.30813 0.86621 0.3177 0.87515 0.30984 0.92738 0.3102 0.9858 0.31737 0.8917 0.3086 0.96154 0.3131 0.97431 0.32399 0.99439 0.31956 0.30355 0.28844 0.91471 0.32445 0.94471 0.31284 0.99262 0.32129 0.30404 0.2782 0.88241 0.33181 0.93505 0.33037 0.98919 0.34123 0.87085 0.3312 0.90127 0.34 0.95361 0.33399 0.30413 0.30514 0.96693 0.34262 0.99436 0.34308 0.30364 0.31197 0.62024 0.33559 0.88624 0.35078 0.99244 0.34805 0.86515 0.34258 0.86854 0.35237 0.98566 0.36357 0.94386 0.35107 0.9616 0.36124 0.9128 0.35302 0.92877 0.36577 0.97682 0.37001 0.87727 0.37187 0.89939 0.36637 0.98902 0.38479 0.94532 0.38198 0.30408 0.33618 0.86534 0.37226 0.91367 0.37362 0.9943 0.37658 0.30354 0.3455 0.99247 0.3798 0.62033 0.37062 0.96409 0.38146 0.30411 0.34545 0.89153 0.38885 0.97877 0.39535 0.91905 0.39123 0.62275 0.39496 0.87143 0.39588 0.30412 0.35943 0.99457 0.4006 0.99517 0.39051 0.95828 0.40036 0.97107 0.40224 0.89251 0.40382 0.98866 0.40618 0.99533 0.40114 0.62001 0.41488 0.92938 0.40272 0.92715 0.40997 0.9474 0.41269 0.96399 0.41129 0.86409 0.40914 0.90268 0.41139 0.97496 0.41886 0.99452 0.41449 0.8701 0.41842 0.89504 0.41468 0.98458 0.42096 0.99098 0.42037 0.99545 0.42445 0.91952 0.41806 0.95768 0.41803 0.89203 0.42412 0.94276 0.42433 0.96511 0.42445 0.99463 0.42454 0.87592 0.42424 0.91641 0.42422 0.98357 0.42462 0.99082 0.42472 0.87964 0.42643 0.87559 0.42634 0.92728 0.42659 0.94524 0.42656 0.96332 0.42661 0.98435 0.42686 0.99175 0.42699 0.9946 0.42695 0.99559 0.42736 0.9883 0.77001 0.98527 0.76991 0.98174 0.76905 0.97993 0.7696 0.9806 0.76773 0.23577 0.34747 0.21995 0.34873 0.19224 0.34706 0.16883 0.34911 0.13743 0.34869 0.10454 0.35848 0.07774 0.95356 0.82339 0.4077 0.82059 0.40473 0.81837 0.40497 0.81665 0.40421 0.62049 0.02988 0.62202 0.03008 0.62148 0.03152 0.66342 0.41266 0.64965 0.40947 0.62119 0.03392 0.67018 0.10498 0.67247 0.10528 0.67649 0.10568 0.85819 0.04747 0.86595 0.0474 0.86151 0.04908 0.87231 0.04793 0.85188 0.04781 0.85417 0.04762 0.85386 0.05466 0.85177 0.0569 0.85769 0.05363 0.86138 0.05278 0.88485 0.04832 0.90008 0.04829 0.94932 0.04808 0.6223 0.04891 0.85377 0.06619 0.85813 0.06723 0.30465 0.02449 0.85173 0.08289 0.8572 0.09182 0.85368 0.09306 0.86249 0.10727 0.85162 0.10877 0.85691 0.11362 0.85349 0.12835 0.85153 0.13258 0.85679 0.15598 0.86257 0.14644 0.85348 0.15874 0.85149 0.16697 0.86361 0.16516 0.62295 0.16032 0.86227 0.18914 0.85522 0.18306 0.85127 0.19763 0.86051 0.22539 0.85655 0.22429 0.85118 0.215 0.85326 0.23196 0.85106 0.25331 0.85727 0.2639 0.85314 0.26578 0.85711 0.29197 0.85095 0.2871 0.85086 0.30649 0.86207 0.30792 0.85618 0.34017 0.85076 0.32796 0.85961 0.33746 0.85071 0.34813 0.85269 0.34917 0.85717 0.38985 0.85061 0.39036 0.85273 0.3913 0.86263 0.39025 0.85672 0.40321 0.8526 0.41043 0.85061 0.41057 0.85879 0.4174 0.85306 0.42227 0.85049 0.42392 0.86047 0.4241 0.8743 0.42581 0.85084 0.42736 0.85659 0.4273 0.86253 0.42644 0.86177 0.42708 0.62826 0.43381 0.23309 0.354 0.20375 0.35208 0.11808 0.35679 0.10557 0.35702 0.66673 0.41008 0.84794 0.41406 0.84934 0.41556 0.82043 0.40813 0.81895 0.40691 0.62336 0.03156 0.6236 0.03046 0.6252 0.03 0.62476 0.03272 0.3097 0.00178 0.62417 0.03733 0.62458 0.06614 0.62463 0.12082 0.62789 0.1917 0.6247 0.20997 0.62479 0.26658 0.62485 0.3226 0.62489 0.36363 0.62428 0.41887 0.25365 0.35415 0.16855 0.35393 0.13663 0.35395 0.07961 0.93877 0.08369 0.93523 0.84071 0.41996 0.83023 0.4146 0.82338 0.41096 0.82055 0.41125 0.62811 0.03282 0.62812 0.03024 0.628 0.0366 0.62785 0.04098 0.6277 0.06653 0.62789 0.11256 0.62784 0.15725 0.62806 0.23203 0.62802 0.26617 0.62817 0.31646 0.62817 0.38331 0.6299 0.41907 0.6299 0.43529 0.25641 0.35869 0.25735 0.35868 0.25279 0.35871 0.22769 0.35851 0.21441 0.35715 0.13489 0.357 0.07344 0.95319 0.66819 0.41317 0.82329 0.41322 0.8204 0.41313 0.62949 0.03287 0.6299 0.03005 0.62922 0.04036 0.62915 0.05828 0.62904 0.087 0.62923 0.14612 0.62938 0.18672 0.62949 0.2258 0.62955 0.27113 0.62965 0.32403 0.62971 0.37456 0.6298 0.4063 0.18988 0.35845 0.14455 0.35848 0.11511 0.35854 0.82089 0.41546 0.81958 0.4136 0.81985 0.41826 0.81503 0.41357 0.67112 0.41374 0.66739 0.41655 0.63092 0.42698 0.81266 0.41874 0.81464 0.42143 0.80784 0.41342 0.79153 0.42005 0.77852 0.42177 0.79007 0.41346 0.77811 0.41349 0.76786 0.41352 0.76672 0.41931 0.74388 0.4135 0.74554 0.41924 0.72117 0.42169 0.71967 0.41365 0.70244 0.41919 0.6923 0.4137 0.68808 0.42159 0.68088 0.41371 0.67617 0.41816 0.67836 0.42167 0.66327 0.42558 0.8493 0.42664 0.84769 0.42664 0.83911 0.42288 0.64864 0.42307 0.07192 0.93884 0.78033 0.425 0.79516 0.42403 0.76624 0.4228 0.76891 0.42534 0.74684 0.42221 0.74292 0.42511 0.72003 0.42609 0.70028 0.42239 0.82166 0.42583 0.67872 0.42801 0.63616 0.42999 0.06878 0.9532 0.06853 0.9363 0.07278 0.93541 0.79334 0.42777 0.76751 0.4308 0.74588 0.43098 0.69517 0.42783 0.06631 0.95373 0.06652 0.93553 0.84768 0.43114 0.84928 0.43301 0.82801 0.43332 0.79132 0.43152 0.72464 0.43322 0.69899 0.43328 0.67892 0.43328 0.65777 0.43333 0.63272 0.43329 0.6309 0.43308 0.06618 0.95012 0.06626 0.9366 0.84726 0.43323 0.7913 0.43329 0.76833 0.43323 0.74545 0.43322 0.63862 0.43333 0.06449 0.12056 0.69046 0.81342 0.66583 0.81877 0.63317 0.81894 0.61841 0.81865 0.58549 0.81891 0.46119 0.98447 0.462 0.96573 0.46618 0.96583 0.67834 0.81291 0.64442 0.81243 0.63403 0.80655 0.60271 0.80503 0.58924 0.80843 0.57636 0.80941 0.56397 0.81368 0.54882 0.80912 0.53335 0.8124 0.50861 0.81123 0.49222 0.81266 0.47844 0.81478 0.47381 0.81417 0.47216 0.8131 0.45699 0.98491 0.69166 0.81282 0.667 0.80788 0.44176 0.96595 0.67082 0.79844 0.56187 0.7998 0.52185 0.80293 0.50011 0.80112 0.48331 0.8002 0.47385 0.80438 0.43771 0.98448 0.6895 0.80715 0.6528 0.80209 0.65007 0.79302 0.63139 0.79778 0.6128 0.79383 0.54291 0.79408 0.69155 0.79623 0.68987 0.79148 0.51969 0.79062 0.4738 0.78403 0.47232 0.78427 0.42864 0.98502 0.67791 0.79316 0.59045 0.78624 0.56245 0.78696 0.61976 0.78129 0.48929 0.78814 0.64284 0.77945 0.55086 0.78122 0.53784 0.76982 0.66682 0.77382 0.52195 0.76666 0.50753 0.77029 0.67754 0.77124 0.41687 0.96595 0.40436 0.98472 0.56276 0.76878 0.58255 0.77521 0.49442 0.75824 0.60235 0.77017 0.00103 0.01759 0.00114 0.02955 0.00085 0.02183 0.00108 0.04169 0.00104 0.05281 0.00062 0.05942 0.00105 0.06304 0.00064 0.10233 0.00107 0.10042 0.00106 0.14308 0.00049 0.17282 0.00098 0.18445 0.00099 0.23201 0.00054 0.23884 0.00099 0.24377 0.00108 0.25728 0.00066 0.26499 0.0011 0.26916 0.00107 0.30458 0.00063 0.30684 0.00111 0.34353 0.00065 0.35547 0.00113 0.36955 0.0006 0.39354 0.00116 0.39642 0.00054 0.40541 0.55246 0.75834 0.48116 0.76742 0.4738 0.75963 0.00321 0.00117 0.0011 0.00217 0.00086 0.0013 0.00288 0.00434 0.0011 0.00531 0.00123 0.00621 0.00332 0.01612 0.00322 0.34237 0.00316 0.36399 0.58003 0.7597 0.47226 0.75833 0.40311 0.98523 0.5966 0.7558 0.01401 0.00125 0.0089 0.0073 0.01346 0.03698 0.01358 0.0549 0.01355 0.06312 0.0135 0.08245 0.0134 0.13303 0.01327 0.14281 0.01308 0.16196 0.01295 0.19108 0.01299 0.22993 0.01302 0.24087 0.01304 0.25665 0.01296 0.31009 0.01303 0.33425 0.01303 0.34536 0.01295 0.37 0.01286 0.38426 0.01314 0.39322 0.01072 0.40194 0.01653 0.40737 0.00062 0.40746 0.6915 0.75307 0.68981 0.75173 0.63463 0.75717 0.32668 0.03042 0.01456 0.00526 0.01205 0.01649 0.51051 0.85316 0.01266 0.02754 0.51151 0.8572 0.51568 0.85305 0.5199 0.86086 0.53394 0.85284 0.01357 0.04664 0.56122 0.85274 0.57452 0.85711 0.58268 0.85272 0.01346 0.10665 0.60919 0.85791 0.60973 0.85269 0.60929 0.85474 0.61102 0.86815 0.62652 0.85259 0.64128 0.85249 0.65758 0.85246 0.68801 0.86253 0.69089 0.85237 0.68947 0.85807 0.71201 0.85691 0.72036 0.85232 0.74838 0.85778 0.73803 0.85229 0.75794 0.86333 0.013 0.26918 0.76421 0.85221 0.7827 0.85788 0.78787 0.8641 0.78752 0.85218 0.83174 0.85208 0.82801 0.85774 0.81984 0.86315 0.83616 0.85423 0.85484 0.85715 0.85952 0.85212 0.86412 0.86139 0.87176 0.85537 0.87445 0.85224 0.87495 0.85919 0.64779 0.74793 0.62211 0.75852 0.6096 0.75898 0.50163 0.85853 0.50325 0.88411 0.50191 0.8719 0.50183 0.89208 0.50322 0.91446 0.50173 0.91864 0.50196 0.95152 0.50342 0.95049 0.50346 0.96939 0.50197 0.97157 0.50346 0.9811 0.50211 0.98365 0.50335 0.99274 0.50213 0.99546 0.50332 0.99667 0.01362 0.01666 0.01344 0.01841 0.44864 0.43738 0.44161 0.43736 0.44635 0.43672 0.50667 0.9336 0.50684 0.98179 0.50684 0.99285 0.50652 0.99682 0.01347 0.02235 0.50751 0.99866 0.50362 0.99873 0.50859 0.85265 0.51006 0.88159 0.51115 0.92518 0.51117 0.95326 0.51138 0.99326 0.5103 0.9967 0.51832 0.92595 0.51657 0.97668 0.01383 0.03577 0.52073 0.99868 0.5224 0.88052 0.52649 0.8997 0.52107 0.9089 0.52026 0.95493 0.52342 0.99346 0.52335 0.85242 0.52899 0.94885 0.52575 0.97491 0.52191 0.99916 0.53225 0.89206 0.5285 0.92305 0.53143 0.99931 0.53535 0.97824 0.54207 0.8767 0.54935 0.90543 0.5386 0.93469 0.53878 0.99893 0.42687 0.43734 0.40901 0.43727 0.41631 0.43663 0.54821 0.9932 0.53957 0.99944 0.54719 0.95005 0.547 0.98027 0.54604 0.89169 0.55078 0.96511 0.54767 0.99947 0.55398 0.92497 0.56675 0.99675 0.38259 0.4372 0.56189 0.88165 0.56988 0.94305 0.56866 0.99333 0.38904 0.43644 0.5742 0.93004 0.56672 0.99935 0.56623 0.89952 0.56905 0.87133 0.57493 0.97524 0.5739 0.99881 0.58768 0.9144 0.58729 0.9619 0.36758 0.43644 0.58488 0.88033 0.59563 0.99316 0.36391 0.43721 0.58876 0.89005 0.58979 0.94772 0.59057 0.99939 0.59685 0.93255 0.60138 0.97597 0.61169 0.99655 0.60018 0.90334 0.34052 0.43651 0.61197 0.99874 0.60392 0.87377 0.60547 0.8819 0.60885 0.94883 0.61374 0.99337 0.61657 0.99927 0.33547 0.43726 0.61342 0.89197 0.61416 0.91738 0.6136 0.96366 0.61913 0.97498 0.62677 0.87917 0.61965 0.94605 0.62807 0.90041 0.62301 0.92731 0.6283 0.96124 0.32372 0.4364 0.64611 0.99853 0.6262 0.99921 0.63908 0.99347 0.63833 0.92441 0.6377 0.94753 0.6385 0.97422 0.30812 0.43726 0.64597 0.96084 0.64618 0.9966 0.64505 0.99902 0.30896 0.43632 0.64713 0.87743 0.64291 0.90202 0.64959 0.99334 0.64944 0.89086 0.6494 0.93014 0.66547 0.97139 0.65287 0.97759 0.67374 0.99888 0.66339 0.8749 0.66402 0.88302 0.66593 0.90267 0.66089 0.92171 0.6584 0.93672 0.6685 0.95791 0.67309 0.98291 0.29264 0.43633 0.67876 0.99645 0.67218 0.93038 0.27641 0.4374 0.68897 0.94299 0.68168 0.99311 0.70333 0.87648 0.69182 0.88332 0.6859 0.89387 0.68829 0.91893 0.25932 0.43653 0.69581 0.98703 0.68517 0.99839 0.69333 0.96408 0.69461 0.90927 0.70114 0.97368 0.23861 0.43751 0.71095 0.99305 0.70285 0.99639 0.72255 0.99831 0.71199 0.99876 0.01338 0.20269 0.71734 0.92755 0.7157 0.90688 0.71596 0.94925 0.71741 0.96207 0.71599 0.97955 0.22984 0.43663 0.72556 0.88617 0.73391 0.99653 0.22445 0.43756 0.73462 0.8965 0.73507 0.95132 0.72821 0.99308 0.72276 0.9988 0.73579 0.93416 0.21216 0.43669 0.74148 0.97457 0.74361 0.91532 0.7383 0.99917 0.75325 0.98247 0.74175 0.99289 0.73862 0.99853 0.75225 0.96726 0.18827 0.43774 0.76088 0.93013 0.75065 0.99931 0.75828 0.95057 0.18596 0.43682 0.75534 0.89541 0.76918 0.99855 0.76614 0.91552 0.76685 0.99282 0.78813 0.99615 0.77078 0.88779 0.77984 0.90738 0.78284 0.93754 0.78346 0.98611 0.77973 0.92015 0.79083 0.88695 0.78129 0.96721 0.79093 0.99921 0.14729 0.43783 0.16263 0.43686 0.79167 0.99286 0.79027 0.99847 0.7974 0.90031 0.79395 0.96063 0.79771 0.9403 0.80163 0.97703 0.80218 0.91759 0.81611 0.96277 0.81472 0.99919 0.81825 0.9275 0.11839 0.43707 0.82181 0.87523 0.81509 0.88435 0.82174 0.90123 0.81747 0.98603 0.82565 0.99926 0.8309 0.94913 0.83871 0.99299 0.82966 0.99621 0.8421 0.99854 0.83248 0.98004 0.11444 0.43795 0.83954 0.8878 0.8384 0.9187 0.84603 0.96999 0.84707 0.91274 0.84625 0.94934 0.84992 0.9995 0.85479 0.99598 0.83569 0.85124 0.85095 0.87983 0.85776 0.98004 0.86373 0.99254 0.85523 0.89034 0.85658 0.85132 0.85941 0.9075 0.85849 0.95115 0.86424 0.96755 0.86879 0.99048 0.86461 0.8814 0.86691 0.99853 0.86397 0.99947 0.87237 0.85138 0.86451 0.93211 0.86817 0.99607 0.86721 0.90454 0.86837 0.98093 0.87276 0.89591 0.87282 0.9212 0.87296 0.94492 0.87299 0.97135 0.87278 0.99939 0.87315 0.99022 0.8732 0.99836 0.07775 0.43837 0.07491 0.43833 0.0756 0.43776 0.87492 0.8773 0.87497 0.89773 0.87487 0.90196 0.87498 0.93884 0.87508 0.9708 0.87523 0.98378 0.87531 0.98893 0.87554 0.99846 0.01354 0.39644 0.87596 0.99941 0.8753 0.85198 0.87562 0.85508 0.87598 0.85203 0.99852 0.47591 0.98948 0.4756 0.99559 0.47512 0.87574 0.8613 0.8755 0.87247 0.87552 0.89677 0.87564 0.97242 0.87582 0.98697 0.01715 0.01321 0.44875 0.43943 0.44704 0.43924 0.01575 0.01755 0.44236 0.43933 0.42896 0.43923 0.27045 0.43975 0.18574 0.44032 0.15281 0.44007 0.11313 0.44091 0.09354 0.4382 0.08056 0.44181 0.07726 0.44048 0.07496 0.44071 0.0743 0.43863 0.94943 0.47574 0.91728 0.47781 0.91313 0.47587 0.88168 0.47605 0.8581 0.47803 0.85443 0.47806 0.85442 0.47609 0.8535 0.4782 0.85344 0.47586 0.99111 0.47805 0.01586 0.39688 0.53919 0.74992 0.48581 0.74231 0.02371 0.0167 0.38176 0.44317 0.35692 0.44286 0.3083 0.44461 0.27866 0.4431 0.22049 0.44323 0.16813 0.44339 0.12834 0.4435 0.97827 0.48564 0.96451 0.48452 0.94668 0.48129 0.92346 0.48188 0.88525 0.48141 0.85985 0.48458 0.85674 0.48336 0.85352 0.4831 0.02073 0.39671 0.02788 0.40733 0.67978 0.73111 0.62167 0.75029 0.60596 0.7497 0.37194 0.96597 0.02368 0.00097 0.02884 0.00299 0.02904 0.00995 0.02465 0.01447 0.02442 0.01716 0.42075 0.45159 0.40096 0.45132 0.37992 0.45026 0.35411 0.45148 0.34194 0.45339 0.33313 0.4537 0.31999 0.454 0.27112 0.44943 0.22996 0.45171 0.1969 0.4484 0.1563 0.4533 0.12139 0.45377 0.10409 0.45906 0.09205 0.45478 0.0838 0.45113 0.99945 0.47789 0.99871 0.49259 0.91069 0.4852 0.88655 0.48648 0.86672 0.48463 0.85449 0.48713 0.99457 0.48499 0.52361 0.72726 0.50773 0.7316 0.67177 0.73084 0.44891 0.458 0.44299 0.45683 0.99002 0.49163 0.96891 0.49274 0.95694 0.49721 0.935 0.49839 0.91955 0.4926 0.89612 0.49163 0.55075 0.73471 0.61978 0.7463 0.61525 0.74638 0.61137 0.74674 0.05815 0.07449 0.05662 0.06995 0.05644 0.07422 0.60873 0.74627 0.05811 0.07663 0.05637 0.07711 0.06169 0.0706 0.06157 0.07439 0.06155 0.07674 0.06434 0.06855 0.0652 0.07016 0.06502 0.07403 0.065 0.07654 0.06696 0.07094 0.06716 0.07385 0.06696 0.0762 0.44726 0.45855 0.04134 0.0172 0.39593 0.45822 0.36668 0.45992 0.30868 0.46083 0.29015 0.45991 0.19075 0.46005 0.07498 0.46295 0.07419 0.45537 0.98833 0.49542 0.87557 0.50012 0.86026 0.49872 0.85447 0.49714 0.85343 0.49922 0.03661 0.39651 0.61801 0.74435 0.61675 0.74552 0.04678 0.17363 0.60808 0.74396 0.59713 0.7385 0.59588 0.72804 0.04647 0.16802 0.04519 0.16576 0.04783 0.16525 0.04612 0.16368 0.39519 0.00846 0.39494 0.01066 0.39662 0.00967 0.39579 0.01229 0.39729 0.01155 0.39642 0.01482 0.39824 0.01417 0.39677 0.01706 0.39853 0.01645 0.04287 0.00098 0.04094 0.00279 0.03791 0.01427 0.26294 0.47051 0.24148 0.4656 0.12798 0.4653 0.07841 0.46473 0.98127 0.51433 0.9124 0.50325 0.99374 0.49758 0.03763 0.40612 0.53742 0.73119 0.63506 0.73148 0.61981 0.73836 0.61789 0.74143 0.04363 0.17363 0.04463 0.1716 0.04457 0.16806 0.92762 0.02187 0.39461 0.01334 0.39519 0.01741 0.04011 0.00971 0.0377 0.01664 0.4341 0.46463 0.41588 0.46119 0.38434 0.46433 0.3467 0.4686 0.22581 0.4714 0.97198 0.5198 0.89271 0.50203 0.56221 0.72369 0.47387 0.73055 0.65199 0.72139 0.61243 0.73815 0.61456 0.74074 0.61115 0.74044 0.60855 0.74122 0.31655 0.47301 0.07402 0.47544 0.85966 0.51123 0.99879 0.51272 0.47237 0.70257 0.34825 0.98528 0.62068 0.72804 0.60827 0.73443 0.44896 0.48038 0.44399 0.48201 0.42922 0.47583 0.40828 0.47045 0.36549 0.4764 0.30059 0.47166 0.28557 0.47596 0.15163 0.47409 0.09036 0.48096 0.94922 0.5159 0.89726 0.51416 0.69153 0.71373 0.68991 0.70494 0.06091 0.01712 0.33208 0.47912 0.20665 0.47784 0.92744 0.51298 0.87793 0.51451 0.86861 0.51546 0.85452 0.51193 0.99292 0.51826 0.3934 0.47957 0.10469 0.48952 0.07503 0.50099 0.06134 0.40742 0.48347 0.7212 0.06187 0.00256 0.30444 0.48412 0.17263 0.49162 0.1185 0.49271 0.0811 0.50748 0.07743 0.49338 0.54047 0.71726 0.49186 0.70822 0.34434 0.98463 0.61933 0.70957 0.58782 0.71268 0.06515 0.00091 0.06056 0.00984 0.06135 0.01402 0.41753 0.48608 0.33859 0.48994 0.31909 0.49474 0.27152 0.49092 0.23449 0.49624 0.95665 0.52889 0.87948 0.52302 0.8546 0.53446 0.06348 0.39627 0.06246 0.4062 0.47402 0.70107 0.60346 0.70944 0.3773 0.49367 0.14477 0.49826 0.9179 0.52788 0.89671 0.52714 0.85362 0.52651 0.53049 0.68908 0.66192 0.69788 0.64006 0.70007 0.0741 0.49629 0.87083 0.53411 0.51241 0.68593 0.58035 0.70656 0.56483 0.70638 0.34681 0.96612 0.44737 0.51358 0.43449 0.49648 0.41194 0.50052 0.34308 0.51183 0.20586 0.50102 0.9404 0.53551 0.88526 0.53782 0.86022 0.53865 0.99891 0.53362 0.53912 0.69574 0.52011 0.69447 0.25797 0.51401 0.97711 0.54168 0.96396 0.54099 0.48481 0.69113 0.67731 0.69 0.59015 0.6934 0.37344 0.51569 0.16668 0.51479 0.63157 0.68687 0.59564 0.69038 0.57876 0.69779 0.56097 0.6959 0.08795 0.00206 0.29377 0.51137 0.09005 0.50857 0.90451 0.54608 0.99327 0.55599 0.60728 0.69106 0.58409 0.69213 0.57526 0.69365 0.092 0.01396 0.09055 0.01654 0.10007 0.01705 0.44412 0.51455 0.3885 0.50568 0.32787 0.52333 0.11997 0.51339 0.94716 0.54692 0.93295 0.54568 0.8547 0.54978 0.50516 0.67594 0.57096 0.69049 0.44905 0.52012 0.43459 0.5203 0.41951 0.52319 0.39853 0.51521 0.36518 0.52555 0.31206 0.53127 0.20405 0.52253 0.07742 0.5149 0.86913 0.55279 0.85375 0.55358 0.10311 0.40737 0.66117 0.67828 0.08979 0.00081 0.10431 0.53656 0.95475 0.55569 0.92884 0.55425 0.89602 0.56186 0.88116 0.5625 0.99676 0.55875 0.09016 0.39629 0.47396 0.67475 0.69158 0.6795 0.58616 0.68842 0.58042 0.68622 0.57432 0.68859 0.57162 0.68466 0.12762 0.53413 0.07427 0.52334 0.99895 0.56074 0.10506 0.40604 0.47238 0.67593 0.32204 0.98539 0.58904 0.68326 0.57604 0.68686 0.57359 0.68609 0.40422 0.53521 0.08889 0.52913 0.96529 0.56136 0.05766 0.12643 0.0597 0.12844 0.0595 0.12587 0.48787 0.67579 0.60367 0.67519 0.58472 0.68318 0.58246 0.68418 0.57277 0.68363 0.56743 0.67924 0.27974 0.5328 0.9453 0.56583 0.91946 0.56564 0.28961 0.16095 0.28662 0.16136 0.2815 0.16169 0.03125 0.13396 0.03401 0.13291 0.03205 0.13193 0.03379 0.13117 0.03681 0.13046 0.04072 0.13003 0.04506 0.13218 0.04687 0.12952 0.05079 0.1322 0.05494 0.13241 0.06005 0.13261 0.52449 0.66319 0.67796 0.67578 0.63494 0.66861 0.61649 0.66898 0.58491 0.67955 0.57233 0.67945 0.55375 0.67232 0.10012 0.00077 0.10083 0.00938 0.1022 0.01646 0.07515 0.53212 0.87386 0.56888 0.86061 0.5838 0.28133 0.15592 0.02932 0.13708 0.03101 0.13625 0.02978 0.13563 0.29043 0.1567 0.29013 0.15915 0.03393 0.13734 0.0373 0.13574 0.04476 0.13562 0.05137 0.13574 0.44115 0.84734 0.05892 0.13657 0.06029 0.13658 0.06026 0.13844 0.69157 0.67715 0.59123 0.67355 0.58749 0.67484 0.58309 0.67783 0.57296 0.67547 0.57088 0.67489 0.56849 0.6752 0.56648 0.66989 0.23797 0.5308 0.97662 0.56398 0.28246 0.15301 0.2813 0.15344 0.02892 0.13952 0.0308 0.139 0.29067 0.15361 0.04044 0.13847 0.04087 0.14076 0.45305 0.84282 0.45515 0.84292 0.45293 0.83868 0.45637 0.83873 0.04372 0.13804 0.45315 0.83632 0.4493 0.84266 0.04893 0.13773 0.44793 0.83634 0.44526 0.83858 0.43783 0.83956 0.43629 0.83878 0.43663 0.83691 0.57573 0.67301 0.54017 0.66219 0.47926 0.66302 0.59786 0.66682 0.57429 0.67414 0.30063 0.98488 0.31635 0.96603 0.44253 0.54979 0.34265 0.54042 0.081 0.55031 0.07737 0.5468 0.85476 0.56469 0.282 0.14768 0.02894 0.14532 0.03067 0.14218 0.29069 0.14992 0.03377 0.14215 0.9655 0.88559 0.96585 0.88749 0.49177 0.65374 0.58485 0.6693 0.57628 0.67008 0.5712 0.67032 0.11083 0.01645 0.16537 0.54367 0.07427 0.5419 0.96738 0.57758 0.85389 0.57805 0.99896 0.57934 0.11426 0.39621 0.28251 0.14605 0.03033 0.14743 0.28806 0.14659 0.03375 0.14555 0.67172 0.65991 0.58137 0.66564 0.57459 0.66577 0.57109 0.66339 0.11428 0.00085 0.1145 0.00518 0.11491 0.00976 0.11722 0.01706 0.43001 0.54261 0.3043 0.55494 0.19401 0.54579 0.92995 0.57454 0.91966 0.58275 0.86789 0.59293 0.99272 0.58118 0.02905 0.15385 0.28222 0.13911 0.29058 0.13997 0.96564 0.87718 0.50843 0.65648 0.47386 0.65291 0.47242 0.64929 0.29582 0.98557 0.65225 0.65326 0.56158 0.6529 0.37118 0.54603 0.24555 0.54342 0.13697 0.55699 0.95656 0.5845 0.89616 0.58286 0.13697 0.4074 0.03078 0.15704 0.63537 0.64301 0.59607 0.648 0.40983 0.56598 0.3272 0.54648 0.28653 0.55854 0.93715 0.58452 0.88044 0.58751 0.28291 0.12903 0.03368 0.15825 0.62302 0.6266 0.60617 0.64211 0.12297 0.01631 0.21486 0.56345 0.96547 0.58978 0.85751 0.6013 0.85393 0.60486 0.12538 0.40613 0.5163 0.64773 0.67421 0.63667 0.28473 0.9794 0.12368 0.00089 0.12409 0.00972 0.40028 0.55987 0.38866 0.56427 0.3403 0.55936 0.31716 0.56347 0.09957 0.56983 0.08948 0.56926 0.85488 0.60027 0.28222 0.12498 0.29055 0.12271 0.288 0.12044 0.02915 0.16794 0.96587 0.85857 0.53417 0.64637 0.61422 0.62452 0.5846 0.64192 0.4248 0.56522 0.26617 0.57086 0.2533 0.5613 0.1668 0.57349 0.95424 0.60272 0.91826 0.6205 0.91065 0.60012 0.03362 0.1719 0.69017 0.62815 0.50751 0.63712 0.48746 0.63922 0.27269 0.96605 0.44924 0.56917 0.44755 0.56817 0.35467 0.57428 0.23346 0.56866 0.93573 0.60314 0.14068 0.3962 0.1406 0.3985 0.69158 0.62554 0.47409 0.61421 0.65487 0.63511 0.57224 0.63233 0.14619 0.00095 0.11956 0.5663 0.11014 0.6011 0.89941 0.61142 0.99902 0.60016 0.14163 0.40614 0.03065 0.18184 0.53396 0.62457 0.51707 0.61974 0.48366 0.62431 0.57838 0.62428 0.14138 0.00957 0.44429 0.58729 0.19293 0.57953 0.07431 0.56267 0.88372 0.61822 0.28234 0.11209 0.29055 0.11053 0.02902 0.1808 0.58992 0.62349 0.1407 0.01631 0.07529 0.58702 0.96416 0.61247 0.87712 0.62179 0.99345 0.61264 0.28304 0.09753 0.28799 0.10593 0.03358 0.18444 0.96569 0.84234 0.49736 0.6131 0.16292 0.01722 0.13722 0.58474 0.9785 0.61105 0.99003 0.62378 0.68381 0.61652 0.65665 0.61148 0.63978 0.62084 0.29941 0.57941 0.07438 0.57564 0.86049 0.62213 0.54255 0.60177 0.60044 0.60538 0.3915 0.58783 0.24652 0.58212 0.85491 0.6203 0.99907 0.61317 0.1699 0.40605 0.02837 0.19536 0.02892 0.20398 0.03065 0.20541 0.6783 0.60035 0.44928 0.58247 0.15961 0.01628 0.43808 0.5919 0.42156 0.58622 0.32371 0.5903 0.07759 0.59885 0.85745 0.62876 0.03347 0.20659 0.50983 0.60268 0.60918 0.60051 0.66767 0.25078 0.16208 0.00971 0.15968 0.01337 0.44759 0.58171 0.36616 0.59114 0.18967 0.60494 0.93667 0.62104 0.89301 0.62802 0.96571 0.82028 0.58531 0.6007 0.57308 0.60251 0.22175 0.98479 0.40239 0.59881 0.29352 0.60497 0.21612 0.59773 0.12364 0.60603 0.07446 0.61995 0.97349 0.6239 0.69 0.57601 0.52118 0.58955 0.47248 0.60603 0.25324 0.98548 0.66788 0.25538 0.41363 0.60648 0.27543 0.59637 0.16664 0.59398 0.96006 0.63902 0.94307 0.64011 0.92353 0.64516 0.87013 0.63674 0.29056 0.07057 0.28797 0.0856 0.55891 0.5938 0.53151 0.59437 0.63438 0.59843 0.16323 0.00052 0.34351 0.59966 0.32536 0.61458 0.15104 0.61313 0.09499 0.60065 0.8605 0.6404 0.85498 0.64467 0.85399 0.64396 0.17919 0.39622 0.99924 0.65759 0.99696 0.63944 0.99361 0.64757 0.48005 0.59501 0.61892 0.60196 0.24929 0.59619 0.08223 0.62085 0.88774 0.64661 0.28295 0.07248 0.0284 0.22041 0.5008 0.58976 0.5784 0.59734 0.171 0.01188 0.91114 0.64854 0.18848 0.39864 0.19309 0.40736 0.02898 0.21987 0.03064 0.22249 0.03342 0.2169 0.1813 0.00206 0.66274 0.58361 0.17877 0.00942 0.26982 0.61528 0.24511 0.60865 0.21054 0.61955 0.95284 0.6544 0.87958 0.65578 0.28794 0.0674 0.96591 0.8084 0.228 0.96594 0.44938 0.62639 0.8152 0.23499 0.44264 0.62725 0.4271 0.62089 0.36677 0.61919 0.03345 0.22778 0.57578 0.58785 0.56336 0.57546 0.90462 0.65861 0.19197 0.40607 0.96597 0.79933 0.60174 0.57833 0.5903 0.58525 0.6452 0.58415 0.39952 0.62557 0.09709 0.6262 0.07768 0.61966 0.07535 0.62085 0.86082 0.66273 0.28297 0.05971 0.0284 0.23318 0.29063 0.0621 0.54239 0.5759 0.47407 0.57324 0.47257 0.5527 0.20074 0.98551 0.19375 0.00979 0.81509 0.20519 0.30381 0.62722 0.96048 0.66999 0.92964 0.66902 0.99272 0.67211 0.28803 0.05765 0.03093 0.23527 0.69167 0.56969 0.65509 0.57279 0.58896 0.57779 0.20118 0.0005 0.18121 0.64398 0.12529 0.63797 0.85774 0.66607 0.03336 0.2387 0.96585 0.78633 0.4911 0.57073 0.21099 0.01366 0.31333 0.63802 0.26732 0.63448 0.16668 0.63704 0.89352 0.6708 0.85509 0.66578 0.85414 0.66739 0.20227 0.39623 0.28285 0.05076 0.02811 0.24209 0.02917 0.2422 0.29067 0.05069 0.52472 0.55616 0.51408 0.56096 0.64144 0.56902 0.58826 0.57258 0.19525 0.96567 0.21221 0.00207 0.43476 0.63913 0.33988 0.63499 0.32795 0.63832 0.88239 0.67598 0.87292 0.66952 0.99923 0.67429 0.21333 0.40603 0.28824 0.05067 0.03092 0.24231 0.57709 0.56693 0.21248 0.00969 0.21531 0.6449 0.14749 0.63968 0.28211 0.04778 0.03348 0.2457 0.96618 0.78312 0.6726 0.56336 0.61099 0.55706 0.59622 0.56792 0.50635 0.56021 0.58473 0.5667 0.5719 0.56596 0.36286 0.64598 0.10948 0.65567 0.0776 0.64296 0.07458 0.6366 0.97291 0.67803 0.95296 0.68261 0.91336 0.68028 0.02598 0.24726 0.02749 0.2482 0.03034 0.24839 0.96439 0.7806 0.65777 0.55642 0.5559 0.55725 0.53812 0.54892 0.4889 0.55282 0.56847 0.5549 0.4478 0.65232 0.09188 0.65264 0.86621 0.68304 0.22478 0.39647 0.46814 0.84448 0.27998 0.04133 0.02602 0.2515 0.02761 0.25168 0.03174 0.25183 0.03693 0.25187 0.04197 0.2519 0.69006 0.55471 0.58818 0.55582 0.58811 0.55959 0.57224 0.55619 0.44951 0.65074 0.42064 0.65064 0.40045 0.64523 0.2998 0.65892 0.07546 0.6434 0.86067 0.68919 0.85424 0.69023 0.22133 0.40745 0.28391 0.0372 0.2799 0.03595 0.02623 0.25693 0.02764 0.25508 0.03053 0.25514 0.03568 0.25518 0.04036 0.25518 0.0435 0.2552 0.04686 0.25519 0.05069 0.25511 0.0588 0.25471 0.05523 0.25234 0.05894 0.25251 0.64484 0.55205 0.5981 0.55151 0.58472 0.55958 0.58209 0.56087 0.06013 0.2547 0.06026 0.25152 0.57356 0.5587 0.93323 0.69701 0.8758 0.68688 0.05424 0.21641 0.06037 0.21683 0.05522 0.21542 0.06155 0.21545 0.02883 0.25732 0.06201 0.21813 0.28861 0.03433 0.05257 0.21706 0.05388 0.21961 0.06036 0.22071 0.05174 0.22259 0.0534 0.22466 0.05678 0.22424 0.03515 0.25786 0.06225 0.22462 0.05094 0.22901 0.05981 0.22957 0.05328 0.22981 0.05703 0.23086 0.0409 0.25857 0.06194 0.23048 0.05052 0.23306 0.05624 0.23214 0.04404 0.25835 0.04733 0.2584 0.48816 0.83929 0.05098 0.2584 0.05523 0.25832 0.06007 0.25817 0.67956 0.54495 0.66588 0.54177 0.63339 0.53703 0.61742 0.5432 0.58492 0.55482 0.54772 0.53475 0.47425 0.54883 0.57338 0.55525 0.56248 0.54843 0.192 0.97958 0.22845 0.00067 0.3681 0.66021 0.13619 0.66663 0.89679 0.68766 0.85517 0.69292 0.05973 0.23198 0.06077 0.23241 0.04259 0.26004 0.05629 0.23746 0.05878 0.24105 0.04783 0.26091 0.06103 0.23781 0.0516 0.26164 0.06127 0.24165 0.05544 0.26135 0.05995 0.26181 0.65407 0.53485 0.58867 0.54991 0.57362 0.55164 0.57205 0.54984 0.22617 0.00858 0.22887 0.01671 0.8152 0.18228 0.43587 0.66101 0.26344 0.64591 0.24637 0.65463 0.97151 0.69504 0.96106 0.70264 0.99732 0.70808 0.05871 0.24303 0.05846 0.24636 0.06031 0.24349 0.05301 0.26319 0.05553 0.26378 0.0609 0.24599 0.05835 0.24891 0.05852 0.26465 0.06155 0.24902 0.58487 0.54876 0.05997 0.26427 0.50767 0.53294 0.57378 0.54922 0.56844 0.54529 0.22846 0.0021 0.32021 0.65942 0.27779 0.66168 0.08349 0.66521 0.07463 0.66997 0.95092 0.70898 0.88617 0.69744 0.99939 0.70775 0.23925 0.4061 0.59388 0.54158 0.58508 0.54215 0.58567 0.54606 0.57718 0.54862 0.57728 0.54541 0.57495 0.54744 0.57435 0.54921 0.05898 0.26661 0.06006 0.26716 0.57446 0.54646 0.48558 0.53343 0.16825 0.96576 0.39598 0.66286 0.34023 0.66036 0.16681 0.66702 0.07796 0.67176 0.07553 0.67218 0.52121 0.5248 0.49844 0.53154 0.56229 0.54058 0.23747 0.00976 0.3302 0.67017 0.24208 0.66787 0.2104 0.67093 0.87422 0.70272 0.99212 0.70563 0.6902 0.51983 0.58138 0.5416 0.5752 0.54201 0.57015 0.54142 0.81509 0.16905 0.44777 0.68201 0.18699 0.67526 0.91632 0.7098 0.90102 0.7086 0.85523 0.71175 0.98391 0.72441 0.58617 0.53755 0.4743 0.51927 0.57795 0.53813 0.5715 0.53803 0.56517 0.52776 0.24206 0.00208 0.41728 0.67943 0.37322 0.67395 0.66604 0.52657 0.13944 0.9847 0.3108 0.67261 0.86104 0.72083 0.25427 0.40743 0.60482 0.51632 0.5869 0.52496 0.53786 0.51208 0.24193 0.01667 0.3444 0.68392 0.10847 0.67797 0.08891 0.68217 0.87916 0.72446 0.25442 0.40605 0.64946 0.52137 0.62579 0.52109 0.44948 0.68115 0.43435 0.68723 0.30483 0.68504 0.2872 0.68297 0.26136 0.68569 0.9383 0.72294 0.89438 0.72472 0.87057 0.72478 0.25545 0.39655 0.69166 0.50926 0.68182 0.5199 0.25524 0.00065 0.25403 0.00995 0.81488 0.15278 0.38828 0.69234 0.85423 0.72136 0.99289 0.72457 0.67063 0.5176 0.65612 0.51218 0.57367 0.51277 0.56062 0.50939 0.51185 0.50769 0.49472 0.50444 0.25489 0.01296 0.22823 0.68646 0.13132 0.68561 0.08157 0.6928 0.07478 0.69381 0.96043 0.73569 0.99944 0.73166 0.64269 0.50928 0.58823 0.51063 0.47423 0.50573 0.94545 0.73682 0.92471 0.73459 0.85526 0.72536 0.99725 0.72972 0.69016 0.50367 0.63679 0.50238 0.61419 0.50064 0.47268 0.49295 0.14191 0.98536 0.41412 0.69548 0.26462 0.40613 0.67839 0.50618 0.66765 0.36021 0.66768 0.35552 0.37736 0.6981 0.3609 0.7005 0.32961 0.70086 0.31992 0.69662 0.24751 0.69916 0.20166 0.69565 0.17256 0.69662 0.66626 0.50339 0.52185 0.50046 0.27341 0.00146 0.2758 0.01318 0.44785 0.70715 0.34527 0.70641 0.28686 0.70202 0.14574 0.69611 0.10401 0.7064 0.08963 0.70506 0.91161 0.74116 0.86064 0.73761 0.66783 0.3708 0.0776 0.70736 0.07575 0.71797 0.98717 0.74781 0.97576 0.74036 0.85539 0.75148 0.9893 0.74979 0.63297 0.48944 0.5395 0.48697 0.48454 0.48833 0.15038 0.96572 0.2793 0.00939 0.21492 0.71372 0.15662 0.70798 0.12421 0.71574 0.8759 0.74662 0.85433 0.74022 0.27403 0.39658 0.65148 0.48798 0.58092 0.49165 0.51025 0.49015 0.44943 0.72038 0.43609 0.71419 0.39478 0.71192 0.29674 0.71898 0.18569 0.71551 0.89129 0.74236 0.99732 0.75454 0.29034 0.40631 0.6795 0.4874 0.66665 0.49376 0.47421 0.48189 0.27728 0.0005 0.27736 0.00206 0.81471 0.123 0.42087 0.71294 0.37182 0.71744 0.07495 0.71745 0.99947 0.75537 0.2909 0.40741 0.66048 0.48508 0.60427 0.48028 0.5608 0.47651 0.50223 0.48576 0.31051 0.71394 0.90768 0.75058 0.86153 0.75017 0.85435 0.75441 0.69003 0.45562 0.28775 0.01221 0.29251 0.01298 0.33802 0.71722 0.27465 0.71724 0.08332 0.71816 0.96086 0.75274 0.94515 0.75162 0.89016 0.75538 0.288 0.39675 0.51789 0.47891 0.29326 0.0005 0.44768 0.72246 0.9221 0.75714 0.87027 0.75622 0.68459 0.45733 0.63207 0.47927 0.58196 0.46809 0.52459 0.46878 0.49454 0.47294 0.48091 0.46807 0.12909 0.9657 0.40478 0.72261 0.35259 0.72073 0.32228 0.72231 0.23609 0.72068 0.14589 0.72093 0.07562 0.72902 0.98503 0.76243 0.95691 0.76146 0.94193 0.75828 0.90198 0.75803 0.86098 0.76563 0.67324 0.46948 0.65347 0.4728 0.29275 0.0171 0.43577 0.72385 0.37917 0.73114 0.34089 0.73121 0.24804 0.73134 0.22076 0.73142 0.20113 0.73145 0.17237 0.73158 0.12099 0.73178 0.10033 0.72372 0.09871 0.73175 0.93179 0.76758 0.91701 0.76763 0.88175 0.76263 0.85543 0.76795 0.98867 0.76707 0.30527 0.4 0.4727 0.46084 0.11029 0.98541 0.11209 0.96582 0.30322 0.01394 0.29675 0.01737 0.30763 0.73118 0.08605 0.73184 0.07477 0.7288 0.97408 0.76736 0.90055 0.76761 0.86549 0.76793 0.85453 0.76769 0.30112 0.39684 0.99951 0.76674 0.63877 0.47199 0.63546 0.46328 0.53909 0.46744 0.10463 0.98469 0.66803 0.39506 0.61524 0.03238 0.30302 0.01684 0.4491 0.73108 0.30094 0.0178 0.43295 0.73119 0.40422 0.73111 0.32739 0.73122 0.27329 0.73126 0.13797 0.7317 0.96299 0.76747 0.8868 0.76773 0.85908 0.76794 0.61095 0.4645 0.54817 0.4593 0.51159 0.46018 0.49549 0.45637 0.66787 0.40221 0.61866 0.03228 0.4469 0.73143 0.30372 0.01867 0.07806 0.73195 0.07568 0.73191 0.0748 0.73275 0.97447 0.76979 0.97043 0.76968 0.9228 0.7698 0.90484 0.76989 0.88676 0.76992 0.86574 0.77005 0.85835 0.77024 0.85552 0.77021 0.85455 0.77065 0.30404 0.39632 0.99923 0.77065 0.99348 0.77037 0.31497 0.40737 0.69158 0.44888 0.47436 0.46048 0.30801 0.00623 0.44874 0.73284 0.30513 0.01884 0.4398 0.73224 0.30428 0.02129 0.41419 0.73201 0.3887 0.73202 0.36524 0.73198 0.33136 0.73205 0.30116 0.73204 0.28404 0.7321 0.24631 0.7322 0.21303 0.73234 0.19393 0.73242 0.17278 0.7325 0.15292 0.73262 0.11133 0.73274 0.09143 0.73263 0.30752 0.38384 0.30451 0.3934 0.30416 0.37006 0.07825 0.73284 0.86479 0.4269 0.87014 0.42682 0.31333 0.40597 0.65106 0.45696 0.5316 0.45354 0.66798 0.40764 0.31308 0.014 0.31495 0.01735 0.31344 0.02262 0.31289 0.02984 0.3128 0.03815 0.31342 0.05967 0.31369 0.09686 0.31358 0.12734 0.31345 0.15808 0.31347 0.18783 0.31357 0.23672 0.31349 0.25796 0.31502 0.26829 0.31365 0.28309 0.3136 0.33941 0.31347 0.35436 0.31373 0.3847 0.31342 0.3974 0.6671 0.45823 0.66804 0.41138 0.31342 0.00169 0.31355 0.00392 0.315 0.00663 0.31354 0.36579 0.61701 0.45509 0.58494 0.45438 0.56374 0.45177 0.52099 0.45056 0.85049 0.84525 0.84819 0.84494 0.8498 0.84603 0.84519 0.84616 0.83455 0.84504 0.83795 0.84612 0.82011 0.84624 0.79955 0.84503 0.80811 0.84616 0.79782 0.84623 0.89755 0.80229 0.8962 0.8005 0.89755 0.82736 0.89625 0.82287 0.77808 0.84495 0.75593 0.84501 0.77376 0.84609 0.74948 0.84627 0.71505 0.84484 0.72203 0.84617 0.71058 0.84591 0.70052 0.84484 0.70079 0.84595 0.31512 0.0012 0.31512 0.00227 0.69817 0.84468 0.69783 0.8457 0.85002 0.84225 0.83398 0.84203 0.82494 0.84204 0.79418 0.84178 0.78141 0.84195 0.89265 0.80611 0.76275 0.84198 0.72596 0.84163 0.70685 0.84163 0.70007 0.84077 0.3152 0.00528 0.6981 0.84169 0.84878 0.83393 0.8426 0.83685 0.81909 0.83144 0.78576 0.83309 0.74859 0.83576 0.84993 0.83452 0.71328 0.82998 0.70088 0.82633 0.69792 0.82452 0.69771 0.82966 0.69765 0.84039 0.82911 0.8263 0.77234 0.82888 0.74411 0.83099 0.84978 0.81655 0.84509 0.82149 0.7319 0.82583 0.31492 0.02248 0.80097 0.82386 0.76091 0.82281 0.70963 0.81923 0.83772 0.81842 0.79496 0.81206 0.8348 0.81303 0.81735 0.81464 0.76835 0.81164 0.73602 0.81626 0.71651 0.8139 0.05587 0.71161 0.05833 0.69084 0.05533 0.68905 0.31482 0.0346 0.84877 0.8027 0.05833 0.72388 0.31487 0.05522 0.74089 0.80281 0.04657 0.69631 0.84593 0.79778 0.83413 0.80119 0.82052 0.80315 0.23213 0.37898 0.22533 0.36766 0.24069 0.3806 0.71769 0.80127 0.70061 0.80393 0.84983 0.78779 0.20539 0.3806 0.81523 0.7922 0.79398 0.79319 0.76847 0.78962 0.31479 0.05825 0.69832 0.79172 0.69785 0.78871 0.6981 0.81238 0.71215 0.78164 0.70053 0.78452 0.72984 0.78535 0.83413 0.77219 0.80915 0.76999 0.84107 0.74943 0.7922 0.76317 0.75418 0.75555 0.74302 0.76905 0.84891 0.76122 0.82424 0.77364 0.72835 0.7515 0.71602 0.75485 0.77432 0.75316 0.70054 0.74498 0.82404 0.7508 0.84614 0.74916 0.69836 0.74122 0.83529 0.73191 0.81662 0.72836 0.73798 0.73576 0.84997 0.72864 0.83971 0.0005 0.82161 0.0396 0.83971 0.04328 0.71099 0.73412 0.31493 0.12237 0.69791 0.72451 0.76687 0.72566 0.70063 0.71183 0.81324 0.00247 0.78971 0.0069 0.84898 0.70583 0.72766 0.71829 0.71424 0.71443 0.80043 0.71529 0.79053 0.72555 0.74463 0.71416 0.84559 0.70594 0.81985 0.70556 0.69842 0.70679 0.72227 0.70177 0.31498 0.15137 0.69804 0.69548 0.84994 0.68803 0.83383 0.69767 0.77854 0.6964 0.79839 0.69522 0.8799 0.95068 0.90735 0.96907 0.90726 0.93483 0.74612 0.69929 0.71082 0.69727 0.70068 0.69154 0.10049 0.10435 0.098 0.11979 0.10049 0.12488 0.82237 0.68063 0.09805 0.08822 0.09755 0.10834 0.80749 0.68046 0.89189 0.97473 0.73263 0.68189 0.84641 0.65743 0.84081 0.67717 0.90726 0.99154 0.71368 0.68181 0.79591 0.65995 0.31503 0.18712 0.09759 0.07214 0.77554 0.66982 0.75471 0.68531 0.84908 0.65283 0.74797 0.66465 0.72526 0.6606 0.70071 0.66014 0.69854 0.67559 0.71218 0.65835 0.84216 0.64668 0.83392 0.65341 0.85002 0.64895 0.01716 0.07439 0.03775 0.08589 0.03775 0.06318 0.82429 0.65078 0.76522 0.65397 0.70076 0.63955 0.7738 0.6318 0.74845 0.63442 0.71399 0.6408 0.69859 0.64062 0.69819 0.6597 0.8154 0.62593 0.03181 0.75044 0.00049 0.75075 0.00809 0.74289 0.83785 0.62206 0.8327 0.62394 0.79271 0.62026 0.73113 0.63656 0.02403 0.10675 0.02899 0.11791 0.72294 0.62772 0.31498 0.23658 0.69819 0.6102 0.71257 0.62074 0.75853 0.61168 0.73819 0.60259 0.8501 0.60364 0.84916 0.60317 0.8463 0.60414 0.05044 0.74375 0.70079 0.59791 0.69858 0.59636 0.80261 0.58713 0.92316 0.87114 0.91216 0.85025 0.95245 0.86892 0.83189 0.57579 0.819 0.5862 0.72553 0.58351 0.71339 0.58931 0.0657 0.75075 0.77738 0.59228 0.74944 0.58063 0.69801 0.57848 0.05138 0.7398 0.07612 0.74384 0.05172 0.74085 0.84151 0.58806 0.8398 0.56703 0.10343 0.74619 0.7917 0.57729 0.93124 0.95179 0.93697 0.96766 0.95245 0.9412 0.89853 0.87114 0.09275 0.74857 0.93975 0.92463 0.73102 0.57011 0.91943 0.91492 0.95101 0.91506 0.71315 0.56219 0.31504 0.2859 0.69815 0.56086 0.81858 0.55263 0.95245 0.89842 0.69865 0.5557 0.8467 0.56119 0.91935 0.89403 0.91716 0.9288 0.76407 0.57267 0.74578 0.56212 0.70077 0.55371 0.78444 0.55539 0.76706 0.55122 0.75161 0.54664 0.72858 0.54741 0.85016 0.55076 0.84924 0.54236 0.8492 0.57839 0.83588 0.54568 0.71054 0.54301 0.8463 0.53871 0.70077 0.53726 0.69866 0.53581 0.79826 0.55569 0.79352 0.52528 0.83898 0.53016 0.82945 0.52792 0.80807 0.53499 0.7692 0.53118 0.71927 0.52732 0.74816 0.5271 0.73104 0.52291 0.71165 0.51212 0.70105 0.51034 0.81136 0.5177 0.78578 0.51807 0.31498 0.34265 0.69816 0.50409 0.764 0.51477 0.8503 0.50026 0.84935 0.50065 0.84595 0.50581 0.83469 0.50805 0.74536 0.50657 0.18999 0.38955 0.17959 0.36965 0.19461 0.37768 0.69859 0.48403 0.81909 0.50367 0.73159 0.49314 0.7962 0.49625 0.77568 0.49406 0.16029 0.38955 0.70116 0.47703 0.83822 0.49041 0.82729 0.48741 0.80147 0.48427 0.75539 0.49004 0.84607 0.48489 0.85035 0.46854 0.3151 0.36866 0.69781 0.47806 0.84939 0.46592 0.82304 0.47699 0.79857 0.47305 0.78162 0.47494 0.8799 0.9 0.90039 0.90782 0.88215 0.9199 0.90343 0.9199 0.76059 0.47875 0.73108 0.47848 0.84644 0.467 0.72437 0.47146 0.80903 0.4675 0.76445 0.46729 0.74469 0.46528 0.70079 0.45785 0.82572 0.4631 0.31515 0.39332 0.69775 0.45337 0.78921 0.45698 0.72297 0.45775 0.69842 0.44675 0.84603 0.45536 0.81139 0.45489 0.76058 0.45545 0.85038 0.45579 0.82614 0.45364 0.84946 0.44087 0.84705 0.44635 0.75705 0.44072 0.7296 0.44917 0.84148 0.44077 0.818 0.44085 0.80035 0.44072 0.59069 0.84096 0.60477 0.84589 0.60735 0.82935 0.78606 0.4408 0.71005 0.44066 0.70078 0.44075 0.85049 0.43958 0.04095 0.47568 0.03624 0.50064 0.04461 0.50498 0.73239 0.44077 0.31513 0.40592 0.69755 0.44076 0.84953 0.43937 0.8459 0.43947 0.82078 0.43949 0.78295 0.43945 0.60735 0.84826 0.04461 0.44925 0.03578 0.49512 0.7376 0.43939 0.70813 0.43933 0.69756 0.4393 0.67418 0.43958 0.65672 0.44756 0.47866 0.44013 0.69006 0.44473 0.6825 0.43946 0.63993 0.44508 0.61817 0.44615 0.55286 0.43717 0.51408 0.43717 0.49615 0.43706 0.4727 0.44325 0.09298 0.98557 0.08923 0.98474 0.58761 0.44525 0.53386 0.43716 0.48599 0.43702 0.4743 0.43929 0.58611 0.4395 0.09308 0.9658 0.6916 0.43727 0.69004 0.43941 0.65202 0.43724 0.61465 0.43934 0.47271 0.4371 0.08692 0.98549 0.08708 0.96579 0.68995 0.43722 0.69008 0.43632 0.68681 0.43635 0.68045 0.43715 0.67688 0.43633 0.66079 0.43645 0.6362 0.43641 0.62406 0.43724 0.64802 0.00362 0.62168 0.00358 0.63591 0.00277 0.59336 0.00356 0.58296 0.43717 0.59491 0.00271 0.57423 0.00347 0.5649 0.00258 0.5493 0.00347 0.54595 0.00261 0.52529 0.00342 0.52623 0.00256 0.50836 0.00254 0.49893 0.00345 0.49823 0.00249 0.47436 0.43704 0.4866 0.0025 0.48664 0.0035 0.48493 0.00279 0.70343 0.00712 0.70171 0.00394 0.7034 0.00347 0.68858 0.00384 0.67175 0.00608 0.67254 0.00367 0.65116 0.00609 0.54093 0.01166 0.51776 0.00589 0.5043 0.00996 0.49057 0.01151 0.48652 0.00808 0.08676 0.98088 0.48483 0.00735 0.69748 0.0109 0.69847 0.00383 0.68319 0.01279 0.63604 0.01194 0.59797 0.02127 0.56733 0.01319 0.49445 0.01316 0.70336 0.0208 0.66953 0.0214 0.65098 0.02141 0.52184 0.01779 0.48656 0.02134 0.08681 0.96696 0.48486 0.02106 0.70163 0.0211 0.69631 0.0213 0.6836 0.02134 0.61881 0.0212 0.5806 0.0213 0.54954 0.01862 0.50485 0.02136 0.49417 0.02139 0.55235 0.02133 0.51936 0.02139 0.7033 0.02196 0.70123 0.02228 0.68199 0.02233 0.64528 0.02237 0.62231 0.02204 0.59943 0.02216 0.57861 0.02212 0.55297 0.02212 0.53289 0.02222 0.51174 0.02214 0.49262 0.0223 0.48667 0.02239 0.4848 0.02228</float_array>
          <technique_common>
            <accessor source="#uvs_0-array" count="4721" stride="2">
              <param name="S" type="float"/>
              <param name="T" type="float"/>
            </accessor>
          </technique_common>
        </source>
        <source id="normals_0"><float_array id="normals_0-array" count="14163">0.998089211 -0.00527871531 -0.0615634734 0.999893227 -0.0107705052 -0.00987572671 0.984900815 -0.172846033 -0.00972795115 0.983168309 -0.182502371 -0.00854171225 0.999849751 -0.0139125449 -0.0103399966 0.996518404 -0.0832244338 -0.00497627411 0.968719881 -0.248114838 -0.00456278327 0.99408253 -0.108584502 -0.00305447145 0.957922354 -0.287016946 -0.0024567903 0.994243067 -0.107057193 -0.00441376866 0.943441842 -0.331525931 -0.00283687674 0.908018224 -0.418905651 -0.00457823959 0.99974358 -0.0221265966 -0.0048153268 0.995687068 -0.0927130506 -0.00339900141 0.880521948 -0.474004386 -0.000970199906 0.999686291 -0.0249998822 -0.00152526311 0.998508411 -0.0545415683 0.00248385589 0.878297695 -0.478114134 0.000185336889 0.997968544 -0.0637079388 -0.000288863212 0.99811171 -0.0570268127 0.0228244988 0.866643083 -0.49795181 0.0312051581 0.987095566 -0.0636076295 0.146957183 0.0551672341 -0.012087086 -0.998403966 0.00801214136 -0.208635051 -0.977960746 0.00856207729 -0.0175443544 -0.999809425 0.440063818 -0.862181189 -0.250972976 0.317071861 -0.94642465 -0.0612030822 0.105579214 -0.981699311 -0.158491304 0.0451824926 -0.998730711 -0.0222600227 0.253479623 -0.967328773 -0.00480882964 0.0377562385 -0.999286882 0.000440765038 0.139418884 -0.990230584 -0.00240115104 0.0162527153 -0.999865695 0.00210740004 0.0881661478 -0.996105687 -0.000437760684 0.0148563346 -0.999888241 0.00167196919 0.00627757702 -0.999979673 0.00111606072 0.00876610447 -0.999961156 -0.000917305467 0.0630765383 -0.998007751 -0.00137118209 0.0131456248 -0.999913087 -0.00100512467 0.032414961 -0.999473438 -0.00145470115 0.00438576169 -0.999989944 -0.000936169214 0.017260904 -0.999850383 -0.00112845349 0.00951882398 -0.999954205 -0.000990186116 0.0164906891 -0.99985527 -0.00418281464 0.00248790895 -0.999996735 -0.000583466644 0.00353911425 -0.999902248 -0.0135266138 0.0121268032 -0.990021804 0.140391485 0.0104694465 -0.993142884 0.116437121 0.112758702 -0.90827424 0.402893757 0.038793391 -0.954781658 0.294766106 -0.00225189909 -0.999996099 0.00165245601 0.000315623802 -0.999997744 0.0021006228 -0.00197271539 -0.999996877 0.00153467945 0.00180647412 -0.999998003 -0.000854681864 0.00117387231 -0.0752632189 0.997163011 0.0108652336 -0.00716044465 0.999915334 -0.00124553619 -0.00271198135 0.999995547 -0.00793401523 -0.210615546 -0.977536773 -0.00876316717 -0.00680956438 -0.999938416 -0.0132481099 -0.986136318 -0.165407526 0.00217648346 -0.999994758 0.00239744865 0.0035055783 -0.999993715 -0.000530136553 0.00210236501 -0.999997465 -0.000806845785 0.00434424422 -0.999989975 -0.00108515606 0.00366897037 -0.999990765 -0.00223777558 0.00313161754 -0.996729463 0.0807500492 -0.010483915 -0.945647471 0.325024534 -0.00133619397 -0.0724735375 0.997369441 -0.0773687589 -0.996598428 -0.0283839401 -0.0760948498 -0.997100563 0.000201255122 -0.115895488 -0.993259926 -0.0017189608 -0.085721371 -0.996317499 -0.00181330784 -0.0363117263 -0.999340469 -0.00029262407 0.0115637164 -0.999932993 -0.000539223635 0.0102567589 -0.999947117 -0.000750048331 -0.0784874221 -0.996913939 -0.00152387748 -0.0604372786 -0.99730808 0.0415202228 -0.0200994261 -0.0170363472 0.999652828 -0.0500794037 -0.16974734 -0.984214354 -0.0206009857 0.00962059277 -0.999741488 -0.226968247 -0.924909091 -0.305005882 -0.149293992 -0.988791589 0.00158015949 -0.172124369 -0.985075223 8.25277232e-05 -0.189536694 -0.981873538 -0.000444154394 -0.250229194 -0.968186557 -0.000374851234 0.114220438 -0.879697448 0.461612491 -0.399240502 -0.0258690229 -0.916481214 -0.662247157 -0.714488611 -0.225687234 -0.69868921 -0.714182722 -0.0421476829 -0.696584976 -0.717455976 -0.00512762825 -0.661787675 -0.749678938 -0.00430846413 -0.60676257 -0.794881696 -0.00150735873 -0.602209518 -0.798336258 0.00170761329 -0.662189834 -0.749335476 0.000984043042 -0.679650699 -0.733535743 0.000490498937 -0.698408159 -0.715699136 0.00088894801 -0.701982095 -0.712194503 -0.0003564089 -0.99992344 0.0123350656 0.000979622681 -0.677684598 -0.732482987 -0.0649019199 -0.993729283 -0.111812837 -4.80363614e-05 -0.978759668 -0.203927314 0.0210514478 -0.998643892 -0.0519775988 0.00295078631 -0.99996243 0.00225363166 -0.00837020766 -0.999799033 -0.0186036481 -0.00746981479 -0.999954915 -0.00186530613 -0.00931062421 -0.999884108 -0.0148533527 -0.00333899412 -0.999905631 0.0133887628 -0.00307727029 -0.999882338 0.0150026657 0.00319848774 -0.999957094 -0.00602071318 0.00703993524 -0.999843127 0.0145672554 0.0100754933 -0.999989284 0.00137103069 0.00442169165 -0.999838287 0.0179477615 0.00113043465 -0.999955307 0.00941430086 0.000868457459 -0.99973953 0.0226549434 0.00276139486 -0.999682446 0.0250823771 0.00242538256 -0.992315345 -0.0113922772 0.123209057 0.0201714937 0.00835343062 -0.999761637 -0.00413207811 0.0121258363 -0.999917942 -0.0166964847 0.00939057242 -0.999816505 -0.995406834 0.00553171626 -0.0955752817 -0.999915698 0.00830021848 -0.00998515579 -0.999591032 0.000996289709 -0.0285792895 -0.999983166 0.00542199796 0.00206609308 -0.999930097 0.00533232617 -0.0105530353 -0.999879226 0.014413807 -0.00581175579 -0.999884066 0.0149576113 -0.00285018812 -0.999813038 0.0192766662 -0.00151609722 -0.999790293 0.0190857593 0.00742321109 -0.999759097 0.0210368144 0.00626109778 -0.999750439 0.0223012687 0.00130883395 -0.999733227 0.0228956059 0.00304403553 -0.999717176 0.0237094726 0.00185189279 -0.999776748 0.0211182705 0.000687072109 -0.999803218 0.0197995761 -0.00122552356 -0.999843634 0.0170352176 -0.00474445176 -0.995051972 -0.00108521395 -0.0993498682 -0.999882171 0.0152005669 -0.00214166612 -0.99986235 0.0165584084 -0.00104851351 -0.999879 0.0153861409 0.00229179719 -0.999808617 0.0156607443 0.0117247951 -0.999795739 0.0157352754 0.0126839175 -0.999830917 0.0181515767 0.00294237182 -0.999820874 0.0188539734 0.00165742117 -0.00353898398 0.0036032789 -0.999987246 -0.999937966 0.00997567468 -0.00495484212 -0.999833254 0.0182297593 -0.00106801759 -0.999830428 0.0182773832 0.00224786851 -0.999803147 0.019746888 0.00193071684 -0.00136382505 0.00393095036 -0.999991344 -0.999998193 0.00125686372 -0.00142619395 -0.999930622 0.0117461357 0.000883326425 -0.999815765 0.0157355041 0.0109922237 -0.999896204 0.0143968533 -0.000558256565 -0.999887528 0.0121130865 -0.00884330141 -0.999493298 0.00366171085 -0.0316186533 -0.999859674 0.016592868 -0.00230400137 -0.999882666 0.0132601934 0.00766945913 -0.0215414542 0.00172915962 -0.999766461 -0.00366137611 0.00292450354 -0.999989021 -0.997660924 -0.00683021104 -0.0680149242 -0.999979017 0.00565056828 0.00316795056 -0.999932061 0.0111700544 0.00333214782 -0.999958159 0.00912514144 0.000641571004 -0.999970373 -0.00705271189 -0.00308415351 -0.999949201 -0.0080656279 0.00604500023 -0.999993109 -0.00119446837 -0.00351502714 -0.99994051 -0.00815034197 -0.00724897094 -0.999998853 -0.0009247844 -0.00119951887 -0.999936171 -0.00404892663 0.0105480285 -0.999968056 -0.00335157511 0.00725627999 -0.999968648 0.00315578965 -0.00726255331 -0.00207282481 0.00186169944 -0.999996119 -0.999855248 -0.0167503239 -0.00298477065 -0.999940981 -0.0108617934 -0.000236585299 -0.999987126 -0.00498377735 0.0009540766 -0.999964867 -0.00749260076 0.00375848948 -0.999976197 -0.00356148934 0.00590942643 0.0476417259 0.00294787505 -0.998860138 0.00670514242 0.00257902436 -0.999974195 -0.999925815 -0.0100632088 -0.00686271543 -0.999904054 -0.0137726138 0.0014824551 -0.999964032 -0.00528593617 0.00663278902 -0.999953979 -0.0062245764 0.0073003051 -0.999907076 0.000549120905 0.013621206 -0.999984083 0.00409374371 -0.00388254619 -0.999836434 -0.0149276545 -0.0102113304 -0.999915255 -0.0129849863 -0.000934263059 -0.999977486 -0.0066844214 0.000588390483 -0.999966209 -0.00410787933 0.00712082095 -0.999968068 -0.00784517048 0.00152190338 -0.999833375 -0.01817976 0.00164853348 -0.999826666 -0.0185908045 0.00100964927 -0.999880913 -0.0152490392 0.00237205493 -0.999829487 -0.0150363263 0.0107194302 -0.999956842 -0.00408935853 0.00834211324 -0.999996118 -0.00139012834 0.00241471015 -0.999936031 0.00526157348 0.0100124381 -0.999872409 0.000310638776 -0.0159708865 -0.0016789603 0.0022494597 -0.999996061 -0.999856126 -0.0166214417 -0.00338443593 -0.998614765 -0.0526036378 -0.00118672419 -0.998551957 -0.0537645729 0.00183324132 -0.99930487 -0.037267563 0.000951599781 -0.99851038 -0.0544882205 0.00283793669 -0.999288088 -0.0353681741 0.0131304513 -0.999621532 -0.0239028776 0.013617831 -0.999951325 -0.00816289977 0.00554204716 -0.999988494 -0.00479675728 5.90826684e-05 -0.999946305 -0.0102977297 0.00115959395 -0.999151115 -0.0411785459 0.0011733498 -0.999838034 -0.012164327 0.0132640502 -0.999171287 -0.00984481705 0.0394945394 -0.998818751 -0.00959040621 -0.047635342 -0.9999156 -0.0127091798 0.00269630061 -0.999969286 0.00089997372 -0.00778571907 -0.999267509 0.000382084762 -0.0382661745 0.00621032995 -0.999939619 -0.00906590983 0.00271204251 -0.999993408 -0.00241445337 0.00675441091 -0.999976764 -0.000921793673 0.0084426362 -0.999957428 -0.00372342047 0.0128548353 -0.99990492 0.00499047725 0.0113131447 -0.99987004 0.0114854996 0.00718512154 -0.999803867 -0.0184554064 0.0104170664 -0.999907145 -0.00878559001 0.0108914196 -0.999937838 -0.00238665629 0.010312583 -0.999896884 -0.00999361789 0.00737452059 -0.999970031 0.00235665596 0.00640998146 -0.999979449 -0.000118155258 0.00855831631 -0.999959857 -0.00265314088 0.00304695187 -0.999989632 0.00338415707 0.00567133075 -0.999982334 0.00177977704 0.00634404186 -0.99997852 0.00164720817 0.00883728219 -0.999960047 -0.00134440443 0.00298698138 -0.99997968 -0.0056318545 0.00320869313 -0.999994446 0.000901655451 0.00527138118 -0.999983978 -0.00206324462 0.00462288229 -0.982768057 0.184785211 0.00201159357 -0.999985904 -0.00491376648 0.000556776374 -0.996720912 -0.0809142309 0.00610609196 -0.999980595 -0.00123482673 0.00678414937 -0.999976214 -0.00124391552 0.00362455772 -0.999992814 -0.00111097381 0.00672608061 -0.999976883 -0.000996381084 0.00221221289 -0.999993558 -0.00282663489 0.00264109079 -0.999996476 0.00027093442 0.0023674106 -0.99999674 -0.000957200292 0.000935985129 -0.99999764 -0.00196083791 0.00204452964 -0.99999697 0.00137118163 0.0013021119 -0.999998976 -0.000593779341 0.000853338417 -0.99999939 -0.000700908186 0.000373613174 -0.999994555 -0.00327880316 0.000693197469 -0.999995637 -0.00287139921 0.000948920455 -0.999942498 -0.0106817341 0.000888211075 -0.99999938 -0.000671203609 0.000590394347 -0.999999316 0.00100978091 4.40589266e-05 -0.999998932 0.00146108044 0.000935439622 -0.984720035 0.174142406 0.00048933203 -0.999996495 -0.00260192083 0.00144281639 -0.999951512 -0.00974126755 0.000686480228 -0.999999439 -0.000806080044 0.000242819699 -0.999995649 -0.00293993005 0.00125509489 -0.999999018 0.000622943896 0.000630903245 -0.999999248 -0.00105203831 0.00136504285 -0.999998937 -0.000512415365 0.000630400313 -0.999980272 0.00624973129 0.00129734174 -0.999999099 -0.000344289749 0.00101328159 -0.999999396 0.000426826624 0.000836413209 -0.994828955 -0.10156107 0.000804759888 -0.99999945 0.000672914114 0.000394918451 -0.999998278 -0.00181349252 0.00157499829 -0.999998641 -0.000487258372 0.00137502588 -0.999998514 -0.00103975058 0.00169005144 -0.999998509 -0.000355024737 0.00152242067 -0.999998823 0.000191657338 0.00155600071 -0.999998242 0.00104665066 0.00147944487 -0.999991141 -0.00394067009 0.00178768907 -0.999997169 -0.00157051818 0.00166947191 -0.999998554 -0.000322582268 0.00186175486 -0.999998131 -0.000522364479 0.00224040316 -0.999997213 -0.000745117693 0.00188558159 -0.999992961 -0.00324377461 0.00223858342 -0.999995125 0.00217669767 0.00207829787 -0.999959858 -0.00871571562 0.00128019656 -0.999999181 -5.02986792e-06 0.0024511482 -0.999991913 -0.00318839067 0.00116606722 -0.982967391 0.183776352 0.0015723939 -0.999998552 -0.000651169792 0.00204765731 -0.994368697 -0.105956127 0.00300449136 -0.99999038 -0.00319587985 0.00180942488 -0.999832349 -0.0182208823 0.00347664671 -0.999990683 -0.00255850804 0.00137476857 -0.999998523 0.00103134717 0.000959176942 -0.999999279 -0.000723138662 0.00193624797 -0.999887639 -0.0148647197 0.00130192888 -0.999999047 -0.000459103593 0.00176705558 -0.99998708 -0.00476617448 0.00053597936 -0.999999855 -5.56506137e-05 0.00126176339 -0.999983544 0.00559643085 0.000614770463 -0.999995138 -0.00305716342 0.000373572802 -0.99999993 -3.77251895e-05 4.33933997e-05 -0.999820264 -0.0189588382 0.000156228861 -0.999999936 0.000321783648 -0.000891385288 -0.999996301 -0.00256969418 -4.31628976e-05 -0.999991054 -0.00422955252 0.00015701971 -0.999975999 -0.00692649583 0.000363089949 -0.999995931 -0.00282954344 0.000403072462 -0.999999794 -0.000499785239 -0.000580235723 -0.999990834 -0.0042421192 -0.000752125942 -0.999988721 -0.0046895462 -5.84180732e-05 -0.993764653 -0.111498032 -0.000203326428 -0.999999893 0.000415480763 -6.25718859e-05 -0.999999942 0.000336218883 -7.18587437e-05 -0.99999999 -0.000120722134 -0.000933314079 -0.999987621 -0.00488732702 -0.000213348467 -0.999999263 0.00119505884 -0.00110411834 -0.999954215 -0.00950521128 -0.000950937241 -0.999999544 9.02110555e-05 -0.000176682198 -0.999999783 0.000635123553 -0.00036289052 -0.999996802 -0.00250290745 -0.00122004498 -0.999998986 0.00073482006 -0.00140693253 -0.999984488 -0.00538919409 -0.00100124574 -0.999999465 -0.000258417624 -0.000462982233 -0.999999855 -0.00027345357 -0.000985118202 -0.999993106 -0.00358020237 -0.000582221522 -0.999999828 7.57953754e-05 -0.00108469995 -0.983162341 0.182731042 -0.0016494675 -0.999988383 -0.00452923085 -0.00183915057 -0.99999829 0.000193451133 -0.000897749429 -0.999999463 0.00051811975 -0.0015781376 -0.999998285 -0.000968797033 -0.00144829519 -0.999998437 0.00101427611 -0.000909606434 -0.999999519 0.000367603707 -0.00102481601 -0.99999945 -0.000222181006 -0.0020235742 -0.999886741 -0.014913437 -0.00132964034 -0.999982655 -0.00573772099 -0.000779293813 -0.999999604 -0.000430470889 -0.000952907362 -0.999998535 -0.00142224228 -0.00122743361 -0.99407575 -0.108682553 -0.000222321863 -0.999966033 -0.00823911525 0.000205027505 -0.987456096 0.157893686 -1.02239084e-05 -0.99999988 -0.000488842902 -7.72144859e-05 -0.999999991 0.000105652148 -0.000675056947 -0.999999541 0.000680331922 -0.000160853072 -0.999999798 -0.00061504437 -0.000988303511 -0.999990556 -0.0042321878 -0.000196392002 -0.999986466 -0.00519889257 -9.96920117e-05 -0.999968821 -0.00789606782 0.00015299117 -0.999999723 0.000728396402 0.000463899197 -0.999999892 -2.13956437e-05 -0.000250568903 -0.999999906 0.000352658236 0.000332024381 -0.999999759 0.000610392613 4.7589608e-05 -0.999999945 -0.000327537513 0.00047227875 -0.999994711 -0.00321793512 0.000436783489 -0.999944344 -0.0105412323 0.000429780373 -0.999960412 0.00888758819 0.000129380555 -0.994034567 -0.109065407 8.50180264e-05 -0.999989016 -0.0046861441 0.000627441216 -0.999999802 3.83168216e-05 0.000622010152 -0.999999763 -0.000296675373 0.000509111584 -0.999999748 0.000495604432 0.000329089797 -0.999987156 -0.00505755905 0.00101596956 -0.988485606 0.151311515 -5.58100137e-05 -0.999997189 -0.00237032594 0.000132963351 -0.999999913 0.000396258912 0.000138926503 -0.99999999 4.16038707e-07 0.000807426458 -0.999951532 -0.00981233566 0.00127838889 -0.999998935 0.000703786746 0.000724197888 -0.999981268 -0.00607771664 0.000560991537 -0.999875491 -0.0157698544 0.000941940046 -0.999999303 0.00071220398 0.000708527876 -0.999997383 -0.00217549148 0.000781152519 -0.999999617 -0.000393868718 0.000914672331 -0.999999575 0.000118034003 0.0018623027 -0.999991004 -0.00381095227 -0.000170934645 -0.999925491 -0.0122058588 0.000338587326 -0.999997091 -0.0023881763 0.000783278654 -0.994786362 -0.101977842 0.00130465884 -0.99068188 0.136189977 0.00277672969 -0.999995825 -0.000799439919 0.00090363121 -0.999998321 -0.00159405594 0.00154959276 -0.999998714 -0.000412750398 0.00185978541 -0.999987712 -0.00459537011 0.00261164458 -0.99999623 -0.00084765764 0.00363386227 -0.999992124 -0.0015961688 0.000854739356 -0.99998247 -0.00585916279 0.00106416736 -0.999889656 0.0148169629 0.0010679714 -0.999999318 -0.000473049889 0.00250156097 -0.999994807 -0.00203166592 0.00119301334 -0.999998958 0.000813070729 0.00145200654 -0.999998934 0.000154632216 0.00121721388 -0.999999233 -0.000228621079 0.00107595247 -0.999957128 -0.00919696345 0.000132366637 -0.999991048 -0.00422911529 0.00167278628 -0.999998247 -0.000841258711 0.0016259037 -0.999997458 -0.00156206778 0.00155637077 -0.999996233 -0.00226084479 0.000739555661 -0.999999573 0.000554805931 -0.000403710559 -0.999999002 -0.00135419284 0.00285026016 -0.995282399 0.0969784579 0.000481978801 -0.999996398 -0.00264046588 -0.0045491462 -0.999885058 -0.0144629458 -0.000204864275 -0.999951809 -0.00981515508 -0.000956432689 -0.999997703 -0.00191822381 -0.000333362849 -0.999996788 -0.0025127248 0.000164813399 -0.999999858 -0.000506680253 -0.00063013011 -0.999999096 -0.00118771634 -0.00652766861 -0.999977068 -0.00180356085 -0.0119490265 -0.999585419 -0.0261956228 -0.00259524677 -0.99999663 6.38728177e-05 -0.00540552142 -0.999985088 -0.00077722887 -0.00786474101 -0.99975925 -0.020483858 -0.0173305556 -0.999849107 -0.00118960092 -0.0289619632 -0.999579664 -0.00130373287 -0.00710458199 -0.999974664 -0.000442480247 -0.0097341705 -0.999951987 0.00112698988 -0.0516921497 -0.998647151 -0.00563826394 -0.0174623184 -0.999347262 -0.0316246254 -0.0959075375 -0.995160946 -0.0213643604 -0.0403255079 -0.99889874 -0.0239825186 -0.99922965 -0.0326980007 -0.0217013389 -0.999685308 -0.0179661529 -0.0175072252 -0.9982595 -0.0573225549 -0.0138598367 -0.310240431 -0.949096223 -0.0544723347 -0.285653589 -0.95827618 -0.0104302699 -0.0953348854 -0.993767544 -0.0577696039 -0.0119994178 -0.99991891 0.00426470437 -0.995533277 -0.0941323091 -0.00725283124 -0.220742298 -0.975307191 0.00698008123 -0.00662398631 -0.999972874 0.00322082051 -0.99523569 -0.0974796787 0.00190605686 -0.173693834 -0.984799571 -0.000506888958 -0.0437682228 -0.999041358 -0.000840657661 -0.997206217 -0.0746785123 0.00169733572 -0.132013085 -0.991247943 0.000244977067 -0.0304239659 -0.999534322 -0.00234972844 -0.997685608 -0.0672579752 0.00998959935 -0.141817952 -0.989892115 -0.00112652916 -0.0880805338 -0.996106526 -0.00368908756 -0.024918739 -0.999685745 -0.00273278008 -0.0883209583 -0.996091258 -0.00127079221 -0.999972064 0.00472536914 -0.00579162046 -0.999957301 -0.00856210371 -0.00347644352 0.0351284696 -0.997832335 -0.0556472958 0.00498254491 -0.999987571 -0.000180738566 0.00632429976 -0.999979419 -0.00107889948 -0.00217895121 -0.999991418 -0.00352363757 -0.00386720227 -0.999992408 0.00047877851 -0.107585301 -0.994186176 -0.00438755542 -0.0474305633 -0.998874537 1.21170591e-05 -0.264683936 -0.964313553 -0.00646420318 -0.00973412387 -0.999924455 0.0075054129 -0.12116498 -0.992553446 0.0125182022 -0.339671587 -0.939893904 0.0349665891 -0.337329607 -0.935608876 0.104138209 -0.091576487 -0.99263884 0.0792583117 0.0131330965 -0.99737323 0.0712331553 0.0208233735 -0.990305189 -0.137339072 0.00750078943 -0.99919032 -0.0395277476 0.00586321188 -0.994849746 -0.101190937 0.00566456769 -0.999973269 0.00462319919 0.00600745792 -0.999973713 -0.00405999957 0.00773368892 -0.999967021 -0.00247943453 0.00352371735 -0.999992855 -0.00136871508 0.00171688232 -0.99999839 0.000520960524 0.00240245872 -0.999997082 0.000252276047 0.00817690585 -0.999964778 0.00189238508 0.00756972299 -0.999971294 0.000333366431 0.00808939956 -0.999967087 -0.000621802845 0.0172376377 -0.918071978 0.39603877 0.0174161132 -0.949712411 0.312638793 0.0100646145 -0.999948895 -0.000954480513 0.00815010946 -0.999966406 -0.000873718411 0.00772782389 -0.999969774 -0.000855852885 0.00693873062 -0.999975871 -0.000332583516 -0.00140025564 0.00939819789 -0.999954856 -0.000556141761 -0.0961094587 -0.995370616 -0.00122193661 0.00455452972 -0.999988882 -6.76922233e-05 0.00158509182 -0.999998741 0.00163359079 0.00396147987 -0.999990819 0.000726457416 -0.245084269 -0.969501508 0.00168139144 0.000654269484 -0.999998372 0.00024293065 -0.0048887417 -0.999988021 0.000428021776 -0.244041283 -0.969764749 0.000824191751 0.00166752597 -0.99999827 0.000395641243 -0.000804056379 -0.999999598 -0.00102441863 -0.268676464 -0.963229935 -0.000273984203 -0.00186310037 -0.999998227 0.00055012744 -0.307212462 -0.951640794 0.000501498082 0.00177291475 -0.999998303 0.000935124501 -0.00707247393 -0.999974553 -0.00143254434 -0.348777873 -0.937204323 -0.0012254102 -0.00174225853 -0.999997731 -0.00185714704 -0.0114080384 -0.999933202 0.000482324082 -0.287664781 -0.957731038 0.000968341657 -0.00884520824 -0.999960412 -0.0260380909 -0.0301849947 -0.999205126 -0.0533621737 -0.998575203 0.00020354258 -0.0512409008 -0.998686216 -0.000460419968 -0.129307833 -0.991604476 0.000218644071 -0.314310039 -0.949130107 0.0190062761 -0.317914214 -0.948093094 0.00707380009 -0.901851031 -0.432043846 0.00168313257 -0.999409171 -0.0342934786 0.00229476098 -0.997561537 -0.069789872 -0.000595205975 -0.257596265 -0.966252635 0.000101602153 -0.271781827 -0.962358842 -0.000313886803 -0.278109625 -0.960549134 -0.000630257872 -0.232385661 -0.971625987 -0.0440436824 -0.969443091 -0.0310705806 -0.243340732 -0.869898652 -0.491057435 -0.046248572 -0.999010784 -0.0222123859 0.0385235313 -0.99853902 -0.0523016586 -0.0135779949 -0.658762823 -0.286176403 -0.695797823 -0.0218553766 -0.347124565 -0.937564333 -0.111500449 -0.153740919 -0.981800071 -0.992000165 -0.0457864951 -0.117640424 -0.92227283 -0.132351999 -0.36317458 -0.999764635 0.00732616019 0.0204206202 -0.999833694 -0.0132585865 -0.0125217374 0.360807827 -0.328996985 -0.872684763 0.188827084 -0.0200186176 -0.981806288 0.0036157726 0.0263214795 -0.999646991 0.00157896214 0.0123524848 -0.999922458 -0.00100802208 0.019351723 -0.99981223 0.00514084278 -0.00365615953 -0.999980102 -0.998538418 0.00176684396 -0.0540176464 -0.999965596 -0.00614267383 0.00557449551 -0.999999036 -0.0010708593 0.000883523879 -0.999664373 -0.0259042763 -0.000330564394 -0.999991276 0.00417684995 4.11508989e-05 -0.999994944 -0.0031795889 4.71775418e-05 -0.999610451 -0.0279087504 0.000218134932 -0.999483484 -0.0321336686 -0.00043905528 -0.99999535 -0.0028468807 -0.00109304929 -0.999868095 -0.0107467634 -0.0121778264 -0.999816418 -0.000326227548 -0.0191578773 -0.999078817 -0.0284520422 -0.0321247523 -0.940082221 -0.0195812793 -0.340385064 0.00654410695 0.0672865597 -0.99771223 0.267835685 0.108942423 -0.957285534 0.133135743 -0.00527060227 -0.991083798 0.161379154 0.0376651726 -0.986173465 0.0459040882 0.0040578113 -0.99893761 0.00211979503 0.00315134627 -0.999992788 -0.00106008939 0.00628256728 -0.999979703 -0.000130362474 0.00524225552 -0.999986251 0.00042124202 0.00471528863 -0.999988794 0.000227360084 0.0052967907 -0.999985946 0.00113443851 0.00574650284 -0.999982845 9.38130221e-06 0.00198243656 -0.999998035 0.00126497052 0.0052347212 -0.999985499 -0.000991155066 0.00256092641 -0.99999623 -0.000666833801 0.000326613444 -0.999999724 0.00671157178 -0.00024274488 -0.999977448 -0.999988027 0.0018819624 0.00451711448 -0.999989599 0.00454442119 -0.000387340166 -0.999975726 0.00696228071 -0.000272149567 -0.999997741 0.00163663969 -0.00135645346 -0.99991611 0.0012437714 -0.0128928978 0.0257384108 0.00123471688 -0.99966795 -0.00265285272 0.00244154914 -0.999993501 -0.999952583 0.00884813816 -0.0040672186 -0.999945795 -0.0055576731 0.00880448686 -0.993672536 -0.017471343 -0.110948833 -0.961854655 -0.0187462546 -0.272917938 0.097820811 0.328718492 -0.939348307 -0.999919408 0.00345168899 -0.0122173617 -0.0011130385 0.00329840532 -0.999993941 -0.999997773 0.000270087793 0.00209295216 -0.999994267 0.0033347029 0.000588701713 -0.999991991 0.00393484855 0.000731207947 -0.999998653 0.00134483976 -0.000940816395 -0.999954215 0.000575152303 0.0095517655 -0.992140569 0.0021374705 0.125110038 -0.996666226 0.0127345218 0.0805870074 -0.999479492 0.0109011974 0.030362965 -0.999185421 -0.00670507932 -0.0397936824 -0.968927953 -0.00861211853 -0.247193151 -0.952037069 -0.00770650218 -0.305885647 -0.948078851 -0.0101942966 -0.317871938 0.488642648 -0.0167936125 -0.872322381 0.209134508 -0.0105259736 -0.977830232 0.00326640578 -0.00289668111 -0.99999047 -0.0302090855 0.991196831 0.128904045 -0.0613393344 0.997332263 -0.039570741 -0.401057697 0.913080421 0.0737351209 0.0193200873 0.999737039 -0.0123525919 -0.0543302089 0.998410723 -0.0149751775 -0.0101758767 0.999559305 -0.0278863432 -0.00611003316 0.999546745 -0.0294783158 -0.00870346185 0.999876371 -0.0130955047 -0.00401505342 0.999860569 -0.0162087 -0.000993431304 0.999663552 -0.0259190387 -0.000238808782 0.999817519 -0.0191016002 -0.00842820664 0.999744563 -0.0209707981 -0.00538414766 0.999576476 -0.0285986007 -0.0071254872 0.999804348 -0.0184524711 -0.00187330203 0.999829153 -0.0183889796 0.00120461673 0.999675488 -0.0254453895 0.00105864687 0.999817664 -0.0190661242 0.000488100236 0.999892126 -0.0146798767 4.44855416e-05 0.99993092 -0.01175384 -0.000515703095 0.99993388 -0.0114878387 0.000474494517 0.00330070694 -0.99999444 0.000697638959 0.999932877 -0.0115652773 -0.000262065582 0.999991313 -0.00415986505 -0.000665494122 0.999982878 -0.00581377121 0.00230973864 0.999941008 -0.0106134387 0.0014137901 0.999994759 -0.00291266912 0.000369842223 0.00355809179 -0.999993602 0.00413388363 0.999928597 -0.0112121763 0.00217534728 0.999958438 -0.00885379142 0.00188728653 0.999980462 -0.00595933605 0.00188245453 0.999977318 -0.00646677314 0.0328265989 0.999423999 -0.00860721603 0.104787265 0.993695844 -0.0398522093 0.394557765 0.918107477 -0.0374543943 -0.999970198 0.000713723557 0.00768725401 -0.999989305 -0.00287730715 -0.00362090256 -0.999709584 -0.00309144944 -0.0238996107 0.0317973603 -0.21889617 -0.975229919 0.475787264 -0.115813821 -0.87190231 0.283809759 -0.105143911 -0.953098515 -0.99642906 0.0844011113 0.00236239635 -0.999515902 0.0112390781 -0.0290111068 -0.999901667 0.00569741176 0.0128139243 -0.999192779 0.0334914594 -0.0221836179 -0.999583459 -0.00484821307 -0.0284500138 -0.999968959 0.00639882942 -0.00459729613 -0.999548234 0.0300553381 6.46725785e-05 -0.999427929 0.0333990904 0.00532121961 -0.999982327 0.0044501098 0.00394223465 -0.999772177 0.0213352155 0.000635056473 -0.999990183 -0.0040820808 -0.00172375238 -0.999476017 0.0322561862 -0.0026889648 -0.999976441 -0.00643638418 -0.00238544454 -0.999990706 0.000400886025 -0.00429275045 -0.999677734 0.0251981053 -0.00307952152 -0.999920985 -0.00940714793 -0.00833844476 -0.998568388 0.00106759255 -0.0534792996 -0.999950618 -0.0031400099 -0.00942875627 -0.847959001 0.456054635 -0.270147557 -0.949170397 0.160459628 -0.270791922 -0.00228526248 8.36419361e-05 -0.999997385 -0.934925356 0.348431879 -0.0671550683 -0.989399437 0.102080228 -0.103287851 0.0091215208 0.999895809 -0.0111878915 -0.00458764273 0.99970556 -0.0238274356 0.00569854591 0.99250359 0.122082553 -0.000822287104 0.978102529 0.208121999 -5.43591107e-05 0.00238692031 -0.99999715 0.00139762524 0.00365483488 -0.999992344 0.00188318626 0.00352936779 -0.999991999 0.000388296294 0.00347848728 -0.999993875 0.00010961569 0.00361666372 -0.999993454 0.999956263 0.00569654705 -0.00741770281 0.99980209 -0.0180739998 -0.00831331688 0.999566556 -0.00717407749 -0.0285522854 0.999996991 -0.00245221467 6.60564077e-05 0.999900076 -0.00769546791 -0.0118582432 0.99875826 0.0496204588 -0.00444397904 0.972102065 0.215544341 -0.0925106021 0.998125736 0.0609514218 0.00547177277 0.999942276 -0.00165859195 0.0106157091 0.999591386 -0.0183493969 0.021917143 0.999950435 -0.00639534316 -0.00763063608 0.971703578 0.236189196 -0.00261145478 0.990916294 0.134168786 -0.00914522465 0.00750174882 -0.000100344999 -0.999971856 -0.958318546 0.00250673338 -0.285690883 -0.999999185 -0.000114023799 0.00127128923 -0.999999566 0.00013629239 0.000921527964 -0.999999824 0.000286733114 -0.000518451958 -0.99999948 0.000194622529 -0.00100070781 -0.999999263 0.000655211107 -0.00102251356 -0.999985537 -0.000215971635 -0.0053739646 -0.999887019 -0.000740955928 -0.0150133597 -0.999615824 0.00665792715 0.0269049474 -0.997769109 0.00837693765 0.0662316571 -0.999892706 0.00589399351 -0.0134103707 -0.966489226 -0.00471850984 -0.256663811 0.0101880717 -0.0207849852 -0.999732058 0.199664882 -0.0346606224 -0.979251028 -0.999949971 0.000845766967 -0.00996693228 -0.9996797 0.00162946509 -0.0252555551 0.0214542088 -0.000477007402 -0.999769718 -0.999625467 0.00676120315 -0.0265181465 -0.999753502 0.0078182917 -0.0207800353 -0.999977695 0.00667905377 -2.52733703e-05 -0.999997447 0.00134982793 0.00181210959 -0.999995562 -0.000856011701 -0.00285362054 -0.999997194 0.000585816047 -0.00229558242 -0.999996164 0.000357327281 -0.00274686793 -0.999955844 -0.00174322398 -0.00923424649 -0.99745984 0.00483646562 -0.0710666979 -0.999925072 0.00792293114 -0.00933155636 -0.000992684562 -0.000159138453 -0.999999495 0.000354628913 0.000768303088 -0.999999642 0.000517116747 0.000737748003 -0.999999594 0.00414123604 -0.000600315973 -0.999991245 0.999727326 0.000182783669 -0.0233503848 -0.998425958 -4.54753352e-05 -0.0560856868 -0.999993936 -0.000481312511 0.0034490036 -0.00178304003 0.00181221171 -0.999996768 -0.999910799 0.000219561187 -0.0133545998 -0.996351043 -0.00477298066 -0.0852163027 -0.999883836 0.000889298853 -0.015215933 -0.999973692 0.00718479047 0.000996601191 -0.999947274 0.00902272732 -0.00490297946 -0.999993335 0.00305862205 -0.00199370382 -0.999959667 0.00275374992 -0.00854879226 -0.00449335544 -0.00199723859 -0.99998791 -0.99941814 0.00408178395 -0.0338632759 -0.996931001 0.0127541543 -0.077239306 -6.55014689e-05 -0.000704325686 -0.99999975 0.000478777471 -0.000299820286 -0.99999984 0.00160247926 0.000229460065 -0.99999869 0.000264068235 0.00188982648 -0.999998179 0.000325180529 0.000611309087 -0.99999976 0.00104689072 0.00107885846 -0.99999887 0.00942142433 -0.00133597791 -0.999954725 -0.999999108 -0.000720161789 0.00112466104 -0.999998485 0.000411837202 -0.00169135825 -0.997286539 -2.4870362e-05 -0.073617651 0.173332573 -0.00588610996 -0.984845761 0.000903506338 -0.000384996117 -0.999999518 -0.999762404 0.00467065202 0.0212913103 -0.999903636 0.00664000377 -0.0121913135 -0.999993338 0.00242846538 -0.00272528584 -0.999997182 0.00144278129 -0.00188509032 -0.999952339 0.000144829591 -0.0097621333 0.000801159807 -0.000308952034 -0.999999631 0.000816379139 2.22560672e-05 -0.999999667 0.000456918689 -0.000930704925 -0.999999463 -0.00126710261 -0.0010410356 -0.999998655 -0.999212489 -0.0032912336 -0.0395420086 -0.9999 0.00158734435 -0.0140523949 0.121702003 -2.31915135e-08 -0.992566684 -0.999980322 0.00424746508 -0.00461669183 -0.999497424 0.00723664658 -0.0308631039 -0.999993953 0.00317527504 0.00141861801 -0.997424483 -0.00128673792 -0.0717129406 -0.00457730272 -4.34036737e-05 -0.999989523 7.94750235e-05 -4.98617964e-05 -0.999999996 -0.999997403 -0.00120092467 0.00193690348 -0.999998558 -0.000975210018 0.00139041532 -0.999999193 -0.000652081281 0.00109058989 -0.999999717 -0.000636895888 -0.000401381175 -0.999999283 -0.000285352107 -0.00116257721 -0.999955122 -0.000389587791 -0.00946582525 -0.999887227 -0.000696376562 0.0150015864 0.361966937 0.255190154 -0.896581241 0.132080931 0.339305022 -0.931357466 0.288264819 0.055015874 -0.955968958 0.0680705769 0.0146824257 -0.997572465 0.0162865736 0.968078067 0.250119179 0.0322880585 0.98917262 0.143160779 0.0534359278 0.95314818 0.297746786 0.0124330767 0.174391603 0.984597881 0.10117993 0.458721045 0.882801011 0.119117241 0.104630049 0.98735183 0.09151202 0.286074542 -0.953827504 0.0736289064 0.113894749 -0.990760703 0.134206487 0.19867814 -0.970832434 0.200257134 0.0243374536 -0.979441049 -0.0068653904 0.000502603734 -0.999976307 0.289421888 0.100897076 -0.951869083 0.376530259 -0.11899963 -0.918729586 -0.998826761 0.00025243343 0.0484256002 -0.999854788 0.000572491436 -0.0170316071 -0.965417231 -0.00227699854 -0.260699798 0.0304643221 -0.00272721572 -0.999532134 -0.999981911 0.00152086372 -0.00581930947 -2.53223384e-05 -0.00118281583 -0.9999993 -0.000144806458 -0.000918905238 -0.999999567 0.000826288582 -0.000445062453 -0.99999956 0.000750190888 -0.00108707674 -0.999999128 -0.000104705991 -0.000724674173 -0.999999732 0.000333111278 -0.000553911513 -0.999999791 0.00121532328 -0.000834651287 -0.999998913 -0.99193968 -0.00148550481 0.126702267 0.999949037 -0.0024490931 -0.00979418959 0.999958882 -0.00183428447 -0.00888086631 0.999969473 -0.00185749031 -0.00758967696 0.548099934 -0.820755881 0.161078387 0.342671333 -0.913218627 0.220472439 0.17562372 -0.878403774 0.44448073 -0.0248713483 -0.958098607 0.285356752 0.130577632 -0.987288018 -0.0906192658 -0.128977617 -0.986450341 -0.101392799 0.130234908 -0.147977227 -0.980378299 0.232272989 -0.166469404 -0.958299116 0.292063837 -0.916658516 -0.272829399 -0.0545231663 -0.89430075 -0.444132179 0.163962798 -0.88085475 0.444084575 0.163896528 -0.798802657 0.578836975 0.0210375612 -0.998389549 -0.0526851866 0.0728195427 -0.152822333 -0.985567171 -0.01116483 -0.883113818 -0.469025939 0.359039378 -0.739738417 0.569102626 0.391081854 -0.777213702 0.492944058 0.404961731 -0.887113252 0.221440905 0.269740958 -0.183491404 -0.945288697 0.282846765 -0.916847128 -0.281760628 0.54390315 -0.75873843 0.358448544 0.355672427 -0.159798383 -0.920848306 0.602280962 -0.795487523 0.066762586 -0.999968117 -0.00124545783 0.00788758462 -0.999984513 -0.000525944558 0.00554057487 -0.999295938 -0.00164174945 -0.0374824465 -0.999988704 0.0042072509 -0.00221149207 -0.999998456 0.00154714604 -0.000833526703 -0.999789023 0.000155906105 -0.0205398636 -0.00159943148 -0.000490669359 -0.999998601 -0.00106491363 -0.00150590801 -0.999998299 -0.000598636382 -0.00159284511 -0.999998552 0.000614253465 -0.000740621253 -0.999999537 -0.0175946598 -0.00280970815 -0.999841254 -0.955606629 -0.00214510902 -0.294637693 -0.000564691894 0.000242890608 -0.999999811 -0.999945741 -0.000793318108 -0.0103868136 -0.999990605 0.00433393621 -8.24210261e-05 -0.999995168 0.000181377515 -0.00310336011 -0.999948879 0.00064353035 -0.0100908736 -0.999999827 -0.000280684765 -0.0005174311 -0.999988846 -0.000344023514 -0.00471061008 -0.999931121 0.0010583263 0.0116890174 -0.997030836 -0.000308318862 -0.0770027069 0.156384146 -0.0067235552 -0.987673424 0.00904563863 0.000599139889 -0.999958908 -0.998735879 0.000165967414 0.0502654559 0.00101484162 -0.0010368538 -0.999998948 0.000374573366 -0.000525494183 -0.999999792 0.00296336504 -0.00155810303 -0.999994395 -0.999986247 -0.000552646558 0.00521534144 -0.999999654 -0.000384104277 -0.000738014795 -0.99979791 -0.000530011866 -0.0200962138 0.0245110005 -0.000195623952 -0.999699541 0.00617567884 0.000371698515 -0.999980861 -0.999946828 0.000927806877 -0.0102703912 -0.999971122 0.00125205732 -0.00749588148 0.0336823614 0.00047096704 -0.999432477 -0.999994265 0.00040417802 -0.0033625565 -0.999999472 -0.000339441411 -0.000970356294 -0.99999162 0.000212714485 -0.00408829622 -0.000106031976 -0.000943899033 -0.999999549 0.000917084644 -0.001264837 -0.99999878 0.0137619948 -0.002293764 -0.999902668 -0.996115547 -0.00125349007 -0.0880468354 -0.99999808 -0.000992498614 0.00168977064 0.000821870863 0.00113670154 -0.999999016 -0.999974119 0.000176513881 -0.00719241755 -0.999998439 0.00126606655 -0.00123218544 -0.999999594 0.000264831374 -0.000861106824 -0.999989179 -0.000726553639 -0.00459501017 -0.000510715643 -0.000450525286 -0.999999768 0.00066464552 -0.00071398337 -0.999999524 0.000883180017 -0.000743473382 -0.999999334 -0.999997588 -0.00136803071 0.00171846132 -0.995306992 -0.000845298402 0.0967640273 0.0907139098 -0.00185220256 -0.995875271 -0.999875609 0.0017747063 -0.0156721824 -0.999969854 0.00138815245 -0.00763957634 -0.999997214 -0.000979643368 -0.0021477874 0.000789288032 -0.000804481375 -0.999999365 -0.999164813 0.00435898471 0.0406285031 -0.99901195 0.0026489807 -0.0443633579 -0.965330125 0.0269612804 -0.259635975 -0.017883731 -0.0112992275 -0.999776225 -0.999826477 0.00312539705 -0.018364302 0.000801438404 -0.00134703025 -0.999998772 -0.999999754 -0.000699251033 -4.82951219e-05 0.00843843071 0.000193301925 -0.999964377 -0.999960797 0.00199958573 -0.00862586735 -0.997758455 0.0200580127 -0.0638415337 -0.999999866 0.00018284431 -0.000484380949 -0.999834167 0.0019321719 -0.0181081691 -0.998228363 0.00232836344 -0.0594534655 -0.000889245995 -0.000613012883 -0.999999417 6.46997154e-05 -0.000573640274 -0.999999833 0.000628242941 -0.00111856857 -0.999999177 0.00134538555 -0.00098229416 -0.999998613 -0.999996474 -0.00050963602 0.00260628114 -0.999883513 0.0114869566 -0.0100503375 -0.999992588 0.00290203305 0.00253029512 -0.999972537 0.00275028379 -0.00688195408 -0.999902607 -4.61153466e-05 -0.0139561743 -0.393520658 -0.00849165884 -0.919276554 -0.148719282 -0.00743177576 -0.988851528 -0.00161575463 0.000336203927 -0.999998638 -0.999999969 -0.00013741812 0.000206378127 -0.00207813 -0.000451715357 -0.999997739 0.0133650181 -0.00271566645 -0.999906996 -0.999998648 -0.000704501134 0.0014859304 -0.999999311 -0.000353973112 -0.00111884279 -0.00687132187 0.000710851333 -0.99997614 -0.993114341 0.00277994326 -0.117116089 -0.999995847 -0.00286655329 0.000298421065 -0.9998724 0.000710549697 -0.0159586716 -0.999994805 -1.53990967e-05 -0.00322316993 0.000813697158 -0.0012911948 -0.999998835 0.000489654392 -0.000897478228 -0.999999477 -0.0361822897 -0.00142427427 -0.999344192 -0.960928518 -0.000473167005 -0.276796243 -0.999998947 -0.000429539494 0.00138637572 -0.999999716 -0.00055968225 -0.00050421038 0.0236114991 -0.00038016074 -0.999721137 0.088015249 -0.0028056842 -0.996115176 -0.999967512 0.000706860884 -0.00802969449 -0.999995217 -6.80772191e-05 -0.00309202591 -0.999966649 0.000861647416 -0.00812153852 -0.000990013343 -0.00076238014 -0.999999219 -0.00020484612 -0.00112444813 -0.999999347 0.00121875093 -0.00103956725 -0.999998717 -0.999987447 3.35863628e-05 0.00501048697 -0.0064237703 0.000711684582 -0.999979114 -0.999979663 -0.000212751703 0.00637406049 -0.999783938 0.000865128226 -0.020768435 -0.999536194 -0.00534395945 -0.0299806504 -0.999916099 -0.00609749931 -0.0114287436 -0.999633517 -0.00330336952 -0.0268685754 -0.523836913 -0.00861134584 -0.851775049 0.0963207628 -0.00319642251 -0.995345213 -0.999994552 -3.36401319e-06 -0.00330092435 -0.999999404 0.000656612114 -0.000871965999 -0.999906281 0.00128391873 -0.0136301063 -0.000798270676 -0.000903358397 -0.999999273 -0.000380642622 -0.000914765643 -0.999999509 0.000599716929 -0.00120232572 -0.999999097 0.00126595943 -0.00132137434 -0.999998326 -0.00024159996 -0.00128774909 -0.999999142 0.000288923201 -0.00111052951 -0.999999342 -0.999998224 -0.000474947775 0.00182372083 0.00979135884 0.00185191391 -0.999950349 -0.999091366 -0.00602745059 -0.0421913846 -0.999973086 -0.000224036813 -0.00733330447 -0.999999594 0.00044395489 -0.000783666351 -0.999981478 0.000443984535 -0.00607016748 -0.99823614 0.00186698239 -0.059339046 -0.000168259301 -0.000282097399 -0.999999946 0.000275844665 -0.000747955076 -0.999999682 0.0186082351 -0.000449485362 -0.999826751 -0.998062871 8.7457715e-05 -0.0622133329 -0.999900412 0.000277243673 -0.0141099125 -0.999983635 -0.000427043112 -0.00570496686 -0.999999957 0.000280908432 -8.04105935e-05 0.000770060377 -0.000772007121 -0.999999406 0.00421978623 0.000487500104 -0.999990978 0.999582922 -0.000129218265 -0.0288784538 0.999489102 0.00165882957 -0.0319183721 0.999967684 0.00229331943 -0.00770534778 -0.999998897 0.000131768082 0.00147953754 -0.999997023 0.000226555426 0.00242964824 -0.167456774 -0.00170885806 -0.985877938 0.0835517852 0.00168876319 -0.996502006 -0.998402475 0.000572034496 0.0564992977 0.000407420565 -0.000584462222 -0.999999746 0.000784706945 -0.000668753099 -0.999999469 -0.999987867 2.69917602e-05 0.00492594842 -0.999998572 -0.000467616854 -0.00162420031 -0.995000827 0.000618373334 0.0998647632 -0.999358535 0.00298378524 0.0356877477 -0.999707677 -0.00121524926 -0.024147122 -0.999872542 -0.000869864755 -0.0159418559 -0.98959827 -0.00463106378 -0.143783925 -0.999957236 -0.000829433118 -0.00921079988 -0.999973343 -0.00123633681 -0.00719620169 -0.999980844 0.00207966002 -0.00582975158 -0.999990325 5.40671553e-05 -0.00439861812 -0.999974126 0.000706900992 -0.00715880356 0.000880164853 -0.000617808276 -0.999999422 0.0026571002 0.000992577348 -0.999995977 -0.999999763 -0.000584747652 -0.000363476159 0.999977288 -0.00453689858 -0.00498403938 0.999972981 -0.00625790428 -0.00385691467 0.999988259 -0.00471256991 -0.00112871837 -0.999818485 -0.000715160167 -0.0190390699 0.0889601759 0.00658404097 -0.996013422 0.00183233258 0.00052220287 -0.999998185 -0.00152055619 0.000572498122 -0.99999868 -0.999996456 0.00141665334 -0.00225392 0.00100234726 0.000293721745 -0.999999455 -0.99999972 -0.000198162806 0.000721118293 0.166675408 -0.985917758 -0.0136191903 0.183486349 -0.980618843 0.0686982114 0.148954301 -0.96811353 -0.201417002 0.238729654 -0.970465117 -0.0347218903 0.284542113 -0.887203947 -0.363187201 0.233453088 -0.952835152 0.193919643 0.400951138 -0.916000654 -0.0134531689 0.584114701 -0.736894336 -0.340289222 0.281573568 -0.921649725 0.266979605 -0.999622868 -0.0163951432 -0.0220300008 -0.699846586 -0.0155607995 -0.714123671 -0.999932073 -0.000977056476 -0.0116144356 -0.999994523 0.000736344723 -0.00322662553 -0.999987623 -8.62790381e-05 -0.00497460859 0.52059248 -0.852556876 -0.046154547 0.373116949 -0.924409534 -0.0790617266 0.352961782 -0.928047128 -0.118939094 0.52901942 -0.847471634 0.0439349728 0.393637823 -0.918513179 0.0371860813 0.278470221 -0.926089145 0.254584429 0.168562929 -0.971083006 -0.169069024 0.149700182 -0.950506018 -0.27226488 0.239270026 -0.969183533 -0.0585929447 0.180594524 -0.977568001 0.108380903 0.158432869 -0.933151906 0.322686452 0.0369718917 -0.947138101 -0.318688714 0.049601969 -0.965866748 -0.254246079 0.116963848 -0.989622229 -0.0834703631 0.128989214 -0.983741425 0.124958359 0.104005863 -0.896544657 0.430569924 0.00597380281 -0.910240299 -0.414037332 0.0581533228 -0.959352398 -0.276154247 0.0985793173 -0.987489183 -0.123074093 0.0325944079 -0.935286752 -0.352386571 0.11874197 -0.959418115 0.255767912 0.103543755 -0.858033678 0.50304761 0.0827974679 -0.949162667 -0.303701846 0.0126277579 -0.933070882 -0.359470819 0.169841572 -0.960858684 0.218870804 0.208482749 -0.802790533 0.55862537 0.0955770267 -0.874287697 -0.475905511 0.0391419171 -0.894074056 -0.446205662 0.219040722 -0.955261015 0.198739917 0.170099514 -0.521171405 0.836329195 0.0858142188 -0.260060168 0.961771609 0.134271643 -0.297689779 0.945172958 0.179020391 -0.81049662 -0.557715813 0.185512187 -0.824243353 -0.534984227 0.537544347 -0.683221518 -0.494221036 0.619145625 -0.721243829 -0.310589818 -0.00730755709 0.00218244108 -0.999970918 0.0248735156 2.05933526e-05 -0.999690606 0.000542676107 -0.000756311323 -0.999999567 0.000363409639 7.36473358e-05 -0.999999931 0.00118950439 0.000760951555 -0.999999003 -0.999999554 -5.2233096e-05 0.000943372143 -0.999999346 -0.000534975169 0.00101095644 -0.999999809 -0.000600246616 -0.000150570586 0.87128735 -0.490701347 -0.0083988511 0.88948059 -0.456770081 0.0136151502 0.853424042 -0.493338099 0.168181226 0.454918011 -0.887623154 -0.0719356699 0.341699806 -0.308404607 -0.887765646 0.41050111 -0.431450239 -0.803330274 0.195192952 -0.25987639 -0.945708186 0.194899338 -0.407044446 -0.892372718 0.0844334434 -0.403530875 -0.911061922 0.0370164196 -0.230066568 -0.972470647 -0.00627045584 -0.371686691 -0.928337054 -0.046165303 -0.162803656 -0.985577868 -0.0832104255 -0.377709632 -0.922177564 -0.0585068167 -0.178764403 -0.982150824 -0.096914688 -0.655073855 -0.749323553 -0.104671293 -0.458843985 -0.882329937 -0.0160517722 -0.519393634 -0.854384336 -0.079764135 -0.13541823 -0.987572572 -0.184742068 0.0540048243 -0.981302118 0.0320948707 -0.285434705 -0.95786061 -0.0398632558 -0.0127045767 -0.999124374 0.399193611 -0.0116957781 -0.916792054 0.121190009 0.0444368188 -0.991634182 0.586454846 -0.0309240449 -0.809391387 0.602412941 0.148292223 -0.784288254 -0.996528475 -0.0170902179 -0.081479591 -0.999032645 -0.0046475522 0.0437284097 -0.956163374 -0.019751233 -0.29216689 -0.999941338 0.0034499609 -0.0102673421 -0.999995626 0.000444427799 -0.00292404641 -0.999994701 0.000915127427 -0.00312413119 -0.99992459 0.00101291224 -0.012238772 -0.000206675268 0.000911487731 -0.999999563 0.000112511813 -0.00112430778 -0.999999362 -4.48670419e-05 8.94989308e-05 -0.999999995 -0.0195036863 0.00110689167 -0.999809172 -0.956541852 0.000465525971 -0.291594699 0.933897074 -0.354355064 -0.0476313342 0.308848211 -0.124609987 -0.94291311 0.102943792 -0.11043282 -0.988537894 -0.00654548097 -0.0697509979 -0.997542959 -0.0590348142 -0.0276643646 -0.997872524 -0.0679364697 0.0116051764 -0.997622151 -0.0762641906 0.00639095492 -0.997067164 -0.184105294 0.353855157 -0.91700151 -0.0495418014 0.264957164 -0.962986662 -0.041739193 0.201266396 -0.97864686 0.107437806 0.438872004 -0.892103403 -0.221422272 0.772543253 -0.595104276 -0.0209582876 0.674076056 -0.738364559 -0.0875691385 0.809031738 -0.581205035 0.464339011 0.632232549 -0.620218741 -0.999975216 -0.00699239081 -0.000820664293 -0.999797467 -0.00958645187 -0.0176953342 -0.999359846 -0.014628491 -0.0326481999 -0.999958977 0.00186510482 -0.00886371068 -0.999997293 0.0003170963 -0.00230530391 -0.999975388 0.00033207242 -0.0070080588 0.00040235846 -8.26775524e-05 -0.999999916 -0.000201145519 -0.000642551803 -0.999999773 0.000529200386 0.000281574345 -0.99999982 0.00127583669 0.000449792472 -0.999999085 -0.999999544 -0.000103223995 0.000949063501 -0.999886629 -0.000468397748 -0.0150502104 -0.999994222 9.83096919e-06 0.0033994159 0.995514227 -0.0402133908 -0.0856405685 0.927582783 -0.323182622 -0.187465127 0.864985139 -0.00245597916 -0.501791468 0.0958798976 0.018449077 -0.995221923 0.282693847 0.00097621115 -0.959209693 -0.0833470691 0.0240878231 -0.996229413 -0.0943457689 0.0604508881 -0.993702453 -0.0885093296 0.102791742 -0.990757264 -0.190094343 0.248363326 -0.949831458 -0.484829984 0.591119602 -0.644606471 -0.31831099 0.694546767 -0.645199893 -0.330410462 0.921825067 -0.202651109 -0.242963023 0.421947405 -0.873458274 -0.246382527 0.629846739 -0.736606228 -0.166389829 0.960480577 -0.223140061 -0.213368515 0.543624032 -0.811755375 -0.11144242 0.534293389 -0.837920737 -0.0883161933 0.982371076 -0.164764437 -0.214149975 0.91811966 -0.333460759 -0.0730915388 0.997243883 -0.0127383036 -0.200105104 0.841832273 -0.501274747 -0.0495329506 0.997470886 -0.0509737081 -0.00774327424 0.962584504 -0.270871029 0.0158565852 0.658203493 0.752673057 0.0381427314 0.272319704 0.961450524 -0.0299812233 0.343094019 0.938822465 0.0190747893 0.975043674 0.221192192 0.0243522366 0.93829002 0.344991023 0.0115770486 0.982928089 0.183625555 0.768349318 0.594850871 -0.236202807 0.998604452 0.0107850859 -0.0516994251 0.999728711 0.000540844559 -0.0232854643 -0.00728343689 0.00320626111 -0.999968335 -0.00135274848 0.000599383027 -0.999998905 0.00782332553 0.000601383426 -0.999969216 -0.99040187 -0.00511631923 -0.138122988 -0.00247679218 0.00159171261 -0.999995666 -0.999876113 0.00243068767 0.015551532 -0.999883671 0.00203688155 -0.0151160975 -0.999998576 0.00083164946 -0.00146817963 -0.000680803326 0.0014621475 -0.999998699 0.00103671744 0.00160247822 -0.999998179 -0.999997365 -0.000134547163 0.00229188907 -0.999998926 -0.000597311257 -0.00133826933 0.949238954 0.0957192984 -0.299638489 0.278077061 0.0339665797 -0.95995803 -0.279429608 0.0899876583 -0.955940017 -0.291824433 0.275075417 0.916063325 -0.0607244647 0.0722853264 0.995533712 -0.180356864 0.0290333179 0.983172654 -0.338408911 0.0372191915 0.940262804 -0.305288553 0.235096955 -0.922782922 -0.969363511 0.209209983 0.128707289 -0.926871335 0.268420293 0.262412034 -0.970622523 0.0240016844 0.23940726 -0.9861667 0.0577133206 0.155384727 -0.793449475 0.35854766 0.491814504 -0.858510305 0.142017352 0.492738398 -0.577737853 0.815021269 -0.0442640254 0.999979028 -0.00433732433 -0.00480945623 0.999991253 -0.00405060158 -0.00104222581 0.999966721 -0.00343792251 -0.00739854245 -0.999146683 -0.0127989592 -0.0392694751 -0.999987751 0.00109280848 -0.00482742047 -0.999993092 0.000514603379 -0.00368113222 0.000932898277 0.000561982017 -0.999999407 0.00166039799 0.00113670092 -0.999997975 0.999633784 0.00623365261 -0.0263332575 0.999953915 0.00399630622 -0.00872916342 -0.997327127 -0.000224663256 -0.0730653939 -0.999990139 -0.000652013264 -0.00439290434 0.125011531 0.0247626805 -0.991846221 -0.0690668079 0.0245928837 -0.997308862 -0.386097301 0.0323517249 -0.921890579 -0.814294332 0.15689205 -0.558846692 -0.813683214 0.0472520398 -0.579384909 -0.996052888 -0.0279159452 0.0842576044 -0.970216693 -0.0736724851 0.230763803 -0.82231322 -0.0360368598 0.56789287 -0.999810387 -0.00408046085 0.0190405016 -0.998685201 -0.0053245645 -0.0509854732 -0.985408737 -0.00509500491 -0.170128371 -0.0180558491 0.00449682407 -0.999826867 0.153549969 0.0020427683 -0.988138773 -0.999998986 0.000554612348 -0.00131157259 -0.999150631 0.000434607539 -0.0412046991 0.000340265843 -3.77260786e-05 -0.999999941 0.000309983982 4.69513041e-05 -0.999999951 0.000538562856 0.000704904151 -0.999999607 0.0118324711 0.00131768115 -0.999929126 0.275546308 0.00980132264 -0.96123783 0.0623362908 0.00749608578 -0.998027052 -0.301105796 0.0124695581 0.953509208 -0.125788066 0.0146669963 0.991948709 -0.784847274 0.0297363154 -0.61897537 -0.999596889 -0.0264593127 -0.0102939073 -0.970542773 -0.0201805469 0.240082218 -0.818821274 -0.0308782445 0.573217459 -0.99752823 -0.00812584891 0.0697954226 -0.999622909 -0.00422272042 -0.0271331664 -0.999118203 -0.0127091384 -0.0400161675 -0.999980783 -0.00086423806 -0.00613898424 0.0897122183 -0.000202259963 -0.995967709 0.00168953917 0.000431941749 -0.999998479 4.45218631e-05 0.00060532573 -0.999999816 -0.999983156 -0.000322487788 0.00579512787 -0.995570104 -0.000825566802 0.0940185415 -0.78515804 0.0249176433 -0.618793959 -0.99770418 0.00833850748 -0.0672074233 -0.750913546 0.00809990343 0.660350845 -0.99998032 -0.000594111631 -0.00624552878 -0.999940639 -5.11499836e-05 -0.0108956848 0.000798379358 0.000442579671 -0.999999583 -0.999999784 -0.000219033625 0.000620245709 -0.102039362 0.0121171711 -0.994706561 -0.432641174 0.0134521863 -0.901465836 -0.965927744 0.0102527131 0.258608732 -0.00804125229 0.0007110346 -0.999967416 -0.0117059765 0.000696001589 -0.99993124 -0.999884761 -0.00159824642 -0.015096725 -0.999698757 -0.00108013437 -0.0245199826 -0.999968059 0.00106295265 -0.00792159831 -0.00235407405 0.000781284889 -0.999996924 -0.00040602585 8.3461134e-05 -0.999999914 0.999667009 0.0197548179 -0.0166017416 0.988462129 0.00289560421 -0.151440536 0.999876554 0.00117226915 -0.0156685183 -0.996512674 -0.00227817511 0.0834104376 -0.999103425 -0.00410867855 -0.0421362578 -0.999320768 0.000884061508 -0.0368404949 -0.999993142 0.000305985672 -0.00369081746 0.000173268511 -0.000511770422 -0.999999854 -0.999999696 -0.000678374565 -0.000383910008 0.988123577 0.000918812879 -0.153658555 0.264850741 0.000818756223 -0.964289072 -0.0957972215 0.00210516386 -0.995398644 -0.15603351 0.00550694299 0.987736411 -0.274727312 0.0049463148 0.961509458 -0.758192463 0.0111139614 -0.651936093 -0.997076309 0.0117749951 -0.0754995561 -0.0110426412 -0.000576750351 -0.999938862 -0.999866856 -0.000478643914 -0.016310779 -0.990531303 0.000799077281 -0.137284738 -0.0197472615 0.00196230455 -0.999803078 -0.999952968 0.00118648091 -0.00962566572 -0.999994852 0.000139757135 -0.00320573781 -0.999982608 -0.000274054883 -0.00589146948 0.00063883253 0.000452063253 -0.999999694 0.00129069907 0.00029297862 -0.999999124 0.00471430328 0.000258976044 -0.999988854 -0.999999496 -8.38793176e-05 0.00100062863 -0.999999684 -0.00056567121 -0.000558166656 0.0680707966 0.000552459911 -0.99768034 -0.774160497 0.00836404905 0.632934095 0.0120040992 0.00155037066 -0.999926746 0.119664082 0.00269086869 -0.992810791 -0.995702847 0.00291582624 0.0925599219 0.000347028604 0.000406547226 -0.999999857 0.00908715395 -9.63307075e-05 -0.999958706 -0.999998955 -0.000378026265 -0.00139506717 -0.999805865 -0.000308691599 -0.0197011921 -0.999915145 -0.000752764082 -0.013005201 0.159460758 0.00769868922 -0.987174248 -0.999989744 -1.21933275e-05 -0.00452893994 -0.999967049 0.000559380096 -0.00809870383 0.0013407704 -0.000415879939 -0.999999015 -0.999999966 -0.000240646934 -0.000104373145 -0.999996159 -0.000482954945 -0.00272912568 -0.00652187009 -0.000869061965 -0.999978355 -0.999237959 -0.00127203578 0.0390113188 -0.990541483 -0.011297005 0.136747754 -0.998490591 -0.000294150384 -0.054922253 -0.999999529 0.000472434476 -0.000848017139 -0.999712773 0.00124604257 -0.0239336518 -0.998499902 0.00113397169 -0.0547417591 -0.999953115 -0.000656914086 -0.00966103624 8.40325941e-05 -1.55679603e-05 -0.999999996 0.00214614098 -0.000535341265 -0.999997554 -0.999998031 -0.000322569323 -0.00195826731 0.239436076 -0.000652579758 -0.970911911 -0.438654066 0.00162116976 -0.89865454 -0.974372237 0.00577411194 0.224867524 -0.0158670269 -0.000421651007 -0.999874022 -0.99975282 0.000796666638 -0.0222185374 -0.999928478 0.00245632246 -0.0117049498 -0.999259329 0.000427888827 -0.0384786965 -0.999959498 -0.00103184121 -0.00894081378 -0.999937684 0.000189947472 -0.0111620439 -0.999923055 0.000532088175 -0.0123935719 6.96537543e-05 0.000247850005 -0.999999967 0.000406475663 0.000761009193 -0.999999628 0.000371254865 0.000126989626 -0.999999923 0.000852669481 0.000462385357 -0.99999953 0.00490072924 0.000417989693 -0.999987904 -0.999998743 -0.000361385208 0.0015441132 -0.999933786 -0.000406593117 -0.011500387 -0.264520938 0.00396885776 0.964371776 -0.0932264199 0.00570312121 0.9956286 -0.753129406 -0.000660365464 -0.657872071 -0.997249421 0.00555799146 -0.0739100908 -0.999680668 0.00334485276 -0.0250474333 -0.999995683 2.53054622e-05 -0.00293837111 -0.999996945 0.000387710594 -0.00244107175 -0.999994835 0.000421060891 -0.00318636919 -0.999983667 0.00066984721 -0.00567600753 -0.999781354 -4.71853263e-05 0.0209103373 0.000112187183 0.000972974625 -0.99999952 0.000716618886 0.000324144037 -0.999999691 -0.016340688 0.000971001663 -0.999866011 -0.952109561 -0.000287740753 -0.305756931 -0.999999662 -0.000198087121 0.000798373659 -0.0830709915 -0.000597012225 -0.996543453 -0.999241351 0.00319823533 -0.0388135641 -0.00184871964 0.00132106031 -0.999997419 -0.99999876 0.000598051702 -0.00145693233 0.00026532061 0.000342415728 -0.999999906 0.991400467 9.71793254e-05 -0.13086292 -0.405680098 -0.00235009852 -0.914012109 0.999999322 -0.00115299366 -0.000164803372 0.999999773 -0.000437922636 0.000511667168 0.999999402 0.000289279307 0.00105474825 -0.999495394 0.000292288169 -0.0317627293 -0.99305108 0.00267597072 -0.11765369 0.000116315639 -0.000687531586 -0.999999757 0.00134026574 -0.00137375967 -0.999998158 0.001777402 -0.000617271535 -0.99999823 -0.99999989 -0.000340337896 -0.000324203637 0.0771672882 -0.000424165642 -0.997018069 -0.999912945 0.00238869822 -0.0129767656 -0.999308766 0.00414053344 -0.0369438246 -0.997596393 0.00314118365 -0.0692211658 0.00547628371 0.00162444784 -0.999983686 -0.999782859 0.00930880095 0.0186435205 -0.999958857 -0.00308929171 -0.00852883489 -0.988434301 -0.0106677558 0.151274028 -0.999879121 -0.00134818182 -0.0154895561 0.00310360549 -0.000292309254 -0.999995141 -0.781458665 -0.00458121075 -0.623940195 -0.9977898 -0.0037665629 -0.0663425028 -0.999543891 0.00548321542 -0.0296975442 0.0266052494 0.0024544412 -0.999643004 0.000331680798 -0.000207600732 -0.999999923 -0.999999354 -0.000313571381 0.00109247583 -0.999999506 -0.000177669687 -0.000977595808 -0.120263076 0.00205662191 0.992739927 -0.221692638 -0.00520899064 0.975102682 -0.763813632 -0.00176649865 0.645434439 0.00216060422 -0.000900546204 -0.99999726 -0.984941814 -0.00503123577 0.172812931 -0.999988015 0.00451868852 0.00188470065 -0.997872782 -0.00415889503 0.0650585403 -0.999997043 -0.000165683028 -0.00242618616 0.000208461496 -0.000497911415 -0.999999854 -0.000406103092 -0.000102223232 -0.999999912 -0.999996595 -0.00035880024 0.00258479048 -0.973814227 -0.00871903812 0.227177968 -0.990069982 0.00296017062 -0.140544184 0.00158726401 0.00682972773 -0.999975417 0.173710441 0.00229180919 -0.984794105 -0.0483096624 -0.00932098025 0.998788915 -0.00439431633 -0.00899046321 0.99994993 -0.470146053 -0.0804654276 0.878912967 -0.999950011 -0.00262914586 -0.00964688152 0.143727815 0.00470942854 -0.989606051 -0.999998761 0.00108908201 -0.00113669371 0.000238540275 0.000115371447 -0.999999965 -0.999999197 -9.79572224e-05 0.00126313837 0.242457917 -0.00465277557 -0.970150767 -0.0886427048 -0.0050617228 -0.996050626 0.00579021368 -0.000800822132 -0.999982916 -0.999966949 0.000825680076 0.00808826114 -0.999995672 0.000335418166 -0.00292295115 0.00145334968 0.000544506961 -0.999998796 0.00010372245 0.000286494515 -0.999999954 0.000220176178 0.000489604036 -0.999999856 0.00442727373 0.00029063017 -0.999990157 -0.998568297 -0.000432449447 -0.0534899044 -0.99999983 -0.000257598029 -0.000522285535 -0.999988992 -0.000198058087 -0.00468796891 0.999984374 0.00147586984 0.00539203063 -0.524063839 -0.00867911945 -0.85163476 -0.999998223 -0.000883930968 -0.0016652063 -0.999961848 -0.000573862101 -0.00871624573 4.53726697e-06 0.000274659301 -0.999999962 0.0015954675 0.000353931193 -0.999998665 -0.807865725 -0.015794042 -0.589154919 -0.997397601 -0.0144399263 -0.0706364945 -0.999912036 0.00735303729 -0.0110386862 -0.999996988 -9.18107699e-05 -0.00245269624 -0.999805408 0.00082544707 -0.0197095236 0.000908971497 0.00123930549 -0.999998819 -0.999998305 -0.000370539188 -0.00180378394 -0.99570254 -0.000366679867 0.0926084126 0.990773093 -0.000925757929 -0.135527938 -0.759661992 -0.0179152531 0.650071305 -9.09395247e-05 -0.000477642827 -0.999999882 0.000346825446 5.24603426e-05 -0.999999938 0.000851817048 0.00014156521 -0.999999627 0.000448736399 0.000379160367 -0.999999827 0.999998918 -0.000786811302 -0.00124257539 0.999978104 0.000791624055 -0.00656997072 0.999943922 7.39871369e-05 -0.010589955 -0.999999387 -0.0006043055 0.000927527412 -0.999999797 -0.000128375579 -0.000623706366 -0.0654519702 -0.0116066662 0.997788216 -0.999541227 -0.00213085129 -0.0302125068 -0.999583551 0.0100515182 -0.0270497812 -0.999882289 -0.00441465396 -0.0146941931 0.14408234 0.0015874468 -0.989564429 -0.999969647 0.000803975237 -0.00774971955 -0.999951547 0.000858528805 -0.00980642444 -0.99999082 0.000400462555 -0.00426617137 -0.999997786 0.000599082368 -0.00201733166 -0.999995058 0.000825293849 -0.00303362646 -0.999966963 0.000864663508 -0.00808238789 0.00265365675 0.000265615425 -0.999996444 7.219441e-05 0.000971962709 -0.999999525 0.00129862423 0.000282333387 -0.999999117 -0.0190664108 -0.00112526154 -0.999817586 -0.951819123 -0.000775834397 -0.306659022 -0.999856649 -0.000597819927 -0.01692114 0.0653171634 -0.00697609495 -0.997840169 -0.162214738 -0.0234278613 0.986477326 -0.981365073 -0.0204476145 0.191061478 -0.010871186 3.45545938e-05 -0.999940906 0.0038460531 9.08102386e-05 -0.9999926 -0.999616368 -0.00346171078 -0.0274797079 -0.999907467 0.0133202446 0.00276180127 -0.984975869 0.00454100694 -0.172632317 -0.00219173457 -0.000326013171 -0.999997545 0.0215811979 0.000950853541 -0.999766647 -0.999334498 0.000654189124 0.0364710017 -0.9999963 0.000965691844 -0.00254319073 -0.999999039 0.001057291 -0.000897163259 -0.999987231 0.00138650548 -0.00485952954 -0.998415394 0.000538025533 0.0562708818 0.00297392122 0.000124152811 -0.99999557 -0.000407285045 0.00036537906 -0.99999985 -0.999999542 -0.000760318844 0.000581308675 -0.99415158 0.0135288467 -0.107142922 -0.999366652 0.00805733687 -0.0346608577 -0.99999855 0.00137856441 0.000999872038 0.000121759129 0.000325332918 -0.99999994 0.0022220271 0.00119885435 -0.999996813 0.00612817289 -0.000549008527 -0.999981072 -0.417398143 -0.0119165406 -0.908645578 -0.115619414 -0.00673724231 0.993270739 -0.997715176 0.0128679443 -0.0663237723 0.000734303154 0.000607805949 -0.999999546 0.000630743572 0.000382116823 -0.999999728 0.0653581624 -0.00977224344 -0.997814018 0.26329486 -0.0097659284 -0.964665975 -0.0106743093 -0.00348995503 0.999936938 -0.813465907 -0.00642924573 -0.581577065 -0.995884486 -0.0125156305 -0.0897632939 -0.953991695 0.00458511345 0.299797968 -0.727265951 -0.00599266287 0.686329603 -0.999890564 -0.00283301006 -0.0145201153 -0.999249668 0.011582208 -0.0369588044 0.144500077 0.00292193902 -0.989500475 0.00718996151 -0.00109546479 -0.999973552 0.00219250891 -0.000122856993 -0.999997589 -0.999997987 0.00150624321 -0.00132588667 -0.103923191 -0.00953682256 0.994539602 -0.0278983243 -0.00161334037 0.999609464 -0.0401759193 -0.00287320153 0.999188491 -0.000455503212 -3.0479123e-05 -0.999999896 0.00018587601 0.000407707151 -0.9999999 0.00410038287 0.000335567136 -0.999991537 -0.999981819 -0.000508372718 0.00600859661 -0.999987788 -0.0010709127 0.00482462103 0.997357055 -0.00786412689 -0.0722292213 -0.0915518726 -0.0118420929 -0.995729893 0.999976218 -0.00485761289 -0.00489561993 0.99995547 -0.00395239214 -0.00856949557 0.999975647 -0.00413720351 -0.00562035537 -0.999829606 -0.00420451468 -0.0179744355 -0.999960633 0.000462708222 -0.00886103244 -0.999924709 0.00210651162 -0.0120887798 0.000276229294 0.00140628015 -0.999998973 0.00335542153 -0.000589332278 -0.999994197 -0.999998245 -0.000995429255 0.00158697404 -0.999999781 -0.00052481792 -0.000403870202 -0.0229155945 -0.000240002297 0.999737374 -0.124669617 0.00153626086 0.992197121 -0.824685689 -0.00381027292 -0.565578461 -0.997828191 0.0186505051 -0.0631748374 -0.805601805 0.0216599381 0.592061296 -0.0038591355 0.000793010612 -0.999992239 -0.999940619 -0.00639520915 -0.00882382108 0.000682064221 0.00033179284 -0.999999712 0.00293116775 -0.000313270483 -0.999995655 -0.999998545 -0.00146131692 0.000879915049 -0.999988666 -0.00140999066 -0.00454759645 0.988076861 -0.134323393 -0.0752418931 0.988066232 -0.0993052935 -0.117743704 0.25352451 -0.00168530148 -0.967327495 -0.083962581 -0.0144529097 -0.996364089 -0.508766752 -0.0232322263 -0.860590876 -0.971188549 0.0160755295 0.237769593 0.00416836132 0.00220902321 -0.999988872 -0.999738075 0.0179861616 -0.0141520251 -0.999093557 0.0202268068 -0.0374558531 -0.967136386 0.0201696223 -0.253456893 0.0172811115 0.00808661374 -0.999817968 -0.000181291018 0.000807581464 -0.999999657 0.0126175257 -0.000854903514 -0.99992003 0.0885972911 -0.0128439061 -0.995984716 -0.774299894 -0.14885343 -0.615062867 -0.995471646 -0.0942390915 -0.0124577691 -0.811803646 -0.022416625 0.583500073 -0.999868518 -0.00258303966 -0.016008583 -0.999839966 0.00911343216 -0.0153943764 -0.999984991 -0.000539294646 -0.00545223404 -0.99999794 4.27405991e-05 -0.00202931258 -0.999998704 0.00160932626 -3.82047852e-05 0.00142022331 0.000702638273 -0.999998745 -2.93864363e-05 0.00114470683 -0.999999344 0.000536919375 0.00146152922 -0.999998788 -0.999999156 -0.00106957835 0.000737899238 -0.999998609 -0.00145652692 0.000813190014 0.390499807 -0.559425276 0.731131494 0.208529191 -0.502779169 0.838885382 0.219982975 -0.432316541 0.874476929 0.713481847 -0.672688389 -0.196045878 0.872795696 -0.278939528 -0.400525172 0.740650691 -0.376828518 -0.556270457 0.781853283 -0.602412574 -0.160637897 0.504810784 -0.368347776 0.780695836 0.242657333 -0.237038848 0.940707183 0.23878843 -0.099718995 -0.965937994 -0.271871641 -0.123784996 -0.954339083 -0.0402782845 -0.0203393777 0.998981466 -0.18592449 -0.0484962766 0.981366494 -0.273014342 -0.310213291 -0.910621152 -0.918032149 -0.322927727 -0.23007533 -0.955098277 -0.296254601 -0.00452677916 -0.944902724 -0.175954943 0.276041121 -0.961380257 -0.253997361 0.105987461 -0.676932133 -0.197006074 0.709190732 -0.746655409 -0.414023312 0.52066342 -0.0141512117 0.0019868424 -0.999897893 -0.999996503 0.000813565375 -0.00251619249 0.00193127674 -0.000463187084 -0.999998028 -0.000264321904 0.00105189657 -0.999999412 0.999998351 0.000679441592 -0.00168438102 0.999945656 0.000660129359 -0.0104042545 -0.997649824 -0.000956880172 -0.0685121314 -0.999998183 -0.00168784675 0.000886449493 0.979705554 -0.19302468 -0.0540231525 0.683100032 -0.697796536 -0.215532693 0.648652349 -0.661113971 -0.377065576 0.998590455 -0.0311259783 -0.0429915947 0.75036425 -0.647849113 -0.131320292 0.997888771 -0.0562575908 -0.032451262 0.790041632 -0.603137925 -0.109812849 0.339345469 -0.284716847 -0.896538326 0.185369727 -0.123121881 -0.97492516 0.279344139 -0.123266609 -0.952245869 0.0874641279 -0.0664603464 -0.993948212 -0.0415977736 -0.0655536814 -0.996981615 -0.0717862967 -0.134127628 -0.988360515 -0.105918221 -0.158314086 0.981691388 -0.0765883691 -0.244241895 0.966685119 -0.196086148 -0.31598404 0.928280297 -0.102028406 -0.197082911 -0.975063347 -0.0493776709 -0.287397886 0.956537663 -0.295918603 -0.658082032 0.692358447 -0.217614058 -0.6948137 0.685476508 -0.347555181 -0.780675989 0.519375005 -0.69948795 -0.601335243 -0.38615092 -0.725314041 -0.686470183 -0.0517516049 -0.535112263 -0.836365465 -0.118944 -0.469341797 -0.77065575 -0.431054513 -0.292911761 -0.889307823 -0.351189829 -0.304702476 -0.949172459 -0.0789179573 -0.709617616 -0.696696771 0.105149652 -0.434402081 -0.883932881 0.173082331 -0.242814403 -0.96097645 0.132534632 -0.588203682 -0.674069283 0.446818788 -0.226647844 -0.900115231 0.372052854 -0.166899683 -0.765288995 0.621672945 -0.302488797 -0.944970248 -0.124626473 -0.209345471 -0.974911691 0.0756417089 -0.187588273 -0.940546874 0.283164649 -0.007086139 0.00165387483 -0.999973525 0.00144489525 0.00188013747 -0.999997189 -0.999580415 -0.00309689424 -0.0287993725 -0.999474032 -0.00360950282 -0.0322278102 -0.999838442 0.0178191001 -0.00235985576 -0.999406601 0.0191754102 -0.0286138088 -0.999198958 0.0250331722 -0.0312214955 -0.999772303 -0.00285379286 -0.021147057 -0.999935375 0.00104311375 -0.0113206926 -0.999981569 0.00112854875 -0.00596556376 1.02044796e-05 0.000635666189 -0.999999798 0.000325616644 0.00047000247 -0.999999837 9.99493316e-05 0.000682654588 -0.999999762 0.00893230643 -0.00188002234 -0.999958339 -0.0184121377 -0.000549383704 -0.999830331 -0.956684732 -0.00128149448 -0.291123139 0.474814938 0.024396935 -0.879747443 0.374081969 0.012649685 -0.927309369 0.170148881 -9.25982675e-05 -0.985418363 0.0545108798 -0.0146226925 -0.9984061 -0.00685538945 -0.0235758768 -0.999698545 -0.0324009222 -0.0633032593 -0.997468234 -0.128511628 -0.214640932 -0.968201442 -0.104945995 -0.169205995 -0.979977382 -0.342053676 -0.891227151 -0.297848028 -0.247751574 -0.411604531 -0.877040972 -0.3596886 -0.889130342 -0.282968808 -0.104536589 -0.259632665 -0.960032802 -0.255569443 -0.590180504 -0.765748805 -0.175713127 -0.772107 0.610717346 -0.10895578 -0.450506029 0.886099857 -0.0706739594 -0.257580953 0.963668638 -0.0353663317 -0.211626528 0.976710518 -0.0126370608 -0.196811212 0.98035996 -0.12755923 -0.667660365 0.733456393 -0.19570153 -0.837821148 0.509663257 -0.300530447 -0.953772119 -0.000441181415 -0.339608591 -0.901764497 -0.267370148 -0.254480885 -0.965432204 -0.0563927214 -0.226443654 -0.92582654 0.302602858 -0.113740709 -0.753829265 0.647151057 -0.149701701 -0.967752335 0.202595207 -0.0668793026 -0.987877741 -0.140088288 -0.119788862 -0.846123722 0.519350822 0.963987689 -0.233607306 -0.127103745 0.786138286 -0.613441757 -0.0753379473 0.986702301 -0.162225552 0.0100716874 0.724671289 -0.671725364 0.153741858 0.988275116 -0.145471367 0.0463721565 0.659163969 -0.681439351 0.318030301 0.996702249 -0.0714620693 -0.038442169 -0.996517748 0.00829762236 -0.0829670252 -0.99987736 0.00678435446 -0.0141151777 -0.991380326 0.0147856 -0.130178477 0.178876741 0.00573014521 -0.983854805 0.141469725 0.00158801649 -0.989941309 -0.999209896 -0.000286724686 0.0397429435 -0.999975095 0.0019146186 -0.00679288131 -0.99999981 -9.583549e-05 -0.000609298262 -0.999992301 -0.000489635168 -0.00389331057 -0.997919147 -0.0021990954 0.0644402065 0.156690244 0.12861651 -0.979237438 0.415825009 0.071354812 -0.906641083 0.0403060221 0.118384748 -0.992149422 0.0100335955 0.130721326 -0.991368378 -0.0288912269 0.0348409684 -0.998975177 -0.0176036128 -0.0230696028 -0.999578864 -0.227795685 -0.356661278 -0.906036345 -0.407715203 -0.499712775 -0.764235209 -0.198673878 -0.305842479 -0.931122478 -0.1159606 -0.018655876 -0.993078596 -0.214055446 -0.86104185 -0.461288629 -0.150990884 -0.719150989 -0.678250402 0.0780385198 -0.85003801 -0.520908217 0.0693994865 -0.269298705 -0.960552923 0.0787789503 -0.822914367 -0.562677369 -0.937072749 0.0123785457 -0.348914652 0.0435858526 -0.000167728632 -0.999049671 -0.99992048 -0.00272639324 -0.0123126095 0.0372730252 -0.00188953133 -0.999303333 -0.999953417 -0.00154624397 -0.00952747611 -0.999999164 -0.000112291952 -0.00128796471 -0.999997203 0.00084069058 -0.00221076724 -0.999996582 0.000611896253 -0.00254212006 -0.999961346 0.000433021791 -0.00878177251 0.000262186321 0.00094087338 -0.999999523 0.000155935549 0.000454087322 -0.999999885 0.000465565676 0.000371214818 -0.999999823 0.99112255 0.0386648416 -0.127205036 0.995739838 0.0669990702 -0.0633506075 0.766298276 0.432853683 -0.474789049 0.226117948 0.233039528 -0.94581354 0.0665029643 0.284015283 -0.956510677 0.0298987809 0.273764576 -0.961331899 0.028466783 0.298786188 -0.953895412 0.0466286267 0.219921766 -0.974402477 -0.151269796 0.148348658 -0.977297357 -0.000915076791 0.125335354 -0.992114011 -0.0277492437 0.229850854 -0.972830183 -0.999914725 -0.00302630349 -0.0127036873 -0.99969422 0.00767251705 -0.0235074043 -0.999646706 0.00403753315 -0.0262709312 -0.999959463 -0.00231450418 -0.00870142737 -0.999948013 -0.00239395981 -0.00991160908 0.00147751781 -0.000940153262 -0.999998467 -8.98694788e-05 0.000623308622 -0.999999802 0.000504494604 0.000704857426 -0.999999624 -0.000436518372 0.000792074294 -0.999999591 0.000454294957 0.000814580778 -0.999999565 -9.53207208e-05 0.000574214892 -0.999999831 0.00403987799 0.000280524065 -0.9999918 -0.999998441 -0.00128609944 0.00120990705 0.195118604 0.904851786 -0.378380728 0.208681075 0.808916723 -0.549641651 0.245380121 0.905244693 -0.346872661 0.15462188 0.742792993 -0.651422016 0.225230297 0.81896507 -0.527794968 0.0273083463 0.371619402 -0.927983445 -0.00743636125 0.425551188 -0.9049038 0.161578326 0.685430436 -0.709984198 -0.118785519 0.520653288 -0.84546446 -0.379404934 0.458685099 -0.803529636 0.0371243066 0.402687591 -0.914584326 0.997833192 -0.0348808011 -0.0557875479 0.927135373 -0.130232831 -0.351367912 0.943770161 -0.234282839 0.233258301 0.17681523 -0.00100720856 -0.984243547 0.000327171116 0.000799752799 -0.999999627 0.00046113774 0.000370745736 -0.999999825 -0.999998566 -0.00151333553 0.000760675672 -0.999927769 -0.000611922148 -0.012003467 0.2983141 0.92370675 -0.240363345 0.325854031 0.837769276 -0.438134443 0.384296296 0.913131838 -0.136038976 0.418531867 0.874656631 -0.2445544 0.0428667391 0.476288568 -0.878243499 0.0896447694 0.386147355 -0.918070823 0.424229602 0.862996293 -0.274347667 -0.9999868 0.00206173879 -0.00470632753 -0.935500947 0.00118970388 -0.35332218 0.0366944101 0.0018351549 -0.999324848 0.144304872 -0.00314815466 -0.989528268 -0.999998981 0.000413088785 -0.00136615283 -0.999990481 -0.000489175505 -0.00433568184 0.000159035724 0.000878265951 -0.999999602 -0.999923311 -0.00105808653 -0.0123390352 0.885707356 0.341598086 -0.314377522 0.992076744 0.104410189 -0.0698730726 0.937464084 0.318631513 -0.14012512 -0.00787913378 -0.00167708955 -0.999967553 -0.00235465025 -0.000839211588 -0.999996876 0.00993266318 -0.00133881459 -0.999949774 -0.999748997 0.000337866584 -0.022401556 -0.999670455 0.00103611834 -0.0256496969 -0.999984011 -0.00248488489 -0.00507962059 -0.999998278 -0.00128191489 -0.00134217719 0.000377338286 0.000575424193 -0.999999763 0.005506995 0.000299672002 -0.999984791 -0.999999256 -0.000474503861 0.00112356143 -0.999998503 0.000337692404 -0.00169718954 0.996337828 -0.077669501 -0.0357544561 0.998820535 -0.0441126506 -0.0202882499 0.997886139 -0.0645939439 0.00713277021 0.00238585128 0.000629394054 -0.999996956 -0.999986105 -0.00138916931 0.00508520311 -0.999999763 0.000170330925 0.000667057257 -0.999982818 -0.00026816004 -0.00585596652 0.0121388565 0.000441799103 -0.999926224 -0.999998873 0.00103657498 -0.00108563516 -0.995329496 -0.00118212692 -0.0965287416 0.19256411 -0.00155660347 -0.98128316 -0.999966767 0.0003744732 -0.00814400368 -0.999901922 0.000335545589 -0.0140011828 0.0327646992 -0.00167489605 -0.99946169 0.00335035456 -0.00173200854 -0.999992888 -0.999985009 -0.00310034393 0.00451322571 -0.999800934 -0.00129684488 -0.0199100824 -0.999631053 -0.000762119787 0.0271510168 -0.000732165159 -0.000759987544 -0.999999443 0.0119768382 0.000935850778 -0.999927837 -0.999998487 -0.000837416305 0.00152502984 -0.999999291 -9.07327193e-05 0.00118752495 -0.999651584 0.000903459089 -0.0263798217 -0.999822086 0.000737075934 -0.0188481814 -0.996821176 -0.000381996522 -0.0796705565 -0.999919816 0.000469551367 -0.0126546612 -0.941144819 -0.00804646649 -0.337907803 0.0393590396 -0.00360658024 -0.999218624 -0.99999831 -2.9674926e-05 -0.00183800579 -9.18948048e-05 0.0010935983 -0.999999398 -0.999998249 0.000316578257 0.00184413173 -0.999817274 0.000964314527 -0.0190915979 -0.999940723 0.00043677176 -0.0108793197 -0.999865341 -0.00400382979 -0.0159144555 -0.999999069 -0.00110639052 -0.000798561162 -0.999998142 0.000133528203 -0.00192307186 -0.000837323092 0.000122775135 -0.999999642 -0.997774508 -0.000672359772 -0.066675183 -0.999999054 0.00061210219 0.00123152827 -0.999999881 0.000433095389 -0.00022360628 -0.99976689 -0.00117780923 -0.0215587214 -0.999919953 -0.00120679343 -0.0125948599 -0.996239992 -0.000573217444 0.0866345741 -0.999512153 -0.00428153426 -0.0309374139 0.200926918 -0.00325253981 -0.979600834 -0.999997225 0.000256007882 -0.00234173335 -0.999985812 -0.000118316304 -0.00532561987 -8.24929253e-05 0.00117105368 -0.999999311 -0.000124162422 0.00155954789 -0.999998776 0.000487237873 0.00162036031 -0.999998569 0.000581204368 0.0015109743 -0.99999869 0.000369985567 0.00111999613 -0.999999304 6.57227972e-05 0.000708532102 -0.999999747 0.00444291211 0.00105437103 -0.999989574 0.0128262386 0.00157035674 -0.999916507 -0.999937576 0.00106610352 -0.0111223476 -0.999048499 -0.00378606015 0.0434483877 -0.999961971 -0.00371109979 -0.00789200845 -0.999968724 -0.000364254623 -0.0079005112 0.000353666382 0.00207718269 -0.99999778 0.00578882303 0.00148412486 -0.999982143 -0.999996564 -0.00014715966 -0.0026174474 -0.999975018 -0.000720910798 -0.00703160878 -0.999414755 0.00104403118 0.0341914756 -0.988097765 -0.0130377854 -0.153273684 -0.999905766 0.00103735248 -0.0136888171 -0.999998703 -0.000679347886 -0.0014601243 -0.00131577654 -0.00125578502 -0.999998346 -0.000308178805 0.000486672898 -0.999999834 0.00045256265 0.00242229524 -0.999996964 -0.999994132 -0.00058677811 0.00337511622 -0.999998912 -0.000277103663 0.0014486398 -0.999362938 -0.000169791135 -0.0356887842 0.166421584 -0.00602295366 -0.986036298 -0.99998324 -0.00464907439 -0.00345059017 0.000149393788 0.00122378038 -0.99999924 0.00147821241 0.00230846713 -0.999996243 -0.999879779 0.00125255444 -0.015455055 -0.998721129 -0.00489097448 -0.0503208278 -0.999751745 -0.00083165125 -0.022265583 0.000253733498 0.000586384578 -0.999999796 0.000191394993 0.00152115473 -0.999998825 -7.05399068e-05 0.000785263283 -0.999999689 0.00186776841 0.000662933473 -0.999998036 -0.999999585 0.000262985635 0.000871826064 -0.00195856571 -0.00143757444 -0.999997049 -0.998647506 0.00167714876 -0.0519648588 -0.991767186 -0.000730801578 -0.128051999 -0.941448922 -0.00316657922 -0.337140772 0.0430073332 -0.00136077609 -0.99907383 -0.999996888 -0.00248311422 0.000241266074 -0.999995973 -0.00254736217 -0.00125102061 -0.999997593 -0.000220096838 -0.00218302432 -0.000439789527 0.000137144598 -0.999999894 7.45907526e-05 0.00137892501 -0.999999047 0.000917884946 0.00187100432 -0.999997828 0.00090884687 0.00138633049 -0.999998626 0.000461604633 0.00119834632 -0.999999175 0.0058898495 0.00226502138 -0.999980089 0.00715097665 0.00111552794 -0.999973809 -0.963002171 -0.00133872262 -0.269490307 -0.99999859 8.27576243e-05 0.00167705613 -0.99999886 -0.000951712864 -0.00117220245 -0.999993398 -0.000635172795 -0.00357768101 -0.999798043 -0.000972785176 -0.0200730219 -0.999978891 -0.00149698869 0.00632266376 -0.997057661 0.00372281074 0.0765647491 0.179272328 0.00863897525 -0.983761557 -0.107737032 0.0115213381 0.994112665 -0.385868957 0.104938258 0.916565933 0.068252214 0.00630649841 0.997648166 -0.999819698 -0.000796987438 -0.0189719689 0.141409857 0.00184489538 -0.989949417 0.0113012779 -0.000932760414 -0.999935703 -0.999980894 0.000161827191 -0.00617939987 -0.00172117473 -0.000935908575 -0.999998081 -0.000368428716 0.000124524955 -0.999999924 -0.99999718 0.000645176887 0.0022854945 -0.999998321 0.000330494855 0.00180231908 -0.999945767 0.000709761838 -0.0103903255 -0.999933136 0.00146832947 -0.0114702904 -0.999898903 -0.00503399863 -0.0132982135 -0.999995798 -0.00276777561 -0.000862682605 -0.996211407 -0.00115086216 0.0869569272 0.00318619815 0.00107096715 -0.999994351 -0.999999752 -0.000703866023 1.0357196e-05 -0.000798864833 -0.0014021152 -0.999998698 -0.999613289 0.00248934417 -0.0276961365 -0.998848522 0.00328185999 -0.0478629338 0.038070006 -0.0026380559 -0.999271592 -0.999984863 -0.00356178817 -0.00419363864 -0.999996517 -0.00244277487 -0.000999823067 0.00022490056 9.90751754e-05 -0.99999997 0.0090373475 -0.00186475445 -0.999957424 -0.99969048 0.00319045067 -0.0246731657 -0.999606125 0.000438632887 -0.0280606811 -0.992766208 0.00739225517 -0.119835764 8.19698582e-05 -0.00093135527 -0.999999563 0.00145756561 0.000825118249 -0.999998597 0.00062124109 0.000590110025 -0.999999633 0.00844230484 0.00106337833 -0.999963798 -0.999996957 0.000508792785 0.002413905 -0.999980747 4.64457018e-05 -0.00620510976 -0.999557587 0.00192950607 0.029680072 -0.945937282 0.00962918555 -0.324206626 0.021908715 0.00993954666 -0.999710565 0.20783314 0.00107109325 -0.978163708 -0.998858326 -0.00868999757 0.0469736976 -0.999991896 -0.00401564062 0.000287960074 -0.999962632 -0.00304838106 -0.00808964996 -0.00130772649 -0.00143601243 -0.999998114 0.000407766675 0.000766139797 -0.999999623 0.0102458498 0.0016340618 -0.999946175 -0.999970227 0.00081831947 -0.00767308315 0.21399952 0.00779776325 -0.976802641 -0.999974344 -0.00406395188 -0.00589873395 -0.999989282 -0.00441956028 -0.00137932872 -0.022952712 0.0131263577 0.999650375 -0.0339166441 0.00977965286 0.999376816 -0.0129717618 0.0107968568 0.99985757 -0.999751245 -0.00444306718 -0.0218565031 0.000829857713 -0.00200750028 -0.999997641 0.000135983703 -5.0253301e-05 -0.999999989 -0.999977725 0.000113278065 0.00667360142 -0.999999334 0.000229837051 0.0011314349 -0.993512451 0.000548933829 0.113722063 0.00314784013 0.00186959912 -0.999993298 -0.999984563 -0.000574026172 -0.00552675063 -0.999267095 0.0054631052 -0.0378870211 -0.999986063 -0.00353216784 -0.0039240314 -0.00150222312 -0.00291335563 -0.999994628 -0.000242029925 -0.00219272546 -0.999997567 9.71736547e-05 -0.00259106905 -0.999996638 -0.00020564792 -0.00155071408 -0.999998776 0.0021948358 -0.000904868201 -0.999997182 -0.996270803 -0.00243060474 -0.0862471958 -0.999997836 0.000993396227 0.00182782364 -0.99954197 -0.00528125525 -0.0297986254 -0.999742378 -5.70958877e-05 -0.0226974367 0.00190116155 -0.00389269014 -0.999990616 -0.999988767 -0.00459078388 0.00117964749 0.000464437817 -0.00220289323 -0.999997466 0.00685365245 -0.00281607479 -0.999972548 -0.999999588 -0.000870176093 -0.00025939277 -0.999998641 -0.00136542174 -0.000924225736 -0.999996525 -0.00149955514 -0.00216814279 -0.999851802 0.00158888066 -0.0171420418 -0.999549191 -0.0131645106 0.0269835318 -0.999687473 -0.00470183016 -0.0245529968 -0.998195076 -0.000959854107 -0.0600472215 -0.995123281 0.0112652187 -0.0979936275 -0.951585916 0.00792693941 -0.307280668 -0.00326505299 0.015541595 -0.999873891 -0.999948492 0.000348238173 -0.010143615 -0.999957641 -0.00788301342 -0.0047512517 -0.999955852 -0.00933466168 0.00107658653 -0.999938525 -0.0104947905 -0.00357844277 -0.999989265 -0.0043426023 -0.00161628097 -0.999991687 -0.0037913138 -0.00150061324 -0.999924933 -0.00650094501 -0.0103858452 -0.999876512 -0.0132865004 -0.00839228326 -0.0904507987 0.0105324432 0.995845229 -0.000455021091 -0.0028748433 -0.999995764 -0.000412736367 -0.0048371899 -0.999988216 0.000495298097 -0.0046530473 -0.999989052 0.000445779449 -0.00269637227 -0.999996265 0.0122902022 0.00054995723 -0.999924321 -0.0146900644 -0.00403404169 -0.999883958 -0.973787848 -0.00617819846 -0.227374266 -0.999998293 0.00115755402 -0.00144029392 0.232093534 0.0245040352 -0.972384771 -0.999746136 0.00278501126 -0.0223586244 0.255036254 -0.00721343204 -0.966904585 -0.999864365 -0.00591483077 -0.0153709767 -0.9999264 -0.0115509513 -0.00371070387 -0.99902956 -0.0274356017 -0.0344561464 -0.992456126 -0.0120940517 0.122002348 -0.00040477792 -0.00603142898 -0.999981729 5.80923452e-05 -0.00768837007 -0.999970442 0.000420850808 -0.00486710557 -0.999988067 -0.999995082 0.000520479814 0.00309277664 -0.999997702 0.00121886527 0.00176352823 -0.999999472 -0.000330997467 0.000973095279 0.000991393156 0.00294997602 -0.999995157 -0.999917405 0.00516003071 -0.0117710493 0.0168445469 -0.0126138961 -0.999778551 -0.999430757 -0.0337330834 0.000491785516 -0.99999515 -0.00224392584 -0.00215976418 -0.000185417993 -0.0074392728 -0.999972311 -0.000652533486 -0.00858106421 -0.999962969 6.30325671e-05 -0.00716595053 -0.999974322 0.000645651318 -0.00657246612 -0.999978193 0.000417143321 -0.00524222922 -0.999986172 8.0997922e-05 -0.00523120058 -0.999986314 0.0010768452 -0.0011360793 -0.999998775 -0.999999016 0.000382812946 0.00134964047 -0.99860997 0.0122910705 -0.0512548374 -0.95282776 0.0548781524 -0.298509041 0.00948610985 0.198682016 -0.980018097 0.433884205 0.106773831 -0.894619386 -0.999820914 0.0035593896 -0.0185868454 -0.998060364 -0.0533366722 0.0321046689 -0.999817516 -0.0124336114 -0.0145031127 -0.999998227 0.00154697636 -0.0010734795 -0.999728251 -0.000478638736 -0.0233065541 -0.999073896 -0.0338817849 -0.0265212009 -0.996062653 -0.0642279148 -0.0611061865 0.0106333299 -0.00601847951 -0.999925352 -0.999954567 -0.00592751819 -0.00746519314 -0.999836128 -0.00896466241 -0.0157274221 -0.996675884 -0.0135767579 0.0803296567 -0.968668177 0.0220422314 -0.24737846 -0.859179231 0.14773059 -0.489884397 -0.947359957 0.0338108206 -0.318380183 0.606635454 0.229652873 -0.761086712 0.701947959 0.0347164817 -0.711381634 0.0364446368 0.0634769011 -0.997317638 -0.0607589479 0.0125173567 0.998073978 -0.250643839 0.02807036 0.967672321 -0.0179676305 0.00784047846 0.999807827 -0.999976249 0.00254988504 -0.00640310062 -0.988327994 -0.0566271418 0.141425396 -0.994505313 -0.104685533 -0.000348798609 -0.997527471 -0.0701497298 0.00423785286 -0.999820297 0.0180172902 -0.00589498228 -0.99835381 -0.0244468134 -0.0518847097 -0.972967763 -0.161090093 -0.165480252 -0.974160702 -0.187941404 -0.125255562 -0.99996024 -0.00289517999 0.00843418644 -0.999993741 -0.0017699271 -0.00306369454 -0.999878382 -0.00411516498 -0.0150428222 -0.99999318 0.00128406817 -0.00346277488 -0.962988547 -0.0366311676 -0.267041599 -0.960617188 -0.0470296008 -0.273866454 0.0286949748 -0.0308049498 -0.999113434 0.724785906 -0.0701344913 -0.685395174 -0.0820097402 0.0013198258 0.996630654 -0.999917686 0.00177704906 -0.0127068159 0.327999955 -0.0476394936 -0.943475759 -0.000621060076 -0.0201290817 -0.999797197 -0.98070057 -0.194991121 -0.0143127374 -0.983504394 -0.1796587 -0.021020411 -0.842245975 -0.537018134 -0.0472571931 -0.742858139 -0.669390758 -0.00882035 -0.739714312 -0.672904522 0.00471597299 -0.732507868 -0.680754848 0.00224967775 -0.14238359 -0.989796004 -0.00554833109 -0.683675442 -0.72970579 -0.0108328292 -0.16755688 -0.985860265 -0.00205671621 -0.993165566 -0.116713805 0.000215601016 -0.660552661 -0.750707084 0.0104429957 -0.796690608 -0.604344983 0.00715657316 -0.996353463 -0.0853150672 0.00105651473 -0.798778372 -0.601620372 -0.00245786531 -0.995923792 -0.0901481853 0.00301758317 -0.0399672394 -0.999176939 -0.00693283422 -0.560553211 -0.827707189 -0.0260941825 -0.498510417 -0.86629608 -0.0319134052 -0.999103875 0.0356184339 -0.0228642546 -0.479050287 -0.877627548 -0.0167543985 -0.0463695699 -0.99892332 -0.0014368229 -0.227923396 -0.973679066 5.12671192e-05 -0.999243333 0.00700443766 -0.0382583322 -0.562026417 -0.826466385 -0.0328575856 -0.31647257 -0.947275017 -0.0501513186 -0.983906592 -0.0569517962 -0.169364434 -0.90859707 -0.278097038 -0.311630232 -0.63372265 -0.767770119 -0.0944703491 -0.332329466 -0.940501368 -0.0708117395 -0.0035051629 -0.999961817 0.00800484124 -0.00204534731 -0.999943987 0.0103845451 -0.096018906 -0.995228922 -0.0173136397 -0.9457451 -0.298132132 -0.129164383 -0.232019484 -0.971869862 0.0404466365 0.0154300411 -0.996715631 0.0794975772 0.0122823403 -0.999870961 -0.0103539753 0.0136586324 -0.999905467 -0.00158053478 0.00660898727 -0.99997733 -0.00128850672 0.00950804972 -0.999954732 -0.000363136408 0.00532506181 -0.999985822 -3.16371769e-07 0.00702783494 -0.9999753 9.23922516e-05 0.00777062476 -0.999969652 0.000558677275 0.00290966164 -0.999993825 -0.00197073046 0.0105653687 -0.999944177 0.000126207766 0.0229508382 -0.999735236 -0.00164822237 0.0376259877 -0.999019134 -0.0233464062 0.0486675627 -0.998574303 0.021927844 -0.000657363768 -0.00995147916 -0.999950267 0.0102573621 -0.999918361 -0.00761961625 0.0123000591 -0.999924309 -0.00028954999 0.0144904685 -0.99989496 -0.0003073438 0.0242166778 -0.999528777 -0.018862053 0.0350640981 -0.996578952 0.0748391731 0.00844568619 -0.999963953 -0.000874009797 0.0128909921 -0.999913286 -0.00269125903 0.0232767287 -0.999567065 -0.0179965656 0.00935445366 -0.999927534 -0.00757763505 0.0114661215 -0.999933675 -0.0010834419 0.0163019424 -0.999831426 -0.00844783608 0.00679126664 -0.999973818 -0.00249821798 0.00490541858 -0.999987756 0.000652352004 0.00344769171 -0.999994002 -0.000330596879 0.00593769861 -0.999981328 -0.00144479008 0.00419111046 -0.999989028 -0.00209230063 0.0053031972 -0.999970747 -0.00551196037 0.00472006439 -0.999753103 -0.0217129723 0.0118892258 -0.999795245 0.0163741978 0.00430059617 -0.186979198 0.98235446 0.00697852605 -0.0576676317 0.998311447 0.0113373873 -0.492745517 0.870099603 0.00516196384 -0.999937205 -0.00994685298 0.00607253315 -0.999746682 -0.0216724589 0.00679421853 -0.0624182671 0.998026953 0.00337452621 -0.999993691 -0.00110885767 0.00038157208 -0.999936623 -0.0112518335 0.00087415424 -0.999997119 -0.00223564587 0.000317704242 -0.0125335543 -0.999921401 0.00314188128 -0.999916661 -0.0125219328 0.00181452032 -0.999997731 0.00111570129 0.00112753695 -0.999999197 -0.000578737399 0.000401832584 -0.999993686 -0.00353071563 0.000472292136 -0.999961947 -0.00871103439 0.00154200056 -0.999996316 -0.00223386379 -0.000216244127 -0.589280684 0.807928356 0.000988250265 -0.999622045 -0.0274734631 0.000213885276 -0.999994435 -0.00332941918 0.000287849635 -0.999996473 -0.00264035142 0.000812325478 -0.999999558 0.000472770513 0.000529712237 -0.999997877 -0.00199135463 0.000925867063 -0.999942106 -0.0107204179 -0.00173938531 -0.0588766417 0.998263751 0.000683920251 -0.999985393 -0.00536157541 0.00113417784 -0.999952833 -0.00964600068 -0.000209557841 -0.999909794 -0.013429851 0.000357991008 -0.999991091 -0.00420601295 0.00113953485 -0.999999349 -6.23950801e-05 0.000942582202 -0.99999906 -0.000995663693 0.00108188495 -0.999665583 -0.0258370115 -0.000146952559 -0.013009266 -0.999915365 0.000974202579 -0.999989618 -0.00445138955 0.000157447755 -0.999760661 0.0218768531 -0.000437892114 -0.490232722 0.871591468 0.000914504571 -0.999996873 -0.00232760432 -1.87251508e-05 -0.999950928 -0.00990661182 0.000364791729 -0.999999924 0.000139485357 -0.000378340708 -0.063005467 0.99801311 6.46232396e-05 -0.9999978 -0.00209672373 0.000260938506 -0.999999956 -0.000140792066 0.000631563025 -0.999949487 -0.0100312293 0.000366880882 -0.999852602 -0.0171650926 0.000337763733 -0.999765146 -0.0216688383 -0.00061072302 -0.0599763954 0.998199609 -8.43573555e-05 -0.999999061 -0.00136778922 -0.000405666666 -0.999976147 -0.00689496537 -0.000445764024 -0.999998074 -0.00191129707 0.00014283073 -0.99999511 -0.00312416925 -0.000803842436 -0.99984103 0.017812029 -0.00154218627 -0.446315369 0.894874412 -0.000589461259 -0.999999801 -0.000225585972 -0.000512379794 -0.999996341 -0.0026562898 5.11724984e-05 -0.999972319 -0.00744039757 0.000148105594 -0.99994994 -0.0100047631 -0.000731327183 -0.999999733 -7.22186582e-06 -0.000598342385 -0.999990581 -0.00429886939 -0.000106756843 -0.999890146 -0.014821786 -0.0010533208 -0.0147894186 -0.999890076 -0.00255310583 -0.0727452428 0.997347287 -0.000365748082 -0.999999401 -0.00103188701 0.000145312669 -0.999881813 -0.0153732985 -0.00163400263 -0.999316332 0.0369350562 -0.00187573131 -0.409866667 0.912143518 -0.000354541786 -0.999999923 -0.000168979542 0.000155755597 -0.999940391 -0.0109174707 0.000314435928 -0.999967371 -0.00807201914 -0.000298979584 -0.999997376 -0.00227131334 -0.00052086774 -0.00989300134 -0.999950927 1.93148632e-05 -0.999999952 -0.000308404277 9.01798093e-05 -0.999951612 -0.0098369393 -0.000346372684 -0.999972033 -0.00747087324 -0.000484123332 -0.99994224 -0.0107369506 -0.000134754369 -0.998052986 0.0623716231 -0.00131313865 -0.346764798 0.937951198 0.000311684859 -0.999992395 -0.00388744653 8.1129729e-05 -0.999999248 -0.00122336232 0.000142301548 -0.999998884 -0.00148734155 -0.000393014182 -0.999993396 -0.00361308015 -0.00133876368 -0.0588526214 0.998265785 0.000530815646 -0.99999873 -0.00150273667 -0.000238030041 -0.999999704 -0.0007316374 0.000162331605 -0.01171069 -0.999931414 0.00097011881 -0.999965136 -0.00829367797 -9.36849824e-05 -0.999997168 -0.00237825782 7.24071873e-05 -0.999712803 -0.0239646691 -0.000220142478 -0.999999915 0.000349357512 0.000240409039 -0.99999995 0.000207256836 -0.000412252014 -0.999999165 -0.00122493521 0.00119383904 -0.999999283 -9.29062665e-05 -0.00165104129 -0.999998013 -0.0011175181 -0.00143996416 -0.999995546 -0.00261416835 -0.000567903771 -0.999973653 -0.00723678848 -0.0013531368 -0.999934144 -0.0113963222 -0.000295565477 -0.999998705 0.00158203147 -0.00137859304 -0.995984055 0.089520171 0.000809212995 -0.282616029 0.95923278 0.000359701709 -0.00964670739 -0.999953405 -0.00174869775 -0.999942784 -0.0105531935 -0.00242293698 -0.999651066 -0.0263035176 -0.000355247964 -0.999992919 -0.00374650114 0.00402426756 -0.0590449434 0.998247214 -0.00148969984 -0.999998805 0.000413775587 -0.000886358696 -0.999951649 -0.00979360162 -0.00241975632 -0.999997046 -0.000231120033 -0.0016750139 -0.999983142 -0.00555971915 -0.00316055203 -0.999983407 -0.00481620059 -0.00318389822 -0.999992893 -0.00201899501 -0.00419757659 -0.999948878 -0.00919904603 -0.00405437574 -0.999983817 -0.00399089324 -0.00337969073 -0.999993394 0.00133741641 -0.00310882096 -0.999987059 -0.00402701551 -0.0024430145 -0.999942484 -0.0104432217 -0.00240508759 -0.999948587 -0.0098508381 -0.00371784469 -0.999992898 0.00061848829 -0.00458787517 -0.999989363 -0.000474420576 -0.00247008792 -0.999757718 -0.0218724377 -0.00274703697 -0.999995091 0.001507223 -0.00268923055 -0.998119362 0.061241377 0.00372613246 -0.446503003 0.894774376 0.000181565738 -0.00768028327 -0.99997049 -0.00388877319 -0.999992002 0.000934254061 -0.00340628347 -0.999988228 -0.00345558683 -0.00168223177 -0.999984306 -0.00534403311 -0.00209919184 -0.999996288 -0.00173731012 -0.00205146321 -0.999968797 -0.00762865168 0.00399626989 -0.0774130251 0.9969911 -0.00199297794 -0.999980822 -0.00586378256 -0.00132735154 -0.999999042 0.000393228718 -0.00181255785 -0.99999833 -0.000234980643 -0.000674101411 -0.99999354 -0.00353070114 -0.00153843374 -0.999935326 -0.0112683878 0.000854717058 -0.999983368 -0.00570377058 0.000684996865 -0.99999976 -0.000102205928 0.000272187139 -0.999998165 -0.00189610464 -0.00117250189 -0.999980664 -0.00610706649 0.000321981203 -0.99999954 0.000903067641 -9.63669776e-05 -0.999987911 -0.00491615495 -0.000396817183 -0.999966361 -0.00819262984 -0.00191089598 -0.998945784 0.045865764 -0.00125832347 -0.519756129 0.85431375 0.000774414249 -0.999999424 -0.000743156423 0.000387929984 -0.999994519 -0.00328821586 -0.00205638576 -0.999908475 -0.013372122 -0.00141469619 -0.0617730357 0.99808922 0.00148934382 -0.99999871 0.000601010504 0.00105034432 -0.999997193 -0.00212378113 -0.000914759364 -0.999890679 -0.0147577987 0.0012073525 -0.999997116 -0.00207630073 0.00132094024 -0.999998045 0.00147131107 0.000515998856 -0.999994185 -0.00337112518 0.00089279935 -0.0600860567 0.998192801 0.000373822706 -0.999984785 -0.00550354827 -0.00123538488 -0.998845333 0.0480257724 0.00116189637 -0.503268964 0.864129041 0.000531099746 -0.0079323582 -0.999968397 0.00203442582 -0.999996337 0.00178506599 -0.000265137955 -0.999980977 -0.0061623979 0.00128775565 -0.999952644 -0.00964636609 0.00172881996 -0.999993387 -0.00319966724 -0.000447949585 -0.999979409 -0.00640167271 0.00167622371 -0.999995927 -0.00231008752 0.00148800654 -0.999993611 -0.00325027485 0.00202641244 -0.999997873 -0.000384779739 0.00234256272 -0.999995899 -0.00164724173 0.000365178471 -0.999981915 -0.00600303018 0.00236905074 -0.999996557 -0.00112834723 0.00328210799 -0.999993738 0.0013238657 -0.000504419112 -0.999860264 -0.0167091994 0.00266297699 -0.999995512 -0.00137244979 0.00354999111 -0.0831972141 0.996526779 0.00123294546 -0.999935692 -0.0112735138 0.00390828436 -0.999992341 -0.000209853403 0.00225479157 -0.996349264 0.0853408475 0.00975872957 -0.528653375 0.848781701 -0.000429192511 -0.999945271 -0.0104532208 0.000650502631 -0.00789631669 -0.999968612 0.00127715816 -0.999996362 -0.00237576894 0.0202760281 -0.0547123655 0.998296269 0.00404456317 -0.999991552 0.00073364386 -7.05172783e-05 -0.999989677 -0.00454330523 0.00390360518 -0.99999238 4.79190948e-05 -0.000895161862 -0.0150219858 -0.999886763 0.0024472601 -0.999985331 -0.00483212927 0.0230142482 -0.0372100447 0.99904242 -0.00327811588 -0.999068219 0.0430342547 0.0099122338 -0.767149561 0.641391689 0.00192146718 -0.999997906 -0.000703988569 -0.00011962929 -0.999999107 -0.00133094518 0.00348407432 -0.999993488 -0.000940689652 -0.00268013642 -0.999980888 -0.00557144256 -0.00216432025 -0.777843155 0.628454725 -0.000852727073 -0.00603332664 -0.999981436 0.0031461388 -0.999995048 7.3379425e-05 0.00354715409 -0.99999308 0.0011210056 0.000362466069 -0.999999877 0.000339592296 -0.000350021804 -0.999999635 0.000779226386 0.000244956923 -0.999976486 -0.00685327695 0.00229328016 -0.999997041 -0.000811781279 -0.000830702576 -0.999999616 0.000280103026 -0.0154978017 -0.979344828 0.201602397 -0.000617841357 -0.99997871 -0.00649592874 -0.000844307521 -0.999995846 -0.00275609024 -0.00753994854 -0.999970392 0.00153783061 -0.0143382097 -0.999897203 -1.6754073e-06 0.0169156601 -0.812998521 0.582019987 0.00137994604 -0.999998397 0.00114135713 0.000769859256 -0.999999704 4.89214057e-06 0.0278068198 -0.999609815 -0.00264550223 0.0475006656 -0.998870788 0.000914365698 0.0510575175 -0.998695214 0.000999221376 0.0133834752 -0.996107367 0.0871263241 0.0711602366 -0.997415247 -0.00995217277 0.0891294057 -0.996019652 0.000895095228 0.0900574607 -0.99591452 0.00662736548 0.0822683243 -0.996508777 0.0142190213 0.199579384 -0.979877818 -0.00274444046 0.323026017 -0.944290937 -0.0629985537 0.207085864 -0.978322485 0.000749005991 0.238388233 -0.971169853 -0.000408264431 0.231320837 -0.972876197 0.00160494203 0.229637537 -0.973188836 0.0130418762 0.229956808 -0.973146607 0.0102735962 0.235807145 -0.96303338 0.130237093 0.138646558 -0.761977106 0.632588351 0.999106516 0.0206257842 -0.0368883013 0.877199329 -0.473886678 -0.0771540955 0.997142821 -0.0671452571 -0.034607933 0.968205393 -0.246140025 -0.0446475672 0.999639458 -0.0253767559 -0.00877344766 -0.999994669 -0.00191646047 0.00264369037 -0.99999044 -0.0043164385 0.000699426085 -0.999987829 -0.00492716311 0.000255109717 -0.999984558 -0.00553060983 -0.000544507594 -0.999986857 -0.00509880778 -0.000536158086 -0.997267863 0.0203195944 0.0710205864 0.331592818 -0.000856593469 -0.943422212 -0.999365364 0.0157739907 -0.0319382172 -0.975141964 -0.046982132 -0.216542905 -0.94349881 -0.0621480068 -0.325495962 -0.945200609 -0.0918576172 -0.313301749 0.664836844 -0.353650148 -0.657969258 0.00590300107 -0.565006526 -0.825065319 0.508784373 -0.288849886 -0.810989646 -0.999989233 0.000243355685 -0.00463399729 -0.999982678 0.00260644084 -0.00527724051 0.0571122544 -0.0825102852 -0.994952382 -0.961567292 -0.257148208 0.0962452195 -0.94959594 -0.31252033 0.0244661674 -0.984589897 -0.174879104 0.000183687146 0.0698570169 -0.995508682 -0.0638941362 0.0888203873 -0.995397742 -0.0359760155 0.0453870935 -0.998542362 -0.0292089391 0.0261539711 -0.999562201 -0.0138338854 0.0779493254 -0.98425141 -0.15866022 0.0764950865 -0.992534771 -0.0949906842 0.0486082789 -0.994047235 -0.0975055398 0.0262045086 -0.988031695 -0.152008861 0.034776075 -0.998173627 -0.0493967051 0.0186096025 -0.999622423 -0.0202161609 0.0193163994 -0.999811215 -0.00210031941 0.0202745269 -0.999794334 -0.000482506715 0.0063950062 -0.999979183 0.000858509425 -0.007771655 -0.0464024316 -0.998892595 0.0101563702 -0.997529903 -0.0695049721 0.00916930882 -0.999733498 -0.0211862534 -0.0179022983 -0.0547144342 0.998341544 0.00637232877 -0.99129339 -0.131517329 0.00328764136 -0.999605321 -0.0278997087 0.00280817232 -0.997502374 -0.0705771105 -0.000396351923 -0.99982103 -0.0189143089 0.00262108528 -0.992857422 -0.119278116 0.000215895041 -0.999722662 -0.0235489568 0.000863966089 -0.998379849 -0.0568940327 0.000968267174 -0.995817972 -0.0913544143 0.000111177724 -0.999768889 -0.021497808 0.000158670428 -0.999873951 -0.0158762877 -0.000469785577 -0.998342918 -0.0575430048 0.00148005936 -0.998234469 -0.0593780545 9.44065819e-05 -0.999906289 -0.0136896001 -0.000962897275 -0.0227697143 -0.999740273 0.000570927374 -0.999865476 -0.0163921787 0.00111449804 -0.999594746 -0.0284446962 0.00163552521 -0.999288348 -0.0376845032 0.00114400785 -0.999885078 -0.0151169427 0.00100253716 -0.999616824 -0.0276622485 0.000822760992 -0.999003096 -0.0446333541 0.000950570303 -0.999099662 -0.0424141618 -0.000249718413 -0.998253026 -0.0590832783 -0.0012129919 -0.999841239 -0.0177771133 -0.00175787164 -0.999308639 -0.0371369692 -0.00187447528 -0.999791172 -0.020349413 -0.00270613521 -0.999242369 -0.038824801 4.88065586e-05 -0.999407674 -0.0344136389 0.00114658731 -0.999908478 -0.0134803918 0.000394804285 -0.999564798 -0.0294967493 -0.00109821621 -0.998866879 -0.0475789072 0.000861564317 -0.99987318 -0.0159022656 -0.00130918764 -0.997406176 -0.071966703 -3.94393275e-05 -0.998597963 -0.0529349327 0.00133089961 -0.999633021 -0.0270564635 0.00334866646 -0.99660093 -0.0823126534 0.00407476676 -0.998693181 -0.0509443506 0.0036582658 -0.999890853 -0.0143143337 0.00640727075 -0.999697927 -0.0237276578 0.000641550005 -0.999270087 -0.0381953193 -0.00578140657 -0.995010928 -0.0995983403 -0.0058363853 -0.999850284 -0.0162894358 -0.0143633731 -0.998635091 -0.0502160182 -0.014026296 -0.993498738 -0.112975756 -0.00011854392 -0.999888078 -0.0149605313 0.0637099794 -0.997836996 -0.0161977563 -0.0230814751 -0.997432293 -0.0677942915 -0.00437487704 -0.999093934 -0.0423340564 0.0937248437 -0.995063058 -0.0326368456 0.367872883 -0.925901467 -0.085883726 0.00732803573 -0.0160534045 -0.999844282 -0.999933328 -0.0114625331 0.00139617758 -0.99990617 -0.0136954295 0.0002944239 -0.999960581 -0.00872442869 -0.00164949072 -0.999980926 0.00208077686 -0.00581536581 -0.997495869 -0.00378214105 0.0706235582 -0.999811003 0.00113409438 -0.0194080488 -0.998228952 0.00453096056 -0.0593163467 -0.962209809 -0.0692973456 -0.263344189 -0.868836024 -0.198942024 -0.453371851 0.203335087 -0.434713547 -0.877313498 0.0440856808 -0.546744067 -0.836138373 -0.179801367 -0.240392689 -0.953877782 0.0037185287 -0.129663285 -0.991551111 -0.0368220591 0.00469017839 0.999310832 -0.00999373902 -0.0741097647 -0.997200014 -0.000503966582 -0.0246909007 -0.999695006 0.000353395263 -0.02279698 -0.999740053 -0.00150398248 -0.0154375544 -0.999879703 -0.000259367539 -0.0174725544 -0.99984731 -1.70131607e-05 -0.0173225862 -0.999849953 0.000221653136 -0.0131012299 -0.999914151 0.000990108615 -0.017807317 -0.999840947 0.00357968834 -0.0198635661 -0.999796292 -0.999938693 -0.00736780265 0.00826588814 -0.999854678 -0.0170456762 0.00025988096 -0.999947378 -0.0102461025 -0.000509129174 -0.00392709752 0.00203605859 -0.999990216 0.0062794975 0.00222785294 -0.999977802 -0.999986471 0.005196782 0.000226044233 -0.999952239 0.00969130695 0.00126417479 -0.993909967 0.0328165514 -0.105195303 -0.955307352 0.0504278331 -0.291281474 -0.107130292 -0.0203533228 -0.994036641 -0.199647077 0.0431115546 -0.978919015 -0.0100679332 0.0028395656 -0.999945285 -0.0142984132 -0.0163831038 -0.999763547 -0.00511578686 -0.0191012636 -0.999804466 0.000331304741 -0.0169530723 -0.999856231 -0.000908084276 -0.0168622644 -0.99985741 0.00028819437 -0.0157259404 -0.999876298 -0.000262963852 -0.0160301453 -0.999871474 0.000255996254 -0.0149216485 -0.999888633 0.000479915114 -0.0109392103 -0.99994005 0.0010304747 -0.0149986403 -0.999886983 -0.0128388006 0.0145522247 -0.999811681 -0.997078872 -0.011076987 -0.0755713162 -0.978346071 -0.0131878996 -0.206555185 -0.999827974 -0.0170894591 0.00720920962 -0.999959773 -0.00895850045 0.000444204012 -0.999908863 -0.0135005606 3.10120492e-05 -0.999985885 -0.00530548654 0.000285791646 -0.000880665764 -0.00166649964 -0.999998224 -0.999036419 0.0312972767 0.0307687069 -0.997616743 0.0505770429 -0.0469339686 -0.976381621 0.172555214 -0.130013954 -0.0745683071 0.154346266 -0.985198862 -0.178892605 0.147761341 -0.972709629 -0.0164347171 0.136590655 -0.990491238 -0.0071501784 0.0577541504 -0.99830523 0.000149711475 0.0170158016 -0.99985521 -0.000272229436 0.0164196824 -0.999865151 -0.00178189752 0.0137012416 -0.999904546 0.000166537358 -6.16156291e-05 -0.999999984 -0.000273986936 0.00419523444 -0.999991162 0.000670298093 0.00851576433 -0.999963516 0.000645147686 0.0166874398 -0.999860547 0.000441481427 0.0317424157 -0.999495985 -0.999680098 0.0252855017 0.000588168891 -0.999495851 0.0317494053 0.00013864799 -0.999779334 0.0209341914 -0.00174467694 -0.999668199 0.0234551458 0.0106464893 -0.996260954 0.0194836803 0.0841694615 -0.999936741 -0.00401344123 0.0105074835 -0.999677155 -0.0235786596 0.00946749094 -0.999942132 -0.010757873 -9.99704467e-06 -0.999969464 -0.00774827654 -0.00101702151 -0.999813399 -0.00261664146 -0.0191395169 -0.99985387 -0.0169027486 0.00255631492 -0.999830564 -0.0183684174 0.00120217737 -0.999666378 -0.0256041222 0.00340025618 -0.999621699 -0.0272341756 0.00384165676 -0.999715793 -0.0234894974 0.00407133646 -0.999617286 -0.0275725207 0.00224461777 -0.9997502 -0.0220721071 0.0035156368 -0.999691216 -0.0248298727 0.000974392415 -0.999793636 -0.0203080109 0.000519183483 -0.999724507 -0.0229958634 0.00470115075 -0.999834524 -0.0181890881 0.000287094855 -0.999751149 -0.0216982007 0.00517952677 -0.999751411 -0.0221258974 0.00274987271 -0.999823167 -0.018765209 -0.00122531476 -0.999839608 -0.0165941431 -0.00673734332 -0.999892137 -0.0116138526 -0.00899076127 -0.999926252 -0.00742565055 -0.00960987888 -0.999980119 -0.00621313367 -0.00107609689 -0.999871344 -0.0150857487 -0.00545114942 -0.999994455 -0.00332320158 0.000213622012 -0.995616296 0.0131657251 -0.0926005126 -0.99992088 0.00461180823 -0.0117031926 -0.999986904 0.00387931869 0.00333820199 -0.999989525 0.00026054561 -0.00456965464 0.000948330916 -0.0120852559 -0.999926521 -0.999900963 -0.0119587888 0.00741964541 -0.999581402 -0.0289208335 0.000778834763 -0.999910076 -0.0133095734 -0.00164141675 -0.999828326 -0.0136353151 0.0125457506 -0.999857113 -0.0168080249 0.00180106498 -0.999872553 -0.0156165237 0.00331688383 -0.999894566 -0.0141835615 0.00311186735 -0.999813186 -0.0192915735 -0.00119525844 -0.999991032 -0.00388662718 0.00168202874 -0.999966711 -0.00815924504 6.32912158e-05 -0.999948204 -0.00288371345 -0.00976082711 0.00789537078 -0.00157862244 -0.999967585 -0.0133339392 -0.00450200725 -0.999900964 -0.173047529 0.00810009385 -0.984880166 -0.999942963 -0.0105755673 -0.00149245791 -0.999986637 0.00358506207 0.00372477717 -0.999987521 -0.00483849591 -0.00124330531 -0.999900605 -0.0136516548 -0.00352301035 0.16627614 0.0375158607 -0.985365316 -0.156816906 0.0185054812 -0.987454305 -0.999890995 0.010941657 -0.00991355751 -0.987783602 0.0325323468 -0.15239817 -0.999988303 0.00482790884 -0.000290393665 -0.999993971 -0.00166089112 0.00304949381 -0.999977542 -0.00496987531 0.00449609617 -0.999954716 -0.00951014392 -0.000349692218 -0.999976005 -0.00665915372 -0.00190926939 -0.999997694 -0.00203170299 -0.00069555101 -0.999708994 -0.0161699081 -0.0179014331 -0.999864072 -0.00275379856 0.0162558713 0.00376842625 0.0351740661 -0.999374096 -0.00664869491 0.0264646283 -0.99962764 -0.999190818 0.0385450959 -0.0114885005 -0.999815232 0.0183528961 0.00571601363 -0.999642972 0.0264632423 0.00369136779 -0.999616018 0.0275912323 -0.00255732171 -0.999804258 -0.0164040692 -0.0110612946 0.727221733 -0.626274026 0.280943756 0.99968412 0.0107373032 -0.0227237908 0.999958462 0.0061712151 -0.00670753586 0.999992965 0.00110604828 -0.00358416999 0.999990404 0.00262441566 -0.00350762045 0.99998846 0.00178457159 -0.00446031768 0.00226213058 0.00469956813 0.999986398 -0.00253215788 0.0047821927 0.999985359 -0.0816250294 -0.0247675769 0.996355319 0.999910543 0.00875302252 -0.0101138681 0.999965692 0.00768302976 -0.0030961226 0.999961908 0.00739685621 -0.00463347245 0.999981422 0.00542427061 -0.00278077931 0.999981344 0.00434120524 -0.00429720137 0.999970049 0.0046563201 -0.00618214755 0.999966287 0.00494953047 -0.00655180973 0.999975788 0.0058711802 -0.00373539813 0.999983704 0.0049443577 -0.00285397261 0.999990839 0.00424908605 -0.000516152387 0.999998437 0.000811842545 0.00157077267 0.999998276 0.000586724657 0.00176190353 0.999759431 0.00495190305 0.0213672257 0.997165303 -0.00128309736 0.0752310593 0.141606529 0.0045392334 0.989912615 0.996152214 0.0109179106 -0.0869572671 0.999891564 0.0113251171 -0.00941283563 0.000702532659 0.00189347472 0.999997961 0.999944024 0.00613101471 -0.00862324394 0.999968333 0.00528635526 -0.00594880481 0.999982265 0.00533030409 -0.00265656479 0.999995075 0.00277638703 -0.00146318193 0.999998706 -0.00067865976 0.00145823328 0.999933844 -0.00123991215 0.0114354781 0.00610330916 0.0003739212 0.999981305 0.999856547 0.00797630446 -0.0149420297 0.999938912 0.00962643157 -0.00543176073 0.999976566 0.00440114335 -0.00524374411 0.999975152 0.00525813164 -0.00469537174 0.999970419 0.0063599546 -0.00432583672 0.999986813 0.00368705102 -0.00357476644 0.998306356 0.000510424012 -0.0581735249 0.999928416 -0.00106319927 -0.0119177564 0.999993861 0.00099034528 -0.00336109941 0.99997286 -0.0041758664 0.00606978355 0.998734171 -0.00631838513 0.049901239 0.19068156 -0.00151335449 0.981650779 0.999961952 0.00257274138 -0.00833518069 0.999976262 0.00501192397 -0.00472824673 0.999976508 0.00393510293 -0.00561237693 0.999981546 0.00463057394 -0.00393270698 0.999994383 -0.00183794476 -0.00280285033 0.999987536 0.00302166931 -0.00397456564 0.999985904 0.000321473503 -0.00529987171 0.999992592 4.67087721e-05 -0.00384898889 0.999986194 0.0011170629 -0.00513449142 0.999986559 -0.00139203517 -0.0049944894 0.999986374 -0.0019188936 -0.00485486184 0.999992973 -0.0013100779 -0.00351262592 0.000283142587 -0.000717071102 0.999999703 0.00596414874 -0.000330272166 0.99998216 0.999968955 0.000653019293 -0.00785256831 0.999977442 0.00254589208 -0.00621559999 0.999983098 -0.0026920193 -0.00515325879 0.999981405 0.00374303641 -0.00481444101 0.00535060139 -0.0413603535 0.999129968 0.0117235376 0.020608311 0.999718889 0.0164307914 -0.373336944 0.927550298 0.0222148671 0.0208027282 0.999536766 0.0149132874 -0.00123368218 0.99988803 0.00731157511 -0.312098956 0.950021464 -0.000173253976 0.00994472107 0.999950535 -0.00119442407 -0.303495402 0.952832154 -0.000599237787 0.0127556659 0.999918464 -0.0039912981 0.0119068196 0.999921145 -0.000771118538 -0.20918406 0.977875981 -0.00119378514 0.0281084661 0.999604166 0.00198742865 0.0225187578 0.999744445 0.00589491625 -0.175992701 0.984373821 0.0166019781 0.0266444364 0.999507103 0.0135423194 0.00856263538 0.999871635 0.00447146822 -0.257047223 0.966388499 0.00118846537 0.0138763459 0.999903013 0.00137832205 0.00889908045 0.999959452 0.00278656551 -0.176895019 0.984225781 0.00616118079 -0.0135539595 0.999889159 0.00567657241 -0.189852343 0.981796244 0.00455642955 -0.0453708935 0.998959819 0.00447325378 -0.198625764 0.9800652 0.0033805724 0.00937636643 0.999950327 0.00798464139 0.00485111583 0.999956355 0.999980363 -0.00100649123 -0.00618552696 0.999983842 -0.00418111038 -0.00385155204 0.999992182 -0.00387519529 0.000786469214 -0.0345738711 -0.0375202882 0.99869759 -0.0220690233 -0.169601904 0.985265524 -0.265999901 -0.0829485203 0.960397624 -0.000945728629 -0.0122819902 0.999924126 0.0978484024 -0.177539665 0.97923713 0.0146061679 -0.00783507175 0.999862626 0.000894046444 0.0164686454 0.999863983 0.00461913062 0.0207506398 0.999774012 0.00721380473 0.0148232239 0.999864107 0.999973265 0.000137405413 -0.00731102597 0.998950685 -0.00271351502 0.0457183222 0.144701177 -0.00110814083 0.989474781 0.999974672 0.00113128743 -0.00702671898 -0.0266520621 -0.00456716789 0.999634337 -0.00424349656 0.00609923498 0.999972396 0.0225512947 0.0341123121 0.999163545 0.0110321266 0.0187175182 0.999763945 -0.00206600749 0.0194174414 0.999809329 -0.000488264643 0.0218633467 0.999760849 -0.0025401691 0.0171529567 0.999849651 -0.00787970319 0.0217445443 0.999732507 -0.0063322202 0.0254486941 0.999656074 -0.00274360973 0.0400343238 0.999194538 0.00186354786 0.0435249668 0.999050602 0.019083691 0.0329231097 0.999275678 0.0199100414 0.0260465521 0.999462439 0.000918256218 0.020137974 0.999796789 0.00429097296 0.0181502523 0.999826063 0.0105799022 0.014783382 0.999834745 0.0047323364 0.0111144121 0.999927035 0.000658751526 0.0124108718 0.999922765 0.00570070723 0.0117011553 0.999915289 0.0143755735 0.0100115421 0.999846544 0.0192400318 0.00218957163 0.999812496 -0.0266731712 0.000334561147 0.999644152 0.998519363 -0.00219436762 -0.0543531592 0.999973259 -0.00133688546 -0.00718991023 0.999989465 0.00423054675 -0.00178111199 0.498965503 0.137576888 -0.855631946 -0.0160357033 -0.00312937152 0.999866523 -0.00765632345 0.0220784883 0.999726923 0.019345926 0.999772016 0.00903613705 0.00372863581 0.0458240462 0.998942568 0.00304181115 0.999933689 -0.0111069656 -0.0146763658 0.999417207 0.03081966 -0.0100209544 0.999866064 -0.0129396846 -0.0123647753 0.999708821 -0.0207216308 0.0222567586 0.0222484277 0.999504699 -0.00482569165 0.998996449 -0.0445287173 -0.00284757719 0.999462791 -0.0326499856 -0.000364655826 0.998999724 -0.0447148574 0.00058377973 0.0160289071 0.999871358 -0.0038156517 0.99960545 -0.0278277939 -0.00341731724 0.997708451 -0.0675734279 -0.00344754958 0.998826682 -0.0483050055 -0.00501277031 0.999866759 -0.0155350308 -0.00844423982 0.998932377 -0.0454180598 -0.00358039461 0.999253807 -0.0384578897 0.000787761892 0.999340133 -0.0363136085 0.00147672974 0.999904221 -0.0137610928 0.00289104449 0.999374351 -0.0352497914 0.00304449761 0.999706621 -0.0240292097 0.00080359744 0.999781954 -0.020866211 0.000384254759 0.999351407 -0.0360085683 -0.000183931405 0.999856567 -0.0169355352 0.00171862564 0.999753523 -0.0221345697 -9.92818128e-05 0.999930186 -0.0118157637 0.00381044994 0.0184717036 0.999822122 -9.67529099e-05 0.99980029 -0.0199842669 0.00125120017 0.999849022 -0.0173311213 0.00175765437 0.999911059 -0.0132206017 0.000729946818 0.999734925 -0.0230119058 0.0037307495 0.999992836 -0.000639503171 0.00448557149 0.999835297 -0.0175857487 0.00287820403 0.99990394 -0.0135582976 0.00896540086 0.999626869 -0.0258020272 0.00391935997 0.999919633 -0.0120567611 0.0062982093 0.995320721 0.0964209272 0.00294964311 0.999974924 -0.00643817762 0.00878321452 0.999908847 0.0102543946 0.0367465904 0.992546966 0.116190397 0.0349277998 0.999335731 -0.0103992731 0.999997882 0.000490454443 -0.00199875818 0.999978683 0.00593249517 -0.00272750381 0.999971354 0.00515525497 -0.00554210814 -0.219280803 0.975551059 -0.0146990124 -0.0305985959 0.999522526 -0.00429497211 -0.174738786 0.984588563 -0.00719156537 -0.208958884 0.977924098 -0.00080190256 -0.0309951806 0.999519059 -0.000974315604 -0.219821898 0.975538041 -0.00196580284 -0.207762102 0.978170699 -0.00412229166 -0.028265968 0.999592385 -0.00401223523 -0.021352548 0.999771948 -0.000346268298 -0.205561892 0.978643144 -0.00138051383 -0.0918884996 0.995768966 0.000818537842 -0.233532793 0.972348387 0.00102382213 -0.0772265687 0.997013507 0.000351721855 -0.214167478 0.976796245 -0.0011781693 -0.0798226719 0.996207255 0.0346330142 -0.0821330303 0.0135668005 0.99652903 -0.0282975901 0.170066398 0.985026226 -0.0578352825 0.223101041 0.973078109 -0.00964704542 0.11562625 0.993245944 -0.0264196951 0.393083876 0.919122988 0.00993779352 0.999945744 -0.00312242971 0.000818722158 0.999994761 0.0031316093 0.00432014972 0.999990253 0.000911689592 -0.00755422917 0.99932014 0.0360859004 0.00404362405 0.226449515 0.97401451 0.0230810335 0.991667634 0.126738196 -0.0200155858 0.991257607 0.130413698 0.000967679307 0.796457341 0.604693945 0.00290840281 0.999991965 -0.00275879682 0.00579547139 0.999982238 -0.00139173241 0.0023823097 0.999994872 -0.00214026446 0.00839271421 0.999960525 -0.00291737773 0.0171195102 0.999676599 0.0188047944 -0.00339841781 0.999993132 -0.00147868041 0.000484589983 0.999999771 -0.000473157918 0.0214821709 0.302844292 0.952797907 0.0257064386 0.990467203 0.135328853 -0.00807613564 0.999954387 -0.00509910073 -0.0064342179 0.999977708 -0.00178427215 -0.00525476818 0.999985449 -0.00122011103 -0.00324010154 0.99999334 -0.00167980848 -0.00244523728 0.999963506 -0.00818575248 -0.01703831 0.779563578 0.626091306 -0.00584247136 0.999981013 -0.00195931209 -0.00560688691 0.999982237 -0.00202222533 0.0207959611 0.739071444 0.67330597 -0.00784561633 0.999962253 -0.00373360032 -0.00647730539 0.999978095 -0.00136193119 0.0163334596 0.83098665 0.556052521 -0.00548534971 0.999981807 -0.00250929517 -0.00627080358 0.999958313 -0.00663690579 -0.0046491737 0.999986942 -0.00212165259 -0.00532193579 0.99998326 -0.00227086074 -0.00265115212 0.995532307 0.0943843025 -0.0122504844 0.138551997 0.99027939 -0.00503559706 0.0420276638 0.999103757 -0.0079532714 0.642486919 0.766255378 -0.00440449101 0.999901883 -0.0132975157 0.00522791243 0.865282936 0.501256531 -0.00342274573 0.999990574 -0.00267157024 -0.00267974271 0.99999258 -0.00276752493 -0.0048341113 0.999981107 -0.00379685596 -0.00274394766 0.999995268 -0.00139089037 -0.00392373495 0.896359811 0.44330993 -0.00231440067 0.999994805 -0.00224371113 -0.00227007131 0.99967671 -0.0253243522 -0.00137409506 0.132407963 0.991194352 -0.00162573321 0.999983153 -0.00557234181 -0.00160888755 0.999995061 -0.00269986282 -0.00146435108 0.999973043 -0.00719508393 -0.00451506966 0.625446377 0.78025409 -0.00145004409 0.999995362 -0.00267816063 -0.00257923601 0.867196075 0.497960153 -0.00141773966 0.999996526 -0.00222233659 -0.000324569206 0.999937985 -0.0111319787 -0.00147081809 0.999996223 -0.00232171645 -0.00181572159 0.996640186 0.0818843295 -0.00159516826 0.999997304 -0.00168755165 -0.00162869102 0.999997697 -0.00139753791 -5.25190567e-05 0.633912115 0.773405087 -0.000308669075 0.999966029 -0.00823685313 -0.00149331609 0.999951937 -0.0096898847 0.00107754723 0.0704899017 0.997511911 -0.00086286668 0.999997093 -0.0022516266 -0.0015785872 0.999995525 -0.00254146315 -0.00184606712 0.86702222 0.498266056 -0.00173172236 0.999993925 -0.00302508731 -0.00262684635 0.999993386 -0.00251539908 -0.0056029636 0.999790659 -0.0196785371 -0.00186225072 0.999997785 -0.000980896753 -0.00206990735 0.618831262 0.785521219 -0.00627196008 0.989038576 0.147524093 -0.000791667981 0.999933583 -0.0114979714 -0.0031548382 0.999983321 -0.00483782629 -0.00294036799 0.999993372 -0.00214707352 -0.00638295193 0.999948577 -0.00788042869 -0.00709738134 0.850479765 0.52595988 -0.00445520569 0.02484521 0.999681383 -0.00570403671 0.999981903 -0.00191240121 -0.00470312698 0.999987127 -0.00190413405 -0.00578143565 0.999982928 -0.000847606026 -0.00778422588 0.999966804 -0.00240764554 -0.00691321436 0.999962869 -0.00514477826 -0.00732597951 0.999970809 -0.00217035147 -0.00764593728 0.999969421 -0.00164233653 -0.00803136677 0.999963846 -0.00279338969 -0.00800206688 0.999967698 -0.000755526558 -0.00838547599 0.598392683 0.801159086 -0.00693528272 0.992010601 0.125963762 -0.0123961239 0.822994092 0.56791466 -0.00839102257 0.999938972 -0.00718627719 -0.00674084575 0.999975494 -0.00189013587 -0.00791257939 0.999966156 -0.00225351662 -0.00735804176 0.999972331 -0.00109361146 -0.00345259452 0.0603239689 0.99817288 -0.00387207918 0.999992184 -0.000799166876 -0.00595650757 0.999836413 -0.0170782571 -0.00926227768 0.773373086 0.633883491 -0.0042184646 0.615799666 0.787891474 -0.00440173442 0.999957084 -0.0081519997 -0.00588735434 0.999981329 -0.00163703819 -0.00229493415 0.999971866 -0.00714150367 -0.00308736275 0.999992862 -0.00217789734 -0.00229343467 0.999995446 -0.00196166436 -0.00141428181 0.999998987 0.000161103784 -0.00357940529 0.99999261 -0.00140271862 -0.0045933194 0.700213202 0.713919024 -3.36566638e-06 0.999942495 -0.0107240921 -0.000373209124 0.999990965 -0.00423449927 -0.00081422235 0.999998298 -0.00165542588 -0.000941548465 0.999996385 -0.00251852076 -0.0011538857 0.999998202 -0.0015047979 -0.00158623416 0.999998682 -0.000346306615 -0.00102300246 0.999995845 -0.00269503646 0.000188760878 0.619873589 0.784701662 -0.00114650469 0.999951726 -0.0097586926 -0.00139349738 0.999996331 -0.00232301576 -0.000153196809 0.234959875 0.972005058 -0.000989256661 0.999998597 -0.00135157848 -0.00041173767 0.999896511 -0.0143804447 0.000126228361 0.99996246 -0.00866390859 -0.000219222371 0.999998378 -0.0017879059 -0.000634640303 0.999999446 -0.000840183355 -0.00110317316 0.999997769 -0.00180151049 0.000976459176 0.64377851 0.765211263 -0.000629596612 0.999997313 -0.002230872 -0.000448329419 0.988612328 0.150484098 -0.000774995643 0.9999997 4.06536983e-06 -0.000708957835 0.999999357 -0.000884720645 -0.00063802725 0.999999566 -0.000678779031 -0.000373910975 0.0573742249 0.998352672 -0.000383171625 0.999913605 -0.0131390587 0.000442773891 0.999968433 -0.00793332668 0.00225228802 0.987302455 0.158835731 0.00252798942 0.68317315 0.73025205 0.000141640183 0.697595461 0.716491837 -0.000876455532 0.999997697 -0.00195901435 -0.000828636331 0.999999516 -0.000530996885 -0.000929935009 0.999997847 -0.00185492337 -0.000492121485 0.999999877 -6.64496948e-05 -0.000593270666 0.99999495 -0.00312223136 0.000579142345 0.668521462 0.743692624 -0.000736301523 0.999999189 -0.00103959468 -0.000701610279 0.999805372 -0.0197161305 -0.000843305587 0.21110544 0.977462931 -0.00109711724 0.999999397 -5.16783301e-05 -0.000747060519 0.999998701 -0.00142811922 -0.000236484203 0.999980844 -0.00618510649 0.0134313828 0.759841603 0.649969489 -0.000695216443 0.999997488 -0.00213088704 0.00070151926 0.687173466 0.726493039 8.69521828e-06 0.999999231 -0.00124032209 -0.000832257859 0.999998996 -0.00114678005 0.0109989596 0.817837321 0.575344366 0.000224201371 0.999997098 -0.00239867903 -0.000200952435 0.999974353 -0.00715918229 0.00124108782 0.987377096 0.15838223 -0.000115959355 0.999999726 -0.00073072423 0.000317365785 0.216045682 0.976383205 -0.00011336827 0.999996896 -0.00248908386 6.71155176e-05 0.856678452 0.515850778 6.20029795e-05 0.999998471 -0.0017475662 0.000181268243 0.676338769 0.736590684 -0.000181225655 0.999999919 -0.000360644457 -0.00101086534 0.993400857 0.114689649 0.000228472763 0.999999513 -0.000959665305 -0.00075728752 0.999890222 -0.0147976211 0.000344554747 0.999864524 -0.016456453 0.000523404259 0.999999158 -0.00118755849 0.000724275282 0.999999654 -0.00041032819 -0.000124568137 0.999997844 -0.00207281299 -0.000480150517 0.999999197 -0.00117275537 0.00043606565 0.999998268 -0.0018093229 0.00124477947 0.999998623 -0.00109777083 -5.68670397e-06 0.999999131 -0.00131809744 -0.000101097447 0.85062736 0.525769041 0.000737095414 0.164749688 0.986335134 0.00081753796 0.673905515 0.738817087 0.000915824148 0.999974015 -0.00715050154 0.00101130746 0.986248268 0.16526745 0.00158966167 0.999998676 -0.000347823202 0.00026592198 0.999999045 -0.00135605536 0.00110313291 0.999997867 -0.00174622193 0.000789008489 0.999999155 -0.00103351505 0.0016632197 0.999998341 -0.000742959376 0.00272380867 0.999995495 -0.00126101152 0.00377930771 0.851431457 0.524452277 0.00282554508 0.999995341 -0.00115503546 0.00119195194 0.68629424 0.727323034 0.00330532162 0.999988287 -0.00353566117 0.00241820319 0.999996431 -0.00113583894 0.00319648797 0.999994744 -0.00054287721 0.00236722504 0.999996149 -0.00144822718 0.0027214668 0.868444275 0.49577932 0.00386483963 0.999991298 -0.00157088121 0.00121987397 0.999984099 -0.00550580405 0.000329327491 0.99993176 -0.0116775892 -0.000638465816 0.993708725 0.111993585 0.00282179611 0.999996015 -8.991051e-05 0.00207895838 0.092621099 0.995699257 0.00345129948 0.999993626 -0.000915056602 0.00424115614 0.999990615 -0.000884062019 0.00345214743 0.999994039 -7.27336858e-05 0.00360737521 0.999992924 -0.00106761119 0.00423898202 0.9999901 -0.00135315702 -0.00094898332 0.878247748 0.478204969 -0.00237046489 0.999994957 -0.00211341896 0.0101033459 0.729288307 0.684131922 0.00142979983 0.999995531 -0.00262540422 0.00180088016 0.999995511 0.00239470856 -0.000746844467 0.99999424 -0.00331098527 0.00112348235 0.999998967 -0.000896790202 0.00918419465 0.737989188 0.674750035 0.00298274139 0.999994357 -0.00154554148 0.00303775607 0.999994613 -0.00124345365 0.00748187931 0.999972003 0.000122121845 0.0027127631 0.999984505 0.00486114635 0.00676453521 0.999970961 -0.00350960509 0.00109727865 0.99228764 0.123951745 0.000770441739 0.900178845 0.435519751 0.0116951901 0.773944238 0.633145748 0.00785208913 0.999968441 -0.00120895171 0.00825321984 0.999939966 0.0072075356 0.0109858421 0.999937839 -0.00190529799 0.0114614794 0.999914019 0.00637094175 0.0538570114 0.998543859 -0.00309579305 0.0404904541 0.999179466 -0.000958137603 0.0521444293 0.998638296 -0.00158500882 0.0475356808 0.998866305 0.00254233771 0.0586077561 0.942552573 0.328876538 0.0556435905 0.998437515 0.00513031567 0.0861782827 0.995896314 0.0276375751 0.0185688537 0.0287218114 0.999414956 0.116409984 0.214752912 0.969706091 0.140999308 0.566813956 0.811690295 0.26170468 0.965114497 -0.00804166803 0.251647874 0.967799934 -0.00605277301 0.17581595 0.984423018 -0.000270467231 0.173067276 0.984909762 -0.000691953064 0.176956858 0.984218232 0.000862009298 0.219267254 0.97563683 0.00739241273 0.201899207 0.979406042 -0.000717485191 0.175907342 0.982117502 0.0670956041 0.00713415982 0.0310557425 0.999492193 0.11095164 0.902548332 0.416048365 0.496571429 0.845338911 0.19702523 0.435829988 0.899692915 0.0245942967 0.497442421 0.844815233 0.197074249 0.999357904 0.00210617182 0.0357679288 0.999649 -0.00955791769 -0.0247087797 0.990553127 0.135897064 -0.0183437046 0.69148654 0.721026648 -0.0443501723 0.649455795 0.760236139 -0.015753835 0.605761524 0.795632957 -0.00460148436 0.509856184 0.860216672 0.00859935226 0.595434703 0.803401788 0.00175539014 -0.0202719618 0.00173071648 0.999793005 -0.212303273 0.00248014829 0.97720068 -0.0505273025 0.0120097891 0.998650468 -0.261029475 0.0187902382 0.965147937 0.00108472915 0.00749304089 0.999971338 -0.00448230556 0.00183624747 0.999988268 -0.000439202457 -0.0161164914 0.999870024 1.67495579e-07 -0.021883404 0.99976053 0.000502108446 -0.0158132782 0.999874836 0.00140537771 -0.00598599566 0.999981096 0.0022258722 -0.00199584581 0.999995531 -0.000522122802 0.00198423926 0.999997895 -0.00855483462 0.00436874722 0.999953863 0.159105676 0.0236961054 0.986977142 0.270855756 0.239792952 0.932274906 0.968855257 0.247624522 -0.00125991092 0.996532987 0.0831985796 4.50007118e-05 0.971228479 0.238148956 0.000563189535 0.971492179 0.236975084 0.0067642276 0.998393091 0.0537499303 0.0179494072 0.991060494 0.00352794753 0.133366604 0.967218419 0.23818991 0.0880573493 0.885059032 0.0811391424 0.458352429 0.831150088 0.165335852 0.530898848 0.999669752 -0.000855737168 -0.025683762 0.0222869994 0.00946291679 0.999706828 0.999990094 -0.0016935466 -0.0041162584 0.999983924 -0.00198008276 -0.00531332199 -0.0760627546 0.00100880498 0.997102522 -0.00136615836 -0.00165231476 0.999997702 -0.000143049585 -0.00171331768 0.999998522 -0.00351466744 -0.000835548554 0.999993474 -0.000484505007 -0.00570716354 0.999983597 -0.000246029859 -0.00585214697 0.999982846 0.000141118395 -0.00397726987 0.999992081 3.64137763e-05 -0.00167301334 0.9999986 0.999980377 0.0013468311 -0.00611817274 0.999992117 0.00323033115 -0.00230877048 0.999996707 0.00177975764 -0.0018490229 0.999996455 0.002516729 -0.000869002652 0.999972058 0.00696671977 0.0027105639 0.999932109 -0.0113728987 -0.00253671253 0.999612206 -0.0247457085 -0.0127705921 0.833144906 -0.0237082776 0.552546363 0.026649803 -0.00384636926 0.999637431 0.0219153169 -0.00436079844 0.99975032 0.99999954 -0.000510945923 -0.000812357058 0.9999642 0.0074201893 -0.00406697743 0.999920505 0.00719792408 -0.010352465 0.000122126063 0.000118000956 0.999999986 -0.0504766079 -0.00296713968 0.998720836 -0.024002352 -0.00343298361 0.999706008 -0.0252206647 -0.00306112414 0.999677222 -0.0302158776 0.000354114662 0.999543333 -0.332241465 0.00150827377 0.943193159 -0.00511645418 0.0030158698 0.999982363 -0.00292735982 0.00408342124 0.999987378 -0.000643916431 0.00219405585 0.999997386 0.000591231281 0.00196988795 0.999997885 -0.00209891544 0.00108010144 0.999997214 -0.00590372249 0.000986861852 0.999982086 -0.00646090665 0.0016695833 0.999977734 -0.000275730774 0.00172053722 0.999998482 2.22911566e-05 0.00134241489 0.999999099 -0.000122720157 7.23901603e-05 0.99999999 4.361626e-05 0.000738466961 0.999999726 0.000395082698 0.0013984786 0.999998944 0.00148339193 0.000452141226 0.999998798 0.00302805235 0.000183107756 0.999995399 -1.0637032e-05 -0.0017823247 0.999998412 0.734009407 0.00470319641 0.679123016 0.999993072 0.00371953849 -0.00014695748 0.999986842 0.00476450988 0.00190146724 0.999997156 0.000325029406 0.00236271616 0.999987982 -0.00263979321 0.0041311671 0.964974886 -0.0266505427 0.260985091 0.999594072 -0.00335655906 -0.0282917707 0.999982124 -0.00267216573 -0.00534902363 0.999980979 -0.00259160493 -0.00559698097 0.999992926 -0.0006726503 -0.00370081867 -0.205938836 -0.00112302977 0.978564221 -0.00323746174 1.53639914e-05 0.999994759 0.99960627 -0.00766967822 -0.0269903872 0.999997661 -0.000252701561 -0.00214783711 0.999997417 -0.000130558862 -0.00226933262 0.999997961 0.0010187822 -0.00174344548 0.999998819 0.000906639218 0.00124095795 0.999998395 -0.00117046396 0.00135661133 0.999979283 -0.00292601828 -0.00573337573 0.999999287 0.000912873233 0.000770068155 0.997680108 0.0679581249 0.00401195508 0.999607894 0.0269614354 -0.00755909983 0.0776646909 0.996857196 -0.0156181746 0.312285375 0.939138045 0.143169746 0.336590651 0.938421717 -0.077919286 0.999627158 0.0156366516 -0.0223839197 0.132615363 0.95256615 -0.273917679 0.403190647 0.901331444 -0.15823694 0.00975679096 0.994772022 0.10165348 0.0259347796 0.99633053 -0.0815650839 0.0472060958 0.944548902 -0.324959929 0.075123537 0.948942579 0.306373033 0.0996316092 0.984779502 0.142417961 0.125251336 0.984754593 -0.120708301 0.105137905 0.938937892 -0.327630364 0.12852566 0.99156235 0.0168896565 0.253138206 0.967425841 0.00287930874 0.244964409 0.934438095 -0.258491555 -0.059635756 -0.000314596614 0.998220155 -0.301434923 0.00318716707 0.953481426 -0.00197070982 0.00274266966 0.999994297 0.000835005976 0.00130688294 0.999998797 -0.00389381071 0.00139086037 0.999991452 -0.000689923876 0.00175991177 0.999998213 4.58323542e-05 0.000939327026 0.999999558 0.115753969 0.00144079918 0.993276871 0.654288853 0.00417848332 0.75623319 0.999771882 0.000700208526 -0.0213469638 0.999995863 -0.00287627129 -2.19682422e-05 0.999956132 -0.00751451055 -0.00559157814 0.999718472 -0.00869380306 0.0220770129 0.819519457 -0.00770195052 0.572999598 0.0249736325 -0.000889241019 0.999687715 0.998938667 -0.00673620023 0.0455649408 0.997294738 0.0675036117 0.0290941221 0.527386867 0.11728634 0.841490943 0.999753287 0.00450279626 -0.0217506372 0.999930871 -0.00171032335 -0.0116330335 0.999967981 -0.00440126283 -0.00668327071 0.0935451514 -0.103887775 0.990180102 0.29084282 -0.256344966 0.921790493 0.222972153 -0.0780198784 0.971697647 0.416152362 -0.24881895 0.874589241 0.761914695 0.309111751 0.56915369 0.663066101 0.0232266018 0.748200422 0.572408964 0.319269511 0.755258206 0.87678457 -0.279507456 0.39131113 0.893322064 -0.0170112868 0.449094986 0.97300663 -0.219556729 0.071084041 0.998262586 -0.0584591952 -0.00737103482 0.989445351 -0.123040486 -0.0765436825 0.994073489 -0.0972918285 -0.0484994742 -0.0736289622 0.0100093445 0.997235473 -0.0305089951 0.00899348865 0.999494031 -0.0279899645 0.00697543508 0.999583866 -0.000331027676 0.000148665731 0.999999934 -9.81289463e-05 0.00182402172 0.999998332 0.00037017384 0.000508485094 0.999999802 -0.00542460655 0.000488744816 0.999985167 0.999984403 -0.000142189261 -0.00558336453 0.999999554 0.000827820231 0.00045468304 0.998817705 0.00617090851 -0.0482194189 0.0159851572 0.000530388613 0.999872089 0.999989856 -0.00254525139 -0.00371600747 0.999993052 -0.00296758346 -0.00225606967 0.999963042 -0.00838645055 0.00189245695 0.999519599 -0.0309510225 -0.00161443676 0.529640913 -0.0472407317 0.846905436 0.249577853 -0.145355544 0.957383236 0.135904451 -0.31027 0.940883897 0.494649343 -0.617380802 0.611688625 0.870826585 -0.426818872 0.243898975 0.92667263 -0.373368019 0.0432915588 -0.0251347316 0.0108973632 0.999624676 -0.0713005976 0.00696901008 0.997430528 -0.00770240194 0.00237020008 0.999967527 -0.00502501527 0.0026480068 0.999983869 -0.000125285041 0.000264406693 0.999999957 -0.000730089694 0.000825486901 0.999999393 0.000204616423 0.000603789255 0.999999797 0.99999683 -0.000515713939 -0.00246467376 0.999999695 2.42872849e-06 0.000781514318 0.999952866 -0.00320869314 -0.00916356734 0.999996656 -0.000871529549 0.0024347685 0.999995687 -0.00148444668 -0.00253442302 0.99983926 -0.0178053988 -0.00210298943 0.999290109 -0.0376420817 -0.00153347202 0.999078379 -0.0419042386 -0.009296624 0.999888058 -0.00974090895 -0.0113572479 -0.00590868412 -0.000192500078 0.999982525 0.606841854 0.00372842251 0.794813854 0.999925399 -0.00255239617 -0.0119449426 0.998277791 0.00437769147 -0.058500322 0.999323443 -0.0019819221 0.0367250262 0.138466976 0.000125677608 0.990367043 0.99996731 -0.00649729238 -0.00481292016 0.999929977 -0.00902128968 -0.00765882405 -0.203730784 0.000267044715 0.979026913 -0.00489276427 0.000665922697 0.999987809 -0.00622409035 0.00011574064 0.999980623 -0.00293855691 -0.000328256627 0.999995629 -0.000277422374 -0.000483836491 0.999999844 -0.00227969995 -0.000204211488 0.999997381 -0.000498678982 -0.00108002988 0.999999292 -2.75546387e-05 -0.000193786265 0.999999981 0.00308390003 0.000670128237 0.99999502 0.999998862 -0.000583983981 -0.00139089943 0.999999386 0.000800927485 0.000765836244 0.998386401 -7.96266369e-05 -0.0567854506 0.999986255 -0.000354628492 -0.00523112464 -0.0290802945 0.00678158917 0.999554074 -0.00477565127 0.000104823538 0.999988591 0.000286532002 -6.39184845e-05 0.999999957 0.999999702 0.000706085946 -0.000310752699 0.999999045 0.00112543642 -0.000802515581 0.999991905 -0.000836898042 -0.00393572017 0.992844635 -0.00414425377 0.119341341 0.998764904 0.000426338404 -0.0496838526 -0.000954720251 -0.00177623152 0.999997967 0.00128606846 -4.25906652e-05 0.999999172 0.13388799 -1.58940386e-05 0.990996471 -0.0303720994 0.00210014099 0.999536455 0.999992161 -0.00123394353 -0.00376231094 -0.0312176686 0.00945817243 0.999467858 -0.00230934414 -0.00172674099 0.999995843 0.000309869548 -0.000414020097 0.999999866 -9.83848469e-05 -0.000643949231 0.999999788 0.00038259392 -0.000521404098 0.999999791 -0.0273639511 0.000608320726 0.999625352 0.999989063 -0.00366117743 -0.00291015024 0.999990263 -0.00273825687 -0.00346050791 0.00504033721 9.80504839e-05 0.999987293 0.999981576 -0.00278807688 -0.00539210451 0.999977101 -0.00175501373 -0.00653580805 -0.0813009476 0.0065804447 0.996667875 -0.0238601375 0.0165736288 0.999577915 -0.0211240389 0.00441087129 0.999767132 -0.0037777298 -0.00139662007 0.999991889 -0.00233927711 -0.00033147378 0.999997209 -0.00447619604 -0.00106541358 0.999989414 -0.00086308459 -0.000842264021 0.999999273 -0.000257671703 -9.45803777e-05 0.999999962 0.999996529 -0.00068821566 -0.00254321041 0.999997973 -0.000938046205 -0.00178155692 0.99830343 -0.0029214169 0.0581526217 0.023259857 0.00214816727 0.999727145 0.0186452064 0.00211251872 0.999823931 0.999997593 -0.00201778042 -0.000861798484 0.999986116 -0.0017596156 -0.00496703635 -0.000905861559 -0.00146713853 0.999998513 4.89637983e-05 -0.000498468446 0.999999875 0.999999698 -0.000663145821 0.000405309685 0.999999466 -0.000469523646 0.000920103276 0.841358688 -0.00264219911 0.540470699 0.99998513 -0.00409782145 -0.00359840321 0.99999078 -0.00148051872 -0.00403098785 0.99999055 -0.00220372599 -0.00374746969 0.650154196 -0.00174632966 0.759800284 0.999986822 -0.00162484568 -0.00486986581 0.99997783 -0.00399371261 -0.00532826753 0.999944785 -0.00273239039 -0.0101469626 0.999934457 -0.00407005834 -0.0107012487 0.000787770133 -0.00012680622 0.999999682 -0.0552216204 0.000905171717 0.998473712 -0.00546034085 -0.000255540665 0.99998506 -0.00231033138 -0.00045793556 0.999997226 -0.00101233324 -0.000330196673 0.999999433 0.000509048275 0.000269924492 0.999999834 0.999998688 -0.00146951893 -0.000681336038 0.99999879 0.000345288389 -0.00151703714 0.999872656 -0.000733592368 -0.0159415902 0.998353114 -0.00182568503 -0.0573386994 0.999988287 -0.00461110634 -0.00147086306 0.999972422 -0.00380979223 -0.00637496939 -0.00116975602 -0.000274745302 0.999999278 0.999993874 0.000984696565 -0.00335895349 0.999994522 0.000959989351 -0.00316773755 0.999992463 -0.00313341063 -0.00229267197 0.999992707 -0.00129149001 -0.00359411264 0.999972015 -0.00233393452 -0.00710794315 -0.00106467633 -0.00020503303 0.999999412 0.000560358622 0.000183078256 0.999999826 0.999985638 -0.00266046336 -0.00465248597 0.999981617 -0.00311601616 -0.00520154119 0.999892842 -0.00798341767 -0.0122706869 0.999907656 -0.00978011185 -0.00943550176 -0.0269900963 -0.00337227525 0.999630013 -0.00199896329 -0.000766115841 0.999997709 0.00231843656 -0.000533663186 0.99999717 0.9999988 0.00119930841 0.00098044541 0.998992833 0.000663996333 -0.044865124 0.999983911 -0.00232175551 -0.00517563713 0.999934782 -0.000134733065 -0.0114198576 0.999822506 -0.00653496167 -0.0176706124 -0.0193393951 -0.00488596735 0.999801038 -0.017378986 -0.00119578837 0.999848259 -0.159596552 -0.0090930935 0.987140444 -0.00491255575 0.000648240027 0.999987723 -0.00124658324 -0.000308538872 0.999999175 -0.00387079916 -0.000625676833 0.999992313 -0.000236713829 -0.000484577322 0.999999855 0.999997506 0.00151594674 -0.00163995043 0.999999788 0.000350930986 0.000547800712 0.999989854 7.96930485e-06 0.00450461365 0.999987466 -0.00430582419 -0.00255484703 0.999918519 -0.0089536375 -0.00909882766 -0.217431678 0.000878404373 0.976075148 -0.00540717281 0.000942541968 0.999984937 -0.00333004245 0.000713544863 0.999994201 -0.000763512785 0.000838858342 0.999999357 -0.000581124041 -2.22004051e-05 0.999999831 -0.0039744643 -0.00050805599 0.999991973 0.000320658818 0.000196159491 0.999999929 -0.0227937893 -0.00245587282 0.999737171 0.999982095 0.000948060144 -0.00590850754 0.814025238 0.000706335844 0.580829074 -0.0322069869 0.00137055421 0.999480281 0.999987285 -0.00298572771 -0.00406380453 -0.0754224978 -0.00304289352 0.997147024 0.000947964054 -0.000589973735 0.999999377 0.999990963 0.00219313022 -0.0036420716 0.999994553 0.00327146726 0.00043794164 0.999998135 0.00190841149 0.000295449851 0.999995016 0.00152950431 -0.00276209876 0.998803121 0.00182867765 -0.0488772169 0.0250644273 0.00239458031 0.99968297 0.999986605 -0.0051629434 0.000365257806 0.998034207 -0.00315723324 -0.0625919658 0.999960993 0.00869246678 0.0015661025 0.999802369 0.0143931542 -0.0137135065 0.999421666 -0.0120572649 -0.0317955407 0.999813502 0.00401627739 -0.0188899678 0.000357221224 -0.00019633049 0.999999917 0.636077154 -0.00291647744 0.771619951 0.999255652 -7.50473518e-05 -0.038576362 0.0187526665 0.00110275698 0.999823545 0.999525559 -0.00597089485 0.0302159686 0.115988804 -0.000986103905 0.993250031 0.999984309 -0.00158961027 0.00537167849 0.996889872 -0.0541535193 -0.057253645 0.999014611 -0.0419941459 0.0143631344 -0.000673793391 0.000425597727 0.999999682 0.0038067953 -0.0010045072 0.99999225 0.999985316 0.0042309179 -0.00338627777 0.162588936 -0.394800382 0.904266275 0.119634158 -0.19879729 0.972711317 0.177966203 -0.31306045 0.932910063 0.999982272 -0.0053290421 -0.00265647776 0.999969708 -0.00503562376 -0.0059350443 0.999351884 0.0282059918 0.0223659064 0.987371595 0.138788251 0.0763881889 0.998643174 0.0219894377 0.0472046095 0.999919698 -0.00522956723 -0.0115433197 -0.00134061108 -0.000968107077 0.999998633 0.999984571 0.00538615445 -0.00135904169 0.999993653 0.00356260335 3.22252314e-05 0.883542751 -0.462747428 -0.0722289733 0.85732863 -0.514395019 -0.0196312252 0.859870089 -0.509234902 0.0361004774 0.450409869 -0.279424771 0.84796978 0.121595474 -0.1784966 0.97639823 0.368855125 -0.354270544 0.859324315 0.221467648 -0.447808373 0.866267708 0.130485344 -0.420065341 0.898063853 0.080947762 -0.306736319 0.948346082 0.0577461645 -0.094260569 0.993871383 0.0682467358 -0.253703093 0.964871558 0.060165674 -0.0362446741 0.997530158 0.0971593248 -0.0180045707 0.995105975 0.106591244 0.0605406342 0.992458129 0.999976638 -0.00428243873 -0.00532772714 0.99998346 -0.00439555652 -0.00370931352 0.999988739 -0.00225807561 -0.0041741568 0.999973775 -0.00254862513 -0.00677898624 0.999475835 0.00112167425 0.0323542524 0.998496884 -0.00137258826 -0.0547913119 0.999986388 -0.00499975266 -0.00149229801 -0.0291017481 -0.0269856174 0.999212122 -0.0283840922 -0.0272606373 0.9992253 -0.0342525415 -0.0214849936 0.999182245 0.163828706 -0.0021853625 0.986486381 0.999975822 0.00112676963 -0.00686189743 0.9998262 0.000616561068 -0.0186330215 0.962852975 -0.269968979 -0.00555871355 0.591845307 -0.16269829 0.789460828 0.351407854 -0.111432604 0.929567262 0.640292482 -0.285901225 0.712941812 0.837246722 -0.205939617 -0.506563719 0.881912697 -0.341491442 -0.324982445 0.0755212153 -0.00509376593 0.997131185 0.0410206758 0.0298774893 0.99871149 0.0352441215 0.0863246273 0.995643466 0.0280114829 0.122922645 0.992020857 -0.206973237 0.731894744 -0.649224278 0.116092154 0.346553317 0.930818677 0.227227509 0.349267931 0.909054218 0.190332172 0.68759854 0.700701015 0.999260629 -0.0149677859 -0.0354141344 0.999927441 -0.00942051653 -0.00750779195 0.999226284 -0.0313718843 0.023719979 0.933823434 0.216624856 -0.284688367 0.987307656 -0.0255385667 -0.156752586 0.99772623 -0.0153057455 -0.0656361562 0.999487149 -0.0145353859 -0.0285334987 0.999973726 -0.00668272144 -0.00280866385 -0.000640562625 -0.000565159358 0.999999635 0.999977716 0.00575366747 -0.00338581839 0.99820087 -0.0596666463 -0.00590888552 0.983824135 0.00249183142 0.179119685 0.50146444 0.0482586329 0.863831303 0.325657353 0.0583846993 0.943683483 0.735867251 0.00320569615 -0.677118241 -0.0595688575 0.32076573 0.945283501 -0.1850018 0.663549868 0.72489717 -0.160498933 0.987016054 0.00627707795 -0.273720144 0.955190372 0.112643849 -0.101375928 0.94602332 0.30783567 -0.189222567 0.923908548 0.332547463 0.0270475186 0.23763958 0.970976756 -0.08217843 0.81528096 0.57320473 -0.0925868071 0.99510996 0.0344071323 0.0117713575 0.212960961 0.976989797 -0.0164947715 0.865265516 0.501042423 -0.0417221507 0.973777383 0.223644519 0.165604218 0.959172789 0.229265792 0.58790414 0.726160409 0.35645446 0.260087471 0.906798237 0.331770198 0.980599545 0.196020688 0.000649008077 0.999992551 -0.00369674548 -0.00110962208 0.99996952 -0.00663447689 -0.00411618656 0.999885836 -0.00690387898 -0.0134406318 0.994705855 -0.0710908679 -0.0742047839 0.0070355355 -0.000122463612 0.999975243 0.000508683372 -2.36145188e-05 0.99999987 -0.00342560448 0.000495397194 0.99999401 -0.00116856202 -0.000410536901 0.999999233 0.00332557031 -0.000854599801 0.999994105 -0.0142366953 -0.00141407209 0.999897653 0.99529689 -0.00128591165 0.0968630316 0.968297214 0.0644720466 0.241337649 0.538226428 0.0896464816 0.838018986 0.384547603 0.086756243 0.919019312 0.841991916 0.0659884764 -0.535439198 0.0869879688 0.040093645 0.995402227 -0.706254972 0.0177916796 0.707733969 -0.613223183 0.254069207 0.7479346 0.999986516 -0.00371905534 -0.00362451733 0.999119993 -0.0406427607 -0.0103636783 0.997562185 -0.0670725814 -0.0192601968 0.999186896 -0.0327003191 -0.0235846555 -0.0666239457 -0.0338280043 0.997204551 0.000627226927 -0.000179301415 0.999999787 0.602363559 9.66361446e-05 0.798221857 0.999986116 0.00461434042 -0.00254486144 0.813720016 -0.000836602793 0.581256428 0.999120966 0.00216880053 -0.041863954 0.026748323 0.00033310651 0.999642144 0.982176519 0.026073408 0.18614366 0.472612485 0.0435042915 0.880195896 0.913919554 0.0106353382 -0.405756009 0.177669878 0.0274359056 0.983707622 0.999988907 -0.00339048922 -0.00326956117 0.999790336 -0.00829546085 -0.0187208483 0.99991616 -0.00522553456 -0.0118476807 0.99998752 -0.00499505125 -9.35067268e-05 -0.0229355759 -0.025152297 0.999420493 -0.0204270335 -0.0278923652 0.999402197 -0.0301195879 -0.0307444539 0.999073365 -0.538454478 -0.00690361898 0.84262632 -0.0049696901 0.000546243618 0.999987502 -0.00202008098 -0.00090108808 0.999997554 0.000205165855 -0.000303947962 0.999999933 0.999985324 0.00538405464 -0.000602990268 0.999995432 0.00218129384 -0.00209238228 0.999972833 0.000819406909 -0.00732541314 0.99944302 0.0019698669 -0.0333131956 0.604453397 0.0240473178 0.796277475 0.837372275 0.0188087616 0.546309348 0.845996689 0.00438891246 -0.533170085 -0.603727595 0.00734563864 0.797156843 0.999981437 -0.00355296827 -0.00494992666 0.999997536 -0.00202171824 -0.000916569334 0.999359579 -0.000381207076 0.0357810937 0.110788232 -8.15180848e-06 0.993844036 0.999993431 -0.001972982 -0.00304047723 0.999995396 -0.00303211237 0.00011814456 -0.000395263058 -0.000140928601 0.999999912 -0.00109565222 -0.000941094574 0.999998957 0.000561638274 -0.000446982778 0.999999742 0.999983613 0.00482578085 -0.00307979902 0.999998172 0.00165317186 -0.000960789118 -0.022577923 -0.00104050333 0.999744545 0.46007537 0.00967249574 0.887827177 0.999992443 -0.0010662495 -0.00373852154 0.999829948 -0.00311179515 -0.0181766915 -0.00209718045 -0.000124898597 0.999997793 -0.00388218968 -0.000197249177 0.999992445 -0.00124529611 -0.0010821871 0.999998639 0.999992069 0.00367881466 -0.00152618792 0.999993124 0.00107761753 -0.00354823606 0.962741083 0.00381269856 0.270397984 0.120323563 0.0114264142 0.992668967 0.999984109 -0.00145187817 -0.00544738613 0.999917013 -0.00231571289 -0.0126730068 -0.0628359415 -0.0117542553 0.997954649 -0.000626462452 -0.000735060865 0.999999534 0.999993235 0.00247695322 -0.00271936288 0.998656356 0.000547711476 -0.0518187495 0.803311654 -0.000485775049 0.595558688 0.0250511749 9.46952754e-05 0.999686166 0.999984087 -0.00171627431 -0.0053740022 0.999997068 -0.00178793155 -0.00163299581 0.00039498669 1.85621446e-05 0.999999922 -0.0142694186 -0.00899000249 0.999857772 -0.0175251644 -0.00797172289 0.999814643 0.000416905711 0.00029778866 0.999999869 3.74804852e-05 2.72117701e-07 0.999999999 -0.00173708681 0.000118383888 0.999998484 -0.00358457265 -0.000612181919 0.999993388 0.00299687818 -0.000774893178 0.999995209 0.00458690482 -0.000670160858 0.999989256 0.992058854 -0.000168581531 0.125774405 0.779398413 0.00594396879 0.626500425 0.842815437 -0.00186087876 -0.538199476 0.921522572 -0.000837947359 -0.388323894 0.638014498 0.00448062494 0.770011314 -0.571461143 0.00893994082 0.820580429 0.999992568 -0.00238117425 -0.00303228536 0.999949951 -0.00163597945 -0.00987011627 0.999849014 -0.00233456559 -0.0172191366 -0.00434510809 -3.61770921e-05 0.999990559 -0.00151053919 -0.000894375408 0.999998459 -0.00133970187 -0.000904455095 0.999998694 0.000654809345 -0.000483102081 0.999999669 0.999996293 0.000853492369 -0.00258571365 0.999997631 0.000519860543 -0.00211360537 0.999998132 0.00108476236 -0.00159954991 0.198343263 0.00349370757 0.980126392 0.999994139 -0.00175222744 -0.00294151615 0.999992221 -0.000612509521 -0.00389662127 0.999993187 8.16291341e-06 -0.00369134787 0.000271250395 5.50181104e-05 0.999999962 -0.231961547 0.000837462893 0.972724596 -0.068485189 0.000843784267 0.997651776 -0.000893264105 -0.000295583062 0.999999557 -0.00109887783 -0.00102827458 0.999998868 0.999996298 0.00138869858 -0.00233992283 0.0128478079 -0.00179843933 0.999915846 0.0251192421 -0.00112647512 0.999683827 0.999445728 -0.000522750138 -0.0332860986 0.999980609 0.000365019298 0.00621674597 0.99999653 -0.00140027615 -0.0022312015 0.999991302 -0.00159274993 -0.00385486482 -0.0116117578 -0.0039041042 0.99992496 0.000525247635 -0.000723413595 0.9999996 0.000740477656 -0.000780870031 0.999999421 0.99999845 0.00126415882 -0.00122571506 0.99911196 0.000283062136 -0.0421332461 0.0241248112 -0.000743541606 0.999708678 0.477984584 0.00454445803 0.878356468 0.999993869 -0.000114768767 -0.00349985505 0.999985759 -0.000167843168 -0.00533414541 0.999995526 0.000348666821 -0.00297108613 0.999908267 -0.00112537157 -0.01349779 -0.0193273287 -0.00660204572 0.999791412 0.00143957841 0.000299408186 0.999998919 0.000444369627 -0.000625137803 0.999999706 0.592420035 -0.000455412137 0.80562913 0.999996685 0.000845934155 -0.00243188821 0.807552192 0.00143944021 0.589794359 0.847312732 -0.00215250301 -0.531089918 0.658099278 0.00673718631 0.752901023 0.999836483 -0.00152517762 -0.0180189143 -0.12477466 -0.00790353598 0.992153626 0.154776353 -0.000161993854 0.98794952 0.999994039 0.000441076795 -0.00342457437 0.999978516 0.000655439814 -0.00652207767 0.999264497 0.000340855627 -0.0383451388 0.985012131 0.00091640452 0.17248264 0.922578836 -0.00023659875 -0.385808547 0.222771877 0.0069606557 0.974845752 -0.592727983 0.0028619298 0.805397633 0.999995841 0.000121373136 -0.00288144411 -0.631629098 -0.00715173209 0.775237728 0.000728321505 -0.000941161116 0.999999292 0.999997567 -0.000221105662 -0.00219467144 0.999667328 -0.000247898829 -0.0257909281 0.999999874 -0.000494002561 -8.67491849e-05 0.999995514 -0.00201885571 -0.00221278383 0.999993068 -0.00165622748 -0.00333485697 -0.00216101608 -0.000908690301 0.999997252 0.585299289 0.000400248167 0.810817231 0.999893355 0.000531890769 -0.0145943939 0.999999772 0.000271118034 -0.000619068396 0.99987796 -0.00132227535 -0.0155665456 0.000119773366 -0.000774927223 0.999999693 -0.00122737902 -0.000827606076 0.999998904 0.989626864 0.00125642123 0.143656158 0.999337359 0.000334596374 -0.0363968663 0.0205824695 -0.00174068833 0.999786643 0.715943072 0.00280199083 0.69815304 0.670611247 0.00182373513 0.741806733 0.491914055 0.00432744499 0.870633009 0.99999473 -0.00148705202 -0.00288602331 -0.224621556 0.000210302975 0.974446054 -0.160057778 -0.0126809954 0.98702619 -0.00380660448 1.75869202e-06 0.999992755 -0.00326391914 -0.000630173808 0.999994475 -0.00239852006 -0.000637878221 0.99999692 -0.00978993443 -6.54304369e-05 0.999952075 0.998813944 0.000763035945 -0.0486838999 0.157743513 0.00521055248 0.987466371 0.999990731 0.000142874676 -0.00430318085 0.999919157 -0.00188576856 -0.0125747005 -0.912831627 -0.0308271137 0.407170861 -0.0135649222 -0.0112524038 0.999844676 -0.0343921334 -0.0127862673 0.99932662 -0.0630363166 0.000360765642 0.998011169 -0.000229020938 -0.000659900332 0.999999756 8.50564837e-05 -0.00147566651 0.999998908 0.999998412 -5.52478673e-05 -0.00178102808 0.999999552 0.000156621767 -0.000933577154 -0.564527918 -0.00557086963 0.825395175 0.999867207 -4.20118221e-05 -0.0162962239 0.999992919 0.00187172196 -0.00326470801 0.0050201013 0.000240321668 0.99998737 -0.00143955386 -0.0010751941 0.999998386 -0.00125076447 -0.00100610111 0.999998712 -0.000759559781 -0.00114980808 0.999999051 0.000197657876 -0.00108274094 0.999999394 0.590385842 3.73839293e-05 0.807121154 0.999997753 -0.000842734285 -0.00194494818 0.999981171 -0.0017756147 -0.00587406098 0.999983724 0.000319534698 -0.00569644821 0.998634275 0.000537896464 0.0522426538 0.12552243 0.000211300387 0.992090759 -0.75064519 -0.0391601158 0.659543997 -0.00182545101 -0.00113088231 0.999997694 -0.00157788583 -0.000731398419 0.999998488 0.000746141953 -0.00104582726 0.999999175 0.999995513 -0.000335017866 -0.00297697793 0.999998344 -0.00038661078 -0.00177850174 0.99999742 -0.000440237397 -0.00222833653 0.999963332 0.000355270544 -0.0085562413 0.850284736 -0.00217968978 -0.526318455 0.947412349 -0.001878725 -0.320009862 0.999998907 0.0014506727 -0.000284253483 0.999994053 0.000103852741 -0.00344710656 0.999992438 -0.00194297288 -0.00336891811 -0.540646737 -0.00682421176 0.841222049 -0.00152685574 -0.000694051852 0.999998594 -0.00246040734 -0.00126489863 0.999996173 0.000754828979 -0.00154316535 0.999998524 0.00316999538 -0.00078874823 0.999994664 0.999817847 0.000227933546 -0.0190845572 0.998763656 0.000143903834 0.0497105544 0.814176124 0.000315196107 0.580617895 0.0137502642 -0.00113907908 0.999904812 0.999079649 -0.000812360896 -0.0428858309 0.999188637 0.000541715378 -0.0402712669 0.999181972 -0.000783859648 -0.0404323152 0.999994158 1.53807881e-05 -0.00341810535 0.999970012 -0.00206192103 -0.00746486503 -0.00125787405 -0.000696338115 0.999998966 0.00332465931 -0.000510284481 0.999994343 0.999998552 0.000733372685 -0.00153531147 0.99544498 0.000962350078 0.0953329233 0.701039244 -0.00238520885 0.713118707 0.999995973 0.000383232393 -0.00281201892 0.999926134 0.00199488246 -0.0119894165 -0.0208842847 -0.0107587189 0.99972401 0.999999043 -0.000270745714 -0.00135651395 0.0247076218 -0.000776820586 0.999694418 -0.0195816518 0.000401904889 0.99980818 0.645885346 -0.00133279481 0.763433261 0.46179433 -0.000966559008 0.886986506 0.136331897 -0.00285830704 0.990659096 -0.118632797 -0.00249735945 0.992935055 0.999991137 -0.00268171355 -0.00324574466 -0.00101235168 -0.0038141176 0.999992214 -0.00160558609 -0.00136851342 0.999997775 -0.000821462989 -0.00196039526 0.999997741 -0.000619465555 -0.00200172103 0.999997805 0.999996559 -0.00025585306 -0.00261102003 0.99998217 0.00173747013 -0.00571328352 0.941318337 -0.00326754741 -0.337504238 -0.558108179 -0.0233468091 0.829439683 -3.7902978e-05 0.000255288064 0.999999967 -0.228181445 0.000377659886 0.973618552 -0.897659243 -0.00484166635 0.440663638 -0.000849941583 0.000422953384 0.999999549 -0.00214170967 -2.61857948e-05 0.999997706 -0.000552373831 -0.00153082639 0.999998676 0.165956673 -0.0025118107 0.986129846 0.999938853 0.00739545736 -0.0082217237 0.999981987 0.00278088691 -0.00531914534 0.999999521 0.000964943254 -0.000161255877 0.0218223921 0.0017070291 0.999760406 -0.574912115 -0.0126852008 0.818116829 0.999958381 -0.0013998834 -0.00901531253 0.999910596 0.00272608574 -0.0130907815 0.999983485 -0.00493125888 -0.00295175331 -0.000272169526 -0.00128039572 0.999999143 0.00234707891 -0.000662074744 0.999997026 -0.0147000981 -0.00125008197 0.999891166 0.109287695 -0.00166884693 0.99400876 0.999927393 0.0031396328 -0.0116340898 0.999212596 -0.00298328226 0.0395637269 0.651331569 -0.00766713068 0.758754507 0.859925122 -0.0107484528 -0.510307021 0.999997503 0.000131841898 -0.00223091068 0.999998802 0.000742765669 -0.00135827994 0.998889434 0.000737626813 0.0471100241 0.136545206 0.00054513308 0.990633691 -0.00456334748 -0.00149659051 0.999988468 -0.968259322 -0.00259516781 0.249934291 -0.00170896132 -0.000968839051 0.99999807 0.999996099 -6.80539753e-05 -0.00279242282 0.999998828 0.000208316594 -0.00151644866 0.99956184 0.00114156778 -0.0295774515 0.94151491 -0.017615971 -0.336510551 0.46884593 -0.0129572485 0.88318492 0.999034845 -0.00120336656 -0.0439082091 0.999975275 -0.00608263584 -0.00352852547 0.9999335 0.00792281921 -0.00838006449 -0.532840694 -0.00247119054 0.846211964 -7.40860435e-05 -0.00165651324 0.999998625 -0.000263464531 -0.000803739092 0.999999642 0.998892019 0.00456277947 -0.0468392593 0.143576036 -0.0133876008 0.989548732 -0.56653978 0.00505573766 0.824018882 0.999994785 0.000782193625 -0.00313329048 -0.023757503 -0.00280103238 0.999713827 -0.00386871218 -0.0016866801 0.999991094 -0.000824820195 -0.00172684493 0.999998169 0.000596377032 -0.00119809545 0.999999104 0.999996868 0.00244101914 0.000553334433 0.975434622 0.00661278948 0.220189848 0.801650096 0.0057303368 0.59776608 0.0268490333 0.00227682637 0.999636907 0.99738341 -0.0701632552 0.0174198618 0.660984224 -0.132351097 0.738635934 0.635306256 -0.0496442422 0.770662968 0.84559276 -0.0453355856 -0.531899962 0.99999219 2.09578976e-05 -0.00395209712 0.999989918 0.000537642525 -0.00445803789 0.999980824 -0.00559239352 -0.00266034805 0.999964483 0.00418043759 -0.00731821794 0.000215812002 0.000520753814 0.999999841 -0.0851674787 -0.00293994452 0.996362312 -0.00188575458 0.000662752013 0.999998002 -0.00128110796 -0.00254912549 0.99999593 -0.00368974998 -0.00198790715 0.999991217 0.999994517 0.0027171901 -0.00189309249 0.999958152 0.00445830196 -0.00798863988 0.999295663 0.000737686208 -0.0375184481 0.0210100294 0.000721533578 0.999779005 0.930441835 -0.0609607096 -0.361333341 0.368881166 -0.0613317976 0.927450859 0.99990934 0.00990650159 -0.00911996992 -0.00834887527 -0.00372322966 0.999958216 -0.0008190808 -0.00190247364 0.999997855 0.000157477033 -0.000950983176 0.999999535 0.868529099 -0.488992041 -0.0808949147 0.0691118234 -0.0968414516 0.992897421 -0.499168533 -0.119805503 0.858182624 0.999973985 -0.00363070095 -0.0062327112 0.999971605 -0.00326281471 -0.00679281793 0.999984295 -0.00235212904 -0.0050868767 0.999995336 0.00081876738 -0.00294239937 0.99999819 0.00132633011 -0.00136442651 0.999586576 0.00075812238 -0.028741998 -0.000146038372 -0.00192978242 0.999998127 0.000679411097 -0.000901944686 0.999999362 -0.00489164545 -0.000685809587 0.999987801 0.569467012 -0.00208898578 0.822011532 0.999997261 0.000713404934 -0.0022289218 0.999997369 -0.000189016109 -0.00228600726 0.999999441 0.0010064357 0.000325525116 0.409711541 -0.125066833 0.903600985 0.158751868 -0.172988145 0.972045753 0.124085018 -0.184027022 0.975057415 -0.5320067 -0.290161733 0.795471583 0.99997213 -0.00491859777 -0.0056165763 0.999997259 -5.37807009e-05 -0.00234063303 0.999996961 -4.69009392e-05 -0.00246509534 0.999993728 0.00147684007 -0.00321903785 0.999970071 -0.00322935092 -0.00703056631 -0.0636936493 -2.59633594e-05 0.997969498 0.00201629527 -0.000523434003 0.99999783 0.999962416 0.0064903047 -0.00574824781 0.0253556601 -0.00218413209 0.999676108 0.647122457 0.094487858 -0.756508143 0.99910799 0.00111910541 -0.0422134129 0.485948577 0.0119220222 0.873906085 0.264552782 0.00161795206 0.96436985 0.0704006046 -0.0462365259 0.996446656 -0.00827495699 -0.0867951404 0.996191813 -0.0163393561 -0.116835421 0.993016873 0.999965783 -0.00192101122 -0.00804629045 0.999387374 -0.00118543088 -0.0349781455 0.998738429 -0.0261398851 -0.0428748871 0.998447672 -0.0111222379 -0.0545760243 -0.227814885 -0.000883253972 0.973704061 -4.79959472e-05 -0.000195390149 0.99999998 0.000668198943 -0.00116130443 0.999999102 -0.00169282785 -0.00107600687 0.999997988 0.222344168 -0.000695885839 0.974967993 0.99993549 0.00259960647 -0.0110570514 0.811171338 0.00453845656 0.584790957 -0.0155964203 -0.000682366007 0.999878136 0.998970219 0.00983781456 -0.0442912994 0.998012936 0.00808650451 -0.0624883033 0.417810344 0.143062342 0.897199912 0.241653326 0.176830133 0.954114655 0.119370047 0.141834847 0.982666611 0.0524742904 0.192284302 0.979935302 0.0217644789 0.128143068 0.991516849 0.0361079649 0.0946609405 0.994854523 0.0212952248 -0.0260216155 0.999434535 0.00930610399 -0.0850631454 0.996332102 0.0100241139 -0.136056176 0.99065041 -0.0222725268 -0.19542033 0.980466638 0.119503258 -0.22251062 0.967578418 0.999984884 -0.00519919604 -0.00178862835 0.999972505 -0.00294886791 -0.00680391573 0.960480005 -0.0956965426 -0.261381582 0.828430835 -0.474573442 -0.297459912 0.248910008 -0.130196386 0.95973575 0.406521256 -0.113905276 0.906513131 0.997354882 -0.0201947194 -0.0698241528 0.99999963 -0.000251821178 -0.000822032657 0.999990309 0.00235516431 -0.00371959755 0.269840218 0.961822522 -0.0456474769 0.271876339 0.961929523 0.0278361147 0.41839471 0.908141737 -0.0149817424 0.403236072 0.909873681 0.0976245565 0.124210945 0.3074211 0.943431984 0.167082328 0.898473036 0.405992239 0.818652087 0.429581392 -0.381141165 0.155144552 0.951789602 -0.264625627 0.18526053 0.978158402 -0.0942585632 0.167530647 0.976244984 0.137401648 0.0949233786 0.903345851 -0.418277212 0.116548228 0.964871378 -0.235456439 0.149892787 0.988359942 -0.0260149653 0.0596629717 0.323997815 0.944174637 0.112380367 0.860272437 0.497294669 0.0759954358 0.84975751 -0.521667392 0.154509578 0.962246707 0.224071564 0.13047917 0.952749718 -0.274304869 0.153896751 0.986458724 -0.0567007643 0.0525380306 0.359705926 0.931585424 0.155055704 0.814591305 0.558926412 0.142192924 0.801955099 -0.58021478 0.257645837 0.960692827 -0.103382372 0.0897627394 0.350167238 0.932376295 0.0981393482 0.326589282 0.940057503 0.0975063992 0.497232889 -0.862120616 0.110604868 0.246837932 0.962724051 0.0435518762 0.0379556276 0.998329908 0.0374693568 -0.0213817672 0.999069 0.99997264 -0.00175803401 -0.00718530113 0.999955375 -0.00290608987 -0.00898905644 0.999991415 -0.00339757677 -0.00237180167 0.999986136 -0.00287706101 -0.00441021371 0.991432474 0.112944251 -0.065614377 0.999995776 -0.000255920328 -0.00289518053 0.999996028 0.00107183985 -0.0026068944 0.999166389 -0.033163034 -0.0238063139 0.99998907 0.0023368151 0.00404967523 -0.00013660344 0.000392879244 0.999999913 -0.55829727 0.000232473415 0.829640949 0.000441870055 -0.00102811358 0.999999374 1.1924977e-05 -0.000682897115 0.999999767 0.999998507 0.000837165856 0.00151165435 0.999915588 0.00441767863 0.0122188828 0.266084073 0.962263768 0.0569886621 0.230340723 0.868060006 0.439789697 0.124263368 0.520023644 0.84506451 0.28134915 0.954957618 -0.094332409 0.288826475 0.933210854 0.213768027 0.131432819 0.45735567 0.879517598 0.199203383 0.854005533 0.480616856 0.194355531 0.450744953 0.871237577 0.306776667 0.819243414 0.484487673 0.185876347 0.328474724 0.926042299 0.118252408 0.157322949 0.980441665 0.99998406 -0.00277015555 -0.00492002051 0.999795079 -0.00390529796 -0.0198632542 0.997939394 -0.0505403338 0.0395302537 0.999957126 -0.00738043753 -0.00559243505 -0.00169094746 -0.000393450264 0.999998493 -0.0189710904 -0.000980711646 0.999819552 -0.990789623 0.000370748003 0.135409697 -0.00204901726 -4.091554e-06 0.999997901 0.000106245279 -0.00150637132 0.99999886 -0.000574296767 -0.00145484073 0.999998777 0.999994935 -0.000485657579 -0.00314558542 0.999993512 -0.000580415247 -0.00355522311 0.999382585 0.000864544076 -0.0351240784 0.419620464 0.878887956 0.226880204 0.45261835 0.887855064 0.0827648157 0.406224668 0.831954032 0.377933867 0.268595822 0.493650807 0.827142772 0.331396465 0.416693321 0.846488664 0.418349751 0.810702538 0.4095667 0.458035288 0.887546576 0.0496462569 0.267554385 0.275720918 0.923251118 0.397913267 0.790757456 0.465153392 0.985695931 0.0503763093 -0.160828354 0.486643642 0.191238658 0.852411721 0.999996553 0.000821583179 -0.00249396 0.997236766 0.0198398529 0.0715905899 0.999993825 0.000866034466 0.0034058662 -0.0968462745 0.000343563061 0.995299292 -0.0044183957 -0.00121250788 0.999989504 -0.000299105007 -0.000989239179 0.999999466 0.00428356873 -0.000330515235 0.999990771 0.546840601 0.000700902905 0.837236445 0.999997439 -0.000529495969 -0.00220019072 0.999999989 0.000115260188 9.73779288e-05 0.999872438 -0.000349639698 -0.0159682875 0.0158407562 -0.00253169546 0.999871322 0.999967058 -0.00121833318 -0.00802484538 0.999877074 0.00588710566 -0.0145319866 0.999358746 0.0270560887 0.0234534635 0.818301882 0.574171846 -0.0266218329 0.843054101 0.536066282 0.0435054436 0.758930772 0.581664568 0.292729251 0.857951336 0.345308833 0.380369972 0.483714 0.283839191 0.82792275 0.550166954 0.244398962 0.798489492 0.998662379 0.0478463794 0.0196004278 0.999993575 0.00025143338 -0.00357578536 0.000287852693 0.000230898007 0.999999932 0.000876807376 -0.000148431198 0.999999605 -0.00127053548 -0.00182182689 0.999997533 9.04296624e-05 -0.000482233959 0.99999988 -0.00561957601 -0.000457760743 0.999984105 0.107496293 -0.00078493438 0.994205175 0.99999428 0.000192009185 -0.00337673341 0.999996668 -1.99384466e-05 -0.00258154757 0.999998388 0.000808098047 -0.00160319675 -0.00862289403 0.00772743224 0.999932964 -0.00430477148 -0.00128422542 0.99998991 -0.000591795338 -0.000923254601 0.999999399 -0.000900300581 -0.00094414703 0.999999149 0.999995898 0.000231370321 -0.00285492235 0.999575267 0.000676587217 -0.0291346384 0.999912442 -0.000861896602 -0.0132047488 0.998418112 0.0458231794 -0.0325808214 0.999164128 0.0380898199 0.0148394952 0.99987916 0.00453460624 0.0148695076 -0.964347125 0.00906298233 0.264485322 -0.0239178854 -0.000312531626 0.999713878 -0.000779934708 -0.000735394798 0.999999425 0.999999822 -8.84776829e-05 0.000590128138 0.999999026 -0.000161152696 0.00138651679 0.991883526 0.00188793753 0.12713578 0.999965306 -0.00123652555 -0.0082375285 0.999917133 0.00169128288 -0.0127619615 0.999998559 0.000740558069 -0.00152764276 0.999939662 0.0083944074 -0.00708557019 0.99996005 0.00779850204 0.00436824638 0.999995673 -0.000337532848 -0.00292245586 -0.041790401 0.008186524 0.99909286 0.000360881768 -0.000241304606 0.999999906 0.00128935567 -0.000387279489 0.999999094 0.999952716 -0.00115280602 -0.00965592538 0.00619072235 -1.66429743e-05 0.999980837 -0.00459210844 -0.000981642892 0.999988974 0.999896683 0.00107158813 -0.0143343877 -0.0158431004 -0.000754805699 0.999874205 0.999986486 -0.00229431401 -0.00466510849 0.999979649 -0.000687145765 -0.00634267397 0.999997509 -0.000398007487 -0.00219619059 -0.0209974199 0.0102492537 0.999726993 -0.000598694731 -0.00105266482 0.999999267 0.000645784404 -0.000446353208 0.999999692 0.00215219348 -0.000530525883 0.999997543 0.999999602 0.000156291995 -0.000878405489 0.020534758 -0.00255311516 0.99978588 0.999996904 -0.000984619136 -0.00228508855 0.99999077 -0.00228025073 -0.00364142871 -0.226626779 -0.000998868616 0.973981163 -0.0015574699 -0.000262314556 0.999998753 -0.00262168989 -0.000784273176 0.999996256 -0.000712721141 -0.000766641081 0.999999452 -0.000307255125 -0.000645715492 0.999999744 0.999999883 -0.000305922832 -0.000373962142 0.999999211 0.000361575024 0.00120343074 0.999997 0.000761589718 -0.00232819677 0.0235014317 -0.00115781224 0.999723133 0.999067432 -0.00187387338 -0.043136466 0.999974319 -0.000191873019 -0.00716404459 -0.603014529 0.019472983 0.797492496 -0.00454662265 0.00995185621 0.999940143 -0.877612937 0.00643748809 0.479326707 0.000792812493 -0.00019510914 0.999999667 0.826838969 0.00190785894 0.562435489 0.999423935 -0.00328803862 -0.0337784948 0.999948879 0.00102115016 -0.0100596306 0.999970456 -0.000597841095 -0.00766353929 0.999991031 -9.02160577e-05 -0.00423446164 0.99999493 -0.00086134749 -0.00306576386 0.999994515 -0.000724504392 -0.00323183895 0.999997038 -0.000765067083 -0.00231055946 -0.0330939382 0.011760269 0.999383053 -0.000769679609 -0.000466766776 0.999999595 0.000274263383 0.00017182863 0.999999948 0.00409083073 -0.000911944447 0.999991217 0.561838363 -0.00356606713 0.827239347 0.999995728 9.35050525e-05 -0.00292159483 0.999942471 -0.00396744904 -0.00996564106 0.99999569 -0.00144504552 -0.00255564886 0.999986168 0.000162906454 -0.00525715217 0.999989496 0.000211912463 0.00457849031 0.999998668 0.00062217083 -0.00150888978 0.999999521 0.000758024379 0.000618913936 0.998933422 0.00316652251 0.0460650783 0.999508071 -0.00385772791 -0.0311244898 0.999979336 -0.00175483758 -0.00618445839 0.999988895 -0.00273121046 -0.00384065481 0.999987822 -0.00295260777 -0.00395438532 0.997888269 0.000815784816 0.0649487257 0.154766071 0.000349254244 0.987951082 0.00038787423 -0.000501673047 0.999999799 0.0176521331 0.00138526297 0.999843229 0.999966996 -0.00111562443 -0.00804744243 -0.937925515 0.000281908394 0.346836632 -0.869988136 0.0381340228 0.491595809 0.00194969253 -0.000852432465 0.999997736 0.00145193623 -0.00108573681 0.999998357 -0.00408065414 -0.00119371835 0.999990962 -0.00524840061 -0.00103754057 0.999985689 -0.000596571026 -0.00026672201 0.999999786 -0.00109217906 3.8379619e-05 0.999999403 -0.000467192877 0.000365537379 0.999999824 0.999943371 -0.00106609883 -0.0105885518 0.999994321 -0.00115377042 -0.00316636679 -0.00591296414 0.00692216639 0.999958559 -0.0332713869 0.00942837195 0.999401881 -0.0342610882 0.000189912209 0.999412899 -0.000862522679 -0.00147781017 0.999998536 -0.000652006631 -0.000404827979 0.999999706 0.00037421726 0.000709648629 0.999999678 0.000790020748 0.000503912626 0.999999561 0.00278761786 0.000151969434 0.999996103 0.999998963 0.000722379926 0.00124591197 0.999971271 0.00248634586 -0.00716072594 -0.889787718 -0.00788381906 0.456306545 -0.000728342657 -0.000619920732 0.999999543 0.236186709 -0.00183204674 0.971705965 0.999990612 0.00371418253 -0.00223164792 0.999998733 -0.000524823715 -0.00150283009 0.996719441 0.00725607241 0.0806083497 0.999656149 -0.000173179497 -0.0262212304 0.999982345 -0.00420637837 -0.00419723308 0.999996519 -0.00182123225 -0.00190910854 0.999998178 -0.00160518434 -0.00103332219 0.000151952998 0.000371075434 0.99999992 -0.00434328503 0.00866400195 0.999953034 -0.00141753878 0.000198828821 0.999998976 -8.08754022e-05 0.000146985827 0.999999986 0.000430867642 0.000197733787 0.999999888 0.999999105 0.00130847924 0.000277761703 0.821235863 0.00615793549 0.570555639 0.0216512614 0.00142697915 0.999764566 0.999979643 -0.00289834383 -0.0056844102 0.999989032 -0.00194603212 -0.00426008359 0.99999143 -0.00225897568 -0.0034693386 -0.233695586 -0.00283564867 0.972305678 -0.0011650602 0.000168108887 0.999999307 0.000778089965 -0.00113690318 0.999999051 -0.00193289213 -0.000239144796 0.999998103 -0.00098790319 0.00122712802 0.999998759 0.99999968 0.000212160445 0.000771258961 0.99951614 0.00250188652 -0.031003663 0.0197091363 0.00330444504 0.999800295 0.999959333 -0.00302564603 -0.00849571108 0.999946241 -0.00337689717 -0.0098036968 0.999905425 -0.00140177507 0.0136811999 -0.625431246 -0.0180064954 0.780071486 -0.192041435 0.00308575311 0.981381967 -0.776514333 0.00447424907 0.630083702 0.000801778277 -0.00114363562 0.999999025 0.00213222716 -0.000721786711 0.999997466 0.580655679 0.00070412282 0.814148934 0.999932458 0.00352665564 -0.0110744137 0.00135271006 0.00235090417 0.999996322 0.999947461 -0.00335451589 -0.00968624515 0.999990749 -0.00262120304 -0.00341059649 0.999989752 -0.00300033747 -0.00339025219 0.999996823 -0.00191615458 -0.00163787711 -0.00483694219 -0.000758773491 0.999988014 0.999998608 0.00161472269 0.000420143475 0.999982152 0.00518801867 -0.00296314001 0.789241799 0.011103464 0.613982162 0.999889059 -0.00483067528 -0.0140902217 -0.0120629849 0.0119003987 0.999856422 -0.0232436707 0.0135767269 0.999637636 -0.00280342259 -0.00210181561 0.999993862 -0.00038536268 0.000627336205 0.999999729 0.00538582786 -0.00036655039 0.999985429 0.999991091 0.00382107148 -0.00179371484 0.999995563 0.00286318806 -0.000822691072 0.999999487 7.39017443e-05 0.00101066711 0.0236283059 0.00574401073 0.999704311 0.999980372 -0.00269427806 -0.0056565243 -0.632258653 0.0107884889 0.77468226 -0.032477256 -0.00288284344 0.999468317 0.999970855 0.00761498882 -0.00054885866 0.999990367 0.00352925224 0.00260983903 0.999948902 -0.00690852131 -0.00738014136 0.99998989 -0.00250706999 -0.00373285804 0.999986317 -0.003009407 -0.00427893476 0.999989114 -0.0037113642 -0.00282814127 0.999993934 -0.00314268086 -0.00150151915 0.99999219 -0.00389717544 0.00065664409 -0.000267384947 5.6645489e-05 0.999999963 0.000336067308 -0.00342561032 0.999994076 0.00131438879 -0.000663517455 0.999998916 -0.0062082092 -0.0020519199 0.999978624 -0.000568256018 0.000482645738 0.999999722 0.000391755543 0.00199872464 0.999997926 0.0315211984 -0.00128646469 0.999502256 0.999973234 0.00681384595 -0.0026651343 0.999971952 0.00735261516 -0.00142622055 0.999949368 0.0099838786 -0.00125818713 0.999993723 0.00275095026 -0.00223306066 0.999902349 0.0130216751 -0.00507238142 0.999947631 -0.00294792055 -0.00980024403 0.999976014 -0.00255486224 -0.00643770439 -0.568645446 0.0046005358 0.82256987 0.000582536126 -0.00467871492 0.999988885 0.000972613647 -0.0205418239 0.999788521 0.000566163894 -0.0370452075 0.99931343 -8.92107065e-05 -0.0205140414 0.999789561 -0.00142343139 -0.0375200679 0.999294861 -0.00201536742 -0.0246543579 0.999694004 -0.000597156739 -0.0351400072 0.999382221 0.00100246652 -0.0209056945 0.99978095 0.00108936393 0.000504866206 0.999999279 0.00213926912 -0.0264625517 0.999647516 0.998608407 -0.0527342986 -0.000585397817 0.999178056 -0.040384487 -0.00350805061 0.999995076 0.000160539437 0.00313409493 0.991909239 -0.0104598693 0.1265174 0.999596594 0.012347675 -0.0255770289 0.0256588 0.00266980545 0.999667194 0.997827077 -0.00366165514 0.065785384 0.146306066 -0.00134514655 0.989238457 -0.00117972466 -0.000784775148 0.999998996 -0.0210771065 0.00396141221 0.999770005 -0.485636036 -0.00992153769 0.874104801 -0.00431922532 -0.0408913018 0.999154265 0.00417891106 -0.0483525179 0.998821591 0.547500203 -0.00175417413 0.836803711 0.998839865 -0.0480278277 -0.00350033616 0.999062693 -0.0432425152 -0.00195451312 0.999020651 -0.0436313107 0.00735166822 0.797086242 -0.0360949717 0.602785763 0.013598348 0.00529985084 0.999893493 0.999277503 0.0212594925 -0.0315040748 0.999991044 -0.000938792327 -0.0041269253 0.999991407 -0.00221417375 -0.00350478347 0.999989724 -0.00424699341 -0.00158570728 0.00481095366 -0.00109887976 0.999987824 -0.882954884 0.00213443181 0.469452997 0.665851407 0.0222683779 -0.745751985 -0.0993435347 -0.0160089482 0.994924407 -0.208617421 -0.0261015806 0.977648955 -0.326266364 -0.0527568823 0.94380452 0.00082295308 -0.0784272517 0.9969195 0.000503365464 -0.0468596695 0.998901355 -0.00524108514 -0.0255730585 0.999659217 -0.00128681765 -0.0394958757 0.999218905 0.00105170248 -0.0775572143 0.996987348 0.997600779 -0.069227091 -0.000543353764 0.997098244 -0.0760017304 0.00433930612 0.995128386 -0.0984987921 0.00418123352 0.999991971 -0.00175617767 -0.00360204823 0.999980624 -0.00601183979 -0.0016153248 0.999984562 -0.00448908475 -0.0032747703 0.999990739 -0.00406151197 -0.00142340658 -0.925592232 -0.00908016079 0.378413227 0.695332468 -0.0645099505 -0.715787137 -0.0173935442 -0.0474906702 0.998720232 -0.195117011 -0.166522299 0.966540054 0.0255945742 -0.15309381 0.987880156 0.211442659 -0.153384937 0.965279785 0.358317362 -0.301612807 0.883537426 0.956292737 -0.291224501 -0.0263152322 0.964113713 -0.26548936 0.000384126721 0.963871929 -0.266362271 -0.00142989134 0.968413426 -0.249312277 -0.00433870862 0.972194291 -0.234127153 0.00476831088 0.972723743 -0.231696312 0.0111954471 0.973126075 -0.230240813 0.00384833104 0.943859109 -0.205336611 0.258779556 0.766218097 -0.131049918 0.629075311 0.0133739989 0.00951197286 0.99986532 0.999882804 0.00786483132 -0.0131347658 0.998970476 0.0348600637 -0.0290303962 -0.015093479 0.00557878932 0.999870524 0.998113494 -0.00789009117 -0.0608867691 0.999852621 -0.00563633833 0.0162163143 -0.0110667198 -0.00301949985 0.999934203 -0.0362152527 -0.281936699 0.958749265 -0.0537528248 -0.0481043776 0.997394908 0.00697378518 -0.385112828 0.922843148 -0.0302198141 -0.216056882 0.975913002 0.00327465421 -0.418990909 0.907984523 -0.000169863357 -0.437287214 0.899321891 0.00182246274 -0.448294938 0.893883844 -0.00108805549 -0.471213819 0.88201834 -0.00160642732 -0.525609131 0.850724668 -0.00107764908 -0.546423559 0.837508288 -0.000295269149 -0.565143624 0.824992483 -0.00132289419 -0.556020561 0.831167484 -0.00208879662 -0.571770194 0.820411167 -0.00163331101 -0.586245378 0.810131896 -0.00012147169 -0.577996248 0.816039413 0.00270468622 -0.580441824 0.814297227 -0.000138970524 -0.616501992 0.787353335 0.010302577 -0.00616130793 0.999927945 0.0130427292 -0.000655651949 0.999914725 0.00796175764 -0.0133656115 0.999878978 0.00256683405 -0.554876734 0.831928616 0.425872761 -0.901650657 -0.0752228895 0.65771708 -0.751881925 -0.045626898 0.0231641448 0.00190381876 0.999729862 0.999972088 -0.00529045396 -0.00527573613 0.999981538 -0.00573207965 -0.00201690543 -0.888107699 -0.0180042442 0.45928266 -0.0156472987 -0.00719921661 0.999851656 -0.0328376063 -0.0151936083 0.999345209 -0.0317121175 -0.0344039142 0.998904756 -0.00471203511 -0.038322372 0.999254318 0.0105017281 -0.0350265314 0.999331204 0.00188010333 -0.0366848732 0.999325115 3.65151637e-05 -0.0413907124 0.999143037 -0.000773847709 -0.0394880844 0.999219742 -0.00258448766 -0.0432108597 0.999062632 6.64679562e-05 -0.0457131629 0.998954605 0.00388748578 -0.0467629732 0.998898449 0.00891919334 -0.0462670946 0.998889285 -0.00133170441 -0.0391924447 0.999230794 0.000226517382 -0.038681363 0.99925157 0.00371224115 -0.0390300245 0.999231143 0.0213455469 -0.0272811207 0.999399874 0.00543926604 -0.0111929268 0.999922563 0.0153939514 -0.0037013423 0.999874655 0.999919141 -0.00901312299 -0.00897079754 -0.878284828 0.111111714 0.465048328 -0.082826147 0.139560282 0.986743511 -0.00286069335 0.0789805083 0.996872056 0.00928302107 0.0195814001 0.99976517 0.0116861773 -0.0139947278 0.999833777 0.999980565 -0.00518707589 -0.00345887082 0.999978862 -0.00435162058 -0.00483112929 0.999970856 -0.00573484076 -0.00503964493 0.999971435 -0.00633875879 -0.00411687638 -0.169966246 0.984191102 0.0497930702 -0.0611476579 0.998068163 0.0109956823 -0.416197432 0.909048368 0.0202672693 -0.389972766 0.920640694 0.018492026 -0.15953245 0.98718745 0.00321502997 -0.397979623 0.917368016 0.00693851555 -0.383571501 0.923510718 -0.000926008843 -0.130022461 0.991507627 -0.00260498072 -0.358409267 0.933564534 -0.000239096316 -0.347392168 0.937719107 0.00124775752 -0.345958758 0.938249701 0.000189345161 -0.180060452 0.983654574 0.00138287091 -0.356514969 0.934289371 0.000668491494 -0.126947829 0.991907854 0.00174868866 -0.0775035307 0.996986263 -0.0034050726 -0.13743742 0.990505425 -0.00315559755 -0.342954338 0.939345712 -0.00345764488 -0.337805623 0.941211837 -0.00276403884 -0.137411714 0.990510244 -0.00273454486 -0.328186471 0.944606271 -0.00355439827 -0.349970906 0.936750793 -0.00427977509 -0.110584927 0.993841945 0.00701150574 -0.308040262 0.95105047 0.0247830608 -0.329960779 0.240631754 0.912810081 -0.0510559772 0.309455611 0.949542265 -0.0786478336 0.985023604 0.153437344 -0.167931728 0.969589504 0.178031256 -0.038178341 0.998575412 -0.0372768075 -0.0161769011 0.999829847 0.00886475924 -0.0288753269 0.999581596 -0.00168747494 -0.0247080178 0.999692925 -0.00188922942 -0.0222433427 0.99975021 -0.00217977971 -0.0374715296 0.999295869 0.00191061861 -0.0271835393 0.999627296 -0.0025148719 -0.0335667991 0.999436249 -0.000673717401 -0.0344404326 0.999393151 -0.00521410739 -0.0263948381 0.999480824 -0.0184768933 0.117569925 0.353013837 0.92820178 -0.011016638 0.998446463 0.0546195381 -0.0109098998 0.999829458 -0.0149006233 -0.0130706586 0.999859425 0.0105018379 -0.0142950077 0.999897759 -0.000353783437 -0.0211835434 0.999774912 -0.00117610517 -0.0251937414 0.999682 -0.00108338487 -0.0139681614 0.995860959 -0.0898100225 -0.0149092918 0.99988723 -0.00179996177 -0.0159409986 0.999767028 -0.0145524337 -0.014749566 0.999654899 -0.0217378296 -0.00640895247 0.991146886 0.132615144 -0.00457072943 0.982831232 0.184450206 -0.00403079317 0.999981906 0.00446547512 -0.0145669661 0.999893052 -0.0012989128 -0.0226544447 0.999743148 -0.000642839359 -0.00556203625 0.992624249 -0.121103936 -0.00614481281 0.999930582 0.0100534425 -0.00749525176 0.99997163 -0.000748473713 -0.0168556273 -0.0213906789 0.999629095 -0.00213444402 0.999997661 -0.000348440668 -0.00227689685 0.999997344 -0.000357447531 -0.00232317142 0.999992951 -0.00294979169 -0.00174335736 0.999951392 0.00970430949 8.70149179e-05 0.999999971 -0.000223096451 -0.00243378358 0.9999865 0.00459100325 -0.0006555272 0.999999464 0.000801191013 -4.51886772e-05 0.999999995 -8.66730401e-05 -0.00165631115 0.999998465 -0.000571409491 -0.00220999937 0.999996351 -0.00155393738 -0.00306503736 0.999656207 -0.0260398251 -0.00328007942 0.998547113 -0.0537857237 -0.00306606622 0.999849051 -0.0171019044 0.00303081651 -0.00912818581 0.999953744 -0.00276109769 0.999596601 -0.0282668106 -0.00305991406 0.998455472 -0.0554734796 -0.00958377027 -0.156618413 0.987612689 -0.000604922877 0.999999775 0.000290080844 -0.00290521271 0.999980097 -0.00560043 -0.000943423843 0.999953832 0.00956264809 -0.00110812573 0.999998246 0.00150985246 -0.000378622732 0.999999898 -0.000245368285 0.000826005205 0.999997068 -0.00227623107 0.000826005205 0.999997068 -0.00227623107 0.00127550504 0.999973734 -0.00713478846 -0.00164786904 0.999997079 -0.00176825317 -0.00165576631 0.999988911 -0.00440869958 -0.000150043111 0.979622459 -0.200847741 0.000702989471 0.999999305 -0.000946605249 -9.60847002e-06 0.999999943 -0.000338857642 -2.22960253e-05 0.99999992 -0.000400506909 -0.00028421002 0.999999946 0.000163049313 0.00436340293 -0.00964028778 0.999944011 0.000496597155 0.999620659 -0.0275370832 0.00118019195 0.982082486 0.188447867 -0.00149786169 0.978201535 0.207652386 -0.00113955099 0.999997858 -0.00172773927 8.16620692e-05 0.999956492 -0.00932778422 -0.00118694687 0.999998931 -0.000854046339 0.000281750271 0.999998362 0.00178769173 0.0001954113 0.999999956 -0.000221397395 0.000934903626 0.999974329 0.00710409581 -5.12009315e-05 0.999999988 -0.000144343714 -0.000434845332 0.999999325 0.00107747006 -0.000740099296 0.999999422 0.000780347748 0.00122933316 0.999232942 -0.039140975 0.000354091013 0.999999798 -0.000526966074 -0.000246448561 0.999998675 -0.00160895178 0.000467396692 0.999993423 -0.00359659317 -0.000227552976 0.999999837 0.000524165702 0.00089968748 0.999870786 -0.0160499881 0.000325542508 0.999999941 -0.000105581988 0.00113870186 0.99981506 0.0191976284 0.00108521154 0.99986628 -0.0163169718 0.000817115336 0.999998406 0.00158782902 0.000496614257 0.999999834 0.000291100914 1.3382982e-05 0.999999664 0.000819945492 0.0016755097 0.979172468 -0.203023324 0.00016615691 0.999999961 -0.00022314431 0.000155447931 0.999999987 4.10496408e-05 0.000248227342 0.999999912 -0.000339134415 0.000537844082 0.99998458 -0.00552721822 -0.000119105823 -0.0154230666 0.99988105 0.00164842073 0.99168174 0.128703569 0.000791420524 0.99999935 0.000821282478 0.00211645317 0.999906203 -0.013531639 0.000117848273 0.999999974 0.000195122481 0.000134599831 0.999999837 0.000555378163 0.00180421114 0.999924357 -0.0121665254 0.00115857252 0.999997836 -0.00172788857 0.00134983818 0.999990721 -0.00409096924 0.00164715309 0.999998642 -4.4092428e-05 -0.000430947023 0.999999893 0.000166552468 0.0020453506 0.99999762 0.000759556703 0.00160916774 0.999915979 0.0128625607 0.00174961711 0.99999844 0.000243577078 0.00107082418 0.999749384 -0.0223611729 0.00319634088 0.999992476 -0.00219817912 -0.00249199146 0.00292768531 0.999992609 0.00171226079 0.996123934 0.0879441701 0.00190430681 0.977648253 -0.210238593 0.00163181629 0.999992094 0.00362628695 0.0020487296 0.999997892 -0.000138200087 0.00217544312 0.999997633 -3.55494326e-05 0.0021603877 0.99999727 0.000890472222 0.00233470624 0.999996905 0.000859773293 0.00177721263 0.999997993 0.000924860861 0.00288518042 0.9999957 0.000525503496 0.00403638057 0.999971716 -0.00634620437 0.00290584679 0.999919398 -0.0123593374 0.00473706562 0.998597662 -0.0527282666 0.00464137651 0.999463519 -0.0324211615 0.00574440346 0.998206878 -0.0595821259 0.00171662246 0.999998504 -0.00021098031 0.00359838304 0.999682623 0.0249340204 0.00235493026 0.97932227 0.202292725 0.00160837513 0.999998682 0.000221246135 0.00299979811 0.999995195 0.000782123125 0.00139162188 0.999997596 -0.00169471055 0.00144576992 0.999750433 0.0222930659 0.00181008578 0.999961788 0.0085525323 0.0030272356 0.999995146 0.000737812778 0.00141799254 0.999981803 -0.00586377583 0.000793624282 0.999999685 -1.71395197e-05 -0.000587477533 -0.0109065268 0.999940349 0.00116844861 0.967934022 0.251201837 0.00129735939 0.999999036 0.000495588231 0.00103759815 0.999999235 0.000673891007 0.000991346727 0.999308108 -0.0371795877 0.000651154592 0.999998993 0.00126087392 -0.000305301789 0.999991197 -0.00418472388 -5.92113633e-05 0.999863067 -0.0165482484 -0.000233138058 0.999229167 -0.039255797 -0.000703670013 0.999973283 -0.00727580618 0.000918643788 0.999946098 0.0103419695 0.00118421415 0.999995701 0.00268259467 0.00075656742 0.974125791 -0.226005243 0.000126979398 0.999999979 -0.000158971402 0.00013673299 0.999999845 -0.000539459306 0.000641836679 0.999999792 -6.91420983e-05 0.000472403679 0.999999876 0.000160390862 0.000500380168 0.999999447 0.00092460691 -0.000259829231 0.99989418 -0.0145451231 0.000381327229 0.999999826 0.000450620597 0.000752810333 0.99999893 0.00125444402 8.53828529e-06 0.999985387 -0.00540616222 -0.000800967621 0.999953932 -0.00956511705 -0.00112550003 0.991083762 0.133235542 0.000330624285 0.999999945 2.51328043e-06 0.000346912519 0.999949983 0.00999554336 -0.000147633328 0.999968227 0.00797015226 0.000172898252 0.999952351 0.00976042944 0.00101116808 0.999982625 0.00580753215 0.000532019142 0.999998999 0.00131141444 0.00065507339 0.999999753 -0.000253239237 0.00104089232 0.999999204 0.000713512715 -0.000143258478 0.99999967 -0.00080016763 0.000176861271 0.999997769 -0.00210487205 0.00109029611 0.99999429 -0.00319852729 0.0028518366 -0.0176973656 0.999839322 0.00033077609 0.983244379 0.182292021 0.000976684307 0.999987066 -0.00499134989 0.00118546529 0.999999071 0.000672596187 0.00132902773 0.999998811 0.000782541382 9.43934943e-05 0.973689654 -0.227878146 0.000198391309 0.999551719 -0.0299386187 0.000344311852 0.999630259 0.0271887296 0.0011184158 0.999843138 0.0176762322 0.000743541159 0.999933715 -0.0114896574 0.000525005841 0.999990726 -0.00427466249 0.000613859923 0.999999715 -0.00043862365 0.00153256095 0.999998814 0.000152012607 0.00153256095 0.999998814 0.000152012607 0.00127562646 0.99999916 -0.000229246592 0.000923210629 0.999994646 0.00313925034 0.000726351456 0.999999521 0.000656635264 0.000980729527 0.999996406 -0.00249512885 0.00099554925 0.999991969 -0.00388199102 0.00125701951 0.999924687 0.0122081738 0.00131918185 0.999999123 0.000117333435 0.00136848984 0.999998684 0.000871046372 0.00112150811 0.981490127 0.191509458 0.000993784167 0.964864274 -0.262746921 0.00162174001 0.998956758 -0.0456373196 0.00231515102 0.999540596 -0.0302198023 0.0015567314 0.999947308 0.0101468167 0.000586751547 0.999960725 0.0088433441 0.000407709072 0.960744188 -0.277435468 0.000919053003 0.999998966 -0.00110592773 0.000989513318 0.999999468 -0.000291632094 0.00174505875 0.999998239 0.000690163172 0.00124114708 0.999999229 -4.06954551e-05 0.00185031858 0.999998094 0.00062352649 0.00170345895 0.999707317 0.0241325068 0.000632859934 0.99999931 -0.000989846537 0.000848867088 0.999998793 0.0013014081 0.000719062166 0.999999604 -0.000525102982 0.000772026759 0.999999491 -0.000648915606 0.000521758414 0.99999297 -0.00371317786 -0.000669320578 -0.00520523412 0.999986229 -0.000428985851 0.987104376 0.160077377 0.000317345679 0.999999188 0.00123454305 0.000827239785 0.999999658 -3.0598058e-06 -8.72372851e-05 0.999751888 -0.0222745349 -0.000263348456 0.999782534 0.0208522401 0.000792493633 0.999999685 -5.33784572e-05 0.000537027414 0.999999472 -0.000876563624 0.000292645943 0.999999943 0.00016896874 0.000499451911 0.999999439 0.000934013105 -0.000451171673 0.999929134 -0.0118963377 0.000278451162 0.999999812 -0.000546264407 0.000141075623 0.99999999 -2.58981259e-05 -0.000181974147 0.999999849 0.000519162974 0.000120864581 0.999999895 -0.000442835425 -0.000138878969 0.970020962 -0.243021223 -0.000182615759 0.998688943 -0.0511894655 -0.000509719073 0.998959804 -0.0455966001 0.000233540272 0.999990889 0.00426239605 -0.000367249897 0.999997038 -0.00240599017 -0.000143296563 0.999847203 0.0174799641 -0.000569152107 0.999983647 -0.00569055542 2.18919158e-05 0.999989789 -0.00451899938 0.000251483563 0.999999563 -0.000900032102 0.00114507856 0.999999045 -0.000773516693 0.000596955132 0.999977427 0.00669249933 0.00077735811 0.999998534 0.00152575716 0.000501623877 0.999999869 -0.000101578855 0.000536894508 0.999999822 0.000260978957 0.000201192838 0.999997846 -0.00206567127 0.000653833481 0.999999524 0.000724839948 0.00142992155 0.999998977 2.64087907e-05 0.00195085489 0.999998059 -0.00027432709 0.00193231763 0.999879703 -0.0153898058 0.00170735631 0.999998542 -3.77046339e-05 0.00156341006 0.999998778 -6.40502533e-06 0.00627405752 -0.00394414903 0.99997254 0.00224296867 0.979259857 0.202595907 0.0017386861 0.999998427 0.000350975759 0.000687232487 0.968135226 -0.250427058 0.0014254191 0.999603396 -0.028125055 0.00238038651 0.999928481 0.0117203517 0.00259868673 0.999990433 0.00351868487 0.00291714706 0.999995729 0.000178907256 0.0027775494 0.999995791 -0.000838819107 0.0027775494 0.999995791 -0.000838819107 0.00146263533 0.999997716 -0.00155843629 0.00167502796 0.99998983 0.00418749707 0.00265380839 0.999996475 8.89168773e-05 0.003395246 0.999994233 -7.54981365e-05 0.00227571976 0.999997372 -0.000278086977 0.00260457597 0.999996604 9.18319011e-05 0.00325680686 0.99999453 -0.000576533041 0.00205165953 0.999991947 -0.00344904127 0.0048893512 0.999972014 0.0056626353 0.00367710028 0.999991041 0.00209664688 0.00209032506 0.999997795 0.000202662695 0.00368163121 0.999993219 -8.64245796e-05 0.00105203354 0.999969744 0.00770735878 0.00233971258 0.967840777 -0.251552692 0.00883253286 0.00911921563 0.99991941 0.00372164744 0.985053965 0.172205793 0.00149020138 0.999593543 -0.0284697752 -0.000541247606 0.999998034 0.00190745571 -0.00115987807 0.999999323 -9.68942549e-05 -0.000314517043 0.999999944 -0.000118129962 0.00197161755 0.999997182 -0.00132218119 0.00217554779 0.999997008 -0.00111834231 0.00217554779 0.999997008 -0.00111834231 0.00248509016 0.999996585 -0.000808938096 0.000200163404 0.999999722 -0.000718495204 0.00188468357 0.999998224 -3.02711629e-05 0.000491812653 0.999964753 0.00838153705 0.000168862524 0.999999978 0.000126146775 -0.00181738861 0.999998348 2.3902059e-05 -0.000429050949 0.999999341 -0.00106486751 -1.18343325e-06 0.999999778 -0.000666911027 -0.000106277268 0.999999154 -0.00129637745 -0.00046068228 0.999992353 0.0038835107 0.00980947592 0.00273636804 0.999948142 0.00053642796 0.992109785 0.125370998 -0.000237726426 0.999999654 -0.000797456136 0.000407640352 0.999999896 -0.000205527754 -0.00258265169 0.999901905 -0.0137662572 0.00154826416 0.999952153 0.00965894491 0.00126321892 0.999999098 0.000455668183 0.000409684748 0.999999182 -0.00121194981 0.00245453376 0.978823597 -0.204690845 0.00333295748 0.999982773 0.00483173893 -0.00813883551 0.999651368 -0.0251177463 0.0047471186 0.999965112 0.00687305461 -0.00385907811 0.99999192 -0.00112568638 -0.000778366883 0.999999644 -0.000325244612 -0.00333921007 0.999977828 0.00576142178 -0.0104914653 0.999938776 0.00351748339 -0.0130542043 0.999914781 -0.000132472516 -0.0097919911 0.999950037 0.00200996786 -0.0097919911 0.999950037 0.00200996786 0.000295999587 0.999998061 0.0019470057 -0.00576839239 0.999982047 -0.00162188512 -0.00678483461 0.999976571 0.000907626866 -0.0154612715 0.99987554 -0.00313914536 -0.0113994439 0.979726509 -0.200015048 -0.0510152708 0.998696973 0.00134124916 -0.0225414899 0.999744212 0.00184169259 -0.00648749168 0.999977397 0.00176566131 -0.0328318284 0.99945768 -0.00253326028 0.0179661223 0.0133965638 0.999748844 -0.0261783653 0.999287625 0.0271833887 -0.140795807 0.989995655 -0.00922738861 -0.131673239 0.991271351 0.00657774627 -0.139998561 0.990147045 0.00303862951 -0.145162999 0.989407742 -0.000156366473 -0.129701207 0.991549329 0.00274309774 -0.166690636 0.986008989 -0.000710675733 -0.150032586 0.988680978 0.000384376749 -0.103062849 0.994671911 -0.00241628748 -0.101330732 0.994852794 1.76111179e-05 -0.0883869486 0.996083241 0.00243379962 0.999920822 -0.00944128727 -0.00831933495 0.99992623 -0.0107649388 -0.00562588591 0.999992124 -0.00361982933 -0.00162750264 0.999773828 -0.0193484578 -0.00882777533 0.999935902 -0.0108681729 -0.00317397404 0.999943433 -0.0101847604 -0.0030662566 0.999946172 -0.00992507785 -0.00302417641 0.999974439 -0.00636201998 -0.00326297535 0.999982921 -0.00558006659 -0.00173823946 0.99999424 -0.00331784918 0.000715636145 0.997071665 -0.00637783778 0.0762064148 0.137827108 -0.0011962435 0.990455581 0.0038678072 -0.000117807025 0.999992513 0.999961943 -0.00760318276 -0.00427842806 0.999979218 -0.00623690268 -0.00163220991 0.999994868 -0.000919163245 -0.00306917546 0.999782552 -0.00376966701 0.0205094933 0.99996974 -0.00638170704 -0.00444883697 -0.00249379263 -0.000788536032 0.99999658 0.988969665 0.0352653577 -0.143858807 0.999325084 -0.0160434692 -0.0330451689 0.999575968 0.0287767801 -0.00444760764 0.999949063 -0.00972619485 -0.00269673996 0.992924716 0.020218506 0.117011621 0.0647693283 0.0319165095 0.997389729 -0.00169324397 0.00214495583 0.999996266 0.986548896 0.163430827 -0.00341189186 0.752252543 0.657104552 -0.0482671648 0.812809729 0.582522499 -0.00280771609 0.976048645 0.217481862 -0.00553908902 0.820242051 0.572013815 -0.00178143937 0.75457178 0.65621276 -0.00249843857 0.741467844 0.670987733 -0.000947422002 0.992215708 0.124514213 -0.00204916222 0.124576976 0.992207234 0.00232005475 0.0124031077 0.999921311 0.00188025095 0.66730123 0.744787383 -0.000906826885 0.0289363092 0.999581042 0.000655884632 0.999988044 0.00243809391 -0.00423876034 0.62668732 0.779268432 -0.00192703117 0.0380257482 0.999274831 0.00196307674 0.572732088 0.819742128 -0.000894333785 0.0398778244 0.9992034 0.00152452355 0.547702045 0.836673176 0.000682810508 0.0577120673 0.998333267 -7.90593995e-05 0.505851683 0.862618202 -0.00197806751 0.555087016 0.831777288 -0.00499484579 0.067044879 0.99774266 -0.0038168889 0.600117846 0.79991159 0.000141468923 0.999813302 0.0190175799 0.00341935031 0.583153464 0.812311889 0.0090239947 0.0567490522 0.99820254 0.019267452 0.0836078436 0.951845893 0.294956141 0.00570428735 0.936982279 -0.349330316 -0.00535960406 0.991561297 -0.129527868 0.0488944615 0.90676589 -0.418789866 -0.00531974733 0.99998388 0.00198519165 -0.00138230122 0.999995997 0.00246871207 0.0201802907 0.999793113 0.00254682557 -0.00120041646 0.999993111 0.00351237845 -0.00273922532 0.999995243 0.00141773221 -0.00364012281 0.999954102 -0.00886250849 0.00200605506 0.999965264 -0.00808985975 -0.000698388005 0.999999482 -0.000740568994 0.00151948809 0.992068855 0.125686428 0.00419089 0.0214076606 0.999762046 0.00724056377 0.954243338 0.298943518 -0.00281523229 0.99999315 -0.00240281767 -0.0150420441 0.999884403 -0.00221742256 -0.00112093896 0.999994566 0.00310008226 -0.00653320085 0.9999555 0.00680553271 -0.0319275462 0.999490141 -0.000299429325 -0.00602110987 0.999981859 0.00016717614 -0.0011677092 0.999999143 -0.000591456021 -0.0147621035 0.944619772 -0.327834664 -0.0621673819 0.998058434 0.00381820189 -0.036155609 0.999337219 0.00423023112 0.00525522745 0.999978453 -0.00393395208 -0.0562380352 0.997603055 0.0403166061 -0.00208085234 0.0785229931 0.996910131 -0.01429431 0.955548753 0.294486422 -0.0343498698 0.997180016 -0.0667240708 -0.10950624 0.993964045 -0.00662266956 -0.0387516868 0.999248009 0.0013124818 -0.0409062213 0.999153361 0.00438654896 -0.0242358351 0.999705838 0.000928399281 0.00184092649 0.999998239 -0.000364178363 -0.0539506633 0.998511507 -0.00800596699 -0.0272100827 0.999628695 0.00144324705 -0.128981704 0.991646211 -0.00122983928 -0.131614063 0.991295884 -0.00319524126 -0.444799461 0.859308323 -0.25247306 -0.630377479 0.775989143 -0.0215657749 -0.629585178 0.776931419 -0.000270628514 -0.576975039 0.816754803 0.00337579343 -0.532042492 0.846690704 0.00675556888 -0.499241493 0.86646283 -0.000310183225 -0.546325651 0.837572514 -0.000752486036 -0.59447526 0.804111382 -0.00201257922 -0.569957495 0.821673602 -0.000971978867 -0.638624248 0.769509062 -0.00385658386 -0.636597524 0.77119281 -0.00228963078 -0.547378281 0.83665406 0.0196723544 -0.3900379 0.895673276 0.213634781</float_array><technique_common><accessor source="#normals_0-array" count="4721" stride="3"><param name="X" type="float"/><param name="Y" type="float"/><param name="Z" type="float"/></accessor></technique_common></source><vertices id="vert_0">
          <input semantic="POSITION" source="#pos_0"/>
        </vertices>
        <triangles count="7886" material="mat_0">
          <input semantic="VERTEX" source="#vert_0" offset="0"/>
          <input semantic="TEXCOORD" source="#uvs_0" offset="1"/>
          <input semantic="NORMAL" source="#normals_0" offset="2"/><p>0 0 0 1 1 1 2 2 2 1 1 1 3 3 3 2 2 2 1 1 1 4 4 4 3 3 3 4 4 4 5 5 5 3 3 3 3 3 3 5 5 5 6 6 6 5 5 5 7 7 7 8 8 8 5 5 5 8 8 8 6 6 6 7 7 7 9 9 9 10 10 10 7 7 7 10 10 10 8 8 8 9 9 9 11 11 11 10 10 10 9 9 9 12 12 12 11 11 11 12 12 12 13 13 13 11 11 11 11 11 11 13 13 13 14 14 14 13 13 13 15 15 15 14 14 14 15 15 15 16 16 16 14 14 14 14 14 14 16 16 16 17 17 17 16 16 16 18 18 18 17 17 17 18 18 18 19 19 19 17 17 17 19 19 19 20 20 20 17 17 17 19 19 19 21 21 21 20 20 20 22 22 22 23 23 23 24 24 24 25 25 25 26 26 26 27 27 27 27 27 27 26 26 26 28 28 28 26 26 26 29 29 29 28 28 28 29 29 29 30 30 30 28 28 28 29 29 29 31 31 31 30 30 30 31 31 31 32 32 32 30 30 30 31 31 31 33 33 33 32 32 32 32 32 32 33 33 33 34 34 34 33 33 33 35 35 35 34 34 34 33 33 33 36 36 36 35 35 35 33 33 33 37 37 37 36 36 36 36 36 36 37 37 37 38 38 38 37 37 37 39 39 39 38 38 38 39 39 39 40 40 40 38 38 38 39 39 39 41 41 41 42 42 42 39 39 39 42 42 42 40 40 40 41 41 41 43 43 43 42 42 42 43 43 43 44 44 44 42 42 42 43 43 43 45 45 45 44 44 44 43 43 43 46 46 46 47 47 47 43 43 43 47 47 47 45 45 45 46 46 46 48 48 48 47 47 47 47 47 47 48 48 48 49 49 49 28 28 28 30 30 30 50 50 50 30 30 30 51 51 51 50 50 50 30 30 30 32 32 32 51 51 51 32 32 32 34 34 34 52 52 52 34 34 34 35 35 35 52 52 52 40 40 40 42 42 42 53 53 53 42 42 42 44 44 44 53 53 53 54 54 54 55 55 55 56 56 56 24 24 24 23 23 23 57 57 57 24 24 24 57 57 57 58 58 58 27 27 27 28 28 28 59 59 59 32 32 32 52 52 52 60 60 60 52 52 52 35 35 35 61 61 61 35 35 35 36 36 36 61 61 61 36 36 36 38 38 38 62 62 62 38 38 38 40 40 40 62 62 62 62 62 62 40 40 40 63 63 63 63 63 63 40 40 40 53 53 53 44 44 44 64 64 64 53 53 53 44 44 44 45 45 45 64 64 64 45 45 45 47 47 47 65 65 65 47 47 47 49 49 49 66 66 66 47 47 47 66 66 66 65 65 65 54 54 54 56 56 56 67 67 67 59 59 59 28 28 28 68 68 68 28 28 28 50 50 50 68 68 68 68 68 68 50 50 50 69 69 69 50 50 50 51 51 51 70 70 70 50 50 50 70 70 70 69 69 69 51 51 51 32 32 32 60 60 60 60 60 60 52 52 52 61 61 61 61 61 61 36 36 36 71 71 71 36 36 36 62 62 62 72 72 72 36 36 36 72 72 72 71 71 71 72 72 72 62 62 62 63 63 63 63 63 63 53 53 53 73 73 73 53 53 53 74 74 74 73 73 73 53 53 53 75 75 75 74 74 74 53 53 53 64 64 64 75 75 75 45 45 45 65 65 65 76 76 76 45 45 45 76 76 76 64 64 64 65 65 65 66 66 66 76 76 76 67 67 67 56 56 56 77 77 77 58 58 58 57 57 57 78 78 78 58 58 58 78 78 78 79 79 79 59 59 59 68 68 68 80 80 80 51 51 51 60 60 60 81 81 81 51 51 51 81 81 81 70 70 70 60 60 60 61 61 61 81 81 81 81 81 81 61 61 61 82 82 82 82 82 82 61 61 61 71 71 71 63 63 63 83 83 83 72 72 72 63 63 63 73 73 73 83 83 83 83 83 83 73 73 73 84 84 84 73 73 73 74 74 74 84 84 84 74 74 74 75 75 75 84 84 84 75 75 75 64 64 64 76 76 76 76 76 76 66 66 66 85 85 85 79 79 79 78 78 78 86 86 86 80 80 80 68 68 68 87 87 87 87 87 87 68 68 68 88 88 88 68 68 68 69 69 69 89 89 89 68 68 68 89 89 89 88 88 88 69 69 69 70 70 70 89 89 89 89 89 89 70 70 70 90 90 90 70 70 70 81 81 81 90 90 90 81 81 81 91 91 91 90 90 90 81 81 81 82 82 82 91 91 91 82 82 82 71 71 71 91 91 91 91 91 91 71 71 71 92 92 92 71 71 71 72 72 72 92 92 92 72 72 72 83 83 83 92 92 92 83 83 83 93 93 93 92 92 92 83 83 83 84 84 84 93 93 93 93 93 93 84 84 84 94 94 94 94 94 94 84 84 84 95 95 95 84 84 84 75 75 75 95 95 95 95 95 95 75 75 75 96 96 96 75 75 75 76 76 76 96 96 96 97 97 97 98 98 98 99 99 99 98 98 98 100 100 100 101 101 101 99 99 99 98 98 98 101 101 101 102 102 102 103 103 103 104 104 104 103 103 103 105 105 105 104 104 104 104 104 104 105 105 105 106 106 106 105 105 105 107 107 107 106 106 106 105 105 105 108 108 108 107 107 107 108 108 108 109 109 109 107 107 107 108 108 108 110 110 110 109 109 109 110 110 110 111 111 111 109 109 109 110 110 110 112 112 112 111 111 111 111 111 111 112 112 112 113 113 113 112 112 112 114 114 114 113 113 113 101 101 101 100 100 100 115 115 115 22 22 22 24 24 24 116 116 116 116 116 116 24 24 24 117 117 117 24 24 24 58 58 58 117 117 117 58 58 58 79 79 79 117 117 117 79 79 79 86 86 86 118 118 118 119 119 119 120 120 120 121 121 121 120 120 120 102 102 102 122 122 122 120 120 120 122 122 122 121 121 121 102 102 102 123 123 123 122 122 122 102 102 102 104 104 104 123 123 123 123 123 123 104 104 104 124 124 124 104 104 104 125 125 125 124 124 124 104 104 104 106 106 106 125 125 125 106 106 106 126 126 126 125 125 125 106 106 106 107 107 107 126 126 126 107 107 107 127 127 127 126 126 126 107 107 107 109 109 109 127 127 127 109 109 109 128 128 128 127 127 127 109 109 109 111 111 111 128 128 128 111 111 111 129 129 129 128 128 128 111 111 111 113 113 113 129 129 129 129 129 129 113 113 113 130 130 130 113 113 113 114 114 114 131 131 131 113 113 113 131 131 131 130 130 130 114 114 114 97 97 97 131 131 131 131 131 131 97 97 97 132 132 132 97 97 97 99 99 99 133 133 133 97 97 97 133 133 133 132 132 132 99 99 99 101 101 101 133 133 133 133 133 133 101 101 101 134 134 134 101 101 101 115 115 115 134 134 134 117 117 117 79 79 79 118 118 118 119 119 119 121 121 121 135 135 135 124 124 124 125 125 125 136 136 136 125 125 125 126 126 126 136 136 136 126 126 126 137 137 137 136 136 136 126 126 126 127 127 127 138 138 138 126 126 126 138 138 138 137 137 137 127 127 127 139 139 139 138 138 138 127 127 127 140 140 140 139 139 139 127 127 127 128 128 128 140 140 140 128 128 128 141 141 141 140 140 140 128 128 128 129 129 129 141 141 141 130 130 130 131 131 131 142 142 142 131 131 131 132 132 132 142 142 142 117 117 117 118 118 118 143 143 143 123 123 123 124 124 124 144 144 144 136 136 136 137 137 137 145 145 145 145 145 145 137 137 137 138 138 138 141 141 141 129 129 129 146 146 146 146 146 146 129 129 129 147 147 147 129 129 129 130 130 130 147 147 147 147 147 147 130 130 130 142 142 142 116 116 116 117 117 117 148 148 148 117 117 117 143 143 143 148 148 148 122 122 122 123 123 123 149 149 149 123 123 123 144 144 144 149 149 149 145 145 145 138 138 138 150 150 150 139 139 139 140 140 140 151 151 151 132 132 132 133 133 133 152 152 152 152 152 152 133 133 133 153 153 153 133 133 133 134 134 134 153 153 153 134 134 134 154 154 154 153 153 153 121 121 121 122 122 122 149 149 149 124 124 124 155 155 155 144 144 144 124 124 124 136 136 136 155 155 155 136 136 136 145 145 145 155 155 155 138 138 138 151 151 151 150 150 150 138 138 138 139 139 139 151 151 151 151 151 151 140 140 140 156 156 156 140 140 140 141 141 141 156 156 156 141 141 141 146 146 146 156 156 156 142 142 142 152 152 152 147 147 147 142 142 142 132 132 132 152 152 152 143 143 143 118 118 118 157 157 157 143 143 143 157 157 157 158 158 158 135 135 135 121 121 121 159 159 159 145 145 145 150 150 150 155 155 155 156 156 156 146 146 146 160 160 160 146 146 146 161 161 161 160 160 160 146 146 146 147 147 147 161 161 161 161 161 161 147 147 147 162 162 162 147 147 147 152 152 152 162 162 162 159 159 159 121 121 121 163 163 163 121 121 121 149 149 149 163 163 163 163 163 163 149 149 149 164 164 164 149 149 149 165 165 165 166 166 166 149 149 149 144 144 144 165 165 165 144 144 144 155 155 155 167 167 167 144 144 144 167 167 167 165 165 165 155 155 155 150 150 150 167 167 167 150 150 150 151 151 151 168 168 168 151 151 151 156 156 156 168 168 168 168 168 168 156 156 156 169 169 169 156 156 156 160 160 160 169 169 169 152 152 152 153 153 153 170 170 170 148 148 148 143 143 143 171 171 171 171 171 171 143 143 143 158 158 158 165 165 165 167 167 167 172 172 172 172 172 172 167 167 167 173 173 173 167 167 167 174 174 174 173 173 173 167 167 167 150 150 150 174 174 174 150 150 150 168 168 168 174 174 174 169 169 169 160 160 160 175 175 175 160 160 160 176 176 176 175 175 175 160 160 160 161 161 161 176 176 176 161 161 161 162 162 162 176 176 176 153 153 153 154 154 154 170 170 170 177 177 177 148 148 148 178 178 178 178 178 178 148 148 148 171 171 171 164 164 164 149 149 149 179 179 179 149 149 149 166 166 166 179 179 179 166 166 166 165 165 165 172 172 172 172 172 172 173 173 173 180 180 180 174 174 174 168 168 168 181 181 181 169 169 169 182 182 182 168 168 168 169 169 169 175 175 175 182 182 182 176 176 176 162 162 162 183 183 183 162 162 162 152 152 152 170 170 170 162 162 162 170 170 170 184 184 184 166 166 166 172 172 172 185 185 185 172 172 172 180 180 180 186 186 186 180 180 180 173 173 173 187 187 187 173 173 173 174 174 174 187 187 187 187 187 187 174 174 174 181 181 181 168 168 168 182 182 182 181 181 181 182 182 182 175 175 175 188 188 188 175 175 175 176 176 176 188 188 188 176 176 176 183 183 183 188 188 188 186 186 186 180 180 180 189 189 189 189 189 189 180 180 180 190 190 190 191 191 191 187 187 187 192 192 192 192 192 192 181 181 181 193 193 193 193 193 193 181 181 181 194 194 194 194 194 194 188 188 188 195 195 195 188 188 188 183 183 183 196 196 196 179 179 179 166 166 166 185 185 185 185 185 185 172 172 172 186 186 186 170 170 170 154 154 154 197 197 197 158 158 158 157 157 157 198 198 198 185 185 185 186 186 186 199 199 199 186 186 186 189 189 189 199 199 199 189 189 189 200 200 200 199 199 199 189 189 189 190 190 190 200 200 200 190 190 190 191 191 191 201 201 201 190 190 190 201 201 201 200 200 200 191 191 191 202 202 202 201 201 201 191 191 191 192 192 192 202 202 202 202 202 202 192 192 192 203 203 203 192 192 192 193 193 193 204 204 204 192 192 192 204 204 204 203 203 203 193 193 193 194 194 194 204 204 204 194 194 194 205 205 205 204 204 204 194 194 194 206 206 206 205 205 205 194 194 194 195 195 195 206 206 206 195 195 195 207 207 207 206 206 206 207 207 207 195 195 195 208 208 208 207 207 207 208 208 208 209 209 209 195 195 195 188 188 188 208 208 208 188 188 188 210 210 210 208 208 208 208 208 208 210 210 210 209 209 209 188 188 188 196 196 196 211 211 211 188 188 188 211 211 211 210 210 210 159 159 159 163 163 163 212 212 212 164 164 164 179 179 179 213 213 213 184 184 184 170 170 170 214 214 214 197 197 197 154 154 154 215 215 215 216 216 216 217 217 217 218 218 218 219 219 219 220 220 220 221 221 221 216 216 216 218 218 218 222 222 222 219 219 219 221 221 221 223 223 223 219 219 219 223 223 223 224 224 224 223 223 223 221 221 221 225 225 225 218 218 218 226 226 226 227 227 227 222 222 222 218 218 218 227 227 227 224 224 224 223 223 223 228 228 228 223 223 223 225 225 225 229 229 229 227 227 227 226 226 226 230 230 230 226 226 226 231 231 231 230 230 230 232 232 232 224 224 224 228 228 228 228 228 228 223 223 223 233 233 233 223 223 223 229 229 229 233 233 233 227 227 227 230 230 230 234 234 234 232 232 232 228 228 228 235 235 235 225 225 225 221 221 221 229 229 229 229 229 229 221 221 221 236 236 236 222 222 222 227 227 227 237 237 237 222 222 222 237 237 237 238 238 238 227 227 227 234 234 234 237 237 237 239 239 239 240 240 240 241 241 241 240 240 240 242 242 242 241 241 241 235 235 235 228 228 228 243 243 243 228 228 228 233 233 233 243 243 243 230 230 230 231 231 231 244 244 244 241 241 241 242 242 242 245 245 245 242 242 242 235 235 235 245 245 245 245 245 245 235 235 235 246 246 246 234 234 234 230 230 230 247 247 247 230 230 230 244 244 244 247 247 247 231 231 231 239 239 239 244 244 244 239 239 239 241 241 241 244 244 244 235 235 235 243 243 243 246 246 246 241 241 241 248 248 248 244 244 244 241 241 241 245 245 245 248 248 248 248 248 248 245 245 245 249 249 249 245 245 245 246 246 246 249 249 249 246 246 246 243 243 243 250 250 250 251 251 251 233 233 233 252 252 252 233 233 233 229 229 229 252 252 252 234 234 234 247 247 247 253 253 253 237 237 237 234 234 234 254 254 254 237 237 237 254 254 254 255 255 255 234 234 234 253 253 253 254 254 254 229 229 229 236 236 236 256 256 256 250 250 250 243 243 243 257 257 257 243 243 243 233 233 233 257 257 257 257 257 257 233 233 233 251 251 251 238 238 238 237 237 237 258 258 258 237 237 237 255 255 255 258 258 258 249 249 249 246 246 246 259 259 259 260 260 260 246 246 246 250 250 250 253 253 253 247 247 247 261 261 261 247 247 247 244 244 244 261 261 261 249 249 249 259 259 259 248 248 248 255 255 255 254 254 254 262 262 262 248 248 248 259 259 259 263 263 263 246 246 246 260 260 260 259 259 259 229 229 229 256 256 256 264 264 264 261 261 261 244 244 244 265 265 265 265 265 265 244 244 244 248 248 248 252 252 252 229 229 229 264 264 264 259 259 259 266 266 266 263 263 263 238 238 238 258 258 258 267 267 267 254 254 254 253 253 253 262 262 262 250 250 250 257 257 257 260 260 260 266 266 266 259 259 259 268 268 268 259 259 259 269 269 269 268 268 268 259 259 259 260 260 260 269 269 269 265 265 265 248 248 248 270 270 270 248 248 248 263 263 263 270 270 270 255 255 255 262 262 262 258 258 258 262 262 262 253 253 253 271 271 271 253 253 253 261 261 261 271 271 271 265 265 265 270 270 270 261 261 261 270 270 270 263 263 263 272 272 272 263 263 263 273 273 273 272 272 272 263 263 263 266 266 266 273 273 273 266 266 266 268 268 268 274 274 274 257 257 257 251 251 251 275 275 275 251 251 251 252 252 252 275 275 275 262 262 262 271 271 271 276 276 276 266 266 266 274 274 274 273 273 273 262 262 262 276 276 276 258 258 258 260 260 260 257 257 257 275 275 275 261 261 261 270 270 270 277 277 277 270 270 270 278 278 278 277 277 277 270 270 270 272 272 272 278 278 278 268 268 268 279 279 279 274 274 274 268 268 268 269 269 269 279 279 279 269 269 269 260 260 260 280 280 280 260 260 260 275 275 275 280 280 280 252 252 252 264 264 264 281 281 281 279 279 279 269 269 269 280 280 280 275 275 275 252 252 252 282 282 282 264 264 264 256 256 256 281 281 281 261 261 261 277 277 277 271 271 271 278 278 278 272 272 272 283 283 283 275 275 275 282 282 282 284 284 284 252 252 252 281 281 281 282 282 282 281 281 281 256 256 256 285 285 285 276 276 276 271 271 271 286 286 286 272 272 272 273 273 273 283 283 283 267 267 267 258 258 258 287 287 287 280 280 280 275 275 275 288 288 288 287 287 287 258 258 258 289 289 289 279 279 279 280 280 280 290 290 290 289 289 289 258 258 258 291 291 291 258 258 258 276 276 276 291 291 291 286 286 286 271 271 271 277 277 277 273 273 273 274 274 274 292 292 292 274 274 274 279 279 279 292 292 292 290 290 290 280 280 280 288 288 288 288 288 288 275 275 275 284 284 284 282 282 282 281 281 281 293 293 293 278 278 278 283 283 283 294 294 294 283 283 283 273 273 273 292 292 292 277 277 277 278 278 278 294 294 294 284 284 284 282 282 282 295 295 295 277 277 277 294 294 294 296 296 296 293 293 293 281 281 281 297 297 297 281 281 281 285 285 285 297 297 297 288 288 288 284 284 284 298 298 298 276 276 276 286 286 286 291 291 291 279 279 279 290 290 290 292 292 292 290 290 290 288 288 288 292 292 292 295 295 295 282 282 282 293 293 293 286 286 286 277 277 277 296 296 296 294 294 294 283 283 283 299 299 299 292 292 292 288 288 288 298 298 298 298 298 298 284 284 284 295 295 295 293 293 293 297 297 297 300 300 300 296 296 296 294 294 294 299 299 299 299 299 299 283 283 283 301 301 301 283 283 283 292 292 292 301 301 301 302 302 302 292 292 292 298 298 298 298 298 298 295 295 295 303 303 303 295 295 295 293 293 293 304 304 304 289 289 289 291 291 291 305 305 305 291 291 291 286 286 286 306 306 306 286 286 286 296 296 296 306 306 306 302 302 302 298 298 298 307 307 307 298 298 298 303 303 303 307 307 307 307 307 307 303 303 303 308 308 308 295 295 295 304 304 304 303 303 303 287 287 287 289 289 289 309 309 309 292 292 292 302 302 302 310 310 310 309 309 309 289 289 289 305 305 305 306 306 306 296 296 296 311 311 311 299 299 299 312 312 312 296 296 296 292 292 292 310 310 310 301 301 301 308 308 308 303 303 303 313 313 313 293 293 293 300 300 300 304 304 304 299 299 299 301 301 301 312 312 312 311 311 311 296 296 296 312 312 312 303 303 303 304 304 304 313 313 313 291 291 291 306 306 306 314 314 314 302 302 302 307 307 307 308 308 308 313 313 313 304 304 304 315 315 315 305 305 305 291 291 291 314 314 314 306 306 306 311 311 311 316 316 316 301 301 301 317 317 317 312 312 312 301 301 301 310 310 310 317 317 317 314 314 314 306 306 306 316 316 316 310 310 310 302 302 302 318 318 318 302 302 302 308 308 308 318 318 318 304 304 304 300 300 300 315 315 315 315 315 315 300 300 300 319 319 319 300 300 300 297 297 297 319 319 319 309 309 309 305 305 305 320 320 320 311 311 311 321 321 321 316 316 316 311 311 311 312 312 312 321 321 321 310 310 310 318 318 318 322 322 322 318 318 318 308 308 308 323 323 323 308 308 308 313 313 313 323 323 323 312 312 312 317 317 317 324 324 324 297 297 297 285 285 285 319 319 319 319 319 319 285 285 285 325 325 325 305 305 305 314 314 314 320 320 320 312 312 312 324 324 324 321 321 321 317 317 317 310 310 310 322 322 322 322 322 322 318 318 318 323 323 323 323 323 323 313 313 313 326 326 326 313 313 313 315 315 315 326 326 326 316 316 316 321 321 321 327 327 327 324 324 324 317 317 317 328 328 328 317 317 317 322 322 322 328 328 328 322 322 322 323 323 323 329 329 329 314 314 314 316 316 316 330 330 330 316 316 316 331 331 331 330 330 330 331 331 331 316 316 316 327 327 327 321 321 321 324 324 324 332 332 332 315 315 315 319 319 319 333 333 333 326 326 326 315 315 315 334 334 334 315 315 315 333 333 333 334 334 334 320 320 320 314 314 314 330 330 330 332 332 332 324 324 324 328 328 328 321 321 321 332 332 332 335 335 335 321 321 321 335 335 335 327 327 327 322 322 322 329 329 329 328 328 328 323 323 323 326 326 326 329 329 329 319 319 319 325 325 325 336 336 336 309 309 309 320 320 320 337 337 337 337 337 337 320 320 320 338 338 338 320 320 320 330 330 330 338 338 338 336 336 336 325 325 325 339 339 339 331 331 331 327 327 327 335 335 335 335 335 335 332 332 332 340 340 340 338 338 338 330 330 330 341 341 341 330 330 330 331 331 331 341 341 341 328 328 328 329 329 329 342 342 342 342 342 342 329 329 329 343 343 343 343 343 343 329 329 329 344 344 344 329 329 329 326 326 326 344 344 344 344 344 344 326 326 326 345 345 345 333 333 333 319 319 319 336 336 336 332 332 332 328 328 328 342 342 342 326 326 326 334 334 334 345 345 345 345 345 345 334 334 334 346 346 346 334 334 334 333 333 333 346 346 346 333 333 333 336 336 336 346 346 346 331 331 331 335 335 335 347 347 347 347 347 347 335 335 335 348 348 348 335 335 335 340 340 340 348 348 348 340 340 340 332 332 332 349 349 349 341 341 341 331 331 331 350 350 350 331 331 331 347 347 347 350 350 350 342 342 342 343 343 343 351 351 351 343 343 343 344 344 344 352 352 352 332 332 332 342 342 342 349 349 349 343 343 343 352 352 352 351 351 351 344 344 344 345 345 345 352 352 352 346 346 346 336 336 336 353 353 353 353 353 353 336 336 336 354 354 354 336 336 336 339 339 339 354 354 354 338 338 338 341 341 341 350 350 350 337 337 337 338 338 338 355 355 355 338 338 338 350 350 350 356 356 356 350 350 350 347 347 347 357 357 357 357 357 357 347 347 347 348 348 348 348 348 348 340 340 340 358 358 358 340 340 340 349 349 349 359 359 359 349 349 349 342 342 342 351 351 351 345 345 345 346 346 346 360 360 360 354 354 354 339 339 339 361 361 361 355 355 355 338 338 338 356 356 356 351 351 351 352 352 352 362 362 362 352 352 352 345 345 345 360 360 360 360 360 360 346 346 346 353 353 353 340 340 340 359 359 359 358 358 358 349 349 349 351 351 351 363 363 363 349 349 349 363 363 363 359 359 359 356 356 356 350 350 350 364 364 364 353 353 353 354 354 354 365 365 365 350 350 350 357 357 357 364 364 364 359 359 359 363 363 363 366 366 366 362 362 362 352 352 352 360 360 360 360 360 360 353 353 353 367 367 367 353 353 353 365 365 365 367 367 367 365 365 365 354 354 354 368 368 368 357 357 357 348 348 348 369 369 369 351 351 351 362 362 362 363 363 363 362 362 362 370 370 370 363 363 363 348 348 348 358 358 358 371 371 371 358 358 358 359 359 359 372 372 372 362 362 362 360 360 360 370 370 370 348 348 348 371 371 371 369 369 369 360 360 360 373 373 373 370 370 370 355 355 355 356 356 356 374 374 374 364 364 364 357 357 357 375 375 375 356 356 356 364 364 364 374 374 374 359 359 359 366 366 366 372 372 372 355 355 355 374 374 374 376 376 376 374 374 374 364 364 364 375 375 375 363 363 363 370 370 370 366 366 366 360 360 360 367 367 367 373 373 373 354 354 354 361 361 361 377 377 377 366 366 366 370 370 370 378 378 378 375 375 375 357 357 357 379 379 379 357 357 357 369 369 369 379 379 379 371 371 371 358 358 358 372 372 372 372 372 372 366 366 366 380 380 380 370 370 370 373 373 373 378 378 378 373 373 373 367 367 367 381 381 381 380 380 380 366 366 366 382 382 382 378 378 378 373 373 373 383 383 383 367 367 367 365 365 365 381 381 381 376 376 376 374 374 374 384 384 384 366 366 366 378 378 378 382 382 382 368 368 368 354 354 354 385 385 385 354 354 354 377 377 377 385 385 385 378 378 378 383 383 383 382 382 382 369 369 369 371 371 371 386 386 386 371 371 371 372 372 372 386 386 386 383 383 383 373 373 373 387 387 387 373 373 373 381 381 381 387 387 387 374 374 374 375 375 375 384 384 384 379 379 379 369 369 369 388 388 388 369 369 369 389 389 389 388 388 388 369 369 369 386 386 386 389 389 389 372 372 372 380 380 380 390 390 390 381 381 381 365 365 365 391 391 391 365 365 365 368 368 368 391 391 391 375 375 375 379 379 379 384 384 384 383 383 383 387 387 387 382 382 382 381 381 381 391 391 391 392 392 392 368 368 368 385 385 385 391 391 391 386 386 386 372 372 372 390 390 390 393 393 393 380 380 380 394 394 394 380 380 380 382 382 382 394 394 394 382 382 382 387 387 387 394 394 394 387 387 387 381 381 381 395 395 395 395 395 395 381 381 381 392 392 392 379 379 379 388 388 388 396 396 396 389 389 389 386 386 386 390 390 390 395 395 395 392 392 392 397 397 397 385 385 385 377 377 377 398 398 398 390 390 390 380 380 380 393 393 393 394 394 394 387 387 387 395 395 395 391 391 391 385 385 385 399 399 399 385 385 385 398 398 398 399 399 399 392 392 392 391 391 391 400 400 400 391 391 391 399 399 399 400 400 400 376 376 376 384 384 384 401 401 401 401 401 401 384 384 384 402 402 402 384 384 384 379 379 379 403 403 403 384 384 384 403 403 403 402 402 402 379 379 379 396 396 396 403 403 403 389 389 389 404 404 404 388 388 388 389 389 389 390 390 390 404 404 404 390 390 390 393 393 393 404 404 404 393 393 393 394 394 394 405 405 405 405 405 405 394 394 394 397 397 397 394 394 394 395 395 395 397 397 397 397 397 397 392 392 392 406 406 406 392 392 392 400 400 400 406 406 406 376 376 376 401 401 401 407 407 407 404 404 404 393 393 393 405 405 405 403 403 403 396 396 396 408 408 408 396 396 396 388 388 388 408 408 408 388 388 388 404 404 404 408 408 408 404 404 404 409 409 409 408 408 408 404 404 404 405 405 405 409 409 409 405 405 405 397 397 397 406 406 406 405 405 405 406 406 406 409 409 409 400 400 400 399 399 399 410 410 410 399 399 399 398 398 398 410 410 410 401 401 401 411 411 411 407 407 407 401 401 401 402 402 402 411 411 411 402 402 402 412 412 412 411 411 411 402 402 402 403 403 403 412 412 412 403 403 403 408 408 408 412 412 412 409 409 409 406 406 406 413 413 413 406 406 406 414 414 414 413 413 413 406 406 406 400 400 400 415 415 415 415 415 415 400 400 400 416 416 416 400 400 400 410 410 410 416 416 416 407 407 407 411 411 411 417 417 417 416 416 416 410 410 410 418 418 418 185 185 185 199 199 199 419 419 419 185 185 185 419 419 419 420 420 420 199 199 199 421 421 421 419 419 419 422 422 422 423 423 423 424 424 424 424 424 424 423 423 423 425 425 425 421 421 421 199 199 199 426 426 426 423 423 423 427 427 427 425 425 425 199 199 199 200 200 200 426 426 426 427 427 427 428 428 428 425 425 425 200 200 200 429 429 429 426 426 426 427 427 427 430 430 430 428 428 428 428 428 428 430 430 430 431 431 431 200 200 200 201 201 201 429 429 429 429 429 429 201 201 201 432 432 432 430 430 430 433 433 433 431 431 431 201 201 201 202 202 202 432 432 432 431 431 431 433 433 433 434 434 434 202 202 202 203 203 203 432 432 432 432 432 432 203 203 203 435 435 435 433 433 433 436 436 436 434 434 434 203 203 203 204 204 204 435 435 435 204 204 204 205 205 205 435 435 435 436 436 436 437 437 437 434 434 434 434 434 434 437 437 437 438 438 438 437 437 437 439 439 439 438 438 438 196 196 196 184 184 184 440 440 440 212 212 212 163 163 163 441 441 441 163 163 163 164 164 164 441 441 441 441 441 441 164 164 164 213 213 213 179 179 179 185 185 185 420 420 420 424 424 424 425 425 425 442 442 442 428 428 428 431 431 431 443 443 443 431 431 431 434 434 434 443 443 443 443 443 443 434 434 434 444 444 444 434 434 434 445 445 445 444 444 444 434 434 434 438 438 438 445 445 445 438 438 438 446 446 446 445 445 445 439 439 439 447 447 447 438 438 438 438 438 438 447 447 447 448 448 448 438 438 438 448 448 448 446 446 446 447 447 447 449 449 449 448 448 448 448 448 448 450 450 450 446 446 446 448 448 448 449 449 449 451 451 451 448 448 448 451 451 451 450 450 450 449 449 449 452 452 452 451 451 451 452 452 452 453 453 453 454 454 454 452 452 452 454 454 454 451 451 451 451 451 451 454 454 454 450 450 450 450 450 450 454 454 454 455 455 455 184 184 184 214 214 214 440 440 440 456 456 456 442 442 442 457 457 457 456 456 456 457 457 457 458 458 458 442 442 442 425 425 425 457 457 457 425 425 425 428 428 428 459 459 459 444 444 444 460 460 460 461 461 461 444 444 444 445 445 445 460 460 460 445 445 445 462 462 462 460 460 460 445 445 445 446 446 446 462 462 462 462 462 462 446 446 446 463 463 463 446 446 446 464 464 464 463 463 463 446 446 446 450 450 450 464 464 464 450 450 450 455 455 455 464 464 464 458 458 458 457 457 457 217 217 217 457 457 457 425 425 425 217 217 217 425 425 425 459 459 459 217 217 217 459 459 459 428 428 428 465 465 465 428 428 428 443 443 443 465 465 465 465 465 465 443 443 443 466 466 466 466 466 466 443 443 443 467 467 467 443 443 443 444 444 444 467 467 467 455 455 455 220 220 220 464 464 464 455 455 455 468 468 468 469 469 469 226 226 226 459 459 459 465 465 465 444 444 444 470 470 470 467 467 467 444 444 444 461 461 461 470 470 470 461 461 461 460 460 460 462 462 462 463 463 463 464 464 464 219 219 219 458 458 458 217 217 217 216 216 216 217 217 217 459 459 459 218 218 218 459 459 459 226 226 226 218 218 218 467 467 467 470 470 470 471 471 471 461 461 461 462 462 462 472 472 472 461 461 461 472 472 472 470 470 470 462 462 462 463 463 463 473 473 473 462 462 462 473 473 473 472 472 472 463 463 463 219 219 219 473 473 473 226 226 226 465 465 465 466 466 466 470 470 470 472 472 472 471 471 471 473 473 473 232 232 232 472 472 472 232 232 232 473 473 473 224 224 224 473 473 473 219 219 219 224 224 224 467 467 467 471 471 471 240 240 240 226 226 226 466 466 466 231 231 231 466 466 466 239 239 239 231 231 231 466 466 466 467 467 467 239 239 239 467 467 467 240 240 240 239 239 239 471 471 471 472 472 472 242 242 242 240 240 240 471 471 471 242 242 242 472 472 472 232 232 232 242 242 242 242 242 242 232 232 232 235 235 235 474 474 474 475 475 475 476 476 476 476 476 476 475 475 475 477 477 477 475 475 475 478 478 478 477 477 477 478 478 478 479 479 479 480 480 480 480 480 480 479 479 479 481 481 481 479 479 479 482 482 482 481 481 481 481 481 481 482 482 482 483 483 483 483 483 483 482 482 482 484 484 484 482 482 482 485 485 485 484 484 484 484 484 484 485 485 485 486 486 486 485 485 485 487 487 487 486 486 486 486 486 486 487 487 487 488 488 488 487 487 487 489 489 489 488 488 488 487 487 487 490 490 490 489 489 489 490 490 490 491 491 491 489 489 489 490 490 490 492 492 492 491 491 491 490 490 490 493 493 493 492 492 492 493 493 493 494 494 494 492 492 492 493 493 493 495 495 495 494 494 494 412 412 412 408 408 408 496 496 496 496 496 496 408 408 408 497 497 497 408 408 408 409 409 409 497 497 497 497 497 497 409 409 409 413 413 413 497 497 497 413 413 413 498 498 498 413 413 413 414 414 414 498 498 498 498 498 498 414 414 414 415 415 415 414 414 414 406 406 406 415 415 415 411 411 411 412 412 412 499 499 499 411 411 411 499 499 499 500 500 500 501 501 501 502 502 502 503 503 503 499 499 499 412 412 412 500 500 500 412 412 412 504 504 504 500 500 500 412 412 412 496 496 496 504 504 504 496 496 496 497 497 497 504 504 504 504 504 504 497 497 497 505 505 505 497 497 497 498 498 498 505 505 505 498 498 498 506 506 506 505 505 505 498 498 498 415 415 415 506 506 506 415 415 415 416 416 416 507 507 507 506 506 506 415 415 415 507 507 507 508 508 508 501 501 501 503 503 503 509 509 509 510 510 510 511 511 511 512 512 512 513 513 513 514 514 514 420 420 420 419 419 419 515 515 515 515 515 515 419 419 419 516 516 516 211 211 211 196 196 196 517 517 517 196 196 196 440 440 440 517 517 517 213 213 213 179 179 179 518 518 518 179 179 179 420 420 420 518 518 518 513 513 513 519 519 519 520 520 520 513 513 513 520 520 520 514 514 514 521 521 521 522 522 522 523 523 523 494 494 494 495 495 495 524 524 524 508 508 508 503 503 503 525 525 525 503 503 503 526 526 526 525 525 525 503 503 503 502 502 502 526 526 526 526 526 526 502 502 502 527 527 527 502 502 502 528 528 528 527 527 527 528 528 528 529 529 529 527 527 527 528 528 528 530 530 530 529 529 529 528 528 528 531 531 531 530 530 530 531 531 531 532 532 532 530 530 530 530 530 530 532 532 532 533 533 533 532 532 532 511 511 511 534 534 534 532 532 532 534 534 534 533 533 533 511 511 511 510 510 510 534 534 534 534 534 534 510 510 510 535 535 535 518 518 518 420 420 420 536 536 536 420 420 420 515 515 515 536 536 536 515 515 515 516 516 516 537 537 537 514 514 514 520 520 520 538 538 538 538 538 538 520 520 520 539 539 539 540 540 540 521 521 521 541 541 541 541 541 541 521 521 521 542 542 542 521 521 521 523 523 523 542 542 542 542 542 542 523 523 523 543 543 543 523 523 523 522 522 522 543 543 543 474 474 474 476 476 476 544 544 544 545 545 545 476 476 476 477 477 477 477 477 477 478 478 478 545 545 545 480 480 480 481 481 481 546 546 546 481 481 481 483 483 483 547 547 547 483 483 483 548 548 548 547 547 547 483 483 483 484 484 484 548 548 548 486 486 486 488 488 488 549 549 549 488 488 488 489 489 489 550 550 550 491 491 491 492 492 492 551 551 551 492 492 492 552 552 552 551 551 551 492 492 492 494 494 494 552 552 552 552 552 552 494 494 494 553 553 553 525 525 525 526 526 526 554 554 554 526 526 526 527 527 527 554 554 554 529 529 529 530 530 530 555 555 555 555 555 555 530 530 530 556 556 556 530 530 530 533 533 533 556 556 556 556 556 556 533 533 533 557 557 557 533 533 533 534 534 534 558 558 558 533 533 533 558 558 558 557 557 557 534 534 534 535 535 535 558 558 558 177 177 177 178 178 178 559 559 559 559 559 559 178 178 178 560 560 560 178 178 178 171 171 171 560 560 560 517 517 517 440 440 440 561 561 561 213 213 213 518 518 518 562 562 562 536 536 536 515 515 515 563 563 563 515 515 515 537 537 537 564 564 564 515 515 515 564 564 564 563 563 563 538 538 538 539 539 539 565 565 565 440 440 440 214 214 214 566 566 566 214 214 214 170 170 170 197 197 197 543 543 543 522 522 522 544 544 544 522 522 522 474 474 474 544 544 544 544 544 544 476 476 476 567 567 567 494 494 494 524 524 524 553 553 553 554 554 554 527 527 527 568 568 568 568 568 568 527 527 527 569 569 569 527 527 527 529 529 529 569 569 569 569 569 569 529 529 529 570 570 570 529 529 529 555 555 555 570 570 570 556 556 556 571 571 571 555 555 555 556 556 556 557 557 557 571 571 571 558 558 558 535 535 535 572 572 572 535 535 535 510 510 510 572 572 572 572 572 572 510 510 510 573 573 573 574 574 574 517 517 517 575 575 575 517 517 517 561 561 561 575 575 575 441 441 441 213 213 213 562 562 562 518 518 518 536 536 536 576 576 576 536 536 536 563 563 563 576 576 576 563 563 563 564 564 564 577 577 577 564 564 564 578 578 578 577 577 577 577 577 577 578 578 578 579 579 579 440 440 440 566 566 566 561 561 561 539 539 539 542 542 542 580 580 580 581 581 581 580 580 580 542 542 542 542 542 542 543 543 543 582 582 582 583 583 583 584 584 584 585 585 585 584 584 584 586 586 586 587 587 587 588 588 588 589 589 589 590 590 590 590 590 590 589 589 589 591 591 591 476 476 476 545 545 545 567 567 567 591 591 591 592 592 592 593 593 593 594 594 594 595 595 595 596 596 596 596 596 596 595 595 595 597 597 597 481 481 481 547 547 547 546 546 546 598 598 598 599 599 599 597 597 597 599 599 599 600 600 600 597 597 597 600 600 600 601 601 601 602 602 602 484 484 484 486 486 486 603 603 603 486 486 486 549 549 549 603 603 603 602 602 602 604 604 604 605 605 605 602 602 602 605 605 605 606 606 606 604 604 604 607 607 607 605 605 605 607 607 607 608 608 608 605 605 605 489 489 489 491 491 491 609 609 609 491 491 491 551 551 551 609 609 609 610 610 610 611 611 611 612 612 612 612 612 612 611 611 611 613 613 613 614 614 614 615 615 615 616 616 616 525 525 525 554 554 554 617 617 617 554 554 554 568 568 568 617 617 617 562 562 562 518 518 518 618 618 618 518 518 518 619 619 619 618 618 618 620 620 620 621 621 621 622 622 622 623 623 623 624 624 624 625 625 625 623 623 623 626 626 626 624 624 624 624 624 624 626 626 626 627 627 627 627 627 627 626 626 626 628 628 628 626 626 626 629 629 629 628 628 628 629 629 629 630 630 630 631 631 631 629 629 629 631 631 631 628 628 628 630 630 630 632 632 632 631 631 631 632 632 632 633 633 633 631 631 631 632 632 632 634 634 634 633 633 633 633 633 633 634 634 634 635 635 635 634 634 634 636 636 636 635 635 635 634 634 634 637 637 637 636 636 636 637 637 637 638 638 638 636 636 636 638 638 638 639 639 639 640 640 640 639 639 639 641 641 641 642 642 642 582 582 582 543 543 543 643 643 643 641 641 641 644 644 644 645 645 645 641 641 641 645 645 645 642 642 642 543 543 543 544 544 544 643 643 643 643 643 643 544 544 544 567 567 567 646 646 646 647 647 647 648 648 648 648 648 648 647 647 647 649 649 649 567 567 567 545 545 545 650 650 650 545 545 545 478 478 478 650 650 650 650 650 650 478 478 478 651 651 651 478 478 478 480 480 480 652 652 652 478 478 478 652 652 652 651 651 651 480 480 480 546 546 546 652 652 652 546 546 546 547 547 547 653 653 653 547 547 547 548 548 548 653 653 653 548 548 548 484 484 484 603 603 603 549 549 549 488 488 488 654 654 654 488 488 488 550 550 550 654 654 654 489 489 489 609 609 609 550 550 550 655 655 655 656 656 656 657 657 657 655 655 655 658 658 658 656 656 656 658 658 658 659 659 659 656 656 656 658 658 658 660 660 660 659 659 659 661 661 661 659 659 659 660 660 660 662 662 662 663 663 663 664 664 664 664 664 664 663 663 663 665 665 665 666 666 666 665 665 665 667 667 667 663 663 663 667 667 667 665 665 665 553 553 553 524 524 524 668 668 668 524 524 524 495 495 495 668 668 668 508 508 508 525 525 525 669 669 669 568 568 568 569 569 569 670 670 670 569 569 569 570 570 570 670 670 670 670 670 670 570 570 570 671 671 671 570 570 570 555 555 555 671 671 671 555 555 555 672 672 672 671 671 671 555 555 555 673 673 673 672 672 672 555 555 555 571 571 571 673 673 673 571 571 571 674 674 674 673 673 673 571 571 571 557 557 557 674 674 674 674 674 674 557 557 557 675 675 675 557 557 557 558 558 558 675 675 675 558 558 558 572 572 572 676 676 676 171 171 171 158 158 158 560 560 560 574 574 574 575 575 575 677 677 677 574 574 574 677 677 677 678 678 678 575 575 575 561 561 561 679 679 679 575 575 575 679 679 679 677 677 677 518 518 518 576 576 576 619 619 619 563 563 563 577 577 577 680 680 680 620 620 620 622 622 622 681 681 681 681 681 681 622 622 622 682 682 682 561 561 561 566 566 566 679 679 679 566 566 566 214 214 214 683 683 683 214 214 214 197 197 197 683 683 683 197 197 197 215 215 215 684 684 684 581 581 581 542 542 542 685 685 685 542 542 542 582 582 582 685 685 685 625 625 625 624 624 624 686 686 686 624 624 624 627 627 627 687 687 687 624 624 624 687 687 687 686 686 686 627 627 627 628 628 628 687 687 687 628 628 628 688 688 688 687 687 687 628 628 628 631 631 631 688 688 688 688 688 688 631 631 631 689 689 689 631 631 631 633 633 633 689 689 689 689 689 689 633 633 633 690 690 690 633 633 633 635 635 635 690 690 690 690 690 690 635 635 635 691 691 691 635 635 635 692 692 692 691 691 691 635 635 635 636 636 636 692 692 692 636 636 636 693 693 693 692 692 692 636 636 636 638 638 638 693 693 693 693 693 693 638 638 638 640 640 640 640 640 640 639 639 639 694 694 694 639 639 639 642 642 642 694 694 694 640 640 640 694 694 694 695 695 695 642 642 642 645 645 645 694 694 694 643 643 643 567 567 567 696 696 696 567 567 567 650 650 650 696 696 696 548 548 548 603 603 603 653 653 653 550 550 550 697 697 697 654 654 654 697 697 697 550 550 550 609 609 609 609 609 609 551 551 551 698 698 698 551 551 551 552 552 552 698 698 698 552 552 552 553 553 553 699 699 699 700 700 700 655 655 655 657 657 657 669 669 669 525 525 525 701 701 701 525 525 525 617 617 617 702 702 702 525 525 525 702 702 702 701 701 701 617 617 617 568 568 568 702 702 702 675 675 675 558 558 558 676 676 676 560 560 560 158 158 158 703 703 703 703 703 703 158 158 158 198 198 198 677 677 677 679 679 679 704 704 704 576 576 576 563 563 563 705 705 705 563 563 563 680 680 680 705 705 705 679 679 679 566 566 566 706 706 706 688 688 688 707 707 707 708 708 708 688 688 688 689 689 689 707 707 707 709 709 709 689 689 689 690 690 690 693 693 693 640 640 640 710 710 710 710 710 710 640 640 640 695 695 695 582 582 582 643 643 643 711 711 711 695 695 695 694 694 694 712 712 712 694 694 694 645 645 645 712 712 712 712 712 712 645 645 645 713 713 713 714 714 714 650 650 650 715 715 715 650 650 650 651 651 651 715 715 715 651 651 651 652 652 652 716 716 716 652 652 652 546 546 546 717 717 717 546 546 546 653 653 653 717 717 717 653 653 653 718 718 718 717 717 717 718 718 718 653 653 653 719 719 719 653 653 653 603 603 603 719 719 719 549 549 549 654 654 654 697 697 697 699 699 699 553 553 553 720 720 720 553 553 553 668 668 668 720 720 720 702 702 702 568 568 568 721 721 721 674 674 674 675 675 675 722 722 722 679 679 679 706 706 706 704 704 704 212 212 212 441 441 441 723 723 723 681 681 681 682 682 682 724 724 724 566 566 566 683 683 683 706 706 706 685 685 685 582 582 582 725 725 725 725 725 725 582 582 582 711 711 711 625 625 625 686 686 686 726 726 726 687 687 687 688 688 688 708 708 708 687 687 687 708 708 708 727 727 727 690 690 690 691 691 691 728 728 728 691 691 691 692 692 692 728 728 728 728 728 728 692 692 692 729 729 729 710 710 710 695 695 695 730 730 730 730 730 730 695 695 695 712 712 712 696 696 696 650 650 650 714 714 714 603 603 603 549 549 549 731 731 731 697 697 697 609 609 609 732 732 732 698 698 698 552 552 552 733 733 733 552 552 552 734 734 734 733 733 733 552 552 552 699 699 699 734 734 734 674 674 674 722 722 722 673 673 673 619 619 619 576 576 576 735 735 735 576 576 576 705 705 705 735 735 735 683 683 683 197 197 197 736 736 736 581 581 581 685 685 685 737 737 737 726 726 726 686 686 686 738 738 738 686 686 686 687 687 687 739 739 739 686 686 686 739 739 739 738 738 738 687 687 687 727 727 727 739 739 739 707 707 707 689 689 689 740 740 740 740 740 740 689 689 689 709 709 709 692 692 692 693 693 693 710 710 710 712 712 712 713 713 713 741 741 741 711 711 711 643 643 643 742 742 742 715 715 715 651 651 651 716 716 716 719 719 719 603 603 603 731 731 731 731 731 731 549 549 549 743 743 743 549 549 549 697 697 697 743 743 743 609 609 609 698 698 698 732 732 732 721 721 721 568 568 568 744 744 744 568 568 568 670 670 670 744 744 744 744 744 744 670 670 670 745 745 745 670 670 670 671 671 671 745 745 745 745 745 745 671 671 671 746 746 746 746 746 746 671 671 671 747 747 747 671 671 671 672 672 672 747 747 747 672 672 672 673 673 673 747 747 747 673 673 673 722 722 722 748 748 748 675 675 675 676 676 676 749 749 749 676 676 676 572 572 572 750 750 750 572 572 572 573 573 573 750 750 750 751 751 751 752 752 752 753 753 753 753 753 753 752 752 752 754 754 754 755 755 755 756 756 756 757 757 757 758 758 758 759 759 759 760 760 760 752 752 752 761 761 761 762 762 762 752 752 752 762 762 762 754 754 754 761 761 761 763 763 763 764 764 764 761 761 761 764 764 764 762 762 762 560 560 560 703 703 703 765 765 765 763 763 763 766 766 766 764 764 764 764 764 764 766 766 766 767 767 767 678 678 678 677 677 677 768 768 768 704 704 704 706 706 706 769 769 769 705 705 705 680 680 680 770 770 770 681 681 681 724 724 724 771 771 771 736 736 736 197 197 197 684 684 684 729 729 729 692 692 692 772 772 772 692 692 692 710 710 710 772 772 772 696 696 696 714 714 714 773 773 773 714 714 714 774 774 774 773 773 773 652 652 652 775 775 775 716 716 716 652 652 652 717 717 717 775 775 775 718 718 718 719 719 719 776 776 776 719 719 719 731 731 731 776 776 776 743 743 743 697 697 697 777 777 777 697 697 697 778 778 778 777 777 777 697 697 697 732 732 732 778 778 778 778 778 778 732 732 732 779 779 779 698 698 698 733 733 733 732 732 732 750 750 750 573 573 573 780 780 780 781 781 781 782 782 782 783 783 783 784 784 784 785 785 785 786 786 786 786 786 786 785 785 785 787 787 787 785 785 785 788 788 788 787 787 787 787 787 787 788 788 788 789 789 789 753 753 753 754 754 754 790 790 790 753 753 753 790 790 790 791 791 791 788 788 788 792 792 792 793 793 793 788 788 788 793 793 793 789 789 789 786 786 786 787 787 787 794 794 794 786 786 786 794 794 794 795 795 795 787 787 787 789 789 789 796 796 796 787 787 787 796 796 796 794 794 794 754 754 754 762 762 762 797 797 797 754 754 754 797 797 797 790 790 790 789 789 789 793 793 793 796 796 796 796 796 796 793 793 793 798 798 798 795 795 795 794 794 794 799 799 799 799 799 799 794 794 794 800 800 800 794 794 794 796 796 796 801 801 801 794 794 794 801 801 801 800 800 800 762 762 762 764 764 764 797 797 797 797 797 797 764 764 764 802 802 802 796 796 796 798 798 798 803 803 803 796 796 796 803 803 803 801 801 801 800 800 800 801 801 801 804 804 804 764 764 764 767 767 767 802 802 802 802 802 802 767 767 767 805 805 805 801 801 801 803 803 803 806 806 806 801 801 801 806 806 806 804 804 804 723 723 723 441 441 441 807 807 807 441 441 441 562 562 562 807 807 807 807 807 807 562 562 562 808 808 808 562 562 562 618 618 618 808 808 808 619 619 619 735 735 735 809 809 809 708 708 708 707 707 707 810 810 810 740 740 740 709 709 709 811 811 811 690 690 690 728 728 728 709 709 709 712 712 712 741 741 741 812 812 812 643 643 643 696 696 696 813 813 813 813 813 813 696 696 696 814 814 814 814 814 814 696 696 696 815 815 815 696 696 696 773 773 773 815 815 815 715 715 715 716 716 716 816 816 816 717 717 717 718 718 718 775 775 775 720 720 720 668 668 668 817 817 817 669 669 669 701 701 701 818 818 818 559 559 559 560 560 560 819 819 819 560 560 560 765 765 765 819 819 819 618 618 618 619 619 619 820 820 820 619 619 619 809 809 809 820 820 820 707 707 707 821 821 821 810 810 810 707 707 707 740 740 740 821 821 821 728 728 728 729 729 729 822 822 822 772 772 772 710 710 710 823 823 823 710 710 710 730 730 730 823 823 823 712 712 712 812 812 812 730 730 730 742 742 742 643 643 643 813 813 813 774 774 774 714 714 714 816 816 816 714 714 714 715 715 715 816 816 816 775 775 775 718 718 718 776 776 776 721 721 721 744 744 744 702 702 702 673 673 673 748 748 748 824 824 824 722 722 722 675 675 675 825 825 825 675 675 675 749 749 749 825 825 825 768 768 768 677 677 677 826 826 826 677 677 677 704 704 704 826 826 826 735 735 735 705 705 705 809 809 809 809 809 809 705 705 705 827 827 827 771 771 771 724 724 724 828 828 828 685 685 685 725 725 725 829 829 829 726 726 726 738 738 738 830 830 830 711 711 711 742 742 742 725 725 725 773 773 773 774 774 774 815 815 815 716 716 716 775 775 775 816 816 816 775 775 775 831 831 831 816 816 816 731 731 731 743 743 743 832 832 832 733 733 733 734 734 734 833 833 833 734 734 734 699 699 699 833 833 833 701 701 701 702 702 702 834 834 834 747 747 747 673 673 673 835 835 835 673 673 673 824 824 824 835 835 835 749 749 749 676 676 676 836 836 836 676 676 676 750 750 750 836 836 836 559 559 559 819 819 819 837 837 837 703 703 703 198 198 198 838 838 838 826 826 826 704 704 704 839 839 839 704 704 704 769 769 769 839 839 839 705 705 705 770 770 770 827 827 827 683 683 683 736 736 736 840 840 840 737 737 737 685 685 685 841 841 841 685 685 685 829 829 829 841 841 841 811 811 811 709 709 709 842 842 842 709 709 709 728 728 728 842 842 842 842 842 842 728 728 728 822 822 822 729 729 729 843 843 843 822 822 822 729 729 729 772 772 772 844 844 844 777 777 777 778 778 778 845 845 845 779 779 779 732 732 732 846 846 846 846 846 846 732 732 732 733 733 733 699 699 699 720 720 720 847 847 847 818 818 818 701 701 701 848 848 848 701 701 701 834 834 834 848 848 848 746 746 746 849 849 849 745 745 745 722 722 722 825 825 825 748 748 748 765 765 765 703 703 703 850 850 850 703 703 703 838 838 838 850 850 850 808 808 808 618 618 618 820 820 820 830 830 830 738 738 738 851 851 851 738 738 738 739 739 739 851 851 851 821 821 821 740 740 740 852 852 852 852 852 852 740 740 740 853 853 853 740 740 740 811 811 811 853 853 853 842 842 842 822 822 822 854 854 854 729 729 729 844 844 844 843 843 843 844 844 844 772 772 772 823 823 823 814 814 814 815 815 815 855 855 855 775 775 775 776 776 776 856 856 856 776 776 776 731 731 731 856 856 856 778 778 778 779 779 779 857 857 857 699 699 699 847 847 847 833 833 833 834 834 834 702 702 702 858 858 858 702 702 702 744 744 744 858 858 858 750 750 750 780 780 780 859 859 859 737 737 737 841 841 841 860 860 860 851 851 851 739 739 739 861 861 861 739 739 739 727 727 727 861 861 861 727 727 727 708 708 708 862 862 862 708 708 708 810 810 810 862 862 862 810 810 810 821 821 821 852 852 852 811 811 811 842 842 842 853 853 853 854 854 854 822 822 822 863 863 863 822 822 822 843 843 843 863 863 863 823 823 823 730 730 730 812 812 812 814 814 814 855 855 855 813 813 813 855 855 855 815 815 815 774 774 774 775 775 775 864 864 864 831 831 831 864 864 864 775 775 775 856 856 856 856 856 856 731 731 731 832 832 832 743 743 743 777 777 777 832 832 832 777 777 777 845 845 845 832 832 832 744 744 744 745 745 745 849 849 849 768 768 768 826 826 826 865 865 865 809 809 809 827 827 827 866 866 866 827 827 827 770 770 770 867 867 867 771 771 771 828 828 828 868 868 868 736 736 736 684 684 684 869 869 869 810 810 810 852 852 852 862 862 862 733 733 733 833 833 833 870 870 870 747 747 747 835 835 835 871 871 871 850 850 850 838 838 838 872 872 872 723 723 723 807 807 807 873 873 873 807 807 807 808 808 808 873 873 873 866 866 866 827 827 827 874 874 874 827 827 827 867 867 867 874 874 874 861 861 861 727 727 727 862 862 862 852 852 852 853 853 853 875 875 875 823 823 823 812 812 812 876 876 876 812 812 812 741 741 741 877 877 877 813 813 813 855 855 855 878 878 878 855 855 855 774 774 774 879 879 879 774 774 774 816 816 816 879 879 879 816 816 816 831 831 831 879 879 879 832 832 832 880 880 880 856 856 856 846 846 846 733 733 733 881 881 881 858 858 858 744 744 744 882 882 882 874 874 874 883 883 883 884 884 884 839 839 839 769 769 769 885 885 885 769 769 769 706 706 706 886 886 886 874 874 874 867 867 867 883 883 883 887 887 887 868 868 868 888 888 888 868 868 868 828 828 828 888 888 888 706 706 706 683 683 683 886 886 886 829 829 829 725 725 725 889 889 889 863 863 863 843 843 843 890 890 890 843 843 843 844 844 844 890 890 890 725 725 725 742 742 742 889 889 889 812 812 812 877 877 877 876 876 876 742 742 742 813 813 813 891 891 891 847 847 847 720 720 720 892 892 892 720 720 720 817 817 817 892 892 892 849 849 849 746 746 746 893 893 893 746 746 746 747 747 747 871 871 871 824 824 824 748 748 748 894 894 894 837 837 837 819 819 819 895 895 895 819 819 819 765 765 765 895 895 895 723 723 723 873 873 873 896 896 896 808 808 808 820 820 820 897 897 897 683 683 683 840 840 840 886 886 886 861 861 861 862 862 862 898 898 898 862 862 862 852 852 852 899 899 899 813 813 813 878 878 878 891 891 891 831 831 831 864 864 864 900 900 900 864 864 864 901 901 901 900 900 900 864 864 864 856 856 856 901 901 901 832 832 832 845 845 845 880 880 880 892 892 892 817 817 817 902 902 902 818 818 818 848 848 848 903 903 903 882 882 882 744 744 744 904 904 904 744 744 744 849 849 849 904 904 904 746 746 746 871 871 871 893 893 893 835 835 835 824 824 824 905 905 905 748 748 748 825 825 825 894 894 894 826 826 826 839 839 839 885 885 885 860 860 860 841 841 841 906 906 906 860 860 860 906 906 906 907 907 907 841 841 841 829 829 829 906 906 906 898 898 898 862 862 862 908 908 908 862 862 862 899 899 899 908 908 908 854 854 854 863 863 863 909 909 909 844 844 844 823 823 823 910 910 910 823 823 823 876 876 876 910 910 910 889 889 889 742 742 742 891 891 891 891 891 891 878 878 878 911 911 911 845 845 845 778 778 778 912 912 912 778 778 778 857 857 857 912 912 912 857 857 857 779 779 779 913 913 913 836 836 836 750 750 750 914 914 914 750 750 750 859 859 859 914 914 914 765 765 765 850 850 850 915 915 915 884 884 884 883 883 883 916 916 916 865 865 865 826 826 826 885 885 885 885 885 885 769 769 769 917 917 917 769 769 769 886 886 886 917 917 917 873 873 873 808 808 808 897 897 897 820 820 820 809 809 809 918 918 918 820 820 820 918 918 918 919 919 919 809 809 809 866 866 866 920 920 920 809 809 809 920 920 920 918 918 918 887 887 887 888 888 888 921 921 921 888 888 888 828 828 828 922 922 922 851 851 851 861 861 861 898 898 898 852 852 852 875 875 875 899 899 899 853 853 853 923 923 923 924 924 924 853 853 853 842 842 842 923 923 923 909 909 909 863 863 863 890 890 890 910 910 910 876 876 876 925 925 925 878 878 878 926 926 926 911 911 911 855 855 855 879 879 879 927 927 927 879 879 879 831 831 831 928 928 928 831 831 831 929 929 929 928 928 928 831 831 831 900 900 900 929 929 929 901 901 901 856 856 856 880 880 880 880 880 880 930 930 930 931 931 931 880 880 880 845 845 845 930 930 930 930 930 930 845 845 845 912 912 912 912 912 912 857 857 857 913 913 913 846 846 846 881 881 881 779 779 779 733 733 733 870 870 870 881 881 881 849 849 849 893 893 893 932 932 932 871 871 871 835 835 835 905 905 905 824 824 824 894 894 894 905 905 905 850 850 850 872 872 872 933 933 933 896 896 896 873 873 873 934 934 934 873 873 873 897 897 897 934 934 934 840 840 840 736 736 736 935 935 935 736 736 736 869 869 869 935 935 935 909 909 909 890 890 890 936 936 936 844 844 844 910 910 910 937 937 937 876 876 876 877 877 877 938 938 938 879 879 879 928 928 928 927 927 927 912 912 912 913 913 913 939 939 939 870 870 870 833 833 833 940 940 940 833 833 833 847 847 847 941 941 941 847 847 847 892 892 892 941 941 941 903 903 903 848 848 848 942 942 942 848 848 848 834 834 834 942 942 942 849 849 849 932 932 932 904 904 904 749 749 749 836 836 836 943 943 943 836 836 836 914 914 914 943 943 943 886 886 886 840 840 840 944 944 944 840 840 840 935 935 935 944 944 944 890 890 890 844 844 844 945 945 945 844 844 844 937 937 937 945 945 945 876 876 876 938 938 938 925 925 925 878 878 878 855 855 855 927 927 927 901 901 901 880 880 880 946 946 946 913 913 913 779 779 779 881 881 881 881 881 881 870 870 870 940 940 940 940 940 940 833 833 833 947 947 947 948 948 948 949 949 949 950 950 950 833 833 833 941 941 941 947 947 947 834 834 834 858 858 858 951 951 951 858 858 858 882 882 882 951 951 951 882 882 882 904 904 904 952 952 952 825 825 825 749 749 749 943 943 943 895 895 895 765 765 765 915 915 915 884 884 884 916 916 916 920 920 920 921 921 921 888 888 888 953 953 953 888 888 888 922 922 922 953 953 953 907 907 907 906 906 906 954 954 954 830 830 830 851 851 851 955 955 955 875 875 875 853 853 853 924 924 924 842 842 842 854 854 854 923 923 923 936 936 936 890 890 890 945 945 945 878 878 878 927 927 927 926 926 926 900 900 900 901 901 901 956 956 956 946 946 946 880 880 880 957 957 957 942 942 942 834 834 834 958 958 958 834 834 834 951 951 951 958 958 958 882 882 882 952 952 952 951 951 951 905 905 905 894 894 894 959 959 959 894 894 894 825 825 825 959 959 959 914 914 914 859 859 859 960 960 960 865 865 865 885 885 885 961 961 961 917 917 917 886 886 886 962 962 962 886 886 886 963 963 963 962 962 962 896 896 896 934 934 934 964 964 964 963 963 963 886 886 886 965 965 965 886 886 886 944 944 944 965 965 965 944 944 944 935 935 935 966 966 966 908 908 908 899 899 899 967 967 967 923 923 923 854 854 854 968 968 968 854 854 854 909 909 909 968 968 968 910 910 910 925 925 925 969 969 969 929 929 929 900 900 900 970 970 970 941 941 941 892 892 892 971 971 971 892 892 892 902 902 902 971 971 971 905 905 905 959 959 959 972 972 972 973 973 973 974 974 974 975 975 975 961 961 961 885 885 885 976 976 976 885 885 885 917 917 917 976 976 976 897 897 897 820 820 820 919 919 919 953 953 953 922 922 922 977 977 977 906 906 906 829 829 829 978 978 978 829 829 829 889 889 889 978 978 978 978 978 978 889 889 889 979 979 979 967 967 967 899 899 899 980 980 980 899 899 899 875 875 875 980 980 980 889 889 889 891 891 891 979 979 979 900 900 900 956 956 956 970 970 970 880 880 880 931 931 931 957 957 957 913 913 913 881 881 881 981 981 981 904 904 904 932 932 932 982 982 982 983 983 983 984 984 984 985 985 985 985 985 985 984 984 984 986 986 986 985 985 985 986 986 986 987 987 987 984 984 984 988 988 988 986 986 986 987 987 987 986 986 986 989 989 989 987 987 987 989 989 989 990 990 990 986 986 986 988 988 988 989 989 989 989 989 989 988 988 988 991 991 991 920 920 920 916 916 916 992 992 992 921 921 921 953 953 953 993 993 993 965 965 965 944 944 944 966 966 966 966 966 966 935 935 935 994 994 994 935 935 935 869 869 869 994 994 994 955 955 955 851 851 851 995 995 995 851 851 851 898 898 898 995 995 995 980 980 980 875 875 875 924 924 924 937 937 937 910 910 910 969 969 969 891 891 891 911 911 911 979 979 979 959 959 959 825 825 825 996 996 996 825 825 825 943 943 943 996 996 996 997 997 997 998 998 998 999 999 999 997 997 997 1000 1000 1000 1001 1001 1001 997 997 997 1001 1001 1001 998 998 998 1001 1001 1001 1000 1000 1000 1002 1002 1002 999 999 999 1003 1003 1003 1004 1004 1004 999 999 999 998 998 998 1005 1005 1005 999 999 999 1005 1005 1005 1003 1003 1003 998 998 998 1001 1001 1001 1005 1005 1005 1005 1005 1005 1001 1001 1001 1006 1006 1006 1001 1001 1001 1002 1002 1002 1006 1006 1006 1006 1006 1006 1002 1002 1002 1007 1007 1007 1004 1004 1004 1003 1003 1003 1008 1008 1008 1008 1008 1008 1003 1003 1003 1009 1009 1009 1003 1003 1003 1005 1005 1005 1010 1010 1010 1003 1003 1003 1010 1010 1010 1009 1009 1009 1005 1005 1005 1006 1006 1006 1010 1010 1010 1010 1010 1010 1006 1006 1006 1011 1011 1011 1006 1006 1006 1007 1007 1007 1011 1011 1011 1011 1011 1011 1007 1007 1007 1012 1012 1012 1008 1008 1008 1009 1009 1009 1013 1013 1013 1013 1013 1013 1009 1009 1009 1014 1014 1014 1009 1009 1009 1010 1010 1010 1014 1014 1014 1014 1014 1014 1010 1010 1010 1015 1015 1015 1010 1010 1010 1011 1011 1011 1015 1015 1015 1013 1013 1013 1014 1014 1014 1016 1016 1016 1014 1014 1014 1015 1015 1015 1016 1016 1016 1015 1015 1015 1011 1011 1011 1017 1017 1017 1011 1011 1011 1012 1012 1012 1017 1017 1017 1017 1017 1017 1012 1012 1012 1018 1018 1018 1016 1016 1016 1015 1015 1015 1019 1019 1019 1016 1016 1016 1019 1019 1019 1020 1020 1020 1015 1015 1015 1017 1017 1017 1021 1021 1021 1015 1015 1015 1021 1021 1021 1019 1019 1019 1017 1017 1017 1018 1018 1018 1021 1021 1021 1021 1021 1021 1018 1018 1018 1022 1022 1022 983 983 983 985 985 985 1019 1019 1019 1019 1019 1019 985 985 985 1023 1023 1023 1020 1020 1020 1019 1019 1019 1024 1024 1024 1024 1024 1024 1019 1019 1019 1023 1023 1023 1021 1021 1021 1022 1022 1022 1025 1025 1025 1026 1026 1026 1027 1027 1027 1028 1028 1028 985 985 985 987 987 987 1023 1023 1023 1023 1023 1023 987 987 987 1029 1029 1029 1024 1024 1024 1023 1023 1023 1030 1030 1030 1030 1030 1030 1023 1023 1023 1029 1029 1029 987 987 987 990 990 990 1031 1031 1031 987 987 987 1031 1031 1031 1029 1029 1029 1030 1030 1030 1029 1029 1029 1031 1031 1031 1030 1030 1030 1031 1031 1031 1032 1032 1032 895 895 895 915 915 915 1033 1033 1033 915 915 915 850 850 850 1033 1033 1033 917 917 917 962 962 962 976 976 976 954 954 954 906 906 906 1034 1034 1034 906 906 906 978 978 978 1034 1034 1034 928 928 928 929 929 929 1035 1035 1035 1035 1035 1035 929 929 929 970 970 970 970 970 970 956 956 956 1036 1036 1036 930 930 930 912 912 912 939 939 939 939 939 939 913 913 913 981 981 981 881 881 881 940 940 940 1037 1037 1037 952 952 952 904 904 904 1038 1038 1038 904 904 904 982 982 982 1038 1038 1038 982 982 982 932 932 932 1039 1039 1039 932 932 932 893 893 893 1039 1039 1039 893 893 893 871 871 871 1039 1039 1039 1039 1039 1039 871 871 871 1040 1040 1040 871 871 871 905 905 905 1040 1040 1040 1041 1041 1041 1042 1042 1042 1043 1043 1043 997 997 997 999 999 999 1044 1044 1044 1045 1045 1045 1046 1046 1046 1047 1047 1047 1048 1048 1048 1049 1049 1049 1050 1050 1050 1048 1048 1048 1050 1050 1050 1047 1047 1047 1049 1049 1049 1051 1051 1051 1050 1050 1050 1050 1050 1050 1051 1051 1051 1052 1052 1052 1051 1051 1051 1053 1053 1053 1052 1052 1052 1052 1052 1052 1053 1053 1053 1054 1054 1054 1053 1053 1053 1055 1055 1055 1056 1056 1056 1053 1053 1053 1056 1056 1056 1054 1054 1054 1055 1055 1055 1057 1057 1057 1056 1056 1056 1056 1056 1056 1057 1057 1057 1058 1058 1058 1054 1054 1054 1056 1056 1056 1059 1059 1059 1059 1059 1059 1056 1056 1056 1058 1058 1058 1057 1057 1057 1060 1060 1060 1058 1058 1058 1058 1058 1058 1060 1060 1060 1061 1061 1061 1060 1060 1060 1062 1062 1062 1063 1063 1063 1060 1060 1060 1063 1063 1063 1061 1061 1061 1062 1062 1062 1064 1064 1064 1065 1065 1065 1062 1062 1062 1065 1065 1065 1063 1063 1063 920 920 920 992 992 992 1066 1066 1066 961 961 961 976 976 976 1067 1067 1067 992 992 992 1068 1068 1068 1066 1066 1066 898 898 898 908 908 908 1069 1069 1069 908 908 908 967 967 967 1069 1069 1069 924 924 924 923 923 923 1070 1070 1070 968 968 968 909 909 909 1071 1071 1071 909 909 909 936 936 936 1071 1071 1071 925 925 925 938 938 938 1072 1072 1072 979 979 979 911 911 911 1073 1073 1073 927 927 927 928 928 928 1074 1074 1074 901 901 901 946 946 946 956 956 956 931 931 931 930 930 930 1075 1075 1075 1075 1075 1075 930 930 930 939 939 939 971 971 971 902 902 902 1076 1076 1076 903 903 903 942 942 942 1077 1077 1077 1040 1040 1040 905 905 905 972 972 972 1042 1042 1042 1041 1041 1041 1078 1078 1078 1045 1045 1045 1047 1047 1047 1079 1079 1079 1079 1079 1079 1047 1047 1047 1080 1080 1080 1047 1047 1047 1050 1050 1050 1081 1081 1081 1047 1047 1047 1081 1081 1081 1080 1080 1080 1050 1050 1050 1052 1052 1052 1082 1082 1082 1050 1050 1050 1082 1082 1082 1081 1081 1081 1052 1052 1052 1083 1083 1083 1082 1082 1082 1052 1052 1052 1054 1054 1054 1084 1084 1084 1052 1052 1052 1084 1084 1084 1083 1083 1083 1054 1054 1054 1059 1059 1059 1084 1084 1084 1059 1059 1059 1058 1058 1058 1085 1085 1085 1058 1058 1058 1061 1061 1061 1086 1086 1086 1058 1058 1058 1086 1086 1086 1085 1085 1085 1061 1061 1061 1063 1063 1063 1087 1087 1087 1061 1061 1061 1087 1087 1087 1086 1086 1086 1063 1063 1063 1088 1088 1088 1087 1087 1087 1089 1089 1089 1090 1090 1090 1091 1091 1091 1090 1090 1090 1092 1092 1092 1091 1091 1091 897 897 897 919 919 919 1093 1093 1093 1093 1093 1093 919 919 919 1094 1094 1094 919 919 919 918 918 918 1094 1094 1094 918 918 918 920 920 920 1095 1095 1095 920 920 920 1066 1066 1066 1095 1095 1095 1069 1069 1069 967 967 967 1096 1096 1096 967 967 967 980 980 980 1096 1096 1096 945 945 945 937 937 937 1097 1097 1097 937 937 937 969 969 969 1098 1098 1098 969 969 969 925 925 925 1072 1072 1072 1073 1073 1073 911 911 911 1099 1099 1099 911 911 911 926 926 926 1099 1099 1099 926 926 926 1100 1100 1100 1099 1099 1099 926 926 926 927 927 927 1100 1100 1100 946 946 946 1101 1101 1101 956 956 956 1101 1101 1101 946 946 946 1102 1102 1102 946 946 946 957 957 957 1102 1102 1102 981 981 981 881 881 881 1037 1037 1037 940 940 940 947 947 947 1037 1037 1037 958 958 958 951 951 951 1103 1103 1103 996 996 996 943 943 943 1104 1104 1104 943 943 943 914 914 914 1105 1105 1105 943 943 943 1105 1105 1105 1104 1104 1104 914 914 914 960 960 960 1105 1105 1105 1106 1106 1106 1107 1107 1107 1108 1108 1108 1079 1079 1079 1080 1080 1080 1109 1109 1109 1079 1079 1079 1109 1109 1109 1110 1110 1110 1080 1080 1080 1081 1081 1081 1111 1111 1111 1080 1080 1080 1111 1111 1111 1109 1109 1109 1081 1081 1081 1082 1082 1082 1112 1112 1112 1081 1081 1081 1112 1112 1112 1111 1111 1111 1082 1082 1082 1083 1083 1083 1113 1113 1113 1082 1082 1082 1113 1113 1113 1112 1112 1112 1083 1083 1083 1114 1114 1114 1113 1113 1113 1115 1115 1115 1116 1116 1116 1117 1117 1117 1114 1114 1114 1118 1118 1118 1119 1119 1119 1116 1116 1116 1120 1120 1120 1117 1117 1117 1118 1118 1118 1085 1085 1085 1121 1121 1121 1118 1118 1118 1121 1121 1121 1119 1119 1119 1085 1085 1085 1122 1122 1122 1121 1121 1121 1123 1123 1123 1124 1124 1124 1125 1125 1125 1124 1124 1124 1126 1126 1126 1127 1127 1127 1124 1124 1124 1127 1127 1127 1125 1125 1125 1126 1126 1126 1091 1091 1091 1128 1128 1128 1126 1126 1126 1128 1128 1128 1127 1127 1127 1129 1129 1129 1130 1130 1130 1131 1131 1131 1132 1132 1132 1133 1133 1133 1134 1134 1134 1091 1091 1091 1092 1092 1092 1128 1128 1128 1135 1135 1135 1136 1136 1136 1137 1137 1137 895 895 895 1033 1033 1033 1138 1138 1138 1033 1033 1033 850 850 850 1139 1139 1139 850 850 850 933 933 933 1140 1140 1140 850 850 850 1140 1140 1140 1139 1139 1139 964 964 964 934 934 934 1141 1141 1141 934 934 934 897 897 897 1093 1093 1093 978 978 978 979 979 979 1142 1142 1142 955 955 955 995 995 995 1143 1143 1143 995 995 995 898 898 898 1143 1143 1143 1143 1143 1143 898 898 898 1144 1144 1144 898 898 898 1069 1069 1069 1144 1144 1144 924 924 924 1145 1145 1145 980 980 980 924 924 924 1070 1070 1070 1145 1145 1145 1142 1142 1142 979 979 979 1146 1146 1146 979 979 979 1073 1073 1073 1146 1146 1146 1100 1100 1100 927 927 927 1074 1074 1074 956 956 956 1101 1101 1101 1036 1036 1036 957 957 957 931 931 931 1075 1075 1075 981 981 981 1037 1037 1037 1147 1147 1147 952 952 952 1148 1148 1148 951 951 951 952 952 952 1038 1038 1038 1148 1148 1148 959 959 959 1149 1149 1149 972 972 972 1106 1106 1106 1108 1108 1108 1150 1150 1150 1110 1110 1110 1109 1109 1109 1151 1151 1151 1111 1111 1111 1112 1112 1112 1152 1152 1152 1153 1153 1153 1154 1154 1154 1155 1155 1155 1153 1153 1153 1155 1155 1155 1156 1156 1156 1112 1112 1112 1113 1113 1113 1157 1157 1157 1112 1112 1112 1157 1157 1157 1152 1152 1152 1158 1158 1158 1159 1159 1159 1160 1160 1160 1158 1158 1158 1160 1160 1160 1161 1161 1161 1159 1159 1159 1162 1162 1162 1163 1163 1163 1159 1159 1159 1163 1163 1163 1160 1160 1160 1115 1115 1115 1117 1117 1117 1164 1164 1164 1165 1165 1165 1166 1166 1166 1167 1167 1167 1094 1094 1094 918 918 918 1168 1168 1168 918 918 918 1095 1095 1095 1168 1168 1168 1096 1096 1096 980 980 980 1169 1169 1169 923 923 923 968 968 968 1170 1170 1170 1097 1097 1097 937 937 937 1098 1098 1098 1098 1098 1098 969 969 969 1072 1072 1072 1102 1102 1102 957 957 957 1171 1171 1171 957 957 957 1075 1075 1075 1171 1171 1171 1037 1037 1037 947 947 947 1172 1172 1172 950 950 950 1173 1173 1173 1174 1174 1174 1077 1077 1077 942 942 942 1175 1175 1175 942 942 942 958 958 958 1175 1175 1175 959 959 959 996 996 996 1176 1176 1176 959 959 959 1176 1176 1176 1149 1149 1149 1151 1151 1151 1109 1109 1109 1177 1177 1177 1109 1109 1109 1111 1111 1111 1178 1178 1178 1109 1109 1109 1178 1178 1178 1177 1177 1177 1111 1111 1111 1152 1152 1152 1179 1179 1179 1111 1111 1111 1179 1179 1179 1178 1178 1178 1152 1152 1152 1180 1180 1180 1179 1179 1179 1179 1179 1179 1180 1180 1180 1181 1181 1181 1161 1161 1161 1160 1160 1160 1182 1182 1182 1182 1182 1182 1160 1160 1160 1183 1183 1183 1160 1160 1160 1163 1163 1163 1184 1184 1184 1160 1160 1160 1184 1184 1184 1183 1183 1183 1067 1067 1067 976 976 976 1185 1185 1185 1095 1095 1095 1066 1066 1066 1186 1186 1186 1066 1066 1066 1068 1068 1068 1187 1187 1187 1066 1066 1066 1187 1187 1187 1186 1186 1186 953 953 953 977 977 977 1188 1188 1188 1188 1188 1188 977 977 977 1189 1189 1189 1070 1070 1070 923 923 923 1170 1170 1170 968 968 968 1071 1071 1071 1170 1170 1170 936 936 936 945 945 945 1190 1190 1190 1072 1072 1072 938 938 938 1191 1191 1191 970 970 970 1036 1036 1036 1192 1192 1192 1036 1036 1036 1101 1101 1101 1193 1193 1193 1171 1171 1171 1075 1075 1075 1194 1194 1194 941 941 941 971 971 971 1195 1195 1195 971 971 971 1076 1076 1076 1195 1195 1195 996 996 996 1104 1104 1104 1176 1176 1176 1151 1151 1151 1177 1177 1177 1196 1196 1196 1196 1196 1196 1177 1177 1177 1197 1197 1197 1177 1177 1177 1178 1178 1178 1197 1197 1197 1156 1156 1156 1155 1155 1155 1198 1198 1198 1198 1198 1198 1155 1155 1155 1199 1199 1199 1179 1179 1179 1181 1181 1181 1200 1200 1200 1182 1182 1182 1183 1183 1183 1201 1201 1201 1201 1201 1201 1183 1183 1183 1202 1202 1202 1183 1183 1183 1184 1184 1184 1203 1203 1203 1183 1183 1183 1203 1203 1203 1202 1202 1202 1067 1067 1067 1185 1185 1185 1204 1204 1204 1141 1141 1141 934 934 934 1205 1205 1205 934 934 934 1093 1093 1093 1205 1205 1205 1168 1168 1168 1095 1095 1095 1206 1206 1206 1095 1095 1095 1186 1186 1186 1206 1206 1206 965 965 965 966 966 966 1207 1207 1207 954 954 954 1034 1034 1034 1208 1208 1208 1071 1071 1071 936 936 936 1190 1190 1190 1146 1146 1146 1073 1073 1073 1209 1209 1209 970 970 970 1192 1192 1192 1035 1035 1035 939 939 939 981 981 981 1210 1210 1210 981 981 981 1147 1147 1147 1210 1210 1210 1147 1147 1147 1037 1037 1037 1172 1172 1172 947 947 947 941 941 941 1195 1195 1195 1175 1175 1175 958 958 958 1211 1211 1211 958 958 958 1103 1103 1103 1211 1211 1211 1103 1103 1103 951 951 951 1148 1148 1148 1105 1105 1105 960 960 960 1212 1212 1212 1179 1179 1179 1200 1200 1200 1213 1213 1213 1201 1201 1201 1202 1202 1202 1214 1214 1214 1202 1202 1202 1203 1203 1203 1215 1215 1215 1207 1207 1207 966 966 966 1216 1216 1216 966 966 966 994 994 994 1216 1216 1216 945 945 945 1097 1097 1097 1190 1190 1190 1098 1098 1098 1072 1072 1072 1217 1217 1217 1072 1072 1072 1191 1191 1191 1217 1217 1217 1209 1209 1209 1073 1073 1073 1099 1099 1099 1101 1101 1101 1102 1102 1102 1218 1218 1218 1038 1038 1038 982 982 982 1219 1219 1219 1197 1197 1197 1178 1178 1178 1220 1220 1220 1178 1178 1178 1179 1179 1179 1220 1220 1220 1220 1220 1220 1179 1179 1179 1221 1221 1221 1179 1179 1179 1213 1213 1213 1221 1221 1221 1214 1214 1214 1202 1202 1202 1222 1222 1222 1202 1202 1202 1215 1215 1215 1222 1222 1222 1138 1138 1138 1033 1033 1033 1223 1223 1223 1138 1138 1138 1223 1223 1223 1224 1224 1224 1033 1033 1033 1139 1139 1139 1223 1223 1223 1185 1185 1185 976 976 976 1225 1225 1225 976 976 976 962 962 962 1226 1226 1226 976 976 976 1226 1226 1226 1225 1225 1225 962 962 962 963 963 963 1226 1226 1226 1069 1069 1069 1096 1096 1096 1144 1144 1144 1169 1169 1169 1227 1227 1227 1096 1096 1096 1071 1071 1071 1190 1190 1190 1170 1170 1170 1142 1142 1142 1146 1146 1146 1228 1228 1228 1074 1074 1074 928 928 928 1035 1035 1035 1102 1102 1102 1171 1171 1171 1218 1218 1218 939 939 939 1210 1210 1210 1229 1229 1229 1230 1230 1230 1231 1231 1231 1232 1232 1232 1204 1204 1204 1185 1185 1185 1233 1233 1233 1094 1094 1094 1168 1168 1168 1234 1234 1234 1168 1168 1168 1206 1206 1206 1234 1234 1234 1234 1234 1234 1206 1206 1206 1235 1235 1235 1206 1206 1206 1186 1186 1186 1235 1235 1235 1169 1169 1169 980 980 980 1145 1145 1145 1070 1070 1070 1170 1170 1170 1236 1236 1236 1074 1074 1074 1035 1035 1035 1237 1237 1237 1193 1193 1193 1101 1101 1101 1218 1218 1218 1040 1040 1040 972 972 972 1238 1238 1238 1232 1232 1232 1231 1231 1231 1239 1239 1239 1196 1196 1196 1197 1197 1197 1240 1240 1240 1197 1197 1197 1220 1220 1220 1241 1241 1241 1220 1220 1220 1221 1221 1221 1241 1241 1241 1198 1198 1198 1199 1199 1199 1242 1242 1242 1198 1198 1198 1242 1242 1242 1243 1243 1243 1221 1221 1221 1213 1213 1213 1244 1244 1244 1214 1214 1214 1222 1222 1222 1245 1245 1245 1224 1224 1224 1223 1223 1223 1246 1246 1246 1093 1093 1093 1094 1094 1094 1247 1247 1247 1094 1094 1094 1234 1234 1234 1247 1247 1247 1186 1186 1186 1187 1187 1187 1248 1248 1248 1188 1188 1188 1189 1189 1189 1249 1249 1249 1143 1143 1143 1144 1144 1144 1250 1250 1250 1170 1170 1170 1251 1251 1251 1236 1236 1236 1098 1098 1098 1217 1217 1217 1252 1252 1252 1228 1228 1228 1146 1146 1146 1253 1253 1253 1146 1146 1146 1209 1209 1209 1253 1253 1253 1100 1100 1100 1074 1074 1074 1237 1237 1237 1192 1192 1192 1036 1036 1036 1193 1193 1193 1147 1147 1147 1172 1172 1172 1254 1254 1254 1172 1172 1172 947 947 947 1255 1255 1255 947 947 947 1195 1195 1195 1255 1255 1255 1039 1039 1039 1040 1040 1040 1256 1256 1256 1040 1040 1040 1238 1238 1238 1257 1257 1257 1240 1240 1240 1197 1197 1197 1258 1258 1258 1197 1197 1197 1241 1241 1241 1258 1258 1258 1222 1222 1222 1215 1215 1215 1259 1259 1259 1208 1208 1208 1034 1034 1034 1260 1260 1260 1208 1208 1208 1260 1260 1260 1261 1261 1261 1034 1034 1034 978 978 978 1260 1260 1260 955 955 955 1143 1143 1143 1262 1262 1262 1262 1262 1262 1143 1143 1143 1250 1250 1250 1194 1194 1194 1075 1075 1075 1263 1263 1263 1075 1075 1075 939 939 939 1229 1229 1229 1210 1210 1210 1147 1147 1147 1254 1254 1254 1255 1255 1255 1195 1195 1195 1264 1264 1264 1040 1040 1040 1257 1257 1257 1265 1265 1265 1226 1226 1226 963 963 963 1266 1266 1266 1266 1266 1266 963 963 963 1267 1267 1267 1249 1249 1249 1189 1189 1189 1268 1268 1268 963 963 963 965 965 965 1267 1267 1267 1169 1169 1169 1145 1145 1145 1269 1269 1269 1098 1098 1098 1252 1252 1252 1270 1270 1270 1209 1209 1209 1099 1099 1099 1271 1271 1271 1099 1099 1099 1100 1100 1100 1271 1271 1271 1075 1075 1075 1229 1229 1229 1263 1263 1263 1256 1256 1256 1040 1040 1040 1272 1272 1272 1040 1040 1040 1265 1265 1265 1272 1272 1272 972 972 972 1149 1149 1149 1238 1238 1238 1149 1149 1149 1176 1176 1176 1273 1273 1273 1246 1246 1246 1223 1223 1223 1274 1274 1274 1223 1223 1223 1139 1139 1139 1274 1274 1274 1233 1233 1233 1185 1185 1185 1275 1275 1275 1233 1233 1233 1275 1275 1275 1276 1276 1276 1185 1185 1185 1225 1225 1225 1275 1275 1275 1141 1141 1141 1205 1205 1205 1277 1277 1277 1205 1205 1205 1093 1093 1093 1278 1278 1278 1205 1205 1205 1278 1278 1278 1277 1277 1277 1093 1093 1093 1247 1247 1247 1278 1278 1278 1235 1235 1235 1186 1186 1186 1279 1279 1279 1279 1279 1279 1186 1186 1186 1280 1280 1280 1186 1186 1186 1248 1248 1248 1280 1280 1280 1267 1267 1267 965 965 965 1281 1281 1281 965 965 965 1207 1207 1207 1281 1281 1281 978 978 978 1142 1142 1142 1228 1228 1228 1227 1227 1227 1169 1169 1169 1269 1269 1269 1170 1170 1170 1190 1190 1190 1251 1251 1251 1237 1237 1237 1035 1035 1035 1282 1282 1282 1254 1254 1254 1172 1172 1172 1283 1283 1283 1104 1104 1104 1105 1105 1105 1284 1284 1284 1105 1105 1105 1212 1212 1212 1284 1284 1284 1240 1240 1240 1258 1258 1258 1285 1285 1285 1241 1241 1241 1221 1221 1221 1286 1286 1286 1221 1221 1221 1244 1244 1244 1286 1286 1286 1245 1245 1245 1222 1222 1222 1287 1287 1287 1222 1222 1222 1259 1259 1259 1287 1287 1287 1224 1224 1224 1246 1246 1246 1288 1288 1288 1275 1275 1275 1225 1225 1225 1289 1289 1289 1225 1225 1225 1226 1226 1226 1289 1289 1289 1278 1278 1278 1247 1247 1247 1290 1290 1290 1247 1247 1247 1234 1234 1234 1291 1291 1291 1234 1234 1234 1235 1235 1235 1291 1291 1291 1235 1235 1235 1279 1279 1279 1291 1291 1291 1216 1216 1216 994 994 994 1292 1292 1292 1250 1250 1250 1144 1144 1144 1293 1293 1293 1144 1144 1144 1096 1096 1096 1293 1293 1293 1096 1096 1096 1227 1227 1227 1293 1293 1293 1252 1252 1252 1217 1217 1217 1294 1294 1294 1217 1217 1217 1191 1191 1191 1294 1294 1294 1035 1035 1035 1192 1192 1192 1282 1282 1282 1192 1192 1192 1193 1193 1193 1295 1295 1295 1295 1295 1295 1193 1193 1193 1296 1296 1296 1193 1193 1193 1297 1297 1297 1296 1296 1296 1218 1218 1218 1171 1171 1171 1298 1298 1298 1171 1171 1171 1194 1194 1194 1298 1298 1298 1172 1172 1172 1255 1255 1255 1283 1283 1283 1264 1264 1264 1195 1195 1195 1299 1299 1299 1195 1195 1195 1076 1076 1076 1299 1299 1299 1103 1103 1103 1148 1148 1148 1300 1300 1300 1148 1148 1148 1038 1038 1038 1219 1219 1219 1176 1176 1176 1104 1104 1104 1301 1301 1301 1104 1104 1104 1284 1284 1284 1301 1301 1301 1243 1243 1243 1242 1242 1242 1302 1302 1302 1302 1302 1302 1242 1242 1242 1303 1303 1303 1286 1286 1286 1244 1244 1244 1304 1304 1304 1245 1245 1245 1287 1287 1287 1305 1305 1305 1290 1290 1290 1247 1247 1247 1306 1306 1306 1247 1247 1247 1291 1291 1291 1306 1306 1306 1145 1145 1145 1070 1070 1070 1307 1307 1307 1070 1070 1070 1236 1236 1236 1307 1307 1307 1251 1251 1251 1190 1190 1190 1308 1308 1308 1251 1251 1251 1308 1308 1308 1309 1309 1309 1097 1097 1097 1098 1098 1098 1310 1310 1310 1294 1294 1294 1191 1191 1191 1311 1311 1311 1193 1193 1193 1218 1218 1218 1297 1297 1297 1297 1297 1297 1218 1218 1218 1312 1312 1312 1312 1312 1312 1218 1218 1218 1313 1313 1313 1299 1299 1299 1076 1076 1076 1314 1314 1314 1077 1077 1077 1175 1175 1175 1315 1315 1315 1219 1219 1219 982 982 982 1316 1316 1316 982 982 982 1039 1039 1039 1316 1316 1316 1258 1258 1258 1241 1241 1241 1317 1317 1317 1241 1241 1241 1286 1286 1286 1317 1317 1317 1291 1291 1291 1279 1279 1279 1318 1318 1318 1260 1260 1260 978 978 978 1319 1319 1319 978 978 978 1228 1228 1228 1319 1319 1319 1145 1145 1145 1307 1307 1307 1269 1269 1269 1190 1190 1190 1097 1097 1097 1320 1320 1320 1097 1097 1097 1310 1310 1310 1320 1320 1320 1098 1098 1098 1270 1270 1270 1310 1310 1310 1271 1271 1271 1100 1100 1100 1237 1237 1237 1282 1282 1282 1192 1192 1192 1321 1321 1321 1192 1192 1192 1295 1295 1295 1321 1321 1321 1218 1218 1218 1298 1298 1298 1313 1313 1313 1149 1149 1149 1273 1273 1273 1238 1238 1238 1232 1232 1232 1239 1239 1239 1322 1322 1322 1317 1317 1317 1286 1286 1286 1323 1323 1323 1286 1286 1286 1304 1304 1304 1323 1323 1323 1324 1324 1324 1325 1325 1325 1326 1326 1326 1289 1289 1289 1226 1226 1226 1327 1327 1327 1226 1226 1226 1266 1266 1266 1327 1327 1327 1141 1141 1141 1277 1277 1277 1328 1328 1328 1251 1251 1251 1309 1309 1309 1236 1236 1236 1308 1308 1308 1190 1190 1190 1320 1320 1320 1228 1228 1228 1253 1253 1253 1319 1319 1319 1210 1210 1210 1329 1329 1329 1229 1229 1229 1210 1210 1210 1254 1254 1254 1329 1329 1329 1329 1329 1329 1254 1254 1254 1330 1330 1330 1254 1254 1254 1283 1283 1283 1330 1330 1330 1283 1283 1283 1255 1255 1255 1331 1331 1331 1039 1039 1039 1256 1256 1256 1316 1316 1316 1257 1257 1257 1238 1238 1238 1332 1332 1332 1285 1285 1285 1258 1258 1258 1333 1333 1333 1258 1258 1258 1317 1317 1317 1333 1333 1333 1328 1328 1328 1277 1277 1277 1334 1334 1334 1277 1277 1277 1278 1278 1278 1334 1334 1334 1306 1306 1306 1291 1291 1291 1335 1335 1335 1291 1291 1291 1318 1318 1318 1335 1335 1335 1279 1279 1279 1280 1280 1280 1336 1336 1336 1280 1280 1280 1248 1248 1248 1336 1336 1336 1260 1260 1260 1319 1319 1319 1337 1337 1337 1338 1338 1338 1250 1250 1250 1339 1339 1339 1338 1338 1338 1339 1339 1339 1340 1340 1340 1339 1339 1339 1250 1250 1250 1341 1341 1341 1250 1250 1250 1293 1293 1293 1341 1341 1341 1253 1253 1253 1209 1209 1209 1342 1342 1342 1209 1209 1209 1271 1271 1271 1342 1342 1342 1255 1255 1255 1264 1264 1264 1331 1331 1331 1211 1211 1211 1103 1103 1103 1300 1300 1300 1273 1273 1273 1176 1176 1176 1301 1301 1301 1323 1323 1323 1304 1304 1304 1343 1343 1343 1305 1305 1305 1287 1287 1287 1344 1344 1344 1318 1318 1318 1279 1279 1279 1345 1345 1345 1279 1279 1279 1336 1336 1336 1345 1345 1345 1261 1261 1261 1260 1260 1260 1346 1346 1346 1260 1260 1260 1337 1337 1337 1346 1346 1346 1227 1227 1227 1269 1269 1269 1293 1293 1293 1296 1296 1296 1297 1297 1297 1312 1312 1312 1298 1298 1298 1194 1194 1194 1263 1263 1263 1263 1263 1263 1229 1229 1229 1347 1347 1347 1329 1329 1329 1330 1330 1330 1347 1347 1347 1148 1148 1148 1219 1219 1219 1348 1348 1348 1265 1265 1265 1257 1257 1257 1349 1349 1349 1257 1257 1257 1332 1332 1332 1349 1349 1349 1302 1302 1302 1303 1303 1303 1350 1350 1350 1302 1302 1302 1350 1350 1350 1351 1351 1351 1287 1287 1287 1259 1259 1259 1352 1352 1352 1274 1274 1274 1139 1139 1139 1353 1353 1353 1139 1139 1139 1140 1140 1140 1353 1353 1353 1275 1275 1275 1289 1289 1289 1354 1354 1354 1278 1278 1278 1290 1290 1290 1355 1355 1355 1356 1356 1356 1340 1340 1340 1339 1339 1339 1269 1269 1269 1307 1307 1307 1357 1357 1357 1309 1309 1309 1308 1308 1308 1320 1320 1320 1310 1310 1310 1270 1270 1270 1294 1294 1294 1270 1270 1270 1252 1252 1252 1294 1294 1294 1271 1271 1271 1237 1237 1237 1358 1358 1358 1237 1237 1237 1282 1282 1282 1359 1359 1359 1229 1229 1229 1329 1329 1329 1347 1347 1347 1300 1300 1300 1148 1148 1148 1360 1360 1360 1219 1219 1219 1316 1316 1316 1348 1348 1348 1344 1344 1344 1287 1287 1287 1361 1361 1361 1287 1287 1287 1352 1352 1352 1361 1361 1361 1336 1336 1336 1248 1248 1248 1362 1362 1362 1249 1249 1249 1268 1268 1268 1363 1363 1363 1363 1363 1363 1268 1268 1268 1364 1364 1364 1365 1365 1365 1366 1366 1366 1367 1367 1367 1207 1207 1207 1216 1216 1216 1368 1368 1368 1216 1216 1216 1292 1292 1292 1368 1368 1368 1261 1261 1261 1346 1346 1346 1369 1369 1369 1236 1236 1236 1309 1309 1309 1307 1307 1307 1320 1320 1320 1310 1310 1310 1370 1370 1370 1295 1295 1295 1371 1371 1371 1321 1321 1321 1330 1330 1330 1283 1283 1283 1331 1331 1331 1148 1148 1148 1348 1348 1348 1360 1360 1360 1316 1316 1316 1256 1256 1256 1372 1372 1372 1256 1256 1256 1272 1272 1272 1372 1372 1372 1285 1285 1285 1333 1333 1333 1373 1373 1373 1333 1333 1333 1317 1317 1317 1374 1374 1374 1317 1317 1317 1323 1323 1323 1374 1374 1374 1353 1353 1353 1140 1140 1140 1375 1375 1375 1354 1354 1354 1289 1289 1289 1376 1376 1376 1334 1334 1334 1278 1278 1278 1355 1355 1355 1307 1307 1307 1309 1309 1309 1377 1377 1377 1337 1337 1337 1319 1319 1319 1378 1378 1378 1358 1358 1358 1237 1237 1237 1359 1359 1359 1296 1296 1296 1312 1312 1312 1379 1379 1379 1263 1263 1263 1347 1347 1347 1380 1380 1380 1331 1331 1331 1264 1264 1264 1381 1381 1381 1315 1315 1315 1175 1175 1175 1382 1382 1382 1175 1175 1175 1211 1211 1211 1382 1382 1382 1238 1238 1238 1273 1273 1273 1383 1383 1383 1273 1273 1273 1301 1301 1301 1384 1384 1384 1232 1232 1232 1322 1322 1322 1385 1385 1385 1374 1374 1374 1323 1323 1323 1386 1386 1386 1323 1323 1323 1343 1343 1343 1386 1386 1386 1356 1356 1356 1339 1339 1339 1387 1387 1387 1339 1339 1339 1341 1341 1341 1387 1387 1387 1293 1293 1293 1269 1269 1269 1388 1388 1388 1309 1309 1309 1320 1320 1320 1377 1377 1377 1282 1282 1282 1321 1321 1321 1389 1389 1389 1371 1371 1371 1295 1295 1295 1379 1379 1379 1295 1295 1295 1296 1296 1296 1379 1379 1379 1312 1312 1312 1313 1313 1313 1379 1379 1379 1330 1330 1330 1331 1331 1331 1390 1390 1390 1272 1272 1272 1265 1265 1265 1349 1349 1349 1386 1386 1386 1343 1343 1343 1391 1391 1391 1344 1344 1344 1361 1361 1361 1392 1392 1392 1355 1355 1355 1290 1290 1290 1393 1393 1393 1290 1290 1290 1306 1306 1306 1393 1393 1393 1387 1387 1387 1341 1341 1341 1388 1388 1388 1341 1341 1341 1293 1293 1293 1388 1388 1388 1269 1269 1269 1357 1357 1357 1394 1394 1394 1357 1357 1357 1307 1307 1307 1377 1377 1377 1294 1294 1294 1311 1311 1311 1395 1395 1395 1319 1319 1319 1253 1253 1253 1378 1378 1378 1282 1282 1282 1389 1389 1389 1359 1359 1359 1321 1321 1321 1371 1371 1371 1389 1389 1389 1347 1347 1347 1330 1330 1330 1390 1390 1390 1347 1347 1347 1390 1390 1390 1396 1396 1396 1332 1332 1332 1238 1238 1238 1383 1383 1383 1383 1383 1383 1273 1273 1273 1397 1397 1397 1273 1273 1273 1384 1384 1384 1397 1397 1397 1284 1284 1284 1212 1212 1212 1398 1398 1398 1385 1385 1385 1322 1322 1322 1399 1399 1399 1361 1361 1361 1352 1352 1352 1400 1400 1400 1371 1371 1371 1379 1379 1379 1401 1401 1401 1379 1379 1379 1402 1402 1402 1401 1401 1401 1379 1379 1379 1313 1313 1313 1402 1402 1402 1313 1313 1313 1298 1298 1298 1403 1403 1403 1298 1298 1298 1263 1263 1263 1404 1404 1404 1405 1405 1405 1406 1406 1406 1407 1407 1407 1381 1381 1381 1264 1264 1264 1299 1299 1299 1348 1348 1348 1316 1316 1316 1408 1408 1408 1349 1349 1349 1332 1332 1332 1409 1409 1409 1332 1332 1332 1383 1383 1383 1409 1409 1409 1351 1351 1351 1350 1350 1350 1410 1410 1410 1376 1376 1376 1289 1289 1289 1411 1411 1411 1289 1289 1289 1327 1327 1327 1411 1411 1411 1328 1328 1328 1334 1334 1334 1412 1412 1412 1334 1334 1334 1355 1355 1355 1412 1412 1412 1368 1368 1368 1292 1292 1292 1413 1413 1413 1369 1369 1369 1346 1346 1346 1414 1414 1414 1388 1388 1388 1415 1415 1415 1416 1416 1416 1388 1388 1388 1269 1269 1269 1417 1417 1417 1388 1388 1388 1417 1417 1417 1415 1415 1415 1269 1269 1269 1394 1394 1394 1417 1417 1417 1394 1394 1394 1357 1357 1357 1418 1418 1418 1357 1357 1357 1377 1377 1377 1419 1419 1419 1310 1310 1310 1294 1294 1294 1420 1420 1420 1420 1420 1420 1294 1294 1294 1395 1395 1395 1378 1378 1378 1253 1253 1253 1421 1421 1421 1253 1253 1253 1342 1342 1342 1421 1421 1421 1313 1313 1313 1403 1403 1403 1402 1402 1402 1404 1404 1404 1263 1263 1263 1380 1380 1380 1380 1380 1380 1347 1347 1347 1422 1422 1422 1422 1422 1422 1347 1347 1347 1396 1396 1396 1390 1390 1390 1331 1331 1331 1423 1423 1423 1331 1331 1331 1381 1381 1381 1423 1423 1423 1299 1299 1299 1314 1314 1314 1424 1424 1424 1315 1315 1315 1382 1382 1382 1425 1425 1425 1316 1316 1316 1372 1372 1372 1408 1408 1408 1384 1384 1384 1301 1301 1301 1426 1426 1426 1301 1301 1301 1284 1284 1284 1426 1426 1426 1373 1373 1373 1333 1333 1333 1427 1427 1427 1333 1333 1333 1374 1374 1374 1427 1427 1427 1351 1351 1351 1410 1410 1410 1428 1428 1428 1392 1392 1392 1361 1361 1361 1429 1429 1429 1361 1361 1361 1400 1400 1400 1429 1429 1429 1288 1288 1288 1246 1246 1246 1430 1430 1430 1353 1353 1353 1375 1375 1375 1431 1431 1431 1411 1411 1411 1327 1327 1327 1432 1432 1432 1327 1327 1327 1266 1266 1266 1432 1432 1432 1412 1412 1412 1355 1355 1355 1433 1433 1433 1336 1336 1336 1362 1362 1362 1434 1434 1434 1363 1363 1363 1364 1364 1364 1435 1435 1435 1414 1414 1414 1346 1346 1346 1436 1436 1436 1346 1346 1346 1337 1337 1337 1436 1436 1436 1356 1356 1356 1387 1387 1387 1437 1437 1437 1387 1387 1387 1388 1388 1388 1416 1416 1416 1357 1357 1357 1419 1419 1419 1418 1418 1418 1377 1377 1377 1320 1320 1320 1438 1438 1438 1438 1438 1438 1320 1320 1320 1439 1439 1439 1320 1320 1320 1370 1370 1370 1439 1439 1439 1370 1370 1370 1440 1440 1440 1439 1439 1439 1395 1395 1395 1311 1311 1311 1441 1441 1441 1342 1342 1342 1271 1271 1271 1442 1442 1442 1359 1359 1359 1389 1389 1389 1443 1443 1443 1372 1372 1372 1272 1272 1272 1444 1444 1444 1328 1328 1328 1412 1412 1412 1445 1445 1445 1393 1393 1393 1306 1306 1306 1446 1446 1446 1306 1306 1306 1335 1335 1335 1446 1446 1446 1335 1335 1335 1318 1318 1318 1446 1446 1446 1446 1446 1446 1318 1318 1318 1345 1345 1345 1437 1437 1437 1387 1387 1387 1447 1447 1447 1370 1370 1370 1310 1310 1310 1440 1440 1440 1342 1342 1342 1442 1442 1442 1421 1421 1421 1371 1371 1371 1448 1448 1448 1389 1389 1389 1396 1396 1396 1390 1390 1390 1449 1449 1449 1299 1299 1299 1424 1424 1424 1450 1450 1450 1374 1374 1374 1386 1386 1386 1451 1451 1451 1428 1428 1428 1410 1410 1410 1452 1452 1452 1386 1386 1386 1391 1391 1391 1451 1451 1451 1345 1345 1345 1336 1336 1336 1453 1453 1453 1336 1336 1336 1434 1434 1434 1453 1453 1453 1281 1281 1281 1207 1207 1207 1368 1368 1368 1394 1394 1394 1418 1418 1418 1417 1417 1417 1440 1440 1440 1310 1310 1310 1420 1420 1420 1442 1442 1442 1271 1271 1271 1454 1454 1454 1271 1271 1271 1358 1358 1358 1454 1454 1454 1455 1455 1455 1298 1298 1298 1404 1404 1404 1373 1373 1373 1427 1427 1427 1456 1456 1456 1373 1373 1373 1456 1456 1456 1457 1457 1457 1427 1427 1427 1374 1374 1374 1456 1456 1456 1452 1452 1452 1410 1410 1410 1458 1458 1458 1451 1451 1451 1391 1391 1391 1459 1459 1459 1392 1392 1392 1429 1429 1429 1460 1460 1460 1460 1460 1460 1429 1429 1429 1461 1461 1461 1429 1429 1429 1400 1400 1400 1461 1461 1461 1461 1461 1461 1400 1400 1400 1462 1462 1462 1266 1266 1266 1463 1463 1463 1432 1432 1432 1266 1266 1266 1267 1267 1267 1463 1463 1463 1433 1433 1433 1355 1355 1355 1393 1393 1393 1345 1345 1345 1453 1453 1453 1464 1464 1464 1435 1435 1435 1364 1364 1364 1465 1465 1465 1267 1267 1267 1281 1281 1281 1463 1463 1463 1281 1281 1281 1368 1368 1368 1463 1463 1463 1436 1436 1436 1337 1337 1337 1466 1466 1466 1337 1337 1337 1378 1378 1378 1466 1466 1466 1466 1466 1466 1378 1378 1378 1467 1467 1467 1438 1438 1438 1439 1439 1439 1468 1468 1468 1469 1469 1469 1470 1470 1470 1471 1471 1471 1378 1378 1378 1421 1421 1421 1467 1467 1467 1358 1358 1358 1472 1472 1472 1454 1454 1454 1358 1358 1358 1359 1359 1359 1472 1472 1472 1472 1472 1472 1359 1359 1359 1443 1443 1443 1448 1448 1448 1371 1371 1371 1473 1473 1473 1298 1298 1298 1455 1455 1455 1403 1403 1403 1449 1449 1449 1390 1390 1390 1474 1474 1474 1390 1390 1390 1423 1423 1423 1474 1474 1474 1381 1381 1381 1299 1299 1299 1450 1450 1450 1382 1382 1382 1211 1211 1211 1475 1475 1475 1211 1211 1211 1300 1300 1300 1475 1475 1475 1408 1408 1408 1372 1372 1372 1444 1444 1444 1426 1426 1426 1284 1284 1284 1476 1476 1476 1284 1284 1284 1398 1398 1398 1476 1476 1476 1385 1385 1385 1399 1399 1399 1477 1477 1477 1456 1456 1456 1374 1374 1374 1478 1478 1478 1374 1374 1374 1451 1451 1451 1478 1478 1478 1479 1479 1479 1480 1480 1480 1481 1481 1481 1376 1376 1376 1411 1411 1411 1482 1482 1482 1446 1446 1446 1345 1345 1345 1464 1464 1464 1416 1416 1416 1415 1415 1415 1483 1483 1483 1420 1420 1420 1395 1395 1395 1484 1484 1484 1395 1395 1395 1441 1441 1441 1484 1484 1484 1473 1473 1473 1371 1371 1371 1401 1401 1401 1422 1422 1422 1396 1396 1396 1485 1485 1485 1396 1396 1396 1449 1449 1449 1485 1485 1485 1423 1423 1423 1381 1381 1381 1486 1486 1486 1381 1381 1381 1450 1450 1450 1486 1486 1486 1360 1360 1360 1348 1348 1348 1487 1487 1487 1348 1348 1348 1408 1408 1408 1487 1487 1487 1272 1272 1272 1488 1488 1488 1444 1444 1444 1272 1272 1272 1349 1349 1349 1488 1488 1488 1349 1349 1349 1409 1409 1409 1488 1488 1488 1452 1452 1452 1458 1458 1458 1489 1489 1489 1452 1452 1452 1489 1489 1489 1490 1490 1490 1451 1451 1451 1459 1459 1459 1491 1491 1491 1460 1460 1460 1461 1461 1461 1492 1492 1492 1461 1461 1461 1462 1462 1462 1493 1493 1493 1246 1246 1246 1274 1274 1274 1430 1430 1430 1274 1274 1274 1353 1353 1353 1494 1494 1494 1353 1353 1353 1431 1431 1431 1494 1494 1494 1463 1463 1463 1368 1368 1368 1495 1495 1495 1387 1387 1387 1416 1416 1416 1447 1447 1447 1377 1377 1377 1438 1438 1438 1419 1419 1419 1443 1443 1443 1389 1389 1389 1448 1448 1448 1401 1401 1401 1402 1402 1402 1473 1473 1473 1403 1403 1403 1496 1496 1496 1402 1402 1402 1403 1403 1403 1455 1455 1455 1496 1496 1496 1474 1474 1474 1423 1423 1423 1497 1497 1497 1300 1300 1300 1360 1360 1360 1487 1487 1487 1408 1408 1408 1444 1444 1444 1498 1498 1498 1384 1384 1384 1426 1426 1426 1499 1499 1499 1500 1500 1500 1477 1477 1477 1501 1501 1501 1457 1457 1457 1456 1456 1456 1502 1502 1502 1456 1456 1456 1478 1478 1478 1503 1503 1503 1478 1478 1478 1451 1451 1451 1503 1503 1503 1503 1503 1503 1451 1451 1451 1504 1504 1504 1451 1451 1451 1491 1491 1491 1504 1504 1504 1492 1492 1492 1461 1461 1461 1505 1505 1505 1461 1461 1461 1493 1493 1493 1505 1505 1505 1430 1430 1430 1274 1274 1274 1494 1494 1494 1494 1494 1494 1431 1431 1431 1506 1506 1506 1393 1393 1393 1446 1446 1446 1507 1507 1507 1507 1507 1507 1446 1446 1446 1508 1508 1508 1446 1446 1446 1464 1464 1464 1508 1508 1508 1453 1453 1453 1434 1434 1434 1509 1509 1509 1435 1435 1435 1465 1465 1465 1510 1510 1510 1454 1454 1454 1472 1472 1472 1443 1443 1443 1404 1404 1404 1380 1380 1380 1511 1511 1511 1380 1380 1380 1422 1422 1422 1511 1511 1511 1423 1423 1423 1486 1486 1486 1497 1497 1497 1486 1486 1486 1450 1450 1450 1512 1512 1512 1502 1502 1502 1456 1456 1456 1513 1513 1513 1456 1456 1456 1503 1503 1503 1513 1513 1513 1504 1504 1504 1491 1491 1491 1514 1514 1514 1492 1492 1492 1505 1505 1505 1515 1515 1515 1505 1505 1505 1493 1493 1493 1516 1516 1516 1432 1432 1432 1463 1463 1463 1517 1517 1517 1445 1445 1445 1412 1412 1412 1518 1518 1518 1412 1412 1412 1433 1433 1433 1518 1518 1518 1433 1433 1433 1393 1393 1393 1507 1507 1507 1415 1415 1415 1417 1417 1417 1519 1519 1519 1415 1415 1415 1519 1519 1519 1483 1483 1483 1519 1519 1519 1417 1417 1417 1520 1520 1520 1417 1417 1417 1418 1418 1418 1520 1520 1520 1439 1439 1439 1440 1440 1440 1521 1521 1521 1442 1442 1442 1454 1454 1454 1522 1522 1522 1454 1454 1454 1443 1443 1443 1523 1523 1523 1448 1448 1448 1473 1473 1473 1524 1524 1524 1475 1475 1475 1300 1300 1300 1525 1525 1525 1444 1444 1444 1526 1526 1526 1498 1498 1498 1527 1527 1527 1528 1528 1528 1529 1529 1529 1530 1530 1530 1531 1531 1531 1532 1532 1532 1500 1500 1500 1501 1501 1501 1533 1533 1533 1530 1530 1530 1533 1533 1533 1501 1501 1501 1530 1530 1530 1501 1501 1501 1531 1531 1531 1527 1527 1527 1529 1529 1529 1534 1534 1534 1534 1534 1534 1529 1529 1529 1535 1535 1535 1502 1502 1502 1513 1513 1513 1536 1536 1536 1503 1503 1503 1504 1504 1504 1537 1537 1537 1490 1490 1490 1489 1489 1489 1538 1538 1538 1490 1490 1490 1538 1538 1538 1539 1539 1539 1504 1504 1504 1514 1514 1514 1537 1537 1537 1537 1537 1537 1514 1514 1514 1540 1540 1540 1541 1541 1541 1515 1515 1515 1542 1542 1542 1515 1515 1515 1505 1505 1505 1543 1543 1543 1515 1515 1515 1543 1543 1543 1542 1542 1542 1542 1542 1542 1543 1543 1543 1544 1544 1544 1505 1505 1505 1516 1516 1516 1543 1543 1543 1543 1543 1543 1516 1516 1516 1545 1545 1545 1543 1543 1543 1545 1545 1545 1546 1546 1546 1543 1543 1543 1546 1546 1546 1544 1544 1544 1430 1430 1430 1494 1494 1494 1547 1547 1547 1463 1463 1463 1495 1495 1495 1517 1517 1517 1419 1419 1419 1548 1548 1548 1418 1418 1418 1419 1419 1419 1438 1438 1438 1548 1548 1548 1468 1468 1468 1439 1439 1439 1521 1521 1521 1420 1420 1420 1484 1484 1484 1440 1440 1440 1467 1467 1467 1421 1421 1421 1549 1549 1549 1421 1421 1421 1442 1442 1442 1522 1522 1522 1522 1522 1522 1454 1454 1454 1523 1523 1523 1511 1511 1511 1422 1422 1422 1550 1550 1550 1551 1551 1551 1407 1407 1407 1552 1552 1552 1425 1425 1425 1382 1382 1382 1553 1553 1553 1382 1382 1382 1475 1475 1475 1553 1553 1553 1408 1408 1408 1498 1498 1498 1554 1554 1554 1444 1444 1444 1488 1488 1488 1526 1526 1526 1555 1555 1555 1556 1556 1556 1557 1557 1557 1555 1555 1555 1558 1558 1558 1559 1559 1559 1555 1555 1555 1559 1559 1559 1556 1556 1556 1558 1558 1558 1560 1560 1560 1561 1561 1561 1558 1558 1558 1561 1561 1561 1559 1559 1559 1562 1562 1562 1536 1536 1536 1563 1563 1563 1562 1562 1562 1563 1563 1563 1564 1564 1564 1536 1536 1536 1513 1513 1513 1565 1565 1565 1536 1536 1536 1565 1565 1565 1563 1563 1563 1513 1513 1513 1503 1503 1503 1566 1566 1566 1513 1513 1513 1566 1566 1566 1565 1565 1565 1503 1503 1503 1537 1537 1537 1566 1566 1566 1566 1566 1566 1537 1537 1537 1567 1567 1567 1539 1539 1539 1538 1538 1538 1568 1568 1568 1568 1568 1568 1569 1569 1569 1570 1570 1570 1537 1537 1537 1540 1540 1540 1567 1567 1567 1567 1567 1567 1540 1540 1540 1571 1571 1571 1570 1570 1570 1569 1569 1569 1572 1572 1572 1573 1573 1573 1574 1574 1574 1575 1575 1575 1576 1576 1576 1577 1577 1577 1578 1578 1578 1576 1576 1576 1578 1578 1578 1579 1579 1579 1579 1579 1579 1578 1578 1578 1580 1580 1580 1580 1580 1580 1578 1578 1578 1581 1581 1581 1577 1577 1577 1582 1582 1582 1578 1578 1578 1578 1578 1578 1582 1582 1582 1583 1583 1583 1578 1578 1578 1583 1583 1583 1581 1581 1581 1581 1581 1581 1583 1583 1583 1584 1584 1584 1582 1582 1582 1585 1585 1585 1583 1583 1583 1583 1583 1583 1585 1585 1585 1575 1575 1575 1583 1583 1583 1575 1575 1575 1586 1586 1586 1583 1583 1583 1586 1586 1586 1584 1584 1584 1575 1575 1575 1574 1574 1574 1587 1587 1587 1575 1575 1575 1587 1587 1587 1586 1586 1586 1581 1581 1581 1584 1584 1584 1588 1588 1588 1588 1588 1588 1584 1584 1584 1589 1589 1589 1584 1584 1584 1586 1586 1586 1590 1590 1590 1584 1584 1584 1590 1590 1590 1589 1589 1589 1547 1547 1547 1494 1494 1494 1591 1591 1591 1494 1494 1494 1506 1506 1506 1592 1592 1592 1482 1482 1482 1411 1411 1411 1593 1593 1593 1411 1411 1411 1432 1432 1432 1594 1594 1594 1411 1411 1411 1594 1594 1594 1593 1593 1593 1432 1432 1432 1517 1517 1517 1594 1594 1594 1433 1433 1433 1507 1507 1507 1595 1595 1595 1507 1507 1507 1508 1508 1508 1596 1596 1596 1508 1508 1508 1464 1464 1464 1597 1597 1597 1464 1464 1464 1453 1453 1453 1597 1597 1597 1368 1368 1368 1413 1413 1413 1598 1598 1598 1447 1447 1447 1416 1416 1416 1599 1599 1599 1416 1416 1416 1483 1483 1483 1599 1599 1599 1418 1418 1418 1548 1548 1548 1520 1520 1520 1484 1484 1484 1441 1441 1441 1600 1600 1600 1443 1443 1443 1601 1601 1601 1523 1523 1523 1473 1473 1473 1602 1602 1602 1524 1524 1524 1404 1404 1404 1603 1603 1603 1455 1455 1455 1404 1404 1404 1511 1511 1511 1603 1603 1603 1512 1512 1512 1450 1450 1450 1604 1604 1604 1450 1450 1450 1424 1424 1424 1604 1604 1604 1604 1604 1604 1424 1424 1424 1605 1605 1605 1425 1425 1425 1553 1553 1553 1606 1606 1606 1300 1300 1300 1487 1487 1487 1525 1525 1525 1487 1487 1487 1408 1408 1408 1554 1554 1554 1607 1607 1607 1564 1564 1564 1608 1608 1608 1564 1564 1564 1563 1563 1563 1609 1609 1609 1564 1564 1564 1609 1609 1609 1608 1608 1608 1563 1563 1563 1565 1565 1565 1610 1610 1610 1563 1563 1563 1610 1610 1610 1609 1609 1609 1565 1565 1565 1566 1566 1566 1610 1610 1610 1610 1610 1610 1566 1566 1566 1611 1611 1611 1566 1566 1566 1567 1567 1567 1611 1611 1611 1611 1611 1611 1567 1567 1567 1612 1612 1612 1567 1567 1567 1571 1571 1571 1612 1612 1612 1571 1571 1571 1613 1613 1613 1612 1612 1612 1612 1612 1612 1613 1613 1613 1614 1614 1614 1580 1580 1580 1581 1581 1581 1615 1615 1615 1613 1613 1613 1616 1616 1616 1614 1614 1614 1581 1581 1581 1588 1588 1588 1615 1615 1615 1615 1615 1615 1588 1588 1588 1617 1617 1617 1614 1614 1614 1616 1616 1616 1618 1618 1618 1618 1618 1618 1616 1616 1616 1619 1619 1619 1586 1586 1586 1587 1587 1587 1620 1620 1620 1621 1621 1621 1622 1622 1622 1623 1623 1623 1621 1621 1621 1623 1623 1623 1624 1624 1624 1620 1620 1620 1625 1625 1625 1626 1626 1626 1588 1588 1588 1589 1589 1589 1627 1627 1627 1588 1588 1588 1627 1627 1627 1617 1617 1617 1617 1617 1617 1627 1627 1627 1628 1628 1628 1628 1628 1628 1627 1627 1627 1629 1629 1629 1589 1589 1589 1590 1590 1590 1627 1627 1627 1627 1627 1627 1590 1590 1590 1626 1626 1626 1627 1627 1627 1626 1626 1626 1630 1630 1630 1627 1627 1627 1630 1630 1630 1629 1629 1629 1626 1626 1626 1625 1625 1625 1631 1631 1631 1626 1626 1626 1631 1631 1631 1630 1630 1630 1629 1629 1629 1630 1630 1630 1632 1632 1632 1629 1629 1629 1632 1632 1632 1633 1633 1633 1630 1630 1630 1631 1631 1631 1634 1634 1634 1630 1630 1630 1634 1634 1634 1632 1632 1632 1635 1635 1635 1636 1636 1636 1637 1637 1637 1636 1636 1636 1638 1638 1638 1637 1637 1637 1637 1637 1637 1638 1638 1638 1639 1639 1639 1638 1638 1638 1640 1640 1640 1639 1639 1639 1639 1639 1639 1640 1640 1640 1641 1641 1641 1445 1445 1445 1518 1518 1518 1642 1642 1642 1518 1518 1518 1433 1433 1433 1595 1595 1595 1595 1595 1595 1507 1507 1507 1643 1643 1643 1507 1507 1507 1596 1596 1596 1643 1643 1643 1596 1596 1596 1508 1508 1508 1597 1597 1597 1597 1597 1597 1453 1453 1453 1644 1644 1644 1453 1453 1453 1509 1509 1509 1644 1644 1644 1510 1510 1510 1465 1465 1465 1645 1645 1645 1414 1414 1414 1436 1436 1436 1646 1646 1646 1437 1437 1437 1447 1447 1447 1647 1647 1647 1440 1440 1440 1484 1484 1484 1648 1648 1648 1421 1421 1421 1522 1522 1522 1549 1549 1549 1473 1473 1473 1402 1402 1402 1602 1602 1602 1422 1422 1422 1485 1485 1485 1550 1550 1550 1383 1383 1383 1397 1397 1397 1649 1649 1649 1397 1397 1397 1384 1384 1384 1650 1650 1650 1476 1476 1476 1398 1398 1398 1651 1651 1651 1608 1608 1608 1609 1609 1609 1652 1652 1652 1608 1608 1608 1652 1652 1652 1653 1653 1653 1609 1609 1609 1610 1610 1610 1654 1654 1654 1609 1609 1609 1654 1654 1654 1652 1652 1652 1610 1610 1610 1611 1611 1611 1654 1654 1654 1611 1611 1611 1612 1612 1612 1654 1654 1654 1654 1654 1654 1612 1612 1612 1655 1655 1655 1612 1612 1612 1614 1614 1614 1656 1656 1656 1612 1612 1612 1656 1656 1656 1655 1655 1655 1614 1614 1614 1618 1618 1618 1656 1656 1656 1656 1656 1656 1618 1618 1618 1657 1657 1657 1618 1618 1618 1619 1619 1619 1658 1658 1658 1618 1618 1618 1658 1658 1658 1657 1657 1657 1619 1619 1619 1659 1659 1659 1658 1658 1658 1658 1658 1658 1659 1659 1659 1660 1660 1660 1657 1657 1657 1658 1658 1658 1661 1661 1661 1661 1661 1661 1658 1658 1658 1660 1660 1660 1628 1628 1628 1629 1629 1629 1662 1662 1662 1659 1659 1659 1663 1663 1663 1660 1660 1660 1629 1629 1629 1633 1633 1633 1662 1662 1662 1662 1662 1662 1633 1633 1633 1664 1664 1664 1660 1660 1660 1663 1663 1663 1665 1665 1665 1665 1665 1665 1663 1663 1663 1666 1666 1666 1494 1494 1494 1592 1592 1592 1591 1591 1591 1644 1644 1644 1509 1509 1509 1667 1667 1667 1510 1510 1510 1645 1645 1645 1668 1668 1668 1495 1495 1495 1368 1368 1368 1669 1669 1669 1368 1368 1368 1598 1598 1598 1669 1669 1669 1646 1646 1646 1436 1436 1436 1670 1670 1670 1436 1436 1436 1466 1466 1466 1670 1670 1670 1647 1647 1647 1447 1447 1447 1671 1671 1671 1447 1447 1447 1599 1599 1599 1671 1671 1671 1520 1520 1520 1548 1548 1548 1672 1672 1672 1438 1438 1438 1673 1673 1673 1548 1548 1548 1438 1438 1438 1468 1468 1468 1673 1673 1673 1521 1521 1521 1440 1440 1440 1674 1674 1674 1484 1484 1484 1675 1675 1675 1648 1648 1648 1522 1522 1522 1523 1523 1523 1676 1676 1676 1443 1443 1443 1448 1448 1448 1601 1601 1601 1448 1448 1448 1524 1524 1524 1677 1677 1677 1524 1524 1524 1602 1602 1602 1677 1677 1677 1602 1602 1602 1402 1402 1402 1678 1678 1678 1402 1402 1402 1496 1496 1496 1678 1678 1678 1488 1488 1488 1409 1409 1409 1649 1649 1649 1409 1409 1409 1383 1383 1383 1649 1649 1649 1397 1397 1397 1650 1650 1650 1649 1649 1649 1384 1384 1384 1499 1499 1499 1650 1650 1650 1679 1679 1679 1680 1680 1680 1681 1681 1681 1653 1653 1653 1652 1652 1652 1682 1682 1682 1652 1652 1652 1654 1654 1654 1683 1683 1683 1652 1652 1652 1683 1683 1683 1682 1682 1682 1683 1683 1683 1654 1654 1654 1684 1684 1684 1654 1654 1654 1655 1655 1655 1684 1684 1684 1684 1684 1684 1655 1655 1655 1685 1685 1685 1655 1655 1655 1656 1656 1656 1685 1685 1685 1656 1656 1656 1657 1657 1657 1686 1686 1686 1656 1656 1656 1686 1686 1686 1685 1685 1685 1657 1657 1657 1661 1661 1661 1686 1686 1686 1686 1686 1686 1661 1661 1661 1687 1687 1687 1661 1661 1661 1660 1660 1660 1687 1687 1687 1687 1687 1687 1660 1660 1660 1688 1688 1688 1660 1660 1660 1665 1665 1665 1688 1688 1688 1688 1688 1688 1665 1665 1665 1689 1689 1689 1482 1482 1482 1593 1593 1593 1690 1690 1690 1596 1596 1596 1691 1691 1691 1692 1692 1692 1596 1596 1596 1597 1597 1597 1691 1691 1691 1597 1597 1597 1644 1644 1644 1691 1691 1691 1517 1517 1517 1495 1495 1495 1693 1693 1693 1495 1495 1495 1669 1669 1669 1693 1693 1693 1483 1483 1483 1519 1519 1519 1694 1694 1694 1674 1674 1674 1440 1440 1440 1648 1648 1648 1467 1467 1467 1549 1549 1549 1695 1695 1695 1523 1523 1523 1601 1601 1601 1676 1676 1676 1448 1448 1448 1696 1696 1696 1601 1601 1601 1448 1448 1448 1677 1677 1677 1696 1696 1696 1496 1496 1496 1455 1455 1455 1697 1697 1697 1455 1455 1455 1603 1603 1603 1697 1697 1697 1603 1603 1603 1511 1511 1511 1698 1698 1698 1511 1511 1511 1550 1550 1550 1698 1698 1698 1550 1550 1550 1485 1485 1485 1699 1699 1699 1550 1550 1550 1699 1699 1699 1700 1700 1700 1485 1485 1485 1449 1449 1449 1699 1699 1699 1497 1497 1497 1486 1486 1486 1701 1701 1701 1486 1486 1486 1512 1512 1512 1701 1701 1701 1525 1525 1525 1487 1487 1487 1702 1702 1702 1487 1487 1487 1554 1554 1554 1702 1702 1702 1703 1703 1703 1704 1704 1704 1705 1705 1705 1704 1704 1704 1706 1706 1706 1707 1707 1707 1704 1704 1704 1707 1707 1707 1705 1705 1705 1708 1708 1708 1688 1688 1688 1709 1709 1709 1706 1706 1706 1710 1710 1710 1707 1707 1707 1688 1688 1688 1689 1689 1689 1709 1709 1709 1709 1709 1709 1689 1689 1689 1711 1711 1711 1689 1689 1689 1712 1712 1712 1711 1711 1711 1711 1711 1711 1712 1712 1712 1713 1713 1713 1714 1714 1714 1715 1715 1715 1716 1716 1716 1643 1643 1643 1596 1596 1596 1692 1692 1692 1668 1668 1668 1645 1645 1645 1717 1717 1717 1484 1484 1484 1600 1600 1600 1675 1675 1675 1549 1549 1549 1522 1522 1522 1695 1695 1695 1696 1696 1696 1677 1677 1677 1718 1718 1718 1677 1677 1677 1602 1602 1602 1718 1718 1718 1718 1718 1718 1602 1602 1602 1719 1719 1719 1720 1720 1720 1525 1525 1525 1702 1702 1702 1554 1554 1554 1498 1498 1498 1526 1526 1526 1650 1650 1650 1499 1499 1499 1721 1721 1721 1499 1499 1499 1426 1426 1426 1721 1721 1721 1722 1722 1722 1723 1723 1723 1724 1724 1724 1724 1724 1724 1723 1723 1723 1725 1725 1725 1726 1726 1726 1713 1713 1713 1727 1727 1727 1723 1723 1723 1728 1728 1728 1725 1725 1725 1518 1518 1518 1595 1595 1595 1729 1729 1729 1595 1595 1595 1643 1643 1643 1729 1729 1729 1644 1644 1644 1667 1667 1667 1730 1730 1730 1668 1668 1668 1717 1717 1717 1731 1731 1731 1646 1646 1646 1670 1670 1670 1732 1732 1732 1466 1466 1466 1467 1467 1467 1695 1695 1695 1599 1599 1599 1694 1694 1694 1671 1671 1671 1599 1599 1599 1483 1483 1483 1694 1694 1694 1673 1673 1673 1468 1468 1468 1733 1733 1733 1468 1468 1468 1521 1521 1521 1733 1733 1733 1521 1521 1521 1674 1674 1674 1733 1733 1733 1648 1648 1648 1675 1675 1675 1734 1734 1734 1676 1676 1676 1601 1601 1601 1735 1735 1735 1719 1719 1719 1602 1602 1602 1678 1678 1678 1426 1426 1426 1476 1476 1476 1736 1736 1736 1426 1426 1426 1736 1736 1736 1721 1721 1721 1476 1476 1476 1651 1651 1651 1736 1736 1736 1737 1737 1737 1738 1738 1738 1739 1739 1739 1547 1547 1547 1591 1591 1591 1740 1740 1740 1740 1740 1740 1591 1591 1591 1741 1741 1741 1591 1591 1591 1592 1592 1592 1741 1741 1741 1592 1592 1592 1506 1506 1506 1742 1742 1742 1643 1643 1643 1692 1692 1692 1743 1743 1743 1692 1692 1692 1691 1691 1691 1744 1744 1744 1694 1694 1694 1519 1519 1519 1745 1745 1745 1519 1519 1519 1520 1520 1520 1746 1746 1746 1548 1548 1548 1673 1673 1673 1672 1672 1672 1674 1674 1674 1648 1648 1648 1734 1734 1734 1695 1695 1695 1522 1522 1522 1747 1747 1747 1550 1550 1550 1700 1700 1700 1698 1698 1698 1474 1474 1474 1497 1497 1497 1748 1748 1748 1702 1702 1702 1554 1554 1554 1749 1749 1749 1554 1554 1554 1526 1526 1526 1749 1749 1749 1649 1649 1649 1650 1650 1650 1750 1750 1750 1751 1751 1751 1752 1752 1752 1753 1753 1753 1733 1733 1733 1674 1674 1674 1734 1734 1734 1699 1699 1699 1449 1449 1449 1754 1754 1754 1449 1449 1449 1474 1474 1474 1754 1754 1754 1474 1474 1474 1748 1748 1748 1754 1754 1754 1553 1553 1553 1475 1475 1475 1755 1755 1755 1475 1475 1475 1525 1525 1525 1755 1755 1755 1749 1749 1749 1526 1526 1526 1756 1756 1756 1526 1526 1526 1488 1488 1488 1756 1756 1756 1488 1488 1488 1649 1649 1649 1756 1756 1756 1750 1750 1750 1650 1650 1650 1757 1757 1757 1650 1650 1650 1721 1721 1721 1757 1757 1757 1430 1430 1430 1547 1547 1547 1758 1758 1758 1518 1518 1518 1729 1729 1729 1759 1759 1759 1691 1691 1691 1644 1644 1644 1760 1760 1760 1644 1644 1644 1730 1730 1730 1760 1760 1760 1731 1731 1731 1717 1717 1717 1761 1761 1761 1517 1517 1517 1693 1693 1693 1762 1762 1762 1693 1693 1693 1669 1669 1669 1762 1762 1762 1762 1762 1762 1669 1669 1669 1763 1763 1763 1732 1732 1732 1670 1670 1670 1764 1764 1764 1670 1670 1670 1466 1466 1466 1764 1764 1764 1764 1764 1764 1466 1466 1466 1765 1765 1765 1466 1466 1466 1695 1695 1695 1765 1765 1765 1647 1647 1647 1671 1671 1671 1766 1766 1766 1520 1520 1520 1672 1672 1672 1746 1746 1746 1675 1675 1675 1600 1600 1600 1767 1767 1767 1767 1767 1767 1600 1600 1600 1768 1768 1768 1769 1769 1769 1695 1695 1695 1747 1747 1747 1678 1678 1678 1496 1496 1496 1697 1697 1697 1512 1512 1512 1604 1604 1604 1770 1770 1770 1604 1604 1604 1605 1605 1605 1770 1770 1770 1755 1755 1755 1525 1525 1525 1771 1771 1771 1525 1525 1525 1720 1720 1720 1771 1771 1771 1702 1702 1702 1749 1749 1749 1772 1772 1772 1593 1593 1593 1594 1594 1594 1773 1773 1773 1594 1594 1594 1517 1517 1517 1773 1773 1773 1773 1773 1773 1517 1517 1517 1774 1774 1774 1642 1642 1642 1518 1518 1518 1775 1775 1775 1759 1759 1759 1729 1729 1729 1776 1776 1776 1729 1729 1729 1643 1643 1643 1776 1776 1776 1692 1692 1692 1744 1744 1744 1743 1743 1743 1691 1691 1691 1760 1760 1760 1744 1744 1744 1760 1760 1760 1730 1730 1730 1777 1777 1777 1731 1731 1731 1761 1761 1761 1778 1778 1778 1765 1765 1765 1695 1695 1695 1769 1769 1769 1672 1672 1672 1673 1673 1673 1779 1779 1779 1603 1603 1603 1698 1698 1698 1780 1780 1780 1700 1700 1700 1699 1699 1699 1754 1754 1754 1720 1720 1720 1702 1702 1702 1771 1771 1771 1772 1772 1772 1749 1749 1749 1781 1781 1781 1690 1690 1690 1593 1593 1593 1782 1782 1782 1593 1593 1593 1773 1773 1773 1782 1782 1782 1643 1643 1643 1743 1743 1743 1776 1776 1776 1517 1517 1517 1783 1783 1783 1774 1774 1774 1517 1517 1517 1762 1762 1762 1783 1783 1783 1763 1763 1763 1669 1669 1669 1598 1598 1598 1766 1766 1766 1671 1671 1671 1784 1784 1784 1671 1671 1671 1694 1694 1694 1784 1784 1784 1672 1672 1672 1779 1779 1779 1785 1785 1785 1673 1673 1673 1733 1733 1733 1786 1786 1786 1769 1769 1769 1747 1747 1747 1787 1787 1787 1522 1522 1522 1676 1676 1676 1735 1735 1735 1522 1522 1522 1735 1735 1735 1747 1747 1747 1606 1606 1606 1553 1553 1553 1788 1788 1788 1553 1553 1553 1755 1755 1755 1788 1788 1788 1781 1781 1781 1749 1749 1749 1789 1789 1789 1749 1749 1749 1756 1756 1756 1789 1789 1789 1649 1649 1649 1750 1750 1750 1790 1790 1790 1721 1721 1721 1736 1736 1736 1791 1791 1791 1791 1791 1791 1736 1736 1736 1792 1792 1792 1736 1736 1736 1651 1651 1651 1793 1793 1793 1736 1736 1736 1793 1793 1793 1792 1792 1792 1743 1743 1743 1744 1744 1744 1794 1794 1794 1744 1744 1744 1760 1760 1760 1794 1794 1794 1732 1732 1732 1764 1764 1764 1795 1795 1795 1745 1745 1745 1519 1519 1519 1746 1746 1746 1673 1673 1673 1786 1786 1786 1779 1779 1779 1786 1786 1786 1733 1733 1733 1796 1796 1796 1733 1733 1733 1734 1734 1734 1796 1796 1796 1796 1796 1796 1734 1734 1734 1797 1797 1797 1735 1735 1735 1601 1601 1601 1798 1798 1798 1601 1601 1601 1696 1696 1696 1798 1798 1798 1696 1696 1696 1799 1799 1799 1798 1798 1798 1696 1696 1696 1718 1718 1718 1799 1799 1799 1718 1718 1718 1719 1719 1719 1800 1800 1800 1719 1719 1719 1678 1678 1678 1800 1800 1800 1678 1678 1678 1801 1801 1801 1800 1800 1800 1678 1678 1678 1697 1697 1697 1801 1801 1801 1801 1801 1801 1697 1697 1697 1802 1802 1802 1697 1697 1697 1603 1603 1603 1802 1802 1802 1603 1603 1603 1780 1780 1780 1802 1802 1802 1698 1698 1698 1700 1700 1700 1803 1803 1803 1700 1700 1700 1754 1754 1754 1803 1803 1803 1748 1748 1748 1497 1497 1497 1804 1804 1804 1497 1497 1497 1701 1701 1701 1804 1804 1804 1701 1701 1701 1512 1512 1512 1805 1805 1805 1512 1512 1512 1770 1770 1770 1805 1805 1805 1756 1756 1756 1649 1649 1649 1790 1790 1790 1758 1758 1758 1547 1547 1547 1740 1740 1740 1592 1592 1592 1742 1742 1742 1741 1741 1741 1775 1775 1775 1518 1518 1518 1806 1806 1806 1518 1518 1518 1759 1759 1759 1806 1806 1806 1647 1647 1647 1766 1766 1766 1807 1807 1807 1784 1784 1784 1694 1694 1694 1808 1808 1808 1746 1746 1746 1672 1672 1672 1785 1785 1785 1734 1734 1734 1675 1675 1675 1797 1797 1797 1675 1675 1675 1767 1767 1767 1809 1809 1809 1799 1799 1799 1718 1718 1718 1810 1810 1810 1718 1718 1718 1800 1800 1800 1810 1810 1810 1754 1754 1754 1748 1748 1748 1811 1811 1811 1750 1750 1750 1757 1757 1757 1812 1812 1812 1757 1757 1757 1721 1721 1721 1813 1813 1813 1721 1721 1721 1791 1791 1791 1813 1813 1813 1690 1690 1690 1782 1782 1782 1814 1814 1814 1794 1794 1794 1760 1760 1760 1815 1815 1815 1760 1760 1760 1777 1777 1777 1815 1815 1815 1763 1763 1763 1598 1598 1598 1816 1816 1816 1694 1694 1694 1745 1745 1745 1808 1808 1808 1786 1786 1786 1796 1796 1796 1817 1817 1817 1797 1797 1797 1675 1675 1675 1809 1809 1809 1769 1769 1769 1787 1787 1787 1818 1818 1818 1787 1787 1787 1747 1747 1747 1819 1819 1819 1810 1810 1810 1800 1800 1800 1820 1820 1820 1820 1820 1820 1800 1800 1800 1801 1801 1801 1748 1748 1748 1804 1804 1804 1811 1811 1811 1788 1788 1788 1755 1755 1755 1821 1821 1821 1755 1755 1755 1771 1771 1771 1821 1821 1821 1771 1771 1771 1702 1702 1702 1822 1822 1822 1702 1702 1702 1772 1772 1772 1822 1822 1822 1790 1790 1790 1750 1750 1750 1812 1812 1812 1743 1743 1743 1794 1794 1794 1823 1823 1823 1778 1778 1778 1761 1761 1761 1824 1824 1824 1765 1765 1765 1769 1769 1769 1818 1818 1818 1807 1807 1807 1766 1766 1766 1825 1825 1825 1766 1766 1766 1784 1784 1784 1825 1825 1825 1747 1747 1747 1735 1735 1735 1826 1826 1826 1804 1804 1804 1701 1701 1701 1827 1827 1827 1812 1812 1812 1757 1757 1757 1813 1813 1813 1759 1759 1759 1776 1776 1776 1828 1828 1828 1776 1776 1776 1743 1743 1743 1828 1828 1828 1743 1743 1743 1823 1823 1823 1828 1828 1828 1823 1823 1823 1794 1794 1794 1829 1829 1829 1794 1794 1794 1815 1815 1815 1829 1829 1829 1767 1767 1767 1768 1768 1768 1830 1830 1830 1826 1826 1826 1735 1735 1735 1831 1831 1831 1735 1735 1735 1798 1798 1798 1831 1831 1831 1810 1810 1810 1820 1820 1820 1832 1832 1832 1780 1780 1780 1698 1698 1698 1833 1833 1833 1698 1698 1698 1803 1803 1803 1833 1833 1833 1803 1803 1803 1754 1754 1754 1834 1834 1834 1789 1789 1789 1756 1756 1756 1835 1835 1835 1756 1756 1756 1790 1790 1790 1835 1835 1835 1758 1758 1758 1740 1740 1740 1836 1836 1836 1775 1775 1775 1806 1806 1806 1837 1837 1837 1829 1829 1829 1815 1815 1815 1838 1838 1838 1815 1815 1815 1777 1777 1777 1839 1839 1839 1815 1815 1815 1839 1839 1839 1838 1838 1838 1778 1778 1778 1824 1824 1824 1840 1840 1840 1746 1746 1746 1841 1841 1841 1842 1842 1842 1746 1746 1746 1785 1785 1785 1841 1841 1841 1779 1779 1779 1786 1786 1786 1817 1817 1817 1817 1817 1817 1796 1796 1796 1843 1843 1843 1796 1796 1796 1797 1797 1797 1843 1843 1843 1809 1809 1809 1767 1767 1767 1830 1830 1830 1747 1747 1747 1826 1826 1826 1819 1819 1819 1798 1798 1798 1799 1799 1799 1844 1844 1844 1844 1844 1844 1799 1799 1799 1845 1845 1845 1799 1799 1799 1810 1810 1810 1845 1845 1845 1810 1810 1810 1832 1832 1832 1845 1845 1845 1820 1820 1820 1801 1801 1801 1846 1846 1846 1846 1846 1846 1801 1801 1801 1847 1847 1847 1847 1847 1847 1801 1801 1801 1848 1848 1848 1801 1801 1801 1802 1802 1802 1848 1848 1848 1802 1802 1802 1780 1780 1780 1848 1848 1848 1754 1754 1754 1811 1811 1811 1834 1834 1834 1827 1827 1827 1701 1701 1701 1849 1849 1849 1701 1701 1701 1805 1805 1805 1849 1849 1849 1770 1770 1770 1605 1605 1605 1850 1850 1850 1606 1606 1606 1788 1788 1788 1851 1851 1851 1822 1822 1822 1772 1772 1772 1852 1852 1852 1790 1790 1790 1812 1812 1812 1853 1853 1853 1812 1812 1812 1854 1854 1854 1853 1853 1853 1812 1812 1812 1813 1813 1813 1854 1854 1854 1813 1813 1813 1791 1791 1791 1855 1855 1855 1791 1791 1791 1792 1792 1792 1856 1856 1856 1791 1791 1791 1856 1856 1856 1855 1855 1855 1792 1792 1792 1793 1793 1793 1856 1856 1856 1814 1814 1814 1782 1782 1782 1857 1857 1857 1840 1840 1840 1824 1824 1824 1858 1858 1858 1859 1859 1859 1860 1860 1860 1861 1861 1861 1763 1763 1763 1816 1816 1816 1862 1862 1862 1795 1795 1795 1764 1764 1764 1863 1863 1863 1764 1764 1764 1765 1765 1765 1864 1864 1864 1765 1765 1765 1818 1818 1818 1864 1864 1864 1745 1745 1745 1746 1746 1746 1842 1842 1842 1779 1779 1779 1817 1817 1817 1785 1785 1785 1797 1797 1797 1809 1809 1809 1865 1865 1865 1818 1818 1818 1787 1787 1787 1866 1866 1866 1798 1798 1798 1844 1844 1844 1867 1867 1867 1771 1771 1771 1822 1822 1822 1868 1868 1868 1772 1772 1772 1781 1781 1781 1852 1852 1852 1781 1781 1781 1789 1789 1789 1869 1869 1869 1759 1759 1759 1828 1828 1828 1870 1870 1870 1762 1762 1762 1763 1763 1763 1871 1871 1871 1763 1763 1763 1862 1862 1862 1871 1871 1871 1825 1825 1825 1784 1784 1784 1872 1872 1872 1784 1784 1784 1808 1808 1808 1872 1872 1872 1817 1817 1817 1843 1843 1843 1873 1873 1873 1843 1843 1843 1797 1797 1797 1865 1865 1865 1830 1830 1830 1768 1768 1768 1874 1874 1874 1787 1787 1787 1819 1819 1819 1866 1866 1866 1798 1798 1798 1867 1867 1867 1831 1831 1831 1780 1780 1780 1833 1833 1833 1848 1848 1848 1811 1811 1811 1804 1804 1804 1875 1875 1875 1804 1804 1804 1827 1827 1827 1875 1875 1875 1869 1869 1869 1789 1789 1789 1835 1835 1835 1835 1835 1835 1790 1790 1790 1876 1876 1876 1790 1790 1790 1853 1853 1853 1876 1876 1876 1740 1740 1740 1741 1741 1741 1877 1877 1877 1741 1741 1741 1742 1742 1742 1877 1877 1877 1828 1828 1828 1823 1823 1823 1878 1878 1878 1823 1823 1823 1879 1879 1879 1878 1878 1878 1823 1823 1823 1829 1829 1829 1879 1879 1879 1829 1829 1829 1838 1838 1838 1879 1879 1879 1863 1863 1863 1764 1764 1764 1880 1880 1880 1764 1764 1764 1864 1864 1864 1880 1880 1880 1808 1808 1808 1745 1745 1745 1881 1881 1881 1745 1745 1745 1842 1842 1842 1881 1881 1881 1785 1785 1785 1817 1817 1817 1882 1882 1882 1826 1826 1826 1831 1831 1831 1819 1819 1819 1803 1803 1803 1834 1834 1834 1883 1883 1883 1811 1811 1811 1875 1875 1875 1834 1834 1834 1805 1805 1805 1770 1770 1770 1850 1850 1850 1868 1868 1868 1822 1822 1822 1852 1852 1852 1852 1852 1852 1781 1781 1781 1869 1869 1869 1836 1836 1836 1740 1740 1740 1877 1877 1877 1877 1877 1877 1742 1742 1742 1884 1884 1884 1857 1857 1857 1782 1782 1782 1885 1885 1885 1782 1782 1782 1773 1773 1773 1886 1886 1886 1782 1782 1782 1886 1886 1886 1885 1885 1885 1773 1773 1773 1774 1774 1774 1886 1886 1886 1879 1879 1879 1838 1838 1838 1887 1887 1887 1838 1838 1838 1839 1839 1839 1887 1887 1887 1831 1831 1831 1867 1867 1867 1888 1888 1888 1846 1846 1846 1847 1847 1847 1889 1889 1889 1847 1847 1847 1848 1848 1848 1890 1890 1890 1833 1833 1833 1803 1803 1803 1883 1883 1883 1827 1827 1827 1849 1849 1849 1891 1891 1891 1849 1849 1849 1805 1805 1805 1891 1891 1891 1821 1821 1821 1771 1771 1771 1892 1892 1892 1892 1892 1892 1771 1771 1771 1868 1868 1868 1854 1854 1854 1813 1813 1813 1893 1893 1893 1813 1813 1813 1855 1855 1855 1893 1893 1893 1857 1857 1857 1885 1885 1885 1894 1894 1894 1828 1828 1828 1878 1878 1878 1870 1870 1870 1887 1887 1887 1839 1839 1839 1895 1895 1895 1840 1840 1840 1858 1858 1858 1896 1896 1896 1863 1863 1863 1880 1880 1880 1897 1897 1897 1807 1807 1807 1825 1825 1825 1898 1898 1898 1842 1842 1842 1841 1841 1841 1899 1899 1899 1841 1841 1841 1785 1785 1785 1882 1882 1882 1882 1882 1882 1817 1817 1817 1873 1873 1873 1809 1809 1809 1830 1830 1830 1900 1900 1900 1866 1866 1866 1819 1819 1819 1901 1901 1901 1832 1832 1832 1820 1820 1820 1902 1902 1902 1820 1820 1820 1846 1846 1846 1902 1902 1902 1891 1891 1891 1805 1805 1805 1850 1850 1850 1877 1877 1877 1884 1884 1884 1903 1903 1903 1837 1837 1837 1806 1806 1806 1904 1904 1904 1806 1806 1806 1759 1759 1759 1904 1904 1904 1896 1896 1896 1858 1858 1858 1905 1905 1905 1872 1872 1872 1808 1808 1808 1906 1906 1906 1808 1808 1808 1881 1881 1881 1906 1906 1906 1881 1881 1881 1842 1842 1842 1907 1907 1907 1842 1842 1842 1899 1899 1899 1907 1907 1907 1908 1908 1908 1909 1909 1909 1910 1910 1910 1900 1900 1900 1830 1830 1830 1911 1911 1911 1830 1830 1830 1874 1874 1874 1911 1911 1911 1847 1847 1847 1890 1890 1890 1912 1912 1912 1848 1848 1848 1833 1833 1833 1913 1913 1913 1788 1788 1788 1821 1821 1821 1914 1914 1914 1821 1821 1821 1892 1892 1892 1914 1914 1914 1869 1869 1869 1835 1835 1835 1915 1915 1915 1915 1915 1915 1835 1835 1835 1876 1876 1876 1856 1856 1856 1793 1793 1793 1916 1916 1916 1758 1758 1758 1836 1836 1836 1917 1917 1917 1917 1917 1917 1836 1836 1836 1877 1877 1877 1904 1904 1904 1759 1759 1759 1918 1918 1918 1759 1759 1759 1870 1870 1870 1918 1918 1918 1878 1878 1878 1879 1879 1879 1919 1919 1919 1879 1879 1879 1887 1887 1887 1919 1919 1919 1873 1873 1873 1843 1843 1843 1920 1920 1920 1843 1843 1843 1865 1865 1865 1920 1920 1920 1865 1865 1865 1900 1900 1900 1920 1920 1920 1865 1865 1865 1809 1809 1809 1900 1900 1900 1818 1818 1818 1866 1866 1866 1921 1921 1921 1866 1866 1866 1901 1901 1901 1921 1921 1921 1901 1901 1901 1819 1819 1819 1922 1922 1922 1819 1819 1819 1831 1831 1831 1922 1922 1922 1831 1831 1831 1888 1888 1888 1923 1923 1923 1845 1845 1845 1924 1924 1924 1844 1844 1844 1845 1845 1845 1832 1832 1832 1924 1924 1924 1846 1846 1846 1889 1889 1889 1902 1902 1902 1889 1889 1889 1847 1847 1847 1912 1912 1912 1833 1833 1833 1883 1883 1883 1913 1913 1913 1883 1883 1883 1834 1834 1834 1925 1925 1925 1834 1834 1834 1875 1875 1875 1925 1925 1925 1827 1827 1827 1891 1891 1891 1875 1875 1875 1851 1851 1851 1788 1788 1788 1926 1926 1926 1788 1788 1788 1914 1914 1914 1926 1926 1926 1914 1914 1914 1892 1892 1892 1868 1868 1868 1868 1868 1868 1852 1852 1852 1927 1927 1927 1852 1852 1852 1869 1869 1869 1927 1927 1927 1894 1894 1894 1885 1885 1885 1928 1928 1928 1885 1885 1885 1886 1886 1886 1928 1928 1928 1886 1886 1886 1774 1774 1774 1929 1929 1929 1880 1880 1880 1864 1864 1864 1930 1930 1930 1864 1864 1864 1818 1818 1818 1930 1930 1930 1899 1899 1899 1841 1841 1841 1931 1931 1931 1841 1841 1841 1882 1882 1882 1931 1931 1931 1831 1831 1831 1923 1923 1923 1922 1922 1922 1832 1832 1832 1902 1902 1902 1924 1924 1924 1890 1890 1890 1848 1848 1848 1932 1932 1932 1875 1875 1875 1891 1891 1891 1933 1933 1933 1869 1869 1869 1915 1915 1915 1927 1927 1927 1915 1915 1915 1876 1876 1876 1934 1934 1934 1934 1934 1934 1876 1876 1876 1935 1935 1935 1876 1876 1876 1853 1853 1853 1935 1935 1935 1854 1854 1854 1936 1936 1936 1853 1853 1853 1936 1936 1936 1854 1854 1854 1893 1893 1893 1893 1893 1893 1855 1855 1855 1937 1937 1937 1894 1894 1894 1928 1928 1928 1938 1938 1938 1928 1928 1928 1886 1886 1886 1939 1939 1939 1837 1837 1837 1904 1904 1904 1940 1940 1940 1919 1919 1919 1887 1887 1887 1941 1941 1941 1887 1887 1887 1895 1895 1895 1942 1942 1942 1887 1887 1887 1942 1942 1942 1941 1941 1941 1896 1896 1896 1905 1905 1905 1943 1943 1943 1886 1886 1886 1929 1929 1929 1939 1939 1939 1774 1774 1774 1783 1783 1783 1944 1944 1944 1774 1774 1774 1944 1944 1944 1929 1929 1929 1906 1906 1906 1881 1881 1881 1945 1945 1945 1881 1881 1881 1907 1907 1907 1945 1945 1945 1907 1907 1907 1899 1899 1899 1946 1946 1946 1907 1907 1907 1946 1946 1946 1947 1947 1947 1882 1882 1882 1873 1873 1873 1948 1948 1948 1873 1873 1873 1920 1920 1920 1949 1949 1949 1920 1920 1920 1900 1900 1900 1950 1950 1950 1920 1920 1920 1950 1950 1950 1949 1949 1949 1950 1950 1950 1900 1900 1900 1951 1951 1951 1900 1900 1900 1911 1911 1911 1951 1951 1951 1910 1910 1910 1909 1909 1909 1952 1952 1952 1901 1901 1901 1922 1922 1922 1921 1921 1921 1888 1888 1888 1867 1867 1867 1923 1923 1923 1923 1923 1923 1867 1867 1867 1953 1953 1953 1867 1867 1867 1844 1844 1844 1953 1953 1953 1953 1953 1953 1844 1844 1844 1954 1954 1954 1844 1844 1844 1924 1924 1924 1954 1954 1954 1924 1924 1924 1902 1902 1902 1955 1955 1955 1955 1955 1955 1902 1902 1902 1912 1912 1912 1902 1902 1902 1889 1889 1889 1912 1912 1912 1890 1890 1890 1932 1932 1932 1912 1912 1912 1848 1848 1848 1913 1913 1913 1932 1932 1932 1913 1913 1913 1883 1883 1883 1956 1956 1956 1883 1883 1883 1925 1925 1925 1956 1956 1956 1957 1957 1957 1850 1850 1850 1958 1958 1958 1851 1851 1851 1926 1926 1926 1959 1959 1959 1855 1855 1855 1856 1856 1856 1960 1960 1960 1855 1855 1855 1960 1960 1960 1937 1937 1937 1856 1856 1856 1916 1916 1916 1960 1960 1960 1943 1943 1943 1905 1905 1905 1961 1961 1961 1944 1944 1944 1783 1783 1783 1871 1871 1871 1783 1783 1783 1762 1762 1762 1871 1871 1871 1871 1871 1871 1862 1862 1862 1962 1962 1962 1897 1897 1897 1880 1880 1880 1963 1963 1963 1898 1898 1898 1825 1825 1825 1964 1964 1964 1825 1825 1825 1872 1872 1872 1964 1964 1964 1906 1906 1906 1945 1945 1945 1965 1965 1965 1945 1945 1945 1907 1907 1907 1947 1947 1947 1911 1911 1911 1874 1874 1874 1966 1966 1966 1966 1966 1966 1874 1874 1874 1967 1967 1967 1921 1921 1921 1922 1922 1922 1968 1968 1968 1922 1922 1922 1969 1969 1969 1968 1968 1968 1922 1922 1922 1923 1923 1923 1969 1969 1969 1912 1912 1912 1932 1932 1932 1970 1970 1970 1913 1913 1913 1956 1956 1956 1932 1932 1932 1933 1933 1933 1891 1891 1891 1957 1957 1957 1891 1891 1891 1850 1850 1850 1957 1957 1957 1914 1914 1914 1868 1868 1868 1971 1971 1971 1868 1868 1868 1927 1927 1927 1972 1972 1972 1915 1915 1915 1934 1934 1934 1973 1973 1973 1877 1877 1877 1903 1903 1903 1974 1974 1974 1870 1870 1870 1878 1878 1878 1975 1975 1975 1878 1878 1878 1919 1919 1919 1975 1975 1975 1963 1963 1963 1880 1880 1880 1976 1976 1976 1880 1880 1880 1930 1930 1930 1976 1976 1976 1872 1872 1872 1906 1906 1906 1965 1965 1965 1899 1899 1899 1931 1931 1931 1946 1946 1946 1931 1931 1931 1882 1882 1882 1977 1977 1977 1977 1977 1977 1882 1882 1882 1978 1978 1978 1882 1882 1882 1948 1948 1948 1978 1978 1978 1948 1948 1948 1873 1873 1873 1949 1949 1949 1951 1951 1951 1911 1911 1911 1966 1966 1966 1923 1923 1923 1953 1953 1953 1979 1979 1979 1979 1979 1979 1953 1953 1953 1980 1980 1980 1954 1954 1954 1924 1924 1924 1981 1981 1981 1924 1924 1924 1955 1955 1955 1981 1981 1981 1955 1955 1955 1982 1982 1982 1981 1981 1981 1955 1955 1955 1912 1912 1912 1982 1982 1982 1982 1982 1982 1912 1912 1912 1970 1970 1970 1970 1970 1970 1932 1932 1932 1983 1983 1983 1932 1932 1932 1956 1956 1956 1984 1984 1984 1956 1956 1956 1925 1925 1925 1985 1985 1985 1956 1956 1956 1985 1985 1985 1984 1984 1984 1925 1925 1925 1875 1875 1875 1985 1985 1985 1875 1875 1875 1933 1933 1933 1985 1985 1985 1868 1868 1868 1972 1972 1972 1971 1971 1971 1927 1927 1927 1915 1915 1915 1986 1986 1986 1853 1853 1853 1936 1936 1936 1935 1935 1935 1917 1917 1917 1877 1877 1877 1974 1974 1974 1919 1919 1919 1941 1941 1941 1987 1987 1987 1941 1941 1941 1942 1942 1942 1988 1988 1988 1943 1943 1943 1961 1961 1961 1989 1989 1989 1989 1989 1989 1961 1961 1961 1990 1990 1990 1871 1871 1871 1962 1962 1962 1991 1991 1991 1898 1898 1898 1964 1964 1964 1992 1992 1992 1964 1964 1964 1872 1872 1872 1993 1993 1993 1964 1964 1964 1993 1993 1993 1992 1992 1992 1872 1872 1872 1965 1965 1965 1993 1993 1993 1978 1978 1978 1948 1948 1948 1994 1994 1994 1948 1948 1948 1949 1949 1949 1994 1994 1994 1950 1950 1950 1951 1951 1951 1995 1995 1995 1951 1951 1951 1996 1996 1996 1995 1995 1995 1818 1818 1818 1921 1921 1921 1930 1930 1930 1951 1951 1951 1966 1966 1966 1996 1996 1996 1996 1996 1996 1966 1966 1966 1997 1997 1997 1966 1966 1966 1967 1967 1967 1997 1997 1997 1923 1923 1923 1979 1979 1979 1969 1969 1969 1953 1953 1953 1954 1954 1954 1980 1980 1980 1932 1932 1932 1984 1984 1984 1983 1983 1983 1957 1957 1957 1998 1998 1998 1933 1933 1933 1957 1957 1957 1958 1958 1958 1998 1998 1998 1959 1959 1959 1926 1926 1926 1999 1999 1999 1926 1926 1926 1914 1914 1914 1999 1999 1999 1972 1972 1972 1927 1927 1927 1986 1986 1986 1915 1915 1915 1973 1973 1973 1986 1986 1986 1935 1935 1935 1936 1936 1936 1893 1893 1893 1938 1938 1938 1928 1928 1928 2000 2000 2000 1938 1938 1938 2000 2000 2000 2001 2001 2001 1928 1928 1928 1939 1939 1939 2000 2000 2000 1941 1941 1941 1988 1988 1988 2002 2002 2002 1988 1988 1988 2003 2003 2003 2004 2004 2004 1988 1988 1988 2004 2004 2004 2002 2002 2002 2005 2005 2005 2006 2006 2006 2007 2007 2007 2008 2008 2008 2009 2009 2009 2010 2010 2010 1939 1939 1939 1929 1929 1929 1944 1944 1944 1939 1939 1939 1944 1944 1944 2000 2000 2000 1944 1944 1944 1871 1871 1871 2011 2011 2011 1898 1898 1898 1992 1992 1992 2012 2012 2012 1946 1946 1946 2013 2013 2013 1947 1947 1947 1946 1946 1946 2014 2014 2014 2013 2013 2013 1946 1946 1946 1931 1931 1931 2014 2014 2014 2014 2014 2014 1931 1931 1931 1977 1977 1977 1994 1994 1994 1949 1949 1949 2015 2015 2015 1949 1949 1949 1950 1950 1950 2015 2015 2015 1950 1950 1950 1995 1995 1995 2015 2015 2015 1995 1995 1995 1996 1996 1996 2016 2016 2016 1996 1996 1996 1997 1997 1997 2016 2016 2016 2016 2016 2016 1997 1997 1997 2017 2017 2017 2017 2017 2017 1997 1997 1997 2018 2018 2018 1999 1999 1999 1914 1914 1914 2019 2019 2019 1914 1914 1914 1971 1971 1971 2019 2019 2019 1972 1972 1972 1986 1986 1986 1971 1971 1971 1935 1935 1935 1893 1893 1893 2020 2020 2020 1893 1893 1893 1937 1937 1937 2020 2020 2020 2020 2020 2020 1937 1937 1937 2021 2021 2021 1937 1937 1937 1960 1960 1960 2021 2021 2021 1918 1918 1918 1870 1870 1870 2022 2022 2022 1870 1870 1870 1975 1975 1975 2022 2022 2022 1919 1919 1919 1987 1987 1987 1975 1975 1975 1941 1941 1941 2002 2002 2002 1987 1987 1987 1987 1987 1987 2002 2002 2002 2023 2023 2023 2002 2002 2002 2004 2004 2004 2023 2023 2023 2023 2023 2023 2004 2004 2004 2024 2024 2024 2007 2007 2007 2006 2006 2006 2025 2025 2025 2025 2025 2025 2006 2006 2006 2026 2026 2026 2010 2010 2010 2009 2009 2009 2027 2027 2027 1871 1871 1871 1991 1991 1991 2028 2028 2028 1963 1963 1963 1976 1976 1976 2029 2029 2029 1976 1976 1976 1930 1930 1930 2030 2030 2030 1965 1965 1965 1945 1945 1945 2031 2031 2031 1965 1965 1965 2031 2031 2031 2032 2032 2032 2032 2032 2032 2031 2031 2031 2033 2033 2033 2033 2033 2033 2031 2031 2031 2034 2034 2034 1945 1945 1945 1947 1947 1947 2013 2013 2013 1945 1945 1945 2013 2013 2013 2031 2031 2031 2031 2031 2031 2013 2013 2013 2034 2034 2034 2013 2013 2013 2035 2035 2035 2034 2034 2034 2013 2013 2013 2014 2014 2014 2035 2035 2035 2014 2014 2014 1977 1977 1977 2036 2036 2036 2014 2014 2014 2036 2036 2036 2035 2035 2035 2037 2037 2037 2038 2038 2038 2039 2039 2039 1978 1978 1978 2040 2040 2040 1977 1977 1977 1977 1977 1977 2040 2040 2040 2041 2041 2041 2041 2041 2041 2040 2040 2040 2042 2042 2042 1978 1978 1978 1994 1994 1994 2040 2040 2040 2040 2040 2040 1994 1994 1994 2043 2043 2043 2040 2040 2040 2043 2043 2043 2042 2042 2042 1994 1994 1994 2015 2015 2015 2043 2043 2043 2042 2042 2042 2043 2043 2043 2044 2044 2044 2015 2015 2015 2045 2045 2045 2043 2043 2043 2043 2043 2043 2045 2045 2045 2044 2044 2044 2046 2046 2046 2047 2047 2047 2048 2048 2048 2045 2045 2045 2015 2015 2015 2049 2049 2049 2047 2047 2047 2050 2050 2050 2048 2048 2048 2048 2048 2048 2050 2050 2050 2051 2051 2051 2051 2051 2051 2050 2050 2050 2052 2052 2052 2015 2015 2015 1995 1995 1995 2049 2049 2049 1995 1995 1995 2053 2053 2053 2049 2049 2049 2050 2050 2050 2054 2054 2054 2052 2052 2052 1995 1995 1995 2016 2016 2016 2053 2053 2053 2054 2054 2054 2055 2055 2055 2052 2052 2052 2016 2016 2016 2056 2056 2056 2053 2053 2053 2056 2056 2056 2017 2017 2017 2057 2057 2057 2054 2054 2054 2058 2058 2058 2055 2055 2055 2055 2055 2055 2058 2058 2058 2059 2059 2059 2051 2051 2051 2052 2052 2052 2060 2060 2060 2052 2052 2052 2055 2055 2055 2061 2061 2061 2052 2052 2052 2061 2061 2061 2060 2060 2060 2055 2055 2055 2059 2059 2059 2062 2062 2062 2055 2055 2055 2062 2062 2062 2061 2061 2061 2017 2017 2017 2018 2018 2018 2063 2063 2063 2017 2017 2017 2063 2063 2063 2057 2057 2057 2059 2059 2059 2064 2064 2064 2062 2062 2062 2062 2062 2062 2064 2064 2064 2065 2065 2065 2066 2066 2066 2067 2067 2067 2068 2068 2068 2067 2067 2067 2069 2069 2069 2068 2068 2068 2069 2069 2069 2070 2070 2070 2071 2071 2071 2070 2070 2070 2072 2072 2072 2071 2071 2071 2073 2073 2073 2074 2074 2074 2072 2072 2072 2073 2073 2073 2051 2051 2051 2074 2074 2074 2051 2051 2051 2060 2060 2060 2074 2074 2074 2074 2074 2074 2060 2060 2060 2075 2075 2075 2060 2060 2060 2061 2061 2061 2075 2075 2075 2075 2075 2075 2061 2061 2061 2076 2076 2076 2061 2061 2061 2062 2062 2062 2077 2077 2077 2061 2061 2061 2077 2077 2077 2076 2076 2076 2062 2062 2062 2065 2065 2065 2077 2077 2077 1930 1930 1930 1921 1921 1921 2078 2078 2078 1930 1930 1930 2078 2078 2078 2030 2030 2030 2066 2066 2066 2068 2068 2068 2079 2079 2079 2069 2069 2069 2071 2071 2071 2068 2068 2068 2071 2071 2071 2072 2072 2072 2080 2080 2080 2072 2072 2072 2081 2081 2081 2080 2080 2080 2072 2072 2072 2074 2074 2074 2081 2081 2081 2076 2076 2076 2077 2077 2077 2082 2082 2082 2077 2077 2077 2065 2065 2065 2083 2083 2083 2077 2077 2077 2083 2083 2083 2082 2082 2082 2079 2079 2079 2068 2068 2068 2084 2084 2084 2068 2068 2068 2071 2071 2071 2084 2084 2084 2084 2084 2084 2071 2071 2071 2080 2080 2080 2081 2081 2081 2074 2074 2074 2085 2085 2085 2074 2074 2074 2075 2075 2075 2085 2085 2085 2075 2075 2075 2076 2076 2076 2086 2086 2086 2076 2076 2076 2082 2082 2082 2086 2086 2086 2079 2079 2079 2084 2084 2084 2087 2087 2087 2080 2080 2080 2081 2081 2081 2088 2088 2088 2080 2080 2080 2088 2088 2088 2084 2084 2084 2081 2081 2081 2085 2085 2085 2088 2088 2088 2085 2085 2085 2075 2075 2075 2089 2089 2089 2075 2075 2075 2086 2086 2086 2089 2089 2089 1921 1921 1921 1968 1968 1968 2078 2078 2078 2087 2087 2087 2084 2084 2084 2090 2090 2090 2090 2090 2090 2084 2084 2084 2091 2091 2091 2084 2084 2084 2092 2092 2092 2091 2091 2091 2084 2084 2084 2093 2093 2093 2092 2092 2092 2084 2084 2084 2088 2088 2088 2093 2093 2093 2093 2093 2093 2088 2088 2088 2085 2085 2085 2093 2093 2093 2085 2085 2085 2094 2094 2094 2085 2085 2085 2089 2089 2089 2095 2095 2095 2089 2089 2089 2086 2086 2086 2096 2096 2096 2086 2086 2086 2082 2082 2082 2096 2096 2096 2082 2082 2082 2083 2083 2083 2097 2097 2097 2098 2098 2098 2099 2099 2099 2100 2100 2100 2095 2095 2095 2089 2089 2089 2101 2101 2101 2089 2089 2089 2096 2096 2096 2101 2101 2101 2096 2096 2096 2082 2082 2082 2102 2102 2102 2082 2082 2082 2097 2097 2097 2102 2102 2102 2100 2100 2100 2099 2099 2099 2103 2103 2103 2090 2090 2090 2091 2091 2091 2104 2104 2104 2093 2093 2093 2094 2094 2094 2092 2092 2092 2094 2094 2094 2085 2085 2085 2095 2095 2095 2095 2095 2095 2101 2101 2101 2105 2105 2105 2094 2094 2094 2095 2095 2095 2106 2106 2106 2078 2078 2078 1968 1968 1968 2107 2107 2107 2087 2087 2087 2090 2090 2090 2108 2108 2108 2104 2104 2104 2091 2091 2091 2109 2109 2109 2091 2091 2091 2092 2092 2092 2109 2109 2109 2092 2092 2092 2094 2094 2094 2110 2110 2110 2110 2110 2110 2094 2094 2094 2106 2106 2106 2106 2106 2106 2095 2095 2095 2111 2111 2111 2095 2095 2095 2105 2105 2105 2112 2112 2112 2102 2102 2102 2097 2097 2097 2113 2113 2113 2100 2100 2100 2103 2103 2103 2114 2114 2114 1968 1968 1968 1969 1969 1969 2107 2107 2107 2090 2090 2090 2104 2104 2104 2108 2108 2108 2109 2109 2109 2092 2092 2092 2110 2110 2110 2111 2111 2111 2095 2095 2095 2112 2112 2112 2096 2096 2096 2102 2102 2102 2115 2115 2115 2102 2102 2102 2113 2113 2113 2115 2115 2115 2108 2108 2108 2104 2104 2104 2116 2116 2116 2104 2104 2104 2109 2109 2109 2116 2116 2116 2106 2106 2106 2111 2111 2111 2117 2117 2117 2109 2109 2109 2110 2110 2110 2118 2118 2118 2110 2110 2110 2106 2106 2106 2119 2119 2119 2106 2106 2106 2117 2117 2117 2119 2119 2119 2105 2105 2105 2101 2101 2101 2120 2120 2120 2101 2101 2101 2096 2096 2096 2120 2120 2120 2114 2114 2114 2103 2103 2103 2121 2121 2121 2111 2111 2111 2112 2112 2112 2122 2122 2122 2122 2122 2122 2112 2112 2112 2123 2123 2123 2112 2112 2112 2105 2105 2105 2123 2123 2123 2105 2105 2105 2120 2120 2120 2123 2123 2123 2108 2108 2108 2116 2116 2116 2124 2124 2124 2111 2111 2111 2122 2122 2122 2117 2117 2117 2124 2124 2124 2116 2116 2116 2125 2125 2125 2118 2118 2118 2110 2110 2110 2126 2126 2126 2126 2126 2126 2110 2110 2110 2127 2127 2127 2110 2110 2110 2119 2119 2119 2127 2127 2127 2120 2120 2120 2096 2096 2096 2128 2128 2128 2096 2096 2096 2115 2115 2115 2128 2128 2128 2116 2116 2116 2109 2109 2109 2118 2118 2118 2116 2116 2116 2118 2118 2118 2125 2125 2125 2107 2107 2107 1969 1969 1969 2129 2129 2129 2119 2119 2119 2117 2117 2117 2130 2130 2130 2117 2117 2117 2122 2122 2122 2130 2130 2130 2115 2115 2115 2113 2113 2113 2131 2131 2131 2114 2114 2114 2121 2121 2121 2132 2132 2132 2119 2119 2119 2130 2130 2130 2133 2133 2133 1969 1969 1969 1979 1979 1979 2129 2129 2129 2124 2124 2124 2125 2125 2125 2134 2134 2134 2118 2118 2118 2126 2126 2126 2135 2135 2135 2127 2127 2127 2119 2119 2119 2133 2133 2133 2130 2130 2130 2122 2122 2122 2123 2123 2123 2132 2132 2132 2121 2121 2121 2136 2136 2136 2125 2125 2125 2118 2118 2118 2137 2137 2137 2126 2126 2126 2127 2127 2127 2138 2138 2138 2123 2123 2123 2120 2120 2120 2139 2139 2139 2137 2137 2137 2118 2118 2118 2135 2135 2135 2120 2120 2120 2140 2140 2140 2139 2139 2139 2120 2120 2120 2128 2128 2128 2140 2140 2140 2128 2128 2128 2115 2115 2115 2141 2141 2141 2115 2115 2115 2131 2131 2131 2141 2141 2141 2132 2132 2132 2136 2136 2136 2142 2142 2142 2138 2138 2138 2127 2127 2127 2143 2143 2143 1979 1979 1979 1980 1980 1980 2129 2129 2129 2125 2125 2125 2137 2137 2137 2134 2134 2134 2128 2128 2128 2141 2141 2141 2140 2140 2140 2135 2135 2135 2126 2126 2126 2138 2138 2138 2127 2127 2127 2133 2133 2133 2143 2143 2143 2134 2134 2134 2137 2137 2137 2144 2144 2144 2137 2137 2137 2135 2135 2135 2145 2145 2145 2143 2143 2143 2133 2133 2133 2146 2146 2146 2141 2141 2141 2131 2131 2131 2147 2147 2147 2132 2132 2132 2142 2142 2142 2148 2148 2148 2144 2144 2144 2137 2137 2137 2145 2145 2145 2135 2135 2135 2138 2138 2138 2149 2149 2149 2133 2133 2133 2130 2130 2130 2146 2146 2146 2130 2130 2130 2123 2123 2123 2139 2139 2139 2145 2145 2145 2135 2135 2135 2149 2149 2149 2143 2143 2143 2146 2146 2146 2150 2150 2150 2146 2146 2146 2130 2130 2130 2151 2151 2151 2139 2139 2139 2140 2140 2140 2152 2152 2152 2149 2149 2149 2138 2138 2138 2153 2153 2153 2130 2130 2130 2139 2139 2139 2151 2151 2151 2153 2153 2153 2138 2138 2138 2143 2143 2143 2146 2146 2146 2151 2151 2151 2154 2154 2154 2140 2140 2140 2141 2141 2141 2155 2155 2155 2141 2141 2141 2147 2147 2147 2155 2155 2155 1980 1980 1980 2156 2156 2156 2129 2129 2129 2148 2148 2148 2142 2142 2142 2157 2157 2157 2153 2153 2153 2143 2143 2143 2158 2158 2158 2143 2143 2143 2150 2150 2150 2158 2158 2158 2146 2146 2146 2154 2154 2154 2150 2150 2150 2152 2152 2152 2140 2140 2140 2159 2159 2159 2140 2140 2140 2155 2155 2155 2159 2159 2159 2155 2155 2155 2147 2147 2147 2160 2160 2160 2148 2148 2148 2157 2157 2157 2161 2161 2161 2145 2145 2145 2149 2149 2149 2162 2162 2162 2149 2149 2149 2153 2153 2153 2162 2162 2162 2139 2139 2139 2152 2152 2152 2163 2163 2163 2144 2144 2144 2145 2145 2145 2164 2164 2164 2162 2162 2162 2153 2153 2153 2158 2158 2158 2158 2158 2158 2150 2150 2150 2165 2165 2165 2139 2139 2139 2163 2163 2163 2151 2151 2151 1980 1980 1980 1954 1954 1954 2166 2166 2166 1980 1980 1980 2166 2166 2166 2156 2156 2156 2162 2162 2162 2158 2158 2158 2167 2167 2167 2152 2152 2152 2168 2168 2168 2163 2163 2163 2152 2152 2152 2159 2159 2159 2168 2168 2168 2150 2150 2150 2154 2154 2154 2165 2165 2165 2154 2154 2154 2151 2151 2151 2169 2169 2169 2169 2169 2169 2151 2151 2151 2170 2170 2170 2151 2151 2151 2163 2163 2163 2170 2170 2170 2155 2155 2155 2160 2160 2160 2171 2171 2171 2161 2161 2161 2157 2157 2157 2172 2172 2172 1954 1954 1954 1981 1981 1981 2166 2166 2166 2164 2164 2164 2145 2145 2145 2173 2173 2173 2167 2167 2167 2158 2158 2158 2174 2174 2174 2158 2158 2158 2165 2165 2165 2174 2174 2174 2174 2174 2174 2165 2165 2165 2175 2175 2175 2165 2165 2165 2154 2154 2154 2176 2176 2176 2154 2154 2154 2169 2169 2169 2176 2176 2176 2172 2172 2172 2157 2157 2157 2177 2177 2177 2165 2165 2165 2176 2176 2176 2175 2175 2175 2173 2173 2173 2145 2145 2145 2178 2178 2178 2145 2145 2145 2162 2162 2162 2178 2178 2178 2162 2162 2162 2167 2167 2167 2179 2179 2179 2167 2167 2167 2174 2174 2174 2179 2179 2179 1981 1981 1981 2180 2180 2180 2166 2166 2166 2164 2164 2164 2173 2173 2173 2181 2181 2181 2175 2175 2175 2176 2176 2176 2182 2182 2182 2168 2168 2168 2159 2159 2159 2183 2183 2183 2159 2159 2159 2155 2155 2155 2183 2183 2183 2183 2183 2183 2155 2155 2155 2184 2184 2184 2155 2155 2155 2171 2171 2171 2184 2184 2184 2181 2181 2181 2173 2173 2173 2178 2178 2178 2162 2162 2162 2185 2185 2185 2178 2178 2178 2162 2162 2162 2179 2179 2179 2185 2185 2185 2179 2179 2179 2174 2174 2174 2175 2175 2175 2175 2175 2175 2186 2186 2186 2179 2179 2179 2163 2163 2163 2168 2168 2168 2170 2170 2170 2178 2178 2178 2185 2185 2185 2187 2187 2187 2175 2175 2175 2182 2182 2182 2186 2186 2186 2179 2179 2179 2186 2186 2186 2188 2188 2188 2186 2186 2186 2182 2182 2182 2189 2189 2189 2169 2169 2169 2170 2170 2170 2190 2190 2190 2170 2170 2170 2168 2168 2168 2191 2191 2191 2168 2168 2168 2183 2183 2183 2191 2191 2191 2187 2187 2187 2185 2185 2185 2192 2192 2192 2186 2186 2186 2189 2189 2189 2188 2188 2188 2182 2182 2182 2176 2176 2176 2190 2190 2190 2176 2176 2176 2169 2169 2169 2190 2190 2190 2184 2184 2184 2171 2171 2171 2193 2193 2193 2172 2172 2172 2177 2177 2177 2194 2194 2194 2180 2180 2180 1981 1981 1981 2195 2195 2195 2190 2190 2190 2170 2170 2170 2196 2196 2196 2191 2191 2191 2183 2183 2183 2197 2197 2197 2183 2183 2183 2184 2184 2184 2197 2197 2197 1981 1981 1981 1982 1982 1982 2195 2195 2195 2181 2181 2181 2178 2178 2178 2198 2198 2198 2178 2178 2178 2187 2187 2187 2198 2198 2198 2170 2170 2170 2191 2191 2191 2196 2196 2196 2194 2194 2194 2177 2177 2177 2199 2199 2199 2185 2185 2185 2200 2200 2200 2192 2192 2192 2185 2185 2185 2179 2179 2179 2200 2200 2200 2181 2181 2181 2198 2198 2198 2201 2201 2201 2198 2198 2198 2187 2187 2187 2202 2202 2202 2189 2189 2189 2182 2182 2182 2203 2203 2203 2182 2182 2182 2190 2190 2190 2203 2203 2203 2202 2202 2202 2187 2187 2187 2192 2192 2192 2197 2197 2197 2184 2184 2184 2204 2204 2204 2184 2184 2184 2193 2193 2193 2204 2204 2204 2179 2179 2179 2188 2188 2188 2200 2200 2200 2200 2200 2200 2188 2188 2188 2205 2205 2205 2188 2188 2188 2189 2189 2189 2205 2205 2205 2190 2190 2190 2196 2196 2196 2203 2203 2203 2201 2201 2201 2198 2198 2198 2206 2206 2206 2206 2206 2206 2198 2198 2198 2207 2207 2207 2192 2192 2192 2208 2208 2208 2202 2202 2202 2192 2192 2192 2200 2200 2200 2208 2208 2208 2189 2189 2189 2203 2203 2203 2209 2209 2209 2203 2203 2203 2196 2196 2196 2210 2210 2210 2196 2196 2196 2191 2191 2191 2211 2211 2211 2191 2191 2191 2197 2197 2197 2211 2211 2211 2198 2198 2198 2202 2202 2202 2207 2207 2207 2200 2200 2200 2212 2212 2212 2208 2208 2208 2200 2200 2200 2205 2205 2205 2212 2212 2212 2205 2205 2205 2189 2189 2189 2209 2209 2209 2196 2196 2196 2211 2211 2211 2210 2210 2210 2207 2207 2207 2202 2202 2202 2213 2213 2213 2202 2202 2202 2208 2208 2208 2213 2213 2213 2211 2211 2211 2197 2197 2197 2214 2214 2214 2197 2197 2197 2204 2204 2204 2214 2214 2214 2214 2214 2214 2204 2204 2204 2215 2215 2215 2204 2204 2204 2193 2193 2193 2216 2216 2216 2204 2204 2204 2216 2216 2216 2215 2215 2215 2194 2194 2194 2199 2199 2199 2217 2217 2217 2195 2195 2195 1982 1982 1982 2218 2218 2218 2213 2213 2213 2208 2208 2208 2219 2219 2219 2205 2205 2205 2209 2209 2209 2220 2220 2220 2220 2220 2220 2209 2209 2209 2221 2221 2221 2208 2208 2208 2212 2212 2212 2219 2219 2219 2212 2212 2212 2205 2205 2205 2222 2222 2222 2209 2209 2209 2203 2203 2203 2223 2223 2223 2209 2209 2209 2223 2223 2223 2221 2221 2221 2203 2203 2203 2210 2210 2210 2223 2223 2223 2217 2217 2217 2199 2199 2199 2224 2224 2224 2206 2206 2206 2207 2207 2207 2225 2225 2225 2207 2207 2207 2213 2213 2213 2225 2225 2225 2219 2219 2219 2212 2212 2212 2226 2226 2226 2205 2205 2205 2220 2220 2220 2222 2222 2222 1982 1982 1982 1970 1970 1970 2218 2218 2218 2225 2225 2225 2213 2213 2213 2227 2227 2227 2213 2213 2213 2219 2219 2219 2227 2227 2227 2212 2212 2212 2222 2222 2222 2226 2226 2226 2222 2222 2222 2220 2220 2220 2228 2228 2228 2220 2220 2220 2221 2221 2221 2228 2228 2228 2223 2223 2223 2210 2210 2210 2229 2229 2229 2227 2227 2227 2219 2219 2219 2226 2226 2226 2225 2225 2225 2227 2227 2227 2230 2230 2230 2230 2230 2230 2227 2227 2227 2231 2231 2231 2226 2226 2226 2222 2222 2222 2232 2232 2232 2222 2222 2222 2228 2228 2228 2232 2232 2232 2210 2210 2210 2211 2211 2211 2229 2229 2229 2229 2229 2229 2211 2211 2211 2233 2233 2233 2211 2211 2211 2214 2214 2214 2233 2233 2233 2227 2227 2227 2226 2226 2226 2234 2234 2234 2228 2228 2228 2221 2221 2221 2235 2235 2235 2221 2221 2221 2223 2223 2223 2236 2236 2236 2221 2221 2221 2236 2236 2236 2235 2235 2235 2223 2223 2223 2229 2229 2229 2236 2236 2236 2215 2215 2215 2216 2216 2216 2237 2237 2237 2217 2217 2217 2224 2224 2224 2238 2238 2238 2227 2227 2227 2234 2234 2234 2231 2231 2231 2239 2239 2239 2226 2226 2226 2232 2232 2232 2232 2232 2232 2228 2228 2228 2240 2240 2240 2214 2214 2214 2215 2215 2215 2241 2241 2241 2215 2215 2215 2237 2237 2237 2241 2241 2241 2238 2238 2238 2224 2224 2224 2242 2242 2242 2228 2228 2228 2235 2235 2235 2240 2240 2240 2231 2231 2231 2234 2234 2234 2243 2243 2243 2232 2232 2232 2240 2240 2240 2244 2244 2244 2233 2233 2233 2214 2214 2214 2245 2245 2245 2214 2214 2214 2241 2241 2241 2245 2245 2245 2230 2230 2230 2231 2231 2231 2246 2246 2246 2234 2234 2234 2226 2226 2226 2239 2239 2239 2243 2243 2243 2234 2234 2234 2247 2247 2247 2240 2240 2240 2235 2235 2235 2248 2248 2248 2238 2238 2238 2242 2242 2242 2249 2249 2249 1970 1970 1970 1983 1983 1983 2218 2218 2218 2234 2234 2234 2239 2239 2239 2247 2247 2247 2239 2239 2239 2232 2232 2232 2244 2244 2244 2246 2246 2246 2231 2231 2231 2243 2243 2243 2244 2244 2244 2240 2240 2240 2248 2248 2248 2235 2235 2235 2236 2236 2236 2250 2250 2250 2241 2241 2241 2237 2237 2237 2251 2251 2251 2238 2238 2238 2249 2249 2249 2252 2252 2252 2218 2218 2218 1983 1983 1983 2253 2253 2253 2229 2229 2229 2233 2233 2233 2236 2236 2236 2248 2248 2248 2235 2235 2235 2250 2250 2250 2243 2243 2243 2247 2247 2247 2254 2254 2254 2245 2245 2245 2241 2241 2241 2255 2255 2255 2241 2241 2241 2251 2251 2251 2255 2255 2255 2256 2256 2256 2246 2246 2246 2257 2257 2257 2246 2246 2246 2243 2243 2243 2257 2257 2257 2236 2236 2236 2233 2233 2233 2258 2258 2258 2233 2233 2233 2245 2245 2245 2258 2258 2258 2244 2244 2244 2248 2248 2248 2259 2259 2259 2248 2248 2248 2250 2250 2250 2260 2260 2260 2247 2247 2247 2239 2239 2239 2261 2261 2261 2261 2261 2261 2239 2239 2239 2262 2262 2262 2239 2239 2239 2244 2244 2244 2262 2262 2262 2262 2262 2262 2244 2244 2244 2259 2259 2259 2248 2248 2248 2260 2260 2260 2259 2259 2259 2236 2236 2236 2258 2258 2258 2263 2263 2263 2250 2250 2250 2236 2236 2236 2263 2263 2263 2257 2257 2257 2243 2243 2243 2264 2264 2264 2243 2243 2243 2254 2254 2254 2264 2264 2264 2254 2254 2254 2247 2247 2247 2265 2265 2265 2247 2247 2247 2261 2261 2261 2265 2265 2265 2258 2258 2258 2245 2245 2245 2266 2266 2266 2245 2245 2245 2255 2255 2255 2266 2266 2266 2262 2262 2262 2259 2259 2259 2267 2267 2267 2252 2252 2252 2249 2249 2249 2268 2268 2268 2257 2257 2257 2264 2264 2264 2269 2269 2269 2261 2261 2261 2270 2270 2270 2265 2265 2265 2261 2261 2261 2262 2262 2262 2270 2270 2270 2259 2259 2259 2260 2260 2260 2267 2267 2267 2250 2250 2250 2263 2263 2263 2260 2260 2260 2255 2255 2255 2251 2251 2251 2271 2271 2271 2252 2252 2252 2268 2268 2268 2272 2272 2272 2266 2266 2266 2255 2255 2255 2273 2273 2273 2255 2255 2255 2271 2271 2271 2273 2273 2273 1983 1983 1983 2274 2274 2274 2253 2253 2253 2264 2264 2264 2254 2254 2254 2265 2265 2265 2267 2267 2267 2260 2260 2260 2275 2275 2275 2272 2272 2272 2268 2268 2268 2276 2276 2276 2264 2264 2264 2265 2265 2265 2277 2277 2277 2260 2260 2260 2263 2263 2263 2275 2275 2275 2263 2263 2263 2258 2258 2258 2278 2278 2278 1983 1983 1983 1984 1984 1984 2274 2274 2274 2270 2270 2270 2262 2262 2262 2279 2279 2279 2274 2274 2274 1984 1984 1984 2280 2280 2280 2269 2269 2269 2264 2264 2264 2281 2281 2281 2277 2277 2277 2265 2265 2265 2279 2279 2279 2265 2265 2265 2270 2270 2270 2279 2279 2279 2272 2272 2272 2276 2276 2276 2282 2282 2282 2273 2273 2273 2271 2271 2271 2283 2283 2283 2271 2271 2271 2284 2284 2284 2283 2283 2283 2262 2262 2262 2267 2267 2267 2279 2279 2279 2267 2267 2267 2275 2275 2275 2285 2285 2285 2275 2275 2275 2286 2286 2286 2285 2285 2285 2275 2275 2275 2263 2263 2263 2278 2278 2278 2275 2275 2275 2278 2278 2278 2286 2286 2286 2266 2266 2266 2273 2273 2273 2283 2283 2283 2277 2277 2277 2279 2279 2279 2287 2287 2287 2278 2278 2278 2258 2258 2258 2288 2288 2288 2258 2258 2258 2266 2266 2266 2288 2288 2288 2281 2281 2281 2264 2264 2264 2287 2287 2287 2264 2264 2264 2277 2277 2277 2287 2287 2287 2266 2266 2266 2283 2283 2283 2288 2288 2288 2283 2283 2283 2284 2284 2284 2289 2289 2289 1984 1984 1984 2290 2290 2290 2280 2280 2280 2279 2279 2279 2267 2267 2267 2291 2291 2291 2287 2287 2287 2279 2279 2279 2291 2291 2291 2267 2267 2267 2285 2285 2285 2291 2291 2291 1984 1984 1984 1985 1985 1985 2290 2290 2290 2287 2287 2287 2291 2291 2291 2292 2292 2292 2291 2291 2291 2285 2285 2285 2293 2293 2293 2285 2285 2285 2286 2286 2286 2294 2294 2294 2286 2286 2286 2278 2278 2278 2288 2288 2288 2281 2281 2281 2287 2287 2287 2295 2295 2295 2287 2287 2287 2296 2296 2296 2295 2295 2295 2296 2296 2296 2287 2287 2287 2292 2292 2292 2292 2292 2292 2291 2291 2291 2293 2293 2293 2293 2293 2293 2285 2285 2285 2294 2294 2294 2294 2294 2294 2286 2286 2286 2297 2297 2297 2286 2286 2286 2288 2288 2288 2297 2297 2297 2283 2283 2283 2289 2289 2289 2298 2298 2298 2299 2299 2299 2295 2295 2295 2300 2300 2300 2295 2295 2295 2296 2296 2296 2300 2300 2300 2301 2301 2301 2288 2288 2288 2302 2302 2302 2288 2288 2288 2283 2283 2283 2302 2302 2302 2283 2283 2283 2298 2298 2298 2302 2302 2302 2298 2298 2298 2289 2289 2289 2303 2303 2303 2300 2300 2300 2296 2296 2296 2304 2304 2304 2296 2296 2296 2292 2292 2292 2304 2304 2304 2292 2292 2292 2293 2293 2293 2304 2304 2304 2293 2293 2293 2294 2294 2294 2305 2305 2305 2305 2305 2305 2294 2294 2294 2297 2297 2297 2288 2288 2288 2301 2301 2301 2297 2297 2297 2299 2299 2299 2300 2300 2300 2306 2306 2306 2306 2306 2306 2300 2300 2300 2304 2304 2304 2304 2304 2304 2293 2293 2293 2307 2307 2307 2293 2293 2293 2305 2305 2305 2307 2307 2307 2305 2305 2305 2297 2297 2297 2308 2308 2308 2302 2302 2302 2298 2298 2298 2309 2309 2309 2298 2298 2298 2303 2303 2303 2309 2309 2309 2299 2299 2299 2306 2306 2306 2310 2310 2310 2306 2306 2306 2304 2304 2304 2311 2311 2311 2304 2304 2304 2307 2307 2307 2311 2311 2311 2307 2307 2307 2305 2305 2305 2308 2308 2308 2308 2308 2308 2297 2297 2297 2312 2312 2312 2297 2297 2297 2301 2301 2301 2312 2312 2312 2301 2301 2301 2302 2302 2302 2313 2313 2313 2301 2301 2301 2313 2313 2313 2312 2312 2312 2302 2302 2302 2309 2309 2309 2313 2313 2313 1985 1985 1985 1933 1933 1933 2290 2290 2290 2310 2310 2310 2314 2314 2314 2315 2315 2315 2310 2310 2310 2306 2306 2306 2314 2314 2314 2306 2306 2306 2311 2311 2311 2314 2314 2314 2314 2314 2314 2311 2311 2311 2316 2316 2316 2311 2311 2311 2307 2307 2307 2316 2316 2316 2316 2316 2316 2307 2307 2307 2317 2317 2317 2307 2307 2307 2318 2318 2318 2317 2317 2317 2307 2307 2307 2308 2308 2308 2318 2318 2318 2308 2308 2308 2312 2312 2312 2318 2318 2318 2312 2312 2312 2319 2319 2319 2318 2318 2318 2312 2312 2312 2313 2313 2313 2319 2319 2319 2319 2319 2319 2313 2313 2313 2320 2320 2320 2313 2313 2313 2309 2309 2309 2321 2321 2321 2313 2313 2313 2321 2321 2321 2320 2320 2320 2309 2309 2309 2303 2303 2303 2321 2321 2321 2321 2321 2321 2303 2303 2303 2322 2322 2322 2323 2323 2323 2324 2324 2324 2325 2325 2325 2326 2326 2326 2327 2327 2327 2325 2325 2325 2324 2324 2324 2326 2326 2326 2325 2325 2325 2019 2019 2019 1971 1971 1971 2328 2328 2328 1971 1971 1971 1986 1986 1986 2328 2328 2328 1986 1986 1986 2329 2329 2329 2328 2328 2328 1986 1986 1986 1973 1973 1973 2329 2329 2329 2329 2329 2329 1973 1973 1973 2330 2330 2330 1973 1973 1973 1934 1934 1934 2330 2330 2330 2330 2330 2330 1934 1934 1934 2331 2331 2331 1934 1934 1934 1935 1935 1935 2331 2331 2331 1935 1935 1935 2332 2332 2332 2331 2331 2331 1935 1935 1935 2020 2020 2020 2332 2332 2332 1960 1960 1960 1916 1916 1916 2333 2333 2333 1758 1758 1758 1917 1917 1917 2334 2334 2334 1975 1975 1975 1987 1987 1987 2335 2335 2335 1987 1987 1987 2336 2336 2336 2335 2335 2335 1987 1987 1987 2023 2023 2023 2337 2337 2337 1987 1987 1987 2337 2337 2337 2336 2336 2336 2023 2023 2023 2024 2024 2024 2338 2338 2338 2023 2023 2023 2338 2338 2338 2337 2337 2337 2025 2025 2025 2026 2026 2026 2339 2339 2339 2340 2340 2340 2339 2339 2339 2341 2341 2341 2000 2000 2000 1944 1944 1944 2342 2342 2342 1944 1944 1944 2011 2011 2011 2343 2343 2343 1871 1871 1871 2028 2028 2028 2011 2011 2011 2029 2029 2029 1976 1976 1976 2344 2344 2344 1976 1976 1976 2030 2030 2030 2344 2344 2344 2012 2012 2012 1992 1992 1992 2345 2345 2345 2345 2345 2345 1992 1992 1992 2346 2346 2346 1992 1992 1992 1993 1993 1993 2347 2347 2347 1992 1992 1992 2347 2347 2347 2346 2346 2346 1993 1993 1993 1965 1965 1965 2347 2347 2347 1965 1965 1965 2032 2032 2032 2347 2347 2347 2348 2348 2348 2349 2349 2349 2350 2350 2350 2350 2350 2350 2349 2349 2349 2351 2351 2351 2352 2352 2352 2353 2353 2353 2354 2354 2354 2352 2352 2352 2354 2354 2354 2355 2355 2355 2353 2353 2353 2348 2348 2348 2356 2356 2356 2353 2353 2353 2356 2356 2356 2354 2354 2354 2348 2348 2348 2350 2350 2350 2357 2357 2357 2348 2348 2348 2357 2357 2357 2356 2356 2356 2350 2350 2350 2351 2351 2351 2066 2066 2066 2350 2350 2350 2066 2066 2066 2357 2357 2357 2351 2351 2351 2358 2358 2358 2067 2067 2067 2351 2351 2351 2067 2067 2067 2066 2066 2066 2358 2358 2358 2359 2359 2359 2067 2067 2067 2067 2067 2067 2359 2359 2359 2069 2069 2069 2359 2359 2359 2037 2037 2037 2070 2070 2070 2359 2359 2359 2070 2070 2070 2069 2069 2069 2037 2037 2037 2039 2039 2039 2070 2070 2070 2039 2039 2039 2360 2360 2360 2070 2070 2070 2070 2070 2070 2360 2360 2360 2072 2072 2072 2360 2360 2360 2046 2046 2046 2073 2073 2073 2360 2360 2360 2073 2073 2073 2072 2072 2072 2046 2046 2046 2051 2051 2051 2073 2073 2073 2048 2048 2048 2051 2051 2051 2046 2046 2046 2030 2030 2030 2078 2078 2078 2361 2361 2361 2355 2355 2355 2354 2354 2354 2362 2362 2362 2354 2354 2354 2356 2356 2356 2362 2362 2362 2356 2356 2356 2357 2357 2357 2363 2363 2363 2066 2066 2066 2079 2079 2079 2357 2357 2357 2098 2098 2098 2364 2364 2364 2099 2099 2099 2362 2362 2362 2356 2356 2356 2363 2363 2363 2363 2363 2363 2357 2357 2357 2079 2079 2079 2355 2355 2355 2362 2362 2362 2365 2365 2365 2363 2363 2363 2079 2079 2079 2087 2087 2087 2362 2362 2362 2363 2363 2363 2366 2366 2366 2365 2365 2365 2362 2362 2362 2367 2367 2367 2362 2362 2362 2366 2366 2366 2367 2367 2367 2363 2363 2363 2087 2087 2087 2108 2108 2108 2363 2363 2363 2108 2108 2108 2366 2366 2366 2366 2366 2366 2108 2108 2108 2368 2368 2368 2365 2365 2365 2367 2367 2367 2369 2369 2369 2367 2367 2367 2366 2366 2366 2370 2370 2370 2366 2366 2366 2368 2368 2368 2370 2370 2370 2108 2108 2108 2124 2124 2124 2368 2368 2368 2369 2369 2369 2367 2367 2367 2371 2371 2371 2367 2367 2367 2370 2370 2370 2371 2371 2371 2369 2369 2369 2371 2371 2371 2372 2372 2372 2370 2370 2370 2368 2368 2368 2124 2124 2124 2371 2371 2371 2370 2370 2370 2373 2373 2373 2370 2370 2370 2124 2124 2124 2373 2373 2373 2373 2373 2373 2124 2124 2124 2374 2374 2374 2134 2134 2134 2374 2374 2374 2124 2124 2124 2372 2372 2372 2371 2371 2371 2375 2375 2375 2371 2371 2371 2373 2373 2373 2375 2375 2375 2372 2372 2372 2375 2375 2375 2376 2376 2376 2134 2134 2134 2377 2377 2377 2374 2374 2374 2373 2373 2373 2374 2374 2374 2377 2377 2377 2134 2134 2134 2144 2144 2144 2377 2377 2377 2129 2129 2129 2156 2156 2156 2378 2378 2378 2373 2373 2373 2377 2377 2377 2379 2379 2379 2144 2144 2144 2164 2164 2164 2377 2377 2377 2377 2377 2377 2164 2164 2164 2379 2379 2379 2376 2376 2376 2375 2375 2375 2380 2380 2380 2375 2375 2375 2373 2373 2373 2380 2380 2380 2373 2373 2373 2379 2379 2379 2380 2380 2380 2376 2376 2376 2380 2380 2380 2381 2381 2381 2380 2380 2380 2379 2379 2379 2382 2382 2382 2381 2381 2381 2380 2380 2380 2383 2383 2383 2380 2380 2380 2382 2382 2382 2383 2383 2383 2164 2164 2164 2382 2382 2382 2379 2379 2379 2381 2381 2381 2383 2383 2383 2384 2384 2384 2164 2164 2164 2181 2181 2181 2382 2382 2382 2384 2384 2384 2383 2383 2383 2385 2385 2385 2384 2384 2384 2385 2385 2385 2386 2386 2386 2383 2383 2383 2382 2382 2382 2387 2387 2387 2382 2382 2382 2181 2181 2181 2387 2387 2387 2386 2386 2386 2385 2385 2385 2388 2388 2388 2385 2385 2385 2383 2383 2383 2388 2388 2388 2387 2387 2387 2181 2181 2181 2201 2201 2201 2388 2388 2388 2383 2383 2383 2387 2387 2387 2387 2387 2387 2201 2201 2201 2206 2206 2206 2388 2388 2388 2387 2387 2387 2389 2389 2389 2386 2386 2386 2388 2388 2388 2390 2390 2390 2387 2387 2387 2206 2206 2206 2389 2389 2389 2388 2388 2388 2389 2389 2389 2390 2390 2390 2206 2206 2206 2225 2225 2225 2389 2389 2389 2390 2390 2390 2389 2389 2389 2391 2391 2391 2389 2389 2389 2225 2225 2225 2392 2392 2392 2225 2225 2225 2230 2230 2230 2392 2392 2392 2391 2391 2391 2389 2389 2389 2393 2393 2393 2389 2389 2389 2392 2392 2392 2393 2393 2393 2391 2391 2391 2393 2393 2393 2394 2394 2394 2393 2393 2393 2392 2392 2392 2395 2395 2395 2392 2392 2392 2230 2230 2230 2395 2395 2395 2395 2395 2395 2230 2230 2230 2256 2256 2256 2246 2246 2246 2256 2256 2256 2230 2230 2230 2396 2396 2396 2394 2394 2394 2397 2397 2397 2394 2394 2394 2393 2393 2393 2397 2397 2397 2395 2395 2395 2256 2256 2256 2269 2269 2269 2393 2393 2393 2395 2395 2395 2398 2398 2398 2395 2395 2395 2269 2269 2269 2398 2398 2398 2256 2256 2256 2257 2257 2257 2269 2269 2269 2396 2396 2396 2397 2397 2397 2399 2399 2399 2397 2397 2397 2393 2393 2393 2398 2398 2398 2399 2399 2399 2397 2397 2397 2400 2400 2400 2397 2397 2397 2398 2398 2398 2400 2400 2400 2398 2398 2398 2269 2269 2269 2401 2401 2401 2281 2281 2281 2401 2401 2401 2269 2269 2269 2398 2398 2398 2401 2401 2401 2402 2402 2402 2400 2400 2400 2398 2398 2398 2402 2402 2402 2402 2402 2402 2401 2401 2401 2295 2295 2295 2399 2399 2399 2400 2400 2400 2403 2403 2403 2399 2399 2399 2403 2403 2403 2404 2404 2404 2400 2400 2400 2402 2402 2402 2403 2403 2403 2402 2402 2402 2295 2295 2295 2403 2403 2403 2403 2403 2403 2295 2295 2295 2405 2405 2405 2405 2405 2405 2295 2295 2295 2299 2299 2299 2404 2404 2404 2403 2403 2403 2406 2406 2406 2404 2404 2404 2406 2406 2406 2407 2407 2407 2403 2403 2403 2405 2405 2405 2406 2406 2406 2406 2406 2406 2405 2405 2405 2408 2408 2408 2405 2405 2405 2299 2299 2299 2408 2408 2408 2299 2299 2299 2310 2310 2310 2409 2409 2409 2299 2299 2299 2409 2409 2409 2408 2408 2408 2407 2407 2407 2406 2406 2406 2410 2410 2410 2410 2410 2410 2406 2406 2406 2411 2411 2411 2406 2406 2406 2408 2408 2408 2412 2412 2412 2406 2406 2406 2412 2412 2412 2411 2411 2411 2408 2408 2408 2409 2409 2409 2412 2412 2412 2310 2310 2310 2315 2315 2315 2409 2409 2409 2413 2413 2413 2411 2411 2411 2412 2412 2412 1998 1998 1998 1958 1958 1958 2414 2414 2414 2019 2019 2019 2328 2328 2328 2415 2415 2415 2328 2328 2328 2329 2329 2329 2415 2415 2415 2329 2329 2329 2330 2330 2330 2416 2416 2416 2416 2416 2416 2330 2330 2330 2331 2331 2331 2332 2332 2332 2020 2020 2020 2417 2417 2417 2021 2021 2021 1960 1960 1960 2418 2418 2418 1960 1960 1960 2333 2333 2333 2418 2418 2418 2001 2001 2001 2000 2000 2000 2419 2419 2419 2419 2419 2419 2000 2000 2000 2342 2342 2342 1940 1940 1940 1904 1904 1904 2420 2420 2420 1940 1940 1940 2420 2420 2420 2421 2421 2421 1904 1904 1904 1918 1918 1918 2420 2420 2420 2420 2420 2420 1918 1918 1918 2022 2022 2022 2335 2335 2335 2336 2336 2336 2422 2422 2422 2336 2336 2336 2337 2337 2337 2422 2422 2422 2422 2422 2422 2337 2337 2337 2423 2423 2423 2340 2340 2340 2341 2341 2341 2424 2424 2424 2340 2340 2340 2424 2424 2424 2425 2425 2425 2426 2426 2426 2425 2425 2425 2424 2424 2424 2426 2426 2426 2424 2424 2424 2427 2427 2427 2010 2010 2010 2027 2027 2027 2428 2428 2428 2342 2342 2342 1944 1944 1944 2343 2343 2343 2344 2344 2344 2429 2429 2429 2427 2427 2427 2344 2344 2344 2030 2030 2030 2361 2361 2361 2344 2344 2344 2361 2361 2361 2429 2429 2429 2361 2361 2361 2078 2078 2078 2430 2430 2430 2078 2078 2078 2107 2107 2107 2430 2430 2430 2107 2107 2107 2431 2431 2431 2430 2430 2430 2107 2107 2107 2129 2129 2129 2431 2431 2431 2129 2129 2129 2378 2378 2378 2431 2431 2431 2378 2378 2378 2156 2156 2156 2432 2432 2432 2156 2156 2156 2166 2166 2166 2433 2433 2433 2156 2156 2156 2433 2433 2433 2432 2432 2432 2166 2166 2166 2180 2180 2180 2433 2433 2433 2180 2180 2180 2434 2434 2434 2433 2433 2433 2180 2180 2180 2195 2195 2195 2434 2434 2434 2195 2195 2195 2218 2218 2218 2434 2434 2434 2434 2434 2434 2218 2218 2218 2435 2435 2435 2218 2218 2218 2253 2253 2253 2435 2435 2435 2435 2435 2435 2253 2253 2253 2436 2436 2436 2253 2253 2253 2274 2274 2274 2436 2436 2436 2274 2274 2274 2280 2280 2280 2436 2436 2436 2280 2280 2280 2290 2290 2290 2437 2437 2437 2290 2290 2290 1933 1933 1933 2437 2437 2437 1933 1933 1933 1998 1998 1998 2414 2414 2414 1933 1933 1933 2414 2414 2414 2437 2437 2437 1999 1999 1999 2019 2019 2019 2438 2438 2438 2019 2019 2019 2415 2415 2415 2438 2438 2438 2329 2329 2329 2416 2416 2416 2415 2415 2415 2416 2416 2416 2331 2331 2331 2439 2439 2439 2331 2331 2331 2332 2332 2332 2440 2440 2440 2331 2331 2331 2440 2440 2440 2439 2439 2439 2332 2332 2332 2417 2417 2417 2440 2440 2440 2020 2020 2020 2021 2021 2021 2417 2417 2417 1917 1917 1917 1974 1974 1974 2441 2441 2441 1974 1974 1974 1903 1903 1903 2442 2442 2442 1974 1974 1974 2442 2442 2442 2441 2441 2441 2022 2022 2022 1975 1975 1975 2443 2443 2443 2443 2443 2443 1975 1975 1975 2444 2444 2444 1975 1975 1975 2335 2335 2335 2444 2444 2444 2444 2444 2444 2335 2335 2335 2445 2445 2445 2335 2335 2335 2422 2422 2422 2445 2445 2445 2445 2445 2445 2422 2422 2422 2446 2446 2446 2426 2426 2426 2427 2427 2427 2447 2447 2447 2426 2426 2426 2447 2447 2447 2448 2448 2448 2427 2427 2427 2429 2429 2429 2449 2449 2449 2427 2427 2427 2449 2449 2449 2447 2447 2447 2449 2449 2449 2429 2429 2429 2450 2450 2450 2429 2429 2429 2361 2361 2361 2450 2450 2450 2361 2361 2361 2451 2451 2451 2450 2450 2450 2361 2361 2361 2430 2430 2430 2451 2451 2451 2430 2430 2430 2452 2452 2452 2451 2451 2451 2430 2430 2430 2431 2431 2431 2452 2452 2452 2431 2431 2431 2453 2453 2453 2452 2452 2452 2431 2431 2431 2378 2378 2378 2453 2453 2453 2378 2378 2378 2432 2432 2432 2453 2453 2453 2433 2433 2433 2454 2454 2454 2432 2432 2432 2433 2433 2433 2434 2434 2434 2454 2454 2454 2434 2434 2434 2455 2455 2455 2454 2454 2454 2434 2434 2434 2456 2456 2456 2455 2455 2455 2434 2434 2434 2435 2435 2435 2456 2456 2456 2435 2435 2435 2436 2436 2436 2456 2456 2456 2436 2436 2436 2457 2457 2457 2456 2456 2456 2436 2436 2436 2280 2280 2280 2457 2457 2457 2457 2457 2457 2280 2280 2280 2458 2458 2458 2280 2280 2280 2437 2437 2437 2458 2458 2458 2437 2437 2437 2414 2414 2414 2458 2458 2458 2414 2414 2414 1958 1958 1958 2459 2459 2459 1959 1959 1959 1999 1999 1999 2460 2460 2460 1959 1959 1959 2460 2460 2460 2461 2461 2461 1999 1999 1999 2438 2438 2438 2462 2462 2462 1999 1999 1999 2462 2462 2462 2460 2460 2460 2438 2438 2438 2415 2415 2415 2462 2462 2462 2462 2462 2462 2415 2415 2415 2463 2463 2463 2463 2463 2463 2415 2415 2415 2464 2464 2464 2415 2415 2415 2416 2416 2416 2464 2464 2464 2416 2416 2416 2439 2439 2439 2464 2464 2464 2439 2439 2439 2465 2465 2465 2464 2464 2464 2439 2439 2439 2440 2440 2440 2465 2465 2465 2440 2440 2440 2417 2417 2417 2465 2465 2465 2417 2417 2417 2021 2021 2021 2418 2418 2418 2334 2334 2334 1917 1917 1917 2466 2466 2466 2419 2419 2419 2342 2342 2342 2467 2467 2467 2444 2444 2444 2445 2445 2445 2468 2468 2468 2445 2445 2445 2446 2446 2446 2469 2469 2469 2445 2445 2445 2469 2469 2469 2468 2468 2468 2448 2448 2448 2447 2447 2447 2470 2470 2470 2448 2448 2448 2470 2470 2470 2471 2471 2471 2447 2447 2447 2449 2449 2449 2470 2470 2470 2449 2449 2449 2450 2450 2450 2472 2472 2472 2449 2449 2449 2472 2472 2472 2470 2470 2470 2472 2472 2472 2450 2450 2450 2473 2473 2473 2450 2450 2450 2451 2451 2451 2473 2473 2473 2473 2473 2473 2451 2451 2451 2474 2474 2474 2451 2451 2451 2452 2452 2452 2474 2474 2474 2474 2474 2474 2452 2452 2452 2475 2475 2475 2452 2452 2452 2453 2453 2453 2475 2475 2475 2453 2453 2453 2476 2476 2476 2475 2475 2475 2453 2453 2453 2432 2432 2432 2476 2476 2476 2476 2476 2476 2432 2432 2432 2477 2477 2477 2432 2432 2432 2454 2454 2454 2477 2477 2477 2454 2454 2454 2478 2478 2478 2477 2477 2477 2454 2454 2454 2455 2455 2455 2478 2478 2478 2455 2455 2455 2456 2456 2456 2478 2478 2478 2478 2478 2478 2456 2456 2456 2479 2479 2479 2456 2456 2456 2457 2457 2457 2479 2479 2479 2457 2457 2457 2480 2480 2480 2479 2479 2479 2480 2480 2480 2457 2457 2457 2481 2481 2481 2457 2457 2457 2458 2458 2458 2481 2481 2481 2458 2458 2458 2414 2414 2414 2459 2459 2459 2463 2463 2463 2464 2464 2464 2482 2482 2482 2464 2464 2464 2465 2465 2465 2482 2482 2482 2482 2482 2482 2465 2465 2465 2483 2483 2483 2483 2483 2483 2465 2465 2465 2484 2484 2484 2465 2465 2465 2417 2417 2417 2484 2484 2484 2417 2417 2417 2418 2418 2418 2484 2484 2484 2484 2484 2484 2418 2418 2418 2333 2333 2333 1917 1917 1917 2441 2441 2441 2466 2466 2466 2485 2485 2485 2486 2486 2486 2487 2487 2487 2486 2486 2486 2488 2488 2488 2487 2487 2487 2489 2489 2489 2467 2467 2467 2490 2490 2490 2467 2467 2467 2342 2342 2342 2490 2490 2490 2444 2444 2444 2468 2468 2468 2485 2485 2485 2468 2468 2468 2469 2469 2469 2485 2485 2485 2028 2028 2028 1991 1991 1991 2491 2491 2491 2487 2487 2487 2488 2488 2488 2492 2492 2492 2487 2487 2487 2492 2492 2492 2493 2493 2493 2488 2488 2488 2494 2494 2494 2492 2492 2492 2494 2494 2494 2495 2495 2495 2492 2492 2492 2492 2492 2492 2495 2495 2495 2496 2496 2496 2492 2492 2492 2496 2496 2496 2493 2493 2493 2494 2494 2494 2497 2497 2497 2495 2495 2495 2497 2497 2497 2498 2498 2498 2496 2496 2496 2497 2497 2497 2496 2496 2496 2495 2495 2495 2498 2498 2498 2499 2499 2499 2496 2496 2496 2496 2496 2496 2499 2499 2499 2500 2500 2500 2499 2499 2499 2501 2501 2501 2502 2502 2502 2499 2499 2499 2502 2502 2502 2500 2500 2500 2502 2502 2502 2501 2501 2501 2503 2503 2503 2501 2501 2501 2504 2504 2504 2503 2503 2503 2503 2503 2503 2504 2504 2504 2505 2505 2505 2504 2504 2504 2506 2506 2506 2505 2505 2505 2506 2506 2506 2507 2507 2507 2505 2505 2505 2506 2506 2506 2508 2508 2508 2507 2507 2507 2508 2508 2508 2509 2509 2509 2507 2507 2507 2507 2507 2507 2509 2509 2509 2510 2510 2510 2508 2508 2508 2489 2489 2489 2509 2509 2509 2489 2489 2489 2490 2490 2490 2509 2509 2509 2509 2509 2509 2490 2490 2490 2510 2510 2510 2490 2490 2490 2342 2342 2342 2511 2511 2511 2421 2421 2421 2420 2420 2420 2512 2512 2512 2512 2512 2512 2420 2420 2420 2513 2513 2513 2420 2420 2420 2022 2022 2022 2513 2513 2513 2022 2022 2022 2443 2443 2443 2513 2513 2513 2443 2443 2443 2444 2444 2444 2514 2514 2514 2444 2444 2444 2485 2485 2485 2514 2514 2514 2514 2514 2514 2485 2485 2485 2487 2487 2487 2342 2342 2342 2343 2343 2343 2515 2515 2515 2343 2343 2343 2011 2011 2011 2515 2515 2515 2466 2466 2466 2441 2441 2441 2516 2516 2516 2496 2496 2496 2517 2517 2517 2518 2518 2518 2496 2496 2496 2500 2500 2500 2519 2519 2519 2496 2496 2496 2519 2519 2519 2520 2520 2520 2496 2496 2496 2520 2520 2520 2517 2517 2517 2500 2500 2500 2502 2502 2502 2519 2519 2519 2519 2519 2519 2502 2502 2502 2521 2521 2521 2519 2519 2519 2521 2521 2521 2522 2522 2522 2502 2502 2502 2503 2503 2503 2521 2521 2521 2521 2521 2521 2503 2503 2503 2522 2522 2522 2503 2503 2503 2523 2523 2523 2522 2522 2522 2505 2505 2505 2524 2524 2524 2503 2503 2503 2503 2503 2503 2524 2524 2524 2523 2523 2523 2505 2505 2505 2507 2507 2507 2524 2524 2524 2524 2524 2524 2507 2507 2507 2510 2510 2510 2513 2513 2513 2443 2443 2443 2514 2514 2514 2514 2514 2514 2487 2487 2487 2525 2525 2525 2487 2487 2487 2493 2493 2493 2525 2525 2525 2493 2493 2493 2496 2496 2496 2518 2518 2518 2510 2510 2510 2490 2490 2490 2526 2526 2526 2526 2526 2526 2490 2490 2490 2511 2511 2511 2342 2342 2342 2515 2515 2515 2511 2511 2511 2515 2515 2515 2011 2011 2011 2527 2527 2527 2011 2011 2011 2028 2028 2028 2527 2527 2527 2028 2028 2028 2491 2491 2491 2527 2527 2527 2334 2334 2334 2466 2466 2466 2528 2528 2528 2441 2441 2441 2442 2442 2442 2516 2516 2516 2516 2516 2516 2442 2442 2442 2529 2529 2529 2442 2442 2442 2530 2530 2530 2529 2529 2529 2525 2525 2525 2493 2493 2493 2531 2531 2531 2493 2493 2493 2518 2518 2518 2531 2531 2531 2518 2518 2518 2517 2517 2517 2531 2531 2531 2520 2520 2520 2519 2519 2519 2532 2532 2532 2519 2519 2519 2533 2533 2533 2532 2532 2532 2519 2519 2519 2522 2522 2522 2533 2533 2533 2524 2524 2524 2534 2534 2534 2523 2523 2523 2524 2524 2524 2510 2510 2510 2534 2534 2534 2534 2534 2534 2510 2510 2510 2526 2526 2526 2334 2334 2334 2528 2528 2528 2535 2535 2535 2466 2466 2466 2516 2516 2516 2528 2528 2528 2528 2528 2528 2516 2516 2516 2529 2529 2529 2529 2529 2529 2530 2530 2530 2536 2536 2536 2512 2512 2512 2513 2513 2513 2537 2537 2537 2512 2512 2512 2537 2537 2537 2538 2538 2538 2513 2513 2513 2514 2514 2514 2537 2537 2537 2514 2514 2514 2525 2525 2525 2539 2539 2539 2514 2514 2514 2539 2539 2539 2537 2537 2537 2525 2525 2525 2531 2531 2531 2539 2539 2539 2539 2539 2539 2531 2531 2531 2540 2540 2540 2531 2531 2531 2517 2517 2517 2540 2540 2540 2540 2540 2540 2517 2517 2517 2532 2532 2532 2517 2517 2517 2520 2520 2520 2532 2532 2532 2533 2533 2533 2522 2522 2522 2541 2541 2541 2522 2522 2522 2523 2523 2523 2541 2541 2541 2523 2523 2523 2534 2534 2534 2542 2542 2542 2523 2523 2523 2542 2542 2542 2541 2541 2541 2534 2534 2534 2543 2543 2543 2542 2542 2542 2534 2534 2534 2526 2526 2526 2543 2543 2543 2526 2526 2526 2511 2511 2511 2544 2544 2544 2526 2526 2526 2544 2544 2544 2543 2543 2543 2511 2511 2511 2515 2515 2515 2544 2544 2544 2515 2515 2515 2527 2527 2527 2544 2544 2544 2527 2527 2527 2491 2491 2491 2545 2545 2545 2545 2545 2545 2491 2491 2491 2546 2546 2546 2528 2528 2528 2547 2547 2547 2535 2535 2535 2547 2547 2547 2528 2528 2528 2548 2548 2548 2528 2528 2528 2529 2529 2529 2548 2548 2548 2529 2529 2529 2536 2536 2536 2548 2548 2548 2538 2538 2538 2537 2537 2537 2549 2549 2549 2549 2549 2549 2537 2537 2537 2539 2539 2539 2540 2540 2540 2550 2550 2550 2539 2539 2539 2540 2540 2540 2532 2532 2532 2550 2550 2550 2550 2550 2550 2532 2532 2532 2551 2551 2551 2532 2532 2532 2533 2533 2533 2552 2552 2552 2532 2532 2532 2552 2552 2552 2551 2551 2551 2552 2552 2552 2533 2533 2533 2541 2541 2541 2544 2544 2544 2527 2527 2527 2553 2553 2553 2527 2527 2527 2545 2545 2545 2553 2553 2553 76 76 76 85 85 85 2554 2554 2554 0 0 0 2555 2555 2555 1 1 1 4 4 4 2556 2556 2556 5 5 5 2556 2556 2556 2557 2557 2557 5 5 5 2557 2557 2557 7 7 7 5 5 5 2557 2557 2557 2558 2558 2558 7 7 7 2558 2558 2558 2559 2559 2559 9 9 9 2558 2558 2558 9 9 9 7 7 7 2559 2559 2559 12 12 12 9 9 9 2560 2560 2560 56 56 56 55 55 55 2561 2561 2561 56 56 56 2560 2560 2560 56 56 56 2561 2561 2561 77 77 77 2561 2561 2561 2562 2562 2562 77 77 77 1 1 1 2563 2563 2563 4 4 4 2563 2563 2563 2556 2556 2556 4 4 4 2556 2556 2556 2564 2564 2564 2557 2557 2557 2564 2564 2564 2565 2565 2565 2557 2557 2557 2565 2565 2565 2558 2558 2558 2557 2557 2557 2558 2558 2558 2566 2566 2566 2559 2559 2559 2566 2566 2566 2567 2567 2567 2559 2559 2559 2568 2568 2568 2569 2569 2569 2559 2559 2559 2569 2569 2569 12 12 12 2559 2559 2559 2569 2569 2569 2570 2570 2570 12 12 12 2570 2570 2570 2571 2571 2571 12 12 12 12 12 12 2571 2571 2571 13 13 13 13 13 13 2571 2571 2571 15 15 15 2572 2572 2572 16 16 16 15 15 15 2573 2573 2573 2574 2574 2574 16 16 16 16 16 16 2574 2574 2574 18 18 18 2574 2574 2574 2575 2575 2575 19 19 19 2574 2574 2574 19 19 19 18 18 18 2575 2575 2575 2576 2576 2576 19 19 19 19 19 19 2576 2576 2576 21 21 21 2577 2577 2577 2560 2560 2560 55 55 55 2578 2578 2578 2555 2555 2555 0 0 0 2555 2555 2555 2563 2563 2563 1 1 1 2563 2563 2563 2579 2579 2579 2556 2556 2556 2567 2567 2567 2568 2568 2568 2559 2559 2559 2571 2571 2571 2572 2572 2572 15 15 15 2572 2572 2572 2573 2573 2573 16 16 16 2560 2560 2560 2580 2580 2580 2561 2561 2561 2581 2581 2581 2579 2579 2579 2563 2563 2563 2568 2568 2568 2582 2582 2582 2569 2569 2569 2582 2582 2582 2570 2570 2570 2569 2569 2569 2583 2583 2583 2572 2572 2572 2571 2571 2571 2572 2572 2572 2584 2584 2584 2573 2573 2573 2584 2584 2584 2585 2585 2585 2573 2573 2573 2573 2573 2573 2585 2585 2585 2574 2574 2574 2574 2574 2574 2586 2586 2586 2575 2575 2575 2586 2586 2586 2576 2576 2576 2575 2575 2575 2577 2577 2577 2587 2587 2587 2560 2560 2560 2578 2578 2578 2588 2588 2588 2555 2555 2555 2555 2555 2555 2588 2588 2588 2563 2563 2563 2579 2579 2579 2589 2589 2589 2556 2556 2556 2556 2556 2556 2589 2589 2589 2564 2564 2564 2589 2589 2589 2565 2565 2565 2564 2564 2564 2585 2585 2585 2586 2586 2586 2574 2574 2574 115 115 115 154 154 154 134 134 134 2589 2589 2589 2590 2590 2590 2565 2565 2565 2591 2591 2591 2592 2592 2592 2565 2565 2565 2565 2565 2565 2592 2592 2592 2558 2558 2558 2593 2593 2593 2571 2571 2571 2570 2570 2570 2593 2593 2593 2583 2583 2583 2571 2571 2571 2583 2583 2583 2584 2584 2584 2572 2572 2572 148 148 148 177 177 177 116 116 116 2594 2594 2594 2595 2595 2595 2588 2588 2588 2594 2594 2594 2588 2588 2588 2578 2578 2578 2588 2588 2588 2581 2581 2581 2563 2563 2563 2587 2587 2587 2580 2580 2580 2560 2560 2560 2558 2558 2558 2592 2592 2592 2566 2566 2566 2593 2593 2593 2596 2596 2596 2583 2583 2583 2597 2597 2597 2598 2598 2598 2576 2576 2576 2597 2597 2597 2576 2576 2576 2586 2586 2586 2599 2599 2599 2587 2587 2587 2577 2577 2577 2588 2588 2588 2600 2600 2600 2581 2581 2581 2590 2590 2590 2591 2591 2591 2565 2565 2565 2566 2566 2566 2601 2601 2601 2567 2567 2567 2601 2601 2601 2568 2568 2568 2567 2567 2567 2582 2582 2582 2602 2602 2602 2570 2570 2570 2602 2602 2602 2593 2593 2593 2570 2570 2570 2595 2595 2595 2600 2600 2600 2588 2588 2588 2581 2581 2581 2590 2590 2590 2589 2589 2589 2581 2581 2581 2589 2589 2589 2579 2579 2579 2603 2603 2603 2592 2592 2592 2591 2591 2591 2601 2601 2601 2582 2582 2582 2568 2568 2568 2583 2583 2583 2596 2596 2596 2584 2584 2584 2596 2596 2596 2604 2604 2604 2584 2584 2584 2604 2604 2604 2585 2585 2585 2584 2584 2584 2590 2590 2590 2605 2605 2605 2591 2591 2591 2605 2605 2605 2603 2603 2603 2591 2591 2591 2592 2592 2592 2601 2601 2601 2566 2566 2566 2601 2601 2601 2602 2602 2602 2582 2582 2582 2606 2606 2606 2593 2593 2593 2602 2602 2602 2593 2593 2593 2607 2607 2607 2596 2596 2596 2597 2597 2597 2585 2585 2585 2604 2604 2604 2600 2600 2600 2608 2608 2608 2581 2581 2581 2608 2608 2608 2590 2590 2590 2581 2581 2581 2606 2606 2606 2607 2607 2607 2593 2593 2593 2607 2607 2607 2609 2609 2609 2596 2596 2596 2596 2596 2596 2610 2610 2610 2604 2604 2604 2597 2597 2597 2586 2586 2586 2585 2585 2585 2595 2595 2595 2611 2611 2611 2600 2600 2600 2611 2611 2611 2608 2608 2608 2600 2600 2600 2612 2612 2612 2580 2580 2580 2587 2587 2587 180 180 180 187 187 187 190 190 190 190 190 190 187 187 187 191 191 191 187 187 187 181 181 181 192 192 192 181 181 181 182 182 182 194 194 194 182 182 182 188 188 188 194 194 194 183 183 183 162 162 162 196 196 196 2608 2608 2608 2605 2605 2605 2590 2590 2590 2613 2613 2613 2612 2612 2612 2587 2587 2587 162 162 162 184 184 184 196 196 196 2614 2614 2614 2606 2606 2606 2602 2602 2602 2609 2609 2609 2610 2610 2610 2596 2596 2596 2599 2599 2599 2613 2613 2613 2587 2587 2587 2603 2603 2603 2601 2601 2601 2592 2592 2592 2615 2615 2615 2602 2602 2602 2601 2601 2601 2615 2615 2615 2614 2614 2614 2602 2602 2602 2610 2610 2610 2616 2616 2616 2604 2604 2604 2603 2603 2603 2617 2617 2617 2601 2601 2601 2617 2617 2617 2615 2615 2615 2601 2601 2601 455 455 455 469 469 469 220 220 220 219 219 219 464 464 464 220 220 220 220 220 220 469 469 469 221 221 221 2618 2618 2618 2619 2619 2619 2620 2620 2620 2619 2619 2619 2621 2621 2621 2620 2620 2620 2621 2621 2621 2622 2622 2622 2620 2620 2620 2622 2622 2622 2623 2623 2623 2620 2620 2620 2622 2622 2622 2624 2624 2624 2623 2623 2623 2624 2624 2624 2625 2625 2625 2623 2623 2623 2624 2624 2624 2626 2626 2626 2625 2625 2625 2626 2626 2626 2627 2627 2627 2625 2625 2625 2627 2627 2627 2628 2628 2628 2625 2625 2625 2627 2627 2627 2629 2629 2629 2628 2628 2628 2629 2629 2629 2630 2630 2630 2628 2628 2628 2628 2628 2628 2630 2630 2630 2631 2631 2631 2630 2630 2630 2632 2632 2632 2631 2631 2631 2632 2632 2632 2633 2633 2633 2631 2631 2631 2631 2631 2631 2633 2633 2633 2634 2634 2634 2633 2633 2633 2635 2635 2635 2634 2634 2634 2635 2635 2635 2636 2636 2636 2634 2634 2634 2634 2634 2634 2636 2636 2636 2637 2637 2637 2636 2636 2636 2638 2638 2638 2637 2637 2637 2637 2637 2637 2638 2638 2638 2639 2639 2639 2638 2638 2638 2640 2640 2640 2639 2639 2639 2640 2640 2640 2641 2641 2641 2639 2639 2639 2640 2640 2640 2642 2642 2642 2641 2641 2641 2642 2642 2642 2643 2643 2643 2641 2641 2641 2614 2614 2614 2644 2644 2644 2606 2606 2606 2644 2644 2644 2607 2607 2607 2606 2606 2606 2645 2645 2645 2646 2646 2646 2597 2597 2597 2646 2646 2646 2598 2598 2598 2597 2597 2597 2647 2647 2647 2648 2648 2648 2649 2649 2649 2647 2647 2647 2650 2650 2650 2648 2648 2648 2648 2648 2648 2650 2650 2650 2651 2651 2651 540 540 540 520 520 520 519 519 519 2650 2650 2650 2652 2652 2652 2651 2651 2651 2650 2650 2650 2653 2653 2653 2652 2652 2652 2652 2652 2652 2653 2653 2653 2618 2618 2618 2653 2653 2653 2619 2619 2619 2618 2618 2618 2636 2636 2636 2654 2654 2654 2638 2638 2638 2654 2654 2654 2655 2655 2655 2638 2638 2638 2655 2655 2655 2640 2640 2640 2638 2638 2638 2655 2655 2655 2642 2642 2642 2640 2640 2640 2656 2656 2656 2614 2614 2614 2615 2615 2615 2616 2616 2616 2645 2645 2645 2604 2604 2604 2604 2604 2604 2645 2645 2645 2597 2597 2597 2646 2646 2646 2657 2657 2657 2598 2598 2598 2658 2658 2658 2613 2613 2613 2599 2599 2599 2659 2659 2659 2615 2615 2615 2617 2617 2617 2660 2660 2660 2661 2661 2661 2650 2650 2650 2660 2660 2660 2650 2650 2650 2647 2647 2647 541 541 541 539 539 539 520 520 520 541 541 541 520 520 520 540 540 540 2650 2650 2650 2661 2661 2661 2653 2653 2653 2662 2662 2662 2621 2621 2621 2619 2619 2619 2622 2622 2622 2663 2663 2663 2624 2624 2624 2663 2663 2663 2664 2664 2664 2624 2624 2624 2624 2624 2624 2665 2665 2665 2626 2626 2626 2626 2626 2626 2666 2666 2666 2627 2627 2627 2666 2666 2666 2667 2667 2667 2627 2627 2627 2667 2667 2667 2668 2668 2668 2627 2627 2627 2668 2668 2668 2669 2669 2669 2627 2627 2627 2627 2627 2627 2669 2669 2669 2629 2629 2629 2669 2669 2669 2670 2670 2670 2629 2629 2629 2670 2670 2670 2630 2630 2630 2629 2629 2629 2670 2670 2670 2671 2671 2671 2632 2632 2632 2670 2670 2670 2632 2632 2632 2630 2630 2630 2671 2671 2671 2672 2672 2672 2632 2632 2632 2672 2672 2672 2633 2633 2633 2632 2632 2632 2635 2635 2635 2673 2673 2673 2636 2636 2636 2673 2673 2673 2654 2654 2654 2636 2636 2636 2673 2673 2673 2674 2674 2674 2654 2654 2654 2654 2654 2654 2675 2675 2675 2655 2655 2655 2675 2675 2675 2676 2676 2676 2655 2655 2655 2676 2676 2676 2642 2642 2642 2655 2655 2655 2676 2676 2676 2677 2677 2677 2642 2642 2642 2677 2677 2677 2678 2678 2678 2642 2642 2642 2678 2678 2678 2679 2679 2679 2642 2642 2642 2642 2642 2642 2679 2679 2679 2643 2643 2643 2679 2679 2679 2680 2680 2680 2643 2643 2643 2680 2680 2680 2681 2681 2681 2643 2643 2643 2682 2682 2682 2683 2683 2683 2595 2595 2595 2682 2682 2682 2595 2595 2595 2594 2594 2594 2683 2683 2683 2611 2611 2611 2595 2595 2595 2684 2684 2684 2603 2603 2603 2605 2605 2605 539 539 539 2685 2685 2685 565 565 565 2660 2660 2660 2686 2686 2686 2661 2661 2661 542 542 542 539 539 539 541 541 541 2687 2687 2687 2653 2653 2653 2661 2661 2661 583 583 583 2688 2688 2688 584 584 584 2688 2688 2688 586 586 586 584 584 584 2687 2687 2687 2689 2689 2689 2653 2653 2653 2688 2688 2688 2690 2690 2690 586 586 586 2689 2689 2689 2619 2619 2619 2653 2653 2653 2691 2691 2691 2690 2690 2690 2688 2688 2688 2691 2691 2691 2692 2692 2692 2690 2690 2690 2689 2689 2689 2662 2662 2662 2619 2619 2619 2693 2693 2693 2692 2692 2692 2691 2691 2691 2662 2662 2662 2694 2694 2694 2621 2621 2621 2693 2693 2693 588 588 588 2692 2692 2692 588 588 588 590 590 590 2692 2692 2692 2621 2621 2621 2694 2694 2694 2622 2622 2622 2694 2694 2694 2663 2663 2663 2622 2622 2622 2693 2693 2693 589 589 589 588 588 588 2695 2695 2695 589 589 589 2693 2693 2693 2664 2664 2664 2665 2665 2665 2624 2624 2624 2696 2696 2696 589 589 589 2695 2695 2695 2697 2697 2697 2696 2696 2696 2695 2695 2695 2696 2696 2696 591 591 591 589 589 589 2696 2696 2696 592 592 592 591 591 591 2697 2697 2697 592 592 592 2696 2696 2696 2665 2665 2665 2698 2698 2698 2626 2626 2626 2699 2699 2699 593 593 593 592 592 592 2626 2626 2626 2698 2698 2698 2666 2666 2666 2700 2700 2700 2701 2701 2701 2697 2697 2697 2701 2701 2701 2699 2699 2699 2697 2697 2697 2697 2697 2697 2699 2699 2699 592 592 592 594 594 594 596 596 596 2699 2699 2699 2699 2699 2699 596 596 596 2702 2702 2702 2703 2703 2703 2701 2701 2701 2700 2700 2700 2703 2703 2703 2699 2699 2699 2701 2701 2701 2703 2703 2703 595 595 595 2699 2699 2699 595 595 595 594 594 594 2699 2699 2699 2704 2704 2704 595 595 595 2703 2703 2703 2705 2705 2705 595 595 595 2704 2704 2704 2705 2705 2705 598 598 598 595 595 595 598 598 598 597 597 597 595 595 595 598 598 598 2706 2706 2706 599 599 599 2707 2707 2707 2708 2708 2708 598 598 598 2707 2707 2707 598 598 598 2705 2705 2705 2708 2708 2708 2706 2706 2706 598 598 598 2706 2706 2706 600 600 600 599 599 599 2707 2707 2707 2709 2709 2709 2708 2708 2708 2709 2709 2709 2706 2706 2706 2708 2708 2708 2710 2710 2710 2709 2709 2709 2707 2707 2707 2709 2709 2709 601 601 601 2706 2706 2706 601 601 601 600 600 600 2706 2706 2706 2710 2710 2710 2711 2711 2711 2709 2709 2709 2711 2711 2711 601 601 601 2709 2709 2709 2712 2712 2712 2711 2711 2711 2710 2710 2710 2711 2711 2711 2713 2713 2713 601 601 601 2713 2713 2713 602 602 602 601 601 601 2672 2672 2672 2714 2714 2714 2633 2633 2633 2715 2715 2715 2711 2711 2711 2712 2712 2712 2714 2714 2714 2635 2635 2635 2633 2633 2633 2715 2715 2715 2716 2716 2716 2711 2711 2711 2716 2716 2716 2713 2713 2713 2711 2711 2711 2714 2714 2714 2673 2673 2673 2635 2635 2635 2713 2713 2713 604 604 604 602 602 602 2717 2717 2717 604 604 604 2713 2713 2713 2716 2716 2716 2717 2717 2717 2713 2713 2713 2718 2718 2718 2716 2716 2716 2715 2715 2715 2717 2717 2717 607 607 607 604 604 604 2719 2719 2719 2716 2716 2716 2718 2718 2718 2719 2719 2719 2720 2720 2720 2716 2716 2716 2720 2720 2720 2721 2721 2721 2716 2716 2716 2716 2716 2716 2721 2721 2721 2717 2717 2717 2721 2721 2721 607 607 607 2717 2717 2717 2722 2722 2722 2720 2720 2720 2719 2719 2719 2721 2721 2721 610 610 610 607 607 607 2674 2674 2674 2675 2675 2675 2654 2654 2654 2722 2722 2722 2723 2723 2723 2720 2720 2720 2720 2720 2720 610 610 610 2721 2721 2721 2724 2724 2724 2722 2722 2722 2719 2719 2719 2720 2720 2720 611 611 611 610 610 610 2724 2724 2724 2723 2723 2723 2722 2722 2722 2723 2723 2723 611 611 611 2720 2720 2720 2724 2724 2724 2725 2725 2725 2723 2723 2723 2725 2725 2725 611 611 611 2723 2723 2723 2725 2725 2725 613 613 613 611 611 611 2724 2724 2724 2726 2726 2726 2725 2725 2725 2727 2727 2727 2726 2726 2726 2724 2724 2724 2726 2726 2726 2728 2728 2728 2725 2725 2725 2728 2728 2728 614 614 614 2725 2725 2725 2725 2725 2725 614 614 614 613 613 613 2727 2727 2727 2728 2728 2728 2726 2726 2726 2728 2728 2728 615 615 615 614 614 614 2656 2656 2656 782 782 782 2614 2614 2614 2608 2608 2608 2729 2729 2729 2605 2605 2605 2684 2684 2684 2730 2730 2730 2603 2603 2603 2730 2730 2730 2731 2731 2731 2603 2603 2603 2603 2603 2603 2731 2731 2731 2617 2617 2617 2731 2731 2731 2659 2659 2659 2617 2617 2617 2659 2659 2659 2656 2656 2656 2615 2615 2615 580 580 580 621 621 621 2685 2685 2685 580 580 580 2685 2685 2685 539 539 539 2686 2686 2686 2687 2687 2687 2661 2661 2661 584 584 584 587 587 587 2732 2732 2732 584 584 584 2732 2732 2732 585 585 585 587 587 587 2733 2733 2733 2732 2732 2732 2732 2732 2732 2733 2733 2733 2734 2734 2734 2734 2734 2734 2733 2733 2733 2735 2735 2735 2733 2733 2733 2736 2736 2736 2735 2735 2735 2736 2736 2736 2737 2737 2737 2735 2735 2735 2736 2736 2736 2738 2738 2738 2737 2737 2737 2736 2736 2736 2739 2739 2739 2738 2738 2738 2739 2739 2739 2740 2740 2740 2738 2738 2738 2740 2740 2740 2741 2741 2741 2738 2738 2738 2740 2740 2740 2742 2742 2742 2741 2741 2741 2742 2742 2742 2743 2743 2743 2741 2741 2741 2742 2742 2742 2744 2744 2744 2743 2743 2743 2743 2743 2743 2744 2744 2744 2745 2745 2745 2744 2744 2744 2746 2746 2746 2745 2745 2745 2747 2747 2747 2748 2748 2748 2687 2687 2687 2749 2749 2749 2750 2750 2750 2751 2751 2751 587 587 587 586 586 586 2733 2733 2733 2736 2736 2736 2752 2752 2752 2739 2739 2739 2740 2740 2740 2753 2753 2753 2742 2742 2742 2753 2753 2753 2744 2744 2744 2742 2742 2742 2753 2753 2753 2754 2754 2754 2744 2744 2744 2754 2754 2754 2755 2755 2755 2744 2744 2744 2744 2744 2744 2755 2755 2755 2746 2746 2746 2748 2748 2748 2756 2756 2756 2689 2689 2689 2748 2748 2748 2689 2689 2689 2687 2687 2687 2755 2755 2755 2757 2757 2757 2758 2758 2758 2755 2755 2755 2758 2758 2758 2746 2746 2746 2759 2759 2759 2688 2688 2688 583 583 583 2690 2690 2690 2760 2760 2760 586 586 586 2760 2760 2760 2733 2733 2733 586 586 586 2760 2760 2760 2736 2736 2736 2733 2733 2733 2760 2760 2760 2761 2761 2761 2736 2736 2736 2736 2736 2736 2761 2761 2761 2752 2752 2752 2761 2761 2761 2762 2762 2762 2752 2752 2752 2762 2762 2762 2739 2739 2739 2752 2752 2752 2739 2739 2739 2762 2762 2762 2740 2740 2740 2753 2753 2753 2763 2763 2763 2754 2754 2754 2763 2763 2763 2764 2764 2764 2754 2754 2754 2754 2754 2754 2764 2764 2764 2755 2755 2755 2764 2764 2764 2757 2757 2757 2755 2755 2755 2759 2759 2759 2691 2691 2691 2688 2688 2688 2760 2760 2760 2765 2765 2765 2761 2761 2761 2766 2766 2766 2740 2740 2740 2762 2762 2762 2740 2740 2740 2766 2766 2766 2753 2753 2753 2766 2766 2766 2763 2763 2763 2753 2753 2753 2756 2756 2756 2767 2767 2767 2689 2689 2689 2764 2764 2764 2768 2768 2768 2757 2757 2757 2692 2692 2692 2769 2769 2769 2760 2760 2760 2692 2692 2692 2760 2760 2760 2690 2690 2690 2769 2769 2769 2770 2770 2770 2760 2760 2760 2770 2770 2770 2771 2771 2771 2760 2760 2760 2771 2771 2771 2765 2765 2765 2760 2760 2760 2765 2765 2765 2772 2772 2772 2761 2761 2761 2761 2761 2761 2772 2772 2772 2762 2762 2762 2772 2772 2772 2766 2766 2766 2762 2762 2762 2773 2773 2773 2764 2764 2764 2763 2763 2763 2759 2759 2759 2774 2774 2774 2691 2691 2691 2766 2766 2766 2773 2773 2773 2763 2763 2763 2773 2773 2773 646 646 646 2764 2764 2764 2689 2689 2689 2767 2767 2767 2662 2662 2662 646 646 646 2768 2768 2768 2764 2764 2764 2775 2775 2775 2772 2772 2772 2765 2765 2765 2776 2776 2776 2766 2766 2766 2772 2772 2772 2776 2776 2776 2773 2773 2773 2766 2766 2766 648 648 648 2777 2777 2777 2768 2768 2768 2691 2691 2691 2774 2774 2774 2693 2693 2693 590 590 590 2769 2769 2769 2692 2692 2692 2769 2769 2769 2778 2778 2778 2770 2770 2770 2770 2770 2770 2779 2779 2779 2771 2771 2771 2779 2779 2779 2765 2765 2765 2771 2771 2771 2779 2779 2779 2775 2775 2775 2765 2765 2765 2773 2773 2773 647 647 647 646 646 646 649 649 649 2780 2780 2780 2777 2777 2777 649 649 649 2777 2777 2777 648 648 648 2775 2775 2775 2776 2776 2776 2772 2772 2772 2781 2781 2781 2773 2773 2773 2776 2776 2776 2782 2782 2782 2778 2778 2778 2769 2769 2769 2783 2783 2783 2779 2779 2779 2770 2770 2770 2783 2783 2783 2784 2784 2784 2779 2779 2779 2779 2779 2779 2784 2784 2784 2775 2775 2775 2775 2775 2775 2781 2781 2781 2776 2776 2776 647 647 647 2785 2785 2785 649 649 649 2785 2785 2785 2780 2780 2780 649 649 649 2786 2786 2786 2787 2787 2787 2788 2788 2788 590 590 590 2782 2782 2782 2769 2769 2769 2781 2781 2781 2789 2789 2789 2773 2773 2773 2785 2785 2785 2790 2790 2790 2780 2780 2780 2784 2784 2784 2791 2791 2791 2775 2775 2775 2792 2792 2792 2789 2789 2789 2781 2781 2781 2789 2789 2789 647 647 647 2773 2773 2773 2793 2793 2793 2783 2783 2783 2778 2778 2778 2783 2783 2783 2770 2770 2770 2778 2778 2778 2791 2791 2791 2794 2794 2794 2775 2775 2775 2794 2794 2794 2792 2792 2792 2781 2781 2781 2794 2794 2794 2781 2781 2781 2775 2775 2775 2785 2785 2785 2795 2795 2795 2790 2790 2790 2782 2782 2782 2793 2793 2793 2778 2778 2778 2796 2796 2796 2784 2784 2784 2783 2783 2783 2789 2789 2789 2797 2797 2797 647 647 647 2797 2797 2797 2785 2785 2785 647 647 647 2787 2787 2787 2798 2798 2798 2788 2788 2788 590 590 590 591 591 591 2782 2782 2782 591 591 591 2799 2799 2799 2782 2782 2782 2796 2796 2796 2791 2791 2791 2784 2784 2784 2782 2782 2782 2799 2799 2799 2793 2793 2793 2799 2799 2799 2783 2783 2783 2793 2793 2793 2796 2796 2796 2800 2800 2800 2791 2791 2791 2801 2801 2801 2789 2789 2789 2792 2792 2792 2801 2801 2801 2797 2797 2797 2789 2789 2789 2788 2788 2788 2798 2798 2798 2802 2802 2802 2803 2803 2803 2800 2800 2800 2796 2796 2796 2785 2785 2785 2804 2804 2804 2795 2795 2795 2805 2805 2805 2796 2796 2796 2783 2783 2783 2800 2800 2800 2794 2794 2794 2791 2791 2791 2806 2806 2806 2799 2799 2799 591 591 591 2794 2794 2794 2807 2807 2807 2792 2792 2792 2807 2807 2807 2801 2801 2801 2792 2792 2792 2797 2797 2797 2808 2808 2808 2785 2785 2785 2808 2808 2808 2804 2804 2804 2785 2785 2785 2799 2799 2799 2805 2805 2805 2783 2783 2783 2805 2805 2805 2809 2809 2809 2796 2796 2796 2809 2809 2809 2803 2803 2803 2796 2796 2796 2810 2810 2810 2807 2807 2807 2794 2794 2794 2802 2802 2802 2798 2798 2798 2811 2811 2811 2806 2806 2806 2812 2812 2812 2799 2799 2799 2800 2800 2800 2810 2810 2810 2794 2794 2794 2813 2813 2813 2801 2801 2801 2807 2807 2807 2798 2798 2798 2814 2814 2814 2811 2811 2811 593 593 593 2806 2806 2806 591 591 591 593 593 593 2812 2812 2812 2806 2806 2806 2799 2799 2799 2815 2815 2815 2805 2805 2805 2812 2812 2812 2815 2815 2815 2799 2799 2799 2815 2815 2815 2809 2809 2809 2805 2805 2805 2816 2816 2816 2810 2810 2810 2800 2800 2800 2813 2813 2813 2797 2797 2797 2801 2801 2801 2808 2808 2808 2817 2817 2817 2804 2804 2804 2818 2818 2818 2800 2800 2800 2803 2803 2803 2818 2818 2818 2816 2816 2816 2800 2800 2800 2807 2807 2807 2819 2819 2819 2813 2813 2813 2813 2813 2813 2820 2820 2820 2797 2797 2797 2820 2820 2820 2808 2808 2808 2797 2797 2797 2821 2821 2821 2809 2809 2809 2815 2815 2815 2814 2814 2814 2822 2822 2822 2811 2811 2811 2820 2820 2820 2823 2823 2823 2808 2808 2808 2823 2823 2823 2817 2817 2817 2808 2808 2808 2810 2810 2810 2819 2819 2819 2807 2807 2807 593 593 593 2824 2824 2824 2812 2812 2812 2824 2824 2824 2825 2825 2825 2812 2812 2812 2812 2812 2812 2825 2825 2825 2815 2815 2815 2825 2825 2825 2821 2821 2821 2815 2815 2815 2809 2809 2809 2818 2818 2818 2803 2803 2803 2816 2816 2816 2826 2826 2826 2810 2810 2810 2826 2826 2826 2819 2819 2819 2810 2810 2810 2702 2702 2702 593 593 593 2699 2699 2699 2702 2702 2702 2824 2824 2824 593 593 593 2826 2826 2826 2816 2816 2816 2818 2818 2818 2819 2819 2819 2827 2827 2827 2813 2813 2813 2823 2823 2823 2828 2828 2828 2817 2817 2817 2814 2814 2814 2829 2829 2829 2822 2822 2822 2825 2825 2825 2830 2830 2830 2821 2821 2821 2831 2831 2831 2809 2809 2809 2821 2821 2821 2702 2702 2702 2825 2825 2825 2824 2824 2824 2830 2830 2830 2831 2831 2831 2821 2821 2821 2809 2809 2809 2831 2831 2831 2818 2818 2818 2831 2831 2831 2826 2826 2826 2818 2818 2818 2832 2832 2832 2819 2819 2819 2826 2826 2826 2833 2833 2833 2827 2827 2827 2819 2819 2819 2827 2827 2827 2820 2820 2820 2813 2813 2813 2702 2702 2702 2834 2834 2834 2825 2825 2825 2834 2834 2834 2830 2830 2830 2825 2825 2825 2831 2831 2831 2835 2835 2835 2826 2826 2826 2835 2835 2835 2832 2832 2832 2826 2826 2826 2832 2832 2832 2833 2833 2833 2819 2819 2819 2834 2834 2834 2836 2836 2836 2830 2830 2830 2837 2837 2837 2835 2835 2835 2831 2831 2831 2835 2835 2835 2838 2838 2838 2832 2832 2832 2838 2838 2838 2833 2833 2833 2832 2832 2832 2822 2822 2822 2829 2829 2829 2839 2839 2839 596 596 596 2834 2834 2834 2702 2702 2702 2836 2836 2836 2831 2831 2831 2830 2830 2830 2820 2820 2820 2840 2840 2840 2823 2823 2823 2840 2840 2840 2841 2841 2841 2823 2823 2823 2823 2823 2823 2841 2841 2841 2828 2828 2828 2842 2842 2842 2827 2827 2827 2833 2833 2833 2842 2842 2842 2820 2820 2820 2827 2827 2827 2836 2836 2836 2843 2843 2843 2831 2831 2831 2843 2843 2843 2837 2837 2837 2831 2831 2831 2837 2837 2837 2844 2844 2844 2835 2835 2835 2844 2844 2844 2838 2838 2838 2835 2835 2835 2838 2838 2838 2845 2845 2845 2833 2833 2833 2845 2845 2845 2842 2842 2842 2833 2833 2833 2829 2829 2829 2846 2846 2846 2839 2839 2839 2843 2843 2843 2844 2844 2844 2837 2837 2837 2844 2844 2844 2847 2847 2847 2838 2838 2838 2842 2842 2842 2848 2848 2848 2820 2820 2820 2848 2848 2848 2840 2840 2840 2820 2820 2820 2840 2840 2840 2849 2849 2849 2841 2841 2841 2847 2847 2847 2845 2845 2845 2838 2838 2838 2839 2839 2839 2846 2846 2846 2850 2850 2850 596 596 596 2851 2851 2851 2834 2834 2834 2834 2834 2834 2852 2852 2852 2836 2836 2836 2836 2836 2836 2852 2852 2852 2843 2843 2843 597 597 597 2851 2851 2851 596 596 596 2853 2853 2853 2848 2848 2848 2842 2842 2842 2851 2851 2851 2854 2854 2854 2834 2834 2834 2854 2854 2854 2852 2852 2852 2834 2834 2834 2852 2852 2852 2855 2855 2855 2843 2843 2843 2855 2855 2855 2847 2847 2847 2843 2843 2843 2843 2843 2843 2847 2847 2847 2844 2844 2844 2854 2854 2854 2855 2855 2855 2852 2852 2852 2856 2856 2856 2857 2857 2857 2847 2847 2847 2847 2847 2847 2857 2857 2857 2845 2845 2845 2845 2845 2845 2857 2857 2857 2842 2842 2842 2857 2857 2857 2853 2853 2853 2842 2842 2842 2840 2840 2840 2858 2858 2858 2849 2849 2849 597 597 597 2859 2859 2859 2851 2851 2851 2851 2851 2851 2860 2860 2860 2854 2854 2854 2854 2854 2854 2861 2861 2861 2855 2855 2855 2861 2861 2861 2862 2862 2862 2855 2855 2855 2862 2862 2862 2863 2863 2863 2855 2855 2855 2864 2864 2864 2856 2856 2856 2847 2847 2847 2859 2859 2859 2860 2860 2860 2851 2851 2851 2860 2860 2860 2861 2861 2861 2854 2854 2854 2863 2863 2863 2847 2847 2847 2855 2855 2855 2865 2865 2865 2853 2853 2853 2857 2857 2857 2850 2850 2850 2846 2846 2846 2866 2866 2866 2853 2853 2853 2867 2867 2867 2848 2848 2848 2867 2867 2867 2840 2840 2840 2848 2848 2848 2862 2862 2862 2868 2868 2868 2863 2863 2863 2863 2863 2863 2864 2864 2864 2847 2847 2847 2846 2846 2846 2869 2869 2869 2866 2866 2866 2868 2868 2868 2870 2870 2870 2863 2863 2863 2870 2870 2870 2864 2864 2864 2863 2863 2863 2856 2856 2856 2865 2865 2865 2857 2857 2857 2871 2871 2871 2867 2867 2867 2853 2853 2853 600 600 600 2872 2872 2872 2859 2859 2859 2872 2872 2872 2860 2860 2860 2859 2859 2859 597 597 597 600 600 600 2859 2859 2859 2873 2873 2873 2874 2874 2874 2861 2861 2861 2873 2873 2873 2861 2861 2861 2860 2860 2860 2874 2874 2874 2875 2875 2875 2861 2861 2861 2869 2869 2869 2876 2876 2876 2866 2866 2866 2872 2872 2872 2873 2873 2873 2860 2860 2860 2865 2865 2865 2877 2877 2877 2853 2853 2853 2877 2877 2877 2871 2871 2871 2853 2853 2853 2867 2867 2867 2878 2878 2878 2840 2840 2840 2878 2878 2878 2858 2858 2858 2840 2840 2840 2861 2861 2861 2875 2875 2875 2862 2862 2862 2862 2862 2862 2875 2875 2875 2868 2868 2868 2879 2879 2879 2856 2856 2856 2864 2864 2864 2874 2874 2874 2880 2880 2880 2875 2875 2875 2875 2875 2875 2870 2870 2870 2868 2868 2868 2864 2864 2864 2870 2870 2870 2879 2879 2879 2879 2879 2879 2881 2881 2881 2856 2856 2856 2881 2881 2881 2865 2865 2865 2856 2856 2856 2881 2881 2881 2877 2877 2877 2865 2865 2865 2869 2869 2869 2882 2882 2882 2876 2876 2876 2877 2877 2877 2883 2883 2883 2871 2871 2871 2883 2883 2883 2884 2884 2884 2871 2871 2871 2871 2871 2871 2884 2884 2884 2867 2867 2867 2884 2884 2884 2885 2885 2885 2878 2878 2878 2884 2884 2884 2878 2878 2878 2867 2867 2867 2885 2885 2885 2886 2886 2886 2878 2878 2878 2887 2887 2887 2670 2670 2670 2669 2669 2669 2880 2880 2880 2888 2888 2888 2875 2875 2875 2875 2875 2875 2888 2888 2888 2870 2870 2870 2873 2873 2873 2889 2889 2889 2874 2874 2874 2890 2890 2890 2891 2891 2891 2870 2870 2870 2870 2870 2870 2891 2891 2891 2879 2879 2879 2891 2891 2891 2881 2881 2881 2879 2879 2879 2892 2892 2892 2877 2877 2877 2881 2881 2881 2876 2876 2876 2882 2882 2882 2893 2893 2893 2889 2889 2889 2880 2880 2880 2874 2874 2874 2889 2889 2889 2888 2888 2888 2880 2880 2880 2888 2888 2888 2890 2890 2890 2870 2870 2870 602 602 602 2872 2872 2872 600 600 600 606 606 606 2873 2873 2873 2872 2872 2872 606 606 606 2894 2894 2894 2873 2873 2873 2894 2894 2894 2889 2889 2889 2873 2873 2873 2892 2892 2892 2883 2883 2883 2877 2877 2877 2883 2883 2883 2895 2895 2895 2884 2884 2884 2895 2895 2895 2885 2885 2885 2884 2884 2884 2882 2882 2882 2896 2896 2896 2893 2893 2893 602 602 602 606 606 606 2872 2872 2872 2894 2894 2894 2897 2897 2897 2889 2889 2889 2898 2898 2898 2891 2891 2891 2890 2890 2890 2892 2892 2892 2899 2899 2899 2883 2883 2883 2885 2885 2885 2900 2900 2900 2886 2886 2886 2899 2899 2899 2895 2895 2895 2883 2883 2883 2901 2901 2901 2898 2898 2898 2890 2890 2890 2901 2901 2901 2890 2890 2890 2888 2888 2888 2893 2893 2893 2896 2896 2896 2902 2902 2902 2891 2891 2891 2903 2903 2903 2881 2881 2881 2881 2881 2881 2903 2903 2903 2892 2892 2892 2903 2903 2903 2899 2899 2899 2892 2892 2892 2897 2897 2897 2904 2904 2904 2889 2889 2889 2904 2904 2904 2888 2888 2888 2889 2889 2889 2885 2885 2885 2905 2905 2905 2900 2900 2900 2903 2903 2903 2906 2906 2906 2899 2899 2899 2906 2906 2906 2907 2907 2907 2899 2899 2899 2907 2907 2907 2895 2895 2895 2899 2899 2899 2895 2895 2895 2908 2908 2908 2885 2885 2885 2908 2908 2908 2905 2905 2905 2885 2885 2885 2898 2898 2898 2909 2909 2909 2891 2891 2891 2891 2891 2891 2909 2909 2909 2903 2903 2903 2896 2896 2896 2910 2910 2910 2902 2902 2902 2904 2904 2904 2911 2911 2911 2888 2888 2888 2888 2888 2888 2911 2911 2911 2901 2901 2901 2908 2908 2908 2912 2912 2912 2905 2905 2905 606 606 606 605 605 605 2894 2894 2894 605 605 605 2897 2897 2897 2894 2894 2894 2911 2911 2911 2913 2913 2913 2901 2901 2901 2901 2901 2901 2913 2913 2913 2898 2898 2898 2902 2902 2902 2910 2910 2910 2914 2914 2914 605 605 605 2915 2915 2915 2897 2897 2897 2915 2915 2915 2904 2904 2904 2897 2897 2897 2913 2913 2913 2909 2909 2909 2898 2898 2898 2895 2895 2895 2916 2916 2916 2908 2908 2908 2916 2916 2916 2912 2912 2912 2908 2908 2908 2915 2915 2915 2917 2917 2917 2904 2904 2904 2917 2917 2917 2911 2911 2911 2904 2904 2904 2918 2918 2918 2895 2895 2895 2907 2907 2907 2918 2918 2918 2919 2919 2919 2895 2895 2895 2919 2919 2919 2916 2916 2916 2895 2895 2895 605 605 605 2920 2920 2920 2915 2915 2915 2920 2920 2920 2921 2921 2921 2915 2915 2915 2921 2921 2921 2917 2917 2917 2915 2915 2915 2922 2922 2922 2913 2913 2913 2911 2911 2911 2906 2906 2906 2923 2923 2923 2907 2907 2907 2923 2923 2923 2918 2918 2918 2907 2907 2907 2917 2917 2917 2924 2924 2924 2911 2911 2911 2920 2920 2920 2925 2925 2925 2921 2921 2921 2913 2913 2913 2926 2926 2926 2909 2909 2909 2926 2926 2926 2903 2903 2903 2909 2909 2909 2926 2926 2926 2906 2906 2906 2903 2903 2903 2916 2916 2916 2927 2927 2927 2912 2912 2912 2910 2910 2910 2928 2928 2928 2914 2914 2914 2921 2921 2921 2924 2924 2924 2917 2917 2917 2926 2926 2926 2923 2923 2923 2906 2906 2906 2914 2914 2914 2928 2928 2928 2929 2929 2929 2922 2922 2922 2926 2926 2926 2913 2913 2913 2923 2923 2923 2930 2930 2930 2918 2918 2918 2930 2930 2930 2919 2919 2919 2918 2918 2918 608 608 608 2925 2925 2925 2920 2920 2920 608 608 608 2920 2920 2920 605 605 605 2922 2922 2922 2911 2911 2911 2924 2924 2924 2919 2919 2919 2931 2931 2931 2916 2916 2916 2931 2931 2931 2927 2927 2927 2916 2916 2916 2932 2932 2932 2921 2921 2921 2925 2925 2925 2922 2922 2922 2933 2933 2933 2926 2926 2926 2924 2924 2924 2934 2934 2934 2922 2922 2922 2934 2934 2934 2933 2933 2933 2922 2922 2922 2933 2933 2933 2935 2935 2935 2926 2926 2926 2935 2935 2935 2923 2923 2923 2926 2926 2926 2932 2932 2932 2936 2936 2936 2921 2921 2921 2921 2921 2921 2936 2936 2936 2924 2924 2924 2936 2936 2936 2934 2934 2934 2924 2924 2924 2935 2935 2935 2930 2930 2930 2923 2923 2923 2934 2934 2934 2937 2937 2937 2933 2933 2933 2931 2931 2931 2938 2938 2938 2927 2927 2927 2936 2936 2936 2939 2939 2939 2934 2934 2934 2929 2929 2929 2928 2928 2928 2940 2940 2940 607 607 607 2941 2941 2941 608 608 608 2941 2941 2941 2942 2942 2942 608 608 608 608 608 608 2942 2942 2942 2925 2925 2925 2942 2942 2942 2932 2932 2932 2925 2925 2925 2942 2942 2942 2943 2943 2943 2932 2932 2932 2943 2943 2943 2936 2936 2936 2932 2932 2932 2939 2939 2939 2937 2937 2937 2934 2934 2934 2933 2933 2933 2937 2937 2937 2935 2935 2935 2935 2935 2935 2944 2944 2944 2930 2930 2930 2943 2943 2943 2939 2939 2939 2936 2936 2936 2937 2937 2937 2944 2944 2944 2935 2935 2935 2931 2931 2931 2945 2945 2945 2938 2938 2938 610 610 610 2941 2941 2941 607 607 607 2939 2939 2939 2946 2946 2946 2937 2937 2937 2944 2944 2944 2947 2947 2947 2930 2930 2930 2947 2947 2947 2948 2948 2948 2919 2919 2919 2947 2947 2947 2919 2919 2919 2930 2930 2930 2948 2948 2948 2949 2949 2949 2919 2919 2919 2919 2919 2919 2949 2949 2949 2931 2931 2931 2949 2949 2949 2945 2945 2945 2931 2931 2931 2950 2950 2950 2944 2944 2944 2937 2937 2937 2928 2928 2928 2951 2951 2951 2940 2940 2940 2941 2941 2941 2952 2952 2952 2942 2942 2942 2952 2952 2952 2943 2943 2943 2942 2942 2942 2953 2953 2953 2939 2939 2939 2943 2943 2943 2953 2953 2953 2946 2946 2946 2939 2939 2939 2937 2937 2937 2954 2954 2954 2950 2950 2950 610 610 610 612 612 612 2941 2941 2941 2952 2952 2952 2955 2955 2955 2943 2943 2943 2943 2943 2943 2955 2955 2955 2953 2953 2953 2953 2953 2953 2956 2956 2956 2946 2946 2946 2956 2956 2956 2937 2937 2937 2946 2946 2946 2956 2956 2956 2954 2954 2954 2937 2937 2937 2950 2950 2950 2947 2947 2947 2944 2944 2944 2949 2949 2949 2957 2957 2957 2945 2945 2945 2947 2947 2947 2958 2958 2958 2948 2948 2948 2958 2958 2958 2949 2949 2949 2948 2948 2948 2719 2719 2719 2959 2959 2959 2724 2724 2724 612 612 612 2960 2960 2960 2941 2941 2941 2941 2941 2941 2960 2960 2960 2952 2952 2952 2955 2955 2955 2956 2956 2956 2953 2953 2953 2954 2954 2954 2961 2961 2961 2950 2950 2950 2961 2961 2961 2947 2947 2947 2950 2950 2950 2962 2962 2962 2958 2958 2958 2947 2947 2947 2960 2960 2960 2963 2963 2963 2952 2952 2952 2959 2959 2959 2964 2964 2964 2724 2724 2724 2952 2952 2952 2965 2965 2965 2955 2955 2955 613 613 613 2960 2960 2960 612 612 612 2963 2963 2963 2965 2965 2965 2952 2952 2952 2965 2965 2965 2966 2966 2966 2955 2955 2955 2955 2955 2955 2966 2966 2966 2956 2956 2956 2966 2966 2966 2954 2954 2954 2956 2956 2956 2966 2966 2966 2967 2967 2967 2954 2954 2954 2967 2967 2967 2961 2961 2961 2954 2954 2954 2961 2961 2961 2968 2968 2968 2947 2947 2947 2968 2968 2968 2962 2962 2962 2947 2947 2947 613 613 613 2969 2969 2969 2960 2960 2960 2960 2960 2960 2969 2969 2969 2963 2963 2963 2958 2958 2958 2970 2970 2970 2949 2949 2949 2970 2970 2970 2971 2971 2971 2949 2949 2949 2949 2949 2949 2971 2971 2971 2957 2957 2957 2964 2964 2964 2972 2972 2972 2724 2724 2724 2969 2969 2969 2965 2965 2965 2963 2963 2963 2965 2965 2965 2973 2973 2973 2966 2966 2966 2962 2962 2962 2974 2974 2974 2958 2958 2958 2974 2974 2974 2970 2970 2970 2958 2958 2958 2969 2969 2969 2975 2975 2975 2965 2965 2965 2975 2975 2975 2973 2973 2973 2965 2965 2965 2967 2967 2967 2966 2966 2966 2973 2973 2973 2967 2967 2967 2976 2976 2976 2961 2961 2961 2976 2976 2976 2968 2968 2968 2961 2961 2961 2724 2724 2724 2972 2972 2972 2727 2727 2727 614 614 614 2969 2969 2969 613 613 613 614 614 614 2977 2977 2977 2969 2969 2969 2977 2977 2977 2975 2975 2975 2969 2969 2969 2975 2975 2975 2978 2978 2978 2973 2973 2973 2978 2978 2978 2979 2979 2979 2973 2973 2973 2979 2979 2979 2967 2967 2967 2973 2973 2973 2979 2979 2979 2980 2980 2980 2967 2967 2967 2980 2980 2980 2976 2976 2976 2967 2967 2967 2968 2968 2968 2974 2974 2974 2962 2962 2962 2970 2970 2970 2981 2981 2981 2971 2971 2971 2977 2977 2977 2978 2978 2978 2975 2975 2975 2980 2980 2980 2982 2982 2982 2976 2976 2976 2976 2976 2976 2982 2982 2982 2968 2968 2968 2982 2982 2982 2983 2983 2983 2974 2974 2974 2982 2982 2982 2974 2974 2974 2968 2968 2968 2983 2983 2983 2970 2970 2970 2974 2974 2974 2983 2983 2983 2981 2981 2981 2970 2970 2970 2984 2984 2984 2985 2985 2985 2986 2986 2986 616 616 616 2987 2987 2987 614 614 614 614 614 614 2987 2987 2987 2977 2977 2977 2987 2987 2987 2988 2988 2988 2977 2977 2977 2988 2988 2988 2989 2989 2989 2977 2977 2977 2977 2977 2977 2989 2989 2989 2978 2978 2978 2978 2978 2978 2989 2989 2989 2979 2979 2979 2989 2989 2989 2990 2990 2990 2979 2979 2979 2990 2990 2990 2991 2991 2991 2979 2979 2979 2979 2979 2979 2991 2991 2991 2980 2980 2980 2991 2991 2991 2992 2992 2992 2980 2980 2980 2980 2980 2980 2992 2992 2992 2982 2982 2982 2992 2992 2992 2993 2993 2993 2982 2982 2982 2993 2993 2993 2983 2983 2983 2982 2982 2982 2993 2993 2993 2994 2994 2994 2983 2983 2983 2678 2678 2678 2995 2995 2995 2679 2679 2679 2994 2994 2994 2996 2996 2996 2981 2981 2981 2994 2994 2994 2981 2981 2981 2983 2983 2983 2997 2997 2997 2998 2998 2998 2727 2727 2727 2999 2999 2999 2998 2998 2998 2997 2997 2997 2998 2998 2998 2728 2728 2728 2727 2727 2727 3000 3000 3000 3001 3001 3001 3002 3002 3002 2998 2998 2998 616 616 616 2728 2728 2728 2998 2998 2998 3003 3003 3003 616 616 616 616 616 616 615 615 615 2728 2728 2728 3003 3003 3003 3004 3004 3004 616 616 616 616 616 616 3004 3004 3004 2987 2987 2987 3004 3004 3004 3005 3005 3005 2987 2987 2987 2987 2987 2987 3005 3005 3005 2988 2988 2988 3006 3006 3006 2992 2992 2992 2991 2991 2991 3006 3006 3006 3007 3007 3007 2992 2992 2992 2992 2992 2992 3007 3007 3007 2993 2993 2993 581 581 581 622 622 622 580 580 580 622 622 622 621 621 621 580 580 580 3008 3008 3008 2687 2687 2687 2686 2686 2686 3008 3008 3008 2747 2747 2747 2687 2687 2687 3009 3009 3009 3010 3010 3010 2749 2749 2749 2747 2747 2747 3011 3011 3011 2748 2748 2748 3010 3010 3010 3012 3012 3012 2750 2750 2750 3010 3010 3010 2750 2750 2750 2749 2749 2749 3012 3012 3012 3013 3013 3013 2750 2750 2750 3013 3013 3013 2786 2786 2786 2750 2750 2750 646 646 646 648 648 648 2768 2768 2768 3013 3013 3013 2787 2787 2787 2786 2786 2786 2846 2846 2846 3014 3014 3014 2869 2869 2869 3014 3014 3014 2882 2882 2882 2869 2869 2869 2882 2882 2882 3015 3015 3015 2896 2896 2896 3015 3015 3015 2910 2910 2910 2896 2896 2896 3015 3015 3015 2928 2928 2928 2910 2910 2910 3015 3015 3015 3016 3016 3016 2928 2928 2928 3016 3016 3016 3017 3017 3017 2928 2928 2928 2928 2928 2928 3017 3017 3017 2951 2951 2951 3018 3018 3018 3019 3019 3019 2984 2984 2984 3019 3019 3019 3020 3020 3020 2984 2984 2984 3020 3020 3020 3021 3021 3021 2985 2985 2985 3020 3020 3020 2985 2985 2985 2984 2984 2984 3021 3021 3021 3022 3022 3022 2985 2985 2985 660 660 660 3023 3023 3023 661 661 661 660 660 660 3024 3024 3024 3023 3023 3023 3024 3024 3024 3025 3025 3025 3023 3023 3023 3025 3025 3025 3024 3024 3024 3026 3026 3026 3024 3024 3024 662 662 662 3026 3026 3026 662 662 662 664 664 664 3026 3026 3026 667 667 667 3027 3027 3027 666 666 666 3027 3027 3027 3028 3028 3028 3029 3029 3029 3027 3027 3027 3029 3029 3029 666 666 666 3028 3028 3028 3030 3030 3030 3029 3029 3029 3029 3029 3029 3030 3030 3030 3031 3031 3031 3000 3000 3000 3032 3032 3032 3001 3001 3001 3032 3032 3032 657 657 657 3001 3001 3001 657 657 657 656 656 656 3001 3001 3001 2995 2995 2995 3033 3033 3033 2679 2679 2679 3033 3033 3033 2680 2680 2680 2679 2679 2679 2644 2644 2644 3034 3034 3034 2607 2607 2607 2616 2616 2616 3035 3035 3035 2645 2645 2645 581 581 581 682 682 682 622 622 622 3008 3008 3008 3036 3036 3036 2747 2747 2747 3036 3036 3036 3011 3011 3011 2747 2747 2747 3013 3013 3013 3037 3037 3037 2787 2787 2787 3037 3037 3037 2798 2798 2798 2787 2787 2787 2798 2798 2798 3037 3037 3037 2814 2814 2814 3037 3037 3037 3038 3038 3038 2814 2814 2814 2814 2814 2814 3038 3038 3038 2829 2829 2829 3039 3039 3039 2846 2846 2846 2829 2829 2829 3039 3039 3039 3040 3040 3040 2846 2846 2846 2846 2846 2846 3040 3040 3040 3014 3014 3014 3040 3040 3040 3041 3041 3041 3014 3014 3014 3041 3041 3041 2882 2882 2882 3014 3014 3014 3041 3041 3041 3015 3015 3015 2882 2882 2882 3041 3041 3041 3042 3042 3042 3015 3015 3015 3042 3042 3042 3016 3016 3016 3015 3015 3015 3042 3042 3042 3043 3043 3043 3016 3016 3016 3016 3016 3016 3043 3043 3043 3017 3017 3017 3017 3017 3017 3018 3018 3018 2951 2951 2951 3044 3044 3044 3045 3045 3045 655 655 655 655 655 655 3045 3045 3045 658 658 658 3045 3045 3045 3046 3046 3046 660 660 660 3045 3045 3045 660 660 660 658 658 658 3046 3046 3046 3047 3047 3047 3024 3024 3024 3046 3046 3046 3024 3024 3024 660 660 660 3047 3047 3047 3048 3048 3048 3024 3024 3024 3048 3048 3048 662 662 662 3024 3024 3024 3048 3048 3048 663 663 663 662 662 662 663 663 663 3049 3049 3049 3027 3027 3027 663 663 663 3027 3027 3027 667 667 667 3049 3049 3049 3050 3050 3050 3027 3027 3027 3050 3050 3050 3028 3028 3028 3027 3027 3027 3028 3028 3028 3051 3051 3051 3030 3030 3030 3052 3052 3052 3053 3053 3053 2680 2680 2680 3052 3052 3052 2680 2680 2680 3033 3033 3033 782 782 782 2644 2644 2644 2614 2614 2614 2607 2607 2607 3034 3034 3034 2609 2609 2609 3035 3035 3035 2646 2646 2646 2645 2645 2645 2683 2683 2683 3054 3054 3054 2611 2611 2611 2729 2729 2729 2684 2684 2684 2605 2605 2605 2684 2684 2684 3055 3055 3055 2730 2730 2730 2730 2730 2730 3055 3055 3055 2731 2731 2731 3055 3055 3055 3056 3056 3056 2731 2731 2731 3056 3056 3056 2659 2659 2659 2731 2731 2731 2613 2613 2613 3057 3057 3057 2612 2612 2612 3058 3058 3058 3059 3059 3059 2660 2660 2660 3059 3059 3059 2686 2686 2686 2660 2660 2660 2686 2686 2686 3060 3060 3060 3008 3008 3008 3060 3060 3060 3061 3061 3061 3008 3008 3008 3061 3061 3061 3036 3036 3036 3008 3008 3008 3036 3036 3036 3062 3062 3062 3011 3011 3011 3063 3063 3063 3037 3037 3037 3013 3013 3013 3063 3063 3063 3064 3064 3064 3037 3037 3037 3064 3064 3064 3065 3065 3065 3037 3037 3037 3037 3037 3037 3066 3066 3066 3038 3038 3038 3066 3066 3066 3067 3067 3067 3038 3038 3038 3038 3038 3038 3067 3067 3067 2829 2829 2829 3067 3067 3067 3068 3068 3068 2829 2829 2829 3068 3068 3068 3069 3069 3069 3039 3039 3039 3068 3068 3068 3039 3039 3039 2829 2829 2829 3039 3039 3039 3070 3070 3070 3040 3040 3040 3040 3040 3040 3070 3070 3070 3041 3041 3041 3070 3070 3070 3071 3071 3071 3041 3041 3041 3071 3071 3071 3072 3072 3072 3041 3041 3041 3072 3072 3072 3042 3042 3042 3041 3041 3041 3072 3072 3072 3073 3073 3073 3042 3042 3042 3042 3042 3042 3073 3073 3073 3043 3043 3043 3073 3073 3073 3074 3074 3074 3043 3043 3043 3074 3074 3074 3075 3075 3075 3043 3043 3043 3075 3075 3075 3017 3017 3017 3043 3043 3043 3075 3075 3075 3076 3076 3076 3017 3017 3017 3017 3017 3017 3076 3076 3076 3018 3018 3018 3076 3076 3076 3077 3077 3077 3018 3018 3018 3077 3077 3077 3019 3019 3019 3018 3018 3018 3077 3077 3077 3020 3020 3020 3019 3019 3019 3078 3078 3078 3079 3079 3079 3000 3000 3000 700 700 700 3044 3044 3044 655 655 655 3045 3045 3045 3047 3047 3047 3046 3046 3046 3047 3047 3047 3080 3080 3080 3048 3048 3048 3080 3080 3080 3081 3081 3081 3048 3048 3048 3081 3081 3081 3082 3082 3082 3048 3048 3048 3082 3082 3082 663 663 663 3048 3048 3048 3082 3082 3082 3049 3049 3049 663 663 663 3050 3050 3050 3083 3083 3083 3028 3028 3028 3083 3083 3083 3051 3051 3051 3028 3028 3028 3079 3079 3079 3084 3084 3084 3000 3000 3000 3000 3000 3000 3084 3084 3084 3032 3032 3032 3084 3084 3084 700 700 700 3032 3032 3032 3032 3032 3032 700 700 700 657 657 657 3034 3034 3034 3085 3085 3085 2609 2609 2609 3085 3085 3085 3086 3086 3086 2609 2609 2609 2609 2609 2609 3086 3086 3086 2610 2610 2610 3054 3054 3054 3087 3087 3087 2611 2611 2611 3087 3087 3087 2729 2729 2729 2608 2608 2608 3087 3087 3087 2608 2608 2608 2611 2611 2611 783 783 783 2656 2656 2656 2659 2659 2659 783 783 783 782 782 782 2656 2656 2656 581 581 581 724 724 724 682 682 682 3088 3088 3088 3010 3010 3010 3009 3009 3009 3010 3010 3010 3089 3089 3089 3012 3012 3012 3089 3089 3089 3013 3013 3013 3012 3012 3012 3090 3090 3090 3044 3044 3044 700 700 700 3044 3044 3044 3091 3091 3091 3045 3045 3045 3091 3091 3091 3092 3092 3092 3045 3045 3045 3092 3092 3092 3093 3093 3093 3045 3045 3045 3093 3093 3093 3047 3047 3047 3045 3045 3045 3093 3093 3093 3094 3094 3094 3047 3047 3047 3094 3094 3094 3080 3080 3080 3047 3047 3047 3094 3094 3094 3095 3095 3095 3080 3080 3080 3080 3080 3080 3095 3095 3095 3081 3081 3081 3079 3079 3079 3090 3090 3090 3084 3084 3084 3084 3084 3084 3090 3090 3090 700 700 700 3096 3096 3096 3034 3034 3034 2644 2644 2644 3086 3086 3086 2616 2616 2616 2610 2610 2610 2729 2729 2729 3097 3097 3097 2684 2684 2684 2684 2684 2684 3097 3097 3097 3055 3055 3055 3097 3097 3097 3098 3098 3098 3056 3056 3056 3097 3097 3097 3056 3056 3056 3055 3055 3055 3098 3098 3098 3099 3099 3099 3056 3056 3056 756 756 756 3100 3100 3100 3101 3101 3101 3101 3101 3101 3100 3100 3100 3102 3102 3102 3099 3099 3099 3103 3103 3103 3056 3056 3056 3100 3100 3100 3104 3104 3104 3102 3102 3102 3102 3102 3102 3104 3104 3104 3105 3105 3105 755 755 755 3106 3106 3106 756 756 756 3106 3106 3106 3107 3107 3107 3100 3100 3100 3106 3106 3106 3100 3100 3100 756 756 756 3107 3107 3107 3108 3108 3108 3104 3104 3104 3107 3107 3107 3104 3104 3104 3100 3100 3100 3109 3109 3109 3110 3110 3110 755 755 755 755 755 755 3110 3110 3110 3106 3106 3106 3110 3110 3110 3111 3111 3111 3107 3107 3107 3110 3110 3110 3107 3107 3107 3106 3106 3106 3111 3111 3111 3112 3112 3112 3108 3108 3108 3111 3111 3111 3108 3108 3108 3107 3107 3107 3113 3113 3113 3114 3114 3114 3110 3110 3110 3110 3110 3110 3114 3114 3114 3111 3111 3111 3114 3114 3114 3115 3115 3115 3111 3111 3111 3111 3111 3111 3115 3115 3115 3112 3112 3112 737 737 737 724 724 724 581 581 581 3059 3059 3059 3060 3060 3060 2686 2686 2686 3088 3088 3088 3116 3116 3116 3010 3010 3010 3036 3036 3036 3117 3117 3117 3062 3062 3062 3116 3116 3116 3089 3089 3089 3010 3010 3010 3089 3089 3089 3063 3063 3063 3013 3013 3013 3118 3118 3118 3065 3065 3065 3064 3064 3064 3065 3065 3065 3119 3119 3119 3037 3037 3037 3037 3037 3037 3119 3119 3119 3066 3066 3066 3120 3120 3120 3039 3039 3039 3069 3069 3069 3039 3039 3039 3121 3121 3121 3070 3070 3070 3071 3071 3071 3122 3122 3122 3072 3072 3072 3072 3072 3072 3122 3122 3122 3073 3073 3073 3020 3020 3020 3123 3123 3123 3021 3021 3021 3123 3123 3123 3124 3124 3124 3021 3021 3021 3090 3090 3090 3125 3125 3125 3044 3044 3044 3126 3126 3126 3127 3127 3127 3082 3082 3082 3127 3127 3127 3049 3049 3049 3082 3082 3082 3049 3049 3049 3128 3128 3128 3050 3050 3050 3128 3128 3128 3083 3083 3083 3050 3050 3050 3083 3083 3083 3129 3129 3129 3051 3051 3051 3130 3130 3130 3053 3053 3053 3052 3052 3052 782 782 782 3096 3096 3096 2644 2644 2644 3131 3131 3131 3132 3132 3132 3097 3097 3097 3097 3097 3097 3132 3132 3132 3098 3098 3098 3101 3101 3101 757 757 757 756 756 756 760 760 760 759 759 759 3133 3133 3133 3103 3103 3103 3134 3134 3134 3056 3056 3056 3134 3134 3134 3135 3135 3135 3056 3056 3056 3056 3056 3056 3135 3135 3135 2659 2659 2659 3135 3135 3135 3136 3136 3136 783 783 783 3135 3135 3135 783 783 783 2659 2659 2659 760 760 760 3137 3137 3137 758 758 758 3137 3137 3137 3138 3138 3138 3139 3139 3139 3137 3137 3137 3139 3139 3139 758 758 758 3138 3138 3138 3140 3140 3140 3139 3139 3139 3141 3141 3141 3142 3142 3142 3143 3143 3143 3142 3142 3142 3144 3144 3144 3145 3145 3145 3142 3142 3142 3145 3145 3145 3143 3143 3143 3144 3144 3144 3146 3146 3146 3145 3145 3145 3145 3145 3145 3146 3146 3146 3147 3147 3147 3146 3146 3146 3148 3148 3148 3147 3147 3147 3147 3147 3147 3148 3148 3148 3149 3149 3149 3150 3150 3150 3151 3151 3151 3058 3058 3058 3058 3058 3058 3151 3151 3151 3059 3059 3059 3060 3060 3060 3152 3152 3152 3061 3061 3061 3152 3152 3152 3036 3036 3036 3061 3061 3061 3153 3153 3153 3154 3154 3154 3070 3070 3070 3154 3154 3154 3071 3071 3071 3070 3070 3070 3073 3073 3073 3155 3155 3155 3074 3074 3074 3077 3077 3077 3156 3156 3156 3020 3020 3020 3156 3156 3156 3123 3123 3123 3020 3020 3020 3125 3125 3125 3157 3157 3157 3044 3044 3044 3157 3157 3157 3091 3091 3091 3044 3044 3044 3158 3158 3158 3095 3095 3095 3094 3094 3094 3127 3127 3127 3128 3128 3128 3049 3049 3049 3128 3128 3128 3129 3129 3129 3083 3083 3083 3079 3079 3079 3159 3159 3159 3090 3090 3090 3159 3159 3159 3125 3125 3125 3090 3090 3090 3130 3130 3130 3160 3160 3160 3053 3053 3053 3161 3161 3161 3085 3085 3085 3034 3034 3034 2729 2729 2729 3162 3162 3162 3097 3097 3097 3163 3163 3163 3164 3164 3164 3131 3131 3131 3163 3163 3163 3131 3131 3131 3097 3097 3097 3165 3165 3165 3166 3166 3166 3133 3133 3133 3133 3133 3133 3166 3166 3166 760 760 760 3166 3166 3166 3167 3167 3167 3137 3137 3137 3166 3166 3166 3137 3137 3137 760 760 760 3167 3167 3167 3138 3138 3138 3137 3137 3137 799 799 799 800 800 800 3168 3168 3168 800 800 800 804 804 804 3168 3168 3168 3142 3142 3142 3169 3169 3169 3144 3144 3144 3169 3169 3169 3146 3146 3146 3144 3144 3144 3169 3169 3169 3170 3170 3170 3146 3146 3146 3146 3146 3146 3170 3170 3170 3148 3148 3148 3151 3151 3151 3171 3171 3171 3059 3059 3059 3059 3059 3059 3171 3171 3171 3060 3060 3060 3171 3171 3171 3152 3152 3152 3060 3060 3060 3152 3152 3152 3172 3172 3172 3036 3036 3036 3172 3172 3172 3117 3117 3117 3036 3036 3036 3173 3173 3173 3063 3063 3063 3089 3089 3089 3063 3063 3063 3174 3174 3174 3064 3064 3064 3174 3174 3174 3118 3118 3118 3064 3064 3064 3175 3175 3175 3065 3065 3065 3118 3118 3118 3175 3175 3175 3119 3119 3119 3065 3065 3065 3119 3119 3119 3176 3176 3176 3066 3066 3066 3176 3176 3176 3067 3067 3067 3066 3066 3066 3121 3121 3121 3153 3153 3153 3070 3070 3070 3177 3177 3177 3122 3122 3122 3071 3071 3071 3076 3076 3076 3156 3156 3156 3077 3077 3077 3157 3157 3157 3178 3178 3178 3091 3091 3091 3178 3178 3178 3092 3092 3092 3091 3091 3091 3179 3179 3179 3095 3095 3095 3158 3158 3158 3081 3081 3081 3126 3126 3126 3082 3082 3082 781 781 781 3180 3180 3180 782 782 782 3180 3180 3180 3096 3096 3096 782 782 782 3096 3096 3096 3161 3161 3161 3034 3034 3034 3181 3181 3181 2657 2657 2657 2646 2646 2646 3087 3087 3087 3182 3182 3182 2729 2729 2729 3163 3163 3163 3183 3183 3183 3164 3164 3164 3164 3164 3164 3183 3183 3183 3184 3184 3184 3183 3183 3183 3185 3185 3185 3184 3184 3184 3183 3183 3183 3186 3186 3186 3185 3185 3185 3186 3186 3186 3135 3135 3135 3134 3134 3134 3173 3173 3173 3174 3174 3174 3063 3063 3063 3068 3068 3068 3187 3187 3187 3069 3069 3069 3187 3187 3187 3120 3120 3120 3069 3069 3069 3120 3120 3120 3121 3121 3121 3039 3039 3039 3154 3154 3154 3177 3177 3177 3071 3071 3071 3123 3123 3123 3188 3188 3188 3124 3124 3124 3093 3093 3093 3158 3158 3158 3094 3094 3094 3095 3095 3095 3179 3179 3179 3081 3081 3081 3179 3179 3179 3126 3126 3126 3081 3081 3081 3189 3189 3189 3127 3127 3127 3126 3126 3126 3190 3190 3190 3159 3159 3159 3079 3079 3079 3086 3086 3086 3035 3035 3035 2616 2616 2616 3181 3181 3181 3191 3191 3191 2657 2657 2657 3192 3192 3192 2613 2613 2613 2658 2658 2658 3162 3162 3162 3193 3193 3193 3097 3097 3097 3193 3193 3193 3163 3163 3163 3097 3097 3097 3163 3163 3163 3194 3194 3194 3183 3183 3183 3183 3183 3183 3194 3194 3194 3186 3186 3186 3194 3194 3194 3135 3135 3135 3186 3186 3186 737 737 737 828 828 828 724 724 724 3195 3195 3195 3116 3116 3116 3088 3088 3088 3116 3116 3116 3196 3196 3196 3089 3089 3089 3196 3196 3196 3173 3173 3173 3089 3089 3089 3173 3173 3173 3197 3197 3197 3174 3174 3174 3197 3197 3197 3198 3198 3198 3174 3174 3174 3174 3174 3174 3198 3198 3198 3118 3118 3118 3198 3198 3198 3175 3175 3175 3118 3118 3118 3175 3175 3175 3199 3199 3199 3119 3119 3119 3199 3199 3199 3176 3176 3176 3119 3119 3119 3200 3200 3200 3121 3121 3121 3120 3120 3120 3200 3200 3200 3201 3201 3201 3121 3121 3121 3201 3201 3201 3153 3153 3153 3121 3121 3121 3122 3122 3122 3202 3202 3202 3073 3073 3073 3202 3202 3202 3155 3155 3155 3073 3073 3073 3155 3155 3155 3075 3075 3075 3074 3074 3074 3203 3203 3203 3156 3156 3156 3076 3076 3076 3178 3178 3178 3204 3204 3204 3092 3092 3092 3092 3092 3092 3204 3204 3204 3093 3093 3093 3158 3158 3158 3205 3205 3205 3179 3179 3179 3035 3035 3035 3181 3181 3181 2646 2646 2646 3206 3206 3206 3207 3207 3207 2683 2683 2683 3206 3206 3206 2683 2683 2683 2682 2682 2682 3182 3182 3182 3162 3162 3162 2729 2729 2729 3193 3193 3193 3194 3194 3194 3163 3163 3163 3194 3194 3194 3136 3136 3136 3135 3135 3135 3152 3152 3152 3208 3208 3208 3172 3172 3172 3208 3208 3208 3117 3117 3117 3172 3172 3172 3176 3176 3176 3209 3209 3209 3067 3067 3067 3209 3209 3209 3068 3068 3068 3067 3067 3067 3177 3177 3177 3210 3210 3210 3122 3122 3122 3204 3204 3204 3211 3211 3211 3093 3093 3093 3211 3211 3211 3158 3158 3158 3093 3093 3093 3179 3179 3179 3212 3212 3212 3126 3126 3126 3212 3212 3212 3213 3213 3213 3126 3126 3126 3126 3126 3126 3213 3213 3213 3189 3189 3189 3189 3189 3189 3214 3214 3214 3128 3128 3128 3189 3189 3189 3128 3128 3128 3127 3127 3127 3214 3214 3214 3129 3129 3129 3128 3128 3128 3159 3159 3159 3215 3215 3215 3125 3125 3125 3198 3198 3198 3216 3216 3216 3175 3175 3175 3216 3216 3216 3199 3199 3199 3175 3175 3175 3209 3209 3209 3187 3187 3187 3068 3068 3068 3187 3187 3187 3200 3200 3200 3120 3120 3120 3210 3210 3210 3202 3202 3202 3122 3122 3122 3155 3155 3155 3217 3217 3217 3075 3075 3075 3075 3075 3075 3203 3203 3203 3076 3076 3076 3156 3156 3156 3218 3218 3218 3123 3123 3123 3218 3218 3218 3188 3188 3188 3123 3123 3123 3205 3205 3205 3212 3212 3212 3179 3179 3179 3190 3190 3190 3215 3215 3215 3159 3159 3159 3160 3160 3160 3219 3219 3219 3053 3053 3053 3220 3220 3220 3181 3181 3181 3035 3035 3035 3193 3193 3193 3136 3136 3136 3194 3194 3194 860 860 860 828 828 828 737 737 737 3221 3221 3221 3171 3171 3171 3151 3151 3151 3187 3187 3187 3222 3222 3222 3200 3200 3200 3153 3153 3153 3177 3177 3177 3154 3154 3154 3210 3210 3210 3223 3223 3223 3202 3202 3202 3202 3202 3202 3224 3224 3224 3155 3155 3155 3224 3224 3224 3217 3217 3217 3155 3155 3155 3217 3217 3217 3203 3203 3203 3075 3075 3075 3203 3203 3203 3225 3225 3225 3156 3156 3156 3225 3225 3225 3226 3226 3226 3156 3156 3156 3226 3226 3226 3218 3218 3218 3156 3156 3156 948 948 948 3157 3157 3157 3125 3125 3125 3211 3211 3211 3205 3205 3205 3158 3158 3158 3215 3215 3215 948 948 948 3125 3125 3125 3180 3180 3180 973 973 973 3096 3096 3096 3227 3227 3227 3161 3161 3161 3096 3096 3096 3227 3227 3227 3085 3085 3085 3161 3161 3161 3228 3228 3228 3220 3220 3220 3035 3035 3035 3192 3192 3192 3229 3229 3229 2613 2613 2613 3230 3230 3230 3136 3136 3136 3193 3193 3193 3231 3231 3231 783 783 783 3136 3136 3136 3232 3232 3232 3221 3221 3221 3150 3150 3150 3150 3150 3150 3221 3221 3221 3151 3151 3151 3221 3221 3221 3233 3233 3233 3171 3171 3171 3233 3233 3233 3234 3234 3234 3171 3171 3171 3171 3171 3171 3234 3234 3234 3152 3152 3152 3234 3234 3234 3208 3208 3208 3152 3152 3152 3235 3235 3235 3198 3198 3198 3197 3197 3197 3235 3235 3235 3216 3216 3216 3198 3198 3198 3236 3236 3236 3209 3209 3209 3176 3176 3176 3209 3209 3209 3237 3237 3237 3187 3187 3187 3237 3237 3237 3222 3222 3222 3187 3187 3187 3222 3222 3222 3201 3201 3201 3200 3200 3200 3238 3238 3238 3153 3153 3153 3201 3201 3201 3153 3153 3153 3239 3239 3239 3177 3177 3177 3239 3239 3239 3210 3210 3210 3177 3177 3177 3178 3178 3178 3240 3240 3240 3204 3204 3204 3205 3205 3205 3241 3241 3241 3212 3212 3212 3241 3241 3241 3213 3213 3213 3212 3212 3212 3189 3189 3189 3242 3242 3242 3214 3214 3214 3243 3243 3243 3244 3244 3244 3130 3130 3130 3130 3130 3130 3244 3244 3244 3160 3160 3160 3244 3244 3244 3219 3219 3219 3160 3160 3160 973 973 973 3227 3227 3227 3096 3096 3096 3086 3086 3086 3228 3228 3228 3035 3035 3035 3220 3220 3220 3245 3245 3245 3181 3181 3181 3245 3245 3245 3191 3191 3191 3181 3181 3181 3207 3207 3207 3054 3054 3054 2683 2683 2683 3162 3162 3162 3230 3230 3230 3193 3193 3193 3246 3246 3246 3136 3136 3136 3230 3230 3230 3246 3246 3246 3231 3231 3231 3136 3136 3136 3231 3231 3231 781 781 781 783 783 783 3196 3196 3196 3197 3197 3197 3173 3173 3173 3216 3216 3216 3247 3247 3247 3199 3199 3199 3248 3248 3248 3224 3224 3224 3202 3202 3202 3204 3204 3204 3249 3249 3249 3211 3211 3211 3211 3211 3211 3249 3249 3249 3205 3205 3205 3249 3249 3249 3250 3250 3250 3205 3205 3205 3214 3214 3214 3251 3251 3251 3129 3129 3129 3227 3227 3227 3252 3252 3252 3085 3085 3085 3087 3087 3087 3253 3253 3253 3182 3182 3182 3182 3182 3182 3254 3254 3254 3162 3162 3162 3254 3254 3254 3230 3230 3230 3162 3162 3162 3229 3229 3229 3057 3057 3057 2613 2613 2613 884 884 884 866 866 866 874 874 874 3199 3199 3199 3236 3236 3236 3176 3176 3176 3238 3238 3238 3239 3239 3239 3153 3153 3153 3218 3218 3218 3255 3255 3255 3188 3188 3188 3250 3250 3250 3241 3241 3241 3205 3205 3205 3241 3241 3241 3256 3256 3256 3213 3213 3213 3256 3256 3256 3189 3189 3189 3213 3213 3213 3242 3242 3242 3251 3251 3251 3214 3214 3214 3257 3257 3257 3228 3228 3228 3086 3086 3086 3231 3231 3231 3258 3258 3258 781 781 781 3258 3258 3258 3259 3259 3259 781 781 781 3259 3259 3259 3180 3180 3180 781 781 781 3229 3229 3229 3260 3260 3260 3057 3057 3057 3195 3195 3195 3261 3261 3261 3116 3116 3116 3261 3261 3261 3196 3196 3196 3116 3116 3116 3196 3196 3196 3262 3262 3262 3197 3197 3197 3263 3263 3263 3216 3216 3216 3235 3235 3235 3263 3263 3263 3247 3247 3247 3216 3216 3216 3264 3264 3264 3236 3236 3236 3199 3199 3199 3222 3222 3222 3238 3238 3238 3201 3201 3201 3239 3239 3239 3265 3265 3265 3210 3210 3210 3265 3265 3265 3223 3223 3223 3210 3210 3210 3223 3223 3223 3248 3248 3248 3202 3202 3202 3240 3240 3240 3266 3266 3266 3204 3204 3204 3266 3266 3266 3249 3249 3249 3204 3204 3204 3250 3250 3250 3267 3267 3267 3241 3241 3241 3256 3256 3256 3268 3268 3268 3189 3189 3189 3268 3268 3268 3242 3242 3242 3189 3189 3189 3269 3269 3269 3215 3215 3215 3190 3190 3190 3259 3259 3259 973 973 973 3180 3180 3180 973 973 973 3270 3270 3270 3227 3227 3227 3227 3227 3227 3270 3270 3270 3252 3252 3252 3271 3271 3271 3086 3086 3086 3085 3085 3085 3271 3271 3271 3257 3257 3257 3086 3086 3086 907 907 907 828 828 828 860 860 860 3221 3221 3221 3234 3234 3234 3233 3233 3233 3262 3262 3262 3235 3235 3235 3197 3197 3197 3272 3272 3272 3239 3239 3239 3238 3238 3238 3273 3273 3273 3178 3178 3178 3157 3157 3157 3178 3178 3178 3274 3274 3274 3240 3240 3240 3267 3267 3267 3256 3256 3256 3241 3241 3241 3252 3252 3252 3271 3271 3271 3085 3085 3085 3228 3228 3228 3275 3275 3275 3220 3220 3220 3275 3275 3275 3245 3245 3245 3220 3220 3220 3054 3054 3054 3276 3276 3276 3087 3087 3087 3246 3246 3246 3277 3277 3277 3231 3231 3231 3277 3277 3277 3258 3258 3258 3231 3231 3231 884 884 884 920 920 920 866 866 866 907 907 907 922 922 922 828 828 828 3278 3278 3278 3199 3199 3199 3247 3247 3247 3236 3236 3236 3237 3237 3237 3209 3209 3209 3265 3265 3265 3279 3279 3279 3223 3223 3223 3276 3276 3276 3253 3253 3253 3087 3087 3087 3253 3253 3253 3254 3254 3254 3182 3182 3182 3280 3280 3280 3230 3230 3230 3254 3254 3254 3281 3281 3281 3277 3277 3277 3246 3246 3246 3258 3258 3258 3282 3282 3282 3259 3259 3259 3282 3282 3282 3283 3283 3283 3259 3259 3259 3283 3283 3283 973 973 973 3259 3259 3259 3232 3232 3232 3284 3284 3284 3221 3221 3221 3284 3284 3284 3234 3234 3234 3221 3221 3221 3262 3262 3262 3263 3263 3263 3235 3235 3235 3285 3285 3285 3238 3238 3238 3222 3222 3222 3217 3217 3217 3286 3286 3286 3203 3203 3203 3286 3286 3286 3225 3225 3225 3203 3203 3203 948 948 948 950 950 950 3157 3157 3157 950 950 950 3273 3273 3273 3157 3157 3157 3273 3273 3273 3274 3274 3274 3178 3178 3178 3287 3287 3287 3250 3250 3250 3249 3249 3249 3287 3287 3287 3267 3267 3267 3250 3250 3250 3269 3269 3269 3288 3288 3288 3215 3215 3215 3288 3288 3288 948 948 948 3215 3215 3215 3207 3207 3207 3276 3276 3276 3054 3054 3054 3230 3230 3230 3289 3289 3289 3246 3246 3246 3289 3289 3289 3281 3281 3281 3246 3246 3246 3277 3277 3277 3290 3290 3290 3258 3258 3258 3290 3290 3290 3282 3282 3282 3258 3258 3258 3291 3291 3291 3283 3283 3283 3282 3282 3282 3292 3292 3292 3293 3293 3293 3234 3234 3234 3234 3234 3234 3293 3293 3293 3208 3208 3208 3293 3293 3293 3294 3294 3294 3208 3208 3208 3261 3261 3261 3295 3295 3295 3196 3196 3196 3295 3295 3295 3262 3262 3262 3196 3196 3196 3263 3263 3263 3296 3296 3296 3247 3247 3247 3278 3278 3278 3264 3264 3264 3199 3199 3199 3264 3264 3264 3297 3297 3297 3236 3236 3236 3236 3236 3236 3297 3297 3297 3237 3237 3237 3237 3237 3237 3285 3285 3285 3222 3222 3222 3248 3248 3248 3298 3298 3298 3224 3224 3224 3240 3240 3240 3299 3299 3299 3266 3266 3266 3300 3300 3300 3249 3249 3249 3266 3266 3266 3300 3300 3300 3287 3287 3287 3249 3249 3249 3268 3268 3268 3301 3301 3301 3242 3242 3242 3288 3288 3288 949 949 949 948 948 948 3257 3257 3257 3302 3302 3302 3228 3228 3228 3303 3303 3303 3283 3283 3283 3291 3291 3291 3283 3283 3283 974 974 974 973 973 973 954 954 954 922 922 922 907 907 907 3284 3284 3284 3292 3292 3292 3234 3234 3234 3304 3304 3304 3261 3261 3261 3195 3195 3195 3305 3305 3305 3306 3306 3306 3263 3263 3263 3305 3305 3305 3263 3263 3263 3262 3262 3262 3263 3263 3263 3307 3307 3307 3296 3296 3296 3296 3296 3296 3278 3278 3278 3247 3247 3247 3278 3278 3278 3308 3308 3308 3264 3264 3264 3309 3309 3309 3285 3285 3285 3237 3237 3237 3285 3285 3285 3272 3272 3272 3238 3238 3238 3310 3310 3310 3279 3279 3279 3265 3265 3265 3279 3279 3279 3248 3248 3248 3223 3223 3223 3225 3225 3225 3311 3311 3311 3226 3226 3226 3311 3311 3311 3218 3218 3218 3226 3226 3226 3299 3299 3299 3300 3300 3300 3266 3266 3266 3267 3267 3267 3312 3312 3312 3256 3256 3256 3312 3312 3312 3268 3268 3268 3256 3256 3256 3301 3301 3301 3313 3313 3313 3242 3242 3242 3242 3242 3242 3313 3313 3313 3251 3251 3251 3244 3244 3244 3314 3314 3314 3219 3219 3219 3302 3302 3302 3275 3275 3275 3228 3228 3228 3315 3315 3315 3254 3254 3254 3253 3253 3253 3280 3280 3280 3289 3289 3289 3230 3230 3230 3290 3290 3290 3291 3291 3291 3282 3282 3282 3316 3316 3316 3284 3284 3284 3232 3232 3232 3224 3224 3224 3317 3317 3317 3217 3217 3217 3274 3274 3274 3318 3318 3318 3240 3240 3240 3318 3318 3318 3299 3299 3299 3240 3240 3240 3319 3319 3319 3287 3287 3287 3300 3300 3300 3287 3287 3287 3320 3320 3320 3267 3267 3267 3320 3320 3320 3321 3321 3321 3267 3267 3267 3321 3321 3321 3312 3312 3312 3267 3267 3267 3322 3322 3322 3288 3288 3288 3269 3269 3269 3323 3323 3323 3244 3244 3244 3243 3243 3243 975 975 975 3270 3270 3270 973 973 973 3324 3324 3324 3191 3191 3191 3245 3245 3245 3325 3325 3325 1167 1167 1167 3206 3206 3206 3206 3206 3206 1167 1167 1167 3207 3207 3207 1167 1167 1167 3276 3276 3276 3207 3207 3207 3277 3277 3277 3326 3326 3326 3290 3290 3290 3326 3326 3326 3327 3327 3327 3290 3290 3290 3327 3327 3327 3328 3328 3328 3291 3291 3291 3327 3327 3327 3291 3291 3291 3290 3290 3290 3328 3328 3328 3329 3329 3329 3303 3303 3303 3328 3328 3328 3303 3303 3303 3291 3291 3291 3303 3303 3303 974 974 974 3283 3283 3283 954 954 954 977 977 977 922 922 922 3295 3295 3295 3305 3305 3305 3262 3262 3262 3279 3279 3279 3330 3330 3330 3248 3248 3248 3330 3330 3330 3298 3298 3298 3248 3248 3248 3218 3218 3218 3331 3331 3331 3255 3255 3255 3332 3332 3332 3322 3322 3322 3269 3269 3269 3333 3333 3333 3314 3314 3314 3244 3244 3244 3270 3270 3270 975 975 975 3252 3252 3252 3324 3324 3324 3334 3334 3334 3191 3191 3191 3335 3335 3335 3229 3229 3229 3192 3192 3192 3315 3315 3315 3280 3280 3280 3254 3254 3254 3281 3281 3281 3336 3336 3336 3277 3277 3277 3277 3277 3277 3336 3336 3336 3326 3326 3326 3327 3327 3327 3337 3337 3337 3328 3328 3328 3337 3337 3337 3338 3338 3338 3328 3328 3328 3338 3338 3338 3329 3329 3329 3328 3328 3328 3306 3306 3306 3339 3339 3339 3263 3263 3263 3263 3263 3263 3339 3339 3339 3307 3307 3307 3298 3298 3298 3317 3317 3317 3224 3224 3224 3340 3340 3340 3225 3225 3225 3286 3286 3286 950 950 950 3341 3341 3341 3273 3273 3273 3273 3273 3273 3341 3341 3341 3274 3274 3274 3341 3341 3341 3318 3318 3318 3274 3274 3274 3299 3299 3299 3319 3319 3319 3300 3300 3300 1019 1019 1019 1021 1021 1021 983 983 983 1021 1021 1021 1025 1025 1025 983 983 983 983 983 983 1025 1025 1025 984 984 984 1026 1026 1026 1028 1028 1028 3342 3342 3342 1025 1025 1025 988 988 988 984 984 984 1028 1028 1028 3343 3343 3343 3342 3342 3342 3342 3342 3342 3343 3343 3343 3344 3344 3344 3345 3345 3345 3324 3324 3324 3275 3275 3275 3275 3275 3275 3324 3324 3324 3245 3245 3245 3276 3276 3276 3315 3315 3315 3253 3253 3253 3346 3346 3346 3281 3281 3281 3289 3289 3289 3336 3336 3336 3347 3347 3347 3326 3326 3326 3347 3347 3347 3348 3348 3348 3327 3327 3327 3347 3347 3347 3327 3327 3327 3326 3326 3326 3349 3349 3349 3329 3329 3329 3338 3338 3338 3329 3329 3329 3350 3350 3350 3303 3303 3303 3350 3350 3350 974 974 974 3303 3303 3303 3307 3307 3307 3278 3278 3278 3296 3296 3296 3285 3285 3285 3351 3351 3351 3272 3272 3272 3239 3239 3239 3310 3310 3310 3265 3265 3265 3317 3317 3317 3286 3286 3286 3217 3217 3217 3318 3318 3318 3352 3352 3352 3299 3299 3299 3352 3352 3352 3319 3319 3319 3299 3299 3299 3319 3319 3319 3353 3353 3353 3287 3287 3287 3353 3353 3353 3320 3320 3320 3287 3287 3287 3354 3354 3354 1041 1041 1041 3355 3355 3355 1041 1041 1041 3356 3356 3356 3355 3355 3355 1041 1041 1041 1043 1043 1043 3356 3356 3356 3357 3357 3357 3358 3358 3358 3359 3359 3359 3359 3359 3359 3358 3358 3358 3360 3360 3360 1047 1047 1047 1046 1046 1046 1048 1048 1048 3358 3358 3358 3361 3361 3361 3360 3360 3360 3358 3358 3358 3362 3362 3362 3361 3361 3361 3358 3358 3358 3363 3363 3363 3362 3362 3362 3363 3363 3363 3364 3364 3364 3362 3362 3362 3363 3363 3363 3365 3365 3365 3364 3364 3364 3364 3364 3364 3365 3365 3365 1027 1027 1027 3365 3365 3365 3366 3366 3366 1027 1027 1027 1027 1027 1027 3366 3366 3366 1028 1028 1028 3366 3366 3366 3367 3367 3367 3343 3343 3343 3366 3366 3366 3343 3343 3343 1028 1028 1028 1065 1065 1065 1088 1088 1088 1063 1063 1063 3368 3368 3368 3271 3271 3271 3252 3252 3252 3368 3368 3368 3257 3257 3257 3271 3271 3271 3345 3345 3345 3275 3275 3275 3302 3302 3302 1167 1167 1167 3369 3369 3369 3276 3276 3276 3369 3369 3369 3315 3315 3315 3276 3276 3276 3315 3315 3315 3370 3370 3370 3280 3280 3280 3370 3370 3370 3371 3371 3371 3280 3280 3280 3280 3280 3280 3371 3371 3371 3289 3289 3289 3336 3336 3336 3372 3372 3372 3347 3347 3347 3373 3373 3373 3329 3329 3329 3349 3349 3349 3373 3373 3373 3350 3350 3350 3329 3329 3329 3374 3374 3374 975 975 975 974 974 974 3375 3375 3375 3284 3284 3284 3316 3316 3316 3375 3375 3375 3376 3376 3376 3284 3284 3284 3376 3376 3376 3292 3292 3292 3284 3284 3284 3292 3292 3292 3377 3377 3377 3293 3293 3293 3377 3377 3377 3294 3294 3294 3293 3293 3293 3311 3311 3311 3378 3378 3378 3218 3218 3218 3378 3378 3378 3331 3331 3331 3218 3218 3218 3321 3321 3321 3379 3379 3379 3312 3312 3312 3379 3379 3379 3380 3380 3380 3312 3312 3312 3312 3312 3312 3380 3380 3380 3268 3268 3268 3380 3380 3380 3301 3301 3301 3268 3268 3268 3323 3323 3323 3333 3333 3333 3244 3244 3244 1078 1078 1078 3381 3381 3381 1042 1042 1042 3382 3382 3382 3383 3383 3383 3384 3384 3384 3384 3384 3384 3383 3383 3383 3357 3357 3357 3385 3385 3385 1107 1107 1107 3386 3386 3386 3386 3386 3386 1107 1107 1107 3354 3354 3354 1107 1107 1107 1078 1078 1078 3354 3354 3354 3354 3354 3354 1078 1078 1078 1041 1041 1041 3383 3383 3383 3387 3387 3387 3358 3358 3358 3383 3383 3383 3358 3358 3358 3357 3357 3357 3387 3387 3387 3388 3388 3388 3358 3358 3358 3388 3388 3388 3389 3389 3389 3363 3363 3363 3388 3388 3388 3363 3363 3363 3358 3358 3358 1084 1084 1084 1118 1118 1118 1114 1114 1114 1084 1084 1084 1114 1114 1114 1083 1083 1083 1059 1059 1059 1085 1085 1085 1118 1118 1118 1059 1059 1059 1118 1118 1118 1084 1084 1084 3389 3389 3389 3390 3390 3390 3363 3363 3363 3363 3363 3363 3390 3390 3390 3365 3365 3365 3391 3391 3391 1126 1126 1126 1124 1124 1124 1086 1086 1086 1122 1122 1122 1085 1085 1085 3390 3390 3390 1130 1130 1130 3365 3365 3365 3365 3365 3365 1130 1130 1130 3366 3366 3366 1089 1089 1089 1091 1091 1091 1126 1126 1126 1089 1089 1089 1126 1126 1126 3391 3391 3391 1130 1130 1130 3392 3392 3392 3366 3366 3366 3366 3366 3366 3392 3392 3392 3367 3367 3367 1129 1129 1129 3392 3392 3392 1130 1130 1130 3392 3392 3392 3393 3393 3393 3367 3367 3367 3394 3394 3394 3393 3393 3393 3392 3392 3392 3394 3394 3394 3392 3392 3392 1129 1129 1129 3325 3325 3325 3395 3395 3395 1167 1167 1167 3371 3371 3371 3346 3346 3346 3289 3289 3289 3346 3346 3346 3396 3396 3396 3281 3281 3281 3396 3396 3396 3336 3336 3336 3281 3281 3281 3396 3396 3396 3397 3397 3397 3336 3336 3336 3397 3397 3397 3372 3372 3372 3336 3336 3336 3397 3397 3397 1136 1136 1136 3372 3372 3372 3372 3372 3372 1136 1136 1136 3398 3398 3398 3399 3399 3399 3400 3400 3400 3373 3373 3373 3400 3400 3400 3401 3401 3401 3373 3373 3373 3373 3373 3373 3401 3401 3401 3350 3350 3350 3350 3350 3350 3402 3402 3402 974 974 974 3402 3402 3402 3374 3374 3374 974 974 974 3376 3376 3376 3377 3377 3377 3292 3292 3292 3272 3272 3272 3403 3403 3403 3239 3239 3239 3403 3403 3403 3310 3310 3310 3239 3239 3239 3330 3330 3330 3317 3317 3317 3298 3298 3298 3317 3317 3317 3340 3340 3340 3286 3286 3286 3404 3404 3404 3341 3341 3341 950 950 950 3352 3352 3352 3353 3353 3353 3319 3319 3319 1106 1106 1106 3405 3405 3405 1078 1078 1078 1106 1106 1106 1078 1078 1078 1107 1107 1107 1078 1078 1078 3405 3405 3405 3381 3381 3381 3405 3405 3405 3406 3406 3406 3381 3381 3381 3407 3407 3407 3408 3408 3408 3383 3383 3383 3407 3407 3407 3383 3383 3383 3382 3382 3382 3409 3409 3409 1108 1108 1108 3385 3385 3385 3385 3385 3385 1108 1108 1108 1107 1107 1107 3408 3408 3408 3387 3387 3387 3383 3383 3383 3387 3387 3387 1154 1154 1154 3388 3388 3388 1154 1154 1154 3410 3410 3410 3388 3388 3388 3411 3411 3411 3410 3410 3410 1153 1153 1153 1153 1153 1153 3410 3410 3410 1154 1154 1154 1117 1117 1117 3412 3412 3412 3413 3413 3413 1117 1117 1117 3413 3413 3413 1164 1164 1164 3412 3412 3412 3414 3414 3414 3413 3413 3413 3413 3413 3413 3414 3414 3414 3415 3415 3415 3410 3410 3410 3416 3416 3416 3388 3388 3388 3388 3388 3388 3416 3416 3416 3389 3389 3389 3414 3414 3414 3417 3417 3417 3415 3415 3415 3411 3411 3411 3416 3416 3416 3410 3410 3410 1120 1120 1120 3418 3418 3418 3412 3412 3412 1120 1120 1120 3412 3412 3412 1117 1117 1117 3418 3418 3418 3414 3414 3414 3412 3412 3412 3416 3416 3416 3419 3419 3419 3389 3389 3389 3414 3414 3414 3420 3420 3420 3417 3417 3417 1123 1123 1123 1125 1125 1125 3418 3418 3418 1123 1123 1123 3418 3418 3418 1120 1120 1120 1125 1125 1125 3421 3421 3421 3418 3418 3418 3418 3418 3418 3421 3421 3421 3414 3414 3414 3419 3419 3419 3390 3390 3390 3389 3389 3389 3421 3421 3421 3420 3420 3420 3414 3414 3414 1127 1127 1127 1134 1134 1134 3421 3421 3421 1127 1127 1127 3421 3421 3421 1125 1125 1125 3419 3419 3419 1131 1131 1131 3390 3390 3390 3390 3390 3390 1131 1131 1131 1130 1130 1130 1134 1134 1134 1133 1133 1133 3421 3421 3421 3421 3421 3421 1133 1133 1133 3420 3420 3420 1134 1134 1134 3422 3422 3422 1132 1132 1132 1128 1128 1128 3422 3422 3422 1134 1134 1134 1128 1128 1128 1134 1134 1134 1127 1127 1127 3395 3395 3395 1165 1165 1165 1167 1167 1167 3422 3422 3422 3423 3423 3423 3424 3424 3424 3422 3422 3422 3424 3424 3424 1132 1132 1132 1137 1137 1137 3425 3425 3425 1135 1135 1135 1128 1128 1128 3423 3423 3423 3422 3422 3422 3426 3426 3426 3252 3252 3252 975 975 975 3427 3427 3427 3324 3324 3324 3345 3345 3345 3428 3428 3428 3396 3396 3396 3346 3346 3346 3397 3397 3397 1137 1137 1137 1136 1136 1136 3429 3429 3429 3400 3400 3400 3399 3399 3399 3229 3229 3229 3430 3430 3430 3260 3260 3260 3430 3430 3430 3431 3431 3431 3260 3260 3260 3261 3261 3261 3432 3432 3432 3295 3295 3295 3432 3432 3432 3305 3305 3305 3295 3295 3295 3433 3433 3433 3297 3297 3297 3264 3264 3264 3351 3351 3351 3403 3403 3403 3272 3272 3272 3340 3340 3340 3434 3434 3434 3225 3225 3225 3434 3434 3434 3435 3435 3435 3225 3225 3225 3225 3225 3225 3435 3435 3435 3311 3311 3311 3435 3435 3435 3378 3378 3378 3311 3311 3311 3341 3341 3341 3352 3352 3352 3318 3318 3318 3380 3380 3380 3436 3436 3436 3301 3301 3301 3436 3436 3436 3313 3313 3313 3301 3301 3301 949 949 949 1173 1173 1173 950 950 950 1106 1106 1106 1230 1230 1230 3405 3405 3405 1150 1150 1150 1230 1230 1230 1106 1106 1106 3405 3405 3405 3437 3437 3437 3406 3406 3406 3438 3438 3438 3439 3439 3439 3408 3408 3408 3438 3438 3438 3408 3408 3408 3407 3407 3407 3440 3440 3440 1150 1150 1150 1108 1108 1108 3440 3440 3440 1108 1108 1108 3409 3409 3409 3439 3439 3439 3441 3441 3441 3408 3408 3408 3408 3408 3408 3441 3441 3441 3387 3387 3387 3441 3441 3441 1155 1155 1155 1154 1154 1154 3441 3441 3441 1154 1154 1154 3387 3387 3387 3442 3442 3442 1163 1163 1163 3443 3443 3443 3443 3443 3443 1163 1163 1163 1162 1162 1162 1152 1152 1152 1157 1157 1157 1180 1180 1180 3374 3374 3374 3426 3426 3426 975 975 975 3302 3302 3302 3444 3444 3444 3345 3345 3345 3335 3335 3335 3430 3430 3430 3229 3229 3229 3396 3396 3396 3445 3445 3445 3397 3397 3397 3445 3445 3445 3446 3446 3446 1137 1137 1137 3445 3445 3445 1137 1137 1137 3397 3397 3397 3446 3446 3446 3425 3425 3425 1137 1137 1137 3446 3446 3446 3447 3447 3447 3429 3429 3429 3446 3446 3446 3429 3429 3429 3425 3425 3425 3429 3429 3429 3447 3447 3447 3400 3400 3400 3447 3447 3447 3402 3402 3402 3400 3400 3400 3400 3400 3400 3402 3402 3402 3401 3401 3401 3401 3401 3401 3402 3402 3402 3350 3350 3350 3376 3376 3376 3448 3448 3448 3377 3377 3377 3448 3448 3448 3294 3294 3294 3377 3377 3377 3307 3307 3307 3308 3308 3308 3278 3278 3278 3297 3297 3297 3309 3309 3309 3237 3237 3237 3279 3279 3279 3449 3449 3449 3330 3330 3330 3378 3378 3378 3450 3450 3450 3331 3331 3331 950 950 950 1174 1174 1174 3404 3404 3404 1174 1174 1174 3451 3451 3451 3404 3404 3404 3451 3451 3451 3341 3341 3341 3404 3404 3404 3436 3436 3436 3452 3452 3452 3313 3313 3313 3453 3453 3453 3322 3322 3322 3332 3332 3332 3454 3454 3454 3333 3333 3333 3323 3323 3323 1230 1230 1230 3455 3455 3455 3405 3405 3405 3455 3455 3455 3437 3437 3437 3405 3405 3405 3438 3438 3438 3456 3456 3456 3439 3439 3439 3440 3440 3440 3457 3457 3457 1150 1150 1150 3457 3457 3457 1231 1231 1231 1150 1150 1150 1150 1150 1150 1231 1231 1231 1230 1230 1230 3456 3456 3456 3458 3458 3458 3439 3439 3439 3439 3439 3439 3458 3458 3458 3441 3441 3441 3458 3458 3458 1155 1155 1155 3441 3441 3441 3442 3442 3442 1184 1184 1184 1163 1163 1163 1166 1166 1166 3369 3369 3369 1167 1167 1167 3459 3459 3459 3315 3315 3315 3369 3369 3369 3428 3428 3428 3445 3445 3445 3396 3396 3396 3445 3445 3445 3460 3460 3460 3446 3446 3446 3460 3460 3460 3461 3461 3461 3446 3446 3446 3446 3446 3446 3461 3461 3461 3447 3447 3447 3461 3461 3461 3462 3462 3462 3447 3447 3447 3462 3462 3462 3402 3402 3402 3447 3447 3447 3463 3463 3463 3464 3464 3464 3375 3375 3375 3375 3375 3375 3464 3464 3464 3376 3376 3376 954 954 954 1189 1189 1189 977 977 977 3464 3464 3464 3465 3465 3465 3376 3376 3376 3465 3465 3465 3448 3448 3448 3376 3376 3376 3448 3448 3448 3466 3466 3466 3294 3294 3294 3467 3467 3467 3306 3306 3306 3305 3305 3305 3339 3339 3339 3308 3308 3308 3307 3307 3307 3433 3433 3433 3264 3264 3264 3308 3308 3308 3309 3309 3309 3468 3468 3468 3285 3285 3285 3468 3468 3468 3351 3351 3351 3285 3285 3285 3403 3403 3403 3469 3469 3469 3310 3310 3310 3469 3469 3469 3449 3449 3449 3279 3279 3279 3469 3469 3469 3279 3279 3279 3310 3310 3310 3470 3470 3470 3353 3353 3353 3352 3352 3352 3470 3470 3470 3471 3471 3471 3353 3353 3353 3379 3379 3379 3472 3472 3472 3380 3380 3380 3322 3322 3322 3473 3473 3473 3288 3288 3288 3473 3473 3473 1173 1173 1173 3288 3288 3288 3288 3288 3288 1173 1173 1173 949 949 949 3474 3474 3474 3456 3456 3456 3438 3438 3438 3475 3475 3475 3437 3437 3437 3455 3455 3455 3476 3476 3476 3457 3457 3457 3440 3440 3440 3458 3458 3458 1199 1199 1199 1155 1155 1155 3477 3477 3477 1203 1203 1203 1184 1184 1184 3477 3477 3477 1184 1184 1184 3442 3442 3442 3426 3426 3426 3368 3368 3368 3252 3252 3252 3368 3368 3368 3478 3478 3478 3257 3257 3257 3478 3478 3478 3302 3302 3302 3257 3257 3257 3444 3444 3444 3427 3427 3427 3345 3345 3345 3427 3427 3427 3479 3479 3479 3324 3324 3324 3479 3479 3479 3480 3480 3480 3334 3334 3334 3479 3479 3479 3334 3334 3334 3324 3324 3324 3481 3481 3481 3430 3430 3430 3335 3335 3335 1166 1166 1166 3459 3459 3459 3369 3369 3369 3459 3459 3459 3482 3482 3482 3315 3315 3315 3315 3315 3315 3482 3482 3482 3370 3370 3370 3371 3371 3371 3428 3428 3428 3346 3346 3346 3428 3428 3428 3460 3460 3460 3445 3445 3445 3462 3462 3462 3483 3483 3483 3402 3402 3402 3483 3483 3483 3374 3374 3374 3402 3402 3402 1208 1208 1208 1189 1189 1189 954 954 954 3432 3432 3432 3467 3467 3467 3305 3305 3305 3339 3339 3339 3484 3484 3484 3308 3308 3308 3351 3351 3351 3485 3485 3485 3403 3403 3403 3449 3449 3449 3486 3486 3486 3330 3330 3330 3487 3487 3487 3352 3352 3352 3341 3341 3341 3353 3353 3353 3488 3488 3488 3320 3320 3320 3453 3453 3453 3473 3473 3473 3322 3322 3322 3333 3333 3333 3489 3489 3489 3314 3314 3314 3474 3474 3474 3490 3490 3490 3456 3456 3456 3490 3490 3490 3458 3458 3458 3456 3456 3456 3477 3477 3477 1215 1215 1215 1203 1203 1203 3483 3483 3483 3426 3426 3426 3374 3374 3374 3482 3482 3482 3491 3491 3491 3370 3370 3370 3492 3492 3492 3460 3460 3460 3428 3428 3428 3493 3493 3493 3339 3339 3339 3306 3306 3306 3484 3484 3484 3433 3433 3433 3308 3308 3308 3433 3433 3433 3494 3494 3494 3297 3297 3297 3468 3468 3468 3495 3495 3495 3351 3351 3351 3485 3485 3485 3469 3469 3469 3403 3403 3403 3451 3451 3451 3487 3487 3487 3341 3341 3341 3496 3496 3496 3470 3470 3470 3352 3352 3352 3488 3488 3488 3497 3497 3497 3321 3321 3321 3488 3488 3488 3321 3321 3321 3320 3320 3320 3321 3321 3321 3497 3497 3497 3379 3379 3379 3497 3497 3497 3472 3472 3472 3379 3379 3379 1230 1230 1230 3498 3498 3498 3455 3455 3455 3498 3498 3498 3475 3475 3475 3455 3455 3455 3490 3490 3490 3499 3499 3499 3458 3458 3458 3499 3499 3499 1199 1199 1199 3458 3458 3458 3478 3478 3478 3444 3444 3444 3302 3302 3302 3500 3500 3500 3371 3371 3371 3370 3370 3370 3371 3371 3371 3501 3501 3501 3428 3428 3428 3501 3501 3501 3492 3492 3492 3428 3428 3428 3465 3465 3465 3502 3502 3502 3448 3448 3448 3502 3502 3502 3466 3466 3466 3448 3448 3448 3494 3494 3494 3309 3309 3309 3297 3297 3297 3495 3495 3495 3485 3485 3485 3351 3351 3351 3485 3485 3485 3503 3503 3503 3469 3469 3469 3504 3504 3504 3487 3487 3487 3451 3451 3451 3487 3487 3487 3496 3496 3496 3352 3352 3352 3496 3496 3496 3471 3471 3471 3470 3470 3470 3471 3471 3471 3488 3488 3488 3353 3353 3353 3380 3380 3380 3505 3505 3505 3436 3436 3436 3436 3436 3436 3506 3506 3506 3452 3452 3452 3454 3454 3454 3507 3507 3507 3333 3333 3333 3507 3507 3507 3489 3489 3489 3333 3333 3333 1232 1232 1232 3498 3498 3498 1230 1230 1230 3368 3368 3368 3508 3508 3508 3478 3478 3478 3444 3444 3444 3479 3479 3479 3427 3427 3427 3509 3509 3509 3482 3482 3482 3459 3459 3459 3430 3430 3430 3510 3510 3510 3431 3431 3431 3511 3511 3511 3512 3512 3512 3464 3464 3464 3511 3511 3511 3464 3464 3464 3463 3463 3463 3512 3512 3512 3465 3465 3465 3464 3464 3464 3512 3512 3512 3502 3502 3502 3465 3465 3465 3513 3513 3513 3514 3514 3514 3339 3339 3339 3514 3514 3514 3484 3484 3484 3339 3339 3339 3515 3515 3515 3494 3494 3494 3433 3433 3433 3494 3494 3494 3516 3516 3516 3309 3309 3309 3516 3516 3516 3468 3468 3468 3309 3309 3309 3517 3517 3517 3518 3518 3518 3340 3340 3340 3517 3517 3517 3340 3340 3340 3317 3317 3317 3505 3505 3505 3519 3519 3519 3436 3436 3436 3519 3519 3519 3506 3506 3506 3436 3436 3436 3498 3498 3498 3520 3520 3520 3475 3475 3475 3521 3521 3521 3522 3522 3522 3476 3476 3476 3476 3476 3476 3522 3522 3522 3457 3457 3457 3522 3522 3522 1239 1239 1239 1231 1231 1231 3522 3522 3522 1231 1231 1231 3457 3457 3457 3523 3523 3523 3490 3490 3490 3474 3474 3474 3499 3499 3499 1242 1242 1242 1199 1199 1199 3524 3524 3524 1215 1215 1215 3477 3477 3477 1324 1324 1324 3426 3426 3426 3483 3483 3483 3426 3426 3426 3525 3525 3525 3368 3368 3368 3525 3525 3525 3508 3508 3508 3368 3368 3368 3491 3491 3491 3500 3500 3500 3370 3370 3370 3500 3500 3500 3526 3526 3526 3371 3371 3371 3526 3526 3526 3501 3501 3501 3371 3371 3371 3492 3492 3492 3527 3527 3527 3460 3460 3460 3527 3527 3527 3461 3461 3461 3460 3460 3460 3467 3467 3467 3528 3528 3528 3306 3306 3306 3528 3528 3528 3493 3493 3493 3306 3306 3306 3484 3484 3484 3515 3515 3515 3433 3433 3433 3515 3515 3515 3516 3516 3516 3494 3494 3494 3495 3495 3495 3529 3529 3529 3485 3485 3485 3529 3529 3529 3530 3530 3530 3485 3485 3485 3531 3531 3531 3486 3486 3486 3449 3449 3449 3518 3518 3518 3434 3434 3434 3340 3340 3340 1174 1174 1174 1406 1406 1406 3451 3451 3451 1406 1406 1406 3504 3504 3504 3451 3451 3451 3532 3532 3532 3496 3496 3496 3487 3487 3487 3533 3533 3533 3534 3534 3534 3471 3471 3471 3534 3534 3534 3488 3488 3488 3471 3471 3471 3473 3473 3473 1174 1174 1174 1173 1173 1173 3490 3490 3490 3535 3535 3535 3499 3499 3499 3535 3535 3535 1242 1242 1242 3499 3499 3499 3524 3524 3524 1259 1259 1259 1215 1215 1215 3536 3536 3536 1166 1166 1166 1165 1165 1165 1324 1324 1324 3525 3525 3525 3426 3426 3426 3537 3537 3537 3478 3478 3478 3508 3508 3508 3537 3537 3537 3444 3444 3444 3478 3478 3478 3538 3538 3538 3479 3479 3479 3444 3444 3444 1166 1166 1166 3509 3509 3509 3459 3459 3459 3510 3510 3510 3539 3539 3539 3431 3431 3431 1261 1261 1261 1189 1189 1189 1208 1208 1208 3540 3540 3540 3541 3541 3541 3304 3304 3304 3304 3304 3304 3541 3541 3541 3261 3261 3261 3541 3541 3541 3432 3432 3432 3261 3261 3261 3339 3339 3339 3493 3493 3493 3513 3513 3513 3514 3514 3514 3542 3542 3542 3484 3484 3484 3542 3542 3542 3515 3515 3515 3484 3484 3484 3530 3530 3530 3543 3543 3543 3485 3485 3485 3544 3544 3544 3471 3471 3471 3496 3496 3496 3545 3545 3545 3546 3546 3546 3454 3454 3454 3546 3546 3546 3507 3507 3507 3454 3454 3454 3547 3547 3547 3536 3536 3536 1165 1165 1165 3537 3537 3537 3538 3538 3538 3444 3444 3444 3538 3538 3538 3548 3548 3548 3479 3479 3479 3509 3509 3509 3549 3549 3549 3482 3482 3482 3461 3461 3461 3550 3550 3550 3462 3462 3462 3550 3550 3550 3483 3483 3483 3462 3462 3462 3551 3551 3551 3512 3512 3512 3511 3511 3511 1261 1261 1261 1268 1268 1268 1189 1189 1189 3432 3432 3432 3528 3528 3528 3467 3467 3467 3552 3552 3552 3330 3330 3330 3486 3486 3486 3552 3552 3552 3553 3553 3553 3330 3330 3330 3330 3330 3330 3553 3553 3553 3317 3317 3317 3504 3504 3504 3532 3532 3532 3487 3487 3487 3532 3532 3532 3544 3544 3544 3496 3496 3496 3544 3544 3544 3533 3533 3533 3471 3471 3471 3534 3534 3534 3554 3554 3554 3488 3488 3488 3554 3554 3554 3497 3497 3497 3488 3488 3488 3555 3555 3555 3473 3473 3473 3453 3453 3453 3546 3546 3546 3556 3556 3556 3507 3507 3507 3523 3523 3523 3557 3557 3557 3490 3490 3490 3557 3557 3557 3535 3535 3535 3490 3490 3490 3536 3536 3536 3509 3509 3509 1166 1166 1166 3558 3558 3558 3559 3559 3559 3508 3508 3508 3558 3558 3558 3508 3508 3508 3525 3525 3525 3560 3560 3560 3548 3548 3548 3538 3538 3538 3527 3527 3527 3561 3561 3561 3461 3461 3461 3550 3550 3550 1325 1325 1325 3483 3483 3483 3562 3562 3562 3502 3502 3502 3512 3512 3512 3541 3541 3541 3563 3563 3563 3432 3432 3432 3543 3543 3543 3503 3503 3503 3485 3485 3485 3564 3564 3564 3469 3469 3469 3503 3503 3503 3553 3553 3553 3517 3517 3517 3317 3317 3317 3378 3378 3378 3565 3565 3565 3450 3450 3450 3554 3554 3554 3566 3566 3566 3497 3497 3497 3556 3556 3556 3489 3489 3489 3507 3507 3507 3498 3498 3498 3567 3567 3567 3520 3520 3520 3568 3568 3568 3522 3522 3522 3521 3521 3521 3569 3569 3569 3557 3557 3557 3523 3523 3523 3549 3549 3549 3491 3491 3491 3482 3482 3482 3570 3570 3570 3527 3527 3527 3492 3492 3492 3561 3561 3561 3550 3550 3550 3461 3461 3461 1325 1325 1325 1324 1324 1324 3483 3483 3483 3551 3551 3551 3562 3562 3562 3512 3512 3512 3562 3562 3562 3571 3571 3571 3502 3502 3502 3571 3571 3571 3466 3466 3466 3502 3502 3502 3435 3435 3435 3572 3572 3572 3378 3378 3378 3572 3572 3572 3565 3565 3565 3378 3378 3378 1406 1406 1406 3573 3573 3573 3504 3504 3504 3573 3573 3573 3532 3532 3532 3504 3504 3504 3574 3574 3574 3472 3472 3472 3497 3497 3497 3555 3555 3555 3575 3575 3575 3473 3473 3473 3473 3473 3473 1406 1406 1406 1174 1174 1174 1232 1232 1232 3576 3576 3576 3498 3498 3498 3576 3576 3576 3567 3567 3567 3498 3498 3498 3568 3568 3568 3577 3577 3577 3522 3522 3522 3577 3577 3577 1239 1239 1239 3522 3522 3522 3557 3557 3557 3578 3578 3578 3535 3535 3535 3578 3578 3578 1303 1303 1303 3535 3535 3535 3535 3535 3535 1303 1303 1303 1242 1242 1242 3579 3579 3579 1259 1259 1259 3524 3524 3524 1324 1324 1324 3558 3558 3558 3525 3525 3525 3580 3580 3580 3538 3538 3538 3537 3537 3537 3570 3570 3570 3561 3561 3561 3527 3527 3527 3571 3571 3571 3581 3581 3581 3466 3466 3466 3486 3486 3486 3582 3582 3582 3552 3552 3552 3583 3583 3583 3573 3573 3573 1406 1406 1406 3575 3575 3575 3584 3584 3584 3473 3473 3473 3584 3584 3584 1406 1406 1406 3473 3473 3473 3585 3585 3585 3509 3509 3509 3536 3536 3536 3559 3559 3559 3537 3537 3537 3508 3508 3508 3586 3586 3586 3549 3549 3549 3509 3509 3509 3587 3587 3587 3491 3491 3491 3549 3549 3549 1262 1262 1262 1250 1250 1250 1338 1338 1338 3516 3516 3516 3588 3588 3588 3468 3468 3468 3468 3468 3468 3588 3588 3588 3495 3495 3495 3564 3564 3564 3449 3449 3449 3469 3469 3469 3572 3572 3572 3589 3589 3589 3565 3565 3565 3566 3566 3566 3574 3574 3574 3497 3497 3497 3574 3574 3574 3590 3590 3590 3472 3472 3472 3577 3577 3577 1322 1322 1322 1239 1239 1239 1326 1326 1326 3591 3591 3591 1324 1324 1324 3591 3591 3591 3558 3558 3558 1324 1324 1324 3586 3586 3586 3587 3587 3587 3549 3549 3549 3587 3587 3587 3500 3500 3500 3491 3491 3491 3501 3501 3501 3592 3592 3592 3492 3492 3492 3592 3592 3592 3570 3570 3570 3492 3492 3492 3493 3493 3493 3593 3593 3593 3513 3513 3513 3513 3513 3513 3593 3593 3593 3514 3514 3514 3594 3594 3594 3543 3543 3543 3530 3530 3530 3564 3564 3564 3531 3531 3531 3449 3449 3449 3472 3472 3472 3590 3590 3590 3380 3380 3380 3590 3590 3590 3505 3505 3505 3380 3380 3380 3505 3505 3505 3595 3595 3595 3519 3519 3519 3595 3595 3595 3506 3506 3506 3519 3519 3519 3596 3596 3596 3575 3575 3575 3555 3555 3555 3546 3546 3546 3597 3597 3597 3556 3556 3556 3598 3598 3598 3599 3599 3599 3569 3569 3569 3599 3599 3599 3600 3600 3600 3569 3569 3569 3569 3569 3569 3600 3600 3600 3557 3557 3557 3600 3600 3600 3578 3578 3578 3557 3557 3557 3585 3585 3585 3601 3601 3601 3509 3509 3509 3548 3548 3548 3480 3480 3480 3479 3479 3479 1340 1340 1340 1356 1356 1356 1262 1262 1262 1340 1340 1340 1262 1262 1262 1338 1338 1338 3602 3602 3602 3541 3541 3541 3540 3540 3540 3603 3603 3603 3581 3581 3581 3571 3571 3571 3432 3432 3432 3604 3604 3604 3528 3528 3528 3604 3604 3604 3605 3605 3605 3528 3528 3528 3542 3542 3542 3606 3606 3606 3515 3515 3515 3606 3606 3606 3516 3516 3516 3515 3515 3515 3606 3606 3606 3588 3588 3588 3516 3516 3516 3529 3529 3529 3594 3594 3594 3530 3530 3530 3434 3434 3434 3607 3607 3607 3435 3435 3435 3607 3607 3607 3572 3572 3572 3435 3435 3435 3590 3590 3590 3608 3608 3608 3505 3505 3505 3608 3608 3608 3595 3595 3595 3505 3505 3505 3600 3600 3600 3609 3609 3609 3578 3578 3578 3609 3609 3609 1303 1303 1303 3578 3578 3578 3610 3610 3610 3580 3580 3580 3537 3537 3537 3580 3580 3580 3560 3560 3560 3538 3538 3538 3526 3526 3526 3611 3611 3611 3501 3501 3501 3611 3611 3611 3592 3592 3592 3501 3501 3501 1275 1275 1275 3612 3612 3612 1276 1276 1276 1366 1366 1366 3613 3613 3613 3562 3562 3562 1366 1366 1366 3562 3562 3562 3551 3551 3551 3613 3613 3613 3614 3614 3614 3571 3571 3571 3613 3613 3613 3571 3571 3571 3562 3562 3562 3614 3614 3614 3603 3603 3603 3571 3571 3571 3602 3602 3602 3615 3615 3615 3541 3541 3541 3615 3615 3615 3563 3563 3563 3541 3541 3541 3605 3605 3605 3493 3493 3493 3528 3528 3528 3514 3514 3514 3616 3616 3616 3542 3542 3542 3503 3503 3503 3617 3617 3617 3564 3564 3564 3531 3531 3531 3582 3582 3582 3486 3486 3486 3532 3532 3532 3618 3618 3618 3544 3544 3544 3618 3618 3618 3533 3533 3533 3544 3544 3544 3533 3533 3533 3554 3554 3554 3534 3534 3534 3619 3619 3619 3566 3566 3566 3554 3554 3554 3609 3609 3609 1350 1350 1350 1303 1303 1303 3620 3620 3620 1352 1352 1352 3579 3579 3579 3579 3579 3579 1352 1352 1352 1259 1259 1259 3559 3559 3559 3610 3610 3610 3537 3537 3537 3570 3570 3570 3621 3621 3621 3561 3561 3561 3561 3561 3561 3622 3622 3622 3550 3550 3550 3622 3622 3622 1325 1325 1325 3550 3550 3550 3430 3430 3430 3623 3623 3623 3510 3510 3510 3623 3623 3623 3539 3539 3539 3510 3510 3510 1354 1354 1354 3612 3612 3612 1275 1275 1275 3563 3563 3563 3604 3604 3604 3432 3432 3432 3605 3605 3605 3624 3624 3624 3493 3493 3493 3624 3624 3624 3593 3593 3593 3493 3493 3493 3588 3588 3588 3625 3625 3625 3495 3495 3495 3625 3625 3625 3529 3529 3529 3495 3495 3495 3594 3594 3594 3626 3626 3626 3543 3543 3543 3626 3626 3626 3503 3503 3503 3543 3543 3543 3582 3582 3582 3627 3627 3627 3552 3552 3552 3627 3627 3627 3553 3553 3553 3552 3552 3552 3572 3572 3572 3628 3628 3628 3589 3589 3589 1406 1406 1406 3629 3629 3629 3583 3583 3583 3583 3583 3583 3629 3629 3629 3573 3573 3573 3597 3597 3597 3489 3489 3489 3556 3556 3556 3547 3547 3547 3630 3630 3630 3536 3536 3536 3630 3630 3630 3585 3585 3585 3536 3536 3536 3631 3631 3631 3559 3559 3559 3558 3558 3558 3548 3548 3548 3632 3632 3632 3480 3480 3480 3633 3633 3633 3430 3430 3430 3481 3481 3481 1354 1354 1354 3634 3634 3634 3612 3612 3612 1365 1365 1365 3613 3613 3613 1366 1366 1366 1369 1369 1369 1364 1364 1364 1268 1268 1268 1369 1369 1369 1268 1268 1268 1261 1261 1261 3635 3635 3635 3624 3624 3624 3605 3605 3605 3593 3593 3593 3616 3616 3616 3514 3514 3514 3625 3625 3625 3636 3636 3636 3529 3529 3529 3564 3564 3564 3637 3637 3637 3531 3531 3531 3637 3637 3637 3582 3582 3582 3531 3531 3531 3629 3629 3629 3638 3638 3638 3573 3573 3573 3573 3573 3573 3638 3638 3638 3532 3532 3532 3638 3638 3638 3639 3639 3639 3532 3532 3532 3639 3639 3639 3618 3618 3618 3532 3532 3532 3618 3618 3618 3640 3640 3640 3533 3533 3533 3641 3641 3641 3590 3590 3590 3574 3574 3574 3642 3642 3642 3643 3643 3643 3577 3577 3577 3642 3642 3642 3577 3577 3577 3568 3568 3568 3643 3643 3643 1322 1322 1322 3577 3577 3577 3644 3644 3644 3591 3591 3591 1326 1326 1326 3645 3645 3645 3631 3631 3631 3558 3558 3558 3633 3633 3633 3623 3623 3623 3430 3430 3430 3601 3601 3601 3586 3586 3586 3509 3509 3509 3646 3646 3646 3500 3500 3500 3587 3587 3587 3647 3647 3647 1365 1365 1365 1367 1367 1367 1376 1376 1376 3634 3634 3634 1354 1354 1354 3648 3648 3648 3606 3606 3606 3542 3542 3542 3606 3606 3606 3649 3649 3649 3588 3588 3588 3529 3529 3529 3636 3636 3636 3594 3594 3594 3626 3626 3626 3617 3617 3617 3503 3503 3503 3637 3637 3637 3650 3650 3650 3582 3582 3582 3517 3517 3517 3651 3651 3651 3518 3518 3518 3533 3533 3533 3619 3619 3619 3554 3554 3554 3641 3641 3641 3652 3652 3652 3590 3590 3590 3608 3608 3608 3653 3653 3653 3595 3595 3595 3653 3653 3653 3654 3654 3654 3595 3595 3595 3595 3595 3595 3654 3654 3654 3506 3506 3506 3655 3655 3655 3546 3546 3546 3545 3545 3545 3656 3656 3656 3657 3657 3657 3596 3596 3596 3657 3657 3657 3658 3658 3658 3575 3575 3575 3657 3657 3657 3575 3575 3575 3596 3596 3596 3658 3658 3658 3584 3584 3584 3575 3575 3575 1385 1385 1385 3576 3576 3576 1232 1232 1232 3591 3591 3591 3645 3645 3645 3558 3558 3558 3580 3580 3580 3659 3659 3659 3560 3560 3560 3659 3659 3659 3548 3548 3548 3560 3560 3560 3646 3646 3646 3660 3660 3660 3500 3500 3500 3660 3660 3660 3526 3526 3526 3500 3500 3500 3616 3616 3616 3648 3648 3648 3542 3542 3542 3636 3636 3636 3661 3661 3661 3594 3594 3594 3661 3661 3661 3626 3626 3626 3594 3594 3594 3553 3553 3553 3651 3651 3651 3517 3517 3517 3518 3518 3518 3662 3662 3662 3434 3434 3434 3662 3662 3662 3607 3607 3607 3434 3434 3434 1405 1405 1405 3638 3638 3638 3629 3629 3629 3639 3639 3639 3640 3640 3640 3618 3618 3618 3619 3619 3619 3663 3663 3663 3566 3566 3566 3663 3663 3663 3574 3574 3574 3566 3566 3566 1385 1385 1385 3664 3664 3664 3576 3576 3576 3665 3665 3665 3599 3599 3599 3598 3598 3598 3631 3631 3631 3610 3610 3610 3559 3559 3559 3666 3666 3666 3580 3580 3580 3610 3610 3610 3586 3586 3586 3646 3646 3646 3587 3587 3587 3660 3660 3660 3611 3611 3611 3526 3526 3526 3621 3621 3621 3667 3667 3667 3561 3561 3561 3667 3667 3667 3622 3622 3622 3561 3561 3561 3668 3668 3668 3614 3614 3614 3613 3613 3613 3668 3668 3668 3603 3603 3603 3614 3614 3614 1469 1469 1469 3581 3581 3581 3603 3603 3603 3651 3651 3651 3662 3662 3662 3518 3518 3518 1405 1405 1405 3629 3629 3629 1406 1406 1406 3669 3669 3669 3619 3619 3619 3533 3533 3533 3652 3652 3652 3608 3608 3608 3590 3590 3590 3655 3655 3655 3670 3670 3670 3546 3546 3546 3584 3584 3584 1407 1407 1407 1406 1406 1406 3670 3670 3670 3597 3597 3597 3546 3546 3546 3597 3597 3597 3671 3671 3671 3489 3489 3489 3665 3665 3665 3672 3672 3672 3599 3599 3599 3643 3643 3643 1399 1399 1399 1322 1322 1322 3672 3672 3672 3673 3673 3673 3600 3600 3600 3672 3672 3672 3600 3600 3600 3599 3599 3599 3673 3673 3673 3674 3674 3674 3609 3609 3609 3673 3673 3673 3609 3609 3609 3600 3600 3600 3674 3674 3674 1350 1350 1350 3609 3609 3609 3620 3620 3620 1400 1400 1400 1352 1352 1352 3666 3666 3666 3659 3659 3659 3580 3580 3580 3592 3592 3592 3621 3621 3621 3570 3570 3570 1325 1325 1325 3644 3644 3644 1326 1326 1326 3647 3647 3647 3675 3675 3675 1365 1365 1365 1365 1365 1365 3668 3668 3668 3613 3613 3613 3668 3668 3668 1469 1469 1469 3603 3603 3603 3674 3674 3674 1410 1410 1410 1350 1350 1350 3676 3676 3676 3646 3646 3646 3586 3586 3586 3622 3622 3622 3644 3644 3644 1325 1325 1325 3675 3675 3675 3677 3677 3677 1365 1365 1365 1414 1414 1414 1364 1364 1364 1369 1369 1369 3677 3677 3677 3668 3668 3668 1365 1365 1365 1470 1470 1470 1469 1469 1469 3668 3668 3668 3678 3678 3678 3661 3661 3661 3636 3636 3636 3679 3679 3679 3680 3680 3680 3626 3626 3626 3679 3679 3679 3626 3626 3626 3661 3661 3661 3650 3650 3650 3627 3627 3627 3582 3582 3582 3681 3681 3681 3639 3639 3639 3638 3638 3638 3663 3663 3663 3682 3682 3682 3574 3574 3574 3574 3574 3574 3682 3682 3682 3641 3641 3641 3642 3642 3642 3683 3683 3683 3643 3643 3643 3683 3683 3683 1399 1399 1399 3643 3643 3643 3684 3684 3684 1400 1400 1400 3620 3620 3620 3630 3630 3630 3601 3601 3601 3585 3585 3585 3601 3601 3601 3676 3676 3676 3586 3586 3586 3646 3646 3646 1481 1481 1481 3660 3660 3660 3660 3660 3660 1480 1480 1480 3611 3611 3611 3623 3623 3623 3685 3685 3685 3539 3539 3539 3677 3677 3677 1470 1470 1470 3668 3668 3668 3686 3686 3686 3615 3615 3615 3602 3602 3602 3687 3687 3687 1441 1441 1441 1311 1311 1311 3563 3563 3563 3688 3688 3688 3604 3604 3604 3688 3688 3688 3689 3689 3689 3604 3604 3604 3689 3689 3689 3605 3605 3605 3604 3604 3604 3689 3689 3689 3635 3635 3635 3605 3605 3605 3593 3593 3593 3690 3690 3690 3616 3616 3616 3678 3678 3678 3679 3679 3679 3661 3661 3661 3673 3673 3673 3691 3691 3691 3674 3674 3674 3691 3691 3691 1410 1410 1410 3674 3674 3674 3667 3667 3667 3692 3692 3692 3622 3622 3622 3692 3692 3692 3693 3693 3693 3622 3622 3622 3693 3693 3693 3644 3644 3644 3622 3622 3622 3690 3690 3690 3648 3648 3648 3616 3616 3616 3564 3564 3564 3617 3617 3617 3637 3637 3637 3617 3617 3617 3650 3650 3650 3637 3637 3637 3640 3640 3640 3669 3669 3669 3533 3533 3533 3694 3694 3694 3619 3619 3619 3669 3669 3669 3695 3695 3695 3671 3671 3671 3597 3597 3597 3696 3696 3696 1400 1400 1400 3684 3684 3684 3611 3611 3611 3697 3697 3697 3592 3592 3592 3697 3697 3697 3698 3698 3698 3592 3592 3592 3592 3592 3592 3698 3698 3698 3621 3621 3621 3699 3699 3699 3646 3646 3646 3676 3676 3676 1481 1481 1481 1480 1480 1480 3660 3660 3660 3698 3698 3698 3667 3667 3667 3621 3621 3621 3698 3698 3698 3692 3692 3692 3667 3667 3667 3700 3700 3700 3593 3593 3593 3624 3624 3624 3700 3700 3700 3690 3690 3690 3593 3593 3593 3649 3649 3649 3606 3606 3606 3648 3648 3648 3553 3553 3553 3701 3701 3701 3651 3651 3651 3662 3662 3662 3702 3702 3702 3607 3607 3607 3702 3702 3702 3703 3703 3703 3607 3607 3607 3607 3607 3607 3703 3703 3703 3572 3572 3572 3703 3703 3703 3628 3628 3628 3572 3572 3572 3694 3694 3694 3663 3663 3663 3619 3619 3619 3682 3682 3682 3704 3704 3704 3641 3641 3641 1385 1385 1385 3705 3705 3705 3664 3664 3664 3706 3706 3706 3672 3672 3672 3665 3665 3665 3707 3707 3707 3683 3683 3683 3642 3642 3642 3691 3691 3691 1458 1458 1458 1410 1410 1410 3696 3696 3696 1462 1462 1462 1400 1400 1400 1480 1480 1480 3697 3697 3697 3611 3611 3611 3708 3708 3708 3591 3591 3591 3644 3644 3644 3708 3708 3708 3645 3645 3645 3591 3591 3591 3659 3659 3659 3709 3709 3709 3548 3548 3548 3709 3709 3709 3710 3710 3710 3548 3548 3548 3548 3548 3548 3710 3710 3710 3632 3632 3632 3711 3711 3711 3623 3623 3623 3633 3633 3633 3699 3699 3699 1481 1481 1481 3646 3646 3646 1414 1414 1414 1465 1465 1465 1364 1364 1364 3675 3675 3675 3712 3712 3712 3677 3677 3677 3712 3712 3712 1470 1470 1470 3677 3677 3677 3713 3713 3713 1441 1441 1441 3687 3687 3687 3588 3588 3588 3714 3714 3714 3625 3625 3625 3680 3680 3680 3617 3617 3617 3626 3626 3626 1405 1405 1405 3715 3715 3715 3638 3638 3638 3716 3716 3716 3640 3640 3640 3639 3639 3639 3658 3658 3658 3717 3717 3717 3584 3584 3584 3717 3717 3717 1407 1407 1407 3584 3584 3584 3670 3670 3670 3695 3695 3695 3597 3597 3597 1477 1477 1477 3705 3705 3705 1385 1385 1385 3707 3707 3707 3718 3718 3718 3683 3683 3683 3718 3718 3718 1477 1477 1477 3683 3683 3683 3683 3683 3683 1477 1477 1477 1399 1399 1399 3706 3706 3706 3719 3719 3719 3673 3673 3673 3706 3706 3706 3673 3673 3673 3672 3672 3672 3719 3719 3719 3691 3691 3691 3673 3673 3673 3720 3720 3720 3630 3630 3630 3547 3547 3547 3721 3721 3721 3699 3699 3699 3676 3676 3676 3722 3722 3722 3692 3692 3692 3698 3698 3698 3722 3722 3722 3693 3693 3693 3692 3692 3692 3723 3723 3723 3675 3675 3675 3647 3647 3647 3690 3690 3690 3649 3649 3649 3648 3648 3648 3649 3649 3649 3714 3714 3714 3588 3588 3588 3678 3678 3678 3636 3636 3636 3625 3625 3625 3724 3724 3724 3650 3650 3650 3617 3617 3617 3725 3725 3725 3553 3553 3553 3627 3627 3627 3704 3704 3704 3652 3652 3652 3641 3641 3641 3652 3652 3652 3726 3726 3726 3608 3608 3608 3726 3726 3726 3653 3653 3653 3608 3608 3608 3656 3656 3656 3658 3658 3658 3657 3657 3657 3719 3719 3719 3727 3727 3727 3691 3691 3691 3727 3727 3727 1489 1489 1489 3691 3691 3691 3691 3691 3691 1489 1489 1489 1458 1458 1458 3728 3728 3728 1493 1493 1493 1462 1462 1462 3728 3728 3728 1462 1462 1462 3696 3696 3696 3693 3693 3693 3708 3708 3708 3644 3644 3644 3729 3729 3729 3659 3659 3659 3666 3666 3666 3699 3699 3699 1479 1479 1479 1481 1481 1481 3712 3712 3712 3730 3730 3730 1470 1470 1470 3730 3730 3730 1471 1471 1471 1470 1470 1470 3731 3731 3731 3714 3714 3714 3649 3649 3649 3678 3678 3678 3732 3732 3732 3679 3679 3679 3680 3680 3680 3724 3724 3724 3617 3617 3617 3724 3724 3724 3733 3733 3733 3650 3650 3650 3701 3701 3701 3662 3662 3662 3651 3651 3651 1551 1551 1551 1405 1405 1405 1407 1407 1407 3734 3734 3734 3682 3682 3682 3663 3663 3663 3726 3726 3726 3735 3735 3735 3653 3653 3653 3735 3735 3735 3736 3736 3736 3654 3654 3654 3735 3735 3735 3654 3654 3654 3653 3653 3653 3737 3737 3737 3670 3670 3670 3655 3655 3655 1500 1500 1500 3738 3738 3738 1477 1477 1477 1477 1477 1477 3738 3738 3738 3705 3705 3705 3739 3739 3739 3740 3740 3740 3706 3706 3706 3741 3741 3741 3718 3718 3718 3707 3707 3707 3718 3718 3718 1501 1501 1501 1477 1477 1477 3740 3740 3740 3719 3719 3719 3706 3706 3706 3630 3630 3630 3676 3676 3676 3601 3601 3601 3708 3708 3708 3742 3742 3742 3645 3645 3645 3742 3742 3742 3631 3631 3631 3645 3645 3645 3743 3743 3743 3666 3666 3666 3610 3610 3610 3721 3721 3721 3744 3744 3744 3699 3699 3699 3744 3744 3744 1479 1479 1479 3699 3699 3699 3722 3722 3722 3745 3745 3745 3693 3693 3693 3623 3623 3623 3746 3746 3746 3685 3685 3685 3723 3723 3723 3747 3747 3747 3675 3675 3675 3747 3747 3747 3712 3712 3712 3675 3675 3675 3615 3615 3615 3688 3688 3688 3563 3563 3563 3688 3688 3688 3748 3748 3748 3689 3689 3689 3635 3635 3635 3700 3700 3700 3624 3624 3624 3749 3749 3749 3649 3649 3649 3690 3690 3690 3749 3749 3749 3750 3750 3750 3649 3649 3649 3750 3750 3750 3731 3731 3731 3649 3649 3649 3714 3714 3714 3732 3732 3732 3625 3625 3625 1551 1551 1551 3715 3715 3715 1405 1405 1405 3715 3715 3715 3681 3681 3681 3638 3638 3638 3716 3716 3716 3669 3669 3669 3640 3640 3640 3716 3716 3716 3694 3694 3694 3669 3669 3669 3734 3734 3734 3751 3751 3751 3682 3682 3682 3751 3751 3751 3752 3752 3752 3682 3682 3682 3752 3752 3752 3704 3704 3704 3682 3682 3682 3704 3704 3704 3726 3726 3726 3652 3652 3652 3753 3753 3753 3717 3717 3717 3658 3658 3658 3753 3753 3753 3658 3658 3658 3656 3656 3656 3754 3754 3754 3671 3671 3671 3695 3695 3695 3741 3741 3741 3755 3755 3755 3718 3718 3718 3755 3755 3755 1501 1501 1501 3718 3718 3718 3740 3740 3740 3756 3756 3756 3719 3719 3719 3756 3756 3756 3727 3727 3727 3719 3719 3719 3728 3728 3728 1516 1516 1516 1493 1493 1493 3697 3697 3697 3722 3722 3722 3698 3698 3698 3729 3729 3729 3709 3709 3709 3659 3659 3659 3757 3757 3757 3693 3693 3693 3745 3745 3745 3758 3758 3758 3730 3730 3730 3712 3712 3712 3625 3625 3625 3732 3732 3732 3678 3678 3678 3732 3732 3732 3759 3759 3759 3679 3679 3679 3759 3759 3759 3680 3680 3680 3679 3679 3679 3760 3760 3760 3627 3627 3627 3650 3650 3650 3681 3681 3681 3716 3716 3716 3639 3639 3639 3694 3694 3694 3734 3734 3734 3663 3663 3663 3737 3737 3737 3695 3695 3695 3670 3670 3670 1533 1533 1533 3761 3761 3761 1500 1500 1500 1500 1500 1500 3761 3761 3761 3738 3738 3738 1527 1527 1527 1534 1534 1534 3739 3739 3739 3739 3739 3739 1534 1534 1534 3740 3740 3740 1532 1532 1532 1531 1531 1531 3741 3741 3741 3741 3741 3741 1531 1531 1531 3755 3755 3755 1531 1531 1531 1501 1501 1501 3755 3755 3755 1534 1534 1534 1535 1535 1535 3756 3756 3756 1534 1534 1534 3756 3756 3756 3740 3740 3740 1535 1535 1535 3762 3762 3762 3756 3756 3756 3756 3756 3756 3762 3762 3762 3727 3727 3727 3762 3762 3762 1538 1538 1538 3727 3727 3727 3727 3727 3727 1538 1538 1538 1489 1489 1489 3763 3763 3763 1545 1545 1545 3728 3728 3728 3728 3728 3728 1545 1545 1545 1516 1516 1516 3764 3764 3764 3676 3676 3676 3630 3630 3630 3764 3764 3764 3721 3721 3721 3676 3676 3676 3765 3765 3765 3697 3697 3697 1480 1480 1480 3697 3697 3697 3766 3766 3766 3722 3722 3722 3766 3766 3766 3745 3745 3745 3722 3722 3722 3743 3743 3743 3610 3610 3610 3631 3631 3631 3743 3743 3743 3767 3767 3767 3666 3666 3666 3767 3767 3767 3729 3729 3729 3666 3666 3666 3768 3768 3768 3757 3757 3757 3745 3745 3745 3757 3757 3757 3769 3769 3769 3693 3693 3693 3747 3747 3747 3758 3758 3758 3712 3712 3712 3689 3689 3689 3700 3700 3700 3635 3635 3635 3770 3770 3770 3749 3749 3749 3690 3690 3690 3733 3733 3733 3760 3760 3760 3650 3650 3650 3553 3553 3553 3771 3771 3771 3701 3701 3701 3662 3662 3662 3772 3772 3772 3702 3702 3702 3772 3772 3772 3703 3703 3703 3702 3702 3702 3703 3703 3703 3773 3773 3773 3628 3628 3628 1552 1552 1552 3774 3774 3774 1551 1551 1551 3715 3715 3715 3775 3775 3775 3681 3681 3681 3775 3775 3775 3716 3716 3716 3681 3681 3681 3716 3716 3716 3776 3776 3776 3694 3694 3694 3776 3776 3776 3734 3734 3734 3694 3694 3694 3777 3777 3777 3778 3778 3778 1528 1528 1528 1528 1528 1528 3778 3778 3778 1529 1529 1529 1557 1557 1557 1556 1556 1556 1530 1530 1530 1556 1556 1556 1559 1559 1559 1530 1530 1530 1530 1530 1530 1559 1559 1559 1533 1533 1533 1559 1559 1559 1561 1561 1561 1533 1533 1533 1533 1533 1533 1561 1561 1561 3761 3761 3761 3778 3778 3778 3779 3779 3779 1529 1529 1529 1529 1529 1529 3779 3779 3779 1535 1535 1535 3779 3779 3779 3762 3762 3762 1535 1535 1535 3762 3762 3762 1568 1568 1568 1538 1538 1538 1568 1568 1568 1570 1570 1570 1539 1539 1539 3763 3763 3763 3780 3780 3780 1545 1545 1545 1573 1573 1573 1575 1575 1575 1585 1585 1585 3780 3780 3780 1546 1546 1546 1545 1545 1545 3764 3764 3764 3781 3781 3781 3721 3721 3721 1479 1479 1479 3765 3765 3765 1480 1480 1480 3782 3782 3782 3708 3708 3708 3693 3693 3693 3782 3782 3782 3783 3783 3783 3708 3708 3708 3742 3742 3742 3743 3743 3743 3631 3631 3631 3784 3784 3784 3709 3709 3709 3729 3729 3729 3766 3766 3766 3768 3768 3768 3745 3745 3745 3769 3769 3769 3785 3785 3785 3693 3693 3693 3785 3785 3785 3782 3782 3782 3693 3693 3693 3686 3686 3686 3786 3786 3786 3615 3615 3615 3713 3713 3713 1600 1600 1600 1441 1441 1441 3786 3786 3786 3688 3688 3688 3615 3615 3615 3759 3759 3759 3724 3724 3724 3680 3680 3680 3760 3760 3760 3725 3725 3725 3627 3627 3627 3787 3787 3787 3662 3662 3662 3701 3701 3701 3788 3788 3788 3704 3704 3704 3752 3752 3752 3717 3717 3717 1552 1552 1552 1407 1407 1407 3789 3789 3789 3754 3754 3754 3737 3737 3737 3737 3737 3737 3754 3754 3754 3695 3695 3695 1608 1608 1608 3790 3790 3790 1607 1607 1607 1558 1558 1558 3791 3791 3791 1560 1560 1560 3792 3792 3792 3793 3793 3793 3777 3777 3777 3777 3777 3777 3793 3793 3793 3778 3778 3778 3793 3793 3793 3794 3794 3794 3778 3778 3778 3778 3778 3778 3794 3794 3794 3779 3779 3779 3779 3779 3779 3794 3794 3794 3762 3762 3762 3794 3794 3794 3795 3795 3795 3762 3762 3762 3762 3762 3762 3795 3795 3795 1568 1568 1568 3795 3795 3795 3796 3796 3796 1569 1569 1569 3795 3795 3795 1569 1569 1569 1568 1568 1568 3796 3796 3796 1572 1572 1572 1569 1569 1569 3796 3796 3796 1623 1623 1623 1622 1622 1622 3796 3796 3796 1622 1622 1622 1572 1572 1572 1620 1620 1620 1626 1626 1626 1590 1590 1590 1620 1620 1620 1590 1590 1590 1586 1586 1586 3720 3720 3720 3797 3797 3797 3630 3630 3630 3798 3798 3798 3799 3799 3799 3766 3766 3766 3783 3783 3783 3742 3742 3742 3708 3708 3708 3766 3766 3766 3799 3799 3799 3768 3768 3768 3799 3799 3799 1635 1635 1635 3768 3768 3768 1635 1635 1635 1637 1637 1637 3768 3768 3768 3768 3768 3768 1637 1637 1637 3757 3757 3757 1637 1637 1637 1639 1639 1639 3757 3757 3757 1639 1639 1639 1641 1641 1641 3769 3769 3769 1639 1639 1639 3769 3769 3769 3757 3757 3757 1641 1641 1641 3800 3800 3800 3769 3769 3769 3800 3800 3800 3785 3785 3785 3769 3769 3769 1646 1646 1646 1645 1645 1645 1414 1414 1414 1414 1414 1414 1645 1645 1645 1465 1465 1465 3801 3801 3801 3786 3786 3786 3686 3686 3686 3689 3689 3689 3802 3802 3802 3700 3700 3700 3803 3803 3803 3770 3770 3770 3700 3700 3700 3770 3770 3770 3690 3690 3690 3700 3700 3700 3714 3714 3714 3804 3804 3804 3732 3732 3732 3725 3725 3725 3771 3771 3771 3553 3553 3553 3772 3772 3772 3805 3805 3805 3703 3703 3703 3805 3805 3805 3773 3773 3773 3703 3703 3703 3806 3806 3806 3726 3726 3726 3704 3704 3704 3735 3735 3735 3807 3807 3807 3736 3736 3736 3754 3754 3754 3808 3808 3808 3671 3671 3671 1680 1680 1680 3809 3809 3809 1558 1558 1558 1680 1680 1680 1558 1558 1558 1555 1555 1555 3809 3809 3809 3810 3810 3810 1558 1558 1558 1558 1558 1558 3810 3810 3810 3791 3791 3791 3811 3811 3811 3812 3812 3812 3793 3793 3793 3811 3811 3811 3793 3793 3793 3792 3792 3792 1653 1653 1653 3790 3790 3790 1608 1608 1608 3812 3812 3812 3813 3813 3813 3793 3793 3793 3793 3793 3793 3813 3813 3813 3794 3794 3794 3813 3813 3813 3814 3814 3814 3794 3794 3794 3794 3794 3794 3814 3814 3814 3795 3795 3795 3814 3814 3814 3815 3815 3815 3795 3795 3795 3795 3795 3795 3815 3815 3815 3796 3796 3796 3815 3815 3815 3816 3816 3816 3796 3796 3796 3816 3816 3816 3817 3817 3817 3796 3796 3796 3796 3796 3796 3817 3817 3817 1623 1623 1623 3817 3817 3817 3818 3818 3818 1624 1624 1624 3817 3817 3817 1624 1624 1624 1623 1623 1623 3818 3818 3818 3819 3819 3819 3820 3820 3820 3818 3818 3818 3820 3820 3820 1624 1624 1624 3819 3819 3819 3821 3821 3821 3820 3820 3820 3797 3797 3797 3764 3764 3764 3630 3630 3630 3781 3781 3781 3822 3822 3822 3721 3721 3721 3822 3822 3822 3744 3744 3744 3721 3721 3721 3697 3697 3697 3823 3823 3823 3766 3766 3766 3799 3799 3799 3824 3824 3824 1635 1635 1635 3824 3824 3824 3825 3825 3825 1635 1635 1635 1635 1635 1635 3825 3825 3825 1636 1636 1636 3819 3819 3819 3826 3826 3826 3821 3821 3821 3821 3821 3821 3826 3826 3826 3827 3827 3827 3828 3828 3828 3800 3800 3800 1641 1641 1641 3802 3802 3802 3803 3803 3803 3700 3700 3700 3774 3774 3774 3715 3715 3715 1551 1551 1551 3775 3775 3775 3829 3829 3829 3716 3716 3716 3830 3830 3830 3788 3788 3788 3752 3752 3752 1679 1679 1679 3809 3809 3809 1680 1680 1680 3831 3831 3831 3832 3832 3832 3833 3833 3833 1679 1679 1679 3810 3810 3810 3809 3809 3809 3833 3833 3833 3832 3832 3832 3834 3834 3834 3811 3811 3811 3835 3835 3835 3812 3812 3812 3832 3832 3832 3836 3836 3836 3834 3834 3834 3837 3837 3837 1681 1681 1681 1680 1680 1680 1682 1682 1682 3790 3790 3790 1653 1653 1653 3838 3838 3838 3839 3839 3839 3831 3831 3831 3831 3831 3831 3839 3839 3839 3832 3832 3832 3839 3839 3839 3840 3840 3840 3832 3832 3832 3835 3835 3835 3813 3813 3813 3812 3812 3812 3840 3840 3840 3836 3836 3836 3832 3832 3832 3841 3841 3841 3842 3842 3842 3839 3839 3839 3841 3841 3841 3839 3839 3839 3838 3838 3838 3842 3842 3842 3843 3843 3843 3839 3839 3839 3843 3843 3843 3840 3840 3840 3839 3839 3839 3835 3835 3835 3844 3844 3844 3814 3814 3814 3835 3835 3835 3814 3814 3814 3813 3813 3813 3840 3840 3840 3845 3845 3845 3836 3836 3836 3846 3846 3846 3842 3842 3842 3841 3841 3841 3843 3843 3843 3847 3847 3847 3840 3840 3840 3847 3847 3847 3845 3845 3845 3840 3840 3840 3846 3846 3846 3848 3848 3848 3842 3842 3842 3848 3848 3848 3849 3849 3849 3842 3842 3842 3842 3842 3842 3849 3849 3849 3843 3843 3843 3849 3849 3849 3847 3847 3847 3843 3843 3843 3844 3844 3844 3850 3850 3850 3814 3814 3814 3814 3814 3814 3850 3850 3850 3815 3815 3815 3847 3847 3847 3851 3851 3851 3845 3845 3845 3852 3852 3852 1703 1703 1703 3846 3846 3846 3846 3846 3846 1703 1703 1703 3848 3848 3848 1703 1703 1703 3853 3853 3853 3848 3848 3848 3848 3848 3848 3853 3853 3853 3849 3849 3849 3850 3850 3850 3854 3854 3854 3815 3815 3815 3815 3815 3815 3854 3854 3854 3816 3816 3816 3852 3852 3852 1704 1704 1704 1703 1703 1703 3854 3854 3854 3855 3855 3855 3816 3816 3816 3816 3816 3816 3855 3855 3855 3817 3817 3817 1686 1686 1686 1708 1708 1708 3856 3856 3856 1686 1686 1686 3856 3856 3856 1685 1685 1685 3855 3855 3855 3857 3857 3857 3817 3817 3817 3817 3817 3817 3857 3857 3857 3818 3818 3818 1687 1687 1687 1688 1688 1688 1708 1708 1708 1687 1687 1687 1708 1708 1708 1686 1686 1686 3857 3857 3857 3858 3858 3858 3818 3818 3818 3818 3818 3818 3858 3858 3858 3819 3819 3819 3858 3858 3858 3859 3859 3859 3819 3819 3819 3860 3860 3860 3861 3861 3861 3764 3764 3764 3744 3744 3744 3862 3862 3862 1479 1479 1479 3862 3862 3862 3863 3863 3863 1479 1479 1479 3863 3863 3863 3765 3765 3765 1479 1479 1479 3766 3766 3766 3823 3823 3823 3798 3798 3798 3798 3798 3798 3864 3864 3864 3824 3824 3824 3798 3798 3798 3824 3824 3824 3799 3799 3799 3819 3819 3819 3859 3859 3859 3826 3826 3826 3865 3865 3865 3783 3783 3783 3782 3782 3782 3784 3784 3784 3866 3866 3866 3709 3709 3709 3867 3867 3867 3800 3800 3800 3828 3828 3828 3785 3785 3785 3868 3868 3868 3782 3782 3782 3623 3623 3623 3869 3869 3869 3746 3746 3746 3870 3870 3870 3747 3747 3747 3723 3723 3723 3748 3748 3748 3802 3802 3802 3689 3689 3689 3871 3871 3871 3770 3770 3770 3803 3803 3803 3731 3731 3731 3804 3804 3804 3714 3714 3714 3872 3872 3872 3771 3771 3771 3725 3725 3725 3873 3873 3873 3751 3751 3751 3734 3734 3734 3751 3751 3751 3830 3830 3830 3752 3752 3752 3788 3788 3788 3806 3806 3806 3704 3704 3704 3806 3806 3806 3874 3874 3874 3726 3726 3726 3874 3874 3874 3735 3735 3735 3726 3726 3726 3874 3874 3874 3807 3807 3807 3735 3735 3735 3849 3849 3849 3875 3875 3875 3847 3847 3847 3853 3853 3853 3875 3875 3875 3849 3849 3849 3875 3875 3875 3876 3876 3876 3847 3847 3847 3847 3847 3847 3876 3876 3876 3851 3851 3851 3877 3877 3877 3854 3854 3854 3850 3850 3850 1705 1705 1705 3878 3878 3878 1703 1703 1703 1703 1703 1703 3878 3878 3878 3853 3853 3853 3878 3878 3878 3879 3879 3879 3875 3875 3875 3878 3878 3878 3875 3875 3875 3853 3853 3853 3877 3877 3877 3880 3880 3880 3855 3855 3855 3877 3877 3877 3855 3855 3855 3854 3854 3854 3879 3879 3879 3881 3881 3881 3876 3876 3876 3879 3879 3879 3876 3876 3876 3875 3875 3875 1707 1707 1707 1722 1722 1722 1705 1705 1705 1705 1705 1705 1722 1722 1722 3878 3878 3878 1722 1722 1722 3879 3879 3879 3878 3878 3878 3880 3880 3880 3882 3882 3882 3857 3857 3857 3880 3880 3880 3857 3857 3857 3855 3855 3855 3879 3879 3879 3883 3883 3883 3881 3881 3881 1710 1710 1710 1723 1723 1723 1707 1707 1707 1707 1707 1707 1723 1723 1723 1722 1722 1722 3882 3882 3882 3884 3884 3884 3857 3857 3857 3857 3857 3857 3884 3884 3884 3858 3858 3858 1711 1711 1711 1713 1713 1713 1726 1726 1726 1711 1711 1711 1726 1726 1726 1709 1709 1709 3884 3884 3884 3885 3885 3885 3858 3858 3858 3858 3858 3858 3885 3885 3885 3859 3859 3859 3797 3797 3797 3860 3860 3860 3764 3764 3764 3764 3764 3764 3861 3861 3861 3781 3781 3781 3781 3781 3781 3886 3886 3886 3822 3822 3822 3822 3822 3822 3862 3862 3862 3744 3744 3744 3823 3823 3823 3887 3887 3887 3798 3798 3798 3887 3887 3887 1714 1714 1714 3798 3798 3798 3798 3798 3798 1714 1714 1714 3864 3864 3864 1714 1714 1714 1716 1716 1716 3864 3864 3864 3888 3888 3888 3889 3889 3889 3867 3867 3867 3867 3867 3867 3889 3889 3889 3800 3800 3800 3889 3889 3889 3785 3785 3785 3800 3800 3800 1646 1646 1646 1717 1717 1717 1645 1645 1645 3890 3890 3890 3758 3758 3758 3747 3747 3747 3890 3890 3890 3891 3891 3891 3758 3758 3758 3758 3758 3758 3891 3891 3891 3730 3730 3730 3891 3891 3891 1471 1471 1471 3730 3730 3730 3892 3892 3892 1600 1600 1600 3713 3713 3713 3893 3893 3893 3802 3802 3802 3748 3748 3748 3894 3894 3894 3895 3895 3895 3732 3732 3732 3732 3732 3732 3895 3895 3895 3759 3759 3759 3771 3771 3771 3787 3787 3787 3701 3701 3701 3896 3896 3896 3897 3897 3897 3715 3715 3715 3896 3896 3896 3715 3715 3715 3774 3774 3774 3829 3829 3829 3776 3776 3776 3716 3716 3716 3776 3776 3776 3873 3873 3873 3734 3734 3734 3898 3898 3898 3717 3717 3717 3753 3753 3753 1724 1724 1724 3899 3899 3899 3879 3879 3879 1724 1724 1724 3879 3879 3879 1722 1722 1722 1725 1725 1725 3900 3900 3900 1724 1724 1724 1724 1724 1724 3900 3900 3900 3899 3899 3899 3899 3899 3899 3901 3901 3901 3879 3879 3879 3879 3879 3879 3901 3901 3901 3883 3883 3883 3902 3902 3902 3903 3903 3903 3884 3884 3884 3902 3902 3902 3884 3884 3884 3882 3882 3882 3900 3900 3900 3904 3904 3904 3899 3899 3899 3899 3899 3899 3904 3904 3904 3901 3901 3901 1728 1728 1728 3905 3905 3905 1725 1725 1725 1725 1725 1725 3905 3905 3905 3900 3900 3900 3903 3903 3903 3906 3906 3906 3884 3884 3884 3884 3884 3884 3906 3906 3906 3885 3885 3885 3905 3905 3905 3907 3907 3907 3904 3904 3904 3905 3905 3905 3904 3904 3904 3900 3900 3900 3823 3823 3823 3697 3697 3697 3765 3765 3765 3887 3887 3887 3908 3908 3908 1714 1714 1714 3908 3908 3908 1737 1737 1737 1715 1715 1715 3908 3908 3908 1715 1715 1715 1714 1714 1714 3908 3908 3908 1738 1738 1738 1737 1737 1737 3906 3906 3906 3909 3909 3909 3885 3885 3885 3910 3910 3910 3784 3784 3784 3729 3729 3729 3910 3910 3910 3729 3729 3729 3767 3767 3767 3866 3866 3866 3710 3710 3710 3709 3709 3709 3911 3911 3911 3889 3889 3889 3888 3888 3888 3889 3889 3889 3912 3912 3912 3785 3785 3785 3912 3912 3912 3868 3868 3868 3785 3785 3785 3870 3870 3870 3913 3913 3913 3747 3747 3747 3913 3913 3913 3890 3890 3890 3747 3747 3747 1732 1732 1732 1717 1717 1717 1646 1646 1646 3688 3688 3688 3893 3893 3893 3748 3748 3748 3750 3750 3750 3914 3914 3914 3731 3731 3731 3804 3804 3804 3915 3915 3915 3732 3732 3732 3787 3787 3787 3916 3916 3916 3662 3662 3662 3916 3916 3916 3772 3772 3772 3662 3662 3662 3805 3805 3805 3917 3917 3917 3773 3773 3773 1552 1552 1552 3896 3896 3896 3774 3774 3774 3897 3897 3897 3775 3775 3775 3715 3715 3715 3918 3918 3918 3829 3829 3829 3775 3775 3775 3919 3919 3919 3751 3751 3751 3873 3873 3873 3919 3919 3919 3830 3830 3830 3751 3751 3751 3920 3920 3920 3898 3898 3898 3753 3753 3753 3789 3789 3789 3921 3921 3921 3754 3754 3754 3823 3823 3823 3922 3922 3922 3887 3887 3887 3922 3922 3922 3923 3923 3923 3887 3887 3887 3923 3923 3923 3924 3924 3924 3887 3887 3887 3887 3887 3887 3924 3924 3924 3908 3908 3908 3924 3924 3924 1738 1738 1738 3908 3908 3908 1739 1739 1739 3925 3925 3925 1737 1737 1737 1739 1739 1739 3926 3926 3926 3925 3925 3925 3925 3925 3925 3927 3927 3927 3928 3928 3928 3929 3929 3929 3930 3930 3930 3909 3909 3909 3929 3929 3929 3909 3909 3909 3906 3906 3906 3926 3926 3926 3931 3931 3931 3927 3927 3927 3926 3926 3926 3927 3927 3927 3925 3925 3925 3932 3932 3932 3866 3866 3866 3784 3784 3784 3931 3931 3931 3889 3889 3889 3911 3911 3911 3931 3931 3931 3912 3912 3912 3889 3889 3889 3869 3869 3869 3933 3933 3933 3746 3746 3746 3802 3802 3802 3934 3934 3934 3803 3803 3803 3934 3934 3934 3871 3871 3871 3803 3803 3803 3770 3770 3770 3935 3935 3935 3749 3749 3749 3935 3935 3935 3750 3750 3750 3749 3749 3749 3914 3914 3914 3804 3804 3804 3731 3731 3731 3732 3732 3732 3915 3915 3915 3894 3894 3894 3724 3724 3724 3936 3936 3936 3733 3733 3733 3936 3936 3936 3760 3760 3760 3733 3733 3733 3916 3916 3916 3937 3937 3937 3772 3772 3772 3937 3937 3937 3938 3938 3938 3772 3772 3772 3772 3772 3772 3938 3938 3938 3805 3805 3805 3938 3938 3938 3917 3917 3917 3805 3805 3805 3830 3830 3830 3806 3806 3806 3788 3788 3788 3923 3923 3923 1738 1738 1738 3924 3924 3924 3783 3783 3783 3939 3939 3939 3742 3742 3742 3743 3743 3743 3910 3910 3910 3767 3767 3767 3910 3910 3910 3940 3940 3940 3784 3784 3784 3923 3923 3923 1751 1751 1751 1738 1738 1738 1738 1738 1738 1751 1751 1751 1739 1739 1739 1751 1751 1751 1753 1753 1753 1739 1739 1739 1739 1739 1739 1753 1753 1753 3926 3926 3926 1753 1753 1753 3931 3931 3931 3926 3926 3926 1753 1753 1753 3912 3912 3912 3931 3931 3931 3868 3868 3868 3941 3941 3941 3782 3782 3782 3942 3942 3942 3891 3891 3891 3890 3890 3890 3935 3935 3935 3943 3943 3943 3750 3750 3750 3943 3943 3943 3914 3914 3914 3750 3750 3750 3915 3915 3915 3895 3895 3895 3894 3894 3894 3895 3895 3895 3944 3944 3944 3759 3759 3759 3944 3944 3944 3945 3945 3945 3759 3759 3759 3936 3936 3936 3872 3872 3872 3760 3760 3760 3872 3872 3872 3725 3725 3725 3760 3760 3760 3919 3919 3919 3946 3946 3946 3830 3830 3830 3946 3946 3946 3806 3806 3806 3830 3830 3830 3898 3898 3898 3947 3947 3947 3717 3717 3717 3947 3947 3947 1552 1552 1552 3717 3717 3717 3797 3797 3797 3948 3948 3948 3860 3860 3860 3861 3861 3861 3886 3886 3886 3781 3781 3781 3863 3863 3863 3823 3823 3823 3765 3765 3765 3949 3949 3949 3950 3950 3950 1752 1752 1752 3949 3949 3949 1752 1752 1752 1751 1751 1751 1752 1752 1752 3950 3950 3950 1753 1753 1753 3941 3941 3941 3865 3865 3865 3782 3782 3782 3940 3940 3940 3932 3932 3932 3784 3784 3784 3923 3923 3923 3949 3949 3949 1751 1751 1751 3950 3950 3950 3951 3951 3951 1753 1753 1753 1753 1753 1753 3951 3951 3951 3912 3912 3912 3951 3951 3951 3941 3941 3941 3912 3912 3912 3912 3912 3912 3941 3941 3941 3868 3868 3868 1732 1732 1732 1761 1761 1761 1717 1717 1717 3952 3952 3952 1768 1768 1768 3892 3892 3892 3892 3892 3892 1768 1768 1768 1600 1600 1600 3786 3786 3786 3953 3953 3953 3688 3688 3688 3953 3953 3953 3893 3893 3893 3688 3688 3688 3871 3871 3871 3935 3935 3935 3770 3770 3770 3759 3759 3759 3954 3954 3954 3724 3724 3724 3954 3954 3954 3936 3936 3936 3724 3724 3724 3829 3829 3829 3955 3955 3955 3776 3776 3776 3955 3955 3955 3873 3873 3873 3776 3776 3776 3956 3956 3956 3919 3919 3919 3873 3873 3873 3957 3957 3957 3807 3807 3807 3874 3874 3874 3947 3947 3947 3958 3958 3958 1552 1552 1552 3863 3863 3863 3922 3922 3922 3823 3823 3823 3922 3922 3922 3959 3959 3959 3923 3923 3923 3742 3742 3742 3939 3939 3939 3743 3743 3743 3939 3939 3939 3910 3910 3910 3743 3743 3743 3960 3960 3960 3710 3710 3710 3866 3866 3866 3959 3959 3959 3961 3961 3961 3923 3923 3923 3923 3923 3923 3961 3961 3961 3949 3949 3949 3949 3949 3949 3961 3961 3961 3950 3950 3950 3961 3961 3961 3962 3962 3962 3950 3950 3950 3950 3950 3950 3962 3962 3962 3951 3951 3951 3951 3951 3951 3962 3962 3962 3941 3941 3941 3962 3962 3962 3963 3963 3963 3941 3941 3941 3913 3913 3913 3964 3964 3964 3890 3890 3890 3964 3964 3964 3942 3942 3942 3890 3890 3890 3965 3965 3965 3934 3934 3934 3802 3802 3802 3966 3966 3966 3871 3871 3871 3934 3934 3934 3915 3915 3915 3944 3944 3944 3895 3895 3895 3945 3945 3945 3954 3954 3954 3759 3759 3759 3897 3897 3897 3918 3918 3918 3775 3775 3775 3921 3921 3921 3808 3808 3808 3754 3754 3754 3860 3860 3860 3967 3967 3967 3861 3861 3861 3886 3886 3886 3862 3862 3862 3822 3822 3822 3711 3711 3711 3968 3968 3968 3623 3623 3623 3968 3968 3968 3869 3869 3869 3623 3623 3623 3870 3870 3870 3964 3964 3964 3913 3913 3913 3969 3969 3969 3804 3804 3804 3914 3914 3914 3955 3955 3955 3956 3956 3956 3873 3873 3873 3970 3970 3970 3874 3874 3874 3806 3806 3806 3921 3921 3921 3971 3971 3971 3808 3808 3808 3720 3720 3720 3948 3948 3948 3797 3797 3797 3863 3863 3863 3972 3972 3972 3922 3922 3922 3973 3973 3973 3961 3961 3961 3959 3959 3959 3963 3963 3963 3865 3865 3865 3941 3941 3941 3865 3865 3865 3974 3974 3974 3783 3783 3783 3961 3961 3961 3963 3963 3963 3962 3962 3962 1795 1795 1795 1761 1761 1761 1732 1732 1732 3942 3942 3942 3975 3975 3975 3891 3891 3891 3801 3801 3801 3953 3953 3953 3786 3786 3786 3893 3893 3893 3965 3965 3965 3802 3802 3802 3871 3871 3871 3976 3976 3976 3935 3935 3935 3977 3977 3977 3771 3771 3771 3872 3872 3872 3771 3771 3771 3977 3977 3977 3787 3787 3787 3977 3977 3977 3978 3978 3978 3787 3787 3787 3978 3978 3978 3916 3916 3916 3787 3787 3787 3979 3979 3979 3946 3946 3946 3919 3919 3919 3789 3789 3789 3980 3980 3980 3921 3921 3921 3967 3967 3967 3886 3886 3886 3861 3861 3861 3886 3886 3886 3981 3981 3981 3862 3862 3862 3862 3862 3862 3982 3982 3982 3863 3863 3863 3982 3982 3982 3972 3972 3972 3863 3863 3863 3972 3972 3972 3973 3973 3973 3922 3922 3922 3922 3922 3922 3973 3973 3973 3959 3959 3959 3973 3973 3973 3963 3963 3963 3961 3961 3961 3983 3983 3983 3953 3953 3953 3801 3801 3801 3953 3953 3953 3984 3984 3984 3893 3893 3893 3984 3984 3984 3965 3965 3965 3893 3893 3893 3943 3943 3943 3969 3969 3969 3914 3914 3914 3969 3969 3969 3985 3985 3985 3804 3804 3804 3986 3986 3986 3915 3915 3915 3804 3804 3804 3986 3986 3986 3987 3987 3987 3915 3915 3915 3987 3987 3987 3944 3944 3944 3915 3915 3915 1552 1552 1552 3958 3958 3958 3896 3896 3896 3988 3988 3988 3829 3829 3829 3918 3918 3918 3988 3988 3988 3955 3955 3955 3829 3829 3829 3956 3956 3956 3989 3989 3989 3919 3919 3919 3990 3990 3990 3970 3970 3970 3806 3806 3806 3990 3990 3990 3806 3806 3806 3946 3946 3946 3970 3970 3970 3957 3957 3957 3874 3874 3874 3991 3991 3991 3980 3980 3980 3789 3789 3789 3992 3992 3992 3948 3948 3948 3720 3720 3720 3948 3948 3948 3993 3993 3993 3860 3860 3860 3993 3993 3993 3967 3967 3967 3860 3860 3860 3974 3974 3974 3939 3939 3939 3783 3783 3783 3932 3932 3932 3960 3960 3960 3866 3866 3866 3968 3968 3968 3933 3933 3933 3869 3869 3869 3994 3994 3994 1859 1859 1859 3870 3870 3870 3870 3870 3870 1859 1859 1859 3964 3964 3964 3964 3964 3964 3995 3995 3995 3942 3942 3942 3995 3995 3995 3975 3975 3975 3942 3942 3942 3996 3996 3996 1768 1768 1768 3952 3952 3952 3997 3997 3997 3966 3966 3966 3934 3934 3934 3985 3985 3985 3986 3986 3986 3804 3804 3804 3958 3958 3958 3897 3897 3897 3896 3896 3896 3989 3989 3989 3979 3979 3979 3919 3919 3919 3979 3979 3979 3990 3990 3990 3946 3946 3946 3957 3957 3957 3998 3998 3998 3807 3807 3807 3898 3898 3898 3999 3999 3999 3947 3947 3947 3980 3980 3980 3971 3971 3971 3921 3921 3921 3993 3993 3993 4000 4000 4000 3967 3967 3967 3967 3967 3967 4001 4001 4001 3886 3886 3886 4001 4001 4001 3981 3981 3981 3886 3886 3886 4002 4002 4002 3963 3963 3963 3973 3973 3973 3963 3963 3963 4003 4003 4003 3865 3865 3865 3910 3910 3910 4004 4004 4004 3940 3940 3940 4004 4004 4004 4005 4005 4005 3940 3940 3940 4005 4005 4005 3932 3932 3932 3940 3940 3940 1795 1795 1795 1824 1824 1824 1761 1761 1761 1859 1859 1859 3995 3995 3995 3964 3964 3964 3995 3995 3995 4006 4006 4006 3975 3975 3975 4006 4006 4006 1908 1908 1908 3975 3975 3975 3965 3965 3965 3997 3997 3997 3934 3934 3934 3966 3966 3966 3976 3976 3976 3871 3871 3871 3976 3976 3976 3943 3943 3943 3935 3935 3935 4007 4007 4007 3945 3945 3945 3944 3944 3944 4008 4008 4008 3872 3872 3872 3936 3936 3936 3978 3978 3978 4009 4009 4009 3916 3916 3916 4009 4009 4009 3937 3937 3937 3916 3916 3916 3938 3938 3938 4010 4010 4010 3917 3917 3917 3958 3958 3958 4011 4011 4011 3897 3897 3897 4011 4011 4011 3918 3918 3918 3897 3897 3897 4012 4012 4012 3898 3898 3898 3920 3920 3920 4000 4000 4000 4001 4001 4001 3967 3967 3967 3981 3981 3981 4013 4013 4013 3862 3862 3862 4013 4013 4013 3982 3982 3982 3862 3862 3862 4014 4014 4014 4002 4002 4002 3973 3973 3973 4002 4002 4002 4003 4003 4003 3963 3963 3963 4003 4003 4003 3974 3974 3974 3865 3865 3865 4015 4015 4015 3960 3960 3960 3932 3932 3932 4015 4015 4015 3710 3710 3710 3960 3960 3960 3872 3872 3872 4008 4008 4008 3977 3977 3977 4011 4011 4011 4016 4016 4016 3918 3918 3918 3918 3918 3918 4016 4016 4016 3988 3988 3988 4017 4017 4017 3955 3955 3955 3988 3988 3988 4017 4017 4017 3956 3956 3956 3955 3955 3955 4017 4017 4017 3989 3989 3989 3956 3956 3956 3970 3970 3970 4018 4018 4018 3957 3957 3957 4018 4018 4018 3998 3998 3998 3957 3957 3957 4012 4012 4012 4019 4019 4019 3898 3898 3898 4019 4019 4019 3999 3999 3999 3898 3898 3898 3999 3999 3999 3958 3958 3958 3947 3947 3947 3948 3948 3948 4020 4020 4020 3993 3993 3993 4001 4001 4001 4013 4013 4013 3981 3981 3981 4013 4013 4013 4021 4021 4021 3982 3982 3982 3982 3982 3982 4022 4022 4022 3972 3972 3972 3972 3972 3972 4014 4014 4014 3973 3973 3973 4005 4005 4005 4015 4015 4015 3932 3932 3932 4015 4015 4015 4023 4023 4023 3710 3710 3710 4024 4024 4024 3968 3968 3968 3711 3711 3711 3994 3994 3994 1860 1860 1860 1859 1859 1859 4025 4025 4025 3997 3997 3997 3965 3965 3965 3987 3987 3987 4007 4007 4007 3944 3944 3944 4026 4026 4026 3980 3980 3980 3991 3991 3991 3992 3992 3992 4020 4020 4020 3948 3948 3948 3993 3993 3993 4027 4027 4027 4000 4000 4000 1857 1857 1857 4028 4028 4028 1814 1814 1814 1814 1814 1814 4028 4028 4028 4029 4029 4029 1863 1863 1863 1858 1858 1858 1824 1824 1824 1863 1863 1863 1824 1824 1824 1795 1795 1795 4030 4030 4030 3966 3966 3966 3997 3997 3997 4030 4030 4030 4031 4031 4031 3966 3966 3966 4031 4031 4031 3976 3976 3976 3966 3966 3966 3976 3976 3976 4032 4032 4032 3943 3943 3943 4032 4032 4032 4033 4033 4033 3943 3943 3943 3943 3943 3943 4033 4033 4033 3969 3969 3969 4033 4033 4033 3985 3985 3985 3969 3969 3969 3987 3987 3987 4034 4034 4034 4007 4007 4007 4007 4007 4007 4035 4035 4035 3945 3945 3945 3945 3945 3945 4035 4035 4035 3954 3954 3954 4035 4035 4035 4036 4036 4036 3954 3954 3954 4036 4036 4036 3936 3936 3936 3954 3954 3954 4036 4036 4036 4008 4008 4008 3936 3936 3936 4026 4026 4026 3971 3971 3971 3980 3980 3980 4020 4020 4020 4027 4027 4027 3993 3993 3993 4027 4027 4027 4037 4037 4037 4000 4000 4000 4037 4037 4037 4001 4001 4001 4000 4000 4000 4021 4021 4021 4022 4022 4022 3982 3982 3982 3974 3974 3974 4038 4038 4038 3939 3939 3939 4038 4038 4038 4004 4004 4004 3939 3939 3939 3939 3939 3939 4004 4004 4004 3910 3910 3910 1861 1861 1861 4039 4039 4039 1859 1859 1859 4039 4039 4039 3995 3995 3995 1859 1859 1859 3995 3995 3995 4040 4040 4040 4006 4006 4006 3996 3996 3996 1874 1874 1874 1768 1768 1768 3953 3953 3953 4041 4041 4041 3984 3984 3984 4031 4031 4031 4042 4042 4042 3976 3976 3976 4042 4042 4042 4032 4032 4032 3976 3976 3976 3985 3985 3985 4043 4043 4043 3986 3986 3986 4043 4043 4043 3987 3987 3987 3986 3986 3986 4034 4034 4034 4035 4035 4035 4007 4007 4007 4036 4036 4036 4044 4044 4044 4008 4008 4008 4008 4008 4008 4045 4045 4045 3977 3977 3977 4045 4045 4045 4046 4046 4046 3977 3977 3977 4046 4046 4046 3978 3978 3978 3977 3977 3977 4017 4017 4017 4047 4047 4047 3989 3989 3989 3970 3970 3970 4048 4048 4048 4018 4018 4018 1857 1857 1857 4049 4049 4049 4028 4028 4028 4006 4006 4006 1909 1909 1909 1908 1908 1908 3984 3984 3984 4025 4025 4025 3965 3965 3965 4044 4044 4044 4045 4045 4045 4008 4008 4008 4009 4009 4009 4050 4050 4050 3937 3937 3937 4050 4050 4050 4051 4051 4051 3938 3938 3938 4050 4050 4050 3938 3938 3938 3937 3937 3937 4051 4051 4051 4010 4010 4010 3938 3938 3938 4052 4052 4052 4053 4053 4053 3958 3958 3958 4053 4053 4053 4011 4011 4011 3958 3958 3958 4016 4016 4016 4017 4017 4017 3988 3988 3988 3990 3990 3990 4048 4048 4048 3970 3970 3970 4048 4048 4048 4054 4054 4054 4018 4018 4018 4054 4054 4054 3998 3998 3998 4018 4018 4018 4055 4055 4055 4052 4052 4052 3958 3958 3958 4055 4055 4055 3958 3958 3958 3999 3999 3999 4056 4056 4056 4022 4022 4022 4021 4021 4021 4014 4014 4014 4003 4003 4003 4002 4002 4002 4003 4003 4003 4057 4057 4057 3974 3974 3974 4057 4057 4057 4038 4038 4038 3974 3974 3974 4005 4005 4005 4058 4058 4058 4015 4015 4015 3968 3968 3968 4059 4059 4059 3933 3933 3933 4039 4039 4039 4060 4060 4060 3995 3995 3995 4060 4060 4060 4040 4040 4040 3995 3995 3995 4040 4040 4040 1909 1909 1909 4006 4006 4006 3983 3983 3983 4041 4041 4041 3953 3953 3953 4043 4043 4043 4034 4034 4034 3987 3987 3987 4061 4061 4061 4035 4035 4035 4034 4034 4034 4036 4036 4036 4062 4062 4062 4044 4044 4044 4044 4044 4044 4063 4063 4063 4045 4045 4045 4046 4046 4046 4009 4009 4009 3978 3978 3978 3989 3989 3989 4064 4064 4064 3979 3979 3979 4054 4054 4054 4065 4065 4065 3998 3998 3998 4066 4066 4066 4026 4026 4026 3991 3991 3991 4067 4067 4067 4021 4021 4021 4013 4013 4013 4067 4067 4067 4013 4013 4013 4001 4001 4001 4068 4068 4068 4003 4003 4003 4014 4014 4014 4069 4069 4069 4005 4005 4005 4004 4004 4004 1894 1894 1894 4049 4049 4049 1857 1857 1857 1897 1897 1897 1858 1858 1858 1863 1863 1863 4070 4070 4070 4041 4041 4041 3983 3983 3983 4071 4071 4071 4025 4025 4025 3984 3984 3984 4025 4025 4025 4072 4072 4072 3997 3997 3997 4073 4073 4073 4043 4043 4043 3985 3985 3985 4035 4035 4035 4074 4074 4074 4036 4036 4036 4075 4075 4075 3989 3989 3989 4047 4047 4047 4075 4075 4075 4064 4064 4064 3989 3989 3989 4064 4064 4064 3990 3990 3990 3979 3979 3979 4064 4064 4064 4048 4048 4048 3990 3990 3990 4019 4019 4019 4076 4076 4076 3999 3999 3999 4076 4076 4076 4055 4055 4055 3999 3999 3999 4066 4066 4066 4077 4077 4077 4026 4026 4026 4077 4077 4077 3971 3971 3971 4026 4026 4026 4020 4020 4020 4078 4078 4078 4027 4027 4027 4027 4027 4027 4079 4079 4079 4037 4037 4037 4037 4037 4037 4067 4067 4067 4001 4001 4001 3972 3972 3972 4068 4068 4068 4014 4014 4014 4038 4038 4038 4069 4069 4069 4004 4004 4004 4058 4058 4058 4080 4080 4080 4015 4015 4015 4081 4081 4081 4082 4082 4082 4039 4039 4039 1897 1897 1897 1905 1905 1905 1858 1858 1858 4082 4082 4082 4060 4060 4060 4039 4039 4039 4083 4083 4083 1874 1874 1874 3996 3996 3996 4084 4084 4084 4072 4072 4072 4025 4025 4025 4072 4072 4072 4030 4030 4030 3997 3997 3997 4085 4085 4085 4031 4031 4031 4030 4030 4030 4061 4061 4061 4074 4074 4074 4035 4035 4035 4046 4046 4046 4050 4050 4050 4009 4009 4009 4051 4051 4051 4086 4086 4086 4010 4010 4010 4087 4087 4087 4076 4076 4076 4012 4012 4012 4012 4012 4012 4076 4076 4076 4019 4019 4019 4077 4077 4077 4088 4088 4088 3971 3971 3971 4078 4078 4078 4079 4079 4079 4027 4027 4027 4079 4079 4079 4089 4089 4089 4037 4037 4037 4089 4089 4089 4067 4067 4067 4037 4037 4037 4067 4067 4067 4056 4056 4056 4021 4021 4021 4022 4022 4022 4090 4090 4090 3972 3972 3972 4090 4090 4090 4068 4068 4068 3972 3972 3972 4068 4068 4068 4091 4091 4091 4003 4003 4003 4091 4091 4091 4057 4057 4057 4003 4003 4003 4092 4092 4092 4005 4005 4005 4069 4069 4069 4071 4071 4071 4084 4084 4084 4025 4025 4025 4093 4093 4093 3985 3985 3985 4033 4033 4033 4093 4093 4093 4073 4073 4073 3985 3985 3985 4074 4074 4074 4062 4062 4062 4036 4036 4036 4062 4062 4062 4063 4063 4063 4044 4044 4044 4047 4047 4047 4094 4094 4094 4075 4075 4075 4095 4095 4095 4054 4054 4054 4048 4048 4048 4054 4054 4054 4096 4096 4096 4065 4065 4065 3992 3992 3992 4097 4097 4097 4020 4020 4020 4078 4078 4078 4089 4089 4089 4079 4079 4079 4092 4092 4092 4058 4058 4058 4005 4005 4005 4080 4080 4080 4023 4023 4023 4015 4015 4015 2008 2008 2008 4060 4060 4060 4082 4082 4082 4098 4098 4098 4040 4040 4040 4060 4060 4060 4098 4098 4098 4099 4099 4099 4040 4040 4040 4040 4040 4040 4099 4099 4099 1909 1909 1909 4041 4041 4041 4071 4071 4071 3984 3984 3984 4072 4072 4072 4085 4085 4085 4030 4030 4030 4042 4042 4042 4100 4100 4100 4032 4032 4032 4032 4032 4032 4093 4093 4093 4033 4033 4033 4043 4043 4043 4101 4101 4101 4034 4034 4034 4046 4046 4046 4102 4102 4102 4050 4050 4050 4052 4052 4052 4103 4103 4103 4053 4053 4053 4053 4053 4053 4103 4103 4103 4011 4011 4011 4103 4103 4103 4104 4104 4104 4011 4011 4011 4011 4011 4011 4104 4104 4104 4016 4016 4016 4104 4104 4104 4017 4017 4017 4016 4016 4016 4104 4104 4104 4094 4094 4094 4017 4017 4017 4094 4094 4094 4047 4047 4047 4017 4017 4017 4094 4094 4094 4105 4105 4105 4075 4075 4075 4105 4105 4105 4064 4064 4064 4075 4075 4075 4064 4064 4064 4095 4095 4095 4048 4048 4048 4106 4106 4106 4077 4077 4077 4066 4066 4066 4107 4107 4107 4069 4069 4069 4038 4038 4038 4108 4108 4108 2008 2008 2008 4082 4082 4082 4108 4108 4108 4082 4082 4082 4081 4081 4081 2008 2008 2008 4098 4098 4098 4060 4060 4060 4099 4099 4099 1952 1952 1952 1909 1909 1909 4070 4070 4070 4109 4109 4109 4041 4041 4041 4073 4073 4073 4101 4101 4101 4043 4043 4043 4104 4104 4104 4110 4110 4110 4094 4094 4094 4111 4111 4111 4095 4095 4095 4064 4064 4064 4097 4097 4097 4112 4112 4112 4020 4020 4020 4112 4112 4112 4078 4078 4078 4020 4020 4020 4067 4067 4067 4113 4113 4113 4056 4056 4056 4113 4113 4113 4022 4022 4022 4056 4056 4056 4113 4113 4113 4090 4090 4090 4022 4022 4022 4114 4114 4114 4091 4091 4091 4068 4068 4068 4057 4057 4057 4115 4115 4115 4038 4038 4038 4115 4115 4115 4107 4107 4107 4038 4038 4038 4116 4116 4116 4058 4058 4058 4092 4092 4092 4117 4117 4117 4080 4080 4080 4058 4058 4058 3968 3968 3968 4118 4118 4118 4059 4059 4059 1963 1963 1963 1961 1961 1961 1905 1905 1905 1963 1963 1963 1905 1905 1905 1897 1897 1897 4083 4083 4083 1967 1967 1967 1874 1874 1874 4109 4109 4109 4071 4071 4071 4041 4041 4041 4119 4119 4119 4072 4072 4072 4084 4084 4084 4085 4085 4085 4120 4120 4120 4031 4031 4031 4031 4031 4031 4120 4120 4120 4042 4042 4042 4120 4120 4120 4100 4100 4100 4042 4042 4042 4100 4100 4100 4121 4121 4121 4032 4032 4032 4121 4121 4121 4093 4093 4093 4032 4032 4032 4101 4101 4101 4122 4122 4122 4034 4034 4034 4122 4122 4122 4061 4061 4061 4034 4034 4034 4074 4074 4074 4123 4123 4123 4062 4062 4062 4123 4123 4123 4063 4063 4063 4062 4062 4062 4102 4102 4102 4124 4124 4124 4050 4050 4050 4124 4124 4124 4051 4051 4051 4050 4050 4050 4055 4055 4055 4125 4125 4125 4052 4052 4052 4125 4125 4125 4126 4126 4126 4052 4052 4052 4052 4052 4052 4126 4126 4126 4103 4103 4103 4103 4103 4103 4127 4127 4127 4104 4104 4104 4127 4127 4127 4110 4110 4110 4104 4104 4104 4110 4110 4110 4128 4128 4128 4094 4094 4094 4128 4128 4128 4105 4105 4105 4094 4094 4094 4129 4129 4129 4054 4054 4054 4095 4095 4095 4130 4130 4130 4089 4089 4089 4078 4078 4078 4089 4089 4089 4131 4131 4131 4067 4067 4067 4090 4090 4090 4114 4114 4114 4068 4068 4068 2008 2008 2008 4099 4099 4099 4098 4098 4098 1952 1952 1952 4132 4132 4132 1910 1910 1910 4109 4109 4109 4133 4133 4133 4071 4071 4071 4071 4071 4071 4133 4133 4133 4084 4084 4084 4133 4133 4133 4119 4119 4119 4084 4084 4084 4134 4134 4134 4085 4085 4085 4072 4072 4072 4120 4120 4120 4135 4135 4135 4100 4100 4100 4101 4101 4101 4136 4136 4136 4122 4122 4122 4122 4122 4122 4137 4137 4137 4061 4061 4061 4137 4137 4137 4138 4138 4138 4061 4061 4061 4138 4138 4138 4074 4074 4074 4061 4061 4061 4074 4074 4074 4139 4139 4139 4123 4123 4123 4123 4123 4123 4140 4140 4140 4063 4063 4063 4141 4141 4141 4045 4045 4045 4063 4063 4063 4141 4141 4141 4142 4142 4142 4046 4046 4046 4141 4141 4141 4046 4046 4046 4045 4045 4045 4142 4142 4142 4102 4102 4102 4046 4046 4046 4126 4126 4126 4127 4127 4127 4103 4103 4103 4127 4127 4127 4143 4143 4143 4110 4110 4110 4144 4144 4144 4128 4128 4128 4110 4110 4110 4105 4105 4105 4145 4145 4145 4064 4064 4064 4145 4145 4145 4111 4111 4111 4064 4064 4064 4129 4129 4129 4146 4146 4146 4054 4054 4054 4146 4146 4146 4096 4096 4096 4054 4054 4054 4076 4076 4076 4147 4147 4147 4055 4055 4055 4147 4147 4147 4125 4125 4125 4055 4055 4055 4148 4148 4148 4077 4077 4077 4106 4106 4106 4130 4130 4130 4131 4131 4131 4089 4089 4089 4131 4131 4131 4113 4113 4113 4067 4067 4067 4069 4069 4069 4116 4116 4116 4092 4092 4092 4116 4116 4116 4117 4117 4117 4058 4058 4058 4080 4080 4080 4149 4149 4149 4023 4023 4023 4150 4150 4150 3968 3968 3968 4024 4024 4024 3968 3968 3968 4151 4151 4151 4118 4118 4118 4108 4108 4108 2009 2009 2009 2008 2008 2008 1990 1990 1990 2005 2005 2005 1989 1989 1989 1963 1963 1963 1990 1990 1990 1961 1961 1961 4152 4152 4152 1952 1952 1952 4099 4099 4099 1952 1952 1952 4153 4153 4153 4132 4132 4132 4119 4119 4119 4134 4134 4134 4072 4072 4072 4121 4121 4121 4154 4154 4154 4093 4093 4093 4154 4154 4154 4073 4073 4073 4093 4093 4093 4142 4142 4142 4155 4155 4155 4102 4102 4102 4155 4155 4155 4124 4124 4124 4102 4102 4102 4124 4124 4124 4156 4156 4156 4051 4051 4051 4051 4051 4051 4156 4156 4156 4086 4086 4086 4125 4125 4125 4157 4157 4157 4126 4126 4126 4126 4126 4126 4143 4143 4143 4127 4127 4127 4144 4144 4144 4158 4158 4158 4128 4128 4128 4158 4158 4158 4105 4105 4105 4128 4128 4128 4158 4158 4158 4145 4145 4145 4105 4105 4105 4145 4145 4145 4159 4159 4159 4111 4111 4111 4159 4159 4159 4095 4095 4095 4111 4111 4111 4159 4159 4159 4129 4129 4129 4095 4095 4095 4146 4146 4146 4160 4160 4160 4096 4096 4096 4161 4161 4161 4148 4148 4148 4106 4106 4106 4162 4162 4162 4076 4076 4076 4087 4087 4087 4162 4162 4162 4147 4147 4147 4076 4076 4076 4131 4131 4131 4163 4163 4163 4113 4113 4113 4163 4163 4163 4164 4164 4164 4113 4113 4113 4091 4091 4091 4165 4165 4165 4057 4057 4057 4165 4165 4165 4115 4115 4115 4057 4057 4057 4150 4150 4150 4166 4166 4166 3968 3968 3968 2001 2001 2001 4167 4167 4167 1938 1938 1938 1963 1963 1963 4168 4168 4168 1990 1990 1990 4168 4168 4168 2006 2006 2006 2005 2005 2005 4168 4168 4168 2005 2005 2005 1990 1990 1990 2008 2008 2008 2010 2010 2010 4099 4099 4099 2010 2010 2010 4152 4152 4152 4099 4099 4099 4152 4152 4152 4169 4169 4169 1952 1952 1952 4170 4170 4170 4109 4109 4109 4070 4070 4070 2016 2016 2016 2017 2017 2017 2056 2056 2056 4169 4169 4169 4171 4171 4171 4153 4153 4153 4169 4169 4169 4153 4153 4153 1952 1952 1952 4172 4172 4172 4173 4173 4173 4133 4133 4133 4173 4173 4173 4119 4119 4119 4133 4133 4133 4134 4134 4134 4120 4120 4120 4085 4085 4085 4134 4134 4134 4135 4135 4135 4120 4120 4120 4135 4135 4135 4174 4174 4174 4100 4100 4100 4100 4100 4100 4174 4174 4174 4121 4121 4121 4154 4154 4154 4175 4175 4175 4073 4073 4073 4175 4175 4175 4101 4101 4101 4073 4073 4073 4101 4101 4101 4175 4175 4175 4136 4136 4136 4136 4136 4136 4137 4137 4137 4122 4122 4122 4138 4138 4138 4139 4139 4139 4074 4074 4074 4139 4139 4139 4176 4176 4176 4123 4123 4123 4123 4123 4123 4176 4176 4176 4140 4140 4140 4140 4140 4140 4142 4142 4142 4063 4063 4063 4063 4063 4063 4142 4142 4142 4141 4141 4141 2327 2327 2327 4157 4157 4157 4125 4125 4125 4177 4177 4177 4126 4126 4126 4157 4157 4157 4177 4177 4177 4143 4143 4143 4126 4126 4126 4143 4143 4143 4144 4144 4144 4110 4110 4110 4178 4178 4178 4145 4145 4145 4158 4158 4158 4178 4178 4178 4159 4159 4159 4145 4145 4145 4159 4159 4159 4179 4179 4179 4129 4129 4129 4179 4179 4179 4146 4146 4146 4129 4129 4129 4147 4147 4147 2327 2327 2327 4125 4125 4125 4112 4112 4112 4130 4130 4130 4078 4078 4078 4180 4180 4180 4090 4090 4090 4113 4113 4113 4181 4181 4181 4165 4165 4165 4091 4091 4091 4107 4107 4107 4182 4182 4182 4069 4069 4069 4069 4069 4069 4182 4182 4182 4116 4116 4116 4183 4183 4183 4117 4117 4117 4116 4116 4116 4166 4166 4166 4151 4151 4151 3968 3968 3968 2001 2001 2001 4184 4184 4184 4167 4167 4167 2029 2029 2029 4185 4185 4185 1963 1963 1963 1963 1963 1963 4185 4185 4185 4168 4168 4168 4185 4185 4185 2026 2026 2026 2006 2006 2006 4185 4185 4185 2006 2006 2006 4168 4168 4168 4170 4170 4170 4186 4186 4186 4109 4109 4109 4169 4169 4169 4187 4187 4187 4171 4171 4171 4186 4186 4186 4133 4133 4133 4109 4109 4109 4186 4186 4186 4172 4172 4172 4133 4133 4133 4173 4173 4173 4134 4134 4134 4119 4119 4119 4174 4174 4174 4154 4154 4154 4121 4121 4121 4155 4155 4155 4188 4188 4188 4124 4124 4124 4188 4188 4188 4189 4189 4189 4124 4124 4124 4189 4189 4189 4190 4190 4190 4124 4124 4124 4124 4124 4124 4190 4190 4190 4156 4156 4156 2326 2326 2326 4191 4191 4191 4157 4157 4157 2326 2326 2326 4157 4157 4157 2327 2327 2327 4191 4191 4191 4192 4192 4192 4157 4157 4157 4157 4157 4157 4192 4192 4192 4177 4177 4177 4192 4192 4192 4193 4193 4193 4143 4143 4143 4192 4192 4192 4143 4143 4143 4177 4177 4177 4143 4143 4143 4193 4193 4193 4144 4144 4144 4193 4193 4193 4194 4194 4194 4144 4144 4144 4144 4144 4144 4194 4194 4194 4158 4158 4158 4194 4194 4194 4195 4195 4195 4158 4158 4158 4158 4158 4158 4195 4195 4195 4178 4178 4178 4178 4178 4178 4195 4195 4195 4159 4159 4159 4195 4195 4195 4196 4196 4196 4159 4159 4159 4196 4196 4196 4197 4197 4197 4159 4159 4159 4159 4159 4159 4197 4197 4197 4179 4179 4179 4197 4197 4197 4198 4198 4198 4146 4146 4146 4197 4197 4197 4146 4146 4146 4179 4179 4179 4198 4198 4198 4199 4199 4199 4160 4160 4160 4198 4198 4198 4160 4160 4160 4146 4146 4146 4200 4200 4200 4148 4148 4148 4161 4161 4161 4201 4201 4201 4202 4202 4202 4162 4162 4162 4202 4202 4202 2323 2323 2323 4162 4162 4162 4162 4162 4162 2323 2323 2323 4147 4147 4147 2323 2323 2323 2325 2325 2325 4147 4147 4147 2325 2325 2325 2327 2327 2327 4147 4147 4147 4077 4077 4077 4203 4203 4203 4088 4088 4088 4204 4204 4204 4097 4097 4097 3992 3992 3992 4131 4131 4131 4164 4164 4164 4163 4163 4163 4164 4164 4164 4180 4180 4180 4113 4113 4113 4180 4180 4180 4114 4114 4114 4090 4090 4090 4115 4115 4115 4182 4182 4182 4107 4107 4107 4205 4205 4205 4149 4149 4149 4080 4080 4080 2344 2344 2344 2341 2341 2341 2029 2029 2029 2029 2029 2029 2341 2341 2341 4185 4185 4185 2341 2341 2341 2339 2339 2339 4185 4185 4185 4185 4185 4185 2339 2339 2339 2026 2026 2026 4206 4206 4206 4152 4152 4152 2010 2010 2010 4207 4207 4207 4186 4186 4186 4170 4170 4170 4169 4169 4169 4208 4208 4208 4187 4187 4187 4207 4207 4207 4209 4209 4209 4186 4186 4186 4208 4208 4208 2364 2364 2364 4210 4210 4210 4208 4208 4208 4210 4210 4210 4187 4187 4187 4186 4186 4186 4209 4209 4209 4172 4172 4172 2364 2364 2364 2098 2098 2098 4210 4210 4210 4209 4209 4209 4211 4211 4211 4172 4172 4172 4172 4172 4172 4211 4211 4211 4173 4173 4173 4211 4211 4211 4212 4212 4212 4173 4173 4173 4212 4212 4212 4134 4134 4134 4173 4173 4173 4212 4212 4212 4213 4213 4213 4134 4134 4134 4134 4134 4134 4213 4213 4213 4135 4135 4135 4213 4213 4213 4214 4214 4214 4135 4135 4135 4135 4135 4135 4214 4214 4214 4174 4174 4174 4214 4214 4214 4154 4154 4154 4174 4174 4174 4214 4214 4214 4215 4215 4215 4154 4154 4154 4215 4215 4215 4216 4216 4216 4154 4154 4154 4154 4154 4154 4216 4216 4216 4175 4175 4175 4216 4216 4216 4217 4217 4217 4175 4175 4175 4175 4175 4175 4217 4217 4217 4136 4136 4136 4217 4217 4217 4137 4137 4137 4136 4136 4136 4217 4217 4217 4218 4218 4218 4137 4137 4137 4137 4137 4137 4218 4218 4218 4138 4138 4138 4218 4218 4218 4219 4219 4219 4138 4138 4138 4219 4219 4219 4139 4139 4139 4138 4138 4138 4219 4219 4219 4220 4220 4220 4139 4139 4139 4220 4220 4220 4221 4221 4221 4139 4139 4139 4139 4139 4139 4221 4221 4221 4176 4176 4176 4221 4221 4221 4222 4222 4222 4176 4176 4176 4176 4176 4176 4222 4222 4222 4140 4140 4140 4222 4222 4222 4142 4142 4142 4140 4140 4140 4222 4222 4222 4223 4223 4223 4142 4142 4142 2295 2295 2295 2401 2401 2401 2281 2281 2281 4223 4223 4223 4155 4155 4155 4142 4142 4142 4224 4224 4224 4225 4225 4225 4226 4226 4226 4223 4223 4223 4227 4227 4227 4155 4155 4155 4227 4227 4227 4188 4188 4188 4155 4155 4155 4227 4227 4227 4190 4190 4190 4188 4188 4188 4188 4188 4188 4190 4190 4190 4189 4189 4189 4225 4225 4225 4148 4148 4148 4200 4200 4200 2413 2413 2413 2412 2412 2412 4228 4228 4228 4228 4228 4228 2412 2412 2412 4229 4229 4229 2412 2412 2412 2409 2409 2409 4229 4229 4229 4229 4229 4229 2409 2409 2409 2315 2315 2315 4148 4148 4148 4230 4230 4230 4077 4077 4077 4230 4230 4230 4203 4203 4203 4077 4077 4077 4130 4130 4130 4231 4231 4231 4131 4131 4131 4231 4231 4231 4164 4164 4164 4131 4131 4131 4165 4165 4165 4232 4232 4232 4115 4115 4115 4182 4182 4182 4183 4183 4183 4116 4116 4116 4117 4117 4117 4205 4205 4205 4080 4080 4080 2419 2419 2419 4233 4233 4233 4184 4184 4184 2419 2419 2419 4184 4184 4184 2001 2001 2001 2428 2428 2428 4206 4206 4206 2010 2010 2010 2427 2427 2427 2424 2424 2424 2344 2344 2344 2344 2344 2344 2424 2424 2424 2341 2341 2341 4206 4206 4206 4234 4234 4234 4152 4152 4152 4234 4234 4234 4235 4235 4235 4169 4169 4169 4234 4234 4234 4169 4169 4169 4152 4152 4152 4235 4235 4235 4208 4208 4208 4169 4169 4169 4208 4208 4208 4236 4236 4236 2364 2364 2364 4236 4236 4236 4237 4237 4237 2364 2364 2364 2364 2364 2364 4237 4237 4237 2099 2099 2099 4237 4237 4237 4238 4238 4238 2099 2099 2099 4238 4238 4238 2103 2103 2103 2099 2099 2099 4238 4238 4238 4239 4239 4239 2103 2103 2103 2103 2103 2103 4239 4239 4239 2121 2121 2121 4240 4240 4240 2136 2136 2136 2121 2121 2121 2136 2136 2136 4240 4240 4240 2142 2142 2142 4240 4240 4240 4241 4241 4241 2142 2142 2142 4241 4241 4241 4242 4242 4242 2142 2142 2142 2142 2142 2142 4242 4242 4242 2157 2157 2157 2157 2157 2157 4242 4242 4242 2177 2177 2177 4242 4242 4242 4243 4243 4243 2177 2177 2177 2177 2177 2177 4243 4243 4243 2199 2199 2199 4243 4243 4243 4244 4244 4244 2199 2199 2199 4244 4244 4244 4245 4245 4245 2199 2199 2199 2199 2199 2199 4245 4245 4245 2224 2224 2224 4245 4245 4245 4246 4246 4246 2224 2224 2224 2224 2224 2224 4246 4246 4246 2242 2242 2242 4246 4246 4246 4247 4247 4247 2242 2242 2242 2242 2242 2242 4247 4247 4247 2249 2249 2249 2249 2249 2249 4248 4248 4248 2268 2268 2268 4248 4248 4248 2276 2276 2276 2268 2268 2268 4248 4248 4248 4249 4249 4249 2276 2276 2276 2276 2276 2276 4249 4249 4249 2282 2282 2282 4226 4226 4226 4250 4250 4250 4224 4224 4224 4224 4224 4224 4251 4251 4251 4225 4225 4225 4225 4225 4225 4251 4251 4251 4148 4148 4148 4251 4251 4251 4230 4230 4230 4148 4148 4148 4252 4252 4252 4231 4231 4231 4130 4130 4130 2419 2419 2419 4253 4253 4253 4233 4233 4233 2467 2467 2467 4253 4253 4253 2419 2419 2419 4254 4254 4254 4255 4255 4255 2428 2428 2428 2428 2428 2428 4255 4255 4255 4206 4206 4206 4255 4255 4255 4256 4256 4256 4206 4206 4206 4256 4256 4256 4234 4234 4234 4206 4206 4206 4235 4235 4235 4236 4236 4236 4208 4208 4208 4239 4239 4239 4240 4240 4240 2121 2121 2121 2249 2249 2249 4247 4247 4247 4248 4248 4248 4249 4249 4249 4257 4257 4257 2282 2282 2282 4257 4257 4257 4226 4226 4226 2282 2282 2282 4257 4257 4257 4250 4250 4250 4226 4226 4226 4224 4224 4224 4250 4250 4250 4251 4251 4251 4112 4112 4112 4252 4252 4252 4130 4130 4130 4231 4231 4231 4258 4258 4258 4164 4164 4164 4258 4258 4258 4180 4180 4180 4164 4164 4164 4258 4258 4258 4114 4114 4114 4180 4180 4180 4258 4258 4258 4259 4259 4259 4114 4114 4114 4259 4259 4259 4260 4260 4260 4114 4114 4114 4260 4260 4260 4091 4091 4091 4114 4114 4114 4260 4260 4260 4181 4181 4181 4091 4091 4091 4181 4181 4181 4232 4232 4232 4165 4165 4165 4232 4232 4232 4261 4261 4261 4115 4115 4115 4261 4261 4261 4182 4182 4182 4115 4115 4115 4262 4262 4262 4263 4263 4263 4264 4264 4264 4263 4263 4263 4265 4265 4265 4264 4264 4264 4263 4263 4263 4266 4266 4266 4265 4265 4265 4265 4265 4265 4266 4266 4266 4267 4267 4267 4266 4266 4266 4268 4268 4268 4267 4267 4267 4266 4266 4266 4269 4269 4269 4268 4268 4268 4269 4269 4269 4270 4270 4270 4268 4268 4268 4269 4269 4269 4271 4271 4271 4270 4270 4270 4272 4272 4272 4273 4273 4273 4274 4274 4274 4273 4273 4273 4275 4275 4275 4274 4274 4274 4276 4276 4276 4277 4277 4277 4278 4278 4278 4277 4277 4277 4279 4279 4279 4278 4278 4278 4277 4277 4277 4280 4280 4280 4281 4281 4281 4277 4277 4277 4281 4281 4281 4279 4279 4279 4281 4281 4281 4280 4280 4280 4282 4282 4282 4280 4280 4280 4283 4283 4283 4284 4284 4284 4280 4280 4280 4284 4284 4284 4282 4282 4282 4285 4285 4285 4286 4286 4286 4254 4254 4254 4283 4283 4283 4287 4287 4287 4284 4284 4284 4284 4284 4284 4287 4287 4287 4288 4288 4288 4289 4289 4289 4263 4263 4263 4262 4262 4262 4263 4263 4263 4290 4290 4290 4266 4266 4266 4290 4290 4290 4291 4291 4291 4266 4266 4266 4266 4266 4266 4291 4291 4291 4269 4269 4269 4291 4291 4291 4292 4292 4292 4269 4269 4269 4292 4292 4292 4293 4293 4293 4276 4276 4276 4294 4294 4294 4275 4275 4275 4273 4273 4273 4293 4293 4293 4295 4295 4295 4276 4276 4276 4276 4276 4276 4295 4295 4295 4277 4277 4277 4295 4295 4295 4296 4296 4296 4277 4277 4277 4277 4277 4277 4296 4296 4296 4280 4280 4280 4296 4296 4296 4297 4297 4297 4280 4280 4280 4297 4297 4297 4283 4283 4283 4280 4280 4280 4297 4297 4297 4298 4298 4298 4283 4283 4283 4286 4286 4286 4299 4299 4299 4255 4255 4255 4286 4286 4286 4255 4255 4255 4254 4254 4254 4298 4298 4298 4300 4300 4300 4283 4283 4283 4283 4283 4283 4300 4300 4300 4287 4287 4287 4289 4289 4289 4301 4301 4301 4263 4263 4263 4301 4301 4301 4302 4302 4302 4263 4263 4263 4263 4263 4263 4302 4302 4302 4290 4290 4290 4291 4291 4291 4303 4303 4303 4292 4292 4292 4292 4292 4292 4304 4304 4304 4293 4293 4293 4295 4295 4295 4305 4305 4305 4296 4296 4296 4299 4299 4299 4256 4256 4256 4255 4255 4255 4306 4306 4306 4301 4301 4301 4289 4289 4289 4296 4296 4296 4307 4307 4307 4297 4297 4297 4307 4307 4307 4308 4308 4308 4297 4297 4297 4308 4308 4308 4298 4298 4298 4297 4297 4297 4298 4298 4298 4309 4309 4309 4300 4300 4300 4256 4256 4256 4235 4235 4235 4234 4234 4234 4309 4309 4309 4310 4310 4310 4300 4300 4300 4300 4300 4300 4310 4310 4310 4311 4311 4311 4302 4302 4302 4312 4312 4312 4290 4290 4290 4312 4312 4312 4303 4303 4303 4290 4290 4290 4290 4290 4290 4303 4303 4303 4291 4291 4291 4303 4303 4303 4304 4304 4304 4292 4292 4292 4304 4304 4304 4313 4313 4313 4293 4293 4293 4313 4313 4313 4295 4295 4295 4293 4293 4293 4313 4313 4313 4314 4314 4314 4305 4305 4305 4313 4313 4313 4305 4305 4305 4295 4295 4295 4305 4305 4305 4314 4314 4314 4296 4296 4296 4314 4314 4314 4307 4307 4307 4296 4296 4296 4315 4315 4315 4301 4301 4301 4306 4306 4306 4316 4316 4316 4302 4302 4302 4301 4301 4301 4316 4316 4316 4312 4312 4312 4302 4302 4302 4303 4303 4303 4313 4313 4313 4304 4304 4304 4313 4313 4313 4317 4317 4317 4314 4314 4314 4317 4317 4317 4307 4307 4307 4314 4314 4314 4308 4308 4308 4309 4309 4309 4298 4298 4298 4235 4235 4235 4318 4318 4318 4236 4236 4236 4312 4312 4312 4319 4319 4319 4303 4303 4303 4303 4303 4303 4319 4319 4319 4313 4313 4313 4319 4319 4319 4320 4320 4320 4313 4313 4313 4320 4320 4320 4317 4317 4317 4313 4313 4313 4321 4321 4321 4308 4308 4308 4307 4307 4307 4322 4322 4322 4312 4312 4312 4316 4316 4316 4312 4312 4312 4323 4323 4323 4319 4319 4319 4324 4324 4324 4325 4325 4325 4312 4312 4312 4325 4325 4325 4323 4323 4323 4312 4312 4312 4319 4319 4319 4323 4323 4323 4320 4320 4320 4323 4323 4323 4326 4326 4326 4320 4320 4320 4326 4326 4326 4327 4327 4327 4320 4320 4320 4320 4320 4320 4327 4327 4327 4317 4317 4317 4327 4327 4327 4328 4328 4328 4307 4307 4307 4327 4327 4327 4307 4307 4307 4317 4317 4317 4328 4328 4328 4321 4321 4321 4307 4307 4307 4329 4329 4329 4330 4330 4330 4331 4331 4331 4318 4318 4318 4332 4332 4332 4237 4237 4237 4318 4318 4318 4237 4237 4237 4236 4236 4236 4315 4315 4315 4333 4333 4333 4301 4301 4301 4333 4333 4333 4316 4316 4316 4301 4301 4301 4316 4316 4316 4324 4324 4324 4322 4322 4322 4322 4322 4322 4324 4324 4324 4312 4312 4312 4329 4329 4329 4334 4334 4334 4330 4330 4330 4335 4335 4335 4332 4332 4332 4318 4318 4318 4326 4326 4326 4336 4336 4336 4327 4327 4327 4337 4337 4337 4329 4329 4329 4331 4331 4331 4332 4332 4332 4238 4238 4238 4237 4237 4237 4333 4333 4333 4338 4338 4338 4316 4316 4316 4338 4338 4338 4324 4324 4324 4316 4316 4316 4339 4339 4339 4340 4340 4340 4325 4325 4325 4339 4339 4339 4325 4325 4325 4324 4324 4324 4340 4340 4340 4323 4323 4323 4325 4325 4325 4336 4336 4336 4328 4328 4328 4327 4327 4327 4341 4341 4341 4342 4342 4342 4343 4343 4343 4344 4344 4344 4345 4345 4345 4321 4321 4321 4346 4346 4346 4333 4333 4333 4315 4315 4315 4347 4347 4347 4342 4342 4342 4341 4341 4341 4338 4338 4338 4339 4339 4339 4324 4324 4324 4348 4348 4348 4349 4349 4349 4340 4340 4340 4340 4340 4340 4349 4349 4349 4323 4323 4323 4349 4349 4349 4350 4350 4350 4326 4326 4326 4349 4349 4349 4326 4326 4326 4323 4323 4323 4326 4326 4326 4350 4350 4350 4336 4336 4336 4332 4332 4332 4351 4351 4351 4238 4238 4238 4238 4238 4238 4351 4351 4351 4239 4239 4239 4352 4352 4352 4353 4353 4353 4354 4354 4354 4355 4355 4355 4356 4356 4356 4345 4345 4345 4355 4355 4355 4345 4345 4345 4344 4344 4344 4339 4339 4339 4348 4348 4348 4340 4340 4340 4336 4336 4336 4357 4357 4357 4344 4344 4344 4357 4357 4357 4355 4355 4355 4344 4344 4344 4338 4338 4338 4358 4358 4358 4339 4339 4339 4358 4358 4358 4348 4348 4348 4339 4339 4339 4359 4359 4359 4349 4349 4349 4348 4348 4348 4356 4356 4356 4352 4352 4352 4345 4345 4345 4360 4360 4360 4358 4358 4358 4338 4338 4338 4359 4359 4359 4361 4361 4361 4349 4349 4349 4361 4361 4361 4350 4350 4350 4349 4349 4349 4350 4350 4350 4362 4362 4362 4336 4336 4336 4362 4362 4362 4363 4363 4363 4336 4336 4336 4363 4363 4363 4357 4357 4357 4336 4336 4336 4346 4346 4346 4364 4364 4364 4333 4333 4333 4364 4364 4364 4338 4338 4338 4333 4333 4333 4365 4365 4365 4359 4359 4359 4348 4348 4348 4358 4358 4358 4365 4365 4365 4348 4348 4348 4366 4366 4366 4367 4367 4367 4355 4355 4355 4366 4366 4366 4355 4355 4355 4357 4357 4357 4361 4361 4361 4368 4368 4368 4350 4350 4350 4368 4368 4368 4362 4362 4362 4350 4350 4350 4363 4363 4363 4366 4366 4366 4357 4357 4357 4369 4369 4369 4352 4352 4352 4356 4356 4356 4370 4370 4370 4359 4359 4359 4365 4365 4365 4364 4364 4364 4371 4371 4371 4338 4338 4338 4371 4371 4371 4360 4360 4360 4338 4338 4338 4367 4367 4367 4356 4356 4356 4355 4355 4355 4369 4369 4369 4372 4372 4372 4352 4352 4352 4351 4351 4351 4240 4240 4240 4239 4239 4239 4372 4372 4372 4353 4353 4353 4352 4352 4352 4358 4358 4358 4370 4370 4370 4365 4365 4365 4360 4360 4360 4373 4373 4373 4358 4358 4358 4367 4367 4367 4369 4369 4369 4356 4356 4356 4374 4374 4374 4359 4359 4359 4370 4370 4370 4375 4375 4375 4366 4366 4366 4363 4363 4363 4376 4376 4376 4364 4364 4364 4346 4346 4346 4373 4373 4373 4370 4370 4370 4358 4358 4358 4377 4377 4377 4378 4378 4378 4379 4379 4379 4380 4380 4380 4369 4369 4369 4367 4367 4367 4351 4351 4351 4381 4381 4381 4240 4240 4240 4372 4372 4372 4382 4382 4382 4353 4353 4353 4362 4362 4362 4375 4375 4375 4363 4363 4363 4383 4383 4383 4362 4362 4362 4368 4368 4368 4380 4380 4380 4384 4384 4384 4369 4369 4369 4373 4373 4373 4374 4374 4374 4370 4370 4370 4377 4377 4377 4385 4385 4385 4378 4378 4378 4385 4385 4385 4386 4386 4386 4378 4378 4378 4361 4361 4361 4383 4383 4383 4368 4368 4368 4240 4240 4240 4381 4381 4381 4241 4241 4241 4383 4383 4383 4375 4375 4375 4362 4362 4362 4376 4376 4376 4387 4387 4387 4364 4364 4364 4387 4387 4387 4371 4371 4371 4364 4364 4364 4375 4375 4375 4388 4388 4388 4366 4366 4366 4389 4389 4389 4384 4384 4384 4380 4380 4380 4390 4390 4390 4391 4391 4391 4374 4374 4374 4392 4392 4392 4388 4388 4388 4375 4375 4375 4388 4388 4388 4389 4389 4389 4366 4366 4366 4366 4366 4366 4389 4389 4389 4367 4367 4367 4389 4389 4389 4380 4380 4380 4367 4367 4367 4384 4384 4384 4372 4372 4372 4369 4369 4369 4387 4387 4387 4393 4393 4393 4371 4371 4371 4393 4393 4393 4360 4360 4360 4371 4371 4371 4374 4374 4374 4394 4394 4394 4390 4390 4390 4392 4392 4392 4375 4375 4375 4383 4383 4383 4384 4384 4384 4395 4395 4395 4372 4372 4372 4395 4395 4395 4382 4382 4382 4372 4372 4372 4391 4391 4391 4390 4390 4390 4383 4383 4383 4388 4388 4388 4396 4396 4396 4389 4389 4389 4381 4381 4381 4397 4397 4397 4241 4241 4241 4395 4395 4395 4398 4398 4398 4382 4382 4382 4399 4399 4399 4387 4387 4387 4376 4376 4376 4393 4393 4393 4400 4400 4400 4360 4360 4360 4360 4360 4360 4400 4400 4400 4373 4373 4373 4400 4400 4400 4394 4394 4394 4373 4373 4373 4373 4373 4373 4394 4394 4394 4374 4374 4374 4390 4390 4390 4401 4401 4401 4383 4383 4383 4392 4392 4392 4396 4396 4396 4388 4388 4388 4394 4394 4394 4402 4402 4402 4390 4390 4390 4402 4402 4402 4401 4401 4401 4390 4390 4390 4403 4403 4403 4404 4404 4404 4405 4405 4405 4383 4383 4383 4406 4406 4406 4392 4392 4392 4406 4406 4406 4396 4396 4396 4392 4392 4392 4396 4396 4396 4407 4407 4407 4389 4389 4389 4407 4407 4407 4384 4384 4384 4389 4389 4389 4397 4397 4397 4242 4242 4242 4241 4241 4241 4407 4407 4407 4408 4408 4408 4384 4384 4384 4409 4409 4409 4410 4410 4410 4411 4411 4411 4412 4412 4412 4402 4402 4402 4394 4394 4394 4409 4409 4409 4413 4413 4413 4410 4410 4410 4413 4413 4413 4414 4414 4414 4410 4410 4410 4400 4400 4400 4412 4412 4412 4394 4394 4394 4412 4412 4412 4415 4415 4415 4402 4402 4402 4403 4403 4403 4416 4416 4416 4404 4404 4404 4406 4406 4406 4417 4417 4417 4396 4396 4396 4387 4387 4387 4418 4418 4418 4393 4393 4393 4418 4418 4418 4419 4419 4419 4393 4393 4393 4419 4419 4419 4400 4400 4400 4393 4393 4393 4416 4416 4416 4420 4420 4420 4404 4404 4404 4417 4417 4417 4421 4421 4421 4396 4396 4396 4396 4396 4396 4421 4421 4421 4407 4407 4407 4421 4421 4421 4408 4408 4408 4407 4407 4407 4415 4415 4415 4422 4422 4422 4402 4402 4402 4422 4422 4422 4401 4401 4401 4402 4402 4402 4397 4397 4397 4423 4423 4423 4242 4242 4242 4413 4413 4413 4424 4424 4424 4414 4414 4414 4422 4422 4422 4425 4425 4425 4401 4401 4401 4425 4425 4425 4426 4426 4426 4401 4401 4401 4399 4399 4399 4427 4427 4427 4387 4387 4387 4427 4427 4427 4418 4418 4418 4387 4387 4387 4425 4425 4425 4428 4428 4428 4426 4426 4426 4428 4428 4428 4417 4417 4417 4426 4426 4426 4417 4417 4417 4429 4429 4429 4421 4421 4421 4430 4430 4430 4431 4431 4431 4408 4408 4408 4429 4429 4429 4432 4432 4432 4421 4421 4421 4423 4423 4423 4243 4243 4243 4242 4242 4242 4421 4421 4421 4430 4430 4430 4408 4408 4408 4418 4418 4418 4433 4433 4433 4419 4419 4419 4419 4419 4419 4434 4434 4434 4400 4400 4400 4434 4434 4434 4412 4412 4412 4400 4400 4400 4432 4432 4432 4430 4430 4430 4421 4421 4421 4435 4435 4435 4427 4427 4427 4399 4399 4399 4436 4436 4436 4437 4437 4437 4438 4438 4438 4434 4434 4434 4439 4439 4439 4412 4412 4412 4439 4439 4439 4422 4422 4422 4412 4412 4412 4422 4422 4422 4415 4415 4415 4412 4412 4412 4433 4433 4433 4434 4434 4434 4419 4419 4419 4422 4422 4422 4440 4440 4440 4425 4425 4425 4440 4440 4440 4428 4428 4428 4425 4425 4425 4432 4432 4432 4441 4441 4441 4430 4430 4430 4442 4442 4442 4440 4440 4440 4422 4422 4422 4440 4440 4440 4443 4443 4443 4428 4428 4428 4429 4429 4429 4444 4444 4444 4432 4432 4432 4441 4441 4441 4445 4445 4445 4430 4430 4430 4430 4430 4430 4445 4445 4445 4431 4431 4431 4445 4445 4445 4446 4446 4446 4431 4431 4431 4439 4439 4439 4447 4447 4447 4422 4422 4422 4448 4448 4448 4449 4449 4449 4450 4450 4450 4451 4451 4451 4452 4452 4452 4434 4434 4434 4452 4452 4452 4439 4439 4439 4434 4434 4434 4447 4447 4447 4453 4453 4453 4422 4422 4422 4442 4442 4442 4443 4443 4443 4440 4440 4440 4443 4443 4443 4454 4454 4454 4428 4428 4428 4436 4436 4436 4455 4455 4455 4437 4437 4437 4455 4455 4455 4456 4456 4456 4437 4437 4437 4457 4457 4457 4444 4444 4444 4429 4429 4429 4444 4444 4444 4441 4441 4441 4432 4432 4432 4423 4423 4423 4458 4458 4458 4243 4243 4243 4445 4445 4445 4459 4459 4459 4446 4446 4446 4458 4458 4458 4244 4244 4244 4243 4243 4243 4452 4452 4452 4447 4447 4447 4439 4439 4439 4453 4453 4453 4442 4442 4442 4422 4422 4422 4457 4457 4457 4460 4460 4460 4444 4444 4444 4460 4460 4460 4441 4441 4441 4444 4444 4444 4442 4442 4442 4461 4461 4461 4443 4443 4443 4443 4443 4443 4462 4462 4462 4454 4454 4454 4462 4462 4462 4457 4457 4457 4454 4454 4454 4463 4463 4463 4464 4464 4464 4427 4427 4427 4463 4463 4463 4427 4427 4427 4435 4435 4435 4464 4464 4464 4465 4465 4465 4427 4427 4427 4427 4427 4427 4465 4465 4465 4418 4418 4418 4465 4465 4465 4433 4433 4433 4418 4418 4418 4466 4466 4466 4448 4448 4448 4450 4450 4450 4461 4461 4461 4462 4462 4462 4443 4443 4443 4460 4460 4460 4467 4467 4467 4441 4441 4441 4441 4441 4441 4468 4468 4468 4445 4445 4445 4468 4468 4468 4459 4459 4459 4445 4445 4445 4447 4447 4447 4469 4469 4469 4453 4453 4453 4467 4467 4467 4468 4468 4468 4441 4441 4441 4453 4453 4453 4461 4461 4461 4442 4442 4442 4470 4470 4470 4471 4471 4471 4472 4472 4472 4451 4451 4451 4473 4473 4473 4452 4452 4452 4473 4473 4473 4474 4474 4474 4452 4452 4452 4452 4452 4452 4474 4474 4474 4447 4447 4447 4475 4475 4475 4476 4476 4476 4460 4460 4460 4475 4475 4475 4460 4460 4460 4457 4457 4457 4476 4476 4476 4467 4467 4467 4460 4460 4460 4477 4477 4477 4448 4448 4448 4466 4466 4466 4453 4453 4453 4478 4478 4478 4461 4461 4461 4479 4479 4479 4462 4462 4462 4461 4461 4461 4458 4458 4458 4246 4246 4246 4244 4244 4244 4468 4468 4468 4480 4480 4480 4459 4459 4459 4246 4246 4246 4245 4245 4245 4244 4244 4244 4481 4481 4481 4482 4482 4482 4483 4483 4483 4482 4482 4482 4466 4466 4466 4483 4483 4483 4484 4484 4484 4485 4485 4485 4451 4451 4451 4485 4485 4485 4473 4473 4473 4451 4451 4451 4474 4474 4474 4469 4469 4469 4447 4447 4447 4478 4478 4478 4479 4479 4479 4461 4461 4461 4486 4486 4486 4482 4482 4482 4481 4481 4481 4469 4469 4469 4487 4487 4487 4453 4453 4453 4487 4487 4487 4478 4478 4478 4453 4453 4453 4488 4488 4488 4489 4489 4489 4490 4490 4490 4491 4491 4491 4471 4471 4471 4470 4470 4470 4482 4482 4482 4492 4492 4492 4466 4466 4466 4492 4492 4492 4477 4477 4477 4466 4466 4466 4493 4493 4493 4488 4488 4488 4490 4490 4490 4479 4479 4479 4494 4494 4494 4475 4475 4475 4495 4495 4495 4493 4493 4493 4496 4496 4496 4475 4475 4475 4497 4497 4497 4476 4476 4476 4497 4497 4497 4467 4467 4467 4476 4476 4476 4246 4246 4246 4498 4498 4498 4247 4247 4247 4468 4468 4468 4499 4499 4499 4480 4480 4480 4473 4473 4473 4500 4500 4500 4474 4474 4474 4501 4501 4501 4495 4495 4495 4496 4496 4496 4467 4467 4467 4502 4502 4502 4468 4468 4468 4502 4502 4502 4499 4499 4499 4468 4468 4468 4503 4503 4503 4485 4485 4485 4484 4484 4484 4504 4504 4504 4495 4495 4495 4501 4501 4501 4493 4493 4493 4505 4505 4505 4488 4488 4488 4506 4506 4506 4507 4507 4507 4479 4479 4479 4507 4507 4507 4494 4494 4494 4479 4479 4479 4497 4497 4497 4508 4508 4508 4467 4467 4467 4509 4509 4509 4510 4510 4510 4506 4506 4506 4508 4508 4508 4502 4502 4502 4467 4467 4467 4495 4495 4495 4505 4505 4505 4493 4493 4493 4510 4510 4510 4511 4511 4511 4506 4506 4506 4506 4506 4506 4511 4511 4511 4507 4507 4507 4507 4507 4507 4512 4512 4512 4494 4494 4494 4512 4512 4512 4475 4475 4475 4494 4494 4494 4512 4512 4512 4497 4497 4497 4475 4475 4475 4513 4513 4513 4514 4514 4514 4515 4515 4515 4514 4514 4514 4503 4503 4503 4515 4515 4515 4485 4485 4485 4516 4516 4516 4473 4473 4473 4516 4516 4516 4500 4500 4500 4473 4473 4473 4511 4511 4511 4512 4512 4512 4507 4507 4507 4517 4517 4517 4508 4508 4508 4497 4497 4497 4503 4503 4503 4518 4518 4518 4485 4485 4485 4517 4517 4517 4519 4519 4519 4508 4508 4508 4514 4514 4514 4518 4518 4518 4503 4503 4503 4518 4518 4518 4516 4516 4516 4485 4485 4485 4512 4512 4512 4517 4517 4517 4497 4497 4497 4519 4519 4519 4520 4520 4520 4508 4508 4508 4508 4508 4508 4520 4520 4520 4502 4502 4502 4520 4520 4520 4499 4499 4499 4502 4502 4502 4521 4521 4521 4522 4522 4522 4509 4509 4509 4522 4522 4522 4510 4510 4510 4509 4509 4509 4518 4518 4518 4523 4523 4523 4516 4516 4516 4524 4524 4524 4500 4500 4500 4516 4516 4516 4525 4525 4525 4521 4521 4521 4500 4500 4500 4525 4525 4525 4522 4522 4522 4521 4521 4521 4522 4522 4522 4526 4526 4526 4510 4510 4510 4526 4526 4526 4511 4511 4511 4510 4510 4510 4527 4527 4527 4517 4517 4517 4512 4512 4512 4523 4523 4523 4524 4524 4524 4516 4516 4516 4524 4524 4524 4525 4525 4525 4500 4500 4500 4528 4528 4528 4512 4512 4512 4511 4511 4511 4529 4529 4529 4527 4527 4527 4512 4512 4512 4526 4526 4526 4528 4528 4528 4511 4511 4511 4528 4528 4528 4529 4529 4529 4512 4512 4512 4527 4527 4527 4530 4530 4530 4517 4517 4517 4530 4530 4530 4531 4531 4531 4519 4519 4519 4530 4530 4530 4519 4519 4519 4517 4517 4517 4524 4524 4524 4532 4532 4532 4525 4525 4525 4532 4532 4532 4522 4522 4522 4525 4525 4525 4522 4522 4522 4533 4533 4533 4526 4526 4526 4498 4498 4498 4534 4534 4534 4247 4247 4247 4520 4520 4520 4535 4535 4535 4499 4499 4499 4533 4533 4533 4536 4536 4536 4526 4526 4526 4526 4526 4526 4536 4536 4536 4528 4528 4528 4531 4531 4531 4520 4520 4520 4519 4519 4519 4537 4537 4537 4514 4514 4514 4513 4513 4513 4247 4247 4247 4534 4534 4534 4248 4248 4248 4537 4537 4537 4538 4538 4538 4514 4514 4514 4538 4538 4538 4518 4518 4518 4514 4514 4514 4518 4518 4518 4539 4539 4539 4523 4523 4523 4539 4539 4539 4540 4540 4540 4523 4523 4523 4540 4540 4540 4524 4524 4524 4523 4523 4523 4541 4541 4541 4528 4528 4528 4536 4536 4536 4541 4541 4541 4529 4529 4529 4528 4528 4528 4542 4542 4542 4543 4543 4543 4544 4544 4544 4531 4531 4531 4545 4545 4545 4520 4520 4520 4545 4545 4545 4535 4535 4535 4520 4520 4520 4538 4538 4538 4539 4539 4539 4518 4518 4518 4540 4540 4540 4546 4546 4546 4524 4524 4524 4546 4546 4546 4532 4532 4532 4524 4524 4524 4546 4546 4546 4522 4522 4522 4532 4532 4532 4541 4541 4541 4547 4547 4547 4529 4529 4529 4546 4546 4546 4548 4548 4548 4522 4522 4522 4548 4548 4548 4533 4533 4533 4522 4522 4522 4548 4548 4548 4549 4549 4549 4536 4536 4536 4548 4548 4548 4536 4536 4536 4533 4533 4533 4549 4549 4549 4541 4541 4541 4536 4536 4536 4550 4550 4550 4543 4543 4543 4542 4542 4542 4551 4551 4551 4545 4545 4545 4531 4531 4531 4539 4539 4539 4552 4552 4552 4540 4540 4540 4552 4552 4552 4553 4553 4553 4540 4540 4540 4540 4540 4540 4553 4553 4553 4546 4546 4546 4554 4554 4554 4548 4548 4548 4546 4546 4546 4549 4549 4549 4555 4555 4555 4541 4541 4541 4538 4538 4538 4556 4556 4556 4539 4539 4539 4534 4534 4534 4249 4249 4249 4248 4248 4248 4547 4547 4547 4551 4551 4551 4530 4530 4530 4556 4556 4556 4552 4552 4552 4539 4539 4539 4553 4553 4553 4554 4554 4554 4546 4546 4546 4555 4555 4555 4547 4547 4547 4541 4541 4541 4534 4534 4534 4257 4257 4257 4249 4249 4249 4551 4551 4551 4531 4531 4531 4530 4530 4530 4557 4557 4557 4538 4538 4538 4537 4537 4537 4534 4534 4534 4558 4558 4558 4257 4257 4257 4545 4545 4545 4559 4559 4559 4535 4535 4535 4557 4557 4557 4560 4560 4560 4538 4538 4538 4560 4560 4560 4556 4556 4556 4538 4538 4538 4556 4556 4556 4553 4553 4553 4552 4552 4552 4553 4553 4553 4561 4561 4561 4554 4554 4554 4561 4561 4561 4562 4562 4562 4554 4554 4554 4554 4554 4554 4563 4563 4563 4549 4549 4549 4554 4554 4554 4549 4549 4549 4548 4548 4548 4564 4564 4564 4565 4565 4565 4566 4566 4566 4565 4565 4565 4567 4567 4567 4566 4566 4566 4568 4568 4568 4569 4569 4569 4555 4555 4555 4569 4569 4569 4547 4547 4547 4555 4555 4555 4569 4569 4569 4551 4551 4551 4547 4547 4547 4560 4560 4560 4570 4570 4570 4556 4556 4556 4556 4556 4556 4561 4561 4561 4553 4553 4553 4571 4571 4571 4551 4551 4551 4569 4569 4569 4561 4561 4561 4572 4572 4572 4562 4562 4562 4554 4554 4554 4562 4562 4562 4563 4563 4563 4563 4563 4563 4573 4573 4573 4568 4568 4568 4573 4573 4573 4574 4574 4574 4568 4568 4568 4568 4568 4568 4574 4574 4574 4569 4569 4569 4571 4571 4571 4575 4575 4575 4551 4551 4551 4574 4574 4574 4571 4571 4571 4569 4569 4569 4257 4257 4257 4558 4558 4558 4250 4250 4250 4556 4556 4556 4576 4576 4576 4561 4561 4561 4576 4576 4576 4572 4572 4572 4561 4561 4561 4558 4558 4558 4577 4577 4577 4250 4250 4250 4545 4545 4545 4578 4578 4578 4559 4559 4559 4570 4570 4570 4576 4576 4576 4556 4556 4556 4572 4572 4572 4579 4579 4579 4562 4562 4562 4562 4562 4562 4579 4579 4579 4563 4563 4563 4579 4579 4579 4573 4573 4573 4563 4563 4563 4574 4574 4574 4580 4580 4580 4571 4571 4571 4580 4580 4580 4575 4575 4575 4571 4571 4571 4575 4575 4575 4581 4581 4581 4551 4551 4551 4551 4551 4551 4581 4581 4581 4545 4545 4545 4581 4581 4581 4578 4578 4578 4545 4545 4545 4582 4582 4582 4576 4576 4576 4570 4570 4570 4576 4576 4576 4583 4583 4583 4572 4572 4572 4583 4583 4583 4579 4579 4579 4572 4572 4572 4579 4579 4579 4584 4584 4584 4573 4573 4573 4573 4573 4573 4584 4584 4584 4574 4574 4574 4585 4585 4585 4560 4560 4560 4557 4557 4557 4582 4582 4582 4586 4586 4586 4576 4576 4576 4586 4586 4586 4583 4583 4583 4576 4576 4576 4560 4560 4560 4582 4582 4582 4570 4570 4570 4584 4584 4584 4580 4580 4580 4574 4574 4574 4585 4585 4585 4587 4587 4587 4560 4560 4560 4587 4587 4587 4588 4588 4588 4582 4582 4582 4587 4587 4587 4582 4582 4582 4560 4560 4560 4588 4588 4588 4586 4586 4586 4582 4582 4582 4589 4589 4589 4590 4590 4590 4580 4580 4580 4589 4589 4589 4580 4580 4580 4584 4584 4584 4590 4590 4590 4575 4575 4575 4580 4580 4580 4577 4577 4577 4251 4251 4251 4250 4250 4250 4591 4591 4591 4586 4586 4586 4588 4588 4588 4591 4591 4591 4592 4592 4592 4586 4586 4586 4586 4586 4586 4592 4592 4592 4583 4583 4583 4592 4592 4592 4593 4593 4593 4583 4583 4583 4593 4593 4593 4579 4579 4579 4583 4583 4583 4594 4594 4594 4595 4595 4595 4596 4596 4596 4579 4579 4579 4597 4597 4597 4584 4584 4584 4597 4597 4597 4589 4589 4589 4584 4584 4584 4590 4590 4590 4598 4598 4598 4575 4575 4575 4598 4598 4598 4599 4599 4599 4575 4575 4575 4599 4599 4599 4581 4581 4581 4575 4575 4575 4600 4600 4600 4587 4587 4587 4585 4585 4585 4601 4601 4601 4602 4602 4602 4603 4603 4603 4604 4604 4604 4598 4598 4598 4590 4590 4590 4577 4577 4577 4605 4605 4605 4251 4251 4251 4251 4251 4251 4605 4605 4605 4230 4230 4230 4581 4581 4581 4606 4606 4606 4578 4578 4578 4587 4587 4587 4591 4591 4591 4588 4588 4588 4599 4599 4599 4606 4606 4606 4581 4581 4581 4600 4600 4600 4607 4607 4607 4587 4587 4587 4607 4607 4607 4608 4608 4608 4587 4587 4587 4587 4587 4587 4608 4608 4608 4591 4591 4591 4591 4591 4591 4608 4608 4608 4592 4592 4592 4608 4608 4608 4609 4609 4609 4592 4592 4592 4609 4609 4609 4593 4593 4593 4592 4592 4592 4609 4609 4609 4610 4610 4610 4593 4593 4593 4611 4611 4611 4595 4595 4595 4594 4594 4594 4610 4610 4610 4589 4589 4589 4597 4597 4597 4612 4612 4612 4613 4613 4613 4601 4601 4601 4601 4601 4601 4613 4613 4613 4602 4602 4602 4614 4614 4614 4615 4615 4615 4604 4604 4604 4615 4615 4615 4598 4598 4598 4604 4604 4604 4598 4598 4598 4615 4615 4615 4599 4599 4599 4615 4615 4615 4616 4616 4616 4599 4599 4599 4599 4599 4599 4616 4616 4616 4606 4606 4606 4605 4605 4605 4203 4203 4203 4230 4230 4230 4112 4112 4112 4617 4617 4617 4252 4252 4252 4617 4617 4617 4618 4618 4618 4252 4252 4252 4618 4618 4618 4231 4231 4231 4252 4252 4252 4183 4183 4183 4619 4619 4619 4117 4117 4117 4619 4619 4619 4205 4205 4205 4117 4117 4117 2486 2486 2486 2485 2485 2485 2469 2469 2469 4097 4097 4097 4620 4620 4620 4112 4112 4112 4620 4620 4620 4621 4621 4621 4112 4112 4112 4621 4621 4621 4617 4617 4617 4112 4112 4112 4231 4231 4231 4622 4622 4622 4258 4258 4258 4622 4622 4622 4623 4623 4623 4258 4258 4258 4624 4624 4624 4181 4181 4181 4260 4260 4260 4261 4261 4261 4625 4625 4625 4182 4182 4182 4625 4625 4625 4183 4183 4183 4182 4182 4182 4625 4625 4625 4626 4626 4626 4183 4183 4183 4205 4205 4205 4627 4627 4627 4149 4149 4149 4628 4628 4628 4629 4629 4629 4150 4150 4150 4150 4150 4150 4629 4629 4629 4166 4166 4166 4629 4629 4629 4151 4151 4151 4166 4166 4166 4204 4204 4204 4620 4620 4620 4097 4097 4097 4618 4618 4618 4622 4622 4622 4231 4231 4231 4623 4623 4623 4630 4630 4630 4258 4258 4258 4258 4258 4258 4630 4630 4630 4259 4259 4259 4630 4630 4630 4260 4260 4260 4259 4259 4259 4624 4624 4624 4631 4631 4631 4181 4181 4181 4631 4631 4631 4232 4232 4232 4181 4181 4181 4631 4631 4631 4261 4261 4261 4232 4232 4232 4632 4632 4632 4619 4619 4619 4183 4183 4183 4619 4619 4619 4633 4633 4633 4205 4205 4205 4633 4633 4633 4627 4627 4627 4205 4205 4205 4623 4623 4623 4634 4634 4634 4630 4630 4630 4626 4626 4626 4632 4632 4632 4183 4183 4183 4629 4629 4629 4635 4635 4635 4151 4151 4151 4636 4636 4636 4637 4637 4637 4204 4204 4204 4204 4204 4204 4637 4637 4637 4620 4620 4620 4637 4637 4637 4621 4621 4621 4620 4620 4620 4638 4638 4638 4618 4618 4618 4617 4617 4617 4618 4618 4618 4638 4638 4638 4622 4622 4622 4638 4638 4638 4639 4639 4639 4622 4622 4622 4622 4622 4622 4639 4639 4639 4623 4623 4623 4639 4639 4639 4634 4634 4634 4623 4623 4623 4630 4630 4630 4634 4634 4634 4260 4260 4260 4634 4634 4634 4624 4624 4624 4260 4260 4260 4631 4631 4631 4625 4625 4625 4261 4261 4261 4633 4633 4633 4640 4640 4640 4627 4627 4627 4641 4641 4641 4629 4629 4629 4628 4628 4628 4629 4629 4629 4642 4642 4642 4635 4635 4635 4636 4636 4636 4643 4643 4643 4637 4637 4637 4636 4636 4636 4644 4644 4644 4643 4643 4643 4643 4643 4643 4621 4621 4621 4637 4637 4637 4644 4644 4644 4645 4645 4645 4643 4643 4643 4643 4643 4643 4646 4646 4646 4621 4621 4621 4645 4645 4645 4646 4646 4646 4643 4643 4643 4645 4645 4645 4647 4647 4647 4646 4646 4646 4621 4621 4621 4646 4646 4646 4617 4617 4617 4647 4647 4647 4648 4648 4648 4646 4646 4646 4646 4646 4646 4638 4638 4638 4617 4617 4617 4646 4646 4646 4648 4648 4648 4638 4638 4638 4648 4648 4648 4649 4649 4649 4650 4650 4650 4648 4648 4648 4650 4650 4650 4638 4638 4638 4638 4638 4638 4650 4650 4650 4639 4639 4639 4651 4651 4651 4652 4652 4652 4653 4653 4653 4639 4639 4639 4650 4650 4650 4634 4634 4634 4652 4652 4652 4654 4654 4654 4653 4653 4653 4650 4650 4650 4655 4655 4655 4634 4634 4634 4653 4653 4653 4654 4654 4654 4656 4656 4656 4654 4654 4654 4657 4657 4657 4656 4656 4656 4634 4634 4634 4655 4655 4655 4624 4624 4624 4657 4657 4657 4658 4658 4658 4656 4656 4656 4657 4657 4657 4659 4659 4659 4658 4658 4658 4658 4658 4658 4659 4659 4659 4660 4660 4660 4659 4659 4659 4661 4661 4661 4660 4660 4660 4660 4660 4660 4661 4661 4661 4662 4662 4662 4661 4661 4661 4663 4663 4663 4662 4662 4662 4661 4661 4661 4664 4664 4664 4663 4663 4663 4664 4664 4664 4665 4665 4665 4663 4663 4663 4632 4632 4632 4666 4666 4666 4619 4619 4619 4664 4664 4664 4667 4667 4667 4665 4665 4665 4664 4664 4664 4668 4668 4668 4667 4667 4667 4619 4619 4619 4666 4666 4666 4633 4633 4633 4666 4666 4666 4640 4640 4640 4633 4633 4633 4668 4668 4668 4669 4669 4669 4667 4667 4667 4670 4670 4670 4671 4671 4671 4672 4672 4672 4673 4673 4673 4674 4674 4674 4675 4675 4675 4674 4674 4674 4676 4676 4676 4675 4675 4675 4676 4676 4676 4651 4651 4651 4675 4675 4675 4651 4651 4651 4676 4676 4676 4652 4652 4652 4677 4677 4677 4661 4661 4661 4659 4659 4659 4661 4661 4661 4678 4678 4678 4664 4664 4664 4678 4678 4678 4679 4679 4679 4664 4664 4664 4664 4664 4664 4680 4680 4680 4668 4668 4668 4680 4680 4680 4681 4681 4681 4668 4668 4668 4641 4641 4641 4682 4682 4682 4629 4629 4629 4681 4681 4681 4683 4683 4683 4669 4669 4669 4681 4681 4681 4669 4669 4669 4668 4668 4668 4671 4671 4671 4684 4684 4684 4685 4685 4685 4684 4684 4684 4673 4673 4673 4685 4685 4685 4684 4684 4684 4686 4686 4686 4673 4673 4673 4686 4686 4686 4674 4674 4674 4673 4673 4673 4676 4676 4676 4687 4687 4687 4652 4652 4652 4652 4652 4652 4688 4688 4688 4654 4654 4654 4689 4689 4689 4659 4659 4659 4657 4657 4657 4679 4679 4679 4690 4690 4690 4664 4664 4664 4690 4690 4690 4680 4680 4680 4664 4664 4664 4691 4691 4691 4671 4671 4671 4670 4670 4670 4686 4686 4686 4692 4692 4692 4674 4674 4674 4692 4692 4692 4693 4693 4693 4674 4674 4674 4674 4674 4674 4693 4693 4693 4676 4676 4676 4693 4693 4693 4687 4687 4687 4676 4676 4676 4689 4689 4689 4677 4677 4677 4659 4659 4659 4694 4694 4694 4661 4661 4661 4677 4677 4677 4694 4694 4694 4678 4678 4678 4661 4661 4661 4694 4694 4694 4679 4679 4679 4678 4678 4678 4680 4680 4680 4695 4695 4695 4681 4681 4681 4682 4682 4682 4696 4696 4696 4642 4642 4642 4682 4682 4682 4642 4642 4642 4629 4629 4629 4695 4695 4695 4697 4697 4697 4681 4681 4681 4681 4681 4681 4697 4697 4697 4683 4683 4683 4691 4691 4691 4698 4698 4698 4671 4671 4671 4698 4698 4698 4699 4699 4699 4684 4684 4684 4698 4698 4698 4684 4684 4684 4671 4671 4671 4699 4699 4699 4700 4700 4700 4684 4684 4684 4684 4684 4684 4700 4700 4700 4686 4686 4686 4693 4693 4693 4701 4701 4701 4687 4687 4687 4687 4687 4687 4701 4701 4701 4652 4652 4652 4652 4652 4652 4701 4701 4701 4688 4688 4688 4688 4688 4688 4702 4702 4702 4654 4654 4654 4654 4654 4654 4702 4702 4702 4657 4657 4657 4702 4702 4702 4689 4689 4689 4657 4657 4657 4702 4702 4702 4703 4703 4703 4689 4689 4689 4703 4703 4703 4677 4677 4677 4689 4689 4689 4703 4703 4703 4694 4694 4694 4677 4677 4677 4694 4694 4694 4704 4704 4704 4679 4679 4679 4704 4704 4704 4705 4705 4705 4679 4679 4679 4679 4679 4679 4705 4705 4705 4690 4690 4690 4705 4705 4705 4680 4680 4680 4690 4690 4690 4700 4700 4700 4692 4692 4692 4686 4686 4686 4702 4702 4702 4706 4706 4706 4703 4703 4703 4706 4706 4706 4694 4694 4694 4703 4703 4703 4706 4706 4706 4707 4707 4707 4694 4694 4694 4707 4707 4707 4704 4704 4704 4694 4694 4694 4705 4705 4705 4695 4695 4695 4680 4680 4680 4708 4708 4708 4709 4709 4709 4698 4698 4698 4708 4708 4708 4698 4698 4698 4691 4691 4691 4698 4698 4698 4709 4709 4709 4699 4699 4699 4709 4709 4709 4710 4710 4710 4699 4699 4699 4710 4710 4710 4700 4700 4700 4699 4699 4699 4700 4700 4700 4710 4710 4710 4692 4692 4692 4710 4710 4710 4711 4711 4711 4692 4692 4692 4692 4692 4692 4711 4711 4711 4693 4693 4693 4711 4711 4711 4712 4712 4712 4693 4693 4693 4693 4693 4693 4712 4712 4712 4701 4701 4701 4712 4712 4712 4713 4713 4713 4701 4701 4701 4701 4701 4701 4713 4713 4713 4688 4688 4688 4713 4713 4713 4714 4714 4714 4688 4688 4688 4714 4714 4714 4702 4702 4702 4688 4688 4688 4714 4714 4714 4706 4706 4706 4702 4702 4702 4714 4714 4714 4715 4715 4715 4706 4706 4706 4715 4715 4715 4716 4716 4716 4706 4706 4706 4706 4706 4706 4716 4716 4716 4707 4707 4707 4716 4716 4716 4717 4717 4717 4707 4707 4707 4707 4707 4707 4717 4717 4717 4704 4704 4704 4717 4717 4717 4718 4718 4718 4704 4704 4704 4704 4704 4704 4718 4718 4718 4705 4705 4705 4718 4718 4718 4695 4695 4695 4705 4705 4705 4718 4718 4718 4719 4719 4719 4695 4695 4695 4719 4719 4719 4720 4720 4720 4695 4695 4695 4695 4695 4695 4720 4720 4720 4697 4697 4697</p>
        </triangles>
      </mesh>
    </geometry>
  </library_geometries>
  <library_visual_scenes>
    <visual_scene id="DefaultScene">
      <node id="node_8353edc6_8fa5_4283_8b3c_a3e47ead271d" type="NODE">
        <matrix>1 0 0 0 0 1 0 0 0 0 1 0 0 0 0 1</matrix>
        <node id="node_1a484c41_2d30_47fa_98e6_b9dcb3127927" type="NODE">
          <matrix>1 0 0 0 0 1 0 0 0 0 1 0 0 0 0 1</matrix>
          <node id="node_1f3ff83b_e5ea_4b8e_9481_b8789799ee43" type="NODE">
            <matrix>1 0 0 0 0 1 0 0 0 0 1 0 0 0 0 1</matrix>
            <node id="node_493d392b_01f0_4381_acce_88f9d34a9dcf" type="NODE">
              <matrix>1 0 0 0 0 1 0 0 0 0 1 0 0 0 0 1</matrix>
              <node id="node_493d392b_01f0_4381_acce_88f9d34a9dcf_mesh0" type="NODE">
                <matrix>1 0 0 0 0 1 0 0 0 0 1 0 0 0 0 1</matrix>
                <instance_geometry url="#geometry_a37b12e9_b841_4332_a337_6ef5dd345354">
                  <bind_material>
                    <technique_common>
                      <instance_material symbol="mat_0" target="#mat_0">
                        <bind_vertex_input semantic="UVMap" input_semantic="TEXCOORD" input_set="0"/>
                      </instance_material>
                    </technique_common>
                  </bind_material>
                </instance_geometry>
              </node>
            </node>
          </node>
        </node>
      </node>
    </visual_scene>
  </library_visual_scenes>
  <scene>
    <instance_visual_scene url="#DefaultScene"/>
  </scene>
</COLLADA>
