<?xml version='1.0' encoding='UTF-8'?>
<COLLADA xmlns="http://www.collada.org/2005/11/COLLADASchema" version="1.4.1">
<!--
# File generated by ImageToStl.com - Free Image and 3D model conversion tools
-->
  <asset>
    <contributor>
      <author>ImageToStl.com</author>
      <authoring_tool>ImageToStl.com</authoring_tool>
    </contributor>
    <created>2026-08-12T07:12:35</created>
    <modified>2026-08-12T07:12:35</modified>
    <up_axis>Y_UP</up_axis>
  </asset>
  <library_images>
    <image id="image0_png" name="image0_png">
      <init_from>image0.png</init_from>
    </image>
  </library_images>
  <library_effects>
    <effect id="effect_0">
        <profile_COMMON>
          <newparam sid="image0_png-surface">
            <surface type="2D">
              <init_from>image0_png</init_from>
            </surface>
          </newparam>
          <newparam sid="image0_png-sampler">
            <sampler2D>
              <source>image0_png-surface</source>
            </sampler2D>
          </newparam>
          <technique sid="common">
            <phong>
              <emission>
                <color>0 0 0 1</color>
              </emission>
              <diffuse>
                <texture texture="image0_png-sampler" texcoord="UVMap"/>
              </diffuse>
              <specular>
                <color>1 1 1 1</color>
              </specular>
              <shininess>
                <float>0</float>
              </shininess>
              <transparency>
                <float>1</float>
              </transparency>
            </phong>
          </technique>
        </profile_COMMON>
    </effect>
  </library_effects>
  <library_materials>
    <material id="mat_0" name="mat_0">
      <instance_effect url="#effect_0"/>
    </material>
  </library_materials>
  <library_geometries>
    <geometry id="geometry_f923da74_fe42_4101_8dad_641ccd3a1a97">
      <mesh>
        <source id="pos_0">
          <float_array id="pos_0-array" count="10074">0.26369092 -0.03638478 0.2178937 0.26371595 -0.04022023 0.2204501 0.26373607 -0.03869394 0.21959282 0.24718571 -0.00343765 0.45906886 0.24711521 -0.00351253 0.446825 0.24582955 -0.00373844 0.45652968 0.24596809 -0.00374463 0.45957124 0.24592549 -0.0038746 0.41990858 0.24717525 -0.00361541 0.4221794 0.2470677 -0.00361102 0.37727103 0.24576309 -0.00376336 0.36236289 0.24704932 -0.00344515 0.33002439 0.24569388 -0.00361539 0.3303273 0.24542138 -0.00403513 0.29482108 0.2468783 -0.00387754 0.29480127 0.2467657 -0.00386797 0.24714947 0.24507262 -0.00398353 0.24079049 0.24727918 -0.00388803 0.22269471 0.24692173 -0.00385855 0.2034651 0.24493924 -0.00393577 0.20443775 0.24646398 -0.00418036 0.16934732 0.24452464 -0.00425571 0.16944952 0.2465186 -0.00407059 0.14518604 0.24453479 -0.00414904 0.1450503 0.2465709 -0.00419765 0.10986552 0.24441487 -0.00427895 0.11419222 0.24646761 -0.00417859 0.08360045 0.24438472 -0.00427475 0.07605441 0.24637909 -0.00435063 0.06891993 0.24619325 -0.00490791 0.04228865 0.24430209 -0.00492131 0.04192379 0.24651764 -0.00491348 0.00824784 0.24433576 -0.00493077 0.00927698 0.24437867 -0.00513266 -0.02625924 0.25044978 -0.00522592 -0.03634796 0.24436449 -0.00507772 -0.05554604 0.24445955 -0.00485721 -0.1156598 0.24655296 -0.00479293 -0.13159375 0.24458608 -0.00489584 -0.15108702 0.24708626 -0.00488352 -0.16834673 0.24458608 -0.00490931 -0.17310955 0.24472032 -0.00471201 -0.18674576 0.24494915 -0.00450375 -0.2030209 0.24715458 -0.00452083 -0.23197933 0.24500039 -0.00453632 -0.23659167 0.24704561 -0.00421069 -0.26933143 0.24552999 -0.00426146 -0.26997 0.24723202 -0.00421944 -0.29734319 0.24554051 -0.00425073 -0.30143914 0.24696378 -0.00384521 -0.32232004 0.245636 -0.00395357 -0.32040992 0.24586987 -0.00378118 -0.36545068 0.2471845 -0.00365021 -0.3555004 0.24740225 -0.00363055 -0.38167289 0.24565181 -0.00372395 -0.38960934 0.24763702 -0.00367061 -0.39306265 0.24586375 -0.00388431 -0.39373574 0.25246346 -0.00351625 0.45984921 0.25135988 -0.00336086 0.45935237 0.24596809 -0.00374463 0.45957124 0.24727251 -0.00602468 0.45986164 0.25246346 -0.00351625 0.45984921 0.25112656 -0.00347103 0.4452405 0.25073293 -0.00357526 0.42170078 0.25048164 -0.00359405 0.39006281 0.25048339 -0.00345041 0.32919019 0.25082052 -0.00389769 0.29434446 0.25085929 -0.00391794 0.25702137 0.25685802 -0.00498282 -0.07977922 0.24437727 -0.00481393 -0.07693712 0.25667667 -0.00501077 -0.11177582 0.25675526 -0.00491187 -0.13355434 0.25664213 -0.0047436 -0.1911056 0.25606942 -0.00461585 -0.22912644 0.25613928 -0.00434525 -0.2606948 0.25120282 -0.0038057 -0.3250522 0.25135395 -0.0036246 -0.35540366 0.2537922 -0.00376406 -0.39398572 0.26392227 -0.00367086 0.44726577 0.26121575 -0.00377401 0.38485301 0.26129106 -0.0036539 0.33229193 0.26360723 -0.00388144 0.31421435 0.26362586 -0.00418595 0.2913619 0.26358455 -0.00418276 0.26275247 0.26345798 -0.00423327 0.23029889 0.26342613 -0.00423652 0.203214 0.26041436 -0.00446011 0.1692826 0.25939029 -0.00433584 0.14509685 0.2568678 -0.00439746 0.10628229 0.2593098 -0.00446342 0.08500478 0.25684968 -0.00457786 0.06817299 0.25677285 -0.00509659 0.04097094 0.25664669 -0.00512191 0.00413584 0.26119155 -0.0054019 -0.05118743 0.25698313 -0.00496296 -0.16891709 0.25973454 -0.00468321 -0.20414199 0.25578949 -0.00431263 -0.29100171 0.25637934 -0.00416686 -0.30737969 0.26038215 -0.00387656 -0.32887203 0.26003343 -0.00379539 -0.38399631 0.26147416 -0.00376077 -0.39313883 0.26274619 -0.00362336 0.45963556 0.26396632 -0.00517728 0.45976537 0.26274619 -0.00362336 0.45963556 0.26426911 -0.00357061 0.45098668 0.26383916 -0.00373763 0.43076032 0.26105273 -0.00453174 0.11511791 0.26138321 -0.00479309 0.06640894 0.26269397 -0.00531914 0.03850319 0.26068613 -0.00524336 0.00960891 0.26278621 -0.00538042 0.01076784 0.26120102 -0.00540949 -0.03289501 0.26170805 -0.00527366 -0.06687066 0.26219153 -0.00519369 -0.08253003 0.26111999 -0.00517133 -0.11730708 0.26250637 -0.0052973 -0.10877489 0.26261216 -0.00512934 -0.13469744 0.26120791 -0.00508903 -0.17268449 0.26313651 -0.00479168 -0.21131338 0.26313627 -0.00481824 -0.22675094 0.26324829 -0.00449894 -0.26539299 0.26326406 -0.00448859 -0.28733155 0.26329291 -0.00436017 -0.30503055 0.26332575 -0.00386723 -0.3406966 0.26329613 -0.00391808 -0.39392707 0.26422146 -0.00368781 0.45873743 0.26422146 -0.00368781 0.45873743 0.26392227 -0.00367086 0.44726577 0.26431546 -0.00473898 0.44849789 0.26383916 -0.00373763 0.43076032 0.26420856 -0.00490654 0.42516807 0.26380479 -0.00386407 0.38862965 0.26380479 -0.00386407 0.38862965 0.26419148 -0.00493073 0.39003229 0.2636342 -0.00372901 0.33581862 0.2636342 -0.00372901 0.33581862 0.26404306 -0.00483184 0.33487791 0.26360723 -0.00388144 0.31421435 0.26395902 -0.0050916 0.30087596 0.26362586 -0.00418595 0.2913619 0.26382133 -0.00508186 0.24648599 0.26358455 -0.00418276 0.26275247 0.26345798 -0.00423327 0.23029889 0.26374754 -0.00509815 0.20109279 0.26342613 -0.00423652 0.203214 0.26328033 -0.00458221 0.17029409 0.2635721 -0.00525251 0.17408594 0.26328033 -0.00458221 0.17029409 0.26326597 -0.00450343 0.1427318 0.26326597 -0.00450343 0.1427318 0.26343507 -0.00529352 0.11700045 0.26316035 -0.00466496 0.11676458 0.26316035 -0.00466496 0.11676458 0.26328743 -0.00469238 0.07864222 0.26328743 -0.00469238 0.07864222 0.26352394 -0.00527368 0.0764495 0.26317117 -0.00531637 0.0458505 0.26317117 -0.00531637 0.0458505 0.26337165 -0.00569122 0.04162728 0.26250637 -0.0052973 -0.10877489 0.26279685 -0.00557049 -0.12396742 0.26261216 -0.00512934 -0.13469744 0.26285234 -0.00559321 -0.16562572 0.26270595 -0.00518466 -0.17135076 0.26270595 -0.00518466 -0.17135076 0.2633155 -0.00536555 -0.20715348 0.26313651 -0.00479168 -0.21131338 0.26313627 -0.00481824 -0.22675094 0.26347828 -0.0051944 -0.26265466 0.26324829 -0.00449894 -0.26539299 0.26326406 -0.00448859 -0.28733155 0.26354894 -0.00494227 -0.32737517 0.26329291 -0.00436017 -0.30503055 0.26332575 -0.00386723 -0.3406966 0.26362416 -0.00489697 -0.35407373 0.26337126 -0.00389723 -0.38219184 0.26363379 -0.00492915 -0.37592188 0.26337126 -0.00389723 -0.38219184 0.26367858 -0.00485104 -0.39034355 0.26329613 -0.00391808 -0.39392707 0.2637558 -0.00529661 -0.39322165 0.26357749 -0.00574459 -0.3941277 0.26422146 -0.00368781 0.45873743 0.26440376 -0.00665928 0.45473132 0.26426911 -0.00357061 0.45098668 0.2459102 -0.01094151 0.45973414 0.26440051 -0.0081042 0.459813 0.2644259 -0.0096215 0.43941712 0.26424164 -0.00788547 0.38659173 0.26414904 -0.0087848 0.33511293 0.26362374 -0.00824587 0.17688 0.26352364 -0.00860733 0.12088006 0.26360351 -0.00791881 0.08528898 0.26359314 -0.00791276 0.06494316 0.2635549 -0.00797813 0.04047862 0.26337165 -0.00569122 0.04162728 0.26350778 -0.00788269 0.00932945 0.26331252 -0.00570112 -0.00038511 0.26331252 -0.00570112 -0.00038511 0.26339653 -0.00783679 -0.01411621 0.26323256 -0.00578078 -0.03152003 0.26323256 -0.00578078 -0.03152003 0.26338789 -0.00778676 -0.04241514 0.26318371 -0.00577163 -0.05267104 0.26318371 -0.00577163 -0.05267104 0.26329839 -0.00780163 -0.05449414 0.26281893 -0.00561261 -0.07529515 0.26296884 -0.00789669 -0.07695557 0.26281893 -0.00561261 -0.07529515 0.26293465 -0.00787228 -0.12220286 0.26298317 -0.00806503 -0.16713262 0.26337659 -0.00774681 -0.20734286 0.2634418 -0.00791333 -0.23736145 0.26354685 -0.00772814 -0.26927805 0.26359174 -0.00843819 -0.29899892 0.26396632 -0.00517728 0.45976537 0.26440051 -0.0081042 0.459813 0.26432866 -0.01541423 0.42432088 0.26427969 -0.01545298 0.40356201 0.26421753 -0.01464067 0.36310518 0.26408088 -0.01501358 0.31745777 0.26391441 -0.01516496 0.26236156 0.26385009 -0.01708195 0.22326913 0.26378542 -0.0170435 0.19681028 0.26362103 -0.01591705 0.16867481 0.262887 -0.01500512 -0.10393207 0.26330632 -0.01262184 -0.20776103 0.26355675 -0.01693595 -0.28767172 0.26359731 -0.01521383 -0.3354972 0.26366818 -0.01514906 -0.36175758 0.26375878 -0.02153191 -0.39016593 0.26457351 -0.01794425 0.45934153 0.24707341 -0.03034262 0.45986 0.26396504 -0.01893489 0.45981857 0.26457351 -0.01794425 0.45934153 0.26421747 -0.02340485 0.37023678 0.26416057 -0.02144948 0.33971995 0.26404214 -0.02489142 0.31425059 0.26359984 -0.01641585 0.14748888 0.263596 -0.01766324 0.11055627 0.26336324 -0.02681167 0.00370829 0.26310882 -0.0207582 -0.0630964 0.26300985 -0.03080136 -0.0703771 0.26292768 -0.03415272 -0.07984652 0.26289266 -0.03085543 -0.08867234 0.26287749 -0.02286975 -0.13796222 0.26309699 -0.02528822 -0.18958646 0.26329869 -0.02871826 -0.22998253 0.26337969 -0.02857307 -0.25558504 0.26359037 -0.01895328 -0.31483483 0.2512368 -0.0409338 0.45993418 0.26461563 -0.02685994 0.45704496 0.26441091 -0.02994109 0.43329024 0.26420641 -0.02776993 0.39397758 0.26417002 -0.02915971 0.35755214 0.2638939 -0.03260849 0.28522316 0.2638678 -0.02679866 0.25395912 0.26386571 -0.02420427 0.2234517 0.26374084 -0.0281767 0.18573049 0.26367432 -0.03498597 0.17647651 0.26361376 -0.03008424 0.14969824 0.2636072 -0.02955881 0.10361017 0.26359916 -0.03450518 0.07784674 0.2635473 -0.02613826 0.0624417 0.26297098 -0.02360775 -0.1757586 0.2631177 -0.04814241 -0.19871843 0.26343966 -0.03312616 -0.27280208 0.26368704 -0.02894416 -0.3607192 0.26381627 -0.04905893 -0.39322677 0.26369825 -0.02717104 -0.39390182 0.2615366 -0.04357143 0.45994794 0.26407212 -0.04192553 0.4598867 0.2645258 -0.03587902 0.44431478 0.26430374 -0.02711793 0.41483578 0.26385674 -0.02884334 0.20627677 0.26342335 -0.04278753 0.03999436 0.26338747 -0.03452554 0.02388517 0.26328576 -0.03650057 -0.02198514 0.26324567 -0.03764778 -0.04192365 0.26318339 -0.0344246 -0.05402313 0.26286173 -0.03199661 -0.1191575 0.26288456 -0.0329181 -0.16440524 0.26348996 -0.03497024 -0.29014355 0.26358086 -0.03415409 -0.31859109 0.26431632 -0.04585696 0.42634457 0.2640976 -0.03000816 0.38472113 0.26392105 -0.03160429 0.37381792 0.26395434 -0.0314324 0.36838561 0.26400343 -0.03235058 0.36256868 0.2640897 -0.03496258 0.33793393 0.26387358 -0.03316391 0.23749878 0.2631785 -0.04440503 -0.21542215 0.24586059 -0.04799653 0.45968536 0.26465526 -0.05534542 0.45702949 0.26425523 -0.04804087 0.41402963 0.26408774 -0.0356351 0.38854352 0.26419356 -0.0337164 0.38582894 0.26412559 -0.03283937 0.38266948 0.26398715 -0.03210888 0.37871072 0.26414487 -0.03515878 0.35991427 0.26418379 -0.03649491 0.3577472 0.26393759 -0.04155993 0.30657816 0.26381654 -0.03949527 0.26142949 0.26383108 -0.04872702 0.24855876 0.26372457 -0.03302087 0.21694455 0.26372677 -0.03480377 0.20842943 0.26373976 -0.03605259 0.20409992 0.26372206 -0.03950725 0.20016123 0.26371768 -0.04436626 0.1842421 0.26361591 -0.04122628 0.1292477 0.26294309 -0.04138311 -0.17579821 0.26377305 -0.03996517 -0.38550991 0.26423365 -0.03702478 0.38676009 0.2640146 -0.0444892 0.32326078 0.26371595 -0.04022023 0.2204501 0.26369092 -0.03638478 0.2178937 0.26370949 -0.03484258 0.21328321 0.26355201 -0.05187502 0.06803019 0.26286435 -0.04443327 -0.11310769 0.26286274 -0.04648777 -0.14762741 0.26358318 -0.04534503 -0.32963818 0.26367408 -0.04358634 -0.3612065 0.26419356 -0.0337164 0.38582894 0.26725689 -0.03429097 0.38484183 0.26412559 -0.03283937 0.38266948 0.26423365 -0.03702478 0.38676009 0.26757061 -0.03683383 0.38522556 0.26725689 -0.03429097 0.38484183 0.26419356 -0.0337164 0.38582894 0.26721844 -0.0327084 0.37877983 0.26398715 -0.03210888 0.37871072 0.26723224 -0.03275406 0.37336794 0.26392105 -0.03160429 0.37381792 0.2654264 -0.03265598 0.36831972 0.26395434 -0.0314324 0.36838561 0.26912025 -0.03351003 0.37120107 0.2678194 -0.03373341 0.36844361 0.26424721 -0.03297551 0.36360186 0.26400343 -0.03235058 0.36256868 0.26601139 -0.03517498 0.36344045 0.26414487 -0.03515878 0.35991427 0.27050069 -0.03469378 0.38436863 0.2725217 -0.03441045 0.3823823 0.27092883 -0.03699752 0.38436851 0.27050069 -0.03469378 0.38436863 0.27321732 -0.03645889 0.38298565 0.2725217 -0.03441045 0.3823823 0.27285758 -0.03355122 0.37876946 0.27194452 -0.03347167 0.37358785 0.27557305 -0.0347142 0.38115519 0.2761319 -0.03429996 0.37843388 0.27560234 -0.03659304 0.38126737 0.27557305 -0.0347142 0.38115519 0.27642316 -0.03569303 0.37844193 0.2761319 -0.03429996 0.37843388 0.27660885 -0.0342479 0.37457561 0.27645123 -0.034414 0.36753741 0.27438849 -0.03409784 0.36684534 0.27660885 -0.0342479 0.37457561 0.27728659 -0.03571227 0.37441811 0.27817461 -0.03625977 0.36978668 0.27817461 -0.03625977 0.36978668 0.27730203 -0.03539219 0.36633065 0.27713102 -0.03441206 0.37648794 0.27713102 -0.03441206 0.37648794 0.28767887 -0.03515381 0.36160862 0.28794256 -0.03449022 0.35939807 0.28515917 -0.03503336 0.36139855 0.28423914 -0.03661246 0.36326912 0.28720599 -0.03716206 0.36323184 0.29212788 -0.03525618 0.36052972 0.29164562 -0.03400666 0.35882172 0.28720599 -0.03716206 0.36323184 0.29037994 -0.03720332 0.36215159 0.29212788 -0.03525618 0.36052972 0.29200041 -0.03336827 0.35507008 0.28820992 -0.03430839 0.35724878 0.29594824 -0.03439578 0.35771045 0.29445782 -0.03649296 0.35992441 0.29594824 -0.03439578 0.35771045 0.29602152 -0.03281953 0.35487473 0.29639998 -0.03254034 0.35127693 0.29329494 -0.03329759 0.35114968 0.29645219 -0.032958 0.34635621 0.29983181 -0.03376955 0.35420272 0.30163607 -0.03676024 0.35520214 0.30089191 -0.03503674 0.35478553 0.29983181 -0.03376955 0.35420272 0.30027354 -0.03266066 0.3509852 0.30044162 -0.0325038 0.3473185 0.30064425 -0.03283759 0.33371568 0.29742512 -0.03309967 0.33733603 0.29783699 -0.03315368 0.32064149 0.30066472 -0.03289705 0.31880209 0.30060118 -0.03267395 0.30400193 0.300506 -0.03253985 0.28626004 0.29715884 -0.03285319 0.28722459 0.29736289 -0.03292264 0.25579122 0.3005434 -0.03277923 0.2480759 0.29799694 -0.03317847 0.22746061 0.30069962 -0.03307347 0.22584105 0.29786995 -0.03308983 0.21318015 0.30061233 -0.03290634 0.21047555 0.29838094 -0.03330418 0.1998308 0.3006883 -0.03335332 0.19799876 0.29867664 -0.03358203 0.19256306 0.30272079 -0.03382796 0.19352171 0.30239242 -0.03432962 0.35279977 0.30338907 -0.03382885 0.35055208 0.30089191 -0.03503674 0.35478553 0.30522737 -0.03712147 0.3516764 0.30239242 -0.03432962 0.35279977 0.30239242 -0.03432962 0.35279977 0.30571929 -0.03578671 0.34991652 0.30338907 -0.03382885 0.35055208 0.30390492 -0.03348661 0.34725812 0.3056848 -0.03454193 0.34720275 0.3056848 -0.03454193 0.34720275 0.30391529 -0.03334467 0.34231681 0.30585098 -0.0343256 0.34236461 0.30345359 -0.03330181 0.32588023 0.30515799 -0.03424414 0.32146013 0.30340043 -0.03318663 0.31031615 0.30521315 -0.03422758 0.29971775 0.30323863 -0.03307334 0.28389242 0.30521315 -0.03422758 0.29971775 0.3048076 -0.03440065 0.26354393 0.30323863 -0.03307334 0.28389242 0.30312783 -0.03327449 0.2351854 0.30312783 -0.03327449 0.2351854 0.30485451 -0.03451918 0.23268099 0.30321214 -0.03329146 0.21388353 0.30321214 -0.03329146 0.21388353 0.30507368 -0.03453232 0.20834112 0.30316538 -0.03342646 0.20291519 0.30316538 -0.03342646 0.20291519 0.30481371 -0.03495169 0.19726565 0.30272079 -0.03382796 0.19352171 0.30412146 -0.03515104 0.19211377 0.26407212 -0.04192553 0.4598867 0.26461232 -0.06748395 0.45931152 0.26416683 -0.0539782 0.39932281 0.26403597 -0.04568173 0.38684398 0.26406181 -0.05430984 0.34581876 0.26381075 -0.046119 0.22689416 0.26371902 -0.03799427 0.20218791 0.26359889 -0.04687855 0.10280329 0.26374066 -0.05179253 -0.39094678 0.26366788 -0.05507815 -0.39399093 0.26629218 -0.03984865 0.36200932 0.26443306 -0.04011533 0.35983619 0.26601139 -0.03517498 0.36344045 0.26491696 -0.03717991 0.21714146 0.26600257 -0.03668005 0.21380635 0.26370949 -0.03484258 0.21328321 0.26369092 -0.03638478 0.2178937 0.26373607 -0.03869394 0.21959282 0.26613459 -0.0396258 0.21855581 0.26751754 -0.0380004 0.21596667 0.26557952 -0.03648318 0.20813839 0.26372677 -0.03480377 0.20842943 0.26420119 -0.03683937 0.20483103 0.26373976 -0.03605259 0.20409992 0.26681536 -0.0375792 0.2064133 0.26549071 -0.03900731 0.20328388 0.27299845 -0.04064034 0.38272771 0.26982778 -0.03393933 0.368835 0.27163529 -0.03544012 0.36469507 0.26902637 -0.03768169 0.21226646 0.27098966 -0.03809853 0.20831996 0.27096578 -0.03841044 0.2138871 0.27538437 -0.04218451 0.38054702 0.27700093 -0.03943336 0.37380478 0.2781885 -0.03931799 0.36926916 0.27701816 -0.03659952 0.36342582 0.27365828 -0.03664257 0.36303687 0.27883232 -0.03756414 0.36810482 0.28019211 -0.03696632 0.36651379 0.28019211 -0.03696632 0.36651379 0.28015387 -0.03949898 0.36717325 0.28032997 -0.03669615 0.36297607 0.28331709 -0.03777901 0.36532766 0.28423914 -0.03661246 0.36326912 0.28546834 -0.0389325 0.36491597 0.28331709 -0.03777901 0.36532766 0.28546834 -0.0389325 0.36491597 0.28400078 -0.03603682 0.35926569 0.28140369 -0.0370239 0.36025938 0.28632748 -0.04026932 0.36474383 0.28423914 -0.03661246 0.36326912 0.28773332 -0.03543343 0.35504091 0.28504694 -0.03681614 0.35635263 0.28400078 -0.03603682 0.35926569 0.29117706 -0.04006112 0.36256164 0.29050919 -0.03401252 0.35372183 0.29051176 -0.03524071 0.35101828 0.28853089 -0.0362938 0.35210136 0.29225963 -0.03511921 0.34727496 0.2947692 -0.03376995 0.34451541 0.29242474 -0.03575466 0.34315595 0.29520273 -0.03419968 0.33596116 0.29278582 -0.03607924 0.33714774 0.29549903 -0.03419344 0.31989172 0.2929782 -0.03612372 0.31978148 0.29320526 -0.03578621 0.30511469 0.29531488 -0.03385308 0.30406472 0.29505771 -0.0337267 0.28772396 0.29302514 -0.03566384 0.28295198 0.29518116 -0.03385752 0.25715992 0.29307225 -0.03583264 0.25318825 0.29531384 -0.03419709 0.23711228 0.29294971 -0.03641922 0.22792624 0.29541117 -0.03457999 0.22590698 0.29508412 -0.03485924 0.21952641 0.29263172 -0.03692872 0.2174454 0.29472142 -0.03532993 0.21461332 0.29389644 -0.03694051 0.19399282 0.29533753 -0.03535552 0.20331623 0.29699561 -0.03477797 0.19139855 0.29169956 -0.03928653 0.19977295 0.29302073 -0.03730328 0.20158574 0.29677838 -0.03503529 0.1881348 0.29410484 -0.03669883 0.18798761 0.29677838 -0.03503529 0.1881348 0.29683217 -0.03574966 0.18478917 0.29423344 -0.0370615 0.18450907 0.29423344 -0.0370615 0.18450907 0.29684061 -0.03732413 0.18183473 0.29455119 -0.03765082 0.18223782 0.29610813 -0.03804091 0.359496 0.29749143 -0.03980877 0.3588827 0.30072847 -0.0339288 0.19081575 0.30071223 -0.03436596 0.18834142 0.29699561 -0.03477797 0.19139855 0.30067292 -0.03548248 0.18511373 0.30064005 -0.03739338 0.18211572 0.30163607 -0.03676024 0.35520214 0.30243939 -0.03979117 0.35552105 0.30243939 -0.03979117 0.35552105 0.30528629 -0.03970334 0.35274169 0.30412146 -0.03515104 0.19211377 0.30466133 -0.03657487 0.18812844 0.30381197 -0.03713952 0.18517974 0.30466133 -0.03657487 0.18812844 0.30567262 -0.03857817 0.18596818 0.30381197 -0.03713952 0.18517974 0.30067292 -0.03548248 0.18511373 0.30381197 -0.03713952 0.18517974 0.3030774 -0.03797349 0.18289198 0.30064005 -0.03739338 0.18211572 0.30386794 -0.04024008 0.18194275 0.3030774 -0.03797349 0.18289198 0.30723396 -0.03950612 0.34979168 0.30693117 -0.03614392 0.34697583 0.3082675 -0.03933676 0.34680483 0.30727392 -0.03604735 0.34284371 0.30585098 -0.0343256 0.34236461 0.30869114 -0.03920452 0.34212855 0.30730736 -0.03605096 0.33433083 0.30883077 -0.03925328 0.33322918 0.30515799 -0.03424414 0.32146013 0.30714926 -0.03610631 0.32359794 0.30872163 -0.03922145 0.32127017 0.30707443 -0.03610419 0.30502766 0.30867115 -0.03929063 0.30324596 0.3067494 -0.03626074 0.27608082 0.30833101 -0.03928895 0.28237486 0.30817214 -0.03933466 0.2617237 0.30672774 -0.03645141 0.24428469 0.30814788 -0.03926446 0.23574346 0.30691206 -0.03645778 0.225646 0.30833924 -0.03932631 0.2096552 0.30700558 -0.03649305 0.20724933 0.30814984 -0.03933595 0.20083521 0.30683663 -0.03682473 0.19735189 0.30761039 -0.03945225 0.19299452 0.30647004 -0.03745868 0.19086684 0.30668759 -0.0393151 0.18803953 0.26448593 -0.06663232 0.44162333 0.26431364 -0.06576596 0.42969221 0.26380599 -0.04835311 0.26951218 0.2637116 -0.04429994 0.22086135 0.26371869 -0.04392998 0.1992878 0.26325876 -0.04793046 -0.01526238 0.26309207 -0.05047943 -0.06086306 0.2629022 -0.05551445 -0.16418594 0.26331434 -0.04758563 -0.26200661 0.26403597 -0.04568173 0.38684398 0.26786262 -0.04512029 0.38524121 0.27035049 -0.04344112 0.38444039 0.26621622 -0.04497543 0.36210316 0.26433069 -0.04528311 0.35974315 0.26408726 -0.04862186 0.35793835 0.26371595 -0.04022023 0.2204501 0.26613459 -0.0396258 0.21855581 0.26373607 -0.03869394 0.21959282 0.2637116 -0.04429994 0.22086135 0.26487353 -0.04609921 0.22050643 0.2671721 -0.04392019 0.22002175 0.26371902 -0.03799427 0.20218791 0.26549071 -0.03900731 0.20328388 0.26415187 -0.04050026 0.20122138 0.26415187 -0.04050026 0.20122138 0.2667731 -0.0435661 0.20185864 0.26478252 -0.04368585 0.20110446 0.27325603 -0.04397416 0.38285393 0.27091035 -0.04052218 0.21766154 0.27122363 -0.04389415 0.21944064 0.27091035 -0.04052218 0.21766154 0.27124259 -0.04005767 0.20380913 0.27584478 -0.04339211 0.3791489 0.27688625 -0.04330983 0.37390095 0.27783638 -0.04321975 0.36933887 0.27858466 -0.04322611 0.36726743 0.27875483 -0.04058921 0.36770931 0.27583048 -0.04125582 0.21708366 0.28003368 -0.04038926 0.21328284 0.27718207 -0.04392531 0.21847993 0.27583048 -0.04125582 0.21708366 0.2760275 -0.03888112 0.20864531 0.27637371 -0.04003288 0.20450218 0.27385697 -0.04135322 0.20251383 0.28069016 -0.0432263 0.36631426 0.27872378 -0.03841835 0.36156315 0.28063506 -0.04013687 0.35945764 0.27819294 -0.04222589 0.36124864 0.2770282 -0.03980765 0.36183941 0.28172597 -0.04205449 0.21600178 0.28172597 -0.04205449 0.21600178 0.28032094 -0.03961692 0.20865978 0.2805734 -0.04033781 0.20457377 0.280752 -0.04145612 0.20252225 0.28400663 -0.0429052 0.36530069 0.28279096 -0.03907611 0.35762253 0.28410411 -0.04027786 0.35551167 0.28259683 -0.0420881 0.35727373 0.28279096 -0.03907611 0.35762253 0.28259683 -0.0420881 0.35727373 0.28475404 -0.04133694 0.21326926 0.28464115 -0.04368756 0.21606672 0.28625706 -0.04255964 0.21488084 0.28625706 -0.04255964 0.21488084 0.28864005 -0.04059877 0.20815578 0.28490087 -0.04056136 0.20429176 0.28493553 -0.04139939 0.20195313 0.28575379 -0.03870306 0.35372815 0.28706735 -0.03946169 0.35133183 0.28522339 -0.04168488 0.35343909 0.28864422 -0.04130634 0.21167207 0.28872597 -0.04351753 0.21406026 0.28863081 -0.040694 0.20383996 0.28852335 -0.04129407 0.20110358 0.28694382 -0.04290526 0.36419097 0.29086494 -0.04329147 0.36245713 0.28901282 -0.03740677 0.34932339 0.28912133 -0.03904537 0.34719434 0.28827265 -0.04025155 0.34856299 0.28864422 -0.04130634 0.21167207 0.29115254 -0.04021625 0.21189092 0.29137149 -0.03948691 0.20762831 0.28864005 -0.04059877 0.20815578 0.29075551 -0.04354655 0.21352866 0.29075551 -0.04354655 0.21352866 0.29151645 -0.03919906 0.20355575 0.28863081 -0.040694 0.20383996 0.28852335 -0.04129407 0.20110358 0.29175854 -0.03916464 0.21572724 0.2923547 -0.03780343 0.21349776 0.29255757 -0.03773735 0.2075406 0.29684234 -0.03876627 0.18001631 0.29683569 -0.04033379 0.17847167 0.29431939 -0.04083896 0.17867273 0.29369321 -0.03969232 0.18091708 0.29684234 -0.03876627 0.18001631 0.29431939 -0.04083896 0.17867273 0.29709145 -0.04283465 0.35919303 0.30061901 -0.03911715 0.18030187 0.30058348 -0.04057318 0.17907688 0.30259952 -0.04351088 0.35551989 0.30259952 -0.04351088 0.35551989 0.30588567 -0.04357292 0.3524549 0.30386794 -0.04024008 0.18194275 0.30264452 -0.04138117 0.17969374 0.30451623 -0.04303569 0.18186665 0.30264452 -0.04138117 0.17969374 0.30751461 -0.04327019 0.34993806 0.30857989 -0.04316835 0.34688962 0.30893001 -0.04312896 0.34312275 0.30907577 -0.04311315 0.33668026 0.30890989 -0.04307932 0.32004681 0.30889091 -0.04314119 0.29278377 0.30866447 -0.04317871 0.25670472 0.30854875 -0.04308485 0.23289715 0.30865854 -0.04313135 0.209589 0.30853733 -0.0431135 0.20069893 0.30810639 -0.04311134 0.19370574 0.30733836 -0.04305322 0.18819842 0.30570057 -0.04112937 0.18345731 0.30592325 -0.04397374 0.18378721 0.26395148 -0.0534506 0.38648921 0.26402965 -0.0494261 0.38603646 0.26383799 -0.05421846 0.28139603 0.26370287 -0.04836785 0.19991429 0.2636919 -0.0606343 0.16871087 0.26366222 -0.05700279 0.15217158 0.26362324 -0.0588747 0.12366687 0.26297334 -0.05882006 -0.07812389 0.26290751 -0.05412107 -0.09424039 0.26287901 -0.05769563 -0.12742552 0.26347643 -0.05072375 -0.29993284 0.26359755 -0.05925205 -0.31763497 0.26375934 -0.05758382 -0.37727493 0.26402965 -0.0494261 0.38603646 0.26727256 -0.04805527 0.38510826 0.26586905 -0.05015978 0.36349964 0.26415142 -0.04971724 0.35992324 0.26367921 -0.04812855 0.22056763 0.2659629 -0.04803107 0.21935402 0.2658982 -0.04840756 0.20269704 0.26469809 -0.04660117 0.20127827 0.27121827 -0.04554207 0.38461757 0.27113593 -0.04696055 0.38463938 0.27268642 -0.04796162 0.38263735 0.27200991 -0.04821491 0.21800382 0.275383 -0.04435225 0.38137147 0.27529472 -0.04583659 0.3813749 0.2755903 -0.04651642 0.37885094 0.27603707 -0.04716491 0.37411523 0.27645338 -0.0476102 0.36935943 0.27720836 -0.04701109 0.36595133 0.27647552 -0.04733537 0.21776935 0.28079796 -0.0454218 0.3654128 0.28034347 -0.04674067 0.21718074 0.28302222 -0.04511322 0.3651568 0.28430951 -0.04627356 0.36339235 0.28470528 -0.04600741 0.21625122 0.28768632 -0.04654202 0.36241561 0.28775045 -0.04533241 0.21555486 0.28872597 -0.04351753 0.21406026 0.28881058 -0.04634416 0.21315524 0.29282808 -0.04589396 0.36090797 0.2913346 -0.04589854 0.2123619 0.29075551 -0.04354655 0.21352866 0.29020569 -0.0422377 0.1983252 0.29054838 -0.04343585 0.19571967 0.2896862 -0.04533319 0.1971022 0.28856719 -0.04349294 0.19902241 0.29537725 -0.04745954 0.35847872 0.29608446 -0.04446507 0.35953185 0.29983607 -0.04646755 0.35669303 0.30236033 -0.04570568 0.35536611 0.30398747 -0.04633689 0.3534148 0.30588567 -0.04357292 0.3524549 0.30459249 -0.04648247 0.18455297 0.3033084 -0.04590512 0.18133889 0.30250046 -0.04517905 0.17946552 0.30624571 -0.04547492 0.35179245 0.30624571 -0.04547492 0.35179245 0.30688536 -0.04597203 0.35015279 0.30752966 -0.04639958 0.3470462 0.30774623 -0.04643784 0.34193847 0.3075673 -0.04627584 0.32059905 0.3076674 -0.0463315 0.29757413 0.30757502 -0.046218 0.26687253 0.30743322 -0.04591639 0.22929554 0.30748856 -0.04605579 0.20554516 0.30740061 -0.04595041 0.19788775 0.30692512 -0.04565326 0.18925494 0.3063938 -0.04525937 0.18567589 0.24714656 -0.0723196 0.45969579 0.26389495 -0.05292715 0.38251534 0.26396316 -0.0511944 0.38371333 0.26383263 -0.05381522 0.37385571 0.26386127 -0.05419929 0.36868998 0.26370963 -0.05245034 0.37129959 0.26407778 -0.0761506 0.33028728 0.26395094 -0.05869013 0.31055719 0.26369578 -0.05709026 0.22044666 0.26367921 -0.04812855 0.22056763 0.26368809 -0.05004104 0.20207769 0.26368389 -0.05276192 0.20359872 0.26367766 -0.06996633 0.13540587 0.26361734 -0.06560679 0.09511857 0.26340976 -0.06157954 0.04011717 0.26332307 -0.06321952 0.01697375 0.26318103 -0.06443084 -0.05218086 0.26297623 -0.05851659 -0.1772553 0.26313582 -0.06590138 -0.19892286 0.26317826 -0.0618858 -0.21855378 0.26322502 -0.06480199 -0.23467663 0.26337242 -0.05760102 -0.27397045 0.26367897 -0.06582529 -0.33871958 0.26372004 -0.06458274 -0.35974842 0.26396316 -0.0511944 0.38371333 0.26389495 -0.05292715 0.38251534 0.26687798 -0.05201459 0.38160187 0.26711613 -0.05025438 0.38349491 0.26419565 -0.05318769 0.36691973 0.26370963 -0.05245034 0.37129959 0.26419565 -0.05318769 0.36691973 0.26581728 -0.05201759 0.36860418 0.26420969 -0.05328735 0.36360338 0.26581728 -0.05201759 0.36860418 0.26420969 -0.05328735 0.36360338 0.26400426 -0.05504413 0.36331794 0.26367751 -0.05207453 0.21843293 0.26584807 -0.05100625 0.21735409 0.27081344 -0.05104931 0.38155925 0.27081344 -0.05104931 0.38155925 0.27099356 -0.05142795 0.37887856 0.27388716 -0.04926545 0.37886783 0.27388716 -0.04926545 0.37886783 0.27009732 -0.05183915 0.37537587 0.27206388 -0.05067122 0.37374258 0.27012306 -0.05033262 0.21694562 0.27012306 -0.05033262 0.21694562 0.27194506 -0.0509613 0.21475136 0.27582741 -0.04971487 0.21646492 0.27582741 -0.04971487 0.21646492 0.27671292 -0.05045095 0.2141054 0.28297299 -0.0495181 0.21223325 0.28069198 -0.04888195 0.21503252 0.28459266 -0.04822823 0.21337478 0.28536028 -0.04909603 0.20883168 0.28330585 -0.04961229 0.20574769 0.28483015 -0.04869808 0.2044051 0.29031646 -0.04945644 0.35743019 0.29471037 -0.04946886 0.35709748 0.29190108 -0.0483302 0.35910344 0.28862116 -0.04866794 0.35894626 0.29537725 -0.04745954 0.35847872 0.29709613 -0.04906782 0.35635734 0.30008307 -0.04958034 0.35321996 0.30053577 -0.04845571 0.35460666 0.30212966 -0.04908649 0.35244814 0.30323619 -0.04944232 0.34926882 0.3043671 -0.0481487 0.35079312 0.30511457 -0.04851742 0.34722573 0.30294958 -0.04973247 0.34412917 0.30460379 -0.04884587 0.34256816 0.26395383 -0.05774837 0.38285625 0.26387241 -0.05384433 0.37881446 0.26393384 -0.07591563 0.29541939 0.26384887 -0.07384813 0.2493774 0.26367751 -0.05207453 0.21843293 0.26371032 -0.05360413 0.21393891 0.26370326 -0.05387602 0.20842721 0.26372457 -0.06341413 0.18502611 0.26327178 -0.0636377 -0.0075113 0.26353151 -0.06799859 -0.29665309 0.26411793 -0.06876932 0.39475936 0.26407185 -0.06250864 0.36973205 0.26383632 -0.06720436 0.23130874 0.26376992 -0.06939091 0.21120474 0.26375034 -0.06527648 0.19669932 0.26293549 -0.06860673 -0.15091854 0.25106576 -0.07004976 0.45976919 0.2614634 -0.07113864 0.45976555 0.26404375 -0.0735915 0.45969194 0.26461232 -0.06748395 0.45931152 0.26461905 -0.0799476 0.44980317 0.26419592 -0.07494831 0.40978184 0.26407287 -0.07326896 0.37864304 0.26410428 -0.07577772 0.35107571 0.26348811 -0.08165649 0.05094254 0.263282 -0.07801444 -0.02966803 0.26298288 -0.07155689 -0.09310363 0.26341295 -0.06986683 -0.26822782 0.26392424 -0.09127353 0.27516508 0.26363513 -0.08000013 0.08134182 0.2629509 -0.07569569 -0.128001 0.26304072 -0.08386966 -0.16329403 0.26316079 -0.08049245 -0.19204645 0.2638889 -0.08256865 -0.3905426 0.26485041 -0.10166688 0.45714071 0.26402396 -0.08111593 0.31405681 0.26376757 -0.08329587 0.17831057 0.26373643 -0.08689038 0.14525658 0.26337147 -0.08396499 0.02117428 0.2631436 -0.08028444 -0.06914124 0.2632961 -0.08655257 -0.22197288 0.26345134 -0.08188762 -0.26008552 0.26400474 -0.08254683 -0.39331141 0.26447129 -0.09858163 0.4393914 0.26431412 -0.08838305 0.43018484 0.26424709 -0.09590742 0.41999054 0.26414585 -0.0851882 0.38188803 0.26381391 -0.07862002 0.22582346 0.26369062 -0.09584467 0.11793716 0.26374227 -0.08789651 -0.32168055 0.26383999 -0.10001759 -0.3939614 0.24590707 -0.10450186 0.45955545 0.26476946 -0.10688677 0.45927459 0.26476946 -0.10688677 0.45927459 0.26390556 -0.10930968 0.24149349 0.26383036 -0.0907026 0.2167615 0.26362723 -0.09844688 0.07064155 0.26328054 -0.08839953 -0.05167357 0.26306158 -0.08509318 -0.09384021 0.26329145 -0.08791956 -0.20957324 0.26362333 -0.08310102 -0.29494691 0.263825 -0.08524692 -0.36096299 0.2646634 -0.10823157 0.44933045 0.26417944 -0.10293994 0.34879684 0.2636801 -0.10659777 0.09329187 0.2633917 -0.0983502 0.01452223 0.26348859 -0.09841777 -0.25495213 0.25632942 -0.11752293 0.45973432 0.2641269 -0.11671083 0.45964077 0.2642011 -0.10923284 0.39487436 0.26381904 -0.10167399 0.19114788 0.26333457 -0.10726921 -0.02836164 0.26327813 -0.10018808 -0.05830947 0.26318666 -0.09980189 -0.07224979 0.26304054 -0.09554327 -0.11480246 0.26308793 -0.10681587 -0.14377749 0.26324254 -0.1073399 -0.18875347 0.26367334 -0.09856214 -0.29295456 0.26385024 -0.10189351 -0.35402888 0.26336828 -0.11641628 -0.00759652 0.26340458 -0.10764365 -0.22690707 0.2506358 -0.13894829 0.45971054 0.26417938 -0.11895506 0.37665719 0.26417688 -0.11387206 0.33380044 0.26405019 -0.11529107 0.30154103 0.26383093 -0.10423546 0.20484054 0.26379573 -0.12550569 0.17955758 0.2637634 -0.12840214 0.16035086 0.26358518 -0.11802623 0.06317506 0.26351687 -0.1257187 0.05430285 0.26312613 -0.10697655 -0.09455732 0.26307639 -0.10691132 -0.1199494 0.26148224 -0.12560418 0.45970711 0.26420027 -0.12513703 0.36307222 0.26392484 -0.12254599 0.25249577 0.26377785 -0.10706246 -0.31683484 0.26445442 -0.13725203 0.43619815 0.2642515 -0.12653817 0.40855068 0.26387799 -0.11895988 0.22410315 0.26371962 -0.12083845 0.12185912 0.26333261 -0.12102656 -0.04641774 0.26432565 -0.13443926 0.42618486 0.26320785 -0.12737554 -0.08018572 0.26319063 -0.12534234 -0.16951449 0.26341018 -0.12995163 -0.20956661 0.26392287 -0.12195603 -0.39058664 0.26400271 -0.12687707 0.27501398 0.2634145 -0.12965015 0.03476584 0.26311284 -0.13588528 -0.10928828 0.26353985 -0.12114276 -0.25231731 0.26368701 -0.11377403 -0.28322542 0.2638182 -0.11873682 -0.33882385 0.26414382 -0.12406512 0.32010382 0.26313043 -0.12724832 -0.14084399 0.26345539 -0.1347194 -0.22822618 0.2640698 -0.15402465 -0.39333823 0.26483789 -0.13944258 0.45703727 0.26386231 -0.13254535 0.19917572 0.26372775 -0.12805796 0.13843748 0.26335013 -0.13656503 0.00873287 0.26310885 -0.14069942 -0.12266391 0.2637125 -0.1415344 -0.28469181 0.26375329 -0.12997846 -0.30957246 0.26329592 -0.13394134 -0.06131925 0.26317006 -0.14286409 -0.09523383 0.26327842 -0.13563082 -0.18442056 0.26338822 -0.15082058 -0.19387722 0.26381451 -0.13585809 -0.34913242 0.26388967 -0.14234012 -0.37462965 0.26397195 -0.16054945 -0.3905468 0.24581411 -0.14422373 0.459555 0.26426739 -0.14758138 0.34341723 0.26391828 -0.14314374 0.23652785 0.26368657 -0.1385823 0.09243655 0.26362902 -0.1412778 0.07075746 0.26335078 -0.14376573 -0.00704152 0.26351789 -0.14204764 -0.23840022 0.26360384 -0.14399028 -0.25813389 0.24703714 -0.16665673 0.45964807 0.26432517 -0.15603903 0.41875854 0.26422018 -0.14397585 0.38847747 0.26427799 -0.16041212 0.33371934 0.26419738 -0.14921519 0.31875631 0.26403797 -0.15007739 0.2745434 0.26385966 -0.15727246 0.18939342 0.26335609 -0.14977092 -0.03551229 0.26316571 -0.15067503 -0.14442594 0.2641474 -0.16620249 0.301332 0.26390347 -0.16069591 0.21976152 0.26349315 -0.15403718 0.0543622 0.26378503 -0.1574198 -0.31660238 0.26426458 -0.15797791 0.36171418 0.26325899 -0.16257282 -0.08113688 0.26373395 -0.16461951 -0.29562187 0.26142043 -0.17188913 0.459714 0.26439559 -0.17589962 0.43042129 0.26427966 -0.16333555 0.39818838 0.26422739 -0.15564115 0.37754345 0.26396534 -0.16166437 0.2521233 0.26376987 -0.15761086 0.15769973 0.26372007 -0.1559048 0.12033088 0.26367891 -0.16195062 0.0860866 0.26338312 -0.1486897 0.03401519 0.26333553 -0.16466904 -0.06067051 0.26324186 -0.16988683 -0.15986216 0.26332271 -0.16826376 -0.17924012 0.26384556 -0.16363358 -0.34847614 0.26486638 -0.17243163 0.4571982 0.2631906 -0.16288266 -0.10398468 0.26413783 -0.17288235 0.45963386 0.26346722 -0.17333032 0.04583567 0.26335686 -0.17225669 -0.00235822 0.26316941 -0.16740382 -0.12830555 0.26348919 -0.16463907 -0.2157425 0.26366872 -0.19055778 0.06866343 0.2633701 -0.17280571 0.01700979 0.2638163 -0.17742999 -0.39404303 0.26388267 -0.17845172 0.20499158 0.26347041 -0.16726741 -0.20390338 0.26354608 -0.16918582 -0.23856494 0.26362219 -0.16659011 -0.25951672 0.26390767 -0.17390248 -0.37291324 0.26457289 -0.18598472 0.4408457 0.26420212 -0.18013458 0.31553966 0.26382822 -0.17817488 0.17234154 0.26377037 -0.17808792 0.14049102 0.26376939 -0.1864661 0.11364429 0.26370072 -0.18168637 0.08334382 0.26338103 -0.17393777 -0.03810363 0.26371363 -0.18603483 -0.28242278 0.25064808 -0.18179888 0.45967793 0.26481354 -0.19247735 0.45921698 0.26481354 -0.19247735 0.45921698 0.26430926 -0.17824644 0.40966955 0.2642957 -0.17505714 0.35796335 0.26408342 -0.17695504 0.27947652 0.26387393 -0.19310504 0.19207448 0.26326597 -0.18897489 -0.11525042 0.26341832 -0.18207882 -0.19400498 0.26377127 -0.17684066 -0.31313378 0.26429722 -0.19345827 0.41638303 0.26423287 -0.19220397 0.3858614 0.26395053 -0.18385001 0.24933189 0.26389253 -0.18391593 0.2209934 0.26343262 -0.1907576 0.0306345 0.26339406 -0.19867431 -0.00822421 0.26363349 -0.18749319 -0.26630542 0.26384649 -0.18341838 -0.34297451 0.26390076 -0.18637235 -0.38346672 0.26390985 -0.19604783 -0.39333555 0.2458957 -0.19161125 0.45949182 0.2642808 -0.18896925 0.339872 0.26340714 -0.19587481 -0.06069098 0.26330149 -0.19787224 -0.0948604 0.26327625 -0.19853055 -0.12953228 0.26331538 -0.19853884 -0.15146792 0.263349 -0.18963569 -0.17303956 0.26345649 -0.18362376 -0.21171796 0.26350838 -0.18837081 -0.23905696 0.26354203 -0.19806704 -0.25395256 0.26383361 -0.19424786 -0.39065376 0.26425996 -0.19225371 0.36274838 0.26397994 -0.19175279 0.26343691 0.26343909 -0.20001237 -0.03438724 0.2638151 -0.20472252 -0.3385123 0.26388606 -0.20739245 -0.3636975 0.24709487 -0.2096896 0.45955676 0.26096705 -0.20096719 0.45962703 0.26418555 -0.19494256 0.31872088 0.26402366 -0.19734049 0.27799433 0.26390648 -0.20900023 0.16696331 0.26386926 -0.21034135 0.14904054 0.26344579 -0.19612333 -0.04915044 0.26335591 -0.21388847 -0.07447049 0.26375023 -0.2036531 -0.30985612 0.26388782 -0.20408779 0.23774897 0.26392168 -0.22050712 0.18072677 0.26375633 -0.2020382 0.09269817 0.26338121 -0.20694131 -0.06647196 0.26340434 -0.20254377 -0.19228962 0.26343215 -0.19543332 -0.21761447 0.26413468 -0.20623665 0.45951161 0.26384372 -0.20011598 0.2168828 0.26383513 -0.21179239 0.12509622 0.26340407 -0.20526288 0.0142289 0.2638998 -0.20868939 -0.37997445 0.26430345 -0.21510814 0.41916943 0.26407367 -0.203008 0.29671055 0.26384997 -0.20513418 0.20245223 0.2636013 -0.2118234 0.05586572 0.26349831 -0.21062581 0.04051404 0.26347506 -0.22237888 -0.02208038 0.26345947 -0.2158208 -0.23088202 0.26376954 -0.22310618 -0.39395416 0.26438648 -0.21391191 0.43035313 0.26420912 -0.2075626 0.37788251 0.26423866 -0.21730611 0.35398704 0.26415765 -0.21695797 0.31638896 0.26379696 -0.22266072 0.07771453 0.263657 -0.21526578 -0.26924801 0.26375473 -0.23189563 -0.28475809 0.24594694 -0.2307725 0.45945835 0.2505016 -0.22817487 0.45960647 0.26497275 -0.23354565 0.45708767 0.26403654 -0.21807283 0.27571183 0.26392239 -0.21570921 0.25042841 0.26339212 -0.22718227 -0.09846332 0.26335576 -0.21781799 -0.12852773 0.26341355 -0.2099119 -0.17608033 0.2634179 -0.21509778 -0.21462089 0.26392204 -0.23735453 -0.386455 0.26458746 -0.22129108 0.44051063 0.26423132 -0.21621597 0.39758903 0.26349896 -0.22586241 -0.04210746 0.26349729 -0.23487623 -0.05577726 0.25619096 -0.23745166 0.45961425 0.26422441 -0.22120193 0.3761161 0.2639091 -0.23056298 0.2280311 0.26387417 -0.22421369 0.21418077 0.26383173 -0.22131775 0.10022667 0.26347354 -0.22654334 3.376E-05 0.26339212 -0.22761053 -0.14307889 0.26343316 -0.23252882 -0.16967109 0.26341745 -0.22537938 -0.18575034 0.26338553 -0.22597724 -0.19908148 0.26355988 -0.22714493 -0.25269702 0.2637729 -0.24072579 -0.30080497 0.26379377 -0.24374798 -0.32834679 0.26385343 -0.23118997 -0.3502633 0.26156941 -0.24171358 0.45959204 0.26419884 -0.23299959 0.3257786 0.26412383 -0.23249456 0.28803775 0.26402521 -0.23569065 0.25822985 0.26391247 -0.23291135 0.19857684 0.26376772 -0.23277858 0.06674717 0.26350206 -0.22874185 0.02518756 0.26377547 -0.23368236 -0.31157887 0.26366621 -0.24820322 0.05490369 0.26398611 -0.26721701 -0.39330879 0.26484257 -0.23636456 0.45919329 0.26484257 -0.23636456 0.45919329 0.26440525 -0.25051126 0.43033683 0.26432434 -0.24590981 0.41859388 0.26427928 -0.24364674 0.39819425 0.26422194 -0.24321562 0.35120773 0.2641499 -0.24397175 0.30172485 0.26345935 -0.23742425 -0.06469801 0.26391196 -0.23885947 -0.37673461 0.26389745 -0.23409988 -0.39058024 0.2646541 -0.23926099 0.44340491 0.26341927 -0.2402316 -0.11860389 0.26370096 -0.25096178 -0.26864636 0.2642619 -0.25269035 0.37455148 0.26358715 -0.24587886 0.04107428 0.2634421 -0.24288484 -0.07510489 0.26344398 -0.25297177 -0.21013783 0.2635462 -0.26355237 -0.2324671 0.26395997 -0.24452519 0.15886438 0.26391274 -0.24292347 0.1188449 0.26388329 -0.23981805 0.09026474 0.26354831 -0.2417659 -0.02515499 0.26344228 -0.25047672 -0.12985854 0.26344553 -0.25061476 -0.19258034 0.26408702 -0.28372067 0.45949018 0.26460719 -0.25733677 0.4421964 0.26420864 -0.25636977 0.33230257 0.26414093 -0.24940737 0.27984768 0.26397568 -0.26834804 0.23090185 0.26398456 -0.26516548 0.18057752 0.26384562 -0.25635636 0.07115578 0.2635417 -0.25406128 0.01759839 0.26354465 -0.24151197 -0.00536495 0.26354724 -0.25578931 -0.0385763 0.26346916 -0.25922781 -0.14802395 0.26361859 -0.26289436 -0.25093231 0.26386127 -0.24768323 -0.35770154 0.26402915 -0.26053587 0.25303632 0.2639522 -0.27700862 0.20899105 0.26481959 -0.26022041 0.45699742 0.2639088 -0.26773193 0.08687191 0.26362172 -0.27431795 0.03867944 0.26356435 -0.26162723 -0.01237369 0.26347139 -0.26314807 -0.10355386 0.26347205 -0.26738429 -0.17438287 0.26471874 -0.25872874 0.45919725 0.26471874 -0.25872874 0.45919725 0.26394069 -0.26216638 0.14330231 0.26393777 -0.26878867 0.11692262 0.26390117 -0.26722279 -0.37733299 0.24581915 -0.2867994 0.4594171 0.26427683 -0.27439803 0.34764263 0.26417351 -0.27239791 0.3008002 0.26396114 -0.27283618 0.19768493 0.26350629 -0.26514786 -0.07226092 0.26379889 -0.26837504 -0.28549019 0.2638734 -0.27073991 -0.35858935 0.26390061 -0.28468162 -0.39060658 0.26440173 -0.28526253 0.41540283 0.26433167 -0.27362409 0.39224315 0.26411343 -0.28018451 0.27352098 0.26401585 -0.28871951 0.24193285 0.26354858 -0.27622175 -0.0487048 0.26380694 -0.28066158 -0.31457534 0.26470426 -0.27797949 0.44658777 0.26422361 -0.27871117 0.31897947 0.26346645 -0.27157035 -0.19777665 0.26380634 -0.29303297 -0.29867211 0.26385561 -0.28998089 -0.33944565 0.26441783 -0.28291553 0.42606065 0.26397711 -0.28276676 0.1369276 0.26380041 -0.28780887 0.06055639 0.26356435 -0.28872606 0.01059936 0.26355362 -0.28005096 -0.00292517 0.26348478 -0.2920655 -0.13658081 0.2637499 -0.28886291 -0.27142093 0.26392823 -0.29149985 -0.38643926 0.25167057 -0.29372475 0.45959553 0.26126444 -0.29265875 0.45960021 0.26451662 -0.28284574 0.43517113 0.26368785 -0.29985461 0.04588048 0.26354903 -0.29045525 -0.2230702 0.26491794 -0.3033666 0.45709127 0.26436126 -0.29583383 0.39051646 0.26431143 -0.29138488 0.36605963 0.26395777 -0.29323363 0.0969841 0.26360059 -0.28674048 -0.02478977 0.2635026 -0.3037743 -0.10306817 0.26349086 -0.29999974 -0.16092029 0.2636568 -0.30115789 -0.24494067 0.26374167 -0.31947616 -0.39410114 0.24700822 -0.29729509 0.45952344 0.26350108 -0.29601222 -0.17710221 0.26350808 -0.29735091 -0.19925925 0.26427945 -0.29323131 0.33115891 0.26394215 -0.30206364 0.07807379 0.2635228 -0.29493362 -0.07066618 0.26372391 -0.30957717 -0.26555097 0.26389107 -0.29825276 -0.36591858 0.26480734 -0.30300599 0.45922118 0.26480734 -0.30300599 0.45922118 0.26358241 -0.2995953 -0.03957672 0.26380557 -0.30260193 -0.28440684 0.26390719 -0.30782592 -0.3805083 0.26403356 -0.30479628 0.19401745 0.26405174 -0.29824176 0.16405299 0.26398987 -0.29481235 0.12093043 0.26389366 -0.31169105 0.06614861 0.264727 -0.30595616 0.44302678 0.26401564 -0.31742838 0.13611291 0.26363447 -0.31359917 0.02874063 0.26385283 -0.30803201 -0.3255384 0.26452518 -0.30863556 0.42990103 0.26437074 -0.31109732 0.34812471 0.26424333 -0.31777307 0.3105697 0.26403916 -0.30453837 0.25349849 0.26401889 -0.30910492 0.22555634 0.2635884 -0.30982524 -0.2233128 0.26383379 -0.32041875 -0.39067739 0.26389563 -0.3197127 -0.39338887 0.26447886 -0.30986676 0.41924196 0.26405618 -0.31542581 0.18116681 0.26360649 -0.31224754 -0.01282894 0.26349336 -0.33023852 -0.13327384 0.26436982 -0.31134441 0.37668413 0.26432934 -0.31489086 0.32851452 0.264171 -0.31560367 0.28660747 0.26403737 -0.32721561 0.23961803 0.26379001 -0.32531017 0.05637869 0.26360559 -0.32283974 0.00517788 0.26359737 -0.32048166 -0.04916245 0.26354915 -0.33449751 -0.06663787 0.26353496 -0.31829259 -0.08108903 0.26353595 -0.328022 -0.19041063 0.24608271 -0.32576621 0.45957538 0.26423851 -0.32758966 0.45964321 0.26442534 -0.32564443 0.36655438 0.26409948 -0.32388514 0.26813728 0.26402721 -0.32588786 0.14913598 0.26364219 -0.31584448 -0.03162325 0.26379383 -0.33093756 -0.28177357 0.25034487 -0.33126104 0.45974842 0.26501614 -0.32853624 0.4592787 0.26501614 -0.32853624 0.4592787 0.26510996 -0.32585743 0.4571183 0.26446807 -0.32139963 0.40103817 0.26397979 -0.33026785 0.10130522 0.26395774 -0.32548606 0.07609782 0.26350582 -0.34057474 -0.15006973 0.26358941 -0.33879596 -0.20264834 0.26390535 -0.32333156 -0.3465347 0.2639184 -0.32367945 -0.3690677 0.2471538 -0.3314437 0.45969298 0.26402047 -0.34608549 0.25084722 0.26401904 -0.33487093 0.20982565 0.26401293 -0.33872032 0.17006803 0.26363942 -0.32770109 0.02027563 0.26354671 -0.34753051 -0.17954344 0.26362759 -0.33711722 -0.21901298 0.263706 -0.35190326 -0.23691574 0.26384988 -0.32988116 -0.31469339 0.26116312 -0.32537439 0.45972958 0.26473281 -0.32996637 0.43654835 0.26456189 -0.33658504 0.42233717 0.26442531 -0.34186319 0.38078561 0.26391977 -0.33570915 0.069705 0.26365536 -0.33401614 -0.0201714 0.26366171 -0.33206186 -0.03289869 0.26372916 -0.33778092 -0.25421464 0.26441902 -0.33055997 0.34473407 0.26391524 -0.33744338 -0.38644916 0.26447409 -0.34719831 0.39936006 0.26430011 -0.3470071 0.32128164 0.26398689 -0.35580608 0.19591653 0.26397562 -0.35413948 0.18354 0.26363051 -0.34595394 0.03663836 0.26360494 -0.34312749 -0.0021502 0.26355371 -0.33316153 -0.08287978 0.26351926 -0.33799553 -0.11196401 0.26382819 -0.35052019 -0.29469281 0.26392841 -0.34538376 -0.37881923 0.25610489 -0.3578389 0.45975992 0.26512855 -0.34664369 0.45706251 0.26467496 -0.35353395 0.43298137 0.26444083 -0.34561747 0.36467084 0.26374763 -0.34694216 0.05620852 0.26352245 -0.36662731 -0.16125 0.26389754 -0.3466925 -0.33617672 0.26392621 -0.36147285 -0.35700297 0.26398331 -0.34823668 0.1467434 0.26358974 -0.349585 -0.04709516 0.26494056 -0.35678017 0.44660401 0.2644051 -0.34976801 0.34503931 0.26413512 -0.35077941 0.2872237 0.26397529 -0.36032033 0.23055539 0.26389843 -0.36567697 0.0854341 0.26361832 -0.35751861 -0.02538617 0.26351678 -0.35081708 -0.09933015 0.26478922 -0.38406074 0.43845737 0.2644181 -0.36328995 0.36755916 0.26412565 -0.37276864 0.29705232 0.26397419 -0.37837374 0.26119208 0.26394027 -0.35160294 0.10670133 0.26359376 -0.35146749 0.02486014 0.26382962 -0.35981253 -0.28538716 0.26153886 -0.36807209 0.45973477 0.26384145 -0.3718549 0.07290287 0.26356813 -0.35696366 -0.00593422 0.26358086 -0.365336 -0.03903654 0.26376927 -0.37511551 -0.25617748 0.2639136 -0.37743366 -0.39054775 0.264494 -0.37761143 0.41283911 0.26352844 -0.36600813 -0.06090441 0.26398674 -0.38952592 -0.39334831 0.26379216 -0.38581416 -0.39402923 0.24722138 -0.42171803 0.45971045 0.26456821 -0.38203615 0.42601743 0.26388371 -0.3912304 0.21018931 0.26391605 -0.36800689 0.12794387 0.26361269 -0.3716152 0.05091211 0.26350856 -0.38957331 0.03960064 0.26353538 -0.37198284 0.02050767 0.26351345 -0.36637953 -0.10694268 0.26349792 -0.39140308 -0.13469973 0.26367125 -0.37433195 -0.21468839 0.26388368 -0.38300335 -0.30986464 0.24611633 -0.38412532 0.45960107 0.26442087 -0.37335062 0.38967249 0.26394409 -0.37600055 0.17208615 0.2635352 -0.36958909 -0.08516253 0.26358896 -0.39318365 -0.18528885 0.26395252 -0.38262206 -0.37982336 0.26395917 -0.38788381 -0.38651389 0.2643522 -0.37416404 0.34512758 0.26425982 -0.37174132 0.32128942 0.26371744 -0.3844341 0.06331973 0.26383644 -0.40003309 -0.28810221 0.26390684 -0.38313761 -0.34531617 0.26511014 -0.39420059 0.45702764 0.26495332 -0.39593145 0.44717273 0.26436853 -0.37805542 0.36266148 0.26401746 -0.38484663 0.27824312 0.26353422 -0.38659561 -0.00268008 0.26356727 -0.37537718 -0.01337856 0.26353994 -0.38808417 -0.07996304 0.26351863 -0.38258532 -0.11541094 0.2639387 -0.38650727 -0.36495867 0.26390561 -0.38923019 0.1997247 0.26389635 -0.38874283 0.13262865 0.26355237 -0.38243711 -0.0478607 0.26422665 -0.41485432 0.45968282 0.26497966 -0.39123881 0.45929295 0.26497966 -0.39123881 0.45929295 0.26463771 -0.403476 0.43133545 0.26417917 -0.39703941 0.31559414 0.26390666 -0.39635196 0.24223995 0.26392204 -0.39708379 -0.32850379 0.26427075 -0.3887383 0.33149022 0.26388863 -0.39408675 0.22380242 0.2634809 -0.3935084 0.02134787 0.26448572 -0.40567932 0.41620529 0.26434949 -0.39703879 0.37745917 0.26390377 -0.39507192 0.17420347 0.26369363 -0.40193063 -0.21777397 0.26149115 -0.41612718 0.45975065 0.26441002 -0.40816039 0.39604339 0.26434144 -0.40058941 0.35590613 0.26355377 -0.39582562 -0.02406584 0.26352644 -0.39598185 -0.05046482 0.26348835 -0.404365 -0.06580465 0.26365024 -0.40511486 -0.19878393 0.25142527 -0.42135221 0.45977747 0.26404458 -0.40618336 0.30096602 0.26398528 -0.4080947 0.28771049 0.26386958 -0.39977047 0.10114993 0.26380903 -0.40775731 0.08393577 0.26351342 -0.40440869 0.05074038 0.26343787 -0.40449747 0.00926076 0.24620068 -0.42923942 0.45963562 0.26383936 -0.40741897 0.13134661 0.26364699 -0.40600234 0.06279525 0.2635017 -0.4065966 -0.10865362 0.26351815 -0.40381438 -0.15912372 0.26394314 -0.41812775 -0.37415045 0.26347315 -0.40890193 -0.01091744 0.2635034 -0.40898788 -0.02715531 0.26346833 -0.41278756 -0.04332668 0.26373431 -0.40645909 -0.24471647 0.26378351 -0.41207165 -0.26522693 0.26427293 -0.41449317 0.33683014 0.26413095 -0.41080707 0.3143577 0.26351005 -0.41790631 -0.09114406 0.26389676 -0.42280304 -0.31128433 0.2639412 -0.41970336 -0.33786064 0.2643252 -0.41724566 0.36585063 0.26388595 -0.41528887 0.26266587 0.26386309 -0.41287813 0.21919128 0.26387239 -0.4171502 0.19348264 0.26383007 -0.41547501 0.16370495 0.2650629 -0.43334663 0.45935807 0.2650629 -0.43334663 0.45935807 0.26481837 -0.43147391 0.43986654 0.26440498 -0.42273289 0.3923901 0.26390299 -0.41924381 0.23847315 0.26378611 -0.42712444 0.12209678 0.26342642 -0.41668594 0.03063009 0.26341 -0.41671139 0.00278727 0.26345497 -0.41818282 -0.06520328 0.26351094 -0.41814229 -0.15530851 0.26355559 -0.4181664 -0.17810518 0.26389429 -0.44195446 -0.39067841 0.26375255 -0.43706372 -0.39400002 0.26515368 -0.43143412 0.45707408 0.26451105 -0.42461312 0.4202821 0.26394272 -0.42953107 0.28012967 0.26384667 -0.42718124 0.18044202 0.26371211 -0.43169367 0.07366134 0.26358497 -0.42248186 0.05961075 0.26348472 -0.42009267 0.04923228 0.26351476 -0.42968142 -0.02971444 0.26349378 -0.42059398 -0.12232899 0.26367009 -0.42403182 -0.19984555 0.26372594 -0.4237594 -0.22924173 0.26392898 -0.44016698 -0.38665298 0.2642861 -0.44201696 0.32551008 0.26414269 -0.42659318 0.31555262 0.26398987 -0.43205178 0.29658109 0.26393974 -0.42895308 0.21950689 0.26375982 -0.43485054 0.09759925 0.26394287 -0.43184149 -0.35353121 0.26470828 -0.44300321 0.43343428 0.26427808 -0.42672873 0.34868109 0.26390719 -0.43030083 0.25454313 0.26344919 -0.42705718 -0.00071801 0.26346463 -0.42715269 -0.05049706 0.26350281 -0.42845351 -0.07195629 0.26379833 -0.43447256 -0.25834793 0.26384291 -0.43196785 -0.2853303 0.26395181 -0.4423205 -0.39333326 0.26419559 -0.44606805 0.45989493 0.26450214 -0.4319492 0.40839416 0.2645441 -0.44170395 0.39597023 0.26433668 -0.43248895 0.37688422 0.26367977 -0.44760764 0.06477588 0.26352906 -0.43486482 0.04285 0.26352787 -0.4381063 0.02750653 0.26359922 -0.43865991 -0.09644011 0.26359114 -0.43846047 -0.12481261 0.26360267 -0.43640131 -0.15332556 0.26363927 -0.43720797 -0.17598799 0.26094019 -0.44926301 0.45998192 0.26426351 -0.43348709 0.35271105 0.26429409 -0.4433296 0.34142238 0.26396602 -0.43624541 0.23464844 0.26395941 -0.43930689 0.19858283 0.26375788 -0.43877465 0.16327344 0.26359797 -0.44093412 -0.07611127 0.24613905 -0.44788074 0.45985338 0.24729271 -0.44860402 0.45995331 0.26493528 -0.44080743 0.44826978 0.26452506 -0.44146764 0.41624352 0.26428202 -0.43590784 0.36709431 0.26395118 -0.44258296 0.29970902 0.26388174 -0.4460929 0.26623523 0.26393327 -0.4418996 0.2429975 0.26395956 -0.4382239 0.21117622 0.26385534 -0.44020289 0.18527186 0.26353219 -0.43957752 -0.00390801 0.26354206 -0.43926001 -0.04820618 0.26372775 -0.44532719 -0.19369999 0.26377362 -0.4441027 -0.22103882 0.26387501 -0.44233266 -0.29820812 0.26499605 -0.44598603 0.45870379 0.26435831 -0.44219798 0.38706362 0.26415369 -0.44338045 0.37883604 0.2639991 -0.4441579 0.36693612 0.26414254 -0.44196171 0.34853864 0.26424214 -0.44213089 0.344706 0.26427969 -0.44502261 0.33264521 0.26493159 -0.4457278 0.45937607 0.26493159 -0.4457278 0.45937607 0.26448905 -0.44843975 0.39492571 0.26410189 -0.44649783 0.38115638 0.2641615 -0.44221127 0.37482721 0.26409176 -0.44246414 0.37036046 0.26390833 -0.44734949 0.21986839 0.26389563 -0.4484759 -0.32152325 0.26393223 -0.44445723 -0.36109966 0.22055699 -0.446334 0.36527327 0.22270745 -0.44581011 0.36575872 0.22272269 -0.4447647 0.36314029 0.22048762 -0.44604054 0.36301789 0.22055699 -0.446334 0.36527327 0.22024968 -0.44884336 0.3656826 0.22278346 -0.45013136 0.36747813 0.22270745 -0.44581011 0.36575872 0.22270904 -0.44548047 0.358872 0.22069967 -0.44681254 0.35604382 0.22257136 -0.44635612 0.35430434 0.22656728 -0.44558054 0.36591583 0.22671975 -0.44505605 0.36316454 0.22656754 -0.44809106 0.3674942 0.22656728 -0.44558054 0.36591583 0.22555359 -0.44555998 0.35867819 0.22812842 -0.44640449 0.36183304 0.22752181 -0.44719711 0.35834965 0.22504398 -0.44609329 0.35366687 0.22703272 -0.44773149 0.35335717 0.22447561 -0.44669539 0.34775242 0.22683464 -0.4478254 0.34915927 0.22623716 -0.44787362 0.34541148 0.22942212 -0.44577095 0.36565891 0.22942315 -0.44560602 0.36446291 0.23075736 -0.44769299 0.3669903 0.22942212 -0.44577095 0.36565891 0.23075736 -0.44769299 0.3669903 0.23140633 -0.44778478 0.36276346 0.24591202 -0.44485012 0.37419623 0.24517711 -0.44909856 0.37421024 0.24612539 -0.45108888 0.37680817 0.2461822 -0.44282836 0.3754985 0.26463339 -0.45713961 0.43478599 0.2644223 -0.45410666 0.40779892 0.26418772 -0.44767785 0.3844566 0.26422831 -0.45521671 0.33623186 0.26384261 -0.45520157 0.23734173 0.26384616 -0.45524675 0.19976319 0.26370537 -0.44879135 0.16724652 0.26372764 -0.45210752 0.14729121 0.26362777 -0.44889313 0.05097647 0.26359582 -0.44886804 0.02078337 0.26362509 -0.44891989 -0.02657893 0.26362956 -0.44894332 -0.06264311 0.26364869 -0.44893843 -0.11384072 0.26366797 -0.44892764 -0.1649892 0.26378387 -0.45174316 -0.2319811 0.26381436 -0.45070556 -0.2731055 0.2638703 -0.45599788 -0.35191783 0.26382524 -0.45613602 -0.36955401 0.26385978 -0.45302328 -0.39420259 0.26446259 -0.44577405 0.37887946 0.26456341 -0.44862971 0.38253537 0.26619685 -0.44853511 0.37901601 0.26509383 -0.44471061 0.37490726 0.26689649 -0.44688621 0.3749415 0.26471156 -0.4449054 0.3703182 0.26545706 -0.44777125 0.36910903 0.26425657 -0.44779646 0.36601704 0.26460963 -0.44783455 0.36143842 0.26411673 -0.4450832 0.36158291 0.26455191 -0.44787785 0.35643709 0.26469707 -0.44792259 0.34823474 0.26451331 -0.4482415 0.3442845 0.26444149 -0.45243937 0.34040436 0.27326706 -0.44625053 0.37397605 0.27599671 -0.44648579 0.37379643 0.27652737 -0.44608486 0.37005696 0.27286381 -0.44577849 0.37023696 0.27104479 -0.44722664 0.37521642 0.27629188 -0.44880065 0.374924 0.27599671 -0.44648579 0.37379643 0.27104479 -0.44722664 0.37521642 0.27793354 -0.44908583 0.36996198 0.27652737 -0.44608486 0.37005696 0.27695853 -0.44589368 0.3657881 0.27422339 -0.44565752 0.3618443 0.27882895 -0.44901797 0.36552489 0.27695853 -0.44589368 0.3657881 0.27713129 -0.44589457 0.36152822 0.27906206 -0.44781968 0.3614625 0.27713129 -0.44589457 0.36152822 0.27670017 -0.44605976 0.3570109 0.27463895 -0.44590622 0.35678476 0.27862096 -0.44811681 0.35714385 0.27670017 -0.44605976 0.3570109 0.27603194 -0.44609159 0.35027555 0.27483326 -0.44593135 0.35001111 0.27819097 -0.44854033 0.35345662 0.27603194 -0.44609159 0.35027555 0.27729449 -0.44872701 0.34931061 0.22024028 -0.45308074 0.36626887 0.22103012 -0.45210385 0.36723235 0.22038803 -0.44827572 0.354417 0.2212071 -0.44716245 0.35301295 0.22184357 -0.44746804 0.35028428 0.22045368 -0.4491106 0.35024938 0.22290988 -0.44799191 0.34634295 0.22083251 -0.45102558 0.34156856 0.22290988 -0.44799191 0.34634295 0.22239752 -0.44969413 0.34220701 0.22083251 -0.45102558 0.34156856 0.22657046 -0.45011827 0.36860025 0.22256927 -0.4530271 0.36791292 0.22657 -0.4485279 0.34119907 0.22657026 -0.44970778 0.33827257 0.22345084 -0.45025921 0.33954656 0.23066011 -0.4499512 0.3695415 0.23105337 -0.45292568 0.37122041 0.23037061 -0.44907057 0.35786957 0.23381269 -0.45004153 0.36084488 0.23006909 -0.44944096 0.35264987 0.23288405 -0.45015359 0.35232928 0.23052086 -0.44949487 0.34834188 0.23341939 -0.45029187 0.34599659 0.23022906 -0.44904363 0.340904 0.23075169 -0.44963631 0.33767885 0.23644693 -0.44985843 0.37044114 0.23644389 -0.44886807 0.36715934 0.23644693 -0.44985843 0.37044114 0.23652308 -0.45140791 0.37228647 0.23676485 -0.44929394 0.36383066 0.23643781 -0.45076275 0.34391934 0.23728475 -0.45095325 0.3399024 0.23336692 -0.44973609 0.33789939 0.23645408 -0.45233905 0.33621699 0.24205264 -0.45007452 0.37143007 0.24193875 -0.44977859 0.36746159 0.24066158 -0.45051974 0.37294966 0.24205264 -0.45007452 0.37143007 0.24179798 -0.4502956 0.36441183 0.24441138 -0.45047289 0.36621404 0.24335223 -0.45040339 0.37306178 0.24517711 -0.44909856 0.37421024 0.24501391 -0.44854832 0.37101588 0.24202845 -0.45208183 0.3736707 0.24517234 -0.45246813 0.37553495 0.24501391 -0.44854832 0.37101588 0.24479587 -0.44982725 0.36827534 0.24517234 -0.45246813 0.37553495 0.24575502 -0.44742754 0.36960828 0.24580808 -0.44860694 0.366447 0.24479587 -0.44982725 0.36827534 0.24501391 -0.44854832 0.37101588 0.24877547 -0.45747438 0.4599103 0.26404229 -0.45740446 0.46000999 0.26493862 -0.45605978 0.45989892 0.26436716 -0.45342645 0.39394554 0.26385346 -0.45525956 0.29857501 0.2637403 -0.45498076 0.16312064 0.26374611 -0.45520639 0.06300121 0.26367477 -0.45305765 0.0369461 0.26368374 -0.45300922 -0.00874614 0.26375371 -0.45506147 -0.01080351 0.26375654 -0.45531613 -0.05466044 0.26374245 -0.45530689 -0.13194281 0.26377818 -0.45517346 -0.18552212 0.26384121 -0.45609656 -0.38922733 0.26402485 -0.45532662 -0.39412719 0.26493862 -0.45605978 0.45989892 0.26432472 -0.44990796 0.38618955 0.26453835 -0.45270503 0.38900524 0.26497635 -0.45296884 0.38603002 0.26636612 -0.45274541 0.38263616 0.26710328 -0.45125842 0.38039529 0.26376277 -0.44923565 0.36746916 0.26544994 -0.44953963 0.36578962 0.26425657 -0.44779646 0.36601704 0.26643631 -0.45022503 0.36130977 0.26460963 -0.44783455 0.36143842 0.26631972 -0.45073071 0.35635191 0.26455191 -0.44787785 0.35643709 0.26633894 -0.45087531 0.35195485 0.26469707 -0.44792259 0.34823474 0.26628235 -0.45145601 0.34791678 0.26590154 -0.45285705 0.34466243 0.26590154 -0.45285705 0.34466243 0.27137402 -0.44939211 0.37785649 0.26689649 -0.44688621 0.3749415 0.26619685 -0.44853511 0.37901601 0.26619685 -0.44853511 0.37901601 0.26710328 -0.45125842 0.38039529 0.27076507 -0.45274395 0.37932613 0.27137402 -0.44939211 0.37785649 0.26905984 -0.44715258 0.37032259 0.26545706 -0.44777125 0.36910903 0.26960507 -0.44832361 0.36572689 0.26652822 -0.44923237 0.36680007 0.27527711 -0.44992387 0.37723717 0.27629188 -0.44880065 0.374924 0.27478597 -0.45292953 0.37724915 0.27527711 -0.44992387 0.37723717 0.27635252 -0.45293412 0.37427902 0.27796447 -0.45294753 0.36982912 0.27892783 -0.45312065 0.36583579 0.27729449 -0.44872701 0.34931061 0.27617097 -0.44924921 0.34655869 0.27426815 -0.44903409 0.34609139 0.27335793 -0.4480482 0.34829581 0.27828372 -0.4513571 0.34876728 0.27679199 -0.45242059 0.34694219 0.27617097 -0.44924921 0.34655869 0.27828372 -0.4513571 0.34876728 0.27617097 -0.44924921 0.34655869 0.27925703 -0.45025036 0.36405855 0.27933162 -0.44972128 0.36136329 0.2794292 -0.45280433 0.36130553 0.2793214 -0.45004246 0.35715514 0.27942845 -0.45278049 0.35555652 0.27897364 -0.45062676 0.35146379 0.27810064 -0.45350638 0.34826666 0.22086444 -0.45559391 0.36738646 0.2228301 -0.45679826 0.36844811 0.22220884 -0.45254084 0.3387377 0.22074306 -0.45378825 0.33990401 0.22024751 -0.45247287 0.34469116 0.23006946 -0.45681289 0.37157559 0.22657052 -0.45114923 0.33690572 0.22657077 -0.45325714 0.33612275 0.22344731 -0.45391583 0.33702412 0.22220884 -0.45254084 0.3387377 0.2307948 -0.45108673 0.33621684 0.23085047 -0.45338583 0.33496982 0.23282851 -0.45442826 0.37264445 0.23657368 -0.45341247 0.3732346 0.23220928 -0.45876476 0.37250358 0.23644038 -0.45646334 0.37354982 0.23706876 -0.45020321 0.36127689 0.2371576 -0.45062077 0.35705853 0.23719968 -0.45105773 0.34984213 0.2307948 -0.45108673 0.33621684 0.2348385 -0.45398799 0.33437237 0.2348385 -0.45398799 0.33437237 0.23943503 -0.45510399 0.33449867 0.23685898 -0.45617753 0.33409202 0.23943503 -0.45510399 0.33449867 0.24197769 -0.4561412 0.37452108 0.24214014 -0.45140308 0.35645109 0.24214178 -0.45222864 0.34903905 0.24213773 -0.45232737 0.34380344 0.24212924 -0.45272392 0.33986825 0.242125 -0.4539057 0.33696657 0.24471579 -0.45602116 0.3757143 0.24476819 -0.45096931 0.36147705 0.2449977 -0.4511649 0.35583475 0.24493909 -0.45161304 0.35189068 0.24504711 -0.45191145 0.34596375 0.24508303 -0.45225632 0.33987424 0.24520338 -0.45310333 0.33623058 0.24603519 -0.45715526 0.45968994 0.24607947 -0.4521158 0.37770832 0.24545848 -0.45059758 0.36480474 0.24559066 -0.45069742 0.35428381 0.26366296 -0.45514601 0.16216587 0.26377413 -0.45513037 0.14469902 0.26365489 -0.45521125 0.03765075 0.26365101 -0.45524654 -0.01054045 0.26501667 -0.45731682 0.45919448 0.26476699 -0.45734233 0.44788381 0.26450843 -0.45689681 0.41564327 0.26420906 -0.45688203 0.39485896 0.26432177 -0.45607361 0.38933885 0.26491773 -0.4557769 0.38578188 0.26646566 -0.4559378 0.3825573 0.26611444 -0.45624763 0.34508717 0.26441097 -0.45545352 0.34103301 0.26382056 -0.45594966 -0.25307265 0.26388392 -0.45599404 -0.30802467 0.26842213 -0.45398995 0.38123748 0.26842213 -0.45398995 0.38123748 0.26646566 -0.4559378 0.3825573 0.2685352 -0.45541349 0.38119614 0.271047 -0.45601574 0.37853327 0.26798972 -0.44995925 0.36435926 0.26852077 -0.45043606 0.36095431 0.26643631 -0.45022503 0.36130977 0.26544994 -0.44953963 0.36578962 0.26892233 -0.45089981 0.35631081 0.26631972 -0.45073071 0.35635191 0.26896632 -0.4509795 0.35201997 0.26633894 -0.45087531 0.35195485 0.26941323 -0.45144385 0.34809175 0.26628235 -0.45145601 0.34791678 0.27160069 -0.45261919 0.3457925 0.26590154 -0.45285705 0.34466243 0.27420428 -0.45518833 0.37682852 0.2752009 -0.45590049 0.37383258 0.27684209 -0.45590064 0.36963978 0.27783555 -0.45593581 0.36576694 0.27868158 -0.45525593 0.3646754 0.2788322 -0.45551014 0.36121613 0.27874157 -0.45558909 0.35531026 0.27779567 -0.45485944 0.34850368 0.27810064 -0.45350638 0.34826666 0.22110939 -0.45848647 0.36745098 0.22252631 -0.45878574 0.36819506 0.226596 -0.45903787 0.36961329 0.23067059 -0.45902795 0.37078035 0.23575841 -0.45869872 0.37311527 0.24125226 -0.45833683 0.37373123 0.24214934 -0.4557685 0.33522096 0.2407722 -0.45676097 0.33400789 0.24214934 -0.4557685 0.33522096 0.24177064 -0.45763251 0.33603862 0.2405808 -0.4575083 0.33408013 0.2407722 -0.45676097 0.33400789 0.24457458 -0.45765841 0.37483406 0.24676935 -0.45652723 0.33965173 0.24472198 -0.45688581 0.33719122 0.24546728 -0.45589244 0.33615568 0.26111758 -0.45694643 0.3553451 0.25059411 -0.45686609 0.34643936 0.26111111 -0.45673871 0.34519684 0.2646679 -0.45672899 0.38288382 0.26124623 -0.45680487 0.38198367 0.26395071 -0.45700875 0.36861748 0.24696772 -0.45562455 -0.068287 0.26062587 -0.45562041 -0.08229294 0.26164791 -0.455475 -0.05530031 0.26536995 -0.45695838 0.36669621 0.26461613 -0.45695826 0.36094019 0.26409975 -0.45614457 0.33498886 0.26378274 -0.45655051 0.34065923 0.26380438 -0.45629585 0.33020091 0.26367232 -0.45559022 0.2908406 0.26333815 -0.4555577 0.25770256 0.26349261 -0.45552665 0.24267617 0.26361522 -0.45554698 0.25948459 0.26374471 -0.45561305 0.21157517 0.26354924 -0.45549154 -0.05757472 0.26375654 -0.45531613 -0.05466044 0.26363033 -0.4556953 -0.08818229 0.26363033 -0.4556953 -0.08818229 0.26360312 -0.45572847 -0.16000333 0.26378736 -0.4559747 -0.39388636 0.26501667 -0.45731682 0.45919448 0.26404729 -0.45677188 0.38593277 0.26404729 -0.45677188 0.38593277 0.26646566 -0.4559378 0.3825573 0.26662296 -0.45683721 0.37897617 0.26878634 -0.45718911 0.37728775 0.27044854 -0.45709923 0.37751004 0.271047 -0.45601574 0.37853327 0.27354482 -0.45663303 0.37523338 0.27515653 -0.45704955 0.37193942 0.2752009 -0.45590049 0.37383258 0.27515653 -0.45704955 0.37193942 0.27615148 -0.45723101 0.36546904 0.27783555 -0.45593581 0.36576694 0.27672768 -0.45725328 0.35985583 0.27796137 -0.45657277 0.36111379 0.27805245 -0.45661327 0.35568309 0.27556738 -0.45714161 0.34771448 0.2771455 -0.45630595 0.35018429 0.2771455 -0.45630595 0.35018429 0.27556738 -0.45714161 0.34771448 0.27628213 -0.45562971 0.34741524 0.24589105 -0.00576457 0.45921597 0.24596809 -0.00374463 0.45957124 0.24582955 -0.00373844 0.45652968 0.24592549 -0.0038746 0.41990858 0.24580593 -0.00512897 0.42927775 0.24571961 -0.00491948 0.38679302 0.24576309 -0.00376336 0.36236289 0.24568115 -0.00486658 0.35408798 0.24569388 -0.00361539 0.3303273 0.2454201 -0.00497602 0.3042767 0.24542138 -0.00403513 0.29482108 0.24511607 -0.00496622 0.25401196 0.24507262 -0.00398353 0.24079049 0.24486391 -0.00490722 0.20578147 0.24493924 -0.00393577 0.20443775 0.24444586 -0.00514275 0.16902867 0.24452464 -0.00425571 0.16944952 0.24453479 -0.00414904 0.1450503 0.24443342 -0.00506652 0.14110398 0.24441487 -0.00427895 0.11419222 0.2443452 -0.00510161 0.12194055 0.24433099 -0.00507218 0.08735398 0.24438472 -0.00427475 0.07605441 0.24420992 -0.00551948 0.04488932 0.24430209 -0.00492131 0.04192379 0.24424727 -0.00554786 0.00732503 0.24433576 -0.00493077 0.00927698 0.24432036 -0.00580159 -0.01363409 0.24437867 -0.00513266 -0.02625924 0.24426058 -0.00540182 -0.08594335 0.24436449 -0.00507772 -0.05554604 0.24437727 -0.00481393 -0.07693712 0.24445955 -0.00485721 -0.1156598 0.24434549 -0.00557185 -0.11263581 0.24458608 -0.00489584 -0.15108702 0.24496344 -0.00512544 -0.21114466 0.24458608 -0.00490931 -0.17310955 0.24472032 -0.00471201 -0.18674576 0.24494915 -0.00450375 -0.2030209 0.24500039 -0.00453632 -0.23659167 0.24545139 -0.00513262 -0.27087659 0.24552999 -0.00426146 -0.26997 0.24554051 -0.00425073 -0.30143914 0.24546762 -0.00501251 -0.30576402 0.245636 -0.00395357 -0.32040992 0.24557759 -0.00488587 -0.33032632 0.24586987 -0.00378118 -0.36545068 0.24573131 -0.00492153 -0.36869815 0.24565181 -0.00372395 -0.38960934 0.24552612 -0.0046707 -0.38903242 0.24586375 -0.00388431 -0.39373574 0.24552462 -0.00571933 -0.3930082 0.24750376 -0.00533898 -0.39391193 0.24586375 -0.00388431 -0.39373574 0.2537922 -0.00376406 -0.39398572 0.26329613 -0.00391808 -0.39392707 0.26357749 -0.00574459 -0.3941277 0.2459102 -0.01094151 0.45973414 0.24581286 -0.01067576 0.45215121 0.24581486 -0.00755947 0.38921568 0.24579859 -0.00782992 0.35694963 0.24560262 -0.00767762 0.31663793 0.24542135 -0.00795194 0.26875663 0.24523348 -0.0078859 0.24599019 0.24515833 -0.00855662 0.22333787 0.24507174 -0.00792568 0.20160341 0.24460582 -0.0077947 0.16836067 0.2446758 -0.00978497 0.1412686 0.24480282 -0.01485377 0.12910572 0.24430516 -0.00810084 -0.07688004 0.24490748 -0.01120146 -0.1469423 0.2447855 -0.00770864 -0.17506194 0.24522564 -0.00781622 -0.21156816 0.24523735 -0.00781563 -0.23000173 0.24542074 -0.0077571 -0.25351962 0.24570747 -0.00987444 -0.27746233 0.24572922 -0.01065281 -0.31060216 0.24569017 -0.00971101 -0.38933468 0.24589047 -0.01435525 0.41752821 0.24560362 -0.01508706 0.28292811 0.24545538 -0.01451341 0.25211906 0.24538365 -0.01676234 0.20469655 0.2452623 -0.01481136 0.19547947 0.24492879 -0.0147802 0.17127709 0.24484035 -0.01384721 0.15996394 0.24471727 -0.01449128 0.10634035 0.24463412 -0.0144652 0.07346129 0.24457566 -0.01695191 0.03765673 0.24450335 -0.01436591 0.01420448 0.24465097 -0.01585967 -0.01117299 0.24463063 -0.01420788 -0.03815242 0.2445409 -0.01444339 -0.08065504 0.24459146 -0.01440558 -0.0966365 0.24504043 -0.01186577 -0.17617299 0.2454688 -0.01221098 -0.20597905 0.2454934 -0.01229926 -0.23037365 0.24583533 -0.01187307 -0.36697698 0.24723662 -0.01839813 -0.39370662 0.26029375 -0.01452409 -0.39380315 0.24586898 -0.02208043 0.4366529 0.24597743 -0.01653425 0.37109208 0.24585809 -0.01876521 0.32955879 0.24546733 -0.02101277 0.22170439 0.24509209 -0.01724441 -0.14480662 0.24520794 -0.01759586 -0.17196667 0.24551688 -0.01715246 -0.19600964 0.24563362 -0.01691468 -0.21170664 0.24566592 -0.01821434 -0.23256518 0.24582894 -0.01594749 -0.26874635 0.24585763 -0.0177908 -0.32065168 0.24608593 -0.02297761 -0.39358753 0.24608593 -0.02297761 -0.39358753 0.24596518 -0.02808511 0.41623366 0.24602832 -0.02322277 0.39326063 0.24605979 -0.02569618 0.36803815 0.24571957 -0.02702085 0.27786672 0.24559161 -0.02374551 0.24536571 0.24498889 -0.02106102 0.14050549 0.24513781 -0.02543452 0.1651839 0.24486083 -0.02126388 0.09086116 0.24468237 -0.02404283 0.01377327 0.24477263 -0.02429846 -0.028803 0.24475661 -0.02499423 -0.05494866 0.24475811 -0.0270703 -0.07395092 0.2448591 -0.02888249 -0.09272397 0.2449787 -0.02660137 -0.11152904 0.24518627 -0.02561066 -0.13593465 0.24590203 -0.02591456 -0.26873162 0.24589646 -0.02189101 -0.30732903 0.24591622 -0.02808543 -0.35413796 0.24596655 -0.03502468 -0.36509693 0.24590829 -0.02824253 -0.38901496 0.2458533 -0.03221494 -0.39302915 0.25618568 -0.02403584 -0.39369875 0.26143989 -0.02690716 -0.39376915 0.26369825 -0.02717104 -0.39390182 0.24597332 -0.02488773 0.33928454 0.24592003 -0.03149752 0.31805164 0.24551976 -0.03273624 0.19172773 0.24540733 -0.03740866 0.17707095 0.24508637 -0.02985653 0.12329327 0.24500105 -0.030563 0.08153701 0.24485445 -0.03002467 0.05240895 0.24486582 -0.03759147 0.02773311 0.24486238 -0.03302552 -0.00880885 0.24550712 -0.02955649 -0.17464447 0.24592611 -0.04089182 -0.19782327 0.24587159 -0.02976922 -0.24709481 0.24596405 -0.03335334 -0.28827244 0.24596003 -0.03614559 -0.31701452 0.24577217 -0.0378368 0.45307615 0.24580473 -0.03792598 0.45931396 0.24584773 -0.03901649 0.44055626 0.24607584 -0.03268455 0.39521044 0.24614699 -0.04185253 0.35153785 0.24573281 -0.03608405 0.24497235 0.24580815 -0.04172295 0.2109891 0.24526885 -0.03996982 0.1438646 0.24496499 -0.03859248 -0.08005832 0.24586059 -0.04799653 0.45968536 0.24625747 -0.04170594 0.3728056 0.24491215 -0.03975694 0.00604353 0.24496242 -0.03777714 -0.03041182 0.24496807 -0.03871357 -0.05221113 0.2459572 -0.04084611 -0.34432706 0.2460123 -0.0573347 0.41623649 0.24609342 -0.04458363 0.40367818 0.24588031 -0.04486025 0.29851854 0.2458005 -0.04142178 0.2721816 0.24519256 -0.04068647 0.1007449 0.24511303 -0.03925951 0.07535422 0.24503027 -0.04357496 0.05162475 0.24527973 -0.03985681 -0.11685253 0.24547911 -0.03722532 -0.14636377 0.24567936 -0.03912987 -0.17457826 0.24596974 -0.04077337 -0.20860481 0.2459394 -0.03933653 -0.23003733 0.24600236 -0.03927233 -0.25577188 0.24599653 -0.04040331 -0.38874206 0.29200041 -0.03336827 0.35507008 0.29329494 -0.03329759 0.35114968 0.29051176 -0.03524071 0.35101828 0.2947692 -0.03376995 0.34451541 0.29520273 -0.03419968 0.33596116 0.29549903 -0.03419344 0.31989172 0.29531488 -0.03385308 0.30406472 0.29505771 -0.0337267 0.28772396 0.29518116 -0.03385752 0.25715992 0.29531384 -0.03419709 0.23711228 0.29541117 -0.03457999 0.22590698 0.29786995 -0.03308983 0.21318015 0.29838094 -0.03330418 0.1998308 0.29867664 -0.03358203 0.19256306 0.24619152 -0.04446968 0.38649619 0.24602488 -0.04274596 0.32861096 0.24570987 -0.04319945 0.2009514 0.24552551 -0.04361795 -0.14315498 0.24597269 -0.05049213 -0.32409805 0.24728687 -0.05784627 -0.39386654 0.26366788 -0.05507815 -0.39399093 0.26371902 -0.03799427 0.20218791 0.26629218 -0.03984865 0.36200932 0.26601139 -0.03517498 0.36344045 0.27163529 -0.03544012 0.36469507 0.26918203 -0.03973632 0.36252379 0.27365828 -0.03664257 0.36303687 0.272742 -0.03976675 0.36237338 0.27701816 -0.03659952 0.36342582 0.28032997 -0.03669615 0.36297607 0.28140369 -0.0370239 0.36025938 0.28400078 -0.03603682 0.35926569 0.28400078 -0.03603682 0.35926569 0.28504694 -0.03681614 0.35635263 0.28575379 -0.03870306 0.35372815 0.28853089 -0.0362938 0.35210136 0.28901282 -0.03740677 0.34932339 0.28912133 -0.03904537 0.34719434 0.29000574 -0.03938069 0.34286037 0.29061538 -0.03937185 0.33858454 0.29100418 -0.03937523 0.33321753 0.29118255 -0.03927087 0.32619444 0.29127812 -0.0392594 0.31584141 0.29142895 -0.03924448 0.30534497 0.29130429 -0.03917191 0.28669542 0.29135233 -0.03916408 0.26013875 0.29156882 -0.03919702 0.24009559 0.29154375 -0.03924673 0.22907859 0.29163674 -0.03924901 0.2198392 0.29218251 -0.03931937 0.19558275 0.29249018 -0.03931078 0.19165058 0.29258573 -0.03939798 0.18456757 0.29455119 -0.03765082 0.18223782 0.29684234 -0.03876627 0.18001631 0.29684061 -0.03732413 0.18183473 0.24589147 -0.06182019 0.28811684 0.24581745 -0.05352049 0.24687031 0.24558437 -0.05645105 0.18525046 0.24548398 -0.05566893 0.1706512 0.24538602 -0.0551525 0.14310166 0.24529256 -0.05363911 0.10461818 0.24518979 -0.05530049 0.06072926 0.24510077 -0.05545648 0.03726488 0.24504438 -0.05251931 0.0189484 0.24516223 -0.0576078 -0.00314798 0.24512114 -0.05210656 -0.03077369 0.24517332 -0.05760432 -0.05829559 0.24512634 -0.05372418 -0.07728761 0.24545002 -0.05675514 -0.12359115 0.24563144 -0.05211954 -0.15829822 0.24578708 -0.05704358 -0.18012625 0.24602683 -0.05904756 -0.23975831 0.24608907 -0.06396689 -0.25453764 0.24603392 -0.05238915 -0.28711373 0.24603136 -0.05884346 -0.36648566 0.2460448 -0.05988679 -0.37768376 0.26478252 -0.04368585 0.20110446 0.26621622 -0.04497543 0.36210316 0.26963863 -0.04446344 0.36273298 0.2731967 -0.0441642 0.36260682 0.27124259 -0.04005767 0.20380913 0.26886407 -0.04359078 0.2020966 0.27385697 -0.04135322 0.20251383 0.27696615 -0.04390195 0.36215985 0.27660394 -0.0436126 0.20195055 0.28068823 -0.043704 0.35948184 0.280752 -0.04145612 0.20252225 0.28076836 -0.04359104 0.2015195 0.28416637 -0.04343379 0.35550553 0.28493553 -0.04139939 0.20195313 0.28489462 -0.04349966 0.20056088 0.28659338 -0.04350619 0.35172597 0.28827536 -0.04380285 0.34872538 0.28852335 -0.04129407 0.20110358 0.28856719 -0.04349294 0.19902241 0.28893679 -0.04380804 0.34657654 0.28977472 -0.04383381 0.34266302 0.29087919 -0.04391525 0.33550677 0.2913602 -0.0438664 0.32731035 0.29171282 -0.04435252 0.32231277 0.29157308 -0.04372095 0.31629878 0.29189193 -0.04449286 0.31030983 0.29170182 -0.04391261 0.30426651 0.29144472 -0.04386607 0.28371075 0.29140249 -0.04365654 0.25358707 0.29146135 -0.04365235 0.23833567 0.29136932 -0.04351808 0.22815655 0.29153448 -0.04399092 0.22297378 0.29139242 -0.04356229 0.21939354 0.29143029 -0.04402462 0.21579115 0.2914184 -0.04335321 0.19022514 0.29176134 -0.04326292 0.18414624 0.29263106 -0.04323816 0.18068665 0.29414338 -0.04320799 0.17836641 0.29681566 -0.04319092 0.17741989 0.29414338 -0.04320799 0.17836641 0.30053785 -0.04318737 0.17816013 0.245867 -0.06519133 0.45919207 0.24589673 -0.0615247 0.43557715 0.24613374 -0.05944698 0.40046105 0.24619584 -0.05488948 0.38415322 0.2461789 -0.05501331 0.36902887 0.24597061 -0.06278303 0.31187749 0.24582916 -0.0545252 0.21673501 0.24574403 -0.06023282 0.20207015 0.24532884 -0.07883698 -0.08372977 0.24533078 -0.06081663 -0.10621043 0.2456089 -0.06957654 -0.13636218 0.24596833 -0.07106233 -0.19699633 0.24599467 -0.05887514 -0.21707369 0.24598253 -0.05703501 -0.34607375 0.24583592 -0.05592975 -0.39309114 0.24609126 -0.05664737 -0.39372641 0.24609126 -0.05664737 -0.39372641 0.25632194 -0.05754283 -0.3938404 0.26150507 -0.0565845 -0.39389277 0.26469809 -0.04660117 0.20127827 0.27175909 -0.04861077 0.36456046 0.26586905 -0.05015978 0.36349964 0.27421281 -0.04688543 0.36320212 0.27049625 -0.04818979 0.2032906 0.27236673 -0.04635586 0.20199604 0.27687758 -0.04652439 0.3637121 0.27661428 -0.0467187 0.20203201 0.27871865 -0.04504698 0.3619225 0.27687758 -0.04652439 0.3637121 0.27871865 -0.04504698 0.3619225 0.28044641 -0.04617246 0.36319089 0.28162441 -0.04654691 0.36030623 0.28162441 -0.04654691 0.36030623 0.2807785 -0.04675741 0.20173541 0.28296617 -0.04485573 0.35768691 0.28296617 -0.04485573 0.35768691 0.2844139 -0.04725101 0.35914332 0.28521991 -0.0467014 0.35633871 0.2844139 -0.04725101 0.35914332 0.28489199 -0.04653846 0.20102446 0.28573939 -0.04467219 0.35371804 0.28816009 -0.04802986 0.35554951 0.28836951 -0.04682525 0.35137936 0.28861818 -0.04608475 0.34925693 0.28865978 -0.04611099 0.19968781 0.28865978 -0.04611099 0.19968781 0.29088211 -0.04746253 0.34758726 0.29168707 -0.04743703 0.34268284 0.29209501 -0.04696324 0.33671057 0.29236051 -0.04658115 0.3289904 0.29268152 -0.04672305 0.30839747 0.29227206 -0.04674295 0.28286368 0.2923286 -0.04669908 0.26000944 0.29220083 -0.04643838 0.23857056 0.29205093 -0.0458261 0.22270398 0.29178423 -0.04567928 0.21459563 0.2913346 -0.04589854 0.2123619 0.29155353 -0.04609146 0.19567624 0.29247326 -0.04629596 0.19163205 0.29323387 -0.04634415 0.18437491 0.29382643 -0.04591357 0.18064702 0.29445237 -0.04535213 0.17856671 0.29256231 -0.04641056 0.31910059 0.29236051 -0.04658115 0.3289904 0.29256231 -0.04641056 0.31910059 0.29472208 -0.04778996 0.32234538 0.29541755 -0.04821097 0.31607008 0.29268152 -0.04672305 0.30839747 0.29476833 -0.04792917 0.31033996 0.29445958 -0.0472475 0.22311227 0.29205093 -0.0458261 0.22270398 0.29178423 -0.04567928 0.21459563 0.2949681 -0.04750963 0.21955259 0.29430151 -0.04710731 0.21577202 0.29445237 -0.04535213 0.17856671 0.29679567 -0.04577362 0.17823683 0.30052131 -0.04566936 0.17872539 0.30250046 -0.04517905 0.17946552 0.24609879 -0.06641233 0.36583203 0.24605708 -0.06490237 0.34617656 0.24603873 -0.0667626 0.3280662 0.26624134 -0.05219675 0.37191489 0.26637095 -0.05261074 0.37483329 0.26383263 -0.05381522 0.37385571 0.26368809 -0.05004104 0.20207769 0.26570249 -0.05170606 0.20490071 0.26368389 -0.05276192 0.20359872 0.27180228 -0.050761 0.36888385 0.26586905 -0.05015978 0.36349964 0.27175909 -0.04861077 0.36456046 0.27112269 -0.05103284 0.20546167 0.27603707 -0.04716491 0.37411523 0.27645338 -0.0476102 0.36935943 0.27720836 -0.04701109 0.36595133 0.27421281 -0.04688543 0.36320212 0.27662051 -0.04904233 0.2037109 0.27112269 -0.05103284 0.20546167 0.27662051 -0.04904233 0.2037109 0.27661142 -0.0505094 0.20548882 0.28079796 -0.0454218 0.3654128 0.28069198 -0.04888195 0.21503252 0.28080416 -0.04893589 0.20379864 0.28080416 -0.04893589 0.20379864 0.28302222 -0.04511322 0.3651568 0.28430951 -0.04627356 0.36339235 0.2844139 -0.04725101 0.35914332 0.28459266 -0.04822823 0.21337478 0.28489199 -0.04653846 0.20102446 0.28768632 -0.04654202 0.36241561 0.28521991 -0.0467014 0.35633871 0.28816009 -0.04802986 0.35554951 0.28775045 -0.04533241 0.21555486 0.28881058 -0.04634416 0.21315524 0.28880951 -0.04779631 0.2082987 0.28874433 -0.04758728 0.20386328 0.28865978 -0.04611099 0.19968781 0.29282808 -0.04589396 0.36090797 0.29085389 -0.04950486 0.35475433 0.28836951 -0.04682525 0.35137936 0.29182467 -0.04900335 0.35126683 0.29362425 -0.05001278 0.35249135 0.28861818 -0.04608475 0.34925693 0.29088211 -0.04746253 0.34758726 0.2913346 -0.04589854 0.2123619 0.29149598 -0.04665096 0.20778826 0.2916165 -0.04682685 0.20361638 0.29163259 -0.04655867 0.19961835 0.2896862 -0.04533319 0.1971022 0.29155353 -0.04609146 0.19567624 0.29512039 -0.04979088 0.34730384 0.29819554 -0.05022435 0.34517226 0.29628134 -0.05014938 0.35127911 0.29168707 -0.04743703 0.34268284 0.29613701 -0.04955546 0.34305978 0.29209501 -0.04696324 0.33671057 0.29529709 -0.04861782 0.3354587 0.29530448 -0.04828299 0.3277173 0.29536229 -0.04837402 0.30495542 0.29507938 -0.04841374 0.28600278 0.29227206 -0.04674295 0.28286368 0.29524454 -0.04850467 0.2676852 0.2923286 -0.04669908 0.26000944 0.29220083 -0.04643838 0.23857056 0.29506487 -0.04822882 0.24108754 0.29513735 -0.04779722 0.22801152 0.29499975 -0.04750632 0.21177173 0.29519811 -0.0476794 0.2076183 0.29559076 -0.04787745 0.19982608 0.29593173 -0.04801617 0.19494534 0.29247326 -0.04629596 0.19163205 0.29323387 -0.04634415 0.18437491 0.2966406 -0.04806073 0.18434428 0.29382643 -0.04591357 0.18064702 0.29675481 -0.04727178 0.18076305 0.29445237 -0.04535213 0.17856671 0.29679567 -0.04577362 0.17823683 0.29709613 -0.04906782 0.35635734 0.30053577 -0.04845571 0.35460666 0.30037501 -0.04988099 0.33868083 0.30051085 -0.04998966 0.34195945 0.30027884 -0.04980884 0.33324292 0.30039224 -0.04975365 0.32471618 0.30030486 -0.04980678 0.30706215 0.30017528 -0.04979039 0.29009926 0.30021685 -0.0497325 0.26781344 0.30015776 -0.04947231 0.23949289 0.30039749 -0.04919845 0.22446506 0.30039096 -0.04917605 0.21803918 0.30033302 -0.04911749 0.21153142 0.30045214 -0.04903196 0.20342186 0.30057809 -0.04890648 0.19371212 0.30057353 -0.04853946 0.18462048 0.30056643 -0.04734151 0.18105407 0.30052131 -0.04566936 0.17872539 0.30398747 -0.04633689 0.3534148 0.30464128 -0.04859427 0.32078508 0.30467337 -0.04866184 0.30153081 0.30465731 -0.04848071 0.26960698 0.30467027 -0.048254 0.24553064 0.30466446 -0.0479774 0.22797799 0.30468005 -0.0480286 0.2141293 0.30471998 -0.0480464 0.2020414 0.30450463 -0.04753054 0.18856817 0.30459249 -0.04648247 0.18455297 0.3033084 -0.04590512 0.18133889 0.30250046 -0.04517905 0.17946552 0.30624571 -0.04547492 0.35179245 0.30688536 -0.04597203 0.35015279 0.30752966 -0.04639958 0.3470462 0.30774623 -0.04643784 0.34193847 0.3075673 -0.04627584 0.32059905 0.3076674 -0.0463315 0.29757413 0.30757502 -0.046218 0.26687253 0.30743322 -0.04591639 0.22929554 0.30748856 -0.04605579 0.20554516 0.30740061 -0.04595041 0.19788775 0.30692512 -0.04565326 0.18925494 0.3063938 -0.04525937 0.18567589 0.24583155 -0.06260476 0.23028514 0.24555251 -0.06976677 0.15725638 0.24542341 -0.06477377 0.12130386 0.24604042 -0.06341004 -0.30597901 0.24600676 -0.0736184 -0.33734936 0.24600795 -0.0660693 -0.38877264 0.26687798 -0.05201459 0.38160187 0.26389495 -0.05292715 0.38251534 0.26387241 -0.05384433 0.37881446 0.26662114 -0.05266622 0.37887931 0.26584807 -0.05100625 0.21735409 0.26367751 -0.05207453 0.21843293 0.26371032 -0.05360413 0.21393891 0.26579905 -0.05242779 0.21409729 0.26370326 -0.05387602 0.20842721 0.26573095 -0.05271646 0.2084848 0.26368389 -0.05276192 0.20359872 0.26570249 -0.05170606 0.20490071 0.27117041 -0.05168902 0.20882258 0.27738839 -0.05090556 0.20911816 0.30064899 -0.05008766 0.34736469 0.24585427 -0.06624094 0.45296291 0.2453635 -0.07415041 0.05035602 0.24526957 -0.06974848 0.02423042 0.24528018 -0.06454161 -0.0358426 0.24574453 -0.07120672 -0.16294685 0.2461163 -0.07638635 0.39857161 0.24589324 -0.07220869 0.26897076 0.24578544 -0.07002479 0.21618563 0.2457349 -0.0764537 0.19947845 0.2452784 -0.0702925 -0.06961715 0.24614662 -0.0780811 -0.27410835 0.24614966 -0.07783832 -0.28970128 0.24596581 -0.0736127 -0.39308047 0.24591714 -0.08150435 0.44197831 0.24554247 -0.0810516 0.11243294 0.2454776 -0.08312839 0.09169317 0.24540403 -0.07664356 0.06406574 0.24533994 -0.07223265 -0.01289904 0.2453735 -0.0762205 -0.04996611 0.24604991 -0.08335227 -0.20782557 0.24608079 -0.08445521 -0.32242984 0.24602789 -0.07725506 -0.35347635 0.24611866 -0.08661969 -0.37545758 0.24629013 -0.08306579 -0.39368954 0.24629013 -0.08306579 -0.39368954 0.24606934 -0.07807337 0.37055248 0.2458331 -0.08132926 0.23501828 0.245691 -0.085383 0.16334522 0.24563619 -0.0868876 0.13346168 0.24608791 -0.08509751 -0.23409241 0.26151231 -0.090917 -0.39384702 0.24612397 -0.09547713 0.39853692 0.24576363 -0.09180151 0.18688846 0.24555972 -0.10037931 0.06854481 0.24545947 -0.09175879 0.01344761 0.24545154 -0.08790963 -0.00662637 0.24546689 -0.08988932 -0.03045863 0.24539006 -0.08777803 -0.06667726 0.24544106 -0.08421361 -0.09905173 0.24576071 -0.08766943 -0.1527316 0.24593052 -0.09816788 -0.18113846 0.24614975 -0.09376261 -0.30994692 0.24742244 -0.10498375 -0.39380544 0.26383999 -0.10001759 -0.3939614 0.24590707 -0.10450186 0.45955545 0.24602866 -0.0957711 0.42388535 0.24605852 -0.08548307 0.34007382 0.24601912 -0.09219787 0.31043857 0.24611615 -0.09253097 -0.36716282 0.24613038 -0.1001863 0.38438725 0.24609119 -0.09511927 0.35997677 0.24595736 -0.09477034 0.27711254 0.24558726 -0.09187125 -0.11954745 0.24614879 -0.09264 -0.2509625 0.24591821 -0.10141498 0.23318626 0.24583431 -0.09668584 0.21246672 0.24553323 -0.10021875 0.03413578 0.24550059 -0.10390565 -0.05985881 0.2461042 -0.10660645 -0.34144562 0.24611446 -0.10573014 -0.35898376 0.24610001 -0.10501213 0.32276657 0.24587007 -0.10704081 0.20209175 0.24579486 -0.10439569 0.16434561 0.24564654 -0.10024969 0.10739489 0.24558361 -0.10834105 -0.04091966 0.24554843 -0.11096211 -0.09534146 0.24609686 -0.0970512 -0.21787719 0.24620989 -0.11068267 -0.27928746 0.24619845 -0.11053731 -0.29952547 0.24606958 -0.10248405 -0.39309102 0.25621438 -0.10699194 -0.39381269 0.24594697 -0.1109126 0.44370243 0.24613842 -0.11289967 0.36695474 0.24598725 -0.11282245 0.26102307 0.2455959 -0.11135772 -0.0199412 0.24562532 -0.11338076 -0.11064357 0.24604805 -0.10557655 -0.1984323 0.24611801 -0.11260513 -0.23553416 0.24596947 -0.10844473 0.24581146 0.24553572 -0.12001377 -0.07488809 0.24572226 -0.10887122 -0.12895256 0.24583042 -0.10561652 -0.15708442 0.24606448 -0.12267902 0.41383103 0.24614839 -0.12315586 0.33474761 0.2457554 -0.10567658 0.13703847 0.24563849 -0.11592463 0.08275295 0.24554677 -0.12064621 -0.0856697 0.24619879 -0.11894739 -0.37428558 0.24616194 -0.11435686 -0.38526267 0.24587655 -0.14063099 0.45303574 0.24612401 -0.12212262 0.39156073 0.2460475 -0.11083798 0.29751253 0.24588637 -0.12718223 0.18526912 0.24561998 -0.1178751 0.04343474 0.24561907 -0.12418727 -0.05365243 0.24581146 -0.12999484 -0.13441104 0.24607065 -0.11630769 -0.21310493 0.24618778 -0.12407874 -0.26483065 0.2461561 -0.11406594 -0.32304597 0.24601872 -0.14163457 0.43000662 0.24585417 -0.13544628 0.14576334 0.24576044 -0.12478061 0.12440327 0.24571565 -0.11467508 0.11426108 0.24564639 -0.12830731 0.02190312 0.24566749 -0.12919636 -0.0011511 0.24593595 -0.1237701 -0.18076998 0.24607804 -0.13213263 -0.39310279 0.24586956 -0.13669561 0.45687038 0.24594732 -0.14510435 0.44489655 0.24602696 -0.1229537 0.28852421 0.24595982 -0.12423082 0.22477081 0.2458401 -0.12447728 -0.15465093 0.24607241 -0.12459673 0.30961275 0.246021 -0.14827415 0.2455093 0.24568331 -0.13372698 -0.02919956 0.24617672 -0.14330414 -0.25428373 0.24615553 -0.1309796 -0.34981221 0.24632573 -0.1348625 -0.39367181 0.24632573 -0.1348625 -0.39367181 0.24569426 -0.13349044 0.09471481 0.24609065 -0.14691907 -0.22807306 0.24617058 -0.13005726 -0.32214552 0.2614947 -0.1641479 -0.39393517 0.24618338 -0.14527641 0.35114098 0.24601275 -0.13826025 0.27263415 0.2457113 -0.14416808 0.06082965 0.24568562 -0.1350908 -0.09674664 0.24576277 -0.14035532 -0.11171047 0.24586025 -0.14738092 -0.14488935 0.24602795 -0.14596768 -0.20405732 0.24626081 -0.14835514 -0.29161 0.24621511 -0.14460284 -0.38524133 0.2561256 -0.1499505 -0.39386597 0.24581411 -0.14422373 0.459555 0.24612857 -0.15081629 0.31705692 0.24617995 -0.15826906 0.36254251 0.24613063 -0.154623 0.38627127 0.24606502 -0.15625852 0.30420855 0.24574436 -0.15646893 0.01670598 0.24592584 -0.15701671 -0.17197259 0.2460618 -0.16078106 0.41425484 0.24604914 -0.15134624 0.28682578 0.24598378 -0.15064973 0.22408628 0.24583174 -0.15618005 0.11997416 0.24623778 -0.1562545 -0.31480813 0.24623549 -0.15433535 -0.36410114 0.24751154 -0.17572843 -0.39388332 0.24603415 -0.16066195 0.25724742 0.24594241 -0.16106662 0.18020454 0.24575064 -0.16293471 0.08518653 0.24569397 -0.14816821 -0.06931635 0.24623397 -0.15222809 -0.27501351 0.24616423 -0.15921949 -0.39309981 0.24617837 -0.16427419 0.32738689 0.24572936 -0.16056736 -0.09130286 0.24587616 -0.168208 -0.12623301 0.24625097 -0.15239806 -0.37734509 0.24576372 -0.16114375 -0.01052124 0.24573343 -0.15995963 -0.03584614 0.24572672 -0.16623986 -0.05849076 0.24576268 -0.17324522 0.05765433 0.24603906 -0.17358796 -0.19864084 0.24609748 -0.18532187 -0.21932118 0.2461358 -0.17500874 -0.24268624 0.24623282 -0.16776392 -0.33580762 0.24625766 -0.1794294 -0.37181893 0.2638163 -0.17742999 -0.39404303 0.24598809 -0.18348254 0.44641563 0.24618658 -0.17563 0.36935228 0.24623074 -0.18212588 0.34148997 0.24605198 -0.17052877 0.28047693 0.24600828 -0.17400053 0.21748289 0.2459266 -0.16829136 0.15410666 0.24627477 -0.16760808 -0.28900301 0.24621831 -0.17859669 -0.38605839 0.24640656 -0.18132712 -0.393729 0.24640656 -0.18132712 -0.393729 0.24573593 -0.1818476 -0.08076739 0.24590416 -0.17368001 -0.15988269 0.24620938 -0.18344739 -0.25761104 0.24623814 -0.17402686 -0.27206033 0.24623299 -0.17651069 -0.35949329 0.24593997 -0.19014238 0.45712546 0.24601792 -0.17667937 0.43486881 0.24612625 -0.1877708 0.40597123 0.24591002 -0.18117616 0.13842407 0.24585119 -0.18063872 -0.11217764 0.24622199 -0.17784536 -0.3069405 0.25611103 -0.19081265 -0.39386722 0.24616201 -0.18767452 0.39067149 0.24604802 -0.18143994 0.23962532 0.24583232 -0.18254074 0.10909988 0.2457803 -0.18733981 0.043415 0.24581134 -0.19061597 0.01052874 0.2458957 -0.19161125 0.45949182 0.24595127 -0.20042849 0.45305473 0.24619052 -0.18556146 0.31914172 0.24611637 -0.18642125 0.30334538 0.24608834 -0.18433423 0.28507096 0.24578077 -0.18645693 -0.03298317 0.24574533 -0.19152077 -0.06338982 0.24592891 -0.19011703 -0.13001359 0.24597767 -0.18285382 -0.1835779 0.24625763 -0.19353013 -0.29155129 0.24621519 -0.18794316 -0.33391115 0.24612063 -0.2018709 0.41839731 0.24605229 -0.18938401 0.20879282 0.24594787 -0.18482593 0.17113318 0.24578457 -0.19349739 0.07960859 0.24593391 -0.18725242 -0.16040772 0.24625434 -0.19249901 -0.27808267 0.24611026 -0.20591094 0.43157089 0.24624576 -0.20811628 0.37302274 0.24629951 -0.21034893 0.35068795 0.24612468 -0.1940698 0.25131035 0.24603629 -0.19495586 0.19123933 0.24597305 -0.19718874 0.16200228 0.24585071 -0.20561941 -0.0172493 0.24580306 -0.20043571 -0.09364717 0.24615978 -0.2109966 -0.23745656 0.24619588 -0.21352534 -0.24674952 0.24622038 -0.19768076 -0.30392772 0.2462348 -0.19477308 -0.36176255 0.24623102 -0.1995509 -0.38036242 0.24583876 -0.21163329 -0.05492613 0.24590239 -0.19575402 -0.11192108 0.24607088 -0.19919127 -0.19235665 0.24615794 -0.2156409 -0.20584968 0.24625133 -0.22407988 -0.25385326 0.24623398 -0.22032554 -0.39306065 0.26163989 -0.22978266 -0.39385647 0.24618983 -0.2044206 0.28031543 0.24595912 -0.20838091 0.14375803 0.24599364 -0.20333892 -0.14688136 0.24630146 -0.21270648 0.32911855 0.24624681 -0.20674694 0.31100464 0.24619362 -0.21311972 0.25611222 0.24586073 -0.2029821 0.10714069 0.24623004 -0.20902096 -0.33543879 0.26376954 -0.22310618 -0.39395416 0.24604069 -0.21155544 0.44641328 0.24625891 -0.22015482 0.28978685 0.24613886 -0.20985724 0.21956795 0.2460399 -0.21355861 0.18336597 0.2458249 -0.20857567 0.02715576 0.2459448 -0.20593438 -0.1167509 0.24608891 -0.21970451 -0.1825154 0.24628134 -0.21890111 -0.2736043 0.24611017 -0.23251906 0.43560714 0.246005 -0.2208204 -0.13152418 0.24623422 -0.21327347 -0.30976689 0.24582833 -0.21887355 0.06968455 0.24585073 -0.2387104 -0.07264139 0.2460494 -0.22560011 -0.15471002 0.24618185 -0.22511113 -0.21787287 0.2462689 -0.22542048 -0.35750505 0.24630341 -0.22836229 -0.37112647 0.24626344 -0.22179277 -0.38207173 0.24647096 -0.23198664 -0.39364892 0.24647096 -0.23198664 -0.39364892 0.24594694 -0.2307725 0.45945835 0.24588509 -0.22353572 0.10178147 0.24587154 -0.22895917 0.02113743 0.24591371 -0.22591734 -0.03867565 0.24583681 -0.22743747 -0.08553807 0.24590166 -0.22235501 -0.10610986 0.24627618 -0.22418506 -0.29751182 0.24626972 -0.22561646 -0.31890398 0.24591282 -0.22645503 -0.00301899 0.24591982 -0.23408206 -0.01514218 0.24632213 -0.22868216 -0.28526288 0.24758376 -0.23732954 -0.39380449 0.25614285 -0.25635928 -0.39384329 0.24616924 -0.23852663 0.41604269 0.24623519 -0.22625294 0.39185596 0.24615711 -0.22941051 0.20261112 0.24602379 -0.23632608 0.17661241 0.24598157 -0.23819458 0.15876751 0.24585989 -0.23531276 0.04637025 0.24613152 -0.24200609 -0.18320028 0.24595007 -0.2520372 0.45304221 0.24604593 -0.23637073 0.44639817 0.24634802 -0.23388606 0.33422226 0.24629059 -0.23514399 0.29945889 0.24622671 -0.23599827 0.25348794 0.24619778 -0.22970816 0.22755495 0.245929 -0.23973824 0.12017836 0.24586199 -0.23941515 0.08167519 0.24592468 -0.24498901 -0.05360603 0.24629262 -0.24043563 0.37767783 0.24633798 -0.24085897 0.34656498 0.2459127 -0.24790631 0.00251234 0.24595374 -0.24568069 -0.03231946 0.24604006 -0.25030309 -0.13363168 0.24621779 -0.25114584 -0.21013242 0.24629411 -0.26119503 -0.26412675 0.24626842 -0.24665064 -0.31802374 0.24627669 -0.24806975 -0.35392159 0.24626474 -0.25612244 0.39228606 0.24633178 -0.25280231 0.32081044 0.24626903 -0.25854707 0.27436247 0.24616668 -0.24599528 0.2132982 0.24612057 -0.24741566 0.1960457 0.2458684 -0.2574141 0.06482159 0.24596572 -0.24894318 -0.10904148 0.24631177 -0.25400907 -0.27693102 0.24628282 -0.24998501 -0.29940945 0.24629697 -0.25769812 -0.37153125 0.24623476 -0.24578926 -0.38862982 0.2461347 -0.26789898 -0.39309955 0.2459178 -0.25549817 -0.09027609 0.24625048 -0.25683194 -0.23935759 0.24631278 -0.26733193 -0.29086584 0.24623147 -0.25765142 -0.38248539 0.24591984 -0.26340792 0.45687109 0.24629468 -0.25762215 0.30540222 0.24609226 -0.2636672 0.18952595 0.24595903 -0.24822375 0.14233828 0.24607308 -0.25169259 -0.15313999 0.24617602 -0.26722431 0.41976231 0.24613151 -0.26543379 0.43399811 0.24623102 -0.26508203 0.24678667 0.24599278 -0.2688337 0.12696025 0.24587157 -0.26095593 0.02779896 0.24595344 -0.26058683 -0.02077602 0.24603045 -0.26906329 0.44636065 0.24634944 -0.26414311 0.36187604 0.24637981 -0.27106431 0.33856836 0.24602443 -0.26301786 0.16309631 0.24588966 -0.26318663 0.08943118 0.24592239 -0.26578709 -0.07512701 0.24626671 -0.2682299 -0.31847396 0.24581915 -0.2867994 0.4594171 0.2459591 -0.26978287 -0.06150067 0.24612749 -0.27932829 -0.15322369 0.24620488 -0.27770954 -0.17680089 0.24620113 -0.26449892 -0.18508205 0.24587086 -0.284293 0.05910666 0.24595657 -0.2771098 -0.00508703 0.24630105 -0.27688986 0.28987867 0.24601528 -0.27599987 -0.03963567 0.24602544 -0.28335446 -0.05301382 0.24626783 -0.27280685 -0.22343227 0.24626023 -0.28862733 -0.24617136 0.24627388 -0.27385208 -0.33785194 0.24629053 -0.27762344 -0.35485932 0.24620616 -0.28036362 0.22378877 0.24594942 -0.27915537 0.10300874 0.2460427 -0.27847007 -0.10743222 0.24645883 -0.31121564 -0.39381188 0.24645883 -0.31121564 -0.39381188 0.2463381 -0.28583163 0.30864531 0.24588488 -0.29437852 0.01311509 0.24608923 -0.28216153 -0.12300049 0.24593535 -0.2932567 0.45692202 0.24594484 -0.29461172 0.45323306 0.24624383 -0.28932738 0.39966387 0.24631006 -0.28869915 0.38015971 0.24639055 -0.29991144 0.36364114 0.24609396 -0.28908622 0.17416662 0.24607073 -0.28317976 0.1561081 0.24587084 -0.29009208 0.02630266 0.24600801 -0.30016452 -0.08468382 0.24628076 -0.2830677 -0.21076554 0.24629842 -0.28829822 -0.26977229 0.24626668 -0.29112855 -0.30976135 0.24625205 -0.28623396 -0.37936032 0.24622078 -0.30664554 -0.39312652 0.2475415 -0.29435509 -0.39388624 0.26374167 -0.31947616 -0.39410114 0.24585581 -0.30073699 0.07291923 0.24625167 -0.29358977 -0.2325789 0.24618857 -0.3024919 0.43237388 0.24638876 -0.2971746 0.32784575 0.24628189 -0.28853884 0.25582632 0.24604028 -0.28944147 0.13233881 0.24600351 -0.30285919 -0.01650437 0.24611767 -0.29452643 -0.14020982 0.24630255 -0.29230109 -0.29357046 0.24620315 -0.30137044 0.41988719 0.24643201 -0.30958444 0.33930588 0.24602577 -0.30492398 -0.06353779 0.24626052 -0.30761534 -0.34566703 0.26149341 -0.3208392 -0.39400402 0.2461043 -0.30259186 0.44400325 0.24627408 -0.30466831 0.27571952 0.24622846 -0.31029439 0.2385163 0.24612142 -0.30832595 0.19652075 0.24593288 -0.301108 0.10616377 0.24606697 -0.30966949 -0.04723648 0.24604991 -0.30641466 -0.10297868 0.24608918 -0.31013787 -0.121785 0.24618575 -0.30684614 -0.17062449 0.2462543 -0.29948232 -0.19771084 0.2462441 -0.30841041 -0.22466871 0.24626142 -0.29826427 -0.32637924 0.24631383 -0.31630063 -0.37107924 0.24628121 -0.30683017 -0.37726611 0.25605285 -0.30453211 -0.39392251 0.24605185 -0.30444792 0.16058217 0.2459486 -0.30848265 0.0013873 0.24627537 -0.30871159 0.40068203 0.24600017 -0.30631411 0.1313816 0.24627134 -0.31348237 -0.27530789 0.24628788 -0.31075728 -0.36208016 0.24615504 -0.32613534 0.45251134 0.24608271 -0.32576621 0.45957538 0.24636264 -0.32939923 0.39223933 0.24645309 -0.32572711 0.35250998 0.24631567 -0.30494514 0.30833381 0.24626407 -0.31688029 0.29679513 0.24583463 -0.31484354 0.05569228 0.24603838 -0.31505704 -0.03503655 0.24624771 -0.32526278 -0.2504158 0.24626514 -0.31737188 -0.29913795 0.24625075 -0.3198902 -0.31790745 0.24747644 -0.31905386 -0.39398891 0.24627805 -0.3255989 0.41978252 0.24640471 -0.32835969 0.32402939 0.24613029 -0.32821801 -0.1315324 0.24624294 -0.33629224 -0.19219559 0.24625571 -0.33546862 -0.21975656 0.24620405 -0.31919125 -0.39317793 0.24597737 -0.32152247 0.14822426 0.2458805 -0.3191129 0.10664716 0.24580778 -0.3280966 0.08007374 0.24586995 -0.32536274 0.0357627 0.24591112 -0.32520515 0.0114157 0.24624401 -0.33111751 -0.34122732 0.24615633 -0.3275646 0.45698121 0.24630608 -0.33920652 0.30622357 0.24606153 -0.32528669 0.18571368 0.24600703 -0.32893491 -0.0120013 0.24606664 -0.33117786 -0.0757266 0.24619672 -0.33032554 -0.16672133 0.24622709 -0.33205491 -0.23687521 0.24626258 -0.33400315 0.43352857 0.24624081 -0.33316588 0.26646578 0.24583949 -0.3334223 0.09562055 0.24609049 -0.33737838 -0.03458475 0.24613321 -0.3384099 -0.04556647 0.24614529 -0.3479102 -0.05866273 0.24607986 -0.33229429 -0.09806969 0.2463011 -0.34670106 -0.25968367 0.24630818 -0.3348574 -0.28360081 0.24628574 -0.34241968 -0.35962772 0.24626762 -0.34117788 -0.38192892 0.25614876 -0.3356846 -0.39396626 0.24642943 -0.34813726 0.3789351 0.24646717 -0.35610539 0.3362332 0.24626873 -0.34817225 -0.32563481 0.24622059 -0.34191334 0.4462465 0.24638236 -0.35791856 0.40311655 0.24625996 -0.33749312 0.29194516 0.24621311 -0.34352478 0.22736529 0.24607266 -0.34164393 0.18384898 0.24597514 -0.33205524 0.15280527 0.24592331 -0.34412593 0.11271861 0.24585763 -0.33902901 0.05759816 0.24629605 -0.34971449 -0.30245692 0.24590018 -0.33861178 0.02256926 0.24633658 -0.36586952 0.4209851 0.24599226 -0.34587151 0.1398201 0.24595448 -0.34215793 0.00763881 0.24614757 -0.35912469 -0.08567485 0.24627581 -0.35615987 -0.23626426 0.24632694 -0.3584379 -0.37211674 0.24638484 -0.38017753 -0.39378348 0.24638484 -0.38017753 -0.39378348 0.24755023 -0.36357111 -0.3939423 0.24609616 -0.35772678 0.1753602 0.24586061 -0.34934264 0.0851428 0.246034 -0.35662857 0.00301466 0.24623543 -0.36028194 -0.15910725 0.24619889 -0.36137906 -0.39314955 0.24647254 -0.36100176 0.3659035 0.24625641 -0.35927975 0.28336427 0.24624607 -0.36009884 0.24863017 0.24590631 -0.35452294 0.07158834 0.24595895 -0.35554105 0.05124824 0.2459482 -0.35172284 0.03147211 0.24610034 -0.36157176 -0.01379287 0.24622363 -0.37653583 -0.11017225 0.24627814 -0.36698884 -0.202384 0.24633166 -0.35663894 -0.28014821 0.24619618 -0.35539743 -0.12582675 0.24618831 -0.36806354 0.45702162 0.24611633 -0.38412532 0.45960107 0.24630092 -0.3650237 0.43243322 0.2464866 -0.36786503 0.34858125 0.24638647 -0.36003107 0.31896156 0.2461486 -0.36888862 -0.03093303 0.24619542 -0.3656041 -0.04550019 0.246306 -0.37844986 -0.35440624 0.24624817 -0.38215262 -0.38457441 0.2610383 -0.36198431 -0.39397696 0.26379216 -0.38581416 -0.39402923 0.24620162 -0.36185959 0.44964635 0.24628809 -0.37594366 0.30371433 0.24621528 -0.37054726 0.21864864 0.24597625 -0.369802 0.10307293 0.24607775 -0.37079388 0.15775916 0.24603829 -0.38246739 0.12531535 0.24595907 -0.37884259 0.08133785 0.24601515 -0.37602249 0.05820479 0.24601763 -0.36931112 0.03279366 0.24627993 -0.38637125 -0.13859737 0.24636114 -0.38496527 -0.27010697 0.24632812 -0.3789528 -0.3159917 0.24615236 -0.38186091 0.18943949 0.24625593 -0.38858253 -0.06713022 0.2462962 -0.38582683 0.43137747 0.24619426 -0.39013833 0.44631058 0.24644974 -0.38140589 0.37352055 0.24638389 -0.38945103 0.31941313 0.24626735 -0.3876065 0.29158849 0.24605234 -0.38448778 0.02191671 0.24614073 -0.39376289 0.00208418 0.2462261 -0.380674 -0.08817283 0.24630052 -0.37883136 -0.18498929 0.24634418 -0.38406599 -0.2378737 0.24610694 -0.39441112 0.45321843 0.24626492 -0.38663512 0.26855677 0.24619108 -0.38700292 -0.02622428 0.24632804 -0.38459879 -0.21748868 0.26105061 -0.39096293 -0.39385989 0.24641597 -0.39347771 0.41055596 0.24645728 -0.40120381 0.34343868 0.24625027 -0.39416367 0.24797624 0.24621385 -0.39230403 0.22846527 0.24607047 -0.39603287 0.04251274 0.24645606 -0.38967848 0.39606577 0.24631482 -0.39150524 -0.16187638 0.24637422 -0.39151454 -0.24905738 0.24632174 -0.3960461 -0.34099984 0.24631764 -0.39096683 -0.37308201 0.24611098 -0.40109003 0.16606942 0.2460473 -0.39997125 0.06586587 0.24634013 -0.40801883 -0.23162311 0.24638063 -0.39534497 -0.28832144 0.24748124 -0.40819991 -0.39388099 0.24643442 -0.4020007 0.38481891 0.24628001 -0.40913644 -0.04012846 0.24634621 -0.40176839 -0.18884462 0.2463215 -0.40734515 -0.36458546 0.24614389 -0.40043411 -0.39314455 0.24630731 -0.40986401 0.43153703 0.24643373 -0.40400109 0.36702979 0.24643084 -0.41219178 0.32470238 0.24617498 -0.41396165 0.00768524 0.24622759 -0.40478238 -0.01551968 0.24632996 -0.41416258 -0.09581413 0.24620068 -0.42923942 0.45963562 0.24613175 -0.4161016 0.45922026 0.24616136 -0.40727723 0.19837494 0.24604751 -0.41553628 0.10568278 0.24633712 -0.41239956 -0.14440367 0.24636242 -0.40740228 -0.32110474 0.24643418 -0.40828636 0.40379721 0.24610367 -0.42103571 0.14125481 0.24613416 -0.41509295 0.02715474 0.24625939 -0.4149428 -0.37957007 0.24625674 -0.42196327 0.44258597 0.24633616 -0.41735893 0.30703589 0.24633436 -0.41661912 -0.0701496 0.24636048 -0.4112083 -0.16410999 0.24633324 -0.4140667 -0.2050488 0.24638063 -0.41879392 -0.2819424 0.24629414 -0.41861209 -0.35030508 0.24648443 -0.43552348 -0.39377749 0.24648443 -0.43552348 -0.39377749 0.26143062 -0.43493652 -0.39386889 0.24603952 -0.42460752 0.08531141 0.24613053 -0.42007166 0.04918719 0.24619457 -0.42987958 -0.39309973 0.24629706 -0.41889516 0.29491347 0.24627674 -0.41811848 0.27255094 0.24623314 -0.41970372 0.23480296 0.24608928 -0.42075446 0.06740113 0.24625914 -0.42229491 -0.01202892 0.24631889 -0.42026782 -0.05099708 0.26375255 -0.43706372 -0.39400002 0.24640256 -0.42937085 0.41883752 0.24642916 -0.42217392 0.38038063 0.24619445 -0.42207804 0.20426393 0.24617647 -0.42793131 0.18171623 0.24634516 -0.42324966 -0.12384393 0.24636781 -0.42406502 -0.17027526 0.24634211 -0.42776114 -0.1889445 0.24636079 -0.42432851 -0.2456851 0.24635869 -0.42773059 -0.30724788 0.24628934 -0.42968991 -0.33276874 0.24646319 -0.42976767 0.395136 0.24643236 -0.4260307 0.35319442 0.24646041 -0.43413132 0.31928217 0.24630785 -0.42771161 0.27092421 0.2463218 -0.42949146 -0.2175177 0.25661695 -0.43745887 -0.39383718 0.24621195 -0.43519807 0.45288685 0.24623387 -0.42992553 -0.37562457 0.24638872 -0.42909446 0.36784992 0.24645439 -0.43019253 0.33156386 0.24646024 -0.43916976 0.38369775 0.24636608 -0.43872708 0.37599319 0.24632016 -0.43728027 0.35811871 0.24633572 -0.43659064 0.29860631 0.24630255 -0.43430614 0.25487059 0.24626137 -0.43420047 0.22106776 0.24610205 -0.43423429 0.15530802 0.24607284 -0.43217039 0.11532491 0.24609655 -0.4342756 0.06267601 0.24614757 -0.43373632 0.03872987 0.24623173 -0.43324989 -0.00674833 0.24632552 -0.43235028 -0.05709022 0.24634205 -0.43332952 -0.10692149 0.2463291 -0.43427676 -0.14955878 0.2463077 -0.43520629 -0.23887271 0.24636036 -0.43222839 -0.26168409 0.24619244 -0.43680894 -0.36667472 0.24741922 -0.44694763 -0.3939285 0.24633151 -0.4438625 0.43765217 0.24648301 -0.44336382 0.39571092 0.24627088 -0.43814185 0.3696427 0.24633315 -0.44206429 0.34751353 0.24615604 -0.43832821 0.1869756 0.24602345 -0.43825334 0.12032367 0.24599241 -0.43746608 0.08436231 0.24619791 -0.43831849 -0.01943712 0.24627471 -0.43845001 -0.06425227 0.24625209 -0.43885642 -0.19506103 0.24629956 -0.43828648 -0.29223636 0.24625856 -0.43828309 -0.31594256 0.24613415 -0.44091707 -0.34221655 0.24604121 -0.4487831 -0.38946524 0.24611041 -0.44124064 0.35996175 0.24633813 -0.44179815 0.33153284 0.24638252 -0.443358 0.31751135 0.2461762 -0.44546652 0.2784735 0.24608766 -0.45245409 0.24647191 0.24622522 -0.44032091 0.22352985 0.24599144 -0.44191611 0.15834475 0.24581859 -0.45239225 0.05950158 0.24605665 -0.44191095 0.02883543 0.2462492 -0.44166407 -0.09192108 0.24620801 -0.44263226 -0.12427109 0.24618593 -0.44257492 -0.15945548 0.24622451 -0.44139057 -0.25187653 0.24611557 -0.44029754 0.36574823 0.24613905 -0.44788074 0.45985338 0.24617298 -0.4559491 0.45587218 0.24640745 -0.44646531 0.42116934 0.24579486 -0.44458473 0.37137324 0.24607834 -0.44571644 0.3529309 0.24608213 -0.45345342 0.29896575 0.24604408 -0.45301399 0.2658489 0.24600598 -0.45243952 0.20284416 0.24575329 -0.45333344 0.16964315 0.24572869 -0.45304567 0.12447606 0.24569169 -0.45312008 0.08058841 0.24582687 -0.45319378 0.02634918 0.24589428 -0.45312402 0.00401776 0.2460196 -0.44681203 -0.01939753 0.24605229 -0.44742501 -0.05185518 0.24601927 -0.45290571 -0.07488807 0.24608338 -0.44794726 -0.12847051 0.24607772 -0.44776344 -0.23789546 0.24612802 -0.44667324 -0.289738 0.24590673 -0.45551947 -0.3302643 0.24588561 -0.45606038 -0.36085522 0.24595894 -0.44752315 -0.39312917 0.24616109 -0.44385314 0.36446175 0.2615467 -0.45279682 -0.39407149 0.22055699 -0.446334 0.36527327 0.22048762 -0.44604054 0.36301789 0.21978429 -0.44846633 0.36281392 0.22024968 -0.44884336 0.3656826 0.22069967 -0.44681254 0.35604382 0.22257136 -0.44635612 0.35430434 0.22184357 -0.44746804 0.35028428 0.2212071 -0.44716245 0.35301295 0.24631988 -0.45588079 0.43038946 0.24635237 -0.45584625 0.39941156 0.24583231 -0.44917989 0.35235208 0.24616569 -0.44862935 0.34074044 0.24613886 -0.44882852 0.33585286 0.24615508 -0.45276248 0.32572249 0.24622034 -0.45295465 0.31507921 0.24599569 -0.45300713 -0.11234891 0.2460435 -0.44897106 -0.17751744 0.24596459 -0.44855177 0.36115265 0.26385978 -0.45302328 -0.39420259 0.27195212 -0.44837487 0.35645625 0.27211985 -0.44830012 0.35230932 0.22024028 -0.45308074 0.36626887 0.21933591 -0.45245537 0.36292189 0.21935223 -0.45233756 0.35880488 0.21965876 -0.45243821 0.35160559 0.22083251 -0.45102558 0.34156856 0.22345084 -0.45025921 0.33954656 0.22657026 -0.44970778 0.33827257 0.23075169 -0.44963631 0.33767885 0.24603519 -0.45715526 0.45968994 0.24626112 -0.4558084 0.38621125 0.24559066 -0.45069742 0.35428381 0.24493909 -0.45161304 0.35189068 0.24504711 -0.45191145 0.34596375 0.24508303 -0.45225632 0.33987424 0.24520338 -0.45310333 0.33623058 0.24593332 -0.45295644 0.33222795 0.24599677 -0.45535395 0.22190031 0.24580655 -0.45526582 -0.03456635 0.24587427 -0.4554075 -0.13784498 0.24593055 -0.45310742 -0.17249691 0.24593677 -0.45307392 -0.22212982 0.24595246 -0.45310602 -0.26827413 0.24596164 -0.45545235 -0.30348369 0.24586044 -0.45603332 -0.34564307 0.24596362 -0.45273027 -0.38934726 0.24563354 -0.4559015 -0.39303124 0.24583642 -0.45594394 -0.39378691 0.24545848 -0.45059758 0.36480474 0.24583642 -0.45594394 -0.39378691 0.24778725 -0.45545521 -0.39397964 0.26376277 -0.44923565 0.36746916 0.26376277 -0.44923565 0.36746916 0.27426815 -0.44903409 0.34609139 0.27160069 -0.45261919 0.3457925 0.22086444 -0.45559391 0.36738646 0.22029904 -0.45649746 0.36603183 0.2194768 -0.45631111 0.36278594 0.21927842 -0.45631653 0.35872173 0.21941021 -0.45630172 0.35288131 0.22074403 -0.45666617 0.34037808 0.22074306 -0.45378825 0.33990401 0.22174852 -0.45665234 0.33853397 0.22174852 -0.45665234 0.33853397 0.22380263 -0.45691475 0.33715928 0.23080391 -0.45652717 0.33484676 0.24214934 -0.4557685 0.33522096 0.24610353 -0.45681307 0.3810696 0.24555813 -0.45710954 0.37758517 0.24471579 -0.45602116 0.3757143 0.24520338 -0.45310333 0.33623058 0.24546728 -0.45589244 0.33615568 0.24602617 -0.45560843 0.33228022 0.24546728 -0.45589244 0.33615568 0.24635276 -0.45559248 0.32136497 0.24611026 -0.45534113 0.30196744 0.24609971 -0.45533335 0.24973358 0.24602363 -0.45537564 0.20375177 0.24578558 -0.45520109 0.17430559 0.24575672 -0.45519379 0.12143117 0.24569368 -0.45519772 0.08060628 0.24585392 -0.45525342 0.05519209 0.24590944 -0.45527241 0.00504439 0.2460154 -0.45537549 -0.07161894 0.24597993 -0.45539731 -0.10980616 0.24593399 -0.45545298 -0.19771162 0.24594733 -0.45593166 -0.21832547 0.24591856 -0.45555222 -0.25708333 0.24583986 -0.45599392 -0.37805548 0.26402485 -0.45532662 -0.39412719 0.26590154 -0.45285705 0.34466243 0.27166015 -0.45595136 0.34610972 0.26611444 -0.45624763 0.34508717 0.27779567 -0.45485944 0.34850368 0.22110939 -0.45848647 0.36745098 0.22030361 -0.4583253 0.36286938 0.22009024 -0.45831984 0.35635301 0.2204479 -0.45812085 0.34784827 0.2209843 -0.45806506 0.34089968 0.2209843 -0.45806506 0.34089968 0.22174852 -0.45665234 0.33853397 0.22281633 -0.45835513 0.33962989 0.22446431 -0.45862123 0.337661 0.22446431 -0.45862123 0.337661 0.23070709 -0.45873785 0.33585849 0.2362895 -0.45823961 0.33456835 0.2405808 -0.4575083 0.33408013 0.24637076 -0.45758328 0.45480579 0.24649507 -0.45695463 0.42286405 0.24651864 -0.45671347 0.39092714 0.24457458 -0.45765841 0.37483406 0.24472198 -0.45688581 0.33719122 0.24600244 -0.45593596 -0.25609007 0.24762419 -0.45650724 0.33263499 0.24602617 -0.45560843 0.33228022 0.24702814 -0.45633891 0.32778487 0.24635276 -0.45559248 0.32136497 0.24682854 -0.45582473 0.30647826 0.24611026 -0.45534113 0.30196744 0.24726832 -0.45568746 0.29697457 0.24719144 -0.45569155 0.27380061 0.24609971 -0.45533335 0.24973358 0.24727665 -0.45566663 0.25641599 0.24717394 -0.45571482 0.21139406 0.24599677 -0.45535395 0.22190031 0.24602363 -0.45537564 0.20375177 0.24719125 -0.45566773 0.19817533 0.24578558 -0.45520109 0.17430559 0.24700737 -0.4553583 0.17105913 0.24575672 -0.45519379 0.12143117 0.24713394 -0.45536906 0.1198677 0.24569368 -0.45519772 0.08060628 0.2470597 -0.4553656 0.083428 0.24716187 -0.45544043 0.05143515 0.24585392 -0.45525342 0.05519209 0.24712783 -0.45549056 0.00193059 0.24590944 -0.45527241 0.00504439 0.24580655 -0.45526582 -0.03456635 0.24714214 -0.45551997 -0.04935319 0.2460154 -0.45537549 -0.07161894 0.24668095 -0.45575041 -0.08255231 0.24597993 -0.45539731 -0.10980616 0.24656259 -0.45572937 -0.11598594 0.24587427 -0.4554075 -0.13784498 0.24657395 -0.45574799 -0.1691967 0.24593399 -0.45545298 -0.19771162 0.24632286 -0.45583349 -0.1992321 0.24594733 -0.45593166 -0.21832547 0.24615407 -0.45590049 -0.29220229 0.24617866 -0.45592371 -0.32100421 0.24726483 -0.45685935 0.34490326 0.2522032 -0.45662948 0.33844978 0.26190403 -0.45667973 0.34116998 0.26369536 -0.45555243 0.20333369 0.26173562 -0.45544305 0.18720837 0.26157397 -0.4552986 0.161864 0.2617591 -0.45528311 0.11976165 0.26162207 -0.45540047 0.04593372 0.26158106 -0.45542914 -0.00817049 0.26378736 -0.4559747 -0.39388636 0.26383153 -0.45664313 0.34799439 0.26386827 -0.45658249 0.34450081 0.26378274 -0.45655051 0.34065923 0.26366296 -0.45514601 0.16216587 0.26377413 -0.45513037 0.14469902 0.26367462 -0.45519263 0.11329164 0.26374611 -0.45520639 0.06300121 0.26365489 -0.45521125 0.03765075 0.26365101 -0.45524654 -0.01054045 0.26715952 -0.45709246 0.37186664 0.26970598 -0.45755976 0.36947984 0.26807266 -0.45749351 0.34629211 0.26526314 -0.45689642 0.34828135 0.26611444 -0.45624763 0.34508717 0.26441097 -0.45545352 0.34103301 0.26361522 -0.45554698 0.25948459 0.26374471 -0.45561305 0.21157517 0.26369536 -0.45555243 0.20333369 0.26375541 -0.45591158 -0.21235257 0.2685352 -0.45541349 0.38119614 0.2719343 -0.45756704 0.34692502 0.26807266 -0.45749351 0.34629211 0.27420428 -0.45518833 0.37682852 0.27796137 -0.45657277 0.36111379 0.27805245 -0.45661327 0.35568309 0.2771455 -0.45630595 0.35018429 0.22110939 -0.45848647 0.36745098 0.22030361 -0.4583253 0.36286938 0.22270826 -0.45903936 0.35524458 0.22252631 -0.45878574 0.36819506 0.22009024 -0.45831984 0.35635301 0.2204479 -0.45812085 0.34784827 0.226596 -0.45903787 0.36961329 0.2264473 -0.4592337 0.36715809 0.22636396 -0.45939201 0.35274363 0.2267523 -0.4590385 0.3430787 0.23067059 -0.45902795 0.37078035 0.23034126 -0.45928541 0.36685881 0.23047361 -0.45950091 0.35532668 0.23054335 -0.45920551 0.34254718 0.2307045 -0.45921957 0.33750698 0.23070709 -0.45873785 0.33585849 0.23575841 -0.45869872 0.37311527 0.23220928 -0.45876476 0.37250358 0.23509037 -0.45907125 0.37096778 0.23493387 -0.459041 0.3663561 0.23573561 -0.45920378 0.35605678 0.23598656 -0.45905694 0.34441784 0.23575166 -0.45903921 0.33694851 0.2362895 -0.45823961 0.33456835 0.24125226 -0.45833683 0.37373123 0.24055085 -0.45871338 0.37108332 0.24078856 -0.4584437 0.36693019 0.24121228 -0.45854771 0.35496148 0.24139772 -0.45822585 0.34008679 0.24177064 -0.45763251 0.33603862 0.2405808 -0.4575083 0.33408013 0.24457458 -0.45765841 0.37483406 0.24666984 -0.45738983 0.37071851 0.24417515 -0.45766795 0.35557115 0.24507281 -0.45722374 0.34407806 0.24877547 -0.45747438 0.4599103 0.24603519 -0.45715526 0.45968994 0.24764597 -0.4577406 0.45927081 0.24637076 -0.45758328 0.45480579 0.24737924 -0.4575372 0.44477311 0.24649507 -0.45695463 0.42286405 0.2473678 -0.45701078 0.41755283 0.24651864 -0.45671347 0.39092714 0.2475291 -0.45686355 0.38569945 0.24610353 -0.45681307 0.3810696 0.24555813 -0.45710954 0.37758517 0.2466085 -0.45734861 0.37488744 0.24652123 -0.45727235 0.36675191 0.25524807 -0.45688635 0.38035345 0.25047079 -0.45708483 0.37656635 0.25176215 -0.45715952 0.37008211 0.26117674 -0.45604029 0.31730071 0.25481176 -0.45570743 -0.14129069 0.26123837 -0.45568189 -0.13515857 0.26145998 -0.45568532 -0.17401454 0.25344259 -0.45586726 -0.22787032 0.24600244 -0.45593596 -0.25609007 0.25513282 -0.45587838 -0.39156857 0.24563354 -0.4559015 -0.39303124 0.24583642 -0.45594394 -0.39378691 0.26402932 -0.45754021 0.4594644 0.26418862 -0.45743066 0.44905171 0.25911888 -0.45716596 0.43424922 0.25740826 -0.45685843 0.41274175 0.26034641 -0.4568688 0.38813749 0.26380438 -0.45629585 0.33020091 0.26133773 -0.45573768 0.30423447 0.26107013 -0.45563585 -0.11588655 0.25629854 -0.45577234 -0.19791812 0.25631836 -0.45587242 -0.27371514 0.24615407 -0.45590049 -0.29220229 0.26141435 -0.45588309 -0.30111924 0.24617866 -0.45592371 -0.32100421 0.26178551 -0.45585051 -0.32607949 0.24586044 -0.45603332 -0.34564307 0.25627518 -0.45596343 -0.35289794 0.24588561 -0.45606038 -0.36085522 0.2553235 -0.45597664 -0.37821764 0.24583986 -0.45599392 -0.37805548 0.26404229 -0.45740446 0.46000999 0.26450843 -0.45689681 0.41564327 0.26420906 -0.45688203 0.39485896 0.26367232 -0.45559022 0.2908406 0.26159188 -0.45584601 -0.21537872 0.26158166 -0.45602036 -0.37092397 0.26378736 -0.4559747 -0.39388636 0.26360312 -0.45572847 -0.16000333 0.26375541 -0.45591158 -0.21235257 0.26382056 -0.45594966 -0.25307265 0.26388392 -0.45599404 -0.30802467 0.2638703 -0.45599788 -0.35191783 0.26382524 -0.45613602 -0.36955401 0.26384121 -0.45609656 -0.38922733 0.26501667 -0.45731682 0.45919448 0.26476699 -0.45734233 0.44788381 0.26463339 -0.45713961 0.43478599 0.27326199 -0.45751667 0.37025073 0.27336165 -0.45774829 0.36466742 0.27310279 -0.45779601 0.35629871 0.2719343 -0.45756704 0.34692502</float_array>
          <technique_common>
            <accessor source="#pos_0-array" count="3358" stride="3">
              <param name="X" type="float"/>
              <param name="Y" type="float"/>
              <param name="Z" type="float"/>
            </accessor>
          </technique_common>
        </source>
        <source id="uvs_0">
          <float_array id="uvs_0-array" count="6716">0.62969 0.05042 0.63521 0.05042 0.63312 0.04938 0.98425 0.98212 0.9711 0.98207 0.98152 0.98076 0.98479 0.9809 0.94219 0.98091 0.94463 0.98216 0.89638 0.9821 0.88037 0.9808 0.84563 0.98213 0.84595 0.98077 0.80781 0.98054 0.80779 0.98201 0.7566 0.98195 0.74977 0.98025 0.73033 0.9825 0.70968 0.98216 0.71072 0.98016 0.67302 0.98175 0.67313 0.97979 0.64707 0.98183 0.64692 0.97982 0.60913 0.98193 0.61377 0.97974 0.58091 0.98185 0.5728 0.97975 0.56514 0.98178 0.53653 0.98164 0.53614 0.97973 0.49996 0.98201 0.50107 0.9798 0.46289 0.97989 0.45206 0.98605 0.43143 0.97991 0.36686 0.98007 0.34974 0.9822 0.3288 0.98024 0.31026 0.98279 0.30514 0.98026 0.29049 0.98041 0.27301 0.98065 0.2419 0.98292 0.23695 0.98075 0.20178 0.98284 0.20109 0.98131 0.17169 0.98306 0.16729 0.98136 0.14486 0.98281 0.14691 0.98147 0.09852 0.98175 0.10921 0.98307 0.0811 0.98332 0.07257 0.98156 0.06886 0.98357 0.06814 0.98178 0.9851 0.98746 0.98456 0.98634 0.48983 0.02391 0.49229 0.02526 0.4896 0.03058 0.9694 0.98613 0.94412 0.98576 0.91013 0.98554 0.84474 0.98561 0.80731 0.986 0.76721 0.98609 0.40542 0.99257 0.40845 0.97994 0.37104 0.99243 0.34765 0.99253 0.28582 0.99248 0.24498 0.99194 0.21107 0.99204 0.14193 0.9871 0.10932 0.98728 0.06788 0.9898 0.9716 0.99907 0.90455 0.99641 0.84808 0.99654 0.82867 0.99892 0.80412 0.99897 0.77338 0.99896 0.73852 0.99887 0.70943 0.99887 0.67297 0.99587 0.64699 0.99486 0.60529 0.99235 0.58244 0.99485 0.56435 0.99238 0.53513 0.99235 0.49556 0.99227 0.43613 0.99694 0.30966 0.9928 0.27182 0.99562 0.17851 0.99172 0.16092 0.99233 0.13784 0.99639 0.07862 0.9961 0.0688 0.99757 0.98488 0.99787 0.4914 0.04236 0.48972 0.04111 0.97559 0.99942 0.95386 0.99901 0.61479 0.99658 0.56246 0.99698 0.53249 0.99835 0.50144 0.99635 0.50269 0.99848 0.45579 0.99693 0.41929 0.99748 0.40247 0.99798 0.36511 0.99694 0.37427 0.99833 0.34643 0.99846 0.30562 0.99709 0.26412 0.99907 0.24754 0.99909 0.20603 0.99924 0.18246 0.99928 0.16345 0.99933 0.12514 0.99939 0.06796 0.99942 0.48951 0.04287 0.98392 0.99936 0.48727 0.85136 0.48606 0.85261 0.48719 0.83468 0.48587 0.82903 0.48705 0.79209 0.90861 0.99903 0.48583 0.7935 0.85187 0.99891 0.48718 0.7387 0.48592 0.73776 0.487 0.71687 0.48563 0.70339 0.48665 0.69377 0.48562 0.6484 0.48664 0.66484 0.4866 0.63204 0.4856 0.60252 0.48659 0.60466 0.67406 0.99877 0.48543 0.57522 0.4862 0.57138 0.64445 0.99879 0.48626 0.54352 0.48537 0.5175 0.61656 0.99871 0.48611 0.51726 0.57561 0.99889 0.48607 0.47873 0.48539 0.47651 0.54038 0.99883 0.48542 0.44556 0.48495 0.44129 0.48549 0.2892 0.48506 0.27383 0.48558 0.26298 0.48503 0.23169 0.30705 0.9986 0.48552 0.22591 0.48526 0.18969 0.48591 0.18549 0.4859 0.16987 0.48543 0.13356 0.48622 0.13079 0.48623 0.1086 0.48569 0.06811 0.48636 0.0907 0.48687 0.05463 0.48572 0.0411 0.08056 0.99948 0.48569 0.01901 0.48683 0.01267 0.48576 0.00442 0.48684 0.00079 0.48528 0.00151 0.48483 0.00057 0.48719 0.86296 0.48399 0.85891 0.48731 0.85513 0.49757 0.02385 0.49455 0.0428 0.48081 0.84343 0.48266 0.79003 0.48168 0.73799 0.48221 0.57804 0.48182 0.52142 0.48255 0.48545 0.48256 0.46487 0.48248 0.44013 0.53584 0.99905 0.48258 0.40863 0.49071 0.99903 0.48493 0.39881 0.48263 0.38493 0.45726 0.99899 0.48484 0.36733 0.48268 0.35631 0.43454 0.99897 0.48485 0.34594 0.48267 0.34409 0.41024 0.99862 0.48256 0.32138 0.48502 0.32306 0.48259 0.27562 0.48238 0.23017 0.4827 0.1895 0.48252 0.15914 0.48271 0.12686 0.48194 0.09681 0.48562 0.86407 0.48245 0.86405 0.47459 0.82817 0.47454 0.80719 0.47541 0.76629 0.47499 0.72015 0.47481 0.66445 0.47274 0.62493 0.47278 0.59819 0.47398 0.56975 0.47493 0.2941 0.47747 0.18908 0.47282 0.10826 0.47466 0.05989 0.47472 0.03333 0.46786 0.0046 0.47189 0.86358 0.51842 0.02503 0.50619 0.04234 0.50513 0.04314 0.46601 0.7735 0.46809 0.74266 0.46439 0.71691 0.47344 0.54833 0.4721 0.51099 0.46227 0.40295 0.46876 0.33539 0.45798 0.32803 0.45438 0.31846 0.45792 0.30953 0.46649 0.25968 0.46388 0.20746 0.46019 0.16661 0.46034 0.14072 0.47065 0.08079 0.52981 0.02927 0.46232 0.86126 0.45901 0.83725 0.46132 0.7975 0.45984 0.76068 0.4561 0.68757 0.46232 0.65596 0.4651 0.62512 0.46083 0.58699 0.45352 0.57764 0.45878 0.55056 0.45933 0.50397 0.45402 0.47792 0.463 0.46234 0.46569 0.22145 0.43934 0.19823 0.45544 0.12331 0.45991 0.03439 0.43831 0.00151 0.4618 0.00082 0.53265 0.03982 0.53089 0.04242 0.45264 0.84839 0.46203 0.81859 0.46012 0.60776 0.44513 0.43965 0.45399 0.42335 0.45187 0.37697 0.45063 0.35681 0.45409 0.34457 0.45669 0.2787 0.45569 0.23293 0.45346 0.10577 0.45433 0.077 0.44193 0.83023 0.45892 0.78814 0.4572 0.77711 0.45739 0.77162 0.45641 0.76574 0.45359 0.74086 0.45549 0.63932 0.44335 0.18134 0.53739 0.02375 0.43176 0.86125 0.43958 0.81778 0.45288 0.792 0.45494 0.78926 0.45588 0.78606 0.45666 0.78206 0.45341 0.76305 0.45198 0.76089 0.4465 0.70916 0.4487 0.66352 0.43879 0.65051 0.45564 0.61854 0.45373 0.60993 0.45239 0.60556 0.44868 0.60158 0.44346 0.5855 0.44682 0.52989 0.4466 0.22141 0.44807 0.00932 0.45139 0.7902 0.44337 0.72603 0.44791 0.62209 0.45203 0.6195 0.45368 0.61484 0.43538 0.468 0.44334 0.28482 0.44113 0.24991 0.44232 0.06583 0.44419 0.0339 0.03146 0.99424 0.03227 0.99091 0.035 0.99425 0.37301 0.88961 0.3692 0.88957 0.36923 0.88695 0.37252 0.88617 0.03907 0.99086 0.03933 0.99428 0.04493 0.99051 0.0446 0.9942 0.05052 0.9922 0.05039 0.9942 0.04723 0.98826 0.05043 0.9894 0.05569 0.99333 0.05661 0.99424 0.05633 0.99046 0.06015 0.99227 0.03262 0.98747 0.03474 0.98533 0.36563 0.88997 0.36586 0.8876 0.36281 0.88963 0.36286 0.88733 0.03873 0.98491 0.04436 0.98552 0.0359 0.98207 0.03884 0.98141 0.3598 0.89008 0.35946 0.8882 0.35661 0.88964 0.35647 0.88818 0.04295 0.98067 0.05043 0.98031 0.05125 0.98233 0.35224 0.88872 0.35235 0.89038 0.34757 0.89183 0.04798 0.97775 0.05179 0.97906 0.04086 0.98023 0.35426 0.8887 0.99443 0.50395 0.99437 0.50605 0.99679 0.50398 0.99778 0.50187 0.99473 0.50156 0.98998 0.50501 0.99069 0.50697 0.33506 0.89264 0.33116 0.89277 0.32851 0.89039 0.99074 0.51061 0.99439 0.50805 0.9862 0.50811 0.32575 0.89192 0.32294 0.88917 0.98652 0.51122 0.98641 0.51471 0.98982 0.51457 0.9868 0.51957 0.98236 0.51189 0.31564 0.89197 0.31615 0.88982 0.31685 0.88792 0.98234 0.51526 0.98241 0.51887 0.98304 0.5325 0.98635 0.52867 0.98698 0.54554 0.98397 0.54758 0.98499 0.56259 0.98621 0.5806 0.98988 0.57942 0.99167 0.6116 0.9886 0.61969 0.99274 0.64068 0.98982 0.6425 0.99378 0.65533 0.99088 0.65826 0.99402 0.66909 0.99154 0.6711 0.99411 0.67659 0.98951 0.67583 0.97954 0.51334 0.97877 0.51576 0.2062 0.90347 0.20109 0.90685 0.20339 0.90309 0.3134 0.88853 0.19909 0.90558 0.20065 0.90266 0.97853 0.51911 0.19629 0.90399 0.97627 0.51924 0.97885 0.52406 0.97647 0.52413 0.98041 0.54058 0.97854 0.54515 0.98146 0.55634 0.97979 0.56722 0.98327 0.58318 0.14504 0.903 0.10591 0.9031 0.1279 0.90073 0.98651 0.63305 0.07522 0.90115 0.07252 0.90343 0.98773 0.65491 0.05223 0.9013 0.04628 0.90373 0.98846 0.66619 0.04038 0.90152 0.03439 0.90412 0.03021 0.90183 0.02878 0.90399 0.44616 0.86435 0.41873 0.86357 0.4332 0.80291 0.4421 0.79029 0.43284 0.74885 0.44158 0.62861 0.45031 0.60362 0.44075 0.50315 0.43537 0.00382 0.43185 0.00072 0.44838 0.7659 0.44812 0.76304 0.4534 0.76701 0.40845 0.90088 0.41011 0.89757 0.40717 0.89635 0.40673 0.90112 0.40736 0.90385 0.41023 0.90348 0.41163 0.90031 0.41086 0.89166 0.40816 0.89159 0.41028 0.88801 0.40928 0.88736 0.41289 0.89007 0.41281 0.8863 0.36325 0.89383 0.04981 0.98728 0.05429 0.98477 0.41391 0.89668 0.41697 0.893 0.4158 0.89879 0.36015 0.89572 0.3525 0.89429 0.34747 0.89508 0.05524 0.97884 0.05616 0.98232 0.34588 0.89332 0.3437 0.89272 0.05168 0.97555 0.34422 0.89549 0.05562 0.97526 0.05278 0.97199 0.05544 0.97102 0.33767 0.89488 0.3401 0.89362 0.05245 0.96933 0.05996 0.97125 0.05872 0.97421 0.33665 0.89634 0.33834 0.89143 0.99563 0.51011 0.99852 0.50855 0.99861 0.5056 0.33053 0.89609 0.9926 0.51162 0.99349 0.51428 0.9957 0.51308 0.98237 0.21695 0.97964 0.2202 0.98325 0.22126 0.98042 0.22908 0.9838 0.22762 0.98093 0.24594 0.98452 0.24592 0.9847 0.26123 0.98153 0.26243 0.98221 0.27932 0.98551 0.28414 0.98342 0.31072 0.98678 0.31466 0.98448 0.3311 0.98845 0.34025 0.98526 0.34241 0.98606 0.34862 0.98955 0.35054 0.98689 0.35341 0.98824 0.37306 0.98635 0.36424 0.98433 0.37533 0.99181 0.36772 0.9894 0.36593 0.98444 0.37831 0.98754 0.37857 0.9964 0.68145 0.99629 0.68494 0.99945 0.68562 0.98751 0.38179 0.99641 0.68835 0.99903 0.68804 0.32379 0.8937 0.32204 0.89571 0.99189 0.67853 0.99198 0.6811 0.99622 0.67807 0.99201 0.68459 0.99214 0.68824 0.20634 0.90556 0.31498 0.89555 0.20653 0.90896 0.2023 0.9095 0.98769 0.67764 0.98704 0.68197 0.98807 0.68503 0.02451 0.90587 0.02245 0.90848 0.02109 0.90622 0.98363 0.91528 0.98787 0.91441 0.98684 0.91162 0.98368 0.91118 0.01753 0.90963 0.01836 0.90696 0.19862 0.90967 0.19578 0.90611 0.19539 0.90965 0.19138 0.90596 0.19097 0.90355 0.19054 0.90954 0.18233 0.90586 0.18113 0.90958 0.16852 0.90288 0.17082 0.90579 0.16832 0.90951 0.1508 0.90578 0.14888 0.90958 0.1195 0.90589 0.12632 0.90952 0.10398 0.9096 0.08508 0.90625 0.07587 0.90968 0.06495 0.90647 0.04774 0.90996 0.04515 0.90666 0.03833 0.90995 0.0346 0.90702 0.03002 0.90991 0.02772 0.90758 0.02476 0.90952 0.41964 0.84568 0.42057 0.83362 0.4392 0.67169 0.44353 0.6225 0.44394 0.60071 0.4396 0.38377 0.43686 0.33766 0.43144 0.23316 0.43993 0.13423 0.37362 0.8983 0.36935 0.89787 0.36666 0.89631 0.44302 0.76596 0.44257 0.76296 0.43895 0.76113 0.9964 0.8685 0.99796 0.87137 0.99834 0.86855 0.99189 0.86906 0.9901 0.87055 0.99289 0.87271 0.53806 0.00468 0.53568 0.00524 0.5377 0.00744 0.4476 0.6027 0.53438 0.01032 0.53668 0.01053 0.36347 0.89708 0.41546 0.90326 0.99354 0.87698 0.9978 0.87646 0.41876 0.88819 0.35886 0.89713 0.35345 0.89821 0.34847 0.89925 0.34597 0.89976 0.34589 0.89676 0.42083 0.90353 0.4259 0.9001 0.99441 0.88312 0.99769 0.88164 0.4224 0.89444 0.42391 0.8902 0.42199 0.88716 0.34328 0.8997 0.99557 0.44186 0.9934 0.44462 0.99122 0.4414 0.99398 0.43997 0.42736 0.90356 0.99761 0.88791 0.42709 0.89535 0.42835 0.8912 0.42915 0.88892 0.33936 0.89927 0.98784 0.20388 0.98922 0.20641 0.99117 0.20399 0.99433 0.44746 0.99122 0.44744 0.43102 0.90112 0.99595 0.89102 0.99771 0.89279 0.4324 0.90335 0.43614 0.89655 0.43302 0.89185 0.43365 0.88936 0.98748 0.20892 0.98836 0.21175 0.99087 0.20881 0.43548 0.90019 0.43539 0.90354 0.43709 0.89219 0.43764 0.88936 0.33575 0.8993 0.33078 0.89974 0.98596 0.21458 0.98801 0.21656 0.98933 0.21489 0.99615 0.35713 0.99356 0.3561 0.99237 0.36028 0.99531 0.36012 0.43764 0.90326 0.99682 0.35409 0.99189 0.36412 0.99509 0.36392 0.99549 0.36634 0.99214 0.3522 0.99057 0.35444 0.9902 0.36028 0.97959 0.9079 0.98007 0.90559 0.97737 0.90458 0.98998 0.38524 0.98726 0.3871 0.99077 0.38752 0.32258 0.89916 0.98396 0.90842 0.98419 0.9064 0.31474 0.89985 0.20695 0.91294 0.20213 0.91366 0.98841 0.9091 0.98684 0.90629 0.01748 0.91274 0.01458 0.91058 0.19889 0.91355 0.19553 0.91355 0.1916 0.91361 0.1848 0.91364 0.16701 0.91363 0.13758 0.91368 0.09857 0.91377 0.07282 0.9138 0.04768 0.91401 0.03815 0.91395 0.0307 0.91377 0.02483 0.91345 0.0198 0.91105 0.0199 0.91399 0.43376 0.78994 0.43808 0.78948 0.43291 0.68371 0.43917 0.60136 0.426 0.56979 0.42989 0.55307 0.42788 0.52425 0.4279 0.3202 0.43295 0.3039 0.4291 0.27034 0.43655 0.09587 0.42739 0.07797 0.42916 0.01765 0.37337 0.90216 0.36989 0.9008 0.43756 0.76718 0.43779 0.76318 0.98773 0.86955 0.98794 0.87222 0.53529 0.01568 0.53688 0.01342 0.36608 0.89833 0.36623 0.89952 0.36406 0.90078 0.98866 0.87868 0.36111 0.89766 0.36138 0.89888 0.35934 0.9001 0.35488 0.90205 0.35013 0.90387 0.34638 0.90434 0.99048 0.88308 0.34273 0.90216 0.99184 0.88696 0.34036 0.90173 0.33821 0.90353 0.99336 0.89139 0.33416 0.90367 0.99458 0.89451 0.99719 0.89565 0.99445 0.89746 0.32793 0.90276 0.99632 0.89969 0.99834 0.89757 0.99506 0.36935 0.99584 0.37197 0.99788 0.37076 0.99694 0.36853 0.32386 0.9048 0.32379 0.90105 0.31824 0.90335 0.3149 0.90242 0.31193 0.90341 0.30929 0.90017 0.01952 0.91709 0.0159 0.91578 0.0138 0.91465 0.3085 0.90248 0.2014 0.91579 0.19946 0.91645 0.196 0.91709 0.19046 0.91736 0.1676 0.91731 0.14275 0.91733 0.10956 0.91721 0.06895 0.91708 0.04332 0.91736 0.03501 0.91709 0.0257 0.91634 0.02179 0.91561 0.56352 0.02504 0.43431 0.78592 0.43618 0.78713 0.43335 0.77717 0.43294 0.77195 0.43482 0.77459 0.40939 0.73314 0.42812 0.71319 0.42981 0.62209 0.43942 0.62221 0.43733 0.6035 0.43444 0.60506 0.41598 0.53612 0.42065 0.49539 0.42496 0.43977 0.42319 0.41637 0.42188 0.34644 0.42821 0.21994 0.42028 0.19803 0.42459 0.17818 0.42145 0.16187 0.42917 0.12213 0.42033 0.05665 0.42166 0.03538 0.37235 0.90491 0.37186 0.90696 0.3687 0.90592 0.36935 0.90344 0.43405 0.77014 0.20865 0.88283 0.21319 0.88227 0.21176 0.88444 0.21655 0.88179 0.4351 0.77199 0.43389 0.7668 0.43202 0.76653 0.98289 0.87056 0.98399 0.87307 0.36499 0.90426 0.19972 0.89202 0.20243 0.89144 0.20322 0.89489 0.36068 0.903 0.20569 0.88977 0.20785 0.89159 0.98557 0.87734 0.38256 0.8868 0.38497 0.88852 0.38297 0.89245 0.98736 0.88309 0.38553 0.89325 0.38724 0.89951 0.38421 0.89738 0.38579 0.90137 0.39063 0.90205 0.39388 0.90005 0.39532 0.9018 0.22833 0.90864 0.22892 0.91296 0.22633 0.91032 0.22654 0.90697 0.2265 0.91401 0.2296 0.91542 0.23323 0.91817 0.23147 0.91905 0.23412 0.92023 0.23748 0.92113 0.23577 0.9227 0.23957 0.92323 0.24283 0.92073 0.24451 0.92262 0.42914 0.78627 0.43333 0.78218 0.40963 0.69789 0.41184 0.65135 0.43519 0.62005 0.43354 0.61551 0.43325 0.60994 0.42302 0.58629 0.42274 0.39161 0.41801 0.09919 0.41733 0.79831 0.42403 0.77301 0.41896 0.63308 0.41661 0.61275 0.42102 0.59809 0.41739 0.24658 0.56109 0.02906 0.56228 0.03971 0.56492 0.04235 0.55836 0.04307 0.40536 0.85396 0.41071 0.8135 0.41249 0.78202 0.4098 0.75416 0.40341 0.45072 0.40731 0.36921 0.41423 0.30505 0.41601 0.12794 0.39315 0.67742 0.4052 0.48146 0.40978 0.26976 0.401 0.23407 0.40462 0.20499 0.40234 0.00425 0.38206 0.86138 0.40406 0.71674 0.40168 0.5795 0.39782 0.54609 0.40093 0.42062 0.40487 0.32929 0.39811 0.17472 0.40311 0.13618 0.40236 0.00145 0.38536 0.84344 0.3963 0.83413 0.38822 0.82382 0.39971 0.7853 0.40671 0.62754 0.3882 0.51847 0.39664 0.07388 0.38361 0.00076 0.5981 0.02371 0.60069 0.04314 0.37646 0.86354 0.37378 0.64339 0.39374 0.61838 0.3854 0.47064 0.39616 0.34695 0.3997 0.30431 0.39664 0.18726 0.4018 0.10092 0.39948 0.03416 0.37501 0.85349 0.38065 0.75186 0.37666 0.49355 0.38549 0.4139 0.38536 0.14137 0.6121 0.03437 0.61125 0.04236 0.37392 0.79844 0.38196 0.59249 0.37591 0.37053 0.3835 0.34025 0.38392 0.32615 0.38848 0.28311 0.37637 0.25381 0.3758 0.20832 0.3852 0.10294 0.38161 0.04117 0.3661 0.39153 0.37547 0.16974 0.63511 0.02851 0.36348 0.78003 0.36892 0.73671 0.36739 0.70409 0.37922 0.60633 0.35639 0.58077 0.35327 0.56136 0.36438 0.4631 0.35613 0.45413 0.37621 0.30359 0.37628 0.27791 0.6208 0.03964 0.35684 0.7663 0.35959 0.65451 0.37607 0.07879 0.34387 0.84022 0.35536 0.81227 0.36342 0.62581 0.36138 0.52244 0.36114 0.35228 0.34689 0.8301 0.35432 0.31813 0.35648 0.22778 0.35153 0.18728 0.36007 0.00421 0.35495 0.67728 0.3519 0.43437 0.34518 0.2887 0.36097 0.14404 0.36888 0.11278 0.36354 0.05655 0.35798 0.72286 0.35444 0.25678 0.3464 0.16841 0.32566 0.00144 0.34153 0.86129 0.34884 0.60061 0.35364 0.5392 0.34447 0.40805 0.34001 0.27517 0.33908 0.1113 0.35148 0.08614 0.34727 0.33721 0.33769 0.30291 0.34544 0.21271 0.32913 0.20315 0.34516 0.04613 0.3382 0.02035 0.31865 0.00426 0.64077 0.02356 0.33276 0.74644 0.33748 0.63838 0.34233 0.49269 0.33943 0.47077 0.33674 0.3921 0.33854 0.15812 0.33645 0.13816 0.66488 0.02478 0.32371 0.8226 0.33664 0.79199 0.31899 0.73664 0.33099 0.72151 0.33005 0.67681 0.3223 0.59073 0.33029 0.36331 0.3293 0.25316 0.31276 0.7039 0.31864 0.62143 0.32573 0.45419 0.32202 0.07903 0.32161 0.76494 0.31654 0.31717 0.3143 0.10025 0.67052 0.0395 0.30241 0.8344 0.31588 0.80181 0.32412 0.78094 0.31761 0.65415 0.32193 0.55868 0.32375 0.5209 0.31725 0.48628 0.33147 0.43362 0.31429 0.33787 0.30867 0.23756 0.31041 0.21796 0.31535 0.0468 0.30614 0.86147 0.3162 0.29407 0.67159 0.04228 0.30502 0.44558 0.30616 0.39684 0.31134 0.26947 0.31429 0.18104 0.28654 0.46867 0.30558 0.41643 0.30054 0.00069 0.29958 0.60651 0.31147 0.19301 0.30941 0.15796 0.31219 0.13677 0.30432 0.02209 0.29159 0.84494 0.29782 0.71827 0.29987 0.5735 0.29995 0.54129 0.29095 0.51415 0.29607 0.48351 0.30435 0.36069 0.29131 0.1136 0.68115 0.02846 0.69264 0.04305 0.28463 0.86352 0.29988 0.81342 0.30328 0.76115 0.30122 0.68181 0.28385 0.59345 0.28819 0.28268 0.29557 0.20303 0.30118 0.08254 0.28356 0.82021 0.2849 0.78936 0.29381 0.65134 0.29372 0.62269 0.28632 0.43021 0.27781 0.39092 0.28975 0.12991 0.29411 0.05237 0.29094 0.01141 0.28055 0.00142 0.69169 0.02358 0.28835 0.74287 0.2808 0.33786 0.27865 0.3033 0.27793 0.26824 0.27792 0.24605 0.28747 0.22423 0.29391 0.18511 0.28881 0.15746 0.2784 0.1424 0.28248 0.00414 0.28484 0.766 0.28533 0.6656 0.27636 0.36446 0.27124 0.05688 0.26838 0.03141 0.71112 0.02479 0.70176 0.03901 0.28193 0.72149 0.27934 0.68032 0.26678 0.56807 0.26534 0.54995 0.28053 0.34953 0.26146 0.32393 0.2724 0.08586 0.27209 0.63963 0.25444 0.58199 0.27423 0.49297 0.26892 0.33201 0.27361 0.20477 0.28123 0.17915 0.70742 0.04226 0.27634 0.61854 0.26377 0.52574 0.27074 0.41363 0.26698 0.01495 0.26034 0.82304 0.27327 0.69924 0.27095 0.60395 0.26371 0.45573 0.265 0.44021 0.25236 0.37691 0.25935 0.16574 0.2515 0.00078 0.26163 0.83434 0.26842 0.7813 0.25795 0.75715 0.25831 0.71914 0.25209 0.47783 0.25994 0.12693 0.24208 0.11125 0.73377 0.02359 0.73099 0.02826 0.24057 0.86138 0.2571 0.67802 0.25962 0.65246 0.24718 0.29966 0.25723 0.26926 0.2657 0.22116 0.26013 0.18218 0.23621 0.0084 0.25371 0.84461 0.25914 0.80122 0.24862 0.35666 0.23894 0.34284 0.74096 0.03408 0.25378 0.77952 0.24367 0.62982 0.25048 0.61581 0.25354 0.50059 0.2479 0.39928 0.24671 0.25454 0.24143 0.22765 0.2491 0.21138 0.24845 0.1979 0.24719 0.14368 0.2326 0.09502 0.22935 0.06717 0.24283 0.045 0.74555 0.03959 0.2411 0.72864 0.24163 0.69049 0.23818 0.66035 0.24114 0.60004 0.24123 0.46674 0.24555 0.42471 0.24016 0.08412 0.22467 0.45477 0.20416 0.00147 0.73979 0.04301 0.23755 0.86351 0.22236 0.83434 0.22729 0.82247 0.22971 0.80185 0.23015 0.75435 0.22932 0.70433 0.2362 0.33382 0.2346 0.01823 0.23971 0.00422 0.23444 0.84755 0.23317 0.2793 0.22162 0.12755 0.22 0.77795 0.22716 0.44079 0.23033 0.32329 0.21947 0.18672 0.20811 0.16414 0.22866 0.55989 0.23036 0.51943 0.23368 0.49053 0.23155 0.37381 0.22217 0.26792 0.22201 0.20448 0.7907 0.04212 0.21505 0.84633 0.21603 0.73525 0.22348 0.68221 0.20313 0.63274 0.20652 0.58186 0.21592 0.47121 0.21837 0.41705 0.23183 0.39382 0.21649 0.36024 0.21277 0.24955 0.20881 0.14547 0.22513 0.03748 0.21152 0.65511 0.19382 0.61059 0.21196 0.86129 0.20372 0.48711 0.19663 0.43837 0.21024 0.38674 0.20857 0.29453 0.20401 0.22289 0.76384 0.04286 0.21356 0.86352 0.20972 0.54417 0.2026 0.51749 0.20415 0.01762 0.79398 0.0234 0.1967 0.75076 0.19882 0.70341 0.19829 0.59916 0.20644 0.32618 0.20292 0.11051 0.20038 0.03658 0.18541 0.0042 0.18508 0.81926 0.19755 0.79585 0.19045 0.67583 0.18127 0.6439 0.19456 0.35 0.18973 0.0811 0.1929 0.85078 0.19205 0.72179 0.19951 0.19923 0.17645 0.09718 0.17972 0.05594 0.1876 0.83003 0.18761 0.53773 0.18216 0.4605 0.18116 0.40998 0.19046 0.3963 0.17752 0.26113 0.18093 0.12475 0.17809 0.00841 0.80143 0.02939 0.8003 0.03922 0.18768 0.83924 0.16923 0.44567 0.17923 0.17365 0.16568 0.86141 0.17372 0.79411 0.17848 0.76939 0.17636 0.49734 0.18328 0.37419 0.16496 0.29503 0.169 0.23651 0.16774 0.15153 0.14805 0.00064 0.80526 0.02461 0.17328 0.22015 0.17183 0.19774 0.17648 0.73411 0.16687 0.47822 0.17447 0.3278 0.1587 0.13069 0.17084 0.02917 0.81142 0.04291 0.16606 0.86356 0.16947 0.35924 0.16618 0.11161 0.16057 0.01441 0.164 0.59546 0.17101 0.56516 0.17467 0.52156 0.15653 0.46617 0.16289 0.84719 0.15041 0.53692 0.15447 0.42834 0.16035 0.07001 0.16001 0.83393 0.15732 0.75127 0.15014 0.71331 0.1643 0.6556 0.15939 0.62735 0.15844 0.17341 0.14704 0.00412 0.1478 0.00138 0.15868 0.82315 0.15258 0.58248 0.1559 0.3863 0.13655 0.26449 0.15707 0.78014 0.15324 0.73145 0.15245 0.68908 0.13996 0.64158 0.14191 0.45629 0.14454 0.40451 0.14705 0.34955 0.132 0.33188 0.14939 0.31726 0.13891 0.20669 0.83585 0.02361 0.83783 0.04221 0.14173 0.76991 0.14355 0.67041 0.14134 0.55009 0.15203 0.36729 0.13576 0.11428 0.84176 0.02798 0.83885 0.04309 0.13868 0.86363 0.14155 0.86145 0.1463 0.80476 0.13661 0.50173 0.14173 0.47624 0.12545 0.2475 0.12734 0.19432 0.14392 0.04877 0.14354 0.02598 0.84195 0.02471 0.11972 0.65295 0.13173 0.61146 0.12758 0.57127 0.13933 0.41978 0.11797 0.21769 0.12914 0.17776 0.11326 0.15966 0.13689 0.08098 0.83545 0.03906 0.13713 0.84066 0.13003 0.8263 0.12434 0.7843 0.13076 0.46978 0.13253 0.37888 0.13462 0.36601 0.12842 0.14216 0.13644 0.74785 0.12877 0.0084 0.11863 0.80308 0.11878 0.72416 0.10926 0.59741 0.11104 0.5849 0.11974 0.43634 0.12276 0.39711 0.13342 0.31546 0.12823 0.28604 0.11474 0.10122 0.12024 0.01612 0.87032 0.03385 0.11926 0.8614 0.11185 0.83707 0.1203 0.76802 0.11869 0.45613 0.09747 0.2362 0.11884 0.05925 0.10297 0.03819 0.11735 0.54769 0.11581 0.35166 0.10838 0.85084 0.11583 0.74817 0.11471 0.68973 0.10443 0.63244 0.0986 0.4857 0.1073 0.37362 0.11447 0.29882 0.07912 0.84262 0.10134 0.77095 0.09112 0.69968 0.08508 0.66342 0.11372 0.5072 0.11382 0.42443 0.10476 0.11063 0.88133 0.0394 0.09196 0.47303 0.1079 0.39329 0.0989 0.35981 0.08834 0.14018 0.08583 0.00426 0.08601 0.81673 0.09817 0.33769 0.07285 0.00142 0.07683 0.00071 0.93895 0.02468 0.08128 0.83005 0.07125 0.61186 0.09612 0.52869 0.09221 0.45079 0.07292 0.43936 0.0918 0.42004 0.09776 0.29113 0.07088 0.26306 0.08919 0.18215 0.07986 0.08587 0.89854 0.02358 0.09056 0.79331 0.08757 0.57333 0.09432 0.31316 0.06896 0.21189 0.08026 0.01511 0.07461 0.00834 0.08965 0.74828 0.09224 0.72418 0.07845 0.46334 0.06158 0.10789 0.07971 0.05001 0.06826 0.8614 0.06639 0.85144 0.08549 0.76601 0.07814 0.68067 0.0761 0.39659 0.08814 0.38577 0.07447 0.31843 0.08036 0.28257 0.07609 0.03014 0.07339 0.60128 0.07387 0.53344 0.08054 0.35089 0.9316 0.04211 0.90621 0.04299 0.07143 0.86369 0.05829 0.83544 0.06509 0.71844 0.06577 0.64427 0.06474 0.06702 0.07401 0.7345 0.06819 0.62563 0.06869 0.4209 0.05591 0.82015 0.06514 0.78098 0.0671 0.57548 0.05956 0.17903 0.93296 0.0393 0.05322 0.79978 0.06131 0.7592 0.06618 0.37497 0.066 0.34827 0.05699 0.33275 0.05614 0.19824 0.93856 0.02898 0.05526 0.70365 0.0532 0.69025 0.06201 0.50161 0.05343 0.48421 0.05701 0.45063 0.05689 0.40868 0.94703 0.02361 0.05382 0.53215 0.0553 0.46282 0.05458 0.28941 0.05755 0.23836 0.04214 0.02085 0.05215 0.38827 0.05205 0.37185 0.04796 0.35549 0.05469 0.15178 0.04866 0.13103 0.04638 0.73992 0.05031 0.7172 0.04245 0.30713 0.03713 0.08444 0.04045 0.05756 0.04344 0.76926 0.04547 0.66494 0.04802 0.62098 0.04342 0.59499 0.0452 0.56488 0.95147 0.04304 0.02628 0.86378 0.02828 0.84409 0.03758 0.7961 0.04121 0.64048 0.03267 0.52281 0.04381 0.4303 0.04377 0.40214 0.04216 0.33337 0.04217 0.24222 0.04214 0.21916 0.01655 0.00413 0.02181 0.00074 0.02833 0.86147 0.03561 0.82429 0.0302 0.6826 0.03265 0.58181 0.02773 0.47383 0.03761 0.45961 0.04017 0.44911 0.02983 0.36927 0.03955 0.27558 0.03583 0.19717 0.03612 0.16744 0.01847 0.0082 0.01683 0.7285 0.03338 0.71842 0.0275 0.69924 0.03077 0.62131 0.02436 0.49804 0.02742 0.04171 0.01591 0.8376 0.03326 0.75191 0.02935 0.65673 0.03266 0.3986 0.03254 0.34825 0.03113 0.32654 0.02461 0.138 0.02729 0.1107 0.01616 0.00144 0.96514 0.04201 0.02773 0.81229 0.01724 0.79976 0.02708 0.78044 0.01064 0.46485 0.02431 0.44267 0.02082 0.42715 0.02016 0.30178 0.02037 0.27307 0.02257 0.24423 0.0217 0.22131 0.96857 0.03868 0.02601 0.75599 0.01544 0.74459 0.02296 0.63662 0.01965 0.60016 0.02019 0.56445 0.01773 0.32234 0.96705 0.02352 0.96783 0.0247 0.01828 0.85258 0.01754 0.82024 0.02339 0.77051 0.0162 0.70241 0.01241 0.66857 0.0169 0.64507 0.02082 0.61289 0.01868 0.5867 0.01922 0.39538 0.01954 0.35057 0.01297 0.2034 0.01428 0.17574 0.01616 0.09768 0.01273 0.86313 0.01668 0.79076 0.01536 0.78245 0.01456 0.7703 0.01695 0.75178 0.01674 0.74791 0.01362 0.73571 0.96477 0.04293 0.01301 0.86381 0.01002 0.79872 0.01208 0.78484 0.01655 0.77835 0.01631 0.77379 0.01103 0.62169 0.00956 0.07409 0.01387 0.03405 0.2551 0.90696 0.25452 0.90461 0.25747 0.90438 0.25764 0.90696 0.98132 0.19876 0.98412 0.19899 0.98576 0.19583 0.98071 0.19644 0.26199 0.90438 0.26517 0.90665 0.26698 0.90458 0.25432 0.90057 0.25733 0.90036 0.98325 0.19199 0.98003 0.19245 0.26218 0.90144 0.25892 0.89849 0.2628 0.89885 0.2676 0.90198 0.26817 0.89937 0.27394 0.90249 0.27269 0.89983 0.27674 0.90065 0.25453 0.89757 0.25582 0.89765 0.98187 0.18774 0.97958 0.18949 0.2532 0.89502 0.25795 0.8947 0.50217 0.86197 0.49761 0.86198 0.49547 0.86461 0.50434 0.86329 0.00076 0.83897 0.00398 0.81173 0.0108 0.78813 0.00268 0.73934 0.00262 0.63936 0.00254 0.60136 0.00945 0.56848 0.00587 0.5483 0.00925 0.4509 0.00926 0.42036 0.00918 0.37245 0.00913 0.33597 0.00912 0.28417 0.00912 0.23244 0.00607 0.16467 0.00718 0.12307 0.00148 0.04334 0.00133 0.0255 0.00467 0.00052 0.01278 0.78253 0.00977 0.78618 0.00941 0.78242 0.01363 0.77841 0.01068 0.77836 0.01359 0.77374 0.0105 0.77252 0.01074 0.76932 0.01066 0.76476 0.01362 0.76492 0.01062 0.75974 0.01055 0.75149 0.01016 0.74751 0.00563 0.74359 0.98234 0.12549 0.97937 0.12565 0.97889 0.12955 0.98292 0.1293 0.37049 0.94647 0.37497 0.94241 0.37609 0.94502 0.98479 0.12393 0.38071 0.94208 0.38027 0.94561 0.97854 0.13394 0.98163 0.13789 0.38561 0.94213 0.38502 0.94598 0.97848 0.1383 0.38993 0.94337 0.38976 0.94624 0.97911 0.14284 0.98134 0.14302 0.39457 0.94336 0.39481 0.94638 0.97987 0.14964 0.98109 0.14963 0.39863 0.94312 0.40235 0.94647 0.40333 0.94324 0.98881 0.19906 0.98789 0.19767 0.03372 0.93628 0.03519 0.93476 0.03527 0.93189 0.03287 0.93195 0.0354 0.92766 0.03099 0.92297 0.27581 0.90423 0.28067 0.90496 0.28177 0.90696 0.98579 0.19168 0.98895 0.19596 0.28142 0.90036 0.28486 0.90047 0.28366 0.90387 0.98555 0.18725 0.9892 0.18642 0.26359 0.89539 0.2606 0.89157 0.26918 0.89585 0.2697 0.89287 0.27385 0.89567 0.27659 0.89268 0.28192 0.89653 0.28556 0.89606 0.24957 0.88848 0.25336 0.88885 0.9851 0.18116 0.9876 0.18061 0.25712 0.88863 0.27906 0.88962 0.28353 0.88897 0.28528 0.89338 0.28789 0.88965 0.2489 0.88244 0.25333 0.88285 0.9868 0.17635 0.9849 0.17544 0.25679 0.88309 0.25494 0.88023 0.98615 0.17359 0.98542 0.17105 0.98272 0.17294 0.98841 0.17473 0.98919 0.171 0.24935 0.8789 0.25259 0.87975 0.49399 0.86332 0.4994 0.85733 0.49814 0.85414 0.49683 0.85599 0.4982 0.85876 0.97736 0.0262 0.97732 0.04184 0.97587 0.04276 0.00467 0.79775 0.0026 0.70127 0.0028 0.56431 0.00249 0.46306 0.00477 0.43671 0.00479 0.39049 0.0026 0.38841 0.00229 0.34405 0.00228 0.26586 0.0024 0.21167 0.00137 0.0056 0.00219 0.00064 0.00194 0.86435 0.00837 0.78986 0.00535 0.79274 0.00498 0.78966 0.00498 0.78593 0.00641 0.78354 0.48154 0.94751 0.48251 0.94512 0.47994 0.94575 0.48289 0.94027 0.4792 0.94098 0.48218 0.93508 0.47805 0.93582 0.48132 0.93053 0.47627 0.92736 0.48098 0.92626 0.48154 0.92256 0.00504 0.74811 0.98383 0.12043 0.98947 0.12373 0.9897 0.11902 0.36174 0.94197 0.36251 0.93858 0.36698 0.93735 0.36773 0.9414 0.9874 0.12893 0.99165 0.12976 0.98745 0.13395 0.99098 0.13273 0.97941 0.12123 0.9786 0.12405 0.37205 0.93785 0.37217 0.94114 0.37571 0.93796 0.38086 0.93797 0.38531 0.93778 0.97923 0.1527 0.98145 0.15467 0.98341 0.15425 0.98347 0.15169 0.0447 0.87058 0.04751 0.87137 0.04788 0.86791 0.40383 0.94012 0.40673 0.94308 0.38723 0.94082 0.39009 0.94139 0.39021 0.93817 0.39459 0.94119 0.39637 0.93834 0.40075 0.94072 0.40446 0.93777 0.99166 0.19793 0.99309 0.19566 0.02974 0.91956 0.02794 0.92119 0.02924 0.92617 0.99349 0.18738 0.47195 0.90464 0.46958 0.90463 0.46925 0.90792 0.47117 0.90971 0.47179 0.90018 0.46896 0.90013 0.99104 0.18424 0.98996 0.18037 0.99564 0.18496 0.99324 0.18046 0.26013 0.88821 0.26479 0.88819 0.27265 0.88843 0.28788 0.89574 0.29084 0.89093 0.46789 0.89599 0.46612 0.89125 0.46523 0.89413 0.2908 0.88598 0.99293 0.17464 0.26568 0.88291 0.27382 0.88317 0.27956 0.88338 0.284 0.88346 0.28758 0.88331 0.99293 0.17156 0.26019 0.88 0.26643 0.87989 0.27078 0.88011 0.27726 0.88024 0.28382 0.88032 0.28772 0.87989 0.97702 0.02339 0.49436 0.86552 0.25652 0.87916 0.26812 0.87906 0.00261 0.56335 0.00263 0.54568 0.00246 0.43742 0.00238 0.38868 0.00059 0.86363 0.00055 0.8522 0.001 0.81964 0.00101 0.7987 0.00172 0.79318 0.00197 0.78955 0.00166 0.78613 0.00144 0.74851 0.00239 0.74415 0.00155 0.14334 0.00149 0.08775 0.36383 0.93542 0.0033 0.78371 0.36148 0.93295 0.36417 0.93389 0.3683 0.93383 0.98983 0.13551 0.98963 0.13898 0.99186 0.13843 0.99233 0.13367 0.98947 0.14369 0.99226 0.14353 0.98947 0.14805 0.99232 0.14796 0.98931 0.15224 0.99273 0.15192 0.98787 0.15541 0.99393 0.15516 0.37217 0.93528 0.37572 0.93448 0.38071 0.93459 0.38516 0.93452 0.38653 0.93552 0.39032 0.93524 0.39678 0.93529 0.40429 0.93625 0.04563 0.87284 0.99483 0.19781 0.99523 0.19615 0.99574 0.19166 0.99614 0.18729 0.99563 0.18126 0.99536 0.17559 0.46538 0.88825 0.46404 0.89007 0.86767 0.01677 0.8697 0.0154 0.86762 0.01403 0.867 0.01468 0.99483 0.17203 0.17912 0.94586 0.18166 0.94365 0.18294 0.9446 0.16206 0.96028 0.17174 0.94969 0.17294 0.9604 0.13252 0.9635 0.13355 0.96004 0.14781 0.96296 0.61693 0.95391 0.63172 0.96813 0.60265 0.96863 0.14985 0.96442 0.15601 0.96375 0.00168 0.73808 0.00105 0.74376 0.00139 0.73324 0.0022 0.69346 0.26641 0.96424 0.28249 0.9647 0.26451 0.96449 0.31581 0.96557 0.60507 0.9706 0.60192 0.97078 0.63799 0.97131 0.00186 0.31013 0.00179 0.23749 0.00145 0.00089 0.97737 0.04314 0.00069 0.78993 0.12929 0.96281 0.13273 0.96548 0.13668 0.96558 0.13855 0.96776 0.13833 0.9694 0.13689 0.9702 0.14054 0.97262 0.14405 0.97426 0.14172 0.97464 0.3777 0.93301 0.15091 0.97541 0.15047 0.97753 0.15688 0.97612 0.1555 0.97752 0.16131 0.97765 0.16985 0.97519 0.16723 0.97702 0.04562 0.87682 0.0491 0.87644 0.04826 0.87479 0.97394 0.94797 0.97611 0.94833 0.97612 0.94525 0.97598 0.90824 0.97463 0.91771 0.97486 0.87477 0.97611 0.85008 0.97492 0.84171 0.97627 0.8177 0.97481 0.79137 0.97582 0.78181 0.97483 0.74057 0.97589 0.7272 0.9749 0.69182 0.97595 0.69046 0.97466 0.65467 0.97561 0.6551 0.97573 0.63044 0.97474 0.62645 0.97559 0.59925 0.97471 0.60708 0.97475 0.57212 0.9756 0.5607 0.97427 0.5292 0.97492 0.52621 0.97425 0.49124 0.97491 0.49321 0.97398 0.47005 0.9747 0.45729 0.97442 0.39697 0.97476 0.42769 0.97505 0.40607 0.97501 0.36694 0.97424 0.36999 0.97497 0.33113 0.97474 0.27043 0.97496 0.30887 0.97518 0.29509 0.9754 0.27864 0.97537 0.24471 0.97474 0.21006 0.97567 0.21097 0.97569 0.17917 0.97487 0.1748 0.97601 0.15999 0.97501 0.14997 0.9762 0.11447 0.97498 0.11119 0.97627 0.09005 0.97525 0.09064 0.9761 0.08588 0.97413 0.08662 0.98782 0.06848 0.98938 0.07017 0.98951 0.06201 0.98935 0.05223 0.98739 0.05194 0.96838 0.94849 0.96866 0.94083 0.97202 0.87722 0.97174 0.84461 0.97191 0.80386 0.97162 0.75547 0.9717 0.73246 0.97098 0.70956 0.97166 0.6876 0.97181 0.654 0.96967 0.62662 0.96423 0.61432 0.97152 0.40613 0.9682 0.33532 0.97195 0.3069 0.97184 0.27 0.97185 0.25137 0.97191 0.2276 0.96964 0.2034 0.96881 0.16991 0.96984 0.09033 0.96472 0.90583 0.96395 0.76979 0.96457 0.73865 0.96216 0.69072 0.96426 0.68141 0.9643 0.65694 0.9653 0.64551 0.96462 0.59131 0.96466 0.55808 0.96199 0.52189 0.96477 0.49819 0.96317 0.47254 0.96495 0.44527 0.9647 0.40231 0.96475 0.38616 0.96749 0.30577 0.96712 0.27565 0.96703 0.25099 0.96751 0.11293 0.9738 0.06875 0.97796 0.05532 0.95641 0.92516 0.96238 0.8589 0.95999 0.81692 0.95759 0.70791 0.9617 0.33748 0.96133 0.31002 0.96181 0.28572 0.96207 0.26986 0.96067 0.24878 0.96312 0.21221 0.96114 0.15975 0.95558 0.08603 0.96888 0.06994 0.94996 0.90452 0.95519 0.8813 0.95254 0.85581 0.95113 0.76467 0.95465 0.73182 0.95756 0.62584 0.95285 0.65078 0.95735 0.57567 0.95437 0.49775 0.95411 0.45472 0.95336 0.42829 0.95114 0.40909 0.94919 0.39011 0.95164 0.37111 0.95271 0.34644 0.95241 0.21222 0.95674 0.17321 0.95009 0.1259 0.94263 0.11482 0.94992 0.09065 0.94566 0.08659 0.96774 0.05955 0.96466 0.05414 0.96438 0.05182 0.95341 0.82675 0.94631 0.80529 0.945 0.67761 0.93998 0.6628 0.94811 0.60844 0.94736 0.56624 0.94794 0.5368 0.93981 0.51186 0.94473 0.47493 0.94848 0.30732 0.9363 0.28389 0.94826 0.23409 0.94442 0.19247 0.94142 0.16342 0.93948 0.94176 0.93938 0.94806 0.93821 0.9291 0.94502 0.88327 0.93518 0.83913 0.9414 0.73143 0.93534 0.69708 0.93724 0.62923 0.93876 0.40291 0.92856 0.94844 0.93533 0.86063 0.93749 0.48994 0.93962 0.45309 0.93862 0.43106 0.93637 0.13581 0.91854 0.90452 0.93224 0.89183 0.93196 0.78554 0.93566 0.75893 0.93648 0.58565 0.93801 0.55999 0.93338 0.53601 0.9374 0.36573 0.94023 0.3359 0.93819 0.30738 0.93643 0.27299 0.93798 0.25133 0.93805 0.22532 0.93686 0.09092 0.98009 0.20894 0.97958 0.21317 0.98334 0.21275 0.98893 0.52131 0.98915 0.52993 0.98985 0.54615 0.99101 0.5622 0.99237 0.57877 0.99423 0.61007 0.99539 0.63063 0.99613 0.6421 0.9829 0.35486 0.98257 0.36746 0.98229 0.3742 0.93236 0.87446 0.93422 0.81596 0.93376 0.68693 0.93336 0.33914 0.92601 0.15626 0.93143 0.0687 0.93441 0.05185 0.41076 0.88514 0.99412 0.42875 0.99929 0.42845 0.99945 0.43415 0.99423 0.43173 0.99749 0.43632 0.99406 0.43544 0.99781 0.43957 0.99838 0.44262 0.99684 0.44493 0.99807 0.44751 0.98384 0.20329 0.98512 0.20633 0.99945 0.51154 0.98436 0.21185 0.99618 0.51591 0.99725 0.51826 0.98826 0.22123 0.98823 0.22585 0.9883 0.2316 0.98837 0.23904 0.9887 0.24991 0.98906 0.26085 0.98971 0.28015 0.99065 0.30741 0.99135 0.32784 0.99179 0.33896 0.99211 0.34811 0.99131 0.37172 0.99086 0.3754 0.9903 0.38183 0.9878 0.384 0.99662 0.69075 0.97925 0.91046 0.91374 0.77503 0.92266 0.73334 0.91952 0.67106 0.92037 0.65631 0.92093 0.62846 0.92256 0.58957 0.92078 0.54521 0.92062 0.52149 0.92378 0.50298 0.91831 0.48064 0.92423 0.45272 0.91832 0.42491 0.9225 0.40571 0.91925 0.35891 0.92423 0.32383 0.91895 0.30177 0.9168 0.2415 0.91152 0.22656 0.92396 0.19364 0.91704 0.11342 0.91592 0.1021 0.44418 0.60282 0.98867 0.42842 0.98894 0.43202 0.98914 0.43576 0.52935 0.00608 0.53196 0.01032 0.52643 0.00782 0.98931 0.43974 0.52328 0.01015 0.98956 0.44454 0.51891 0.00744 0.5186 0.00996 0.99277 0.20636 0.51432 0.00699 0.51383 0.00966 0.99298 0.21108 0.99337 0.21472 0.51031 0.00648 0.50938 0.00956 0.99344 0.21715 0.99339 0.22142 0.99348 0.2291 0.99356 0.23776 0.99428 0.24299 0.99372 0.24929 0.99482 0.25551 0.99435 0.26181 0.99505 0.28307 0.99584 0.31397 0.99629 0.32951 0.99642 0.33974 0.99707 0.34488 0.99671 0.3484 0.9973 0.35188 0.99488 0.3771 0.994 0.38253 0.99353 0.3856 0.99314 0.38806 0.98079 0.90258 0.97776 0.90195 0.98471 0.90357 0.91009 0.94793 0.91403 0.92407 0.91627 0.88858 0.92117 0.87209 0.92104 0.85681 0.9127 0.79904 0.92159 0.70288 0.91546 0.68806 0.89551 0.3992 0.91488 0.37648 0.90547 0.346 0.90388 0.28472 0.91698 0.26443 0.91898 0.13405 0.92018 0.08653 0.9194 0.08588 0.93272 0.06993 0.93176 0.05941 0.93279 0.05407 0.44113 0.60296 0.98385 0.43396 0.98289 0.42775 0.98603 0.4366 0.53005 0.01556 0.5279 0.01317 0.98602 0.43931 0.52317 0.01349 0.98801 0.44148 0.21947 0.89529 0.22216 0.89664 0.22082 0.89877 0.98626 0.44468 0.22404 0.89976 0.5185 0.01341 0.9883 0.4474 0.99424 0.20375 0.985 0.44751 0.99668 0.20609 0.99765 0.20322 0.51386 0.01299 0.99432 0.20878 0.99935 0.20837 0.997 0.21224 0.99595 0.2143 0.50945 0.01245 0.99935 0.36878 0.99822 0.21668 0.99799 0.22179 0.99725 0.22797 0.99682 0.236 0.99753 0.25743 0.99841 0.28384 0.99915 0.3073 0.99945 0.3292 0.99911 0.34512 0.9991 0.35294 0.9993 0.35505 0.9985 0.37274 0.99818 0.37639 0.99727 0.38295 0.99627 0.38632 0.99535 0.38825 0.99687 0.2463 0.25927 0.90894 0.27005 0.90906 0.2665 0.91174 0.27337 0.91258 0.28175 0.9093 0.27963 0.91183 0.37474 0.91193 0.37524 0.90904 0.38398 0.90886 0.37859 0.91257 0.38269 0.91182 0.97867 0.89969 0.98148 0.89985 0.98564 0.90103 0.98787 0.90223 0.90879 0.85357 0.91042 0.83371 0.90842 0.8154 0.20846 0.88541 0.20545 0.88598 0.2057 0.88303 0.53808 0.017 0.53523 0.01994 0.53806 0.02027 0.2126 0.89033 0.21732 0.88397 0.2175 0.89006 0.52923 0.01941 0.20867 0.89676 0.21349 0.89574 0.21715 0.89581 0.21964 0.89258 0.5232 0.01656 0.39469 0.88801 0.39678 0.89369 0.39443 0.89343 0.21841 0.89951 0.98874 0.88829 0.51861 0.01664 0.39626 0.8978 0.21876 0.90166 0.22104 0.90275 0.22567 0.90251 0.98952 0.89269 0.39949 0.90232 0.22218 0.90617 0.22886 0.90269 0.23011 0.90591 0.38283 0.90524 0.38566 0.90599 0.39101 0.9058 0.39579 0.90596 0.40048 0.90622 0.22324 0.91159 0.23112 0.90898 0.23476 0.90531 0.23494 0.9095 0.2337 0.91162 0.23721 0.9051 0.23899 0.90786 0.38639 0.90857 0.39139 0.90887 0.39603 0.9091 0.40044 0.90927 0.40332 0.90716 0.40468 0.90925 0.23928 0.91284 0.24164 0.91592 0.23512 0.91424 0.24432 0.9086 0.24388 0.9137 0.25085 0.90883 0.25217 0.9126 0.26063 0.9125 0.28551 0.91258 0.30621 0.91237 0.30965 0.90896 0.32619 0.91266 0.33459 0.90914 0.35797 0.90913 0.35517 0.91261 0.36939 0.91272 0.38702 0.91267 0.39154 0.91292 0.40001 0.91357 0.40524 0.91414 0.40894 0.91036 0.41667 0.91147 0.41635 0.91531 0.42073 0.91227 0.42014 0.91553 0.42312 0.913 0.42329 0.91557 0.3208 0.90696 0.31619 0.90615 0.24869 0.91806 0.24512 0.91822 0.25461 0.91794 0.26392 0.91803 0.2832 0.91795 0.30171 0.91787 0.32602 0.918 0.35685 0.91808 0.3732 0.91842 0.38017 0.91846 0.38722 0.91844 0.396 0.91864 0.40637 0.91898 0.41587 0.91918 0.4197 0.91933 0.42276 0.91952 0.23242 0.92331 0.26821 0.92263 0.28923 0.92268 0.32406 0.92281 0.35027 0.92293 0.36937 0.92304 0.38439 0.92307 0.39743 0.92317 0.41178 0.92324 0.4162 0.92371 0.41982 0.92251 0.42214 0.92179 0.23419 0.92583 0.23618 0.92613 0.23965 0.92652 0.2452 0.92672 0.26842 0.92652 0.29353 0.92664 0.32704 0.92667 0.36794 0.92663 0.39366 0.92666 0.40187 0.92664 0.41115 0.92639 0.4151 0.92604 0.9129 0.71658 0.90522 0.64276 0.91059 0.60643 0.91212 0.17457 0.90116 0.14286 0.90928 0.09089 0.19869 0.88815 0.19702 0.88538 0.20074 0.88419 0.20138 0.88709 0.38221 0.88255 0.38142 0.8801 0.38622 0.87994 0.38587 0.88228 0.39181 0.88005 0.39172 0.88234 0.3968 0.88046 0.39554 0.8827 0.39116 0.88783 0.39065 0.89399 0.2394 0.91845 0.90896 0.94164 0.90053 0.53472 0.90526 0.50831 0.91087 0.4476 0.90372 0.31913 0.89807 0.88666 0.90258 0.75568 0.90493 0.70233 0.89803 0.68544 0.90469 0.41346 0.89636 0.20678 0.89662 0.19102 0.90118 0.08653 0.89256 0.93053 0.8931 0.59746 0.89087 0.5765 0.89785 0.54858 0.9026 0.47079 0.89832 0.43332 0.89068 0.27377 0.88951 0.15794 0.89726 0.12656 0.8872 0.10434 0.89102 0.08592 0.90435 0.06972 0.89626 0.85834 0.89278 0.72136 0.88844 0.64892 0.88683 0.61871 0.88881 0.24722 0.89592 0.05406 0.87756 0.88663 0.88154 0.67271 0.87234 0.5531 0.88161 0.49741 0.88575 0.47712 0.88363 0.45304 0.8859 0.41643 0.88974 0.38371 0.88603 0.32945 0.87476 0.30074 0.87951 0.17055 0.88081 0.06856 0.88614 0.05167 0.86785 0.9483 0.87724 0.91225 0.8883 0.82754 0.88109 0.79758 0.88084 0.11273 0.8725 0.87232 0.87795 0.84765 0.87833 0.7639 0.88151 0.36299 0.88071 0.23017 0.8712 0.7195 0.87629 0.69856 0.87252 0.51832 0.86857 0.42332 0.86572 0.13872 0.86666 0.12099 0.86732 0.81004 0.86516 0.68807 0.86801 0.64992 0.87248 0.59236 0.86381 0.44246 0.861 0.38746 0.87596 0.26361 0.86133 0.20154 0.86149 0.18109 0.87015 0.08652 0.87865 0.05951 0.86096 0.93227 0.85884 0.8547 0.85894 0.74764 0.86056 0.46366 0.8584 0.37199 0.8668 0.28326 0.85925 0.24576 0.86365 0.73226 0.85127 0.40813 0.86325 0.35349 0.86675 0.32505 0.84833 0.90208 0.84783 0.82215 0.86664 0.62233 0.85564 0.56746 0.85059 0.39723 0.85246 0.10552 0.8574 0.09443 0.82903 0.9417 0.84893 0.87957 0.86107 0.78452 0.84352 0.67107 0.85355 0.52772 0.84678 0.42959 0.84055 0.34797 0.85527 0.26843 0.84693 0.21615 0.8577 0.15731 0.82796 0.91842 0.83465 0.63114 0.84611 0.60955 0.85697 0.5993 0.84234 0.50595 0.84139 0.48265 0.84725 0.30111 0.8383 0.0865 0.83326 0.94558 0.82423 0.93347 0.84805 0.77543 0.84669 0.71099 0.84649 0.32751 0.84628 0.79674 0.82085 0.73195 0.83653 0.4543 0.82627 0.22681 0.83953 0.13026 0.83536 0.08593 0.84872 0.06968 0.83676 0.57954 0.82238 0.2533 0.84052 0.15822 0.81727 0.05408 0.82406 0.83871 0.83161 0.75937 0.82529 0.54529 0.83507 0.38603 0.82942 0.37091 0.82187 0.33737 0.8234 0.27757 0.82085 0.18908 0.8249 0.09445 0.83252 0.0596 0.82517 0.94829 0.81811 0.80426 0.81009 0.85024 0.81401 0.87422 0.81226 0.79128 0.81208 0.5007 0.81153 0.31 0.80739 0.9025 0.81754 0.77371 0.8183 0.7103 0.81238 0.60507 0.81237 0.16563 0.81444 0.11581 0.80483 0.06846 0.80754 0.74381 0.80712 0.66594 0.80513 0.56991 0.82102 0.41375 0.81669 0.20585 0.80919 0.0865 0.80365 0.8147 0.8077 0.39153 0.79949 0.35622 0.81652 0.10243 0.80707 0.47318 0.80834 0.44758 0.8016 0.42469 0.79405 0.54208 0.79372 0.28304 0.78112 0.26214 0.79221 0.23852 0.8 0.14441 0.78748 0.10801 0.80301 0.05169 0.78299 0.935 0.79144 0.85712 0.78446 0.82895 0.79693 0.76729 0.79321 0.70362 0.79936 0.63957 0.80016 0.19171 0.78837 0.09362 0.78544 0.08586 0.79882 0.0696 0.78483 0.40218 0.79362 0.32221 0.78314 0.22344 0.79326 0.20884 0.79061 0.12047 0.77583 0.94583 0.7903 0.92333 0.77839 0.89413 0.78552 0.62371 0.78614 0.37043 0.78917 0.17358 0.78863 0.05961 0.77849 0.87866 0.78522 0.726 0.78406 0.59408 0.77891 0.52769 0.7754 0.49445 0.77425 0.94822 0.76478 0.94171 0.78078 0.80637 0.77985 0.7904 0.7821 0.77193 0.77987 0.45047 0.77444 0.41974 0.77595 0.3524 0.78377 0.29826 0.77231 0.18913 0.77832 0.14632 0.76324 0.90668 0.77669 0.69484 0.78159 0.65677 0.77229 0.56427 0.77904 0.32168 0.77342 0.20275 0.75889 0.92 0.75653 0.86082 0.75414 0.83825 0.77164 0.73781 0.7707 0.67709 0.76831 0.64754 0.75928 0.46637 0.76486 0.38915 0.75354 0.2438 0.75082 0.23441 0.76785 0.17662 0.77099 0.11817 0.76586 0.09937 0.75282 0.42829 0.76989 0.37069 0.76621 0.28939 0.74854 0.27575 0.73948 0.22723 0.74354 0.08653 0.74678 0.05392 0.76052 0.76712 0.75629 0.6291 0.76175 0.33535 0.75161 0.81645 0.75801 0.79814 0.75118 0.74266 0.76209 0.59209 0.75567 0.14477 0.75395 0.05173 0.75283 0.935 0.74361 0.77669 0.75469 0.70572 0.75072 0.66913 0.7561 0.51125 0.75896 0.3658 0.74417 0.29933 0.74505 0.20727 0.7303 0.92407 0.74296 0.35087 0.7511 0.17072 0.74502 0.55423 0.72373 0.41038 0.73783 0.32743 0.73837 0.26359 0.73806 0.12247 0.7349 0.1087 0.74196 0.09764 0.73101 0.08594 0.74441 0.06953 0.73218 0.94818 0.74001 0.58667 0.73419 0.50516 0.73747 0.44471 0.73585 0.39735 0.74131 0.37656 0.73938 0.1831 0.73784 0.16148 0.73689 0.48075 0.7287 0.4685 0.73454 0.19548 0.73868 0.06838 0.71824 0.05958 0.72385 0.9043 0.73704 0.87985 0.73368 0.68858 0.72625 0.6623 0.72425 0.64427 0.72736 0.53067 0.72021 0.29864 0.70933 0.94169 0.72616 0.93498 0.72885 0.8216 0.7275 0.78646 0.72659 0.74 0.73336 0.71379 0.7226 0.60526 0.72295 0.56635 0.71698 0.42962 0.72181 0.86552 0.72136 0.83407 0.71384 0.48634 0.71624 0.45113 0.71129 0.34873 0.71039 0.27141 0.6996 0.21684 0.71524 0.16237 0.71372 0.12609 0.70495 0.88028 0.70853 0.80804 0.70236 0.7611 0.71586 0.69938 0.71434 0.68194 0.70361 0.54931 0.71274 0.37359 0.70733 0.2039 0.71165 0.18118 0.70338 0.10829 0.71618 0.09101 0.69242 0.08649 0.7057 0.39255 0.70429 0.24188 0.69301 0.18981 0.70343 0.09721 0.69711 0.94556 0.70335 0.79247 0.69687 0.67535 0.71348 0.62766 0.7098 0.32902 0.69302 0.90805 0.69494 0.92244 0.69534 0.73322 0.69133 0.61211 0.69981 0.51189 0.70022 0.4628 0.69104 0.93493 0.69633 0.84955 0.6889 0.82599 0.69758 0.64864 0.69741 0.57418 0.69464 0.40786 0.69205 0.16191 0.67198 0.94813 0.69034 0.42163 0.6801 0.32893 0.68185 0.3051 0.69604 0.29673 0.67473 0.54353 0.68246 0.47865 0.68265 0.77678 0.68366 0.44373 0.67576 0.43021 0.68712 0.25797 0.67013 0.23498 0.68602 0.14232 0.68197 0.12513 0.67893 0.70998 0.68025 0.5879 0.68102 0.37521 0.64588 0.08576 0.65933 0.06953 0.67304 0.79574 0.66391 0.49705 0.67705 0.35947 0.66504 0.94561 0.66358 0.94188 0.66927 0.88773 0.66995 0.86802 0.6579 0.85132 0.66957 0.65982 0.67591 0.64157 0.66851 0.51038 0.6577 0.3982 0.67609 0.27077 0.67048 0.21113 0.66745 0.17071 0.67272 0.10037 0.65079 0.08645 0.67743 0.06842 0.65046 0.05176 0.65706 0.55749 0.66479 0.24872 0.65512 0.92079 0.66085 0.81515 0.67014 0.74236 0.66919 0.61755 0.6548 0.46711 0.66377 0.34208 0.66619 0.18708 0.65633 0.90817 0.64751 0.82673 0.65259 0.41957 0.64974 0.13442 0.64899 0.05407 0.65501 0.93255 0.65281 0.76246 0.64677 0.72486 0.64889 0.68241 0.65666 0.59109 0.64749 0.43605 0.65099 0.37971 0.64699 0.3607 0.65054 0.31134 0.65845 0.28396 0.64887 0.25671 0.65978 0.15392 0.64041 0.10873 0.65059 0.10248 0.6665 0.05967 0.65306 0.64609 0.64875 0.48519 0.64844 0.88876 0.65106 0.61658 0.64342 0.20553 0.64637 0.11783 0.62971 0.94114 0.63011 0.94828 0.62621 0.88022 0.63017 0.84007 0.6525 0.79542 0.63968 0.78376 0.64191 0.54008 0.64169 0.44838 0.63076 0.23069 0.63925 0.18145 0.63655 0.16247 0.65091 0.06849 0.63029 0.90806 0.62734 0.81128 0.62757 0.35084 0.6189 0.28953 0.61979 0.26167 0.63731 0.0864 0.63472 0.6336 0.63731 0.59158 0.62767 0.56472 0.63061 0.51993 0.63078 0.49532 0.62449 0.1389 0.62818 0.94566 0.61569 0.79329 0.63067 0.67149 0.62678 0.47166 0.62438 0.40725 0.62531 0.31528 0.62346 0.24437 0.62126 0.92196 0.62219 0.7531 0.62194 0.58043 0.61771 0.44883 0.6166 0.43773 0.6064 0.42449 0.62318 0.38466 0.60773 0.22132 0.62046 0.19715 0.61235 0.1203 0.61368 0.09776 0.63305 0.05957 0.60608 0.86678 0.59753 0.82361 0.60616 0.15466 0.61276 0.93481 0.59557 0.89121 0.61753 0.77886 0.61106 0.71358 0.61309 0.6696 0.6234 0.63823 0.61044 0.59771 0.61592 0.542 0.6045 0.17809 0.61638 0.50659 0.58702 0.90927 0.60856 0.6251 0.61257 0.4915 0.59435 0.39719 0.59756 0.24499 0.59514 0.10768 0.57178 0.08578 0.58526 0.06961 0.6031 0.06841 0.59581 0.66102 0.60484 0.56984 0.59702 0.48683 0.59312 0.32297 0.59198 0.08642 0.59226 0.8536 0.59413 0.77018 0.59325 0.73507 0.59927 0.55614 0.59818 0.53558 0.60229 0.51559 0.59171 0.46984 0.57565 0.37243 0.58592 0.27923 0.59706 0.20063 0.59836 0.35661 0.58466 0.94569 0.5674 0.9483 0.58793 0.92084 0.58489 0.83609 0.59331 0.80616 0.58385 0.45251 0.58738 0.43779 0.57363 0.12558 0.56966 0.09508 0.6048 0.05453 0.57921 0.0517 0.59133 0.93824 0.57622 0.79074 0.58203 0.70477 0.58285 0.58796 0.58178 0.64323 0.56924 0.61043 0.57314 0.56599 0.57617 0.54261 0.58339 0.51692 0.56509 0.34369 0.56662 0.21078 0.57309 0.1644 0.56988 0.67525 0.5627 0.41593 0.56558 0.91977 0.56094 0.93487 0.57034 0.8613 0.5617 0.80661 0.56369 0.77849 0.56708 0.50593 0.55712 0.48588 0.5712 0.39466 0.5732 0.29681 0.56758 0.24336 0.55635 0.94185 0.56474 0.75521 0.56439 0.45727 0.567 0.26396 0.57368 0.05452 0.55736 0.89873 0.54907 0.83089 0.55665 0.73441 0.55865 0.71469 0.55468 0.52674 0.56145 0.88408 0.55957 0.32017 0.55958 0.23205 0.55472 0.13912 0.56019 0.1067 0.54922 0.65162 0.55044 0.55035 0.54184 0.24967 0.55547 0.19237 0.55517 0.06848 0.54821 0.87271 0.54061 0.44321 0.54855 0.29291 0.54259 0.11528 0.55002 0.08642 0.53975 0.91993 0.54606 0.85473 0.53727 0.81195 0.53542 0.49154 0.54528 0.46809 0.53522 0.38693 0.51893 0.94833 0.53305 0.94791 0.54257 0.68427 0.53371 0.59059 0.53712 0.33782 0.54252 0.15923 0.54145 0.89189 0.5278 0.62654 0.5342 0.51122 0.53443 0.10014 0.52675 0.9311 0.53172 0.7941 0.53257 0.41287 0.5384 0.31791 0.53534 0.27653 0.53027 0.19881 0.53048 0.12972 0.51231 0.08577 0.52583 0.0695 0.52646 0.05413 0.52397 0.57 0.52885 0.53349 0.51838 0.08646 0.53007 0.78184 0.53091 0.75924 0.52921 0.72109 0.52811 0.55189 0.52647 0.47161 0.52865 0.43223 0.52417 0.05174 0.51879 0.90709 0.52653 0.86822 0.52667 0.69022 0.52038 0.66743 0.52546 0.3586 0.52459 0.31167 0.52062 0.2928 0.52432 0.23545 0.52067 0.17323 0.51857 0.14744 0.51837 0.88314 0.52239 0.84075 0.5137 0.80647 0.5206 0.7576 0.51877 0.26392 0.52375 0.05908 0.51253 0.94151 0.51833 0.10412 0.5191 0.85556 0.51793 0.81888 0.50827 0.87157 0.50875 0.86379 0.51031 0.84572 0.51106 0.78557 0.51352 0.74137 0.51364 0.7072 0.51361 0.64074 0.51584 0.60033 0.51358 0.54712 0.51417 0.52291 0.5147 0.47695 0.51567 0.42607 0.51463 0.3757 0.51362 0.33261 0.51263 0.24234 0.51583 0.21928 0.51093 0.11317 0.51356 0.06854 0.50322 0.92611 0.50376 0.88372 0.50938 0.85737 0.50517 0.835 0.50921 0.67275 0.5093 0.60538 0.51015 0.56903 0.50925 0.46412 0.50912 0.41883 0.5087 0.28662 0.50933 0.1884 0.50934 0.16444 0.50651 0.13789 0.49807 0.09013 0.50605 0.84758 0.50546 0.81885 0.50378 0.80468 0.50152 0.76522 0.49402 0.73288 0.50706 0.70969 0.50536 0.64381 0.49412 0.54391 0.50538 0.51291 0.50567 0.39086 0.50463 0.35817 0.5047 0.3226 0.50599 0.22919 0.50706 0.85343 0.4989 0.94854 0.49023 0.94452 0.50043 0.90945 0.50246 0.85912 0.50124 0.84048 0.49294 0.78593 0.49342 0.75246 0.49404 0.68878 0.49309 0.65523 0.49341 0.60958 0.49333 0.56522 0.49326 0.5104 0.49334 0.48783 0.50013 0.46416 0.49947 0.43136 0.49359 0.40808 0.49892 0.35392 0.49914 0.24332 0.50032 0.19093 0.49082 0.14996 0.49024 0.11905 0.49942 0.08643 0.50324 0.85213 0.50728 0.054 0.0354 0.94758 0.03582 0.94525 0.03302 0.94494 0.03253 0.94792 0.03529 0.93806 0.03698 0.93596 0.27149 0.90549 0.2685 0.90614 0.49031 0.91876 0.49035 0.88745 0.49752 0.83989 0.49811 0.82816 0.4979 0.82322 0.49368 0.81298 0.49347 0.80222 0.49348 0.37021 0.49783 0.30435 0.49819 0.84879 0.50703 0.05162 0.98524 0.14346 0.98497 0.14762 0.02774 0.94839 0.02856 0.94486 0.02887 0.94067 0.02904 0.93329 0.47405 0.91216 0.4739 0.90855 0.47406 0.9049 0.47405 0.9004 0.48893 0.94838 0.49039 0.87411 0.49589 0.84184 0.49491 0.83943 0.49459 0.83343 0.49422 0.82728 0.49331 0.8236 0.49347 0.81955 0.49091 0.70804 0.49105 0.44883 0.49091 0.34444 0.49339 0.30942 0.49343 0.25926 0.4934 0.21262 0.49089 0.17703 0.49027 0.13442 0.49383 0.09025 0.49042 0.08653 0.49037 0.08576 0.496 0.85248 0.50389 0.07017 0.50442 0.06816 0.00886 0.77032 0.99393 0.13169 0.0501 0.86746 0.05353 0.87102 0.02482 0.94958 0.02391 0.94801 0.0243 0.94459 0.02445 0.94045 0.02468 0.93448 0.02471 0.9216 0.47012 0.91187 0.46672 0.91059 0.0247 0.91944 0.46612 0.90806 0.46564 0.9005 0.29037 0.88314 0.48932 0.86892 0.489 0.86539 0.49017 0.8635 0.86762 0.02131 0.87022 0.01962 0.49062 0.8196 0.49031 0.82352 0.49064 0.80857 0.49091 0.78897 0.49093 0.73617 0.49089 0.6897 0.49108 0.65994 0.4911 0.6065 0.4911 0.56524 0.49104 0.53955 0.49103 0.48886 0.49093 0.41138 0.49092 0.37278 0.49087 0.28394 0.49036 0.2631 0.49077 0.22393 0.49032 0.10166 0.50456 0.05146 0.06015 0.87075 0.05373 0.87461 0.06015 0.87443 0.046 0.87433 0.02152 0.94953 0.02186 0.9447 0.02211 0.93794 0.02272 0.92919 0.02308 0.92202 0.17779 0.91943 0.18079 0.91959 0.17915 0.9213 0.4641 0.90787 0.18121 0.92303 0.46311 0.90113 0.46302 0.89505 0.46325 0.89038 0.48848 0.94344 0.48916 0.91116 0.48942 0.87888 0.48841 0.86261 0.87141 0.01859 0.49036 0.22493 0.18662 0.94691 0.18705 0.94507 0.19181 0.94641 0.19869 0.94559 0.21456 0.94659 0.21941 0.94586 0.22472 0.94719 0.24951 0.94755 0.27529 0.94685 0.26811 0.94797 0.31635 0.94874 0.30511 0.94729 0.32456 0.94767 0.33052 0.94901 0.35617 0.94801 0.35962 0.94933 0.41296 0.949 0.41461 0.95044 0.45683 0.94972 0.45377 0.95107 0.48815 0.95179 0.48414 0.95037 0.54138 0.95271 0.53805 0.95139 0.58067 0.95205 0.59655 0.95371 0.62054 0.95296 0.63228 0.95392 0.66162 0.95362 0.66825 0.95442 0.6918 0.95406 0.72554 0.95543 0.75626 0.95521 0.75789 0.95579 0.77846 0.95578 0.4904 0.18843 0.49038 0.15932 0.17343 0.94631 0.1803 0.95143 0.17723 0.96122 0.32465 0.96569 0.34199 0.96401 0.3692 0.96434 0.41443 0.96534 0.49377 0.96664 0.55195 0.96765 0.50386 0.0517 0.1699 0.96315 0.17368 0.96322 0.17776 0.96309 0.36883 0.96647 0.38759 0.96692 0.42134 0.96742 0.47538 0.96848 0.50263 0.96888 0.55445 0.96981 0.1443 0.96616 0.1468 0.9688 0.17151 0.96761 0.16953 0.96464 0.17298 0.96546 0.17741 0.96432 0.00219 0.66174 0.00215 0.6133 0.00217 0.60497 0.0016 0.18453 0.13387 0.9678 0.05339 0.87655 0.05784 0.87621 0.13841 0.97365 0.3904 0.93374 0.39647 0.93393 0.40264 0.93435 0.1495 0.91941 0.15438 0.91859 0.16249 0.92115 0.1487 0.92087 0.16134 0.9184 0.17041 0.91881 0.14716 0.92498 0.14979 0.92486 0.16513 0.92487 0.17542 0.9253 0.14589 0.9291 0.15008 0.92879 0.16235 0.929 0.17595 0.92914 0.1813 0.92934 0.18313 0.92934 0.14334 0.93423 0.14402 0.93064 0.14566 0.93356 0.15058 0.93344 0.16155 0.93431 0.17393 0.93462 0.18185 0.93441 0.18449 0.93503 0.14265 0.9398 0.14549 0.93907 0.14992 0.93939 0.16269 0.93989 0.17853 0.94014 0.18285 0.9406 0.18497 0.93944 0.14144 0.94322 0.1458 0.9454 0.16202 0.94301 0.17431 0.94404 0.05046 0.9464 0.05077 0.94357 0.05125 0.94529 0.05602 0.94404 0.06672 0.9452 0.09012 0.94457 0.09577 0.94553 0.12421 0.945 0.12977 0.9461 0.13472 0.94467 0.13847 0.94421 0.14134 0.94529 0.15004 0.94532 0.13538 0.95398 0.13949 0.94919 0.14641 0.95058 0.20273 0.96092 0.69533 0.96331 0.6886 0.96976 0.73042 0.97073 0.78858 0.96363 0.81913 0.9566 0.96485 0.96865 0.96663 0.95898 0.96744 0.9592 0.05082 0.96186 0.06193 0.96216 0.0778 0.95721 0.10078 0.95575 0.12699 0.95904 0.18889 0.96333 0.21668 0.96132 0.66786 0.96922 0.75627 0.96594 0.83789 0.96749 0.85801 0.95748 0.86729 0.97324 0.88903 0.95808 0.89417 0.97412 0.91558 0.95825 0.92317 0.96903 0.93196 0.95858 0.95046 0.96857 0.95049 0.95888 0.05022 0.96188 0.09759 0.9629 0.11977 0.96286 0.23095 0.96395 0.77495 0.9717 0.94247 0.97482 0.96716 0.97753 0.7153 0.97264 0.77165 0.97384 0.8155 0.97473 0.87468 0.9759 0.92195 0.97677 0.94095 0.97708 0.96214 0.97751 0.05109 0.96289 0.06317 0.96276 0.07715 0.96279 0.14591 0.97236 0.15184 0.97257 0.16075 0.97249 0.17076 0.9715</float_array>
          <technique_common>
            <accessor source="#uvs_0-array" count="3358" stride="2">
              <param name="S" type="float"/>
              <param name="T" type="float"/>
            </accessor>
          </technique_common>
        </source>
        <source id="normals_0"><float_array id="normals_0-array" count="10074">-0.976159948 0.115933779 0.183496909 -0.976159948 0.115933779 0.183496909 -0.976159948 0.115933779 0.183496909 -0.0477222464 0.998781753 0.0125537665 -0.0675951828 0.99770239 -0.00456432417 -0.206706062 0.978397362 -0.00334744755 -0.147470375 0.961873534 0.23032975 -0.180910396 0.983499362 -0.000658332226 -0.0616363514 0.998097731 -0.0013712273 -0.0440093173 0.999029592 0.00174740229 -0.142254421 0.989824443 0.00335446417 -0.0544580215 0.998510618 -0.00329679019 -0.125356517 0.992106078 -0.0033577586 -0.0994669209 0.995033904 -0.00372321205 -0.01349147 0.999894629 -0.00535821187 -0.0260074404 0.999661746 8.58281656e-05 -0.0547657335 0.998498984 0.000703087529 0.0141983756 0.999898973 -0.000671369719 0.018187727 0.999821611 -0.00509444721 -0.0376281964 0.999284433 -0.00383927644 0.00985553367 0.999949712 -0.00185519076 -0.0389987592 0.999233734 -0.00332281535 0.00845796322 0.999964088 -0.000533510257 -0.0392210489 0.99922996 0.00109386076 0.013204981 0.999910346 -0.00221988917 -0.0423027437 0.999103391 -0.00170055626 0.0127433958 0.999911037 -0.00394015664 -0.0262483677 0.99958617 -0.0117691353 0.013096374 0.999756917 -0.0177367202 0.0112535075 0.999868833 -0.0116479643 -0.00519068005 0.999938315 -0.00981956624 0.0139149633 0.999898758 -0.00297431876 -0.00868000964 0.999959821 -0.00223903887 0.0071326725 0.999968887 -0.00336909775 0.0165558595 0.99985854 -0.00296717159 0.017168161 0.999819512 0.00813615991 0.00987183178 0.999950926 0.000832329995 0.00190022531 0.999998113 -0.000404628046 -0.0257805663 0.99966619 -0.00169430689 0.00437322195 0.999990374 0.000355859732 -0.0199883476 0.999787313 0.00507891378 0.00494264246 0.999932929 0.0104741014 0.00989951461 0.999943393 0.00390015712 0.00481678479 0.99997233 0.0056690409 -0.0208806374 0.999770173 0.00485789814 0.00342608562 0.999986395 0.00393347699 -0.0293881998 0.999564639 0.00262049899 0.00147192298 0.999963824 0.00837754189 -0.0404161767 0.999144799 0.00872939326 -0.0296928222 0.999523057 0.0084849222 -0.0714027703 0.997423358 0.00694910513 -0.0937745533 0.995588946 0.00299744379 -0.0346867828 0.99939259 0.00335822963 -0.00238490898 0.999995913 -0.00157662137 -0.0604799727 0.998160125 -0.00430555556 0.00325900053 0.999963623 -0.00788234323 -0.0678101095 0.988496358 -0.135191488 -0.0171697896 0.938656721 0.344425258 0.0105884341 0.999943932 -0.000130806633 -0.0974955402 0.0706616115 0.99272431 -0.00352669874 0.00383065718 0.999986444 0.0010037358 0.0311237974 0.999515033 0.00936537404 0.999941307 -0.0054472661 0.00829807605 0.999963513 -0.00202842266 0.0108120633 0.999940676 0.00132033047 0.0130013431 0.999911531 -0.00280994178 0.0172096186 0.999821759 -0.00776399773 0.0185539303 0.999827725 -0.000520924719 0.0200292665 0.999790026 0.00432818812 0.0143709531 0.999889922 0.00369053324 0.0189776761 0.999819085 0.00128287985 0.0188598847 0.999821733 0.000898065562 0.01453654 0.999842333 0.0101979793 0.0178015734 0.999833239 0.00407400744 0.0144690159 0.999879151 0.00568604404 0.00825581172 0.999898426 0.0116180655 0.0103624366 0.999944084 0.00210899939 0.00279331819 0.991176424 -0.132519787 0.014517115 0.999859709 -0.0083555264 0.0189076939 0.999820917 0.000795744494 0.021578228 0.999766851 -0.000789950602 0.0205818902 0.999716306 -0.0119872167 0.0210982958 0.999770835 -0.00362496684 0.0215139053 0.999767974 -0.00107219721 0.0220650073 0.999756438 -0.000447731674 0.0248327394 0.999677279 -0.00535470187 0.0249794136 0.999674681 -0.00515381907 0.0240471301 0.999710764 -0.000350798484 0.0233582474 0.999726214 -0.00137424108 0.0341740746 0.99940561 -0.00453429627 0.0233819037 0.999590255 -0.0165108547 0.0242251297 0.999683414 -0.00679809447 0.0220295278 0.999750736 -0.00362857779 0.0289641308 0.999557564 0.00676429928 0.0133140736 0.999902773 0.00414484258 0.0239146093 0.999701667 0.00496683395 0.0164612669 0.999860044 0.00298632245 0.0150508736 0.999782458 0.0144397949 0.0189216895 0.999764104 0.010663313 0.0171853906 0.99985228 -0.000284940886 0.0185765773 0.999811585 -0.00563067605 0.0254644565 0.999412187 0.0229530237 0.0405407299 0.0677590267 0.996877707 0.0952381837 0.156898521 0.983011975 0.0173754039 0.999848338 -0.00118151289 0.0168371743 0.999853929 -0.00293777601 0.044670159 0.998997082 -0.0030670554 0.0460479407 0.998800737 -0.0166335246 0.0732169559 0.997286891 -0.00762463923 0.0419986416 0.999116174 -0.00172780675 0.201409774 0.979498779 -0.00403054597 0.0596044775 0.998215749 -0.00355306646 0.114904097 0.993339304 0.00860667328 0.0956291996 0.995415295 0.00185648331 0.0434586281 0.999054107 0.00149641289 0.184473378 0.982835113 0.00217099695 0.0421344626 0.999110641 0.0016169236 0.0374304479 0.999293271 0.00345260585 0.0382846252 0.999262648 0.00290655766 0.0267911018 0.999626107 0.00546648277 0.0248264563 0.999678827 0.00508825626 0.0218047315 0.999756035 0.00352466378 0.0283130549 0.999522285 0.012392477 0.0244439099 0.999698086 0.00249631853 0.0672885433 0.996789324 -0.0433969618 0.480733349 0.440792341 0.758022136 0.0530102402 0.998474845 0.0154239512 0.946425708 0.322117282 -0.0227779868 0.994952702 0.100120837 -0.00670365521 0.947140387 0.320794749 -0.00397698415 0.99883175 0.0482381264 -0.00286693889 0.944409974 0.328766134 -0.00162184106 0.0347411379 0.999396344 1.57386361e-05 0.989515293 0.144416947 -0.00179735787 0.0320141535 0.999487058 0.000845316454 0.938604413 0.344987624 -0.0023011126 0.99585797 0.0908837391 -0.00265513632 0.94386374 0.330309504 -0.004107537 0.999535866 0.0302913163 -0.00323871036 0.95096335 0.309294735 -0.00233961969 0.999391433 0.0348200959 -0.00207943719 0.953097291 0.30265063 -0.0028548773 0.936705808 0.350109851 -0.00230660245 0.999317564 0.0367964769 -0.00322894971 0.932951952 0.359968166 -0.00485538167 0.0441586135 0.999014282 -0.00452561821 0.995455217 0.0951621973 -0.00361490701 0.926999668 0.375021112 -0.00554811499 0.0465035899 0.998917736 -0.000879639555 0.940940953 0.338561135 -0.00254567184 0.996845924 0.0793599474 -0.000450379524 0.0607137942 0.998153289 -0.00196150019 0.916424316 0.400207084 -0.000873038373 0.0551011692 0.998451351 -0.00766555589 0.919485762 0.393121418 -0.00121791528 0.993387163 0.114799752 -0.00172106631 0.123223065 0.992210756 -0.0182727057 0.8800595 0.474740409 -0.0108083682 0.995644073 0.0931935829 -0.00279922249 0.756177955 0.654360494 0.00269144304 0.986703842 0.162526928 0.000725005792 0.907826094 0.419338338 0.00267248134 0.995814849 0.0912131242 0.00574035158 0.0565417232 0.998371225 0.00761123427 0.911460009 0.411268438 0.00994607806 0.994777218 0.101893302 0.00600350066 0.932634437 0.360694154 0.0096298749 0.92692937 0.375214735 0.00398059675 0.996043365 0.0888387586 0.00229993343 0.944898604 0.327341383 0.00377442022 0.931434934 0.363900493 0.00232252183 0.999482606 0.0321268619 0.00154454163 0.949494039 0.313767057 0.00336212624 0.966517108 0.256589079 0.00259317443 0.999031023 0.0439790041 0.00169188989 0.0361064663 0.999347766 0.000605233685 0.999930871 0.011559757 0.00215086763 0.961520179 0.274734156 0.000298142938 0.999671763 0.0248891158 0.00607434129 0.943580062 0.329275332 -0.0351343484 0.999573453 0.0107839536 -0.0271407245 0.979444317 0.0167195221 -0.201020614 0.997758405 0.0546855338 0.0385701644 0.99986264 0.0165179547 -0.00136298718 0.997554638 0.0695817421 -0.00656696843 -0.120662878 0.00233836338 0.992690789 0.0220940804 0.00148407412 0.999754795 0.999947759 0.00777010797 -0.0066410691 0.999951529 0.00976037894 -0.00129370627 0.999969986 0.00713623605 -0.0030169305 0.999970937 0.00622871251 -0.00439634431 0.999969102 0.007856606 -0.000262682451 0.999706355 0.0241638469 0.0018197772 0.999998323 0.000529993151 -0.0017529187 0.999996051 0.00235517531 -0.00153359383 0.506226726 0.862391109 -0.00400952874 0.999964746 0.00792227348 -0.00278283862 0.292463131 0.956260485 -0.00558592337 0.997457641 0.071214372 -0.00260160823 0.999996714 0.00173942083 -0.00188299661 0.180945066 0.983491608 -0.00177205468 0.997362821 0.0725566911 -0.00171171087 0.999996823 0.001147614 -0.00224415333 0.209743944 0.977749636 0.0036231334 0.997045574 0.0760590211 -0.0107307789 0.999944865 -0.000751407361 -0.0104739275 0.405448028 0.91410063 0.00565108491 0.999972244 0.00385326573 -0.0063767394 0.993591397 0.112984561 -0.00325962682 0.999954077 0.00957043832 0.00049978509 0.999988429 -0.00113931472 0.00467379605 0.999953663 0.00622117774 0.00734632487 0.999992244 -0.00222391671 0.00325047333 0.99998925 -0.00337893568 0.00317541928 0.999987319 0.00499635325 0.000630400485 0.894659247 0.139622834 0.424370471 0.999203339 0.0301651285 0.0261295424 0.999974714 0.00469967588 -0.00533698995 0.999998159 0.00103902755 -0.001613121 0.999998209 -8.81452628e-05 -0.00189057468 0.999992496 0.00142528479 -0.00360230178 0.999997007 0.000476776524 -0.00239961405 0.999987866 0.00453020275 -0.00193533904 0.999983117 0.00361292839 -0.00455119175 0.999996413 0.00210691567 -0.00165394629 0.999995087 -0.00303407955 -0.00078729235 0.999968872 -0.00560725533 0.00555099164 0.999992188 -0.00316842452 0.00236334894 0.999997456 0.00164328117 0.00154518336 0.999995905 0.00226602376 0.00174803252 0.999992022 0.00286621916 0.00278224326 0.994686864 0.00597573904 0.102773214 -0.0487605767 -0.00226570185 0.998807926 0.0291320271 0.00310241891 0.999570758 0.62133287 -0.00432546525 0.783534782 0.999922992 -0.0123865471 -0.000764395693 0.999992004 -0.00253384372 -0.00309381682 0.999984504 -0.0041039886 -0.00376154544 0.999993809 0.00347801009 -0.000535166772 0.99999533 0.00304988706 0.000194719593 0.999985335 -0.00488668017 -0.00233434646 0.999906265 -0.00338216524 -0.0132673045 0.999948387 -0.00100117519 -0.0101104608 0.999977776 0.000376732028 -0.00665620001 0.999997398 -0.000106805209 -0.00227880224 0.999995544 -0.00285871271 0.000859532083 0.999954241 -0.00340377821 0.00894031764 0.999981217 -0.00518754736 0.00326412065 0.999979509 -0.00513635103 0.00382086297 0.99999913 -0.00104066361 0.000810610099 -0.00727813162 -0.00317670942 0.999968468 0.999986831 0.00414101365 -0.00303152182 0.999955482 -0.000262809402 -0.00943211607 0.999972732 -0.00464222958 -0.00574317647 0.999990311 -0.00410131453 -0.00159923547 0.999988278 -0.00389796291 -0.00287208983 0.999996083 -0.00279365869 -0.000169639023 0.999993182 -0.00350674892 -0.0011571491 0.999984476 -0.000544628517 -0.00554533899 0.999993419 0.0015287556 -0.00329021365 0.999998726 0.00126499709 -0.000973149918 0.999999939 0.000289231221 -0.000197673055 0.999998513 -0.000888125609 -0.00147837622 0.999989668 -0.00124261525 -0.00437268169 0.999967054 -0.00314879864 0.00748168856 0.999981384 -0.00180879074 0.0058274609 0.999980588 -0.00489713902 0.00385246367 0.999995882 0.000922923969 0.00271722195 0.999868074 0.00232069249 -0.0160763753 0.986359407 0.00141808846 -0.164599849 0.00404132355 0.000483613545 0.999991717 0.120111679 -0.00336973314 0.992754667 0.999954334 0.000882029628 -0.0095158612 0.999987823 -0.0014786674 -0.00470815453 0.999989715 -0.00408501628 -0.00197020328 0.999992107 -0.00145675669 -0.00369653166 0.999992534 -0.00275745117 -0.00270722155 0.99999221 -0.00365709515 -0.00148508812 0.999979163 -0.00501840954 -0.00406079949 0.999948447 -0.00307166002 -0.00967825441 0.999999761 -0.000634191706 -0.000273809021 0.999995423 -0.00161983452 0.00255532519 0.999985675 -0.00397396623 0.00358578 0.999996253 -0.000918028894 0.00257895552 0.999979113 -0.00209430651 -0.00611456549 0.999750463 -0.0210818095 -0.00738704885 0.999330136 -0.0360650707 -0.00621208158 0.999341544 -0.0349795441 0.00963893031 0.999485248 -0.0270523132 0.0172456142 0.999988396 -0.00348644171 -0.00332442802 0.999994574 -0.00130618614 -0.00302422077 0.999991195 -0.00289430039 0.00303864735 -0.0819114983 -0.00255379266 0.996636335 0.999971252 0.00183754967 -0.00735658443 0.999985612 -0.00174655521 -0.00507209584 0.999957979 -0.00258023741 0.00879676103 0.998986815 0.0313816854 0.0322572948 0.999383501 0.0265374471 -0.0229865432 0.999716619 0.00967189103 -0.0217517 0.973936527 0.0681339942 -0.216345559 0.999893313 -0.00215038558 -0.0144477578 0.999989827 -0.00213544417 -0.00397301163 0.999995087 -0.00311559713 -0.000343680672 0.999997751 -0.000376901119 0.00208700337 0.999920737 -0.0121509773 -0.0032976443 0.999798933 -0.0192551645 0.00559749663 0.999741167 -0.0199271037 0.0109776689 0.999976539 -0.00296755722 -0.00617380244 0.999998852 -6.16930135e-05 -0.00151414326 0.999999141 0.00100384097 -0.000843301055 0.999975028 -0.00019784834 0.00706434765 0.999997802 0.000284201546 0.0020772517 0.996274148 -0.00582204121 0.0860460658 0.999992905 -0.000762083183 -0.0036889396 0.999947281 -0.000855892597 -0.010232397 0.999858493 -0.0130106748 -0.0106637525 0.99992762 -0.011895924 0.00180043789 0.999993017 0.000474683271 -0.00370684261 0.999999261 0.000896913891 -0.00082094752 0.999999468 0.000838206001 0.000601332319 0.999996669 0.00114834909 0.00231170778 0.999993874 0.000943811105 0.0033706868 0.256594196 0.932712614 0.253390211 0.215103829 0.926420385 0.308991282 0.191923627 0.95166771 0.239778839 0.401061189 0.0888658481 0.911730653 0.347776857 0.0298578429 0.937101791 0.298587641 0.174699996 0.938256538 0.339875289 0.258611596 0.904215036 0.19023471 0.975547583 0.110080282 0.178098784 0.975126146 0.131946287 0.22213501 0.973761639 -0.0494399393 0.342646246 0.939464501 -3.5641656e-05 0.428393115 0.895580708 -0.120060542 0.715653087 0.694272159 -0.076333669 0.142702927 0.980251046 -0.136907854 0.436772875 0.848415848 -0.299031778 0.701218147 0.656113808 -0.278940462 0.967348768 0.239297282 -0.0835055192 0.387045547 0.846479425 -0.365606794 0.817435715 0.485431027 -0.310089617 0.178772541 0.924089511 0.337785367 0.182617706 0.955730945 0.230714402 0.390475815 0.00547732005 0.920596892 0.423723873 0.175998792 0.88852828 0.545980334 0.0904086252 0.83290561 0.492643665 0.395598048 0.775115736 0.171966479 0.98272612 0.0683878935 0.149176881 0.988067207 -0.0383334411 0.169712515 0.968490012 0.182276603 0.197284471 0.97701475 0.0807528054 0.782302746 -0.07073582 0.618869014 0.73984431 0.197372937 0.643175186 0.971386906 -0.0686899942 0.227352508 0.926364724 0.195542352 0.321887539 0.322951515 0.946353172 -0.0108624864 0.373189453 0.926226779 -0.053231432 0.0527044031 0.965624835 -0.254540614 0.908277956 0.417538492 0.0263203853 0.981686065 -0.0143119841 0.189967464 0.96303215 0.035823837 0.266993878 0.669493166 0.742707882 0.0128024756 0.315016457 0.875725838 -0.365880977 0.179319291 0.983152638 0.0354327878 0.983235823 0.0725705846 0.167274702 0.0758884893 0.807848784 0.584483771 -0.0836847063 0.980125463 0.179863689 -0.27358035 0.919940134 0.280827245 -0.342401355 0.794184858 0.502027612 0.125081277 0.642995203 0.755587085 0.19290764 0.741581572 0.642528921 0.00966569366 0.94586403 0.32441919 0.297385509 0.429266578 0.852814202 0.374707302 0.303462975 0.876073433 0.388835061 0.425137667 0.817352592 -0.157024828 0.987385899 0.0203049378 -0.36892013 0.919764064 -0.133910435 0.235919879 0.837835912 0.492313716 0.478092079 0.31145808 0.821231897 0.487936517 0.476450327 0.731377496 0.0440359209 0.972685504 0.227911709 -0.0974825836 0.995194014 -0.00927471833 -0.227630401 0.972181268 -0.0552085284 -0.200238684 0.977446099 -0.0671088191 0.311149728 0.864989185 0.393674431 0.535572856 0.317492923 0.782534319 0.480822015 0.552173357 0.681112894 0.452976215 0.656408688 0.60327455 0.231455655 0.955782009 0.181408466 0.0429701842 0.998953658 -0.015657325 0.0396131833 0.999162512 -0.0102504084 -0.224018506 0.974245571 -0.0257152924 -0.235322168 0.971897834 0.00617065596 0.05136774 0.99866327 0.00574696687 0.0243119697 0.99966111 0.0093056 0.0157696524 0.999873533 -0.00205839759 -0.21334354 0.976958486 0.00605388956 -0.206164419 0.978488999 -0.00745055714 0.0584316568 0.998260197 -0.00789432157 -0.255548656 0.966725893 -0.0116589774 0.036262404 0.999341387 -0.00135320312 -0.173045038 0.984909606 0.00291259015 0.0366571896 0.999265086 -0.0112043582 -0.0422254196 0.998683627 -0.0291209169 0.0592564959 0.997262276 -0.0442337104 0.00942121404 0.993054219 -0.117279828 0.145852536 0.983603181 -0.106074595 0.374868321 0.857922704 0.351343673 0.408068696 0.886286534 0.219034514 0.653528225 0.419398567 0.630083884 0.717251916 0.360215185 0.596485297 0.668389663 0.496783758 0.553589339 0.46663831 0.660769352 0.587905223 0.790473141 0.475513237 0.386056181 0.65570356 0.663369542 0.36054638 0.361612478 0.92944188 0.0733089786 0.751454142 0.639039018 0.164151773 0.487656219 0.870023887 0.0724558357 0.285984016 0.958234186 -0.000621763093 0.455977388 0.889984982 -0.00336957804 0.293848907 0.955847652 -0.00284373905 0.486330714 0.873771659 -0.00235050243 0.317633274 0.948201162 0.00486422716 0.503313723 0.864102899 0.00121517777 0.224156345 0.974552034 -0.00150511704 0.685093233 0.72840333 -0.00870917631 0.659668299 0.751532882 -0.0060051655 0.590183421 0.807237523 -0.00714914739 0.139683613 0.990181485 -0.00539578264 0.596431222 0.802660163 -0.00254165347 0.652057016 0.758166887 0.00214941091 0.119230821 0.992866561 6.3004611e-05 0.565369212 0.824837949 0.000112370198 0.651434133 0.758630771 -0.0106265775 0.12839448 0.991248734 -0.0306725553 0.559306198 0.828052154 -0.0388098809 0.634218858 0.769664897 -0.0733647466 0.57717915 0.812817609 -0.0786877606 0.645115473 0.752053815 -0.135059564 0.732494336 0.00016144838 0.680773106 0.995502548 0.00243472126 0.0947034758 0.999946631 -0.00272008273 -0.00996675524 0.99993144 -0.00604755561 -0.0100270893 0.999998986 -2.55318906e-06 -0.00142393089 0.999959356 -0.00119374054 -0.00893646952 0.976545175 0.173236562 -0.127861703 0.999999652 9.04641992e-05 -0.000828878717 0.999965438 0.00238524673 0.00796446627 0.965225087 0.00323803685 -0.261400165 0.809911754 0.0862877512 -0.580170125 0.9216367 0.00677100422 -0.387994777 0.86765364 0.192492781 -0.458392507 0.541851465 0.718334939 0.43633921 0.423751257 0.90018633 0.100495993 0.630120711 0.769478858 0.104164181 0.657495312 0.644345712 0.390536194 0.565498639 0.551630211 0.613119401 0.380973971 0.682461439 0.623782989 0.35494635 0.832886852 0.424632289 0.459776317 0.882101548 -0.102482176 0.708578648 0.692418284 -0.13591622 0.635088225 0.684505451 -0.357931884 0.913203359 0.362385977 -0.186376041 0.37465379 0.819788049 -0.433107484 0.331334077 0.833169739 -0.442770726 0.58803818 -0.03985427 0.80785069 0.0357336397 0.953173104 -0.300306744 0.0682325444 0.902175291 -0.425939038 0.324223996 0.936268433 0.135204369 0.216542309 0.957202881 -0.19202102 0.228229245 0.937842763 0.261461974 0.909762753 -0.0311337882 0.413959443 0.973637345 -0.0598858407 0.220099993 0.951098203 -0.0731864816 0.300093232 0.180758854 0.956683169 -0.228218208 0.0892894766 0.894382364 -0.438300782 0.803991112 0.0115921224 0.594528313 0.601285939 0.0944364376 0.793433664 0.319529637 0.94732499 -0.0218214 0.448316489 -0.0128184675 0.893782979 0.0714067308 0.990452315 0.1179207 0.216678022 0.910289216 0.352738117 -0.0334563338 0.970057579 0.240559696 0.349996178 0.162256414 0.922591747 0.370328357 0.271984148 0.888190031 0.467366884 0.66285435 0.584972056 -0.299310165 0.941770957 0.153234752 -0.160645602 0.986875326 0.016434173 0.377910611 0.11155647 0.919096689 0.124104663 0.617242006 0.776923637 -0.601340648 0.701585499 -0.382318209 -0.544981332 0.721744085 -0.426709296 -0.554116212 0.807544904 -0.202055563 0.455365078 0.0653538489 0.887902877 -0.416248473 0.864062395 -0.283078411 -0.483472049 0.773155756 -0.410469188 -0.65224759 0.658741738 -0.375009872 -0.677629866 0.70508065 -0.208995314 -0.619681089 0.776674392 -0.113014324 -0.748780115 0.650937759 -0.124933476 -0.616757792 0.786842391 -0.0221105955 -0.768357505 0.638482982 -0.044342148 -0.627705784 0.778423392 0.00651707743 -0.786815289 0.617146862 -0.0071730201 -0.796427066 0.604653044 0.00993101358 -0.670041384 0.742055366 0.0199594123 -0.686021436 0.727568031 0.00439879699 -0.796863729 0.604159079 7.04391258e-05 -0.676915156 0.736012645 -0.00844142113 -0.826615491 0.562717322 -0.00748640727 -0.650633649 0.759155384 -0.0189461727 -0.801589356 0.597777123 -0.0108173879 -0.605011478 0.796014563 -0.0179423156 -0.599738945 0.800025673 -0.0164960974 -0.759531625 0.650130283 -0.0210315564 -0.646439332 0.761981107 -0.0387425286 -0.716030801 0.697118696 -0.0364062659 -0.613706052 0.788747312 -0.0352499548 -0.58757679 0.808029177 -0.0429227866 -0.767893441 0.623601206 -0.146496411 -0.721673953 0.691489513 -0.0320773972 -0.545265743 0.837790933 -0.0281357747 -0.706512567 0.706877338 -0.034123614 -0.235099168 0.958965723 -0.158471209 -0.182203963 0.926927152 -0.328036234 -0.41839299 0.878262399 -0.231522062 -0.7085166 0.691693103 -0.139874513 -0.0587082364 0.855689214 -0.514149115 -0.280961034 0.85019014 -0.445238839 0.539719041 0.240311642 0.806817 0.5337553 0.0995174401 0.839762799 0.0308382422 0.978522847 -0.203818645 0.228144887 0.938476268 -0.259253168 -0.247401869 0.947033693 -0.20474252 0.107255667 0.900608374 -0.421189718 0.0550633641 0.841716348 -0.537104847 0.674258433 0.315835137 0.667550547 0.557739191 0.118270315 0.82154679 0.690366217 0.132010209 0.71131413 0.729654439 0.148161326 0.667572184 0.43872775 0.864269426 -0.24608194 0.460022699 0.847853737 -0.263672442 0.452915537 0.841598633 -0.294243534 0.67372628 0.697091109 -0.245269006 0.749985907 0.537625666 -0.385330743 0.661269937 0.650414194 -0.373742488 0.388994061 0.793265372 -0.468416129 0.428980193 0.795607444 -0.427767214 0.427560897 0.696407566 -0.576375035 0.249498551 0.744628827 -0.61909481 0.733326472 0.370878455 -0.569808263 0.699787378 0.521882675 -0.48778694 0.879218566 0.171087363 0.444638986 0.872802092 0.455600668 0.17505582 0.942923684 0.271538603 0.192773738 0.868657192 0.493558981 0.0428277256 0.734281292 0.678824604 -0.00530485698 0.971957666 0.232266001 0.0367532273 0.823111513 0.567824808 -0.00790086999 0.973478507 0.228742001 -0.0040858279 0.700403608 0.713703736 -0.00785893197 0.831970372 0.554769987 -0.00745392561 0.955120404 0.296175027 -0.00503657778 0.820949158 0.570963851 -0.00653923365 0.966252788 0.257449679 -0.00867250483 0.831310983 0.555729116 -0.00933803938 0.973621383 0.227945161 -0.0101196255 0.947823183 0.318776412 -0.00357943232 0.820608097 0.571491339 1.15408702e-05 0.973433784 0.228951982 0.00276744112 0.823734005 0.566948189 0.00566047258 0.966092201 0.258195285 -0.00102619977 0.837618421 0.546148272 -0.010837235 0.95997109 0.27708835 -0.0409579368 0.805785029 0.589356658 -0.058044951 0.971636855 0.213405726 -0.101881393 0.769994357 0.619094057 -0.154373695 0.941125095 0.249338228 -0.228284918 0.999916105 0.000101572194 -0.0129526757 0.999955423 -0.000691234199 -0.00941671653 0.999999677 6.57951814e-05 -0.000800533806 0.999802523 -0.00108258169 -0.0198429593 0.996630542 0.00234883666 -0.0819880815 0.999995325 -0.00142816443 -0.00270363233 0.999981255 -0.000426192419 -0.00610808501 0.999987807 0.00349638798 0.0034871419 0.999989949 -0.00260768916 0.00364710014 0.393672867 -0.0391957219 0.918414595 0.326052201 -0.00389304277 0.945343751 0.381909683 0.0348062246 0.923544001 0.777171874 -0.0832934159 -0.623751621 0.895693973 -0.0768866853 -0.437973452 0.999810997 -0.0117980515 -0.0154523872 0.370319278 0.2216142 0.902081359 0.300187964 0.41069915 0.860937509 0.492826823 0.421167017 0.761406637 0.310027957 0.0126877287 0.950642776 0.30242204 -0.0679263162 0.950750717 0.246411698 -0.00425364165 0.969155912 0.632707587 0.371372386 -0.679531942 0.311665384 0.367998493 -0.876037555 0.558534401 0.310714354 -0.769087715 0.914778296 0.154158748 -0.373384185 0.380077902 0.076613913 -0.921776056 0.353001055 0.0228825814 -0.935343061 0.605322267 0.0464476955 0.794624166 0.263003727 0.816994886 0.51317482 0.166335061 0.137466928 0.976440214 0.209330655 0.471449716 0.856688883 0.121847748 0.894789707 -0.429539879 0.978905162 -0.028419231 0.202329016 0.973964114 -0.137881335 0.179951776 0.946765282 -0.234886605 0.220144916 0.63715478 -0.292547538 0.713056606 0.689757539 -0.273463774 0.670411889 0.204042585 0.870924411 0.447054016 0.204906288 0.938444003 0.278093987 0.227859395 0.163078898 0.959940295 0.177377885 0.507878533 0.84296885 0.17077971 0.985190127 -0.0153200361 0.090926564 0.916333171 -0.389956254 0.0481159968 0.828587816 -0.557787667 0.319941469 -0.220818654 0.921344983 -0.483742764 0.427522631 -0.763686676 -0.663995258 0.148702387 -0.732801404 -0.560389356 -0.0434193277 -0.827090401 -0.205178346 0.112282718 -0.972262535 0.194192981 0.880473607 0.432498917 0.241280621 0.51190951 0.824458802 0.135334093 0.989396562 0.0527174173 0.0689706643 0.940893773 -0.331605121 -0.00674675625 0.898424354 -0.439076486 0.340165823 -0.116385226 0.933135409 -0.763655342 0.354894744 -0.539333144 -0.80477885 0.176128788 -0.566841823 -0.795573793 -0.0250585448 -0.60533826 -0.627231784 0.356364484 -0.6925205 -0.709065871 -0.0243832468 -0.704720546 0.155093623 0.945038997 0.287832002 0.278181239 0.196173806 0.940282424 0.345981513 0.440586081 0.828360247 0.28110248 0.810678814 0.513596395 0.10212492 0.991101588 0.0853706167 0.0466321732 0.981069715 -0.187956523 -0.0496287722 0.954238134 -0.294900948 -0.793932167 0.311100471 -0.522387031 -0.833839774 0.253386076 -0.490414852 -0.831926937 0.0129858024 -0.554733216 0.215423396 0.864753163 0.453646038 0.342483811 0.695215067 0.631965862 -0.00958119408 0.987108248 -0.159767042 -0.0784716727 0.974417342 -0.210601615 0.359861537 -0.267720747 0.893770259 0.437425413 -0.124221207 0.890633538 -0.847319169 0.383282879 -0.367619995 -0.902723175 0.349885024 -0.250342445 -0.885876566 0.11455634 -0.449554841 -0.372115214 0.841159264 0.392404588 -0.856763087 0.473631987 0.204033708 -0.530115763 0.845013861 0.0702057862 -0.363846395 0.928576503 0.0732221222 0.184368497 0.724334779 0.664339812 -0.82361771 0.122911583 0.553666515 -0.653404427 0.756253009 -0.0338236832 -0.433164775 0.900651056 -0.0345825559 -0.581690328 0.751835984 -0.3104497 -0.984284653 0.175417794 0.0203056648 -0.81605915 0.577073412 -0.0321518286 -0.747609686 0.663974631 -0.0147460866 0.0417836869 0.734220775 -0.677623772 0.0783348303 0.490108705 -0.868134271 -0.227969758 0.385545878 -0.894082863 -0.804132972 0.44152188 -0.398030895 -0.378918886 0.701936017 -0.603080679 -0.737074237 0.447523521 -0.506403266 0.511736733 -0.0713149601 0.856177372 0.282704796 0.666366088 -0.689952342 0.260527463 0.44550995 -0.856531567 0.574434861 -0.0326926634 0.81789717 0.689176002 0.0415232651 0.723403246 0.783787375 0.0597457817 0.618148681 0.520206394 0.548392624 -0.654714318 0.513565366 0.362690817 -0.777628437 0.787431098 -0.0144898654 -0.616232351 0.786984852 0.0883663463 -0.610611359 0.90340026 -0.0187224569 0.428389355 0.979823166 -0.0978924648 0.174251626 0.990300218 -0.130611281 0.0473937964 0.993507562 -0.113753751 0.00167591247 0.984704514 -0.174186362 -0.00401646928 0.991551068 -0.129605464 -0.00537615854 0.996496081 -0.0834611018 -0.00545934218 0.99430205 -0.10659915 -0.000232295015 0.993419228 -0.114507438 0.00250691064 0.997200083 -0.0657325301 -0.0356542854 0.988814734 -0.120489562 -0.0879072646 0.977907281 0.0283163622 -0.20711237 0.888944566 0.195997078 -0.413959786 0.8687589 -0.199542532 -0.453255725 0.999937158 0.00289236895 -0.0108311587 0.99977371 -0.0212718795 0.000187709279 0.999996017 0.00132014819 -0.00249467217 0.999959712 -0.00329832014 -0.00834835679 0.999996546 0.00200279125 -0.00170189949 0.999997129 0.00216400434 -0.00102914387 0.999997939 0.00159567235 -0.00125553954 0.999979792 0.00323615671 -0.0054720258 0.999994516 0.00262902711 -0.00201392388 0.999994499 0.00328053763 -0.00048994107 0.999988867 0.000172102571 0.00471553695 0.99998758 0.00328624195 0.00374718018 0.999992135 0.00310337359 0.00246960529 0.417022566 -0.452993885 0.787964923 0.332074304 -0.416769985 0.846185226 0.86230142 -0.29567252 -0.411113149 0.941362172 -0.163872988 -0.294928645 0.454136009 -0.366641196 0.811994285 0.271783093 -0.37694059 0.885465833 0.279623401 -0.351158458 -0.893587428 0.486149522 -0.222955275 -0.844955376 0.423666764 0.0165426546 0.905667054 0.379715393 -0.436946141 0.815410504 0.519234438 -0.497405963 0.694969716 0.156099503 -0.39511422 0.905272168 0.706034998 0.0200657068 0.707892611 0.839637464 -0.388785607 0.379281796 0.945078152 -0.282161721 0.164960754 0.945077831 -0.302039351 0.124900454 0.951886643 -0.266221875 0.151781861 0.776891186 -0.404111405 0.482839577 0.182344354 -0.389442046 0.902820818 0.294883461 -0.385714479 0.874224276 0.257150792 -0.313287534 0.914179627 0.354783472 -0.356541025 0.864295774 0.340577311 -0.460691707 0.819615914 0.304228089 -0.524788373 0.795010964 0.274843892 -0.375899716 0.884963411 0.49674321 -0.0987055502 0.862266431 0.589509459 0.0196037353 0.807523554 0.527481036 -0.272903132 0.804541881 0.391237447 -0.310338251 0.866385266 0.336597168 -0.350655933 0.873923774 0.29153356 -0.322864647 0.90042579 -0.804440678 0.45708795 -0.379401901 -0.969850809 0.0335835581 -0.241374299 -0.838498469 0.0770031349 -0.539435663 -0.765014746 0.261861595 -0.588371433 0.440917921 -0.434610808 0.785305566 0.472146919 -0.258205082 0.842856703 0.474414942 -0.393964707 0.787224411 0.585731985 -0.271240563 0.7637713 0.633615456 -0.342015644 0.693942903 0.671949067 -0.176155385 0.719342569 0.729844755 -0.521913633 -0.441511939 0.788991915 -0.35302401 -0.50285764 0.80292705 -0.096101973 -0.588279324 0.614476311 -0.153229185 0.773911933 0.871644978 -0.0976789266 0.480306005 0.925442744 -0.23263734 0.299057847 0.946218002 -0.301909369 0.116285109 0.927914695 -0.372759487 0.00496822655 0.921815336 -0.387620816 -0.00256706852 0.929727112 -0.368249222 -8.54563475e-05 0.933857493 -0.357604638 -0.0053950388 0.931029645 -0.364940487 -0.0014969699 0.929601239 -0.368551777 -0.00333525109 0.940694958 -0.336181399 -0.0455528631 0.956430257 -0.272192464 -0.105605048 0.917947781 -0.252275039 -0.306152211 -0.0335975684 -0.00177839747 0.99943386 0.999925823 0.00018057124 -0.0121784766 0.999143215 -0.0412894144 0.00283197203 0.999585025 0.0284919043 0.00424132324 0.997751403 -0.0533313536 0.0405943917 0.998568493 0.0075740622 0.0529490116 0.999994125 0.00204231103 -0.00275308895 0.999989737 0.0013280659 -0.00433149626 0.999976683 0.00262877295 -0.00630257736 0.999780257 0.00213007355 -0.0208542828 0.961720787 -0.219906078 -0.16350671 0.999989937 0.00429693889 0.00128950988 0.999995933 0.00214583167 -0.00187857608 0.999998083 0.00173223596 -0.000912832111 0.999989493 0.000379345395 -0.0045682989 0.999995137 0.00018511581 -0.00311321507 0.999987313 0.00315848208 -0.00392393235 0.999978293 0.00316551608 0.00577872001 0.999984035 0.00319824688 0.00465837248 0.999993806 0.00215868032 0.0027801119 0.999987805 0.00314833907 0.00380504038 0.999984155 0.00336802068 0.00451068459 0.99998738 0.00441502276 0.00239741802 0.999989447 0.00354549909 0.00292143914 0.342540735 -0.657101642 0.671478426 0.392609681 -0.533438015 0.749200589 0.291643742 -0.607977423 0.738449308 0.324390233 -0.645049714 0.691868371 0.98040365 -0.178602367 0.0831256705 0.323791853 -0.939669895 -0.110359975 0.491350068 -0.861850024 0.125656863 0.259764354 -0.959662967 -0.10756147 0.566219314 -0.823807246 0.0271534516 0.869616294 -0.466724453 -0.161045916 0.921222276 -0.342998464 -0.183579879 0.999994781 0.00119196617 0.00300302877 0.557414586 -0.395225167 0.730127418 0.302023928 -0.521495428 0.798012572 0.480766692 -0.534369906 0.695206581 0.357840342 -0.917692445 0.17260031 0.423054343 -0.903665535 0.0664351067 0.61119943 -0.791427489 0.00881968326 0.767143343 -0.558437337 0.315656192 0.384160728 -0.922378712 -0.0404727846 0.462681696 -0.886143083 -0.0260016233 0.143907425 -0.541959386 0.827991955 0.152165607 -0.909469975 0.386923756 0.170973733 -0.958237337 0.229236097 0.200631914 -0.904125787 0.377231224 0.203646379 -0.522433123 0.828004701 0.15443845 -0.974072553 0.165322192 0.258560865 -0.94285118 0.210185471 0.297648647 -0.849506185 0.435596745 0.407048375 -0.847827574 0.339852947 0.321762715 -0.944361817 0.0681873373 0.19664147 -0.963718014 -0.180498536 0.168292381 -0.917011862 -0.36161709 -0.145665846 -0.975416177 0.165362459 0.10051016 -0.948535299 0.300297342 0.186900532 -0.739775462 0.646374858 -0.209634967 -0.955879753 0.20578406 0.296689397 -0.619748128 0.726558779 0.339032748 -0.763276954 0.54996826 0.171699423 -0.966263888 0.19197241 0.517991466 -0.667892787 0.534419373 0.482664538 -0.78457699 0.389196468 0.343402943 -0.931726767 0.118150965 0.619456567 -0.676701615 0.397930252 0.602803395 -0.793504467 0.0835387816 0.306616187 -0.951628054 -0.0197625872 0.411359529 -0.911290511 -0.0182467009 0.99991676 0.0128984462 0.000321523024 0.999890981 0.0121168573 -0.00843844638 0.999992154 0.00241937852 -0.00313674853 0.999998621 0.00142414118 -0.000854763488 0.999990587 0.00415031973 0.00126484442 0.999996792 0.000474013009 0.00248817553 0.999846194 -0.0170881651 -0.00394748631 0.999997811 0.00174864949 -0.00114917639 0.999996478 0.00185539121 -0.001897778 0.999976271 0.00513798431 0.00458904498 0.999977396 0.00260274711 -0.00619942552 0.999975378 0.006527187 0.00257663593 0.999989934 0.000873637177 -0.00440105445 0.999993395 0.00338109685 -0.00133354802 0.999995609 0.00292607356 -0.000470110272 0.999990343 0.00424968124 0.00112030431 -0.00450147507 -0.00206571072 0.999987735 0.00637439779 -0.00311440915 0.999974833 0.185790634 -0.0026785432 0.982585704 0.568291865 -0.00165278558 0.822825391 0.999841256 0.00224923489 -0.017674939 0.999992317 0.000528197575 -0.00388430473 0.999985708 0.0052974906 -0.000722013048 0.999996224 0.00272379388 -0.000365442477 0.999988578 0.00104928933 -0.00466285812 0.999995432 0.00256999346 -0.00159125004 0.999984618 0.00497981081 -0.00244255096 0.999970658 0.00608274594 0.00465660357 0.999995477 0.00216005578 -0.00209298904 0.999997354 0.00156063589 -0.00168980739 0.999991334 0.00416175253 -0.000112643698 0.999987108 0.00392695618 0.00321922545 0.999977542 0.00435237055 0.00509626585 0.999977326 0.00233217941 0.0063172411 0.999973947 0.00224209565 -0.00686130008 0.999988922 0.00234873905 -0.00407915644 0.999997856 0.00149810808 -0.00142988847 0.999998348 0.00124518838 -0.00132444731 0.999994331 0.00233202697 -0.00242884982 0.999975317 0.00443839988 -0.00544658984 0.999982256 0.00481597156 0.00350628422 0.999976587 0.00494337613 0.00473160707 0.999498168 0.00296901556 -0.0315372194 0.99986431 0.000832800591 -0.0164520013 0.999930907 0.000725896443 -0.0117325872 0.999990863 0.000825038701 -0.00419448786 0.999997064 0.00224109714 -0.00092214686 0.999997628 0.000957542194 -0.00195642212 0.999997711 0.00159454958 -0.00142685515 0.999987887 0.00388141201 0.00302662871 0.949558158 0.00116660016 -0.313588813 -0.0787955845 -0.00131243715 0.99688993 0.513021137 9.08960259e-05 0.85837597 0.999482089 0.0011032959 0.032161096 0.99999815 0.00130448034 -0.00141336542 0.99999708 0.00189702381 -0.00149709951 0.999991091 0.000682179098 -0.00416560282 0.999993425 0.00254683775 -0.00258120852 0.999988105 0.00382712553 -0.00302386353 0.999985033 0.00369174222 0.00403799949 0.99997672 0.00531910581 0.00427393388 0.999989211 0.00386745296 0.00257314395 0.999801453 0.0010908184 -0.0198963457 0.999997821 0.00198540922 -0.000644650212 0.999998528 0.00073902469 -0.00154868227 0.999997026 0.000709539747 -0.0023334488 0.999982967 0.00351065704 0.00466265752 0.000674598774 -0.000647113323 0.999999563 0.101675968 -0.000636058644 0.994817367 0.999997026 0.00108778033 -0.00218284539 0.999997441 0.00105817165 -0.00199955034 0.99999812 0.00140920714 -0.00133232895 0.999983874 0.00159993465 -0.00544908234 0.999988879 0.00201750635 -0.00426274625 0.999992264 0.0032788318 -0.00217272638 0.999994788 0.00289693777 0.00142531079 0.999981961 0.0029259841 0.00524558475 0.999984727 0.00354125592 0.00424324131 0.999997383 0.00117104572 0.00196511422 0.999999619 -0.000179074952 -0.000853825028 0.999990056 0.00283030903 0.00344620464 -0.00678527347 -0.000688659262 0.999976743 0.999999092 0.00119449666 -0.000623464366 0.999994488 0.00217714059 -0.00250683847 0.999990319 0.00249095558 -0.00362728829 0.999998582 0.00124164753 -0.00113750953 0.999996258 0.000772933935 -0.00262431753 0.999999091 0.000262793345 -0.00132235273 0.999976318 7.62674864e-05 -0.00688165764 0.999988278 -0.000462307936 -0.00481975532 0.999993834 0.00188712892 -0.00296170543 0.999997692 0.00207335121 -0.000562359998 0.0148799049 -0.000451755146 0.999889186 0.999998604 0.00156517357 0.00058536205 0.999996438 0.00139966956 -0.00227281193 0.999996115 0.00110858477 0.00255750453 0.999859244 0.000873456321 -0.0167549959 0.99999487 0.00131803402 -0.00291954593 0.999998105 0.00110112353 -0.00160564789 0.999999278 0.000280524344 -0.0011685354 0.999997238 0.000788265179 -0.00221438846 0.99997462 0.0011335638 -0.00703378672 0.999991179 0.0016140695 -0.00387770742 0.999991716 0.00227466296 0.00337559192 0.99999056 0.00242440341 0.00360572038 0.999991954 0.000271544919 0.00400224364 0.999993223 0.00220353139 -0.00294932339 0.999994498 -0.00128580211 -0.00305791373 0.999996946 0.00137008419 -0.00205673924 0.999987781 0.0018507589 0.0045840068 0.999991037 0.00165061345 0.00389896512 0.999997786 -0.000695197198 0.00198603247 0.999991511 0.00200468356 -0.00359981026 0.999995807 0.00173916032 0.00231561875 0.999993584 0.00179732614 0.00309855598 0.999594304 -0.000158003486 -0.0284816329 0.999939369 0.000646424904 -0.010992754 0.999998193 0.000845527695 -0.00170240101 0.99999925 0.000186392367 -0.00121080154 0.99999937 -0.000550582017 -0.000978678067 0.999998397 0.00172783492 0.00047052136 0.999994285 0.000574674417 0.00333177182 0.999998022 0.000120766434 0.00198532739 0.999993877 0.00130899226 -0.00324528291 0.99999234 0.00170393434 -0.00352375207 0.999980781 0.00221980031 0.00578874361 0.999980443 0.00209910922 0.0058912264 0.999997973 0.000211315568 0.00200232594 0.999994964 0.000902028092 0.00304289009 0.99997662 -0.000609714139 0.00681089701 -0.0960037167 -0.000544951121 0.995380826 0.999997934 0.00202474478 0.000177404683 0.999998514 0.000791553137 -0.00153160748 0.999998604 0.000173072365 -0.0016619669 0.999989763 0.000325057669 -0.00451300802 0.999999964 -0.000186649018 0.000190413283 0.999988761 0.00142412692 0.00452209219 0.999990892 0.00111660293 0.00411923766 -0.0334688079 -0.00098876368 0.999439273 0.999994043 0.000679349739 -0.003384184 0.999998036 0.00131382344 -0.00148393327 0.999995819 0.000974637095 -0.00272237632 0.999989876 0.00138819396 -0.00428027848 0.999993336 0.00133568911 -0.00339750022 0.999997751 0.00053676023 -0.00205185795 0.999999668 0.000479098771 -0.000659897053 0.99999612 0.00165712372 0.00223914974 0.999993032 0.0012712417 -0.00350984359 0.999998838 0.000176440492 -0.00151454233 0.999975676 0.000326358597 -0.006967134 0.999997814 0.000340920175 0.00206308491 0.999997055 0.00142164824 0.00196674807 0.999992627 0.00173908858 -0.00342375042 0.999998064 6.62526615e-06 0.00196781996 0.00306614248 -0.00106164182 0.999994736 0.999948946 0.000191181954 -0.0101028936 0.99999622 0.000712924455 -0.0026555357 0.999999662 0.000821552213 -3.85979796e-05 0.999995854 0.000428269084 -0.00284741205 0.999998161 0.000829777476 -0.00172879083 0.999999031 0.000811922019 -0.00113123931 0.9999975 0.00114890668 -0.00191834996 0.999995139 0.000209212838 -0.00311096794 0.999995641 0.00186605348 -0.00228813476 0.999992314 0.00249721685 0.00302262542 0.999987249 0.00177257801 0.00472856269 0.999997505 0.000511349853 0.00217436914 0.999891249 0.00115284826 -0.0147024184 0.999994506 0.00271488291 -0.00190189599 0.13712139 -0.00132377615 0.990553367 0.999984095 0.00150382029 -0.00543588708 0.999999659 0.000823460356 6.07575369e-05 0.999995525 0.00292167123 0.000643447262 0.999997242 0.00108862184 0.00208090206 0.999982161 0.00186432962 -0.00567469709 0.99999776 0.000933946949 -0.00189934733 0.964095703 -0.0012867992 -0.265551914 0.999999575 -0.000677929646 -0.000624318109 0.999993601 0.000779844178 0.00349137033 0.999994919 5.24648527e-05 0.00318730994 0.999991613 -0.000487770796 0.0040664996 0.999997675 -1.19725569e-05 0.00215638556 0.999817513 0.000888788754 -0.0190827369 0.999992442 -0.00108217769 -0.00373434314 0.999996887 0.00168977987 -0.00183587155 0.999997089 0.00202144431 -0.0013174995 0.999997011 0.00203423082 -0.00135651277 0.99999459 0.00144382159 -0.00295546562 0.999998331 0.00179670416 0.000332373023 0.999997056 0.000352305128 0.00240071283 -0.00492904165 -0.00156993566 0.99998662 0.475433231 -0.000897676618 0.87975135 0.999278969 0.000907168112 0.0379568077 0.999997632 -0.000668112002 -0.00207123023 0.999999686 6.05830678e-05 0.000789668185 0.999992897 -0.000586771455 -0.0037230633 0.999999637 0.000851727662 6.73597319e-06 0.999994144 0.00332660996 -0.000803080172 0.999991771 -0.000397121156 0.00403731116 0.999997303 -0.000419401205 0.00228416996 0.99999377 -0.000805441313 -0.00343676965 0.99999965 -0.00060718772 -0.000575086077 0.999994881 -0.00115879266 -0.00298263522 0.999997522 -0.00120520954 -0.00187173469 0.999993581 0.00131967983 -0.00333125941 0.9999973 0.00217938116 0.000805864155 0.999983298 -0.000123934185 0.00577827936 0.99999806 -0.000268132295 0.0019513229 0.999996421 -0.000950755176 -0.00250093957 0.999669494 -0.00144989233 -0.0256671112 -0.0875429817 -0.00157572404 0.996159497 0.999997333 -0.00137545542 -0.00185543117 0.999988382 0.00185511696 -0.00444904714 0.999995953 0.00259076198 -0.00117570476 0.999993099 0.00369464327 0.00038860428 0.999993474 0.00302421819 0.00197627348 0.999993065 0.00270255921 0.00256255537 0.999995181 -0.00206963231 0.00231383285 0.99999407 -0.00171635527 0.00298560705 0.999988037 -0.000348906083 0.00487899748 0.999993833 -0.00031895118 0.00349742246 0.99999807 -0.00161105713 0.0011249176 0.999993067 -0.00152381201 -0.00339769874 0.999996523 0.00230713508 0.00127695907 0.999996939 -0.00018843356 0.00246702147 0.999997612 1.2642002e-05 0.00218538777 -0.0318383764 -0.000869653441 0.999492652 0.00708776826 -0.0016419727 0.999973533 0.999989581 -0.00130851018 -0.00437330059 0.999992994 -0.00121922359 -0.00353911812 0.999997168 0.00217965816 -0.000955050444 0.999995429 0.00253046577 -0.00165493122 0.99999685 0.00227870832 -0.00105280352 0.999995681 0.00236747495 -0.00174172472 0.999998747 0.000181639317 0.00157269795 0.999997266 -0.00046021906 -0.00229274286 0.99999857 0.00160690242 0.000527151897 0.999994724 0.00238131811 -0.00220944449 0.999983235 0.00144527984 -0.00560716025 0.999999227 0.000280581208 0.00121159284 0.999997267 -0.00117759685 0.00201963837 0.117278215 -0.00112568937 0.993098461 0.999999276 -0.000111285958 -0.00119829611 0.999995958 0.00260213665 -0.00114545621 0.999996791 0.0021477209 -0.00134365264 0.99999963 0.000110141882 0.000853277594 0.999985086 0.000240539531 -0.00545619184 0.999993481 -0.000490174466 -0.0035773116 0.99999883 0.000524522145 0.00143676601 0.99996793 0.00203532072 -0.00774574004 0.999988248 0.00210939524 -0.00436503356 0.999995308 0.00292310616 0.000916133137 0.999993842 0.000779119832 0.00342191691 0.964770214 0.000106260292 -0.263093944 0.999903804 0.000224712882 -0.0138683789 0.999999675 -0.000638555752 0.000492153975 0.999999629 -0.000567458624 -0.00064833573 0.999996049 0.000258035644 -0.00279923216 0.999990883 0.00295871934 -0.00307887749 0.999979875 0.000861857651 0.006285364 0.999993633 0.000914488472 0.00344943763 -0.0721915985 -0.000724867042 0.997390519 -0.00487746121 -0.00081171631 0.999987776 0.999927269 -0.000253392613 -0.0120578476 0.999991306 0.00231688562 -0.00346711702 0.999993196 0.00156682023 -0.00333958969 0.999996027 0.00280322555 -0.000295349395 0.999994779 0.00323045022 8.1959702e-05 0.999997113 0.00184339334 0.00154142092 0.999997908 0.000110112266 0.0020423077 0.999997815 0.000366398483 -0.00205802137 0.99978597 0.000292874114 -0.0206864184 0.999997722 0.000451047383 -0.00208649715 0.999997988 0.0019883555 -0.000264822324 0.999996474 0.00146193927 -0.00221678634 0.000791352205 -0.000418906851 0.999999599 0.999999127 0.00129877592 -0.000243226758 0.99999691 0.00174275319 -0.00177268656 0.999997617 0.00217804631 -0.000146400329 0.999994172 0.0029670466 -0.00168915738 0.999993092 0.00371579948 9.29952408e-05 0.999996366 0.00260470472 0.00069502483 0.999998332 0.00172058087 0.000612169316 0.999998913 0.000855350663 -0.0012008568 0.999999673 0.000793663336 0.000157259548 0.999986602 0.00146475226 0.00496482152 0.999999576 0.000789609715 0.000472890097 0.999998191 0.000480109648 0.00184040426 0.999996748 -0.000104674842 0.00254820732 0.0125558284 -0.00027275005 0.999921135 0.999998506 0.000331327094 -0.00169626064 0.999993992 0.00227503637 -0.0026151936 0.999990915 0.00220216958 -0.00364981572 0.999998269 0.00141946496 0.00120309929 0.99996179 0.00229125831 -0.00843610844 0.999995007 0.00280044487 -0.00146427356 0.999999526 0.000694646523 0.00068153217 0.999966436 0.00177295916 -0.00799899426 0.999506474 -4.5992729e-05 -0.0314134634 0.409176216 -0.000670382728 0.912455136 0.998210628 -0.00144615523 0.0597783447 0.999927404 0.000754029704 -0.0120256947 0.999993261 0.00150453242 -0.00334882662 0.999996979 0.00180713484 -0.00166630201 0.999998888 0.000624439067 -0.00135399371 0.999998597 0.000709751065 -0.00151750576 0.999985728 0.00241874415 -0.00476379088 0.999998382 -9.51432796e-05 0.00179611515 0.999981081 0.000744045332 0.00610607401 0.999720168 -0.000558797857 -0.0236489754 0.999996949 0.00246990429 -3.224824e-05 0.999984609 0.00125145042 0.00540518278 0.999998498 0.00133748055 -0.00110265849 0.999989591 0.00204906257 -0.00407659214 0.999995883 0.00266800033 -0.00105585318 0.999995966 0.00156709876 0.00236917609 0.999990992 0.0016765172 0.0038994092 0.999998751 0.00132484375 -0.000862237548 0.999998146 0.00165492907 -0.000984178043 0.999995898 0.00224286154 -0.00178152238 0.99999728 0.00232890357 -0.000127621741 0.999998798 0.00154840454 7.94402562e-05 0.999998799 0.00141437193 -0.000633598724 0.123853581 0.000853828626 0.992300137 0.999850418 -0.000756790357 -0.0172791186 0.999997845 0.00108099678 -0.00177241077 0.999995872 0.000720753113 -0.0027816266 0.999996497 0.00124055109 -0.00233821694 0.999998714 0.00152882831 0.000484057981 0.999980618 0.0017230636 -0.0059829133 0.999998966 0.00108894176 -0.000939367478 0.999997588 0.00217423595 0.000309393828 0.999998668 0.00116202097 -0.00114653063 0.999999232 0.00119136424 0.000342894219 0.99998895 0.00136845986 0.00449751337 0.999997533 -9.5094398e-05 0.00221918462 0.999993984 0.000418399705 -0.00344337276 0.999998812 0.00153137163 -0.00017383382 0.999970966 -0.000658466023 -0.0075917264 0.999997943 0.00130931689 -0.00154934774 0.999993455 0.00125803193 -0.00339219611 0.999999664 0.000703919268 0.000419179937 0.999998719 0.00149810932 -0.000563046983 0.999999449 0.00104487621 -0.00010595824 0.41542416 0.000161072868 0.909627804 0.998785527 -0.000640171228 0.049265216 0.999998569 0.00137826353 -0.000981503249 0.999998579 0.00148798807 -0.000792445188 0.999998191 1.46488029e-05 0.00190228282 -0.0796072394 0.000450359014 0.996826206 0.999997081 0.00201744782 -0.00132925876 0.999997479 0.000775451086 -0.00210718366 0.999997158 0.00157073208 0.00179359298 0.999998338 0.0011865056 -0.00138427083 0.999997408 0.000759394805 0.00214629462 0.999998387 0.000532953185 0.00171509407 0.999996456 -0.000510343338 0.00261286396 0.999994856 0.00222196924 -0.00231301737 0.999997415 0.00177915391 -0.00141565177 0.999994387 0.000159230968 -0.00334661956 0.999998709 0.000655051733 -0.00146715463 0.999998315 0.00081342998 -0.00164573276 0.999999085 0.00085532105 0.0010482325 0.999879423 0.00220996495 -0.0153706113 0.999995865 0.00155692945 -0.00241798257 0.999999032 0.00137154695 -0.000232206244 0.999999475 0.000536392866 0.000872810719 0.999998439 0.000943817555 0.00149393999 0.999980499 0.00223712293 -0.00583062217 0.999998037 0.00161484982 -0.00114813746 0.999952395 0.00156288571 -0.00963145028 0.999998438 0.001168456 -0.00132600885 0.999999327 0.000718105879 0.000911315648 0.999999809 0.00060934012 -9.88837467e-05 0.999987549 0.000584092159 0.00495594784 0.999997199 -0.000219161997 -0.00235678425 -0.00559694823 0.000797951767 0.999984019 0.00725492669 0.00240985284 0.999970779 0.999885102 0.0021932526 -0.0149990892 0.999979024 0.00151375087 -0.00629768963 0.999993744 0.00184016829 0.00302081475 0.999984415 0.00398729455 -0.00390789403 0.999995156 0.00219535688 -0.00220664892 0.999997676 0.00202710413 -0.000734102031 0.999998892 0.000914446711 -0.00117488659 0.999999646 0.000825198396 -0.00016660634 0.999999474 0.000680241026 -0.000767825313 0.999999676 0.000533264481 0.000602970956 0.999993493 0.00149760612 0.00328202813 0.966985071 -8.43917942e-05 -0.254833014 -0.0304673873 0.00170426779 0.999534308 0.999999426 0.000918111004 0.00055174533 0.999997734 0.00160290939 0.00140074116 0.999992802 0.00218944363 -0.00309872152 0.999996487 0.00109044277 -0.00241612702 0.999998681 0.000718239278 -0.0014567738 0.999993223 0.000863232954 0.00357901159 0.999999278 0.00067281031 0.000996049881 0.421388103 0.00361381887 0.906873203 0.998641083 0.00536622315 0.05183813 0.999998112 0.00127074032 -0.0014698812 0.999996758 2.78102505e-05 0.00254631292 0.999999502 0.000298370227 0.000952127814 0.999998535 0.00132250709 0.00108634467 0.999998875 0.0013287349 -0.000695542176 0.999998848 0.00127781581 -0.000819024615 0.999969222 0.000999622444 -0.00778174765 0.999851475 0.00465744255 -0.0165932377 0.999999341 4.76846654e-05 -0.00114698886 0.99999426 0.000708121849 -0.00331340004 0.999998403 0.000942217969 0.00151876758 0.999927095 0.00377125688 -0.011470928 0.999995416 0.00282932958 -0.00107851221 0.99999249 6.31492657e-05 -0.0038750511 0.999996271 8.5920409e-05 -0.00272947017 0.999999408 0.00101462469 -0.000391840447 0.99999339 0.00175460363 0.0031844446 0.999999975 -0.000221206501 -3.87672068e-05 0.999447433 0.000414499421 -0.0332363928 0.999991291 0.00289997753 -0.00300145675 0.999999471 -0.00102734442 4.66690208e-05 0.999998873 0.0011746171 0.000934640275 0.999999948 0.000180559718 -0.000267017951 0.999996184 0.00248117131 -0.00121516433 0.99998997 0.00235303205 -0.00381086241 0.999995323 0.000478485391 -0.00302072017 0.999999763 -0.000500822729 -0.000473388383 0.999970792 -0.000302293132 -0.00763696434 0.999999168 0.000992931588 -0.000823702465 0.999995836 0.000628589008 -0.00281670982 0.999998854 -0.000380663909 -0.00146524881 0.99999943 0.000958542487 -0.000469402431 0.999998321 0.00128367659 0.00130780538 -0.0895290599 0.0015016871 0.995983078 0.127213723 0.00169239343 0.991873885 0.999997785 0.00208048145 0.000319956954 0.99999308 -0.000922701006 -0.00360389894 0.999999002 -0.00115282539 -0.000816472191 0.999997414 0.002225201 -0.000468751628 0.999997057 0.000701721572 0.00232241807 -0.00669872071 0.00190328791 0.999975752 0.425993571 0.00156788951 0.904724831 0.998514965 0.00105323966 0.0544679257 0.999915626 0.00393203342 -0.0123806426 0.999993759 0.00185919438 -0.00300438292 0.99999929 -0.00074912418 -0.000927140435 0.999997527 -0.000710448949 -0.00210728722 0.999999729 0.00027348318 0.000684092102 0.999995473 0.00135449594 0.0026867005 0.999998981 0.000755316494 0.00121176982 0.999999746 0.00059851269 0.000387337813 -0.0387179083 0.00143555902 0.999249149 0.999997611 -0.00150694329 -0.00158330045 0.999999145 -0.00130016928 0.000138054386 0.999998261 -0.00186024606 -0.000129141782 0.999999623 -9.69137015e-05 -0.000863307657 0.999998334 0.000764005456 0.00165765833 0.999994796 0.00165462493 0.00276944641 0.999995589 0.00116815851 0.00273075659 0.999998337 0.000663519078 0.00169869871 0.00725243787 0.00185646032 0.999971977 0.999846304 0.00228969404 -0.0173817893 0.999979348 0.00073076396 -0.00638504388 0.999999261 0.000359848359 -0.00116099447 0.999972496 -0.00195515788 -0.00715429466 0.999998464 -1.51746866e-05 0.00175280022 0.999997549 -0.000735079669 -0.00208838754 0.999996184 0.00114357926 0.00251462973 0.999994735 0.000662281981 -0.00317682508 0.999987914 0.000555042391 -0.00488505802 0.999994532 -0.000416592574 -0.00328065647 0.9999857 -0.000983451474 -0.00525673232 0.999997845 -0.00205470484 0.000297702929 0.999998323 -0.00182101464 -0.000196276875 0.999991935 -0.00230973648 -0.00328557503 0.99999887 -0.00146437524 0.00034145144 0.999999687 0.000163738003 -0.000774133189 0.999999276 0.00020722442 -0.00118554126 0.999998314 0.000579779766 0.00174223321 0.999999861 0.000527947059 -1.28159333e-05 0.00223285787 0.000293128893 0.999997464 0.999982081 1.05750887e-05 -0.00598652336 0.999884427 -0.000357356792 -0.015198841 0.999999855 -0.000329590211 -0.000426407041 0.999955999 -0.00285321223 -0.00893635044 0.999998773 0.000294166771 0.00153874344 0.999999114 0.000329265631 0.00128991255 0.999999557 0.000267118472 0.000902273022 0.999997757 -0.00195430138 -0.000816166153 0.999995415 -0.00126042172 -0.00275328174 0.999833667 0.000287532284 -0.0182360831 0.99999426 -0.00157513919 -0.00299980689 0.999992288 -0.00167362714 -0.00355278923 0.999997432 -0.00212953685 -0.000775224822 0.999997517 -0.00170928437 -0.00142947655 0.999998366 -0.00180379627 0.000119581379 0.999999706 -0.000479414754 -0.000598742507 0.999804888 0.000130315285 -0.0197526859 0.999998201 -0.00164728344 -0.000939947222 0.999985873 -0.00193328527 -0.00495143387 0.999993742 -0.00214580648 -0.002812667 0.999997252 -0.00222036419 -0.000752838008 0.999994784 -0.00310597683 -0.000885538284 0.999998247 0.000450231138 0.00181728874 0.0160332559 0.00032142045 0.999871407 0.999971928 -0.00272103353 -0.00698130401 0.999997808 -0.00167021146 0.00126271743 0.999996832 -0.00108459158 -0.00227128522 0.999997366 0.000343765409 0.00226932124 0.999993769 0.000691922727 0.00346153319 0.999991634 -0.000777259462 -0.0040159963 0.999999412 -0.000617969195 -0.000890921194 0.999392366 0.000154548858 -0.034855062 0.967967208 0.00034693979 -0.251076409 -0.0367137341 0.00162268094 0.999324506 0.999957474 -0.000425213956 -0.00921243321 0.99999799 -0.00199293742 0.00022018857 0.999997999 -0.0018446217 -0.00077445533 0.999967764 -0.00326965198 -0.00733354368 0.999993747 -0.00274326925 -0.00223148385 0.999997217 -0.00234590855 -0.000249970321 0.999999697 0.000236771493 -0.000741100386 0.999999979 -7.75636457e-06 0.000203753784 0.999995033 0.00108193658 0.00296028057 0.999998457 0.000561986642 0.00166439919 -0.082093517 0.000486619565 0.996624512 0.999996282 -0.00117885055 -0.00245895885 0.999998047 -0.00193714806 -0.00039192371 0.999999844 0.000450363253 -0.000329231802 0.999995788 0.000533271829 0.00285295466 0.999999899 0.000191383785 0.000406255532 0.999989872 6.02604266e-05 -0.00450035292 0.999993121 -0.00189472181 -0.00318878069 0.999986831 -0.00180568272 -0.00480384866 0.999946954 -0.00302842952 -0.00984465523 0.9999977 0.000303423705 0.0021233035 0.999999416 0.000568114055 0.000919818803 0.999999357 0.000266709056 0.00110235403 0.999838283 0.000298950897 -0.0179810742 0.999997509 -0.00191332093 -0.00114959733 0.999990004 -0.00260700491 -0.00363255893 0.999995747 -0.00246908297 0.00155227091 0.999997093 -0.00131306891 0.00202234954 0.999999811 -0.000598006599 0.000141761784 0.999999683 -0.000260176625 -0.000751899391 0.999999603 0.000323962165 0.000830054786 0.999997933 -0.00193687108 0.00061897912 0.999998322 -0.00176537345 -0.000489435564 0.999997748 -0.00120544584 -0.00174658313 0.126222697 0.00171420623 0.99200045 0.431953582 0.000637099958 0.901895613 0.998381626 0.000488480983 0.0568672991 0.999863204 0.000345952368 -0.0165364324 0.999979486 -0.00227651239 -0.00598714613 0.999998121 -0.00162994881 -0.0010495836 0.999999116 0.000710045045 0.001123778 0.999990498 -0.00142843529 -0.00411870801 0.999997646 -0.00191383633 -0.00102187581 0.999995019 -0.00313255705 0.000386276701 0.999987834 -0.000415613 -0.00491527007 0.99999757 -0.000829389412 -0.00204276814 0.999996835 -0.00247098738 -0.000473071729 0.999997767 0.000438877979 0.00206715875 0.0064660812 0.00246574502 0.999976055 0.999993512 -0.000377451096 -0.00358251697 0.999997356 -0.00130103526 -0.00189626888 0.999997203 -0.00233645727 0.000366052378 0.999994997 -0.00299380091 -0.0010208796 0.99999837 -0.00176753382 0.00036880497 0.999993462 0.000692375032 0.00354928374 -0.00328978282 0.00265054779 0.999991076 0.999979017 -0.00199659729 -0.00616280021 0.999991212 -0.0020427183 -0.00366112041 0.999996842 -0.0023795203 -0.00080834981 0.999989281 -0.00255996839 -0.00385809477 0.999972414 -0.0023248945 -0.00705445528 0.999994716 -0.00322571689 0.000403926852 -0.101675591 0.00390069475 0.994809961 0.999995595 -0.00295837912 -0.000239194938 0.999955745 -0.00187048294 -0.00922005625 0.9999996 -0.000615295882 -0.000649043798 0.999998317 -0.000151062244 0.0018286283 0.999999993 -0.000114336033 1.93812155e-05 0.999993233 -0.00258331571 0.00261918931 0.99999805 -0.00195135733 -0.000303821429 0.999998348 -0.00137054424 -0.00119418995 0.999998253 0.000141334311 0.00186387886 0.999997114 0.000587907925 0.00232954735 0.999993433 -0.000318299891 -0.00361007842 0.999974361 0.000301999314 -0.00715442272 0.999999375 0.000927234989 0.00062460893 0.999997908 0.000245502522 0.00203049933 0.999999685 0.000140023706 0.000781911764 0.999997175 -0.00101004786 -0.00215164069 0.999997582 -0.00116594116 -0.00186476753 0.999999316 0.000979423339 -0.000639656818 0.999999724 0.000307674522 -0.000675879713 0.999995711 -0.00277544496 -0.000935583178 0.453841192 0.00248892307 0.891079109 0.998838704 6.95570833e-06 0.048179275 0.999816036 -0.000310545098 -0.0191780348 0.999990989 0.00195716572 -0.00376714027 0.999998526 0.00171612539 5.54939412e-05 0.999995902 -0.00285236025 -0.000244597225 0.999998369 0.00095980887 -0.00152988706 0.999998833 -1.40084167e-05 0.00152766049 0.999999452 5.75133557e-05 0.00104574826 0.999995643 0.00274836492 0.00107723109 0.999993342 0.00154494777 0.00330592379 0.999991798 -0.000748938434 0.00398039435 0.961149609 0.00062317169 -0.276027248 0.999914296 -0.00150849318 -0.0130047725 0.999969917 0.00121215857 -0.0076612547 0.999996411 -0.00118763058 -0.0024017251 0.999992493 -0.000713003853 -0.00380850906 0.999984846 -0.00111904089 -0.00539032615 0.999958165 0.000352722056 -0.0091402845 0.999980944 0.00165847691 -0.00594653583 0.999995241 0.00303443997 0.000557276709 0.999997135 0.0023939103 -1.2611121e-05 0.999993085 0.00228874323 0.00293123504 0.999996625 0.00188907192 0.00178359504 0.999997498 -0.00205851564 -0.000875453843 0.999977429 -0.00119073576 -0.00661237405 0.99995393 -0.000848556276 -0.0095613059 0.999984043 -0.00203922267 -0.00526835287 0.999992197 0.00391932834 -0.00049406939 0.999995379 -0.00286846862 -0.00100701674 0.999999584 -0.000772362776 0.000484302499 0.999910752 -0.00257263104 -0.013109867 0.999999068 -0.000874138605 -0.0010486772 0.999999738 0.000532231587 0.000490450411 0.999987097 0.00507631018 0.000191393585 0.999994497 0.00328350953 -0.000473248582 0.999984838 0.00522511794 0.00173854416 0.999998063 0.000921554599 0.00173924473 0.999997986 0.000444199265 0.00195731848 0.999528581 0.000974489368 -0.0306865683 0.110888545 0.00788629893 0.993801558 0.999989396 0.00429552093 -0.00166027412 0.999984254 0.00117822168 -0.00548670052 0.999975245 -0.00366367222 -0.00600723143 0.999995234 0.00148071963 -0.00270909366 0.999984579 0.00486771258 -0.00267326072 0.999982518 0.00586300717 -0.00076703613 0.999987929 0.00490548178 0.000280130984 0.999985843 0.00530330945 0.000433743149 0.999988073 0.00476830276 0.00105718268 0.999986512 0.0045351822 0.00253154874 0.00062514909 0.00493140306 0.999987645 0.999868218 -0.0159450951 0.00304972323 0.999985779 0.0023389345 -0.0047928234 0.999999638 0.000159040027 0.000835755681 0.999993063 -0.00189461024 -0.00320689406 0.999991745 -0.00363002749 -0.00182535182 0.999982361 0.00586182718 0.000956971714 -0.108612701 0.00530388028 0.994069993 -0.0124161937 0.00379422808 0.999915717 0.999856833 -0.00746745191 -0.0151839106 0.999983714 -0.00232092418 -0.00521386284 0.999835103 -0.0176794518 -0.00414773936 0.999959471 -0.00561401619 -0.00703837945 0.99999251 -0.00384620898 -0.000432894518 0.999989726 -0.00431983797 0.00137395969 0.99999854 -0.00170814804 -3.82782734e-05 0.999978874 -0.00302556875 -0.00575303258 0.999976681 0.00678654894 0.000761666707 0.999976599 0.00683781395 0.0002149047 0.999990332 0.00388269319 0.00206432756 0.999998125 0.00149143479 0.00123545964 0.999998593 -0.000680428836 0.00153340842 0.999930617 -0.008033184 -0.00861560464 0.99958417 -0.0174463623 -0.022958922 0.999918407 -0.0119669926 -0.00446881965 0.999955145 -0.00400790972 -0.00858159682 0.999517837 0.0293707904 0.0100722412 0.999780358 0.00535455393 0.0202623671 0.999986415 -0.00512962784 -0.000925274545 0.571027455 0.0164197567 0.820766737 0.995314301 -0.00314483827 0.0966413569 0.999900592 -0.0117837889 -0.00774266827 0.989873035 0.117251342 0.0800218583 0.992897048 0.118458585 0.0110912349 0.99887226 0.0370456122 -0.0296956384 0.999977667 -0.00668130009 0.00016071513 0.999998172 -0.00169531486 0.00088461711 0.999992184 -0.0039441961 -0.000272572367 -0.396998607 0.883896747 0.24722186 -0.154157052 0.91792356 0.365584383 -0.179762487 0.983588848 0.0154410929 -0.492881666 0.868501908 -0.0526507277 -0.381185384 0.286809632 0.878884485 -0.571351365 0.209773416 0.793443591 -0.307560014 0.302430485 0.902187696 -0.184451425 0.408954771 0.893719009 -0.150911456 0.976442151 -0.15422859 -0.434504323 0.89050115 -0.134958125 -0.273871657 0.949690464 -0.151928729 0.0227834825 0.966105155 0.257141484 0.203156668 0.977164593 -0.0622633649 -0.0900555395 0.533341454 0.841092678 0.00947953129 0.532227821 0.8465481 0.281256717 0.944016322 -0.172417639 0.486086029 0.811809808 -0.323550937 0.547982385 0.81979195 -0.166302327 0.32479139 0.93737494 -0.125852196 0.538047198 0.837260479 -0.0974684702 -0.146660528 0.965663309 -0.21444128 0.484979721 0.873539444 -0.0415151847 0.266629976 0.958066699 -0.10496026 0.240549639 0.956342602 0.16596596 0.58537187 0.792594547 -0.170685842 -0.0384131389 0.714146981 0.698940999 0.0723716582 0.562482057 0.823636011 0.339337399 0.93773681 0.0741606732 0.45024981 0.860118042 -0.239733317 -0.984551789 0.104783658 0.140278866 -0.955264875 0.175325282 0.238180737 -0.954260627 0.110265169 0.277899709 -0.99886649 0.0336829963 0.0336331957 0.999949624 -0.00357628886 -0.0093786398 0.999949921 -0.00826439189 -0.00564405391 0.999841988 0.00633020458 -0.0166110803 0.999851203 -0.0124937163 -0.0118945272 0.999656669 -0.0262005325 0.000274383236 0.999882058 -0.0151139091 -0.00272769448 0.999993365 -0.00277088656 -0.00236475006 0.999999894 0.00044301674 -0.000122200913 0.999960718 0.00862106817 -0.00205921549 0.99994379 0.0106025273 -6.27615111e-05 0.999937183 0.0112031458 0.000346956248 0.999934386 0.0114455048 0.000472410177 0.99995066 0.00993135702 0.000214740854 0.999968196 0.00788851784 0.00117385058 0.999994339 0.00326827818 0.000799878554 0.999998937 0.000699227291 0.00127947892 0.999989662 -0.00452362869 -0.000461201139 0.99997503 -0.00701072539 -0.000888031883 0.95324268 0.0163141376 -0.301765209 0.874934763 0.415715109 0.24833467 0.875461322 0.375419868 0.304347492 0.800937975 0.481886259 0.355364594 0.859815043 0.504883058 0.0762311645 0.843963138 0.534951228 0.0394132668 0.924330628 0.340455931 -0.172344566 0.924581107 0.209906195 -0.317945225 0.989371614 0.0943831191 -0.110614806 0.984181181 0.174799087 0.0288562229 0.994591156 0.101526452 0.0219274071 0.993977659 0.108086415 0.0180482749 0.990945901 0.132935599 -0.0188241246 0.991095383 0.113783996 -0.0691602852 0.986233317 0.0443367643 -0.159305043 -0.127562905 0.974016829 0.187133431 0.102132774 0.942849761 0.317180113 0.0886221332 0.991810621 0.0919663461 -0.232289043 0.972388743 -0.0224038674 0.183503468 0.449289067 0.874337355 0.879297765 0.112930409 0.462690137 0.745944091 0.424608096 0.513103672 0.0206226027 0.955534633 0.294156886 0.956645612 0.164560142 0.240310492 0.881408019 0.446471493 0.154217736 0.06842509 0.997290364 0.0270173425 -0.399780041 0.912753867 -0.0840017734 0.937503442 0.303407457 0.170385477 0.82002088 0.559902769 0.118636607 0.0789207068 0.996504546 -0.0273900103 0.842821384 0.538133846 0.00800487539 0.705072811 0.708311838 -0.0341565695 0.0916494221 0.995622021 -0.0183623142 -0.448253832 0.891018109 -0.071799942 0.869835842 0.478787267 -0.118946881 0.749815023 0.652764784 -0.108053542 0.192479299 0.931749767 -0.307886491 -0.39413423 0.894738696 -0.210002082 0.83865561 0.525884221 -0.141783477 0.821051512 0.556034013 -0.129230767 0.847343924 0.453991367 -0.275499753 -0.806883877 0.0744274662 0.586002526 -0.554001475 0.155529875 0.817858682 -0.952866402 0.291861919 -0.0828386349 -0.813486408 0.581426172 -0.0135451003 -0.778424717 0.588341995 -0.218880463 -0.888296225 0.438409468 -0.136846464 -0.666177269 0.714342019 -0.214297283 -0.865576991 0.457720164 -0.20314705 -0.31225411 0.901848426 -0.298608082 -0.378352438 0.866311312 -0.326119829 -0.542129912 0.783208898 -0.304432225 -0.285654818 0.345167239 0.894013927 -0.363149439 0.167196587 0.916606669 -0.112053315 0.958412333 -0.262468769 -0.22277059 0.908704908 -0.353027839 -0.390144271 0.857060062 -0.336504826 -0.162506892 0.621852044 0.766088471 -0.336955387 0.310423996 0.888874575 0.464486503 0.859499334 -0.213338189 0.251655236 0.95302674 -0.168551697 0.372585865 0.92682952 -0.0465490409 0.193418928 0.98069077 -0.0288917236 0.341969923 0.939474626 0.0210712823 0.233470741 0.97182507 0.0323642664 0.237053102 0.97149477 0.00193355065 0.0391202562 0.947716492 -0.316706578 0.114599749 0.971035499 0.209659143 0.185429472 0.981556933 0.0464962153 -0.104855215 0.754275413 0.648131148 -0.214889571 0.58109073 0.784956072 0.236421232 0.952179109 -0.193545717 0.243257608 0.969633336 0.0252374686 0.327070383 0.924122419 -0.19754169 0.265046152 0.932203691 -0.24646869 0.263137142 0.755360717 -0.600157506 -0.100344019 0.994676506 -0.0234462422 0.100634658 0.994705421 0.020827658 -0.182229017 0.73332802 0.654998169 -0.174897542 0.884236698 0.433054628 0.145224839 0.977750817 -0.151370693 0.0900812625 0.981932813 -0.166413092 -0.448907956 0.663641307 0.598382706 -0.689654374 0.534885289 0.488133764 -0.519187844 0.799168366 0.302942081 -0.247356669 0.301137011 0.920940377 -0.485646138 0.257711928 0.835303771 -0.467796985 0.814595229 -0.34292943 -0.167295977 0.969002329 -0.181787081 -0.901005829 0.182916133 0.393357579 -0.945387114 0.279371426 -0.167913107 -0.989812503 0.12714749 -0.0640681261 -0.888923202 0.416366894 -0.190929702 -0.965786555 0.250044776 -0.0688036352 -0.011414271 -0.00355643965 0.999928531 0.0115976878 -0.000326014666 0.999932691 0.365260623 -0.00733924782 0.930876368 0.999834035 -0.0180579085 -0.00241111222 0.999818016 -0.0186728229 -0.00390650285 0.999985992 -0.00464567107 -0.00253663326 0.99994688 0.0102702366 -0.000871511699 0.99994481 0.0104782911 -0.00076361135 0.999958843 0.00903025088 0.000876097011 0.999973336 0.00719926492 0.00122380179 0.999969209 0.00784723236 4.70466696e-05 0.999968328 -0.00795618783 0.000206217003 0.99999185 -0.00387742309 0.00112487753 0.999959811 -0.00626343529 0.00641453506 0.999923186 -0.0109886681 0.00573327548 0.995301346 0.00579247751 0.096652353 0.963948734 0.211772556 0.161106246 0.996080381 0.0398567652 0.0789639925 0.958207557 0.0428040138 0.282853486 0.857231402 0.259500799 0.444762474 0.770432619 0.432487817 0.468388586 0.684402991 0.38800728 0.617286722 0.807866955 0.567172397 0.16020754 0.815769208 0.52753884 0.237114679 0.816020152 0.577974592 -0.00751545687 0.803487005 0.594084108 0.0383758371 0.848543239 0.527168146 -0.0454765575 0.84580545 0.533210313 -0.0173176927 0.875024155 0.483795361 -0.016576405 0.884883998 0.459335202 -0.0774046673 0.893928295 0.416063089 -0.166684462 0.866361008 0.413850954 -0.279546046 0.953084447 0.202295067 -0.225181577 0.169137378 0.833514473 0.525971644 0.138707814 0.960311078 0.24199747 0.236047734 0.886008124 0.3990878 0.324268743 0.414607151 0.850265072 0.420438497 0.484045528 0.767418658 0.408850417 0.196165003 0.891269111 0.231722262 0.355008192 0.90568978 -0.279163304 0.954354493 -0.106185455 -0.0274144684 0.97361197 -0.226557232 -0.509362758 0.837261616 -0.198853131 -0.194965746 0.889414436 -0.4134372 0.23840761 0.793543184 0.559866973 0.272574072 0.813084192 0.514390389 0.667875694 -0.220210075 0.710949773 0.632863379 0.0543757771 0.772351745 0.900425127 -0.221468664 0.374414505 0.94549644 -0.131279734 0.297996835 0.971711262 -0.135423725 0.19348808 0.268164673 0.753263929 -0.600567366 0.169169868 0.953359463 -0.249974578 -0.301457644 0.76315355 -0.571594216 -0.460591431 0.806783776 -0.370074956 0.749812774 0.0761841682 -0.657249402 0.362625578 -0.0899905363 -0.927579859 0.558092447 0.00895033786 -0.829730506 0.89256218 0.291299079 -0.344205754 0.822303848 0.394087432 -0.410501496 0.993069441 0.0311431436 0.113327798 0.99336689 0.114968082 0.00213576392 0.995128561 -0.0894183788 0.0415150627 0.970434659 0.23150404 -0.0682821432 0.992259507 -0.104642463 -0.0668657284 0.968512229 0.182166545 -0.169703898 0.971257311 -0.168089892 -0.168537902 -0.505541182 0.0532005741 0.861160735 -0.403598858 -0.00509990575 0.914921829 -0.748917489 0.359608689 -0.556600563 -0.962088052 0.082223061 -0.260049896 -0.992771599 0.0694492368 -0.0978843956 -0.400686812 0.0177363674 0.916043394 -0.29294047 0.526029252 -0.798422887 -0.2874904 0.0722160227 -0.955057127 -0.49702228 0.171176853 -0.850686392 -0.597234053 0.383758688 -0.704301608 -0.112398344 0.543364084 -0.831938751 -0.176706963 0.257743555 -0.949917317 -0.306797023 0.18560624 0.933501961 -0.172285799 0.2293459 0.957976023 -0.326312243 -0.0741829372 0.942346652 -0.192428454 0.00477753333 0.981299376 0.123825126 0.978930824 -0.162363109 0.157570758 0.984926921 -0.0713471559 0.203294335 0.978903131 -0.0204956736 0.137222861 0.668604037 -0.730847815 0.161706089 0.661137745 -0.732630892 -0.0811453734 0.16233249 -0.983393915 0.124332303 0.310917129 -0.94226961 -0.061694877 -0.0187489795 -0.997918944 0.258299512 0.677363406 -0.688810698 -0.245108168 0.0361589596 0.968821199 0.0579802749 0.992217235 -0.1101964 0.116665873 0.991804427 -0.0520869741 0.134521611 0.990090342 -0.0403119132 0.159906052 0.96176945 -0.222327641 0.130623245 0.863770313 -0.486660472 -0.353427553 -0.133949709 0.925822035 -0.063203421 0.994357191 -0.0852003727 -0.241478082 0.967928504 -0.0693018546 -0.167455279 0.981748979 -0.0901535976 -0.130001537 0.99054731 -0.0437678833 -0.168588697 0.971651437 -0.165744794 -0.322791016 0.842087744 -0.432081232 -0.0867284715 -0.0179239924 0.996070732 -0.997645278 0.0302037018 0.0615762617 -0.279372091 0.956431882 -0.0847896782 -0.5677461 0.822401669 -0.0363298762 0.991803206 -0.127774795 4.21113567e-05 0.999892096 0.0146665579 0.000829483619 0.999931749 -0.0116614902 -0.000711533325 0.998563139 -0.0535476476 0.00207528637 0.999895447 0.00119556422 -0.0144106401 0.999888336 -0.00589111542 -0.0137335776 0.999943092 0.00100853821 -0.0106205263 0.999087376 -0.0419975944 -0.0077857616 0.991429321 -0.1150227 0.0619490043 0.928315517 -0.234166633 0.288784155 0.847696325 -0.0907687291 0.522658567 0.932515759 -0.0325985206 -0.359654968 0.977450239 -0.145363064 -0.153168565 0.999998028 0.00177408846 0.000892810637 0.99999849 0.00151328831 0.000854677017 0.600289068 0.120520421 0.790650279 0.642881843 0.247339493 0.724931798 0.546036768 0.0190484865 0.837544627 0.659914497 0.0306151591 0.750716703 0.56570033 -0.156440171 0.809635479 -0.185905828 0.95077341 -0.247929316 -0.509095513 0.848259428 -0.145868782 0.0840406359 0.989290433 -0.11933822 0.037649124 0.981072477 -0.18994562 -0.313869321 0.946981697 -0.0686419262 0.0695722268 0.994674177 -0.0760459485 -0.449804781 0.887939162 -0.0961233813 0.0493046898 0.996788777 -0.0630965992 -0.333783469 0.844582583 -0.418651235 0.0205636476 0.975880516 -0.217334663 -0.239454393 0.753098485 -0.612784029 0.034980482 0.910879159 -0.411187943 0.718083457 -0.30171037 0.627157876 0.84406771 -0.392728384 0.365122059 0.867063448 -0.411974774 0.280138829 0.824092836 -0.525580251 0.211273277 0.917757739 -0.360181036 0.167303181 0.934362293 -0.354874877 0.0321080511 0.928293327 -0.354677081 -0.11169453 0.89169201 -0.419936761 -0.168933345 0.67094556 -0.120126251 -0.731711514 -0.48042787 -0.028072345 0.876584853 -0.371290374 -0.0612110611 0.926496986 -0.34135213 -0.216198835 0.914733178 -0.403104789 -0.404171508 0.82106755 -0.135018806 -0.205781057 0.969238917 -0.193005305 -0.319993096 0.927552355 0.335343774 0.505995132 -0.794678224 0.120129349 0.294737253 -0.947997305 0.427931767 -0.341184179 -0.836939519 0.584115884 -0.422639818 -0.692953259 0.772810041 -0.349288268 -0.529870123 0.735038541 -0.249205246 -0.630567276 -0.196862618 -0.45104182 0.870520756 0.0799717013 -0.995110371 -0.0579644444 0.332336396 -0.931691816 -0.146638605 -0.213019274 -0.966731866 -0.141606099 0.0145909275 -0.999802033 -0.0135277549 0.00838038544 -0.999749348 -0.0207607848 0.0156897793 -0.999655418 -0.0210446173 0.034699156 -0.998954669 0.0297580007 0.0113729919 -0.99986904 0.0115133781 0.0156158318 -0.999858116 0.00631620727 -0.00404761678 -0.999972309 0.0062448538 0.0044012142 -0.999987016 0.00256842796 0.0108752643 -0.999938098 0.0023512258 -0.0367280369 -0.999269849 0.0105271557 -0.0199250419 -0.99973191 -0.0117941222 0.942393337 -0.334286742 -0.0121314658 0.800277284 -0.599627367 0.00181349161 0.649927062 -0.759826317 -0.0160867242 0.85866308 -0.512485508 -0.00750459098 0.00758031026 -0.999970343 -0.00136097915 0.0066107071 -0.999977476 0.0011599709 -0.068870433 -0.997625391 -0.000666090712 0.00419194145 -0.999991147 -0.000366494685 0.0248320029 -0.999658052 0.0081945226 0.113649974 -0.993507061 0.00523486199 -0.0103570949 -0.999944347 0.00200842036 0.954019802 -0.299743509 -0.000216146335 0.968495408 -0.249028755 0.00115041175 0.936331046 -0.350548892 -0.0199911387 0.618686147 -0.354488708 0.701117114 0.865739787 -0.485518845 0.121515731 0.0530958569 -0.9985827 -0.00366349405 0.338330438 -0.901611836 0.269496959 0.103700658 -0.973836997 0.202207014 -0.0847623312 -0.995234396 0.0482062703 0.125242374 -0.97551075 0.180812398 0.337603953 -0.827655734 0.448340893 0.492134977 -0.766492483 0.412665044 0.335019934 -0.930698215 0.14684167 0.624121471 -0.682026142 0.381199069 0.753994205 -0.607876771 0.248954955 0.337383305 -0.939457641 0.0599320106 0.554977804 -0.82577951 0.100438226 0.261210875 -0.965280155 0.00176119268 0.426342397 -0.901867868 0.0697603665 0.429926108 -0.901289022 -0.0533070304 0.230612143 -0.972070802 -0.0435476211 0.632502692 -0.76051451 -0.146826514 0.725679961 -0.581218454 -0.368203346 0.553233525 -0.405557149 -0.727637318 0.447783504 -0.339774316 -0.827069131 -0.999753504 -0.00133459559 0.0221619039 -0.996567507 0.0240781234 0.0792051009 -0.999892765 0.0143697861 0.00282273813 -0.995275161 0.0970876262 0.0011604126 -0.999999889 -0.00011545075 -0.000456320819 -0.999955939 0.00923247935 0.00169774268 -0.99685189 0.0792503059 0.00238719948 -0.99997379 0.00631579953 0.00353970711 -0.996570399 0.0826096333 0.00480508838 -0.999748077 -0.0218254492 0.00523756906 -0.998352058 0.0570246769 0.00643076874 -0.99933082 -0.0361032624 0.00587076834 -0.998844924 0.0477516806 0.00534744888 -0.999361578 -0.0351124453 0.00659943904 -0.996251054 0.0860978879 0.00842563904 -0.999701041 -0.0229191291 0.00851720166 -0.996324648 0.0854120851 0.00647860227 -0.994776527 0.102056788 0.00201823293 -0.999432278 -0.0336282278 0.0020648133 -0.995609593 0.0935911516 0.00149503218 -0.999546309 -0.0299920398 0.00276643875 -0.999554733 -0.0297578645 0.00219200084 -0.994743523 0.102393549 0.000940432241 -0.999694551 -0.0246596016 0.00164599539 -0.989058813 0.147519217 -0.000863153986 -0.999807693 -0.0194618136 -0.00241126269 -0.993993017 0.10942163 -0.0021884189 -0.999698401 -0.0245581835 -4.30119797e-05 -0.993699655 0.112075111 0.000407390559 -0.999348221 0.0360976552 -0.000304406339 -0.980574587 0.196142524 0.00126069423 -0.978482574 0.206327959 -0.000790454218 -0.98524577 0.171112926 -0.00333767775 -0.999374148 -0.0348233519 -0.0062165812 -0.998924239 -0.0461581961 -0.00444811955 -0.997628867 -0.0684382569 -0.00726975129 -0.997981493 -0.0631979608 -0.00624162682 -0.997408361 0.0710802057 -0.0111429864 -0.998824905 0.0481579592 -0.00544237269 -0.998468885 -0.0546896462 -0.00830227359 -0.999648779 -0.0258747058 -0.00572869791 -0.99515888 0.0979646197 -0.0078573227 -0.995222683 0.0976269177 -0.000892598982 -0.999566006 -0.0294205436 -0.00149343789 -0.993897316 0.11022882 -0.00421107908 -0.999957962 -0.00865305605 -0.00303288471 -0.992896435 0.118979761 0.000696895896 -0.999991196 0.00410022894 0.000891760705 -0.990202178 0.139266934 -0.0102160858 -0.999974336 -0.000960267794 0.00709962485 -0.944672881 0.0458100913 -0.324799297 -0.996407639 -0.00320985211 -0.0846257295 -0.0140799415 -0.0127611404 -0.999819438 -0.0807502051 0.00882179064 -0.99669533 -0.0132534363 -0.0071579981 -0.999886548 0.00792217644 0.110388934 -0.993856892 -0.0400692377 -0.00859423363 -0.999159945 -0.999863206 0.00231613079 0.0163769689 -0.999999947 -0.00028301551 0.000158089554 -0.999861463 -0.0166437757 -0.000196996765 -0.999730545 -0.0229700501 0.00334861423 -0.999734288 -0.0226528136 0.0042664994 -0.999435481 -0.0331899665 0.0052102139 -0.999304414 -0.0367599814 0.00627637286 -0.999367532 -0.035402642 0.00334505027 -0.998711255 -0.0499465425 0.00900954997 -0.998917784 -0.045829066 0.00793461356 -0.999120934 -0.04181095 0.00303384158 -0.99942237 -0.0338833971 0.00261553553 -0.99939685 -0.0347239409 0.00042991506 -0.99903702 -0.0434138224 -0.00634612731 -0.997808703 -0.0657056928 -0.00778163984 -0.997340359 -0.0725976949 -0.00646391773 -0.997374481 -0.0722733784 -0.00455018638 -0.998197222 -0.0594081528 -0.00854267374 -0.999245275 -0.0386991424 -0.00335504935 -0.99966646 -0.025806755 -0.000989837545 -0.999819867 -0.0156458508 0.0107443589 -0.9999638 -0.00829077138 -0.00191335036 -0.999878201 -0.0150804309 0.00402046848 -0.999752753 -0.0217137018 0.00479041022 -0.999781853 -0.0204750727 0.00412520873 -0.999619456 -0.0244503208 0.0127720194 -0.999670638 -0.024225077 0.00847119073 -0.999446892 -0.0331698644 0.00238103464 -0.999480783 -0.0320981515 0.00280603161 -0.999463 -0.0326101861 0.00320754144 -0.999766854 -0.0214343353 0.00260919157 -0.999645987 -0.0265505216 -0.00172330071 -0.99977719 -0.0209759592 -0.00236216094 -0.999641989 -0.0267301638 0.00118025031 -0.999735716 -0.0229745685 -0.000816667029 -0.999563678 -0.0284843896 -0.00781622596 -0.998984579 -0.0440395338 -0.00950426938 -0.998753226 -0.0491322719 -0.00883249736 -0.999221504 -0.0392066958 -0.00438419583 -0.999921939 -0.0124786941 0.000630411527 -0.0130263349 -0.00346563649 -0.999909148 -0.0143828789 -0.0155197837 -0.999776109 -0.999991819 -0.00255145666 -0.00313869964 -0.999907622 -0.013522692 0.00137253395 -0.999905173 -0.0131375365 0.00412913436 -0.99979585 -0.0200546285 0.00246378199 -0.999722746 -0.0225092447 -0.00691123079 -0.999582439 -0.0278784041 -0.0075987918 -0.999713104 -0.021543809 -0.0104677453 -0.999851987 -0.0170249297 -0.00248109665 -0.999886009 -0.0147493203 -0.00322915571 -0.999872824 -0.015753582 -0.00248221426 -0.999965445 -0.00831280047 -7.9037418e-05 -0.897197282 -0.00665619877 -0.441579815 -0.105750726 0.00133666601 -0.994391773 -0.999983139 -0.00285002131 -0.00505956909 -0.999953734 -0.00943799477 -0.00185847489 -0.999948322 -0.0100480086 0.00154646691 -0.999960137 -0.00826932869 0.00336798079 -0.999894182 -0.014317868 0.00257352195 -0.99977096 -0.0212260896 0.00273495636 -0.999852814 -0.0168464892 0.00324758151 -0.999785911 -0.0204376085 0.00323044699 -0.999890006 -0.014733739 -0.00170065405 -0.999903851 -0.0138667718 -2.87343718e-05 -0.999879254 -0.0154859178 0.00128962718 -0.999845639 -0.0175290745 0.0011954325 -0.999781867 -0.019719346 -0.00688235467 -0.999755916 -0.020134862 -0.00909371952 -0.999784108 -0.0189184546 -0.00859238035 -0.999960821 -0.00859568119 -0.00211425176 -0.999977177 -0.00675616827 2.18308255e-05 -0.999988767 -0.00469797463 -0.000628963624 -0.999990706 -0.00428554833 -0.000470746498 -0.999958197 -0.00814393638 0.00415709388 -0.999319304 -0.00656436169 -0.0363020485 -0.00138863248 0.00222088064 -0.99999657 -0.0291193846 0.000920958991 -0.999575517 -0.0589796596 -0.00287557828 -0.998255043 -0.999953335 -0.00887102915 0.00382537877 -0.99997055 -0.00604632074 0.00472670909 -0.999852109 -0.0139441963 0.0100657799 -0.999893877 -0.0117725828 0.00858144628 -0.999882883 -0.0151066675 0.00245119032 -0.999860188 -0.0164282996 0.0031168059 -0.99986248 -0.0159689731 0.00447357116 -0.999909386 -0.0133496007 0.00173409701 -0.999918802 -0.0126058504 -0.00186587324 -0.999747358 -0.0208759177 -0.0083315832 -0.999928587 -0.00885378635 -0.00802688806 -0.999918535 -0.0123274134 -0.003310339 -0.999987422 -0.00501005295 0.000234521873 -0.999993341 -0.00354029697 0.000885214288 -0.999999793 -0.000590871223 -0.000253106446 -0.999896389 0.000652546853 0.0143800149 -0.999984956 -0.000466360903 -0.00546533326 -0.999966387 -0.00732661716 -0.0036805062 -0.999988209 -0.00206079685 0.0043972205 -0.999972106 -0.00744374017 0.000614028426 -0.999948644 -0.00979821367 0.00258946188 -0.999945076 -0.0100091661 0.00310824207 -0.999921274 -0.0119206244 -0.00391710914 -0.997112898 -0.000706890353 0.0759300289 -0.999988367 -0.00481052835 0.000353389055 -0.99991506 -0.0129027668 -0.00184144573 -0.999921864 -0.0124750037 -0.000800033941 -0.99991907 -0.0127184403 0.000308810085 -0.999995393 -0.00299417222 -0.000498101731 -0.999980698 -0.00116127086 -0.00610370738 -0.999975992 -0.00272001639 -0.00637313388 -0.999986927 -0.00334785497 0.00386499869 -0.999988614 -0.00445855345 0.00170069883 -0.999946242 -0.010111473 0.00229612805 -0.999924794 -0.0115363438 0.00416171033 -0.999923161 -0.01153421 0.00454248826 -0.999886978 -0.0124798029 -0.00838364507 -0.9998382 -0.0166047966 -0.00691762767 -0.999901698 -0.0117897463 -0.00758921749 -0.999981955 -0.00587185241 -0.00126903815 -0.999952405 -0.00969754597 -0.00107049972 -0.999986148 -0.00516498548 -0.00101376487 -0.999970262 -0.00296524173 0.00711915095 -0.558729644 0.811769055 -0.169859313 -0.579935371 0.790479885 -0.197019078 -0.639125324 0.725304629 -0.255835915 -0.373562579 0.924014784 -0.0815332989 -0.41852316 0.907940789 -0.0219519383 -0.408610784 0.912669329 0.00848074237 -0.379760616 0.9249219 0.017359516 -0.388870092 0.921291687 -0.00129598504 -0.403140177 0.915042897 -0.013209652 -0.429216154 0.902882063 -0.024030674 -0.4720183 0.881536164 -0.00962893666 -0.581438894 0.813038332 -0.029958033 -0.583585814 0.811003505 -0.0412421171 -0.553597962 0.8310123 -0.0542941389 -0.999983426 -0.00241019771 -0.00522861459 -0.999990319 -0.0010394163 0.00427569351 -0.999934822 -0.00435960708 0.0105520089 -0.999960836 -0.00598308921 -0.00652139979 -0.999997534 -0.0019747738 0.00101591335 -0.0137967735 0.00188352996 -0.999903046 -0.0507790343 0.000911952051 -0.998709496 0.748144016 0.547055846 -0.375513558 0.19453171 0.23476326 -0.952388379 0.221211813 0.297664794 -0.928687786 0.0675858129 0.399946944 -0.914042997 0.0153859819 0.135761004 -0.990622139 -0.105367815 0.358081976 -0.927725672 -0.0558356051 0.12796828 -0.990205284 -0.106081589 0.424236825 -0.899316303 -0.328237616 0.762991657 -0.556869643 -0.587275676 0.502953591 -0.634149009 -0.472931072 0.55724468 -0.682506094 -0.750443323 0.519575375 -0.408504894 -0.763404295 0.407518644 -0.501141135 -0.659771228 0.58754724 -0.468497777 -0.772350825 0.462566733 -0.435323123 -0.514163659 0.720230059 -0.465729957 -0.391097985 0.719605084 -0.573769021 -0.916973071 0.3689891 -0.151682006 -0.973293255 0.198378505 -0.115525793 -0.963160396 0.266464497 -0.0363142234 -0.991029086 0.131907679 -0.02148756 -0.995224831 0.0968459358 -0.0121820066 -0.979929017 0.199342575 0.00128814467 -0.981050366 0.193727077 0.00316195571 -0.978019174 0.208438031 -0.00566416854 -0.974410486 0.22469452 -0.00604791493 -0.988503043 0.151135275 -0.00445671821 -0.976661377 0.214760057 -0.00326687031 -0.900910203 0.414953783 -0.127177688 -0.924746509 0.378824041 -0.0365546133 -0.918317763 0.385220328 -0.0910921795 -0.683515885 0.585569005 -0.435792354 -0.21599372 0.764914268 -0.606838426 0.0905727788 0.750506115 -0.654627485 -0.99999447 -0.00260334756 0.00206932076 -0.99999433 -0.00333662767 0.000455579379 -0.99996334 -0.00400606764 0.00756764065 -0.999969838 -0.0067546199 0.00383394265 -0.999962334 -0.0082885259 0.00257518037 -0.999965258 -0.00803263382 0.00222710318 -0.999950511 -0.00939476759 0.00327308354 -0.999925723 -0.0119046248 0.00261318574 -0.999918808 -0.012715033 -0.000839604064 -0.999922325 -0.0123706744 -0.00152004554 -0.999930325 -0.0117887091 -0.000610242222 -0.99994278 -0.010672939 0.000724514419 -0.999955032 -0.00933375416 0.00167756231 -0.999953548 -0.00549717897 -0.00791727385 -0.999976934 -0.00420400334 -0.00533460835 -0.999967068 -0.00320485875 -0.00745596147 -0.99999397 -0.00303423394 -0.00168929178 -0.999994064 -0.00322932206 -0.00120127515 -0.999993127 -0.00362030606 0.000799737507 -0.999995477 -0.00225077313 -0.00199503364 -0.999996857 -0.00232004054 0.000950747851 0.856449411 0.0719118558 -0.511197703 0.212755114 -0.178952711 -0.96057857 0.0465047724 -0.212274557 -0.976102873 -0.0485949196 -0.138971633 -0.989103341 0.0335101062 0.417569456 -0.908026884 0.0152196239 0.0889985181 -0.995915472 -0.0544982162 0.323481121 -0.944663913 -0.227595458 -0.27021485 -0.935512823 -0.0424441479 0.109896532 -0.993036377 -0.667010854 -0.213524955 -0.713795218 -0.0935709279 0.394758493 -0.914007775 -0.165497112 0.143981849 -0.975643343 -0.798869808 -0.207771601 -0.564480285 -0.210998717 0.589762756 -0.779525133 -0.252140299 0.1636129 -0.953758926 -0.865360616 -0.141461972 -0.480769711 -0.905467086 -0.0634510672 -0.419646658 -0.189072532 0.673012051 -0.715056891 -0.331627092 0.207696943 -0.920263795 -0.924540199 -0.283145572 -0.255056865 -0.973989171 -0.158862431 -0.161579154 -0.981629863 -0.167956411 -0.0905177148 -0.989885002 -0.133213862 -0.0488031793 -0.984482855 -0.174499437 -0.0185325184 -0.976377167 -0.215842668 -0.00997849816 -0.990881836 -0.134354871 -0.010097284 -0.992496316 -0.121785576 0.0109240877 -0.987256841 -0.158985467 0.00689573943 -0.993168796 -0.116664226 -0.00228048752 -0.998115004 -0.0613617566 0.00108320707 -0.991261689 -0.131888421 -0.00238899861 -0.999773914 -0.0205494711 -0.00546252067 -0.99842002 -0.0558175775 0.00647003379 -0.993629292 0.0309865522 0.108354346 -0.996367729 0.0110063859 -0.084440559 -0.984080037 -0.0689811062 -0.163792818 -0.929073049 -0.00631932887 -0.369842312 -0.837626609 -0.0118516502 -0.546114642 -0.0233203233 -0.00673603467 -0.999705351 -0.333919124 0.0123021199 -0.942521446 0.308785818 0.122121323 -0.943259085 -0.999985196 -0.00191090439 0.00509476168 -0.999986026 -0.00182516098 -0.00496150022 -0.999983681 0.000296016406 -0.00570535034 -0.999993067 0.00369043049 -0.000497427352 -0.999978794 0.00539146443 0.00365279365 -0.99999125 -0.00167812318 0.00383205984 -0.999998191 0.000332914144 0.00187255185 -0.999975868 -6.41328278e-05 0.00694694676 -0.999975203 -0.00644955098 -0.00282780061 -0.99995286 -0.00672507909 -0.00700359055 -0.99997365 -0.0043816903 -0.00578797635 -0.999981139 -0.0021659173 -0.00574716329 -0.99999627 -0.00211271398 -0.00173111703 -0.999998271 -0.00152319854 -0.00106634407 -0.999993856 -0.00191997678 -0.00293272097 -0.928749878 -0.00239821653 -0.370699221 -0.115125666 0.00129514626 -0.993350091 -0.00256890903 0.000768031872 -0.999996405 -0.0208872539 0.00119263384 -0.999781126 0.887868696 -0.150656263 -0.434731951 0.137925032 -0.329830547 -0.933910325 0.238479617 -0.267447147 -0.933594931 -0.0313946363 -0.321458567 -0.946403068 0.0347367762 -0.486720045 -0.872867089 -0.0913985138 -0.400075041 -0.911913523 -0.0645311199 -0.395691187 -0.916113649 -0.0265485509 -0.291188928 -0.95629712 -0.537914935 -0.361659457 -0.761478798 0.187935696 -0.96141029 -0.200923937 -0.284095325 -0.875823211 -0.390158365 -0.059112573 -0.992971132 0.102537963 -0.576203214 -0.485096272 -0.65777767 -0.195764357 -0.97460289 0.10874522 -0.125032315 -0.288078385 -0.949409166 -0.604945965 -0.431124157 -0.66945675 -0.74478804 -0.42311224 -0.516010473 -0.427136975 -0.644044457 -0.634634337 -0.666620622 -0.532416551 -0.521679559 -0.708045994 -0.626300952 -0.326217698 -0.238267344 -0.31803038 -0.917652086 -0.746326318 -0.475994086 -0.465216786 -0.635069858 -0.668737504 -0.386621812 -0.78786139 -0.525100507 -0.321782361 -0.831637877 -0.380864997 -0.404129058 -0.299351461 -0.244962224 -0.922161706 -0.90663497 -0.133765573 -0.400149724 -0.814883067 -0.509965289 -0.275501345 -0.869143883 -0.47565754 -0.135420883 -0.90148092 -0.422536539 -0.0937817961 -0.928255508 -0.369542903 -0.0421871424 -0.951145467 -0.308618729 0.0087624144 -0.958848951 -0.283890118 0.00388460973 -0.956386158 -0.292104939 -0.000470570037 -0.962025061 -0.272960894 0.00036404072 -0.963231672 -0.268617427 0.00542434242 -0.959926407 -0.268381861 0.0806998695 -0.917274458 -0.333687889 0.217393562 -0.865452724 -0.321287833 -0.384403057 -0.916809712 -0.375994836 -0.134491022 -0.905817199 -0.411052469 -0.102620995 -0.880314896 -0.40899924 -0.24034414 -0.848207295 -0.27975061 -0.449759914 -0.936883975 -0.349440085 -0.0118340052 -0.501219707 -0.864485577 -0.0379933181 -0.520206705 -0.854040354 -0.000241530592 -0.418264023 -0.908225883 -0.0134518419 -0.376811658 -0.926253608 0.00819929111 -0.516772535 -0.856042796 0.011699535 -0.372619591 -0.927855325 0.01546406 -0.377585454 -0.925873282 -0.013707278 -0.504379838 -0.863225234 -0.0210517238 -0.482983122 -0.875401034 0.020008317 -0.373057289 -0.927757755 -0.00968539139 -0.375742418 -0.926722148 -0.00192262781 -0.257172894 -0.21831392 -0.941382566 0.00916041955 -0.301636488 -0.953378999 0.210762868 -0.250534969 -0.944886894 0.510576803 -0.0590953631 -0.857798966 -0.999987478 0.00435845268 0.0024590359 -0.999997007 0.00124492879 0.00210600019 -0.999997282 -0.00071927401 0.00221776406 0.238466691 -0.964549133 -0.113042501 0.308406542 -0.936933642 -0.164440734 0.447897298 -0.885535607 -0.123347878 0.557707612 -0.41001542 -0.721699089 0.29565743 -0.539786164 -0.788173573 0.633332127 -0.378361689 -0.675079884 0.358429685 -0.906568456 -0.222849269 0.253073899 -0.890414473 -0.378306314 0.331142018 -0.84323915 -0.423429687 0.0586803036 -0.597671027 -0.799591124 0.658471251 -0.751139752 0.0469540638 0.595177565 -0.802892407 0.0335775049 0.402105795 -0.869224818 -0.287678893 0.298688346 -0.881486002 -0.36574267 -0.0185576348 -0.588628986 -0.808190281 0.116426437 -0.959641676 -0.255993631 0.0577000235 -0.770172135 -0.635220899 0.107616131 -0.933820945 -0.341170356 0.242006869 -0.966680596 0.0834344139 0.296680904 -0.657805323 0.692295167 -0.0391349722 -0.655512558 -0.75416957 0.110652934 -0.842584641 -0.527074046 0.0345374657 -0.898017105 0.43860283 -0.117378498 -0.943986316 0.308402534 -0.273669782 -0.959005323 0.0735774469 0.336087945 -0.751812184 0.56729475 0.0215344185 -0.842705892 -0.537943351 0.160013828 -0.773786208 0.61290332 -0.374989874 -0.906405182 -0.194453697 -0.487914261 -0.859258791 -0.15366849 0.37553076 -0.782914445 0.496005665 0.363374899 -0.880372774 0.304799053 0.359655079 -0.924355033 0.127342048 0.280338856 -0.948650596 -0.14653386 0.0339540675 -0.940032886 -0.33938959 0.289018723 -0.638386086 0.71339427 -0.45554509 -0.867162418 -0.201266021 -0.518787036 -0.807803209 -0.279846362 -0.48807031 -0.842360471 -0.228508664 -0.143614913 -0.989514904 -0.0153300989 -0.565617239 -0.788269232 -0.2422989 -0.511989185 -0.844861552 -0.155164535 -0.0859965435 -0.983913924 0.156582199 0.072292757 -0.994390526 0.0772090566 -0.130171867 -0.990323055 -0.0481199663 -0.312728063 -0.945901742 -0.0864352578 -0.299417144 -0.928292672 -0.220504171 -0.416274452 -0.905925129 -0.0775579821 -0.394905927 -0.908037236 -0.139705717 -0.0715806424 -0.995971318 -0.0540124519 0.0449332845 -0.995728766 0.0806549681 -0.439417803 -0.891613232 -0.109260415 -0.309890593 -0.945599376 -0.0990436269 -0.457321902 -0.886350641 -0.0723824442 -0.343152732 -0.937769529 -0.0532401495 -0.346359156 -0.937531267 -0.0327178572 -0.33906518 -0.940711612 0.00982173982 -0.39561744 -0.918399772 0.00535724315 -0.517463991 -0.855702128 0.00221047642 -0.332975193 -0.942924801 -0.00451006859 -0.52051159 -0.853839189 -0.0051307636 -0.514160706 -0.857453529 -0.0203030447 -0.364861936 -0.930931621 -0.0155590821 -0.403993743 -0.914054446 -0.0359656252 -0.341096089 -0.939674155 0.025805835 -0.269640245 -0.962682733 0.0231536923 -0.244023 -0.969765214 -0.0028645616 -0.313565377 -0.949307584 -0.0221780357 -0.429893777 -0.902222648 -0.0344330361 -0.448923968 -0.889396713 -0.0862598331 -0.29438561 -0.953625724 -0.0627303091 -0.41835788 -0.880402157 -0.223313068 -0.122750819 -0.918051148 -0.376980539 -0.304946496 -0.85219933 -0.425163423 -0.0315851419 -0.859467777 -0.510213209 0.432027665 -0.547729737 0.716480448 0.503122221 -0.547128104 0.668968511 -0.0442074327 -0.997910413 -0.0471223002 0.0753935122 -0.994486164 -0.0728909265 0.0366191342 -0.999216825 -0.0149925298 -0.105900018 -0.994374511 -0.00212559645 -0.0211575475 -0.999769145 0.00374357969 -0.10370761 -0.994607787 0.000284848774 0.0964958087 -0.995311471 -0.00660564865 -0.0143120424 -0.999825953 -0.0119678417 -0.0467286559 -0.998728542 -0.0189137974 -0.152900115 -0.988240682 -0.00138143672 -0.00115867228 -0.99999443 -0.00313019882 -0.0707494682 -0.9974668 -0.00738210584 0.025718284 -0.999412579 -0.0226509749 0.17716475 -0.970922658 -0.161002619 0.23312751 -0.870972082 -0.432503406 0.133285517 -0.82408322 -0.550564998 0.58234879 -0.626894121 0.517565114 0.422787898 -0.906220568 -0.00383077425 0.440576995 -0.897713154 -0.00173325796 0.430297404 -0.902663068 -0.00659776618 0.438867275 -0.898494878 -0.0101226668 0.393167315 -0.919432906 -0.00791164647 0.428282058 -0.903642456 0.00218869061 0.37839879 -0.925486463 -0.0170048006 0.448923099 -0.890461024 -0.0744796272 0.480772723 -0.840913524 -0.248439197 0.446285128 -0.827409297 -0.34091559 0.417470246 -0.750124387 -0.512866452 0.621313137 -0.617038201 0.4829429 0.661366694 -0.699421765 0.270930417 0.659889632 -0.743074126 0.111294732 0.616951272 -0.78697732 -0.00615024026 0.619817033 -0.784745832 -0.00090823443 0.61358414 -0.789628978 -0.000761919263 0.611508625 -0.791212055 -0.00637862155 0.603001186 -0.797730751 -0.00390097819 0.587569299 -0.809173115 0.00108996874 0.594696334 -0.802952816 -0.0400380471 0.626826917 -0.773291456 -0.0954376267 0.631217356 -0.754405588 -0.180102358 -0.999998945 -0.000397788271 0.00139681169 -0.999962355 -0.00821233532 0.00280116324 -0.999961522 -0.0085190464 0.00209306598 -0.999990645 -0.00365027646 0.00232056129 -0.999995916 -0.00274677854 0.000790008504 -0.999969227 -0.00245276794 0.00745178156 0.317533596 -0.925533021 0.206303279 0.347096386 -0.910783031 0.223603151 0.377763881 -0.918547685 0.116467163 0.31013489 -0.948723765 0.0611520078 0.304539443 -0.878949946 0.367018692 0.531469755 -0.800709718 0.276412456 0.496477548 -0.843391148 0.205429831 0.280198218 -0.949245337 0.142906434 0.509565168 -0.857526721 -0.0706488738 0.28402 -0.955642144 -0.0779790504 0.548507464 -0.814254416 -0.190077112 0.295559993 -0.92759618 -0.228494241 0.16339635 -0.986504877 -0.0104766876 0.161831495 -0.986764175 -0.010345532 0.113679696 -0.99250162 0.0449161517 -0.999996973 -0.00130276891 -0.00208724836 -0.999952629 -0.00952870509 0.00198589852 -0.999941393 -0.0108255222 -0.000133001109 -0.999943222 -0.0106535023 0.000237189663 -0.999979127 -0.00399141674 -0.00508072933 -0.999997311 0.000848059712 -0.0021584715 -0.999997097 -0.00183678392 0.00155952464 -0.999994626 0.00119732014 0.00305209584 -0.999990609 -0.00258325704 0.00347987532 -0.999967608 -0.00790001537 0.001540349 -0.999995842 -0.00282431239 -0.000581691883 -0.999994753 -0.00299930924 0.00122434759 -0.997933656 -0.00521749603 -0.0640405738 -0.999989479 -0.00171703987 -0.00425357916 -0.999967171 -0.00751320106 0.00303472316 -0.999976925 -0.00642388948 0.00220994496 -0.999976292 -0.00679086853 0.00114011749 -0.999959298 -0.00898748949 -0.000791806195 -0.99997334 -0.0071538226 0.00146363334 -0.999993468 -0.00247802411 -0.00263140127 -0.999990226 -0.00359249241 0.00257716761 -0.999994914 -0.00222739109 -0.00228257721 -0.999996107 -0.00249561151 0.00124846394 -0.920722767 -0.0024876255 -0.390209428 -0.120449157 -0.00128727898 -0.992718663 -0.999999329 -0.000399812059 0.00108720371 -0.999995099 -0.00222813122 0.00219939149 -0.999976725 -0.00657187218 0.0018328325 -0.999969933 -0.00738192453 0.00237511601 -0.999995864 -0.00222030291 -0.00182823599 -0.0197788836 9.03833505e-05 -0.999804375 -0.999999472 -0.000384489214 -0.000952857314 -0.999985451 -0.0048016425 0.00245811589 -0.999985184 -0.00539777822 0.00070392984 -0.999979171 -0.00645343795 -0.000102736367 -0.999979022 -0.00646201899 -0.000444137211 -0.999978388 -0.00657406816 -7.32908653e-05 -0.999982981 -0.00545649219 0.00206500807 -0.999973513 -0.00518745518 -0.00510530689 -0.999982682 -0.00348484931 -0.0047424919 -0.999981096 -0.00235228041 -0.00568112653 -0.999993181 -0.00280776672 0.00239890076 -0.0123203358 0.000154256202 -0.99992409 -0.0445857365 0.000684462434 -0.999005327 -0.999997517 2.13161638e-06 0.00222832577 -0.99998975 -0.000935091493 -0.00443006034 -0.999998225 -0.00165732557 0.000896563412 -0.999994253 -0.00235146166 0.0024422705 -0.999992071 -0.00237891084 -0.00319343439 -0.999999093 -0.00129936879 0.000354889586 -0.999997227 -0.00223641224 0.000737978214 -0.999993996 -0.00295566686 0.00180868786 -0.999966984 -0.00478009668 -0.00657134328 -0.999997293 -0.00129397996 -0.00193397956 -0.999991014 -0.00377920096 0.00192086291 -0.999988035 -0.00428556951 0.00235886878 -0.999982962 -0.00574760909 0.00101989088 -0.999980972 -0.00532781459 0.00310972065 -0.999996282 -0.00244850034 0.00120014961 -0.999995049 -0.00236668723 -0.00207374381 -0.999994587 -0.00270634816 0.00187116402 -0.999991161 -0.00348111605 0.00235791801 -0.999992549 -0.00362471693 0.00132824053 -0.999980794 -0.00530426983 0.00320582647 -0.999986432 -0.00505526515 0.0012572363 -0.999976666 -0.00498862962 -0.00466711285 -0.999998454 -0.000596126391 -0.00165433632 -0.999998878 -0.001320996 -0.000706050254 -0.999997891 -0.00145321564 0.0014509963 -0.999940404 -0.00200218607 -0.0107321615 -0.00473684582 0.000497988338 -0.999988657 -0.999982961 -0.000581331319 -0.00580858513 -0.999999195 -0.00124101749 -0.000263133094 -0.999998135 -0.00162972672 0.00103641621 -0.999986792 -0.00512074749 -0.000439378724 -0.999977808 -0.00431533969 -0.00507560709 -0.999989286 -0.000392555211 -0.00461233514 -0.999997406 -0.000184550158 -0.00227013481 -0.99999741 -0.00184215332 0.00133635518 -0.999985683 -0.00511839768 0.00156081862 -0.999979888 -0.00350906942 -0.00528301653 -0.99999061 -0.00181564331 -0.00393486607 -0.999995256 5.52576997e-05 -0.00307972101 -0.999997952 -0.00150955358 0.00134773231 -0.999989288 -0.00401509153 0.00230286408 -0.999993259 -0.00345519371 0.00124248848 -0.999985456 -0.00484706827 -0.00236490874 -0.999997661 -0.0021623004 -4.33373472e-05 -0.999976788 -0.0021232467 0.00647414717 -0.999990803 -0.000654015852 -0.00423871005 -0.999998391 -2.52843513e-05 -0.0017938147 -0.999996171 -0.00164783731 0.002223047 -0.999996224 -0.00225324262 0.00157324183 -0.999992643 -0.00378246082 0.000638002965 -0.999988364 -0.00431890655 0.00214900032 -0.999990992 -0.00266339354 -0.00330484024 -0.999995554 0.000776825705 -0.00287899238 -0.999997569 -0.000573079184 -0.0021290391 -0.999996906 -0.00128894623 0.00212745043 -0.999993161 -0.000275549561 -0.00368818585 -0.999995852 -0.00224340396 0.00180622552 -0.9999927 -0.00241447898 0.00296143045 -0.99999363 -0.00237313578 0.0026661701 -0.999991768 -0.00405212897 0.000212409932 -0.999991026 -0.00419907537 -0.000561386321 -0.999991804 -0.000113393799 -0.00404719733 -0.999734149 -0.00165795283 -0.0229974313 -0.999953544 -0.000110665589 -0.00963831662 -0.999984441 -0.00071789575 -0.00553197002 -0.999998599 -0.000176059863 0.00166489552 -0.999996731 -0.00170648517 0.0019039762 -0.99999574 -0.0011260998 -0.00269307037 -0.999995317 -0.000367512926 0.00303819609 -0.999998868 -0.00113305998 0.000990337608 -0.999995632 -0.00291912847 0.000462513957 -0.999995338 -0.000324376389 -0.00303610026 -0.999997582 -0.00219517216 -0.000130763604 -0.930601129 -0.00142217798 -0.366032124 -0.133913097 0.000521936409 -0.990992941 -0.999993889 -0.00235516953 0.0025836874 -0.999996531 -6.991711e-05 -0.00263322447 -0.999997366 -0.0017101048 0.0015307779 -0.020191527 0.000315030302 -0.999796081 -0.999999287 -0.00118370451 0.000159027758 -0.999999269 -0.00095311874 0.000744141993 -0.999996549 -0.00262396283 0.000129769237 -0.999978124 -0.0040717155 -0.00521280231 -0.999986868 -0.0034296223 -0.00380811809 -0.999997907 -0.00156717897 -0.00131529662 -0.999994935 -0.000426695713 -0.00315412533 -0.999999245 -0.00118972555 0.000307331459 -0.999976371 -0.00144852145 0.00672011483 -0.00297546086 0.00080991548 -0.999995245 -0.999799678 -0.000399036915 -0.0200111048 -0.999992358 -0.000974441019 0.00378616606 -0.999998769 -0.000700675738 -0.00140420561 -0.999997166 -0.000698233608 -0.00227610245 -0.999995925 -0.00112326883 0.00262461834 -0.999997088 -0.00239859691 -0.0002677852 -0.999994768 -0.000788587426 -0.00313715334 -0.999996091 -0.00065739561 -0.00271779241 -0.999999183 -0.00103243814 0.00075416081 -0.999997718 -0.00141124066 0.0016037262 -0.999994523 -0.00196609203 0.00266230766 -0.999998836 -0.000874147449 0.00125025698 -0.999997382 -0.00154758652 -0.00168569086 -0.0211252473 -3.8291758e-05 -0.999776836 -0.999999419 -0.000972096547 0.000466832993 -0.999997581 -0.00174080891 0.00134479466 -0.999997426 -0.00188981504 0.00125543155 -0.999994805 -0.00314792666 0.000693740053 -0.999997194 -0.000720351182 -0.00225661836 -0.999727601 -0.00140024761 -0.0232972905 -0.99999626 -0.00133832028 0.00238507252 -0.999992643 -0.00242194392 -0.00297442405 -0.999993412 -0.00214350552 -0.00292927623 -0.999999075 -0.000731298746 0.00114679975 -0.999998048 -0.00193620099 0.00039393309 -0.999997985 -0.0017069759 0.00105648754 -0.999998897 -0.00140487542 0.000481262787 -0.999998953 -0.00144585342 -6.02070453e-05 -0.999993823 -0.00153526037 -0.00316172351 -0.99999767 -0.00138997024 -0.00165146508 -0.999994928 -0.000633281749 -0.00312129471 -0.999999805 -0.000617918205 -9.17646634e-05 -0.999999871 -0.000371450319 0.000346160157 -0.0450100606 -0.000446378839 -0.998986434 -0.99997935 -0.00168092622 -0.00620281356 -0.999996862 -0.00180743647 -0.00173496352 -0.999997951 -0.00200224311 0.000299595473 -0.999998879 -0.00127563365 0.000783922949 -0.999997353 -0.00195903843 0.00120661069 -0.99999791 -0.00130484846 0.00157407191 -0.999999973 -5.48648938e-06 -0.000231732281 -0.999993939 -0.00030884862 0.00346781335 -0.944796456 -0.00141919512 -0.327654762 -0.136143789 -0.000437059556 -0.990688991 -0.999998596 -0.0014743919 -0.000796477084 -0.999998249 -0.00135082948 -0.00129546648 -0.999995179 -0.00088556768 -0.00297621065 -0.999998294 -0.000120246671 -0.00184349267 -0.999999703 0.000204320523 -0.000742614126 -0.999967103 -0.0011609383 -0.00802774879 -0.999993412 -0.00147090066 -0.00331835983 -0.999995664 -0.00150815765 -0.00252932632 -0.999997028 -0.00132347752 0.00204771591 -0.999989297 -0.00223675482 -0.00405012923 -0.999999392 0.000737731558 0.000819086806 -0.00332890045 -0.000601207944 -0.999994278 -0.999995788 -0.00174538501 -0.0023188578 -0.999996432 -0.00255830729 0.000769242 -0.999996021 -0.00135604869 0.00247367567 -0.99999868 -0.00157961922 -0.000381205772 -0.999998338 -0.0018094634 -0.000225232214 -0.999805908 -0.00151250786 -0.0196432855 -0.999980433 -0.000703230049 -0.00621606209 -0.999991084 -0.00268059824 0.00326298053 -0.999990255 -0.00373732014 0.00234985379 -0.999992774 -0.003694404 0.000895791482 -0.999996837 -0.00232197946 0.000966799812 -0.99999768 -0.00208710656 0.000532091285 -0.999996344 -0.00241728924 -0.0012118791 -0.999992253 -0.00181710338 -0.00349178011 -0.999999369 -0.000333386796 0.0010724198 -0.999999977 -6.71652721e-05 -0.000203549724 -0.999995139 -0.00171901739 -0.0026014609 -0.999993942 -0.0031142111 0.00155498715 -0.999997018 -0.00171275355 0.00174070095 -0.999998245 -0.00160647308 0.000963463012 -0.999992971 -0.00333822605 -0.00170702112 -0.999998916 -0.000923212647 -0.00114735262 -0.99999345 -0.00157199446 -0.00326016642 -0.999995352 -0.0019878266 -0.00231161537 -0.999997459 -0.00183073096 -0.00131567463 -0.999990529 -0.00424425814 0.000963132879 -0.999994147 -0.00243341143 0.00240504514 -0.999996364 -0.00201337152 0.00179388438 -0.999996023 -0.00281746664 -0.000126502437 -0.999992204 -0.00193894492 -0.00343980711 -0.999997487 -0.00166259431 -0.00150402408 -0.999989747 -0.00152604077 -0.00426336988 -0.999999009 -0.00056990893 0.00128707333 -0.999998505 -0.000801524956 -0.00153188115 -0.999995716 -0.000829778081 0.00280696731 -0.999992813 -0.00317765186 0.00206803511 -0.999986518 -0.00292489924 -0.00429048014 -0.999989522 -0.00276139197 -0.00365110527 -0.999995585 -0.00202564935 -0.00217411304 -0.999996341 -0.00107463387 -0.00248276213 -0.999823538 -0.000337436961 -0.0187824192 -0.0209057854 0.000280986967 -0.999781411 -0.999990266 -0.00435564779 0.000704106359 -0.999997569 -0.000799870409 0.00205468005 -0.999994828 -0.00292534165 -0.00133640682 -0.999995795 -0.00251755819 0.00143973099 -0.999991257 -0.00345424791 0.00235676745 -0.999996002 -0.00256005894 0.00120079929 -0.999996071 -0.0018420423 0.00211323515 -0.999999339 -0.00111720826 -0.000270661272 -0.0471790935 0.000433424299 -0.998886353 -0.999964254 -0.000850427204 -0.00841232971 -0.999995134 -0.00281995289 0.00133395131 -0.999994139 -0.00286575028 0.00187346079 -0.999995082 -0.00134613902 0.00283252939 -0.999998174 -0.0018225484 -0.000574045866 -0.999992544 -0.00167650024 -0.00347865246 -0.999994487 -0.002328992 -0.00236671453 -0.999997948 -0.00108787374 -0.00170916177 -0.999989715 -0.000362663482 -0.00452094023 -0.999995329 -0.00139166249 -0.00272112349 -0.99999875 -0.00155962445 0.000261469864 -0.999998495 -0.00170147173 0.000338910644 -0.999995924 -0.00252865795 0.00132588491 -0.999997292 -0.00144572729 -0.00182350979 -0.999998066 -0.00190346045 -0.000493827825 -0.999998972 -0.00104747391 -0.000978907596 -0.999999752 -0.000703352854 -2.85213788e-05 -0.999994173 -7.72438825e-05 0.0034129306 -0.907287374 0.000608708331 -0.420510702 -0.134289221 -6.59283938e-05 -0.990942178 -0.999980257 0.000378404011 -0.00627237888 -0.99999766 -0.00105424852 0.00188928403 -0.999998398 -0.0014589756 -0.00103747507 -0.999996132 -0.00269234846 0.000698295756 -0.999995263 -0.00211667897 -0.00223473952 -0.999989693 -0.0016136441 -0.00424380086 -0.999997083 -0.00117417953 0.00211079674 -0.999999259 -0.000974073858 0.000730044563 -0.999997526 -0.00195859039 -0.00105420751 -0.999998494 -0.001630954 -0.000593716927 -0.999999481 -0.000749800412 0.000689281759 -0.0172256057 -3.07467165e-06 -0.999851628 -0.0048731453 0.000887895483 -0.999987732 -0.999995293 -0.000870999791 -0.00294214097 -0.99999572 -0.00147976956 -0.00252399912 -0.999993823 -0.00119491379 0.00330560317 -0.999994165 -0.000249248143 0.00340693085 -0.999997915 -0.000528150438 0.00197274431 -0.999999746 -0.000668540549 -0.000247301287 -0.99999479 -0.00208624833 -0.00246342326 -0.999955879 0.000184249817 -0.0093918006 -0.999959718 0.000186268065 -0.00897374915 -0.999999246 -0.00102286983 0.000680206276 -0.999998446 -0.000955694103 0.00148168183 -0.999998719 -0.000765074593 0.00140608663 -0.999998494 -0.0011762447 0.00127611002 -0.999998258 -0.000787174696 0.00169218987 -0.999999191 -0.000824739613 0.00096838349 -0.999994381 -0.00238555016 0.00235506297 -0.999996915 -0.00138261478 -0.00206345242 -0.999998713 -0.00120201566 -0.00106274492 -0.999998214 -0.000410588414 -0.00184475506 -0.999998104 -0.00194683677 3.33051248e-05 -0.999996271 -0.00175844207 -0.00208969462 -0.999996852 -0.00184586446 -0.0016994759 -0.999998528 -0.000408662734 -0.00166642373 -0.999999905 -0.00043024953 7.56215162e-05 -0.999999721 -0.000213094254 -0.000715495192 -0.999994668 -0.000626746286 -0.0032047553 -0.999998517 -0.000634942143 0.00160061283 -0.999998979 -0.000739182162 0.00122301814 -0.999997977 0.000409804959 0.00196912554 -0.999991964 0.000368210317 0.00399198575 -0.999999974 -0.000150446339 0.000172077099 -0.999991981 -0.00210490409 -0.00340706795 -0.999999207 -8.38243819e-05 -0.00125665379 -0.99999871 -0.000118000808 0.00160165936 -0.999998049 -7.05933011e-05 0.00197425409 -0.999985208 0.00154482375 0.00521518554 -0.999085507 0.000250715469 -0.0427561364 -0.999993423 -0.00248373373 -0.00264276779 -0.999998526 -0.00107586287 -0.00133842135 -0.999999411 0.000126491893 0.00107828748 -0.999983148 1.39909271e-05 0.00580553309 -0.999918907 0.000657627769 -0.0127179745 -0.999998715 -0.000633975504 0.00147242592 -0.999996056 -0.000914333811 0.00265573506 -0.999997697 -0.00171081983 0.00129555453 -0.999995459 -0.00178949182 -0.00242472787 -0.99999569 -0.00065974643 -0.00286091892 -0.999984321 -0.000864770274 -0.00553260139 -0.999997805 -0.000723225265 0.00196667121 -0.999996313 -0.00201271539 0.00182268033 -0.999999778 -8.36967285e-05 -0.000660547623 -0.999998028 -0.00126395145 -0.00153158482 -0.999952996 -0.000543365782 -0.00968037579 -0.999997843 -0.00116894512 -0.0017169235 -0.999999168 -0.00123349781 0.000376211223 -0.999996367 -0.0020174441 0.00178765909 -0.999997709 -0.000755619893 0.00200267622 -0.999996638 -0.00258872285 0.000150153561 -0.999999998 3.8079984e-05 4.86437762e-05 -0.999609236 -0.00123460395 -0.0279258243 -0.999994658 -0.00242108899 0.00219593245 -0.99999678 -0.00131147876 -0.00217273338 -0.999995415 -0.00118199041 -0.00278781896 -0.999995295 -0.00219836679 -0.00213931659 -0.999999885 0.000453051409 -0.000155580343 -0.999995693 -0.000803997458 -0.0028225453 -0.999999388 -0.000438473617 0.00101552315 -0.999997941 -0.00143738137 -0.00143237745 -0.999996181 -0.00208874902 0.00180972793 -0.999999711 -0.000759363549 3.34070859e-05 -0.999999674 0.000394118202 -0.000705006547 -0.99999988 0.000166960801 -0.000461272212 -0.999999258 2.45737562e-05 -0.00121761442 -0.999997124 -0.000393712201 0.00236567335 -0.999995676 -0.000222724919 0.00293233493 -0.999993224 -0.00207956189 -0.00303780603 -0.918191079 0.000519702451 -0.396137442 -0.133423705 0.00151315861 -0.991057932 -0.999998184 -7.62919661e-05 0.00190410488 -0.999997217 -0.000300136049 -0.00234025947 -0.999997585 -0.00111427559 -0.00189413165 -0.999892443 -0.00485529295 -0.0138393613 -0.999942163 -0.00233857339 -0.0104977059 -0.999994903 -0.000711182167 -0.00311254376 -0.999991807 -0.00137219386 -0.0038082973 -0.999996513 -0.00143679553 -0.00221581476 -0.999997746 -0.00040081456 0.00208489627 -0.999998569 -0.00112763356 0.00126084146 -0.999999804 0.000473916236 -0.0004087638 -0.999997558 -0.0019739896 -0.00099340126 -0.999999471 -0.000516685152 -0.000889767291 -0.999999287 0.00052598913 -0.00107183681 -0.999999423 0.00027224233 0.00103942064 -0.999988861 -0.000513461049 0.00469184895 -0.999995826 -0.000843255169 -0.00276357525 -0.0088818117 0.00205670003 -0.999958441 -0.0418128634 0.000650135605 -0.999125248 -0.999998312 0.00108825651 0.00148048134 -0.999999675 0.000649913315 0.000477794774 -0.99998821 -0.0017977194 -0.00451079462 -0.999995479 -0.000748950985 0.00291207671 -0.99999902 -0.000121972915 0.00139442162 -0.999997287 0.000495666943 0.00227597767 -0.999997373 -0.000889345652 -0.00211240323 -0.999998054 -0.000720757413 -0.00183657845 -0.999999438 0.000881572972 0.000588458066 -0.999995993 -0.00174085716 -0.00223214753 -0.999998919 -0.00122285797 0.000816466539 -0.999996587 -0.00206551252 0.00160006524 -0.999999407 0.00041724409 -0.00100567717 -0.0165087917 0.00117078233 -0.999863035 -0.999959039 -0.00304777996 -0.0085224539 -0.999999029 0.0010972305 0.000859653408 -0.999998312 0.000437832042 0.00178425887 -0.999996401 0.00068206823 0.00259494822 -0.999993876 0.00200106648 0.00287125885 -0.99999865 -0.00161259286 -0.000316546685 -0.99999743 -0.000867236086 -0.00209465745 -0.999997869 -0.000826529944 -0.0018917374 -0.999997435 -0.000477813765 -0.00221405624 -0.999999207 0.000162478028 -0.00124911449 -0.999999866 0.000490171584 0.000163580014 -0.999999883 0.000481043482 -4.93198735e-05 -0.999999889 -0.000190191294 0.000430742215 -0.999987488 -0.00027514067 0.00499479942 -0.0028893031 0.00196985022 -0.999993886 -0.999996386 0.00194944703 0.00185163404 -0.999992209 -0.000513623385 -0.00391378917 -0.999991616 -0.00254162264 -0.00321056196 -0.999992309 0.00308910375 0.00241667588 -0.99999972 -1.6879867e-05 -0.000747878711 -0.999997601 0.000234193134 -0.00217784708 -0.999983048 -0.00336054318 -0.00475499154 -0.99958862 -0.00322525976 -0.028498933 -0.999993205 -0.00210865169 -0.0030239041 -0.999998947 -0.00120096838 -0.000814650477 -0.999990465 1.50052467e-05 0.00436690423 -0.99999848 0.000869604078 0.0015114511 -0.999999652 0.00025958052 -0.000792356534 -0.999995514 -0.00147706687 -0.00260591762 -0.999999228 -0.000413188041 -0.00117212255 -0.999999518 -0.000233978114 0.000953418093 -0.999999853 -0.000179514927 0.000512556898 -0.0201965588 0.000877132899 -0.999795644 -0.999994127 -0.002225607 -0.00260621764 -0.999990389 -0.000572231145 0.00434671508 -0.99999691 -0.00178037039 -0.00173485299 -0.999999081 -0.000644872075 -0.00119212817 -0.999999834 -0.000561076778 0.0001341525 -0.999843646 0.000193298413 -0.0176817885 -0.999993723 0.00268662152 0.00230981118 -0.999995976 0.00146473235 0.00242962072 -0.999999929 0.000115202386 0.000357520997 -0.999998611 -0.000787961968 -0.00146874519 -0.999995125 -0.00086859082 -0.00299934996 -0.999999678 -0.000545510007 -0.000588221533 -0.999943622 -0.00339471412 -0.0100612159 -0.999990778 -0.000119460607 0.00429294408 -0.999995255 0.000830154041 0.00296676311 -0.999993257 -0.0018458685 -0.00317460881 -0.99999675 -0.00248247575 0.000580824511 -0.999997745 -0.00129286328 -0.00168489113 -0.999999773 -0.000673049132 3.68882734e-05 -0.999990449 -0.00213910549 -0.00381138342 -0.999999765 0.000132320782 0.000672666603 -0.999994954 -0.00137815923 0.00286227049 -0.999992925 -0.00238148786 -0.00291178777 -0.999995952 -0.00234659993 -0.00160939751 -0.999995529 -0.00274785972 0.00117952852 -0.999996485 -0.0022893964 -0.00133704099 -0.999997965 -0.00166696614 -0.00113615949 -0.999999118 -0.00129836107 0.000278257844 -0.99999746 -0.000370116552 -0.00222344119 -0.999984399 -0.000108410358 0.00558481174 -0.00160339088 4.05571567e-05 -0.999998714 -0.999996474 -0.00116731176 -0.00238527909 -0.999996235 -0.000142219414 0.00274055009 -0.999999029 -0.0012385157 0.000638516341 -0.999984835 -0.000950411794 -0.0054247027 -0.999995871 -0.00149980259 -0.00245136028 -0.99999868 -0.000323790985 0.00159249317 -0.999997361 -0.000580122212 0.0022228538 -0.999993859 -0.00198850567 0.00288574619 -0.999996622 -0.00143895629 0.00216447397 -0.999994097 -0.00233601508 0.00251957126 -0.999994811 -0.00293467239 -0.0013287292 -0.999998574 -0.00122955859 0.00115750152 -0.999993898 -0.00297256162 -0.00183496356 -0.999993558 -0.00122667894 -0.00337344663 -0.999995078 -0.00238112023 0.00204296162 -0.999988302 -0.00286937294 -0.00389392879 -0.99999504 -0.00314629469 0.000146907448 -0.99999782 -0.00187533109 -0.000918735692 -0.999998935 -0.000179532368 0.00144835479 -0.937507312 4.6753372e-05 -0.347965571 -0.129424253 -0.000676122856 -0.991589081 -0.00643420353 -0.00160676823 -0.999978009 -0.999995545 -0.00177353345 0.00240084486 -0.999994426 -0.00319909009 0.000955664673 -0.999991063 -0.00317964875 -0.00278635048 -0.999997463 -0.00200811457 -0.00102066218 -0.999980198 0.00047353622 -0.00627533474 -0.999998672 -0.000522431758 -0.00154390664 -0.999999552 -0.000245628024 0.000914584399 -0.999999604 -0.000306590293 0.000835179885 -0.99998991 -0.00382560009 -0.0023547064 -0.999990231 -0.0042241071 -0.00130195889 -0.999988033 -0.00468482251 -0.0014091724 -0.999993501 -0.00256048234 -0.002537908 -0.999995661 -0.00276961244 -0.00100324137 -0.999998723 -0.00149746744 -0.000558087046 -0.999999295 -0.00114102316 0.000328609447 -0.999996456 -0.00244522526 -0.0010533234 -0.99996526 0.0004805957 -0.0083215417 -0.999983234 0.000523316851 -0.00576689567 -0.99999013 -0.000337410021 -0.00443016072 -0.999999986 0.000149389292 -7.23145041e-05 -0.99998469 -3.04506895e-05 0.00553348924 -0.999993327 -0.00247908916 -0.00268338148 -0.999995933 -0.00236520184 -0.00159387452 -0.9999995 -0.000777474307 -0.000628343052 -0.999973898 0.00053874574 0.00720505303 -0.0123862836 -0.00172216724 -0.999921804 -0.0472244017 -0.00124419255 -0.998883531 -0.999983467 0.000594422828 -0.00571955041 -0.99999235 -0.000153598077 0.0039085578 -0.999998292 -0.00019347667 0.00183798244 -0.999995434 -0.00225462236 0.00201199251 -0.999997395 -0.0012131768 0.00193334447 -0.999997791 -0.00137053543 0.00159351238 -0.999997299 -0.00227900225 -0.000455286512 -0.999994963 -0.00263538303 -0.00176894906 -0.999995855 -0.00270717306 -0.000980502964 -0.999997017 -0.00219948641 -0.00106257399 -0.999999296 -0.00118349011 8.06755249e-05 -0.999998465 -0.00146665354 0.00095853513 -0.999997802 -0.000369514173 0.00206361095 -0.999996152 -0.00277374241 -4.83886679e-05 -0.999983558 -4.56467425e-05 -0.00573422248 -0.999967499 9.47522657e-07 -0.00806234679 -0.999999438 0.000100280344 -0.00105529019 -0.999990117 -0.000164716246 0.00444272342 -0.999999133 -0.000524454427 0.00120776792 -0.999995157 -0.00248600264 -0.00187215816 -0.999991887 -0.00273396902 -0.00295828613 -0.999994597 -0.00328285972 -0.000168388915 -0.999997218 -0.00229473952 -0.000545479965 -0.999997658 -0.00161407336 -0.00144181625 -0.999982222 -0.000261933054 -0.00595716103 -0.999999862 -0.000332794984 0.000406198994 -0.999993216 -0.00277397866 -0.00242343883 -0.999998624 -0.0016002462 -0.000436188765 -0.00542745912 -0.00160146479 -0.999983989 -0.999990296 -0.00092977688 -0.00430626981 -0.999999676 0.000352010178 0.000724413863 -0.999999217 -0.00013114766 0.00124417998 -0.999998785 0.000110339375 0.00155474601 -0.999996685 -0.00242020445 -0.000879053032 -0.999999184 -0.000759813644 -0.00102669475 -0.999997194 -0.0022347037 -0.000786516458 -0.999999609 -0.000637237215 -0.000613067967 -0.999999493 -0.000700499072 0.000723343067 -0.999996992 0.000365198743 0.00242534407 -0.999998381 -0.000984029015 0.0015062789 -0.99999483 -0.00220607011 -0.00233958875 -0.999999748 4.57112088e-05 -0.000707923815 -0.999999445 -0.000973424785 0.000403169439 -0.00631430807 -0.000497934965 -0.999979941 -0.999999721 0.000713338409 0.000221983967 -0.999997018 -0.00195297288 -0.00146607948 -0.999999601 -0.000886714575 0.000112155209 -0.999999043 0.00114205564 0.000780307925 -0.999819633 0.00011485487 -0.0189917845 -0.999981571 -0.000875200556 -0.00600768791 -0.999999739 0.000560146264 -0.000455751458 -0.999990138 -0.00172459051 0.0040925372 -0.999993505 -0.00212579189 -0.00291042555 -0.999993402 -0.00283962926 -0.00226529065 -0.999997905 -0.00203836874 -0.000187591828 -0.999998099 -0.000102556258 0.00194733307 -0.999994184 -0.00221335669 0.00259490588 -0.999998632 -0.000185396907 0.0016436027 -0.999998149 -0.00129577377 0.00142240544 -0.999998431 -0.00164754419 -0.000650294475 -0.999999162 0.000211076632 0.00127740508 -0.999999515 -0.000191942957 -0.000965930354 -0.999998801 -0.000647009657 0.0014067678 -0.999996508 -0.0022142203 -0.0014427306 -0.999983857 0.000859908578 0.00561659655 -0.999974181 -0.00167717132 -0.00698742474 -0.999987937 -0.00134104925 0.00472523783 -0.999998069 -0.0018733971 -0.000594200019 -0.999998744 -0.0014831808 -0.000559347535 -0.999999794 0.000563103727 0.000306874285 -0.999999949 0.000317680425 1.65582813e-05 -0.999995947 0.00262815534 0.00109465689 -0.925410919 0.00552167909 -0.378924982 -0.113425526 0.00118067864 -0.9935458 -0.0320966492 0.00232936948 -0.999482055 -0.999999442 -0.000533761659 -0.00091180322 -0.999997534 -0.00165587414 -0.00147976372 -0.999960364 0.0034230102 -0.00821903797 -0.999997842 -0.00144197986 0.00149588458 -0.999999334 -0.00081492013 0.000816811175 -0.999997918 -0.00139986192 0.00148490403 -0.999995735 -0.00118753943 -0.00266846244 -0.999995998 -0.00127217435 -0.00252688325 -0.999998185 -0.000652614867 -0.00178992158 -0.0543820172 0.00428917882 -0.998510991 -0.999990908 -0.00099740325 -0.00414598243 -0.999999366 0.000436182437 0.00103781074 -0.999996533 -0.00224222345 0.00138107269 -0.999998413 -0.0002029254 0.00176971848 -0.99999999 -0.000123869948 6.23604845e-05 -0.999999712 0.000752061136 -9.89706925e-05 -0.999994649 0.00317571627 0.000785069118 -0.999999104 0.000944108784 -0.000948858328 -0.999993236 0.00347211995 0.00121357433 -0.999982437 0.00560161914 0.00193611116 -0.99999904 -0.00122734233 -0.000643435273 -0.99999438 0.00307002765 -0.00134728653 -0.999995559 0.00230786943 0.00188584338 -0.999996556 -0.00246479273 0.000901393125 -0.999996751 0.00252421354 -0.000355591224 0.000818159798 0.00260387243 -0.999996275 -0.999980467 -0.00144910325 -0.00607989302 -0.999985307 0.00517846598 0.00160261704 -0.999962863 0.00858197584 0.000788617955 -0.999999332 0.000620485547 -0.000975349583 -0.999920797 0.00726468289 0.0102773679 -0.999913788 0.00972541284 0.00882228205 -0.99981762 0.0184934138 -0.00476657118 -0.999979376 0.00565568341 0.00304300044 -0.999981965 0.0059424536 0.000869526695 -0.9999985 -2.62969658e-05 0.00173196657 -0.999979194 0.00623182613 0.00166591525 -0.999996782 0.00221784661 0.00123168144 -0.999960482 0.00851450238 -0.00255692366 -0.999994812 0.00277961163 -0.00162787348 -0.999995154 0.00240365751 -0.00197861303 -0.999995711 0.00279560187 -0.000872751498 -0.999994082 0.00343398364 -0.000207558217 -0.999973502 0.00727771203 0.000174404091 -0.999955928 0.00935995547 -0.000729842173 -0.999990091 0.00444829921 -0.000175408386 -0.999940684 0.0108848676 0.000385070229 -0.0115933113 0.00525069509 -0.999919009 -0.999981712 0.000254009801 -0.00604247488 -0.999991374 0.00415320839 -4.89161815e-05 -0.999206574 0.0382863674 0.0109716082 -0.999818119 0.0182963973 -0.00538243721 -0.999911782 0.0128007069 0.00354547009 -0.999861585 0.0166020085 0.00108815134 -0.999893669 0.014570335 -0.000596818826 -0.999872371 0.0158858533 -0.00169730208 -0.999864452 0.0163984843 -0.00147196277 -0.999890838 0.0147753684 1.49741659e-06 -0.999888677 0.0149096635 0.000578736997 -0.99990134 0.0138346408 0.00243164788 -0.999873854 0.0158290548 0.00131048281 -0.999918049 0.0126368168 0.00205096218 -0.999588985 0.0267637341 -0.0102743816 -0.999819342 0.018641953 -0.00370954389 -0.99989913 0.0139497744 0.00267081054 -0.999895893 0.0144093231 0.000757350011 -0.999921707 0.012494461 0.000683933225 -0.999927487 0.01193571 0.00159957233 -0.999801071 0.0198850254 0.00155070207 -0.999875971 0.0155319984 -0.002607497 -0.999857932 0.0167690939 -0.00170677241 -0.999851987 0.0172040688 0.000154115219 -0.999818864 0.0190204279 0.000680153859 -0.999809123 0.0195341614 0.000367235161 -0.999823051 0.0188065954 -0.000423628323 -0.999086892 0.0411634654 -0.0114434052 -0.999773516 0.00588703761 -0.0204513851 -0.999960564 -0.00310619406 -0.00831998408 -0.999988553 0.00378135163 -0.00293170805 -0.996473131 0.0821071624 -0.0173122221 -0.999157793 0.0406128079 -0.00585694949 -0.999904508 0.0131677322 0.00419358688 -0.999991005 0.00424099337 6.44269026e-05 -0.999900104 0.013597545 0.00385854358 -0.999828741 0.018165901 0.00353393566 -0.999876651 0.0156774851 0.000948572819 -0.999872083 0.0159226925 -0.00151189699 -0.999951618 0.00972595136 -0.0014725255 -0.99986245 0.016570977 -0.000696133682 -0.999766665 0.0215758576 -0.00104776786 -0.999724739 0.0233220351 -0.00255515823 -0.999838417 0.0178898899 -0.00175861033 -0.999722949 0.0235255525 0.000757970375 -0.999733326 0.0230906361 -0.000315976139 -0.999774431 0.021238789 -2.80452361e-05 -0.999926776 0.0119199021 0.002087487 -0.999840644 0.0178392739 -0.000668326708 -0.998452916 0.0225932848 -0.0508066711 -0.999395912 0.0322136661 -0.0130418615 -0.0144560114 0.0106358456 -0.999838938 -0.970551045 0.20407939 0.127993245 -0.959366826 0.280627916 -0.0293813978 -0.983855376 0.176696229 0.0284084657 -0.983080842 0.0710617149 0.168826217 -0.929684928 0.345577645 -0.127522649 -0.653387713 0.731777054 -0.193873256 -0.432137587 0.880173135 -0.196347546 -0.362727921 0.912970119 -0.186852928 -0.999926561 -0.0114469884 -0.00397992135 -0.99997645 -0.0068551007 0.000327762374 -0.992483594 0.122130758 -0.00777130428 -0.987853636 0.153904624 -0.0214140188 -0.998426536 0.0538160484 -0.0157570657 -0.999856344 0.0128033279 -0.0111070495 -0.99998754 0.00344277977 0.00361491794 -0.999830789 0.0183577296 0.00117741603 -0.99971872 0.0237164917 9.12442655e-05 -0.994051128 0.10868574 -0.00705443545 -0.0559887861 0.00611745074 -0.998412656 -0.654602147 0.75352861 -0.060750835 -0.666456606 0.740663919 -0.0851619128 -0.967441982 0.0126770353 0.252775206 -0.993770139 0.0339531311 0.106151291 -0.993350094 0.1091802 -0.0365413975 -0.989223946 0.132496004 -0.0622960191 -0.608199218 0.53798655 -0.583664444 -0.495123923 0.55421786 -0.669100041 -0.237359482 0.668393802 -0.704918578 -0.119482697 0.693350378 -0.710625878 -0.999288882 -0.00438141713 -0.0374504173 -0.999883869 0.00657523666 0.0137483001 -0.977296007 0.211562418 0.0115696752 -0.939378098 0.342694655 0.0113649869 -0.950681736 0.309512829 -0.0201505428 -0.95349073 0.296960133 -0.0516730767 -0.983185012 0.146357034 -0.109210123 -0.994133286 0.0628931916 -0.0879969151 -0.999979254 0.00619832617 0.00175253443 -0.999813023 0.0192796597 -0.00148802515 -0.999738296 0.0228650651 0.000726830965 -0.999843716 0.0176771223 -0.000251993753 -0.999840243 0.0178738756 -0.000113035701 -0.999768794 0.021488148 -0.000786547292 -0.999776459 -0.0211416787 -0.000246250172 -0.999953259 0.00964318105 0.000699049329 -0.999118111 0.0404394971 0.0112981428 -0.997789406 0.0659424191 0.00824002223 -0.972514426 0.0321625762 -0.230610625 -0.970325705 0.235232927 -0.0559776372 -0.0753572199 -0.11091041 -0.990969309 -0.0163639973 -0.00872165346 -0.999828061 0.772114033 -0.562762948 -0.295191098 -0.114010473 0.876917256 -0.466923695 0.22136019 -0.0792185664 -0.971969179 0.211156112 -0.0865257906 -0.973615111 -0.907854498 -0.0550669859 0.415653506 -0.949922821 -0.0870993498 0.300100545 -0.974951831 -0.155466588 0.159056803 -0.988609549 -0.150276507 0.0082541788 -0.993818312 -0.0858152075 -0.0704337497 -0.98626992 -0.0984091539 -0.132617054 -0.675222682 0.111725342 -0.729103407 -0.667304677 -0.0300074267 -0.744180101 -0.866495389 -0.159034133 -0.473174266 -0.332963405 -0.204968214 -0.920393069 -0.21892037 -0.13335751 -0.966586595 -0.0179934212 0.683545733 -0.72968587 -0.997224171 0.0289243959 0.0686100043 -0.958910444 0.0666092811 0.275778833 -0.913221835 0.0664778601 0.402003201 0.272585975 0.0515918711 -0.960747191 0.251931076 -0.268214402 -0.929834269 -0.996544232 -0.03922235 -0.0732202217 -0.984871366 -0.0891968566 -0.14856754 -0.999454626 -0.0327465212 -0.00425616239 -0.99981571 -0.0188465148 0.00365433961 -0.999908481 -0.0135086868 0.000737664464 -0.999979437 -0.00464421035 0.00442224985 -0.999953405 -0.00891204862 0.00370975185 -0.999895306 -0.0144366193 0.000980175065 -0.99997956 -0.00637262234 -0.000519094441 -0.99989918 -0.0139469584 -0.00266682414 -0.99986716 -0.0162983371 -0.000163681676 -0.999998161 0.00135741434 -0.00135466149 -0.999958525 0.00885578765 0.00212666608 -0.999994682 0.0032072221 -0.000591590453 -0.999789091 -0.0205367197 0.000131950833 -0.999908066 -0.0135562291 -0.000296726951 -0.997785779 0.066009363 0.00814269226 -0.0123354236 -0.102436318 -0.994663078 0.191654759 -0.0999914727 -0.976355549 0.221154723 -0.177063419 -0.959030309 0.17894035 -0.283243979 -0.942206559 0.651196306 -0.567392712 -0.503992937 -0.935749282 -0.264538714 0.233222103 -0.919043845 -0.387910704 0.0698834454 -0.922548453 -0.385554683 -0.0158725557 -0.948805306 -0.307082437 -0.0739517991 -0.958739168 -0.227991371 -0.169820915 -0.279042045 -0.941805456 -0.187451381 -0.561841386 -0.667139825 -0.489140788 -0.191952582 -0.979026002 -0.0682809876 -0.345284351 -0.38546154 -0.855685759 -0.135706985 -0.987242591 -0.0832807366 -0.23715459 -0.38835417 -0.890471077 -0.126692977 -0.280793559 -0.951369469 -0.0654042379 -0.174140027 -0.982546455 -0.993393633 -0.114246004 -0.010813938 -0.989479763 -0.144632831 -0.00333796457 -0.985802928 -0.167715265 0.00801103149 -0.928719321 -0.11023186 0.354018869 0.305763476 -0.59982825 -0.739401628 -0.949733842 -0.313049426 -0.00238439915 -0.149909596 -0.988358538 -0.0259713994 -0.557523133 -0.829486648 -0.0334642703 -0.0291405703 -0.999280187 -0.0242885927 -0.632120992 -0.77478744 -0.0112904098 -0.0344026037 -0.999178694 -0.0214102517 -0.344385416 -0.938823267 -0.00309171139 -0.0115762665 -0.99991645 -0.00575172831 -0.0184119589 -0.999830231 -0.000714018976 -0.287992373 -0.957632559 0.000525125203 -0.00783529111 -0.999969302 -5.47359184e-05 -0.0151898932 -0.999884148 0.00097817922 -0.282068548 -0.959393305 0.00134906647 -0.267438309 -0.963572035 -0.00238425388 -0.0102794371 -0.999913948 -0.00815041546 -0.170274692 -0.985390119 -0.0035836533 -0.00561960008 -0.999979479 -0.00307600187 -0.12671692 -0.99193892 2.44428548e-05 -0.0100692564 -0.9999493 8.78636205e-05 -0.127070188 -0.991893383 0.00082685501 -0.00232484185 -0.999996443 0.0013075212 -0.0115564746 -0.999932062 0.0015227475 -0.152774804 -0.988260716 0.000784940567 -0.0093205676 -0.999956284 0.00074634184 -0.17567861 -0.984447547 0.000228714373 -0.175215622 -0.984529704 0.000865074681 -0.0186688975 -0.999823882 0.00191735652 -0.325319473 -0.945596829 0.00372527398 -0.0150626392 -0.999883848 0.00232521209 -0.483459298 -0.875365635 0.00145337189 -0.0203403235 -0.999792995 0.000488069388 -0.437996254 -0.898976603 0.000590544766 -0.0292767339 -0.999570682 0.00115100305 -0.528238458 -0.849083919 0.00454200139 -0.00954567119 -0.99994946 0.00315562188 -0.00566350223 -0.999981707 0.00212354583 -0.894384533 -0.447291845 -0.00251236121 -0.908722542 -0.417371807 0.00491083303 0.0865003036 -0.99589032 -0.0268359585 0.00262647504 -0.999558386 -0.0295995554 0.0143987942 -0.999548844 -0.0263587508 0.0121550667 -0.999893194 -0.0081150883 0.00974609527 -0.99991654 -0.0084809939 0.0137386075 -0.99990297 -0.00230223873 0.0114857417 -0.999933866 0.000584814404 0.011024424 -0.999938447 0.00125108015 0.019790512 -0.999803875 0.000739120386 -0.00579055272 -0.346461131 -0.938046456 0.00969872255 -0.999484318 -0.0306109841 0.18897357 -0.980066801 -0.0613029765 0.198374105 -0.979876945 -0.0221107714 0.0508351389 -0.998684686 -0.00668485889 0.0792755302 -0.996852617 0.000500568714 0.0644246373 -0.997922164 0.000906473069 0.0788186745 -0.996888634 0.000816946127 0.0918276185 -0.995774822 0.000438273751 0.0843216247 -0.996437894 0.00117741763 -0.136713618 -0.990556502 0.0103539047 -0.0756666992 -0.996990997 0.0168375242 -0.127774914 -0.991782279 -0.00644074766 -0.158990236 -0.986989544 -0.0239529749 -0.0275890748 -0.977872516 -0.207374507 0.489535362 -0.848802447 -0.199723645 0.861683327 -0.507445537 0.000933095773 0.934213742 -0.356711979 0.0011176133 0.86641058 -0.499294348 -0.00615308246 0.992062969 -0.125714835 0.00261655545 0.55646847 -0.525335938 0.643711887 0.209419082 -0.423652839 -0.881284245 0.120169135 -0.586083002 -0.801290268 0.522277703 -0.728273856 0.443670139 0.769288522 -0.636144994 0.0592850417 0.800213073 -0.597771088 -0.0482572715 0.80082284 -0.574562268 -0.168999936 -0.233602891 -0.972239212 0.0134389078 -0.257820848 -0.966149223 0.00917002585 -0.168357762 -0.985673031 -0.0102146845 -0.131938308 -0.990922388 0.0257896134 -0.271151057 -0.962408694 -0.0157038224 -0.245034102 -0.968803887 -0.0371122255 -0.0558578586 -0.995004029 0.0827458873 -0.0575001483 -0.998073031 0.023322899 -0.0727954544 -0.997172779 -0.018635175 -0.0947885307 -0.994737258 -0.0388963033 -0.0132332262 -0.995331363 0.0956052301 0.0295494274 -0.999276831 0.0239300319 0.0176357359 -0.99984149 -0.00244444263 -0.00741926315 -0.99977879 -0.0196805872 -0.0335966049 -0.993606993 -0.107779456 -0.0423586151 -0.958977965 -0.280298075 0.0128469373 -0.986364751 0.164071736 -0.00900285587 -0.987265788 0.158824468 0.0387228043 -0.997389299 0.0609518773 0.0900398374 -0.995922005 0.00567340576 0.0824796716 -0.99656378 0.00759843978 0.0887977747 -0.995953546 -0.0138379912 0.103742446 -0.991660029 -0.0764715161 0.0473430476 -0.953235512 -0.298497396 0.0828606382 -0.988272628 0.128262728 0.140842528 -0.990014875 0.0058248532 0.175671976 -0.984394291 -0.0103554995 0.173421085 -0.984845796 -0.00197119936 0.209802039 -0.976993032 -0.0383108201 0.225231424 -0.964781085 -0.13589799 0.167718814 -0.958784181 -0.22935408 0.186609211 -0.980630847 0.0594991071 0.149246371 -0.988739181 -0.0109705875 0.22897473 -0.973405171 -0.0072764067 0.260634551 -0.965105314 -0.0253251632 -0.00755632719 -0.939896831 0.341374939 -0.299732042 -0.940295199 0.161262646 0.000632146537 -0.999999592 0.000645573795 -0.156767127 -0.987616005 -0.00622049727 -0.000977714608 -0.999828676 -0.0184841081 -0.146613845 -0.989071326 -0.0155657438 -0.00258148508 -0.999918457 -0.012506646 -0.133351455 -0.991064005 -0.00308679537 -0.00272497859 -0.999995664 0.00111603823 -0.169411905 -0.984674253 0.0414272975 0.00864226726 -0.998949225 0.0450084051 0.0667312188 -0.996982445 0.0396604295 0.0611648586 -0.998023087 -0.0144491803 0.013809375 -0.999622938 0.0237335636 0.0323263221 -0.998919689 0.0333836002 0.0191991417 -0.999794846 0.00645433315 0.00428386414 -0.999728133 -0.0229196194 0.00392849118 -0.999992252 0.000249439181 0.00237636101 -0.999996667 0.0010094207 -0.00181259832 -0.99999666 0.00184229432 0.00550362099 -0.999983793 0.00145743527 0.00664994975 -0.999977886 -7.86630596e-05 -0.00213449265 -0.999996101 -0.00180035432 0.00292313677 -0.999990679 -0.00317768885 -0.00220320832 -0.999245952 0.038764333 0.0275083994 -0.999385558 0.0217208176 0.012059315 -0.999801195 -0.0158790043 0.00750016052 -0.999813841 -0.0177772687 0.00368939426 -0.999978573 -0.00540756586 0.00113811435 -0.999996861 -0.00223237865 0.0015142465 -0.999672562 -0.0255435967 -0.00257965609 -0.999857848 -0.0166622197 -0.00222927149 -0.999996959 0.00105510328 0.00237809992 -0.999992599 0.00302423433 0.00310305325 -0.999995163 0.000210891167 0.00249558796 -0.999996864 0.000211518142 -0.00650583218 -0.999978818 0.000195600336 0.00389883606 -0.999991572 0.0012866205 -0.00275164232 -0.999994197 0.0020085321 0.00730908002 -0.999968176 0.0031976849 0.0049796935 -0.999985768 0.00191501093 0.00675284624 -0.999977062 -0.000524392649 -0.000552232525 -0.999996243 -0.00268485945 0.0022759832 -0.999981323 -0.00567221935 0.0200333254 -0.970329611 0.240954586 0.00100004158 -0.999941742 -0.0107476465 -0.00178972135 -0.99999687 -0.0017484862 0.0027301586 -0.999989915 -0.00356595023 -0.0080202898 -0.999966812 0.00143177992 -0.0142195857 -0.999898013 0.00132894358 -0.0147277729 -0.999891538 -6.89911548e-05 -0.0270154062 -0.999634115 0.00134286728 -0.0369241797 -0.999314305 0.00274323244 -0.0381001332 -0.999273703 0.000668145639 -0.052873724 -0.998601206 -3.15980562e-05 -0.04695914 -0.998892066 0.0030788054 -0.0531165937 -0.998584714 0.00268257418 -0.0860177057 -0.996272592 -0.00647123454 0.222830615 -0.974821652 0.00832246244 0.168713265 -0.985630206 -0.00830246939 0.165617832 -0.986076619 -0.0149544332 0.0844917363 -0.99445517 0.0626103895 0.0765500742 -0.996886604 0.0188993379 0.0269633705 -0.999584765 -0.0101623759 0.0527400095 -0.998128372 -0.0309555391</float_array><technique_common><accessor source="#normals_0-array" count="3358" stride="3"><param name="X" type="float"/><param name="Y" type="float"/><param name="Z" type="float"/></accessor></technique_common></source><vertices id="vert_0">
          <input semantic="POSITION" source="#pos_0"/>
        </vertices>
        <triangles count="5654" material="mat_0">
          <input semantic="VERTEX" source="#vert_0" offset="0"/>
          <input semantic="TEXCOORD" source="#uvs_0" offset="1"/>
          <input semantic="NORMAL" source="#normals_0" offset="2"/><p>0 0 0 1 1 1 2 2 2 3 3 3 4 4 4 5 5 5 6 6 6 3 3 3 5 5 5 5 5 5 4 4 4 7 7 7 4 4 4 8 8 8 7 7 7 7 7 7 8 8 8 9 9 9 7 7 7 9 9 9 10 10 10 10 10 10 9 9 9 11 11 11 10 10 10 11 11 11 12 12 12 12 12 12 11 11 11 13 13 13 11 11 11 14 14 14 13 13 13 14 14 14 15 15 15 13 13 13 13 13 13 15 15 15 16 16 16 16 16 16 15 15 15 17 17 17 17 17 17 18 18 18 19 19 19 16 16 16 17 17 17 19 19 19 19 19 19 18 18 18 20 20 20 19 19 19 20 20 20 21 21 21 20 20 20 22 22 22 23 23 23 21 21 21 20 20 20 23 23 23 22 22 22 24 24 24 25 25 25 23 23 23 22 22 22 25 25 25 24 24 24 26 26 26 25 25 25 25 25 25 26 26 26 27 27 27 27 27 27 26 26 26 28 28 28 27 27 27 28 28 28 29 29 29 27 27 27 29 29 29 30 30 30 29 29 29 31 31 31 32 32 32 30 30 30 29 29 29 32 32 32 32 32 32 31 31 31 33 33 33 33 33 33 34 34 34 35 35 35 36 36 36 37 37 37 38 38 38 37 37 37 39 39 39 38 38 38 38 38 38 39 39 39 40 40 40 39 39 39 41 41 41 40 40 40 42 42 42 43 43 43 44 44 44 43 43 43 45 45 45 44 44 44 44 44 44 45 45 45 46 46 46 45 45 45 47 47 47 46 46 46 46 46 46 47 47 47 48 48 48 48 48 48 47 47 47 49 49 49 48 48 48 49 49 49 50 50 50 50 50 50 49 49 49 51 51 51 49 49 49 52 52 52 51 51 51 51 51 51 52 52 52 53 53 53 51 51 51 53 53 53 54 54 54 54 54 54 53 53 53 55 55 55 54 54 54 55 55 55 56 56 56 57 57 57 58 58 58 3 3 3 6 6 6 57 57 57 3 3 3 59 59 59 60 60 60 61 61 61 3 3 3 58 58 58 62 62 62 3 3 3 62 62 62 4 4 4 4 4 4 62 62 62 63 63 63 4 4 4 63 63 63 8 8 8 8 8 8 63 63 63 9 9 9 63 63 63 64 64 64 9 9 9 9 9 9 64 64 64 65 65 65 9 9 9 65 65 65 11 11 11 11 11 11 65 65 65 14 14 14 14 14 14 65 65 65 66 66 66 14 14 14 66 66 66 67 67 67 14 14 14 67 67 67 15 15 15 15 15 15 67 67 67 17 17 17 31 31 31 34 34 34 33 33 33 68 68 68 36 36 36 69 69 69 36 36 36 70 70 70 71 71 71 36 36 36 71 71 71 37 37 37 41 41 41 72 72 72 42 42 42 42 42 42 73 73 73 43 43 43 43 43 43 74 74 74 45 45 45 47 47 47 75 75 75 49 49 49 75 75 75 76 76 76 49 49 49 49 49 49 76 76 76 52 52 52 52 52 52 76 76 76 53 53 53 55 55 55 77 77 77 56 56 56 62 62 62 58 58 58 78 78 78 64 64 64 63 63 63 79 79 79 79 79 79 80 80 80 65 65 65 64 64 64 79 79 79 65 65 65 80 80 80 81 81 81 65 65 65 65 65 65 81 81 81 66 66 66 66 66 66 82 82 82 67 67 67 82 82 82 83 83 83 67 67 67 83 83 83 17 17 17 67 67 67 84 84 84 85 85 85 18 18 18 17 17 17 84 84 84 18 18 18 18 18 18 86 86 86 20 20 20 20 20 20 86 86 86 87 87 87 20 20 20 87 87 87 22 22 22 87 87 87 88 88 88 24 24 24 22 22 22 87 87 87 24 24 24 88 88 88 89 89 89 26 26 26 24 24 24 88 88 88 26 26 26 26 26 26 89 89 89 90 90 90 26 26 26 90 90 90 28 28 28 28 28 28 90 90 90 29 29 29 90 90 90 91 91 91 29 29 29 91 91 91 92 92 92 31 31 31 29 29 29 91 91 91 31 31 31 31 31 31 92 92 92 34 34 34 35 35 35 93 93 93 68 68 68 35 35 35 68 68 68 69 69 69 36 36 36 68 68 68 70 70 70 37 37 37 71 71 71 39 39 39 39 39 39 71 71 71 94 94 94 39 39 39 94 94 94 41 41 41 41 41 41 94 94 94 72 72 72 42 42 42 72 72 72 95 95 95 42 42 42 95 95 95 73 73 73 43 43 43 73 73 73 74 74 74 45 45 45 74 74 74 96 96 96 45 45 45 96 96 96 47 47 47 96 96 96 97 97 97 47 47 47 47 47 47 97 97 97 75 75 75 97 97 97 98 98 98 75 75 75 75 75 75 98 98 98 76 76 76 76 76 76 99 99 99 53 53 53 53 53 53 99 99 99 55 55 55 55 55 55 99 99 99 100 100 100 55 55 55 100 100 100 77 77 77 57 57 57 101 101 101 58 58 58 61 61 61 102 102 102 103 103 103 58 58 58 101 101 101 104 104 104 58 58 58 104 104 104 78 78 78 78 78 78 105 105 105 62 62 62 62 62 62 105 105 105 63 63 63 63 63 63 105 105 105 79 79 79 81 81 81 82 82 82 66 66 66 83 83 83 84 84 84 17 17 17 18 18 18 85 85 85 86 86 86 87 87 87 106 106 106 88 88 88 88 88 88 106 106 106 89 89 89 89 89 89 107 107 107 90 90 90 90 90 90 107 107 107 91 91 91 107 107 107 108 108 108 91 91 91 91 91 91 108 108 108 109 109 109 109 109 109 108 108 108 110 110 110 91 91 91 109 109 109 92 92 92 92 92 92 109 109 109 111 111 111 109 109 109 110 110 110 111 111 111 92 92 92 111 111 111 34 34 34 93 93 93 112 112 112 68 68 68 68 68 68 112 112 112 113 113 113 68 68 68 113 113 113 114 114 114 68 68 68 114 114 114 70 70 70 113 113 113 115 115 115 114 114 114 70 70 70 114 114 114 71 71 71 71 71 71 114 114 114 116 116 116 71 71 71 116 116 116 117 117 117 71 71 71 117 117 117 94 94 94 94 94 94 117 117 117 72 72 72 117 117 117 95 95 95 72 72 72 95 95 95 118 118 118 73 73 73 73 73 73 118 118 118 119 119 119 119 119 119 120 120 120 73 73 73 73 73 73 120 120 120 74 74 74 74 74 74 120 120 120 96 96 96 96 96 96 120 120 120 121 121 121 96 96 96 121 121 121 122 122 122 96 96 96 122 122 122 97 97 97 122 122 122 98 98 98 97 97 97 76 76 76 98 98 98 123 123 123 123 123 123 99 99 99 76 76 76 100 100 100 124 124 124 77 77 77 103 103 103 102 102 102 125 125 125 101 101 101 126 126 126 104 104 104 127 127 127 128 128 128 129 129 129 128 128 128 130 130 130 129 129 129 129 129 129 130 130 130 131 131 131 105 105 105 132 132 132 79 79 79 130 130 130 133 133 133 131 131 131 79 79 79 132 132 132 134 134 134 131 131 131 133 133 133 135 135 135 133 133 133 136 136 136 135 135 135 79 79 79 134 134 134 80 80 80 80 80 80 134 134 134 81 81 81 135 135 135 136 136 136 137 137 137 136 136 136 138 138 138 137 137 137 137 137 137 138 138 138 139 139 139 138 138 138 140 140 140 139 139 139 139 139 139 140 140 140 141 141 141 141 141 141 140 140 140 142 142 142 142 142 142 140 140 140 143 143 143 142 142 142 143 143 143 144 144 144 85 85 85 145 145 145 86 86 86 143 143 143 146 146 146 147 147 147 144 144 144 143 143 143 147 147 147 86 86 86 145 145 145 148 148 148 86 86 86 148 148 148 87 87 87 147 147 147 146 146 146 149 149 149 149 149 149 146 146 146 150 150 150 87 87 87 148 148 148 106 106 106 148 148 148 151 151 151 106 106 106 149 149 149 150 150 150 152 152 152 151 151 151 153 153 153 89 89 89 106 106 106 151 151 151 89 89 89 152 152 152 150 150 150 154 154 154 154 154 154 150 150 150 155 155 155 89 89 89 153 153 153 107 107 107 107 107 107 153 153 153 156 156 156 154 154 154 155 155 155 157 157 157 157 157 157 155 155 155 158 158 158 107 107 107 156 156 156 108 108 108 114 114 114 115 115 115 116 116 116 159 159 159 160 160 160 161 161 161 161 161 161 160 160 160 162 162 162 117 117 117 116 116 116 163 163 163 161 161 161 162 162 162 164 164 164 117 117 117 163 163 163 95 95 95 164 164 164 162 162 162 165 165 165 95 95 95 163 163 163 118 118 118 164 164 164 165 165 165 166 166 166 166 166 166 165 165 165 167 167 167 167 167 167 165 165 165 168 168 168 167 167 167 168 168 168 169 169 169 169 169 169 168 168 168 170 170 170 168 168 168 171 171 171 172 172 172 170 170 170 168 168 168 172 172 172 98 98 98 122 122 122 123 123 123 172 172 172 171 171 171 173 173 173 171 171 171 174 174 174 173 173 173 123 123 123 175 175 175 99 99 99 174 174 174 176 176 176 177 177 177 173 173 173 174 174 174 177 177 177 177 177 177 176 176 176 178 178 178 175 175 175 124 124 124 100 100 100 99 99 99 175 175 175 100 100 100 177 177 177 178 178 178 179 179 179 179 179 179 178 178 178 180 180 180 180 180 180 181 181 181 179 179 179 182 182 182 183 183 183 184 184 184 59 59 59 185 185 185 60 60 60 34 34 34 111 111 111 93 93 93 34 34 34 93 93 93 35 35 35 61 61 61 60 60 60 186 186 186 61 61 61 186 186 186 102 102 102 183 183 183 187 187 187 128 128 128 128 128 128 187 187 187 130 130 130 130 130 130 188 188 188 133 133 133 133 133 133 188 188 188 136 136 136 136 136 136 188 188 188 189 189 189 136 136 136 189 189 189 138 138 138 143 143 143 190 190 190 146 146 146 146 146 146 190 190 190 150 150 150 150 150 150 190 190 190 191 191 191 150 150 150 191 191 191 192 192 192 150 150 150 192 192 192 155 155 155 155 155 155 192 192 192 193 193 193 155 155 155 193 193 193 158 158 158 158 158 158 193 193 193 194 194 194 156 156 156 195 195 195 108 108 108 194 194 194 196 196 196 158 158 158 108 108 108 195 195 195 110 110 110 195 195 195 197 197 197 110 110 110 158 158 158 196 196 196 198 198 198 196 196 196 199 199 199 198 198 198 110 110 110 197 197 197 111 111 111 197 197 197 200 200 200 111 111 111 198 198 198 199 199 199 201 201 201 201 201 201 199 199 199 202 202 202 111 111 111 200 200 200 203 203 203 111 111 111 203 203 203 93 93 93 201 201 201 202 202 202 204 204 204 204 204 204 202 202 202 205 205 205 93 93 93 203 203 203 112 112 112 203 203 203 206 206 206 112 112 112 204 204 204 205 205 205 207 207 207 204 204 204 207 207 207 208 208 208 112 112 112 206 206 206 113 113 113 113 113 113 206 206 206 115 115 115 208 208 208 207 207 207 209 209 209 208 208 208 160 160 160 159 159 159 208 208 208 209 209 209 160 160 160 160 160 160 209 209 209 162 162 162 209 209 209 210 210 210 162 162 162 162 162 162 210 210 210 211 211 211 162 162 162 211 211 211 165 165 165 165 165 165 211 211 211 212 212 212 165 165 165 212 212 212 168 168 168 212 212 212 213 213 213 168 168 168 168 168 168 213 213 213 214 214 214 168 168 168 214 214 214 171 171 171 215 215 215 216 216 216 182 182 182 182 182 182 216 216 216 183 183 183 187 187 187 217 217 217 130 130 130 217 217 217 218 218 218 130 130 130 130 130 130 218 218 218 188 188 188 188 188 188 218 218 218 219 219 219 188 188 188 219 219 219 189 189 189 189 189 189 220 220 220 138 138 138 220 220 220 221 221 221 138 138 138 138 138 138 221 221 221 140 140 140 140 140 140 221 221 221 222 222 222 140 140 140 222 222 222 143 143 143 143 143 143 222 222 222 223 223 223 223 223 223 190 190 190 143 143 143 190 190 190 224 224 224 191 191 191 207 207 207 225 225 225 209 209 209 210 210 210 226 226 226 211 211 211 211 211 211 226 226 226 212 212 212 213 213 213 227 227 227 214 214 214 214 214 214 228 228 228 171 171 171 171 171 171 228 228 228 229 229 229 171 171 171 229 229 229 174 174 174 174 174 174 229 229 229 176 176 176 176 176 176 230 230 230 178 178 178 216 216 216 231 231 231 183 183 183 185 185 185 232 232 232 60 60 60 186 186 186 60 60 60 233 233 233 186 186 186 233 233 233 234 234 234 218 218 218 235 235 235 219 219 219 189 189 189 219 219 219 236 236 236 189 189 189 236 236 236 220 220 220 237 237 237 221 221 221 220 220 220 224 224 224 238 238 238 191 191 191 238 238 238 239 239 239 191 191 191 239 239 239 193 193 193 191 191 191 191 191 191 193 193 193 192 192 192 199 199 199 196 196 196 240 240 240 205 205 205 241 241 241 207 207 207 207 207 207 241 241 241 242 242 242 242 242 242 243 243 243 207 207 207 207 207 207 243 243 243 244 244 244 207 207 207 244 244 244 225 225 225 225 225 225 245 245 245 209 209 209 210 210 210 246 246 246 226 226 226 226 226 226 247 247 247 212 212 212 247 247 247 248 248 248 213 213 213 212 212 212 247 247 247 213 213 213 227 227 227 249 249 249 214 214 214 214 214 214 249 249 249 228 228 228 232 232 232 250 250 250 60 60 60 231 231 231 251 251 251 183 183 183 183 183 183 251 251 251 187 187 187 187 187 187 252 252 252 217 217 217 218 218 218 253 253 253 235 235 235 219 219 219 235 235 235 254 254 254 254 254 254 236 236 236 219 219 219 236 236 236 237 237 237 220 220 220 237 237 237 255 255 255 221 221 221 255 255 255 256 256 256 221 221 221 221 221 221 257 257 257 222 222 222 223 223 223 258 258 258 190 190 190 190 190 190 258 258 258 259 259 259 259 259 259 224 224 224 190 190 190 224 224 224 260 260 260 238 238 238 238 238 238 260 260 260 239 239 239 239 239 239 260 260 260 261 261 261 239 239 239 261 261 261 193 193 193 261 261 261 262 262 262 193 193 193 193 193 193 262 262 262 263 263 263 194 194 194 193 193 193 240 240 240 194 194 194 240 240 240 196 196 196 209 209 209 245 245 245 210 210 210 210 210 210 264 264 264 246 246 246 246 246 246 265 265 265 226 226 226 248 248 248 266 266 266 213 213 213 213 213 213 266 266 266 227 227 227 229 229 229 267 267 267 176 176 176 176 176 176 267 267 267 230 230 230 178 178 178 268 268 268 180 180 180 180 180 180 268 268 268 269 269 269 180 180 180 269 269 269 181 181 181 250 250 250 270 270 270 60 60 60 60 60 60 270 270 270 233 233 233 233 233 233 271 271 271 234 234 234 251 251 251 272 272 272 187 187 187 187 187 187 272 272 272 252 252 252 217 217 217 252 252 252 273 273 273 217 217 217 273 273 273 218 218 218 218 218 218 273 273 273 253 253 253 221 221 221 256 256 256 257 257 257 222 222 222 257 257 257 274 274 274 222 222 222 274 274 274 223 223 223 223 223 223 274 274 274 258 258 258 263 263 263 275 275 275 193 193 193 275 275 275 276 276 276 193 193 193 193 193 193 276 276 276 240 240 240 240 240 240 277 277 277 199 199 199 199 199 199 277 277 277 202 202 202 202 202 202 277 277 277 278 278 278 278 278 278 279 279 279 205 205 205 202 202 202 278 278 278 205 205 205 205 205 205 279 279 279 241 241 241 225 225 225 244 244 244 280 280 280 225 225 225 280 280 280 245 245 245 245 245 245 281 281 281 210 210 210 210 210 210 281 281 281 264 264 264 266 266 266 282 282 282 227 227 227 249 249 249 283 283 283 228 228 228 283 283 283 267 267 267 228 228 228 228 228 228 267 267 267 229 229 229 178 178 178 230 230 230 268 268 268 252 252 252 284 284 284 273 273 273 285 285 285 286 286 286 235 235 235 253 253 253 285 285 285 235 235 235 286 286 286 287 287 287 235 235 235 235 235 235 287 287 287 288 288 288 235 235 235 288 288 288 254 254 254 236 236 236 254 254 254 289 289 289 236 236 236 289 289 289 237 237 237 256 256 256 290 290 290 257 257 257 224 224 224 259 259 259 260 260 260 279 279 279 242 242 242 241 241 241 226 226 226 291 291 291 247 247 247 249 249 249 227 227 227 283 283 283 185 185 185 292 292 292 232 232 232 233 233 233 270 270 270 271 271 271 251 251 251 293 293 293 272 272 272 284 284 284 294 294 294 273 273 273 295 295 295 296 296 296 285 285 285 253 253 253 295 295 295 285 285 285 296 296 296 297 297 297 285 285 285 285 285 285 297 297 297 298 298 298 285 285 285 298 298 298 286 286 286 288 288 288 299 299 299 254 254 254 299 299 299 300 300 300 254 254 254 237 237 237 301 301 301 255 255 255 255 255 255 302 302 302 256 256 256 303 303 303 290 290 290 256 256 256 290 290 290 304 304 304 257 257 257 257 257 257 304 304 304 274 274 274 304 304 304 305 305 305 274 274 274 305 305 305 306 306 306 274 274 274 306 306 306 307 307 307 274 274 274 274 274 274 307 307 307 258 258 258 258 258 258 308 308 308 259 259 259 260 260 260 309 309 309 261 261 261 281 281 281 310 310 310 264 264 264 264 264 264 310 310 310 246 246 246 227 227 227 282 282 282 283 283 283 267 267 267 311 311 311 230 230 230 273 273 273 294 294 294 253 253 253 295 295 295 312 312 312 296 296 296 289 289 289 313 313 313 237 237 237 237 237 237 313 313 313 301 301 301 302 302 302 303 303 303 256 256 256 290 290 290 314 314 314 304 304 304 314 314 314 315 315 315 304 304 304 315 315 315 316 316 316 304 304 304 304 304 304 316 316 316 305 305 305 262 262 262 317 317 317 263 263 263 240 240 240 276 276 276 277 277 277 244 244 244 318 318 318 280 280 280 280 280 280 319 319 319 245 245 245 245 245 245 319 319 319 281 281 281 265 265 265 291 291 291 226 226 226 283 283 283 320 320 320 267 267 267 267 267 267 321 321 321 311 311 311 322 322 322 323 323 323 324 324 324 325 325 325 326 326 326 327 327 327 328 328 328 325 325 325 327 327 327 324 324 324 329 329 329 330 330 330 329 329 329 331 331 331 332 332 332 330 330 330 329 329 329 332 332 332 332 332 332 331 331 331 333 333 333 332 332 332 333 333 333 334 334 334 335 335 335 336 336 336 333 333 333 331 331 331 335 335 335 333 333 333 334 334 334 333 333 333 337 337 337 334 334 334 337 337 337 338 338 338 336 336 336 339 339 339 337 337 337 333 333 333 336 336 336 337 337 337 337 337 337 339 339 339 340 340 340 337 337 337 340 340 340 338 338 338 341 341 341 342 342 342 324 324 324 323 323 323 341 341 341 324 324 324 327 327 327 326 326 326 343 343 343 327 327 327 343 343 343 344 344 344 344 344 344 343 343 343 345 345 345 344 344 344 345 345 345 346 346 346 342 342 342 347 347 347 329 329 329 324 324 324 342 342 342 329 329 329 347 347 347 348 348 348 331 331 331 329 329 329 347 347 347 331 331 331 342 342 342 349 349 349 350 350 350 342 342 342 350 350 350 347 347 347 345 345 345 351 351 351 352 352 352 346 346 346 345 345 345 352 352 352 352 352 352 351 351 351 353 353 353 352 352 352 353 353 353 354 354 354 350 350 350 355 355 355 348 348 348 347 347 347 350 350 350 348 348 348 348 348 348 355 355 355 356 356 356 348 348 348 356 356 356 357 357 357 358 358 358 359 359 359 360 360 360 355 355 355 361 361 361 356 356 356 361 361 361 362 362 362 356 356 356 350 350 350 363 363 363 355 355 355 354 354 354 353 353 353 364 364 364 365 365 365 366 366 366 367 367 367 367 367 367 368 368 368 369 369 369 367 367 367 369 369 369 365 365 365 365 365 365 370 370 370 371 371 371 365 365 365 371 371 371 366 366 366 372 372 372 373 373 373 374 374 374 365 365 365 369 369 369 370 370 370 371 371 371 375 375 375 376 376 376 366 366 366 371 371 371 376 376 376 370 370 370 377 377 377 371 371 371 373 373 373 378 378 378 374 374 374 374 374 374 378 378 378 379 379 379 371 371 371 377 377 377 380 380 380 371 371 371 380 380 380 375 375 375 380 380 380 381 381 381 382 382 382 375 375 375 380 380 380 382 382 382 381 381 381 383 383 383 382 382 382 377 377 377 384 384 384 380 380 380 378 378 378 385 385 385 379 379 379 379 379 379 385 385 385 386 386 386 379 379 379 386 386 386 387 387 387 380 380 380 384 384 384 388 388 388 380 380 380 388 388 388 381 381 381 381 381 381 388 388 388 389 389 389 381 381 381 389 389 389 383 383 383 389 389 389 390 390 390 391 391 391 383 383 383 389 389 389 391 391 391 391 391 391 390 390 390 392 392 392 392 392 392 390 390 390 393 393 393 392 392 392 393 393 393 394 394 394 394 394 394 395 395 395 396 396 396 392 392 392 394 394 394 396 396 396 396 396 396 395 395 395 397 397 397 395 395 395 398 398 398 397 397 397 397 397 397 398 398 398 399 399 399 398 398 398 400 400 400 399 399 399 399 399 399 400 400 400 401 401 401 400 400 400 402 402 402 401 401 401 401 401 401 402 402 402 403 403 403 403 403 403 402 402 402 404 404 404 403 403 403 404 404 404 405 405 405 404 404 404 406 406 406 405 405 405 407 407 407 408 408 408 388 388 388 384 384 384 407 407 407 388 388 388 409 409 409 410 410 410 411 411 411 387 387 387 386 386 386 412 412 412 411 411 411 410 410 410 413 413 413 411 411 411 413 413 413 414 414 414 388 388 388 408 408 408 415 415 415 388 388 388 415 415 415 389 389 389 414 414 414 413 413 413 416 416 416 408 408 408 417 417 417 415 415 415 389 389 389 415 415 415 418 418 418 417 417 417 419 419 419 418 418 418 415 415 415 417 417 417 418 418 418 389 389 389 418 418 418 390 390 390 390 390 390 418 418 418 420 420 420 419 419 419 421 421 421 420 420 420 418 418 418 419 419 419 420 420 420 390 390 390 420 420 420 393 393 393 420 420 420 422 422 422 393 393 393 420 420 420 421 421 421 422 422 422 393 393 393 422 422 422 394 394 394 422 422 422 421 421 421 423 423 423 394 394 394 422 422 422 424 424 424 394 394 394 424 424 424 395 395 395 422 422 422 423 423 423 424 424 424 425 425 425 426 426 426 427 427 427 395 395 395 424 424 424 398 398 398 398 398 398 424 424 424 428 428 428 427 427 427 426 426 426 429 429 429 426 426 426 430 430 430 429 429 429 398 398 398 428 428 428 400 400 400 428 428 428 431 431 431 400 400 400 429 429 429 430 430 430 432 432 432 400 400 400 431 431 431 402 402 402 432 432 432 430 430 430 433 433 433 431 431 431 434 434 434 402 402 402 432 432 432 433 433 433 435 435 435 402 402 402 434 434 434 404 404 404 433 433 433 436 436 436 435 435 435 404 404 404 434 434 434 406 406 406 435 435 435 436 436 436 437 437 437 436 436 436 438 438 438 437 437 437 439 439 439 440 440 440 231 231 231 231 231 231 440 440 440 251 251 251 441 441 441 442 442 442 253 253 253 253 253 253 442 442 442 295 295 295 254 254 254 443 443 443 289 289 289 290 290 290 444 444 444 314 314 314 306 306 306 445 445 445 307 307 307 307 307 307 308 308 308 258 258 258 309 309 309 446 446 446 261 261 261 261 261 261 446 446 446 262 262 262 263 263 263 317 317 317 275 275 275 311 311 311 447 447 447 230 230 230 230 230 230 447 447 447 268 268 268 268 268 268 448 448 448 269 269 269 449 449 449 450 450 450 299 299 299 451 451 451 449 449 449 299 299 299 299 299 299 450 450 450 300 300 300 452 452 452 453 453 453 454 454 454 455 455 455 452 452 452 454 454 454 456 456 456 457 457 457 452 452 452 455 455 455 456 456 456 452 452 452 452 452 452 457 457 457 458 458 458 452 452 452 458 458 458 453 453 453 454 454 454 453 453 453 459 459 459 454 454 454 459 459 459 460 460 460 460 460 460 459 459 459 461 461 461 460 460 460 461 461 461 462 462 462 463 463 463 464 464 464 461 461 461 459 459 459 463 463 463 461 461 461 343 343 343 465 465 465 345 345 345 335 335 335 466 466 466 336 336 336 466 466 466 467 467 467 339 339 339 336 336 336 466 466 466 339 339 339 453 453 453 468 468 468 469 469 469 453 453 453 469 469 469 459 459 459 458 458 458 470 470 470 468 468 468 453 453 453 458 458 458 468 468 468 468 468 468 470 470 470 469 469 469 345 345 345 465 465 465 351 351 351 351 351 351 471 471 471 353 353 353 353 353 353 471 471 471 472 472 472 353 353 353 472 472 472 359 359 359 359 359 359 472 472 472 473 473 473 359 359 359 473 473 473 360 360 360 362 362 362 474 474 474 475 475 475 467 467 467 362 362 362 475 475 475 360 360 360 476 476 476 477 477 477 361 361 361 478 478 478 362 362 362 360 360 360 473 473 473 476 476 476 476 476 476 479 479 479 477 477 477 478 478 478 480 480 480 474 474 474 362 362 362 478 478 478 474 474 474 481 481 481 482 482 482 480 480 480 478 478 478 481 481 481 480 480 480 479 479 479 483 483 483 484 484 484 477 477 477 479 479 479 484 484 484 481 481 481 485 485 485 482 482 482 482 482 482 486 486 486 487 487 487 480 480 480 482 482 482 487 487 487 483 483 483 488 488 488 372 372 372 489 489 489 483 483 483 372 372 372 376 376 376 490 490 490 491 491 491 492 492 492 376 376 376 491 491 491 488 488 488 493 493 493 373 373 373 372 372 372 488 488 488 373 373 373 490 490 490 494 494 494 495 495 495 490 490 490 495 495 495 496 496 496 373 373 373 493 493 493 378 378 378 497 497 497 498 498 498 499 499 499 498 498 498 500 500 500 501 501 501 499 499 499 498 498 498 501 501 501 500 500 500 502 502 502 503 503 503 501 501 501 500 500 500 503 503 503 503 503 503 502 502 502 504 504 504 504 504 504 502 502 502 505 505 505 504 504 504 505 505 505 506 506 506 504 504 504 506 506 506 507 507 507 506 506 506 508 508 508 507 507 507 507 507 507 508 508 508 509 509 509 508 508 508 510 510 510 509 509 509 509 509 509 510 510 510 511 511 511 510 510 510 512 512 512 511 511 511 512 512 512 513 513 513 514 514 514 511 511 511 512 512 512 514 514 514 513 513 513 515 515 515 514 514 514 516 516 516 517 517 517 518 518 518 516 516 516 519 519 519 520 520 520 516 516 516 520 520 520 517 517 517 516 516 516 518 518 518 521 521 521 516 516 516 521 521 521 522 522 522 523 523 523 524 524 524 525 525 525 522 522 522 521 521 521 526 526 526 524 524 524 527 527 527 528 528 528 525 525 525 524 524 524 528 528 528 529 529 529 385 385 385 378 378 378 378 378 378 493 493 493 530 530 530 378 378 378 530 530 530 529 529 529 529 529 529 530 530 530 385 385 385 531 531 531 532 532 532 523 523 523 533 533 533 531 531 531 523 523 523 532 532 532 534 534 534 524 524 524 523 523 523 532 532 532 524 524 524 534 534 534 535 535 535 527 527 527 524 524 524 534 534 534 527 527 527 536 536 536 410 410 410 409 409 409 530 530 530 537 537 537 385 385 385 536 536 536 538 538 538 539 539 539 536 536 536 539 539 539 410 410 410 540 540 540 541 541 541 532 532 532 531 531 531 540 540 540 532 532 532 532 532 532 541 541 541 542 542 542 532 532 532 542 542 542 534 534 534 543 543 543 544 544 544 545 545 545 546 546 546 547 547 547 548 548 548 546 546 546 548 548 548 549 549 549 544 544 544 550 550 550 551 551 551 545 545 545 544 544 544 551 551 551 410 410 410 539 539 539 552 552 552 410 410 410 552 552 552 413 413 413 413 413 413 553 553 553 416 416 416 413 413 413 552 552 552 554 554 554 413 413 413 554 554 554 553 553 553 416 416 416 553 553 553 555 555 555 416 416 416 555 555 555 556 556 556 554 554 554 557 557 557 555 555 555 553 553 553 554 554 554 555 555 555 556 556 556 555 555 555 558 558 558 557 557 557 559 559 559 558 558 558 555 555 555 557 557 557 558 558 558 556 556 556 558 558 558 560 560 560 560 560 560 558 558 558 561 561 561 558 558 558 559 559 559 561 561 561 561 561 561 559 559 559 562 562 562 561 561 561 563 563 563 560 560 560 561 561 561 562 562 562 563 563 563 563 563 563 562 562 562 564 564 564 560 560 560 563 563 563 425 425 425 563 563 563 565 565 565 425 425 425 563 563 563 564 564 564 565 565 565 564 564 564 566 566 566 565 565 565 425 425 425 565 565 565 426 426 426 566 566 566 567 567 567 565 565 565 565 565 565 568 568 568 426 426 426 565 565 565 567 567 567 568 568 568 426 426 426 568 568 568 430 430 430 568 568 568 567 567 567 569 569 569 430 430 430 568 568 568 570 570 570 568 568 568 569 569 569 570 570 570 569 569 569 571 571 571 570 570 570 570 570 570 572 572 572 433 433 433 430 430 430 570 570 570 433 433 433 570 570 570 571 571 571 572 572 572 571 571 571 573 573 573 572 572 572 433 433 433 572 572 572 574 574 574 433 433 433 574 574 574 436 436 436 572 572 572 573 573 573 574 574 574 573 573 573 575 575 575 574 574 574 436 436 436 574 574 574 576 576 576 436 436 436 576 576 576 438 438 438 574 574 574 575 575 575 576 576 576 438 438 438 576 576 576 543 543 543 575 575 575 577 577 577 576 576 576 578 578 578 579 579 579 252 252 252 272 272 272 578 578 578 252 252 252 252 252 252 579 579 579 284 284 284 253 253 253 294 294 294 441 441 441 295 295 295 442 442 442 312 312 312 300 300 300 443 443 443 254 254 254 255 255 255 580 580 580 302 302 302 444 444 444 581 581 581 314 314 314 307 307 307 582 582 582 308 308 308 276 276 276 275 275 275 583 583 583 276 276 276 583 583 583 277 277 277 277 277 277 583 583 583 278 278 278 278 278 278 584 584 584 279 279 279 279 279 279 584 584 584 242 242 242 242 242 242 584 584 584 243 243 243 280 280 280 318 318 318 319 319 319 319 319 319 585 585 585 281 281 281 310 310 310 265 265 265 246 246 246 247 247 247 291 291 291 586 586 586 247 247 247 586 586 586 248 248 248 248 248 248 586 586 586 266 266 266 266 266 266 586 586 586 282 282 282 320 320 320 321 321 321 267 267 267 587 587 587 588 588 588 326 326 326 325 325 325 587 587 587 326 326 326 326 326 326 588 588 588 589 589 589 590 590 590 591 591 591 450 450 450 449 449 449 590 590 590 450 450 450 450 450 450 591 591 591 592 592 592 450 450 450 592 592 592 300 300 300 593 593 593 594 594 594 595 595 595 596 596 596 597 597 597 593 593 593 593 593 593 597 597 597 598 598 598 593 593 593 598 598 598 594 594 594 599 599 599 600 600 600 601 601 601 445 445 445 602 602 602 307 307 307 603 603 603 604 604 604 601 601 601 600 600 600 603 603 603 601 601 601 589 589 589 605 605 605 465 465 465 465 465 465 605 605 605 471 471 471 606 606 606 470 470 470 458 458 458 457 457 457 606 606 606 458 458 458 594 594 594 598 598 598 607 607 607 594 594 594 607 607 607 608 608 608 469 469 469 609 609 609 464 464 464 463 463 463 469 469 469 464 464 464 610 610 610 611 611 611 472 472 472 471 471 471 610 610 610 472 472 472 611 611 611 612 612 612 473 473 473 472 472 472 611 611 611 473 473 473 473 473 473 612 612 612 613 613 613 473 473 473 613 613 613 614 614 614 615 615 615 616 616 616 470 470 470 606 606 606 615 615 615 470 470 470 607 607 607 617 617 617 618 618 618 608 608 608 607 607 607 618 618 618 470 470 470 616 616 616 619 619 619 470 470 470 619 619 619 469 469 469 469 469 469 619 619 619 620 620 620 469 469 469 620 620 620 609 609 609 609 609 609 620 620 620 621 621 621 613 613 613 622 622 622 479 479 479 614 614 614 613 613 613 479 479 479 623 623 623 624 624 624 625 625 625 626 626 626 623 623 623 625 625 625 615 615 615 627 627 627 616 616 616 618 618 618 617 617 617 628 628 628 616 616 616 629 629 629 619 619 619 619 619 619 629 629 629 630 630 630 619 619 619 630 630 630 620 620 620 630 630 630 631 631 631 621 621 621 620 620 620 630 630 630 621 621 621 479 479 479 622 622 622 632 632 632 479 479 479 632 632 632 483 483 483 633 633 633 634 634 634 635 635 635 624 624 624 636 636 636 637 637 637 627 627 627 638 638 638 616 616 616 617 617 617 639 639 639 628 628 628 628 628 628 639 639 639 640 640 640 627 627 627 641 641 641 638 638 638 638 638 638 642 642 642 629 629 629 616 616 616 638 638 638 629 629 629 629 629 629 642 642 642 643 643 643 629 629 629 643 643 643 630 630 630 643 643 643 644 644 644 631 631 631 630 630 630 643 643 643 631 631 631 483 483 483 632 632 632 488 488 488 645 645 645 646 646 646 647 647 647 634 634 634 645 645 645 647 647 647 638 638 638 648 648 648 642 642 642 641 641 641 649 649 649 648 648 648 638 638 638 641 641 641 648 648 648 642 642 642 650 650 650 643 643 643 650 650 650 651 651 651 644 644 644 643 643 643 650 650 650 644 644 644 652 652 652 653 653 653 493 493 493 488 488 488 652 652 652 493 493 493 654 654 654 655 655 655 656 656 656 646 646 646 654 654 654 656 656 656 657 657 657 658 658 658 659 659 659 657 657 657 659 659 659 660 660 660 648 648 648 649 649 649 661 661 661 657 657 657 662 662 662 658 658 658 659 659 659 663 663 663 664 664 664 660 660 660 659 659 659 664 664 664 663 663 663 519 519 519 665 665 665 664 664 664 663 663 663 665 665 665 666 666 666 667 667 667 658 658 658 658 658 658 667 667 667 668 668 668 658 658 658 668 668 668 659 659 659 668 668 668 520 520 520 663 663 663 659 659 659 668 668 668 663 663 663 663 663 663 520 520 520 519 519 519 669 669 669 670 670 670 671 671 671 672 672 672 673 673 673 674 674 674 493 493 493 653 653 653 675 675 675 493 493 493 675 675 675 530 530 530 676 676 676 677 677 677 670 670 670 669 669 669 676 676 676 670 670 670 530 530 530 675 675 675 678 678 678 530 530 530 678 678 678 537 537 537 679 679 679 680 680 680 539 539 539 538 538 538 679 679 679 539 539 539 676 676 676 681 681 681 682 682 682 676 676 676 682 682 682 677 677 677 550 550 550 683 683 683 684 684 684 680 680 680 685 685 685 552 552 552 539 539 539 680 680 680 552 552 552 552 552 552 685 685 685 686 686 686 552 552 552 686 686 686 554 554 554 686 686 686 687 687 687 557 557 557 554 554 554 686 686 686 557 557 557 687 687 687 688 688 688 557 557 557 557 557 557 688 688 688 559 559 559 688 688 688 689 689 689 559 559 559 559 559 559 689 689 689 562 562 562 562 562 562 689 689 689 564 564 564 564 564 564 689 689 689 690 690 690 564 564 564 690 690 690 566 566 566 566 566 566 690 690 690 691 691 691 566 566 566 691 691 691 567 567 567 691 691 691 692 692 692 569 569 569 567 567 567 691 691 691 569 569 569 569 569 569 692 692 692 693 693 693 569 569 569 693 693 693 571 571 571 571 571 571 693 693 693 694 694 694 571 571 571 694 694 694 573 573 573 694 694 694 695 695 695 575 575 575 573 573 573 694 694 694 575 575 575 575 575 575 695 695 695 696 696 696 575 575 575 696 696 696 577 577 577 577 577 577 697 697 697 544 544 544 696 696 696 698 698 698 697 697 697 577 577 577 696 696 696 697 697 697 544 544 544 697 697 697 550 550 550 440 440 440 293 293 293 251 251 251 442 442 442 699 699 699 700 700 700 300 300 300 592 592 592 443 443 443 289 289 289 443 443 443 313 313 313 301 301 301 701 701 701 255 255 255 255 255 255 701 701 701 580 580 580 580 580 580 303 303 303 302 302 302 582 582 582 702 702 702 308 308 308 703 703 703 704 704 704 260 260 260 259 259 259 703 703 703 260 260 260 260 260 260 704 704 704 309 309 309 309 309 309 705 705 705 446 446 446 446 446 446 317 317 317 262 262 262 583 583 583 584 584 584 278 278 278 584 584 584 706 706 706 243 243 243 706 706 706 707 707 707 244 244 244 243 243 243 706 706 706 244 244 244 244 244 244 707 707 707 318 318 318 318 318 318 708 708 708 319 319 319 281 281 281 585 585 585 310 310 310 586 586 586 709 709 709 282 282 282 282 282 282 709 709 709 283 283 283 283 283 283 709 709 709 710 710 710 283 283 283 710 710 710 320 320 320 321 321 321 711 711 711 311 311 311 587 587 587 712 712 712 713 713 713 587 587 587 713 713 713 588 588 588 714 714 714 715 715 715 591 591 591 590 590 590 714 714 714 591 591 591 591 591 591 715 715 715 592 592 592 596 596 596 716 716 716 597 597 597 597 597 597 717 717 717 598 598 598 603 603 603 718 718 718 719 719 719 603 603 603 719 719 719 604 604 604 720 720 720 605 605 605 589 589 589 588 588 588 720 720 720 589 589 589 713 713 713 721 721 721 720 720 720 588 588 588 713 713 713 720 720 720 720 720 720 721 721 721 722 722 722 720 720 720 722 722 722 605 605 605 598 598 598 717 717 717 723 723 723 598 598 598 723 723 723 607 607 607 724 724 724 610 610 610 471 471 471 605 605 605 724 724 724 471 471 471 722 722 722 725 725 725 724 724 724 605 605 605 722 722 722 724 724 724 725 725 725 726 726 726 610 610 610 724 724 724 725 725 725 610 610 610 726 726 726 727 727 727 611 611 611 610 610 610 726 726 726 611 611 611 611 611 611 727 727 727 728 728 728 611 611 611 728 728 728 612 612 612 612 612 612 728 728 728 729 729 729 612 612 612 729 729 729 613 613 613 607 607 607 723 723 723 730 730 730 607 607 607 730 730 730 617 617 617 613 613 613 729 729 729 731 731 731 613 613 613 731 731 731 622 622 622 617 617 617 730 730 730 732 732 732 622 622 622 731 731 731 733 733 733 622 622 622 733 733 733 632 632 632 733 733 733 734 734 734 652 652 652 632 632 632 733 733 733 652 652 652 732 732 732 735 735 735 639 639 639 617 617 617 732 732 732 639 639 639 734 734 734 736 736 736 652 652 652 737 737 737 738 738 738 640 640 640 639 639 639 737 737 737 640 640 640 639 639 639 735 735 735 737 737 737 737 737 737 739 739 739 738 738 738 652 652 652 736 736 736 740 740 740 652 652 652 740 740 740 653 653 653 739 739 739 741 741 741 742 742 742 738 738 738 739 739 739 742 742 742 743 743 743 744 744 744 745 745 745 746 746 746 743 743 743 745 745 745 740 740 740 747 747 747 748 748 748 653 653 653 740 740 740 748 748 748 748 748 748 747 747 747 749 749 749 748 748 748 749 749 749 675 675 675 675 675 675 749 749 749 750 750 750 675 675 675 750 750 750 678 678 678 750 750 750 751 751 751 752 752 752 678 678 678 750 750 750 752 752 752 698 698 698 753 753 753 754 754 754 698 698 698 754 754 754 683 683 683 683 683 683 754 754 754 755 755 755 683 683 683 755 755 755 684 684 684 752 752 752 751 751 751 756 756 756 757 757 757 758 758 758 685 685 685 680 680 680 757 757 757 685 685 685 758 758 758 759 759 759 686 686 686 685 685 685 758 758 758 686 686 686 686 686 686 759 759 759 760 760 760 686 686 686 760 760 760 687 687 687 687 687 687 760 760 760 688 688 688 760 760 760 761 761 761 689 689 689 688 688 688 760 760 760 689 689 689 761 761 761 762 762 762 689 689 689 689 689 689 762 762 762 690 690 690 762 762 762 763 763 763 690 690 690 690 690 690 763 763 763 691 691 691 691 691 691 763 763 763 764 764 764 691 691 691 764 764 764 692 692 692 692 692 692 764 764 764 693 693 693 764 764 764 765 765 765 693 693 693 693 693 693 765 765 765 694 694 694 694 694 694 765 765 765 766 766 766 694 694 694 766 766 766 695 695 695 695 695 695 766 766 766 767 767 767 695 695 695 767 767 767 696 696 696 696 696 696 767 767 767 768 768 768 696 696 696 768 768 768 698 698 698 292 292 292 769 769 769 232 232 232 232 232 232 769 769 769 250 250 250 442 442 442 441 441 441 699 699 699 699 699 699 770 770 770 700 700 700 700 700 700 770 770 770 771 771 771 772 772 772 773 773 773 774 774 774 443 443 443 775 775 775 313 313 313 313 313 313 776 776 776 301 301 301 301 301 301 776 776 776 701 701 701 290 290 290 777 777 777 444 444 444 444 444 444 777 777 777 581 581 581 581 581 581 777 777 777 778 778 778 779 779 779 780 780 780 702 702 702 308 308 308 703 703 703 259 259 259 704 704 704 781 781 781 309 309 309 309 309 309 781 781 781 705 705 705 446 446 446 782 782 782 317 317 317 317 317 317 783 783 783 275 275 275 275 275 275 783 783 783 784 784 784 275 275 275 784 784 784 583 583 583 583 583 583 785 785 785 584 584 584 707 707 707 708 708 708 318 318 318 585 585 585 786 786 786 310 310 310 310 310 310 786 786 786 787 787 787 310 310 310 787 787 787 265 265 265 291 291 291 265 265 265 788 788 788 788 788 788 789 789 789 291 291 291 291 291 291 789 789 789 586 586 586 789 789 789 790 790 790 586 586 586 710 710 710 791 791 791 320 320 320 791 791 791 792 792 792 320 320 320 320 320 320 792 792 792 321 321 321 321 321 321 792 792 792 711 711 711 711 711 711 447 447 447 311 311 311 793 793 793 794 794 794 795 795 795 793 793 793 795 795 795 796 796 796 774 774 774 773 773 773 797 797 797 798 798 798 799 799 799 800 800 800 800 800 800 799 799 799 801 801 801 802 802 802 803 803 803 714 714 714 803 803 803 804 804 804 715 715 715 714 714 714 803 803 803 715 715 715 716 716 716 805 805 805 806 806 806 716 716 716 806 806 806 717 717 717 795 795 795 807 807 807 722 722 722 796 796 796 795 795 795 722 722 722 808 808 808 809 809 809 810 810 810 722 722 722 807 807 807 811 811 811 810 810 810 809 809 809 812 812 812 810 810 810 812 812 812 813 813 813 806 806 806 814 814 814 723 723 723 717 717 717 806 806 806 723 723 723 815 815 815 816 816 816 817 817 817 723 723 723 814 814 814 818 818 818 817 817 817 816 816 816 819 819 819 817 817 817 819 819 819 820 820 820 817 817 817 820 820 820 821 821 821 821 821 821 820 820 820 822 822 822 822 822 822 820 820 820 823 823 823 823 823 823 824 824 824 825 825 825 826 826 826 827 827 827 828 828 828 829 829 829 826 826 826 828 828 828 828 828 828 827 827 827 830 830 830 830 830 830 827 827 827 831 831 831 831 831 831 827 827 827 832 832 832 831 831 831 832 832 832 833 833 833 833 833 833 832 832 832 834 834 834 834 834 834 832 832 832 835 835 835 834 834 834 835 835 835 836 836 836 836 836 836 835 835 835 837 837 837 837 837 837 835 835 835 838 838 838 837 837 837 838 838 838 839 839 839 699 699 699 840 840 840 770 770 770 770 770 770 840 840 840 841 841 841 841 841 841 840 840 840 772 772 772 773 773 773 772 772 772 804 804 804 592 592 592 804 804 804 443 443 443 313 313 313 775 775 775 776 776 776 776 776 776 842 842 842 701 701 701 580 580 580 701 701 701 843 843 843 580 580 580 843 843 843 303 303 303 778 778 778 777 777 777 844 844 844 844 844 844 777 777 777 845 845 845 845 845 845 777 777 777 846 846 846 846 846 846 777 777 777 780 780 780 702 702 702 847 847 847 308 308 308 446 446 446 705 705 705 782 782 782 784 784 784 848 848 848 583 583 583 583 583 583 848 848 848 785 785 785 586 586 586 790 790 790 709 709 709 709 709 709 790 790 790 849 849 849 709 709 709 849 849 849 710 710 710 293 293 293 578 578 578 272 272 272 441 441 441 850 850 850 699 699 699 840 840 840 851 851 851 772 772 772 772 772 772 851 851 851 804 804 804 290 290 290 852 852 852 777 777 777 853 853 853 854 854 854 780 780 780 777 777 777 853 853 853 780 780 780 780 780 780 854 854 854 702 702 702 702 702 702 854 854 854 847 847 847 308 308 308 847 847 847 703 703 703 708 708 708 855 855 855 319 319 319 769 769 769 856 856 856 250 250 250 250 250 250 856 856 856 857 857 857 250 250 250 857 857 857 270 270 270 857 857 857 858 858 858 271 271 271 270 270 270 857 857 857 271 271 271 271 271 271 858 858 858 859 859 859 293 293 293 860 860 860 578 578 578 294 294 294 861 861 861 850 850 850 294 294 294 850 850 850 441 441 441 699 699 699 862 862 862 840 840 840 443 443 443 863 863 863 775 775 775 303 303 303 843 843 843 290 290 290 290 290 290 843 843 843 852 852 852 317 317 317 864 864 864 783 783 783 848 848 848 865 865 865 785 785 785 584 584 584 785 785 785 706 706 706 706 706 706 866 866 866 707 707 707 319 319 319 855 855 855 585 585 585 265 265 265 787 787 787 788 788 788 789 789 789 867 867 867 790 790 790 867 867 867 849 849 849 790 790 790 284 284 284 579 579 579 294 294 294 699 699 699 850 850 850 862 862 862 840 840 840 862 862 862 851 851 851 804 804 804 851 851 851 443 443 443 443 443 443 851 851 851 863 863 863 701 701 701 842 842 842 868 868 868 777 777 777 852 852 852 853 853 853 782 782 782 869 869 869 317 317 317 866 866 866 870 870 870 708 708 708 707 707 707 866 866 866 708 708 708 708 708 708 870 870 870 855 855 855 855 855 855 871 871 871 585 585 585 585 585 585 872 872 872 786 786 786 786 786 786 872 872 872 787 787 787 711 711 711 873 873 873 447 447 447 440 440 440 874 874 874 293 293 293 293 293 293 874 874 874 860 860 860 579 579 579 861 861 861 294 294 294 776 776 776 875 875 875 842 842 842 853 853 853 876 876 876 854 854 854 854 854 854 876 876 876 847 847 847 847 847 847 876 876 876 703 703 703 703 703 703 877 877 877 704 704 704 704 704 704 877 877 877 781 781 781 864 864 864 784 784 784 783 783 783 784 784 784 878 878 878 848 848 848 785 785 785 879 879 879 706 706 706 879 879 879 866 866 866 706 706 706 585 585 585 871 871 871 872 872 872 787 787 787 880 880 880 788 788 788 788 788 788 880 880 880 789 789 789 789 789 789 881 881 881 867 867 867 447 447 447 873 873 873 882 882 882 447 447 447 882 882 882 268 268 268 268 268 268 882 882 882 448 448 448 883 883 883 884 884 884 579 579 579 578 578 578 883 883 883 579 579 579 579 579 579 884 884 884 885 885 885 579 579 579 885 885 885 861 861 861 861 861 861 886 886 886 850 850 850 850 850 850 886 886 886 862 862 862 775 775 775 875 875 875 776 776 776 701 701 701 868 868 868 843 843 843 843 843 843 887 887 887 852 852 852 852 852 852 887 887 887 853 853 853 781 781 781 888 888 888 705 705 705 864 864 864 878 878 878 784 784 784 848 848 848 878 878 878 865 865 865 849 849 849 889 889 889 710 710 710 882 882 882 890 890 890 448 448 448 292 292 292 891 891 891 769 769 769 858 858 858 892 892 892 859 859 859 440 440 440 893 893 893 874 874 874 862 862 862 863 863 863 851 851 851 843 843 843 894 894 894 895 895 895 843 843 843 895 895 895 887 887 887 887 887 887 895 895 895 853 853 853 853 853 853 895 895 895 876 876 876 703 703 703 876 876 876 877 877 877 705 705 705 888 888 888 782 782 782 869 869 869 896 896 896 317 317 317 317 317 317 896 896 896 864 864 864 865 865 865 897 897 897 785 785 785 785 785 785 897 897 897 879 879 879 879 879 879 898 898 898 866 866 866 866 866 866 898 898 898 870 870 870 870 870 870 871 871 871 855 855 855 787 787 787 872 872 872 899 899 899 787 787 787 899 899 899 880 880 880 789 789 789 880 880 880 881 881 881 881 881 881 900 900 900 867 867 867 867 867 867 900 900 900 849 849 849 849 849 849 900 900 900 889 889 889 710 710 710 889 889 889 791 791 791 791 791 791 889 889 889 901 901 901 791 791 791 901 901 901 792 792 792 792 792 792 901 901 901 711 711 711 711 711 711 901 901 901 873 873 873 874 874 874 902 902 902 860 860 860 578 578 578 860 860 860 883 883 883 862 862 862 886 886 886 863 863 863 863 863 863 903 903 903 775 775 775 888 888 888 904 904 904 782 782 782 782 782 782 904 904 904 869 869 869 878 878 878 905 905 905 865 865 865 880 880 880 906 906 906 881 881 881 856 856 856 907 907 907 857 857 857 857 857 857 908 908 908 858 858 858 858 858 858 908 908 908 892 892 892 861 861 861 885 885 885 909 909 909 861 861 861 909 909 909 886 886 886 886 886 886 903 903 903 863 863 863 895 895 895 910 910 910 876 876 876 781 781 781 877 877 877 888 888 888 869 869 869 904 904 904 896 896 896 905 905 905 911 911 911 865 865 865 897 897 897 912 912 912 879 879 879 879 879 879 912 912 912 913 913 913 898 898 898 914 914 914 870 870 870 871 871 871 870 870 870 915 915 915 871 871 871 916 916 916 872 872 872 881 881 881 917 917 917 900 900 900 900 900 900 917 917 917 889 889 889 901 901 901 889 889 889 918 918 918 905 905 905 919 919 919 911 911 911 880 880 880 920 920 920 906 906 906 769 769 769 921 921 921 856 856 856 856 856 856 921 921 921 907 907 907 909 909 909 922 922 922 886 886 886 775 775 775 923 923 923 875 875 875 875 875 875 924 924 924 842 842 842 895 895 895 925 925 925 910 910 910 910 910 910 926 926 926 876 876 876 876 876 876 927 927 927 877 877 877 896 896 896 928 928 928 864 864 864 864 864 864 928 928 928 929 929 929 865 865 865 911 911 911 897 897 897 879 879 879 913 913 913 898 898 898 913 913 913 930 930 930 898 898 898 898 898 898 930 930 930 914 914 914 914 914 914 931 931 931 870 870 870 931 931 931 915 915 915 870 870 870 872 872 872 916 916 916 899 899 899 881 881 881 906 906 906 917 917 917 907 907 907 932 932 932 857 857 857 857 857 857 932 932 932 908 908 908 902 902 902 883 883 883 860 860 860 886 886 886 922 922 922 933 933 933 886 886 886 933 933 933 903 903 903 903 903 903 923 923 923 775 775 775 843 843 843 934 934 934 894 894 894 889 889 889 935 935 935 918 918 918 901 901 901 918 918 918 873 873 873 883 883 883 936 936 936 884 884 884 885 885 885 937 937 937 909 909 909 923 923 923 924 924 924 875 875 875 868 868 868 934 934 934 843 843 843 894 894 894 938 938 938 895 895 895 876 876 876 926 926 926 927 927 927 927 927 927 939 939 939 877 877 877 877 877 877 939 939 939 888 888 888 864 864 864 929 929 929 905 905 905 864 864 864 905 905 905 878 878 878 911 911 911 940 940 940 897 897 897 897 897 897 940 940 940 912 912 912 917 917 917 935 935 935 889 889 889 936 936 936 941 941 941 884 884 884 884 884 884 941 941 941 885 885 885 888 888 888 939 939 939 904 904 904 913 913 913 942 942 942 930 930 930 930 930 930 931 931 931 914 914 914 871 871 871 943 943 943 916 916 916 916 916 916 944 944 944 899 899 899 899 899 899 944 944 944 920 920 920 899 899 899 920 920 920 880 880 880 918 918 918 945 945 945 873 873 873 842 842 842 924 924 924 946 946 946 842 842 842 946 946 946 868 868 868 868 868 868 946 946 946 934 934 934 929 929 929 947 947 947 905 905 905 930 930 930 948 948 948 931 931 931 915 915 915 943 943 943 871 871 871 920 920 920 949 949 949 906 906 906 906 906 906 950 950 950 917 917 917 917 917 917 950 950 950 935 935 935 935 935 935 951 951 951 918 918 918 885 885 885 941 941 941 937 937 937 923 923 923 952 952 952 924 924 924 905 905 905 947 947 947 919 919 919 940 940 940 913 913 913 912 912 912 915 915 915 953 953 953 943 943 943 920 920 920 954 954 954 949 949 949 906 906 906 949 949 949 950 950 950 951 951 951 945 945 945 918 918 918 873 873 873 945 945 945 955 955 955 873 873 873 955 955 955 882 882 882 882 882 882 955 955 955 890 890 890 874 874 874 956 956 956 902 902 902 933 933 933 923 923 923 903 903 903 895 895 895 938 938 938 925 925 925 925 925 925 938 938 938 957 957 957 925 925 925 957 957 957 910 910 910 927 927 927 958 958 958 939 939 939 947 947 947 959 959 959 919 919 919 948 948 948 960 960 960 931 931 931 931 931 931 960 960 960 915 915 915 961 961 961 962 962 962 950 950 950 950 950 950 962 962 962 935 935 935 935 935 935 962 962 962 951 951 951 902 902 902 936 936 936 883 883 883 940 940 940 963 963 963 913 913 913 913 913 913 963 963 963 942 942 942 942 942 942 964 964 964 930 930 930 930 930 930 964 964 964 948 948 948 960 960 960 953 953 953 915 915 915 943 943 943 965 965 965 916 916 916 965 965 965 966 966 966 916 916 916 950 950 950 949 949 949 961 961 961 910 910 910 957 957 957 926 926 926 916 916 916 966 966 966 944 944 944 920 920 920 944 944 944 954 954 954 951 951 951 967 967 967 945 945 945 968 968 968 969 969 969 945 945 945 891 891 891 970 970 970 769 769 769 893 893 893 956 956 956 874 874 874 956 956 956 936 936 936 902 902 902 933 933 933 971 971 971 923 923 923 952 952 952 946 946 946 924 924 924 934 934 934 972 972 972 894 894 894 894 894 894 972 972 972 938 938 938 938 938 938 972 972 972 957 957 957 939 939 939 973 973 973 904 904 904 904 904 904 973 973 973 974 974 974 904 904 904 974 974 974 896 896 896 896 896 896 974 974 974 928 928 928 959 959 959 975 975 975 919 919 919 911 911 911 919 919 919 940 940 940 954 954 954 976 976 976 949 949 949 949 949 949 976 976 976 977 977 977 949 949 949 977 977 977 961 961 961 962 962 962 967 967 967 951 951 951 970 970 970 978 978 978 769 769 769 769 769 769 978 978 978 921 921 921 941 941 941 979 979 979 937 937 937 937 937 937 980 980 980 909 909 909 909 909 909 980 980 980 922 922 922 971 971 971 981 981 981 923 923 923 923 923 923 981 981 981 952 952 952 952 952 952 981 981 981 982 982 982 946 946 946 983 983 983 934 934 934 957 957 957 984 984 984 926 926 926 928 928 928 974 974 974 929 929 929 919 919 919 985 985 985 940 940 940 940 940 940 985 985 985 963 963 963 953 953 953 986 986 986 943 943 943 967 967 967 968 968 968 945 945 945 982 982 982 987 987 987 952 952 952 952 952 952 987 987 987 983 983 983 952 952 952 983 983 983 946 946 946 972 972 972 988 988 988 957 957 957 929 929 929 989 989 989 947 947 947 919 919 919 975 975 975 985 985 985 962 962 962 990 990 990 967 967 967 922 922 922 980 980 980 933 933 933 933 933 933 991 991 991 971 971 971 963 963 963 992 992 992 942 942 942 953 953 953 960 960 960 986 986 986 961 961 961 993 993 993 962 962 962 993 993 993 990 990 990 962 962 962 921 921 921 994 994 994 907 907 907 907 907 907 994 994 994 932 932 932 936 936 936 995 995 995 941 941 941 979 979 979 996 996 996 937 937 937 937 937 937 996 996 996 980 980 980 980 980 980 997 997 997 933 933 933 983 983 983 998 998 998 934 934 934 934 934 934 998 998 998 972 972 972 926 926 926 999 999 999 927 927 927 927 927 927 999 999 999 958 958 958 999 999 999 1000 1000 1000 958 958 958 958 958 958 1000 1000 1000 939 939 939 939 939 939 1000 1000 1000 973 973 973 973 973 973 1001 1001 1001 974 974 974 929 929 929 974 974 974 989 989 989 947 947 947 989 989 989 1002 1002 1002 947 947 947 1002 1002 1002 959 959 959 963 963 963 1003 1003 1003 992 992 992 986 986 986 1004 1004 1004 943 943 943 1004 1004 1004 1005 1005 1005 943 943 943 943 943 943 1005 1005 1005 965 965 965 990 990 990 1006 1006 1006 967 967 967 967 967 967 1006 1006 1006 968 968 968 956 956 956 1007 1007 1007 936 936 936 997 997 997 991 991 991 933 933 933 988 988 988 984 984 984 957 957 957 963 963 963 985 985 985 1003 1003 1003 964 964 964 1008 1008 1008 948 948 948 932 932 932 1009 1009 1009 908 908 908 908 908 908 1009 1009 1009 892 892 892 1000 1000 1000 1001 1001 1001 973 973 973 989 989 989 1010 1010 1010 1002 1002 1002 959 959 959 1011 1011 1011 975 975 975 942 942 942 992 992 992 964 964 964 1008 1008 1008 1012 1012 1012 960 960 960 948 948 948 1008 1008 1008 960 960 960 960 960 960 1012 1012 1012 986 986 986 944 944 944 1013 1013 1013 954 954 954 945 945 945 969 969 969 955 955 955 980 980 980 996 996 996 997 997 997 1001 1001 1001 1014 1014 1014 974 974 974 974 974 974 1014 1014 1014 989 989 989 1002 1002 1002 1015 1015 1015 959 959 959 959 959 959 1015 1015 1015 1011 1011 1011 975 975 975 1011 1011 1011 985 985 985 992 992 992 1008 1008 1008 964 964 964 955 955 955 1016 1016 1016 890 890 890 932 932 932 994 994 994 1009 1009 1009 972 972 972 998 998 998 988 988 988 988 988 988 1017 1017 1017 984 984 984 965 965 965 1005 1005 1005 966 966 966 966 966 966 1018 1018 1018 944 944 944 944 944 944 1018 1018 1018 1013 1013 1013 954 954 954 1013 1013 1013 1019 1019 1019 954 954 954 1019 1019 1019 976 976 976 976 976 976 1019 1019 1019 977 977 977 977 977 977 1020 1020 1020 961 961 961 1006 1006 1006 1021 1021 1021 968 968 968 968 968 968 1021 1021 1021 969 969 969 936 936 936 1022 1022 1022 995 995 995 941 941 941 995 995 995 979 979 979 982 982 982 1023 1023 1023 987 987 987 984 984 984 1024 1024 1024 926 926 926 926 926 926 1024 1024 1024 999 999 999 999 999 999 1024 1024 1024 1025 1025 1025 999 999 999 1025 1025 1025 1000 1000 1000 1000 1000 1000 1026 1026 1026 1001 1001 1001 1001 1001 1001 1027 1027 1027 1014 1014 1014 1011 1011 1011 1028 1028 1028 985 985 985 1019 1019 1019 1020 1020 1020 977 977 977 1020 1020 1020 1029 1029 1029 961 961 961 978 978 978 1030 1030 1030 921 921 921 921 921 921 1030 1030 1030 994 994 994 1009 1009 1009 1031 1031 1031 892 892 892 1032 1032 1032 1007 1007 1007 956 956 956 893 893 893 1032 1032 1032 956 956 956 1007 1007 1007 1022 1022 1022 936 936 936 979 979 979 1033 1033 1033 996 996 996 991 991 991 1034 1034 1034 971 971 971 1034 1034 1034 981 981 981 971 971 971 981 981 981 1023 1023 1023 982 982 982 987 987 987 1035 1035 1035 983 983 983 983 983 983 1035 1035 1035 998 998 998 1017 1017 1017 1036 1036 1036 984 984 984 1010 1010 1010 1015 1015 1015 1002 1002 1002 985 985 985 1028 1028 1028 1003 1003 1003 1008 1008 1008 1037 1037 1037 1012 1012 1012 986 986 986 1012 1012 1012 1004 1004 1004 1005 1005 1005 1038 1038 1038 966 966 966 966 966 966 1038 1038 1038 1018 1018 1018 961 961 961 1029 1029 1029 993 993 993 993 993 993 1039 1039 1039 990 990 990 995 995 995 1040 1040 1040 979 979 979 1040 1040 1040 1033 1033 1033 979 979 979 996 996 996 1033 1033 1033 1041 1041 1041 996 996 996 1041 1041 1041 997 997 997 997 997 997 1041 1041 1041 991 991 991 991 991 991 1041 1041 1041 1034 1034 1034 1035 1035 1035 1042 1042 1042 998 998 998 988 988 988 1043 1043 1043 1017 1017 1017 1036 1036 1036 1024 1024 1024 984 984 984 1025 1025 1025 1026 1026 1026 1000 1000 1000 1010 1010 1010 1044 1044 1044 1015 1015 1015 1011 1011 1011 1045 1045 1045 1028 1028 1028 1020 1020 1020 1046 1046 1046 1029 1029 1029 990 990 990 1047 1047 1047 1006 1006 1006 1021 1021 1021 1048 1048 1048 969 969 969 969 969 969 1049 1049 1049 955 955 955 955 955 955 1049 1049 1049 1016 1016 1016 970 970 970 1050 1050 1050 978 978 978 1034 1034 1034 1051 1051 1051 981 981 981 981 981 981 1051 1051 1051 1023 1023 1023 989 989 989 1014 1014 1014 1010 1010 1010 1003 1003 1003 1052 1052 1052 992 992 992 992 992 992 1053 1053 1053 1008 1008 1008 1012 1012 1012 1037 1037 1037 1054 1054 1054 1012 1012 1012 1054 1054 1054 1055 1055 1055 1012 1012 1012 1055 1055 1055 1004 1004 1004 1004 1004 1004 1056 1056 1056 1005 1005 1005 1013 1013 1013 1057 1057 1057 1019 1019 1019 1019 1019 1019 1058 1058 1058 1020 1020 1020 1020 1020 1020 1059 1059 1059 1046 1046 1046 969 969 969 1060 1060 1060 1049 1049 1049 1041 1041 1041 1061 1061 1061 1034 1034 1034 987 987 987 1023 1023 1023 1035 1035 1035 1035 1035 1035 1062 1062 1062 1042 1042 1042 998 998 998 1043 1043 1043 988 988 988 1045 1045 1045 1063 1063 1063 1028 1028 1028 1008 1008 1008 1053 1053 1053 1037 1037 1037 1038 1038 1038 1057 1057 1057 1018 1018 1018 1018 1018 1018 1057 1057 1057 1013 1013 1013 1057 1057 1057 1058 1058 1058 1019 1019 1019 1020 1020 1020 1058 1058 1058 1059 1059 1059 1039 1039 1039 1064 1064 1064 990 990 990 990 990 990 1064 1064 1064 1047 1047 1047 1006 1006 1006 1065 1065 1065 1021 1021 1021 1050 1050 1050 1066 1066 1066 978 978 978 978 978 978 1066 1066 1066 1030 1030 1030 1030 1030 1030 1067 1067 1067 994 994 994 1034 1034 1034 1061 1061 1061 1051 1051 1051 1051 1051 1051 1068 1068 1068 1023 1023 1023 1023 1023 1023 1069 1069 1069 1035 1035 1035 1069 1069 1069 1062 1062 1062 1035 1035 1035 998 998 998 1042 1042 1042 1043 1043 1043 1024 1024 1024 1070 1070 1070 1071 1071 1071 1024 1024 1024 1071 1071 1071 1025 1025 1025 1028 1028 1028 1072 1072 1072 1003 1003 1003 1073 1073 1073 1053 1053 1053 992 992 992 993 993 993 1074 1074 1074 1039 1039 1039 969 969 969 1048 1048 1048 1060 1060 1060 1033 1033 1033 1040 1040 1040 1041 1041 1041 1042 1042 1042 1075 1075 1075 1043 1043 1043 1024 1024 1024 1076 1076 1076 1070 1070 1070 1026 1026 1026 1077 1077 1077 1001 1001 1001 1001 1001 1001 1077 1077 1077 1027 1027 1027 1063 1063 1063 1072 1072 1072 1028 1028 1028 1003 1003 1003 1072 1072 1072 1052 1052 1052 1078 1078 1078 1073 1073 1073 992 992 992 1052 1052 1052 1078 1078 1078 992 992 992 1056 1056 1056 1079 1079 1079 1005 1005 1005 1005 1005 1005 1079 1079 1079 1038 1038 1038 1057 1057 1057 1080 1080 1080 1058 1058 1058 993 993 993 1029 1029 1029 1074 1074 1074 1047 1047 1047 1064 1064 1064 1006 1006 1006 1067 1067 1067 1081 1081 1081 1009 1009 1009 994 994 994 1067 1067 1067 1009 1009 1009 1009 1009 1009 1081 1081 1081 1031 1031 1031 1075 1075 1075 1082 1082 1082 1043 1043 1043 1043 1043 1043 1082 1082 1082 1017 1017 1017 1025 1025 1025 1083 1083 1083 1026 1026 1026 1027 1027 1027 1077 1077 1077 1014 1014 1014 1044 1044 1044 1084 1084 1084 1015 1015 1015 1015 1015 1015 1084 1084 1084 1011 1011 1011 1004 1004 1004 1055 1055 1055 1056 1056 1056 1038 1038 1038 1080 1080 1080 1057 1057 1057 1039 1039 1039 1074 1074 1074 1064 1064 1064 1064 1064 1064 1065 1065 1065 1006 1006 1006 1021 1021 1021 1085 1085 1085 1048 1048 1048 995 995 995 1086 1086 1086 1040 1040 1040 1023 1023 1023 1068 1068 1068 1087 1087 1087 1023 1023 1023 1087 1087 1087 1069 1069 1069 1062 1062 1062 1075 1075 1075 1042 1042 1042 1082 1082 1082 1088 1088 1088 1017 1017 1017 1017 1017 1017 1088 1088 1088 1036 1036 1036 1036 1036 1036 1076 1076 1076 1024 1024 1024 1025 1025 1025 1071 1071 1071 1083 1083 1083 1014 1014 1014 1089 1089 1089 1010 1010 1010 1089 1089 1089 1090 1090 1090 1010 1010 1010 1010 1010 1010 1090 1090 1090 1044 1044 1044 1045 1045 1045 1091 1091 1091 1063 1063 1063 1038 1038 1038 1079 1079 1079 1080 1080 1080 1080 1080 1080 1092 1092 1092 1058 1058 1058 1049 1049 1049 1093 1093 1093 1016 1016 1016 1022 1022 1022 1094 1094 1094 995 995 995 1041 1041 1041 1095 1095 1095 1061 1061 1061 1061 1061 1061 1096 1096 1096 1051 1051 1051 1051 1051 1051 1097 1097 1097 1068 1068 1068 1077 1077 1077 1098 1098 1098 1014 1014 1014 1084 1084 1084 1045 1045 1045 1011 1011 1011 1058 1058 1058 1092 1092 1092 1059 1059 1059 1059 1059 1059 1099 1099 1099 1046 1046 1046 1046 1046 1046 1100 1100 1100 1029 1029 1029 1050 1050 1050 1101 1101 1101 1066 1066 1066 1066 1066 1066 1102 1102 1102 1030 1030 1030 1030 1030 1030 1102 1102 1102 1067 1067 1067 1032 1032 1032 1103 1103 1103 1007 1007 1007 1007 1007 1007 1103 1103 1103 1022 1022 1022 995 995 995 1094 1094 1094 1086 1086 1086 1095 1095 1095 1096 1096 1096 1061 1061 1061 1087 1087 1087 1104 1104 1104 1069 1069 1069 1069 1069 1069 1105 1105 1105 1062 1062 1062 1062 1062 1062 1105 1105 1105 1075 1075 1075 1053 1053 1053 1106 1106 1106 1037 1037 1037 1054 1054 1054 1107 1107 1107 1055 1055 1055 1056 1056 1056 1055 1055 1055 1108 1108 1108 1056 1056 1056 1108 1108 1108 1079 1079 1079 1080 1080 1080 1079 1079 1079 1109 1109 1109 1080 1080 1080 1109 1109 1109 1092 1092 1092 1046 1046 1046 1099 1099 1099 1100 1100 1100 1085 1085 1085 1110 1110 1110 1048 1048 1048 1048 1048 1048 1110 1110 1110 1060 1060 1060 1103 1103 1103 1111 1111 1111 1022 1022 1022 1086 1086 1086 1112 1112 1112 1040 1040 1040 1040 1040 1040 1112 1112 1112 1041 1041 1041 1112 1112 1112 1095 1095 1095 1041 1041 1041 1051 1051 1051 1096 1096 1096 1097 1097 1097 1068 1068 1068 1097 1097 1097 1087 1087 1087 1069 1069 1069 1104 1104 1104 1105 1105 1105 1113 1113 1113 1114 1114 1114 1072 1072 1072 1063 1063 1063 1113 1113 1113 1072 1072 1072 1072 1072 1072 1114 1114 1114 1052 1052 1052 1102 1102 1102 1115 1115 1115 1067 1067 1067 1022 1022 1022 1111 1111 1111 1094 1094 1094 1095 1095 1095 1116 1116 1116 1096 1096 1096 1087 1087 1087 1097 1097 1097 1104 1104 1104 1075 1075 1075 1117 1117 1117 1082 1082 1082 1117 1117 1117 1118 1118 1118 1082 1082 1082 1082 1082 1082 1118 1118 1118 1088 1088 1088 1083 1083 1083 1119 1119 1119 1026 1026 1026 1026 1026 1026 1119 1119 1119 1077 1077 1077 1090 1090 1090 1084 1084 1084 1044 1044 1044 1084 1084 1084 1120 1120 1120 1045 1045 1045 1107 1107 1107 1121 1121 1121 1055 1055 1055 1122 1122 1122 1108 1108 1108 1055 1055 1055 1108 1108 1108 1123 1123 1123 1079 1079 1079 1079 1079 1079 1124 1124 1124 1109 1109 1109 1092 1092 1092 1125 1125 1125 1059 1059 1059 1059 1059 1059 1125 1125 1125 1099 1099 1099 1029 1029 1029 1126 1126 1126 1074 1074 1074 1074 1074 1074 1127 1127 1127 1064 1064 1064 1064 1064 1064 1128 1128 1128 1065 1065 1065 1021 1021 1021 1065 1065 1065 1085 1085 1085 1115 1115 1115 1129 1129 1129 1067 1067 1067 1067 1067 1067 1129 1129 1129 1081 1081 1081 1112 1112 1112 1116 1116 1116 1095 1095 1095 1096 1096 1096 1130 1130 1130 1097 1097 1097 1097 1097 1097 1131 1131 1131 1104 1104 1104 1104 1104 1104 1132 1132 1132 1105 1105 1105 1118 1118 1118 1133 1133 1133 1088 1088 1088 1088 1088 1088 1133 1133 1133 1036 1036 1036 1036 1036 1036 1133 1133 1133 1076 1076 1076 1014 1014 1014 1098 1098 1098 1134 1134 1134 1014 1014 1014 1134 1134 1134 1089 1089 1089 1090 1090 1090 1135 1135 1135 1084 1084 1084 1084 1084 1084 1135 1135 1135 1120 1120 1120 1045 1045 1045 1120 1120 1120 1091 1091 1091 1063 1063 1063 1091 1091 1091 1113 1113 1113 1073 1073 1073 1106 1106 1106 1053 1053 1053 1106 1106 1106 1107 1107 1107 1037 1037 1037 1037 1037 1037 1107 1107 1107 1054 1054 1054 1079 1079 1079 1123 1123 1123 1124 1124 1124 1100 1100 1100 1126 1126 1126 1029 1029 1029 1126 1126 1126 1136 1136 1136 1074 1074 1074 1077 1077 1077 1119 1119 1119 1098 1098 1098 1134 1134 1134 1137 1137 1137 1089 1089 1089 1108 1108 1108 1122 1122 1122 1123 1123 1123 1060 1060 1060 1138 1138 1138 1049 1049 1049 1049 1049 1049 1138 1138 1138 1093 1093 1093 1081 1081 1081 1139 1139 1139 1031 1031 1031 1032 1032 1032 1140 1140 1140 1103 1103 1103 1111 1111 1111 1141 1141 1141 1094 1094 1094 1086 1086 1086 1142 1142 1142 1112 1112 1112 1112 1112 1112 1143 1143 1143 1116 1116 1116 1096 1096 1096 1144 1144 1144 1130 1130 1130 1097 1097 1097 1145 1145 1145 1131 1131 1131 1052 1052 1052 1114 1114 1114 1146 1146 1146 1052 1052 1052 1146 1146 1146 1078 1078 1078 1055 1055 1055 1121 1121 1121 1122 1122 1122 1127 1127 1127 1128 1128 1128 1064 1064 1064 1065 1065 1065 1147 1147 1147 1085 1085 1085 1110 1110 1110 1148 1148 1148 1060 1060 1060 1060 1060 1060 1148 1148 1148 1138 1138 1138 1103 1103 1103 1149 1149 1149 1111 1111 1111 1105 1105 1105 1117 1117 1117 1075 1075 1075 1078 1078 1078 1146 1146 1146 1073 1073 1073 1106 1106 1106 1150 1150 1150 1107 1107 1107 1107 1107 1107 1150 1150 1150 1121 1121 1121 1099 1099 1099 1151 1151 1151 1100 1100 1100 1142 1142 1142 1143 1143 1143 1112 1112 1112 1143 1143 1143 1152 1152 1152 1116 1116 1116 1137 1137 1137 1153 1153 1153 1089 1089 1089 1089 1089 1089 1153 1153 1153 1090 1090 1090 1090 1090 1090 1153 1153 1153 1135 1135 1135 1146 1146 1146 1154 1154 1154 1073 1073 1073 1073 1073 1073 1154 1154 1154 1106 1106 1106 1124 1124 1124 1155 1155 1155 1109 1109 1109 1109 1109 1109 1155 1155 1155 1092 1092 1092 1092 1092 1092 1156 1156 1156 1125 1125 1125 1125 1125 1125 1151 1151 1151 1099 1099 1099 1074 1074 1074 1136 1136 1136 1127 1127 1127 1065 1065 1065 1128 1128 1128 1147 1147 1147 1085 1085 1085 1147 1147 1147 1110 1110 1110 1152 1152 1152 1144 1144 1144 1096 1096 1096 1116 1116 1116 1152 1152 1152 1096 1096 1096 1130 1130 1130 1145 1145 1145 1097 1097 1097 1104 1104 1104 1131 1131 1131 1132 1132 1132 1105 1105 1105 1132 1132 1132 1117 1117 1117 1117 1117 1117 1133 1133 1133 1118 1118 1118 1076 1076 1076 1157 1157 1157 1070 1070 1070 1070 1070 1070 1157 1157 1157 1071 1071 1071 1157 1157 1157 1158 1158 1158 1071 1071 1071 1071 1071 1071 1158 1158 1158 1083 1083 1083 1083 1083 1083 1158 1158 1158 1159 1159 1159 1083 1083 1083 1159 1159 1159 1119 1119 1119 1119 1119 1119 1159 1159 1159 1098 1098 1098 1120 1120 1120 1160 1160 1160 1091 1091 1091 1091 1091 1091 1160 1160 1160 1113 1113 1113 1150 1150 1150 1161 1161 1161 1121 1121 1121 1123 1123 1123 1162 1162 1162 1124 1124 1124 1129 1129 1129 1163 1163 1163 1081 1081 1081 1081 1081 1081 1163 1163 1163 1139 1139 1139 1149 1149 1149 1164 1164 1164 1111 1111 1111 1111 1111 1111 1164 1164 1164 1141 1141 1141 1094 1094 1094 1141 1141 1141 1086 1086 1086 1144 1144 1144 1165 1165 1165 1130 1130 1130 1131 1131 1131 1166 1166 1166 1132 1132 1132 1132 1132 1132 1167 1167 1167 1117 1117 1117 1076 1076 1076 1133 1133 1133 1168 1168 1168 1076 1076 1076 1168 1168 1168 1157 1157 1157 1159 1159 1159 1169 1169 1169 1098 1098 1098 1098 1098 1098 1169 1169 1169 1134 1134 1134 1153 1153 1153 1170 1170 1170 1135 1135 1135 1135 1135 1135 1171 1171 1171 1120 1120 1120 1120 1120 1120 1171 1171 1171 1160 1160 1160 1113 1113 1113 1172 1172 1172 1114 1114 1114 1161 1161 1161 1173 1173 1173 1121 1121 1121 1156 1156 1156 1174 1174 1174 1125 1125 1125 1127 1127 1127 1175 1175 1175 1128 1128 1128 1128 1128 1128 1175 1175 1175 1147 1147 1147 1103 1103 1103 1164 1164 1164 1149 1149 1149 1132 1132 1132 1176 1176 1176 1167 1167 1167 1117 1117 1117 1177 1177 1177 1133 1133 1133 1135 1135 1135 1170 1170 1170 1171 1171 1171 1160 1160 1160 1172 1172 1172 1113 1113 1113 1121 1121 1121 1173 1173 1173 1122 1122 1122 1122 1122 1122 1162 1162 1162 1123 1123 1123 1124 1124 1124 1162 1162 1162 1155 1155 1155 1103 1103 1103 1178 1178 1178 1164 1164 1164 1141 1141 1141 1142 1142 1142 1086 1086 1086 1145 1145 1145 1166 1166 1166 1131 1131 1131 1158 1158 1158 1179 1179 1179 1159 1159 1159 1159 1159 1159 1179 1179 1179 1169 1169 1169 1134 1134 1134 1169 1169 1169 1137 1137 1137 1137 1137 1137 1180 1180 1180 1153 1153 1153 1171 1171 1171 1170 1170 1170 1181 1181 1181 1171 1171 1171 1181 1181 1181 1160 1160 1160 1106 1106 1106 1182 1182 1182 1150 1150 1150 1173 1173 1173 1183 1183 1183 1122 1122 1122 1155 1155 1155 1156 1156 1156 1092 1092 1092 1163 1163 1163 1184 1184 1184 1139 1139 1139 1185 1185 1185 1178 1178 1178 1103 1103 1103 1140 1140 1140 1185 1185 1185 1103 1103 1103 1130 1130 1130 1165 1165 1165 1145 1145 1145 1166 1166 1166 1176 1176 1176 1132 1132 1132 1157 1157 1157 1186 1186 1186 1158 1158 1158 1186 1186 1186 1187 1187 1187 1158 1158 1158 1181 1181 1181 1172 1172 1172 1160 1160 1160 1154 1154 1154 1182 1182 1182 1106 1106 1106 1175 1175 1175 1188 1188 1188 1147 1147 1147 1101 1101 1101 1189 1189 1189 1066 1066 1066 1152 1152 1152 1190 1190 1190 1144 1144 1144 1190 1190 1190 1165 1165 1165 1144 1144 1144 1165 1165 1165 1191 1191 1191 1145 1145 1145 1177 1177 1177 1192 1192 1192 1133 1133 1133 1133 1133 1133 1192 1192 1192 1168 1168 1168 1114 1114 1114 1193 1193 1193 1146 1146 1146 1146 1146 1146 1193 1193 1193 1154 1154 1154 1154 1154 1154 1193 1193 1193 1182 1182 1182 1122 1122 1122 1183 1183 1183 1162 1162 1162 1125 1125 1125 1174 1174 1174 1151 1151 1151 1100 1100 1100 1194 1194 1194 1126 1126 1126 1175 1175 1175 1195 1195 1195 1188 1188 1188 1110 1110 1110 1196 1196 1196 1148 1148 1148 1148 1148 1148 1196 1196 1196 1138 1138 1138 1142 1142 1142 1197 1197 1197 1143 1143 1143 1143 1143 1143 1198 1198 1198 1152 1152 1152 1166 1166 1166 1199 1199 1199 1176 1176 1176 1200 1200 1200 1167 1167 1167 1176 1176 1176 1117 1117 1117 1167 1167 1167 1177 1177 1177 1158 1158 1158 1187 1187 1187 1179 1179 1179 1172 1172 1172 1201 1201 1201 1114 1114 1114 1114 1114 1114 1201 1201 1201 1193 1193 1193 1150 1150 1150 1182 1182 1182 1161 1161 1161 1126 1126 1126 1202 1202 1202 1136 1136 1136 1136 1136 1136 1202 1202 1202 1127 1127 1127 1127 1127 1127 1195 1195 1195 1175 1175 1175 1147 1147 1147 1188 1188 1188 1110 1110 1110 1178 1178 1178 1203 1203 1203 1164 1164 1164 1165 1165 1165 1204 1204 1204 1191 1191 1191 1145 1145 1145 1191 1191 1191 1166 1166 1166 1166 1166 1166 1191 1191 1191 1199 1199 1199 1183 1183 1183 1205 1205 1205 1162 1162 1162 1151 1151 1151 1194 1194 1194 1100 1100 1100 1194 1194 1194 1206 1206 1206 1126 1126 1126 1127 1127 1127 1207 1207 1207 1195 1195 1195 1141 1141 1141 1208 1208 1208 1142 1142 1142 1142 1142 1142 1208 1208 1208 1197 1197 1197 1157 1157 1157 1168 1168 1168 1186 1186 1186 1186 1186 1186 1209 1209 1209 1187 1187 1187 1169 1169 1169 1210 1210 1210 1137 1137 1137 1153 1153 1153 1180 1180 1180 1170 1170 1170 1170 1170 1170 1180 1180 1180 1211 1211 1211 1170 1170 1170 1212 1212 1212 1181 1181 1181 1161 1161 1161 1213 1213 1213 1173 1173 1173 1174 1174 1174 1214 1214 1214 1151 1151 1151 1151 1151 1151 1214 1214 1214 1194 1194 1194 1126 1126 1126 1206 1206 1206 1202 1202 1202 1188 1188 1188 1215 1215 1215 1110 1110 1110 1110 1110 1110 1215 1215 1215 1196 1196 1196 1066 1066 1066 1216 1216 1216 1102 1102 1102 1102 1102 1102 1216 1216 1216 1115 1115 1115 1216 1216 1216 1217 1217 1217 1129 1129 1129 1115 1115 1115 1216 1216 1216 1129 1129 1129 1129 1129 1129 1217 1217 1217 1163 1163 1163 1203 1203 1203 1218 1218 1218 1164 1164 1164 1164 1164 1164 1218 1218 1218 1141 1141 1141 1218 1218 1218 1208 1208 1208 1141 1141 1141 1165 1165 1165 1190 1190 1190 1204 1204 1204 1210 1210 1210 1219 1219 1219 1137 1137 1137 1137 1137 1137 1219 1219 1219 1180 1180 1180 1170 1170 1170 1211 1211 1211 1212 1212 1212 1205 1205 1205 1155 1155 1155 1162 1162 1162 1155 1155 1155 1220 1220 1220 1156 1156 1156 1185 1185 1185 1221 1221 1221 1178 1178 1178 1197 1197 1197 1222 1222 1222 1143 1143 1143 1152 1152 1152 1223 1223 1223 1190 1190 1190 1179 1179 1179 1187 1187 1187 1224 1224 1224 1181 1181 1181 1225 1225 1225 1172 1172 1172 1193 1193 1193 1226 1226 1226 1182 1182 1182 1161 1161 1161 1182 1182 1182 1213 1213 1213 1173 1173 1173 1227 1227 1227 1183 1183 1183 1156 1156 1156 1228 1228 1228 1174 1174 1174 1127 1127 1127 1202 1202 1202 1207 1207 1207 1138 1138 1138 1229 1229 1229 1093 1093 1093 1189 1189 1189 1230 1230 1230 1066 1066 1066 1066 1066 1066 1230 1230 1230 1216 1216 1216 1143 1143 1143 1222 1222 1222 1198 1198 1198 1198 1198 1198 1222 1222 1222 1152 1152 1152 1172 1172 1172 1225 1225 1225 1201 1201 1201 1227 1227 1227 1231 1231 1231 1183 1183 1183 1183 1183 1183 1232 1232 1232 1205 1205 1205 1205 1205 1205 1232 1232 1232 1155 1155 1155 1178 1178 1178 1221 1221 1221 1203 1203 1203 1190 1190 1190 1233 1233 1233 1204 1204 1204 1179 1179 1179 1234 1234 1234 1169 1169 1169 1201 1201 1201 1235 1235 1235 1193 1193 1193 1228 1228 1228 1236 1236 1236 1174 1174 1174 1195 1195 1195 1237 1237 1237 1188 1188 1188 1163 1163 1163 1238 1238 1238 1184 1184 1184 1185 1185 1185 1239 1239 1239 1221 1221 1221 1152 1152 1152 1222 1222 1222 1223 1223 1223 1212 1212 1212 1225 1225 1225 1181 1181 1181 1225 1225 1225 1240 1240 1240 1201 1201 1201 1193 1193 1193 1235 1235 1235 1226 1226 1226 1173 1173 1173 1213 1213 1213 1227 1227 1227 1183 1183 1183 1231 1231 1231 1232 1232 1232 1174 1174 1174 1236 1236 1236 1214 1214 1214 1214 1214 1214 1241 1241 1241 1194 1194 1194 1194 1194 1194 1241 1241 1241 1206 1206 1206 1195 1195 1195 1207 1207 1207 1237 1237 1237 1188 1188 1188 1242 1242 1242 1215 1215 1215 1192 1192 1192 1243 1243 1243 1168 1168 1168 1168 1168 1168 1243 1243 1243 1244 1244 1244 1168 1168 1168 1244 1244 1244 1186 1186 1186 1186 1186 1186 1244 1244 1244 1209 1209 1209 1209 1209 1209 1245 1245 1245 1187 1187 1187 1187 1187 1187 1245 1245 1245 1224 1224 1224 1224 1224 1224 1234 1234 1234 1179 1179 1179 1234 1234 1234 1246 1246 1246 1169 1169 1169 1169 1169 1169 1246 1246 1246 1210 1210 1210 1226 1226 1226 1213 1213 1213 1182 1182 1182 1155 1155 1155 1232 1232 1232 1220 1220 1220 1237 1237 1237 1242 1242 1242 1188 1188 1188 1221 1221 1221 1247 1247 1247 1203 1203 1203 1203 1203 1203 1247 1247 1247 1218 1218 1218 1209 1209 1209 1248 1248 1248 1245 1245 1245 1180 1180 1180 1249 1249 1249 1211 1211 1211 1202 1202 1202 1250 1250 1250 1207 1207 1207 1247 1247 1247 1251 1251 1251 1218 1218 1218 1218 1218 1218 1251 1251 1251 1208 1208 1208 1223 1223 1223 1252 1252 1252 1190 1190 1190 1190 1190 1190 1252 1252 1252 1233 1233 1233 1233 1233 1233 1253 1253 1253 1204 1204 1204 1204 1204 1204 1253 1253 1253 1191 1191 1191 1199 1199 1199 1254 1254 1254 1176 1176 1176 1176 1176 1176 1254 1254 1254 1200 1200 1200 1200 1200 1200 1255 1255 1255 1167 1167 1167 1167 1167 1167 1255 1255 1255 1177 1177 1177 1240 1240 1240 1235 1235 1235 1201 1201 1201 1220 1220 1220 1256 1256 1256 1156 1156 1156 1156 1156 1156 1256 1256 1256 1228 1228 1228 1215 1215 1215 1257 1257 1257 1196 1196 1196 1257 1257 1257 1258 1258 1258 1138 1138 1138 1196 1196 1196 1257 1257 1257 1138 1138 1138 1138 1138 1138 1258 1258 1258 1229 1229 1229 1251 1251 1251 1259 1259 1259 1208 1208 1208 1208 1208 1208 1259 1259 1259 1197 1197 1197 1197 1197 1197 1259 1259 1259 1222 1222 1222 1177 1177 1177 1243 1243 1243 1192 1192 1192 1243 1243 1243 1260 1260 1260 1244 1244 1244 1211 1211 1211 1261 1261 1261 1212 1212 1212 1212 1212 1212 1261 1261 1261 1225 1225 1225 1225 1225 1225 1261 1261 1261 1240 1240 1240 1213 1213 1213 1262 1262 1262 1227 1227 1227 1232 1232 1232 1256 1256 1256 1220 1220 1220 1222 1222 1222 1263 1263 1263 1223 1223 1223 1223 1223 1223 1263 1263 1263 1252 1252 1252 1252 1252 1252 1264 1264 1264 1233 1233 1233 1233 1233 1233 1264 1264 1264 1253 1253 1253 1191 1191 1191 1253 1253 1253 1265 1265 1265 1191 1191 1191 1265 1265 1265 1199 1199 1199 1254 1254 1254 1266 1266 1266 1200 1200 1200 1244 1244 1244 1248 1248 1248 1209 1209 1209 1210 1210 1210 1267 1267 1267 1219 1219 1219 1219 1219 1219 1249 1249 1249 1180 1180 1180 1249 1249 1249 1268 1268 1268 1211 1211 1211 1211 1211 1211 1268 1268 1268 1261 1261 1261 1240 1240 1240 1269 1269 1269 1235 1235 1235 1269 1269 1269 1270 1270 1270 1235 1235 1235 1235 1235 1235 1270 1270 1270 1271 1271 1271 1235 1235 1235 1271 1271 1271 1226 1226 1226 1226 1226 1226 1262 1262 1262 1213 1213 1213 1231 1231 1231 1272 1272 1272 1232 1232 1232 1214 1214 1214 1236 1236 1236 1241 1241 1241 1189 1189 1189 1273 1273 1273 1230 1230 1230 1217 1217 1217 1274 1274 1274 1163 1163 1163 1163 1163 1163 1274 1274 1274 1238 1238 1238 1263 1263 1263 1275 1275 1275 1252 1252 1252 1265 1265 1265 1276 1276 1276 1199 1199 1199 1199 1199 1199 1276 1276 1276 1254 1254 1254 1260 1260 1260 1277 1277 1277 1244 1244 1244 1244 1244 1244 1277 1277 1277 1248 1248 1248 1261 1261 1261 1278 1278 1278 1240 1240 1240 1241 1241 1241 1279 1279 1279 1206 1206 1206 1206 1206 1206 1250 1250 1250 1202 1202 1202 1230 1230 1230 1280 1280 1280 1216 1216 1216 1216 1216 1216 1280 1280 1280 1217 1217 1217 1274 1274 1274 1281 1281 1281 1238 1238 1238 1239 1239 1239 1282 1282 1282 1283 1283 1283 1239 1239 1239 1283 1283 1283 1221 1221 1221 1259 1259 1259 1284 1284 1284 1222 1222 1222 1222 1222 1222 1284 1284 1284 1263 1263 1263 1255 1255 1255 1243 1243 1243 1177 1177 1177 1245 1245 1245 1248 1248 1248 1224 1224 1224 1285 1285 1285 1234 1234 1234 1224 1224 1224 1234 1234 1234 1286 1286 1286 1246 1246 1246 1240 1240 1240 1278 1278 1278 1269 1269 1269 1262 1262 1262 1287 1287 1287 1227 1227 1227 1232 1232 1232 1288 1288 1288 1256 1256 1256 1250 1250 1250 1289 1289 1289 1207 1207 1207 1207 1207 1207 1289 1289 1289 1237 1237 1237 1237 1237 1237 1289 1289 1289 1290 1290 1290 1237 1237 1237 1290 1290 1290 1242 1242 1242 1273 1273 1273 1291 1291 1291 1230 1230 1230 1230 1230 1230 1291 1291 1291 1280 1280 1280 1221 1221 1221 1283 1283 1283 1247 1247 1247 1276 1276 1276 1292 1292 1292 1254 1254 1254 1200 1200 1200 1266 1266 1266 1255 1255 1255 1255 1255 1255 1293 1293 1293 1243 1243 1243 1260 1260 1260 1294 1294 1294 1277 1277 1277 1248 1248 1248 1285 1285 1285 1224 1224 1224 1246 1246 1246 1267 1267 1267 1210 1210 1210 1249 1249 1249 1295 1295 1295 1268 1268 1268 1231 1231 1231 1227 1227 1227 1296 1296 1296 1296 1296 1296 1272 1272 1272 1231 1231 1231 1232 1232 1232 1272 1272 1272 1288 1288 1288 1288 1288 1288 1297 1297 1297 1256 1256 1256 1256 1256 1256 1298 1298 1298 1228 1228 1228 1206 1206 1206 1299 1299 1299 1250 1250 1250 1280 1280 1280 1300 1300 1300 1217 1217 1217 1217 1217 1217 1300 1300 1300 1274 1274 1274 1283 1283 1283 1301 1301 1301 1247 1247 1247 1247 1247 1247 1301 1301 1301 1251 1251 1251 1251 1251 1251 1302 1302 1302 1259 1259 1259 1259 1259 1259 1302 1302 1302 1284 1284 1284 1284 1284 1284 1303 1303 1303 1263 1263 1263 1263 1263 1263 1303 1303 1303 1275 1275 1275 1254 1254 1254 1292 1292 1292 1266 1266 1266 1243 1243 1243 1293 1293 1293 1260 1260 1260 1234 1234 1234 1285 1285 1285 1286 1286 1286 1286 1286 1286 1304 1304 1304 1246 1246 1246 1246 1246 1246 1304 1304 1304 1267 1267 1267 1267 1267 1267 1249 1249 1249 1219 1219 1219 1305 1305 1305 1306 1306 1306 1278 1278 1278 1261 1261 1261 1305 1305 1305 1278 1278 1278 1306 1306 1306 1269 1269 1269 1278 1278 1278 1297 1297 1297 1298 1298 1298 1256 1256 1256 1228 1228 1228 1307 1307 1307 1236 1236 1236 1236 1236 1236 1279 1279 1279 1241 1241 1241 1299 1299 1299 1289 1289 1289 1250 1250 1250 1275 1275 1275 1308 1308 1308 1252 1252 1252 1252 1252 1252 1308 1308 1308 1264 1264 1264 1264 1264 1264 1308 1308 1308 1253 1253 1253 1255 1255 1255 1266 1266 1266 1293 1293 1293 1242 1242 1242 1309 1309 1309 1215 1215 1215 1215 1215 1215 1309 1309 1309 1257 1257 1257 1301 1301 1301 1302 1302 1302 1251 1251 1251 1284 1284 1284 1310 1310 1310 1303 1303 1303 1308 1308 1308 1311 1311 1311 1253 1253 1253 1293 1293 1293 1312 1312 1312 1260 1260 1260 1260 1260 1260 1313 1313 1313 1294 1294 1294 1314 1314 1314 1295 1295 1295 1249 1249 1249 1268 1268 1268 1315 1315 1315 1261 1261 1261 1270 1270 1270 1316 1316 1316 1271 1271 1271 1316 1316 1316 1317 1317 1317 1226 1226 1226 1271 1271 1271 1316 1316 1316 1226 1226 1226 1226 1226 1226 1317 1317 1317 1262 1262 1262 1298 1298 1298 1307 1307 1307 1228 1228 1228 1279 1279 1279 1318 1318 1318 1206 1206 1206 1206 1206 1206 1318 1318 1318 1299 1299 1299 1290 1290 1290 1319 1319 1319 1242 1242 1242 1280 1280 1280 1320 1320 1320 1300 1300 1300 1282 1282 1282 1321 1321 1321 1283 1283 1283 1301 1301 1301 1322 1322 1322 1302 1302 1302 1302 1302 1302 1310 1310 1310 1284 1284 1284 1275 1275 1275 1323 1323 1323 1308 1308 1308 1253 1253 1253 1276 1276 1276 1265 1265 1265 1267 1267 1267 1324 1324 1324 1314 1314 1314 1267 1267 1267 1314 1314 1314 1249 1249 1249 1261 1261 1261 1315 1315 1315 1305 1305 1305 1287 1287 1287 1325 1325 1325 1227 1227 1227 1227 1227 1227 1325 1325 1325 1296 1296 1296 1299 1299 1299 1326 1326 1326 1289 1289 1289 1289 1289 1289 1327 1327 1327 1290 1290 1290 1242 1242 1242 1319 1319 1319 1309 1309 1309 1303 1303 1303 1323 1323 1323 1275 1275 1275 1294 1294 1294 1328 1328 1328 1277 1277 1277 1295 1295 1295 1314 1314 1314 1315 1315 1315 1295 1295 1295 1315 1315 1315 1268 1268 1268 1306 1306 1306 1329 1329 1329 1269 1269 1269 1269 1269 1269 1329 1329 1329 1270 1270 1270 1307 1307 1307 1279 1279 1279 1236 1236 1236 1283 1283 1283 1330 1330 1330 1301 1301 1301 1323 1323 1323 1331 1331 1331 1308 1308 1308 1308 1308 1308 1331 1331 1331 1311 1311 1311 1253 1253 1253 1332 1332 1332 1276 1276 1276 1266 1266 1266 1333 1333 1333 1293 1293 1293 1312 1312 1312 1313 1313 1313 1260 1260 1260 1277 1277 1277 1328 1328 1328 1248 1248 1248 1248 1248 1248 1328 1328 1328 1285 1285 1285 1285 1285 1285 1334 1334 1334 1286 1286 1286 1286 1286 1286 1334 1334 1334 1304 1304 1304 1304 1304 1304 1324 1324 1324 1267 1267 1267 1305 1305 1305 1335 1335 1335 1306 1306 1306 1306 1306 1306 1335 1335 1335 1329 1329 1329 1316 1316 1316 1270 1270 1270 1336 1336 1336 1316 1316 1316 1336 1336 1336 1317 1317 1317 1321 1321 1321 1330 1330 1330 1283 1283 1283 1330 1330 1330 1337 1337 1337 1301 1301 1301 1301 1301 1301 1337 1337 1337 1322 1322 1322 1323 1323 1323 1338 1338 1338 1331 1331 1331 1311 1311 1311 1339 1339 1339 1253 1253 1253 1253 1253 1253 1339 1339 1339 1332 1332 1332 1332 1332 1332 1340 1340 1340 1276 1276 1276 1276 1276 1276 1340 1340 1340 1292 1292 1292 1266 1266 1266 1292 1292 1292 1333 1333 1333 1328 1328 1328 1341 1341 1341 1285 1285 1285 1285 1285 1285 1341 1341 1341 1334 1334 1334 1314 1314 1314 1342 1342 1342 1315 1315 1315 1315 1315 1315 1335 1335 1335 1305 1305 1305 1279 1279 1279 1343 1343 1343 1318 1318 1318 1326 1326 1326 1327 1327 1327 1289 1289 1289 1327 1327 1327 1319 1319 1319 1290 1290 1290 1320 1320 1320 1344 1344 1344 1300 1300 1300 1300 1300 1300 1344 1344 1344 1274 1274 1274 1334 1334 1334 1345 1345 1345 1304 1304 1304 1304 1304 1304 1345 1345 1345 1324 1324 1324 1315 1315 1315 1346 1346 1346 1335 1335 1335 1335 1335 1335 1347 1347 1347 1329 1329 1329 1317 1317 1317 1336 1336 1336 1262 1262 1262 1279 1279 1279 1348 1348 1348 1343 1343 1343 1309 1309 1309 1349 1349 1349 1257 1257 1257 1257 1257 1257 1349 1349 1349 1258 1258 1258 1302 1302 1302 1350 1350 1350 1310 1310 1310 1270 1270 1270 1351 1351 1351 1336 1336 1336 1272 1272 1272 1296 1296 1296 1288 1288 1288 1307 1307 1307 1348 1348 1348 1279 1279 1279 1349 1349 1349 1352 1352 1352 1258 1258 1258 1258 1258 1258 1352 1352 1352 1353 1353 1353 1258 1258 1258 1353 1353 1353 1229 1229 1229 1273 1273 1273 1354 1354 1354 1291 1291 1291 1291 1291 1291 1354 1354 1354 1280 1280 1280 1322 1322 1322 1355 1355 1355 1302 1302 1302 1302 1302 1302 1355 1355 1355 1350 1350 1350 1293 1293 1293 1356 1356 1356 1312 1312 1312 1328 1328 1328 1357 1357 1357 1341 1341 1341 1324 1324 1324 1358 1358 1358 1314 1314 1314 1314 1314 1314 1358 1358 1358 1359 1359 1359 1314 1314 1314 1360 1360 1360 1342 1342 1342 1315 1315 1315 1342 1342 1342 1360 1360 1360 1360 1360 1360 1346 1346 1346 1315 1315 1315 1361 1361 1361 1362 1362 1362 1262 1262 1262 1336 1336 1336 1361 1361 1361 1262 1262 1262 1262 1262 1262 1362 1362 1362 1287 1287 1287 1288 1288 1288 1363 1363 1363 1297 1297 1297 1298 1298 1298 1348 1348 1348 1307 1307 1307 1318 1318 1318 1364 1364 1364 1299 1299 1299 1299 1299 1299 1364 1364 1364 1326 1326 1326 1273 1273 1273 1365 1365 1365 1354 1354 1354 1310 1310 1310 1366 1366 1366 1303 1303 1303 1303 1303 1303 1338 1338 1338 1323 1323 1323 1313 1313 1313 1367 1367 1367 1294 1294 1294 1329 1329 1329 1351 1351 1351 1270 1270 1270 1351 1351 1351 1368 1368 1368 1336 1336 1336 1368 1368 1368 1361 1361 1361 1336 1336 1336 1296 1296 1296 1369 1369 1369 1288 1288 1288 1327 1327 1327 1370 1370 1370 1319 1319 1319 1370 1370 1370 1371 1371 1371 1309 1309 1309 1319 1319 1319 1370 1370 1370 1309 1309 1309 1309 1309 1309 1371 1371 1371 1349 1349 1349 1303 1303 1303 1366 1366 1366 1338 1338 1338 1338 1338 1338 1372 1372 1372 1331 1331 1331 1372 1372 1372 1373 1373 1373 1311 1311 1311 1331 1331 1331 1372 1372 1372 1311 1311 1311 1333 1333 1333 1356 1356 1356 1293 1293 1293 1294 1294 1294 1367 1367 1367 1328 1328 1328 1341 1341 1341 1357 1357 1357 1334 1334 1334 1324 1324 1324 1374 1374 1374 1358 1358 1358 1329 1329 1329 1347 1347 1347 1351 1351 1351 1369 1369 1369 1363 1363 1363 1288 1288 1288 1297 1297 1297 1363 1363 1363 1298 1298 1298 1348 1348 1348 1375 1375 1375 1343 1343 1343 1364 1364 1364 1376 1376 1376 1326 1326 1326 1282 1282 1282 1377 1377 1377 1321 1321 1321 1377 1377 1377 1378 1378 1378 1330 1330 1330 1321 1321 1321 1377 1377 1377 1330 1330 1330 1330 1330 1330 1378 1378 1378 1337 1337 1337 1338 1338 1338 1379 1379 1379 1372 1372 1372 1311 1311 1311 1373 1373 1373 1339 1339 1339 1339 1339 1339 1380 1380 1380 1332 1332 1332 1332 1332 1332 1380 1380 1380 1340 1340 1340 1328 1328 1328 1367 1367 1367 1357 1357 1357 1345 1345 1345 1374 1374 1374 1324 1324 1324 1314 1314 1314 1359 1359 1359 1360 1360 1360 1360 1360 1360 1381 1381 1381 1346 1346 1346 1346 1346 1346 1381 1381 1381 1382 1382 1382 1346 1346 1346 1382 1382 1382 1335 1335 1335 1351 1351 1351 1383 1383 1383 1368 1368 1368 1361 1361 1361 1384 1384 1384 1362 1362 1362 1326 1326 1326 1376 1376 1376 1327 1327 1327 1327 1327 1327 1385 1385 1385 1370 1370 1370 1350 1350 1350 1366 1366 1366 1310 1310 1310 1366 1366 1366 1379 1379 1379 1338 1338 1338 1356 1356 1356 1386 1386 1386 1312 1312 1312 1312 1312 1312 1367 1367 1367 1313 1313 1313 1357 1357 1357 1387 1387 1387 1334 1334 1334 1347 1347 1347 1388 1388 1388 1351 1351 1351 1362 1362 1362 1325 1325 1325 1287 1287 1287 1344 1344 1344 1389 1389 1389 1274 1274 1274 1274 1274 1274 1389 1389 1389 1390 1390 1390 1274 1274 1274 1390 1390 1390 1281 1281 1281 1282 1282 1282 1391 1391 1391 1377 1377 1377 1337 1337 1337 1392 1392 1392 1322 1322 1322 1322 1322 1322 1392 1392 1392 1355 1355 1355 1373 1373 1373 1393 1393 1393 1339 1339 1339 1340 1340 1340 1394 1394 1394 1292 1292 1292 1335 1335 1335 1388 1388 1388 1347 1347 1347 1364 1364 1364 1395 1395 1395 1376 1376 1376 1372 1372 1372 1396 1396 1396 1373 1373 1373 1373 1373 1373 1396 1396 1396 1393 1393 1393 1292 1292 1292 1394 1394 1394 1333 1333 1333 1333 1333 1333 1394 1394 1394 1397 1397 1397 1397 1397 1397 1356 1356 1356 1333 1333 1333 1357 1357 1357 1367 1367 1367 1387 1387 1387 1360 1360 1360 1398 1398 1398 1381 1381 1381 1368 1368 1368 1383 1383 1383 1361 1361 1361 1325 1325 1325 1369 1369 1369 1296 1296 1296 1343 1343 1343 1375 1375 1375 1318 1318 1318 1355 1355 1355 1399 1399 1399 1350 1350 1350 1366 1366 1366 1400 1400 1400 1379 1379 1379 1386 1386 1386 1401 1401 1401 1367 1367 1367 1312 1312 1312 1386 1386 1386 1367 1367 1367 1383 1383 1383 1384 1384 1384 1361 1361 1361 1363 1363 1363 1402 1402 1402 1298 1298 1298 1298 1298 1298 1402 1402 1402 1348 1348 1348 1327 1327 1327 1376 1376 1376 1385 1385 1385 1320 1320 1320 1403 1403 1403 1344 1344 1344 1344 1344 1344 1403 1403 1403 1389 1389 1389 1350 1350 1350 1404 1404 1404 1366 1366 1366 1404 1404 1404 1400 1400 1400 1366 1366 1366 1379 1379 1379 1405 1405 1405 1372 1372 1372 1367 1367 1367 1401 1401 1401 1387 1387 1387 1381 1381 1381 1406 1406 1406 1382 1382 1382 1382 1382 1382 1406 1406 1406 1335 1335 1335 1407 1407 1407 1408 1408 1408 1388 1388 1388 1388 1388 1388 1408 1408 1408 1351 1351 1351 1351 1351 1351 1408 1408 1408 1383 1383 1383 1369 1369 1369 1409 1409 1409 1363 1363 1363 1318 1318 1318 1375 1375 1375 1364 1364 1364 1280 1280 1280 1410 1410 1410 1320 1320 1320 1320 1320 1320 1410 1410 1410 1403 1403 1403 1400 1400 1400 1405 1405 1405 1379 1379 1379 1372 1372 1372 1405 1405 1405 1396 1396 1396 1393 1393 1393 1411 1411 1411 1339 1339 1339 1411 1411 1411 1412 1412 1412 1339 1339 1339 1339 1339 1339 1412 1412 1412 1380 1380 1380 1387 1387 1387 1413 1413 1413 1334 1334 1334 1413 1413 1413 1414 1414 1414 1334 1334 1334 1334 1334 1334 1414 1414 1414 1345 1345 1345 1374 1374 1374 1415 1415 1415 1358 1358 1358 1358 1358 1358 1415 1415 1415 1359 1359 1359 1360 1360 1360 1359 1359 1359 1398 1398 1398 1398 1398 1398 1416 1416 1416 1381 1381 1381 1406 1406 1406 1407 1407 1407 1388 1388 1388 1335 1335 1335 1406 1406 1406 1388 1388 1388 1363 1363 1363 1409 1409 1409 1402 1402 1402 1365 1365 1365 1417 1417 1417 1354 1354 1354 1354 1354 1354 1410 1410 1410 1280 1280 1280 1418 1418 1418 1413 1413 1413 1387 1387 1387 1345 1345 1345 1414 1414 1414 1374 1374 1374 1374 1374 1374 1419 1419 1419 1415 1415 1415 1383 1383 1383 1420 1420 1420 1384 1384 1384 1384 1384 1384 1420 1420 1420 1362 1362 1362 1325 1325 1325 1421 1421 1421 1369 1369 1369 1385 1385 1385 1422 1422 1422 1370 1370 1370 1399 1399 1399 1404 1404 1404 1350 1350 1350 1414 1414 1414 1419 1419 1419 1374 1374 1374 1416 1416 1416 1423 1423 1423 1381 1381 1381 1381 1381 1381 1423 1423 1423 1406 1406 1406 1424 1424 1424 1425 1425 1425 1407 1407 1407 1406 1406 1406 1424 1424 1424 1407 1407 1407 1362 1362 1362 1421 1421 1421 1325 1325 1325 1402 1402 1402 1426 1426 1426 1348 1348 1348 1426 1426 1426 1427 1427 1427 1348 1348 1348 1427 1427 1427 1375 1375 1375 1348 1348 1348 1405 1405 1405 1428 1428 1428 1396 1396 1396 1396 1396 1396 1428 1428 1428 1393 1393 1393 1393 1393 1393 1429 1429 1429 1411 1411 1411 1408 1408 1408 1430 1430 1430 1383 1383 1383 1383 1383 1383 1430 1430 1430 1420 1420 1420 1375 1375 1375 1431 1431 1431 1364 1364 1364 1364 1364 1364 1431 1431 1431 1395 1395 1395 1395 1395 1395 1432 1432 1432 1376 1376 1376 1432 1432 1432 1385 1385 1385 1376 1376 1376 1400 1400 1400 1433 1433 1433 1405 1405 1405 1412 1412 1412 1434 1434 1434 1380 1380 1380 1380 1380 1380 1434 1434 1434 1340 1340 1340 1340 1340 1340 1434 1434 1434 1394 1394 1394 1394 1394 1394 1435 1435 1435 1397 1397 1397 1435 1435 1435 1356 1356 1356 1397 1397 1397 1356 1356 1356 1436 1436 1436 1386 1386 1386 1386 1386 1386 1436 1436 1436 1401 1401 1401 1436 1436 1436 1437 1437 1437 1401 1401 1401 1401 1401 1401 1437 1437 1437 1418 1418 1418 1401 1401 1401 1418 1418 1418 1387 1387 1387 1398 1398 1398 1359 1359 1359 1416 1416 1416 1423 1423 1423 1424 1424 1424 1406 1406 1406 1407 1407 1407 1425 1425 1425 1408 1408 1408 1389 1389 1389 1438 1438 1438 1390 1390 1390 1391 1391 1391 1439 1439 1439 1377 1377 1377 1378 1378 1378 1440 1440 1440 1337 1337 1337 1404 1404 1404 1441 1441 1441 1400 1400 1400 1400 1400 1400 1441 1441 1441 1433 1433 1433 1405 1405 1405 1433 1433 1433 1428 1428 1428 1428 1428 1428 1429 1429 1429 1393 1393 1393 1434 1434 1434 1442 1442 1442 1394 1394 1394 1394 1394 1394 1442 1442 1442 1435 1435 1435 1356 1356 1356 1435 1435 1435 1436 1436 1436 1418 1418 1418 1443 1443 1443 1413 1413 1413 1415 1415 1415 1444 1444 1444 1359 1359 1359 1359 1359 1359 1444 1444 1444 1416 1416 1416 1416 1416 1416 1445 1445 1445 1423 1423 1423 1408 1408 1408 1446 1446 1446 1430 1430 1430 1362 1362 1362 1447 1447 1447 1421 1421 1421 1421 1421 1421 1447 1447 1447 1448 1448 1448 1421 1421 1421 1448 1448 1448 1369 1369 1369 1448 1448 1448 1409 1409 1409 1369 1369 1369 1432 1432 1432 1422 1422 1422 1385 1385 1385 1371 1371 1371 1449 1449 1449 1349 1349 1349 1349 1349 1349 1449 1449 1449 1352 1352 1352 1352 1352 1352 1450 1450 1450 1353 1353 1353 1377 1377 1377 1451 1451 1451 1378 1378 1378 1392 1392 1392 1452 1452 1452 1355 1355 1355 1355 1355 1355 1452 1452 1452 1399 1399 1399 1412 1412 1412 1453 1453 1453 1434 1434 1434 1436 1436 1436 1454 1454 1454 1437 1437 1437 1413 1413 1413 1443 1443 1443 1414 1414 1414 1414 1414 1414 1455 1455 1455 1419 1419 1419 1419 1419 1419 1455 1455 1455 1456 1456 1456 1419 1419 1419 1456 1456 1456 1457 1457 1457 1419 1419 1419 1457 1457 1457 1415 1415 1415 1415 1415 1415 1457 1457 1457 1444 1444 1444 1444 1444 1444 1445 1445 1445 1416 1416 1416 1424 1424 1424 1458 1458 1458 1425 1425 1425 1425 1425 1425 1446 1446 1446 1408 1408 1408 1420 1420 1420 1459 1459 1459 1362 1362 1362 1362 1362 1362 1459 1459 1459 1447 1447 1447 1409 1409 1409 1460 1460 1460 1402 1402 1402 1402 1402 1402 1460 1460 1460 1461 1461 1461 1402 1402 1402 1461 1461 1461 1426 1426 1426 1426 1426 1426 1461 1461 1461 1427 1427 1427 1431 1431 1431 1432 1432 1432 1395 1395 1395 1370 1370 1370 1422 1422 1422 1462 1462 1462 1370 1370 1370 1462 1462 1462 1371 1371 1371 1371 1371 1371 1462 1462 1462 1449 1449 1449 1439 1439 1439 1451 1451 1451 1377 1377 1377 1428 1428 1428 1463 1463 1463 1429 1429 1429 1463 1463 1463 1464 1464 1464 1429 1429 1429 1429 1429 1429 1464 1464 1464 1411 1411 1411 1411 1411 1411 1465 1465 1465 1412 1412 1412 1412 1412 1412 1465 1465 1465 1453 1453 1453 1442 1442 1442 1466 1466 1466 1435 1435 1435 1435 1435 1435 1466 1466 1466 1436 1436 1436 1437 1437 1437 1443 1443 1443 1418 1418 1418 1443 1443 1443 1467 1467 1467 1414 1414 1414 1423 1423 1423 1445 1445 1445 1458 1458 1458 1423 1423 1423 1458 1458 1458 1424 1424 1424 1420 1420 1420 1430 1430 1430 1459 1459 1459 1448 1448 1448 1460 1460 1460 1409 1409 1409 1432 1432 1432 1468 1468 1468 1422 1422 1422 1337 1337 1337 1440 1440 1440 1392 1392 1392 1392 1392 1392 1469 1469 1469 1452 1452 1452 1399 1399 1399 1452 1452 1452 1404 1404 1404 1452 1452 1452 1441 1441 1441 1404 1404 1404 1433 1433 1433 1470 1470 1470 1428 1428 1428 1470 1470 1470 1463 1463 1463 1428 1428 1428 1411 1411 1411 1464 1464 1464 1465 1465 1465 1434 1434 1434 1471 1471 1471 1442 1442 1442 1444 1444 1444 1472 1472 1472 1445 1445 1445 1445 1445 1445 1472 1472 1472 1458 1458 1458 1458 1458 1458 1473 1473 1473 1425 1425 1425 1425 1425 1425 1473 1473 1473 1446 1446 1446 1446 1446 1446 1474 1474 1474 1430 1430 1430 1461 1461 1461 1475 1475 1475 1427 1427 1427 1475 1475 1475 1476 1476 1476 1375 1375 1375 1427 1427 1427 1475 1475 1475 1375 1375 1375 1375 1375 1375 1476 1476 1476 1431 1431 1431 1449 1449 1449 1477 1477 1477 1352 1352 1352 1352 1352 1352 1477 1477 1477 1450 1450 1450 1403 1403 1403 1478 1478 1478 1389 1389 1389 1389 1389 1389 1478 1478 1478 1438 1438 1438 1378 1378 1378 1451 1451 1451 1440 1440 1440 1440 1440 1440 1469 1469 1469 1392 1392 1392 1452 1452 1452 1479 1479 1479 1441 1441 1441 1441 1441 1441 1480 1480 1480 1481 1481 1481 1441 1441 1441 1481 1481 1481 1433 1433 1433 1481 1481 1481 1470 1470 1470 1433 1433 1433 1456 1456 1456 1482 1482 1482 1457 1457 1457 1482 1482 1482 1483 1483 1483 1457 1457 1457 1457 1457 1457 1483 1483 1483 1444 1444 1444 1483 1483 1483 1484 1484 1484 1444 1444 1444 1444 1444 1444 1484 1484 1484 1472 1472 1472 1473 1473 1473 1474 1474 1474 1446 1446 1446 1474 1474 1474 1485 1485 1485 1430 1430 1430 1430 1430 1430 1485 1485 1485 1459 1459 1459 1485 1485 1485 1486 1486 1486 1459 1459 1459 1459 1459 1459 1486 1486 1486 1447 1447 1447 1447 1447 1447 1486 1486 1486 1487 1487 1487 1487 1487 1487 1488 1488 1488 1447 1447 1447 1447 1447 1447 1488 1488 1488 1448 1448 1448 1448 1448 1448 1488 1488 1488 1460 1460 1460 1410 1410 1410 1489 1489 1489 1403 1403 1403 1403 1403 1403 1489 1489 1489 1478 1478 1478 1441 1441 1441 1479 1479 1479 1480 1480 1480 1470 1470 1470 1490 1490 1490 1491 1491 1491 1470 1470 1470 1491 1491 1491 1463 1463 1463 1453 1453 1453 1471 1471 1471 1434 1434 1434 1471 1471 1471 1492 1492 1492 1442 1442 1442 1442 1442 1442 1492 1492 1492 1466 1466 1466 1466 1466 1466 1493 1493 1493 1436 1436 1436 1436 1436 1436 1493 1493 1493 1454 1454 1454 1454 1454 1454 1494 1494 1494 1437 1437 1437 1437 1437 1437 1494 1494 1494 1443 1443 1443 1467 1467 1467 1455 1455 1455 1414 1414 1414 1455 1455 1455 1482 1482 1482 1456 1456 1456 1474 1474 1474 1495 1495 1495 1485 1485 1485 1417 1417 1417 1496 1496 1496 1354 1354 1354 1354 1354 1354 1497 1497 1497 1410 1410 1410 1451 1451 1451 1498 1498 1498 1440 1440 1440 1452 1452 1452 1499 1499 1499 1479 1479 1479 1481 1481 1481 1500 1500 1500 1470 1470 1470 1470 1470 1470 1500 1500 1500 1490 1490 1490 1464 1464 1464 1463 1463 1463 1501 1501 1501 1464 1464 1464 1501 1501 1501 1465 1465 1465 1471 1471 1471 1502 1502 1502 1503 1503 1503 1471 1471 1471 1503 1503 1503 1492 1492 1492 1466 1466 1466 1492 1492 1492 1504 1504 1504 1466 1466 1466 1504 1504 1504 1493 1493 1493 1493 1493 1493 1505 1505 1505 1454 1454 1454 1505 1505 1505 1494 1494 1494 1454 1454 1454 1484 1484 1484 1506 1506 1506 1472 1472 1472 1472 1472 1472 1506 1506 1506 1458 1458 1458 1458 1458 1458 1507 1507 1507 1473 1473 1473 1473 1473 1473 1507 1507 1507 1474 1474 1474 1488 1488 1488 1508 1508 1508 1460 1460 1460 1508 1508 1508 1509 1509 1509 1461 1461 1461 1460 1460 1460 1508 1508 1508 1461 1461 1461 1431 1431 1431 1510 1510 1510 1432 1432 1432 1468 1468 1468 1462 1462 1462 1422 1422 1422 1439 1439 1439 1511 1511 1511 1451 1451 1451 1451 1451 1451 1511 1511 1511 1498 1498 1498 1469 1469 1469 1499 1499 1499 1452 1452 1452 1499 1499 1499 1480 1480 1480 1479 1479 1479 1480 1480 1480 1512 1512 1512 1481 1481 1481 1512 1512 1512 1513 1513 1513 1481 1481 1481 1481 1481 1481 1513 1513 1513 1500 1500 1500 1500 1500 1500 1514 1514 1514 1490 1490 1490 1514 1514 1514 1515 1515 1515 1490 1490 1490 1490 1490 1490 1515 1515 1515 1516 1516 1516 1490 1490 1490 1516 1516 1516 1491 1491 1491 1491 1491 1491 1517 1517 1517 1463 1463 1463 1453 1453 1453 1502 1502 1502 1471 1471 1471 1507 1507 1507 1495 1495 1495 1474 1474 1474 1461 1461 1461 1509 1509 1509 1475 1475 1475 1475 1475 1475 1510 1510 1510 1476 1476 1476 1476 1476 1476 1510 1510 1510 1431 1431 1431 1510 1510 1510 1468 1468 1468 1432 1432 1432 1496 1496 1496 1497 1497 1497 1354 1354 1354 1497 1497 1497 1489 1489 1489 1410 1410 1410 1478 1478 1478 1518 1518 1518 1438 1438 1438 1439 1439 1439 1519 1519 1519 1511 1511 1511 1498 1498 1498 1469 1469 1469 1440 1440 1440 1480 1480 1480 1520 1520 1520 1512 1512 1512 1512 1512 1512 1521 1521 1521 1513 1513 1513 1522 1522 1522 1523 1523 1523 1500 1500 1500 1513 1513 1513 1522 1522 1522 1500 1500 1500 1500 1500 1500 1523 1523 1523 1514 1514 1514 1465 1465 1465 1501 1501 1501 1453 1453 1453 1501 1501 1501 1502 1502 1502 1453 1453 1453 1503 1503 1503 1524 1524 1524 1492 1492 1492 1492 1492 1492 1524 1524 1524 1504 1504 1504 1524 1524 1524 1493 1493 1493 1504 1504 1504 1510 1510 1510 1525 1525 1525 1468 1468 1468 1468 1468 1468 1525 1525 1525 1526 1526 1526 1468 1468 1468 1526 1526 1526 1462 1462 1462 1527 1527 1527 1528 1528 1528 1529 1529 1529 1527 1527 1527 1529 1529 1529 1530 1530 1530 1531 1531 1531 1532 1532 1532 1533 1533 1533 1531 1531 1531 1533 1533 1533 1534 1534 1534 1529 1529 1529 1535 1535 1535 1536 1536 1536 1530 1530 1530 1529 1529 1529 1536 1536 1536 1535 1535 1535 1537 1537 1537 1536 1536 1536 1538 1538 1538 1539 1539 1539 1529 1529 1529 1528 1528 1528 1538 1538 1538 1529 1529 1529 1534 1534 1534 1533 1533 1533 1540 1540 1540 1534 1534 1534 1540 1540 1540 1541 1541 1541 1529 1529 1529 1539 1539 1539 1542 1542 1542 1529 1529 1529 1542 1542 1542 1535 1535 1535 1543 1543 1543 1544 1544 1544 1542 1542 1542 1539 1539 1539 1543 1543 1543 1542 1542 1542 1535 1535 1535 1542 1542 1542 1545 1545 1545 1535 1535 1535 1545 1545 1545 1537 1537 1537 1544 1544 1544 1546 1546 1546 1545 1545 1545 1542 1542 1542 1544 1544 1544 1545 1545 1545 1537 1537 1537 1545 1545 1545 1547 1547 1547 1545 1545 1545 1546 1546 1546 1548 1548 1548 1545 1545 1545 1548 1548 1548 1549 1549 1549 1545 1545 1545 1549 1549 1549 1547 1547 1547 1550 1550 1550 1551 1551 1551 1539 1539 1539 1538 1538 1538 1550 1550 1550 1539 1539 1539 1540 1540 1540 1552 1552 1552 1553 1553 1553 1541 1541 1541 1540 1540 1540 1553 1553 1553 1554 1554 1554 1555 1555 1555 1551 1551 1551 1550 1550 1550 1554 1554 1554 1551 1551 1551 1556 1556 1556 1557 1557 1557 1558 1558 1558 1556 1556 1556 1558 1558 1558 1559 1559 1559 1498 1498 1498 1511 1511 1511 1469 1469 1469 1469 1469 1469 1560 1560 1560 1499 1499 1499 1499 1499 1499 1561 1561 1561 1520 1520 1520 1499 1499 1499 1520 1520 1520 1480 1480 1480 1520 1520 1520 1562 1562 1562 1512 1512 1512 1512 1512 1512 1562 1562 1562 1521 1521 1521 1491 1491 1491 1563 1563 1563 1517 1517 1517 1463 1463 1463 1563 1563 1563 1501 1501 1501 1502 1502 1502 1564 1564 1564 1503 1503 1503 1503 1503 1503 1564 1564 1564 1524 1524 1524 1493 1493 1493 1524 1524 1524 1565 1565 1565 1565 1565 1565 1566 1566 1566 1493 1493 1493 1493 1493 1493 1566 1566 1566 1505 1505 1505 1505 1505 1505 1566 1566 1566 1494 1494 1494 1494 1494 1494 1566 1566 1566 1443 1443 1443 1566 1566 1566 1567 1567 1567 1443 1443 1443 1443 1443 1443 1567 1567 1567 1467 1467 1467 1467 1467 1467 1567 1567 1567 1482 1482 1482 1467 1467 1467 1482 1482 1482 1455 1455 1455 1482 1482 1482 1568 1568 1568 1483 1483 1483 1483 1483 1483 1568 1568 1568 1484 1484 1484 1484 1484 1484 1568 1568 1568 1569 1569 1569 1484 1484 1484 1569 1569 1569 1506 1506 1506 1506 1506 1506 1569 1569 1569 1570 1570 1570 1506 1506 1506 1570 1570 1570 1458 1458 1458 1458 1458 1458 1570 1570 1570 1507 1507 1507 1570 1570 1570 1571 1571 1571 1507 1507 1507 1507 1507 1507 1571 1571 1571 1495 1495 1495 1571 1571 1571 1572 1572 1572 1495 1495 1495 1495 1495 1495 1572 1572 1572 1485 1485 1485 1485 1485 1485 1572 1572 1572 1486 1486 1486 1486 1486 1486 1572 1572 1572 1573 1573 1573 1486 1486 1486 1573 1573 1573 1487 1487 1487 1487 1487 1487 1573 1573 1573 1488 1488 1488 1488 1488 1488 1573 1573 1573 1508 1508 1508 1509 1509 1509 1574 1574 1574 1575 1575 1575 1509 1509 1509 1575 1575 1575 1475 1475 1475 1475 1475 1475 1575 1575 1575 1510 1510 1510 1525 1525 1525 1576 1576 1576 1526 1526 1526 1526 1526 1526 1576 1576 1576 1577 1577 1577 1526 1526 1526 1577 1577 1577 1462 1462 1462 1477 1477 1477 1578 1578 1578 1450 1450 1450 1521 1521 1521 1579 1579 1579 1513 1513 1513 1562 1562 1562 1580 1580 1580 1521 1521 1521 1521 1521 1521 1580 1580 1580 1581 1581 1581 1521 1521 1521 1581 1581 1581 1579 1579 1579 1579 1579 1579 1582 1582 1582 1522 1522 1522 1513 1513 1513 1579 1579 1579 1522 1522 1522 1579 1579 1579 1581 1581 1581 1583 1583 1583 1579 1579 1579 1583 1583 1583 1582 1582 1582 1522 1522 1522 1582 1582 1582 1584 1584 1584 1522 1522 1522 1584 1584 1584 1523 1523 1523 1583 1583 1583 1585 1585 1585 1584 1584 1584 1582 1582 1582 1583 1583 1583 1584 1584 1584 1523 1523 1523 1584 1584 1584 1514 1514 1514 1584 1584 1584 1585 1585 1585 1586 1586 1586 1584 1584 1584 1586 1586 1586 1514 1514 1514 1586 1586 1586 1587 1587 1587 1588 1588 1588 1514 1514 1514 1586 1586 1586 1588 1588 1588 1514 1514 1514 1588 1588 1588 1515 1515 1515 1588 1588 1588 1587 1587 1587 1589 1589 1589 1588 1588 1588 1589 1589 1589 1515 1515 1515 1589 1589 1589 1590 1590 1590 1515 1515 1515 1515 1515 1515 1590 1590 1590 1591 1591 1591 1515 1515 1515 1591 1591 1591 1516 1516 1516 1591 1591 1591 1592 1592 1592 1491 1491 1491 1516 1516 1516 1591 1591 1591 1491 1491 1491 1593 1593 1593 1594 1594 1594 1595 1595 1595 1593 1593 1593 1595 1595 1595 1596 1596 1596 1597 1597 1597 1598 1598 1598 1599 1599 1599 1593 1593 1593 1600 1600 1600 1594 1594 1594 1599 1599 1599 1598 1598 1598 1601 1601 1601 1599 1599 1599 1601 1601 1601 1602 1602 1602 1596 1596 1596 1595 1595 1595 1603 1603 1603 1596 1596 1596 1603 1603 1603 1604 1604 1604 1602 1602 1602 1601 1601 1601 1605 1605 1605 1602 1602 1602 1605 1605 1605 1606 1606 1606 1604 1604 1604 1603 1603 1603 1607 1607 1607 1606 1606 1606 1605 1605 1605 1608 1608 1608 1606 1606 1606 1608 1608 1608 1609 1609 1609 1607 1607 1607 1610 1610 1610 1611 1611 1611 1604 1604 1604 1607 1607 1607 1611 1611 1611 1608 1608 1608 1612 1612 1612 1613 1613 1613 1609 1609 1609 1608 1608 1608 1613 1613 1613 1610 1610 1610 1614 1614 1614 1615 1615 1615 1611 1611 1611 1610 1610 1610 1615 1615 1615 1613 1613 1613 1612 1612 1612 1616 1616 1616 1613 1613 1613 1616 1616 1616 1617 1617 1617 1616 1616 1616 1618 1618 1618 1617 1617 1617 1532 1532 1532 1619 1619 1619 1620 1620 1620 1532 1532 1532 1620 1620 1620 1533 1533 1533 1621 1621 1621 1622 1622 1622 1623 1623 1623 1621 1621 1621 1623 1623 1623 1624 1624 1624 1624 1624 1624 1623 1623 1623 1625 1625 1625 1624 1624 1624 1625 1625 1625 1626 1626 1626 1627 1627 1627 1628 1628 1628 1629 1629 1629 1533 1533 1533 1630 1630 1630 1540 1540 1540 1533 1533 1533 1631 1631 1631 1630 1630 1630 1627 1627 1627 1549 1549 1549 1632 1632 1632 1627 1627 1627 1632 1632 1632 1628 1628 1628 1628 1628 1628 1632 1632 1632 1633 1633 1633 1628 1628 1628 1633 1633 1633 1634 1634 1634 1635 1635 1635 1552 1552 1552 1540 1540 1540 1630 1630 1630 1635 1635 1635 1540 1540 1540 1630 1630 1630 1631 1631 1631 1636 1636 1636 1630 1630 1630 1636 1636 1636 1635 1635 1635 1543 1543 1543 1555 1555 1555 1637 1637 1637 1543 1543 1543 1637 1637 1637 1544 1544 1544 1555 1555 1555 1638 1638 1638 1637 1637 1637 1544 1544 1544 1637 1637 1637 1639 1639 1639 1544 1544 1544 1639 1639 1639 1546 1546 1546 1638 1638 1638 1640 1640 1640 1639 1639 1639 1637 1637 1637 1638 1638 1638 1639 1639 1639 1639 1639 1639 1641 1641 1641 1548 1548 1548 1546 1546 1546 1639 1639 1639 1548 1548 1548 1639 1639 1639 1640 1640 1640 1642 1642 1642 1639 1639 1639 1642 1642 1642 1641 1641 1641 1641 1641 1641 1643 1643 1643 1549 1549 1549 1548 1548 1548 1641 1641 1641 1549 1549 1549 1641 1641 1641 1642 1642 1642 1643 1643 1643 1549 1549 1549 1643 1643 1643 1632 1632 1632 1632 1632 1632 1643 1643 1643 1644 1644 1644 1632 1632 1632 1644 1644 1644 1633 1633 1633 1645 1645 1645 1646 1646 1646 1554 1554 1554 1635 1635 1635 1647 1647 1647 1552 1552 1552 1635 1635 1635 1636 1636 1636 1648 1648 1648 1635 1635 1635 1648 1648 1648 1647 1647 1647 1554 1554 1554 1646 1646 1646 1649 1649 1649 1554 1554 1554 1649 1649 1649 1555 1555 1555 1642 1642 1642 1650 1650 1650 1643 1643 1643 1650 1650 1650 1651 1651 1651 1652 1652 1652 1643 1643 1643 1650 1650 1650 1652 1652 1652 1643 1643 1643 1652 1652 1652 1644 1644 1644 1651 1651 1651 1653 1653 1653 1652 1652 1652 1645 1645 1645 1654 1654 1654 1655 1655 1655 1645 1645 1645 1655 1655 1655 1646 1646 1646 1648 1648 1648 1656 1656 1656 1657 1657 1657 1647 1647 1647 1648 1648 1648 1657 1657 1657 1646 1646 1646 1655 1655 1655 1658 1658 1658 1646 1646 1646 1658 1658 1658 1649 1649 1649 1655 1655 1655 1659 1659 1659 1658 1658 1658 1660 1660 1660 1661 1661 1661 1662 1662 1662 1660 1660 1660 1662 1662 1662 1657 1657 1657 1660 1660 1660 1663 1663 1663 1664 1664 1664 1660 1660 1660 1664 1664 1664 1661 1661 1661 1654 1654 1654 1665 1665 1665 1666 1666 1666 1654 1654 1654 1666 1666 1666 1655 1655 1655 1557 1557 1557 1667 1667 1667 1558 1558 1558 1668 1668 1668 1669 1669 1669 1670 1670 1670 1671 1671 1671 1668 1668 1668 1670 1670 1670 1497 1497 1497 1672 1672 1672 1489 1489 1489 1489 1489 1489 1673 1673 1673 1478 1478 1478 1478 1478 1478 1673 1673 1673 1674 1674 1674 1478 1478 1478 1674 1674 1674 1518 1518 1518 1560 1560 1560 1561 1561 1561 1499 1499 1499 1520 1520 1520 1675 1675 1675 1562 1562 1562 1463 1463 1463 1517 1517 1517 1563 1563 1563 1563 1563 1563 1676 1676 1676 1501 1501 1501 1501 1501 1501 1676 1676 1676 1502 1502 1502 1502 1502 1502 1676 1676 1676 1564 1564 1564 1565 1565 1565 1677 1677 1677 1566 1566 1566 1566 1566 1566 1677 1677 1677 1567 1567 1567 1567 1567 1567 1678 1678 1678 1482 1482 1482 1482 1482 1482 1678 1678 1678 1568 1568 1568 1568 1568 1568 1678 1678 1678 1679 1679 1679 1568 1568 1568 1679 1679 1679 1569 1569 1569 1569 1569 1569 1679 1679 1679 1680 1680 1680 1569 1569 1569 1680 1680 1680 1570 1570 1570 1680 1680 1680 1681 1681 1681 1570 1570 1570 1681 1681 1681 1682 1682 1682 1570 1570 1570 1570 1570 1570 1682 1682 1682 1571 1571 1571 1571 1571 1571 1682 1682 1682 1572 1572 1572 1682 1682 1682 1683 1683 1683 1572 1572 1572 1572 1572 1572 1683 1683 1683 1573 1573 1573 1573 1573 1573 1683 1683 1683 1684 1684 1684 1573 1573 1573 1684 1684 1684 1508 1508 1508 1684 1684 1684 1574 1574 1574 1508 1508 1508 1508 1508 1508 1574 1574 1574 1509 1509 1509 1510 1510 1510 1575 1575 1575 1525 1525 1525 1462 1462 1462 1577 1577 1577 1685 1685 1685 1462 1462 1462 1685 1685 1685 1449 1449 1449 1685 1685 1685 1686 1686 1686 1477 1477 1477 1449 1449 1449 1685 1685 1685 1477 1477 1477 1477 1477 1477 1686 1686 1686 1578 1578 1578 1519 1519 1519 1687 1687 1687 1511 1511 1511 1675 1675 1675 1688 1688 1688 1562 1562 1562 1689 1689 1689 1690 1690 1690 1688 1688 1688 1675 1675 1675 1689 1689 1689 1688 1688 1688 1688 1688 1688 1580 1580 1580 1562 1562 1562 1688 1688 1688 1690 1690 1690 1691 1691 1691 1688 1688 1688 1691 1691 1691 1580 1580 1580 1580 1580 1580 1691 1691 1691 1692 1692 1692 1580 1580 1580 1692 1692 1692 1581 1581 1581 1693 1693 1693 1694 1694 1694 1695 1695 1695 1694 1694 1694 1696 1696 1696 1697 1697 1697 1695 1695 1695 1694 1694 1694 1697 1697 1697 1696 1696 1696 1698 1698 1698 1699 1699 1699 1697 1697 1697 1696 1696 1696 1699 1699 1699 1699 1699 1699 1698 1698 1698 1700 1700 1700 1699 1699 1699 1700 1700 1700 1701 1701 1701 1700 1700 1700 1702 1702 1702 1701 1701 1701 1701 1701 1701 1702 1702 1702 1703 1703 1703 1590 1590 1590 1704 1704 1704 1591 1591 1591 1591 1591 1591 1704 1704 1704 1592 1592 1592 1705 1705 1705 1600 1600 1600 1706 1706 1706 1707 1707 1707 1705 1705 1705 1706 1706 1706 1708 1708 1708 1709 1709 1709 1710 1710 1710 1708 1708 1708 1710 1710 1710 1711 1711 1711 1600 1600 1600 1712 1712 1712 1713 1713 1713 1706 1706 1706 1600 1600 1600 1713 1713 1713 1712 1712 1712 1714 1714 1714 1715 1715 1715 1713 1713 1713 1712 1712 1712 1715 1715 1715 1716 1716 1716 1717 1717 1717 1600 1600 1600 1705 1705 1705 1716 1716 1716 1600 1600 1600 1710 1710 1710 1718 1718 1718 1719 1719 1719 1711 1711 1711 1710 1710 1710 1719 1719 1719 1719 1719 1719 1718 1718 1718 1720 1720 1720 1719 1719 1719 1720 1720 1720 1598 1598 1598 1598 1598 1598 1720 1720 1720 1721 1721 1721 1598 1598 1598 1721 1721 1721 1601 1601 1601 1601 1601 1601 1721 1721 1721 1722 1722 1722 1601 1601 1601 1722 1722 1722 1605 1605 1605 1723 1723 1723 1724 1724 1724 1725 1725 1725 1726 1726 1726 1723 1723 1723 1725 1725 1725 1727 1727 1727 1728 1728 1728 1729 1729 1729 1618 1618 1618 1730 1730 1730 1731 1731 1731 1605 1605 1605 1732 1732 1732 1733 1733 1733 1605 1605 1605 1733 1733 1733 1608 1608 1608 1605 1605 1605 1722 1722 1722 1732 1732 1732 1732 1732 1732 1722 1722 1722 1734 1734 1734 1732 1732 1732 1734 1734 1734 1733 1733 1733 1733 1733 1733 1735 1735 1735 1612 1612 1612 1608 1608 1608 1733 1733 1733 1612 1612 1612 1733 1733 1733 1734 1734 1734 1736 1736 1736 1733 1733 1733 1736 1736 1736 1735 1735 1735 1735 1735 1735 1737 1737 1737 1616 1616 1616 1612 1612 1612 1735 1735 1735 1616 1616 1616 1735 1735 1735 1736 1736 1736 1737 1737 1737 1616 1616 1616 1737 1737 1737 1618 1618 1618 1736 1736 1736 1738 1738 1738 1737 1737 1737 1739 1739 1739 1631 1631 1631 1620 1620 1620 1739 1739 1739 1620 1620 1620 1619 1619 1619 1739 1739 1739 1740 1740 1740 1631 1631 1631 1626 1626 1626 1741 1741 1741 1742 1742 1742 1743 1743 1743 1626 1626 1626 1742 1742 1742 1631 1631 1631 1740 1740 1740 1744 1744 1744 1745 1745 1745 1746 1746 1746 1747 1747 1747 1748 1748 1748 1745 1745 1745 1747 1747 1747 1631 1631 1631 1744 1744 1744 1636 1636 1636 1745 1745 1745 1749 1749 1749 1750 1750 1750 1745 1745 1745 1750 1750 1750 1746 1746 1746 1751 1751 1751 1752 1752 1752 1648 1648 1648 1751 1751 1751 1648 1648 1648 1636 1636 1636 1751 1751 1751 1753 1753 1753 1754 1754 1754 1751 1751 1751 1754 1754 1754 1752 1752 1752 1638 1638 1638 1755 1755 1755 1756 1756 1756 1756 1756 1756 1757 1757 1757 1640 1640 1640 1638 1638 1638 1756 1756 1756 1640 1640 1640 1640 1640 1640 1757 1757 1757 1642 1642 1642 1642 1642 1642 1757 1757 1757 1650 1650 1650 1758 1758 1758 1653 1653 1653 1759 1759 1759 1749 1749 1749 1760 1760 1760 1750 1750 1750 1761 1761 1761 1762 1762 1762 1760 1760 1760 1653 1653 1653 1763 1763 1763 1759 1759 1759 1663 1663 1663 1656 1656 1656 1648 1648 1648 1752 1752 1752 1663 1663 1663 1648 1648 1648 1752 1752 1752 1754 1754 1754 1764 1764 1764 1752 1752 1752 1764 1764 1764 1663 1663 1663 1755 1755 1755 1658 1658 1658 1765 1765 1765 1755 1755 1755 1765 1765 1765 1756 1756 1756 1756 1756 1756 1765 1765 1765 1766 1766 1766 1756 1756 1756 1766 1766 1766 1757 1757 1757 1766 1766 1766 1767 1767 1767 1650 1650 1650 1757 1757 1757 1766 1766 1766 1650 1650 1650 1767 1767 1767 1768 1768 1768 1651 1651 1651 1650 1650 1650 1767 1767 1767 1651 1651 1651 1651 1651 1651 1768 1768 1768 1769 1769 1769 1651 1651 1651 1769 1769 1769 1653 1653 1653 1764 1764 1764 1770 1770 1770 1664 1664 1664 1663 1663 1663 1764 1764 1764 1664 1664 1664 1659 1659 1659 1771 1771 1771 1658 1658 1658 1771 1771 1771 1772 1772 1772 1765 1765 1765 1658 1658 1658 1771 1771 1771 1765 1765 1765 1765 1765 1765 1772 1772 1772 1773 1773 1773 1765 1765 1765 1773 1773 1773 1766 1766 1766 1773 1773 1773 1774 1774 1774 1766 1766 1766 1766 1766 1766 1774 1774 1774 1767 1767 1767 1767 1767 1767 1774 1774 1774 1775 1775 1775 1767 1767 1767 1775 1775 1775 1768 1768 1768 1775 1775 1775 1776 1776 1776 1769 1769 1769 1768 1768 1768 1775 1775 1775 1769 1769 1769 1777 1777 1777 1672 1672 1672 1497 1497 1497 1496 1496 1496 1777 1777 1777 1497 1497 1497 1778 1778 1778 1558 1558 1558 1667 1667 1667 1659 1659 1659 1779 1779 1779 1771 1771 1771 1771 1771 1771 1779 1779 1779 1780 1780 1780 1771 1771 1771 1780 1780 1780 1772 1772 1772 1672 1672 1672 1673 1673 1673 1489 1489 1489 1781 1781 1781 1782 1782 1782 1567 1567 1567 1677 1677 1677 1781 1781 1781 1567 1567 1567 1679 1679 1679 1783 1783 1783 1680 1680 1680 1783 1783 1783 1784 1784 1784 1680 1680 1680 1687 1687 1687 1785 1785 1785 1511 1511 1511 1511 1511 1511 1785 1785 1785 1786 1786 1786 1786 1786 1786 1560 1560 1560 1469 1469 1469 1511 1511 1511 1786 1786 1786 1469 1469 1469 1560 1560 1560 1787 1787 1787 1561 1561 1561 1561 1561 1561 1787 1787 1787 1788 1788 1788 1561 1561 1561 1675 1675 1675 1520 1520 1520 1561 1561 1561 1788 1788 1788 1675 1675 1675 1675 1675 1675 1788 1788 1788 1789 1789 1789 1675 1675 1675 1789 1789 1789 1689 1689 1689 1789 1789 1789 1790 1790 1790 1690 1690 1690 1689 1689 1689 1789 1789 1789 1690 1690 1690 1690 1690 1690 1790 1790 1790 1791 1791 1791 1690 1690 1690 1791 1791 1791 1691 1691 1691 1792 1792 1792 1793 1793 1793 1592 1592 1592 1704 1704 1704 1792 1792 1792 1592 1592 1592 1592 1592 1592 1793 1793 1793 1563 1563 1563 1524 1524 1524 1564 1564 1564 1565 1565 1565 1567 1567 1567 1782 1782 1782 1678 1678 1678 1678 1678 1678 1783 1783 1783 1679 1679 1679 1680 1680 1680 1784 1784 1784 1681 1681 1681 1574 1574 1574 1684 1684 1684 1794 1794 1794 1574 1574 1574 1794 1794 1794 1575 1575 1575 1575 1575 1575 1794 1794 1794 1795 1795 1795 1575 1575 1575 1795 1795 1795 1525 1525 1525 1525 1525 1525 1795 1795 1795 1576 1576 1576 1796 1796 1796 1710 1710 1710 1709 1709 1709 1691 1691 1691 1797 1797 1797 1692 1692 1692 1798 1798 1798 1799 1799 1799 1796 1796 1796 1691 1691 1691 1791 1791 1791 1797 1797 1797 1796 1796 1796 1799 1799 1799 1800 1800 1800 1796 1796 1796 1800 1800 1800 1710 1710 1710 1801 1801 1801 1802 1802 1802 1803 1803 1803 1804 1804 1804 1801 1801 1801 1803 1803 1803 1802 1802 1802 1805 1805 1805 1806 1806 1806 1803 1803 1803 1802 1802 1802 1806 1806 1806 1805 1805 1805 1807 1807 1807 1808 1808 1808 1806 1806 1806 1805 1805 1805 1808 1808 1808 1807 1807 1807 1809 1809 1809 1810 1810 1810 1808 1808 1808 1807 1807 1807 1810 1810 1810 1809 1809 1809 1811 1811 1811 1812 1812 1812 1810 1810 1810 1809 1809 1809 1812 1812 1812 1800 1800 1800 1813 1813 1813 1718 1718 1718 1710 1710 1710 1800 1800 1800 1718 1718 1718 1718 1718 1718 1813 1813 1813 1814 1814 1814 1718 1718 1718 1814 1814 1814 1720 1720 1720 1720 1720 1720 1814 1814 1814 1815 1815 1815 1720 1720 1720 1815 1815 1815 1721 1721 1721 1815 1815 1815 1816 1816 1816 1722 1722 1722 1721 1721 1721 1815 1815 1815 1722 1722 1722 1722 1722 1722 1816 1816 1816 1817 1817 1817 1722 1722 1722 1817 1817 1817 1818 1818 1818 1722 1722 1722 1818 1818 1818 1734 1734 1734 1818 1818 1818 1819 1819 1819 1736 1736 1736 1734 1734 1734 1818 1818 1818 1736 1736 1736 1819 1819 1819 1820 1820 1820 1738 1738 1738 1736 1736 1736 1819 1819 1819 1738 1738 1738 1727 1727 1727 1821 1821 1821 1728 1728 1728 1822 1822 1822 1823 1823 1823 1740 1740 1740 1739 1739 1739 1822 1822 1822 1740 1740 1740 1740 1740 1740 1823 1823 1823 1824 1824 1824 1740 1740 1740 1824 1824 1824 1744 1744 1744 1824 1824 1824 1825 1825 1825 1744 1744 1744 1753 1753 1753 1826 1826 1826 1754 1754 1754 1826 1826 1826 1827 1827 1827 1764 1764 1764 1754 1754 1754 1826 1826 1826 1764 1764 1764 1761 1761 1761 1828 1828 1828 1829 1829 1829 1761 1761 1761 1829 1829 1829 1762 1762 1762 1830 1830 1830 1831 1831 1831 1832 1832 1832 1830 1830 1830 1832 1832 1832 1833 1833 1833 1827 1827 1827 1834 1834 1834 1770 1770 1770 1764 1764 1764 1827 1827 1827 1770 1770 1770 1835 1835 1835 1836 1836 1836 1837 1837 1837 1838 1838 1838 1839 1839 1839 1840 1840 1840 1841 1841 1841 1842 1842 1842 1843 1843 1843 1844 1844 1844 1845 1845 1845 1846 1846 1846 1847 1847 1847 1843 1843 1843 1848 1848 1848 1849 1849 1849 1850 1850 1850 1851 1851 1851 1849 1849 1849 1851 1851 1851 1852 1852 1852 1853 1853 1853 1854 1854 1854 1855 1855 1855 1855 1855 1855 1854 1854 1854 1856 1856 1856 1846 1846 1846 1857 1857 1857 1858 1858 1858 1858 1858 1858 1857 1857 1857 1859 1859 1859 1683 1683 1683 1860 1860 1860 1861 1861 1861 1685 1685 1685 1862 1862 1862 1686 1686 1686 1674 1674 1674 1673 1673 1673 1863 1863 1863 1789 1789 1789 1864 1864 1864 1790 1790 1790 1865 1865 1865 1841 1841 1841 1866 1866 1866 1790 1790 1790 1864 1864 1864 1791 1791 1791 1866 1866 1866 1841 1841 1841 1867 1867 1867 1867 1867 1867 1868 1868 1868 1869 1869 1869 1867 1867 1867 1869 1869 1869 1870 1870 1870 1870 1870 1870 1869 1869 1869 1871 1871 1871 1871 1871 1871 1869 1869 1869 1872 1872 1872 1871 1871 1871 1872 1872 1872 1873 1873 1873 1814 1814 1814 1874 1874 1874 1815 1815 1815 1872 1872 1872 1875 1875 1875 1876 1876 1876 1815 1815 1815 1874 1874 1874 1816 1816 1816 1876 1876 1876 1875 1875 1875 1877 1877 1877 1876 1876 1876 1877 1877 1877 1878 1878 1878 1878 1878 1878 1877 1877 1877 1879 1879 1879 1877 1877 1877 1880 1880 1880 1879 1879 1879 1879 1879 1879 1880 1880 1880 1881 1881 1881 1882 1882 1882 1883 1883 1883 1884 1884 1884 1885 1885 1885 1886 1886 1886 1887 1887 1887 1887 1887 1887 1888 1888 1888 1889 1889 1889 1889 1889 1889 1888 1888 1888 1890 1890 1890 1890 1890 1890 1888 1888 1888 1891 1891 1891 1890 1890 1890 1891 1891 1891 1892 1892 1892 1892 1892 1892 1891 1891 1891 1893 1893 1893 1892 1892 1892 1893 1893 1893 1894 1894 1894 1893 1893 1893 1895 1895 1895 1894 1894 1894 1894 1894 1894 1895 1895 1895 1896 1896 1896 1895 1895 1895 1897 1897 1897 1896 1896 1896 1896 1896 1896 1897 1897 1897 1898 1898 1898 1898 1898 1898 1897 1897 1897 1899 1899 1899 1898 1898 1898 1899 1899 1899 1900 1900 1900 1899 1899 1899 1901 1901 1901 1900 1900 1900 1900 1900 1900 1901 1901 1901 1902 1902 1902 1900 1900 1900 1902 1902 1902 1903 1903 1903 1902 1902 1902 1904 1904 1904 1905 1905 1905 1903 1903 1903 1902 1902 1902 1905 1905 1905 1905 1905 1905 1904 1904 1904 1906 1906 1906 1906 1906 1906 1904 1904 1904 1907 1907 1907 1906 1906 1906 1907 1907 1907 1908 1908 1908 1908 1908 1908 1907 1907 1907 1909 1909 1909 1908 1908 1908 1909 1909 1909 1910 1910 1910 1909 1909 1909 1911 1911 1911 1910 1910 1910 1910 1910 1910 1911 1911 1911 1912 1912 1912 1912 1912 1912 1911 1911 1911 1913 1913 1913 1912 1912 1912 1913 1913 1913 1914 1914 1914 1913 1913 1913 1915 1915 1915 1914 1914 1914 1915 1915 1915 1916 1916 1916 1914 1914 1914 1914 1914 1914 1916 1916 1916 1917 1917 1917 1914 1914 1914 1917 1917 1917 1918 1918 1918 1918 1918 1918 1917 1917 1917 1919 1919 1919 1920 1920 1920 1921 1921 1921 1922 1922 1922 1920 1920 1920 1922 1922 1922 1923 1923 1923 1920 1920 1920 1923 1923 1923 1924 1924 1924 1925 1925 1925 1924 1924 1924 1926 1926 1926 1926 1926 1926 1927 1927 1927 1925 1925 1925 1925 1925 1925 1927 1927 1927 1928 1928 1928 1928 1928 1928 1927 1927 1927 1929 1929 1929 1928 1928 1928 1929 1929 1929 1930 1930 1930 1930 1930 1930 1929 1929 1929 1931 1931 1931 1930 1930 1930 1931 1931 1931 1932 1932 1932 1931 1931 1931 1933 1933 1933 1934 1934 1934 1932 1932 1932 1931 1931 1931 1934 1934 1934 1933 1933 1933 1935 1935 1935 1936 1936 1936 1934 1934 1934 1933 1933 1933 1936 1936 1936 1937 1937 1937 1938 1938 1938 1939 1939 1939 1939 1939 1939 1940 1940 1940 1941 1941 1941 128 128 128 127 127 127 184 184 184 1942 1942 1942 1886 1886 1886 1885 1885 1885 1885 1885 1885 1887 1887 1887 1943 1943 1943 1943 1943 1943 1887 1887 1887 1889 1889 1889 1944 1944 1944 1889 1889 1889 1890 1890 1890 1944 1944 1944 1890 1890 1890 1945 1945 1945 1945 1945 1945 1890 1890 1890 1892 1892 1892 1892 1892 1892 1894 1894 1894 1945 1945 1945 1945 1945 1945 1894 1894 1894 1946 1946 1946 1946 1946 1946 1894 1894 1894 1947 1947 1947 1947 1947 1947 1894 1894 1894 1896 1896 1896 1947 1947 1947 1896 1896 1896 1948 1948 1948 1948 1948 1948 1896 1896 1896 1949 1949 1949 1949 1949 1949 1896 1896 1896 1898 1898 1898 1949 1949 1949 1898 1898 1898 1950 1950 1950 1950 1950 1950 1898 1898 1898 1900 1900 1900 1950 1950 1950 1900 1900 1900 1951 1951 1951 1900 1900 1900 1903 1903 1903 1951 1951 1951 1951 1951 1951 1903 1903 1903 1952 1952 1952 1903 1903 1903 1905 1905 1905 1952 1952 1952 1952 1952 1952 1905 1905 1905 1953 1953 1953 1953 1953 1953 1905 1905 1905 1906 1906 1906 1912 1912 1912 1914 1914 1914 1954 1954 1954 1954 1954 1954 1914 1914 1914 1918 1918 1918 1918 1918 1918 1919 1919 1919 1955 1955 1955 1919 1919 1919 1921 1921 1921 1956 1956 1956 1955 1955 1955 1919 1919 1919 1956 1956 1956 1921 1921 1921 1920 1920 1920 1956 1956 1956 1956 1956 1956 1920 1920 1920 1957 1957 1957 1957 1957 1957 1920 1920 1920 1958 1958 1958 1920 1920 1920 1924 1924 1924 1958 1958 1958 1958 1958 1958 1924 1924 1924 1959 1959 1959 1924 1924 1924 1925 1925 1925 1959 1959 1959 1925 1925 1925 1928 1928 1928 1960 1960 1960 1960 1960 1960 1928 1928 1928 1961 1961 1961 1961 1961 1961 1928 1928 1928 1930 1930 1930 1962 1962 1962 1934 1934 1934 1936 1936 1936 183 183 183 128 128 128 184 184 184 1963 1963 1963 1889 1889 1889 1944 1944 1944 1964 1964 1964 1946 1946 1946 1947 1947 1947 1965 1965 1965 1947 1947 1947 1948 1948 1948 1965 1965 1965 1948 1948 1948 1949 1949 1949 1949 1949 1949 1950 1950 1950 1966 1966 1966 1966 1966 1966 1950 1950 1950 1967 1967 1967 1967 1967 1967 1950 1950 1950 1951 1951 1951 1967 1967 1967 1951 1951 1951 1968 1968 1968 1968 1968 1968 1951 1951 1951 1969 1969 1969 1951 1951 1951 1952 1952 1952 1969 1969 1969 1953 1953 1953 1906 1906 1906 1970 1970 1970 1970 1970 1970 1906 1906 1906 1971 1971 1971 1971 1971 1971 1906 1906 1906 1908 1908 1908 1972 1972 1972 1908 1908 1908 1973 1973 1973 1973 1973 1973 1908 1908 1908 1910 1910 1910 1973 1973 1973 1910 1910 1910 1974 1974 1974 1974 1974 1974 1910 1910 1910 1912 1912 1912 1974 1974 1974 1912 1912 1912 1975 1975 1975 1975 1975 1975 1912 1912 1912 1954 1954 1954 1975 1975 1975 1954 1954 1954 1976 1976 1976 1976 1976 1976 1954 1954 1954 1918 1918 1918 1976 1976 1976 1918 1918 1918 1977 1977 1977 1977 1977 1977 1918 1918 1918 1955 1955 1955 1955 1955 1955 1956 1956 1956 1978 1978 1978 1978 1978 1978 1956 1956 1956 1979 1979 1979 1956 1956 1956 1957 1957 1957 1979 1979 1979 1957 1957 1957 1958 1958 1958 1980 1980 1980 1979 1979 1979 1957 1957 1957 1980 1980 1980 1958 1958 1958 1959 1959 1959 1980 1980 1980 1980 1980 1980 1959 1959 1959 1960 1960 1960 1959 1959 1959 1925 1925 1925 1960 1960 1960 1961 1961 1961 1930 1930 1930 1981 1981 1981 1981 1981 1981 1930 1930 1930 1932 1932 1932 1981 1981 1981 1932 1932 1932 1934 1934 1934 1938 1938 1938 1937 1937 1937 1982 1982 1982 1937 1937 1937 1939 1939 1939 1983 1983 1983 1982 1982 1982 1937 1937 1937 1983 1983 1983 1983 1983 1983 1939 1939 1939 1941 1941 1941 1943 1943 1943 1889 1889 1889 1984 1984 1984 1984 1984 1984 1889 1889 1889 1963 1963 1963 1985 1985 1985 1944 1944 1944 1945 1945 1945 1985 1985 1985 1945 1945 1945 1986 1986 1986 1986 1986 1986 1945 1945 1945 1946 1946 1946 1986 1986 1986 1946 1946 1946 1964 1964 1964 1947 1947 1947 1965 1965 1965 1964 1964 1964 1965 1965 1965 1949 1949 1949 1987 1987 1987 1949 1949 1949 1966 1966 1966 1987 1987 1987 1969 1969 1969 1952 1952 1952 1953 1953 1953 1972 1972 1972 1971 1971 1971 1908 1908 1908 1977 1977 1977 1955 1955 1955 1988 1988 1988 1988 1988 1988 1955 1955 1955 1989 1989 1989 1989 1989 1989 1955 1955 1955 1978 1978 1978 1989 1989 1989 1978 1978 1978 1990 1990 1990 1978 1978 1978 1979 1979 1979 1990 1990 1990 1990 1990 1990 1979 1979 1979 1991 1991 1991 1979 1979 1979 1980 1980 1980 1991 1991 1991 1991 1991 1991 1980 1980 1980 1992 1992 1992 1992 1992 1992 1980 1980 1980 1993 1993 1993 1993 1993 1993 1980 1980 1980 1960 1960 1960 1993 1993 1993 1960 1960 1960 1961 1961 1961 1993 1993 1993 1961 1961 1961 1994 1994 1994 1961 1961 1961 1981 1981 1981 1994 1994 1994 1981 1981 1981 1934 1934 1934 1962 1962 1962 1936 1936 1936 1935 1935 1935 1995 1995 1995 1996 1996 1996 1938 1938 1938 1982 1982 1982 1942 1942 1942 1885 1885 1885 1943 1943 1943 1984 1984 1984 1963 1963 1963 1997 1997 1997 1997 1997 1997 1963 1963 1963 1998 1998 1998 1963 1963 1963 1944 1944 1944 1998 1998 1998 1998 1998 1998 1944 1944 1944 1985 1985 1985 1998 1998 1998 1985 1985 1985 1999 1999 1999 1999 1999 1999 1985 1985 1985 1986 1986 1986 1986 1986 1986 1964 1964 1964 2000 2000 2000 2000 2000 2000 1964 1964 1964 2001 2001 2001 1964 1964 1964 1965 1965 1965 2001 2001 2001 2001 2001 2001 1965 1965 1965 1987 1987 1987 1968 1968 1968 1969 1969 1969 2002 2002 2002 2003 2003 2003 1968 1968 1968 2002 2002 2002 1969 1969 1969 1953 1953 1953 2002 2002 2002 1953 1953 1953 1970 1970 1970 2004 2004 2004 2002 2002 2002 1953 1953 1953 2004 2004 2004 1970 1970 1970 1971 1971 1971 2004 2004 2004 2004 2004 2004 1971 1971 1971 1972 1972 1972 1972 1972 1972 1973 1973 1973 2005 2005 2005 2005 2005 2005 1973 1973 1973 1974 1974 1974 1974 1974 1974 1975 1975 1975 2006 2006 2006 2006 2006 2006 1975 1975 1975 2007 2007 2007 2007 2007 2007 1975 1975 1975 1976 1976 1976 2007 2007 2007 1976 1976 1976 2008 2008 2008 1976 1976 1976 1977 1977 1977 2009 2009 2009 2009 2009 2009 1977 1977 1977 2010 2010 2010 1977 1977 1977 1988 1988 1988 2010 2010 2010 2010 2010 2010 1988 1988 1988 2011 2011 2011 1992 1992 1992 1993 1993 1993 2012 2012 2012 2012 2012 2012 1993 1993 1993 2013 2013 2013 1993 1993 1993 1994 1994 1994 2013 2013 2013 1994 1994 1994 1981 1981 1981 2014 2014 2014 2014 2014 2014 1981 1981 1981 2015 2015 2015 2015 2015 2015 1981 1981 1981 2016 2016 2016 2016 2016 2016 1981 1981 1981 1962 1962 1962 1962 1962 1962 1936 1936 1936 2017 2017 2017 2017 2017 2017 1936 1936 1936 1995 1995 1995 1982 1982 1982 1983 1983 1983 2018 2018 2018 2018 2018 2018 1983 1983 1983 2019 2019 2019 2019 2019 2019 1983 1983 1983 1941 1941 1941 2019 2019 2019 1941 1941 1941 2020 2020 2020 1999 1999 1999 1986 1986 1986 2021 2021 2021 2021 2021 2021 1986 1986 1986 2022 2022 2022 2022 2022 2022 1986 1986 1986 2000 2000 2000 1966 1966 1966 1967 1967 1967 2023 2023 2023 1967 1967 1967 1968 1968 1968 2024 2024 2024 2023 2023 2023 1967 1967 1967 2024 2024 2024 2024 2024 2024 1968 1968 1968 2003 2003 2003 2003 2003 2003 2002 2002 2002 2025 2025 2025 2025 2025 2025 2002 2002 2002 2004 2004 2004 2025 2025 2025 2004 2004 2004 2026 2026 2026 2004 2004 2004 1972 1972 1972 2027 2027 2027 2026 2026 2026 2004 2004 2004 2027 2027 2027 2027 2027 2027 1972 1972 1972 2028 2028 2028 2028 2028 2028 1972 1972 1972 2005 2005 2005 2005 2005 2005 1974 1974 1974 2029 2029 2029 2029 2029 2029 1974 1974 1974 2006 2006 2006 2030 2030 2030 1989 1989 1989 1990 1990 1990 2031 2031 2031 1990 1990 1990 1991 1991 1991 2032 2032 2032 1992 1992 1992 2012 2012 2012 2012 2012 2012 2013 2013 2013 2033 2033 2033 2013 2013 2013 1994 1994 1994 2034 2034 2034 2016 2016 2016 1962 1962 1962 2017 2017 2017 1942 1942 1942 1943 1943 1943 2035 2035 2035 2036 2036 2036 1942 1942 1942 2035 2035 2035 1943 1943 1943 1984 1984 1984 2037 2037 2037 2035 2035 2035 1943 1943 1943 2037 2037 2037 1997 1997 1997 1998 1998 1998 2038 2038 2038 2038 2038 2038 1998 1998 1998 1999 1999 1999 1999 1999 1999 2021 2021 2021 2039 2039 2039 2000 2000 2000 2001 2001 2001 2040 2040 2040 2041 2041 2041 1966 1966 1966 2023 2023 2023 2003 2003 2003 2025 2025 2025 2042 2042 2042 2008 2008 2008 1976 1976 1976 2043 2043 2043 1976 1976 1976 2009 2009 2009 2043 2043 2043 2033 2033 2033 2013 2013 2013 2034 2034 2034 2044 2044 2044 1942 1942 1942 2036 2036 2036 2037 2037 2037 1984 1984 1984 1997 1997 1997 2038 2038 2038 1999 1999 1999 2045 2045 2045 2045 2045 2045 1999 1999 1999 2039 2039 2039 2001 2001 2001 1987 1987 1987 2041 2041 2041 2040 2040 2040 2001 2001 2001 2041 2041 2041 2041 2041 2041 1987 1987 1987 1966 1966 1966 2028 2028 2028 2005 2005 2005 2046 2046 2046 2046 2046 2046 2005 2005 2005 2029 2029 2029 2047 2047 2047 2029 2029 2029 2006 2006 2006 2006 2006 2006 2007 2007 2007 2048 2048 2048 1988 1988 1988 1989 1989 1989 2030 2030 2030 2034 2034 2034 1994 1994 1994 2049 2049 2049 2049 2049 2049 1994 1994 1994 2014 2014 2014 2037 2037 2037 1997 1997 1997 2050 2050 2050 2051 2051 2051 1997 1997 1997 2038 2038 2038 2039 2039 2039 2021 2021 2021 2022 2022 2022 2022 2022 2022 2000 2000 2000 2052 2052 2052 2052 2052 2052 2000 2000 2000 2053 2053 2053 2053 2053 2053 2000 2000 2000 2040 2040 2040 2024 2024 2024 2003 2003 2003 2042 2042 2042 2054 2054 2054 2025 2025 2025 2026 2026 2026 2054 2054 2054 2026 2026 2026 2055 2055 2055 2055 2055 2055 2026 2026 2026 2027 2027 2027 2056 2056 2056 2027 2027 2027 2028 2028 2028 2047 2047 2047 2006 2006 2006 2048 2048 2048 2007 2007 2007 2008 2008 2008 2043 2043 2043 2048 2048 2048 2007 2007 2007 2043 2043 2043 2057 2057 2057 2009 2009 2009 2010 2010 2010 2057 2057 2057 2010 2010 2010 2011 2011 2011 2057 2057 2057 2011 2011 2011 2058 2058 2058 2058 2058 2058 2011 2011 2011 1988 1988 1988 1988 1988 1988 2030 2030 2030 2059 2059 2059 2058 2058 2058 1988 1988 1988 2059 2059 2059 2030 2030 2030 1990 1990 1990 2059 2059 2059 2059 2059 2059 1990 1990 1990 2031 2031 2031 2031 2031 2031 1991 1991 1991 2060 2060 2060 2060 2060 2060 1991 1991 1991 2061 2061 2061 2061 2061 2061 1991 1991 1991 1992 1992 1992 1992 1992 1992 2032 2032 2032 2061 2061 2061 2061 2061 2061 2032 2032 2032 2062 2062 2062 2032 2032 2032 2012 2012 2012 2062 2062 2062 2062 2062 2062 2012 2012 2012 2033 2033 2033 2015 2015 2015 2016 2016 2016 2063 2063 2063 2063 2063 2063 2016 2016 2016 2017 2017 2017 331 331 331 348 348 348 335 335 335 335 335 335 348 348 348 357 357 357 335 335 335 357 357 357 466 466 466 466 466 466 357 357 357 467 467 467 357 357 357 356 356 356 362 362 362 467 467 467 357 357 357 362 362 362 359 359 359 358 358 358 364 364 364 368 368 368 367 367 367 492 492 492 367 367 367 366 366 366 376 376 376 492 492 492 367 367 367 376 376 376 376 376 376 375 375 375 494 494 494 490 490 490 376 376 376 494 494 494 2064 2064 2064 2065 2065 2065 2066 2066 2066 494 494 494 375 375 375 495 495 495 2066 2066 2066 2065 2065 2065 497 497 497 382 382 382 383 383 383 2067 2067 2067 497 497 497 2065 2065 2065 498 498 498 2067 2067 2067 383 383 383 391 391 391 2067 2067 2067 391 391 391 2068 2068 2068 2068 2068 2068 391 391 391 392 392 392 2068 2068 2068 392 392 392 2069 2069 2069 2069 2069 2069 392 392 392 2070 2070 2070 392 392 392 396 396 396 2070 2070 2070 2070 2070 2070 396 396 396 2071 2071 2071 2071 2071 2071 396 396 396 397 397 397 2071 2071 2071 397 397 397 2072 2072 2072 2072 2072 2072 397 397 397 399 399 399 2072 2072 2072 399 399 399 2073 2073 2073 2073 2073 2073 399 399 399 2074 2074 2074 2074 2074 2074 399 399 399 401 401 401 512 512 512 2075 2075 2075 513 513 513 513 513 513 2075 2075 2075 515 515 515 2075 2075 2075 2076 2076 2076 517 517 517 515 515 515 2075 2075 2075 517 517 517 2076 2076 2076 2077 2077 2077 518 518 518 517 517 517 2076 2076 2076 518 518 518 405 405 405 406 406 406 531 531 531 533 533 533 405 405 405 531 531 531 531 531 531 406 406 406 540 540 540 2050 2050 2050 1997 1997 1997 2051 2051 2051 2051 2051 2051 2038 2038 2038 2078 2078 2078 2078 2078 2078 2038 2038 2038 2045 2045 2045 2039 2039 2039 2022 2022 2022 2079 2079 2079 2079 2079 2079 2022 2022 2022 2052 2052 2052 2041 2041 2041 2023 2023 2023 2080 2080 2080 2080 2080 2080 2023 2023 2023 2024 2024 2024 2042 2042 2042 2025 2025 2025 2054 2054 2054 2055 2055 2055 2027 2027 2027 2056 2056 2056 2043 2043 2043 2009 2009 2009 2057 2057 2057 2057 2057 2057 2058 2058 2058 2081 2081 2081 2081 2081 2081 2058 2058 2058 2059 2059 2059 2034 2034 2034 2049 2049 2049 2082 2082 2082 2049 2049 2049 2014 2014 2014 2015 2015 2015 2083 2083 2083 1982 1982 1982 2018 2018 2018 2019 2019 2019 2020 2020 2020 2084 2084 2084 2085 2085 2085 462 462 462 461 461 461 2085 2085 2085 461 461 461 464 464 464 2086 2086 2086 2087 2087 2087 2088 2088 2088 2086 2086 2086 2088 2088 2088 2089 2089 2089 2089 2089 2089 2088 2088 2088 2090 2090 2090 2089 2089 2089 2090 2090 2090 2091 2091 2091 463 463 463 459 459 459 469 469 469 2091 2091 2091 2090 2090 2090 2092 2092 2092 2091 2091 2091 2092 2092 2092 626 626 626 353 353 353 359 359 359 364 364 364 2092 2092 2092 2093 2093 2093 623 623 623 626 626 626 2092 2092 2092 623 623 623 623 623 623 2093 2093 2093 2094 2094 2094 623 623 623 2094 2094 2094 624 624 624 2094 2094 2094 2095 2095 2095 636 636 636 624 624 624 2094 2094 2094 636 636 636 633 633 633 2096 2096 2096 2097 2097 2097 633 633 633 2097 2097 2097 634 634 634 491 491 491 490 490 490 2098 2098 2098 634 634 634 2097 2097 2097 645 645 645 2098 2098 2098 490 490 490 496 496 496 645 645 645 2099 2099 2099 646 646 646 496 496 496 495 495 495 2100 2100 2100 646 646 646 2099 2099 2099 654 654 654 2066 2066 2066 497 497 497 655 655 655 2100 2100 2100 495 495 495 2101 2101 2101 655 655 655 497 497 497 499 499 499 655 655 655 499 499 499 2102 2102 2102 2102 2102 2102 499 499 499 501 501 501 2102 2102 2102 501 501 501 2103 2103 2103 2103 2103 2103 501 501 501 2104 2104 2104 2104 2104 2104 501 501 501 503 503 503 2104 2104 2104 503 503 503 2105 2105 2105 2105 2105 2105 503 503 503 2106 2106 2106 503 503 503 504 504 504 2107 2107 2107 2106 2106 2106 503 503 503 2107 2107 2107 2107 2107 2107 504 504 504 2108 2108 2108 504 504 504 507 507 507 2108 2108 2108 2108 2108 2108 507 507 507 509 509 509 2108 2108 2108 509 509 509 2109 2109 2109 2109 2109 2109 509 509 509 2110 2110 2110 2110 2110 2110 509 509 509 511 511 511 2110 2110 2110 511 511 511 2111 2111 2111 2111 2111 2111 511 511 511 2112 2112 2112 2112 2112 2112 511 511 511 514 514 514 2112 2112 2112 514 514 514 666 666 666 519 519 519 516 516 516 2113 2113 2113 2113 2113 2113 516 516 516 2114 2114 2114 516 516 516 522 522 522 2115 2115 2115 2114 2114 2114 516 516 516 2115 2115 2115 522 522 522 526 526 526 2115 2115 2115 2115 2115 2115 526 526 526 2116 2116 2116 2115 2115 2115 2116 2116 2116 672 672 672 514 514 514 515 515 515 667 667 667 666 666 666 514 514 514 667 667 667 667 667 667 515 515 515 668 668 668 668 668 668 515 515 515 517 517 517 668 668 668 517 517 517 520 520 520 528 528 528 527 527 527 2117 2117 2117 672 672 672 2116 2116 2116 673 673 673 2118 2118 2118 549 549 549 676 676 676 669 669 669 2118 2118 2118 676 676 676 676 676 676 549 549 549 548 548 548 676 676 676 548 548 548 681 681 681 544 544 544 543 543 543 576 576 576 544 544 544 576 576 576 577 577 577 2052 2052 2052 2053 2053 2053 2119 2119 2119 2053 2053 2053 2040 2040 2040 2120 2120 2120 2120 2120 2120 2040 2040 2040 2041 2041 2041 2080 2080 2080 2024 2024 2024 2121 2121 2121 2121 2121 2121 2024 2024 2024 2122 2122 2122 2024 2024 2024 2042 2042 2042 2122 2122 2122 2122 2122 2122 2042 2042 2042 2123 2123 2123 2042 2042 2042 2054 2054 2054 2124 2124 2124 2125 2125 2125 2054 2054 2054 2055 2055 2055 2125 2125 2125 2055 2055 2055 2056 2056 2056 2056 2056 2056 2028 2028 2028 2126 2126 2126 2028 2028 2028 2046 2046 2046 2127 2127 2127 2128 2128 2128 2046 2046 2046 2029 2029 2029 2128 2128 2128 2029 2029 2029 2129 2129 2129 2129 2129 2129 2029 2029 2029 2047 2047 2047 2129 2129 2129 2047 2047 2047 2048 2048 2048 2048 2048 2048 2043 2043 2043 2130 2130 2130 2129 2129 2129 2048 2048 2048 2130 2130 2130 2130 2130 2130 2043 2043 2043 2131 2131 2131 2132 2132 2132 2057 2057 2057 2081 2081 2081 2081 2081 2081 2059 2059 2059 2133 2133 2133 2133 2133 2133 2059 2059 2059 2134 2134 2134 2134 2134 2134 2059 2059 2059 2031 2031 2031 2060 2060 2060 2061 2061 2061 2135 2135 2135 2135 2135 2135 2061 2061 2061 2062 2062 2062 2135 2135 2135 2062 2062 2062 2136 2136 2136 2136 2136 2136 2062 2062 2062 2137 2137 2137 2062 2062 2062 2033 2033 2033 2137 2137 2137 2137 2137 2137 2033 2033 2033 2034 2034 2034 2137 2137 2137 2034 2034 2034 2082 2082 2082 2049 2049 2049 2015 2015 2015 2138 2138 2138 2015 2015 2015 2063 2063 2063 2139 2139 2139 2138 2138 2138 2015 2015 2015 2139 2139 2139 1996 1996 1996 1982 1982 1982 2083 2083 2083 582 582 582 307 307 307 602 602 602 582 582 582 602 602 602 2140 2140 2140 343 343 343 326 326 326 589 589 589 343 343 343 589 589 589 465 465 465 2141 2141 2141 2086 2086 2086 2089 2089 2089 2141 2141 2141 2089 2089 2089 2142 2142 2142 2089 2089 2089 2091 2091 2091 2143 2143 2143 2142 2142 2142 2089 2089 2089 2143 2143 2143 600 600 600 2144 2144 2144 2145 2145 2145 603 603 603 600 600 600 2145 2145 2145 2145 2145 2145 2144 2144 2144 2146 2146 2146 351 351 351 465 465 465 471 471 471 2143 2143 2143 2091 2091 2091 626 626 626 2143 2143 2143 626 626 626 2147 2147 2147 2147 2147 2147 626 626 626 625 625 625 2145 2145 2145 2146 2146 2146 2148 2148 2148 473 473 473 614 614 614 479 479 479 476 476 476 473 473 473 479 479 479 625 625 625 624 624 624 2149 2149 2149 2149 2149 2149 624 624 624 637 637 637 2148 2148 2148 2146 2146 2146 2150 2150 2150 2148 2148 2148 2150 2150 2150 2151 2151 2151 635 635 635 634 634 634 2152 2152 2152 2152 2152 2152 634 634 634 647 647 647 2150 2150 2150 2153 2153 2153 2154 2154 2154 2151 2151 2151 2150 2150 2150 2154 2154 2154 647 647 647 646 646 646 2155 2155 2155 2155 2155 2155 646 646 646 656 656 656 2155 2155 2155 656 656 656 2156 2156 2156 2153 2153 2153 2157 2157 2157 2158 2158 2158 2154 2154 2154 2153 2153 2153 2158 2158 2158 2156 2156 2156 656 656 656 655 655 655 2156 2156 2156 655 655 655 2159 2159 2159 655 655 655 2102 2102 2102 2160 2160 2160 2159 2159 2159 655 655 655 2160 2160 2160 2160 2160 2160 2102 2102 2102 2103 2103 2103 2160 2160 2160 2103 2103 2103 2161 2161 2161 2103 2103 2103 2104 2104 2104 2161 2161 2161 2161 2161 2161 2104 2104 2104 2162 2162 2162 2104 2104 2104 2105 2105 2105 2162 2162 2162 2105 2105 2105 2106 2106 2106 2163 2163 2163 2162 2162 2162 2105 2105 2105 2163 2163 2163 2163 2163 2163 2106 2106 2106 2164 2164 2164 2106 2106 2106 2107 2107 2107 2165 2165 2165 2164 2164 2164 2106 2106 2106 2165 2165 2165 2165 2165 2165 2107 2107 2107 2166 2166 2166 2166 2166 2166 2107 2107 2107 2108 2108 2108 2166 2166 2166 2108 2108 2108 2167 2167 2167 2167 2167 2167 2108 2108 2108 2168 2168 2168 2168 2168 2168 2108 2108 2108 2109 2109 2109 2109 2109 2109 2110 2110 2110 2168 2168 2168 2168 2168 2168 2110 2110 2110 2169 2169 2169 2169 2169 2169 2110 2110 2110 2111 2111 2111 2169 2169 2169 2111 2111 2111 2170 2170 2170 2111 2111 2111 2112 2112 2112 2171 2171 2171 2170 2170 2170 2111 2111 2111 2171 2171 2171 2171 2171 2171 2112 2112 2112 2172 2172 2172 2172 2172 2172 2112 2112 2112 666 666 666 2172 2172 2172 666 666 666 2173 2173 2173 2173 2173 2173 666 666 666 658 658 658 2173 2173 2173 658 658 658 662 662 662 665 665 665 519 519 519 743 743 743 746 746 746 665 665 665 743 743 743 743 743 743 519 519 519 2113 2113 2113 743 743 743 2113 2113 2113 744 744 744 2113 2113 2113 2114 2114 2114 2174 2174 2174 744 744 744 2113 2113 2113 2174 2174 2174 2114 2114 2114 2115 2115 2115 2174 2174 2174 2174 2174 2174 2115 2115 2115 2175 2175 2175 2175 2175 2175 2115 2115 2115 672 672 672 2175 2175 2175 672 672 672 2176 2176 2176 2176 2176 2176 672 672 672 674 674 674 2176 2176 2176 674 674 674 2177 2177 2177 671 671 671 670 670 670 2178 2178 2178 2179 2179 2179 671 671 671 2178 2178 2178 670 670 670 677 677 677 2180 2180 2180 2178 2178 2178 670 670 670 2180 2180 2180 2180 2180 2180 677 677 677 682 682 682 683 683 683 550 550 550 697 697 697 2181 2181 2181 2036 2036 2036 2035 2035 2035 2182 2182 2182 2037 2037 2037 2050 2050 2050 2051 2051 2051 2078 2078 2078 2183 2183 2183 2184 2184 2184 2078 2078 2078 2045 2045 2045 2185 2185 2185 2045 2045 2045 2039 2039 2039 2186 2186 2186 2079 2079 2079 2052 2052 2052 2120 2120 2120 2041 2041 2041 2187 2187 2187 2041 2041 2041 2080 2080 2080 2188 2188 2188 2123 2123 2123 2042 2042 2042 2124 2124 2124 2124 2124 2124 2054 2054 2054 2125 2125 2125 2131 2131 2131 2043 2043 2043 2189 2189 2189 2043 2043 2043 2057 2057 2057 2190 2190 2190 2189 2189 2189 2043 2043 2043 2190 2190 2190 2190 2190 2190 2057 2057 2057 2132 2132 2132 2132 2132 2132 2081 2081 2081 2191 2191 2191 2031 2031 2031 2060 2060 2060 2192 2192 2192 2192 2192 2192 2060 2060 2060 2193 2193 2193 2193 2193 2193 2060 2060 2060 2135 2135 2135 2194 2194 2194 2082 2082 2082 2049 2049 2049 2063 2063 2063 2017 2017 2017 2195 2195 2195 2017 2017 2017 1995 1995 1995 2196 2196 2196 2195 2195 2195 2017 2017 2017 2196 2196 2196 2197 2197 2197 1996 1996 1996 2083 2083 2083 2083 2083 2083 2018 2018 2018 2198 2198 2198 2198 2198 2198 2018 2018 2018 2019 2019 2019 2198 2198 2198 2019 2019 2019 2199 2199 2199 2199 2199 2199 2019 2019 2019 2084 2084 2084 582 582 582 2140 2140 2140 2200 2200 2200 702 702 702 582 582 582 2200 2200 2200 2141 2141 2141 2142 2142 2142 2201 2201 2201 2202 2202 2202 2141 2141 2141 2201 2201 2201 2142 2142 2142 2143 2143 2143 2203 2203 2203 2201 2201 2201 2142 2142 2142 2203 2203 2203 718 718 718 603 603 603 2145 2145 2145 718 718 718 2145 2145 2145 2204 2204 2204 2204 2204 2204 2145 2145 2145 2205 2205 2205 2143 2143 2143 2147 2147 2147 2206 2206 2206 2203 2203 2203 2143 2143 2143 2206 2206 2206 2145 2145 2145 2148 2148 2148 2207 2207 2207 2205 2205 2205 2145 2145 2145 2207 2207 2207 2208 2208 2208 2147 2147 2147 625 625 625 2208 2208 2208 625 625 625 2149 2149 2149 2206 2206 2206 2147 2147 2147 2208 2208 2208 2209 2209 2209 2210 2210 2210 2211 2211 2211 2208 2208 2208 2149 2149 2149 2212 2212 2212 2211 2211 2211 2210 2210 2210 2213 2213 2213 2148 2148 2148 2151 2151 2151 2214 2214 2214 2207 2207 2207 2148 2148 2148 2214 2214 2214 2215 2215 2215 2149 2149 2149 637 637 637 2216 2216 2216 635 635 635 2152 2152 2152 2212 2212 2212 2149 2149 2149 2215 2215 2215 2212 2212 2212 2215 2215 2215 2217 2217 2217 2216 2216 2216 2152 2152 2152 2218 2218 2218 2219 2219 2219 2216 2216 2216 2218 2218 2218 2214 2214 2214 2151 2151 2151 2154 2154 2154 2214 2214 2214 2154 2154 2154 2220 2220 2220 488 488 488 632 632 632 652 652 652 2221 2221 2221 2152 2152 2152 647 647 647 2221 2221 2221 647 647 647 2155 2155 2155 2218 2218 2218 2152 2152 2152 2221 2221 2221 2218 2218 2218 2221 2221 2221 2222 2222 2222 2221 2221 2221 2155 2155 2155 2223 2223 2223 2222 2222 2222 2221 2221 2221 2223 2223 2223 2155 2155 2155 2156 2156 2156 2224 2224 2224 2223 2223 2223 2155 2155 2155 2224 2224 2224 2220 2220 2220 2154 2154 2154 2158 2158 2158 2220 2220 2220 2158 2158 2158 2225 2225 2225 2226 2226 2226 746 746 746 745 745 745 2224 2224 2224 2156 2156 2156 2159 2159 2159 2224 2224 2224 2159 2159 2159 2227 2227 2227 2159 2159 2159 2160 2160 2160 2228 2228 2228 2227 2227 2227 2159 2159 2159 2228 2228 2228 2160 2160 2160 2161 2161 2161 2229 2229 2229 2228 2228 2228 2160 2160 2160 2229 2229 2229 2161 2161 2161 2162 2162 2162 2230 2230 2230 2229 2229 2229 2161 2161 2161 2230 2230 2230 2162 2162 2162 2163 2163 2163 2230 2230 2230 2231 2231 2231 2165 2165 2165 2166 2166 2166 2231 2231 2231 2166 2166 2166 2167 2167 2167 2231 2231 2231 2167 2167 2167 2232 2232 2232 2232 2232 2232 2167 2167 2167 2168 2168 2168 2232 2232 2232 2168 2168 2168 2233 2233 2233 2233 2233 2233 2168 2168 2168 2234 2234 2234 2234 2234 2234 2168 2168 2168 2169 2169 2169 2169 2169 2169 2170 2170 2170 2234 2234 2234 2234 2234 2234 2170 2170 2170 2235 2235 2235 2170 2170 2170 2171 2171 2171 2235 2235 2235 2236 2236 2236 2173 2173 2173 662 662 662 2236 2236 2236 662 662 662 2237 2237 2237 745 745 745 744 744 744 2238 2238 2238 744 744 744 2174 2174 2174 2239 2239 2239 2238 2238 2238 744 744 744 2239 2239 2239 2239 2239 2239 2174 2174 2174 2240 2240 2240 2240 2240 2240 2174 2174 2174 2175 2175 2175 2175 2175 2175 2176 2176 2176 2241 2241 2241 2240 2240 2240 2175 2175 2175 2241 2241 2241 2176 2176 2176 2177 2177 2177 2242 2242 2242 2241 2241 2241 2176 2176 2176 2242 2242 2242 2243 2243 2243 2163 2163 2163 2164 2164 2164 2230 2230 2230 2163 2163 2163 2243 2243 2243 2244 2244 2244 2245 2245 2245 2246 2246 2246 2246 2246 2246 2245 2245 2245 2247 2247 2247 2243 2243 2243 2164 2164 2164 2231 2231 2231 2245 2245 2245 2248 2248 2248 2247 2247 2247 2231 2231 2231 2164 2164 2164 2165 2165 2165 2247 2247 2247 2248 2248 2248 2249 2249 2249 2235 2235 2235 2171 2171 2171 2172 2172 2172 2235 2235 2235 2172 2172 2172 2236 2236 2236 2250 2250 2250 2251 2251 2251 2252 2252 2252 2250 2250 2250 2252 2252 2252 2253 2253 2253 2236 2236 2236 2172 2172 2172 2173 2173 2173 2253 2253 2253 2252 2252 2252 2254 2254 2254 2255 2255 2255 2179 2179 2179 2178 2178 2178 2255 2255 2255 2178 2178 2178 2256 2256 2256 675 675 675 653 653 653 748 748 748 2178 2178 2178 2180 2180 2180 2257 2257 2257 2256 2256 2256 2178 2178 2178 2257 2257 2257 2180 2180 2180 682 682 682 2258 2258 2258 2257 2257 2257 2180 2180 2180 2258 2258 2258 698 698 698 683 683 683 697 697 697 753 753 753 698 698 698 768 768 768 2035 2035 2035 2037 2037 2037 2182 2182 2182 2184 2184 2184 2045 2045 2045 2185 2185 2185 2185 2185 2185 2039 2039 2039 2259 2259 2259 2259 2259 2259 2039 2039 2039 2260 2260 2260 2260 2260 2260 2039 2039 2039 2079 2079 2079 2260 2260 2260 2079 2079 2079 2261 2261 2261 2261 2261 2261 2079 2079 2079 2186 2186 2186 2125 2125 2125 2056 2056 2056 2126 2126 2126 2126 2126 2126 2028 2028 2028 2127 2127 2127 2127 2127 2127 2046 2046 2046 2128 2128 2128 713 713 713 712 712 712 793 793 793 713 713 713 793 793 793 796 796 796 2262 2262 2262 798 798 798 800 800 800 798 798 798 2262 2262 2262 2263 2263 2263 2264 2264 2264 798 798 798 2263 2263 2263 715 715 715 804 804 804 592 592 592 597 597 597 716 716 716 717 717 717 779 779 779 702 702 702 2200 2200 2200 718 718 718 2265 2265 2265 719 719 719 2265 2265 2265 718 718 718 2266 2266 2266 2267 2267 2267 2265 2265 2265 2266 2266 2266 713 713 713 796 796 796 722 722 722 721 721 721 713 713 713 722 722 722 813 813 813 2262 2262 2262 800 800 800 813 813 813 800 800 800 2268 2268 2268 2263 2263 2263 2262 2262 2262 813 813 813 2263 2263 2263 813 813 813 812 812 812 2268 2268 2268 800 800 800 2269 2269 2269 2268 2268 2268 2269 2269 2269 2270 2270 2270 2266 2266 2266 718 718 718 2204 2204 2204 2266 2266 2266 2204 2204 2204 2271 2271 2271 725 725 725 722 722 722 811 811 811 725 725 725 811 811 811 726 726 726 810 810 810 813 813 813 2272 2272 2272 726 726 726 811 811 811 727 727 727 813 813 813 2268 2268 2268 2273 2273 2273 2272 2272 2272 813 813 813 2273 2273 2273 2268 2268 2268 2270 2270 2270 2274 2274 2274 2273 2273 2273 2268 2268 2268 2274 2274 2274 2274 2274 2274 2270 2270 2270 2275 2275 2275 2274 2274 2274 2275 2275 2275 2209 2209 2209 730 730 730 723 723 723 818 818 818 2276 2276 2276 2204 2204 2204 2205 2205 2205 2276 2276 2276 2205 2205 2205 2207 2207 2207 2271 2271 2271 2204 2204 2204 2276 2276 2276 2277 2277 2277 2278 2278 2278 2279 2279 2279 2280 2280 2280 2274 2274 2274 2209 2209 2209 2280 2280 2280 2209 2209 2209 2211 2211 2211 730 730 730 818 818 818 2281 2281 2281 732 732 732 730 730 730 2281 2281 2281 2282 2282 2282 2276 2276 2276 2207 2207 2207 2282 2282 2282 2207 2207 2207 2214 2214 2214 2279 2279 2279 2278 2278 2278 2283 2283 2283 2279 2279 2279 2283 2283 2283 824 824 824 2284 2284 2284 2280 2280 2280 2211 2211 2211 2284 2284 2284 2211 2211 2211 2285 2285 2285 2285 2285 2285 2211 2211 2211 2213 2213 2213 2285 2285 2285 2213 2213 2213 2286 2286 2286 735 735 735 732 732 732 2281 2281 2281 735 735 735 2281 2281 2281 2287 2287 2287 2282 2282 2282 2214 2214 2214 2220 2220 2220 825 825 825 2283 2283 2283 2288 2288 2288 2283 2283 2283 825 825 825 824 824 824 2285 2285 2285 2286 2286 2286 829 829 829 2289 2289 2289 2285 2285 2285 829 829 829 829 829 829 2286 2286 2286 2290 2290 2290 829 829 829 2290 2290 2290 2291 2291 2291 829 829 829 2291 2291 2291 826 826 826 737 737 737 735 735 735 2287 2287 2287 2292 2292 2292 822 822 822 2293 2293 2293 2293 2293 2293 822 822 822 823 823 823 2293 2293 2293 823 823 823 2294 2294 2294 823 823 823 825 825 825 2295 2295 2295 2294 2294 2294 823 823 823 2295 2295 2295 825 825 825 2288 2288 2288 2296 2296 2296 2295 2295 2295 825 825 825 2296 2296 2296 2289 2289 2289 829 829 829 828 828 828 2297 2297 2297 2289 2289 2289 828 828 828 2298 2298 2298 2291 2291 2291 2299 2299 2299 2298 2298 2298 2299 2299 2299 2300 2300 2300 826 826 826 2291 2291 2291 2298 2298 2298 2298 2298 2298 2300 2300 2300 2301 2301 2301 826 826 826 2298 2298 2298 2301 2301 2301 2300 2300 2300 2299 2299 2299 2302 2302 2302 2300 2300 2300 2302 2302 2302 2303 2303 2303 2304 2304 2304 2293 2293 2293 2294 2294 2294 2304 2304 2304 2294 2294 2294 2305 2305 2305 2305 2305 2305 2294 2294 2294 2295 2295 2295 2305 2305 2305 2295 2295 2295 2306 2306 2306 2306 2306 2306 2295 2295 2295 2296 2296 2296 2306 2306 2306 2296 2296 2296 2307 2307 2307 2307 2307 2307 2296 2296 2296 2308 2308 2308 2307 2307 2307 2308 2308 2308 2309 2309 2309 2297 2297 2297 828 828 828 830 830 830 2300 2300 2300 2303 2303 2303 2310 2310 2310 2301 2301 2301 2300 2300 2300 2310 2310 2310 2301 2301 2301 2310 2310 2310 2311 2311 2311 2312 2312 2312 2301 2301 2301 2311 2311 2311 2310 2310 2310 2303 2303 2303 2313 2313 2313 2310 2310 2310 2313 2313 2313 2314 2314 2314 2310 2310 2310 2314 2314 2314 2311 2311 2311 2314 2314 2314 2313 2313 2313 2315 2315 2315 2314 2314 2314 2315 2315 2315 2316 2316 2316 2316 2316 2316 2315 2315 2315 2244 2244 2244 2316 2316 2316 2244 2244 2244 2317 2317 2317 2317 2317 2317 2244 2244 2244 2246 2246 2246 2249 2249 2249 2248 2248 2248 2318 2318 2318 2318 2318 2318 2248 2248 2248 2319 2319 2319 2248 2248 2248 2320 2320 2320 2319 2319 2319 2319 2319 2319 2320 2320 2320 2321 2321 2321 2320 2320 2320 2322 2322 2322 2321 2321 2321 2322 2322 2322 2323 2323 2323 2324 2324 2324 2321 2321 2321 2322 2322 2322 2324 2324 2324 2324 2324 2324 2323 2323 2323 2325 2325 2325 2325 2325 2325 2323 2323 2323 2251 2251 2251 2325 2325 2325 2251 2251 2251 2250 2250 2250 2252 2252 2252 2304 2304 2304 2326 2326 2326 2254 2254 2254 2252 2252 2252 2326 2326 2326 2304 2304 2304 2305 2305 2305 2327 2327 2327 2326 2326 2326 2304 2304 2304 2327 2327 2327 2327 2327 2327 2305 2305 2305 2306 2306 2306 2327 2327 2327 2306 2306 2306 2328 2328 2328 2306 2306 2306 2307 2307 2307 2328 2328 2328 2307 2307 2307 2309 2309 2309 2329 2329 2329 2328 2328 2328 2307 2307 2307 2329 2329 2329 2309 2309 2309 2330 2330 2330 2329 2329 2329 2330 2330 2330 2331 2331 2331 2332 2332 2332 2329 2329 2329 2330 2330 2330 2332 2332 2332 2332 2332 2332 2331 2331 2331 2333 2333 2333 2332 2332 2332 2333 2333 2333 2334 2334 2334 2334 2334 2334 2333 2333 2333 2335 2335 2335 2334 2334 2334 2335 2335 2335 2336 2336 2336 749 749 749 747 747 747 2337 2337 2337 749 749 749 2337 2337 2337 2338 2338 2338 2314 2314 2314 2316 2316 2316 2339 2339 2339 2340 2340 2340 2314 2314 2314 2339 2339 2339 2311 2311 2311 2314 2314 2314 2340 2340 2340 2339 2339 2339 2316 2316 2316 2341 2341 2341 2341 2341 2341 2316 2316 2316 2317 2317 2317 2341 2341 2341 2317 2317 2317 2342 2342 2342 2342 2342 2342 2317 2317 2317 2246 2246 2246 2342 2342 2342 2246 2246 2246 2247 2247 2247 2342 2342 2342 2247 2247 2247 2343 2343 2343 2247 2247 2247 2249 2249 2249 2343 2343 2343 2249 2249 2249 2318 2318 2318 2343 2343 2343 2318 2318 2318 2319 2319 2319 2344 2344 2344 2343 2343 2343 2318 2318 2318 2344 2344 2344 2344 2344 2344 2319 2319 2319 2321 2321 2321 2344 2344 2344 2321 2321 2321 2345 2345 2345 2345 2345 2345 2321 2321 2321 2346 2346 2346 2346 2346 2346 2321 2321 2321 2324 2324 2324 2324 2324 2324 2325 2325 2325 2347 2347 2347 2346 2346 2346 2324 2324 2324 2347 2347 2347 2325 2325 2325 2250 2250 2250 2347 2347 2347 2250 2250 2250 2253 2253 2253 2348 2348 2348 2347 2347 2347 2250 2250 2250 2348 2348 2348 2348 2348 2348 2253 2253 2253 2254 2254 2254 2348 2348 2348 2254 2254 2254 2326 2326 2326 2348 2348 2348 2326 2326 2326 2349 2349 2349 2349 2349 2349 2326 2326 2326 2327 2327 2327 2327 2327 2327 2328 2328 2328 2350 2350 2350 2349 2349 2349 2327 2327 2327 2350 2350 2350 2328 2328 2328 2329 2329 2329 2351 2351 2351 2350 2350 2350 2328 2328 2328 2351 2351 2351 2351 2351 2351 2329 2329 2329 2332 2332 2332 2351 2351 2351 2332 2332 2332 2352 2352 2352 2352 2352 2352 2332 2332 2332 2334 2334 2334 2352 2352 2352 2334 2334 2334 2353 2353 2353 2334 2334 2334 2336 2336 2336 2354 2354 2354 2353 2353 2353 2334 2334 2334 2354 2354 2354 750 750 750 749 749 749 2338 2338 2338 750 750 750 2338 2338 2338 751 751 751 833 833 833 834 834 834 836 836 836 2355 2355 2355 833 833 833 836 836 836 839 839 839 2340 2340 2340 2339 2339 2339 2340 2340 2340 839 839 839 838 838 838 839 839 839 2339 2339 2339 2341 2341 2341 2341 2341 2341 2342 2342 2342 2356 2356 2356 839 839 839 2341 2341 2341 2356 2356 2356 2342 2342 2342 2343 2343 2343 2356 2356 2356 2356 2356 2356 2343 2343 2343 2357 2357 2357 2357 2357 2357 2343 2343 2343 2344 2344 2344 2357 2357 2357 2344 2344 2344 2345 2345 2345 2357 2357 2357 2345 2345 2345 2358 2358 2358 2358 2358 2358 2345 2345 2345 2359 2359 2359 2359 2359 2359 2345 2345 2345 2346 2346 2346 2359 2359 2359 2346 2346 2346 2360 2360 2360 2346 2346 2346 2347 2347 2347 2360 2360 2360 2347 2347 2347 2348 2348 2348 2361 2361 2361 2360 2360 2360 2347 2347 2347 2361 2361 2361 2348 2348 2348 2349 2349 2349 2361 2361 2361 2361 2361 2361 2349 2349 2349 2362 2362 2362 2349 2349 2349 2350 2350 2350 2362 2362 2362 2362 2362 2362 2350 2350 2350 2351 2351 2351 2362 2362 2362 2351 2351 2351 2363 2363 2363 2363 2363 2363 2351 2351 2351 2352 2352 2352 2363 2363 2363 2352 2352 2352 2364 2364 2364 2352 2352 2352 2353 2353 2353 2365 2365 2365 2364 2364 2364 2352 2352 2352 2365 2365 2365 2353 2353 2353 2354 2354 2354 2366 2366 2366 2365 2365 2365 2353 2353 2353 2366 2366 2366 2367 2367 2367 2355 2355 2355 836 836 836 2367 2367 2367 836 836 836 2368 2368 2368 2368 2368 2368 836 836 836 837 837 837 2368 2368 2368 837 837 837 2369 2369 2369 837 837 837 839 839 839 2370 2370 2370 2369 2369 2369 837 837 837 2370 2370 2370 2370 2370 2370 839 839 839 2356 2356 2356 2370 2370 2370 2356 2356 2356 2371 2371 2371 2371 2371 2371 2356 2356 2356 2357 2357 2357 2371 2371 2371 2357 2357 2357 2372 2372 2372 2372 2372 2372 2357 2357 2357 2373 2373 2373 2357 2357 2357 2358 2358 2358 2373 2373 2373 2358 2358 2358 2359 2359 2359 2373 2373 2373 2373 2373 2373 2359 2359 2359 2374 2374 2374 2359 2359 2359 2360 2360 2360 2374 2374 2374 2360 2360 2360 2361 2361 2361 2374 2374 2374 2374 2374 2374 2361 2361 2361 2375 2375 2375 2375 2375 2375 2361 2361 2361 2362 2362 2362 2375 2375 2375 2362 2362 2362 2376 2376 2376 2376 2376 2376 2362 2362 2362 2363 2363 2363 2376 2376 2376 2363 2363 2363 2377 2377 2377 2363 2363 2363 2364 2364 2364 2378 2378 2378 2377 2377 2377 2363 2363 2363 2378 2378 2378 2183 2183 2183 2078 2078 2078 2184 2184 2184 2186 2186 2186 2052 2052 2052 2119 2119 2119 2119 2119 2119 2053 2053 2053 2120 2120 2120 2379 2379 2379 2120 2120 2120 2187 2187 2187 2187 2187 2187 2041 2041 2041 2188 2188 2188 2188 2188 2188 2080 2080 2080 2121 2121 2121 2122 2122 2122 2123 2123 2123 2380 2380 2380 2123 2123 2123 2124 2124 2124 2381 2381 2381 2191 2191 2191 2081 2081 2081 2133 2133 2133 2134 2134 2134 2031 2031 2031 2192 2192 2192 2382 2382 2382 2137 2137 2137 2082 2082 2082 2082 2082 2082 2194 2194 2194 2383 2383 2383 2194 2194 2194 2049 2049 2049 2138 2138 2138 2139 2139 2139 2063 2063 2063 2384 2384 2384 2384 2384 2384 2063 2063 2063 2195 2195 2195 2385 2385 2385 2386 2386 2386 2387 2387 2387 2385 2385 2385 2387 2387 2387 2388 2388 2388 2388 2388 2388 2387 2387 2387 2264 2264 2264 2388 2388 2388 2264 2264 2264 2263 2263 2263 773 773 773 804 804 804 803 803 803 797 797 797 773 773 773 803 803 803 2389 2389 2389 2390 2390 2390 2391 2391 2391 2389 2389 2389 2391 2391 2391 2392 2392 2392 2392 2392 2392 2391 2391 2391 2393 2393 2393 2392 2392 2392 2393 2393 2393 2394 2394 2394 2393 2393 2393 2395 2395 2395 2396 2396 2396 2394 2394 2394 2393 2393 2393 2396 2396 2396 808 808 808 2385 2385 2385 2388 2388 2388 808 808 808 2388 2388 2388 809 809 809 2388 2388 2388 2263 2263 2263 812 812 812 809 809 809 2388 2388 2388 812 812 812 2389 2389 2389 2392 2392 2392 816 816 816 815 815 815 2389 2389 2389 816 816 816 2392 2392 2392 2394 2394 2394 2397 2397 2397 816 816 816 2392 2392 2392 2397 2397 2397 2397 2397 2397 2394 2394 2394 2396 2396 2396 2397 2397 2397 2396 2396 2396 2277 2277 2277 819 819 819 816 816 816 2397 2397 2397 819 819 819 2397 2397 2397 2398 2398 2398 2398 2398 2398 2397 2397 2397 2277 2277 2277 2398 2398 2398 2277 2277 2277 2279 2279 2279 820 820 820 819 819 819 2398 2398 2398 2398 2398 2398 2279 2279 2279 824 824 824 820 820 820 2398 2398 2398 823 823 823 823 823 823 2398 2398 2398 824 824 824 827 827 827 826 826 826 2301 2301 2301 827 827 827 2301 2301 2301 2312 2312 2312 827 827 827 2312 2312 2312 832 832 832 2312 2312 2312 2311 2311 2311 2399 2399 2399 832 832 832 2312 2312 2312 2399 2399 2399 2399 2399 2399 2311 2311 2311 2340 2340 2340 835 835 835 832 832 832 2399 2399 2399 2399 2399 2399 2340 2340 2340 838 838 838 835 835 835 2399 2399 2399 838 838 838 2044 2044 2044 2036 2036 2036 2181 2181 2181 2181 2181 2181 2035 2035 2035 2400 2400 2400 2035 2035 2035 2182 2182 2182 2400 2400 2400 2183 2183 2183 2050 2050 2050 2051 2051 2051 2401 2401 2401 2124 2124 2124 2125 2125 2125 2126 2126 2126 2127 2127 2127 2402 2402 2402 2402 2402 2402 2127 2127 2127 2128 2128 2128 2403 2403 2403 2129 2129 2129 2130 2130 2130 2404 2404 2404 2133 2133 2133 2134 2134 2134 2382 2382 2382 2082 2082 2082 2383 2383 2383 2405 2405 2405 2183 2183 2183 2184 2184 2184 2119 2119 2119 2120 2120 2120 2406 2406 2406 2406 2406 2406 2120 2120 2120 2379 2379 2379 2407 2407 2407 2379 2379 2379 2187 2187 2187 2407 2407 2407 2187 2187 2187 2188 2188 2188 2188 2188 2188 2121 2121 2121 2408 2408 2408 2409 2409 2409 2130 2130 2130 2131 2131 2131 2191 2191 2191 2133 2133 2133 2404 2404 2404 2136 2136 2136 2137 2137 2137 2410 2410 2410 2410 2410 2410 2137 2137 2137 2411 2411 2411 2411 2411 2411 2137 2137 2137 2382 2382 2382 2384 2384 2384 2195 2195 2195 2412 2412 2412 2412 2412 2412 2195 2195 2195 2196 2196 2196 2413 2413 2413 2400 2400 2400 2182 2182 2182 2184 2184 2184 2185 2185 2185 2259 2259 2259 2405 2405 2405 2184 2184 2184 2259 2259 2259 2414 2414 2414 2381 2381 2381 2124 2124 2124 2414 2414 2414 2124 2124 2124 2415 2415 2415 2124 2124 2124 2401 2401 2401 2416 2416 2416 2401 2401 2401 2125 2125 2125 2126 2126 2126 2402 2402 2402 2128 2128 2128 2417 2417 2417 2417 2417 2417 2128 2128 2128 2129 2129 2129 2417 2417 2417 2129 2129 2129 2403 2403 2403 2403 2403 2403 2130 2130 2130 2418 2418 2418 2418 2418 2418 2130 2130 2130 2409 2409 2409 2192 2192 2192 2193 2193 2193 2419 2419 2419 2382 2382 2382 2383 2383 2383 2420 2420 2420 2383 2383 2383 2194 2194 2194 2421 2421 2421 2421 2421 2421 2194 2194 2194 2138 2138 2138 2138 2138 2138 2139 2139 2139 2422 2422 2422 2412 2412 2412 2196 2196 2196 2423 2423 2423 2424 2424 2424 2197 2197 2197 2083 2083 2083 2425 2425 2425 2259 2259 2259 2260 2260 2260 2426 2426 2426 2379 2379 2379 2407 2407 2407 2407 2407 2407 2188 2188 2188 2408 2408 2408 2427 2427 2427 2122 2122 2122 2380 2380 2380 2380 2380 2380 2123 2123 2123 2428 2428 2428 2428 2428 2428 2123 2123 2123 2381 2381 2381 2124 2124 2124 2416 2416 2416 2415 2415 2415 2401 2401 2401 2126 2126 2126 2402 2402 2402 2417 2417 2417 2403 2403 2403 2418 2418 2418 2409 2409 2409 2131 2131 2131 2189 2189 2189 2419 2419 2419 2193 2193 2193 2429 2429 2429 2429 2429 2429 2193 2193 2193 2135 2135 2135 2198 2198 2198 2199 2199 2199 2430 2430 2430 2430 2430 2430 2199 2199 2199 2084 2084 2084 2050 2050 2050 2183 2183 2183 2405 2405 2405 2431 2431 2431 2405 2405 2405 2425 2425 2425 2405 2405 2405 2259 2259 2259 2425 2425 2425 2406 2406 2406 2379 2379 2379 2426 2426 2426 2408 2408 2408 2121 2121 2121 2432 2432 2432 2121 2121 2121 2122 2122 2122 2432 2432 2432 2432 2432 2432 2122 2122 2122 2427 2427 2427 2415 2415 2415 2416 2416 2416 2433 2433 2433 2402 2402 2402 2417 2417 2417 2434 2434 2434 2434 2434 2434 2417 2417 2417 2435 2435 2435 2435 2435 2435 2417 2417 2417 2436 2436 2436 2436 2436 2436 2417 2417 2417 2418 2418 2418 2437 2437 2437 2409 2409 2409 2189 2189 2189 2189 2189 2189 2190 2190 2190 2438 2438 2438 2191 2191 2191 2404 2404 2404 2439 2439 2439 2440 2440 2440 2404 2404 2404 2134 2134 2134 2411 2411 2411 2382 2382 2382 2441 2441 2441 2424 2424 2424 2083 2083 2083 2442 2442 2442 2442 2442 2442 2083 2083 2083 2198 2198 2198 2430 2430 2430 2084 2084 2084 2443 2443 2443 2444 2444 2444 2044 2044 2044 2181 2181 2181 2182 2182 2182 2050 2050 2050 2445 2445 2445 2425 2425 2425 2260 2260 2260 2446 2446 2446 2446 2446 2446 2260 2260 2260 2261 2261 2261 2446 2446 2446 2261 2261 2261 2447 2447 2447 2426 2426 2426 2407 2407 2407 2408 2408 2408 2429 2429 2429 2135 2135 2135 2136 2136 2136 2441 2441 2441 2382 2382 2382 2420 2420 2420 2421 2421 2421 2138 2138 2138 2448 2448 2448 2448 2448 2448 2138 2138 2138 2422 2422 2422 2422 2422 2422 2139 2139 2139 2384 2384 2384 2445 2445 2445 2050 2050 2050 2405 2405 2405 2431 2431 2431 2425 2425 2425 2449 2449 2449 2449 2449 2449 2425 2425 2425 2450 2450 2450 2425 2425 2425 2446 2446 2446 2450 2450 2450 2447 2447 2447 2261 2261 2261 2186 2186 2186 2451 2451 2451 2406 2406 2406 2426 2426 2426 2427 2427 2427 2380 2380 2380 2428 2428 2428 2428 2428 2428 2381 2381 2381 2414 2414 2414 2401 2401 2401 2402 2402 2402 2434 2434 2434 2418 2418 2418 2409 2409 2409 2437 2437 2437 2438 2438 2438 2190 2190 2190 2452 2452 2452 2452 2452 2452 2190 2190 2190 2132 2132 2132 2452 2452 2452 2132 2132 2132 2191 2191 2191 2453 2453 2453 2136 2136 2136 2410 2410 2410 2447 2447 2447 2186 2186 2186 2119 2119 2119 2451 2451 2451 2119 2119 2119 2406 2406 2406 2451 2451 2451 2426 2426 2426 2454 2454 2454 2426 2426 2426 2408 2408 2408 2455 2455 2455 2455 2455 2455 2408 2408 2408 2432 2432 2432 2416 2416 2416 2401 2401 2401 2456 2456 2456 2457 2457 2457 2418 2418 2418 2437 2437 2437 2439 2439 2439 2404 2404 2404 2440 2440 2440 2429 2429 2429 2136 2136 2136 2453 2453 2453 2458 2458 2458 2420 2420 2420 2383 2383 2383 2459 2459 2459 2421 2421 2421 2448 2448 2448 2413 2413 2413 2182 2182 2182 2445 2445 2445 2460 2460 2460 2446 2446 2446 2447 2447 2447 2447 2447 2447 2119 2119 2119 2451 2451 2451 2454 2454 2454 2426 2426 2426 2455 2455 2455 2455 2455 2455 2432 2432 2432 2461 2461 2461 2432 2432 2432 2427 2427 2427 2462 2462 2462 2463 2463 2463 2414 2414 2414 2415 2415 2415 2433 2433 2433 2416 2416 2416 2456 2456 2456 2456 2456 2456 2401 2401 2401 2434 2434 2434 2436 2436 2436 2418 2418 2418 2464 2464 2464 2464 2464 2464 2418 2418 2418 2457 2457 2457 2465 2465 2465 2189 2189 2189 2438 2438 2438 2419 2419 2419 2429 2429 2429 2466 2466 2466 2453 2453 2453 2410 2410 2410 2467 2467 2467 2467 2467 2467 2410 2410 2410 2411 2411 2411 2467 2467 2467 2411 2411 2411 2468 2468 2468 2411 2411 2411 2441 2441 2441 2468 2468 2468 2383 2383 2383 2421 2421 2421 2459 2459 2459 2384 2384 2384 2412 2412 2412 2469 2469 2469 2442 2442 2442 2198 2198 2198 2470 2470 2470 2470 2470 2470 2198 2198 2198 2430 2430 2430 2444 2444 2444 2181 2181 2181 2400 2400 2400 2400 2400 2400 2413 2413 2413 2471 2471 2471 2449 2449 2449 2450 2450 2450 2472 2472 2472 2473 2473 2473 2451 2451 2451 2454 2454 2454 2435 2435 2435 2436 2436 2436 2474 2474 2474 2465 2465 2465 2438 2438 2438 2475 2475 2475 2475 2475 2475 2438 2438 2438 2452 2452 2452 2440 2440 2440 2134 2134 2134 2192 2192 2192 2440 2440 2440 2192 2192 2192 2476 2476 2476 2192 2192 2192 2419 2419 2419 2476 2476 2476 2476 2476 2476 2419 2419 2419 2466 2466 2466 2477 2477 2477 2429 2429 2429 2453 2453 2453 2458 2458 2458 2383 2383 2383 2459 2459 2459 2473 2473 2473 2454 2454 2454 2478 2478 2478 2428 2428 2428 2414 2414 2414 2463 2463 2463 2437 2437 2437 2189 2189 2189 2479 2479 2479 2480 2480 2480 2452 2452 2452 2191 2191 2191 2480 2480 2480 2191 2191 2191 2439 2439 2439 2480 2480 2480 2439 2439 2439 2481 2481 2481 2469 2469 2469 2412 2412 2412 2423 2423 2423 2471 2471 2471 2413 2413 2413 2445 2445 2445 2445 2445 2445 2405 2405 2405 2482 2482 2482 2482 2482 2482 2405 2405 2405 2431 2431 2431 2450 2450 2450 2446 2446 2446 2483 2483 2483 2462 2462 2462 2427 2427 2427 2484 2484 2484 2427 2427 2427 2428 2428 2428 2484 2484 2484 2484 2484 2484 2428 2428 2428 2463 2463 2463 2463 2463 2463 2415 2415 2415 2485 2485 2485 2485 2485 2485 2415 2415 2415 2433 2433 2433 2457 2457 2457 2437 2437 2437 2479 2479 2479 2479 2479 2479 2189 2189 2189 2486 2486 2486 2189 2189 2189 2465 2465 2465 2486 2486 2486 2475 2475 2475 2452 2452 2452 2480 2480 2480 2439 2439 2439 2440 2440 2440 2481 2481 2481 2441 2441 2441 2420 2420 2420 2458 2458 2458 2487 2487 2487 2422 2422 2422 2384 2384 2384 2487 2487 2487 2384 2384 2384 2488 2488 2488 2488 2488 2488 2384 2384 2384 2469 2469 2469 2444 2444 2444 2400 2400 2400 2489 2489 2489 2489 2489 2489 2400 2400 2400 2471 2471 2471 2490 2490 2490 2431 2431 2431 2449 2449 2449 2483 2483 2483 2446 2446 2446 2460 2460 2460 2460 2460 2460 2447 2447 2447 2491 2491 2491 2491 2491 2491 2447 2447 2447 2451 2451 2451 2491 2491 2491 2451 2451 2451 2473 2473 2473 2492 2492 2492 2432 2432 2432 2462 2462 2462 2493 2493 2493 2433 2433 2433 2456 2456 2456 2434 2434 2434 2435 2435 2435 2474 2474 2474 2494 2494 2494 2464 2464 2464 2457 2457 2457 2495 2495 2495 2480 2480 2480 2481 2481 2481 2476 2476 2476 2466 2466 2466 2496 2496 2496 2466 2466 2466 2429 2429 2429 2477 2477 2477 2477 2477 2477 2453 2453 2453 2497 2497 2497 2497 2497 2497 2453 2453 2453 2467 2467 2467 2498 2498 2498 2441 2441 2441 2458 2458 2458 2448 2448 2448 2422 2422 2422 2487 2487 2487 2499 2499 2499 2471 2471 2471 2445 2445 2445 2482 2482 2482 2431 2431 2431 2490 2490 2490 2450 2450 2450 2483 2483 2483 2472 2472 2472 2454 2454 2454 2455 2455 2455 2461 2461 2461 2492 2492 2492 2461 2461 2461 2432 2432 2432 2462 2462 2462 2484 2484 2484 2500 2500 2500 2500 2500 2500 2484 2484 2484 2501 2501 2501 2501 2501 2501 2484 2484 2484 2502 2502 2502 2484 2484 2484 2463 2463 2463 2502 2502 2502 2456 2456 2456 2434 2434 2434 2503 2503 2503 2493 2493 2493 2456 2456 2456 2503 2503 2503 2504 2504 2504 2434 2434 2434 2474 2474 2474 2474 2474 2474 2436 2436 2436 2464 2464 2464 2505 2505 2505 2481 2481 2481 2440 2440 2440 2505 2505 2505 2440 2440 2440 2476 2476 2476 2496 2496 2496 2466 2466 2466 2477 2477 2477 2488 2488 2488 2469 2469 2469 2506 2506 2506 2507 2507 2507 2444 2444 2444 2489 2489 2489 2489 2489 2489 2471 2471 2471 2508 2508 2508 2499 2499 2499 2445 2445 2445 2482 2482 2482 2483 2483 2483 2460 2460 2460 2491 2491 2491 2509 2509 2509 2491 2491 2491 2473 2473 2473 2510 2510 2510 2478 2478 2478 2454 2454 2454 2510 2510 2510 2454 2454 2454 2461 2461 2461 2463 2463 2463 2485 2485 2485 2502 2502 2502 2485 2485 2485 2433 2433 2433 2493 2493 2493 2503 2503 2503 2434 2434 2434 2504 2504 2504 2495 2495 2495 2481 2481 2481 2511 2511 2511 2468 2468 2468 2441 2441 2441 2498 2498 2498 2459 2459 2459 2448 2448 2448 2487 2487 2487 2483 2483 2483 2491 2491 2491 2512 2512 2512 2512 2512 2512 2491 2491 2491 2509 2509 2509 2473 2473 2473 2478 2478 2478 2513 2513 2513 2513 2513 2513 2478 2478 2478 2510 2510 2510 2461 2461 2461 2492 2492 2492 2510 2510 2510 2492 2492 2492 2462 2462 2462 2500 2500 2500 2504 2504 2504 2474 2474 2474 2514 2514 2514 2474 2474 2474 2464 2464 2464 2514 2514 2514 2514 2514 2514 2464 2464 2464 2494 2494 2494 2505 2505 2505 2476 2476 2476 2496 2496 2496 2477 2477 2477 2497 2497 2497 2515 2515 2515 2516 2516 2516 2458 2458 2458 2459 2459 2459 2506 2506 2506 2469 2469 2469 2423 2423 2423 2506 2506 2506 2423 2423 2423 2517 2517 2517 2518 2518 2518 2424 2424 2424 2442 2442 2442 2508 2508 2508 2471 2471 2471 2499 2499 2499 2490 2490 2490 2449 2449 2449 2472 2472 2472 2502 2502 2502 2485 2485 2485 2519 2519 2519 2501 2501 2501 2502 2502 2502 2519 2519 2519 2494 2494 2494 2457 2457 2457 2479 2479 2479 2475 2475 2475 2480 2480 2480 2495 2495 2495 2511 2511 2511 2481 2481 2481 2505 2505 2505 2520 2520 2520 2496 2496 2496 2477 2477 2477 2468 2468 2468 2498 2498 2498 2521 2521 2521 2521 2521 2521 2498 2498 2498 2458 2458 2458 2521 2521 2521 2458 2458 2458 2516 2516 2516 2470 2470 2470 2430 2430 2430 2522 2522 2522 2522 2522 2522 2430 2430 2430 2443 2443 2443 2472 2472 2472 2483 2483 2483 2523 2523 2523 2509 2509 2509 2473 2473 2473 2524 2524 2524 2524 2524 2524 2473 2473 2473 2513 2513 2513 2485 2485 2485 2493 2493 2493 2525 2525 2525 2525 2525 2525 2493 2493 2493 2503 2503 2503 2486 2486 2486 2465 2465 2465 2526 2526 2526 2465 2465 2465 2475 2475 2475 2527 2527 2527 2528 2528 2528 2495 2495 2495 2511 2511 2511 2505 2505 2505 2496 2496 2496 2529 2529 2529 2529 2529 2529 2496 2496 2496 2520 2520 2520 2520 2520 2520 2477 2477 2477 2515 2515 2515 2530 2530 2530 2468 2468 2468 2521 2521 2521 2487 2487 2487 2488 2488 2488 2531 2531 2531 2531 2531 2531 2488 2488 2488 2506 2506 2506 2442 2442 2442 2470 2470 2470 2532 2532 2532 2532 2532 2532 2470 2470 2470 2522 2522 2522 2533 2533 2533 2444 2444 2444 2507 2507 2507 2483 2483 2483 2512 2512 2512 2534 2534 2534 2527 2527 2527 2475 2475 2475 2495 2495 2495 2530 2530 2530 2467 2467 2467 2468 2468 2468 2490 2490 2490 2472 2472 2472 2535 2535 2535 2536 2536 2536 2490 2490 2490 2535 2535 2535 2512 2512 2512 2509 2509 2509 2537 2537 2537 2537 2537 2537 2509 2509 2509 2524 2524 2524 2538 2538 2538 2503 2503 2503 2504 2504 2504 2526 2526 2526 2465 2465 2465 2527 2527 2527 2539 2539 2539 2511 2511 2511 2505 2505 2505 2497 2497 2497 2467 2467 2467 2530 2530 2530 2499 2499 2499 2482 2482 2482 2540 2540 2540 2535 2535 2535 2472 2472 2472 2523 2523 2523 2534 2534 2534 2512 2512 2512 2537 2537 2537 2537 2537 2537 2524 2524 2524 2541 2541 2541 2513 2513 2513 2510 2510 2510 2542 2542 2542 2542 2542 2542 2510 2510 2510 2492 2492 2492 2501 2501 2501 2519 2519 2519 2543 2543 2543 2544 2544 2544 2521 2521 2521 2516 2516 2516 2516 2516 2516 2459 2459 2459 2545 2545 2545 2545 2545 2545 2459 2459 2459 2487 2487 2487 2518 2518 2518 2442 2442 2442 2546 2546 2546 2546 2546 2546 2442 2442 2442 2532 2532 2532 2482 2482 2482 2490 2490 2490 2540 2540 2540 2524 2524 2524 2513 2513 2513 2547 2547 2547 2548 2548 2548 2492 2492 2492 2500 2500 2500 2500 2500 2500 2501 2501 2501 2543 2543 2543 2543 2543 2543 2519 2519 2519 2549 2549 2549 2519 2519 2519 2485 2485 2485 2549 2549 2549 2549 2549 2549 2485 2485 2485 2525 2525 2525 2538 2538 2538 2504 2504 2504 2514 2514 2514 2514 2514 2514 2494 2494 2494 2550 2550 2550 2494 2494 2494 2479 2479 2479 2550 2550 2550 2550 2550 2550 2479 2479 2479 2486 2486 2486 2528 2528 2528 2511 2511 2511 2539 2539 2539 2515 2515 2515 2497 2497 2497 2551 2551 2551 2551 2551 2551 2497 2497 2497 2530 2530 2530 2552 2552 2552 2506 2506 2506 2517 2517 2517 2553 2553 2553 2483 2483 2483 2534 2534 2534 2525 2525 2525 2503 2503 2503 2538 2538 2538 2550 2550 2550 2486 2486 2486 2554 2554 2554 2554 2554 2554 2486 2486 2486 2526 2526 2526 2554 2554 2554 2526 2526 2526 2527 2527 2527 2555 2555 2555 2495 2495 2495 2528 2528 2528 2539 2539 2539 2505 2505 2505 2529 2529 2529 2556 2556 2556 2487 2487 2487 2531 2531 2531 2540 2540 2540 2490 2490 2490 2536 2536 2536 2542 2542 2542 2492 2492 2492 2548 2548 2548 2538 2538 2538 2514 2514 2514 2557 2557 2557 2558 2558 2558 2514 2514 2514 2559 2559 2559 2559 2559 2559 2514 2514 2514 2550 2550 2550 2527 2527 2527 2495 2495 2495 2555 2555 2555 2544 2544 2544 2530 2530 2530 2521 2521 2521 2545 2545 2545 2487 2487 2487 2556 2556 2556 2531 2531 2531 2506 2506 2506 2552 2552 2552 2541 2541 2541 2524 2524 2524 2547 2547 2547 2557 2557 2557 2514 2514 2514 2558 2558 2558 2523 2523 2523 2483 2483 2483 2553 2553 2553 2560 2560 2560 2525 2525 2525 2538 2538 2538 2554 2554 2554 2527 2527 2527 2555 2555 2555 2539 2539 2539 2529 2529 2529 2561 2561 2561 2562 2562 2562 2529 2529 2529 2520 2520 2520 2520 2520 2520 2515 2515 2515 2563 2563 2563 2564 2564 2564 2544 2544 2544 2516 2516 2516 2564 2564 2564 2516 2516 2516 2545 2545 2545 2545 2545 2545 2556 2556 2556 2565 2565 2565 2522 2522 2522 2443 2443 2443 2566 2566 2566 2489 2489 2489 2508 2508 2508 2567 2567 2567 2568 2568 2568 2536 2536 2536 2535 2535 2535 2569 2569 2569 2523 2523 2523 2553 2553 2553 2537 2537 2537 2541 2541 2541 2570 2570 2570 2541 2541 2541 2547 2547 2547 2570 2570 2570 2542 2542 2542 2548 2548 2548 2571 2571 2571 2572 2572 2572 2548 2548 2548 2500 2500 2500 2572 2572 2572 2500 2500 2500 2543 2543 2543 2561 2561 2561 2529 2529 2529 2562 2562 2562 2573 2573 2573 2551 2551 2551 2530 2530 2530 2573 2573 2573 2530 2530 2530 2544 2544 2544 2565 2565 2565 2556 2556 2556 2574 2574 2574 2574 2574 2574 2556 2556 2556 2531 2531 2531 2574 2574 2574 2531 2531 2531 2552 2552 2552 2552 2552 2552 2517 2517 2517 2575 2575 2575 2576 2576 2576 2518 2518 2518 2546 2546 2546 2535 2535 2535 2523 2523 2523 2569 2569 2569 2553 2553 2553 2534 2534 2534 2537 2537 2537 2549 2549 2549 2525 2525 2525 2560 2560 2560 2559 2559 2559 2550 2550 2550 2577 2577 2577 2577 2577 2577 2550 2550 2550 2554 2554 2554 2578 2578 2578 2528 2528 2528 2539 2539 2539 2563 2563 2563 2515 2515 2515 2579 2579 2579 2579 2579 2579 2515 2515 2515 2551 2551 2551 2579 2579 2579 2551 2551 2551 2580 2580 2580 2580 2580 2580 2551 2551 2551 2573 2573 2573 2564 2564 2564 2545 2545 2545 2581 2581 2581 2533 2533 2533 2507 2507 2507 2582 2582 2582 2582 2582 2582 2507 2507 2507 2489 2489 2489 2583 2583 2583 2508 2508 2508 2499 2499 2499 2499 2499 2499 2540 2540 2540 2583 2583 2583 2540 2540 2540 2536 2536 2536 2584 2584 2584 2513 2513 2513 2542 2542 2542 2571 2571 2571 2572 2572 2572 2543 2543 2543 2585 2585 2585 2554 2554 2554 2555 2555 2555 2586 2586 2586 2587 2587 2587 2544 2544 2544 2564 2564 2564 2546 2546 2546 2532 2532 2532 2588 2588 2588 2588 2588 2588 2532 2532 2532 2522 2522 2522 2567 2567 2567 2508 2508 2508 2583 2583 2583 2584 2584 2584 2536 2536 2536 2589 2589 2589 2589 2589 2589 2536 2536 2536 2568 2568 2568 2568 2568 2568 2535 2535 2535 2569 2569 2569 2590 2590 2590 2547 2547 2547 2513 2513 2513 2585 2585 2585 2543 2543 2543 2591 2591 2591 2591 2591 2591 2543 2543 2543 2549 2549 2549 2592 2592 2592 2560 2560 2560 2538 2538 2538 2593 2593 2593 2538 2538 2538 2557 2557 2557 2581 2581 2581 2545 2545 2545 2565 2565 2565 2594 2594 2594 2533 2533 2533 2582 2582 2582 2582 2582 2582 2489 2489 2489 2595 2595 2595 2595 2595 2595 2489 2489 2489 2567 2567 2567 2569 2569 2569 2553 2553 2553 2596 2596 2596 2597 2597 2597 2537 2537 2537 2598 2598 2598 2537 2537 2537 2570 2570 2570 2598 2598 2598 2570 2570 2570 2547 2547 2547 2590 2590 2590 2599 2599 2599 2557 2557 2557 2558 2558 2558 2599 2599 2599 2558 2558 2558 2600 2600 2600 2600 2600 2600 2558 2558 2558 2559 2559 2559 2555 2555 2555 2528 2528 2528 2601 2601 2601 2578 2578 2578 2539 2539 2539 2602 2602 2602 2602 2602 2602 2539 2539 2539 2561 2561 2561 2580 2580 2580 2573 2573 2573 2603 2603 2603 2573 2573 2573 2544 2544 2544 2603 2603 2603 2603 2603 2603 2544 2544 2544 2587 2587 2587 2604 2604 2604 2564 2564 2564 2581 2581 2581 2605 2605 2605 2583 2583 2583 2540 2540 2540 2605 2605 2605 2540 2540 2540 2584 2584 2584 2596 2596 2596 2553 2553 2553 2537 2537 2537 2596 2596 2596 2537 2537 2537 2597 2597 2597 2598 2598 2598 2570 2570 2570 2590 2590 2590 2590 2590 2590 2513 2513 2513 2571 2571 2571 2590 2590 2590 2571 2571 2571 2606 2606 2606 2606 2606 2606 2571 2571 2571 2548 2548 2548 2606 2606 2606 2548 2548 2548 2607 2607 2607 2548 2548 2548 2572 2572 2572 2607 2607 2607 2607 2607 2607 2572 2572 2572 2585 2585 2585 2591 2591 2591 2549 2549 2549 2608 2608 2608 2608 2608 2608 2549 2549 2549 2560 2560 2560 2592 2592 2592 2538 2538 2538 2593 2593 2593 2593 2593 2593 2557 2557 2557 2599 2599 2599 2600 2600 2600 2559 2559 2559 2577 2577 2577 2586 2586 2586 2555 2555 2555 2601 2601 2601 2601 2601 2601 2528 2528 2528 2578 2578 2578 2609 2609 2609 2578 2578 2578 2602 2602 2602 2562 2562 2562 2520 2520 2520 2563 2563 2563 2610 2610 2610 2580 2580 2580 2603 2603 2603 2587 2587 2587 2564 2564 2564 2604 2604 2604 2611 2611 2611 2583 2583 2583 2605 2605 2605 2589 2589 2589 2568 2568 2568 2612 2612 2612 2613 2613 2613 2568 2568 2568 2569 2569 2569 2614 2614 2614 2598 2598 2598 2590 2590 2590 2615 2615 2615 2606 2606 2606 2607 2607 2607 2607 2607 2607 2585 2585 2585 2616 2616 2616 2593 2593 2593 2599 2599 2599 2617 2617 2617 2618 2618 2618 2577 2577 2577 2554 2554 2554 2554 2554 2554 2586 2586 2586 2618 2618 2618 2601 2601 2601 2578 2578 2578 2609 2609 2609 2619 2619 2619 2562 2562 2562 2563 2563 2563 2620 2620 2620 2563 2563 2563 2579 2579 2579 2579 2579 2579 2580 2580 2580 2610 2610 2610 2603 2603 2603 2587 2587 2587 2621 2621 2621 2604 2604 2604 2581 2581 2581 2622 2622 2622 2622 2622 2622 2581 2581 2581 2565 2565 2565 2565 2565 2565 2574 2574 2574 2623 2623 2623 2614 2614 2614 2590 2590 2590 2606 2606 2606 2599 2599 2599 2600 2600 2600 2624 2624 2624 2618 2618 2618 2586 2586 2586 2625 2625 2625 2625 2625 2625 2586 2586 2586 2601 2601 2601 2626 2626 2626 2602 2602 2602 2561 2561 2561 2627 2627 2627 2561 2561 2561 2562 2562 2562 2620 2620 2620 2579 2579 2579 2628 2628 2628 2621 2621 2621 2587 2587 2587 2604 2604 2604 2574 2574 2574 2552 2552 2552 2629 2629 2629 2629 2629 2629 2552 2552 2552 2575 2575 2575 2588 2588 2588 2522 2522 2522 2630 2630 2630 2630 2630 2630 2522 2522 2522 2566 2566 2566 2631 2631 2631 2598 2598 2598 2614 2614 2614 2616 2616 2616 2615 2615 2615 2607 2607 2607 2616 2616 2616 2585 2585 2585 2632 2632 2632 2632 2632 2632 2585 2585 2585 2591 2591 2591 2601 2601 2601 2609 2609 2609 2633 2633 2633 2619 2619 2619 2563 2563 2563 2620 2620 2620 2623 2623 2623 2574 2574 2574 2629 2629 2629 2567 2567 2567 2583 2583 2583 2611 2611 2611 2612 2612 2612 2568 2568 2568 2613 2613 2613 2569 2569 2569 2596 2596 2596 2634 2634 2634 2634 2634 2634 2596 2596 2596 2635 2635 2635 2635 2635 2635 2596 2596 2596 2597 2597 2597 2597 2597 2597 2598 2598 2598 2631 2631 2631 2631 2631 2631 2614 2614 2614 2636 2636 2636 2632 2632 2632 2591 2591 2591 2637 2637 2637 2591 2591 2591 2608 2608 2608 2637 2637 2637 2608 2608 2608 2560 2560 2560 2592 2592 2592 2609 2609 2609 2602 2602 2602 2626 2626 2626 2626 2626 2626 2561 2561 2561 2627 2627 2627 2638 2638 2638 2604 2604 2604 2622 2622 2622 2630 2630 2630 2566 2566 2566 2639 2639 2639 2595 2595 2595 2567 2567 2567 2640 2640 2640 2640 2640 2640 2567 2567 2567 2611 2611 2611 2613 2613 2613 2569 2569 2569 2634 2634 2634 2635 2635 2635 2597 2597 2597 2641 2641 2641 2641 2641 2641 2597 2597 2597 2631 2631 2631 2614 2614 2614 2606 2606 2606 2642 2642 2642 2636 2636 2636 2614 2614 2614 2642 2642 2642 2642 2642 2642 2606 2606 2606 2615 2615 2615 2615 2615 2615 2616 2616 2616 2643 2643 2643 2644 2644 2644 2592 2592 2592 2593 2593 2593 2617 2617 2617 2599 2599 2599 2624 2624 2624 2625 2625 2625 2601 2601 2601 2645 2645 2645 2645 2645 2645 2601 2601 2601 2633 2633 2633 2633 2633 2633 2609 2609 2609 2646 2646 2646 2646 2646 2646 2609 2609 2609 2626 2626 2626 2628 2628 2628 2579 2579 2579 2647 2647 2647 2647 2647 2647 2579 2579 2579 2610 2610 2610 2640 2640 2640 2611 2611 2611 2648 2648 2648 2605 2605 2605 2584 2584 2584 2589 2589 2589 2642 2642 2642 2615 2615 2615 2643 2643 2643 2644 2644 2644 2593 2593 2593 2617 2617 2617 2600 2600 2600 2577 2577 2577 2618 2618 2618 2618 2618 2618 2625 2625 2625 2645 2645 2645 2645 2645 2645 2633 2633 2633 2649 2649 2649 2621 2621 2621 2604 2604 2604 2650 2650 2650 2650 2650 2650 2604 2604 2604 2638 2638 2638 2651 2651 2651 2608 2608 2608 2592 2592 2592 2651 2651 2651 2592 2592 2592 2644 2644 2644 2624 2624 2624 2600 2600 2600 2652 2652 2652 2649 2649 2649 2633 2633 2633 2653 2653 2653 2654 2654 2654 2627 2627 2627 2562 2562 2562 2647 2647 2647 2610 2610 2610 2603 2603 2603 2638 2638 2638 2622 2622 2622 2655 2655 2655 2622 2622 2622 2565 2565 2565 2656 2656 2656 2655 2655 2655 2622 2622 2622 2656 2656 2656 2656 2656 2656 2565 2565 2565 2623 2623 2623 2656 2656 2656 2623 2623 2623 2657 2657 2657 2629 2629 2629 2575 2575 2575 2658 2658 2658 2659 2659 2659 2576 2576 2576 2546 2546 2546 2594 2594 2594 2582 2582 2582 2660 2660 2660 2660 2660 2660 2582 2582 2582 2595 2595 2595 2632 2632 2632 2637 2637 2637 2661 2661 2661 2637 2637 2637 2608 2608 2608 2651 2651 2651 2661 2661 2661 2637 2637 2637 2651 2651 2651 2662 2662 2662 2644 2644 2644 2617 2617 2617 2617 2617 2617 2624 2624 2624 2663 2663 2663 2652 2652 2652 2600 2600 2600 2664 2664 2664 2600 2600 2600 2618 2618 2618 2664 2664 2664 2665 2665 2665 2618 2618 2618 2645 2645 2645 2666 2666 2666 2603 2603 2603 2621 2621 2621 2666 2666 2666 2621 2621 2621 2650 2650 2650 2667 2667 2667 2650 2650 2650 2638 2638 2638 2657 2657 2657 2623 2623 2623 2629 2629 2629 2643 2643 2643 2616 2616 2616 2632 2632 2632 2662 2662 2662 2617 2617 2617 2668 2668 2668 2669 2669 2669 2617 2617 2617 2663 2663 2663 2664 2664 2664 2618 2618 2618 2665 2665 2665 2665 2665 2665 2645 2645 2645 2649 2649 2649 2654 2654 2654 2562 2562 2562 2619 2619 2619 2670 2670 2670 2647 2647 2647 2603 2603 2603 2670 2670 2670 2603 2603 2603 2666 2666 2666 2659 2659 2659 2546 2546 2546 2671 2671 2671 2671 2671 2671 2546 2546 2546 2588 2588 2588 2671 2671 2671 2588 2588 2588 2672 2672 2672 2672 2672 2672 2588 2588 2588 2630 2630 2630 2673 2673 2673 2605 2605 2605 2674 2674 2674 2674 2674 2674 2605 2605 2605 2589 2589 2589 2674 2674 2674 2589 2589 2589 2612 2612 2612 2674 2674 2674 2612 2612 2612 2613 2613 2613 2641 2641 2641 2631 2631 2631 2636 2636 2636 2675 2675 2675 2642 2642 2642 2643 2643 2643 2651 2651 2651 2644 2644 2644 2662 2662 2662 2653 2653 2653 2633 2633 2633 2646 2646 2646 2646 2646 2646 2626 2626 2626 2627 2627 2627 2643 2643 2643 2632 2632 2632 2676 2676 2676 2676 2676 2676 2632 2632 2632 2677 2677 2677 2678 2678 2678 2651 2651 2651 2662 2662 2662 2653 2653 2653 2646 2646 2646 2679 2679 2679 2660 2660 2660 2595 2595 2595 2680 2680 2680 2680 2680 2680 2595 2595 2595 2640 2640 2640 2680 2680 2680 2640 2640 2640 2681 2681 2681 2681 2681 2681 2640 2640 2640 2648 2648 2648 2648 2648 2648 2611 2611 2611 2673 2673 2673 2673 2673 2673 2611 2611 2611 2605 2605 2605 2682 2682 2682 2613 2613 2613 2634 2634 2634 2634 2634 2634 2635 2635 2635 2683 2683 2683 2683 2683 2683 2635 2635 2635 2641 2641 2641 2641 2641 2641 2636 2636 2636 2684 2684 2684 2636 2636 2636 2642 2642 2642 2685 2685 2685 2684 2684 2684 2636 2636 2636 2685 2685 2685 2685 2685 2685 2642 2642 2642 2675 2675 2675 2675 2675 2675 2643 2643 2643 2676 2676 2676 2677 2677 2677 2632 2632 2632 2686 2686 2686 2661 2661 2661 2651 2651 2651 2687 2687 2687 2668 2668 2668 2617 2617 2617 2669 2669 2669 2688 2688 2688 2624 2624 2624 2652 2652 2652 2666 2666 2666 2650 2650 2650 2667 2667 2667 2689 2689 2689 2674 2674 2674 2690 2690 2690 2690 2690 2690 2674 2674 2674 2613 2613 2613 2690 2690 2690 2613 2613 2613 2682 2682 2682 2682 2682 2682 2634 2634 2634 2683 2683 2683 2683 2683 2683 2641 2641 2641 2684 2684 2684 2632 2632 2632 2661 2661 2661 2686 2686 2686 2687 2687 2687 2651 2651 2651 2678 2678 2678 2691 2691 2691 2662 2662 2662 2668 2668 2668 2669 2669 2669 2663 2663 2663 2692 2692 2692 2663 2663 2663 2624 2624 2624 2688 2688 2688 2649 2649 2649 2653 2653 2653 2693 2693 2693 2627 2627 2627 2654 2654 2654 2694 2694 2694 2628 2628 2628 2647 2647 2647 2695 2695 2695 2667 2667 2667 2638 2638 2638 2696 2696 2696 2696 2696 2696 2638 2638 2638 2655 2655 2655 2696 2696 2696 2655 2655 2655 2697 2697 2697 2673 2673 2673 2674 2674 2674 2698 2698 2698 2698 2698 2698 2674 2674 2674 2689 2689 2689 2682 2682 2682 2683 2683 2683 2699 2699 2699 2683 2683 2683 2684 2684 2684 2700 2700 2700 2684 2684 2684 2685 2685 2685 2701 2701 2701 2701 2701 2701 2685 2685 2685 2675 2675 2675 2701 2701 2701 2675 2675 2675 2702 2702 2702 2675 2675 2675 2676 2676 2676 2702 2702 2702 2686 2686 2686 2661 2661 2661 2687 2687 2687 2687 2687 2687 2678 2678 2678 2703 2703 2703 2691 2691 2691 2668 2668 2668 2669 2669 2669 2692 2692 2692 2663 2663 2663 2688 2688 2688 2664 2664 2664 2665 2665 2665 2704 2704 2704 2704 2704 2704 2665 2665 2665 2649 2649 2649 2705 2705 2705 2647 2647 2647 2670 2670 2670 2670 2670 2670 2666 2666 2666 2706 2706 2706 2706 2706 2706 2666 2666 2666 2667 2667 2667 2706 2706 2706 2667 2667 2667 2696 2696 2696 2707 2707 2707 2656 2656 2656 2657 2657 2657 2708 2708 2708 2657 2657 2657 2629 2629 2629 2708 2708 2708 2629 2629 2629 2709 2709 2709 2709 2709 2709 2629 2629 2629 2658 2658 2658 2710 2710 2710 2664 2664 2664 2704 2704 2704 2646 2646 2646 2627 2627 2627 2694 2694 2694 2679 2679 2679 2646 2646 2646 2694 2694 2694 2694 2694 2694 2654 2654 2654 2711 2711 2711 2711 2711 2711 2654 2654 2654 2619 2619 2619 2705 2705 2705 2670 2670 2670 2712 2712 2712 2712 2712 2712 2670 2670 2670 2706 2706 2706 2707 2707 2707 2657 2657 2657 2713 2713 2713 2713 2713 2713 2657 2657 2657 2708 2708 2708 2714 2714 2714 2660 2660 2660 2680 2680 2680 2690 2690 2690 2682 2682 2682 2699 2699 2699 2699 2699 2699 2683 2683 2683 2715 2715 2715 2702 2702 2702 2676 2676 2676 2716 2716 2716 2677 2677 2677 2686 2686 2686 2717 2717 2717 2693 2693 2693 2653 2653 2653 2718 2718 2718 2695 2695 2695 2647 2647 2647 2705 2705 2705 2697 2697 2697 2655 2655 2655 2656 2656 2656 2697 2697 2697 2656 2656 2656 2707 2707 2707 2648 2648 2648 2673 2673 2673 2719 2719 2719 2720 2720 2720 2648 2648 2648 2719 2719 2719 2700 2700 2700 2684 2684 2684 2721 2721 2721 2684 2684 2684 2701 2701 2701 2721 2721 2721 2717 2717 2717 2686 2686 2686 2722 2722 2722 2703 2703 2703 2678 2678 2678 2723 2723 2723 2678 2678 2678 2662 2662 2662 2723 2723 2723 2723 2723 2723 2662 2662 2662 2691 2691 2691 2724 2724 2724 2669 2669 2669 2692 2692 2692 2652 2652 2652 2664 2664 2664 2710 2710 2710 2704 2704 2704 2649 2649 2649 2693 2693 2693 2718 2718 2718 2653 2653 2653 2679 2679 2679 2711 2711 2711 2619 2619 2619 2620 2620 2620 2680 2680 2680 2681 2681 2681 2725 2725 2725 2725 2725 2725 2681 2681 2681 2648 2648 2648 2725 2725 2725 2648 2648 2648 2720 2720 2720 2719 2719 2719 2673 2673 2673 2698 2698 2698 2698 2698 2698 2689 2689 2689 2726 2726 2726 2726 2726 2726 2689 2689 2689 2690 2690 2690 2726 2726 2726 2690 2690 2690 2727 2727 2727 2727 2727 2727 2690 2690 2690 2699 2699 2699 2716 2716 2716 2676 2676 2676 2677 2677 2677 2716 2716 2716 2677 2677 2677 2728 2728 2728 2728 2728 2728 2677 2677 2677 2717 2717 2717 2722 2722 2722 2686 2686 2686 2729 2729 2729 2729 2729 2729 2686 2686 2686 2687 2687 2687 2729 2729 2729 2687 2687 2687 2703 2703 2703 2691 2691 2691 2669 2669 2669 2724 2724 2724 2730 2730 2730 2652 2652 2652 2710 2710 2710 2731 2731 2731 2696 2696 2696 2697 2697 2697 2732 2732 2732 2660 2660 2660 2714 2714 2714 2715 2715 2715 2683 2683 2683 2700 2700 2700 2733 2733 2733 2688 2688 2688 2652 2652 2652 2734 2734 2734 2693 2693 2693 2718 2718 2718 2735 2735 2735 2718 2718 2718 2679 2679 2679 2735 2735 2735 2679 2679 2679 2736 2736 2736 2736 2736 2736 2679 2679 2679 2694 2694 2694 2620 2620 2620 2628 2628 2628 2711 2711 2711 2711 2711 2711 2628 2628 2628 2695 2695 2695 2701 2701 2701 2702 2702 2702 2716 2716 2716 2728 2728 2728 2717 2717 2717 2722 2722 2722 2737 2737 2737 2703 2703 2703 2723 2723 2723 2738 2738 2738 2691 2691 2691 2724 2724 2724 2733 2733 2733 2652 2652 2652 2730 2730 2730 2713 2713 2713 2708 2708 2708 2709 2709 2709 2715 2715 2715 2700 2700 2700 2739 2739 2739 2721 2721 2721 2701 2701 2701 2716 2716 2716 2724 2724 2724 2692 2692 2692 2740 2740 2740 2692 2692 2692 2688 2688 2688 2741 2741 2741 2740 2740 2740 2692 2692 2692 2741 2741 2741 2694 2694 2694 2711 2711 2711 2742 2742 2742 2742 2742 2742 2711 2711 2711 2743 2743 2743 2744 2744 2744 2731 2731 2731 2697 2697 2697 2744 2744 2744 2697 2697 2697 2745 2745 2745 2746 2746 2746 2721 2721 2721 2716 2716 2716 2722 2722 2722 2729 2729 2729 2747 2747 2747 2741 2741 2741 2688 2688 2688 2733 2733 2733 2748 2748 2748 2704 2704 2704 2693 2693 2693 2706 2706 2706 2696 2696 2696 2731 2731 2731 2709 2709 2709 2658 2658 2658 2749 2749 2749 2750 2750 2750 2659 2659 2659 2671 2671 2671 2727 2727 2727 2699 2699 2699 2751 2751 2751 2751 2751 2751 2699 2699 2699 2715 2715 2715 2723 2723 2723 2691 2691 2691 2752 2752 2752 2752 2752 2752 2691 2691 2691 2738 2738 2738 2710 2710 2710 2704 2704 2704 2748 2748 2748 2748 2748 2748 2693 2693 2693 2753 2753 2753 2753 2753 2753 2693 2693 2693 2734 2734 2734 2734 2734 2734 2718 2718 2718 2735 2735 2735 2745 2745 2745 2697 2697 2697 2707 2707 2707 2732 2732 2732 2714 2714 2714 2754 2754 2754 2714 2714 2714 2680 2680 2680 2755 2755 2755 2754 2754 2754 2714 2714 2714 2755 2755 2755 2755 2755 2755 2680 2680 2680 2725 2725 2725 2719 2719 2719 2698 2698 2698 2756 2756 2756 2756 2756 2756 2698 2698 2698 2757 2757 2757 2698 2698 2698 2726 2726 2726 2758 2758 2758 2757 2757 2757 2698 2698 2698 2758 2758 2758 2715 2715 2715 2739 2739 2739 2751 2751 2751 2716 2716 2716 2728 2728 2728 2759 2759 2759 2759 2759 2759 2728 2728 2728 2760 2760 2760 2760 2760 2760 2728 2728 2728 2722 2722 2722 2761 2761 2761 2723 2723 2723 2752 2752 2752 2730 2730 2730 2710 2710 2710 2762 2762 2762 2762 2762 2762 2710 2710 2710 2748 2748 2748 2736 2736 2736 2694 2694 2694 2763 2763 2763 2763 2763 2763 2694 2694 2694 2742 2742 2742 2711 2711 2711 2695 2695 2695 2764 2764 2764 2712 2712 2712 2706 2706 2706 2765 2765 2765 2765 2765 2765 2706 2706 2706 2731 2731 2731 2707 2707 2707 2713 2713 2713 2766 2766 2766 2713 2713 2713 2709 2709 2709 2767 2767 2767 2750 2750 2750 2671 2671 2671 2768 2768 2768 2630 2630 2630 2639 2639 2639 2769 2769 2769 2758 2758 2758 2726 2726 2726 2727 2727 2727 2747 2747 2747 2729 2729 2729 2770 2770 2770 2737 2737 2737 2723 2723 2723 2761 2761 2761 2735 2735 2735 2736 2736 2736 2763 2763 2763 2742 2742 2742 2743 2743 2743 2771 2771 2771 2695 2695 2695 2705 2705 2705 2764 2764 2764 2764 2764 2764 2705 2705 2705 2712 2712 2712 2766 2766 2766 2713 2713 2713 2767 2767 2767 2725 2725 2725 2720 2720 2720 2772 2772 2772 2773 2773 2773 2727 2727 2727 2751 2751 2751 2739 2739 2739 2700 2700 2700 2774 2774 2774 2774 2774 2774 2700 2700 2700 2721 2721 2721 2746 2746 2746 2716 2716 2716 2759 2759 2759 2775 2775 2775 2722 2722 2722 2747 2747 2747 2770 2770 2770 2729 2729 2729 2703 2703 2703 2770 2770 2770 2703 2703 2703 2737 2737 2737 2738 2738 2738 2724 2724 2724 2776 2776 2776 2724 2724 2724 2740 2740 2740 2776 2776 2776 2733 2733 2733 2730 2730 2730 2762 2762 2762 2753 2753 2753 2734 2734 2734 2777 2777 2777 2763 2763 2763 2742 2742 2742 2771 2771 2771 2743 2743 2743 2711 2711 2711 2764 2764 2764 2764 2764 2764 2712 2712 2712 2778 2778 2778 2765 2765 2765 2731 2731 2731 2744 2744 2744 2768 2768 2768 2671 2671 2671 2672 2672 2672 2720 2720 2720 2719 2719 2719 2772 2772 2772 2779 2779 2779 2719 2719 2719 2756 2756 2756 2780 2780 2780 2727 2727 2727 2773 2773 2773 2774 2774 2774 2721 2721 2721 2746 2746 2746 2760 2760 2760 2722 2722 2722 2775 2775 2775 2741 2741 2741 2733 2733 2733 2781 2781 2781 2778 2778 2778 2712 2712 2712 2765 2765 2765 2782 2782 2782 2744 2744 2744 2745 2745 2745 2672 2672 2672 2630 2630 2630 2783 2783 2783 2783 2783 2783 2630 2630 2630 2769 2769 2769 2784 2784 2784 2725 2725 2725 2772 2772 2772 2772 2772 2772 2719 2719 2719 2779 2779 2779 2758 2758 2758 2727 2727 2727 2780 2780 2780 2751 2751 2751 2739 2739 2739 2785 2785 2785 2739 2739 2739 2774 2774 2774 2785 2785 2785 2774 2774 2774 2746 2746 2746 2786 2786 2786 2746 2746 2746 2759 2759 2759 2787 2787 2787 2775 2775 2775 2747 2747 2747 2788 2788 2788 2788 2788 2788 2747 2747 2747 2770 2770 2770 2740 2740 2740 2741 2741 2741 2789 2789 2789 2733 2733 2733 2762 2762 2762 2781 2781 2781 2762 2762 2762 2748 2748 2748 2790 2790 2790 2748 2748 2748 2753 2753 2753 2790 2790 2790 2791 2791 2791 2753 2753 2753 2777 2777 2777 2734 2734 2734 2735 2735 2735 2792 2792 2792 2792 2792 2792 2735 2735 2735 2793 2793 2793 2793 2793 2793 2735 2735 2735 2763 2763 2763 2793 2793 2793 2763 2763 2763 2794 2794 2794 2794 2794 2794 2763 2763 2763 2771 2771 2771 2765 2765 2765 2744 2744 2744 2795 2795 2795 2795 2795 2795 2744 2744 2744 2782 2782 2782 2745 2745 2745 2707 2707 2707 2796 2796 2796 2707 2707 2707 2766 2766 2766 2797 2797 2797 2796 2796 2796 2707 2707 2707 2797 2797 2797 2768 2768 2768 2672 2672 2672 2798 2798 2798 2798 2798 2798 2672 2672 2672 2783 2783 2783 2755 2755 2755 2725 2725 2725 2784 2784 2784 2759 2759 2759 2760 2760 2760 2799 2799 2799 2799 2799 2799 2760 2760 2760 2775 2775 2775 2800 2800 2800 2752 2752 2752 2738 2738 2738 2801 2801 2801 2779 2779 2779 2756 2756 2756 2786 2786 2786 2746 2746 2746 2787 2787 2787 2799 2799 2799 2775 2775 2775 2802 2802 2802 2802 2802 2802 2775 2775 2775 2788 2788 2788 2800 2800 2800 2738 2738 2738 2776 2776 2776 2776 2776 2776 2740 2740 2740 2789 2789 2789 2790 2790 2790 2753 2753 2753 2791 2791 2791 2764 2764 2764 2778 2778 2778 2803 2803 2803 2782 2782 2782 2745 2745 2745 2804 2804 2804 2767 2767 2767 2709 2709 2709 2749 2749 2749 2755 2755 2755 2784 2784 2784 2805 2805 2805 2785 2785 2785 2774 2774 2774 2786 2786 2786 2787 2787 2787 2759 2759 2759 2799 2799 2799 2789 2789 2789 2741 2741 2741 2781 2781 2781 2804 2804 2804 2745 2745 2745 2796 2796 2796 2797 2797 2797 2766 2766 2766 2767 2767 2767 2806 2806 2806 2732 2732 2732 2754 2754 2754 2801 2801 2801 2756 2756 2756 2757 2757 2757 2801 2801 2801 2757 2757 2757 2807 2807 2807 2807 2807 2807 2757 2757 2757 2758 2758 2758 2808 2808 2808 2758 2758 2758 2780 2780 2780 2773 2773 2773 2751 2751 2751 2809 2809 2809 2809 2809 2809 2751 2751 2751 2810 2810 2810 2810 2810 2810 2751 2751 2751 2785 2785 2785 2770 2770 2770 2737 2737 2737 2811 2811 2811 2811 2811 2811 2737 2737 2737 2761 2761 2761 2811 2811 2811 2761 2761 2761 2752 2752 2752 2812 2812 2812 2776 2776 2776 2789 2789 2789 2777 2777 2777 2734 2734 2734 2792 2792 2792 2794 2794 2794 2771 2771 2771 2743 2743 2743 2794 2794 2794 2743 2743 2743 2813 2813 2813 2743 2743 2743 2764 2764 2764 2803 2803 2803 2814 2814 2814 2765 2765 2765 2815 2815 2815 2815 2815 2815 2765 2765 2765 2795 2795 2795 2750 2750 2750 2768 2768 2768 2816 2816 2816 2816 2816 2816 2768 2768 2768 2798 2798 2798 2817 2817 2817 2779 2779 2779 2801 2801 2801 2773 2773 2773 2809 2809 2809 2818 2818 2818 2791 2791 2791 2777 2777 2777 2819 2819 2819 2819 2819 2819 2777 2777 2777 2792 2792 2792 2820 2820 2820 2793 2793 2793 2821 2821 2821 2821 2821 2821 2793 2793 2793 2794 2794 2794 2803 2803 2803 2778 2778 2778 2814 2814 2814 2778 2778 2778 2765 2765 2765 2814 2814 2814 2815 2815 2815 2795 2795 2795 2782 2782 2782 2797 2797 2797 2767 2767 2767 2822 2822 2822 2780 2780 2780 2773 2773 2773 2818 2818 2818 2823 2823 2823 2799 2799 2799 2802 2802 2802 2824 2824 2824 2788 2788 2788 2770 2770 2770 2824 2824 2824 2770 2770 2770 2825 2825 2825 2825 2825 2825 2770 2770 2770 2811 2811 2811 2811 2811 2811 2752 2752 2752 2826 2826 2826 2826 2826 2826 2752 2752 2752 2827 2827 2827 2752 2752 2752 2800 2800 2800 2827 2827 2827 2792 2792 2792 2793 2793 2793 2820 2820 2820 2813 2813 2813 2743 2743 2743 2803 2803 2803 2815 2815 2815 2782 2782 2782 2828 2828 2828 2822 2822 2822 2767 2767 2767 2749 2749 2749 2806 2806 2806 2754 2754 2754 2829 2829 2829 2754 2754 2754 2755 2755 2755 2805 2805 2805 2829 2829 2829 2754 2754 2754 2805 2805 2805 2772 2772 2772 2779 2779 2779 2817 2817 2817 2830 2830 2830 2809 2809 2809 2810 2810 2810 2787 2787 2787 2799 2799 2799 2831 2831 2831 2831 2831 2831 2799 2799 2799 2823 2823 2823 2823 2823 2823 2802 2802 2802 2824 2824 2824 2802 2802 2802 2788 2788 2788 2824 2824 2824 2800 2800 2800 2776 2776 2776 2832 2832 2832 2832 2832 2832 2776 2776 2776 2812 2812 2812 2781 2781 2781 2762 2762 2762 2833 2833 2833 2834 2834 2834 2792 2792 2792 2820 2820 2820 2794 2794 2794 2813 2813 2813 2835 2835 2835 2805 2805 2805 2784 2784 2784 2836 2836 2836 2836 2836 2836 2784 2784 2784 2772 2772 2772 2818 2818 2818 2809 2809 2809 2830 2830 2830 2810 2810 2810 2785 2785 2785 2837 2837 2837 2837 2837 2837 2785 2785 2785 2786 2786 2786 2838 2838 2838 2824 2824 2824 2825 2825 2825 2827 2827 2827 2800 2800 2800 2832 2832 2832 2832 2832 2832 2812 2812 2812 2839 2839 2839 2812 2812 2812 2789 2789 2789 2840 2840 2840 2839 2839 2839 2812 2812 2812 2840 2840 2840 2789 2789 2789 2781 2781 2781 2841 2841 2841 2840 2840 2840 2789 2789 2789 2841 2841 2841 2841 2841 2841 2781 2781 2781 2833 2833 2833 2833 2833 2833 2762 2762 2762 2842 2842 2842 2842 2842 2842 2762 2762 2762 2790 2790 2790 2842 2842 2842 2790 2790 2790 2791 2791 2791 2819 2819 2819 2792 2792 2792 2834 2834 2834 2821 2821 2821 2794 2794 2794 2835 2835 2835 2843 2843 2843 2813 2813 2813 2803 2803 2803 2844 2844 2844 2803 2803 2803 2814 2814 2814 2782 2782 2782 2804 2804 2804 2845 2845 2845 2796 2796 2796 2797 2797 2797 2846 2846 2846 2846 2846 2846 2797 2797 2797 2822 2822 2822 2816 2816 2816 2798 2798 2798 2847 2847 2847 2847 2847 2847 2798 2798 2798 2783 2783 2783 2836 2836 2836 2772 2772 2772 2817 2817 2817 2817 2817 2817 2801 2801 2801 2807 2807 2807 2807 2807 2807 2758 2758 2758 2848 2848 2848 2808 2808 2808 2780 2780 2780 2849 2849 2849 2849 2849 2849 2780 2780 2780 2818 2818 2818 2842 2842 2842 2791 2791 2791 2819 2819 2819 2843 2843 2843 2803 2803 2803 2844 2844 2844 2850 2850 2850 2815 2815 2815 2828 2828 2828 2845 2845 2845 2804 2804 2804 2796 2796 2796 2851 2851 2851 2805 2805 2805 2836 2836 2836 2852 2852 2852 2817 2817 2817 2807 2807 2807 2848 2848 2848 2758 2758 2758 2808 2808 2808 2830 2830 2830 2810 2810 2810 2853 2853 2853 2853 2853 2853 2810 2810 2810 2837 2837 2837 2837 2837 2837 2786 2786 2786 2854 2854 2854 2854 2854 2854 2786 2786 2786 2787 2787 2787 2854 2854 2854 2787 2787 2787 2831 2831 2831 2855 2855 2855 2831 2831 2831 2856 2856 2856 2831 2831 2831 2823 2823 2823 2856 2856 2856 2856 2856 2856 2823 2823 2823 2824 2824 2824 2856 2856 2856 2824 2824 2824 2857 2857 2857 2857 2857 2857 2824 2824 2824 2838 2838 2838 2858 2858 2858 2811 2811 2811 2826 2826 2826 2844 2844 2844 2814 2814 2814 2859 2859 2859 2859 2859 2859 2814 2814 2814 2815 2815 2815 2828 2828 2828 2782 2782 2782 2845 2845 2845 2858 2858 2858 2825 2825 2825 2811 2811 2811 2826 2826 2826 2827 2827 2827 2860 2860 2860 2836 2836 2836 2817 2817 2817 2861 2861 2861 2856 2856 2856 2857 2857 2857 2862 2862 2862 2858 2858 2858 2826 2826 2826 2860 2860 2860 2860 2860 2860 2827 2827 2827 2863 2863 2863 2863 2863 2863 2827 2827 2827 2832 2832 2832 2864 2864 2864 2833 2833 2833 2842 2842 2842 2865 2865 2865 2835 2835 2835 2813 2813 2813 2866 2866 2866 2796 2796 2796 2846 2846 2846 2822 2822 2822 2749 2749 2749 2867 2867 2867 2868 2868 2868 2750 2750 2750 2816 2816 2816 2868 2868 2868 2816 2816 2816 2869 2869 2869 2869 2869 2869 2816 2816 2816 2847 2847 2847 2855 2855 2855 2856 2856 2856 2870 2870 2870 2856 2856 2856 2862 2862 2862 2870 2870 2870 2838 2838 2838 2825 2825 2825 2871 2871 2871 2871 2871 2871 2825 2825 2825 2858 2858 2858 2863 2863 2863 2832 2832 2832 2872 2872 2872 2873 2873 2873 2834 2834 2834 2820 2820 2820 2821 2821 2821 2835 2835 2835 2865 2865 2865 2865 2865 2865 2813 2813 2813 2843 2843 2843 2845 2845 2845 2796 2796 2796 2866 2866 2866 2874 2874 2874 2822 2822 2822 2867 2867 2867 2875 2875 2875 2848 2848 2848 2808 2808 2808 2876 2876 2876 2853 2853 2853 2837 2837 2837 2877 2877 2877 2837 2837 2837 2854 2854 2854 2857 2857 2857 2838 2838 2838 2871 2871 2871 2871 2871 2871 2858 2858 2858 2878 2878 2878 2878 2878 2878 2858 2858 2858 2879 2879 2879 2879 2879 2879 2858 2858 2858 2880 2880 2880 2880 2880 2880 2858 2858 2858 2860 2860 2860 2860 2860 2860 2863 2863 2863 2872 2872 2872 2881 2881 2881 2832 2832 2832 2839 2839 2839 2882 2882 2882 2842 2842 2842 2819 2819 2819 2883 2883 2883 2820 2820 2820 2821 2821 2821 2843 2843 2843 2844 2844 2844 2884 2884 2884 2884 2884 2884 2844 2844 2844 2859 2859 2859 2859 2859 2859 2815 2815 2815 2850 2850 2850 2861 2861 2861 2817 2817 2817 2852 2852 2852 2852 2852 2852 2807 2807 2807 2848 2848 2848 2830 2830 2830 2853 2853 2853 2876 2876 2876 2855 2855 2855 2854 2854 2854 2831 2831 2831 2880 2880 2880 2860 2860 2860 2872 2872 2872 2864 2864 2864 2842 2842 2842 2882 2882 2882 2885 2885 2885 2819 2819 2819 2873 2873 2873 2873 2873 2873 2819 2819 2819 2834 2834 2834 2846 2846 2846 2822 2822 2822 2874 2874 2874 2806 2806 2806 2829 2829 2829 2886 2886 2886 2887 2887 2887 2806 2806 2806 2886 2886 2886 2886 2886 2886 2829 2829 2829 2805 2805 2805 2851 2851 2851 2836 2836 2836 2888 2888 2888 2888 2888 2888 2836 2836 2836 2861 2861 2861 2875 2875 2875 2808 2808 2808 2889 2889 2889 2889 2889 2889 2808 2808 2808 2849 2849 2849 2849 2849 2849 2818 2818 2818 2890 2890 2890 2890 2890 2890 2818 2818 2818 2830 2830 2830 2876 2876 2876 2837 2837 2837 2877 2877 2877 2872 2872 2872 2832 2832 2832 2881 2881 2881 2881 2881 2881 2839 2839 2839 2891 2891 2891 2891 2891 2891 2839 2839 2839 2892 2892 2892 2839 2839 2839 2840 2840 2840 2892 2892 2892 2892 2892 2892 2840 2840 2840 2841 2841 2841 2841 2841 2841 2833 2833 2833 2864 2864 2864 2850 2850 2850 2828 2828 2828 2893 2893 2893 2893 2893 2893 2828 2828 2828 2845 2845 2845 2894 2894 2894 2846 2846 2846 2874 2874 2874 2847 2847 2847 2783 2783 2783 2895 2895 2895 2895 2895 2895 2783 2783 2783 2769 2769 2769 2895 2895 2895 2769 2769 2769 2896 2896 2896 2886 2886 2886 2805 2805 2805 2897 2897 2897 2897 2897 2897 2805 2805 2805 2851 2851 2851 2897 2897 2897 2851 2851 2851 2888 2888 2888 2890 2890 2890 2830 2830 2830 2898 2898 2898 2877 2877 2877 2854 2854 2854 2899 2899 2899 2899 2899 2899 2854 2854 2854 2870 2870 2870 2870 2870 2870 2854 2854 2854 2855 2855 2855 2862 2862 2862 2857 2857 2857 2900 2900 2900 2882 2882 2882 2819 2819 2819 2885 2885 2885 2870 2870 2870 2862 2862 2862 2901 2901 2901 2901 2901 2901 2862 2862 2862 2902 2902 2902 2902 2902 2902 2862 2862 2862 2900 2900 2900 2857 2857 2857 2871 2871 2871 2900 2900 2900 2903 2903 2903 2871 2871 2871 2878 2878 2878 2903 2903 2903 2878 2878 2878 2904 2904 2904 2879 2879 2879 2880 2880 2880 2905 2905 2905 2905 2905 2905 2880 2880 2880 2872 2872 2872 2906 2906 2906 2885 2885 2885 2873 2873 2873 2873 2873 2873 2820 2820 2820 2883 2883 2883 2883 2883 2883 2821 2821 2821 2865 2865 2865 2843 2843 2843 2884 2884 2884 2907 2907 2907 2908 2908 2908 2859 2859 2859 2850 2850 2850 2869 2869 2869 2847 2847 2847 2895 2895 2895 2898 2898 2898 2830 2830 2830 2876 2876 2876 2899 2899 2899 2870 2870 2870 2909 2909 2909 2910 2910 2910 2841 2841 2841 2864 2864 2864 2866 2866 2866 2846 2846 2846 2894 2894 2894 2897 2897 2897 2888 2888 2888 2911 2911 2911 2912 2912 2912 2897 2897 2897 2911 2911 2911 2852 2852 2852 2848 2848 2848 2913 2913 2913 2914 2914 2914 2890 2890 2890 2898 2898 2898 2898 2898 2898 2876 2876 2876 2915 2915 2915 2900 2900 2900 2871 2871 2871 2903 2903 2903 2878 2878 2878 2879 2879 2879 2904 2904 2904 2904 2904 2904 2879 2879 2879 2905 2905 2905 2905 2905 2905 2872 2872 2872 2916 2916 2916 2916 2916 2916 2872 2872 2872 2917 2917 2917 2917 2917 2917 2872 2872 2872 2881 2881 2881 2892 2892 2892 2841 2841 2841 2910 2910 2910 2910 2910 2910 2864 2864 2864 2918 2918 2918 2919 2919 2919 2873 2873 2873 2883 2883 2883 2920 2920 2920 2865 2865 2865 2843 2843 2843 2886 2886 2886 2897 2897 2897 2921 2921 2921 2921 2921 2921 2897 2897 2897 2912 2912 2912 2913 2913 2913 2848 2848 2848 2875 2875 2875 2849 2849 2849 2890 2890 2890 2914 2914 2914 2915 2915 2915 2876 2876 2876 2922 2922 2922 2922 2922 2922 2876 2876 2876 2877 2877 2877 2909 2909 2909 2870 2870 2870 2901 2901 2901 2923 2923 2923 2881 2881 2881 2891 2891 2891 2882 2882 2882 2885 2885 2885 2906 2906 2906 2883 2883 2883 2865 2865 2865 2924 2924 2924 2884 2884 2884 2859 2859 2859 2908 2908 2908 2907 2907 2907 2884 2884 2884 2908 2908 2908 2893 2893 2893 2845 2845 2845 2866 2866 2866 2925 2925 2925 2895 2895 2895 2896 2896 2896 2887 2887 2887 2886 2886 2886 2921 2921 2921 2861 2861 2861 2852 2852 2852 2926 2926 2926 2913 2913 2913 2875 2875 2875 2889 2889 2889 2889 2889 2889 2849 2849 2849 2927 2927 2927 2927 2927 2927 2849 2849 2849 2914 2914 2914 2922 2922 2922 2877 2877 2877 2928 2928 2928 2928 2928 2928 2877 2877 2877 2929 2929 2929 2877 2877 2877 2899 2899 2899 2929 2929 2929 2904 2904 2904 2905 2905 2905 2930 2930 2930 2918 2918 2918 2864 2864 2864 2882 2882 2882 2924 2924 2924 2865 2865 2865 2920 2920 2920 2888 2888 2888 2861 2861 2861 2911 2911 2911 2926 2926 2926 2852 2852 2852 2931 2931 2931 2931 2931 2931 2852 2852 2852 2913 2913 2913 2913 2913 2913 2889 2889 2889 2927 2927 2927 2923 2923 2923 2891 2891 2891 2892 2892 2892 2906 2906 2906 2873 2873 2873 2932 2932 2932 2932 2932 2932 2873 2873 2873 2919 2919 2919 2920 2920 2920 2843 2843 2843 2933 2933 2933 2933 2933 2933 2843 2843 2843 2907 2907 2907 2908 2908 2908 2850 2850 2850 2934 2934 2934 2934 2934 2934 2850 2850 2850 2893 2893 2893 2893 2893 2893 2866 2866 2866 2935 2935 2935 2935 2935 2935 2866 2866 2866 2894 2894 2894 2869 2869 2869 2895 2895 2895 2925 2925 2925 2909 2909 2909 2901 2901 2901 2936 2936 2936 2936 2936 2936 2901 2901 2901 2902 2902 2902 2903 2903 2903 2904 2904 2904 2937 2937 2937 2919 2919 2919 2883 2883 2883 2924 2924 2924 2938 2938 2938 2924 2924 2924 2920 2920 2920 2939 2939 2939 2907 2907 2907 2908 2908 2908 2940 2940 2940 2869 2869 2869 2925 2925 2925 2931 2931 2931 2913 2913 2913 2941 2941 2941 2937 2937 2937 2904 2904 2904 2930 2930 2930 2930 2930 2930 2905 2905 2905 2916 2916 2916 2917 2917 2917 2881 2881 2881 2923 2923 2923 2923 2923 2923 2892 2892 2892 2942 2942 2942 2932 2932 2932 2919 2919 2919 2943 2943 2943 2944 2944 2944 2893 2893 2893 2935 2935 2935 2945 2945 2945 2874 2874 2874 2867 2867 2867 2912 2912 2912 2911 2911 2911 2946 2946 2946 2911 2911 2911 2861 2861 2861 2926 2926 2926 2947 2947 2947 2913 2913 2913 2927 2927 2927 2927 2927 2927 2914 2914 2914 2948 2948 2948 2916 2916 2916 2917 2917 2917 2949 2949 2949 2917 2917 2917 2923 2923 2923 2950 2950 2950 2910 2910 2910 2918 2918 2918 2951 2951 2951 2919 2919 2919 2924 2924 2924 2943 2943 2943 2894 2894 2894 2874 2874 2874 2945 2945 2945 2868 2868 2868 2869 2869 2869 2940 2940 2940 2952 2952 2952 2887 2887 2887 2953 2953 2953 2929 2929 2929 2899 2899 2899 2954 2954 2954 2954 2954 2954 2899 2899 2899 2909 2909 2909 2955 2955 2955 2902 2902 2902 2900 2900 2900 2955 2955 2955 2900 2900 2900 2903 2903 2903 2942 2942 2942 2892 2892 2892 2910 2910 2910 2951 2951 2951 2918 2918 2918 2882 2882 2882 2956 2956 2956 2906 2906 2906 2932 2932 2932 2943 2943 2943 2924 2924 2924 2938 2938 2938 2938 2938 2938 2920 2920 2920 2933 2933 2933 2939 2939 2939 2908 2908 2908 2957 2957 2957 2957 2957 2957 2908 2908 2908 2934 2934 2934 2934 2934 2934 2893 2893 2893 2944 2944 2944 2946 2946 2946 2911 2911 2911 2926 2926 2926 2958 2958 2958 2926 2926 2926 2931 2931 2931 2941 2941 2941 2913 2913 2913 2947 2947 2947 2954 2954 2954 2909 2909 2909 2936 2936 2936 2936 2936 2936 2902 2902 2902 2959 2959 2959 2930 2930 2930 2916 2916 2916 2960 2960 2960 2960 2960 2960 2916 2916 2916 2949 2949 2949 2950 2950 2950 2923 2923 2923 2942 2942 2942 2961 2961 2961 2935 2935 2935 2894 2894 2894 2961 2961 2961 2894 2894 2894 2945 2945 2945 2912 2912 2912 2946 2946 2946 2962 2962 2962 2958 2958 2958 2931 2931 2931 2941 2941 2941 2963 2963 2963 2898 2898 2898 2915 2915 2915 2942 2942 2942 2910 2910 2910 2964 2964 2964 2882 2882 2882 2906 2906 2906 2956 2956 2956 2965 2965 2965 2932 2932 2932 2943 2943 2943 2966 2966 2966 2943 2943 2943 2938 2938 2938 2967 2967 2967 2939 2939 2939 2957 2957 2957 2957 2957 2957 2934 2934 2934 2968 2968 2968 2945 2945 2945 2867 2867 2867 2969 2969 2969 2970 2970 2970 2868 2868 2868 2940 2940 2940 2971 2971 2971 2925 2925 2925 2896 2896 2896 2953 2953 2953 2887 2887 2887 2921 2921 2921 2955 2955 2955 2903 2903 2903 2972 2972 2972 2972 2972 2972 2903 2903 2903 2937 2937 2937 2973 2973 2973 2937 2937 2937 2930 2930 2930 2964 2964 2964 2910 2910 2910 2951 2951 2951 2951 2951 2951 2882 2882 2882 2956 2956 2956 2961 2961 2961 2945 2945 2945 2974 2974 2974 2974 2974 2974 2945 2945 2945 2969 2969 2969 2914 2914 2914 2898 2898 2898 2963 2963 2963 2963 2963 2963 2915 2915 2915 2975 2975 2975 2975 2975 2975 2915 2915 2915 2976 2976 2976 2915 2915 2915 2922 2922 2922 2976 2976 2976 2922 2922 2922 2928 2928 2928 2976 2976 2976 2928 2928 2928 2929 2929 2929 2977 2977 2977 2929 2929 2929 2954 2954 2954 2977 2977 2977 2978 2978 2978 2972 2972 2972 2937 2937 2937 2978 2978 2978 2937 2937 2937 2973 2973 2973 2973 2973 2973 2930 2930 2930 2960 2960 2960 2917 2917 2917 2950 2950 2950 2979 2979 2979 2980 2980 2980 2942 2942 2942 2964 2964 2964 2956 2956 2956 2932 2932 2932 2965 2965 2965 2933 2933 2933 2907 2907 2907 2967 2967 2967 2967 2967 2967 2907 2907 2907 2939 2939 2939 2944 2944 2944 2935 2935 2935 2961 2961 2961 2971 2971 2971 2896 2896 2896 2981 2981 2981 2921 2921 2921 2912 2912 2912 2962 2962 2962 2946 2946 2946 2926 2926 2926 2982 2982 2982 2982 2982 2982 2926 2926 2926 2958 2958 2958 2958 2958 2958 2941 2941 2941 2983 2983 2983 2948 2948 2948 2914 2914 2914 2963 2963 2963 2976 2976 2976 2928 2928 2928 2977 2977 2977 2977 2977 2977 2954 2954 2954 2984 2984 2984 2984 2984 2984 2954 2954 2954 2936 2936 2936 2985 2985 2985 2936 2936 2936 2959 2959 2959 2959 2959 2959 2902 2902 2902 2955 2955 2955 2949 2949 2949 2917 2917 2917 2979 2979 2979 2951 2951 2951 2956 2956 2956 2986 2986 2986 2987 2987 2987 2965 2965 2965 2943 2943 2943 2987 2987 2987 2943 2943 2943 2988 2988 2988 2938 2938 2938 2933 2933 2933 2989 2989 2989 2989 2989 2989 2933 2933 2933 2967 2967 2967 2967 2967 2967 2957 2957 2957 2990 2990 2990 2991 2991 2991 2957 2957 2957 2968 2968 2968 2968 2968 2968 2934 2934 2934 2944 2944 2944 2982 2982 2982 2958 2958 2958 2992 2992 2992 2958 2958 2958 2983 2983 2983 2992 2992 2992 2983 2983 2983 2941 2941 2941 2947 2947 2947 2983 2983 2983 2947 2947 2947 2993 2993 2993 2993 2993 2993 2947 2947 2947 2927 2927 2927 2994 2994 2994 2927 2927 2927 2948 2948 2948 2995 2995 2995 2976 2976 2976 2977 2977 2977 2984 2984 2984 2936 2936 2936 2985 2985 2985 2979 2979 2979 2950 2950 2950 2942 2942 2942 2988 2988 2988 2943 2943 2943 2966 2966 2966 2966 2966 2966 2938 2938 2938 2996 2996 2996 2990 2990 2990 2957 2957 2957 2991 2991 2991 2940 2940 2940 2925 2925 2925 2997 2997 2997 2997 2997 2997 2925 2925 2925 2971 2971 2971 2953 2953 2953 2921 2921 2921 2998 2998 2998 2998 2998 2998 2921 2921 2921 2962 2962 2962 2962 2962 2962 2946 2946 2946 2982 2982 2982 2987 2987 2987 2956 2956 2956 2965 2965 2965 2968 2968 2968 2944 2944 2944 2999 2999 2999 2999 2999 2999 2944 2944 2944 2961 2961 2961 2952 2952 2952 2953 2953 2953 2998 2998 2998 2983 2983 2983 2993 2993 2993 3000 3000 3000 2993 2993 2993 2927 2927 2927 3001 3001 3001 3001 3001 3001 2927 2927 2927 2994 2994 2994 2975 2975 2975 2976 2976 2976 2995 2995 2995 2988 2988 2988 2966 2966 2966 2996 2996 2996 2996 2996 2996 2938 2938 2938 2989 2989 2989 2999 2999 2999 2961 2961 2961 2974 2974 2974 2992 2992 2992 2983 2983 2983 3002 3002 3002 3003 3003 3003 2983 2983 2983 3000 3000 3000 3004 3004 3004 3000 3000 3000 2993 2993 2993 2994 2994 2994 2948 2948 2948 2963 2963 2963 2994 2994 2994 2963 2963 2963 3005 3005 3005 2963 2963 2963 2975 2975 2975 3005 3005 3005 3005 3005 3005 2975 2975 2975 2995 2995 2995 2995 2995 2995 2977 2977 2977 3006 3006 3006 3006 3006 3006 2977 2977 2977 3007 3007 3007 3007 3007 3007 2977 2977 2977 2984 2984 2984 3007 3007 3007 2984 2984 2984 2985 2985 2985 3008 3008 3008 2985 2985 2985 2959 2959 2959 3008 3008 3008 2959 2959 2959 3009 3009 3009 2959 2959 2959 2955 2955 2955 3009 3009 3009 3009 3009 3009 2955 2955 2955 2972 2972 2972 2972 2972 2972 2978 2978 2978 3010 3010 3010 3010 3010 3010 2978 2978 2978 2973 2973 2973 3010 3010 3010 2973 2973 2973 3011 3011 3011 3011 3011 3011 2973 2973 2973 2960 2960 2960 3011 3011 3011 2960 2960 2960 3012 3012 3012 2960 2960 2960 2949 2949 2949 3012 3012 3012 3012 3012 3012 2949 2949 2949 2979 2979 2979 2979 2979 2979 2942 2942 2942 3012 3012 3012 3012 3012 3012 2942 2942 2942 2980 2980 2980 3012 3012 3012 2980 2980 2980 3013 3013 3013 3013 3013 3013 2980 2980 2980 2964 2964 2964 3013 3013 3013 2964 2964 2964 2951 2951 2951 3013 3013 3013 2951 2951 2951 3014 3014 3014 2951 2951 2951 2986 2986 2986 3014 3014 3014 3014 3014 3014 2986 2986 2986 3015 3015 3015 3015 3015 3015 2986 2986 2986 2956 2956 2956 2956 2956 2956 2987 2987 2987 3015 3015 3015 3015 3015 3015 2987 2987 2987 2988 2988 2988 2996 2996 2996 2989 2989 2989 3016 3016 3016 3016 3016 3016 2989 2989 2989 3017 3017 3017 2989 2989 2989 2967 2967 2967 3017 3017 3017 3017 3017 3017 2967 2967 2967 2990 2990 2990 2991 2991 2991 2968 2968 2968 3018 3018 3018 2968 2968 2968 2999 2999 2999 3018 3018 3018 2970 2970 2970 2940 2940 2940 3019 3019 3019 3019 3019 3019 2940 2940 2940 2997 2997 2997 2998 2998 2998 2962 2962 2962 3020 3020 3020 2962 2962 2962 2982 2982 2982 3020 3020 3020 2982 2982 2982 2992 2992 2992 3021 3021 3021 3002 3002 3002 2983 2983 2983 3003 3003 3003 3003 3003 3003 3000 3000 3000 3022 3022 3022 3022 3022 3022 3000 3000 3000 3004 3004 3004 3004 3004 3004 2993 2993 2993 3023 3023 3023 2993 2993 2993 3001 3001 3001 2994 2994 2994 3023 3023 3023 2993 2993 2993 2994 2994 2994 3005 3005 3005 2995 2995 2995 3006 3006 3006 3007 3007 3007 2985 2985 2985 3024 3024 3024 3024 3024 3024 2985 2985 2985 3008 3008 3008 3025 3025 3025 3008 3008 3008 3009 3009 3009 3009 3009 3009 2972 2972 2972 3026 3026 3026 3025 3025 3025 3009 3009 3009 3026 3026 3026 3026 3026 3026 2972 2972 2972 3010 3010 3010 3012 3012 3012 3013 3013 3013 3027 3027 3027 3027 3027 3027 3013 3013 3013 3028 3028 3028 3028 3028 3028 3013 3013 3013 3014 3014 3014 3015 3015 3015 2988 2988 2988 3029 3029 3029 3029 3029 3029 2988 2988 2988 2996 2996 2996 3029 3029 3029 2996 2996 2996 3016 3016 3016 3016 3016 3016 3017 3017 3017 3030 3030 3030 3030 3030 3030 3017 3017 3017 2990 2990 2990 3030 3030 3030 2990 2990 2990 3031 3031 3031 3031 3031 3031 2990 2990 2990 2991 2991 2991 3031 3031 3031 2991 2991 2991 3032 3032 3032 3032 3032 3032 2991 2991 2991 3018 3018 3018 3033 3033 3033 2999 2999 2999 2974 2974 2974 3021 3021 3021 2992 2992 2992 3002 3002 3002 3034 3034 3034 3004 3004 3004 3023 3023 3023 3023 3023 3023 2994 2994 2994 3035 3035 3035 3035 3035 3035 2994 2994 2994 3036 3036 3036 3036 3036 3036 2994 2994 2994 3005 3005 3005 3005 3005 3005 3006 3006 3006 3037 3037 3037 3037 3037 3037 3006 3006 3006 3038 3038 3038 3038 3038 3038 3006 3006 3006 3039 3039 3039 3039 3039 3039 3006 3006 3006 3007 3007 3007 3007 3007 3007 3024 3024 3024 3039 3039 3039 3024 3024 3024 3008 3008 3008 3040 3040 3040 3040 3040 3040 3008 3008 3008 3025 3025 3025 3026 3026 3026 3010 3010 3010 3041 3041 3041 3010 3010 3010 3011 3011 3011 3042 3042 3042 3041 3041 3041 3010 3010 3010 3042 3042 3042 3011 3011 3011 3012 3012 3012 3042 3042 3042 3042 3042 3042 3012 3012 3012 3027 3027 3027 3028 3028 3028 3014 3014 3014 3043 3043 3043 3043 3043 3043 3014 3014 3014 3015 3015 3015 3043 3043 3043 3015 3015 3015 3044 3044 3044 3044 3044 3044 3015 3015 3015 3045 3045 3045 3045 3045 3045 3015 3015 3015 3029 3029 3029 3029 3029 3029 3016 3016 3016 3046 3046 3046 3016 3016 3016 3030 3030 3030 3046 3046 3046 1559 1559 1559 3003 3003 3003 3022 3022 3022 3047 3047 3047 3022 3022 3022 3004 3004 3004 3047 3047 3047 3004 3004 3004 3034 3034 3034 3048 3048 3048 2952 2952 2952 3049 3049 3049 3049 3049 3049 2952 2952 2952 2998 2998 2998 3020 3020 3020 2982 2982 2982 3050 3050 3050 2982 2982 2982 3021 3021 3021 3050 3050 3050 3002 3002 3002 3003 3003 3003 1559 1559 1559 1556 1556 1556 1559 1559 1559 3022 3022 3022 1556 1556 1556 3022 3022 3022 3051 3051 3051 3034 3034 3034 3023 3023 3023 3052 3052 3052 3053 3053 3053 3036 3036 3036 3005 3005 3005 3037 3037 3037 3038 3038 3038 3054 3054 3054 3038 3038 3038 3039 3039 3039 3055 3055 3055 3039 3039 3039 3024 3024 3024 3055 3055 3055 3055 3055 3055 3024 3024 3024 3056 3056 3056 3056 3056 3056 3024 3024 3024 3040 3040 3040 3040 3040 3040 3025 3025 3025 3057 3057 3057 3057 3057 3057 3025 3025 3025 3026 3026 3026 3057 3057 3057 3026 3026 3026 3058 3058 3058 3059 3059 3059 3042 3042 3042 3060 3060 3060 3042 3042 3042 3027 3027 3027 3061 3061 3061 3060 3060 3060 3042 3042 3042 3061 3061 3061 3061 3061 3061 3027 3027 3027 3028 3028 3028 3061 3061 3061 3028 3028 3028 3062 3062 3062 3062 3062 3062 3028 3028 3028 3063 3063 3063 3063 3063 3063 3028 3028 3028 3043 3043 3043 3064 3064 3064 3044 3044 3044 3045 3045 3045 3029 3029 3029 3046 3046 3046 3065 3065 3065 3046 3046 3046 3030 3030 3030 3066 3066 3066 3066 3066 3066 3030 3030 3030 3067 3067 3067 3030 3030 3030 3031 3031 3031 3067 3067 3067 3067 3067 3067 3031 3031 3031 3032 3032 3032 3032 3032 3032 3018 3018 3018 3068 3068 3068 3068 3068 3068 3018 3018 3018 3033 3033 3033 3018 3018 3018 2999 2999 2999 3033 3033 3033 3069 3069 3069 2974 2974 2974 2969 2969 2969 3051 3051 3051 3022 3022 3022 3047 3047 3047 3051 3051 3051 3047 3047 3047 3070 3070 3070 3070 3070 3070 3047 3047 3047 3034 3034 3034 2997 2997 2997 2971 2971 2971 3071 3071 3071 3071 3071 3071 2971 2971 2971 2981 2981 2981 3072 3072 3072 3073 3073 3073 3074 3074 3074 3075 3075 3075 3072 3072 3072 3074 3074 3074 3073 3073 3073 3076 3076 3076 3074 3074 3074 3074 3074 3074 3076 3076 3076 1621 1621 1621 1621 1621 1621 3076 3076 3076 3077 3077 3077 1621 1621 1621 3077 3077 3077 1622 1622 1622 1537 1537 1537 1547 1547 1547 3078 3078 3078 3079 3079 3079 1537 1537 1537 3078 3078 3078 3078 3078 3078 1547 1547 1547 1627 1627 1627 1627 1627 1627 1547 1547 1547 1549 1549 1549 1543 1543 1543 1539 1539 1539 1551 1551 1551 1543 1543 1543 1551 1551 1551 1555 1555 1555 3049 3049 3049 2998 2998 2998 3020 3020 3020 3080 3080 3080 3020 3020 3020 3050 3050 3050 3050 3050 3050 3021 3021 3021 3081 3081 3081 1778 1778 1778 3002 3002 3002 1559 1559 1559 1557 1557 1557 1556 1556 1556 3051 3051 3051 1557 1557 1557 3051 3051 3051 1671 1671 1671 3082 3082 3082 3052 3052 3052 3023 3023 3023 3082 3082 3082 3023 3023 3023 3083 3083 3083 3023 3023 3023 3035 3035 3035 3084 3084 3084 3083 3083 3083 3023 3023 3023 3084 3084 3084 3084 3084 3084 3035 3035 3035 3085 3085 3085 3085 3085 3085 3035 3035 3035 3036 3036 3036 3085 3085 3085 3036 3036 3036 3086 3086 3086 3086 3086 3086 3036 3036 3036 3053 3053 3053 3053 3053 3053 3005 3005 3005 3037 3037 3037 3058 3058 3058 3026 3026 3026 3041 3041 3041 3063 3063 3063 3043 3043 3043 3087 3087 3087 3043 3043 3043 3044 3044 3044 3064 3064 3064 3087 3087 3087 3043 3043 3043 3064 3064 3064 3088 3088 3088 3064 3064 3064 3045 3045 3045 3045 3045 3045 3029 3029 3029 3088 3088 3088 3029 3029 3029 3065 3065 3065 3088 3088 3088 3065 3065 3065 3046 3046 3046 3066 3066 3066 3033 3033 3033 2974 2974 2974 3069 3069 3069 1778 1778 1778 1559 1559 1559 1558 1558 1558 1671 1671 1671 3051 3051 3051 1668 1668 1668 3051 3051 3051 3070 3070 3070 1669 1669 1669 1668 1668 1668 3051 3051 3051 1669 1669 1669 1669 1669 1669 3070 3070 3070 3089 3089 3089 3070 3070 3070 3034 3034 3034 3052 3052 3052 3070 3070 3070 3052 3052 3052 3082 3082 3082 3089 3089 3089 3070 3070 3070 3082 3082 3082 3071 3071 3071 2981 2981 2981 3090 3090 3090 1563 1563 1563 1491 1491 1491 1592 1592 1592 1593 1593 1593 1596 1596 1596 1712 1712 1712 1600 1600 1600 1593 1593 1593 1712 1712 1712 1596 1596 1596 1604 1604 1604 1714 1714 1714 1712 1712 1712 1596 1596 1596 1714 1714 1714 1714 1714 1714 1604 1604 1604 1802 1802 1802 1802 1802 1802 1604 1604 1604 1611 1611 1611 1802 1802 1802 1611 1611 1611 3091 3091 3091 3091 3091 3091 1611 1611 1611 1615 1615 1615 3091 3091 3091 1615 1615 1615 3092 3092 3092 3092 3092 3092 1615 1615 1615 1726 1726 1726 1615 1615 1615 1614 1614 1614 1723 1723 1723 1726 1726 1726 1615 1615 1615 1723 1723 1723 3093 3093 3093 3075 3075 3075 3074 3074 3074 3093 3093 3093 3074 3074 3074 3094 3094 3094 3094 3094 3094 3074 3074 3074 3095 3095 3095 3095 3095 3095 3074 3074 3074 1621 1621 1621 3095 3095 3095 1621 1621 1621 3096 3096 3096 1621 1621 1621 1624 1624 1624 3096 3096 3096 1624 1624 1624 1626 1626 1626 1743 1743 1743 3096 3096 3096 1624 1624 1624 1743 1743 1743 1631 1631 1631 1533 1533 1533 1620 1620 1620 1629 1629 1629 1628 1628 1628 1634 1634 1634 3097 3097 3097 3098 3098 3098 1748 1748 1748 3098 3098 3098 3099 3099 3099 1745 1745 1745 1748 1748 1748 3098 3098 3098 1745 1745 1745 1745 1745 1745 3099 3099 3099 3100 3100 3100 1745 1745 1745 3100 3100 3100 1749 1749 1749 1638 1638 1638 1555 1555 1555 1649 1649 1649 1638 1638 1638 1649 1649 1649 1755 1755 1755 1758 1758 1758 1644 1644 1644 1652 1652 1652 1758 1758 1758 1652 1652 1652 1653 1653 1653 1660 1660 1660 1657 1657 1657 1656 1656 1656 1663 1663 1663 1660 1660 1660 1656 1656 1656 1755 1755 1755 1649 1649 1649 1658 1658 1658 3101 3101 3101 3048 3048 3048 3049 3049 3049 3049 3049 3049 3020 3020 3020 3080 3080 3080 3080 3080 3080 3050 3050 3050 3081 3081 3081 3081 3081 3081 3021 3021 3021 3102 3102 3102 3021 3021 3021 3002 3002 3002 3102 3102 3102 3102 3102 3102 3002 3002 3002 1778 1778 1778 1659 1659 1659 1655 1655 1655 1666 1666 1666 3103 3103 3103 3082 3082 3082 3104 3104 3104 1772 1772 1772 1780 1780 1780 1773 1773 1773 3082 3082 3082 3083 3083 3083 3105 3105 3105 3104 3104 3104 3082 3082 3082 3105 3105 3105 3105 3105 3105 3083 3083 3083 3106 3106 3106 3083 3083 3083 3084 3084 3084 3107 3107 3107 3106 3106 3106 3083 3083 3083 3107 3107 3107 3107 3107 3107 3084 3084 3084 3108 3108 3108 3108 3108 3108 3084 3084 3084 3085 3085 3085 3053 3053 3053 3037 3037 3037 3054 3054 3054 3038 3038 3038 3055 3055 3055 3109 3109 3109 3056 3056 3056 3040 3040 3040 3057 3057 3057 3059 3059 3059 3041 3041 3041 3042 3042 3042 3060 3060 3060 3061 3061 3061 3110 3110 3110 3061 3061 3061 3062 3062 3062 3110 3110 3110 3110 3110 3110 3062 3062 3062 3063 3063 3063 3087 3087 3087 3064 3064 3064 3111 3111 3111 3111 3111 3111 3064 3064 3064 3088 3088 3088 3111 3111 3111 3088 3088 3088 3112 3112 3112 3112 3112 3112 3088 3088 3088 3113 3113 3113 3113 3113 3113 3088 3088 3088 3065 3065 3065 3113 3113 3113 3065 3065 3065 3114 3114 3114 3114 3114 3114 3065 3065 3065 3066 3066 3066 3114 3114 3114 3066 3066 3066 3115 3115 3115 3066 3066 3066 3067 3067 3067 3115 3115 3115 3067 3067 3067 3032 3032 3032 3116 3116 3116 3116 3116 3116 3032 3032 3032 3068 3068 3068 3117 3117 3117 3068 3068 3068 3033 3033 3033 3117 3117 3117 3033 3033 3033 3069 3069 3069 3117 3117 3117 3069 3069 3069 3118 3118 3118 3069 3069 3069 2969 2969 2969 3119 3119 3119 3118 3118 3118 3069 3069 3069 3119 3119 3119 1670 1670 1670 1669 1669 1669 3120 3120 3120 1659 1659 1659 1666 1666 1666 1779 1779 1779 1669 1669 1669 3089 3089 3089 3120 3120 3120 3089 3089 3089 3082 3082 3082 3103 3103 3103 3120 3120 3120 3089 3089 3089 3103 3103 3103 3121 3121 3121 2970 2970 2970 3019 3019 3019 3121 3121 3121 3019 3019 3019 3122 3122 3122 3019 3019 3019 2997 2997 2997 3071 3071 3071 1585 1585 1585 3123 3123 3123 1586 1586 1586 3124 3124 3124 1713 1713 1713 1715 1715 1715 3124 3124 3124 1715 1715 1715 1804 1804 1804 1715 1715 1715 1714 1714 1714 1801 1801 1801 1804 1804 1804 1715 1715 1715 1801 1801 1801 1801 1801 1801 1714 1714 1714 1802 1802 1802 1802 1802 1802 3091 3091 3091 1805 1805 1805 3091 3091 3091 3092 3092 3092 1807 1807 1807 1805 1805 1805 3091 3091 3091 1807 1807 1807 1807 1807 1807 3092 3092 3092 1726 1726 1726 1807 1807 1807 1726 1726 1726 1809 1809 1809 1809 1809 1809 1726 1726 1726 1725 1725 1725 1809 1809 1809 1725 1725 1725 1811 1811 1811 3125 3125 3125 1729 1729 1729 1728 1728 1728 3126 3126 3126 3125 3125 3125 1728 1728 1728 1730 1730 1730 1618 1618 1618 1737 1737 1737 1730 1730 1730 1737 1737 1737 1738 1738 1738 3127 3127 3127 3093 3093 3093 3128 3128 3128 3093 3093 3093 3094 3094 3094 3129 3129 3129 3128 3128 3128 3093 3093 3093 3129 3129 3129 3094 3094 3094 3095 3095 3095 3130 3130 3130 3129 3129 3129 3094 3094 3094 3130 3130 3130 3095 3095 3095 3096 3096 3096 3131 3131 3131 3130 3130 3130 3095 3095 3095 3131 3131 3131 3131 3131 3131 3096 3096 3096 1743 1743 1743 3131 3131 3131 1743 1743 1743 3132 3132 3132 3132 3132 3132 1743 1743 1743 1742 1742 1742 3133 3133 3133 1748 1748 1748 3134 3134 3134 3132 3132 3132 1742 1742 1742 3135 3135 3135 3134 3134 3134 1748 1748 1748 1747 1747 1747 3134 3134 3134 1747 1747 1747 3136 3136 3136 3136 3136 3136 1747 1747 1747 1746 1746 1746 1751 1751 1751 1636 1636 1636 1744 1744 1744 1753 1753 1753 1751 1751 1751 1744 1744 1744 1746 1746 1746 1750 1750 1750 3137 3137 3137 3136 3136 3136 1746 1746 1746 3137 3137 3137 3137 3137 3137 1750 1750 1750 1760 1760 1760 3137 3137 3137 1760 1760 1760 1762 1762 1762 1763 1763 1763 1653 1653 1653 1769 1769 1769 1763 1763 1763 1769 1769 1769 3138 3138 3138 3102 3102 3102 1778 1778 1778 3139 3139 3139 3139 3139 3139 1778 1778 1778 3140 3140 3140 1778 1778 1778 1667 1667 1667 3141 3141 3141 3140 3140 3140 1778 1778 1778 3141 3141 3141 3138 3138 3138 1769 1769 1769 1776 1776 1776 1830 1830 1830 3142 3142 3142 3143 3143 3143 3107 3107 3107 3108 3108 3108 3144 3144 3144 3145 3145 3145 3107 3107 3107 3144 3144 3144 3108 3108 3108 3085 3085 3085 3144 3144 3144 3144 3144 3144 3085 3085 3085 3146 3146 3146 3146 3146 3146 3085 3085 3085 3086 3086 3086 3146 3146 3146 3086 3086 3086 3147 3147 3147 3086 3086 3086 3053 3053 3053 3147 3147 3147 3147 3147 3147 3053 3053 3053 3054 3054 3054 3147 3147 3147 3054 3054 3054 3148 3148 3148 3054 3054 3054 3038 3038 3038 3148 3148 3148 3148 3148 3148 3038 3038 3038 3109 3109 3109 3109 3109 3109 3055 3055 3055 3149 3149 3149 3149 3149 3149 3055 3055 3055 3150 3150 3150 3055 3055 3055 3056 3056 3056 3150 3150 3150 3150 3150 3150 3056 3056 3056 3057 3057 3057 3150 3150 3150 3057 3057 3057 3151 3151 3151 3151 3151 3151 3057 3057 3057 3152 3152 3152 3152 3152 3152 3057 3057 3057 3058 3058 3058 3058 3058 3058 3041 3041 3041 3153 3153 3153 3152 3152 3152 3058 3058 3058 3153 3153 3153 3153 3153 3153 3041 3041 3041 3059 3059 3059 3153 3153 3153 3059 3059 3059 3154 3154 3154 3154 3154 3154 3059 3059 3059 3060 3060 3060 3154 3154 3154 3060 3060 3060 3110 3110 3110 3110 3110 3110 3063 3063 3063 3155 3155 3155 3155 3155 3155 3063 3063 3063 3087 3087 3087 3155 3155 3155 3087 3087 3087 3156 3156 3156 3156 3156 3156 3087 3087 3087 3111 3111 3111 3111 3111 3111 3112 3112 3112 3157 3157 3157 3112 3112 3112 3113 3113 3113 3157 3157 3157 3157 3157 3157 3113 3113 3113 3158 3158 3158 3158 3158 3158 3113 3113 3113 3159 3159 3159 3159 3159 3159 3113 3113 3113 3114 3114 3114 3159 3159 3159 3114 3114 3114 3115 3115 3115 3068 3068 3068 3117 3117 3117 3160 3160 3160 3160 3160 3160 3117 3117 3117 3118 3118 3118 3122 3122 3122 3019 3019 3019 3071 3071 3071 3122 3122 3122 3071 3071 3071 3161 3161 3161 3071 3071 3071 3090 3090 3090 3161 3161 3161 3162 3162 3162 3126 3126 3126 3163 3163 3163 3164 3164 3164 3162 3162 3162 3163 3163 3163 3163 3163 3163 3126 3126 3126 1728 1728 1728 3163 3163 3163 1728 1728 1728 1884 1884 1884 1884 1884 1884 1728 1728 1728 1821 1821 1821 1884 1884 1884 1821 1821 1821 3165 3165 3165 3166 3166 3166 3127 3127 3127 3128 3128 3128 3166 3166 3166 3128 3128 3128 3129 3129 3129 3166 3166 3166 3129 3129 3129 3167 3167 3167 3167 3167 3167 3129 3129 3129 3130 3130 3130 3167 3167 3167 3130 3130 3130 3168 3168 3168 3168 3168 3168 3130 3130 3130 3131 3131 3131 3168 3168 3168 3131 3131 3131 3169 3169 3169 3131 3131 3131 3132 3132 3132 3169 3169 3169 3169 3169 3169 3132 3132 3132 3170 3170 3170 3170 3170 3170 3132 3132 3132 3135 3135 3135 3171 3171 3171 3172 3172 3172 3173 3173 3173 3134 3134 3134 3136 3136 3136 3174 3174 3174 3173 3173 3173 3172 3172 3172 3175 3175 3175 1753 1753 1753 1744 1744 1744 1825 1825 1825 3136 3136 3136 3137 3137 3137 3176 3176 3176 3174 3174 3174 3136 3136 3136 3176 3176 3176 3137 3137 3137 1762 1762 1762 3177 3177 3177 3176 3176 3176 3137 3137 3137 3177 3177 3177 1762 1762 1762 1829 1829 1829 3178 3178 3178 3177 3177 3177 1762 1762 1762 3178 3178 3178 3101 3101 3101 3049 3049 3049 3179 3179 3179 3049 3049 3049 3080 3080 3080 3179 3179 3179 3179 3179 3179 3080 3080 3080 3180 3180 3180 3080 3080 3080 3081 3081 3081 3180 3180 3180 3180 3180 3180 3081 3081 3081 3181 3181 3181 3081 3081 3081 3102 3102 3102 3181 3181 3181 3181 3181 3181 3102 3102 3102 3139 3139 3139 3140 3140 3140 3141 3141 3141 3182 3182 3182 1830 1830 1830 3143 3143 3143 3183 3183 3183 1831 1831 1831 1830 1830 1830 3183 3183 3183 3158 3158 3158 3159 3159 3159 3184 3184 3184 1835 1835 1835 1837 1837 1837 3185 3185 3185 1837 1837 1837 3186 3186 3186 3185 3185 3185 3185 3185 3185 3186 3186 3186 3187 3187 3187 3186 3186 3186 3188 3188 3188 3187 3187 3187 3187 3187 3187 3188 3188 3188 3189 3189 3189 3189 3189 3189 3188 3188 3188 3190 3190 3190 3189 3189 3189 3190 3190 3190 3191 3191 3191 3191 3191 3191 3190 3190 3190 3192 3192 3192 3190 3190 3190 3193 3193 3193 3192 3192 3192 3192 3192 3192 3193 3193 3193 3194 3194 3194 3194 3194 3194 3193 3193 3193 3195 3195 3195 3193 3193 3193 3196 3196 3196 3195 3195 3195 3196 3196 3196 3197 3197 3197 3195 3195 3195 3195 3195 3195 3197 3197 3197 3198 3198 3198 3198 3198 3198 3197 3197 3197 3199 3199 3199 3198 3198 3198 3199 3199 3199 3200 3200 3200 3200 3200 3200 3199 3199 3199 3201 3201 3201 3200 3200 3200 3201 3201 3201 3202 3202 3202 3202 3202 3202 3201 3201 3201 3203 3203 3203 3202 3202 3202 3203 3203 3203 3204 3204 3204 3204 3204 3204 3203 3203 3203 3205 3205 3205 3203 3203 3203 3206 3206 3206 3205 3205 3205 3205 3205 3205 3206 3206 3206 3207 3207 3207 3206 3206 3206 3208 3208 3208 3207 3207 3207 3208 3208 3208 3209 3209 3209 3207 3207 3207 3207 3207 3207 3209 3209 3209 3210 3210 3210 3209 3209 3209 3211 3211 3211 3210 3210 3210 3210 3210 3210 3211 3211 3211 1844 1844 1844 1844 1844 1844 3211 3211 3211 3212 3212 3212 3211 3211 3211 3213 3213 3213 3214 3214 3214 3212 3212 3212 3211 3211 3211 3214 3214 3214 3214 3214 3214 3213 3213 3213 3215 3215 3215 3214 3214 3214 3215 3215 3215 3216 3216 3216 3215 3215 3215 3217 3217 3217 3216 3216 3216 3216 3216 3216 3217 3217 3217 3218 3218 3218 3217 3217 3217 3219 3219 3219 3218 3218 3218 3159 3159 3159 3115 3115 3115 3184 3184 3184 3184 3184 3184 3115 3115 3115 3220 3220 3220 3220 3220 3220 3115 3115 3115 3221 3221 3221 3115 3115 3115 3067 3067 3067 3221 3221 3221 3221 3221 3221 3067 3067 3067 3116 3116 3116 3222 3222 3222 1835 1835 1835 3223 3223 3223 1839 1839 1839 3222 3222 3222 3223 3223 3223 3223 3223 3223 1835 1835 1835 3185 3185 3185 1840 1840 1840 1839 1839 1839 3223 3223 3223 1840 1840 1840 3223 3223 3223 3224 3224 3224 3192 3192 3192 3194 3194 3194 1853 1853 1853 1853 1853 1853 3194 3194 3194 1854 1854 1854 3194 3194 3194 3195 3195 3195 1854 1854 1854 1854 1854 1854 3195 3195 3195 1856 1856 1856 1856 1856 1856 3195 3195 3195 3198 3198 3198 1856 1856 1856 3198 3198 3198 3225 3225 3225 3225 3225 3225 3198 3198 3198 3226 3226 3226 3226 3226 3226 3198 3198 3198 3200 3200 3200 3226 3226 3226 3200 3200 3200 3227 3227 3227 3227 3227 3227 3200 3200 3200 3228 3228 3228 3200 3200 3200 3202 3202 3202 3228 3228 3228 3202 3202 3202 3204 3204 3204 3228 3228 3228 3204 3204 3204 3205 3205 3205 3229 3229 3229 3205 3205 3205 3207 3207 3207 3229 3229 3229 3229 3229 3229 3207 3207 3207 3230 3230 3230 3230 3230 3230 3207 3207 3207 1846 1846 1846 3207 3207 3207 3210 3210 3210 1846 1846 1846 1846 1846 1846 3210 3210 3210 1844 1844 1844 3228 3228 3228 3204 3204 3204 3229 3229 3229 3121 3121 3121 3122 3122 3122 3161 3161 3161 3121 3121 3121 3161 3161 3161 3231 3231 3231 1841 1841 1841 1843 1843 1843 1847 1847 1847 1848 1848 1848 1838 1838 1838 3232 3232 3232 3232 3232 3232 1838 1838 1838 1840 1840 1840 3232 3232 3232 1840 1840 1840 3233 3233 3233 3233 3233 3233 1840 1840 1840 3224 3224 3224 3233 3233 3233 3224 3224 3224 3234 3234 3234 3225 3225 3225 3226 3226 3226 3235 3235 3235 3235 3235 3235 3226 3226 3226 3227 3227 3227 3235 3235 3235 3227 3227 3227 3236 3236 3236 3227 3227 3227 3228 3228 3228 3236 3236 3236 3236 3236 3236 3228 3228 3228 3237 3237 3237 3237 3237 3237 3228 3228 3228 3238 3238 3238 3228 3228 3228 3229 3229 3229 3238 3238 3238 3238 3238 3238 3229 3229 3229 3239 3239 3239 3239 3239 3239 3229 3229 3229 3230 3230 3230 3239 3239 3239 3230 3230 3230 3240 3240 3240 3230 3230 3230 1846 1846 1846 3240 3240 3240 3240 3240 3240 1846 1846 1846 1858 1858 1858 1864 1864 1864 1789 1789 1789 1788 1788 1788 1841 1841 1841 1847 1847 1847 3241 3241 3241 1867 1867 1867 1841 1841 1841 3241 3241 3241 1867 1867 1867 3241 3241 3241 1868 1868 1868 1868 1868 1868 3241 3241 3241 3242 3242 3242 3241 3241 3241 1847 1847 1847 1848 1848 1848 3242 3242 3242 3241 3241 3241 3243 3243 3243 1848 1848 1848 3232 3232 3232 3244 3244 3244 3241 3241 3241 1848 1848 1848 3244 3244 3244 3243 3243 3243 3241 3241 3241 3244 3244 3244 3232 3232 3232 3233 3233 3233 3245 3245 3245 3244 3244 3244 3232 3232 3232 3245 3245 3245 3244 3244 3244 3245 3245 3245 3243 3243 3243 3233 3233 3233 3234 3234 3234 3246 3246 3246 3245 3245 3245 3233 3233 3233 3246 3246 3246 1793 1793 1793 1850 1850 1850 1849 1849 1849 1793 1793 1793 1849 1849 1849 1563 1563 1563 1563 1563 1563 1849 1849 1849 1676 1676 1676 1849 1849 1849 1852 1852 1852 1676 1676 1676 1676 1676 1676 1852 1852 1852 1564 1564 1564 1564 1564 1564 1852 1852 1852 3247 3247 3247 1564 1564 1564 3247 3247 3247 3248 3248 3248 1564 1564 1564 3248 3248 3248 1565 1565 1565 3248 3248 3248 3249 3249 3249 1565 1565 1565 1565 1565 1565 3249 3249 3249 1781 1781 1781 1565 1565 1565 1781 1781 1781 1677 1677 1677 3237 3237 3237 3238 3238 3238 3236 3236 3236 1681 1681 1681 1784 1784 1784 1682 1682 1682 1682 1682 1682 1860 1860 1860 1683 1683 1683 1684 1684 1684 1683 1683 1683 1861 1861 1861 1684 1684 1684 1861 1861 1861 3250 3250 3250 1684 1684 1684 3250 3250 3250 1794 1794 1794 1866 1866 1866 1867 1867 1867 1870 1870 1870 3251 3251 3251 1866 1866 1866 1870 1870 1870 3164 3164 3164 3163 3163 3163 3252 3252 3252 3253 3253 3253 3164 3164 3164 3252 3252 3252 3254 3254 3254 1870 1870 1870 1871 1871 1871 3254 3254 3254 1871 1871 1871 1873 1873 1873 3252 3252 3252 3163 3163 3163 1884 1884 1884 3252 3252 3252 1884 1884 1884 1883 1883 1883 1816 1816 1816 3255 3255 3255 1818 1818 1818 1817 1817 1817 1816 1816 1816 1818 1818 1818 1818 1818 1818 3255 3255 3255 3256 3256 3256 1818 1818 1818 3256 3256 3256 1819 1819 1819 1819 1819 1819 3256 3256 3256 3257 3257 3257 1819 1819 1819 3257 3257 3257 1820 1820 1820 1882 1882 1882 1884 1884 1884 3165 3165 3165 3258 3258 3258 3259 3259 3259 3260 3260 3260 3261 3261 3261 3258 3258 3258 3260 3260 3260 3260 3260 3260 3259 3259 3259 3262 3262 3262 3260 3260 3260 3262 3262 3262 3263 3263 3263 3260 3260 3260 3263 3263 3263 3173 3173 3173 3263 3263 3263 3171 3171 3171 3173 3173 3173 3264 3264 3264 3261 3261 3261 3265 3265 3265 3265 3265 3265 3261 3261 3261 3260 3260 3260 3265 3265 3265 3260 3260 3260 3266 3266 3266 3266 3266 3266 3260 3260 3260 3173 3173 3173 3266 3266 3266 3173 3173 3173 3267 3267 3267 3267 3267 3267 3173 3173 3173 3175 3175 3175 3268 3268 3268 3264 3264 3264 3265 3265 3265 3268 3268 3268 3265 3265 3265 3269 3269 3269 3265 3265 3265 3266 3266 3266 3270 3270 3270 3269 3269 3269 3265 3265 3265 3270 3270 3270 3266 3266 3266 3267 3267 3267 3271 3271 3271 3270 3270 3270 3266 3266 3266 3271 3271 3271 3271 3271 3271 3267 3267 3267 3175 3175 3175 3271 3271 3271 3175 3175 3175 3272 3272 3272 3272 3272 3272 3175 3175 3175 3273 3273 3273 3274 3274 3274 3275 3275 3275 3268 3268 3268 3274 3274 3274 3268 3268 3268 3276 3276 3276 3276 3276 3276 3268 3268 3268 3269 3269 3269 3276 3276 3276 3269 3269 3269 3277 3277 3277 3269 3269 3269 3270 3270 3270 3278 3278 3278 3277 3277 3277 3269 3269 3269 3278 3278 3278 3270 3270 3270 3271 3271 3271 3279 3279 3279 3278 3278 3278 3270 3270 3270 3279 3279 3279 3279 3279 3279 3271 3271 3271 3280 3280 3280 3280 3280 3280 3271 3271 3271 3272 3272 3272 3272 3272 3272 3273 3273 3273 3281 3281 3281 3280 3280 3280 3272 3272 3272 3281 3281 3281 3282 3282 3282 3274 3274 3274 3276 3276 3276 3282 3282 3282 3276 3276 3276 3283 3283 3283 3283 3283 3283 3276 3276 3276 3277 3277 3277 3283 3283 3283 3277 3277 3277 3284 3284 3284 3277 3277 3277 3278 3278 3278 3285 3285 3285 3284 3284 3284 3277 3277 3277 3285 3285 3285 3285 3285 3285 3278 3278 3278 3279 3279 3279 3285 3285 3285 3279 3279 3279 3286 3286 3286 3286 3286 3286 3279 3279 3279 3280 3280 3280 3286 3286 3286 3280 3280 3280 3287 3287 3287 3280 3280 3280 3281 3281 3281 3288 3288 3288 3287 3287 3287 3280 3280 3280 3288 3288 3288 3289 3289 3289 3282 3282 3282 3283 3283 3283 3289 3289 3289 3283 3283 3283 3290 3290 3290 3290 3290 3290 3283 3283 3283 3284 3284 3284 3284 3284 3284 3285 3285 3285 3291 3291 3291 3285 3285 3285 3286 3286 3286 3292 3292 3292 3291 3291 3291 3285 3285 3285 3292 3292 3292 3292 3292 3292 3286 3286 3286 1835 1835 1835 3286 3286 3286 3287 3287 3287 1836 1836 1836 1835 1835 1835 3286 3286 3286 1836 1836 1836 3293 3293 3293 3294 3294 3294 3295 3295 3295 3295 3295 3295 3294 3294 3294 3296 3296 3296 3295 3295 3295 3296 3296 3296 3297 3297 3297 3296 3296 3296 3298 3298 3298 3297 3297 3297 3297 3297 3297 3298 3298 3298 3299 3299 3299 3299 3299 3299 3298 3298 3298 3300 3300 3300 3299 3299 3299 3300 3300 3300 3301 3301 3301 3300 3300 3300 3302 3302 3302 3301 3301 3301 3301 3301 3301 3302 3302 3302 3303 3303 3303 3303 3303 3303 3289 3289 3289 3304 3304 3304 3304 3304 3304 3289 3289 3289 3290 3290 3290 3290 3290 3290 3284 3284 3284 3305 3305 3305 3305 3305 3305 3284 3284 3284 3291 3291 3291 3305 3305 3305 3291 3291 3291 3222 3222 3222 3291 3291 3291 3292 3292 3292 3222 3222 3222 3222 3222 3222 3292 3292 3292 1835 1835 1835 3301 3301 3301 3303 3303 3303 3306 3306 3306 3306 3306 3306 3303 3303 3303 3307 3307 3307 3307 3307 3307 3303 3303 3303 3304 3304 3304 3304 3304 3304 3290 3290 3290 3308 3308 3308 3307 3307 3307 3304 3304 3304 3308 3308 3308 3308 3308 3308 3290 3290 3290 3305 3305 3305 3305 3305 3305 3222 3222 3222 1839 1839 1839 3223 3223 3223 3185 3185 3185 3187 3187 3187 3309 3309 3309 3187 3187 3187 3189 3189 3189 1844 1844 1844 3212 3212 3212 1845 1845 1845 1845 1845 1845 3212 3212 3212 3214 3214 3214 3214 3214 3214 3216 3216 3216 3310 3310 3310 3311 3311 3311 3214 3214 3214 3310 3310 3310 3216 3216 3216 3218 3218 3218 3312 3312 3312 3218 3218 3218 3219 3219 3219 3313 3313 3313 3313 3313 3313 3219 3219 3219 3314 3314 3314 3315 3315 3315 3316 3316 3316 3317 3317 3317 3293 3293 3293 3295 3295 3295 3318 3318 3318 3319 3319 3319 3295 3295 3295 3297 3297 3297 3319 3319 3319 3297 3297 3297 3320 3320 3320 3320 3320 3320 3297 3297 3297 3299 3299 3299 3320 3320 3320 3299 3299 3299 3321 3321 3321 3321 3321 3321 3299 3299 3299 3301 3301 3301 3321 3321 3321 3301 3301 3301 3322 3322 3322 3322 3322 3322 3301 3301 3301 1842 1842 1842 1842 1842 1842 3301 3301 3301 3306 3306 3306 3306 3306 3306 3307 3307 3307 3308 3308 3308 3305 3305 3305 1839 1839 1839 1838 1838 1838 3308 3308 3308 3305 3305 3305 1838 1838 1838 3223 3223 3223 3187 3187 3187 3323 3323 3323 3323 3323 3323 3187 3187 3187 3309 3309 3309 3309 3309 3309 3189 3189 3189 3324 3324 3324 3324 3324 3324 3189 3189 3189 3191 3191 3191 1845 1845 1845 3214 3214 3214 3325 3325 3325 3325 3325 3325 3214 3214 3214 3311 3311 3311 3310 3310 3310 3216 3216 3216 3312 3312 3312 3312 3312 3312 3218 3218 3218 3326 3326 3326 3326 3326 3326 3218 3218 3218 3313 3313 3313 3313 3313 3313 3314 3314 3314 3327 3327 3327 3327 3327 3327 3314 3314 3314 3328 3328 3328 3327 3327 3327 3328 3328 3328 3329 3329 3329 3329 3329 3329 3328 3328 3328 3330 3330 3330 3329 3329 3329 3330 3330 3330 3331 3331 3331 3330 3330 3330 3332 3332 3332 3331 3331 3331 3331 3331 3331 3332 3332 3332 3333 3333 3333 3333 3333 3333 3332 3332 3332 3334 3334 3334 3333 3333 3333 3334 3334 3334 3335 3335 3335 3335 3335 3335 3334 3334 3334 3336 3336 3336 3336 3336 3336 3316 3316 3316 3315 3315 3315 3335 3335 3335 3336 3336 3336 3315 3315 3315 3337 3337 3337 3293 3293 3293 3318 3318 3318 3318 3318 3318 3295 3295 3295 3319 3319 3319 3320 3320 3320 3321 3321 3321 3338 3338 3338 3338 3338 3338 3321 3321 3321 3339 3339 3339 3339 3339 3339 3321 3321 3321 3322 3322 3322 1842 1842 1842 3306 3306 3306 3308 3308 3308 1842 1842 1842 3308 3308 3308 1843 1843 1843 1843 1843 1843 3308 3308 3308 1838 1838 1838 3224 3224 3224 3223 3223 3223 3323 3323 3323 3191 3191 3191 3340 3340 3340 3324 3324 3324 3191 3191 3191 3192 3192 3192 3340 3340 3340 3340 3340 3340 3192 3192 3192 1853 1853 1853 3311 3311 3311 3310 3310 3310 3312 3312 3312 3312 3312 3312 3326 3326 3326 3341 3341 3341 3326 3326 3326 3313 3313 3313 3341 3341 3341 3341 3341 3341 3313 3313 3313 3327 3327 3327 3341 3341 3341 3327 3327 3327 3329 3329 3329 3331 3331 3331 3333 3333 3333 3342 3342 3342 3333 3333 3333 3335 3335 3335 3342 3342 3342 3335 3335 3335 3315 3315 3315 3343 3343 3343 3342 3342 3342 3335 3335 3335 3343 3343 3343 3315 3315 3315 3317 3317 3317 3343 3343 3343 3319 3319 3319 3320 3320 3320 3338 3338 3338 3339 3339 3339 3322 3322 3322 1865 1865 1865 1865 1865 1865 3322 3322 3322 1842 1842 1842 1865 1865 1865 1842 1842 1842 1841 1841 1841 1848 1848 1848 1843 1843 1843 1838 1838 1838 3234 3234 3234 3224 3224 3224 3323 3323 3323 3309 3309 3309 3324 3324 3324 3323 3323 3323 3323 3323 3323 3324 3324 3324 3340 3340 3340 1855 1855 1855 3340 3340 3340 1853 1853 1853 1857 1857 1857 1846 1846 1846 1845 1845 1845 1857 1857 1857 1845 1845 1845 1859 1859 1859 1859 1859 1859 1845 1845 1845 3325 3325 3325 1859 1859 1859 3325 3325 3325 3344 3344 3344 3344 3344 3344 3325 3325 3325 3311 3311 3311 3344 3344 3344 3311 3311 3311 3312 3312 3312 3344 3344 3344 3312 3312 3312 3345 3345 3345 3312 3312 3312 3341 3341 3341 3345 3345 3345 3345 3345 3345 3341 3341 3341 3346 3346 3346 3346 3346 3346 3341 3341 3341 3329 3329 3329 3346 3346 3346 3329 3329 3329 3347 3347 3347 3329 3329 3329 3331 3331 3331 3347 3347 3347 3347 3347 3347 3331 3331 3331 3348 3348 3348 3331 3331 3331 3342 3342 3342 3348 3348 3348 3348 3348 3348 3342 3342 3342 3349 3349 3349 3349 3349 3349 3342 3342 3342 3350 3350 3350 3350 3350 3350 3342 3342 3342 3343 3343 3343 3337 3337 3337 3318 3318 3318 3351 3351 3351 3351 3351 3351 3318 3318 3318 3352 3352 3352 3352 3352 3352 3318 3318 3318 3319 3319 3319 3352 3352 3352 3319 3319 3319 3353 3353 3353 3353 3353 3353 3319 3319 3319 3338 3338 3338 1869 1869 1869 1868 1868 1868 3242 3242 3242 1869 1869 1869 3242 3242 3242 3354 3354 3354 3354 3354 3354 3242 3242 3242 3355 3355 3355 3242 3242 3242 3243 3243 3243 3356 3356 3356 3355 3355 3355 3242 3242 3242 3356 3356 3356 3356 3356 3356 3243 3243 3243 3357 3357 3357 1872 1872 1872 1869 1869 1869 3354 3354 3354 3354 3354 3354 3355 3355 3355 1875 1875 1875 1872 1872 1872 3354 3354 3354 1875 1875 1875 1875 1875 1875 3355 3355 3355 1877 1877 1877 1877 1877 1877 3355 3355 3355 3356 3356 3356 1877 1877 1877 3356 3356 3356 1880 1880 1880 1880 1880 1880 3356 3356 3356 3357 3357 3357</p>
        </triangles>
      </mesh>
    </geometry>
  </library_geometries>
  <library_visual_scenes>
    <visual_scene id="DefaultScene">
      <node id="node_0883cd92_f110_4b65_977e_49235f1ad7ad" type="NODE">
        <matrix>1 0 0 0 0 1 0 0 0 0 1 0 0 0 0 1</matrix>
        <node id="node_bf4ce6ec_1b08_4592_a662_2af1cc62ce20" type="NODE">
          <matrix>1 0 0 0 0 1 0 0 0 0 1 0 0 0 0 1</matrix>
          <node id="node_1a78f12a_068b_4f13_a3c4_760f7b891071" type="NODE">
            <matrix>1 0 0 0 0 1 0 0 0 0 1 0 0 0 0 1</matrix>
            <node id="node_7d9666e2_8c56_452a_9734_2e0fb3073756" type="NODE">
              <matrix>1 0 0 0 0 1 0 0 0 0 1 0 0 0 0 1</matrix>
              <node id="node_7d9666e2_8c56_452a_9734_2e0fb3073756_mesh0" type="NODE">
                <matrix>1 0 0 0 0 1 0 0 0 0 1 0 0 0 0 1</matrix>
                <instance_geometry url="#geometry_f923da74_fe42_4101_8dad_641ccd3a1a97">
                  <bind_material>
                    <technique_common>
                      <instance_material symbol="mat_0" target="#mat_0">
                        <bind_vertex_input semantic="UVMap" input_semantic="TEXCOORD" input_set="0"/>
                      </instance_material>
                    </technique_common>
                  </bind_material>
                </instance_geometry>
              </node>
            </node>
          </node>
        </node>
      </node>
    </visual_scene>
  </library_visual_scenes>
  <scene>
    <instance_visual_scene url="#DefaultScene"/>
  </scene>
</COLLADA>
