<?xml version='1.0' encoding='UTF-8'?>
<COLLADA xmlns="http://www.collada.org/2005/11/COLLADASchema" version="1.4.1">
<!--
# File generated by ImageToStl.com - Free Image and 3D model conversion tools
-->
  <asset>
    <contributor>
      <author>ImageToStl.com</author>
      <authoring_tool>ImageToStl.com</authoring_tool>
    </contributor>
    <created>2026-08-12T07:12:37</created>
    <modified>2026-08-12T07:12:37</modified>
    <up_axis>Y_UP</up_axis>
  </asset>
  <library_images>
    <image id="image0_png" name="image0_png">
      <init_from>image0.png</init_from>
    </image>
  </library_images>
  <library_effects>
    <effect id="effect_0">
        <profile_COMMON>
          <newparam sid="image0_png-surface">
            <surface type="2D">
              <init_from>image0_png</init_from>
            </surface>
          </newparam>
          <newparam sid="image0_png-sampler">
            <sampler2D>
              <source>image0_png-surface</source>
            </sampler2D>
          </newparam>
          <technique sid="common">
            <phong>
              <emission>
                <color>0 0 0 1</color>
              </emission>
              <diffuse>
                <texture texture="image0_png-sampler" texcoord="UVMap"/>
              </diffuse>
              <specular>
                <color>1 1 1 1</color>
              </specular>
              <shininess>
                <float>0</float>
              </shininess>
              <transparency>
                <float>1</float>
              </transparency>
            </phong>
          </technique>
        </profile_COMMON>
    </effect>
  </library_effects>
  <library_materials>
    <material id="mat_0" name="mat_0">
      <instance_effect url="#effect_0"/>
    </material>
  </library_materials>
  <library_geometries>
    <geometry id="geometry_ca1f6023_fd71_4005_8e92_316b2db3ec58">
      <mesh>
        <source id="pos_0">
          <float_array id="pos_0-array" count="13635">-0.04034966 -0.23202485 -0.13278529 -0.04001576 -0.23244166 -0.13228178 -0.04088756 -0.23321506 -0.13259634 -0.04122961 -0.23226774 -0.13294142 -0.04001576 -0.23244166 -0.13228178 -0.0408223 -0.23335673 -0.13005915 -0.04088756 -0.23321506 -0.13259634 -0.0408223 -0.23335673 -0.13005915 -0.04001576 -0.23244166 -0.13228178 -0.04085255 -0.23323689 -0.11771464 -0.0400188 -0.23236242 -0.09038209 -0.04081634 -0.23320827 -0.09085826 -0.04007864 -0.23227526 -0.05276964 -0.04007864 -0.23227526 -0.05276964 -0.04084378 -0.23302947 -0.06181786 -0.04081634 -0.23320827 -0.09085826 -0.04078561 -0.23312749 -0.02339701 -0.03991348 -0.2323586 -0.00565482 -0.04078975 -0.23321605 0.00815334 -0.03982747 -0.23237619 0.0438483 -0.04073334 -0.23320743 0.03930979 -0.04073799 -0.23330928 0.08290388 -0.03984588 -0.23242655 0.09770375 -0.04072842 -0.23331369 0.09872862 -0.04066724 -0.23339835 0.11154061 -0.03959948 -0.23248658 0.11926245 -0.0404923 -0.23338208 0.12692937 -0.03916904 -0.23249882 0.13132513 -0.04051399 -0.23356736 0.13116843 -0.03922361 -0.23221958 0.13347954 -0.04059741 -0.23328631 0.13331795 -0.04468676 -0.23321418 -0.13048497 -0.04085255 -0.23323689 -0.11771464 -0.05022463 -0.23309962 -0.10835209 -0.04523984 -0.23291552 -0.05263761 -0.04435718 -0.23312788 0.00656184 -0.04551747 -0.23305018 0.03276684 -0.0455229 -0.23312956 0.05201399 -0.04868743 -0.23322028 0.08382883 -0.05247958 -0.23337264 0.13114932 -0.04469952 -0.23342064 0.13332677 -0.04059741 -0.23328631 0.13331795 -0.03922361 -0.23221958 0.13347954 -0.04679716 -0.23240441 0.13355201 -0.04469952 -0.23342064 0.13332677 -0.06279933 -0.23300324 -0.13256115 -0.06279933 -0.23300324 -0.13256115 -0.05354325 -0.23311062 -0.12593472 -0.05087206 -0.23297177 -0.08072952 -0.05138442 -0.23299895 -0.01804183 -0.0532302 -0.23304611 0.00954162 -0.05117729 -0.23321602 0.09857797 -0.05262662 -0.23324703 0.11482572 -0.05105257 -0.23325729 0.12712038 -0.06205581 -0.23214576 -0.13290679 -0.06301002 -0.23282301 -0.03163043 -0.05432501 -0.23303331 0.04634347 -0.05563779 -0.2331074 0.06822693 -0.06285998 -0.23308834 -0.13034672 -0.06313123 -0.23302615 -0.10245233 -0.06302433 -0.23285891 -0.07733465 -0.06302339 -0.23279753 -0.05361021 -0.06308876 -0.23301938 -0.00943694 -0.06316699 -0.23304047 0.00867715 -0.06303585 -0.23298867 0.04072502 -0.06314102 -0.23319238 0.08409344 -0.06313401 -0.23317926 0.10188221 -0.06303681 -0.23331583 0.12728491 -0.06273237 -0.23323032 0.13330233 -0.06273237 -0.23323032 0.13330233 -0.06292778 -0.23339921 0.13124946 -0.06481342 -0.23156253 0.13358849 -0.06532216 -0.23163952 -0.13288319 -0.06502344 -0.23246124 -0.13239336 -0.06502344 -0.23246124 -0.13239336 -0.06525408 -0.23283903 -0.12248113 -0.06515524 -0.23257887 -0.07748819 -0.06512278 -0.23247702 -0.03335062 -0.06520146 -0.23276584 0.00127649 -0.06523441 -0.23270179 0.03570475 -0.0652265 -0.23296651 0.08059888 -0.06506191 -0.23288396 0.10754605 -0.06506807 -0.23289479 0.12969443 -0.06464516 -0.23346661 0.13320211 -0.06464516 -0.23346661 0.13320211 -0.06502344 -0.23246124 -0.13239336 -0.06525408 -0.23283903 -0.12248113 -0.06532216 -0.23163952 -0.13288319 -0.06542632 -0.23203126 -0.12279814 -0.06515524 -0.23257887 -0.07748819 -0.06527482 -0.23178974 -0.03869049 -0.06512278 -0.23247702 -0.03335062 -0.06520146 -0.23276584 0.00127649 -0.06541544 -0.23203427 0.07236495 -0.06523441 -0.23270179 0.03570475 -0.0652265 -0.23296651 0.08059888 -0.06521466 -0.23191981 0.12008091 -0.06506191 -0.23288396 0.10754605 -0.06506807 -0.23289479 0.12969443 -0.06537464 -0.23187926 0.13311809 -0.06464516 -0.23346661 0.13320211 -0.04121044 -0.22666058 -0.13288885 -0.06464516 -0.23346661 0.13320211 -0.06481342 -0.23156253 0.13358849 -0.06521451 -0.22860403 0.13335556 -0.06518121 -0.22857678 -0.13253659 -0.06533223 -0.22950459 -0.12016072 -0.06526461 -0.22977012 -0.08082255 -0.06522553 -0.22942284 -0.02650071 -0.06528991 -0.22979587 -0.01181699 -0.06532229 -0.23017566 0.0395283 -0.06532806 -0.22957377 0.07220932 -0.06522186 -0.22895025 0.09700947 -0.06516063 -0.22853532 0.12798354 -0.06521451 -0.22860403 0.13335556 -0.0540262 -0.22390498 -0.1328367 -0.06489271 -0.22382037 -0.13286218 -0.06489271 -0.22382037 -0.13286218 -0.06526271 -0.21861893 -0.13030943 -0.06535976 -0.22201605 -0.04689417 -0.06547712 -0.21883051 -0.0874949 -0.06522693 -0.21929283 0.10441794 -0.06520301 -0.22336531 0.13094038 -0.04029617 -0.21617129 -0.13289431 -0.06551428 -0.21714392 -0.10744358 -0.06542246 -0.22036798 -0.0104138 -0.06542024 -0.21816441 0.0421442 -0.06543821 -0.21851981 0.07419338 -0.06518629 -0.21653047 0.11522957 -0.06521451 -0.22860403 0.13335556 -0.06476353 -0.22295009 0.13346621 -0.06497677 -0.20489503 -0.1328046 -0.06549674 -0.21441378 -0.06506053 -0.06546408 -0.2142777 -0.01373032 -0.06543061 -0.216453 0.01999088 -0.06513593 -0.1942576 0.13325909 -0.06521094 -0.20937036 0.1313799 -0.06513593 -0.1942576 0.13325909 -0.06497677 -0.20489503 -0.1328046 -0.06554711 -0.20379631 -0.06714673 -0.06554934 -0.20812887 -0.04636253 -0.06539284 -0.20764299 0.01324939 -0.06536666 -0.20568733 0.03611626 -0.0653988 -0.2071006 0.05733984 -0.06532454 -0.20693903 0.08898636 -0.06519297 -0.20727029 0.10486551 -0.06517094 -0.20736745 0.1272676 -0.06526785 -0.19487843 -0.13255906 -0.06532592 -0.19287658 -0.13016778 -0.06545319 -0.19480601 -0.11679176 -0.06550422 -0.20603415 -0.02111257 -0.06541237 -0.19982308 -0.00445072 -0.06532735 -0.19627187 0.07501414 -0.05137995 -0.19535795 -0.13286287 -0.06556067 -0.19784598 -0.0341265 -0.06535968 -0.19606686 0.0174494 -0.06519553 -0.19800687 0.11192658 -0.04014724 -0.18232732 -0.13299313 -0.04371545 -0.18246752 -0.13291693 -0.06552398 -0.19701557 -0.07581768 -0.0652535 -0.19070873 0.09760042 -0.06550074 -0.18907918 -0.0932781 -0.06555091 -0.19337396 -0.04444636 -0.0654459 -0.19194309 -0.01198108 -0.06535372 -0.19140044 0.04722487 -0.06531946 -0.19369584 0.13129902 -0.06530607 -0.19099656 -0.12512058 -0.06544341 -0.18842372 -0.07959414 -0.06474113 -0.18342237 -0.13276589 -0.06526785 -0.19487843 -0.13255906 -0.06549968 -0.18808399 -0.05049703 -0.06546667 -0.18432373 -0.0232378 -0.06535019 -0.18567804 0.01885536 -0.06525825 -0.17447406 0.10437187 -0.06540409 -0.1836445 -0.09856472 -0.06541492 -0.18083049 -0.09088982 -0.06520216 -0.1777519 -0.08198642 -0.06535816 -0.17956787 -0.06733007 -0.0653635 -0.17946009 -0.05161402 -0.06532809 -0.179333 -0.00496856 -0.06533146 -0.17933594 0.04906353 -0.06520344 -0.17903763 0.09197354 -0.0651632 -0.179307 0.09572311 -0.06520921 -0.17901589 0.09796741 -0.04368314 -0.1600401 -0.13300958 -0.06491978 -0.17474179 -0.12995794 -0.06514165 -0.17284116 -0.10559434 -0.06519775 -0.17784078 -0.07805515 -0.06546211 -0.17929757 -0.02474252 -0.06520344 -0.17903763 0.09197354 -0.0651632 -0.179307 0.09572311 -0.0670726 -0.17792112 0.09348585 -0.06720154 -0.17784932 0.09799408 -0.06520921 -0.17901589 0.09796741 -0.0653055 -0.16539058 0.12735748 -0.07608832 -0.17797749 0.09601741 -0.07468502 -0.17797293 0.08415013 -0.08351924 -0.17799127 0.08896526 -0.08144289 -0.17784336 0.07172354 -0.09382269 -0.17809197 0.08928441 -0.09546578 -0.17788301 0.09787723 -0.09064755 -0.17767832 -0.08366615 -0.07816008 -0.17745845 -0.08359466 -0.10195875 -0.17787001 -0.07614297 -0.08567786 -0.17785862 0.06830328 -0.09402546 -0.17798585 0.0591993 -0.08940214 -0.17790262 0.0205939 -0.09951314 -0.17801847 -0.06116659 -0.08887735 -0.17788129 -0.03561641 -0.09812962 -0.17801802 -0.03025303 -0.09915914 -0.17801514 -0.00130678 -0.08713225 -0.17785782 -0.01184992 -0.0971645 -0.17800339 0.02837875 -0.10574967 -0.17807107 0.05649682 -0.11154507 -0.17806029 0.09585517 -0.10780399 -0.17788461 -0.08364446 -0.10647064 -0.17806296 -0.01627064 -0.10603726 -0.17805518 0.02630474 -0.11862531 -0.17809175 0.03781905 -0.11359555 -0.17815046 0.07322111 -0.11596589 -0.17814648 0.08208983 -0.12130789 -0.17804673 -0.07020257 -0.11406061 -0.17810141 -0.0604013 -0.11720479 -0.17811617 -0.04800842 -0.1198917 -0.17809094 0.00962069 -0.11964816 -0.17796032 0.09799414 -0.12344947 -0.17811093 -0.02708707 -0.12513912 -0.17814757 0.06205272 -0.13947171 -0.17804126 -0.08262166 -0.14325382 -0.17815334 0.08781766 -0.14413798 -0.17815571 -0.05656419 -0.1420067 -0.17819905 0.07280206 -0.13992965 -0.17813036 -0.06538913 -0.16392788 -0.17810136 -0.00727064 -0.14703088 -0.17817424 0.08113077 -0.14753681 -0.17812589 -0.03245661 -0.13866939 -0.17811424 0.01916867 -0.14453454 -0.17812791 0.04585885 -0.16793343 -0.17814031 0.05697768 -0.17248665 -0.17789921 -0.08356278 -0.17516071 -0.17800945 0.09797924 -0.1774794 -0.17809652 0.0961711 -0.17020804 -0.17811362 0.01585641 -0.18833652 -0.17815821 -0.06439487 -0.19766635 -0.17810428 0.04097154 -0.18785006 -0.17816052 0.07231577 -0.17648405 -0.17817746 0.07684418 -0.1971647 -0.17816651 -0.0505983 -0.18793042 -0.17812045 -0.03122143 -0.18033326 -0.17801356 -0.08239023 -0.19355935 -0.1781414 0.08550318 -0.21773013 -0.17807716 -0.08240657 -0.19819674 -0.17810068 0.00570341 -0.19941986 -0.17813618 0.06561907 -0.2149515 -0.17793483 -0.08348241 -0.21979497 -0.17812188 0.09604069 -0.21503162 -0.17811836 -0.02312125 -0.21340144 -0.17810905 0.01614871 -0.21901879 -0.1781389 0.05655032 -0.22011305 -0.1780434 0.0979675 -0.21992314 -0.17821242 -0.06110314 -0.21982291 -0.17817576 -0.0429003 -0.21836014 -0.1781809 0.07051229 -0.21552449 -0.17815454 0.08436289 -0.22364745 -0.1781552 0.01997861 -0.23484166 -0.17829667 0.08550536 -0.24326642 -0.17835248 -0.06615371 -0.23080507 -0.1782088 -0.02430324 -0.23750564 -0.1783331 0.0730383 -0.25456551 -0.17830826 -0.08240043 -0.25113142 -0.17815137 -0.08343632 -0.25228566 -0.17843476 -0.05477516 -0.23720548 -0.1782939 -0.04157928 -0.23904598 -0.17828453 -0.0017207 -0.24341448 -0.1783371 0.02088555 -0.24376804 -0.17833881 0.0428808 -0.24401143 -0.17835705 0.06076097 -0.25428537 -0.17840534 0.09799006 -0.25638366 -0.17847121 0.09615531 -0.25831819 -0.17844588 -0.02902234 -0.26046696 -0.17847164 0.02332734 -0.26084819 -0.17851493 0.07378801 -0.26014477 -0.17850095 0.08553287 -0.27073425 -0.17852812 -0.06428323 -0.26548636 -0.1785005 0.0553283 -0.28132394 -0.17847824 -0.07516224 -0.27876851 -0.17856605 -0.05402876 -0.27704856 -0.17852414 -0.03414354 -0.28249481 -0.17853209 -0.01253626 -0.27603871 -0.17851765 0.01225799 -0.2886126 -0.17853543 0.03973617 -0.2816726 -0.17854293 0.06161948 -0.28051347 -0.17855622 0.08391836 -0.29349163 -0.17857823 0.07477062 -0.3065089 -0.1785472 0.09591656 -0.30236194 -0.17845608 0.09801923 -0.31792903 -0.17848922 -0.08233149 -0.30722448 -0.17826492 -0.08332375 -0.29414892 -0.17856742 0.00080251 -0.3046822 -0.17862521 -0.06485546 -0.30705836 -0.17861992 -0.05448083 -0.3196395 -0.17857167 -0.02332727 -0.31405598 -0.17858611 -0.03820933 -0.30472007 -0.17857236 0.02158489 -0.32979006 -0.178597 0.07038262 -0.31794727 -0.17857735 0.0854907 -0.32491654 -0.17861164 -0.07290597 -0.32165658 -0.17856655 0.05515518 -0.33049172 -0.17859241 0.02910196 -0.32274473 -0.17859703 0.00464239 -0.34727737 -0.17863585 -0.04046182 -0.34076816 -0.1786028 -0.00420878 -0.35272226 -0.17852931 0.09801259 -0.30236194 -0.17845608 0.09801923 -0.30734986 -0.17830546 0.09811517 -0.35272226 -0.17852931 0.09801259 -0.34763458 -0.178701 -0.06487421 -0.34386832 -0.17837517 0.09810626 -0.34568614 -0.17852412 -0.08240402 -0.35069761 -0.17861395 0.04054164 -0.36175388 -0.17862888 0.09589665 -0.35419047 -0.17862524 0.08654632 -0.35935172 -0.1783313 -0.08332741 -0.35527462 -0.17862244 -0.01675154 -0.35802197 -0.17863561 0.06162127 -0.37335688 -0.17874028 -0.07116754 -0.36227104 -0.17866172 0.07376998 -0.36641285 -0.17869037 -0.0330641 -0.3746143 -0.17870773 0.00535428 -0.36880392 -0.17867129 0.0273075 -0.3771168 -0.17868838 0.08439796 -0.37719604 -0.1787885 -0.04781977 -0.37077242 -0.17856754 -0.08235935 -0.37990618 -0.178822 -0.06025813 -0.38107726 -0.17873554 -0.01040903 -0.38753989 -0.17870638 0.05926152 -0.39224476 -0.17872947 0.07028975 -0.4184877 -0.17870222 0.09813451 -0.4184877 -0.17870222 0.09813451 -0.385124 -0.1784047 0.09825828 -0.39173838 -0.17872417 0.03640678 -0.41126651 -0.17874379 0.0876927 -0.41091982 -0.17824632 -0.08328863 -0.39720654 -0.17876983 -0.0170475 -0.39872354 -0.17884406 -0.06500465 -0.39456093 -0.17880033 -0.03519858 -0.40808171 -0.1788685 -0.05487219 -0.40529245 -0.17877427 0.00862389 -0.43317631 -0.17877938 -0.07326836 -0.43096489 -0.17878713 0.06369426 -0.42368773 -0.17880894 -0.02079622 -0.45261273 -0.17854977 0.0982381 -0.41445911 -0.17854986 -0.08228294 -0.41693208 -0.17885345 -0.04312263 -0.43000603 -0.17879865 0.07649031 -0.4166705 -0.1787557 0.04387661 -0.43704799 -0.17877035 0.02633392 -0.45261273 -0.17854977 0.0982381 -0.43869191 -0.17870381 0.09806525 -0.44528189 -0.17887743 -0.0636274 -0.44860619 -0.17880963 -0.00019328 -0.43940479 -0.17837654 -0.08340529 -0.44516122 -0.17863548 -0.08242717 -0.44616899 -0.17886452 -0.04633407 -0.44694304 -0.17875832 0.04229929 -0.46022135 -0.17882545 -0.01965813 -0.4659664 -0.17880265 0.01302456 -0.46589655 -0.17883284 0.08795526 -0.45843089 -0.17883743 0.07607558 -0.46826452 -0.17878425 0.04999854 -0.46920133 -0.1788459 0.06717842 -0.46981004 -0.17878155 -0.07384527 -0.47366437 -0.17878382 0.09807437 -0.48492372 -0.17838831 -0.08340959 -0.47882831 -0.17860502 -0.08240069 -0.47227058 -0.17889829 -0.06391863 -0.48244768 -0.17893435 -0.0551853 -0.48653543 -0.17890522 -0.03069965 -0.48797902 -0.17883494 0.01051559 -0.50094515 -0.17888795 0.05833545 -0.50031859 -0.17893302 0.08135515 -0.50019127 -0.17894813 0.09812393 -0.49494046 -0.17895658 -0.0655163 -0.49725732 -0.17883433 0.04061043 -0.53346854 -0.17886798 0.09836914 -0.50234127 -0.1787632 -0.08235259 -0.50613487 -0.17902043 -0.05521245 -0.51826185 -0.17897686 0.06753331 -0.50655973 -0.17896698 -0.06914023 -0.5114516 -0.17900309 -0.03642381 -0.51545912 -0.17895713 -0.01362375 -0.52125669 -0.17891966 -0.07335375 -0.53669769 -0.17903237 0.06744214 -0.52210945 -0.17902632 -0.0639613 -0.5149588 -0.17890708 0.01997157 -0.51876712 -0.17892817 0.05015864 -0.5336926 -0.17903782 0.0981368 -0.54105818 -0.17845173 -0.08325652 -0.54287052 -0.17877498 -0.08229049 -0.52926326 -0.17905049 -0.05521203 -0.52752328 -0.17900379 -0.01338158 -0.52988535 -0.17898923 0.02435841 -0.53380692 -0.17901751 0.08540311 -0.53383642 -0.17905748 -0.03593866 -0.54406285 -0.17899597 -0.06822027 -0.54348922 -0.17905529 -0.04762421 -0.54116738 -0.17903166 -0.01364226 -0.54190254 -0.17905331 0.03503015 -0.55413783 -0.17909245 0.0152831 -0.55399132 -0.17910714 0.09508645 -0.55105031 -0.17915964 0.09824889 -0.55403161 -0.17901263 0.09857171 -0.55421817 -0.17895778 -0.08211578 -0.55532521 -0.1785558 -0.08311141 -0.55103004 -0.17889433 -0.07745904 -0.55430543 -0.17905955 -0.06911231 -0.55417109 -0.17908247 -0.03763393 -0.5540635 -0.17901854 -0.01823378 -0.55404913 -0.17905153 0.08028644 -0.55543691 -0.17885724 -0.07881964 -0.55533099 -0.17892744 -0.04654969 -0.55519307 -0.17885825 -0.0190326 -0.55501962 -0.17893033 0.0355387 -0.55483156 -0.17891362 0.09507959 -0.55502748 -0.17857037 0.09865733 -0.06452291 -0.15391654 -0.13265792 -0.06452291 -0.15391654 -0.13265792 -0.06530857 -0.17665505 -0.09285013 -0.06521162 -0.17743804 -0.08435271 -0.06521162 -0.17743804 -0.08435271 -0.06520216 -0.1777519 -0.08198642 -0.06714523 -0.17717473 -0.08358357 -0.06542915 -0.17780806 -0.06743584 -0.06545268 -0.17774239 -0.05335961 -0.06559415 -0.17771195 -0.02737612 -0.06538779 -0.17779206 -0.00423998 -0.0654386 -0.17781717 0.02631404 -0.06540568 -0.17790829 0.04683181 -0.06536631 -0.17787816 0.06370737 -0.06529841 -0.17802501 0.08522408 -0.06521533 -0.17793359 0.09088685 -0.06521533 -0.17793359 0.09088685 -0.06514876 -0.17548558 0.09804409 -0.06519704 -0.15000299 0.13323918 -0.07565485 -0.17716818 -0.08368128 -0.06519775 -0.17784078 -0.07805515 -0.07624061 -0.17753807 -0.08225507 -0.06542915 -0.17780806 -0.06743584 -0.07794523 -0.17772852 -0.05777851 -0.06545268 -0.17774239 -0.05335961 -0.07226905 -0.17777653 -0.04269431 -0.06559415 -0.17771195 -0.02737612 -0.07227285 -0.17779905 -0.01648558 -0.06538779 -0.17779206 -0.00423998 -0.07347107 -0.177844 0.01822325 -0.0654386 -0.17781717 0.02631404 -0.06540568 -0.17790829 0.04683181 -0.06536631 -0.17787816 0.06370737 -0.07229823 -0.17788559 0.06019255 -0.06529841 -0.17802501 0.08522408 -0.08076932 -0.17767891 -0.07296125 -0.07869512 -0.17777759 -0.03386656 -0.07777059 -0.17781785 -0.00013674 -0.07879832 -0.17783798 0.04959964 -0.08258313 -0.17782751 0.01165467 -0.07565485 -0.17716818 -0.08368128 -0.07816008 -0.17745845 -0.08359466 -0.09064755 -0.17767832 -0.08366615 -0.10780399 -0.17788461 -0.08364446 -0.10666907 -0.17736715 -0.08374041 -0.12864381 -0.17724425 -0.08367138 -0.17248665 -0.17789921 -0.08356278 -0.16568656 -0.17730193 -0.08366663 -0.1976749 -0.1773084 -0.08360039 -0.2149515 -0.17793483 -0.08348241 -0.23018652 -0.17733625 -0.08361263 -0.25113142 -0.17815137 -0.08343632 -0.28396776 -0.17741789 -0.08350753 -0.30722448 -0.17826492 -0.08332375 -0.30417332 -0.17742042 -0.08351139 -0.33550584 -0.17735745 -0.08345888 -0.35935172 -0.1783313 -0.08332741 -0.36652908 -0.177402 -0.08350243 -0.41091982 -0.17824632 -0.08328863 -0.41316959 -0.17730071 -0.08348636 -0.43757489 -0.17743672 -0.08357935 -0.43940479 -0.17837654 -0.08340529 -0.48492372 -0.17838831 -0.08340959 -0.48000509 -0.17741458 -0.08361604 -0.50257683 -0.177453 -0.08353076 -0.54105818 -0.17845173 -0.08325652 -0.53576815 -0.17744258 -0.08347211 -0.55116791 -0.17720674 -0.08336837 -0.55532521 -0.1785558 -0.08311141 -0.55430412 -0.17709766 -0.08343423 -0.55538112 -0.17701785 -0.08335657 -0.55538112 -0.17701785 -0.08335657 -0.55532521 -0.1785558 -0.08311141 -0.55563962 -0.17755602 -0.08237364 -0.55543691 -0.17885724 -0.07881964 -0.55549717 -0.17758617 -0.06899885 -0.55533099 -0.17892744 -0.04654969 -0.55542922 -0.17783928 -0.0414627 -0.55519307 -0.17885825 -0.0190326 -0.55527174 -0.17768857 -0.01834128 -0.55521899 -0.17778109 0.00750255 -0.55501962 -0.17893033 0.0355387 -0.55503821 -0.17774773 0.04690477 -0.55483156 -0.17891362 0.09507959 -0.55491352 -0.17754194 0.09530403 -0.55502748 -0.17857037 0.09865733 -0.04020795 -0.16018358 -0.13312313 -0.06481077 -0.16505136 -0.12005349 -0.06512168 -0.17424402 -0.08469424 -0.06521162 -0.17743804 -0.08435271 -0.06714523 -0.17717473 -0.08358357 -0.0671155 -0.17446163 -0.08376073 -0.06512168 -0.17424402 -0.08469424 -0.07612015 -0.17484312 -0.08370724 -0.48904109 -0.16881852 -0.08361287 -0.55553806 -0.17446369 -0.07948307 -0.06436113 -0.15917969 -0.13286892 -0.06514429 -0.16586921 -0.09750421 -0.06518255 -0.16485037 -0.09168033 -0.06519036 -0.16116297 0.10002329 -0.07202265 -0.16963074 -0.0836646 -0.07765698 -0.16991107 -0.08362515 -0.11130005 -0.16495675 -0.08364557 -0.13640635 -0.16575995 -0.08361811 -0.1834287 -0.16744146 -0.08360047 -0.20608121 -0.16196997 -0.08357527 -0.23094866 -0.16387472 -0.08360205 -0.32795191 -0.16069983 -0.08358293 -0.29878601 -0.16138229 -0.08359269 -0.35185546 -0.16165808 -0.08357988 -0.4120746 -0.16440618 -0.08355565 -0.43077803 -0.16227892 -0.08358254 -0.51800323 -0.16359645 -0.08361781 -0.54743671 -0.16184828 -0.08362178 -0.55537987 -0.16608948 -0.06144766 -0.55525959 -0.16827017 -0.03832529 -0.55507398 -0.16665371 -6.197E-05 -0.55499005 -0.1681897 0.01859426 -0.55488396 -0.16825329 0.04655977 -0.55483359 -0.16830833 0.06885516 -0.55473727 -0.16657542 0.0911864 -0.55477011 -0.16320163 0.09833386 -0.55473304 -0.16753291 0.09876164 -0.05458733 -0.15651815 -0.13291106 -0.06465176 -0.15260053 -0.11348744 -0.06515847 -0.1612245 -0.08432894 -0.0671211 -0.16112952 -0.08336367 -0.06515847 -0.1612245 -0.08432894 -0.06527659 -0.15737797 0.09802305 -0.06543195 -0.1501288 0.13125563 -0.07221258 -0.16082458 -0.08359473 -0.26905173 -0.1589873 -0.08361239 -0.37922734 -0.15919556 -0.08359889 -0.45194656 -0.16095938 -0.08358786 -0.47123596 -0.16248967 -0.08360162 -0.55544364 -0.15284352 -0.08367976 -0.55544364 -0.15284352 -0.08367976 -0.55562294 -0.15868056 -0.07922602 -0.55510879 -0.16395964 -0.01261226 -0.55486101 -0.16391928 0.03501346 -0.06454611 -0.14987244 -0.13042551 -0.06453779 -0.15141459 -0.1266748 -0.06511667 -0.15614842 -0.09325122 -0.06529906 -0.14753191 0.11653354 -0.0923686 -0.15869755 -0.08360703 -0.08074178 -0.16452031 -0.0738915 -0.08074951 -0.16438939 -0.06908611 -0.08022 -0.16403762 -0.0717215 -0.08063643 -0.16416174 -0.06025825 -0.08022 -0.16403762 -0.0717215 -0.08063643 -0.16416174 -0.06025825 -0.08032516 -0.1632022 -0.06320242 -0.08038744 -0.16244623 -0.0572171 -0.08068603 -0.16401666 -0.03595678 -0.08046702 -0.1624977 -0.04347081 -0.08039172 -0.16252582 -0.0203684 -0.08063164 -0.16406085 4.964E-05 -0.08018391 -0.16245946 0.0130735 -0.08059323 -0.16417889 0.0330435 -0.08025607 -0.1624712 0.05184897 -0.08060984 -0.16403005 0.06383928 -0.08023234 -0.16256979 0.072032 -0.0805978 -0.16426221 0.07961544 -0.08062403 -0.16421567 0.08706995 -0.08040732 -0.16258587 0.09620022 -0.08075865 -0.16455106 0.09593438 -0.0804334 -0.16508396 0.09793904 -0.0801688 -0.16166484 0.09795811 -0.1665014 -0.15644553 -0.08360479 -0.29544672 -0.16474187 0.05600699 -0.32002851 -0.16468133 0.07316913 -0.27395472 -0.16465318 0.07163539 -0.36618212 -0.16475427 0.08254337 -0.40199366 -0.16477595 0.07149067 -0.39116371 -0.16477728 0.08438801 -0.42607754 -0.16473608 0.08019253 -0.44934094 -0.16479033 0.06766387 -0.47501153 -0.16480824 0.06740131 -0.45709473 -0.16473745 0.083272 -0.47603381 -0.16476536 0.081611 -0.49724153 -0.15356708 -0.08369959 -0.49977747 -0.16485856 0.0673598 -0.49767625 -0.16482186 0.08682033 -0.53474444 -0.16484863 0.09625291 -0.53477252 -0.16516078 0.09820836 -0.53355485 -0.16478576 0.0981253 -0.54181314 -0.16462551 -0.05943967 -0.54224825 -0.16454151 -0.06181688 -0.54218018 -0.16281746 -0.05942328 -0.54213607 -0.16018927 -0.06339765 -0.55419278 -0.15101491 -0.08383917 -0.55519128 -0.15884325 -0.02927978 -0.55476165 -0.15238367 0.05845364 -0.5547449 -0.1574468 0.07690292 -0.04584959 -0.16899331 0.13335696 -0.04684088 -0.12401161 0.1333136 -0.05366135 -0.14206299 0.1333116 -0.08004524 -0.16184911 -0.07384399 -0.0799811 -0.1587133 -0.07144711 -0.0802194 -0.15684101 -0.01036934 -0.08011846 -0.15895674 0.00436538 -0.08008261 -0.15886158 0.02198672 -0.08012508 -0.15864998 0.05462199 -0.08010843 -0.15927331 0.06914806 -0.08015008 -0.15884826 0.08453163 -0.08012131 -0.1584388 0.09607878 -0.12119129 -0.154017 -0.08361348 -0.47623864 -0.15217237 -0.08365182 -0.52725244 -0.15076703 -0.08373622 -0.54802549 -0.14860991 -0.08375669 -0.55538809 -0.15236151 -0.05646048 -0.55525792 -0.15164386 -0.03744606 -0.5550971 -0.14390121 -0.00538186 -0.55497193 -0.14972241 0.01183789 -0.55480981 -0.1491387 0.03610524 -0.06482521 -0.14919491 -0.102884 -0.08013983 -0.14733447 -0.0739379 -0.07999985 -0.15077665 -0.07173688 -0.08003017 -0.15302077 -0.06824688 -0.07227279 -0.14603917 -0.08368852 -0.08024353 -0.14843173 -0.04035909 -0.07995552 -0.15186563 0.0182901 -0.07996826 -0.15184486 0.03493627 -0.07968497 -0.14457659 0.09797006 -0.1415818 -0.14968082 -0.08361109 -0.17072715 -0.14262678 -0.08364039 -0.22733122 -0.14490519 -0.08363687 -0.25571853 -0.14414962 -0.08368681 -0.30664265 -0.14797422 -0.08366687 -0.32966861 -0.14197642 -0.08366644 -0.44973272 -0.14360788 -0.08366052 -0.5415104 -0.15213718 0.09817307 -0.54213703 -0.15391135 0.09832921 -0.5417645 -0.15428244 0.09615871 -0.55555797 -0.14527926 -0.06908677 -0.06514059 -0.14074261 -0.08458553 -0.06514059 -0.14074261 -0.08458553 -0.06719205 -0.14748254 -0.08354817 -0.06521651 -0.1210905 0.100237 -0.06559272 -0.14796627 0.13322368 -0.08012389 -0.14936695 -0.06239305 -0.08013496 -0.14465716 -0.02296696 -0.07989009 -0.14602858 0.00298958 -0.07994039 -0.14487748 0.06323468 -0.07993832 -0.14373212 0.08113068 -0.07982808 -0.1357141 0.09603771 -0.09109187 -0.14214244 -0.08364067 -0.12235928 -0.13844925 -0.08366001 -0.20316973 -0.13492903 -0.08364577 -0.36705661 -0.14394593 -0.08368426 -0.40654975 -0.14765346 -0.08366763 -0.55567133 -0.13287677 -0.0795939 -0.55465233 -0.12446412 0.09883683 -0.55471814 -0.13386786 0.09830492 -0.06418407 -0.12685394 -0.13274884 -0.06527251 -0.13364676 0.10419195 -0.06533314 -0.11620888 0.12674311 -0.08006984 -0.13784145 -0.0532702 -0.07983908 -0.14249843 0.03207823 -0.07985041 -0.13965061 0.0478467 -0.50266433 -0.14039588 -0.08378021 -0.535671 -0.1371983 -0.08379785 -0.55574918 -0.13208453 -0.08254024 -0.55464613 -0.13813296 0.0845386 -0.05145022 -0.12992992 -0.13289034 -0.06446995 -0.13150226 -0.12538436 -0.06726579 -0.13300507 -0.08369892 -0.06538153 -0.11955497 0.09802898 -0.07982276 -0.13135101 -0.067926 -0.07997158 -0.13321176 -0.06249104 -0.08017023 -0.13586175 -0.03889171 -0.07980676 -0.13664092 0.01976263 -0.28389472 -0.13750209 -0.08371612 -0.34727836 -0.12652592 -0.08371092 -0.41340703 -0.13723615 -0.08370046 -0.47394371 -0.1357812 -0.08371343 -0.52110624 -0.13644922 -0.08381454 -0.54161447 -0.13658698 0.09418025 -0.54145038 -0.13378565 0.09596588 -0.54220849 -0.15321973 -0.06571699 -0.54235196 -0.14985126 -0.06763605 -0.54205441 -0.1340849 -0.06586159 -0.54226512 -0.13132989 -0.06775839 -0.55569208 -0.12433117 -0.06991384 -0.55548346 -0.13227589 -0.05662096 -0.55529916 -0.13412607 -0.03490356 -0.55527729 -0.10681051 -0.00907398 -0.55484867 -0.13109694 0.03203031 -0.55474257 -0.12388298 0.05542447 -0.55467772 -0.13734542 0.06985512 -0.55464321 -0.13139243 0.09491294 -0.0650329 -0.11966388 -0.09161825 -0.06544943 -0.11469503 0.13109887 -0.079761 -0.13037619 -0.07193203 -0.07982537 -0.12811044 -0.07397491 -0.17500226 -0.12583317 -0.08372044 -0.38310719 -0.12573782 -0.08373136 -0.55094838 -0.09659308 -0.08382817 -0.55555379 -0.11927966 -0.08373442 -0.55555379 -0.11927966 -0.08373442 -0.0646601 -0.12740377 -0.10873301 -0.0653066 -0.11983208 0.11281093 -0.07137148 -0.12517992 -0.08374385 -0.07996786 -0.13283551 -0.01179198 -0.07982314 -0.13277517 0.00526496 -0.07982121 -0.12520261 0.03910025 -0.07986543 -0.12493527 0.05783197 -0.07985795 -0.13203518 0.07461625 -0.09744041 -0.11683148 -0.08365268 -0.23998168 -0.12633605 -0.08370177 -0.31604487 -0.11764611 -0.08372924 -0.44220954 -0.12501378 -0.08371501 -0.50202465 -0.1230521 -0.08378702 -0.55556649 -0.11172747 -0.0502002 -0.5549469 -0.12802669 0.01932987 -0.04015574 -0.10597189 -0.13313285 -0.04366341 -0.11705869 -0.13299623 -0.08010748 -0.11177598 -0.02568934 -0.07995042 -0.11923797 -0.00685725 -0.07982165 -0.11713193 0.02326762 -0.11387236 -0.122281 -0.08370022 -0.27524629 -0.11276782 -0.08372121 -0.46782398 -0.11372021 -0.08371577 -0.53516203 -0.11179589 -0.08382306 -0.55540931 -0.10034171 -0.0260608 -0.55506313 -0.11007595 0.0160419 -0.0644253 -0.10661867 -0.13252467 -0.0644253 -0.10661867 -0.13252467 -0.06483778 -0.11930027 -0.10007479 -0.06511785 -0.11032361 -0.0845044 -0.06511785 -0.11032361 -0.0845044 -0.07984701 -0.11796626 0.01114937 -0.07983956 -0.11899633 0.09586488 -0.08493014 -0.11096308 -0.08363343 -0.14006031 -0.12180944 -0.08373908 -0.40983015 -0.11184634 -0.08372841 -0.55570447 -0.1078888 -0.06096987 -0.55466378 -0.11346506 0.07581624 -0.06458721 -0.09428257 -0.11708117 -0.06727295 -0.11522832 -0.08359129 -0.07970625 -0.11040092 -0.07185108 -0.07973014 -0.10069144 0.0980074 -0.554299 -0.10955032 -0.08389299 -0.55552804 -0.09275758 -0.03522823 -0.55466998 -0.10224706 0.08592417 -0.05356699 -0.10034554 -0.13276851 -0.06456894 -0.09338896 -0.13040525 -0.06466615 -0.1098915 -0.11016359 -0.0652895 -0.09509379 0.10414689 -0.06560947 -0.10468291 0.13324246 -0.07995594 -0.09014781 -0.06322274 -0.07987133 -0.10281454 0.0570282 -0.19404659 -0.11079171 -0.08371902 -0.22558118 -0.10232572 -0.08369368 -0.52129662 -0.1050763 -0.08381466 -0.54678667 -0.0878198 -0.08381543 -0.55488116 -0.10300583 0.0405091 -0.06391643 -0.08507501 -0.13258931 -0.06532793 -0.09605521 0.11142197 -0.0724318 -0.10075291 -0.0835742 -0.0799001 -0.10113473 -0.07402197 -0.11296132 -0.10811794 -0.08371747 -0.12984923 -0.10703465 -0.0837511 -0.16161096 -0.10768326 -0.08376531 -0.37896907 -0.10464782 -0.08374348 -0.43435267 -0.10499322 -0.08373336 -0.55529964 -0.08245134 0.00680732 -0.06451233 -0.09073269 -0.12637797 -0.06481703 -0.10010928 -0.10442946 -0.0800056 -0.09592721 -0.05731184 -0.08008322 -0.09765218 -0.04573185 -0.07988761 -0.08407369 0.00216364 -0.07984957 -0.08611029 0.01152065 -0.07982247 -0.10538667 0.09596097 -0.48868847 -0.10165122 -0.08376164 -0.55614209 -0.08828434 -0.08258837 -0.55472738 -0.10062914 0.09607353 -0.0436843 -0.09048046 -0.13294843 -0.06511781 -0.0937503 -0.09261058 -0.06726697 -0.10080571 -0.08339367 -0.06515536 -0.1003059 -0.08439698 -0.06536883 -0.09995908 0.12559208 -0.08013803 -0.09977439 -0.03719459 -0.17819551 -0.09221256 -0.08375058 -0.55603611 -0.09069988 -0.07937462 -0.06546344 -0.09578612 0.13021043 -0.10461302 -0.09164444 -0.08368952 -0.14227006 -0.0921405 -0.08374689 -0.29933712 -0.09361137 -0.08374297 -0.34907678 -0.09619696 -0.08374629 -0.47867578 -0.09069404 -0.07363967 -0.47408444 -0.12895511 -0.07356489 -0.45058244 -0.10459691 -0.07363651 -0.55469382 -0.08759911 0.07493054 -0.55481172 -0.0635235 0.092034 -0.55488515 -0.08235522 0.0989755 -0.06530616 -0.08387241 0.09808015 -0.08673258 -0.09381089 -0.08362024 -0.07977715 -0.0939671 -0.07178084 -0.0799768 -0.08449593 -0.00796974 -0.07984731 -0.08485577 0.02756014 -0.07987258 -0.087576 0.07793828 -0.07986781 -0.08702654 0.09619402 -0.26182193 -0.09625649 -0.08369253 -0.4634853 -0.08110933 -0.08375607 -0.55587721 -0.07158625 -0.08376605 -0.55587721 -0.07158625 -0.08376605 -0.55591357 -0.08629134 -0.06716908 -0.5547936 -0.08100966 0.0603786 -0.04017097 -0.06895947 -0.13313505 -0.06515536 -0.1003059 -0.08439698 -0.08008489 -0.08115897 -0.02229274 -0.1996347 -0.0769472 -0.08374662 -0.3588486 -0.08079368 -0.08379544 -0.39236331 -0.07975847 -0.08378724 -0.41414779 -0.07836396 -0.08376925 -0.44316822 -0.0805995 -0.08377377 -0.49333069 -0.0843461 -0.08380205 -0.52362978 -0.08205292 -0.08385573 -0.55576801 -0.08040832 -0.05303443 -0.06461053 -0.06568044 -0.11343776 -0.06536669 -0.08175325 0.12695521 -0.06558941 -0.08377853 0.13324317 -0.07217281 -0.06451634 -0.08365992 -0.07985565 -0.05993913 -0.07406167 -0.07989703 -0.07238586 0.04589727 -0.07991834 -0.0669117 0.05995931 -0.23139438 -0.0780102 -0.08371941 -0.26363742 -0.08643162 -0.08371169 -0.54192054 -0.0996775 -0.06557489 -0.54215175 -0.09149183 -0.06794617 -0.54187477 -0.08223176 -0.06577659 -0.55503786 -0.07841688 0.03538176 -0.06510034 -0.0661813 -0.09288368 -0.06516871 -0.06748167 -0.08449527 -0.06728332 -0.07684493 -0.08349193 -0.07978587 -0.07197924 -0.07188246 -0.09024641 -0.07481208 -0.08368798 -0.0800916 -0.06845582 -0.04522143 -0.08013618 -0.07167719 -0.03553224 -0.12402947 -0.07773945 -0.08375318 -0.55478978 -0.06330048 0.08435275 -0.05366366 -0.05533355 -0.13273582 -0.06428607 -0.06553122 -0.13248974 -0.06428607 -0.06553122 -0.13248974 -0.06445292 -0.06240108 -0.12612516 -0.06483394 -0.06733449 -0.10278664 -0.08002274 -0.06494668 -0.05615745 -0.15126793 -0.07999831 -0.08376171 -0.55516583 -0.06668928 0.02895614 -0.0652281 -0.05947944 0.10013854 -0.06536072 -0.06763542 0.11669158 -0.07973765 -0.07293636 0.09802958 -0.10614043 -0.06664504 -0.08377139 -0.28838348 -0.07131416 -0.08378496 -0.3259531 -0.0735338 -0.08382038 -0.48196861 -0.06125739 -0.08382649 -0.54100412 -0.06431401 -0.0838523 -0.55474651 -0.07056627 0.07545524 -0.55508322 -0.02280111 0.09839483 -0.0653369 -0.06188954 0.10502326 -0.06543534 -0.06113101 0.12886918 -0.06564082 -0.05638751 0.13325235 -0.13447073 -0.05819437 -0.08381403 -0.16408636 -0.05954195 -0.08382713 -0.51456845 -0.06298986 -0.08387975 -0.54190493 -0.05744622 -0.06568212 -0.03133562 -0.07047391 0.00772824 -0.02871135 -0.06915836 0.00895216 -0.03497383 -0.07232407 0.00901829 -0.03483194 -0.07143009 0.00669908 -0.0351097 -0.07099758 0.0119231 -0.03832182 -0.07406732 0.00880482 -0.03907192 -0.07261175 0.00420352 -0.03850362 -0.07370085 0.0121636 -0.0351097 -0.07099758 0.0119231 -0.03674188 -0.07039915 0.01449599 -0.03850362 -0.07370085 0.0121636 -0.03850362 -0.07370085 0.0121636 -0.03674188 -0.07039915 0.01449599 -0.03841257 -0.0719813 0.01657178 -0.03964898 -0.07564977 0.0041688 -0.03990808 -0.0735863 0.00219848 -0.03907192 -0.07261175 0.00420352 -0.03974274 -0.07238835 -0.00015748 -0.03922653 -0.07406402 0.01655113 -0.03952426 -0.0748927 0.01306095 -0.03856853 -0.07111602 0.01975536 -0.03929156 -0.07245842 0.01986774 -0.06374742 -0.05532936 -0.13258728 -0.0645078 -0.06114952 -0.13036713 -0.06516871 -0.06748167 -0.08449527 -0.06513253 -0.05179539 -0.08443501 -0.07990645 -0.06128203 0.07763123 -0.21345437 -0.05710788 -0.08378411 -0.25955018 -0.06051498 -0.08376948 -0.53255105 -0.04597053 -0.08388979 -0.55429947 -0.05693698 -0.08392102 -0.55610746 -0.05310975 -0.07887716 -0.55600822 -0.06117028 -0.06794659 -0.5555985 -0.05449339 -0.0164592 -0.55541193 -0.04594555 0.01637384 -0.02252689 -0.06630495 0.00751656 -0.01854825 -0.06477539 0.0087383 -0.01956627 -0.06481625 0.00952926 -0.02871135 -0.06915836 0.00895216 -0.01956627 -0.06481625 0.00952926 -0.02977473 -0.06763005 0.01174202 -0.02979088 -0.06851645 0.00569879 -0.03497052 -0.0693453 0.00387063 -0.03148267 -0.06736277 0.00249296 -0.03516611 -0.06755641 0.00163954 -0.03844294 -0.06994329 0.00233599 -0.03886476 -0.06877936 -0.00025163 -0.06724912 -0.0589945 -0.0834621 -0.06535393 -0.0582655 0.09807961 -0.07998078 -0.04875595 -0.06193844 -0.09147394 -0.05489215 -0.08378725 -0.08001244 -0.05731251 -0.01447082 -0.07988045 -0.04742334 0.00841709 -0.07988824 -0.05079436 0.0308487 -0.07993068 -0.04970523 0.09610342 -0.35525295 -0.05473002 -0.08383537 -0.39601171 -0.0562199 -0.08383045 -0.42400038 -0.04597109 -0.08383577 -0.43936205 -0.05814772 -0.08382554 -0.55580509 -0.05122593 -0.04112033 -0.55482173 -0.05995668 0.07023265 -0.55497432 -0.05197438 0.05605086 -0.55493379 -0.03860613 0.09612545 -0.01174292 -0.0612622 0.00617578 -0.00963724 -0.06088037 0.00831311 -0.01994023 -0.06456761 0.0060456 -0.0096581 -0.06041637 0.00908991 -0.02511966 -0.06598394 0.00466045 -0.01969403 -0.06228838 0.00040566 -0.02208722 -0.06275335 -0.0005816 -0.02238494 -0.06237393 0.01335918 -0.02864027 -0.06601192 0.01273098 -0.02470696 -0.06319779 -0.0010028 -0.02983657 -0.06578974 0.00125685 -0.03011546 -0.06351395 -0.00160704 -0.03021353 -0.06469309 0.01468315 -0.03527153 -0.06450908 -0.00017671 -0.03385293 -0.06309848 -0.0019737 -0.03852475 -0.06442024 -0.00100753 -0.30352485 -0.03654368 -0.08384959 -0.32468349 -0.03364622 -0.08386428 -0.54148352 -0.06496423 0.09189432 -0.54155493 -0.09135371 0.08453219 -0.54157817 -0.03756611 0.08770626 -0.00133997 -0.05700968 0.00277256 -0.0011245 -0.05706703 0.00596514 -0.0020358 -0.05798566 0.00583764 -0.00198808 -0.05755359 0.00152051 -0.00084913 -0.05678795 0.00865429 -0.00254065 -0.05806331 0.00828367 -0.00248083 -0.05740834 -0.00362457 -0.00456539 -0.05867408 -0.00187064 -0.00462431 -0.05820554 -0.00409181 -0.00474423 -0.05918088 0.00597947 -0.00254065 -0.05806331 0.00828367 -0.00084913 -0.05678795 0.00865429 -0.00485745 -0.05801437 0.00931185 -0.00856468 -0.05962094 -0.00208742 -0.00853103 -0.05911499 -0.00426064 -0.0085558 -0.05987832 0.00176909 -0.00863156 -0.06031766 0.00603565 -0.00963724 -0.06088037 0.00831311 -0.00485745 -0.05801437 0.00931185 -0.01246241 -0.05937312 -0.00400613 -0.01248646 -0.0600052 -0.00214056 -0.01453796 -0.06170104 0.00440799 -0.01644972 -0.05944304 -0.00393809 -0.01648617 -0.06038905 -0.00214968 -0.01636383 -0.06163306 0.00165396 -0.0096581 -0.06041637 0.00908991 -0.01433229 -0.05863395 0.0129744 -0.01872793 -0.05935286 -0.00401739 -0.02037519 -0.06081758 -0.00216315 -0.02090326 -0.06073784 0.01375314 -0.02208722 -0.06275335 -0.0005816 -0.02470696 -0.06319779 -0.0010028 -0.02472582 -0.06088578 -0.00222794 -0.02037519 -0.06081758 -0.00216315 -0.03011546 -0.06351395 -0.00160704 -0.03036436 -0.06058953 -0.00203336 -0.03385293 -0.06309848 -0.0019737 -0.03398389 -0.06171719 -0.00209562 -0.03527153 -0.06450908 -0.00017671 -0.03548694 -0.06006421 0.00015955 -0.03852475 -0.06442024 -0.00100753 -0.03864473 -0.05999897 -0.00033189 -0.06423375 -0.04513287 -0.11896621 -0.06467308 -0.0538073 -0.10215744 -0.06495433 -0.0504713 -0.09191217 -0.07977006 -0.05365638 -0.07202888 -0.54677051 -0.02924133 -0.08388177 -0.55036807 -0.02599041 -0.08393753 -0.55597973 -0.04053174 -0.05430178 -0.00133997 -0.05700968 0.00277256 -0.00198808 -0.05755359 0.00152051 -0.00165227 -0.05602879 0.00047331 -0.00248083 -0.05740834 -0.00362457 -0.00462431 -0.05820554 -0.00409181 -0.00458521 -0.05669203 -0.0048864 -0.00232217 -0.05554723 -0.00391216 -0.00853103 -0.05911499 -0.00426064 -0.00848901 -0.05717942 -0.00521014 -0.01246241 -0.05937312 -0.00400613 -0.01245207 -0.05738058 -0.00453309 -0.01644972 -0.05944304 -0.00393809 -0.01643902 -0.05757737 -0.00403712 -0.01872793 -0.05935286 -0.00401739 -0.02056628 -0.05696721 -0.00277812 -0.0249505 -0.05753171 -0.00204269 -0.02854761 -0.05810684 -0.00169755 -0.03266078 -0.05888426 -0.00093213 -0.02854761 -0.05810684 -0.00169755 -0.03266078 -0.05888426 -0.00093213 -0.03088072 -0.05696472 0.00073399 -0.03548694 -0.06006421 0.00015955 -0.03421035 -0.05733926 0.00179049 -0.03696212 -0.05822518 0.00489476 -0.03495392 -0.05660256 0.00522815 -0.03734624 -0.05761775 0.00992434 -0.03528181 -0.05662153 0.00996291 -0.03564879 -0.05930979 0.01354187 -0.03448206 -0.05764927 0.01253485 -0.06497422 -0.04278344 -0.08619798 -0.06513253 -0.05179539 -0.08443501 -0.06530562 -0.02935262 0.12703353 -0.07243161 -0.05107458 -0.08377174 -0.08007403 -0.04063801 -0.02544839 -0.3830072 -0.03355547 -0.0838621 -0.49821609 -0.03381838 -0.08387516 -0.55623913 -0.00480951 -0.0826937 -0.00137538 -0.05427819 0.00565361 -0.00457722 -0.05345226 -0.00492651 -0.00849846 -0.05354996 -0.00536234 -0.01277867 -0.05348634 -0.0044523 -0.01604456 -0.05532628 -0.00386638 -0.01653844 -0.05317977 -0.00284163 -0.01839432 -0.05619222 0.01349189 -0.01776806 -0.05755046 0.01374977 -0.01322305 -0.05477932 0.0134702 -0.01619172 -0.05317561 0.01203894 -0.0223726 -0.05475135 -0.00089134 -0.01653844 -0.05317977 -0.00284163 -0.0223726 -0.05475135 -0.00089134 -0.02147967 -0.05350788 0.00089692 -0.02532566 -0.05510197 0.00081383 -0.02710453 -0.05399997 0.00569864 -0.02756989 -0.05437345 0.00999578 -0.0251869 -0.05705031 0.01320889 -0.02366838 -0.05423833 0.01209878 -0.04997215 -0.03688359 -0.13281384 -0.06382693 -0.02736808 -0.13246346 -0.06382693 -0.02736808 -0.13246346 -0.06696859 -0.04800365 -0.08356418 -0.08137219 -0.04314433 -0.08389992 -0.08010495 -0.02825407 -0.03655038 -0.07996383 -0.03210577 -0.00784222 -0.07999074 -0.01782837 0.08421638 -0.0798222 -0.03816047 0.09803923 -0.14718887 -0.03699928 -0.08390302 -0.26692873 -0.03960059 -0.08381615 -0.44737527 -0.03527628 -0.08384889 -0.55614352 -0.03042142 -0.06539661 -0.0024617 -0.04866851 -0.00363929 -0.00433767 -0.04639111 -0.0041988 -0.00851151 -0.04932087 -0.00501875 -0.01193127 -0.04933241 -0.00446934 -0.0144293 -0.05099752 -0.00326733 -0.0153617 -0.04917708 -0.00234372 -0.01653844 -0.05317977 -0.00284163 -0.01738694 -0.05135588 0.00099193 -0.0153617 -0.04917708 -0.00234372 -0.01585442 -0.04895426 0.00088152 -0.01761356 -0.05060044 0.00590902 -0.0159826 -0.04866561 0.0060754 -0.01761356 -0.05060044 0.00590902 -0.017353 -0.05070614 0.00943633 -0.01522589 -0.04907971 0.00906389 -0.01522589 -0.04907971 0.00906389 -0.017353 -0.05070614 0.00943633 -0.01468468 -0.0508115 0.0103245 -0.01522589 -0.04907971 0.00906389 -0.06432931 -0.03608183 -0.10143179 -0.06509788 -0.04776248 -0.0842934 -0.06509788 -0.04776248 -0.0842934 -0.0654248 -0.02930411 0.13106808 -0.08003762 -0.03688134 -0.05027203 -0.07995665 -0.0374498 0.06642395 -0.07993881 -0.03618846 0.09577777 -0.11585186 -0.0350058 -0.08391009 -0.19280481 -0.0389429 -0.08386084 -0.23191822 -0.03425794 -0.08385824 -0.52382338 -0.02262978 -0.08388037 -0.54091883 -0.02075824 -0.08389892 -0.00845659 -0.03742656 -0.00476296 -0.01398697 -0.04158173 -0.00347311 -0.01533759 -0.04173189 -0.00250927 -0.01533759 -0.04173189 -0.00250927 -0.01574472 -0.0450471 0.00619533 -0.01484036 -0.04510478 0.00842091 -0.03923309 -0.04248368 0.02211719 -0.03928137 -0.03615416 0.03511944 -0.03936514 -0.05127455 0.02546864 -0.04365742 0.01826847 -0.13298938 -0.03997377 -0.0387313 -0.13317814 -0.06556664 -0.02843174 0.13323042 -0.06738435 -0.04027114 -0.08377548 -0.08000906 -0.03025174 -0.07403821 -0.07984909 -0.03404338 -0.07185621 -0.08949541 -0.03301102 -0.08395138 -0.47283778 -0.02850049 -0.08385292 -0.55531609 -0.03097646 0.0360991 -0.55519223 -0.01673054 0.0553095 -0.5550921 -0.01522579 0.06888559 -0.55494952 -0.0285432 0.08194628 -0.554968 -0.02473418 0.09899505 -0.0044519 -0.03480121 -0.00405733 -0.01162916 -0.03570944 -0.00436003 -0.01624981 -0.04045966 0.00108322 -0.01590383 -0.04083402 0.00620746 -0.06406553 -0.02840741 -0.13041374 -0.06397159 -0.02789892 -0.12620458 -0.06408742 -0.02971898 -0.10958683 -0.06517938 -0.04678948 -0.0834142 -0.06515323 -0.02909419 -0.08376525 -0.07989764 -0.03268221 0.019174 -0.0799357 -0.0264526 0.0531972 -0.35896507 -0.02865088 -0.08385605 -0.40128067 -0.02508263 -0.08386353 -0.55618119 -0.02959573 -0.07384814 -0.55573052 -0.03019434 -0.01400832 -0.01368684 -0.03472592 -0.00335241 -0.0150606 -0.03282159 -0.00229845 -0.0150606 -0.03282159 -0.00229845 -0.0157147 -0.0329989 0.00615626 -0.01456752 -0.03334324 0.00818806 -0.06438994 -0.029559 -0.09711122 -0.06457067 -0.02208753 -0.09222149 -0.0652636 -0.00962093 0.10415556 -0.07203367 -0.02592828 -0.08411743 -0.08006305 -0.02120936 -0.04466022 -0.07991628 -0.01165865 0.04315593 -0.55438685 -0.02681821 -0.08406154 -0.55590326 -0.02595184 -0.08395924 -0.55590326 -0.02595184 -0.08395924 -0.55505335 -0.00785076 0.095548 -0.00217631 -0.04342338 -0.00191686 -0.00262502 -0.04054106 -0.00347743 -0.00226831 -0.03153897 -0.00204758 -0.01590392 -0.02823096 0.00118517 -0.06530923 -0.02271437 0.11027106 -0.06727721 -0.02544452 -0.08395954 -0.07998635 -0.02009034 -0.06316368 -0.08001812 -0.01115225 -0.05446643 -0.17785305 -0.02432114 -0.08392351 -0.24435303 -0.01729835 -0.08387396 -0.00262502 -0.04054106 -0.00347743 -0.00457096 -0.02732743 -0.00416971 -0.00850925 -0.02608898 -0.00476653 -0.01140371 -0.01868173 -0.00439359 -0.01348403 -0.02252541 -0.00329841 -0.06393871 -0.02215851 -0.11817565 -0.06517223 -0.01074318 0.10005321 -0.11020049 -0.01837541 -0.08395513 -0.13595478 -0.01008969 -0.08395664 -0.1533576 -0.01253217 -0.08394671 -0.35295308 -0.00663092 -0.08386789 -0.55556834 -0.01720452 0.01677238 -0.01544216 -0.01820236 0.0061877 -0.01447374 -0.02105067 0.00814112 -0.06414451 -0.01872627 -0.10209852 -0.07981324 -0.00455041 -0.07176621 -0.08871749 -0.01916685 -0.08401055 -0.07995886 0.00927554 0.06964555 -0.08006173 0.00225485 0.09623691 -0.07999246 0.00363827 0.09806295 -0.20855883 -0.00315085 -0.08393537 -0.27737874 -0.0076183 -0.08384729 -0.5560782 -0.01540291 -0.0502669 -0.55593276 0.00080912 -0.02574138 -0.55569965 -0.01542388 0.0005016 -0.01554871 -0.00945113 0.00132107 -0.06430872 -0.01225331 -0.09696458 -0.06472394 -0.00651373 -0.08785697 -0.0649049 -0.00973618 -0.08475914 -0.06527051 0.00578694 0.09810924 -0.08004758 -0.01234272 -0.02113871 -0.43150479 -0.00895778 -0.08387955 -0.53068286 -0.00379151 -0.08389939 -0.55548406 -0.00147098 0.03333917 -0.00456253 0.00440687 -0.00419042 -0.01474953 -0.00992761 -0.00188173 -0.01474953 -0.00992761 -0.00188173 -0.05721447 0.00102316 -0.13264176 -0.06344484 0.02035222 -0.13254154 -0.06537797 -0.00592628 0.11418243 -0.06534937 0.00314652 0.12666032 -0.07219701 0.00209673 -0.08411824 -0.07996207 -0.00700131 0.00033229 -0.07994026 -0.00121131 0.02217718 -0.09938627 0.00976473 -0.08395026 -0.16705254 0.02131835 -0.08398155 -0.30611262 -0.00323684 -0.08387921 -0.49467415 0.00117374 -0.08388195 -0.55625188 0.00879456 -0.07970657 -0.55625117 -0.00768691 -0.0733592 -0.00254673 0.01356998 -0.00354923 -0.01341891 -0.00579856 -0.00294099 -0.03997234 0.01390477 -0.13318411 -0.05229449 0.01655786 -0.13275227 -0.06401965 0.00572102 -0.10973453 -0.18620527 0.01719863 -0.0839661 -0.55438113 0.02885718 -0.08403542 -0.55622792 -0.00545941 -0.06487403 -0.55511785 -0.00183361 0.08029529 -0.0112091 -0.00229032 -0.00436101 -0.01544413 -0.00765825 0.00626346 -0.01454723 -0.00211048 0.00817987 -0.06406076 0.00059675 -0.13041151 -0.06394982 -0.00092937 -0.12594971 -0.06546195 0.00211843 0.13079226 -0.08679169 -0.00112769 -0.08401413 -0.12262943 0.01433543 -0.08397438 -0.32419318 0.0120336 -0.08387851 -0.39168566 -0.00366449 -0.08388659 -0.55602312 0.02309013 -0.08392747 -0.55602312 0.02309013 -0.08392747 -0.55618757 0.01330585 -0.05518267 -0.00849861 0.00045532 -0.00472806 -0.01531664 -0.00463336 0.00065251 -0.03796101 -0.00483393 0.09106632 -0.03787178 -0.00488828 0.0979548 -0.03871009 -0.00520417 0.08974882 -0.03860539 -0.00515885 0.09914451 -0.07994166 0.01033706 -0.06305931 -0.07998213 0.00787935 -0.05830029 -0.08007111 0.01122627 -0.04401807 -0.08009592 0.00171662 -0.03010596 -0.08002071 0.00588277 0.09240382 -0.52433658 0.01836595 -0.08390943 -0.01322645 0.00169106 -0.00304858 -0.01543695 -0.00071561 0.00138303 -0.01539871 0.00395921 0.00619312 -0.03799602 -0.0030073 0.08906975 -0.03794131 5.816E-05 0.10146453 -0.03800842 -0.00137315 0.10558306 -0.03810117 -0.00276868 0.09973343 -0.06445703 0.02041707 -0.09321617 -0.06502198 0.01845009 -0.0836099 -0.06508479 0.00595141 0.10005402 -0.06532811 0.00612151 0.11150043 -0.06571063 0.02878562 0.13322321 -0.08004075 0.01875207 -0.01521752 -0.23193277 0.00205678 -0.08390348 -0.555363 0.03215868 0.09576272 -0.55536294 0.02924449 0.09907451 -0.01450202 0.01615239 -0.0014515 -0.01450202 0.01615239 -0.0014515 -0.01534608 0.01378465 0.00166839 -0.03829861 0.00537272 0.08173838 -0.038174 -5.304E-05 0.084872 -0.03882587 0.00257174 0.08088031 -0.0380874 0.00268671 0.09245061 -0.03856182 -0.00139358 0.1073046 -0.03795141 0.00332658 0.11010375 -0.03854772 0.00234637 0.11050635 -0.06393689 0.01528299 -0.11542451 -0.06477559 0.0223054 -0.08478756 -0.06741977 0.00948255 -0.0839764 -0.07971442 0.02472085 -0.07180817 -0.07994659 0.01299909 0.0140615 -0.08000246 0.01144004 0.0835832 -0.37246677 0.01683107 -0.08386087 -0.43285215 0.00892683 -0.08387468 -0.54433984 0.04302857 -0.08398793 -0.55629623 0.0151528 -0.07233158 -0.55565798 0.01607299 0.01953848 -0.55532676 0.01758644 0.06589033 -0.55531609 0.02568707 0.07883026 -0.55544221 0.02698616 0.09851994 -0.01108134 0.0170244 -0.00416119 -0.03884748 0.00948643 0.0795046 -0.03812116 0.01319452 0.09101581 -0.06390399 0.02107531 -0.12620798 -0.07996988 0.02918712 -0.05592064 -0.08012827 0.03090069 -0.0363989 -0.0887911 0.02096349 -0.08396649 -0.25500312 0.01201359 -0.08387414 -0.29263923 0.01477898 -0.08386979 -0.55094135 0.04488612 -0.08400627 -0.55552375 0.02251879 0.04000016 -0.0044885 0.02104992 -0.00410483 -0.00847206 0.02019248 -0.00449459 -0.01523328 0.01556148 0.00618052 -0.01437691 0.01522218 0.00809514 -0.03825161 0.01269386 0.08617484 -0.06401105 0.0215891 -0.13042992 -0.06409729 0.05806265 -0.10168796 -0.06501481 0.00980656 0.09809127 -0.06509455 0.01518467 0.10011151 -0.07987748 0.02672154 -0.0740175 -0.072236 0.0349513 -0.08404789 -0.1502741 0.03300685 -0.08398569 -0.23277056 0.04242883 -0.08394406 -0.54193771 0.02771762 -0.0606143 -0.54194683 -0.00121259 -0.06409354 -0.54201263 0.02168739 -0.06406236 -0.55591083 0.02130929 -0.017934 -0.55579305 0.03473103 0.00674229 -0.01319227 0.02489436 -0.00269804 -0.03828353 0.0178054 0.08247577 -0.03879172 0.01839382 0.08095162 -0.06528203 0.01455877 0.098102 -0.06382182 0.03368107 -0.13249677 -0.06382182 0.03368107 -0.13249677 -0.06546867 0.02806852 0.12686014 -0.0799565 0.03057623 0.03144773 -0.27076095 0.03342125 -0.08390776 -0.32452384 0.03253812 -0.08387966 -0.39503145 0.03518394 -0.08388383 -0.4183979 0.03287137 -0.08389602 -0.4493719 0.02724454 -0.08390573 -0.4880099 0.04758257 -0.08393974 -0.50630212 0.03297088 -0.08393583 -0.00164077 0.03866539 0.00678565 -0.00170815 0.00744884 0.00667282 -0.00175825 0.0356859 0.0044324 -0.03923491 0.01511421 0.07314103 -0.03914085 0.02199415 0.0787408 -0.03934497 0.0178257 0.07757594 -0.03809443 0.02225715 0.08622625 -0.03803942 0.01995734 0.09358975 -0.03814912 0.01787869 0.09278374 -0.0383347 0.01950273 0.08452063 -0.06558731 0.02867124 0.13127244 -0.06752996 0.02811695 -0.08391953 -0.07998234 0.04418949 0.00252052 -0.07997182 0.03030503 0.01363771 -0.55610299 0.04454491 -0.03615449 -0.01532948 0.02623663 0.0011638 -0.01530433 0.02639145 0.00621378 -0.03895998 0.02276573 0.08500614 -0.06423789 0.05875853 -0.09785175 -0.06538743 0.03084904 0.1141374 -0.07984661 0.05338708 0.09806295 -0.52848434 0.01752735 -0.07357404 -0.49311319 0.02866713 -0.07352782 -0.5075891 0.05054436 -0.07352106 -0.01470414 0.02785215 -0.00133509 -0.01470414 0.02785215 -0.00133509 -0.01439735 0.02938229 0.0081571 -0.07994299 0.03956846 0.04972475 -0.07993689 0.04101265 0.07851895 -0.07991305 0.05825827 0.09218281 -0.55641186 0.03774086 -0.0827251 -0.55541193 0.04657755 0.08018943 -0.00248805 0.03825182 -0.0035995 -0.00854698 0.04486165 -0.00444851 -0.01544163 0.0301438 0.0015017 -0.01510689 0.03036556 0.00660592 -0.03998923 0.04243553 -0.13314161 -0.04350442 0.04362885 -0.13296688 -0.06390005 0.04418433 -0.11978098 -0.06400883 0.04455465 -0.10716537 -0.06393085 0.04017902 -0.1131205 -0.06482673 0.05304951 -0.08482053 -0.07990849 0.046116 -0.06218079 -0.08007044 0.04689885 -0.04686937 -0.08725046 0.04027227 -0.08397264 -0.36844471 0.03555584 -0.0838581 -0.52356768 0.06085536 -0.08400994 -0.53573376 0.06673545 -0.08404718 -0.54195029 0.05237624 -0.06454778 -0.55639762 0.04728404 -0.07336009 -0.5559206 0.03775517 -0.01479105 -0.55541414 0.04683349 0.09101435 -0.00455967 0.03612566 -0.0041189 -0.01122928 0.04020903 -0.00418524 -0.01323625 0.0394623 -0.00270347 -0.01473433 0.03757409 -0.00121967 -0.01473433 0.03757409 -0.00121967 -0.01526979 0.03506267 0.00091925 -0.01525503 0.03420696 0.00621995 -0.03913909 0.0286915 0.08273425 -0.03911453 0.03481725 0.08021083 -0.03914279 0.03275136 0.08720004 -0.06504191 0.04543549 -0.08363614 -0.06526271 0.05209884 0.10453358 -0.07966025 0.04231257 -0.07187349 -0.08006202 0.04954628 -0.01558424 -0.07997887 0.05012167 0.0229639 -0.10499586 0.04296592 -0.08396598 -0.1313037 0.06321856 -0.08403363 -0.20066935 0.05301565 -0.08399241 -0.55634445 0.06377503 -0.06092236 -0.55625212 0.05111209 -0.05245207 -0.55552328 0.04676706 0.05728 -0.01439735 0.02938229 0.0081571 -0.01261887 0.02830208 0.00825845 -0.01197213 0.05167485 0.00824194 -0.03872496 0.03014288 0.11138576 -0.03894019 0.03247995 0.10401621 -0.03897464 0.03914887 0.09775688 -0.06538844 0.0424243 0.12696904 -0.07976171 0.04285697 -0.07402823 -0.07994847 0.06120101 0.09598314 -0.35723579 0.05443022 -0.08388451 -0.31813118 0.0634723 -0.08392084 -0.44625694 0.06888953 -0.08397306 -0.00462848 0.05047134 -0.00400899 -0.01418427 0.04315451 0.00801902 -0.01548508 0.04350117 0.00150534 -0.01527172 0.04318524 0.00616609 -0.052057 0.06428543 -0.132745 -0.06454422 0.06309265 -0.09255771 -0.06514464 0.05529005 0.10007467 -0.065678 0.06390536 0.1332311 -0.07214409 0.06775832 -0.08409586 -0.41777095 0.06486401 -0.08392776 -0.47357953 0.05699164 -0.08394528 -0.55605745 0.0685153 -0.02250556 -0.55594969 0.05777946 -0.00777728 -0.00170919 0.05148074 0.00229057 -0.01476058 0.0490605 -0.00176347 -0.01476058 0.0490605 -0.00176347 -0.0652875 0.05813864 0.09811642 -0.06765367 0.06875157 -0.08398009 -0.15380783 0.06923291 -0.08403074 -0.27110189 0.05554998 -0.08393037 -0.55568981 0.05546332 0.03699421 -0.55586052 0.10420072 0.09845 -0.00142223 0.06181026 0.00704011 -0.00259921 0.06397477 -0.00349016 -0.01132402 0.05644274 -0.00427858 -0.01341927 0.05307007 -0.00297809 -0.01384148 0.05621311 0.0077947 -0.06391744 0.06790537 -0.1260092 -0.06536025 0.05691985 0.12633222 -0.06553155 0.05645457 0.13103366 -0.08015354 0.0588654 -0.03640813 -0.07995379 0.05652914 0.06448694 -0.55612165 0.06930849 -0.08398455 -0.55612165 0.06930849 -0.08398455 -0.55643976 0.06494677 -0.0827057 -0.55591691 0.06530994 0.00761183 -0.00854373 0.05941511 -0.00448794 -0.01468861 0.05779589 -0.00192443 -0.01529458 0.05591593 0.00091951 -0.01468861 0.05779589 -0.00192443 -0.01514661 0.05760786 0.00583621 -0.06505191 0.06798783 -0.08358952 -0.0652625 0.0677785 0.11254641 -0.08995365 0.05858022 -0.08400819 -0.11341892 0.07372668 -0.08406205 -0.39104939 0.0758467 -0.08393543 -0.51208282 0.07739457 -0.08404165 -0.55451274 0.08357129 -0.08412869 -0.00460824 0.067038 -0.00401775 -0.01340196 0.06120158 -0.00286356 -0.06403542 0.07576844 -0.13034767 -0.08009282 0.07878751 -0.06150643 -0.080028 0.07076266 0.01443734 -0.55571389 0.07852444 0.0529049 -0.5555703 0.07184732 0.09595405 -0.5556494 0.08516973 0.09897756 -0.01340196 0.06120158 -0.00286356 -0.01456442 0.06237886 -0.00126899 -0.01512274 0.06293786 0.00199481 -0.01174963 0.06560144 0.00843909 -0.01377895 0.06206996 0.00753807 -0.01499662 0.06333253 0.0055083 -0.0399327 0.08463556 -0.13323417 -0.06335527 0.08042386 -0.13252068 -0.06379405 0.08199096 -0.13244 -0.06379405 0.08199096 -0.13244 -0.06394608 0.06401393 -0.11427925 -0.0799083 0.07306048 -0.07399834 -0.08014801 0.0741407 -0.05098415 -0.08012208 0.06874248 -0.01766396 -0.08004026 0.07284832 0.00307014 -0.08000758 0.06820381 0.04171797 -0.55589247 0.07875344 0.02453884 -0.55558455 0.07645842 0.07359799 -0.01128158 0.06966481 -0.00414679 -0.01318353 0.06677994 -0.00279702 -0.01318353 0.06677994 -0.00279702 -0.01444584 0.06686234 -4.906E-05 -0.01375583 0.06663787 0.00700458 -0.06478332 0.078706 -0.08846224 -0.06497353 0.08139747 -0.08474912 -0.06509107 0.09295362 0.10494589 -0.06517738 0.09497371 0.1271024 -0.08006167 0.07963726 0.07506909 -0.08003622 0.07890797 0.09136727 -0.24523976 0.07323357 -0.0839717 -0.27737284 0.0822444 -0.08397146 -0.34605384 0.07537869 -0.08393363 -0.47152528 0.09069017 -0.08401211 -0.49307102 0.08745801 -0.08402 -0.55645216 0.07203457 -0.07436965 -0.5564754 0.0922136 -0.06694309 -0.5561738 0.08246353 -0.03592644 -0.55554628 0.07529145 0.08501702 -0.00152642 0.06398046 0.00205006 -0.00098217 0.07126486 0.00745036 -0.00235894 0.07302922 -0.00360201 -0.00852674 0.07377541 -0.00451852 -0.01325491 0.07075974 -0.00282124 -0.01325491 0.07075974 -0.00282124 -0.0144546 0.07101202 0.00162932 -0.01471403 0.06974104 0.0044274 -0.01176497 0.0708054 0.00867521 -0.01375583 0.06663787 0.00700458 -0.01176497 0.0708054 0.00867521 -0.01397344 0.07097152 0.0060031 -0.04376036 0.085702 -0.13302225 -0.06403518 0.07770857 -0.11202393 -0.06433852 0.09775427 -0.10201041 -0.06534149 0.090821 0.13143423 -0.0945881 0.07567027 -0.08411217 -0.07987475 0.07551453 -0.0718371 -0.08030006 0.0842939 -0.03669218 -0.08028221 0.08456814 -0.02678476 -0.07995574 0.07776564 0.09807783 -0.19148223 0.08143061 -0.0840624 -0.21835354 0.08253026 -0.08404887 -0.5415442 0.05751279 0.09204724 -0.54163289 0.08495626 0.08882102 -0.54160327 0.09554628 0.09308349 -0.00093412 0.07516143 0.00234398 -0.0006766 0.07791504 0.00417333 -0.01168206 0.07405844 -0.00414325 -0.01391199 0.07470495 -0.00279445 -0.01391199 0.07470495 -0.00279445 -0.01455793 0.07492906 0.00065546 -0.01482469 0.07632715 -0.00213841 -0.01385179 0.07465279 0.00624349 -0.01184604 0.07468849 0.00885829 -0.06409782 0.10155138 -0.118869 -0.06500514 0.08941174 0.1000936 -0.06516913 0.10284498 0.09817167 -0.08208534 0.08137333 -0.08421887 -0.0800896 0.08700868 0.0588026 -0.0800702 0.08818054 0.0405952 -0.36800781 0.08651477 -0.08396023 -0.54836178 0.10587829 -0.08407626 -0.55608314 0.0842891 -0.0101252 -0.00443396 0.08672553 -0.00462896 -0.00375208 0.08052927 0.00883233 -0.00407502 0.08208662 0.00927564 -0.00860217 0.07791319 0.00954171 -0.01275724 0.07983679 -0.00413386 -0.01241264 0.08003023 0.01090472 -0.01258156 0.07807386 0.00939526 -0.01425585 0.07911271 -0.0035601 -0.01482469 0.07632715 -0.00213841 -0.015012 0.07807839 -0.00250328 -0.01424196 0.07833165 0.00582718 -0.01459527 0.0800786 0.00416394 -0.01258156 0.07807386 0.00939526 -0.01424196 0.07833165 0.00582718 -0.01258156 0.07807386 0.00939526 -0.01516551 0.07954806 0.00688615 -0.01501319 0.07994226 0.00952115 -0.01449677 0.08064109 0.0109153 -0.01449677 0.08064109 0.0109153 -0.01501575 0.07820088 -0.00045098 -0.015012 0.07807839 -0.00250328 -0.06512193 0.07999367 -0.08394351 -0.06679878 0.08131126 -0.08412131 -0.08022854 0.09399521 0.09631311 -0.3286128 0.08877137 -0.08398814 -0.54189253 0.06344301 -0.06547216 -0.54217744 0.05803076 -0.067776 -0.54170579 0.09683743 -0.06672973 -0.00083709 0.08273447 -0.0020356 -0.00051931 0.08108538 0.00465672 -0.00172517 0.08633193 -0.00396944 -0.00031331 0.07941025 0.00817605 -0.00014746 0.08288994 0.00839572 -0.00844318 0.08647218 -0.00480179 -0.01640549 0.08145845 -0.00301961 -0.01521754 0.08281809 -0.00389377 -0.01459527 0.0800786 0.00416394 -0.01648611 0.08039895 0.00570621 -0.01638034 0.08053881 0.00155102 -0.01250434 0.08267885 0.01232567 -0.01391017 0.08426949 0.01330792 -0.01524773 0.08413795 0.01340555 -0.01617795 0.08249348 0.01223492 -0.01638034 0.08053881 0.00155102 -0.01640549 0.08145845 -0.00301961 -0.01640549 0.08145845 -0.00301961 -0.01943037 0.08272088 -0.00214303 -0.02058184 0.08232537 0.00117254 -0.02034521 0.08158916 0.00586184 -0.0169723 0.08062342 0.00958227 -0.02030259 0.08147556 0.00968777 -0.01617795 0.08249348 0.01223492 -0.02024266 0.08301505 0.01236104 -0.02400416 0.08394963 0.00126632 -0.02451158 0.0831807 0.00574293 -0.02571005 0.0834429 0.00991818 -0.02324769 0.08340061 0.01214468 -0.06497353 0.08139747 -0.08474912 -0.06512193 0.07999367 -0.08394351 -0.06546175 0.08871791 0.13322133 -0.07218949 0.08754346 -0.08431598 -0.08028454 0.08869144 -0.04727791 -0.08018944 0.09013811 -0.00779621 -0.247316 0.09529942 -0.08402649 -0.29756066 0.09776777 -0.08400292 -0.54189265 0.09437683 -0.06860793 -0.55635858 0.09788948 -0.08404139 -0.55670196 0.09922057 -0.08276805 -0.55635858 0.09788948 -0.08404139 -0.55582774 0.09523976 0.05029293 -0.55576098 0.1056042 0.09606158 -0.00083399 0.08638787 -0.00210202 -0.01247397 0.08655956 -0.00448696 -0.01645368 0.08618271 -0.004091 -0.0177989 0.08426681 -0.00354222 -0.01943037 0.08272088 -0.00214303 -0.02053744 0.08480182 -0.00269861 -0.02028778 0.08778039 -0.00390819 -0.01674303 0.08628297 0.01330685 -0.01820892 0.0884316 0.01339038 -0.02250618 0.0884577 0.01422103 -0.02022487 0.0859054 0.01363399 -0.02251583 0.08892834 -0.00381247 -0.02395546 0.08689263 -0.00258125 -0.022001 0.08320776 -0.00031827 -0.02053744 0.08480182 -0.00269861 -0.02395546 0.08689263 -0.00258125 -0.02418935 0.08617604 0.01326369 -0.02749625 0.08728281 -0.00195036 -0.03189892 0.08832622 0.00034537 -0.03028047 0.08610106 0.00557312 -0.02958786 0.08562151 0.00991326 -0.02418935 0.08617604 0.01326369 -0.02927428 0.08717459 0.01250344 -0.03340474 0.0872997 0.00702818 -0.03297237 0.08759385 0.00986969 -0.03240949 0.08801281 0.01188969 -0.06410977 0.10247412 -0.12617886 -0.06453198 0.09835047 -0.09735503 -0.06476988 0.09864146 -0.09270068 -0.06500134 0.08541277 -0.08492864 -0.06500134 0.08541277 -0.08492864 -0.06724443 0.08738568 -0.08424393 -0.08019365 0.09809843 -0.06714211 -0.08010949 0.09083131 0.00971364 -0.14466381 0.09730276 -0.08408091 -0.19215131 0.09800857 -0.08410452 -0.4127726 0.1002619 -0.08397131 -0.55643207 0.10898063 -0.05856023 -0.00059676 0.08873087 -0.00100828 -0.00142562 0.08905649 -0.00218246 -0.00199342 0.0890359 -0.00389776 -0.00651559 0.08938345 -0.00422318 -0.01247621 0.08962333 -0.00408656 -0.01642153 0.08982909 -0.00400174 -0.02391219 0.09044462 -0.00345264 -0.02749625 0.08728281 -0.00195036 -0.02967104 0.09007812 -0.00275833 -0.02515075 0.08915004 0.01444956 -0.02406228 0.0904119 0.01438736 -0.02873719 0.09169635 0.0153754 -0.02896753 0.08961633 0.01414102 -0.02967104 0.09007812 -0.00275833 -0.03359899 0.09133303 -0.00278047 -0.03429842 0.09050587 -0.0002941 -0.03479338 0.08933342 0.00493502 -0.03181335 0.09216294 0.01575398 -0.034107 0.09065214 0.01312666 -0.03587747 0.09013402 0.0097877 -0.034107 0.09065214 0.01312666 -0.03860754 0.09020445 0.00949582 -0.03889522 0.09054101 0.01237612 -0.06416708 0.09997466 -0.1110198 -0.0811553 0.09370866 -0.08431704 -0.0801484 0.09830043 -0.07176066 -0.08022316 0.09882709 -0.0739213 -0.08013773 0.10415402 0.04153966 -0.1003782 0.09271416 -0.08422729 -0.12525016 0.09787652 -0.08412019 -0.55660939 0.10034528 -0.07941098 -0.55621177 0.10974911 -0.03202067 -0.55617404 0.10818163 -0.01567889 -0.55612129 0.10960737 0.00782513 -0.55571103 0.10634494 0.08441647 -0.00109038 0.089338 0.00587013 -0.00438407 0.08962876 0.00598597 -0.00220925 0.08955151 0.00803464 -0.00438038 0.08909014 0.00838669 -0.0165484 0.09105542 -0.00237966 -0.02036583 0.0915027 -0.00344322 -0.01884192 0.09178299 -0.00131623 -0.02030921 0.09218898 -0.00189934 -0.02036583 0.0915027 -0.00344322 -0.02502349 0.09384692 -0.00196201 -0.02502349 0.09384692 -0.00196201 -0.02968788 0.09409329 -0.00286625 -0.03359899 0.09133303 -0.00278047 -0.03387466 0.09417662 -0.00297091 -0.03632927 0.09432885 -0.00047884 -0.03632927 0.09432885 -0.00047884 -0.03727713 0.09260231 0.00422981 -0.03870004 0.09420934 -0.00065572 -0.03833327 0.09257501 0.00417408 -0.03779444 0.09184346 0.00809225 -0.03616625 0.09302384 0.01448073 -0.03425425 0.09445381 0.01616874 -0.03859466 0.09512722 0.01644932 -0.03971371 0.09281281 0.01560622 -0.03859466 0.09512722 0.01644932 -0.03962567 0.09411421 0.01735302 -0.05222 0.10618958 -0.13276574 -0.063743 0.11754981 -0.13255247 -0.08033742 0.10251939 -0.05773813 -0.08029112 0.09842888 -0.01456252 -0.08015886 0.10200366 0.09217229 -0.08019309 0.10035664 0.09807443 -0.44860137 0.09880424 -0.08403096 -0.53658879 0.10073474 -0.08411828 -0.02984443 0.09653148 -0.00174034 -0.02984443 0.09653148 -0.00174034 -0.02699554 0.09567696 -0.00095517 -0.03351444 0.09700769 -0.00250397 -0.0351522 0.09846646 0.00020044 -0.03870004 0.09420934 -0.00065572 -0.03840694 0.09836701 -0.0013392 -0.04383722 0.11858919 -0.13299227 -0.06401205 0.10440069 -0.13245717 -0.06401205 0.10440069 -0.13245717 -0.06421253 0.10330978 -0.13037032 -0.06502922 0.10218316 -0.08492444 -0.06502922 0.10218316 -0.08492444 -0.06509599 0.10505769 0.11203118 -0.07241628 0.13316357 -0.08437274 -0.08039872 0.10205775 -0.03083054 -0.0866884 0.10893854 -0.08434287 -0.10886872 0.1051484 -0.08421455 -0.22334585 0.10327521 -0.08410112 -0.32160261 0.10886621 -0.08401982 -0.37291723 0.10146061 -0.08400165 -0.51253605 0.10919312 -0.08409805 -0.55631709 0.12748221 -0.04379074 -0.55599499 0.11615026 0.03554993 -0.55578136 0.10682943 0.06860768 -0.02375245 0.09479442 0.00491881 -0.03045607 0.09855163 0.00508537 -0.02890149 0.09861663 0.00919961 -0.03344813 0.09965304 0.00278019 -0.03554592 0.10170054 0.00470483 -0.0351522 0.09846646 0.00020044 -0.03840694 0.09836701 -0.0013392 -0.03661841 0.1005758 0.00137248 -0.03863028 0.10214761 -0.0002437 -0.08036736 0.10559204 -0.04840163 -0.08021091 0.1104078 -0.00106481 -0.08015218 0.10833511 0.01390024 -0.08015902 0.10869625 0.06666508 -0.16665687 0.10798439 -0.08408927 -0.43675527 0.11313143 -0.08401112 -0.03824955 0.103257 0.00317212 -0.03902018 0.10563895 0.00482025 -0.03758147 0.10409313 0.00660925 -0.0642073 0.11750224 -0.10979424 -0.06493573 0.12757173 0.1000801 -0.06544864 0.11529189 0.1332092 -0.08013745 0.12359416 0.07980641 -0.24985892 0.11540684 -0.08404846 -0.47725499 0.11856669 -0.08404601 -0.03892753 0.10638613 0.00817978 -0.03992668 0.10718104 0.00612583 -0.03962135 0.10786578 0.00798064 -0.03966808 0.10783255 0.00460606 -0.03975144 0.11725366 -0.13318464 -0.06469935 0.12462941 -0.09319059 -0.0651377 0.12478697 0.12684351 -0.06531325 0.11672845 0.13133577 -0.07757188 0.130582 -0.08434208 -0.08042225 0.13689354 -0.03839115 -0.08037522 0.11954069 -0.02363563 -0.08015619 0.12101728 0.03623732 -0.10145032 0.11789641 -0.08426761 -0.12713683 0.11816818 -0.08411648 -0.18375286 0.12457356 -0.0841007 -0.2199453 0.12638989 -0.08410693 -0.30843651 0.12333068 -0.08401876 -0.3644979 0.11836082 -0.0840017 -0.42262232 0.11821035 -0.08397729 -0.52983505 0.12973991 -0.08411694 -0.54108602 0.13536581 -0.08408924 -0.54161572 0.13182017 0.09361341 -0.55619645 0.12400663 -0.00256155 -0.06722806 0.13454655 -0.08430327 -0.08009967 0.14186403 -0.07174215 -0.08015586 0.1400739 -0.06704143 -0.08032453 0.12324739 -0.05789156 -0.08019224 0.13014874 0.09599184 -0.54196769 0.11757985 -0.07063062 -0.54167032 0.13349858 -0.06731618 -0.5546937 0.14408651 -0.08410387 -0.55643392 0.14766824 -0.08403302 -0.55643392 0.14766824 -0.08403302 -0.55658877 0.13177654 -0.07014627 -0.55594373 0.1325691 0.05528321 -0.55577809 0.12509313 0.08887412 -0.55587107 0.1320883 0.09895211 -0.0394572 0.10969737 0.03444546 -0.03962907 0.10430709 0.02287181 -0.0394772 0.11271828 0.02146395 -0.06412038 0.12658322 -0.11982349 -0.06502716 0.13887224 0.11181601 -0.06507751 0.1443235 0.12697199 -0.08019632 0.14194688 -0.07396857 -0.08015206 0.1319603 0.0156609 -0.08018099 0.14311638 0.09808641 -0.08612356 0.13124672 -0.0843389 -0.14907351 0.1266357 -0.08407433 -0.55673862 0.14184481 -0.08275562 -0.55665946 0.14242986 -0.0788841 -0.55644917 0.13974705 -0.05700035 -0.0523323 0.12959081 -0.1328094 -0.06414613 0.14188561 -0.12629423 -0.06491102 0.14319003 -0.08781935 -0.08038214 0.12907246 -0.04722384 -0.51260096 0.12883499 -0.08408395 -0.55583632 0.13323805 0.07732614 -0.06414597 0.14448234 -0.13251939 -0.06414597 0.14448234 -0.13251939 -0.08029392 0.13608095 -0.01260702 -0.08017258 0.13391379 0.00318136 -0.08014569 0.13850781 0.05656382 -0.33381143 0.14607283 -0.08401359 -0.4646953 0.13080871 -0.0840138 -0.0642173 0.1439302 -0.10957713 -0.06505325 0.14779428 -0.08492102 -0.06505325 0.14779428 -0.08492102 -0.06496024 0.1515536 0.10414349 -0.11020708 0.13423693 -0.08421866 -0.13069659 0.14124677 -0.08412839 -0.24126065 0.14264682 -0.08407485 -0.27339646 0.13171658 -0.08402524 -0.37786573 0.13555971 -0.08397724 -0.41063184 0.14159685 -0.08396644 -0.44246525 0.14112207 -0.08398167 -0.51743662 0.1075598 -0.07346649 -0.49982068 0.14049187 -0.07350246 -0.51639223 0.14492777 -0.07352761 -0.54183745 0.13393551 -0.07012314 -0.55627847 0.14008021 -0.0340047 -0.55623865 0.13595816 -0.01734204 -0.55608153 0.13788518 0.0281845 -0.0652048 0.14528692 0.13126758 -0.06503513 0.11673504 0.13322112 -0.06497894 0.14394745 0.13323006 -0.55621076 0.13882795 -0.00066147 -0.06423137 0.14510769 -0.1304003 -0.06439789 0.14552125 -0.10039275 -0.1404458 0.16056979 -0.08414239 -0.15787777 0.14509687 -0.08410499 -0.18184811 0.14282876 -0.08411784 -0.27401724 0.14369479 -0.08404865 -0.49688435 0.14726231 -0.0840429 -0.55590367 0.14943001 0.07153254 -0.55596119 0.16764492 0.09616505 -0.04914889 0.15858433 -0.13298827 -0.08038767 0.14875838 -0.05398551 -0.08011737 0.14908478 0.08076286 -0.09273577 0.16037425 -0.08439558 -0.08210179 0.16152674 -0.08439805 -0.12225595 0.16650319 -0.08423773 -0.3978419 0.16016468 -0.08400013 -0.54480255 0.15137523 -0.08405603 -0.55625927 0.15505025 -0.0223353 -0.06388144 0.14605522 -0.13269019 -0.06476367 0.15807059 -0.0924279 -0.06727879 0.15042707 -0.08420778 -0.06511572 0.13965118 0.09813374 -0.07254063 0.15015179 -0.08432578 -0.08019483 0.15919831 0.00549098 -0.29825228 0.15448192 -0.08404588 -0.36279547 0.15722504 -0.08400045 -0.54147243 0.13829011 0.09626278 -0.54165339 0.14399537 0.09430539 -0.5418849 0.14973059 -0.06902922 -0.54167235 0.14947876 -0.06609309 -0.06413725 0.15469167 -0.11978985 -0.08049105 0.15307429 -0.03802521 -0.08048391 0.15792963 -0.02988765 -0.08030152 0.16085032 -0.00759128 -0.08016446 0.15887919 0.03030732 -0.17327774 0.16250566 -0.08415116 -0.20747575 0.16580579 -0.08414946 -0.53860503 0.17049119 -0.08408291 -0.55667269 0.16411322 -0.07958928 -0.55620146 0.16425362 0.00878745 -0.55610657 0.15181321 0.02340569 -0.55603349 0.15955761 0.04385828 -0.55590057 0.16084823 0.08552232 -0.06397673 0.17826343 -0.13285002 -0.06486635 0.1748156 0.1000992 -0.06500189 0.16974476 0.11598577 -0.08030978 0.16799304 -0.07395358 -0.08020435 0.16405281 -0.07166914 -0.08048327 0.17056441 -0.05777947 -0.08014454 0.17258254 0.09238898 -0.26929793 0.16020074 -0.08408021 -0.45266175 0.15934592 -0.08398343 -0.54166913 0.16713095 0.09409299 -0.55661595 0.16400596 -0.0682155 -0.5563699 0.16947863 -0.04492722 -0.55603623 0.16316354 0.09851726 -0.55595529 0.17532071 0.09905722 -0.04331088 0.18588564 -0.13316223 -0.06424703 0.1778231 -0.13057303 -0.08022343 0.17292893 0.09808024 -0.50199527 0.17204195 -0.08406169 -0.541484 0.16273478 0.09622043 -0.54765284 0.19194752 -0.08409313 -0.55468476 0.17463526 -0.08415309 -0.55649948 0.17390099 -0.05860225 -0.06415311 0.17710468 -0.11035048 -0.07211225 0.17077085 -0.08436989 -0.08038262 0.17275155 -0.06523896 -0.08048451 0.16821519 -0.0248566 -0.0801754 0.16891077 0.05497067 -0.24899825 0.17299691 -0.08410139 -0.0641579 0.17499727 -0.12583655 -0.06430949 0.17527571 -0.10087962 -0.0650458 0.19073662 -0.08507565 -0.08058387 0.17692399 -0.03734104 -0.08019407 0.1695849 0.01878925 -0.0994696 0.17552558 -0.08441452 -0.28509656 0.17192003 -0.08406994 -0.47577921 0.16763291 -0.08400587 -0.54173517 0.17193043 -0.06697509 -0.55627906 0.17706493 -0.00303612 -0.55605447 0.17677507 0.05633812 -0.06498367 0.18216079 0.13323 -0.49634349 0.16917443 -0.07353801 -0.47996318 0.1536943 -0.07347295 -0.47096324 0.17842466 -0.07347349 -0.55598909 0.1777308 0.07551315 -0.03986388 0.18790027 -0.13328448 -0.06416523 0.18421844 -0.11295173 -0.06723855 0.1786502 -0.08428506 -0.0650458 0.19073662 -0.08507565 -0.06501721 0.1922752 0.09814449 -0.06501146 0.18615443 0.12661842 -0.06512 0.18077928 0.13124192 -0.08028665 0.17715207 0.00217482 -0.35983914 0.17631528 -0.08403397 -0.54196101 0.18284151 -0.06912655 -0.55654192 0.1888822 -0.08403451 -0.55675912 0.1828739 -0.08272441 -0.55654192 0.1888822 -0.08403451 -0.55673409 0.19016975 -0.07584915 -0.55632162 0.17596728 -0.03087453 -0.55616599 0.17341435 0.0213429 -0.55611765 0.18976623 0.0962015 -0.06481591 0.18739587 -0.09241829 -0.06495386 0.19479069 0.1053673 -0.08040431 0.18223071 -0.07167426 -0.08045772 0.17995992 -0.01575289 -0.08026354 0.18318248 0.08246245 -0.16733232 0.17925444 -0.0841864 -0.24103421 0.17887869 -0.08413029 -0.31092009 0.18030509 -0.08404752 -0.42037117 0.17966339 -0.08402739 -0.45604292 0.18074068 -0.08401693 -0.52616304 0.1837208 -0.08410802 -0.54151261 0.18497866 0.09814285 -0.55601388 0.18182266 0.08195963 -0.06397673 0.17826343 -0.13285002 -0.06433596 0.19169492 -0.1326718 -0.06430578 0.18340316 -0.10223738 -0.07199733 0.18609339 -0.08449281 -0.08353791 0.18232247 -0.08448649 -0.08064942 0.19078913 -0.06742517 -0.08067411 0.1921975 -0.05516902 -0.08026174 0.18056893 0.02506002 -0.08026439 0.18114236 0.05214595 -0.08042051 0.19115344 0.09578335 -0.08041477 0.19570082 0.09809681 -0.1147899 0.18113396 -0.084328 -0.13429362 0.18117464 -0.08422048 -0.21127333 0.18625501 -0.08424822 -0.55622172 0.18460223 0.02469852 -0.55631578 0.20626333 0.09866246 -0.08049595 0.19081599 -0.07383386 -0.08048753 0.19196886 -0.00117481 -0.08045541 0.19182983 0.05956411 -0.23941708 0.18812352 -0.08420434 -0.27090332 0.18556249 -0.08411259 -0.38221726 0.18774846 -0.08408371 -0.48524898 0.18690941 -0.08408824 -0.54179895 0.18740004 0.09624457 -0.55646884 0.194309 -0.0516176 -0.55641365 0.18812242 -0.04327179 -0.55636555 0.19150779 -0.01313026 -0.55624479 0.20223284 0.09911712 -0.05252078 0.21907493 -0.13329709 -0.06456646 0.19798768 -0.09974857 -0.06718364 0.1943163 -0.08457043 -0.08942302 0.19484907 -0.08464665 -0.08075453 0.19237924 -0.03854264 -0.08060494 0.1921142 -0.01497997 -0.08043401 0.19204247 0.03278919 -0.13300586 0.19583178 -0.08435083 -0.16371043 0.18956956 -0.08427841 -0.25755426 0.19614461 -0.0842047 -0.30780697 0.18960413 -0.08410985 -0.45049584 0.1895133 -0.08407421 -0.52468383 0.19567022 -0.0841765 -0.54184783 0.1909838 -0.06538365 -0.55484325 0.19477144 -0.08413858 -0.06486891 0.20431978 0.10008162 -0.08061071 0.19294026 -0.07182495 -0.08082253 0.19218957 -0.07398695 -0.08047278 0.19231808 0.08771222 -0.33054632 0.19475594 -0.08415531 -0.48784792 0.19613466 -0.08417103 -0.54218012 0.19523516 -0.06790838 -0.55638433 0.19653115 0.01030781 -0.55623388 0.19498661 0.04323017 -0.55612546 0.20098025 0.08591493 -0.06447713 0.21876535 -0.13327527 -0.06471714 0.20396721 -0.09430226 -0.06481297 0.20470893 -0.0880009 -0.07193856 0.19720942 -0.08472655 -0.08117613 0.19730997 -0.07389731 -0.08069772 0.19559851 -0.07182712 -0.08078979 0.19536841 -0.05866847 -0.08078367 0.19503593 -0.0540132 -0.08166158 0.19603229 -0.05707137 -0.08166158 0.19603229 -0.05707137 -0.08078367 0.19503593 -0.0540132 -0.08296569 0.19587624 -0.05441112 -0.0828836 0.19573158 -0.04703558 -0.08080424 0.19499254 -0.03371877 -0.08080424 0.19499254 -0.03371877 -0.08290492 0.19578317 -0.0179222 -0.08070986 0.19504085 -0.00357343 -0.08070986 0.19504085 -0.00357343 -0.08292663 0.19585946 0.00562482 -0.08065568 0.19507596 0.05114483 -0.08065568 0.19507596 0.05114483 -0.0828364 0.19587508 0.05060824 -0.08064358 0.19512424 0.06662454 -0.08086137 0.19594699 0.06407689 -0.08064358 0.19512424 0.06662454 -0.08273181 0.19592008 0.06703853 -0.08064891 0.19518924 0.08767688 -0.08064891 0.19518924 0.08767688 -0.0827252 0.19599026 0.08740216 -0.08063966 0.19538099 0.09613916 -0.08063966 0.19538099 0.09613916 -0.08276491 0.19625401 0.09593906 -0.08041477 0.19570082 0.09809681 -0.08321142 0.19637191 0.09810107 -0.08593041 0.19587398 0.06923973 -0.08735204 0.19587144 0.08661758 -0.08718535 0.19598061 0.09615054 -0.09685318 0.1958943 -0.05789564 -0.09619743 0.19576165 -0.04064582 -0.09405871 0.19584122 0.03256824 -0.09359071 0.19579503 0.09154346 -0.09897685 0.19557238 0.09626301 -0.10568911 0.19557619 0.09122809 -0.10269165 0.19567454 0.09808224 -0.10481635 0.19577315 -0.01101092 -0.10703143 0.19579241 0.01020523 -0.10433485 0.19577444 0.03599914 -0.10330653 0.19574693 0.06307825 -0.10829988 0.19571185 -0.04778118 -0.1120299 0.19566029 0.06750988 -0.11575513 0.19556084 0.08277231 -0.11100052 0.1958181 -0.06116325 -0.11222336 0.19566587 -0.0336685 -0.11308126 0.19571745 0.03940516 -0.11001888 0.19571239 0.09810837 -0.1222674 0.19575351 -0.00397197 -0.11759466 0.1955213 0.08923148 -0.1181263 0.19550338 0.09603845 -0.12832636 0.19564745 -0.04679019 -0.12822828 0.19569084 -0.02303276 -0.1257541 0.19570348 0.03662904 -0.11672425 0.19577467 0.09817144 -0.12688084 0.19565156 0.060308 -0.14238781 0.19562843 -0.04018752 -0.14285195 0.19576719 0.01929154 -0.13189057 0.19573721 -0.05665312 -0.14237371 0.19562787 0.07159715 -0.14988628 0.19569442 0.05417319 -0.14981982 0.19573319 -0.05540911 -0.14761975 0.19570658 -0.02168856 -0.16619828 0.19556847 0.09205969 -0.15362394 0.19558653 0.08557203 -0.15792616 0.19580039 0.00569015 -0.17248183 0.19550937 0.0960957 -0.17078596 0.19572669 0.09816136 -0.11672425 0.19577467 0.09817144 -0.13488331 0.19654062 0.09835728 -0.16652292 0.19647485 0.09831845 -0.17078596 0.19572669 0.09816136 -0.17430589 0.1956327 -0.04712117 -0.16352278 0.19578132 -0.00131048 -0.16608039 0.1957455 0.0282832 -0.1798251 0.19559786 -0.03691105 -0.174969 0.1956892 -0.01665414 -0.18975478 0.19564506 0.0623761 -0.17293069 0.19563273 0.07066792 -0.22176406 0.19548538 -0.08436952 -0.19247548 0.19574803 0.00802823 -0.19245078 0.19566795 -0.05389843 -0.20168668 0.19556665 0.08301219 -0.18374047 0.19555464 0.08785 -0.20135388 0.19566637 0.04709949 -0.19586593 0.19571474 0.0220456 -0.20177084 0.19557747 -0.04125521 -0.20173846 0.19565377 -0.01864813 -0.21808334 0.19621238 0.09832989 -0.22100163 0.19551867 0.09186053 -0.21699154 0.19560233 0.07197668 -0.22538966 0.19563913 0.09816997 -0.22538966 0.19563913 0.09816997 -0.21891937 0.1956968 0.02646818 -0.2234557 0.19545072 0.09616663 -0.21991959 0.19572905 -0.05862895 -0.23310979 0.19568014 -0.05323569 -0.21582295 0.19562101 -0.02855171 -0.22544786 0.19576105 0.00585105 -0.22533557 0.19560921 -0.04473285 -0.25048149 0.19566682 -0.03815261 -0.23236322 0.19571155 -0.01699338 -0.22535363 0.19567433 0.04835876 -0.23124436 0.19561553 0.08040317 -0.24185249 0.19578055 0.01874395 -0.26088709 0.19578734 0.04025217 -0.23700242 0.19568196 0.06628373 -0.24636216 0.19581029 0.00130265 -0.24254411 0.19574419 0.05109879 -0.25548089 0.19570321 0.09239148 -0.24969566 0.19571343 0.0718933 -0.25470114 0.19565323 0.09613692 -0.24657708 0.19585487 0.09816407 -0.24657708 0.19585487 0.09816407 -0.25327605 0.195683 0.08542278 -0.25715646 0.19577327 -0.0158082 -0.283151 0.19573066 -0.05119894 -0.26901227 0.19582742 0.01831325 -0.2627475 0.19580057 0.05702906 -0.26888624 0.19577584 -0.05707578 -0.27867001 0.19583622 0.00342553 -0.28325379 0.19576886 0.06959092 -0.2931385 0.19575536 0.07656931 -0.27925041 0.19577736 -0.01901595 -0.27775297 0.19662526 0.09821867 -0.31035393 0.19583985 0.06111889 -0.28320849 0.19572112 0.08544018 -0.29278284 0.19570985 -0.04279501 -0.29378012 0.19585255 0.04049655 -0.295093 0.19594738 0.09813233 -0.295093 0.19594738 0.09813233 -0.31189439 0.19573477 -0.02570293 -0.30576894 0.195741 0.09197482 -0.32167104 0.19568899 -0.0418031 -0.31299505 0.19583824 0.01622771 -0.31291783 0.19584036 0.03075867 -0.32155022 0.19569811 0.09610232 -0.31956223 0.19577172 0.08544143 -0.31965715 0.19577819 -0.05807991 -0.33421201 0.19572097 -0.05283574 -0.31534788 0.19580573 -0.00333277 -0.33760494 0.19585803 0.00848367 -0.33637452 0.19582185 0.07074823 -0.33913085 0.19601056 0.09814429 -0.33913085 0.19601056 0.09814429 -0.32269019 0.19584581 0.04405039 -0.32245058 0.19689161 0.09825286 -0.34413281 0.19575068 -0.0220402 -0.34585488 0.19577393 0.09199949 -0.35732847 0.19584104 -0.00082979 -0.33759177 0.19581828 0.0314947 -0.34691116 0.19584465 0.02140101 -0.3607102 0.19584247 0.04087492 -0.36622119 0.19585818 0.05450394 -0.34991816 0.19580692 0.08093902 -0.36066714 0.19569179 -0.03551862 -0.3665303 0.19575846 0.08771654 -0.36684516 0.19568828 -0.04740456 -0.37013996 0.19583532 0.06722607 -0.37698686 0.19568685 0.09617891 -0.3818863 0.19586 0.09815531 -0.37644112 0.1974133 -0.0841803 -0.3767674 0.19575658 -0.05700047 -0.39240423 0.19579259 -0.01433078 -0.37531495 0.1958676 0.01080798 -0.40076089 0.19575295 0.08544504 -0.3818863 0.19586 0.09815531 -0.38375619 0.19585326 0.02493688 -0.39294907 0.19573367 0.09187236 -0.40295461 0.1957691 0.07653948 -0.40412962 0.19570699 -0.0492476 -0.40958983 0.19570419 -0.04006318 -0.39397126 0.19585645 0.04063018 -0.40191752 0.1958181 0.06120541 -0.40380001 0.19585842 0.00616234 -0.42204285 0.19581461 0.04586273 -0.41439375 0.19583657 0.01859473 -0.43228322 0.1959241 0.09814899 -0.42209971 0.19567028 0.0961301 -0.43049964 0.19742355 -0.0841529 -0.41973218 0.19577104 -0.01573799 -0.418221 0.19574639 0.09196772 -0.44396833 0.19564846 -0.03736184 -0.44164592 0.19579437 0.00766089 -0.44175842 0.19575769 0.06715139 -0.44285294 0.19572762 0.0808083 -0.43507192 0.19571069 -0.05697636 -0.44002095 0.19565624 -0.04765347 -0.44576031 0.19577631 0.02405485 -0.45559043 0.19566587 0.08774676 -0.45294774 0.19569877 -0.01656116 -0.46582568 0.19564101 -0.05647228 -0.46294755 0.19577691 0.04497292 -0.4793098 0.1957348 0.06608244 -0.46529111 0.19564328 0.09202405 -0.47446227 0.1955533 0.09613689 -0.47150618 0.19576612 0.01743843 -0.47945616 0.19560197 -0.04604993 -0.47494301 0.19575322 0.09818213 -0.47685528 0.19579616 0.03389161 -0.47568065 0.19569114 0.07836159 -0.48305488 0.19570106 -0.00443111 -0.48547471 0.19562021 -0.02755544 -0.51764309 0.19565073 0.0879957 -0.48690355 0.19578078 0.04869004 -0.51842868 0.19564101 0.09193444 -0.50610942 0.19576943 0.01326897 -0.50465357 0.1957804 0.0336571 -0.50260693 0.19570494 0.08193102 -0.50078255 0.19567767 -0.00816707 -0.49994129 0.19575796 0.05339193 -0.51454288 0.19576046 0.09824055 -0.47494301 0.19575322 0.09818213 -0.52174038 0.19625014 0.09842595 -0.51454288 0.19576046 0.09824055 -0.50848442 0.19562057 -0.03956953 -0.50403249 0.1956389 -0.02246676 -0.49154553 0.19562274 -0.05047438 -0.5246672 0.1956313 -0.04314814 -0.51212353 0.19574505 0.06389096 -0.51479578 0.19568744 -0.02031399 -0.5195812 0.19581029 0.00567587 -0.52667749 0.19559678 0.096069 -0.52462161 0.19577831 0.07843926 -0.5256812 0.19576874 -0.01778308 -0.5241425 0.19582421 0.02829053 -0.52420175 0.19579607 0.05488556 -0.53913724 0.1959551 0.09839284 -0.53913724 0.1959551 0.09839284 -0.52995628 0.19589803 0.0003651 -0.53194833 0.19571319 -0.04440308 -0.53191751 0.19590634 0.02373844 -0.53413022 0.19596353 0.04122346 -0.5371722 0.19597605 0.05863952 -0.53495461 0.195903 0.07531487 -0.53962618 0.19583806 0.09034171 -0.53900242 0.19649926 0.09869771 -0.53748238 0.19592142 0.06904577 -0.53952932 0.19574288 0.09597402 -0.53960598 0.19603947 0.07106509 -0.54174685 0.19506571 0.08861455 -0.54164398 0.1952779 0.07049298 -0.54193544 0.19492984 0.09840985 -0.54193544 0.19492984 0.09840985 -0.54308742 0.19559303 0.09882876 -0.55672789 0.20428595 -0.06695826 -0.04074678 0.22644928 -0.13360721 -0.06446505 0.20055437 -0.11349147 -0.06469093 0.2224057 -0.12467582 -0.06496054 0.20269147 -0.08555909 -0.06496054 0.20269147 -0.08555909 -0.06489456 0.20553866 0.10586762 -0.06487428 0.20851466 0.12518781 -0.09230052 0.19959825 -0.08475424 -0.08092037 0.19651717 -0.06663979 -0.08117613 0.19730997 -0.07389731 -0.08092037 0.19651717 -0.06663979 -0.08644019 0.19666949 -0.07154999 -0.08084826 0.19615939 -0.06046704 -0.08081411 0.19591394 0.0532523 -0.08086137 0.19594699 0.06407689 -0.09704602 0.19646764 -0.07400025 -0.08945109 0.1962297 -0.06786407 -0.08084826 0.19615939 -0.06046704 -0.08779347 0.19604814 -0.06300176 -0.08081411 0.19591394 0.0532523 -0.09406358 0.19636637 -0.07176066 -0.10174516 0.19614634 -0.07135708 -0.11066505 0.19615296 -0.07387615 -0.11819723 0.19599006 -0.06800479 -0.12044141 0.19596279 -0.07378275 -0.12279324 0.19600564 -0.07183257 -0.13320553 0.19582668 -0.06324432 -0.13639683 0.20341739 -0.08453424 -0.14230375 0.19584629 -0.07368676 -0.15881842 0.19594944 -0.06758446 -0.15706199 0.19595501 -0.07175241 -0.16195895 0.19582805 -0.06369854 -0.18007086 0.19936427 -0.08445615 -0.18255031 0.19589329 -0.07370905 -0.18470141 0.19578701 -0.06493644 -0.19724563 0.19591498 -0.0737314 -0.22861642 0.19576797 -0.06353254 -0.22340208 0.19582906 -0.06766892 -0.21971709 0.19581836 -0.07373772 -0.22745948 0.19585183 -0.07203869 -0.21579251 0.20349371 -0.0846061 -0.23319307 0.20224422 -0.0845122 -0.25569084 0.19574478 -0.07348142 -0.25981641 0.20354092 -0.08434045 -0.25868008 0.19589069 -0.07152993 -0.27242082 0.1959621 -0.06780753 -0.28761226 0.19586122 -0.06325258 -0.29361355 0.19597378 -0.0716771 -0.29715532 0.19584554 -0.07353682 -0.29924497 0.19596359 -0.06784827 -0.31590754 0.19931576 -0.08423346 -0.32785797 0.1958797 -0.07167304 -0.33976024 0.19576398 -0.07351071 -0.34264961 0.19587383 -0.06771091 -0.34901756 0.20234263 -0.08429501 -0.37005776 0.19579956 -0.06360654 -0.3766045 0.19588509 -0.0715088 -0.37468266 0.19569227 -0.07340694 -0.37877882 0.19593793 -0.06788782 -0.41180435 0.19597951 -0.06800223 -0.39715737 0.19570521 -0.07339571 -0.41004735 0.19593 -0.07158304 -0.41292474 0.19583452 -0.06363875 -0.41704556 0.19567612 -0.07338289 -0.43965629 0.19574791 -0.0636204 -0.46114928 0.19567734 -0.07159347 -0.44172719 0.19582438 -0.06776897 -0.45037931 0.19553658 -0.07344262 -0.46902615 0.19577998 -0.06776417 -0.47831982 0.20128402 -0.08424615 -0.473719 0.19548687 -0.0734098 -0.47449064 0.19567981 -0.06350357 -0.50582635 0.19584244 -0.07166094 -0.50433278 0.19560844 -0.07354818 -0.50709462 0.19593775 -0.06785462 -0.50831366 0.19579524 -0.06356058 -0.52227581 0.19578817 -0.07168479 -0.52148932 0.1957767 -0.06333859 -0.52206248 0.19564751 -0.07357303 -0.5246923 0.19587821 -0.06750021 -0.52423304 0.19565612 -0.05082748 -0.53258491 0.19591126 -0.06429095 -0.53423566 0.19613284 -0.07360605 -0.53837746 0.19583228 -0.05809943 -0.5337652 0.19590226 -0.01703162 -0.53876817 0.19600216 0.00715291 -0.53868663 0.19594216 0.02338233 -0.54157758 0.19647017 -0.07354099 -0.54166186 0.19593173 -0.06198562 -0.54151839 0.19579935 -0.04825316 -0.53907716 0.19601119 -0.01621256 -0.54147834 0.19612756 0.04133522 -0.55492759 0.20766628 -0.08434328 -0.54141539 0.19613031 -0.01626635 -0.54146171 0.19605154 0.01816519 -0.54146749 0.19621292 0.06867921 -0.55679852 0.20963663 -0.08419625 -0.55704761 0.20970437 -0.08280326 -0.55679852 0.20963663 -0.08419625 -0.55687356 0.20329168 -0.07934979 -0.55662179 0.20325974 -0.05579505 -0.55649638 0.20379055 -0.02731461 -0.55646145 0.20139745 -0.00258047 -0.5563404 0.20241231 0.03909417 -0.04420412 0.22001532 -0.13340399 -0.0646954 0.22172171 -0.13287035 -0.06465544 0.20820686 -0.09996106 -0.06709287 0.2068398 -0.08543893 -0.06496862 0.20733088 0.09820994 -0.07571031 0.20308101 -0.08497375 -0.09917934 0.20301619 -0.08483518 -0.30302134 0.20343307 -0.08433051 -0.40450132 0.20759916 -0.08430418 -0.44100934 0.20332757 -0.08425147 -0.50954741 0.20761928 -0.08431868 -0.52511942 0.20595631 -0.08427405 -0.55625999 0.20715714 0.06885838 -0.55620569 0.20713574 0.09597065 -0.06447713 0.21876535 -0.13327527 -0.0646694 0.21577993 -0.11192001 -0.06498066 0.20980459 -0.08568519 -0.06498066 0.20980459 -0.08568519 -0.07780582 0.2073864 -0.08519693 -0.10413557 0.20740655 -0.08504484 -0.13376498 0.20737225 -0.08473491 -0.16947585 0.20739883 -0.08477824 -0.22546431 0.20743749 -0.08482022 -0.25710952 0.20750344 -0.08447953 -0.3105928 0.2075657 -0.08447716 -0.35607761 0.20753142 -0.08443803 -0.44340357 0.20762298 -0.08436773 -0.48053479 0.20765617 -0.08441155 -0.54339349 0.20977974 -0.0843934 -0.55699849 0.20977399 -0.0789559 -0.55681002 0.20967677 -0.05535562 -0.55664527 0.20964921 -0.02616883 -0.55662501 0.20958698 0.00925525 -0.55650342 0.20953161 0.03963011 -0.55635309 0.20962653 0.09910231 -0.06488413 0.21165395 -0.08672305 -0.06710862 0.20914364 -0.08526573 -0.06492846 0.21135947 0.0999377 -0.0650003 0.20929104 0.09813952 -0.06473161 0.22701749 0.11829587 -0.06480044 0.23072487 0.1332103 -0.07622547 0.20879921 -0.08507084 -0.08404219 0.2087934 -0.08489019 -0.09470749 0.20883414 -0.08490048 -0.13099012 0.20890555 -0.08458719 -0.17533843 0.20896745 -0.08467009 -0.22857033 0.20908433 -0.08469114 -0.25598794 0.20930645 -0.08436625 -0.32148305 0.2093066 -0.08436926 -0.37437111 0.20947263 -0.08431559 -0.41637111 0.20947433 -0.08422329 -0.47447324 0.20946214 -0.08434569 -0.51052248 0.20978001 -0.08427184 -0.55634058 0.20959684 0.07256313 -0.03944284 0.22675952 -0.13357875 -0.06500545 0.21167645 -0.01572473 -0.06478105 0.20999563 -0.00470618 -0.06498313 0.21279341 -0.00443868 -0.06474356 0.210013 0.03723802 -0.0648956 0.21269503 0.03504389 -0.06492426 0.21181166 0.05102908 -0.06490406 0.20966381 0.05037021 -0.06491654 0.21218196 -0.07494105 -0.06496233 0.20962983 -0.06128893 -0.064823 0.21233159 -0.056096 -0.06506532 0.2097111 -0.01487163 -0.06505916 0.20950264 0.05798479 -0.06493887 0.21207076 0.07787531 -0.06500505 0.20976326 0.09561064 -0.0648516 0.22702792 0.13135061 -0.51137924 0.20996401 -0.08418793 -0.5414257 0.21000034 -0.08427326 -0.54339349 0.20977974 -0.0843934 -0.54319769 0.20992383 -0.08303203 -0.5414257 0.21000034 -0.08427326 -0.06479518 0.22057328 -0.09364999 -0.0648309 0.21873006 -0.05980832 -0.06500277 0.2173115 -0.01134936 -0.06493694 0.21734655 0.05009832 -0.06492147 0.2185764 0.095364 -0.06483914 0.22711578 -0.09207629 -0.06479639 0.2273587 -0.06876529 -0.06483647 0.22693095 -0.04268653 -0.06490263 0.22757101 -0.00933746 -0.06484774 0.22741938 0.0344254 -0.06483923 0.22745728 0.05404412 -0.06486796 0.22718665 0.08870598 -0.04209682 0.23110625 -0.13355863 -0.064501 0.23066828 -0.13338476 -0.06470272 0.22657299 -0.13289785 -0.064501 0.23066828 -0.13338476 -0.03955606 0.23292226 -0.13349283 -0.06498171 0.23152328 -0.13280332 -0.06517014 0.23308024 -0.13326138 -0.06485036 0.23125803 -0.12788117 -0.06489395 0.23117995 -0.07719807 -0.06495947 0.23131946 -0.01962424 -0.06494386 0.23143059 0.0313622 -0.06492396 0.23132598 0.05291142 -0.064973 0.23143086 0.08808207 -0.06478988 0.23133358 0.11768221 -0.06499341 0.2314598 0.13118932 -0.06520173 0.23343086 0.13315979 -0.06517014 0.23308024 -0.13326138 -0.0646638 0.23316988 -0.13251197 -0.06473087 0.23319966 -0.08932737 -0.06453656 0.23313224 -0.0678762 -0.06464495 0.23318228 -0.0333418 -0.06475723 0.233282 -0.01195914 -0.06476007 0.23335248 0.04881113 -0.06483129 0.23340347 0.08997732 -0.0646881 0.23337662 0.11477997 -0.06486942 0.23340809 0.13098258 -0.04003775 -0.22919631 -0.13029295 -0.04009786 -0.22941615 -0.09648841 -0.04007271 -0.2291003 -0.0753525 -0.04011816 -0.22970587 -0.05110345 -0.03994811 -0.22906312 -0.01510579 -0.03991348 -0.2323586 -0.00565482 -0.03989467 -0.22956136 0.03963359 -0.03982747 -0.23237619 0.0438483 -0.03988484 -0.22982372 0.09794193 -0.03984588 -0.23242655 0.09770375 -0.03959948 -0.23248658 0.11926245 -0.04095793 -0.22950128 0.13360721 -0.06464516 -0.23346661 0.13320211 -0.06521451 -0.22860403 0.13335556 -0.06537464 -0.23187926 0.13311809 -0.04034966 -0.23202485 -0.13278529 -0.04020667 -0.21550715 -0.1325694 -0.04013276 -0.21466343 -0.13036263 -0.04009283 -0.22060491 -0.10578027 -0.04010224 -0.21842773 -0.08115015 -0.0400551 -0.22103968 -0.04424495 -0.03997448 -0.21876214 0.01678606 -0.03991532 -0.22307798 0.03562226 -0.03985494 -0.22303835 0.05752473 -0.03986898 -0.22301579 0.07789742 -0.03954962 -0.22157538 0.12146755 -0.03930348 -0.22374263 0.13141191 -0.03916904 -0.23249882 0.13132513 -0.03944901 -0.219653 0.13329354 -0.03922361 -0.23221958 0.13347954 -0.03944901 -0.219653 0.13329354 -0.03985825 -0.22028489 0.13350525 -0.05796133 -0.22501983 0.13349709 -0.03983498 -0.22083223 0.10093033 -0.04029617 -0.21617129 -0.13289431 -0.04012191 -0.21051297 -0.07235897 -0.04007354 -0.21094614 -0.04205672 -0.03999546 -0.21219884 -0.00517962 -0.03996345 -0.21080765 0.05655035 -0.03999245 -0.20914948 0.08656581 -0.03987092 -0.21074581 0.10287603 -0.03962615 -0.21009105 0.11905979 -0.03936133 -0.21261914 0.13123471 -0.04014334 -0.21158265 -0.13255909 -0.0401471 -0.21043852 -0.1001688 -0.04080892 -0.20878489 0.1334773 -0.04009119 -0.20064305 -0.06853578 -0.04002425 -0.20367871 0.02260207 -0.04011396 -0.19902231 -0.11981358 -0.04008999 -0.19075303 -0.09038772 -0.04003078 -0.19825643 -0.03431181 -0.04001114 -0.19726573 0.0385622 -0.03956029 -0.18980408 0.11549135 -0.03925842 -0.19885866 0.13148299 -0.04003605 -0.18906997 -0.13244522 -0.03995278 -0.19615005 0.06659254 -0.05172858 -0.19146332 0.13337687 -0.04000747 -0.19346072 -0.01023338 -0.0398601 -0.19378258 0.09266757 -0.03971043 -0.18714228 0.10395109 -0.03909492 -0.17422999 0.13337505 -0.03909492 -0.17422999 0.13337505 -0.04014724 -0.18232732 -0.13299313 -0.04011145 -0.17531343 -0.12103719 -0.04010552 -0.17524667 -0.10745608 -0.03998998 -0.18490824 0.02240416 -0.03994796 -0.18263863 0.04455783 -0.03983769 -0.18246944 0.07506522 -0.06519704 -0.15000299 0.13323918 -0.03999665 -0.17440553 -0.0564575 -0.0399237 -0.16534843 -0.03302411 -0.03990725 -0.16823108 -0.01661501 -0.03997436 -0.18096803 0.00194319 -0.03970423 -0.17543358 0.0904875 -0.03916281 -0.18184808 0.13087592 -0.03946748 -0.16470887 0.10927888 -0.04051563 -0.16220298 0.13338202 -0.04006499 -0.16156602 -0.09238843 -0.04000509 -0.16247346 -0.07073418 -0.0397903 -0.16884559 0.06031575 -0.03931478 -0.15902251 0.1168639 -0.06514876 -0.17548558 0.09804409 -0.06720154 -0.17784932 0.09799408 -0.06520921 -0.17901589 0.09796741 -0.09546578 -0.17788301 0.09787723 -0.12264639 -0.17736459 0.09807398 -0.11964816 -0.17796032 0.09799414 -0.17516071 -0.17800945 0.09797924 -0.21550947 -0.17734098 0.09806266 -0.22011305 -0.1780434 0.0979675 -0.25428537 -0.17840534 0.09799006 -0.29457209 -0.1775717 0.09808867 -0.43238488 -0.17758699 0.09827121 -0.48334253 -0.17766467 0.09830477 -0.53346854 -0.17886798 0.09836914 -0.50719428 -0.17775309 0.0983746 -0.53085643 -0.17773384 0.09841072 -0.53934836 -0.17761889 0.09849416 -0.55403161 -0.17901263 0.09857171 -0.55502748 -0.17857037 0.09865733 -0.04020795 -0.16018358 -0.13312313 -0.03989151 -0.16442829 0.01178583 -0.03984144 -0.15443049 0.03144946 -0.03886601 -0.16146632 0.13323089 -0.06740217 -0.17248887 0.09792133 -0.08043453 -0.17420837 0.09789028 -0.09468031 -0.17228396 0.09784659 -0.17000179 -0.16454266 0.09805151 -0.28503212 -0.1741786 0.09807449 -0.37993252 -0.17154175 0.09810003 -0.4648636 -0.17129244 0.09810399 -0.55100936 -0.17090808 0.09861576 -0.55473304 -0.16753291 0.09876164 -0.04011163 -0.15885288 -0.13256013 -0.04004231 -0.15347815 -0.08382424 -0.0804334 -0.16508396 0.09793904 -0.11386788 -0.16423681 0.09804922 -0.13272172 -0.16441137 0.09806906 -0.22165032 -0.16459313 0.09804382 -0.29072571 -0.16477391 0.09806307 -0.36611146 -0.1647903 0.09808128 -0.42350155 -0.16472588 0.09809159 -0.48297921 -0.1647076 0.09809845 -0.52186257 -0.16882983 0.0981605 -0.53477252 -0.16516078 0.09820836 -0.52493799 -0.16471988 0.09812286 -0.54316461 -0.16549402 0.09841495 -0.03976527 -0.15643318 0.05551218 -0.03962198 -0.16043641 0.08606862 -0.06527659 -0.15737797 0.09802305 -0.08285002 -0.16399124 -0.02207799 -0.08063164 -0.16406085 4.964E-05 -0.08068603 -0.16401666 -0.03595678 -0.08310448 -0.16408201 0.00775378 -0.08300096 -0.16418691 0.03329357 -0.08059323 -0.16417889 0.0330435 -0.08060984 -0.16403005 0.06383928 -0.08286206 -0.16408484 0.07018166 -0.0805978 -0.16426221 0.07961544 -0.08062403 -0.16421567 0.08706995 -0.08404101 -0.16431193 0.09342205 -0.08075865 -0.16455106 0.09593438 -0.08380789 -0.16457233 0.09653514 -0.0804334 -0.16508396 0.09793904 -0.09550051 -0.16443169 -0.07388935 -0.08943161 -0.16415657 -0.06736053 -0.08806546 -0.16404301 -0.06195075 -0.08796732 -0.16387354 -0.03914482 -0.08983833 -0.16394 -0.00384752 -0.08912526 -0.16405737 0.03038936 -0.08882388 -0.163955 0.07183789 -0.08835965 -0.16408195 0.08262976 -0.08810544 -0.16409083 0.09073543 -0.08827519 -0.16452336 0.09793862 -0.08827519 -0.16452336 0.09793862 -0.09646533 -0.16395845 0.0795617 -0.09800957 -0.16411461 -0.06763662 -0.09839371 -0.16398545 -0.06127713 -0.09651904 -0.16384575 -0.03864429 -0.09813625 -0.16389324 -0.01102988 -0.09809209 -0.16399229 0.0319572 -0.09873399 -0.16389984 0.07113897 -0.09780553 -0.16416977 0.09796192 -0.10656084 -0.16437012 -0.07185743 -0.11155461 -0.16442823 -0.0738414 -0.11163777 -0.16405655 -0.04763565 -0.11041933 -0.16398765 -0.02841488 -0.11789145 -0.16411439 -0.00855447 -0.11475813 -0.16413598 0.01467856 -0.12003194 -0.16418213 0.05553892 -0.12466398 -0.16425329 0.0276263 -0.13299516 -0.16424523 -0.03516451 -0.13370888 -0.16438636 -0.06125984 -0.13200916 -0.16465089 -0.07177711 -0.13382107 -0.16444509 -0.06506113 -0.13125525 -0.16460137 -0.07379685 -0.13333443 -0.16428454 -0.00752772 -0.13164842 -0.16430146 0.04887231 -0.13830641 -0.16430549 0.06469347 -0.14186692 -0.16431876 -0.01170567 -0.140576 -0.16435173 0.01179975 -0.14282176 -0.1643572 0.02952635 -0.15065944 -0.1642828 -0.03075228 -0.16067491 -0.16437103 0.03799316 -0.15764494 -0.16462269 -0.07182831 -0.18403745 -0.16457276 -0.07381094 -0.16635489 -0.16430974 -0.02048341 -0.15628597 -0.16437566 0.0003139 -0.17251404 -0.16435628 0.05974614 -0.17675415 -0.16443537 -0.06307159 -0.17548552 -0.1643963 0.00980135 -0.17398301 -0.16432129 -0.04497055 -0.17477968 -0.16464776 -0.07171411 -0.19667777 -0.16437738 -0.00818635 -0.19280466 -0.16428757 -0.03133575 -0.19341619 -0.16442634 0.03445768 -0.19299114 -0.16436867 -0.0557299 -0.20543031 -0.16432741 -0.022158 -0.20590059 -0.16442677 0.01072987 -0.21270937 -0.16438544 -0.06578205 -0.21434566 -0.16433823 -0.04694245 -0.21084528 -0.16443263 0.05649831 -0.21622065 -0.16455686 -0.07176209 -0.22547606 -0.16449162 -0.07379163 -0.21928528 -0.16433614 -0.02536575 -0.22134903 -0.16448909 0.02139362 -0.22049314 -0.16444829 -0.00087715 -0.24390072 -0.16445887 -0.0523415 -0.23111218 -0.16436978 -0.03432343 -0.25433171 -0.16454853 -0.06406567 -0.23633848 -0.16451046 -0.01294915 -0.23335567 -0.1645738 0.02720483 -0.24341068 -0.164625 0.04355165 -0.2511051 -0.16453585 -0.02291153 -0.25219822 -0.16473061 -0.0716731 -0.24226323 -0.16461244 0.00204309 -0.23396963 -0.16451207 0.06484913 -0.25324148 -0.16470474 0.01839416 -0.25633645 -0.16467004 -0.07364071 -0.25747171 -0.16451657 -0.03879259 -0.25451705 -0.164616 0.06631639 -0.25903252 -0.16469178 -0.00397525 -0.26030973 -0.16472439 0.03704163 -0.26881188 -0.16454723 -0.05421112 -0.27408275 -0.16476619 0.01441272 -0.27237329 -0.16471763 0.05406576 -0.29656991 -0.16480841 -0.07175196 -0.28167039 -0.16458051 -0.032212 -0.27218565 -0.16467614 -0.01436598 -0.28183186 -0.16474338 -0.00263432 -0.28235182 -0.16478659 0.03661569 -0.27508619 -0.16456452 -0.03827143 -0.2953088 -0.16463043 -0.02261344 -0.30733529 -0.16460642 -0.06374029 -0.29684323 -0.16456987 -0.05395911 -0.29273504 -0.16471729 -0.01091424 -0.31387061 -0.16466404 -0.07366065 -0.30404657 -0.16479552 0.00987523 -0.30206496 -0.16482247 0.03013029 -0.32002258 -0.16457039 -0.03555829 -0.31975919 -0.16473821 0.06225254 -0.33028686 -0.16456968 -0.05128393 -0.32747677 -0.16465956 -0.02139483 -0.32558584 -0.16475947 -0.00769422 -0.31748536 -0.16481107 0.04424416 -0.33348766 -0.16487838 0.03197553 -0.35710645 -0.16483399 -0.00388683 -0.34933993 -0.16488293 0.01938485 -0.34622276 -0.16461395 -0.0736265 -0.34172231 -0.16480017 0.05419966 -0.34694195 -0.16478199 -0.07165156 -0.34545738 -0.16460125 -0.06339122 -0.34614176 -0.16457507 -0.04115886 -0.35688069 -0.16486254 0.0427322 -0.35198042 -0.1646262 -0.02932242 -0.35974374 -0.16475363 -0.01670057 -0.3763859 -0.16490461 -0.07156635 -0.3652423 -0.16468762 -0.05358265 -0.36146963 -0.16463971 -0.03818721 -0.39386022 -0.1647952 -0.07351778 -0.36935097 -0.16477238 0.06733762 -0.3550899 -0.16471681 0.07678171 -0.37199593 -0.16472481 -0.02660087 -0.38225296 -0.16475603 -0.04028884 -0.37210864 -0.16488786 0.00617536 -0.38842136 -0.16492517 0.02972939 -0.38188377 -0.16484506 0.05498936 -0.38864076 -0.16489604 0.01067957 -0.39111438 -0.16484085 -0.06376866 -0.39276171 -0.16482526 -0.01646147 -0.39105397 -0.16489546 0.04098465 -0.40021792 -0.16481933 -0.0501279 -0.41324663 -0.1647661 -0.03418855 -0.40577078 -0.16493686 -0.07166681 -0.41003644 -0.16487393 0.04674729 -0.42059344 -0.16478133 -0.02344758 -0.41388568 -0.16486159 -0.00296203 -0.4174841 -0.1648193 -0.05805463 -0.41289178 -0.16491532 0.01869874 -0.43816224 -0.16479079 -0.06362686 -0.42811409 -0.16489777 0.03621992 -0.43639046 -0.16476998 -0.05326346 -0.42880362 -0.16479179 0.06339397 -0.44174275 -0.16480017 -0.01747946 -0.43889916 -0.16469286 -0.07348702 -0.43553692 -0.16488665 -0.07156453 -0.44036645 -0.16485871 0.00076457 -0.44636932 -0.16490313 0.022141 -0.45235327 -0.16474666 -0.04494561 -0.45531559 -0.16474554 -0.03195513 -0.47366238 -0.16475827 -0.0715803 -0.4680835 -0.16479361 -0.06778938 -0.45187357 -0.16489542 0.04522797 -0.46404949 -0.16490313 0.02771523 -0.4643985 -0.16478758 -0.0201394 -0.47380361 -0.16487752 0.01251318 -0.47545645 -0.16489272 0.04623159 -0.48164883 -0.16451678 -0.07350118 -0.47891909 -0.16478653 -0.0558031 -0.48152977 -0.1647812 -0.06358937 -0.47602671 -0.16476233 -0.03634832 -0.49042812 -0.16481699 -0.01541991 -0.49641922 -0.16491188 0.02774098 -0.51773876 -0.16492712 -0.06780121 -0.49651125 -0.16480853 -0.03828792 -0.5114913 -0.16486931 -0.07167099 -0.51220721 -0.16487902 -0.06386859 -0.51061803 -0.1648616 -0.01171083 -0.51137173 -0.1649227 0.05699786 -0.51851851 -0.16470389 -0.07339666 -0.51335651 -0.16486329 -0.03429458 -0.51499212 -0.1649296 0.07757052 -0.5181579 -0.1649224 0.02171048 -0.52171481 -0.16494152 0.04437842 -0.5308854 -0.16498844 0.0795184 -0.52249491 -0.16485806 0.09091016 -0.52729261 -0.1648417 -0.01296315 -0.52715129 -0.16483203 -0.06364477 -0.53820622 -0.16479586 -0.07157982 -0.52820003 -0.16487518 0.01430266 -0.52995169 -0.16483977 -0.03298745 -0.53027916 -0.16492194 0.04853754 -0.54155767 -0.16452576 -0.07345325 -0.5417366 -0.16477808 -0.06754769 -0.53411055 -0.16472788 -0.06205074 -0.53508425 -0.16476318 -0.0233051 -0.53503609 -0.16477156 0.01593991 -0.53486973 -0.16486961 0.0543796 -0.53523642 -0.16496293 0.07909065 -0.54155964 -0.16478549 0.09005951 -0.53941822 -0.16471563 -0.06084908 -0.53943956 -0.16475089 -0.0220618 -0.53914726 -0.16480884 0.03566136 -0.53961253 -0.16500296 0.07888647 -0.54164326 -0.16486247 0.09603333 -0.54187518 -0.16501139 0.09821963 -0.54187518 -0.16501139 0.09821963 -0.54269552 -0.1645816 -0.07043017 -0.54181314 -0.16462551 -0.05943967 -0.54178256 -0.1646378 -0.03562699 -0.54156494 -0.16466199 -0.00749487 -0.54152757 -0.16465373 0.02931207 -0.5415287 -0.16483413 0.06014141 -0.54161024 -0.16493517 0.07905709 -0.54224825 -0.16454151 -0.06181688 -0.04013935 -0.14874126 -0.11997028 -0.03989741 -0.14056271 -0.04042778 -0.07429335 -0.14515527 0.09793129 -0.08074178 -0.16452031 -0.0738915 -0.0801688 -0.16166484 0.09795811 -0.08290064 -0.16274127 -0.074168 -0.09872884 -0.16273375 -0.07409335 -0.09550051 -0.16443169 -0.07388935 -0.08074178 -0.16452031 -0.0738915 -0.09503204 -0.16398726 0.09545925 -0.09780553 -0.16416977 0.09796192 -0.10119177 -0.16397503 0.09549522 -0.11155461 -0.16442823 -0.0738414 -0.11803788 -0.16413903 0.07836848 -0.11578758 -0.16277504 -0.07396979 -0.11386788 -0.16423681 0.09804922 -0.13308056 -0.16435766 0.09617361 -0.13447934 -0.1627358 -0.07392383 -0.13125525 -0.16460137 -0.07379685 -0.13272172 -0.16441137 0.09806906 -0.13276154 -0.1642902 0.0820144 -0.15458989 -0.16433348 0.07533502 -0.15819645 -0.16275832 -0.07395429 -0.18403745 -0.16457276 -0.07381094 -0.17255808 -0.16448186 0.09614464 -0.17000179 -0.16454266 0.09805151 -0.19120313 -0.16437139 0.07107761 -0.17684087 -0.1644198 0.08370581 -0.19581871 -0.16445069 0.08249965 -0.22145852 -0.16451792 0.09620827 -0.19598508 -0.16252433 -0.07398859 -0.22165032 -0.16459313 0.09804382 -0.21569133 -0.16445601 0.08119857 -0.22547606 -0.16449162 -0.07379163 -0.22332093 -0.16273592 -0.07392044 -0.24432378 -0.1645364 0.07641294 -0.23545894 -0.16455741 0.08884796 -0.25179014 -0.16237809 -0.0737159 -0.25406623 -0.16468376 0.0961399 -0.25633645 -0.16467004 -0.07364071 -0.29072571 -0.16477391 0.09806307 -0.27059501 -0.16473179 0.09576856 -0.31495401 -0.16204917 -0.07372037 -0.30038154 -0.16468824 0.08357408 -0.31387061 -0.16466404 -0.07366065 -0.29807132 -0.16470893 0.09608196 -0.32572725 -0.16468209 0.08122059 -0.32872304 -0.16283453 -0.07370917 -0.34468311 -0.16474141 0.09196635 -0.34622276 -0.16461395 -0.0736265 -0.36882311 -0.16474345 0.09619867 -0.36611146 -0.1647903 0.09808128 -0.39386022 -0.1647952 -0.07351778 -0.38509482 -0.16186877 -0.07358126 -0.38915628 -0.16478333 0.09193253 -0.42350155 -0.16472588 0.09809159 -0.41168851 -0.1647619 0.08638074 -0.41151503 -0.16472153 0.09561219 -0.43104255 -0.1628321 -0.07356105 -0.42393532 -0.16467319 0.09601291 -0.43889916 -0.16469286 -0.07348702 -0.47204837 -0.16473158 0.0919139 -0.47669488 -0.164656 0.09612482 -0.48164883 -0.16451678 -0.07350118 -0.48297921 -0.1647076 0.09809845 -0.52377248 -0.16472912 0.09602907 -0.52493799 -0.16471988 0.09812286 -0.53355485 -0.16478576 0.0981253 -0.54260075 -0.16096145 -0.07352973 -0.54246563 -0.16362159 -0.07306532 -0.54155767 -0.16452576 -0.07345325 -0.54155767 -0.16452576 -0.07345325 -0.54246563 -0.16362159 -0.07306532 -0.54269552 -0.1645816 -0.07043017 -0.54271585 -0.16250749 -0.07167775 -0.54260075 -0.16096145 -0.07352973 -0.54213834 -0.16281386 -0.03451145 -0.54178256 -0.1646378 -0.03562699 -0.54156494 -0.16466199 -0.00749487 -0.54184127 -0.16284305 -0.00492466 -0.54179049 -0.16288176 0.02209985 -0.54152757 -0.16465373 0.02931207 -0.54190874 -0.16279246 0.03916373 -0.5418179 -0.16301179 0.06640961 -0.5415287 -0.16483413 0.06014141 -0.54185754 -0.16301295 0.07662534 -0.54161024 -0.16493517 0.07905709 -0.54176164 -0.16293994 0.08716207 -0.54155964 -0.16478549 0.09005951 -0.54199904 -0.16290516 0.09592547 -0.54164326 -0.16486247 0.09603333 -0.54252571 -0.16291052 0.09825294 -0.54187518 -0.16501139 0.09821963 -0.54252571 -0.16291052 0.09825294 -0.54256451 -0.16148145 -0.06802542 -0.55136085 -0.15613845 0.0987561 -0.03978533 -0.131283 -0.01759819 -0.03980199 -0.13946708 -0.00158248 -0.03978556 -0.14711738 0.04516866 -0.03949147 -0.13169058 0.08602946 -0.03939322 -0.13238788 0.10532995 -0.03888315 -0.14911048 0.13122305 -0.08004524 -0.16184911 -0.07384399 -0.08054583 -0.15858462 -0.07412613 -0.23477915 -0.15017435 -0.07383061 -0.29597038 -0.15458184 -0.07370169 -0.46192071 -0.15743284 -0.0735587 -0.50421417 -0.15403783 -0.07348875 -0.51851851 -0.16470389 -0.07339666 -0.54243433 -0.14824075 -0.0734928 -0.54209244 -0.15859754 -0.05395723 -0.54204762 -0.1589922 -0.02868444 -0.54188526 -0.15879327 0.03943651 -0.54183823 -0.15597451 0.08603578 -0.54201055 -0.1592638 0.09606301 -0.54252809 -0.15867501 0.09828081 -0.54252809 -0.15867501 0.09828081 -0.54357421 -0.15802966 0.09849646 -0.55394447 -0.15013312 0.09890797 -0.04007354 -0.13938099 -0.10341439 -0.03999212 -0.13633326 -0.0769741 -0.03992945 -0.12109259 -0.0603349 -0.08013983 -0.14733447 -0.0739379 -0.07968497 -0.14457659 0.09797006 -0.08051328 -0.1394131 -0.07417694 -0.21598837 -0.15077098 -0.07393227 -0.32319099 -0.14865299 -0.07369111 -0.36392301 -0.14958817 -0.07362545 -0.38869432 -0.14279433 -0.07356504 -0.41541696 -0.15056734 -0.073589 -0.520069 -0.1513945 -0.07344455 -0.54219913 -0.15128377 -0.06004027 -0.54206949 -0.14788255 -0.0486315 -0.54187453 -0.14914089 -0.0055647 -0.54183549 -0.14985688 0.08226319 -0.54185104 -0.15222217 0.09136327 -0.54213703 -0.15391135 0.09832921 -0.03958973 -0.13838445 0.07309075 -0.18176332 -0.14513531 -0.07395182 -0.27181965 -0.1424001 -0.0736945 -0.44589728 -0.13494605 -0.07358421 -0.48685557 -0.14569862 -0.07351879 -0.52944702 -0.13209422 -0.07349239 -0.54203463 -0.14788406 -0.03022099 -0.54189962 -0.15030172 0.03745069 -0.5417974 -0.14458354 0.06413444 -0.54243433 -0.14824075 -0.0734928 -0.54249257 -0.14638859 -0.07165367 -0.55465233 -0.12446412 0.09883683 -0.03966287 -0.13092366 0.04899495 -0.09871478 -0.14243114 -0.07406373 -0.12192617 -0.14429346 -0.07394419 -0.14728361 -0.14119123 -0.0739455 -0.25079274 -0.13874479 -0.0737334 -0.40972409 -0.14038415 -0.07356519 -0.51627678 -0.12910527 -0.07347737 -0.53962821 -0.13994963 -0.07346884 -0.541812 -0.14172463 0.0222586 -0.54180723 -0.14295357 0.04605552 -0.04009885 -0.1130759 -0.13272044 -0.04013756 -0.11534615 -0.11995118 -0.03971455 -0.12823816 0.02435573 -0.03927535 -0.11456649 0.11266177 -0.03920853 -0.12449701 0.11899074 -0.06538153 -0.11955497 0.09802898 -0.29493338 -0.13081156 -0.07371933 -0.35701889 -0.12794782 -0.07364792 -0.54195982 -0.14001615 -0.03292064 -0.54188168 -0.14201657 -0.01063288 -0.54685557 -0.11802605 0.09863519 -0.04005155 -0.11552263 -0.09614754 -0.0390574 -0.13669126 0.12513641 -0.03892791 -0.101974 0.13322455 -0.03892791 -0.101974 0.13322455 -0.03886601 -0.16146632 0.13323089 -0.07982537 -0.12811044 -0.07397491 -0.09785344 -0.12799214 -0.0741123 -0.11524816 -0.12799472 -0.07404403 -0.21008815 -0.12740818 -0.07399968 -0.22721249 -0.13196528 -0.07391045 -0.32288048 -0.12553482 -0.07371721 -0.50303698 -0.1196644 -0.07353035 -0.5415104 -0.15213718 0.09817307 -0.54173899 -0.11832758 0.09835955 -0.54174995 -0.13140789 0.00531884 -0.55388582 -0.11798602 0.09889802 -0.04015574 -0.10597189 -0.13313285 -0.03983915 -0.1154443 -0.03760529 -0.03935668 -0.11343986 0.09930994 -0.12981445 -0.11954196 -0.07408146 -0.18735847 -0.12532367 -0.0740268 -0.25553659 -0.12225854 -0.07376588 -0.27310345 -0.11954901 -0.07374576 -0.38330427 -0.11339619 -0.07360346 -0.54187292 -0.13212577 -0.03515712 -0.54169577 -0.13210836 0.04272746 -0.54157698 -0.13143124 0.09195959 -0.54234141 -0.10143682 -0.07364187 -0.54247737 -0.1292126 -0.0717339 -0.03889614 -0.11632439 0.13125551 -0.04406342 -0.07817477 0.13330391 -0.06560947 -0.10468291 0.13324246 -0.06559272 -0.14796627 0.13322368 -0.15275039 -0.1233668 -0.07406429 -0.40424812 -0.11606216 -0.07358829 -0.42409125 -0.10444637 -0.07362787 -0.54165053 -0.12274776 0.07077488 -0.5416013 -0.11602586 0.08505442 -0.03957304 -0.11506323 0.05170419 -0.06779309 -0.1164377 0.09793779 -0.23599911 -0.11458507 -0.07393534 -0.54202712 -0.12155867 -0.06538076 -0.54187298 -0.11594657 -0.05056439 -0.54182029 -0.11422855 -0.04069573 -0.54180312 -0.11712272 -0.02540002 -0.54176891 -0.12424669 -0.01366732 -0.5417341 -0.11587897 0.00756147 -0.54166901 -0.1234352 0.03943136 -0.54229856 -0.12066544 -0.06776489 -0.03996009 -0.08928074 -0.07604329 -0.07973014 -0.10069144 0.0980074 -0.08042304 -0.11001857 -0.07424439 -0.28961354 -0.09940892 -0.07377324 -0.53959173 -0.10514797 -0.07356895 -0.54234141 -0.10143682 -0.07364187 -0.54126692 -0.09695189 0.0960375 -0.0390676 -0.11254552 0.12512681 -0.16596568 -0.11325273 -0.07413159 -0.22264965 -0.10896528 -0.07406003 -0.31359008 -0.10408264 -0.0737643 -0.54146755 -0.10219362 0.09172257 -0.54136479 -0.10518071 0.09823828 -0.54136479 -0.10518071 0.09823828 -0.54175776 -0.10052612 -0.00894574 -0.54168195 -0.1101632 0.03728303 -0.0396637 -0.10871787 0.01224544 -0.03920576 -0.08967996 0.13334972 -0.0799001 -0.10113473 -0.07402197 -0.10360736 -0.10824621 -0.07421456 -0.19428022 -0.10410334 -0.07412354 -0.24517284 -0.0984561 -0.07390217 -0.54178679 -0.09886102 -0.03236536 -0.54242301 -0.09818459 -0.07178504 -0.04007781 -0.06065793 -0.13260815 -0.11726768 -0.0964728 -0.07421777 -0.17022717 -0.10002574 -0.07419074 -0.21501574 -0.10030878 -0.0741191 -0.32518336 -0.08433351 -0.07376523 -0.35557038 -0.08820635 -0.07370935 -0.5216074 -0.10702509 -0.07353858 -0.53076065 -0.08476378 -0.07358149 -0.03972602 -0.09290695 -0.0238379 -0.03957832 -0.09766492 0.03379216 -0.03940398 -0.09652287 0.07487913 -0.03898856 -0.08870675 0.13058454 -0.06768414 -0.09697509 0.09800114 -0.08050252 -0.08866896 -0.07432098 -0.22539464 -0.08658621 -0.07410771 -0.54163074 -0.09378281 0.09845465 -0.54160368 -0.09722438 0.06264871 -0.04007217 -0.07937118 -0.10742889 -0.03967941 -0.08661404 0.01325386 -0.03947261 -0.0943146 0.05106737 -0.03930774 -0.08166745 0.08961128 -0.03915486 -0.09012704 0.12097739 -0.05314668 -0.08042061 0.13329726 -0.1056646 -0.09817396 -0.07426403 -0.14213815 -0.09368765 -0.07421011 -0.49748471 -0.09390426 -0.07361171 -0.5132677 -0.08932449 -0.07358388 -0.541798 -0.09472609 -0.04554791 -0.54175162 -0.08823487 0.00571796 -0.54167783 -0.0925929 0.03207435 -0.54648215 -0.08913508 0.09873479 -0.55411494 -0.08386961 0.09903749 -0.55488515 -0.08235522 0.0989755 -0.040001 -0.06835946 -0.09108622 -0.0398531 -0.06877741 -0.05596016 -0.03972626 -0.0904583 -0.00029243 -0.03942385 -0.08735435 0.05926272 -0.03923607 -0.08020708 0.10695966 -0.06530616 -0.08387241 0.09808015 -0.25748563 -0.07028107 -0.07384402 -0.26916701 -0.07664865 -0.07380662 -0.37961382 -0.07399388 -0.07365686 -0.03953084 -0.08043821 0.03693595 -0.06558941 -0.08377853 0.13324317 -0.16087452 -0.08177179 -0.07424317 -0.54159021 -0.08462347 0.06575605 -0.07985565 -0.05993913 -0.07406167 -0.18528011 -0.08204374 -0.07420609 -0.29633287 -0.07279655 -0.07378773 -0.40068889 -0.07146308 -0.07364015 -0.43432301 -0.07944968 -0.07366217 -0.54179865 -0.07641287 -0.02368072 -0.04017097 -0.06895947 -0.13313505 -0.04008731 -0.0519059 -0.11523304 -0.03970465 -0.0835571 -0.01125727 -0.03974307 -0.07773861 0.01569843 -0.03967163 -0.07844827 0.02322342 -0.07973765 -0.07293636 0.09802958 -0.10351649 -0.07685241 -0.07430784 -0.11349909 -0.06738491 -0.07427121 -0.23191288 -0.07659355 -0.07407141 -0.03963163 -0.07656386 -0.00135229 -0.03957459 -0.07876611 0.00878372 -0.03937343 -0.06416254 0.06673946 -0.03914139 -0.07129228 0.11890434 -0.0798222 -0.03816047 0.09803923 -0.21722355 -0.07314484 -0.07418082 -0.24453384 -0.06177881 -0.07394914 -0.47215369 -0.06380695 -0.0736417 -0.49691427 -0.05906586 -0.07360322 -0.54181951 -0.06839257 -0.04253448 -0.54167616 -0.07612005 0.03134259 -0.54239684 -0.0683596 -0.07176379 -0.03973755 -0.03556791 -0.04531241 -0.03969559 -0.0685766 -0.02478797 -0.03936788 -0.06380077 0.05369612 -0.03889218 -0.06293611 0.13319609 -0.03889218 -0.06293611 0.13319609 -0.0396606 -0.07813457 0.01137754 -0.14519845 -0.06914534 -0.07424174 -0.54138076 -0.05769574 0.0982432 -0.54138076 -0.05769574 0.0982432 -0.54165822 -0.05973664 0.06546312 -0.03959215 -0.06479312 -0.01003376 -0.03918642 -0.07564051 0.01021888 -0.03901896 -0.06117715 0.1265001 -0.03905216 -0.05746284 0.13333619 -0.03966159 -0.07482013 0.01953884 -0.03976926 -0.07455172 0.02216312 -0.0395205 -0.07243679 0.03514563 -0.19449113 -0.06519215 -0.07420603 -0.54232925 -0.0612659 -0.07369772 -0.54181582 -0.05934877 -0.00564084 -0.54445398 -0.0607187 0.09862917 -0.54232925 -0.0612659 -0.07369772 -0.55411661 -0.05123989 0.09900897 -0.0395368 -0.06897974 -0.00467057 -0.03832182 -0.07406732 0.00880482 -0.03933054 -0.06403548 0.07890656 -0.36906564 -0.06115755 -0.07369042 -0.51933599 -0.05628362 -0.07359073 -0.53954828 -0.05752192 -0.07362444 -0.54163325 -0.06940404 0.04850801 -0.03304991 -0.0681411 0.01348179 -0.0352098 -0.06823689 0.01520272 -0.03829983 -0.06866547 0.01821732 -0.03829983 -0.06866547 0.01821732 -0.039621 -0.05083033 -0.01948059 -0.03886476 -0.06877936 -0.00025163 -0.03844294 -0.06994329 0.00233599 -0.03856853 -0.07111602 0.01975536 -0.03929126 -0.06862819 0.01980972 -0.03929156 -0.07245842 0.01986774 -0.03929126 -0.06862819 0.01980972 -0.0394305 -0.0586525 0.03461611 -0.03970781 -0.06691599 0.02172136 -0.06535393 -0.0582655 0.09807961 -0.08044235 -0.05829905 -0.07434941 -0.16565281 -0.06216457 -0.07424278 -0.23115511 -0.0529336 -0.07405911 -0.34770238 -0.05838923 -0.07373805 -0.43974903 -0.06003457 -0.0736619 -0.53321648 -0.05052513 -0.07358775 -0.54130876 -0.05485803 0.09589659 -0.54180771 -0.05486285 0.010053 -0.54212469 -0.05607885 -0.06777445 -0.03524718 -0.06463067 0.01645609 -0.03843221 -0.06448652 0.01695549 -0.04005703 -0.03868101 -0.10490418 -0.03960571 -0.02660703 -0.02886108 -0.03937942 -0.06047359 -0.00492025 -0.03852475 -0.06442024 -0.00100753 -0.03843221 -0.06448652 0.01695549 -0.03924945 -0.04899054 0.08412393 -0.03911433 -0.05344212 0.1093941 -0.14297634 -0.0561501 -0.0742105 -0.22019544 -0.05345086 -0.07413063 -0.30788842 -0.05411148 -0.07378802 -0.54179049 -0.04776246 0.02492621 -0.54173392 -0.04789976 0.04559716 -0.02533764 -0.06077684 0.01454418 -0.03013933 -0.06159281 0.01531162 -0.03005341 -0.05965158 0.0143654 -0.02397737 -0.05931404 0.01434606 -0.03398389 -0.06171719 -0.00209562 -0.03523883 -0.06184663 0.01575588 -0.03564879 -0.05930979 0.01354187 -0.03864473 -0.05999897 -0.00033189 -0.03828236 -0.05831557 0.00478082 -0.03820792 -0.05771584 0.00987803 -0.03862539 -0.05931778 0.0136699 -0.03854528 -0.06159612 0.01580732 -0.03862539 -0.05931778 0.0136699 -0.03864473 -0.05999897 -0.00033189 -0.03854528 -0.06159612 0.01580732 -0.03944683 -0.06067034 0.01727208 -0.03943667 -0.05937664 0.0150943 -0.03862539 -0.05931778 0.0136699 -0.03947014 -0.06013703 0.02558266 -0.06564082 -0.05638751 0.13325235 -0.54188168 -0.04023008 -0.03083799 -0.54166484 -0.02692723 0.08240061 -0.0011245 -0.05706703 0.00596514 -0.00066876 -0.05511723 0.00883105 -0.00084913 -0.05678795 0.00865429 -0.00066876 -0.05511723 0.00883105 -0.00201178 -0.05593115 0.00966489 -0.00232217 -0.05554723 -0.00391216 -0.00186849 -0.0560392 -0.00194515 -0.00248083 -0.05740834 -0.00362457 -0.00863966 -0.05656702 0.01204061 -0.00980097 -0.05584862 0.01297104 -0.0249505 -0.05753171 -0.00204269 -0.03118196 -0.05515378 0.00553273 -0.03094169 -0.05520393 0.00999858 -0.02756989 -0.05437345 0.00999578 -0.03040558 -0.05746396 0.0129865 -0.03040558 -0.05746396 0.0129865 -0.03448206 -0.05764927 0.01253485 -0.04004177 -0.04327526 -0.12525597 -0.03960112 -0.05418576 -0.00994325 -0.03941882 -0.05066484 -0.00103173 -0.03932431 -0.05592157 -0.00028075 -0.03904423 -0.05580166 0.00494521 -0.03828236 -0.05831557 0.00478082 -0.0390555 -0.05570748 0.01049524 -0.03820792 -0.05771584 0.00987803 -0.03926903 -0.0518078 0.00912177 -0.0392867 -0.04349421 0.06152629 -0.03857246 -0.03247487 0.1332624 -0.09635077 -0.04466234 -0.07430015 -0.11875527 -0.04018752 -0.07417441 -0.177624 -0.04943515 -0.07417405 -0.31868908 -0.04221739 -0.07376204 -0.38745296 -0.04644416 -0.07361934 -0.54161471 -0.03158685 0.09850361 -0.00171077 -0.05302284 0.00935354 -0.00186858 -0.05175919 -0.00190822 -0.00465524 -0.0533147 0.01033025 -0.00838202 -0.05339947 0.01179739 -0.00957111 -0.0546595 0.01304864 -0.0124054 -0.05264732 0.01215103 -0.01738694 -0.05135588 0.00099193 -0.02092722 -0.05166232 0.00584593 -0.0208337 -0.05161105 0.00978755 -0.02059111 -0.05375744 0.01224785 -0.02059111 -0.05375744 0.01224785 -0.02366838 -0.05423833 0.01209878 -0.03994438 -0.0281132 -0.07960889 -0.03952888 -0.04538448 -0.01339368 -0.03930026 -0.05161768 0.0050393 -0.03892866 -0.04384356 0.12094676 -0.04831246 -0.02134533 0.13328522 -0.22077939 -0.03287603 -0.07403914 -0.36401081 -0.04103919 -0.07366637 -0.41559261 -0.04401821 -0.07362024 -0.4415226 -0.04391259 -0.07363097 -0.47487828 -0.04262407 -0.07361016 -0.5417161 -0.03456753 0.06934261 -0.54241347 -0.03423708 -0.07167483 -0.55106521 -0.03804692 0.09889808 -0.00132382 -0.0471556 0.00783085 -0.00085482 -0.0501036 0.00837278 -0.00085482 -0.0501036 0.00837278 -0.0024617 -0.04866851 -0.00363929 -0.00158164 -0.04797314 0.00212493 -0.00458038 -0.05075967 0.00900876 -0.00453866 -0.04843229 0.00855928 -0.00195169 -0.04756654 0.00812715 -0.00849652 -0.05032503 0.00991728 -0.00844485 -0.04814687 0.00901397 -0.01240376 -0.05019536 0.01044532 -0.01243186 -0.04808098 0.00930496 -0.03997377 -0.0387313 -0.13317814 -0.03872949 -0.03116086 0.12543082 -0.06517938 -0.04678948 -0.0834142 -0.06740716 -0.02132327 0.09808212 -0.0805452 -0.03846608 -0.07429237 -0.1319714 -0.0368364 -0.07411496 -0.26858267 -0.03414215 -0.07381374 -0.2903429 -0.03055212 -0.0737739 -0.54190516 -0.03680238 -0.04708091 -0.54198396 -0.0315676 -0.06377725 -0.00132382 -0.0471556 0.00783085 -0.01236358 -0.04495798 0.00893547 -0.01484036 -0.04510478 0.00842091 -0.04005456 -0.01381987 -0.11785368 -0.03922439 -0.02885028 0.06695082 -0.03903994 -0.03502494 0.10365703 -0.0385811 -0.03320901 0.13130656 -0.03857246 -0.03247487 0.1332624 -0.03922576 -0.04186913 0.0112172 -0.08000906 -0.03025174 -0.07403821 -0.09636855 -0.02615296 -0.07427172 -0.24035585 -0.02217483 -0.07392315 -0.53936994 -0.02674004 -0.07356796 -0.54190171 -0.03217846 -0.00807498 -0.54640472 -0.03024478 0.09876003 -0.54233086 -0.03209188 -0.07363556 -0.5422225 -0.0352318 -0.06754047 -0.554968 -0.02473418 0.09899505 -0.0016557 -0.03747367 0.00717523 -0.00214055 -0.03838402 0.00756564 -0.0018017 -0.0348079 0.00207039 -0.0016557 -0.03747367 0.00717523 -0.00464779 -0.03453856 0.00798097 -0.00852346 -0.03995764 0.00872683 -0.03948617 -0.02657109 -0.01476861 -0.06515323 -0.02909419 -0.08376525 -0.16844241 -0.03165108 -0.07407568 -0.33133408 -0.03170806 -0.07371811 -0.47426218 -0.02974367 -0.07357044 -0.54188609 -0.02865907 0.01856529 -0.01246211 -0.03527701 0.00851961 -0.01456752 -0.03334324 0.00818806 -0.03935996 -0.03130933 -0.00172231 -0.03929144 -0.02858024 0.01372024 -0.03921834 -0.03002125 0.05312004 -0.03916469 -0.02766811 0.0808517 -0.03849921 -0.00965778 0.13324872 -0.41289288 -0.03212872 -0.07357196 -0.5231638 -0.02315008 -0.07356606 -0.54233086 -0.03209188 -0.07363556 -0.00221357 -0.02614694 0.00720199 -0.001798 -0.02577318 0.00683831 -0.00852326 -0.03017239 0.00829618 -0.03972879 0.00567842 -0.05234156 -0.34779179 -0.02508191 -0.07366318 -0.38213781 -0.0291019 -0.07356913 -0.001798 -0.02577318 0.00683831 -0.01245663 -0.02545896 0.00828915 -0.03895107 -0.01123717 0.10159429 -0.06556664 -0.02843174 0.13323042 -0.13077408 -0.01186029 -0.07407168 -0.15788484 -0.01845373 -0.07405356 -0.54130864 0.00648711 0.09831526 -0.54130864 0.00648711 0.09831526 -0.54189599 -0.01154208 -0.03861389 -0.5418126 -0.02363065 0.04866337 -0.00225741 -0.01154443 -0.00193337 -0.00187105 -0.02084559 0.00195842 -0.00454703 -0.01942344 0.00766092 -0.00840911 -0.0204028 0.00811853 -0.01447374 -0.02105067 0.00814112 -0.03992009 0.00123126 -0.13277957 -0.03935128 -0.00832755 0.00221743 -0.0392485 -0.01530346 0.04047125 -0.11498356 -0.00462556 -0.07415453 -0.19908592 -0.00884613 -0.07401256 -0.25598794 0.01568731 -0.07385228 -0.27805343 -0.00482639 -0.07378165 -0.36329961 -0.01352733 -0.07361356 -0.39060169 -0.00703516 -0.07352493 -0.49011856 -0.0131022 -0.07354987 -0.54155135 0.01297394 0.09180581 -0.03997234 0.01390477 -0.13318411 -0.03928992 -0.00404311 0.02272626 -0.03922227 -0.00599348 0.05629667 -0.03914031 -0.01162488 0.07707094 -0.03903133 -0.01469844 0.09651389 -0.03883475 -0.01058587 0.1119205 -0.03858575 -0.00870283 0.12677369 -0.03848353 -0.00927564 0.13139126 -0.03849921 -0.00965778 0.13324872 -0.06527051 0.00578694 0.09810924 -0.08050245 -0.00337135 -0.07435215 -0.32730901 -0.00321367 -0.07369313 -0.42200074 -0.01322367 -0.07354803 -0.46004748 -0.00060863 -0.0735257 -0.54191577 -0.00903743 -0.02558438 -0.54192567 0.00080696 -0.01037315 -0.54194438 -0.00273494 0.00610199 -0.54189909 -0.01069148 0.02322312 -0.54182333 -0.00514257 0.04891714 -0.54173219 -0.01395756 0.07276513 -0.54219931 0.00320697 -0.06786037 -0.5541513 0.00393002 0.09905126 -0.00170815 0.00744884 0.00667282 -0.00218686 0.00017086 0.00705563 -0.03923285 -0.00934612 0.06600501 -0.07999246 0.00363827 0.09806295 -0.10118112 -0.00435358 -0.07425544 -0.50573176 0.00074658 -0.07356159 -0.54155809 0.00654209 0.0985437 -0.5422883 0.00231336 -0.07369161 -0.00254673 0.01356998 -0.00354923 -0.01239565 -0.00510521 0.00833078 -0.04003537 0.00692645 -0.10513809 -0.03947482 0.01486315 -0.01897574 -0.03901228 -0.01075579 0.08906647 -0.40690917 0.00748822 -0.07350335 -0.54236954 0.00090215 -0.07176349 -0.00177935 0.00788369 0.00188407 -0.00850612 -0.00496982 0.00814422 -0.01454723 -0.00211048 0.00817987 -0.03986806 0.00744766 -0.07099042 -0.03904831 -0.00390912 0.08016922 -0.03905883 -0.00461554 0.0851953 -0.03910524 -0.00724709 0.08999094 -0.03919578 -0.00724133 0.09734287 -0.03903323 -0.00705178 0.10185906 -0.03890952 -0.00396795 0.10918077 -0.15212983 0.00505892 -0.07404665 -0.00460818 -0.00182739 0.0076335 -0.03998673 0.02149693 -0.12417933 -0.03990731 0.02810881 -0.0814529 -0.03958127 0.00317452 -0.03557131 -0.03920487 0.00587908 0.04387166 -0.03905782 -0.00448145 0.10433134 -0.0674883 0.02302915 0.09807327 -0.37603861 0.00468797 -0.07353661 -0.54134154 0.01589378 0.09613966 -0.54189885 0.01968229 -0.05345533 -0.54673123 0.00673087 0.09880542 -0.03917143 0.02168149 0.05220135 -0.03925949 0.00775209 0.07382699 -0.03793466 -0.0021151 0.09293311 -0.03873828 -0.00022733 0.11315214 -0.03851864 0.00412511 0.12045794 -0.03903404 -0.00094351 0.0812548 -0.03888094 -0.00044959 0.10982918 -0.07984661 0.05338708 0.09806295 -0.09416842 0.01373089 -0.07428373 -0.19024645 0.00762535 -0.07401741 -0.23704569 0.02364847 -0.07393611 -0.31472042 0.01864729 -0.07369719 -0.47441754 0.01743088 -0.07350961 -0.55536294 0.02924449 0.09907451 -0.008407 0.00953086 0.007977 -0.01242277 0.01175677 0.00815099 -0.03925979 0.00319164 0.07771414 -0.03886172 0.00394462 0.11273115 -0.05252875 0.0229593 0.13325632 -0.065678 0.06390536 0.1332311 -0.06502198 0.01845009 -0.0836099 -0.13272198 0.02860394 -0.07407261 -0.22073634 0.02473984 -0.0739961 -0.44597107 0.0280895 -0.07350142 -0.5422883 0.00231336 -0.07369161 -0.54189336 0.01305709 0.03161796 -0.54176855 0.01332643 0.0703057 -0.54171854 0.01778326 0.0824978 -0.54156512 0.01717428 0.09218683 -0.00213462 0.01452905 -0.00194509 -0.00451535 0.01525449 0.0075336 -0.03936949 0.02254719 -0.00354318 -0.03922215 0.02070454 0.06425267 -0.03816628 0.00675629 0.08468198 -0.03787345 0.00503599 0.10743346 -0.03845906 0.0060367 0.11138146 -0.03843167 0.01155158 0.1229301 -0.03836882 0.01504615 0.13320407 -0.03932828 0.00859918 0.077338 -0.03880084 0.0124213 0.11716064 -0.06571063 0.02878562 0.13322321 -0.36007112 0.02049628 -0.07356999 -0.53953177 0.0225724 -0.07360003 -0.54186487 0.0221394 -0.04243688 -0.54188526 0.02526632 -0.0288587 -0.01437691 0.01522218 0.00809514 -0.03996044 0.02205381 -0.13257548 -0.03928539 0.02431339 0.01087108 -0.03802392 0.01537301 0.10309886 -0.03795055 0.01182758 0.11049222 -0.03885639 0.0104498 0.11282819 -0.06501481 0.00980656 0.09809127 -0.06528203 0.01455877 0.098102 -0.07987748 0.02672154 -0.0740175 -0.11939044 0.02344618 -0.07412428 -0.54227161 0.02679322 -0.06759555 -0.00179905 0.02236757 0.00196468 -0.03998619 0.03901327 -0.11520255 -0.03957251 0.03372527 -0.03506062 -0.03795496 0.01948226 0.10760578 -0.03797734 0.01743043 0.10984393 -0.03850466 0.01472527 0.11089136 -0.03897038 0.01646209 0.11262291 -0.08053254 0.02585584 -0.07429943 -0.17762151 0.02573148 -0.0740426 -0.54192984 0.02249074 -0.0089559 -0.00164077 0.03866539 0.00678565 -0.00213301 0.04217184 0.0071271 -0.00852808 0.02718166 0.00808897 -0.03925368 0.0310072 0.02632975 -0.03920785 0.02380473 0.0389609 -0.03786564 0.0220927 0.10577642 -0.03867191 0.01829765 0.11010843 -0.03838426 0.02010247 0.10859378 -0.03856811 0.01827556 0.11897998 -0.10978831 0.04490182 -0.07419799 -0.38735992 0.03019196 -0.0734565 -0.41370922 0.02550492 -0.07347123 -0.54193723 0.02761671 0.01106431 -0.54510468 0.03275472 0.09888615 -0.54248333 0.03330624 -0.0717446 -0.03993741 0.03959516 -0.09549103 -0.03854376 0.02443421 0.08983161 -0.03794828 0.02375013 0.09766095 -0.03821716 0.02519513 0.09521579 -0.03843036 0.02476752 0.09932791 -0.03923059 0.02562246 0.0993716 -0.03880692 0.02243826 0.10646891 -0.03859341 0.03614602 0.12752458 -0.03849465 0.03657121 0.1312196 -0.03931934 0.02204189 0.08162575 -0.03899407 0.02184537 0.10969373 -0.03869045 0.02312225 0.11458047 -0.54188287 0.02637414 0.03897496 -0.5416615 0.03483069 0.08733275 -0.03969908 0.04915589 -0.0513588 -0.03916943 0.03838703 0.06378015 -0.03850898 0.03827796 0.13318375 -0.03850898 0.03827796 0.13318375 -0.03836882 0.01504615 0.13320407 -0.03962681 0.02540562 0.08604499 -0.03904158 0.02594138 0.09495919 -0.03939623 0.02496112 0.10297646 -0.03889373 0.02528668 0.10950678 -0.29133222 0.03769195 -0.07374654 -0.46226922 0.05337182 -0.0734925 -0.5415206 0.03912604 0.09870505 -0.54178214 0.0402557 0.06953045 -0.5542593 0.03814072 0.09913915 -0.00248805 0.03825182 -0.0035995 -0.00208896 0.03897813 -0.00190464 -0.00451699 0.04433462 0.00758757 -0.03998923 0.04243553 -0.13314161 -0.03991008 0.05459226 -0.13268164 -0.0388096 0.04632432 0.11813306 -0.04013154 0.09019819 0.13322163 -0.03944182 0.02837628 0.0895836 -0.03939253 0.02796337 0.09823369 -0.0389829 0.02864936 0.10540497 -0.3214407 0.03723929 -0.07367454 -0.54188919 0.04662407 -0.01021449 -0.54242396 0.03472606 -0.07366852 -0.03928104 0.04301796 0.01226931 -0.08040424 0.05759108 -0.07432929 -0.09323156 0.04801074 -0.0742899 -0.15114197 0.04788253 -0.07405434 -0.19273125 0.04020515 -0.07402674 -0.34227496 0.05065975 -0.07359818 -0.36530739 0.0522492 -0.07351343 -0.53898984 0.06241927 -0.07356254 -0.54187495 0.05213312 0.02281331 -0.54182684 0.05303589 0.04167607 -0.54171777 0.06378332 0.08246153 -0.00846779 0.04886607 0.00811671 -0.03952703 0.05603063 -0.02658144 -0.03940186 0.04754171 -0.00787608 -0.03916952 0.0509477 0.04924559 -0.06504191 0.04543549 -0.08363614 -0.07976171 0.04285697 -0.07402823 -0.2207813 0.05047003 -0.07398493 -0.24302323 0.0503352 -0.07390175 -0.4198108 0.04771129 -0.07345817 -0.54182178 0.05229643 -0.03499464 -0.01418427 0.04315451 0.00801902 -0.29281747 0.05784062 -0.07372282 -0.39848873 0.05492631 -0.07342861 -0.54175228 0.06761241 0.06898495 -0.03984502 0.06419793 -0.08368994 -0.03976086 0.06627572 -0.06320215 -0.03924271 0.05720708 0.03377279 -0.04762563 0.06904134 0.13323638 -0.0652875 0.05813864 0.09811642 -0.20141983 0.05376932 -0.0740001 -0.54127169 0.0649052 0.09835412 -0.5415206 0.03912604 0.09870505 -0.54187381 0.06266946 0.00352248 -0.00142223 0.06181026 0.00704011 -0.00259921 0.06397477 -0.00349016 -0.00210124 0.05651293 -0.00173933 -0.01384148 0.05621311 0.0077947 -0.0391973 0.06864533 0.06493189 -0.0390527 0.0535315 0.09571435 -0.38252637 0.06210265 -0.07343636 -0.54235059 0.0625754 -0.07366941 -0.54242396 0.03472606 -0.07366852 -0.54235059 0.0625754 -0.07366941 -0.54237783 0.06235356 -0.07190118 -0.55438983 0.06792265 0.09909334 -0.03961578 0.07462171 -0.04337845 -0.03945574 0.0662984 -0.00665636 -0.03935191 0.06412509 0.01153486 -0.03912035 0.06072444 0.08608779 -0.03867188 0.09156707 0.1272032 -0.03849047 0.09038195 0.13313642 -0.06505191 0.06798783 -0.08358952 -0.12491938 0.06704381 -0.07405321 -0.54130608 0.06390807 0.09624588 -0.54180831 0.06156537 -0.04972897 -0.54182613 0.06514874 -0.01936413 -0.54606748 0.06723475 0.09886973 -0.00195274 0.06430823 0.0074371 -0.00466156 0.06534347 0.00801604 -0.03896889 0.07761505 0.10845216 -0.03878388 0.07773784 0.12100717 -0.09898725 0.06477061 -0.0742524 -0.15994367 0.06367382 -0.07401714 -0.42111099 0.07983252 -0.07342074 -0.54153967 0.06817096 0.09864768 -0.5556494 0.08516973 0.09897756 -0.00838718 0.06474957 0.00849628 -0.01377895 0.06206996 0.00753807 -0.03988501 0.07953283 -0.11388529 -0.0398486 0.07482871 -0.09864423 -0.03920227 0.06803301 0.04761501 -0.06738202 0.07910571 0.09809741 -0.07564136 0.06863141 0.09807431 -0.0799083 0.07306048 -0.07399834 -0.11268488 0.08271375 -0.07410023 -0.13421972 0.07926479 -0.07397977 -0.22372687 0.07762298 -0.07389257 -0.46439657 0.07779279 -0.07343576 -0.48790321 0.08201453 -0.07343841 -0.53874123 0.09693146 -0.07346616 -0.54163772 0.08801588 -0.0441182 -0.54174024 0.0747557 -0.03079817 -0.54153967 0.06817096 0.09864768 -0.00198239 0.06781763 -0.00182805 -0.0399327 0.08463556 -0.13323417 -0.03983232 0.09592685 -0.12420971 -0.0395596 0.08162794 -0.01902608 -0.03929675 0.0757685 0.01978093 -0.03920838 0.07979324 0.07720818 -0.19256453 0.07965961 -0.0739269 -0.24583256 0.08041209 -0.07378439 -0.28680751 0.07813779 -0.07366557 -0.38958946 0.08675149 -0.07338027 -0.54174381 0.0856863 0.03952547 -0.00098217 0.07126486 0.00745036 -0.00215015 0.07149455 0.00783607 -0.00235894 0.07302922 -0.00360201 -0.00860217 0.07295108 0.00904813 -0.03989303 0.07522613 -0.13268971 -0.03972667 0.08650839 -0.0693906 -0.03916249 0.0846808 0.08993312 -0.07995574 0.07776564 0.09807783 -0.15098852 0.08315554 -0.07395501 -0.33849019 0.07676029 -0.07355211 -0.36433104 0.08447966 -0.07344729 -0.44583285 0.07854694 -0.07344858 -0.51876682 0.08185908 -0.07348005 -0.54180396 0.07674515 0.02331718 -0.00135764 0.07599208 -0.00195915 -0.01184604 0.07468849 0.00885829 -0.03955713 0.08440235 -0.00050119 -0.0394206 0.08040357 0.0100589 -0.03934577 0.0835481 0.03262945 -0.03926897 0.08335522 0.04918774 -0.06516913 0.10284498 0.09817167 -0.09123141 0.08216676 -0.07425157 -0.54163158 0.09826458 -0.0632135 -0.00031331 0.07941025 0.00817605 -0.03960076 0.09696493 -0.03939021 -0.04772368 0.10533664 0.1332154 -0.08059002 0.09590566 -0.07413162 -0.083326 0.09522101 -0.07420621 -0.54142892 0.08493006 0.09827422 -0.54177129 0.08998439 0.0072275 -0.54607964 0.08911079 0.0986973 -0.00014746 0.08288994 0.00839572 -0.00172517 0.08633193 -0.00396944 -0.00857374 0.082335 0.01122805 -0.03955042 0.08892542 -0.00670318 -0.03939998 0.08794859 0.02039003 -0.03946671 0.09019798 0.02700796 -0.06503513 0.11673504 0.13322112 -0.06546175 0.08871791 0.13322133 -0.12442608 0.0942851 -0.07396901 -0.54143834 0.0942986 0.09611248 -0.54142892 0.08493006 0.09827422 -0.54168653 0.08969125 0.0984607 -0.541659 0.09336004 -0.02304301 -0.54174536 0.08170354 0.06366523 -0.00014666 0.08614755 0.00844096 -0.00014666 0.08614755 0.00844096 -0.00463662 0.08584875 0.00959697 -0.00862834 0.08588964 0.01101422 -0.01257989 0.08590755 0.01252728 -0.02024266 0.08301505 0.01236104 -0.02324769 0.08340061 0.01214468 -0.03950611 0.08542874 0.00919052 -0.03953215 0.08577156 0.01175516 -0.03849047 0.09038195 0.13313642 -0.21667928 0.10380843 -0.07383016 -0.54198545 0.09264028 -0.07354457 -0.54198545 0.09264028 -0.07354457 -0.54202467 0.09331101 -0.07162274 -0.5543251 0.08779597 0.09898015 -0.00142562 0.08905649 -0.00218246 -0.00158662 0.08931848 0.00162148 -0.00059676 0.08873087 -0.00100828 -0.00012365 0.08875364 0.00598853 -0.00012365 0.08875364 0.00598853 0 0.08801636 0.00824677 0 0.08801636 0.00824677 -0.00199342 0.0890359 -0.00389776 -0.00651559 0.08938345 -0.00422318 -0.00459352 0.08976671 -0.00260002 -0.00199342 0.0890359 -0.00389776 0 0.08801636 0.00824677 -0.00463235 0.08795708 0.0089187 -0.00438038 0.08909014 0.00838669 -0.00220925 0.08955151 0.00803464 -0.01216292 0.09044051 -0.002399 -0.00870848 0.09002385 0.00123175 -0.00871703 0.09004045 0.0061649 -0.00868708 0.08963946 0.00876569 -0.00868046 0.08848459 0.00979414 -0.00868708 0.08963946 0.00876569 -0.01247621 0.08962333 -0.00408656 -0.01267722 0.09049141 0.00141829 -0.01338738 0.09086564 0.00796398 -0.01227307 0.09058619 0.00906175 -0.01289961 0.08952925 0.01085275 -0.01227307 0.09058619 0.00906175 -0.01642153 0.08982909 -0.00400174 -0.01515853 0.09109306 0.0046178 -0.01768562 0.08954394 0.01285356 -0.02927428 0.08717459 0.01250344 -0.03240949 0.08801281 0.01188969 -0.03969562 0.11641559 -0.13275844 -0.03974441 0.11709386 -0.09794811 -0.03971228 0.10586706 -0.07709212 -0.03960386 0.10158169 -0.02313126 -0.03950956 0.08929145 -0.00075046 -0.03923151 0.08945909 0.00422507 -0.03860754 0.09020445 0.00949582 -0.03889522 0.09054101 0.01237612 -0.08022316 0.09882709 -0.0739213 -0.09613708 0.10022181 -0.07420937 -0.29415414 0.09067735 -0.07358233 -0.32849276 0.09642875 -0.07350142 -0.4511165 0.09817088 -0.07338772 -0.54169887 0.10182545 0.07137807 -0.54170108 0.11137494 0.08260324 -0.01705658 0.09239429 0.00941109 -0.01499039 0.09122533 0.01053514 -0.01499039 0.09122533 0.01053514 -0.02127874 0.09399033 0.00680768 -0.02056557 0.09401402 0.00964903 -0.02138349 0.09306574 0.01240262 -0.02138349 0.09306574 0.01240262 -0.02443439 0.09462908 0.0015892 -0.02503705 0.09356579 0.0140683 -0.0266566 0.09554863 0.01367899 -0.02935445 0.094284 0.01552086 -0.03889522 0.09054101 0.01237612 -0.03980002 0.12169608 -0.12022399 -0.03952461 0.10001361 -0.00934795 -0.03939196 0.09388587 -0.00476242 -0.03870004 0.09420934 -0.00065572 -0.03833327 0.09257501 0.00417408 -0.03779444 0.09184346 0.00809225 -0.03926685 0.09786579 0.07780882 -0.03912786 0.10241881 0.09766527 -0.03955099 0.0962691 0.01926865 -0.17504081 0.09594831 -0.07387904 -0.24001178 0.09969983 -0.07373238 -0.26043087 0.0951207 -0.07365257 -0.48921841 0.09825298 -0.07340974 -0.02612966 0.09698978 0.00978711 -0.0231683 0.09508008 0.01168101 -0.0231683 0.09508008 0.01168101 -0.02674887 0.09670186 0.01257788 -0.02674887 0.09670186 0.01257788 -0.03021547 0.09758577 0.00095742 -0.03042853 0.09761772 0.01459875 -0.02961877 0.09821963 0.01343697 -0.03351444 0.09700769 -0.00250397 -0.03497383 0.09818125 0.01634376 -0.03836688 0.09836802 0.01707216 -0.03926641 0.09831318 -0.0045322 -0.03840694 0.09836701 -0.0013392 -0.03940287 0.0983631 0.01771425 -0.03962567 0.09411421 0.01735302 -0.03929707 0.10411781 0.06570306 -0.03879416 0.11731389 0.12096956 -0.03940287 0.0983631 0.01771425 -0.28871933 0.10289875 -0.07356212 -0.35710818 0.10839137 -0.0734326 -0.38661584 0.10469612 -0.07335947 -0.40259391 0.10565156 -0.07336409 -0.54169148 0.10463718 -0.00668231 -0.03126544 0.10034752 0.00978594 -0.03054032 0.09959498 0.01250746 -0.02961877 0.09821963 0.01343697 -0.03438476 0.10251904 0.00946897 -0.03370684 0.10231957 0.01281988 -0.03517461 0.10167396 0.01540881 -0.03517461 0.10167396 0.01540881 -0.03912073 0.10304123 0.01722094 -0.03975144 0.11725366 -0.13318464 -0.03974995 0.11666256 -0.13009754 -0.03933522 0.10228446 -0.0041023 -0.03863028 0.10214761 -0.0002437 -0.03934327 0.10657373 0.04915895 -0.03918901 0.11825076 0.09049248 -0.03901157 0.12052816 0.10695048 -0.03912073 0.10304123 0.01722094 -0.03950101 0.10576451 0.01846101 -0.10358477 0.12016222 -0.07418216 -0.12258403 0.13317862 -0.07397947 -0.13156448 0.1106495 -0.07392303 -0.14774367 0.10833827 -0.07389293 -0.19407894 0.10798994 -0.07384262 -0.26440042 0.10979083 -0.07361916 -0.42046589 0.1157684 -0.07339195 -0.54146773 0.13745585 0.09825184 -0.54146773 0.13745585 0.09825184 -0.54170632 0.10975975 0.04562985 -0.0365769 0.10418129 0.00903466 -0.03892753 0.10638613 0.00817978 -0.03837362 0.10651436 0.01290845 -0.03652167 0.10419732 0.01530709 -0.03652167 0.10419732 0.01530709 -0.03839344 0.10557207 0.01605209 -0.03839344 0.10557207 0.01605209 -0.03957674 0.11856386 -0.04029552 -0.03960437 0.10903469 -0.00830681 -0.0395284 0.10702506 -0.00344125 -0.03949654 0.10596979 0.00049048 -0.03902018 0.10563895 0.00482025 -0.03839344 0.10557207 0.01605209 -0.03926429 0.10567048 0.01689231 -0.03925061 0.12118432 0.08171191 -0.06497894 0.14394745 0.13323006 -0.06544864 0.11529189 0.1332092 -0.09113175 0.13522449 -0.07426644 -0.17127641 0.12210482 -0.07386319 -0.25464037 0.13424033 -0.07362542 -0.45602274 0.11382586 -0.07339821 -0.47527614 0.12780336 -0.07342527 -0.534159 0.12459072 -0.07349659 -0.5419513 0.11839581 -0.07358087 -0.54153287 0.12154108 -0.04499433 -0.54156005 0.11942926 -0.03235043 -0.54173386 0.12311754 0.00484809 -0.5419513 0.11839581 -0.07358087 -0.03957015 0.11658177 -0.02534951 -0.03919882 0.10783637 0.01271414 -0.03837362 0.10651436 0.01290845 -0.03908017 0.10766995 0.01566275 -0.3114129 0.12355343 -0.07352153 -0.38012359 0.13054892 -0.07337973 -0.54166907 0.12052605 -0.01039902 -0.54173464 0.13043568 0.02278282 -0.03959754 0.13398814 -0.0593018 -0.03954992 0.11131755 0.00204589 -0.03942084 0.1107811 0.01251157 -0.03944179 0.11252716 0.01727983 -0.03850469 0.12263039 0.13314837 -0.08061725 0.14389798 -0.0742094 -0.23563236 0.13870484 -0.07372186 -0.54169405 0.12719283 0.07136437 -0.55448949 0.13230592 0.09896307 -0.55587107 0.1320883 0.09895211 -0.03930184 0.12516776 0.05701398 -0.03850469 0.12263039 0.13314837 -0.08019632 0.14194688 -0.07396857 -0.08018099 0.14311638 0.09808641 -0.08019309 0.10035664 0.09807443 -0.08263986 0.15889153 -0.07426474 -0.11203851 0.12748125 -0.07409526 -0.5417766 0.12828743 0.09845381 -0.54613554 0.13016975 0.09868257 -0.03950247 0.12221515 0.02104598 -0.03937644 0.12596306 0.041797 -0.03926966 0.13997975 0.07317951 -0.03865367 0.1525155 0.12719473 -0.06511572 0.13965118 0.09813374 -0.20515752 0.14084363 -0.07382108 -0.42458171 0.13637272 -0.07339386 -0.54183829 0.13598296 -0.07357115 -0.54158032 0.13248625 -0.06361265 -0.03978851 0.13770977 -0.10965551 -0.03965554 0.13335255 -0.07973645 -0.03954551 0.12578827 -0.00378797 -0.15925826 0.14817849 -0.0738704 -0.28279689 0.13344172 -0.07355718 -0.36184567 0.14514181 -0.07343409 -0.54171431 0.13040024 0.05201598 -0.03949347 0.13425067 -0.01672999 -0.03947625 0.12976098 0.01858511 -0.03883705 0.14441019 0.11712154 -0.13178876 0.15589455 -0.07390434 -0.54163134 0.14356378 -0.0171412 -0.54183829 0.13598296 -0.07357115 -0.03981197 0.14822653 -0.11791427 -0.03951931 0.13719106 -0.0371973 -0.22270954 0.159538 -0.07380722 -0.03969958 0.14400074 -0.0927671 -0.03941953 0.13884893 0.01944717 -0.03931737 0.14253509 0.05193641 -0.03854665 0.15297914 0.13163006 -0.54152822 0.14099935 -0.04909844 -0.54175514 0.16140988 0.00655865 -0.54173523 0.14474437 0.08265638 -0.03986388 0.18790027 -0.13328448 -0.03975567 0.16416192 -0.13274738 -0.03946421 0.14779881 -0.01487041 -0.03857329 0.17481762 0.1331203 -0.03857329 0.17481762 0.1331203 -0.04009184 0.15468597 0.13318449 -0.54173374 0.14858574 0.06619152 -0.55445778 0.15212664 0.09908887 -0.03936669 0.15829772 0.01894101 -0.03935263 0.15199283 0.04358702 -0.03919855 0.14926615 0.0884706 -0.27647248 0.14994437 -0.073544 -0.30378899 0.1532732 -0.07352392 -0.44650614 0.14896414 -0.07340048 -0.54163855 0.15426481 0.0986607 -0.54152775 0.14967254 -0.0391323 -0.54172748 0.15323871 0.0275416 -0.54196787 0.14913988 -0.0716878 -0.03975093 0.1654596 -0.10898312 -0.03952786 0.17080343 -0.07283271 -0.08022343 0.17292893 0.09808024 -0.1017139 0.15451524 -0.07423235 -0.11441055 0.15863022 -0.0740721 -0.19388615 0.16373298 -0.07384316 -0.25601512 0.16445711 -0.07360641 -0.39737713 0.16002259 -0.07340861 -0.53626966 0.16553 -0.07355956 -0.03976431 0.16598073 -0.12423635 -0.03965172 0.16299084 -0.09109322 -0.03903031 0.15772456 0.10400661 -0.08030978 0.16799304 -0.07395358 -0.09602061 0.16857544 -0.07426072 -0.23592792 0.17100662 -0.07373188 -0.3317827 0.1630021 -0.07353378 -0.381556 0.16357192 -0.07342789 -0.42797697 0.15832871 -0.07340441 -0.46469709 0.16470161 -0.07345144 -0.52321053 0.16434997 -0.07355437 -0.54149044 0.16073027 0.09839793 -0.54163855 0.15426481 0.0986607 -0.54162532 0.16445771 -0.06309111 -0.5416078 0.15955332 -0.02532659 -0.54563874 0.15661639 0.0988531 -0.54191548 0.17536715 -0.0735935 -0.55595529 0.17532071 0.09905722 -0.0394201 0.16242042 -0.01476727 -0.039251 0.16788748 0.06248232 -0.03923115 0.1620177 0.07616266 -0.03914574 0.16102448 0.09140702 -0.03880277 0.16770139 0.11647939 -0.03868133 0.18059507 0.12193199 -0.06498367 0.18216079 0.13323 -0.54191548 0.17536715 -0.0735935 -0.54176545 0.16613796 0.05963676 -0.03976277 0.17389885 -0.11793024 -0.03945774 0.16673538 -0.04378126 -0.06749561 0.19589233 0.09811642 -0.16017784 0.17061296 -0.07385556 -0.21326393 0.17079988 -0.0738403 -0.26667711 0.17598167 -0.0735803 -0.31451926 0.17415306 -0.0735772 -0.36023933 0.16496527 -0.07348279 -0.54159993 0.16766196 -0.04560561 -0.54172462 0.19208941 -0.0293055 -0.54196286 0.17877573 -0.07162348 -0.04016674 0.19642565 0.13318825 -0.13632855 0.17748889 -0.07384453 -0.54177141 0.17105028 0.02416974 -0.54181588 0.17111281 0.08149376 -0.03931215 0.17252186 0.03919026 -0.03903958 0.17740169 0.09312224 -0.03894377 0.17401287 0.10604211 -0.08041477 0.19570082 0.09809681 -0.08083421 0.18429554 -0.07416133 -0.43914342 0.17110902 -0.07345376 -0.03936565 0.18252006 -0.03839556 -0.03931752 0.18194345 -0.00458942 -0.03925449 0.1892423 0.02674713 -0.03907463 0.18228301 0.0834777 -0.06501721 0.1922752 0.09814449 -0.12457591 0.18158934 -0.07391856 -0.28229412 0.18462905 -0.07357384 -0.33831665 0.178276 -0.07356832 -0.54170126 0.18003741 -0.02185307 -0.54177076 0.17915687 -0.00330929 -0.54184806 0.17976406 0.07140183 -0.54282665 0.18381757 0.09866887 -0.54670215 0.18031165 0.09884115 -0.0392113 0.19029391 0.04584869 -0.03879988 0.19340369 0.10942187 -0.0385316 0.20140997 0.13107264 -0.08339581 0.18464571 -0.0742918 -0.11094493 0.18125975 -0.07409406 -0.38108549 0.17815295 -0.07347874 -0.43531105 0.17829821 -0.07346556 -0.49025771 0.18290642 -0.07350973 -0.51795042 0.18144232 -0.07353935 -0.54192692 0.18655559 0.09848743 -0.54169083 0.18043482 -0.05024842 -0.54182458 0.18052167 0.04630136 -0.54189813 0.18537444 0.08752944 -0.54176831 0.17486119 0.09171849 -0.54192692 0.18655559 0.09848743 -0.03958496 0.18576631 -0.09316111 -0.03905067 0.19353893 0.07258781 -0.09761526 0.18647319 -0.07428817 -0.17040734 0.18411434 -0.0738406 -0.35844681 0.18451598 -0.07351682 -0.42759758 0.18745151 -0.07344935 -0.08049595 0.19081599 -0.07383386 -0.20285247 0.1950376 -0.07383669 -0.53368151 0.19069532 -0.07351822 -0.54182827 0.18301615 0.02048954 -0.54182303 0.19201931 0.0663596 -0.03964674 0.20127901 -0.13273817 -0.03963777 0.19639608 -0.10679225 -0.03950086 0.19396338 -0.08038727 -0.03936604 0.19325241 -0.04768512 -0.03928074 0.19550163 -0.01058439 -0.16205001 0.19487014 -0.0737868 -0.22326258 0.19506979 -0.07380909 -0.32769588 0.19506541 -0.07358811 -0.39715737 0.19570521 -0.07339571 -0.54213119 0.19279847 -0.07357646 -0.54180861 0.19236758 -0.0608365 -0.54178292 0.19187579 0.00076481 -0.54181814 0.1921314 0.03201043 -0.54178894 0.19195315 0.05217513 -0.54192615 0.19234887 0.08661973 -0.542023 0.19227439 0.09163745 -0.54213119 0.19279847 -0.07357646 -0.54224813 0.19508791 -0.07145933 -0.05296433 0.21108595 0.13320759 -0.08082253 0.19218957 -0.07398695 -0.08399704 0.19571495 -0.0741934 -0.10123086 0.19529337 -0.07419736 -0.11960161 0.19511116 -0.07390977 -0.13514863 0.19506338 -0.07375277 -0.25509796 0.19499406 -0.073546 -0.29715532 0.19584554 -0.07353682 -0.37468266 0.19569227 -0.07340694 -0.41704556 0.19567612 -0.07338289 -0.473719 0.19548687 -0.0734098 -0.50433278 0.19560844 -0.07354818 -0.54206336 0.19222462 0.09601986 -0.54228091 0.19213152 0.09841903 -0.54228091 0.19213152 0.09841903 -0.03960544 0.20956007 -0.11633035 -0.03907052 0.20111945 0.05744695 -0.03884992 0.21040276 0.09011122 -0.03851637 0.20421189 0.13308385 -0.03851637 0.20421189 0.13308385 -0.08117613 0.19730997 -0.07389731 -0.45037931 0.19553658 -0.07344262 -0.52206248 0.19564751 -0.07357303 -0.53423566 0.19613284 -0.07360605 -0.54157758 0.19647017 -0.07354099 -0.54157758 0.19647017 -0.07354099 -0.54180723 0.19503009 -0.05702863 -0.54164618 0.19513547 -0.02737585 -0.54166281 0.19514745 0.00358706 -0.54168928 0.19515914 0.03659194 -0.54164398 0.1952779 0.07049298 -0.54174685 0.19506571 0.08861455 -0.54193544 0.19492984 0.09840985 -0.54367071 0.19956738 0.09886777 -0.55624479 0.20223284 0.09911712 -0.03916976 0.20670983 0.01686107 -0.038596 0.20348081 0.12673023 -0.09704602 0.19646764 -0.07400025 -0.11066505 0.19615296 -0.07387615 -0.12044141 0.19596279 -0.07378275 -0.14230375 0.19584629 -0.07368676 -0.18255031 0.19589329 -0.07370905 -0.19724563 0.19591498 -0.0737314 -0.21971709 0.19581836 -0.07373772 -0.25569084 0.19574478 -0.07348142 -0.33976024 0.19576398 -0.07351071 -0.38371325 0.19772574 0.0982713 -0.43228322 0.1959241 0.09814899 -0.46546632 0.197824 0.09830206 -0.50443423 0.19780344 0.0984739 -0.54166186 0.19593173 -0.06198562 -0.54151839 0.19579935 -0.04825316 -0.54141539 0.19613031 -0.01626635 -0.54146171 0.19605154 0.01816519 -0.54147834 0.19612756 0.04133522 -0.54146749 0.19621292 0.06867921 -0.03957203 0.21017477 -0.12447957 -0.03937837 0.20594361 -0.05945591 -0.0392679 0.20604768 -0.02548496 -0.06480044 0.23072487 0.1332103 -0.06496862 0.20733088 0.09820994 -0.08224684 0.20895663 0.09813922 -0.0908888 0.20886904 0.0981318 -0.08321142 0.19637191 0.09810107 -0.10269165 0.19567454 0.09808224 -0.11744812 0.20736593 0.09851145 -0.11001888 0.19571239 0.09810837 -0.16054967 0.20725206 0.09862974 -0.1998637 0.2073918 0.09867113 -0.25593659 0.20743594 0.09863003 -0.27937141 0.20741308 0.09855675 -0.34889892 0.20755401 0.09859403 -0.38448527 0.20754331 0.09861844 -0.41283095 0.20739865 0.09858435 -0.47219718 0.20753175 0.09862377 -0.52384549 0.20729384 0.09880214 -0.0394395 0.21530432 -0.09683124 -0.03908047 0.20994893 0.04056343 -0.03894797 0.21313533 0.0612857 -0.03870574 0.21502155 0.10705792 -0.13506803 0.20739847 0.09865835 -0.50443625 0.20749986 0.09877815 -0.53251761 0.20956331 0.09887426 -0.55345249 0.20970103 0.09923198 -0.55635309 0.20962653 0.09910231 -0.03938562 0.2186628 -0.13286087 -0.03935984 0.21219882 -0.06735132 -0.03856683 0.22033298 0.11810171 -0.03837445 0.22704566 0.12688637 -0.06499554 0.20949554 -0.00789652 -0.06496735 0.2095077 0.04541027 -0.06710862 0.20914364 -0.08526573 -0.0671545 0.20912623 -0.07566515 -0.06498066 0.20980459 -0.08568519 -0.06716895 0.20897952 -0.06485853 -0.06496233 0.20962983 -0.06128893 -0.06722893 0.20907584 -0.03141511 -0.06506532 0.2097111 -0.01487163 -0.0672801 0.20909101 -0.01404095 -0.06499554 0.20949554 -0.00789652 -0.06727909 0.20904037 0.00475445 -0.06496735 0.2095077 0.04541027 -0.06735049 0.20904222 0.03484099 -0.06727467 0.20898899 0.04674774 -0.06723702 0.20894164 0.05535036 -0.06490406 0.20966381 0.05037021 -0.06505916 0.20950264 0.05798479 -0.0672491 0.20901495 0.07133057 -0.06723791 0.20904461 0.08227652 -0.06500505 0.20976326 0.09561064 -0.06712312 0.20934761 0.09584781 -0.0650003 0.20929104 0.09813952 -0.07622547 0.20879921 -0.08507084 -0.0737097 0.20895496 -0.07491142 -0.08144203 0.20871297 -0.04072887 -0.08391318 0.20890212 0.09598529 -0.08278242 0.20870236 -0.0523848 -0.0809578 0.20871258 0.06051981 -0.08078252 0.20872533 0.0833193 -0.0650003 0.20929104 0.09813952 -0.08224684 0.20895663 0.09813922 -0.08404219 0.2087934 -0.08489019 -0.0805006 0.20873949 -0.00178803 -0.08757961 0.20885086 -0.07495645 -0.08429821 0.20870063 0.01717683 -0.09470749 0.20883414 -0.08490048 -0.09292462 0.20871902 -0.01797751 -0.09271005 0.20871887 0.02554455 -0.09522846 0.20872781 0.05930223 -0.09254716 0.20873407 0.07061719 -0.09398651 0.20878521 0.0849857 -0.0908888 0.20886904 0.0981318 -0.12321427 0.20888695 -0.07353417 -0.10358703 0.20880607 -0.0605791 -0.10337546 0.20876625 -0.04244337 -0.11113018 0.20882502 -0.00839017 -0.10755995 0.20880473 0.04139142 -0.10526444 0.20887581 0.09566846 -0.11283523 0.20884973 0.07961654 -0.12684497 0.20889804 0.09861153 -0.12354602 0.20897686 0.09490442 -0.12129699 0.20905051 0.09827962 -0.12684497 0.20889804 0.09861153 -0.13148759 0.20898625 -0.08294825 -0.13099012 0.20890555 -0.08458719 -0.14092927 0.20894262 -0.07873551 -0.12747885 0.20887199 -0.05532036 -0.12436907 0.20886889 -0.03788681 -0.12460026 0.20890376 0.0084919 -0.12449944 0.20890155 0.04574635 -0.126114 0.208931 0.08731949 -0.12925889 0.20892802 0.07581242 -0.14152727 0.20892316 -0.0301962 -0.13736688 0.20893836 0.00467368 -0.1532841 0.20895025 0.0149424 -0.14363918 0.20894071 0.04771885 -0.1505287 0.20894086 0.0705938 -0.16565388 0.2089425 -0.0392159 -0.15786251 0.20896378 -0.01169733 -0.17385474 0.20894149 0.03641062 -0.17533843 0.20896745 -0.08467009 -0.16685791 0.20905775 0.09828448 -0.17456934 0.20888349 0.09862261 -0.17456934 0.20888349 0.09862261 -0.18259376 0.20910084 -0.08296021 -0.17016268 0.20892337 0.07691862 -0.16687548 0.20892242 0.08562507 -0.17428859 0.20897624 -0.07218031 -0.17131136 0.20897937 0.09575396 -0.18648313 0.20895675 -0.05431054 -0.18239196 0.20891953 0.06483611 -0.18486094 0.20895484 0.0027739 -0.22941136 0.2091215 -0.07901404 -0.19441573 0.20895401 -0.02395902 -0.20004061 0.20891425 0.08991065 -0.20262749 0.20889661 0.07855319 -0.20564282 0.20901951 -0.06733606 -0.20596436 0.20892802 0.04871329 -0.22333047 0.20897409 0.09573372 -0.2275096 0.20906538 0.09827989 -0.22857033 0.20908433 -0.08469114 -0.21617107 0.20896161 -0.00128106 -0.22114572 0.20902953 -0.06333707 -0.21875079 0.20899066 -0.04102234 -0.22464213 0.20895353 0.0367768 -0.22382361 0.20893496 0.07241633 -0.23077796 0.20920175 -0.08295051 -0.23689 0.20908916 -0.05272535 -0.25210977 0.20903984 0.09860193 -0.25210977 0.20903984 0.09860193 -0.2379954 0.20907903 -0.02728257 -0.24061464 0.20901695 0.05787876 -0.24249412 0.20904067 0.08827176 -0.24583182 0.2091656 -0.068036 -0.25550729 0.20912328 -0.00629399 -0.24051622 0.20902845 0.01083534 -0.248153 0.20905164 0.0366905 -0.24907082 0.20906386 0.07586872 -0.257027 0.20931053 -0.0788284 -0.25486186 0.20940277 -0.08289076 -0.25424987 0.20921582 0.09829589 -0.25598794 0.20930645 -0.08436625 -0.25520742 0.20918277 -0.04147909 -0.26767027 0.20909581 0.05839693 -0.27040136 0.20922139 -0.05624218 -0.27974525 0.20914909 0.0887801 -0.28962553 0.20926836 -0.07073159 -0.27306312 0.20921037 -0.025562 -0.27649572 0.20912501 0.02767476 -0.28582484 0.20913336 0.07862737 -0.27485093 0.20916757 -0.00155807 -0.29986557 0.20913953 0.09853389 -0.29986557 0.20913953 0.09853389 -0.29980689 0.20928994 0.09826308 -0.32148305 0.2093066 -0.08436926 -0.31535172 0.20942378 -0.08287381 -0.29255754 0.20924303 -0.05033166 -0.29521218 0.20922413 -0.02735303 -0.29316694 0.20915696 0.02187567 -0.29969889 0.20914564 0.0877473 -0.30619168 0.20911887 0.06624015 -0.31473389 0.2092177 -0.03779797 -0.30740878 0.20918444 -0.01510499 -0.30643246 0.20911852 0.04520871 -0.31122801 0.20913041 0.02619963 -0.32244849 0.20912984 0.07534071 -0.32096159 0.209342 -0.07893414 -0.31741107 0.20923626 -0.05988614 -0.3260451 0.20915648 0.00620287 -0.31307951 0.20928016 -0.07253132 -0.33748263 0.209241 0.09402385 -0.35450858 0.20941719 -0.07870115 -0.34603855 0.20929834 -0.06323201 -0.32971117 0.20911744 0.03982493 -0.34568313 0.20919409 0.08773633 -0.33827507 0.20921758 -0.02919737 -0.33984074 0.20913568 0.05988275 -0.34526882 0.20919985 -0.00408319 -0.35665184 0.20952362 -0.08284809 -0.34607935 0.20917961 0.0796464 -0.34731728 0.20915687 0.03775289 -0.37437111 0.20947263 -0.08431559 -0.3542127 0.20928168 -0.03709523 -0.36304167 0.2092514 0.01069324 -0.36364967 0.20922211 0.06821879 -0.37937754 0.20930362 0.09194269 -0.3781482 0.20940021 0.0982831 -0.3676151 0.20937273 -0.04440514 -0.36688679 0.20924851 0.03807255 -0.37564903 0.20945773 -0.06758288 -0.38484567 0.20928606 0.06147253 -0.38509357 0.20929024 0.08660885 -0.37945426 0.20965144 -0.08285428 -0.37873513 0.20936728 -0.01884762 -0.38637465 0.20929405 0.07847407 -0.38087526 0.20957169 -0.07902739 -0.3881591 0.20943043 -0.03307531 -0.3995488 0.20929521 0.09857567 -0.3995488 0.20929521 0.09857567 -0.39565784 0.20945767 -0.05707554 -0.38969389 0.20934349 0.02015027 -0.40533394 0.20938113 0.00712561 -0.40115958 0.2093496 0.03877025 -0.40931764 0.20952854 -0.07172716 -0.40490705 0.20946056 -0.0456901 -0.42856625 0.20957637 -0.07910363 -0.4199129 0.20934895 0.04761698 -0.41637111 0.20947433 -0.08422329 -0.46729317 0.20964435 -0.0828163 -0.42652416 0.20941526 -0.01252822 -0.42369336 0.20945844 -0.03539053 -0.4249267 0.20936516 0.08984112 -0.41689271 0.2093462 0.07598721 -0.4216578 0.20939305 0.02311241 -0.4235211 0.20947728 0.09828227 -0.44709504 0.20940414 0.00255128 -0.43932787 0.20933685 0.06062218 -0.4427641 0.20935687 0.07641634 -0.44766584 0.20947474 -0.04568455 -0.45598277 0.20953599 -0.06678692 -0.47045332 0.20934117 0.09860968 -0.47045332 0.20934117 0.09860968 -0.47447324 0.20946214 -0.08434569 -0.45049185 0.20942971 -0.01883612 -0.45338947 0.20937461 0.04321485 -0.47684401 0.20943367 0.08997255 -0.47651124 0.20952675 0.09830772 -0.46767431 0.20940223 0.07101776 -0.47492081 0.20963725 -0.07941995 -0.46855426 0.20942265 0.01929196 -0.46586534 0.20947167 -0.03239314 -0.47715053 0.20956266 -0.05543429 -0.47588891 0.2094979 -0.02562372 -0.48894694 0.20955139 0.00366011 -0.48360109 0.20949402 0.04440009 -0.48713684 0.20951214 0.07073047 -0.49452639 0.20971516 -0.06394032 -0.49808222 0.20986611 -0.0829303 -0.49300638 0.20962992 -0.03609762 -0.50478649 0.20954883 0.0987817 -0.50478649 0.20954883 0.0987817 -0.50639355 0.20978972 0.0983709 -0.50312543 0.20963773 0.01581099 -0.50352943 0.20963606 0.04696142 -0.50699097 0.20965061 0.08851954 -0.51052248 0.20978001 -0.08427184 -0.51053184 0.20974144 -0.05068973 -0.51063037 0.20995522 -0.08280144 -0.5076735 0.2096988 -0.01974694 -0.51459575 0.20966765 0.04902937 -0.5204314 0.20969978 -0.00849772 -0.52521217 0.20967096 0.08922943 -0.53896797 0.20993274 -0.08073617 -0.53373933 0.20989141 -0.07051835 -0.5230884 0.20980182 -0.06102786 -0.53251761 0.20956331 0.09887426 -0.52330279 0.20966575 0.04572301 -0.5347178 0.2097522 -0.04842976 -0.5306887 0.20971924 -0.01846597 -0.53522408 0.20983779 0.09841623 -0.54030687 0.2098164 -0.06000907 -0.53686154 0.20969608 0.04110291 -0.53540164 0.20971963 0.07454982 -0.54347062 0.20975444 -0.02851627 -0.54149431 0.2097232 0.01235484 -0.54150331 0.20976505 0.08974534 -0.55515039 0.20988739 -0.08286663 -0.54522765 0.20973873 0.07079317 -0.55345249 0.20970103 0.09923198 -0.55511534 0.20992839 -0.07319704 -0.55506182 0.20983857 -0.05816401 -0.55479479 0.20984957 0.09867995 -0.55496407 0.20977309 -0.00228999 -0.55487013 0.20971894 0.05148377 -0.55679852 0.20963663 -0.08419625 -0.5548625 0.20981404 0.07853942 -0.55635309 0.20962653 0.09910231 -0.55704761 0.20970437 -0.08280326 -0.55699849 0.20977399 -0.0789559 -0.55681002 0.20967677 -0.05535562 -0.55664527 0.20964921 -0.02616883 -0.55662501 0.20958698 0.00925525 -0.55650342 0.20953161 0.03963011 -0.55634058 0.20959684 0.07256313 -0.03944284 0.22675952 -0.13357875 -0.03914228 0.21851692 -0.02633379 -0.03903139 0.2205891 0.00957011 -0.03823575 0.22937527 0.13309366 -0.03823575 0.22937527 0.13309366 -0.04020813 0.23125368 0.13322628 -0.51137924 0.20996401 -0.08418793 -0.03932527 0.22238791 -0.12269425 -0.03921434 0.22086766 -0.06084654 -0.03884369 0.2273176 0.08505072 -0.03816286 0.23139516 0.13116837 -0.03921211 0.2309911 -0.10246094 -0.03889504 0.2251339 0.04908585 -0.0391376 0.23125789 -0.13279924 -0.03925133 0.23096853 -0.11569167 -0.0391584 0.23100492 -0.08477897 -0.03899395 0.23102078 -0.05684451 -0.0389576 0.23112744 -0.03096221 -0.03898627 0.23112935 -0.0148449 -0.03898972 0.23118427 0.01186829 -0.03859633 0.22696835 0.11608159 -0.03955606 0.23292226 -0.13349283 -0.03884163 0.23121861 0.04149967 -0.03878498 0.231282 0.09093034 -0.03849721 0.23129919 0.11708333 -0.03934303 0.23298794 -0.13249862 -0.03955606 0.23292226 -0.13349283 -0.04065132 0.23312786 -0.13281018 -0.03934303 0.23298794 -0.13249862 -0.04064748 0.23300087 -0.11727726 -0.03946367 0.23286247 -0.11730117 -0.03946367 0.23286247 -0.11730117 -0.03937188 0.23285094 -0.09547298 -0.04064262 0.23301116 -0.09564406 -0.03937188 0.23285094 -0.09547298 -0.03924248 0.23270074 -0.06575943 -0.03924248 0.23270074 -0.06575943 -0.04065615 0.23288029 -0.06888909 -0.03912738 0.23281616 -0.03232924 -0.04058987 0.23290667 -0.04270238 -0.03912738 0.23281616 -0.03232924 -0.03915256 0.23311335 -0.00176174 -0.03915256 0.23311335 -0.00176174 -0.0404928 0.23325717 -0.00066043 -0.03898028 0.23319191 0.04083287 -0.04036507 0.23332819 0.04854145 -0.03898028 0.23319191 0.04083287 -0.03893977 0.23335034 0.08586752 -0.03893977 0.23335034 0.08586752 -0.04040849 0.23348421 0.08344971 -0.04021317 0.23342425 0.11151292 -0.03860617 0.23331556 0.11718386 -0.03860617 0.23331556 0.11718386 -0.04026175 0.2334646 0.13115567 -0.03836343 0.23326838 0.13299268 -0.03836343 0.23326838 0.13299268 -0.03836343 0.23326838 0.13299268 -0.04453334 0.23306176 -0.12991068 -0.04423687 0.23320672 -0.00734428 -0.04407027 0.23346993 0.08790683 -0.04778609 0.23345187 0.12201079 -0.04645658 0.23341355 0.13315994 -0.04645658 0.23341355 0.13315994 -0.05755213 0.23317057 -0.09683564 -0.05061319 0.23300913 -0.07303432 -0.05041155 0.23300114 -0.04657666 -0.0540366 0.23311743 -0.0287504 -0.05407646 0.23334166 0.0285907 -0.04927513 0.23339438 0.0590946 -0.06262863 0.23349676 0.09026166 -0.0629368 0.2334547 0.1216725 -0.06254885 0.23356736 0.13120484 -0.05724227 0.2331343 -0.12962124 -0.06274773 0.23333985 -0.00280757 -0.06520173 0.23343086 0.13315979 -0.06520173 0.23343086 0.13315979 -0.06517014 0.23308024 -0.13326138 -0.06258687 0.23323947 -0.1327216 -0.05795364 0.23302841 -0.05477536 -0.06280647 0.23341519 0.05924111 -0.0625691 0.23323104 -0.10502144 -0.06453656 0.23313224 -0.0678762 -0.06464495 0.23318228 -0.0333418 -0.0646638 0.23316988 -0.13251197 -0.06473087 0.23319966 -0.08932737 -0.06475723 0.233282 -0.01195914 -0.06476007 0.23335248 0.04881113 -0.06483129 0.23340347 0.08997732 -0.0646881 0.23337662 0.11477997 -0.06486942 0.23340809 0.13098258</float_array>
          <technique_common>
            <accessor source="#pos_0-array" count="4545" stride="3">
              <param name="X" type="float"/>
              <param name="Y" type="float"/>
              <param name="Z" type="float"/>
            </accessor>
          </technique_common>
        </source>
        <source id="uvs_0">
          <float_array id="uvs_0-array" count="9090">0.96694 0.42353 0.96652 0.42398 0.96738 0.42452 0.96768 0.42372 0.68702 0.57452 0.68518 0.57362 0.68724 0.57357 0.38959 0.85764 0.3886 0.85942 0.38954 0.84776 0.38857 0.82588 0.38951 0.82627 0.38852 0.79578 0.62246 0.57428 0.62981 0.57345 0.65338 0.57353 0.59862 0.57336 0.58423 0.57428 0.57303 0.57326 0.54407 0.57421 0.54776 0.57323 0.51239 0.5731 0.50038 0.57408 0.49955 0.57307 0.48916 0.57309 0.4829 0.57421 0.47667 0.5732 0.47309 0.5745 0.47324 0.57314 0.4713 0.57452 0.4715 0.57311 0.68553 0.57051 0.67516 0.57357 0.66759 0.566 0.62237 0.56987 0.57433 0.5704 0.55308 0.56939 0.53746 0.56933 0.51166 0.5667 0.47328 0.56354 0.47149 0.56979 0.88885 0.43203 0.88998 0.43117 0.88378 0.43132 0.8855 0.43215 0.98562 0.42443 0.68726 0.55593 0.68186 0.56337 0.64518 0.56541 0.59431 0.56482 0.57194 0.56325 0.4997 0.56466 0.48652 0.56345 0.47654 0.56469 0.985 0.42369 0.60537 0.5555 0.54209 0.56226 0.52434 0.56115 0.68546 0.55588 0.66283 0.5556 0.64246 0.55562 0.62321 0.55555 0.58737 0.55537 0.57267 0.55525 0.54667 0.55527 0.51148 0.55507 0.49705 0.55503 0.47644 0.55504 0.47155 0.55529 0.87075 0.43201 0.47322 0.55512 0.86905 0.43066 0.98771 0.4233 0.98749 0.42407 0.68713 0.55408 0.67908 0.55393 0.64259 0.55389 0.60678 0.55378 0.57868 0.55362 0.55075 0.55349 0.51432 0.55339 0.49246 0.55344 0.4745 0.55337 0.47163 0.55375 0.86919 0.43221 0.41693 0.57886 0.41666 0.58679 0.41764 0.57848 0.41732 0.58654 0.41683 0.62281 0.41746 0.65388 0.41689 0.65815 0.41664 0.68589 0.41719 0.7428 0.41666 0.7134 0.41641 0.7494 0.41724 0.78101 0.41645 0.77098 0.41643 0.78871 0.41727 0.79146 0.41586 0.79152 0.96768 0.41924 0.89835 0.24856 0.90025 0.24952 0.90321 0.24856 0.42013 0.57874 0.41937 0.58865 0.41913 0.62015 0.41937 0.66364 0.41906 0.6754 0.41872 0.71651 0.41918 0.74268 0.41967 0.76254 0.41998 0.78734 0.41992 0.79164 0.97835 0.41708 0.98738 0.41704 0.42398 0.5784 0.42819 0.58053 0.42539 0.64732 0.428 0.61481 0.42749 0.76848 0.42417 0.78971 0.96695 0.41085 0.42938 0.59884 0.4267 0.67653 0.42845 0.71861 0.42814 0.74427 0.42972 0.77714 0.86869 0.42828 0.86908 0.42376 0.98752 0.40191 0.43156 0.63278 0.43163 0.67387 0.42985 0.70087 0.44775 0.7916 0.43551 0.79008 0.86877 0.40077 0.43931 0.57845 0.44016 0.63111 0.43664 0.64775 0.43699 0.69548 0.43856 0.71379 0.4374 0.73079 0.43751 0.75613 0.43723 0.76884 0.43713 0.78678 0.44743 0.57875 0.44905 0.58066 0.44748 0.59137 0.43832 0.66797 0.44334 0.68131 0.44616 0.74495 0.97624 0.39424 0.44496 0.65755 0.44637 0.69885 0.44473 0.77451 0.96694 0.38379 0.96991 0.38391 0.44566 0.62418 0.45065 0.76304 0.4521 0.6102 0.44859 0.6493 0.44973 0.67529 0.45013 0.7227 0.44821 0.79002 0.45057 0.5847 0.45262 0.62116 0.9874 0.38473 0.98784 0.3939 0.45288 0.64445 0.45591 0.66628 0.45478 0.69998 0.4638 0.76847 0.45651 0.60597 0.45878 0.61212 0.46127 0.61925 0.45979 0.63098 0.45987 0.64357 0.45994 0.68091 0.4599 0.72418 0.46011 0.75854 0.45989 0.76154 0.46012 0.76334 0.96994 0.36597 0.46374 0.58084 0.46527 0.60035 0.4612 0.6224 0.45998 0.66508 0.72214 0.16779 0.71919 0.16781 0.72108 0.16963 0.71742 0.16979 0.71741 0.16799 0.47114 0.78688 0.71906 0.17688 0.72867 0.17573 0.72479 0.18281 0.73876 0.18112 0.72455 0.19106 0.71759 0.19238 0.86474 0.18821 0.86466 0.17821 0.85866 0.19727 0.74154 0.1845 0.74894 0.19116 0.78022 0.1874 0.84652 0.19534 0.82579 0.18687 0.82145 0.19429 0.79799 0.19516 0.80652 0.18552 0.77392 0.19362 0.75115 0.20054 0.71926 0.20524 0.86475 0.20193 0.81013 0.20098 0.77562 0.20071 0.76631 0.2108 0.73761 0.20684 0.73042 0.20876 0.85388 0.21276 0.84592 0.20698 0.83588 0.20952 0.78917 0.21177 0.71753 0.21173 0.81893 0.21455 0.74668 0.21606 0.86398 0.22727 0.72583 0.23059 0.84286 0.23105 0.738 0.22957 0.85001 0.22766 0.80294 0.24696 0.73125 0.2336 0.82333 0.23381 0.78147 0.22681 0.75984 0.23154 0.75087 0.25028 0.86481 0.25367 0.71764 0.25613 0.71912 0.25799 0.78421 0.25203 0.84929 0.26639 0.7639 0.27404 0.73847 0.26624 0.73478 0.25716 0.83813 0.27348 0.8224 0.26612 0.86387 0.25995 0.72779 0.27083 0.86395 0.28987 0.79249 0.2744 0.74392 0.27549 0.86482 0.28765 0.7193 0.29184 0.81588 0.28782 0.78405 0.28658 0.75131 0.29115 0.71773 0.29209 0.84668 0.29166 0.83193 0.29162 0.73999 0.29065 0.72875 0.2884 0.78096 0.29479 0.72786 0.30386 0.85082 0.31033 0.81687 0.30043 0.73797 0.30597 0.86401 0.31934 0.86485 0.31659 0.84161 0.31757 0.83089 0.30552 0.79858 0.30707 0.78026 0.3106 0.76243 0.31092 0.74794 0.31115 0.71778 0.31943 0.71927 0.32111 0.82074 0.32244 0.77831 0.32425 0.73741 0.32464 0.72788 0.3241 0.84935 0.33231 0.75238 0.32832 0.85819 0.34076 0.84105 0.33875 0.82493 0.33741 0.80742 0.34181 0.78731 0.33669 0.76506 0.34679 0.74731 0.34128 0.72923 0.34039 0.73667 0.35076 0.71955 0.36121 0.71784 0.3579 0.86407 0.37003 0.86487 0.36147 0.79663 0.35115 0.84988 0.35947 0.84147 0.36138 0.81624 0.3715 0.82829 0.36701 0.7798 0.35965 0.74029 0.37979 0.72802 0.37034 0.85644 0.37564 0.75262 0.37326 0.77376 0.38028 0.79357 0.37404 0.83018 0.39358 0.80078 0.38844 0.71793 0.39819 0.21015 0.62403 0.21418 0.62389 0.25089 0.62408 0.84997 0.39383 0.24374 0.62393 0.86418 0.39224 0.76452 0.39646 0.71966 0.40541 0.72723 0.39934 0.86497 0.40317 0.81097 0.40002 0.74744 0.40236 0.85512 0.41439 0.7376 0.40578 0.82422 0.40891 0.79309 0.41554 0.77528 0.41093 0.72901 0.41768 0.8362 0.41751 0.86418 0.4123 0.84628 0.41965 0.80588 0.42068 0.74941 0.42597 0.74048 0.42976 0.71795 0.4508 0.30417 0.62423 0.2771 0.62394 0.76794 0.42929 0.7264 0.44501 0.86505 0.44442 0.81129 0.43357 0.85017 0.4347 0.826 0.43142 0.84197 0.4422 0.79049 0.44008 0.85693 0.46224 0.74589 0.46072 0.81438 0.45475 0.33182 0.62411 0.8642 0.44725 0.83246 0.4493 0.73552 0.45998 0.76193 0.44925 0.77619 0.46552 0.71786 0.47811 0.71804 0.46697 0.84914 0.47195 0.79772 0.47472 0.86518 0.46721 0.86438 0.47181 0.83512 0.47269 0.76327 0.47347 0.81352 0.48398 0.78704 0.48863 0.72628 0.48872 0.7359 0.48272 0.75707 0.49054 0.74314 0.49132 0.85746 0.49155 0.71809 0.49495 0.86527 0.50362 0.86442 0.49875 0.84942 0.49354 0.84236 0.50169 0.82252 0.50501 0.78911 0.50624 0.75038 0.5167 0.73172 0.51625 0.71814 0.5162 0.85075 0.51167 0.76474 0.51372 0.71795 0.54278 0.86441 0.51756 0.84242 0.52064 0.74296 0.53057 0.85371 0.52095 0.8272 0.52493 0.80873 0.52817 0.85716 0.5327 0.74307 0.54531 0.84954 0.5334 0.7815 0.52784 0.75704 0.53094 0.71819 0.54296 0.86527 0.54852 0.86444 0.54997 0.84247 0.53914 0.80856 0.53783 0.77797 0.53978 0.72851 0.54303 0.82685 0.54283 0.85304 0.55095 0.83634 0.55053 0.80879 0.54874 0.76935 0.54942 0.78537 0.55917 0.72069 0.55919 0.71813 0.55684 0.71786 0.55922 0.86432 0.55905 0.86517 0.55995 0.86054 0.55651 0.85378 0.55914 0.82827 0.5591 0.81254 0.55905 0.73269 0.55921 0.86166 0.56004 0.8355 0.56002 0.81319 0.55996 0.76896 0.55992 0.7207 0.55988 0.71778 0.5601 0.98736 0.36113 0.48062 0.57868 0.46217 0.61055 0.46153 0.61735 0.86527 0.16782 0.86333 0.16785 0.86471 0.1694 0.46122 0.6309 0.46126 0.64217 0.46127 0.66297 0.46119 0.6815 0.46115 0.70596 0.46106 0.72239 0.46107 0.7359 0.46094 0.75313 0.46101 0.75767 0.72323 0.16821 0.46298 0.7634 0.48359 0.79162 0.86477 0.17621 0.86015 0.16785 0.86358 0.17668 0.85154 0.16806 0.84373 0.17809 0.84013 0.1681 0.83149 0.17357 0.81906 0.16826 0.81025 0.17363 0.80031 0.16814 0.78211 0.17465 0.77554 0.16824 0.75891 0.16825 0.74523 0.16825 0.74809 0.17378 0.72779 0.16823 0.85605 0.18032 0.82435 0.17873 0.797 0.17805 0.75669 0.17897 0.78745 0.18192 0.39018 0.31138 0.38815 0.31162 0.37803 0.31177 0.36412 0.31192 0.36504 0.31151 0.34722 0.31138 0.31167 0.31186 0.31718 0.31139 0.29125 0.31136 0.27724 0.31185 0.26489 0.31134 0.2479 0.31198 0.22128 0.31135 0.20242 0.31202 0.20489 0.31133 0.17949 0.31125 0.16015 0.31201 0.15433 0.31125 0.11834 0.31189 0.11651 0.31111 0.09672 0.3112 0.09524 0.31196 0.05833 0.31192 0.06232 0.31113 0.04401 0.31114 0.01281 0.31191 0.0171 0.31109 0.00461 0.31089 0.00124 0.31198 0.00207 0.31079 0.0012 0.31073 0.3705 0.54027 0.37175 0.54008 0.37094 0.53949 0.372 0.53663 0.37097 0.52875 0.37206 0.51074 0.37118 0.50665 0.37201 0.48865 0.37106 0.4881 0.37114 0.46736 0.37208 0.44486 0.37113 0.43573 0.37208 0.39707 0.37097 0.39689 0.3718 0.3942 0.96705 0.36608 0.47159 0.58877 0.46412 0.61708 0.39874 0.31161 0.39707 0.31141 0.39712 0.30923 0.3989 0.30906 0.38981 0.30952 0.055 0.30423 0.36843 0.53717 0.98714 0.36534 0.47091 0.60683 0.47173 0.61149 0.47459 0.765 0.39314 0.30534 0.38857 0.30556 0.3613 0.30155 0.34094 0.30217 0.30281 0.30346 0.28445 0.29905 0.26428 0.30055 0.18563 0.2979 0.20928 0.29848 0.16625 0.29864 0.11741 0.30078 0.10225 0.29905 0.03152 0.30001 0.00766 0.29858 0.36165 0.52269 0.36342 0.50413 0.36212 0.47342 0.36337 0.45845 0.36343 0.43601 0.36348 0.41812 0.36208 0.40019 0.35934 0.39446 0.36286 0.39411 0.97902 0.36319 0.48167 0.59404 0.47466 0.61738 0.39712 0.29853 0.39889 0.29862 0.47766 0.7634 0.48351 0.79002 0.39299 0.29829 0.23339 0.29659 0.14405 0.29664 0.08509 0.29797 0.06945 0.29918 0.00117 0.29135 0.3509 0.54053 0.35564 0.53696 0.35993 0.4835 0.35991 0.44527 0.48389 0.58048 0.48264 0.58348 0.47878 0.61024 0.48562 0.77823 0.37665 0.29656 0.47963 0.79375 0.47963 0.79763 0.47909 0.79551 0.47955 0.80474 0.7604 0.62361 0.76052 0.63283 0.75972 0.63045 0.7591 0.63527 0.76038 0.65237 0.75914 0.64632 0.75915 0.6649 0.76042 0.68132 0.75907 0.6918 0.7605 0.70785 0.75908 0.72297 0.76037 0.73261 0.75915 0.7392 0.76055 0.7453 0.76051 0.75129 0.75917 0.75863 0.76079 0.75842 0.76119 0.76005 0.75841 0.76005 0.31655 0.29467 0.65349 0.89827 0.6734 0.91208 0.6361 0.91087 0.71077 0.91961 0.73975 0.9107 0.73099 0.92109 0.75925 0.91769 0.77808 0.9076 0.79886 0.90737 0.78436 0.92016 0.79969 0.91882 0.04837 0.292 0.81891 0.90733 0.81721 0.923 0.84722 0.93059 0.84726 0.93218 0.84625 0.93209 0.98782 0.96176 0.98977 0.96166 0.98782 0.96029 0.99105 0.95818 0.00219 0.28989 0.35578 0.49687 0.35056 0.42646 0.35467 0.41165 0.88453 0.38053 0.8837 0.3445 0.87813 0.35897 0.75862 0.6219 0.75608 0.62382 0.75454 0.67294 0.75624 0.68479 0.75616 0.69896 0.75598 0.7252 0.75648 0.73688 0.75613 0.74925 0.7558 0.75854 0.35329 0.29277 0.0654 0.2909 0.02404 0.28972 0.00719 0.28796 0.35052 0.51868 0.34994 0.50342 0.34367 0.47769 0.3484 0.46387 0.34793 0.44439 0.48442 0.60253 0.74686 0.62181 0.74964 0.62358 0.75146 0.62639 0.39296 0.28644 0.74773 0.64882 0.75049 0.69599 0.75047 0.70937 0.74456 0.76007 0.33676 0.28927 0.31314 0.28359 0.26724 0.28535 0.24422 0.28471 0.20292 0.28772 0.18426 0.28289 0.0869 0.28406 0.85982 0.95164 0.85966 0.95312 0.86145 0.95337 0.34477 0.52882 0.49126 0.61719 0.39892 0.2822 0.39708 0.2876 0.50705 0.76519 0.48526 0.79159 0.7485 0.6311 0.74466 0.66281 0.74576 0.68368 0.74481 0.73212 0.74388 0.74651 0.73737 0.7585 0.37771 0.28329 0.35236 0.28029 0.28684 0.27738 0.15394 0.28443 0.12191 0.28736 0.33472 0.53725 0.32794 0.39404 0.33556 0.39447 0.98708 0.33948 0.49688 0.76835 0.51099 0.78642 0.73915 0.63843 0.74289 0.70707 0.74058 0.71975 0.04399 0.28143 0.01723 0.27883 0.33407 0.53961 0.33902 0.40552 0.97648 0.34192 0.49877 0.58452 0.39705 0.27599 0.5083 0.76342 0.73389 0.62664 0.7354 0.63101 0.73754 0.65 0.73814 0.69716 0.22138 0.27935 0.17 0.27049 0.11636 0.279 0.06728 0.27776 0.02904 0.27825 0.86307 0.9392 0.86162 0.93696 0.99293 0.9526 0.9945 0.9499 0.99306 0.93728 0.99461 0.93508 0.32779 0.52948 0.33423 0.51881 0.33574 0.50138 0.3136 0.48064 0.3333 0.44766 0.32746 0.42888 0.33838 0.41731 0.33355 0.39719 0.50834 0.61157 0.51221 0.78991 0.7331 0.62342 0.73127 0.62177 0.30969 0.27012 0.14095 0.26981 0.00488 0.24626 0.00112 0.26444 0.32369 0.54057 0.50208 0.59786 0.50806 0.77526 0.39372 0.26971 0.73507 0.67179 0.73502 0.68551 0.72887 0.71271 0.72864 0.72777 0.7344 0.74127 0.37259 0.26299 0.257 0.27045 0.19533 0.2634 0.09302 0.26917 0.04452 0.26753 0.31758 0.51365 0.33081 0.45785 0.96713 0.32274 0.97003 0.33161 0.71801 0.6606 0.72405 0.67575 0.72233 0.69998 0.35926 0.26734 0.22842 0.25954 0.07227 0.26009 0.01767 0.25847 0.30835 0.49428 0.31625 0.46049 0.98734 0.3233 0.51893 0.57882 0.50864 0.6048 0.5159 0.61728 0.39897 0.25781 0.72301 0.69023 0.72382 0.75836 0.38274 0.2583 0.33802 0.26693 0.11929 0.25865 0.31446 0.52229 0.31902 0.41252 0.52892 0.5912 0.39705 0.26174 0.71691 0.62347 0.70898 0.76008 0.00215 0.25665 0.3022 0.50163 0.30992 0.4044 0.9783 0.31826 0.52965 0.58053 0.51627 0.59673 0.52811 0.76834 0.52032 0.79164 0.70048 0.63041 0.71071 0.72712 0.29426 0.25804 0.2687 0.25122 0.02892 0.2531 0.00827 0.23924 0.31053 0.44085 0.98694 0.30606 0.52733 0.77417 0.39288 0.25013 0.7094 0.62172 0.36001 0.25599 0.34632 0.2551 0.32057 0.25559 0.14433 0.25291 0.09942 0.25313 0.29385 0.46789 0.5318 0.58375 0.52419 0.60133 0.70517 0.63516 0.70656 0.64448 0.69553 0.68299 0.69718 0.69052 0.71279 0.75843 0.05536 0.25039 0.29856 0.53964 0.30861 0.39626 0.9701 0.31035 0.52933 0.6108 0.39707 0.25018 0.39896 0.24978 0.52416 0.78551 0.70828 0.65134 0.30714 0.24317 0.30052 0.53706 0.52753 0.78921 0.3668 0.24279 0.33627 0.24315 0.20891 0.24415 0.16857 0.24617 0.64956 0.48669 0.68053 0.48304 0.66084 0.46418 0.29804 0.41322 0.27853 0.39949 0.2938 0.39392 0.53721 0.76349 0.3813 0.24455 0.70358 0.62352 0.69588 0.67484 0.69616 0.70342 0.69835 0.74393 0.6979 0.75861 0.23932 0.24632 0.07582 0.23395 0.00091 0.22621 0.28502 0.54058 0.29695 0.52727 0.2927 0.4249 0.9672 0.29314 0.52402 0.61737 0.69318 0.66332 0.28977 0.23091 0.16067 0.23381 0.13349 0.23295 0.11583 0.2318 0.0923 0.23356 0.05162 0.23651 0.02705 0.23464 0.29218 0.51592 0.55209 0.59413 0.5389 0.78661 0.53726 0.79165 0.39314 0.22109 0.67599 0.62168 0.68604 0.71816 0.6816 0.72947 0.26402 0.23172 0.23786 0.23844 0.99284 0.90974 0.99478 0.90319 0.99301 0.89577 0.29059 0.44496 0.55167 0.6106 0.39899 0.22348 0.39709 0.23098 0.68575 0.62343 0.37847 0.22932 0.68289 0.64488 0.6855 0.65267 0.35107 0.23163 0.27835 0.40565 0.97845 0.28226 0.98728 0.29043 0.55222 0.57886 0.55475 0.58397 0.55074 0.60266 0.68005 0.63608 0.32898 0.23341 0.28108 0.45011 0.55697 0.76516 0.55035 0.77841 0.68648 0.76009 0.36559 0.22275 0.21781 0.22629 0.18735 0.22803 0.06086 0.21801 0.01298 0.2204 0.28423 0.4128 0.24551 0.39438 0.55501 0.76907 0.55561 0.78816 0.55945 0.79168 0.34263 0.21595 0.31861 0.21699 0.03442 0.21937 0.99295 0.87593 0.39565 0.37198 0.39671 0.36964 0.39665 0.37529 0.39456 0.37485 0.39932 0.37491 0.39646 0.37833 0.39235 0.37837 0.39928 0.37837 0.34259 0.56218 0.34165 0.56015 0.34484 0.56 0.25992 0.74374 0.2569 0.74217 0.25847 0.74034 0.26159 0.7501 0.25996 0.7517 0.2591 0.75006 0.25898 0.75355 0.26027 0.74027 0.26107 0.74298 0.25781 0.73784 0.25898 0.73763 0.98684 0.28227 0.55577 0.58058 0.55061 0.61731 0.39902 0.21092 0.67703 0.74368 0.27859 0.21499 0.24121 0.21767 0.01986 0.2057 0.00221 0.21447 0.27004 0.53665 0.27658 0.52788 0.27118 0.48656 0.26426 0.46021 0.39596 0.36405 0.39731 0.36068 0.39799 0.36151 0.34133 0.56736 0.33665 0.5733 0.33947 0.56568 0.39378 0.37007 0.3916 0.37414 0.39059 0.37077 0.38914 0.37361 0.39006 0.3769 0.38769 0.37688 0.39713 0.21668 0.55795 0.76351 0.66692 0.63143 0.3775 0.21335 0.67384 0.66961 0.66582 0.68801 0.66854 0.70605 0.66764 0.75853 0.16361 0.21292 0.13056 0.21407 0.10788 0.20583 0.09541 0.21557 0.26853 0.50635 0.27563 0.41699 0.26916 0.42837 0.25833 0.3962 0.3957 0.35426 0.39776 0.35275 0.39485 0.36145 0.39853 0.35268 0.39313 0.36568 0.38982 0.3601 0.38874 0.36198 0.33411 0.57018 0.33783 0.56608 0.38803 0.36406 0.38946 0.36892 0.38642 0.36817 0.33654 0.56431 0.3863 0.37253 0.3849 0.37083 0.38473 0.37472 0.20558 0.1984 0.18842 0.19606 0.86497 0.88187 0.87094 0.903 0.86839 0.85994 0.39405 0.34471 0.39679 0.3449 0.39654 0.34593 0.39291 0.3453 0.39913 0.34489 0.39857 0.34657 0.38849 0.3451 0.38974 0.34723 0.38784 0.34691 0.39634 0.34833 0.32978 0.58538 0.32844 0.58638 0.32987 0.58341 0.38907 0.3505 0.38721 0.35013 0.39233 0.35099 0.39594 0.35161 0.33321 0.58053 0.39922 0.34835 0.38685 0.35332 0.38849 0.35366 0.39386 0.35635 0.38621 0.35649 0.38788 0.3569 0.39127 0.35747 0.3324 0.58021 0.3306 0.57583 0.38565 0.35824 0.38723 0.36001 0.33268 0.57108 0.66747 0.97244 0.66757 0.97453 0.6655 0.97451 0.66552 0.97109 0.66753 0.97879 0.66519 0.97895 0.66715 0.98171 0.66605 0.9818 0.66842 0.9834 0.66495 0.98404 0.66877 0.98602 0.66527 0.98653 0.56874 0.58971 0.5617 0.60317 0.5644 0.61138 0.6709 0.62331 0.00835 0.19228 0.00543 0.18967 0.25985 0.51693 0.38257 0.52216 0.38147 0.5226 0.38064 0.52136 0.66238 0.9563 0.66307 0.95808 0.66171 0.9582 0.66083 0.95625 0.66384 0.96122 0.66213 0.96123 0.66408 0.96436 0.66243 0.96438 0.66422 0.96749 0.66274 0.96756 0.66425 0.96927 0.66236 0.97109 0.66284 0.97465 0.66324 0.97749 0.66363 0.98079 0.18017 0.36503 0.17682 0.36412 0.17876 0.36254 0.17429 0.36334 0.17622 0.36144 0.17381 0.35907 0.17589 0.35868 0.17378 0.35491 0.17566 0.35493 0.1746 0.35144 0.17602 0.35264 0.57062 0.61597 0.56332 0.61737 0.58135 0.78671 0.39295 0.21031 0.66033 0.66077 0.14113 0.19592 0.04771 0.196 0.23088 0.53971 0.38495 0.51996 0.65917 0.95822 0.65929 0.9613 0.65931 0.96477 0.66091 0.96737 0.6591 0.96803 0.329 0.57261 0.33001 0.57317 0.3277 0.57634 0.32631 0.57403 0.66028 0.9729 0.19073 0.36587 0.18587 0.36412 0.18693 0.36255 0.18352 0.36263 0.18253 0.35844 0.32712 0.56525 0.32996 0.56749 0.3276 0.56849 0.9754 0.2675 0.98697 0.25988 0.58315 0.5789 0.39742 0.20786 0.38571 0.20394 0.65029 0.65184 0.6534 0.67493 0.6418 0.74896 0.65828 0.76009 0.33234 0.19894 0.23525 0.20089 0.08894 0.19723 0.25165 0.52583 0.6553 0.95638 0.65349 0.95798 0.6559 0.96136 0.65594 0.96415 0.65728 0.96638 0.6558 0.96742 0.93017 0.65529 0.93345 0.65411 0.93057 0.65199 0.93326 0.65182 0.93743 0.65364 0.93762 0.65159 0.19072 0.35835 0.19091 0.35548 0.19309 0.35583 0.94018 0.65175 0.32367 0.57288 0.324 0.57503 0.32235 0.57451 0.57607 0.60376 0.56659 0.61749 0.39905 0.20777 0.58139 0.78994 0.65729 0.64081 0.65771 0.73466 0.65668 0.75827 0.35775 0.19738 0.29535 0.20045 0.26364 0.19665 0.02696 0.187 0.0131 0.18548 0.64626 0.9614 0.64966 0.966 0.64978 0.96733 0.93036 0.64599 0.93765 0.64861 0.93962 0.64859 0.23471 0.7357 0.22959 0.72529 0.24183 0.73302 0.97021 0.22338 0.96707 0.26896 0.5821 0.79168 0.39705 0.20163 0.65192 0.62168 0.65499 0.62344 0.37913 0.19581 0.0683 0.19177 0.25213 0.44437 0.24058 0.42895 0.23936 0.41806 0.25016 0.40758 0.24708 0.3939 0.6441 0.95815 0.64488 0.96399 0.93339 0.64494 0.93759 0.6452 0.5823 0.58055 0.58271 0.58393 0.58123 0.59723 0.56737 0.6182 0.58171 0.61794 0.65386 0.69666 0.6488 0.72402 0.16063 0.19201 0.12632 0.18911 0.25098 0.53261 0.25148 0.48459 0.64409 0.96585 0.64255 0.96725 0.93045 0.63879 0.93751 0.6389 0.93943 0.63915 0.58135 0.60723 0.5874 0.61115 0.59735 0.76841 0.39329 0.19014 0.64458 0.64531 0.63681 0.71594 0.00217 0.19033 0.00094 0.18963 0.24802 0.54073 0.23339 0.39666 0.37863 0.51119 0.37731 0.50886 0.37854 0.50161 0.9334 0.63509 0.58674 0.77329 0.39715 0.18976 0.64368 0.63043 0.63643 0.63742 0.30749 0.18874 0.25358 0.18304 0.64874 0.95656 0.63802 0.9583 0.63704 0.96152 0.63104 0.96391 0.63418 0.96579 0.58736 0.59036 0.59645 0.76512 0.36235 0.18405 0.34148 0.17738 0.32737 0.17932 0.16553 0.17437 0.24096 0.45988 0.93746 0.62696 0.93928 0.62924 0.59013 0.60324 0.63108 0.62351 0.37977 0.18471 0.61983 0.73724 0.62551 0.75863 0.62439 0.7601 0.28262 0.17174 0.22681 0.17525 0.23948 0.51369 0.22634 0.494 0.23951 0.47294 0.93341 0.61992 0.59537 0.60736 0.60001 0.61466 0.5974 0.61714 0.60984 0.76357 0.63738 0.66423 0.10183 0.17615 0.02142 0.17189 0.2282 0.44658 0.61225 0.95849 0.62394 0.96734 0.9307 0.6203 0.98148 0.23718 0.98668 0.22173 0.60034 0.77644 0.60768 0.78644 0.39319 0.16769 0.63305 0.6815 0.62835 0.69906 0.37115 0.16151 0.3163 0.15217 0.20352 0.1717 0.05063 0.16795 0.21985 0.53731 0.23322 0.53222 0.60479 0.95684 0.62058 0.96597 0.96714 0.22687 0.9774 0.22475 0.60994 0.59714 0.30077 0.15545 0.00224 0.1457 0.23141 0.52541 0.22851 0.4089 0.61773 0.96386 0.93746 0.61844 0.93917 0.61395 0.60581 0.58058 0.60457 0.58415 0.60684 0.78975 0.38135 0.17025 0.35231 0.15782 0.18887 0.15944 0.13413 0.17195 0.0009 0.15032 0.20826 0.54069 0.2162 0.51762 0.61548 0.96167 0.93283 0.61602 0.20405 0.68041 0.20407 0.67509 0.20458 0.68151 0.20451 0.6741 0.61901 0.63051 0.621 0.63433 0.61828 0.64582 0.62599 0.65701 0.62257 0.75554 0.02659 0.15414 0.61449 0.9658 0.93342 0.61286 0.93735 0.60907 0.20268 0.68201 0.20021 0.67227 0.20135 0.669 0.20248 0.67365 0.62183 0.61039 0.62023 0.6181 0.60998 0.76513 0.6101 0.7743 0.62845 0.79172 0.61217 0.66898 0.26367 0.16754 0.20095 0.39648 0.20332 0.39382 0.60272 0.96742 0.93095 0.59925 0.93361 0.60115 0.19596 0.68786 0.20032 0.68536 0.19824 0.68861 0.1981 0.67937 0.20146 0.66757 0.19759 0.66545 0.19845 0.66499 0.61769 0.59259 0.62336 0.61714 0.39707 0.16177 0.60735 0.62346 0.61683 0.69253 0.61807 0.74845 0.14974 0.15554 0.10076 0.16181 0.0104 0.13435 0.2147 0.53139 0.21398 0.45765 0.21276 0.42045 0.2062 0.41007 0.20515 0.39427 0.60201 0.96386 0.19264 0.68969 0.1897 0.6805 0.6224 0.58396 0.60372 0.63624 0.60233 0.65194 0.37976 0.15254 0.24497 0.15953 0.21446 0.15727 0.00505 0.13285 0.20876 0.44123 0.59871 0.9585 0.59943 0.96174 0.93731 0.5997 0.93903 0.59997 0.19008 0.68433 0.62282 0.58058 0.65234 0.60363 0.6131 0.76357 0.61746 0.76519 0.60573 0.62168 0.3932 0.14135 0.32992 0.14282 0.26304 0.13518 0.98888 0.80775 0.99169 0.83091 0.99168 0.81258 0.20972 0.48773 0.19885 0.46792 0.59561 0.96595 0.18596 0.68724 0.18544 0.68851 0.61695 0.76357 0.987 0.21106 0.63262 0.57893 0.62787 0.78662 0.60257 0.70651 0.23222 0.14235 0.18863 0.143 0.13146 0.1408 0.11251 0.14263 0.08739 0.14711 0.05608 0.13076 0.04123 0.14245 0.38605 0.44499 0.38589 0.47017 0.38409 0.44739 0.18807 0.69481 0.1825 0.6903 0.18589 0.69125 0.18247 0.68418 0.18432 0.67844 0.18598 0.67908 0.1846 0.6856 0.62836 0.79015 0.397 0.14684 0.59154 0.68324 0.60279 0.69219 0.19088 0.50235 0.93316 0.59112 0.93729 0.59099 0.1819 0.68526 0.6529 0.6067 0.63013 0.77643 0.58405 0.76008 0.56194 0.52652 0.55295 0.49816 0.53523 0.50975 0.5932 0.9676 0.93105 0.58982 0.93903 0.58857 0.59527 0.72121 0.59409 0.74436 0.5801 0.75535 0.19638 0.53972 0.18926 0.40897 0.58471 0.95688 0.57934 0.96184 0.93344 0.58798 0.93762 0.58779 0.96716 0.20405 0.97009 0.20309 0.64111 0.58913 0.6414 0.59923 0.63786 0.59446 0.64827 0.61715 0.59 0.6312 0.58936 0.64352 0.38103 0.13707 0.15302 0.14053 0.02726 0.12008 0.01741 0.11535 0.99209 0.78802 0.18865 0.5322 0.19639 0.4852 0.18905 0.40029 0.58645 0.9586 0.58313 0.96401 0.58375 0.96602 0.5853 0.96771 0.93115 0.58201 0.93296 0.58402 0.93729 0.5847 0.17705 0.68712 0.17208 0.68914 0.17375 0.68355 0.6421 0.61811 0.64736 0.76876 0.59308 0.62341 0.5872 0.66868 0.58672 0.69968 0.36664 0.13489 0.34533 0.11862 0.28908 0.12673 0.17528 0.52222 0.18555 0.51542 0.1891 0.42736 0.25735 0.57528 0.25826 0.57675 0.23877 0.57739 0.17589 0.66424 0.17397 0.67012 0.16858 0.67512 0.6395 0.78672 0.59264 0.62167 0.57772 0.75841 0.16213 0.12542 0.19385 0.11821 0.08996 0.11373 0.57478 0.95866 0.24587 0.5755 0.93343 0.57726 0.93722 0.57751 0.97721 0.18656 0.65641 0.61095 0.64995 0.76519 0.6569 0.79176 0.39331 0.11505 0.11305 0.11699 0.06779 0.12323 0.17145 0.49139 0.18016 0.47957 0.38235 0.43465 0.57595 0.96751 0.9307 0.57283 0.65226 0.76362 0.39695 0.11427 0.32709 0.11378 0.23197 0.12462 0.18204 0.44364 0.14254 0.39431 0.38633 0.42633 0.5638 0.95699 0.56993 0.96408 0.57268 0.96606 0.23498 0.57581 0.66034 0.58416 0.65125 0.78622 0.65086 0.78999 0.57965 0.65193 0.58151 0.73307 0.00087 0.11327 0.17079 0.54073 0.17433 0.5397 0.17405 0.46722 0.56751 0.96184 0.56883 0.96739 0.93293 0.56736 0.93058 0.56585 0.93691 0.566 0.66037 0.61815 0.66005 0.77519 0.37886 0.12239 0.35985 0.11022 0.13473 0.10821 0.0366 0.10684 0.0022 0.10184 0.56131 0.95865 0.56606 0.9661 0.66672 0.5807 0.56351 0.63174 0.56999 0.69281 0.16335 0.43086 0.16877 0.39632 0.15797 0.39389 0.92947 0.56305 0.93112 0.56219 0.9338 0.56177 0.22715 0.57764 0.23009 0.5758 0.93664 0.56146 0.9671 0.17028 0.98661 0.17365 0.98698 0.17239 0.67176 0.57901 0.65718 0.59355 0.56816 0.62169 0.56727 0.6402 0.57164 0.667 0.5683 0.68367 0.57206 0.71476 0.16316 0.45363 0.16503 0.41426 0.55918 0.96408 0.56153 0.96596 0.92965 0.55861 0.93212 0.55861 0.22629 0.57559 0.66906 0.61425 0.67123 0.61723 0.68046 0.76912 0.68208 0.78686 0.56277 0.74158 0.56336 0.75469 0.25296 0.11047 0.22692 0.10321 0.17122 0.10864 0.0695 0.09622 0.05202 0.09879 0.16858 0.53301 0.15222 0.52705 0.16014 0.50215 0.16598 0.40509 0.38219 0.42456 0.38672 0.4187 0.55646 0.95678 0.55584 0.96184 0.55832 0.96601 0.92973 0.55545 0.93351 0.55526 0.93579 0.55635 0.22282 0.57769 0.93808 0.55877 0.94002 0.55536 0.93718 0.5553 0.97029 0.16943 0.66827 0.59537 0.6845 0.60341 0.67871 0.79033 0.37512 0.10868 0.56617 0.62343 0.55904 0.65169 0.55881 0.65966 0.56428 0.76009 0.29656 0.10396 0.27477 0.10305 0.86491 0.78382 0.86755 0.76186 0.86409 0.75338 0.38251 0.41554 0.38405 0.41333 0.55561 0.96441 0.55513 0.96651 0.92987 0.55227 0.93273 0.55205 0.93048 0.55085 0.93738 0.55231 0.94006 0.55228 0.68759 0.58992 0.67759 0.76523 0.68847 0.76369 0.38527 0.10412 0.5568 0.72849 0.55586 0.71385 0.15343 0.09969 0.00721 0.08396 0.15866 0.48145 0.54535 0.95853 0.21483 0.58448 0.2135 0.58421 0.21686 0.58033 0.5509 0.96526 0.21483 0.57715 0.21682 0.57702 0.55151 0.96655 0.5539 0.96749 0.55246 0.96749 0.93699 0.54934 0.93564 0.54793 0.94018 0.5495 0.93096 0.46127 0.92785 0.4601 0.93008 0.46257 0.9277 0.46263 0.21441 0.57543 0.92629 0.46251 0.93182 0.54932 0.93015 0.54948 0.6701 0.61789 0.39768 0.10419 0.55112 0.75866 0.18537 0.09792 0.99284 0.77916 0.99472 0.78349 0.99388 0.75242 0.3789 0.40942 0.38447 0.41077 0.54566 0.95629 0.21587 0.58731 0.21304 0.58753 0.54554 0.96174 0.54963 0.96835 0.54846 0.96724 0.93254 0.46245 0.93112 0.46394 0.93471 0.46398 0.21241 0.57703 0.21103 0.57589 0.21101 0.57492 0.21253 0.57409 0.93323 0.54701 0.9295 0.54663 0.93868 0.4643 0.93793 0.46697 0.93502 0.46771 0.93097 0.4673 0.92768 0.46441 0.92768 0.46727 0.92479 0.46429 0.92507 0.46763 0.93499 0.47083 0.93108 0.47095 0.92753 0.47195 0.92549 0.47008 0.39924 0.10405 0.39901 0.10529 0.677 0.79176 0.3933 0.09919 0.55548 0.64318 0.55429 0.67493 0.2513 0.09278 0.21056 0.09074 0.99541 0.7544 0.00072 0.09036 0.14654 0.53974 0.14762 0.54077 0.1498 0.43296 0.1414 0.39622 0.37885 0.40648 0.54545 0.96497 0.54571 0.96818 0.54727 0.96933 0.5487 0.97089 0.54691 0.97163 0.54437 0.97122 0.20929 0.57382 0.20746 0.57276 0.20715 0.56923 0.20936 0.57097 0.54341 0.97296 0.54516 0.97429 0.9363 0.46904 0.939 0.46865 0.939 0.47189 0.20908 0.56776 0.93794 0.47464 0.93574 0.47817 0.93124 0.47617 0.92758 0.47555 0.92364 0.47194 0.92505 0.47598 0.93003 0.4788 0.92765 0.47872 0.92591 0.47852 0.68835 0.58406 0.68498 0.60715 0.68521 0.61088 0.67449 0.61709 0.39921 0.10088 0.39731 0.09932 0.54786 0.6272 0.55372 0.68901 0.33454 0.09129 0.29603 0.09067 0.11715 0.08862 0.13863 0.52031 0.37978 0.40459 0.37874 0.40433 0.54345 0.95651 0.54315 0.96018 0.54295 0.96497 0.54277 0.96812 0.54219 0.97412 0.54486 0.97715 0.54245 0.97878 0.20644 0.56711 0.20546 0.56808 0.20409 0.5643 0.20604 0.56398 0.9392 0.47736 0.93868 0.48068 0.93638 0.48074 0.93186 0.48064 0.20347 0.5619 0.20555 0.55972 0.92769 0.48193 0.9246 0.48085 0.92768 0.48416 0.92536 0.48448 0.68631 0.5962 0.38604 0.09423 0.5477 0.62349 0.54727 0.62175 0.54291 0.7146 0.37044 0.09501 0.35028 0.09085 0.14563 0.53705 0.13801 0.49901 0.13929 0.4859 0.13814 0.46704 0.1408 0.40557 0.45679 0.91321 0.45702 0.91587 0.45514 0.9143 0.45501 0.9161 0.46515 0.9248 0.46645 0.92773 0.46451 0.92684 0.46512 0.92801 0.54136 0.97125 0.53918 0.97498 0.46566 0.93196 0.53923 0.97876 0.5414 0.98189 0.53918 0.982 0.93708 0.48417 0.53895 0.98468 0.93274 0.48388 0.93667 0.48606 0.9326 0.48472 0.9294 0.48387 0.20321 0.55826 0.20156 0.55999 0.20071 0.55651 0.12506 0.74074 0.12293 0.74034 0.12398 0.73939 0.97732 0.15303 0.9869 0.14392 0.54427 0.63476 0.54757 0.66948 0.54463 0.75532 0.54596 0.76007 0.08809 0.08974 0.01675 0.0881 0.53708 0.97885 0.46592 0.93632 0.46493 0.93411 0.53694 0.98183 0.53551 0.9842 0.53932 0.98653 0.53598 0.98702 0.97033 0.14312 0.98715 0.15445 0.68992 0.57903 0.68903 0.58071 0.68807 0.61711 0.3992 0.08746 0.69026 0.7748 0.39316 0.06261 0.54464 0.6564 0.38156 0.08202 0.36357 0.08503 0.27075 0.08641 0.19108 0.08182 0.14947 0.0877 0.03626 0.08135 0.12363 0.50846 0.13284 0.44478 0.14041 0.41825 0.45989 0.93197 0.46039 0.93815 0.45684 0.93742 0.46261 0.94049 0.46114 0.94297 0.46525 0.94097 0.46741 0.94276 0.46422 0.94298 0.46541 0.9451 0.54178 0.64227 0.53785 0.68033 0.53953 0.69237 0.53921 0.7348 0.31672 0.0827 0.09772 0.07827 0.46256 0.9454 0.46101 0.94718 0.4596 0.94551 0.70051 0.5972 0.7085 0.76525 0.69852 0.79177 0.52713 0.74537 0.24926 0.07666 0.06488 0.07387 0.11409 0.74677 0.11325 0.74841 0.11279 0.74695 0.1128 0.74962 0.96693 0.14419 0.70626 0.61051 0.70623 0.78668 0.6997 0.79027 0.38898 0.06467 0.5164 0.65031 0.53046 0.66218 0.52924 0.71033 0.3696 0.07482 0.34877 0.07458 0.30287 0.06938 0.27353 0.06789 0.20177 0.07024 0.15631 0.07416 0.10918 0.07422 0.02226 0.06486 0.01315 0.06033 0.86368 0.72434 0.12646 0.47537 0.39737 0.0615 0.51239 0.62349 0.51383 0.62727 0.52747 0.63463 0.52181 0.75838 0.99707 0.73582 0.99437 0.72308 0.00212 0.05333 0.00071 0.05045 0.10726 0.54075 0.12015 0.52961 0.11953 0.42894 0.1256 0.40199 0.11993 0.3939 0.11137 0.72571 0.11574 0.73497 0.10892 0.7361 0.70787 0.58918 0.71765 0.77465 0.72206 0.78679 0.51232 0.62169 0.52037 0.69377 0.51129 0.76006 0.38204 0.06413 0.331 0.06777 0.11198 0.53972 0.11151 0.53662 0.11369 0.51905 0.97738 0.1343 0.72027 0.58401 0.72129 0.61483 0.52274 0.64321 0.03623 0.0656 0.119 0.41125 0.98723 0.12236 0.72238 0.57903 0.51705 0.67104 0.5188 0.68374 0.51505 0.72667 0.18122 0.05198 0.07508 0.06407 0.72191 0.5974 0.72502 0.61715 0.39923 0.05089 0.72793 0.76851 0.36252 0.06171 0.34591 0.05607 0.25626 0.05483 0.23019 0.06356 0.14549 0.06036 0.11893 0.05548 0.09312 0.05583 0.48908 0.5176 0.46244 0.50345 0.45884 0.51673 0.99666 0.72273 0.11342 0.5006 0.11677 0.48723 0.11522 0.45069 0.72284 0.79023 0.69972 0.7918 0.72175 0.79181 0.11445 0.47384 0.72289 0.58073 0.72319 0.60475 0.33803 0.04058 0.32388 0.05296 0.30444 0.05475 0.22971 0.05396 0.049 0.05085 0.10587 0.4159 0.0911 0.39613 0.97467 0.1111 0.50679 0.63776 0.50646 0.74613 0.37671 0.04078 0.38533 0.03987 0.35278 0.03584 0.12932 0.04061 0.01015 0.0475 0.10129 0.49123 0.98697 0.1211 0.73335 0.61115 0.39734 0.04877 0.71829 0.76369 0.39307 0.04899 0.4983 0.68558 0.21007 0.04528 0.15774 0.04301 0.86153 0.71916 0.86313 0.71459 0.99578 0.71008 0.99339 0.71028 0.73064 0.58923 0.50328 0.65059 0.49934 0.65713 0.49696 0.67506 0.49854 0.70554 0.31141 0.03899 0.28368 0.0363 0.0152 0.03218 0.09393 0.53718 0.09383 0.46625 0.10392 0.45452 0.09765 0.43811 0.09661 0.40467 0.98698 0.09532 0.74678 0.76529 0.74266 0.778 0.49121 0.62169 0.4944 0.62353 0.48912 0.6347 0.4874 0.75547 0.23355 0.04073 0.08487 0.04121 0.86332 0.69609 0.09402 0.52805 0.08959 0.50936 0.09474 0.39424 0.08488 0.3938 0.96976 0.08926 0.7494 0.58061 0.48712 0.76004 0.04488 0.03098 0.86158 0.6996 0.00788 0.01497 0.00216 0.02884 0.086 0.52033 0.74879 0.59681 0.39343 0.03247 0.48735 0.6287 0.491 0.66117 0.4904 0.72537 0.25002 0.03049 0.7471 0.5844 0.7473 0.60439 0.7598 0.61707 0.48395 0.65113 0.48987 0.69627 0.37127 0.02863 0.22075 0.03132 0.06614 0.03454 0.99411 0.69232 0.08344 0.47574 0.08369 0.42809 0.75271 0.79182 0.43923 0.50064 0.45177 0.48752 0.43176 0.48029 0.08292 0.4127 0.96688 0.08766 0.75455 0.59473 0.39739 0.02617 0.39926 0.01648 0.76092 0.76372 0.75595 0.78653 0.75159 0.79023 0.48374 0.68291 0.16015 0.02771 0.99587 0.68358 0.00067 0.01742 0.07872 0.53969 0.07385 0.54074 0.0728 0.53417 0.08433 0.49808 0.08641 0.45617 0.07317 0.39609 0.75711 0.61119 0.76296 0.76951 0.47967 0.62352 0.48148 0.66849 0.47881 0.74748 0.31625 0.02557 0.25649 0.02579 0.19982 0.02457 0.11108 0.02496 0.08215 0.02406 0.0253 0.02159 0.86004 0.68183 0.07961 0.40752 0.74976 0.57868 0.76064 0.57895 0.75388 0.60331 0.39355 0.0202 0.38419 0.0232 0.47273 0.62693 0.47158 0.63679 0.48096 0.70131 0.48048 0.72309 0.47234 0.75819 0.46865 0.76005 0.35885 0.02412 0.34304 0.02407 0.28063 0.01991 0.07734 0.45348 0.05979 0.39411 0.47271 0.62178 0.47173 0.6802 0.47181 0.72905 0.25781 0.01838 0.23228 0.0204 0.14202 0.01852 0.05848 0.01908 0.86155 0.67987 0.06945 0.51472 0.07447 0.50803 0.07173 0.48384 0.06306 0.39375 0.97735 0.06268 0.76569 0.60532 0.39746 0.01362 0.37943 0.01316 0.47142 0.65015 0.47162 0.6691 0.47165 0.70752 0.3441 0.01232 0.3192 0.0173 0.24311 0.01193 0.20236 0.01712 0.08666 0.01703 0.02651 0.01201 0.99283 0.67707 0.00206 0.0127 0.77068 0.76529 0.47099 0.62339 0.47157 0.62163 0.4714 0.75169 0.18393 0.01296 0.05638 0.01168 0.99489 0.67368 0.06766 0.46502 0.06892 0.4386 0.06407 0.40434 0.78258 0.5785 0.77053 0.60969 0.77112 0.61474 0.39361 0.01129 0.46741 0.62172 0.46884 0.62339 0.469 0.63397 0.46928 0.63772 0.46816 0.63529 0.41982 0.98589 0.42053 0.98343 0.41877 0.98375 0.41883 0.97782 0.4693 0.65403 0.4205 0.96711 0.41879 0.95441 0.46924 0.67827 0.42056 0.94286 0.41875 0.93547 0.46918 0.72228 0.42056 0.89885 0.41879 0.89929 0.46913 0.73473 0.42038 0.88845 0.42056 0.8864 0.41887 0.88607 0.46907 0.75166 0.42054 0.86947 0.41886 0.86969 0.4689 0.75847 0.42054 0.86267 0.41882 0.86283 0.42072 0.86109 0.41846 0.86109 0.41628 0.8843 0.41511 0.87033 0.41524 0.86266 0.40753 0.98657 0.40805 0.97269 0.40972 0.91381 0.41006 0.86637 0.4057 0.86258 0.40027 0.86663 0.40269 0.86112 0.40105 0.94886 0.39924 0.9318 0.40141 0.91105 0.40222 0.88927 0.39826 0.97844 0.39515 0.88571 0.39213 0.87344 0.39608 0.9892 0.39507 0.96709 0.39432 0.90832 0.39676 0.8611 0.38692 0.94321 0.39063 0.86825 0.3902 0.86277 0.38205 0.97766 0.38211 0.95855 0.38407 0.91056 0.39133 0.86106 0.38314 0.89152 0.37066 0.97236 0.37024 0.92452 0.37917 0.98559 0.37059 0.88245 0.36452 0.89647 0.36466 0.9846 0.36641 0.95748 0.35129 0.86601 0.36148 0.87122 0.35805 0.93547 0.34621 0.86277 0.34758 0.8611 0.05991 0.32415 0.07461 0.32353 0.10023 0.32358 0.10368 0.32419 0.34483 0.97796 0.35353 0.9411 0.35144 0.9173 0.34036 0.96975 0.34427 0.95345 0.33225 0.8899 0.34586 0.88322 0.27213 0.0125 0.33009 0.93361 0.33015 0.98342 0.32258 0.87331 0.3371 0.86941 0.32287 0.9022 0.32733 0.92234 0.3226 0.97326 0.32261 0.95508 0.14198 0.32379 0.30694 0.86621 0.3102 0.8822 0.30338 0.86114 0.1479 0.32426 0.30867 0.9188 0.30495 0.86275 0.30792 0.98725 0.29724 0.98292 0.31122 0.96305 0.3034 0.93539 0.30353 0.97607 0.28317 0.9708 0.29782 0.95377 0.30345 0.9012 0.29866 0.87543 0.29012 0.92503 0.27469 0.90775 0.29401 0.88679 0.28648 0.93906 0.28953 0.89901 0.27903 0.86581 0.28373 0.88229 0.27966 0.86279 0.28623 0.86116 0.16505 0.32409 0.28082 0.87141 0.27775 0.95283 0.25674 0.98132 0.26813 0.9254 0.27318 0.89425 0.26829 0.98603 0.26033 0.93738 0.25657 0.88417 0.24856 0.87856 0.25987 0.95543 0.19029 0.32346 0.23464 0.891 0.25659 0.87142 0.24894 0.97456 0.24807 0.90757 0.24697 0.86122 0.20432 0.324 0.23346 0.96083 0.23833 0.86618 0.22556 0.97379 0.23254 0.92711 0.23259 0.91542 0.22555 0.86287 0.22717 0.87144 0.2272 0.98688 0.21541 0.98267 0.23065 0.94284 0.21262 0.93335 0.21357 0.88327 0.21132 0.86124 0.23998 0.32395 0.22467 0.90474 0.22647 0.32324 0.20736 0.95791 0.20589 0.86619 0.19667 0.94086 0.21262 0.91485 0.20508 0.92297 0.1939 0.90732 0.18943 0.89636 0.2026 0.87509 0.19399 0.96876 0.18915 0.86965 0.189 0.97832 0.18625 0.88613 0.18068 0.86285 0.2746 0.32406 0.14672 0.01078 0.18097 0.98605 0.16829 0.95174 0.1821 0.93151 0.16145 0.8715 0.17672 0.86126 0.17526 0.92015 0.16777 0.86632 0.15968 0.87866 0.15882 0.97983 0.1544 0.97245 0.16698 0.90754 0.16053 0.891 0.15905 0.93527 0.14425 0.90335 0.15047 0.92528 0.13593 0.8613 0.14417 0.86292 0.10288 0.01071 0.14617 0.95289 0.14731 0.86627 0.12657 0.9703 0.12842 0.93409 0.12828 0.88624 0.12739 0.87526 0.13378 0.98607 0.12977 0.97858 0.12507 0.92091 0.11707 0.86969 0.11929 0.95358 0.10889 0.98569 0.11115 0.9041 0.09789 0.88713 0.10922 0.86625 0.10179 0.86295 0.10424 0.92625 0.09785 0.97732 0.1014 0.86131 0.0999 0.91302 0.10082 0.87725 0.09491 0.94385 0.09297 0.96245 0.06685 0.86953 0.09176 0.90112 0.06621 0.86637 0.07624 0.92963 0.0774 0.91323 0.07902 0.8744 0.08056 0.94686 0.0812 0.89735 0.06935 0.86129 0.34993 0.32414 0.38781 0.32375 0.38198 0.32416 0.07435 0.97213 0.07794 0.95837 0.08807 0.98088 0.06126 0.97502 0.07133 0.88892 0.06923 0.95664 0.06534 0.93574 0.05953 0.86305 0.06121 0.87722 0.06042 0.95462 0.06163 0.91756 0.06156 0.89617 0.04944 0.86119 0.40189 0.32405 0.05695 0.94002 0.05537 0.97603 0.05534 0.92122 0.05354 0.90716 0.05106 0.89316 0.05285 0.87974 0.04905 0.86766 0.40179 0.32355 0.0508 0.88479 0.04913 0.86313 0.04908 0.88317 0.04734 0.86905 0.04744 0.88363 0.04718 0.86117 0.40412 0.32485 0.4051 0.32429 0.06136 0.52703 0.96753 0.05681 0.76779 0.59432 0.78551 0.58541 0.76949 0.6167 0.39932 0.00688 0.77166 0.76992 0.77407 0.78539 0.37711 0.00934 0.46807 0.62756 0.42023 0.99943 0.42043 0.99359 0.41597 0.99754 0.46838 0.63252 0.46848 0.72397 0.46844 0.73268 0.40738 0.99952 0.41353 0.99458 0.42048 0.98862 0.41487 0.99067 0.42043 0.89716 0.4098 0.99772 0.40358 0.9974 0.39636 0.99943 0.39026 0.99471 0.38845 0.99936 0.38654 0.99779 0.37811 0.99089 0.34136 0.00623 0.37075 0.9993 0.35738 0.9944 0.35881 0.99775 0.35484 0.99128 0.30594 0.00943 0.33818 0.99935 0.33643 0.99229 0.32629 0.99938 0.30089 0.9912 0.30511 0.99452 0.3081 0.9994 0.30183 0.99804 0.27698 0.00608 0.26287 0.00706 0.27898 0.99922 0.24129 0.006 0.27656 0.99765 0.26544 0.99467 0.25314 0.99101 0.24829 0.99779 0.24542 0.99929 0.24373 0.99472 0.1958 0.00932 0.22057 0.99781 0.21094 0.9993 0.2086 0.99464 0.16896 0.00686 0.18641 0.99136 0.18112 0.99772 0.18267 0.99924 0.17935 0.99481 0.15262 0.99492 0.16448 0.99925 0.15405 0.9978 0.15171 0.99141 0.14839 0.99925 0.13008 0.99142 0.11269 0.99785 0.12841 0.99476 0.12141 0.99933 0.10631 0.99477 0.06411 0.00756 0.10252 0.99932 0.10188 0.99135 0.07653 0.99793 0.07774 0.99945 0.0755 0.99487 0.07451 0.99142 0.06322 0.99797 0.06385 0.99125 0.06339 0.99948 0.06126 0.9946 0.06162 0.98119 0.05487 0.99203 0.05354 0.99952 0.05017 0.98705 0.05388 0.95402 0.04981 0.93457 0.04986 0.92152 0.04759 0.99947 0.04752 0.99018 0.04762 0.97913 0.04958 0.95336 0.04759 0.90708 0.002 0.00236 0.04768 0.95341 0.04762 0.92571 0.04758 0.88509 0.00049 0.00078 0.05696 0.53975 0.05702 0.54087 0.06216 0.53698 0.06219 0.51807 0.06177 0.49522 0.06372 0.47537 0.0629 0.44192 0.97042 0.06195 0.78497 0.57885 0.77397 0.60517 0.39757 0.00356 0.77312 0.76379 0.39057 0.00657 0.37154 0.0066 0.20626 0.00604 0.12398 0.00258 0.09437 0.00597 0.0388 0.00245 0.02617 0.00376 0.05906 0.41803 0.05909 0.39627 0.9873 0.0629 0.78012 0.59561 0.77525 0.6166 0.3993 0.00118 0.38887 0.00311 0.36752 0.00307 0.3435 0.00306 0.31454 0.003 0.26915 0.0029 0.24349 0.00282 0.20012 0.00271 0.16324 0.00269 0.09243 0.00252 0.06233 0.00245 0.01136 0.00068 0.05691 0.53666 0.05699 0.51772 0.05702 0.4943 0.05708 0.46587 0.05713 0.44149 0.05707 0.39376 0.77675 0.61577 0.39755 0.0017 0.77638 0.76517 0.77471 0.76373 0.78906 0.77988 0.79205 0.79183 0.39015 0.00197 0.38382 0.00195 0.37517 0.00192 0.34575 0.00183 0.30979 0.00173 0.26663 0.00158 0.2444 0.00138 0.19129 0.0013 0.14841 0.00111 0.11435 0.00106 0.06724 0.00101 0.03801 0.00072 0.05709 0.41506 0.96644 0.05656 0.7767 0.67261 0.77533 0.68142 0.7776 0.68164 0.77533 0.71498 0.7775 0.71323 0.77677 0.72602 0.77503 0.72549 0.77716 0.62521 0.77508 0.63613 0.77726 0.64029 0.7751 0.67329 0.77489 0.73159 0.77697 0.74751 0.77509 0.76171 0.78906 0.79033 0.03732 0.00055 0.01296 0.00048 0.44444 0.1649 0.44459 0.16381 0.44603 0.1648 0.78398 0.61024 0.78245 0.63733 0.78126 0.67611 0.78125 0.72528 0.78223 0.76152 0.78928 0.61151 0.78944 0.63017 0.78907 0.65104 0.78957 0.67773 0.78942 0.71274 0.78944 0.72844 0.78921 0.75619 0.96864 0.05308 0.98729 0.05338 0.7889 0.57883 0.79219 0.57837 0.96652 0.05163 0.79292 0.57891 0.79415 0.57848 0.79269 0.58286 0.79255 0.62342 0.79261 0.6695 0.79267 0.7103 0.79257 0.72754 0.79265 0.75569 0.79256 0.77939 0.79266 0.79021 0.79426 0.79179 0.98784 0.05144 0.79426 0.57917 0.7942 0.61372 0.79414 0.63088 0.79415 0.65852 0.7942 0.67563 0.79422 0.72426 0.79425 0.75721 0.79421 0.77707 0.79424 0.79003 0.38597 0.85783 0.38617 0.83077 0.38593 0.81385 0.38644 0.79444 0.38595 0.76563 0.38863 0.75807 0.38639 0.72182 0.38868 0.71845 0.38664 0.67514 0.38875 0.67534 0.38882 0.65807 0.88855 0.42899 0.125 0.63702 0.12986 0.63702 0.12665 0.63606 0.38826 0.8599 0.37487 0.85964 0.37419 0.85787 0.37902 0.8382 0.37728 0.81849 0.37942 0.78895 0.37762 0.7401 0.38113 0.72502 0.38111 0.70749 0.38111 0.69118 0.37997 0.6563 0.38173 0.64834 0.38884 0.64841 0.37842 0.64683 0.38861 0.64668 0.88982 0.4211 0.88945 0.42161 0.87465 0.42541 0.37935 0.67274 0.37541 0.85992 0.37087 0.81144 0.37124 0.78719 0.37228 0.75767 0.3712 0.70826 0.36987 0.68424 0.37118 0.67118 0.37065 0.65822 0.37271 0.64847 0.37169 0.85963 0.37079 0.8337 0.88867 0.4124 0.36287 0.80838 0.36539 0.73543 0.36151 0.84942 0.35483 0.82586 0.36096 0.78098 0.3602 0.72265 0.3542 0.66107 0.36155 0.64827 0.35344 0.85952 0.35932 0.70022 0.87973 0.39853 0.35709 0.76171 0.35741 0.67934 0.35204 0.67031 0.34158 0.64674 0.89005 0.38472 0.34797 0.85996 0.34229 0.85038 0.34225 0.83951 0.35018 0.73558 0.34835 0.71785 0.34823 0.69343 0.8687 0.36533 0.34161 0.79869 0.33428 0.77993 0.33663 0.7668 0.34697 0.75195 0.34253 0.68108 0.34775 0.64875 0.33385 0.66603 0.88889 0.37509 0.33117 0.82744 0.33192 0.81011 0.33718 0.70522 0.32924 0.65995 0.01816 0.62169 0.01983 0.62358 0.01821 0.62452 0.04271 0.62361 0.06471 0.62319 0.06228 0.62367 0.10719 0.62371 0.13986 0.62316 0.14359 0.62373 0.17125 0.624 0.20385 0.62332 0.31541 0.62332 0.35673 0.62341 0.39735 0.62439 0.37606 0.62349 0.39524 0.62348 0.40212 0.62339 0.41402 0.62452 0.41483 0.62416 0.33002 0.86005 0.33356 0.74406 0.32547 0.72832 0.33123 0.64685 0.01999 0.61929 0.03054 0.62067 0.04207 0.61912 0.10303 0.61291 0.19612 0.62061 0.2729 0.61844 0.34175 0.61828 0.41157 0.61801 0.41459 0.61531 0.32894 0.85959 0.32462 0.82058 0.03054 0.61335 0.0576 0.61268 0.07286 0.61281 0.14483 0.61295 0.20073 0.61307 0.26172 0.61303 0.30822 0.61299 0.35643 0.61301 0.38795 0.61633 0.39841 0.6134 0.39045 0.61304 0.40521 0.61367 0.32711 0.70906 0.33037 0.68461 0.01827 0.60718 0.48136 0.83548 0.47957 0.8533 0.4796 0.82431 0.48157 0.8595 0.4815 0.88007 0.47955 0.87987 0.47958 0.90467 0.4814 0.90977 0.47957 0.91737 0.4796 0.92338 0.48236 0.92849 0.4797 0.93052 0.48217 0.93101 0.47942 0.93218 0.49157 0.79375 0.48666 0.79902 0.48556 0.80337 0.48549 0.82174 0.48702 0.85016 0.48646 0.87773 0.48623 0.9111 0.48586 0.9198 0.48566 0.92632 0.03689 0.61291 0.48579 0.93214 0.49242 0.91732 0.49361 0.79879 0.49392 0.80391 0.49241 0.82214 0.49373 0.84437 0.49372 0.87899 0.49425 0.91054 0.0446 0.61262 0.50053 0.79538 0.50457 0.79378 0.50465 0.81489 0.50367 0.83037 0.50973 0.84636 0.5072 0.86507 0.51149 0.89797 0.51523 0.87549 0.52194 0.82492 0.52251 0.80391 0.52113 0.79543 0.5226 0.80084 0.52052 0.79381 0.52223 0.84718 0.52089 0.89259 0.52629 0.90533 0.52914 0.84381 0.5281 0.86274 0.52993 0.87701 0.53624 0.82847 0.54438 0.88382 0.54188 0.79538 0.56325 0.79377 0.54896 0.83673 0.54081 0.85348 0.55397 0.90133 0.55735 0.80243 0.55636 0.86111 0.55512 0.81701 0.55575 0.79547 0.57351 0.84662 0.57036 0.82798 0.57089 0.88096 0.5705 0.80833 0.58059 0.83536 0.58098 0.86185 0.58646 0.80023 0.58779 0.8154 0.585 0.8987 0.5893 0.79541 0.59679 0.79377 0.5918 0.83277 0.59349 0.87043 0.59279 0.85249 0.61172 0.81104 0.60137 0.82556 0.62016 0.80159 0.60561 0.84277 0.60321 0.8751 0.61136 0.88826 0.61756 0.83474 0.61843 0.79547 0.61042 0.85484 0.60373 0.90542 0.61931 0.868 0.62178 0.79388 0.62271 0.82195 0.62036 0.90659 0.62399 0.84998 0.62504 0.88301 0.63188 0.80952 0.63618 0.86479 0.63481 0.89672 0.65435 0.79539 0.6423 0.82724 0.63463 0.84161 0.64245 0.85105 0.64288 0.88266 0.63697 0.82236 0.65335 0.83496 0.66307 0.80183 0.65458 0.80972 0.65127 0.84438 0.66835 0.79384 0.66043 0.86112 0.65884 0.87743 0.67335 0.82452 0.67318 0.90329 0.68165 0.81186 0.67939 0.83593 0.67786 0.84696 0.67133 0.88879 0.68428 0.8789 0.70338 0.85001 0.6971 0.86876 0.69454 0.79385 0.69095 0.8968 0.69512 0.79545 0.69393 0.8021 0.69449 0.82 0.70322 0.88756 0.69922 0.82953 0.70551 0.83969 0.71896 0.7955 0.70995 0.80999 0.7069 0.82239 0.73311 0.79392 0.71332 0.90737 0.70178 0.91498 0.71543 0.83172 0.72372 0.82069 0.71553 0.85811 0.72875 0.87707 0.72346 0.89742 0.72892 0.86173 0.73089 0.80178 0.73224 0.83987 0.73088 0.88614 0.73826 0.81276 0.74882 0.82559 0.74275 0.79541 0.74625 0.89077 0.75477 0.83424 0.74935 0.85074 0.75224 0.80637 0.74855 0.86818 0.76897 0.80187 0.76088 0.88228 0.76754 0.81022 0.76145 0.90417 0.77189 0.83903 0.76957 0.79392 0.76684 0.79548 0.77078 0.85373 0.77565 0.87094 0.78047 0.81691 0.78287 0.82737 0.79771 0.79545 0.79319 0.79851 0.78012 0.88953 0.78997 0.87542 0.79023 0.83688 0.79786 0.86317 0.79921 0.89033 0.80417 0.79389 0.80197 0.80816 0.80408 0.80188 0.79964 0.82382 0.8113 0.84067 0.81617 0.87543 0.83339 0.79848 0.81622 0.82225 0.82833 0.79536 0.82892 0.80165 0.82765 0.84365 0.82829 0.89898 0.83402 0.79397 0.82986 0.82546 0.83123 0.91555 0.83377 0.87056 0.83666 0.88881 0.84409 0.91711 0.8373 0.92629 0.84115 0.84263 0.84101 0.80182 0.84996 0.79543 0.84189 0.86459 0.84329 0.82651 0.84359 0.89216 0.85267 0.79391 0.85281 0.79867 0.84665 0.8031 0.84745 0.8343 0.84743 0.86591 0.84731 0.89686 0.84762 0.91676 0.85274 0.9256 0.85095 0.80407 0.85098 0.8353 0.85077 0.88179 0.85116 0.9166 0.85281 0.9304 0.853 0.93216 0.40416 0.61327 0.8536 0.79635 0.85289 0.8052 0.85287 0.82438 0.85271 0.84703 0.85269 0.87667 0.8527 0.9015 0.85278 0.91673 0.85325 0.80329 0.32075 0.8495 0.31418 0.78583 0.02557 0.59738 0.76086 0.62183 0.03033 0.61061 0.70815 0.16952 0.70814 0.18221 0.70952 0.17962 0.7096 0.16779 0.49127 0.93012 0.49351 0.93215 0.49625 0.93015 0.7095 0.19249 0.50988 0.91635 0.70816 0.19588 0.50652 0.9322 0.52207 0.93068 0.70811 0.21086 0.70963 0.20828 0.52178 0.93221 0.5218 0.91928 0.53947 0.91389 0.70812 0.22987 0.70957 0.25058 0.55403 0.93065 0.55196 0.93218 0.56911 0.91045 0.55749 0.92063 0.57285 0.91965 0.59361 0.93068 0.7079 0.26016 0.59377 0.93216 0.58894 0.91859 0.70948 0.2838 0.70806 0.28207 0.61211 0.91473 0.60494 0.92474 0.70775 0.30488 0.62001 0.93061 0.7096 0.30853 0.64969 0.93214 0.63339 0.9303 0.70744 0.35551 0.6575 0.92047 0.70955 0.35465 0.65563 0.93054 0.67802 0.91857 0.70806 0.36655 0.69337 0.92721 0.70949 0.38058 0.71291 0.93061 0.71071 0.93213 0.7096 0.41876 0.70724 0.41173 0.72937 0.92716 0.75717 0.93211 0.74761 0.92268 0.74747 0.93012 0.70798 0.44856 0.75752 0.93044 0.70948 0.45486 0.79647 0.92711 0.80023 0.9305 0.70931 0.48913 0.80532 0.93209 0.83834 0.93041 0.83928 0.93209 0.39743 0.61309 0.70638 0.53798 0.70857 0.53797 0.70926 0.53715 0.99939 0.96191 0.99892 0.96094 0.99677 0.9617 0.99778 0.96004 0.99929 0.9588 0.96758 0.96027 0.96848 0.96176 0.94564 0.96175 0.94355 0.96027 0.9216 0.96029 0.91574 0.96173 0.90774 0.9602 0.88562 0.96037 0.89071 0.96185 0.87732 0.96037 0.87535 0.96192 0.86877 0.96031 0.86642 0.9618 0.86165 0.96029 0.86159 0.96188 0.85971 0.96028 0.85983 0.96202 0.40469 0.61159 0.99482 0.95922 0.41186 0.60617 0.30667 0.76756 0.31332 0.75475 0.31955 0.71733 0.30707 0.68462 0.30764 0.66918 0.32121 0.64845 0.70744 0.16721 0.70479 0.16764 0.69788 0.29124 0.70141 0.34029 0.70359 0.47331 0.70081 0.5072 0.70943 0.51868 0.69608 0.53783 0.98338 0.9569 0.96285 0.9572 0.90752 0.95701 0.86968 0.95473 0.86153 0.95737 0.85969 0.95692 0.40469 0.6082 0.40555 0.60768 0.41396 0.60136 0.31318 0.83625 0.31072 0.81508 0.29838 0.80175 0.69568 0.16725 0.02994 0.59692 0.68927 0.1676 0.69838 0.27618 0.69659 0.3621 0.69731 0.39475 0.6918 0.4146 0.69807 0.43603 0.69865 0.51991 0.98832 0.95105 0.97906 0.94832 0.94408 0.94931 0.87275 0.94984 0.86535 0.95173 0.40438 0.60438 0.31249 0.69498 0.69384 0.24875 0.69157 0.32092 0.6854 0.46045 0.69407 0.49328 0.68303 0.52741 0.9641 0.94831 0.90914 0.95021 0.88747 0.94562 0.99926 0.94862 0.99777 0.94714 0.41455 0.58078 0.30643 0.71426 0.69171 0.18219 0.6932 0.20079 0.69067 0.22111 0.68862 0.30407 0.68983 0.43146 0.68062 0.51685 0.68938 0.53558 0.92148 0.94335 0.90216 0.94432 0.29183 0.85968 0.29368 0.84946 0.30423 0.73398 0.2932 0.6633 0.30125 0.65824 0.01835 0.57687 0.68217 0.33944 0.67981 0.3892 0.9663 0.94201 0.9482 0.9436 0.40823 0.57562 0.29384 0.83041 0.31114 0.65332 0.283 0.64684 0.89019 0.32686 0.89027 0.37457 0.68013 0.16701 0.68002 0.18149 0.68001 0.19543 0.67948 0.27144 0.68315 0.28516 0.67788 0.36184 0.67299 0.50623 0.40386 0.60296 0.40408 0.57586 0.93525 0.9351 0.41393 0.57559 0.28607 0.86001 0.29382 0.78356 0.29228 0.67398 0.67316 0.2071 0.6778 0.25322 0.67528 0.30786 0.67307 0.32194 0.66801 0.41026 0.96812 0.9357 0.90487 0.93564 0.86488 0.93508 0.99941 0.91115 0.99784 0.93338 0.29463 0.64842 0.88595 0.30779 0.86834 0.32903 0.86837 0.3637 0.67624 0.22548 0.67015 0.42705 0.66073 0.44295 0.88209 0.92814 0.8705 0.92275 0.29357 0.71209 0.02031 0.57437 0.66908 0.29219 0.99267 0.92725 0.98064 0.92275 0.97263 0.92137 0.9602 0.92368 0.95067 0.92938 0.93343 0.92267 0.90755 0.9287 0.99462 0.92654 0.27258 0.8143 0.02997 0.56175 0.66549 0.16751 0.65676 0.33516 0.66121 0.53552 0.65821 0.53772 0.86159 0.90747 0.29157 0.65332 0.66805 0.23607 0.66454 0.28149 0.66052 0.35438 0.86509 0.91167 0.85979 0.91406 0.40375 0.56532 0.94685 0.91039 0.9093 0.91808 0.2884 0.74366 0.88993 0.317 0.6583 0.16704 0.66404 0.18609 0.66063 0.25875 0.65602 0.29954 0.96587 0.90907 0.9979 0.90855 0.24933 0.85955 0.6545 0.19703 0.65734 0.23947 0.65754 0.27537 0.64453 0.36365 0.64764 0.38801 0.66274 0.52111 0.64472 0.52843 0.27556 0.77252 0.27945 0.72641 0.27855 0.69353 0.27224 0.64894 0.02022 0.55877 0.64821 0.16756 0.64643 0.28368 0.40401 0.55619 0.88871 0.90771 0.26452 0.83941 0.27049 0.74284 0.27675 0.71258 0.26652 0.68173 0.27339 0.65663 0.87852 0.30959 0.65589 0.18773 0.65223 0.21696 0.65214 0.50176 0.64843 0.51441 0.97658 0.90576 0.93495 0.90054 0.91354 0.90402 0.40795 0.55246 0.41413 0.54824 0.41475 0.54703 0.25561 0.82633 0.25597 0.79821 0.2736 0.75368 0.27111 0.70602 0.26535 0.66785 0.0183 0.54827 0.63321 0.30938 0.63836 0.31875 0.63612 0.40727 0.26549 0.72389 0.86835 0.31229 0.64258 0.23196 0.88619 0.89762 0.62497 0.16697 0.64278 0.25152 0.63522 0.34052 0.63406 0.42416 0.6405 0.45113 0.95883 0.89109 0.25606 0.85999 0.24225 0.84564 0.268 0.76245 0.26332 0.74089 0.26387 0.73488 0.02998 0.53951 0.63864 0.18599 0.63097 0.19399 0.63834 0.28889 0.26234 0.75452 0.26413 0.74641 0.25232 0.70002 0.25813 0.65829 0.03005 0.51164 0.63556 0.27712 0.62634 0.299 0.62781 0.48144 0.62395 0.50128 0.97414 0.88468 0.91414 0.89083 0.9979 0.88467 0.22906 0.78966 0.25584 0.77326 0.25201 0.71045 0.25136 0.64685 0.89021 0.29557 0.26364 0.74433 0.63237 0.21939 0.85981 0.87605 0.40371 0.52729 0.88644 0.8777 0.25278 0.76144 0.26158 0.74524 0.24993 0.6522 0.89004 0.29119 0.26093 0.73786 0.26069 0.73574 0.25899 0.72532 0.62914 0.25889 0.62569 0.53768 0.94419 0.87742 0.40629 0.5297 0.99947 0.87899 0.41411 0.5221 0.25619 0.75714 0.26013 0.74634 0.25222 0.69028 0.62574 0.39881 0.62168 0.51925 0.62267 0.53545 0.9002 0.88544 0.33981 0.56287 0.33971 0.56075 0.33985 0.55753 0.25592 0.73902 0.24145 0.76899 0.25599 0.75358 0.25686 0.75147 0.78648 0.56433 0.78551 0.56683 0.78551 0.56298 0.25584 0.73759 0.24782 0.72572 0.25448 0.73605 0.01833 0.52775 0.62364 0.16749 0.62671 0.23578 0.61919 0.28827 0.62352 0.38168 0.62478 0.45546 0.61701 0.53037 0.86172 0.87378 0.93144 0.87382 0.99466 0.87484 0.33683 0.56018 0.33668 0.55778 0.23153 0.83736 0.2218 0.77648 0.24928 0.75734 0.25247 0.75414 0.25262 0.74003 0.24004 0.6861 0.24366 0.66589 0.62186 0.2176 0.61962 0.27948 0.62009 0.34977 0.91937 0.86813 0.90258 0.86823 0.33306 0.56767 0.33412 0.56406 0.33249 0.56402 0.33182 0.56859 0.17475 0.36587 0.33462 0.56022 0.33213 0.55985 0.17169 0.36325 0.17273 0.35905 0.17307 0.35497 0.17217 0.35176 0.33445 0.55778 0.3322 0.55771 0.24891 0.75363 0.25029 0.74089 0.24943 0.73958 0.24836 0.7413 0.24848 0.74257 0.24901 0.73295 0.86829 0.29034 0.96466 0.86213 0.8727 0.85142 0.38523 0.52221 0.38765 0.52064 0.38748 0.52199 0.32711 0.58637 0.32779 0.58518 0.37695 0.52097 0.37861 0.52137 0.37717 0.52247 0.3287 0.57994 0.32823 0.57886 0.18306 0.36564 0.17911 0.35848 0.17933 0.35494 0.18213 0.35496 0.33059 0.56361 0.17928 0.35191 0.33067 0.56063 0.23524 0.85366 0.24418 0.76136 0.24133 0.75422 0.24558 0.75363 0.2455 0.74945 0.24761 0.74957 0.24545 0.74501 0.24719 0.74556 0.24226 0.74609 0.23556 0.70417 0.89042 0.27117 0.61259 0.18023 0.60896 0.19818 0.6164 0.24536 0.61045 0.35842 0.61382 0.41353 0.40397 0.50636 0.32554 0.58535 0.37865 0.51791 0.32591 0.58297 0.3263 0.57993 0.32743 0.5789 0.32586 0.57687 0.1907 0.36237 0.1879 0.35838 0.188 0.35524 0.32709 0.57076 0.18769 0.35264 0.18515 0.353 0.22299 0.81711 0.23704 0.76412 0.2421 0.74936 0.23588 0.65664 0.88245 0.26226 0.60297 0.27994 0.60947 0.39474 0.61184 0.43609 0.61173 0.45687 0.61066 0.4836 0.8833 0.85755 0.99784 0.85736 0.41163 0.51153 0.38678 0.51422 0.38726 0.5166 0.32315 0.58612 0.37717 0.51542 0.38203 0.51487 0.32367 0.58315 0.32179 0.58322 0.3211 0.58532 0.3235 0.57997 0.3216 0.58005 0.32356 0.57685 0.32161 0.5768 0.23155 0.85999 0.22561 0.65305 0.39883 0.20683 0.02 0.49815 0.60759 0.16756 0.60624 0.20877 0.60396 0.31825 0.60104 0.33569 0.97785 0.8594 0.99142 0.85521 0.32076 0.58587 0.31902 0.57686 0.31911 0.57481 0.21137 0.84771 0.2237 0.69982 0.22873 0.67047 0.22727 0.64835 0.22667 0.64679 0.2342 0.74442 0.60094 0.16707 0.59762 0.18023 0.59429 0.29562 0.59775 0.53528 0.94618 0.85567 0.40785 0.50528 0.99943 0.85564 0.99448 0.85815 0.41479 0.50086 0.31286 0.58574 0.31362 0.58525 0.38199 0.50425 0.38622 0.50641 0.31047 0.58317 0.31492 0.57998 0.22179 0.7652 0.39887 0.19269 0.60202 0.23799 0.60194 0.36854 0.60024 0.4831 0.92454 0.85284 0.31108 0.57676 0.30949 0.57502 0.22564 0.75477 0.22343 0.74241 0.22464 0.71088 0.22276 0.6887 0.89047 0.25289 0.60222 0.43391 0.59486 0.52229 0.60208 0.53766 0.30357 0.58526 0.38596 0.49697 0.30688 0.57999 0.19561 0.79525 0.59656 0.38173 0.59979 0.40926 0.30325 0.58572 0.30298 0.57676 0.20947 0.67212 0.86834 0.26794 0.58603 0.20779 0.59135 0.22952 0.85979 0.82467 0.40364 0.47585 0.97099 0.83917 0.9001 0.8488 0.37868 0.48548 0.38192 0.49299 0.298 0.58332 0.2988 0.58011 0.29933 0.57509 0.19915 0.85964 0.20701 0.7516 0.21269 0.72099 0.58019 0.19514 0.58354 0.26253 0.56364 0.30812 0.58023 0.32582 0.5872 0.39415 0.58192 0.41603 0.58676 0.4958 0.86508 0.81948 0.18888 0.85996 0.20355 0.73518 0.20516 0.70832 0.20976 0.6917 0.21227 0.67616 0.20893 0.66386 0.20741 0.65197 0.20788 0.64828 0.20819 0.64679 0.01827 0.47642 0.5792 0.16751 0.57888 0.36529 0.58691 0.4412 0.57667 0.47168 0.96041 0.83716 0.94806 0.82927 0.93468 0.8321 0.92077 0.83846 0.89991 0.834 0.88053 0.84105 0.99476 0.82738 0.41411 0.47789 0.27568 0.58592 0.28173 0.58539 0.20789 0.70055 0.03019 0.47814 0.57998 0.18408 0.57554 0.5083 0.40391 0.47581 0.9995 0.8281 0.37736 0.46522 0.28609 0.57684 0.19456 0.83751 0.18819 0.76854 0.20908 0.6821 0.57016 0.42909 0.99793 0.82923 0.38192 0.46981 0.28599 0.58006 0.2836 0.57506 0.19416 0.81018 0.2035 0.6892 0.20409 0.68517 0.20625 0.68134 0.20625 0.67552 0.20608 0.67192 0.20357 0.66606 0.57232 0.2249 0.28339 0.58332 0.18273 0.85274 0.1774 0.81854 0.19765 0.78183 0.19553 0.71825 0.20401 0.66993 0.02006 0.4626 0.57245 0.40435 0.86156 0.81714 0.98306 0.81418 0.4081 0.47565 0.18272 0.71157 0.19404 0.69427 0.20192 0.67899 0.20053 0.66287 0.19701 0.65701 0.20109 0.68832 0.20072 0.66553 0.03007 0.43827 0.56535 0.17844 0.57022 0.25544 0.55722 0.29293 0.5612 0.35519 0.56206 0.48319 0.41508 0.45761 0.27392 0.5802 0.27205 0.57687 0.19774 0.69116 0.19714 0.6632 0.87898 0.22676 0.8682 0.19396 0.39904 0.15459 0.55329 0.20933 0.55635 0.27986 0.55345 0.46038 0.57424 0.5376 0.91397 0.81944 0.88255 0.81921 0.87265 0.81563 0.86478 0.81611 0.37873 0.46445 0.26916 0.58347 0.18197 0.75618 0.18353 0.70192 0.19485 0.68552 0.19623 0.66756 0.19545 0.66433 0.19099 0.65503 0.18817 0.6468 0.19336 0.69146 0.19028 0.65965 0.86819 0.22317 0.55967 0.39153 0.55784 0.53538 0.97411 0.81221 0.96309 0.8097 0.26916 0.57525 0.18227 0.85946 0.18055 0.74464 0.18797 0.67099 0.19078 0.66514 0.19188 0.66312 0.01806 0.4732 0.01828 0.46939 0.55485 0.16693 0.55747 0.19865 0.99456 0.8085 0.38201 0.45813 0.16853 0.84554 0.17289 0.7814 0.18467 0.66745 0.18631 0.66571 0.18842 0.6647 0.18701 0.66328 0.55555 0.16751 0.55558 0.24531 0.94692 0.81191 0.24967 0.58604 0.24675 0.58557 0.25921 0.58015 0.17514 0.73227 0.18099 0.72216 0.18266 0.66893 0.18552 0.66529 0.1841 0.6666 0.18553 0.65818 0.54012 0.19094 0.5518 0.4134 0.55557 0.43452 0.93067 0.8078 0.40677 0.45481 0.99793 0.80329 0.16808 0.82977 0.18069 0.6814 0.18133 0.67524 0.18016 0.67715 0.18045 0.67392 0.17952 0.67383 0.18208 0.66821 0.17106 0.65132 0.17072 0.64836 0.18244 0.68798 0.18262 0.66564 0.1816 0.6617 0.908 0.80878 0.86873 0.80198 0.16036 0.79443 0.16919 0.70229 0.16934 0.64678 0.89044 0.21449 0.89056 0.23312 0.17971 0.68445 0.17928 0.67735 0.18002 0.67097 0.17981 0.66577 0.54581 0.33643 0.53298 0.47342 0.40386 0.44971 0.88319 0.79765 0.41418 0.45048 0.37737 0.44531 0.37881 0.44472 0.24493 0.58357 0.16574 0.8599 0.15589 0.85952 0.16279 0.65882 0.88908 0.17289 0.1773 0.68164 0.17762 0.67474 0.17706 0.66902 0.54615 0.36056 0.94796 0.79259 0.9995 0.80215 0.16539 0.74351 0.52988 0.16739 0.53762 0.17767 0.53768 0.22407 0.54385 0.2574 0.53527 0.37725 0.53397 0.39571 0.5256 0.53491 0.92114 0.78817 0.90582 0.78743 0.8727 0.77881 0.24113 0.58029 0.15481 0.77459 0.16171 0.75963 0.15899 0.71391 0.39906 0.13296 0.5418 0.16683 0.53553 0.27988 0.53562 0.2977 0.5376 0.43939 0.96808 0.78806 0.93897 0.57752 0.5295 0.3376 0.53177 0.4223 0.88365 0.77575 0.14814 0.8203 0.14647 0.8039 0.15391 0.72629 0.88296 0.18984 0.01828 0.43446 0.53287 0.26436 0.85979 0.7779 0.85944 0.79854 0.93681 0.77974 0.23041 0.58633 0.37751 0.42456 0.37899 0.43058 0.93884 0.56708 0.14466 0.70135 0.15693 0.67674 0.52598 0.4095 0.52547 0.5376 0.548 0.53769 0.99951 0.77986 0.99808 0.78003 0.41426 0.42663 0.13972 0.78802 0.1465 0.75864 0.14828 0.74408 0.1511 0.68443 0.12615 0.65151 0.12712 0.64676 0.39908 0.11488 0.52219 0.20304 0.8615 0.7787 0.98005 0.78065 0.9554 0.77777 0.40752 0.42719 0.22832 0.58583 0.22743 0.58355 0.13743 0.66652 0.13735 0.65648 0.52406 0.18227 0.52489 0.23111 0.5116 0.44041 0.85948 0.77529 0.41526 0.41281 0.22788 0.58043 0.93858 0.5624 0.13568 0.84446 0.13951 0.83226 0.14515 0.7152 0.01997 0.41766 0.02666 0.42605 0.51737 0.16692 0.50953 0.19322 0.5123 0.21048 0.51355 0.28221 0.51321 0.47511 0.50978 0.49395 0.49766 0.53468 0.97551 0.75947 0.96469 0.77008 0.40385 0.42644 0.37894 0.42146 0.13153 0.85995 0.12238 0.85271 0.13406 0.76853 0.13885 0.73747 0.13564 0.69152 0.51193 0.25724 0.51128 0.29993 0.51308 0.33277 0.50602 0.41514 0.90758 0.7613 0.22259 0.58671 0.22237 0.58571 0.37745 0.41726 0.22104 0.58032 0.13916 0.85951 0.13006 0.80884 0.13169 0.68133 0.03016 0.41873 0.50914 0.22392 0.51415 0.37419 0.50788 0.3949 0.51262 0.46023 0.50988 0.51868 0.92074 0.76846 0.37891 0.41487 0.21962 0.57764 0.13183 0.7537 0.13507 0.74524 0.13256 0.72718 0.13273 0.71393 0.01818 0.39864 0.50999 0.17603 0.99102 0.75128 0.3874 0.41213 0.12161 0.78481 0.88286 0.16076 0.49888 0.16749 0.49944 0.16969 0.85987 0.76187 0.93381 0.75787 0.4075 0.40966 0.3876 0.40932 0.37723 0.40652 0.21295 0.58025 0.12816 0.75866 0.12899 0.73696 0.12717 0.73167 0.8687 0.15164 0.86836 0.17421 0.50015 0.20262 0.86163 0.75438 0.40367 0.41301 0.40394 0.4092 0.9584 0.75519 0.88798 0.76447 0.38765 0.40669 0.21041 0.5877 0.21038 0.58392 0.21009 0.58049 0.20986 0.57714 0.21192 0.57081 0.21156 0.56838 0.13099 0.74594 0.13071 0.74387 0.89043 0.17274 0.49237 0.27654 0.50113 0.53729 0.99942 0.75579 0.99786 0.75525 0.41418 0.41071 0.46337 0.91262 0.46029 0.91318 0.46233 0.91202 0.38562 0.40459 0.45659 0.91232 0.3875 0.40518 0.45464 0.91219 0.37727 0.40434 0.46562 0.91648 0.46403 0.91517 0.46483 0.9129 0.20891 0.58798 0.20859 0.58421 0.20763 0.5846 0.20745 0.58638 0.46468 0.92125 0.46135 0.91886 0.45733 0.91938 0.45519 0.91958 0.20781 0.58093 0.20661 0.58128 0.46624 0.92123 0.46163 0.92207 0.45638 0.92336 0.45538 0.92255 0.20669 0.57751 0.20534 0.57861 0.46674 0.92432 0.45929 0.92444 0.20655 0.57334 0.20841 0.56358 0.20795 0.56098 0.10576 0.85954 0.10524 0.83167 0.11436 0.81498 0.11788 0.7718 0.12787 0.7539 0.12773 0.74992 0.12705 0.74572 0.1268 0.74343 0.49652 0.16715 0.49538 0.17995 0.50293 0.33865 0.49824 0.36616 0.49673 0.46445 0.88172 0.74836 0.87261 0.74071 0.45557 0.92667 0.45444 0.92488 0.20503 0.57611 0.4581 0.93006 0.4557 0.9298 0.20323 0.57085 0.45327 0.93028 0.46267 0.93211 0.2028 0.5676 0.20095 0.5666 0.20197 0.56398 0.20562 0.55583 0.10149 0.8495 0.11916 0.76076 0.12414 0.75709 0.12386 0.75378 0.12512 0.74993 0.12554 0.74676 0.12099 0.69102 0.11732 0.67513 0.12224 0.73785 0.49876 0.24318 0.49567 0.29525 0.49936 0.31162 0.49663 0.49499 0.45613 0.93488 0.45431 0.93223 0.20121 0.56986 0.19971 0.56698 0.45385 0.93538 0.46375 0.93724 0.19907 0.56358 0.19841 0.56462 0.46719 0.939 0.19845 0.55963 0.19805 0.55682 0.12055 0.7569 0.12052 0.75427 0.19795 0.55583 0.20131 0.55529 0.11592 0.7007 0.10528 0.65647 0.12054 0.73909 0.49304 0.33428 0.48854 0.38909 0.4915 0.41274 0.49072 0.42555 0.94512 0.74615 0.45655 0.93982 0.45426 0.93915 0.45332 0.93796 0.45703 0.94286 0.45424 0.94252 0.1955 0.55994 0.45185 0.94315 0.19421 0.55649 0.10508 0.85988 0.10556 0.85741 0.11733 0.75655 0.11748 0.75343 0.11391 0.71394 0.10449 0.68085 0.10266 0.66768 0.11676 0.7395 0.11456 0.73849 0.47924 0.1859 0.46869 0.20111 0.48691 0.20833 0.48876 0.2213 0.489 0.25843 0.48749 0.31478 0.48252 0.43986 0.85991 0.71982 0.40366 0.37089 0.90264 0.74202 0.45752 0.94506 0.4583 0.9476 0.45447 0.94752 0.45237 0.94533 0.19332 0.55913 0.19212 0.55756 0.45186 0.94718 0.1041 0.78552 0.11185 0.75993 0.11348 0.75604 0.11432 0.75289 0.11463 0.74942 0.11484 0.74065 0.11465 0.73975 0.1021 0.68788 0.86873 0.12985 0.86836 0.1528 0.46706 0.1759 0.4776 0.24014 0.46771 0.30694 0.48406 0.46837 0.47273 0.48379 0.47528 0.53099 0.48029 0.53724 0.97624 0.73264 0.96597 0.73432 0.93576 0.73135 0.99946 0.73517 0.10572 0.77356 0.11286 0.74317 0.1141 0.74304 0.11305 0.74081 0.47631 0.35245 0.47059 0.40752 0.94814 0.73343 0.9212 0.72549 0.09158 0.80072 0.11 0.75166 0.11047 0.74331 0.10907 0.73947 0.8904 0.14691 0.46005 0.16747 0.46411 0.2917 0.88175 0.72806 0.41429 0.37502 0.41541 0.37519 0.09885 0.70763 0.10098 0.64671 0.46163 0.16708 0.03033 0.36636 0.03035 0.40053 0.44792 0.16908 0.47331 0.19267 0.40398 0.37824 0.40752 0.37673 0.10121 0.73643 0.09819 0.71981 0.08686 0.69468 0.07676 0.65145 0.01813 0.36914 0.46241 0.26728 0.46584 0.44315 0.46605 0.53713 0.99136 0.72389 0.08851 0.84102 0.09207 0.81708 0.09828 0.7563 0.45652 0.23049 0.46833 0.32951 0.45879 0.39285 0.89746 0.7255 0.0914 0.76664 0.09509 0.73839 0.08331 0.65952 0.4503 0.20847 0.95363 0.715 0.99946 0.72109 0.07997 0.84762 0.089 0.78302 0.44727 0.28133 0.08342 0.8275 0.08772 0.73769 0.08477 0.71168 0.07638 0.6479 0.97958 0.71706 0.93439 0.7007 0.87259 0.714 0.04778 0.85991 0.06703 0.85949 0.08042 0.76514 0.05869 0.64668 0.89031 0.10511 0.88908 0.12123 0.88596 0.71094 0.41428 0.35913 0.07195 0.73807 0.07709 0.71835 0.07935 0.68244 0.45498 0.32442 0.45226 0.34632 0.45563 0.46071 0.4039 0.35741 0.97149 0.71012 0.91735 0.70723 0.99794 0.71056 0.06601 0.84046 0.06171 0.81151 0.03036 0.34247 0.45144 0.18437 0.4481 0.19454 0.4439 0.25822 0.44326 0.30802 0.44672 0.42132 0.44214 0.53265 0.06557 0.85267 0.06803 0.82614 0.07251 0.67 0.44056 0.16715 0.44007 0.17979 0.43797 0.29191 0.44437 0.36874 0.44386 0.40864 0.44806 0.44585 0.44287 0.47528 0.44311 0.52218 0.85982 0.7012 0.85955 0.70637 0.99095 0.69829 0.96029 0.7022 0.40714 0.35553 0.9995 0.68957 0.41552 0.34055 0.06857 0.76504 0.06423 0.70322 0.069 0.69227 0.06982 0.68008 0.06444 0.66001 0.05399 0.65563 0.86871 0.09924 0.43418 0.53716 0.89129 0.69689 0.05915 0.84761 0.06504 0.78826 0.02005 0.32408 0.43836 0.2312 0.43816 0.27375 0.43392 0.31655 0.43536 0.3549 0.44275 0.39155 0.97676 0.69572 0.96353 0.67615 0.9979 0.68684 0.889 0.0878 0.43282 0.21208 0.92009 0.69297 0.87354 0.6929 0.06044 0.72185 0.05655 0.67869 0.05931 0.66835 0.03051 0.32423 0.42737 0.16761 0.43771 0.45479 0.05225 0.78393 0.05276 0.75688 0.04688 0.73179 0.05258 0.6864 0.01804 0.32698 0.42951 0.20266 0.42691 0.32906 0.432 0.37397 0.95748 0.6858 0.94241 0.6865 0.88174 0.68598 0.40488 0.33373 0.40802 0.33654 0.04605 0.7165 0.0436 0.66562 0.03713 0.64829 0.42709 0.16966 0.42979 0.19174 0.43206 0.40825 0.4319 0.45171 0.42812 0.49575 0.42928 0.51795 0.85969 0.68055 0.98054 0.6855 0.90212 0.68538 0.86864 0.68148 0.86524 0.6899 0.40414 0.33154 0.04956 0.82777 0.04344 0.6951 0.42559 0.18105 0.42743 0.23939 0.42693 0.3901 0.42449 0.44552 0.42209 0.16726 0.41856 0.26538 0.42178 0.53055 0.92309 0.6834 0.88584 0.67617 0.03693 0.85944 0.04092 0.83867 0.04292 0.81753 0.04354 0.79136 0.04176 0.76166 0.41873 0.23268 0.41851 0.28174 0.41842 0.36544 0.41784 0.42111 0.42007 0.53732 0.98915 0.67595 0.93911 0.67631 0.91374 0.67609 0.89736 0.67623 0.86938 0.6759 0.8653 0.67596 0.9995 0.67561 0.99776 0.6738 0.87852 0.07606 0.42098 0.16757 0.41813 0.17012 0.41845 0.18394 0.41858 0.19866 0.4186 0.21112 0.41854 0.30725 0.41782 0.34096 0.41787 0.4031 0.41785 0.43705 0.41795 0.48248 0.41783 0.50702 0.86173 0.67598 0.85976 0.67605 0.40437 0.32707 0.03023 0.84629 0.03728 0.70721 0.0298 0.68106 0.03486 0.64668 0.89035 0.08156 0.41683 0.16786 0.41793 0.46377 0.41778 0.52123 0.41738 0.53099 0.4171 0.53687 0.99947 0.6726 0.98606 0.67381 0.96197 0.67371 0.93682 0.67369 0.91002 0.67367 0.88248 0.67355 0.86777 0.67372 0.8598 0.6738 0.40557 0.3211 0.41576 0.31897 0.0327 0.73968 0.03545 0.65176 0.41749 0.18058 0.41773 0.1915 0.41788 0.19934 0.41796 0.21686 0.41788 0.24911 0.41785 0.26089 0.41791 0.2789 0.41793 0.30773 0.41784 0.37511 0.27607 0.32256 0.3154 0.324 0.34226 0.32248 0.3738 0.3225 0.99008 0.67305 0.97893 0.67316 0.95294 0.67289 0.92498 0.67294 0.90616 0.67287 0.88396 0.67279 0.02972 0.85281 0.03324 0.80076 0.03319 0.77357 0.86884 0.06034 0.018 0.31491 0.03198 0.3136 0.03898 0.31367 0.03277 0.32369 0.04854 0.32424 0.06049 0.31486 0.05448 0.32421 0.09539 0.31494 0.12723 0.31483 0.17262 0.31479 0.1916 0.31481 0.24789 0.31469 0.2767 0.31469 0.29965 0.3148 0.34771 0.31469 0.38952 0.3149 0.0256 0.83067 0.03011 0.72071 0.02755 0.70412 0.02607 0.66749 0.07476 0.31482 0.37381 0.31473 0.39655 0.31308 0.4135 0.31298 0.41586 0.31304 0.02282 0.85951 0.02815 0.80708 0.02178 0.65865 0.01635 0.65161 0.7749 0.67887 0.77488 0.72152 0.83047 0.16457 0.83042 0.15685 0.8322 0.1649 0.83038 0.14816 0.83216 0.14528 0.83026 0.12126 0.83197 0.10796 0.83018 0.10729 0.83202 0.10235 0.83014 0.09218 0.83192 0.05948 0.83001 0.06798 0.83005 0.05841 0.83006 0.05149 0.83196 0.05549 0.83182 0.04936 0.83002 0.03864 0.83 0.02983 0.83178 0.01911 0.83007 0.01892 0.83178 0.01707 0.82308 0.16443 0.8251 0.15626 0.81876 0.12879 0.81646 0.01885 0.8177 0.13816 0.81893 0.04736 0.81902 0.02902 0.01802 0.31334 0.8178 0.01711 0.81675 0.16431 0.81944 0.09747 0.81386 0.15632 0.81632 0.08222 0.8081 0.16434 0.8094 0.11051 0.80948 0.07551 0.80737 0.04837 0.80951 0.03927 0.80832 0.02771 0.8108 0.01713 0.78497 0.15526 0.80085 0.1448 0.80099 0.13021 0.79463 0.10284 0.79741 0.0628 0.79915 0.01915 0.79305 0.03207 0.0681 0.31362 0.78434 0.0198 0.78615 0.01708 0.78165 0.01683 0.77829 0.16285 0.7787 0.16416 0.77063 0.15948 0.78148 0.14062 0.78396 0.12659 0.78367 0.0893 0.78367 0.05934 0.78227 0.02591 0.77975 0.03517 0.77004 0.12045 0.77333 0.09239 0.76041 0.08417 0.76815 0.05779 0.76252 0.03941 0.7505 0.12775 0.75676 0.1056 0.74369 0.06695 0.74275 0.16433 0.74922 0.01718 0.10674 0.31363 0.74297 0.01692 0.73687 0.16297 0.74659 0.03437 0.74924 0.02736 0.74357 0.15428 0.74562 0.01922 0.73365 0.13994 0.73671 0.04411 0.73484 0.09403 0.69891 0.1599 0.72716 0.11554 0.72235 0.02398 0.72028 0.03312 0.71815 0.15045 0.71764 0.05713 0.70346 0.01935 0.70006 0.01731 0.69961 0.16446 0.70947 0.09735 0.70558 0.14727 0.70747 0.12932 0.70252 0.06677 0.70311 0.0381 0.69781 0.16306 0.69279 0.13877 0.16953 0.31351 0.68013 0.01711 0.69184 0.11831 0.68953 0.04983 0.68794 0.02539 0.68558 0.1511 0.6776 0.10147 0.68971 0.08766 0.68347 0.06689 0.68264 0.03538 0.67653 0.15981 0.67829 0.16307 0.67839 0.01736 0.67738 0.16426 0.67792 0.12977 0.6676 0.04947 0.66564 0.14167 0.65775 0.02507 0.65009 0.15337 0.66341 0.117 0.66052 0.0742 0.65284 0.03324 0.66191 0.0977 0.20819 0.31342 0.64142 0.01727 0.64147 0.01748 0.6243 0.1644 0.62926 0.16319 0.64767 0.13697 0.64547 0.11849 0.64702 0.0789 0.64158 0.02594 0.63636 0.04325 0.62967 0.12694 0.63555 0.10867 0.63621 0.06016 0.63237 0.07546 0.62317 0.03597 0.62471 0.16003 0.62754 0.1447 0.6204 0.09157 0.63108 0.15486 0.61094 0.02097 0.59752 0.15992 0.60435 0.14746 0.61736 0.06454 0.60431 0.02605 0.61057 0.12007 0.6091 0.04844 0.60484 0.09989 0.59579 0.16326 0.604 0.03255 0.60309 0.06625 0.58143 0.16447 0.59767 0.12646 0.59041 0.08804 0.58979 0.04178 0.57699 0.02274 0.57797 0.01764 0.58682 0.13236 0.58723 0.06603 0.58036 0.15102 0.57262 0.04725 0.57237 0.02704 0.57731 0.16331 0.57775 0.11183 0.57135 0.03359 0.57615 0.16024 0.57014 0.1233 0.28889 0.31328 0.56062 0.01745 0.56412 0.14261 0.56878 0.0805 0.55614 0.091 0.55945 0.06555 0.55308 0.15443 0.5566 0.13348 0.53749 0.1604 0.54423 0.05847 0.54739 0.16449 0.50611 0.16347 0.539 0.10686 0.54135 0.12524 0.54007 0.02453 0.54662 0.03565 0.54287 0.07818 0.54119 0.01774 0.5223 0.09477 0.52847 0.04806 0.52565 0.03536 0.52194 0.13357 0.51525 0.15055 0.3463 0.31324 0.50315 0.01757 0.5003 0.16472 0.51959 0.11198 0.51711 0.06209 0.49799 0.02453 0.49825 0.01783 0.50547 0.03976 0.49992 0.16076 0.50487 0.08136 0.50716 0.12292 0.49806 0.14147 0.49902 0.11749 0.48837 0.09397 0.49262 0.0612 0.48969 0.04003 0.484 0.14835 0.48116 0.16363 0.48517 0.12596 0.37409 0.31308 0.47533 0.01751 0.47402 0.01785 0.47685 0.08423 0.47646 0.05918 0.47356 0.02577 0.47108 0.16473 0.471 0.13773 0.47099 0.16355 0.47325 0.11284 0.46748 0.05754 0.46288 0.10382 0.45879 0.02524 0.44801 0.16195 0.45223 0.15372 0.46084 0.14607 0.45285 0.0175 0.46044 0.06022 0.45139 0.13596 0.45459 0.11186 0.45066 0.01787 0.44688 0.14529 0.44946 0.06397 0.45057 0.03706 0.44425 0.11997 0.44576 0.0871 0.44559 0.02486 0.4349 0.1637 0.44261 0.04011 0.43588 0.01725 0.43491 0.15593 0.43492 0.14384 0.43479 0.0177 0.43488 0.0989 0.43484 0.05566 0.43357 0.16477 0.43478 0.0339 0.43353 0.01737 0.43337 0.16365 0.4334 0.16056 0.4335 0.14158 0.43357 0.11811 0.43351 0.08962 0.43354 0.06519 0.4336 0.03871 0.01626 0.8601 0.02308 0.77424 0.02144 0.7455 0.01447 0.64663 0.89056 0.06141 0.88894 0.05991 0.47038 0.16467 0.01982 0.85136 0.02113 0.80186 0.01608 0.68509 0.01283 0.64818 0.01287 0.83516 0.01781 0.71387 0.01261 0.85943 0.01287 0.84575 0.01288 0.821 0.01291 0.79864 0.01285 0.77793 0.01287 0.76503 0.01286 0.74365 0.0164 0.66026 0.01124 0.86005 0.01287 0.71993 0.01287 0.68038 0.01289 0.65945 0.0112 0.85921 0.9402 0.21394 0.94111 0.21449 0.94002 0.21474 0.94111 0.22692 0.01132 0.84703 0.94012 0.2269 0.01137 0.82956 0.9411 0.24424 0.94004 0.24438 0.01152 0.80578 0.93993 0.26816 0.94111 0.26566 0.01147 0.77902 0.94106 0.28662 0.93984 0.29493 0.01127 0.75455 0.93986 0.3194 0.94098 0.32028 0.01126 0.72046 0.94087 0.35966 0.93972 0.35349 0.01119 0.68443 0.93968 0.38955 0.94091 0.38761 0.94075 0.41007 0.01125 0.65937 0.93941 0.41461 0.94079 0.4258 0.0113 0.64671 0.9392 0.42727 0.89046 0.05828 0.94435 0.21681 0.9441 0.31493 0.94396 0.39118 0.94706 0.41848 0.88383 0.05818 0.94595 0.4274 0.9552 0.24329 0.94942 0.26234 0.94925 0.28352 0.95227 0.29779 0.9523 0.34369 0.9483 0.36811 0.95943 0.39306 0.95969 0.41821 0.95937 0.42584 0.95494 0.21704 0.95953 0.31856 0.86851 0.05817 0.96158 0.4274 0.96155 0.21413 0.9594 0.21456 0.95553 0.27696 0.95958 0.36823 0.95938 0.23673 0.96102 0.26647 0.96111 0.29412 0.96113 0.21473 0.96119 0.2493 0.96121 0.31123 0.96121 0.35988 0.96127 0.39284 0.96115 0.41269 0.9613 0.42566</float_array>
          <technique_common>
            <accessor source="#uvs_0-array" count="4545" stride="2">
              <param name="S" type="float"/>
              <param name="T" type="float"/>
            </accessor>
          </technique_common>
        </source>
        <source id="normals_0"><float_array id="normals_0-array" count="13635">0.12979748 -0.0311045324 -0.991052533 0.593634898 -0.380829054 -0.708919487 0.027270371 -0.344461107 -0.938404429 0.00169991442 -0.0433522872 -0.999058401 0.674213026 -0.73622032 -0.0584502835 -0.00176360826 -0.999989436 -0.00424466146 0.0216453279 -0.999433724 -0.0257625909 0.75993116 -0.649952192 0.00817190705 0.992074522 -0.124541522 -0.0166599021 0.719720727 -0.694260983 0.00193970831 0.98021258 -0.19794656 0.000676928451 0.727156721 -0.68646985 0.00149936322 0.998393044 -0.0566560475 -0.00119273276 0.700515784 -0.713635753 -0.00128409381 0.0539105814 -0.998540208 0.00333211428 0.00784641586 -0.999961194 0.00400563187 0.0758457863 -0.99711432 -0.00323263532 0.68937821 -0.724398544 -0.00210573313 0.166852079 -0.985980951 -0.00139603162 0.690315051 -0.723508037 -0.00111851153 0.135996858 -0.990708419 -0.00129764844 0.130021595 -0.991508281 -0.00239039467 0.703110971 -0.711071806 -0.00344212585 0.0482284884 -0.998832271 -0.00284735234 0.070434103 -0.997511155 -0.00324540168 0.664741876 -0.746971963 -0.0122933047 0.0541748169 -0.998489193 -0.00918806548 0.611416149 -0.791281891 -0.00657734364 0.083304038 -0.996507196 0.00581771807 0.604192583 -0.78746153 0.121883803 0.208700139 -0.968651895 0.134750726 -0.0135815917 -0.999899403 -0.00408964692 -0.0143171406 -0.999894687 0.0023738765 -0.00909480686 -0.999954535 0.00286556255 -0.0115885902 -0.999932351 -0.000998911578 -0.016192313 -0.999868785 -0.000471186275 -0.00813536789 -0.999966879 0.000238492819 -0.0129104085 -0.999910026 -0.00364170668 -0.00648901066 -0.999976027 -0.00241629302 -0.00668417419 -0.999935308 -0.00920334873 -0.00738103439 -0.999294332 0.0368287697 0.0117329339 -0.178634354 0.98384557 0.081279868 -0.0376715395 0.995979135 0.00130124134 -0.0981169599 0.99517404 -0.00124210396 -0.218834271 0.975761251 -0.0166396707 -0.364058237 -0.931227535 -0.0213728422 -0.999378073 -0.0280476183 -0.00849984749 -0.999959227 0.00304905094 -0.0102617021 -0.999937086 0.00453003618 -0.00892990706 -0.999952384 -0.00393538567 -0.00369741906 -0.99999299 -0.000590136596 -0.00774128195 -0.99996678 -0.00255180543 -0.00569742504 -0.999981519 -0.00212147913 -0.00305944681 -0.999965927 -0.00766717262 -0.00162018683 -0.0190801127 -0.999816645 -0.0192463391 -0.999805509 -0.00430372385 -0.00591617202 -0.999977047 -0.00330208526 -0.00363585095 -0.999983489 -0.00444992838 -0.022323046 -0.999749977 -0.0012904366 -0.0263493874 -0.999642891 0.00444974224 -0.0264228816 -0.999639629 0.00473744906 -0.0254429874 -0.999674895 0.00166085649 -0.0278947461 -0.999600267 -0.00460309574 -0.0226935824 -0.999742146 0.000801196725 -0.0214710398 -0.999768177 -0.00160828416 -0.0145829347 -0.999887868 -0.00340422337 -0.0289638557 -0.999579147 -0.00161996076 -0.02098768 -0.999752217 -0.00741765935 0.00195897269 -0.999152974 0.0411034986 -0.00682506555 -0.195503599 0.980679235 -0.0257762481 -0.999667678 0.000344108444 -0.00745632338 -0.013086034 0.999886573 -0.0251725522 -0.0707863862 -0.997173821 -0.195987713 -0.553691526 -0.809329667 -0.240589664 -0.969683124 -0.0427931503 -0.140393789 -0.990094279 -0.00170383434 -0.134294221 -0.99093142 0.00447027431 -0.148330585 -0.988931902 -0.00342495422 -0.146277913 -0.98923852 -0.00314999866 -0.128488939 -0.991710122 -0.00127506778 -0.114433003 -0.993426981 -0.00281436289 -0.145903514 -0.989296969 0.00191601627 -0.182668515 -0.98309523 -0.0124892852 -0.0381842337 -0.996954645 -0.0679955867 -0.0264706646 -0.20104544 0.979224201 -0.932272395 -0.360019493 -0.035413935 -0.972435649 -0.233091327 -0.00611077787 -0.997702359 -0.0651156964 -0.018706928 -0.999660168 -0.0260677656 0.000140517067 -0.971746725 -0.236013552 0.00243024214 -0.999316496 -0.0369665125 -0.000135894613 -0.974550016 -0.224167452 -0.00110400106 -0.985368547 -0.170427281 -0.0018353058 -0.999706245 -0.0242309039 0.000534953126 -0.976047851 -0.217554257 -0.000858482087 -0.980661986 -0.195686037 0.00300727301 -0.999469699 -0.0325416651 0.00116672537 -0.979763428 -0.200129197 0.00345402355 -0.97427156 -0.225365099 0.00234511319 -0.999207346 -0.0390849877 -0.00755275033 -0.908685467 -0.415379261 0.0418424719 0.00531357624 0.00261854439 -0.999982454 -0.979139277 -0.119824031 0.164098986 -0.979139277 -0.119824031 0.164098986 -0.979139277 -0.119824031 0.164098986 -0.99771224 0.00797242863 -0.0671321536 -0.999970793 -0.0070208381 -0.00302005858 -0.999983594 -0.00557359716 0.00132160755 -0.999943131 -0.0106470285 -0.000612397883 -0.999998013 -0.00131967408 -0.00149398436 -0.999982262 -0.00595198814 -0.000224226788 -0.999996545 -0.00192679644 0.00178825115 -0.999989347 0.00203676827 0.00414216622 -0.999992195 0.00395086203 -3.93957155e-05 -0.999964259 0.00775807714 -0.00336040284 -0.00222384923 0.00224303158 -0.999995012 0.00164503669 0.00392880529 -0.999990929 -0.83119986 0.0123678291 -0.555836154 -0.999915827 -0.00303633698 -0.012614239 -0.9998722 -0.0159794148 0.000492443439 -0.999938197 -0.0110903733 0.000778191317 -0.999985444 -0.000658867883 0.00535506434 -0.999999957 -0.000225743906 -0.000184560432 -0.00533333732 -0.00108725236 -0.999985187 -0.999988404 -0.00219318975 -0.0042874184 -0.999933367 -0.0115349937 -0.000453636282 -0.99999621 -0.00274966391 -0.000136233781 -0.999993815 -0.00241579309 0.00255616628 -0.99999943 0.000597420892 0.000884793228 -0.305839631 0.00576261824 0.952065603 -0.0152609673 0.00665815597 0.999861376 -0.00857273302 0.00119434708 -0.99996254 -0.999954719 -0.00948953135 0.000713229471 -0.999997665 -0.000577927597 0.00208216061 -0.999998015 0.00181862452 0.000813446175 -0.998486477 -0.000787750932 0.0549921355 -0.999881733 -0.00410360719 0.014821611 -0.0136486519 0.00306221877 0.999902164 -0.710291441 -0.00183439499 -0.703905323 -0.999998603 -0.001307419 -0.00104155869 -0.999971061 -0.00759581009 0.000424144585 -0.999993289 0.00335428328 0.00147309992 -0.99999589 0.00286602801 -7.43402115e-05 -0.99999391 0.00348977114 3.83107589e-05 -0.999980924 0.00227387152 0.00574287487 -0.999990729 0.000206745101 0.00430117808 -0.999993778 -0.00208171128 -0.00284790757 -0.998718434 0.00872291356 -0.049853782 -0.999928994 0.00182968443 -0.0117753571 -0.999970291 0.00546450226 -0.00543658731 -0.999992005 -0.00105182538 0.00385794639 -0.999994335 0.000924990539 0.00323649722 -0.999987971 0.00441500175 0.00213687753 -0.00543280634 -0.00104221045 -0.999984699 -0.999997466 0.000925532567 0.00205218649 -0.999998679 0.000931107203 0.00133216521 -0.999996659 -0.0019651886 0.00167937086 -0.0211910411 -0.00405262627 -0.999767231 -0.0110993909 -0.0029198371 -0.999934137 -0.999997631 0.00208891359 -0.000611669594 -0.999993248 0.00265759328 0.00253789625 -0.999990775 0.00406807132 -0.00137847909 -0.999988343 0.00480773813 -0.00044572487 -0.999988812 0.00299931949 0.00365779136 -0.9999955 0.00278079628 0.00112565349 -0.999795285 -0.00321311792 0.0199765782 -0.999747397 0.0204160453 -0.00939821252 -0.999899084 0.0142056889 0.000141780857 -0.0203745614 -0.00181935999 -0.999790762 -0.491624964 0.00688241046 -0.870779838 -0.999932707 0.0115214937 -0.00135515202 -0.99997437 0.00690641465 0.00188694752 -0.999994763 0.00310960516 0.000897267885 -0.999993304 -0.00143122268 -0.00336804793 -0.999829473 0.0166266724 -0.00803603362 -0.99980561 0.0190004115 0.00526558593 -0.999597645 0.0261574423 0.0109697964 -0.999926524 0.0114039388 -0.00411068997 -0.999988165 -0.00450382293 -0.00184018278 -0.999993404 -0.00296239411 0.00210158464 -0.999976855 -0.00666938881 0.00134523016 -0.999995827 -0.000576338261 0.00283099623 -0.999969427 0.0077564797 -0.000990753797 -0.999871624 0.00664994374 -0.0145778688 -0.0128872227 -0.000904682991 -0.999916547 -0.999780577 0.018764248 -0.00931135945 -0.999746305 0.0191337445 -0.0118838258 -0.999808163 0.0173371875 -0.00911367769 -0.999772485 -0.0212674775 0.00163473078 -0.620173209 -0.756357512 -0.208106955 -0.554379607 -0.83226325 0.00106478569 -0.037030282 -0.999311409 -0.00233774634 -0.0783109351 -0.99608708 0.0409625096 -0.501684733 -0.859116265 0.101151727 -0.999977026 -0.0019392359 -0.0064952016 0.00414629847 -0.999809959 0.0190487388 -0.00331621904 -0.999989305 -0.00322369924 0.0048008344 -0.999974358 -0.00531378681 -0.000274709979 -0.999987576 -0.0049772373 0.00578336979 -0.999983186 0.000424462351 0.00209829735 -0.997904385 0.0646717546 0.0143808545 -0.999889158 -0.00385528873 0.0118919447 -0.999811267 -0.0153626739 0.00865964234 -0.99991781 -0.00945425938 0.0108304632 -0.999940492 -0.00130896807 0.010488892 -0.999943403 -0.0017813605 0.0125507047 -0.99992117 -0.00036601318 0.00913438564 -0.999952189 -0.00349049898 0.0129762516 -0.999915769 -0.000268380598 0.0103196068 -0.999946751 -5.40125537e-06 0.00816083044 -0.999966696 8.72819724e-05 0.0113081007 -0.999936021 -0.000284003182 0.0082136041 -0.999966179 -0.000420340268 0.00467455287 -0.999988085 -0.00140627508 0.00116359635 -0.999797659 0.0200820029 0.00628320888 -0.999657482 -0.0254055301 0.0041026164 -0.999991525 0.000345148757 0.00387644159 -0.999992486 -2.93911572e-05 0.00218183766 -0.99999734 -0.000747806109 0.00394461928 -0.999990457 -0.00187793552 0.00128747477 -0.999995859 0.00257374031 0.00468788999 -0.999953522 -0.00842483416 0.00289785611 -0.999990425 -0.00327902443 0.00314036836 -0.99999505 0.000193803605 0.00151067187 -0.999998858 4.46398499e-05 0.00165207522 -0.998596835 0.0529304477 0.000841313474 -0.999999358 0.000758470518 0.00128307612 -0.999996452 -0.00233465394 0.00161050221 -0.99992976 -0.011742257 0.000376401737 -0.999982994 0.00581972988 0.000654467337 -0.999999778 0.000122626028 0.000210009574 -0.999999235 -0.00121880918 0.00125486594 -0.999989088 -0.00449991817 0.000112326545 -0.999999954 0.000282851884 2.77305318e-05 -0.999994958 0.00317543011 0.000167775258 -0.99999902 0.0013897671 0.000580640116 -0.999999696 -0.000521222744 9.32915309e-05 -0.99999968 -0.000794420118 -0.000339760936 -0.999997715 -0.00211078315 0.000231920125 -0.992645224 -0.121059512 0.000735201193 -0.998909642 0.0466796216 0.000285788532 -0.99994156 0.0108071726 -0.000246967714 -0.99999992 -0.000313489409 0.00062440129 -0.999988786 -0.00469454726 -1.58617651e-05 -0.999999803 -0.000626697723 -0.000317051071 -0.999999419 -0.00102998055 -0.000701462487 -0.999998323 0.001691792 0.000564671078 -0.999998779 0.00145683635 8.7162259e-05 -0.999998964 0.00143679433 0.000422522661 -0.999913293 -0.013161613 -0.000112818638 -0.999994788 0.00322663837 0.00373944963 -0.999923004 -0.0118322911 7.36642095e-05 -0.999999996 4.13706538e-05 0.000168228729 -0.999997875 -0.00205459374 0.00398570064 -0.992090321 -0.125462781 0.0044743921 -0.999939162 0.010082235 0.00178668081 -0.999998018 0.000878377151 0.00190892118 -0.999998167 -0.000146629576 0.00501128536 -0.999986725 -0.00119852127 0.005004671 -0.999125094 0.0415210753 0.00431941581 -0.999989514 -0.00152153711 0.0039066134 -0.99999009 0.00213485939 0.00413663421 -0.999990997 -0.00094514951 0.00286268853 -0.999993279 0.0022904344 0.00729357716 -0.999973386 -0.000177838921 0.00819361924 -0.999965018 0.0016817296 0.00643955202 -0.999965068 -0.00532866589 0.0074173667 -0.999972262 0.000676567223 0.00790716922 -0.999968042 -0.00117987101 0.00489537894 -0.999836806 -0.0173895705 0.00302129697 -0.986971002 -0.160869865 0.00635499057 -0.999979713 0.000433863091 0.00759182672 -0.999969241 0.00197008266 0.00889019228 -0.999960417 -0.000358381848 0.00856770931 -0.999963267 -0.000242780323 0.00858327961 -0.999963049 -0.000478379144 0.00774532142 -0.999969264 -0.00121696471 0.00484722606 -0.999334827 0.0361442585 0.00495565227 -0.999973303 0.00536971754 0.00625502615 -0.999980382 0.000333129284 0.00489704163 -0.999987991 -0.000192701313 0.00486180854 -0.999987955 -0.000672985172 0.00565414077 -0.999983674 0.000826036453 0.00450845959 -0.999978205 -0.00482319669 0.00403640239 -0.9999915 -0.000841584825 0.00297810456 -0.99994715 -0.00984015396 0.00344162685 -0.999993742 0.00081932702 0.00198657533 -0.99999716 0.00131626849 0.00253442579 -0.999996737 -0.000318899019 0.00244901178 -0.999996949 0.000323406316 0.00157366592 -0.99999876 6.4929782e-05 0.00123097588 -0.999998522 -0.00120060561 0.00148307362 -0.999996779 0.00205981496 0.00105095632 -0.999999417 -0.000248414535 0.00129582548 -0.9999602 0.00882717885 0.00126767397 -0.999166566 0.0407991098 0.00232176249 -0.999494916 -0.0316942132 0.00149653978 -0.977592432 -0.210501302 0.00155039181 -0.999998744 -0.000330009307 0.0023193649 -0.999990768 -0.00361715502 0.00152518596 -0.999996479 0.00217177154 0.001264279 -0.999999197 9.23708284e-05 0.00140043262 -0.999996784 0.00211432927 0.00145386703 -0.999998771 0.000586040272 0.00123298863 -0.999999097 -0.000533666048 0.000887623331 -0.999998909 0.00118039215 0.00219152504 -0.999952664 -0.00947980993 0.00123573299 -0.999999184 -0.000323967131 0.00102059431 -0.999999367 0.000472753862 0.000791420742 -0.999999673 -0.000168642243 0.00195312064 -0.999995965 0.00206294873 0.00191509771 -0.999998165 -4.82110589e-05 0.00193393792 -0.999250865 0.0386518852 0.00194334664 -0.168666632 0.985671239 0.000614483089 -0.037646693 0.999290923 0.00174040663 -0.582239793 0.813015249 0.00277166703 -0.999996078 0.000402774224 0.000697609696 -0.00393562358 0.999992012 0.00178121982 -0.999484702 -0.0320492896 0.00202888023 -0.999997934 0.00012205087 0.00178016904 -0.999972292 0.00722820522 0.00178704947 -0.999997872 0.00103046828 1.64440076e-05 -0.971617139 -0.236558945 0.00284324717 -0.999995893 0.00035958929 0.00223592583 -0.999997371 -0.000509215799 0.00188974122 -0.999935208 -0.0112253386 0.00222130091 -0.999997531 6.87278784e-05 0.00400088693 -0.999989879 0.00205796078 0.00285613368 -0.999995858 0.000355568498 0.00279026834 -0.999995998 0.000467871428 0.00209357763 -0.999996768 0.00144224386 0.00348199561 -0.999990608 0.00258062749 0.000682752301 -0.999251035 -0.0386898224 0.00275359108 -0.999995463 -0.00122146677 0.0031001282 -0.999995125 0.000371739721 0.00216421176 -0.999997658 -1.83930023e-05 0.00202836531 -0.999997831 -0.00047214943 0.00145736068 -0.999937881 0.0110503106 0.00221929281 -0.581261702 0.813713653 0.00186092826 -0.00933034189 0.99995474 0.00200586034 -0.999997842 0.000539933945 0.00164042758 -0.999993537 0.00319925545 0.000267436358 -0.962049223 -0.272875833 0.00228496378 -0.999996602 0.00125509742 0.0010749226 -0.999977375 -0.00664029267 0.00167070379 -0.999996303 0.00214558178 0.00106717851 -0.999999037 0.00088668936 0.00121697767 -0.999998962 0.000771009538 0.000780116825 -0.99988234 -0.0153198321 0.0012543956 -0.99999849 -0.00120238028 0.000787367018 -0.999998858 0.00128989166 0.000820215426 -0.0640846431 0.99794413 0.00112588379 -0.99833701 -0.057636333 0.000788719872 -0.999997465 0.00210907062 0.00168253889 -0.999998413 0.000584985211 0.000607133588 -0.999999803 0.000158358768 0.000407232796 -0.999999421 0.000996540766 0.00255765667 -0.769874924 0.638189673 0.00145044549 -0.999670046 0.0256455554 0.000701872978 -0.999992752 -0.00374209907 0.000519754402 -0.999999447 0.000914782543 0.00277881926 -0.96736676 -0.253365014 0.00073481133 -0.999100075 -0.0424087362 0.000976582897 -0.999998254 0.00159342142 0.000788047808 -0.999999689 1.1880266e-05 0.00125444899 -0.999998118 0.00148017285 0.000856824365 -0.999999195 0.00093597515 0.00241398828 -0.999989871 0.0037987229 0.00177043152 -0.999998305 0.000504791668 0.00156286255 -0.999997936 -0.00129805605 0.00207010965 -0.999995015 -0.00238441347 0.00166679708 -0.999889902 -0.0147447061 0.00403061896 -0.998834601 0.0480956841 0.000815314727 -0.962636863 -0.270794398 0.00217337436 -0.999006625 -0.0445088673 0.00185746194 -0.999974259 -0.00693045763 0.00222067048 -0.999997416 0.000486567471 0.00259032088 -0.999994763 0.00193995665 0.00218066743 -0.999996976 0.0011371964 0.00276504058 -0.999990998 -0.00321852234 0.00262228232 -0.999996478 -0.000410275795 0.00353493598 -0.999939428 0.0104232939 0.00309302966 -0.999965611 -0.00769473786 0.00277371545 -0.999996093 -0.000346346804 0.00492844307 -0.756254211 0.654259337 0.00260160652 -0.999186381 -0.0402468422 0.00278168245 -0.99999608 0.000318703364 0.00290145612 -0.999993505 -0.00213823156 0.0021647117 -0.999925907 -0.0119789364 0.00279495999 -0.999994591 0.00173382053 0.003242456 -0.999992985 0.00187547566 0.000356825447 -0.9998921 -0.0146854325 0.0028132146 -0.999996043 -1.75538657e-05 0.00100633686 -0.999983431 -0.0056678487 0.00407522994 -0.99999138 0.000794832112 0.0045790973 -0.999989094 -0.000918648388 0.00300643504 -0.999971466 0.0069302873 0.00130082785 -0.943967522 -0.330035794 0.00181934436 -0.999468149 -0.0325593288 0.00076598381 -0.999999428 -0.000746480959 0.00340902619 -0.999993302 0.00133202336 0.0045298033 -0.999989737 7.89061215e-05 0.00248628831 -0.99999649 -0.000915481381 0.0017333107 -0.999998133 0.000853650809 0.00154680627 -0.999960577 -0.00874363099 0.00151055337 -0.999997564 -0.00160965934 0.00181607877 -0.999998248 0.000453774212 0.00487214949 -0.999988104 -0.000230916589 -0.00551003595 -0.999984794 -0.000226520373 -0.00298977372 -0.999987829 -0.00392466553 -0.000658582114 -0.999632525 0.0270994806 -0.0925130754 -0.963915821 0.249614945 -0.00525489443 -0.997529636 -0.0700500673 -0.0681096103 -0.949117199 -0.307469711 0.0117876403 -0.99986596 -0.0113628172 -0.0107223077 -0.999935363 -0.00378184496 -0.00553293631 -0.999984361 0.00081498695 -0.0181221613 -0.999835779 -4.21482456e-05 -0.00918978255 -0.999957769 -8.58354653e-05 -0.157462845 -0.987473697 -0.0100573834 -0.148883909 -0.988854155 0.00102109779 -0.16439078 -0.98639526 -0.000250258457 -0.172141497 -0.985072177 0.000332418877 -0.187809096 -0.98219406 0.00475096579 -0.400263337 -0.91403665 0.0657743399 -0.575380905 0.00586860751 -0.81786452 -0.999810859 0.0111287551 -0.0159498416 -0.999860071 0.0159987178 0.00488673601 -0.999377183 0.0325664724 0.0135893475 -0.183828852 -0.974519716 -0.128523443 -0.0235900148 -0.990289036 -0.137007797 -0.0434813437 -0.955327673 -0.292332704 -0.998962235 -0.0451169336 -0.00623814411 -0.998429586 -0.0558796425 -0.0039783176 -0.997451556 -0.0713454394 -0.000470285612 -0.998799688 -0.0488288431 0.00386347021 -0.998348581 -0.0574458952 -0.000283958719 -0.998795517 -0.0490315149 0.00185093159 -0.998239812 -0.0592305751 0.00300294067 -0.998333784 -0.0574472505 0.00542851201 -0.999886721 0.00361333571 0.0146112693 -0.205720261 -0.968200187 -0.142364222 -0.999981234 0.00061551405 -0.00609525687 -0.994361448 -0.0062304686 0.105860717 0.00648537117 -0.957673909 -0.287782251 -0.0114852651 -0.999909482 -0.00700829376 -0.0163625572 -0.998828134 -0.0455480671 -0.003307201 -0.99998673 0.00394992738 0.00511419406 -0.999986177 -0.00122104659 0.00141622523 -0.999998504 0.000993059258 0.00322325138 -0.999994193 -0.00110687864 0.00865602024 -0.999962068 -0.000967221978 0.00328347658 -0.999993584 -0.00143233163 0.00450845443 -0.999988546 -0.00160676079 8.46780265e-05 -0.999999337 -0.00114845485 0.00563044223 -0.999981564 -0.00227380181 -0.00207717265 -0.999997147 -0.00117959017 -0.000929451697 -0.999993244 -0.00355639386 -0.00415843654 -0.999989376 -0.00198894875 -0.00457992433 -0.999988907 -0.00109995899 0.00409911105 -0.999933568 -0.0107730105 0.00461480439 -0.999988916 -0.000933629466 -0.000564736916 -0.999999098 -0.00121827525 -0.00246269907 -0.999996824 -0.000536628671 0.00456197941 -0.999989503 -0.00042628459 0.00202969364 -0.0415575433 -0.999134051 0.0119773247 -0.379444385 -0.925137018 0.000718554067 -0.00977624042 -0.999951953 -0.00145870644 -0.113915528 -0.993489368 0.000525978048 0.00133707483 -0.999998968 -0.00127120976 -0.00418073202 -0.999990453 -0.00122328461 -0.125726498 -0.992064187 -0.000690844101 -0.000518710219 -0.999999627 -0.000668753876 -0.00704764335 -0.999974941 -0.000480130391 -0.181635173 -0.98336587 -0.000575869165 -0.00914204135 -0.999958045 -0.00127550512 -0.179137263 -0.983823264 -0.000790837785 -0.0110352257 -0.999938797 -0.00081949374 -0.172693599 -0.984975253 -0.000796672228 -0.0124802571 -0.999921801 -8.02876908e-05 -0.0180906444 -0.999836348 7.57023572e-05 -0.167610782 -0.985853245 0.000111455345 -0.0153989074 -0.999881424 0.00111861175 -0.196979724 -0.980406924 0.00115079463 -0.0149241634 -0.999887966 0.00141628258 -0.0150289924 -0.999886055 0.0019625383 -0.18580159 -0.982585323 -0.00106671067 -0.188397301 -0.982092317 -0.000138544137 -0.0121952143 -0.999925626 -0.00203369695 -0.0253900216 -0.999675553 -0.00417963592 -0.177802566 -0.984057304 -0.00243057839 -0.017942726 -0.999836062 -0.00285767441 -0.0351330867 -0.999378557 -0.00968067541 -0.172732 -0.984921286 -0.0107664917 -0.0205946026 -0.999729936 -0.0735525542 -0.0223775821 -0.997040253 -0.965678795 -0.0101848064 -0.259539465 -0.968167669 -0.227592675 -0.104177443 -0.9995839 -0.00899351494 -0.0274069885 -0.994871614 -0.101132875 0.00161640396 -0.999972587 -0.00615124441 0.00412162847 -0.996160313 -0.0874520185 0.00409583335 -0.999978511 0.00433389562 0.00491890028 -0.99648238 -0.0837380504 0.00328707095 -0.999981179 0.00440320272 0.00427240732 -0.999985598 0.00363724961 0.00394651664 -0.997688568 -0.0678619505 0.0035038006 -0.999950816 0.00935436022 0.00329565379 -0.998599806 -0.052886547 0.00120065101 -0.999957877 0.00904520061 -0.00155844119 -0.999934549 0.0114195692 -0.000700535576 -0.0300589954 -0.00235770873 -0.999545346 -0.999761444 0.0195353324 -0.00976856945 -0.999900121 0.0061809686 0.0127099578 -0.397425241 -0.072273699 -0.914783958 -0.0656827469 -0.0643018159 -0.995766566 -0.0880915808 0.00336066118 -0.996106711 -0.431453951 0.0134329458 -0.902034946 -0.00526902153 0.00718856928 -0.99996028 -0.000483361619 -0.00477213016 -0.999988497 -0.999923295 4.80513877e-05 0.0123855176 -0.0195312076 -0.000304879291 -0.999809201 -0.999793046 0.014068161 -0.0146952768 -0.9999774 0.00570897426 0.00355052756 -0.999999157 -0.00122859829 -0.000419643701 0.00776511575 0.0160135156 -0.999841623 0.000670100798 0.00540028045 -0.999985194 -0.000146678625 0.0047359971 -0.999988774 -0.000254005787 0.00241855629 -0.999997043 -0.0014942738 0.00202185788 -0.99999684 0.000100580446 -0.00113634836 -0.999999349 -3.23124446e-05 -0.00244315952 -0.999997015 -0.000641514817 -0.0056489028 -0.999983839 -0.000250976457 -0.00540351951 -0.999985369 0.000507578534 -0.00565126766 -0.999983903 -9.68486965e-05 -0.00591694615 -0.99998249 0.000610916257 -0.00398519655 -0.999991872 -0.000767389467 -0.00843749 -0.999964109 0.00102114866 -0.0115391248 -0.999932901 -0.999970119 0.00123329018 0.0076315558 -0.999942091 0.00926552566 0.00547396944 -0.999968555 0.00601109584 0.00517256198 -0.999852614 0.0165350495 0.00461974843 -0.999941804 0.0104950458 0.0024984231 -0.999944221 0.0101545443 0.00290507736 -0.99996215 0.0086891188 0.000445432495 -0.999980781 0.00594859621 -0.00174698043 -0.988659407 0.0063571824 0.150040538 -0.00664612578 0.00375098076 -0.999970879 -0.99986903 0.00938127593 -0.0131876611 -0.999998851 0.00113369147 -0.00100668271 -0.132111072 0.00392269058 -0.991227157 -0.44122983 0.00266292168 -0.897390186 -0.998625671 -0.00277397737 0.0523361596 -0.999918863 -0.00258829813 -0.0124726925 0.00790465721 -0.00154198159 -0.999967569 -0.000244030121 -0.0052075762 -0.999986411 -6.56232034e-05 -0.0057550359 -0.999983437 0.000594205045 -0.00262284177 -0.999996384 0.00122146614 -0.00138585617 -0.999998294 -0.104460676 -0.00916672508 -0.994486771 -0.976885101 -0.00382485907 -0.213730837 -0.999914258 -0.00378233155 0.0125367392 -0.999990518 0.000911296009 0.00425824279 -0.999977237 0.00552605098 0.00387140447 -0.99996492 0.00344153671 -0.00763639983 -0.999928379 0.011137674 -0.00438056612 -0.999880812 0.00420902951 -0.0148541453 -0.999997752 -0.000559640953 -0.00204516347 -6.23213826e-05 -0.00103353634 -0.999999464 -0.0219054785 0.999388253 -0.0272629775 -0.0068070626 0.999393506 -0.0341509075 -0.607909062 0.793841757 -0.0161813668 0.00342216252 0.999929348 -0.0113836921 -0.990529152 0.137031705 0.00862033449 -0.987798528 0.155355033 -0.0109032593 -0.9991708 0.0331079063 -0.0236976523 -0.999657409 0.025151021 -0.00724500437 -0.987483959 0.157717262 0.000834316734 -0.999332481 0.0365312248 -0.000248049689 -0.999421314 0.0335270668 0.00574222406 -0.975649464 0.219313852 0.00309152794 -0.996162686 0.0874683392 0.00303200844 -0.974355316 0.225014424 -0.000476647173 -0.995936526 0.0900528224 -0.000961530869 -0.974909125 0.222601349 0.000914877717 -0.996301676 0.0859014827 -0.00197651471 -0.981232259 0.192806043 -0.00301392327 -0.985636094 0.16874899 -0.00672815881 -0.995387266 0.0959307982 -0.00121336907 -0.987460177 0.151377462 0.044802496 -0.980978639 0.0749175125 0.179076175 -0.997048037 0.0506269524 0.0577245436 -0.000362193269 0.000339281502 -0.999999877 -0.00112784518 0.99999224 -0.00377461806 -0.000929606339 0.999994721 -0.00311341741 -0.00173928597 0.999998378 -0.00046843268 -0.00123693272 0.99999892 0.000793199666 0.000129322137 0.999996014 -0.00282049669 -3.03943688e-05 0.999999882 0.000485175044 0.000318943645 0.99999584 -0.00286687697 -0.000535421263 0.999991801 -0.00401388717 -0.00130094818 0.999992421 -0.00366964684 -0.000671260449 0.999995106 -0.00305571104 -0.00223168427 0.999994475 -0.00246379403 0.00103708861 -0.00589403367 -0.999982092 -0.00242520003 0.999995144 -0.00195693966 -0.00351789616 0.999986628 -0.00379060033 0.00103903884 0.999996802 0.00230572752 -0.024989394 0.987244867 0.157235819 -0.0177457975 0.999650819 -0.0195787387 0.979844561 0.199062921 -0.0166910226 0.998154526 -0.0112383531 -0.0596761356 0.997917441 0.0643118233 -0.00497692339 0.999656161 -0.00752405919 -0.025118697 -0.00487234021 -0.00534353114 -0.999973853 -0.999983197 -0.00105771061 0.0056998059 -0.999987166 0.00454657854 0.00223506696 -0.999983709 0.00503680049 0.00268542355 -0.00433887488 0.00149830581 0.999989465 -0.00322547841 0.000534960573 0.999994655 -0.00436389197 0.000533573174 0.999990336 -0.999148259 0.0396551337 0.0114116637 -0.999935251 0.00993817665 -0.00554322073 -0.999713218 0.0226496534 0.00777653918 -0.999763835 0.0210915958 0.00523624445 -0.999708074 0.0241529048 -0.000636054828 -0.999825222 0.0186665791 -0.00104105194 -0.999881922 0.0153489839 -0.000742792277 -0.999688614 0.0248719979 -0.00201463762 -0.999747214 0.0189389944 0.012117002 -0.00029129312 -0.000391660666 -0.999999881 0.00185106992 -0.00423123794 -0.999989335 0.000171777428 -0.00726438335 -0.999973599 0.00208655405 -0.00273203745 -0.999994091 -0.999954099 -0.0040536396 0.00868149644 -0.999976582 -0.00356573604 0.00584130887 -0.999973456 -0.00295916403 0.0066581111 -0.999975587 -0.000204168879 0.00698455655 -0.999987605 0.00110966376 0.00485364305 -0.999734489 0.00478566206 -0.0225399273 -0.998264729 0.00722151299 0.0584412642 -0.999875409 0.00877820442 0.0131190619 -0.999739594 0.0104589602 -0.0202818938 0.00393654428 -0.004446231 -0.999982367 -0.99991592 0.0128817429 -0.00148773082 -0.999877779 0.0156177574 0.000715361199 -0.999883879 0.0150853981 -0.00215874226 -0.997346466 0.00690817325 0.0724727768 -0.000136541492 -0.00189545526 -0.999998194 -0.000228723487 -0.00380458232 -0.999992736 0.00121878161 -0.00246090857 -0.999996229 0.0005744573 -0.00342764495 -0.999993961 -0.000402715953 -0.00480539871 -0.999988373 -0.000169090242 -0.00328474901 -0.999994591 8.43540725e-05 -0.00325397668 -0.999994702 0.999820386 -0.0123001209 -0.0144188328 0.971199262 -0.106431299 0.213176856 0.999226546 -0.029698914 -0.0257737093 -0.999947096 -0.00445089106 0.00927334395 -0.99996415 0.00157307374 -0.0083200513 -0.407526276 -0.00631267264 -0.913171662 -0.115680777 -0.0124344134 -0.99320861 -0.999970771 -0.000407069237 0.00763487639 -0.997452649 -0.00522756501 -0.0711399016 -0.999854965 0.0126636071 -0.0113878169 -0.999946053 0.0072492153 0.00743911721 -0.999919309 0.0110853869 0.00620393212 -0.999965445 0.00829283993 -0.000580260101 -0.999936459 0.0112720861 0.000135349891 -0.99993356 0.00664246711 0.00942086862 -0.00149208686 -0.000749479682 -0.999998606 0.000463427139 -0.00302941478 -0.999995304 -0.000184412141 -0.00241494853 -0.999997067 0.000312769191 -0.00373890245 -0.999992961 -0.000191276136 -0.00508998257 -0.999987028 -0.999907606 -0.00592256598 0.0122352891 -0.98895996 -0.00127222855 0.148177525 -0.999869767 -0.00207865131 -0.0160039849 -0.0219062904 0.00306765379 -0.999755322 -0.999984215 -0.000457525009 -0.00559998223 -0.999962707 -0.00101537178 -0.00857632748 -0.999944384 0.00817150474 -0.00666750188 -0.999972937 0.00730968986 -0.000832378549 -0.999970311 0.00722121262 -0.00268918259 0.0019359718 -0.00341607744 -0.999992291 -0.00104643659 -0.00244069273 -0.999996474 -0.997874729 -0.00551199647 -0.0649279874 -0.999997497 0.00185897794 0.00124527639 -0.012613607 0.0023889561 -0.999917592 -0.999990502 0.000453927615 -0.00433467869 -0.141262987 -0.0014586889 -0.98997103 -0.997242421 -0.000458821528 0.0742114701 -0.999737374 0.00419436126 -0.0225297808 -0.999931929 0.00173964689 -0.0115373919 -0.999993072 0.00155129442 -0.00338369199 -0.99999821 0.00187192327 0.000273843969 -4.28417239e-05 -0.00155056056 -0.999998797 0.000309782231 -0.00180845095 -0.999998317 -0.00029798857 -0.00216657992 -0.999997609 0.00214986624 -0.00176277915 -0.999996135 0.000519921833 -0.00161453072 -0.999998561 0.999581133 -0.013805837 -0.0254353626 0.999378421 -0.00714567664 -0.0345211648 0.999342634 -0.00730615674 -0.0355094323 0.997987651 -0.0102711356 -0.0625711754 0.999888159 -0.00642914884 -0.0135031349 0.998023747 -0.0018353815 -0.0628110801 -0.999933446 -0.00681279046 0.00931072579 -0.999935339 -0.00594128512 0.00969635178 -0.999962235 -0.00485766213 0.0072063157 -0.999967971 -0.00472703549 0.00645845504 -0.999979642 -0.0018820889 0.00609694303 -0.999985581 -0.0014460024 0.00517172554 -0.999994246 0.000870303506 0.00327873164 -0.999985403 -0.000212728256 -0.00539896251 -0.999827573 -3.46016265e-06 -0.018569449 -0.999062305 -0.001502002 -0.0432695491 -0.999820086 0.00864596008 0.0168832343 -0.998364704 0.00431900562 0.0570023117 -0.000884190011 -0.00316403809 -0.999994604 1.19903101e-05 -0.00139185654 -0.999999031 0.0121757204 -0.00112392197 -0.999925242 -0.116472289 -0.00163993007 -0.993192588 -0.965441431 -0.00664702973 -0.260535333 -0.999892277 0.000609011709 -0.0146650712 -0.999995641 -0.000933326366 -0.00280119851 -0.000437336007 0.00199834839 -0.999997908 -0.999950671 0.00157049697 0.00980762679 -0.999988741 -0.000303006478 0.00473554727 -0.999999023 -0.000106462601 -0.0013939338 -0.999999513 0.000777202304 -0.000608921893 -0.999994258 0.00311908916 0.00132507905 0.00234089229 -0.000680716597 -0.999997028 0.000883351995 -0.000976074481 -0.999999133 -3.71440787e-05 -0.00118566681 -0.999999296 -0.000381843979 -0.00157625079 -0.999998685 0.00178824764 -0.000225786014 -0.999998376 -0.999939454 -0.00584123769 0.00932571461 -0.999962918 -0.00330317948 0.00795312895 -0.0411863188 0.000312318237 -0.999151435 -0.0226150898 0.00137693571 -0.999743298 -0.99998091 0.000256063498 0.00617369849 -0.999972416 -0.000912503659 0.00737124026 -0.999999606 -0.000886112573 -5.24916835e-05 0.00233289981 -0.00261723434 -0.999993854 0.000484566902 2.67399791e-05 -0.999999882 0.000922448136 -0.00114784222 -0.999998916 -0.000811650023 -0.00070978818 -0.999999419 -0.99995805 -0.00540789769 0.00739278882 -0.999950136 -0.00488330759 0.00871081438 -0.349486771 0.00359013401 -0.93693442 -0.998501025 0.00152649352 -0.0547117252 -0.999764985 -0.000710348176 -0.0216672502 -0.999950526 -0.00167336163 -0.00980540799 -0.397640884 0.00613207072 -0.91752064 -0.999990331 -0.000779983204 0.00432769008 -0.999987882 0.000130301426 0.00492133 -0.00118017378 0.00207833699 -0.999997144 0.000476508043 -0.00315473656 -0.99999491 -0.000224827765 -0.00103859017 -0.999999435 -0.999912096 -0.00647290866 0.0115715684 -0.999996354 -0.000647617766 0.00262173563 -0.999924011 -8.75278401e-05 -0.0123273583 -0.0749198372 0.00906045651 -0.997148397 -0.999988027 -0.000906628574 -0.00480874872 -0.998215719 -0.000988049161 0.0597026075 -0.0269270319 -0.000944012982 -0.999636956 -0.999942028 -0.00534617929 0.00934659994 -0.999996059 -0.00201885475 -0.00195092756 -0.0172360714 0.00158460507 -0.999850192 -0.999917241 0.000659950183 -0.0128481773 -0.999818984 -0.00278079147 -0.0188219744 -0.999945344 -0.00070872903 -0.0104310823 -0.998147557 -0.000700663458 -0.0608355444 -0.999841887 -0.000399092221 -0.0177775676 -0.999999626 -0.000822352015 -0.000269509938 -0.00130530859 -0.00148045873 -0.999998052 -0.000160287219 -0.000716908627 -0.99999973 0.00153567386 -0.00107700568 -0.999998241 -0.000465341415 -0.00100255355 -0.999999389 -0.999964801 -0.00355309134 0.00760080056 -0.0205770776 0.00213720637 -0.999785985 -0.999993212 -0.000904773275 -0.00357172403 0.0100577127 0.00136463046 -0.999948489 -0.998011663 -0.00115315667 0.0630189703 0.00250012523 -0.000864955923 -0.999996501 0.00114017164 0.000145404284 -0.999999339 -0.000357596169 -0.000650616573 -0.999999724 -6.97543354e-05 -0.00138722318 -0.999999035 -0.00018138745 -0.00126267197 -0.999999186 -0.999952142 -0.00534472494 0.00819439336 -0.999999054 0.000231916751 -0.00135564629 -0.999750622 -0.00091370104 -0.0223127358 -0.999970066 0.000285096982 -0.00773217868 -0.999979062 0.000379575795 -0.00645992333 -0.999981688 -0.000120197182 0.006050616 -0.999998448 -0.000532375983 0.00167970976 -0.999995299 -0.000841754251 0.00294851051 0.00172398601 -0.00077554484 -0.999998213 -0.999083134 -0.00441623963 -0.0425838992 -0.999692884 -0.00299624618 -0.0245999974 -0.029214807 0.000234256368 -0.999573129 -0.999865535 -0.00178426739 -0.0163011677 -0.194057997 0.00182764289 -0.980988355 -0.429098635 -0.0003169141 -0.903257583 -0.999983851 -0.000980221886 -0.00559786162 -0.999998801 0.000435927966 -0.00148589084 -0.000509598674 -0.00112896642 -0.999999233 -0.999915549 -0.00555952152 0.0117467777 -0.99935004 -0.000755329157 -0.0360406199 0.00248539063 -0.0012376785 -0.999996145 0.000727727978 -0.000115416805 -0.999999729 0.000616437505 -0.00177568545 -0.999998233 0.000219958839 -0.00154087155 -0.999998789 0.000904068258 0.000769424401 0.999999295 0.00130471319 0.00205567249 0.999997036 0.000378470071 0.00155412278 0.999998721 -0.999993631 -0.00204229818 0.00292708203 -0.999982245 -0.00331248057 -0.00495343157 -0.995684099 -0.0032887817 0.0927489 -0.998508549 0.000166601822 0.0545953315 0.00295255231 -0.00142239146 -0.99999463 -0.999989873 -0.00151009837 0.00423949601 -0.999967001 -5.86515658e-05 0.00812363887 -0.999999134 -0.000963608904 -0.000896516626 -0.999998455 -0.00155241228 0.000824614264 -0.999974823 -0.00171043316 0.00688678424 0.000490179543 -0.000258827057 -0.999999846 0.000380044992 -0.00178518637 -0.999998334 -0.084708522 -0.00251429433 -0.996402602 -0.966826577 -0.00284278216 -0.255417871 -0.999916722 -0.00470667721 0.0120164936 -0.999963114 -0.00369091894 0.00775549386 -0.0541963469 -0.000426407104 -0.998530207 -0.999978576 -0.000496732114 -0.00652692353 -0.999982127 0.000414473784 0.00596446658 -0.00101691485 -0.00188355932 -0.999997709 -5.35877447e-05 -0.00228930428 -0.999997378 -0.000561187846 -0.00199335292 -0.999997856 -0.000247272984 -0.00173432662 -0.999998465 3.88281524e-05 -0.00194951662 -0.999998099 0.00166237292 -0.00178990355 -0.999997016 0.000287513679 -0.00137554779 -0.999999013 -0.999934062 -0.00512357162 0.0102771969 -0.999850357 0.00594664138 -0.0162450051 -0.999954499 -0.000911410662 -0.00949579101 -0.999240231 -0.000640656917 -0.0389685718 0.00868320702 -0.00379121734 -0.999955113 -0.998901192 -0.000742233516 0.0468599821 -0.999998258 -0.00094648729 -0.0016087068 -0.999999079 -0.00131816839 0.000322805715 -2.5566486e-05 -0.0021099175 -0.999997774 0.00096235622 -0.00268090239 -0.999995943 0.999523368 -0.0042462604 -0.0305778658 0.996355133 -0.00205638462 -0.085277317 0.999953183 -0.000261101996 -0.0096728117 -0.999943075 -0.00499726169 0.00942735159 -0.999839488 0.00236813893 -0.0177592548 -0.427349299 -0.00166314163 -0.904085068 -0.0860087847 -0.00153638573 -0.996293194 -0.999890756 8.55677205e-05 -0.0147806642 0.00351865838 -0.00366174344 -0.999987105 -0.999984978 0.000430900545 -0.00546433346 -0.999998879 0.000460237105 0.00142503533 0.000861954034 -0.00251050667 -0.999996477 -0.999990764 -0.00411777598 -0.00123117694 -0.0175703342 0.000494359839 -0.999845508 -0.209884773 0.00210053722 -0.977723872 -0.994123873 0.00598198082 -0.10808303 -0.999972636 0.00704195877 -0.00226651228 -0.999679449 0.005257685 -0.0247660263 -0.999976959 6.08107704e-05 -0.00678800708 0.000528943333 -0.00226904439 -0.999997286 -0.999934744 -0.00569239018 0.00990474099 -0.999995299 0.000269128472 -0.00305452309 -0.999994265 0.000544591388 -0.00334278169 -0.997142871 -0.00151466117 0.0755235102 0.00144177775 -0.0036912716 -0.999992148 0.00104763038 -0.00196521939 -0.99999752 0.000372592806 -0.00179369556 -0.999998322 0.0011963164 -0.00151518119 -0.999998137 -0.0016409567 -0.00100748059 -0.999998146 -0.999986597 -0.00408707413 0.00317836838 -0.999912311 -0.00435768105 -0.0125052476 -0.999986399 0.000515089218 -0.00519011792 -0.999763769 0.00118642509 -0.0217024921 -0.99884627 0.000807241078 -0.0480153827 0.000416953068 -0.00355353464 -0.999993599 -0.000406975828 -0.00281682443 -0.99999595 0.000980536811 -0.000881602269 -0.999999131 0.999903918 0.00235159581 -0.0136610748 0.396758332 -0.826303194 -0.399757248 0.42626777 -0.904562218 0.00793607106 0.475962837 -0.869998896 0.128690711 0.431648183 -0.796865603 -0.422711553 0.488975711 -0.784611292 0.381166466 0.452200113 -0.87016968 -0.195754399 0.457169101 -0.735715079 -0.499719657 0.534381014 -0.808746519 0.245694933 0.49281645 -0.673399105 0.551058611 0.561992647 -0.632410919 0.533123527 0.558688011 -0.656313254 0.507070625 0.852311513 -0.50005218 0.153339173 0.833374151 -0.438395787 0.33659569 0.909751385 -0.351038065 0.221640912 0.989764695 -0.111573491 -0.0889786707 0.996617034 -0.053783083 -0.0621439286 0.942502064 -0.263195685 -0.205956039 0.984503048 -0.159930151 -0.07194508 0.913672167 -0.389014713 0.117774041 0.975583527 -0.209107706 0.067162111 0.961254842 -0.177887911 0.210582575 0.979080834 -0.105941448 0.17371566 -0.0248042266 0.000646837916 -0.999692119 -0.999551896 0.00970085278 -0.0283178622 -0.999916127 0.00393297398 -0.0123398225 -0.426987318 0.00553765938 -0.904240657 -0.999998567 -0.00166162814 0.000324296414 -0.000624924059 -0.0030959182 -0.999995012 0.00089234394 -0.00158717434 -0.999998342 -0.000214838115 -0.000629750698 -0.999999779 -0.000737848325 -0.00195645217 -0.999997814 -0.999961951 -0.00270606997 0.00829300478 -0.999949052 -0.00404338258 0.00924903145 -0.999960594 -0.00551642945 0.00695555048 -0.999950879 -0.00559555908 0.00818105857 0.366999001 -0.876509636 -0.311516597 0.399487353 -0.915934077 -0.038400795 0.37246171 -0.818671212 0.437092349 0.380196454 -0.742410002 0.551614036 0.327734816 -0.691949726 0.643269358 0.381789033 -0.70706132 0.595232244 0.352335894 -0.830646298 -0.431145155 0.373080967 -0.745110041 -0.552830552 0.270891169 -0.792656617 -0.546180796 0.301684981 -0.530713309 -0.792041385 0.383664254 -0.70883338 -0.591909604 0.488104961 -0.515520275 -0.704267274 -0.066823478 -0.00300077074 -0.997760301 -0.998126439 0.000670529688 0.0611813936 -0.99993208 -0.000404283929 -0.0116478185 0.00149570436 -0.00628720312 -0.999979117 -0.999973324 0.000410969379 0.0072926662 -0.999997995 -0.00100696199 0.00173095974 -0.999999101 -0.000727199536 -0.00112623779 -0.999973249 -0.00166468357 0.00712245049 -0.000141581968 -0.00119493459 -0.999999276 -0.000328253975 -0.00159673984 -0.999998671 -6.29916462e-06 -0.00154790609 -0.999998802 -0.000502048344 -0.00170402774 -0.999998422 -0.999949061 -0.00573593509 0.00830506893 -0.999969136 -0.00546407356 0.00564538014 -0.999938093 -0.00564850794 0.00958670544 -0.99980369 -0.00362307598 -0.0194795944 0.329006883 -0.921014564 -0.208534515 0.365247889 -0.930618057 0.0233240599 0.356260651 -0.875250912 -0.327130232 0.374683145 -0.799956257 0.468703028 0.312622996 -0.860646347 -0.401938712 0.31119809 -0.879948789 -0.35895108 0.275407144 -0.868196943 -0.412777148 0.310146263 -0.604687725 0.733595291 0.340314375 -0.651860213 0.677690481 0.149884532 -0.801417245 -0.579020749 0.187702755 -0.796673596 -0.574524897 0.0578419993 -0.778845871 -0.624542563 0.30180088 -0.337173109 0.891756987 0.0913599469 -0.604264082 -0.791529077 -0.0221374963 -0.781497087 -0.623516025 0.390117647 -0.313072852 -0.865906237 0.000841571788 -0.00125165379 -0.999998863 -6.0048517e-05 -0.000703567496 -0.999999751 0.999619699 0.000842897492 -0.0275634965 0.999986096 0.000366634248 -0.00526045584 0.99988646 0.00101388679 -0.0150346072 0.711209947 -0.700282116 -0.0615253508 0.711831045 -0.701577158 -0.0329553459 0.534324354 -0.845053535 -0.0195450209 0.465353489 -0.882815842 -0.0638930256 0.636814105 -0.768786194 0.0586138565 0.417116515 -0.904666471 0.0871343207 0.448345409 -0.887370535 -0.107517105 0.321956314 -0.943175283 -0.0822466874 0.266327337 -0.940786603 -0.209738686 0.359191307 -0.932823472 -0.0286700912 0.28760146 -0.674301865 0.680148803 0.365472797 -0.494763295 0.788440814 0.296601702 -0.616225785 0.729584274 0.162689805 -0.973867408 -0.158474915 0.141267773 -0.964667079 -0.222397939 0.212090397 -0.969863481 -0.119927024 0.264954016 -0.960703354 -0.0827552727 0.278982079 -0.695881307 0.661753886 0.373847261 -0.791801348 0.482999845 0.0521744231 -0.956728227 -0.286267234 0.150320979 -0.96224133 -0.226925598 0.279500889 -0.930225858 -0.237821586 0.0339622815 -0.910546011 -0.412010345 0.128984582 -0.898841535 -0.418863789 0.210406235 -0.944705689 -0.251516156 0.324503907 -0.647349743 0.689663342 0.290917868 -0.519148034 0.803649247 0.0543322268 -0.84405919 -0.53349048 0.166625438 -0.825211257 -0.539687266 0.184844507 -0.253809383 0.949427883 0.098931021 -0.575719422 -0.811640191 0.155288471 -0.461557106 -0.873413149 -0.010523812 -0.17853425 -0.983877417 -0.167877419 -0.323826705 -0.931103344 0.047700881 -0.237727229 -0.970159982 -0.0621759036 0.0865357063 -0.994306657 -0.246264515 -0.108358962 -0.963126224 -0.334298991 0.0511571627 -0.941077643 -0.155906553 0.0821561226 -0.984349287 -0.335628774 0.054876582 -0.940394538 0.248450242 0.152910416 -0.956499285 0.203304359 0.118614882 -0.971904238 -0.99981889 0.0155464155 -0.0109770875 -0.999615251 0.0163770689 -0.0223861737 -0.999498548 0.0132618692 -0.0287537023 -0.999997765 -0.00210044288 0.000243103377 0.00380235202 -0.00129951675 -0.999991927 0.0171443612 -0.00126647339 -0.999852223 -0.999947705 -0.00538837766 0.00869208163 0.993776304 0.0298968612 -0.107307199 0.939504634 -0.308764502 -0.148308882 0.997330439 -0.0213059721 -0.0698430461 0.413418099 -0.299926065 -0.859726602 0.179332693 -0.450020857 -0.874826276 0.209336787 -0.132874142 -0.968773746 0.436547578 -0.00498000065 -0.899667389 0.0558549741 -0.440705262 -0.895912436 -0.0548272535 -0.182612082 -0.981655133 -0.0641231414 -0.318899741 -0.945616824 -0.137503349 -0.0571265364 -0.988852561 -0.0436310625 -0.136932922 -0.98961897 -0.0900449286 0.026204241 -0.995592913 -0.354378131 0.0770311232 -0.931924002 -0.285897311 0.197401309 -0.937707551 -0.166652051 0.208742385 -0.963666805 -0.105307796 0.155029111 -0.982281143 -0.172129135 0.360271026 -0.916829509 -0.227907848 0.754382136 -0.615601824 -0.377499095 0.673700829 -0.635312227 -0.261003565 0.862330763 -0.433892607 -0.389174531 0.75145846 -0.532778911 -0.429840159 0.796115505 -0.425954856 -0.361934921 0.877761026 -0.313908737 -0.417997339 0.90303731 -0.0990042519 -0.338374825 0.924842836 0.173689971 -0.349987541 0.92385077 0.154946687 -0.205780571 0.845822374 0.492177679 -0.2839407 0.800339787 0.528047255 -0.999269467 0.0070328623 -0.0375642206 -0.99769471 0.00427699138 -0.0677271973 -0.999992007 0.000450507437 -0.00397284329 0.014011291 -0.011935362 -0.999830601 -0.999987139 0.000492923558 0.00504772843 0.000112944408 -0.000919007846 -0.999999571 0.000796978593 -0.00045181722 -0.99999958 -0.998024316 -0.00210426581 -0.0627935996 0.989409007 0.0449947893 -0.138004661 0.238650944 0.0608119886 -0.969199478 -0.0540963694 0.0197623687 -0.998340138 -0.244482403 0.0481024584 -0.968459864 -0.269580066 0.193521821 -0.943332334 -0.390431603 0.341493037 -0.854953606 -0.0706793482 0.386309285 0.919657309 0.114352132 -0.0725903858 0.990784652 -0.00570893137 0.293226763 0.956025875 -0.0994884701 0.588534901 0.802327062 -0.314058359 0.453981356 -0.833827485 -0.386319119 0.810965317 -0.43942325 -0.385110238 0.785434918 -0.484543181 -0.366458755 0.872290094 -0.32375604 -0.309785506 0.832016407 -0.460197391 -0.328845619 0.927291031 -0.178862803 -0.222399375 0.661596019 0.716120957 -0.125465876 0.523185221 0.842932701 -0.205922248 0.445861438 0.87109334 -0.0241767443 -7.36096692e-05 -0.999707697 -0.274605977 0.00157846506 -0.961555545 -0.993675377 0.00524320896 -0.112168416 -0.0513335492 -0.000455124931 -0.998681461 -0.000900304266 -0.0107947754 -0.999941329 -0.999999318 0.000189790344 -0.00115258096 -0.999985237 -0.000512319002 0.00540963775 -0.999999193 -0.00111240084 -0.000613019808 -0.998627473 -0.00301646026 0.0522883456 -8.32122663e-05 -0.00279288267 -0.999996096 -1.63010628e-05 -0.00190146118 -0.999998192 5.22167342e-05 -0.00143239214 -0.999998973 -0.999966058 -0.00440617548 0.00696191116 0.380311242 0.0501456409 -0.923498118 0.215850225 0.0362030028 -0.975755104 0.0373053356 0.0485114803 -0.998125718 -0.25217217 0.02574524 -0.967339847 -0.489284367 0.0869176691 -0.867782304 -0.610323227 0.0868805549 -0.78737369 -0.889393369 0.303946103 -0.341461861 -0.868908462 0.441661383 -0.22345762 -0.953907997 0.202471688 -0.221505639 -0.992093384 0.105628911 -0.0677735263 -0.800769618 0.59891745 -0.00811829052 -0.948623155 0.289229121 0.128298967 -0.379233176 0.919346894 -0.104802135 -0.325596665 0.902471803 0.28201322 -0.598440693 0.798265243 0.0681273671 -0.903103551 0.330283609 0.274438907 -0.140403951 0.66547285 0.733097958 -0.19252753 0.575448642 0.794853452 -0.206205177 0.359552675 0.910055657 -0.999568215 0.0173368102 -0.0237238084 -0.995852977 0.00375142104 -0.0908998111 -0.377389474 0.181641688 -0.908065792 -0.999174855 0.000671935582 -0.0406098283 -0.999985835 0.000461156203 -0.00530256763 -0.999999225 -0.000741000959 -0.00100092108 -0.999980432 -0.00191669873 0.0059549961 -6.20083713e-05 -0.00378028888 -0.999992853 -0.000847514939 -0.00319627365 -0.999994533 -0.000766479462 -0.00262898386 -0.99999625 0.000515671285 -0.000287233704 -0.999999826 7.2720049e-05 -0.00105519849 -0.999999441 0.0320615001 0.0115700854 -0.999418928 -0.474919087 0.019602952 -0.879811107 -0.617611806 0.0141220314 -0.786356296 -0.975515683 -0.000599141744 -0.219929065 -0.991563335 0.00779131265 0.129388745 -0.903923525 0.0386042056 0.425948327 0.999990618 -0.00261626149 0.00345227155 0.999995593 -0.00263945724 -0.00135896946 0.999927482 -0.0112638671 0.00426109942 -0.0367943606 -2.87389524e-05 -0.999322858 -0.0581450343 -0.000451674262 -0.998308044 -0.997535493 -0.0011689643 -0.0701539218 0.0497865304 -0.0161714296 -0.998628953 -0.997818128 0.000192938188 0.0660223099 -0.999984993 -0.000955617361 -0.00539457241 -0.00290993051 -0.00560039986 -0.999980084 0.000263463322 -0.000895934784 -0.999999564 -0.999934051 -0.00565094631 0.00999805572 -0.999946932 -0.00560650854 0.00864294752 -0.999960766 -0.00611677816 0.00640716405 -0.999982807 -0.00538543622 0.00231996729 -0.984571897 -0.00437042374 0.174925925 0.198264273 0.00307838551 -0.980143766 -0.273021715 0.0081476841 -0.961973367 -0.99734712 0.00733786248 -0.0724215325 -0.98915619 -0.0137866917 0.146218874 -0.999921616 0.00563960095 -0.0111783888 -0.999932047 0.00956101965 0.00666995094 -0.999838988 0.0119370881 -0.0133979388 -0.995766703 -0.00035194734 -0.0919159935 -0.985331333 0.00248620394 -0.170634059 -0.999999092 -0.00125723733 0.000485448585 -0.999998468 -0.000235717807 -0.00173457133 -3.84267255e-05 -0.000674266589 -0.999999772 -0.000197994428 -0.00110217812 -0.999999373 -0.999994967 -0.00306373961 -0.000823768668 -0.999958165 -0.0052088577 0.00751909321 -0.501728218 0.0211695569 -0.864766238 -0.610586975 0.0251666375 -0.791549232 -0.966177899 0.0235373285 -0.256800041 -0.973759432 0.0219155985 0.226522129 -0.86924958 0.0189947959 0.494008466 -0.999009462 0.010773741 -0.0431743078 -0.998992408 0.00609013976 -0.0444643633 -0.999877516 0.00174113189 -0.0155538286 0.00320384094 -0.00599191828 -0.999976916 -0.999987981 -5.8808215e-05 -0.0049025697 -0.999999775 -0.000542180204 -0.000395479558 -0.004355602 -0.00171815064 -0.999989038 -0.067918509 -0.000918547252 -0.997690449 -0.973908477 -0.00188784739 -0.226933284 -0.999963409 -0.00582179411 -0.00626797937 0.988170537 0.0183235841 -0.15226042 0.975050139 0.00195864507 -0.221976101 0.988794828 0.00243819077 -0.149260988 -0.998585565 0.0221100668 -0.0483530095 -0.999997586 -0.000379677578 -0.00216415962 0.0436770364 -0.00282702768 -0.999041703 -0.99993232 0.000622340555 -0.011617542 -0.99998619 0.000396949957 -0.00524053421 -0.000573617434 -0.0019920608 -0.999997851 -0.00115379852 -0.00105912041 -0.999998774 0.317493741 0.0014853023 -0.948259204 0.207587214 -0.00273476675 -0.978212691 0.036058969 -0.000117338982 -0.999349657 -0.340578153 0.00686978234 -0.940191112 -0.5498655 0.0155947832 -0.835107619 -0.999971817 0.00366534397 -0.00655218877 -0.999786701 0.00196661316 0.0205593105 -0.000836467781 -0.00100452584 -0.999999146 -0.000260377833 -0.00127990481 -0.999999147 -0.000180651066 -0.00124290645 -0.999999211 -1.06269406e-05 -0.000196627543 -0.999999981 -0.999954472 -0.00470536638 0.00830140118 -0.985087348 0.0106702661 0.171723797 -0.887122693 0.00550661461 0.461500817 -0.999794493 0.00232169181 -0.0201390532 -0.999973649 0.00207231217 -0.00695749969 -0.00486434719 -0.000581828452 -0.999988 -0.999998779 0.000170479289 -0.00155354483 -0.999929091 0.000270048053 0.0119054615 -0.999273271 -0.00027631957 0.0381163203 -0.000978615288 -0.00117498178 -0.999998831 -0.000146602789 -0.000793704184 -0.999999674 -0.999960704 -0.00375017037 0.00803290363 -0.999969913 -0.00264400666 0.00729257847 -0.999968722 -0.00355497118 0.00706525677 -0.994491896 0.0178558361 -0.103281354 -0.99920033 0.00130952103 -0.0399623152 -0.998946789 0.00312867294 -0.0457768926 -0.99552916 0.00397999425 -0.0943708151 -0.997590777 0.00500791039 0.0691922084 -0.999989817 -0.000494183942 0.00448571503 -7.41966987e-05 -0.000745774393 -0.999999719 0.00172043894 -0.000867029398 -0.999998144 -0.999947766 -0.00428777976 0.00927793438 0.197429654 0.00197288439 -0.980315072 -0.662633848 0.0186805382 -0.748710505 -0.969811985 0.0151514548 -0.243382719 -0.0175428729 0.00036311652 -0.999846046 -0.0284444248 0.0006652943 -0.999595154 -0.999997507 -0.000894446473 -0.00204612823 -0.999969521 -0.00189811543 -0.0075733066 0.00452367574 0.000986450955 -0.999989282 -0.99999564 -0.00114760847 0.00272069296 -0.999999285 -0.000932075724 0.000749225466 -0.000816211811 0.00015620856 -0.999999655 -0.000281368545 -0.00101321338 -0.999999447 0.000594840301 -0.000504753208 -0.999999696 0.000278674126 -0.000861200167 -0.99999959 -0.999994944 -0.00316886926 -0.000264499938 -0.999996132 -0.00276069947 0.000337917557 0.295192718 -0.00100828886 -0.9554372 -0.564104592 0.0127169109 -0.825605408 -0.0522501998 0.000439493686 -0.998633929 -0.0238090323 0.00032383176 -0.999716472 -0.999900137 0.000980818916 -0.014098028 -0.000500359293 -0.00103852645 -0.999999336 -0.00923433755 -0.000627006007 -0.999957166 -0.999975865 -0.00247493727 0.00649187705 -0.99997238 -0.00689718377 0.00276920027 -0.295482107 0.00658720004 -0.955325564 -0.994920164 0.00456505113 0.100563551 -0.90431571 0.00245346791 0.42685721 -0.999921858 0.00137032576 -0.0124257481 -0.999968423 0.000839257844 0.00790250739 -0.998965714 -0.00296623084 -0.0453729462 -0.00615376745 0.00143548378 -0.999980035 0.000520699972 -0.000740399755 -0.99999959 -8.99245045e-05 -0.00014086145 -0.999999986 0.000134409103 7.284879e-06 -0.999999991 -0.0641600652 -0.000412236303 -0.997939535 -0.967229634 -0.00286344733 -0.253887052 -0.99996969 -0.00213538987 0.00748726434 -0.00279448333 0.00661816273 -0.999974195 -0.995972268 0.0133710627 -0.0886592078 0.980222922 -0.190383396 -0.0540109798 0.962704205 -0.267460584 0.040809912 0.913995605 -0.402224584 -0.0531734703 0.943200078 -0.326219864 0.0628825368 -0.999896238 0.00167466212 -0.0143076119 -0.99997846 0.000961772332 -0.00649264615 -0.999977433 -0.000122647571 -0.00671706077 -0.999991874 -0.000452265811 0.00400596771 -0.999996288 6.89651206e-06 -0.00272460808 0.000843459436 -0.00165520805 -0.999998274 -0.614870503 0.0126665949 -0.788526361 -0.99265479 0.00634723183 -0.120814654 -0.989479579 0.0088331989 0.144402695 0.982217799 -0.14778575 -0.115791048 0.999898212 -0.00853740219 -0.0114314316 0.979437171 -0.183074747 0.0847730187 0.999181104 -0.0323736098 0.0242707818 -0.999063085 6.20623264e-05 -0.0432775706 -0.98148111 0.00136581896 -0.191554081 -0.999926721 0.00477252365 -0.0111254371 -0.999942495 -0.000351791669 -0.0107183225 -0.997606287 -0.00181630657 -0.0691259557 -0.999992904 -0.000538933601 0.00372836988 -0.00160024059 -0.00086334472 -0.999998347 -0.999944989 -0.00624345778 -0.00842838407 -0.983979226 -0.0061239652 0.178177947 -0.702780151 0.0113968658 -0.711315803 -0.967983942 0.00409666753 -0.250978696 -0.998059512 0.00346177796 -0.0621709524 0.98901789 -0.0168791455 -0.146828839 0.992841042 -0.0629164404 -0.101529238 0.976546891 -0.0573080341 -0.20753785 0.99993727 0.00660288468 -0.00904756863 0.960238057 -0.213735389 0.179610849 0.989870594 -0.0657570617 0.12582613 0.9752759 -0.114255726 0.189162757 -0.999982886 0.000935601018 -0.00577513371 -0.998276875 0.000855224486 -0.0586732422 0.0740508999 0.00146568106 -0.997253386 -0.99999521 0.00254443634 -0.00176214109 -0.999998084 -0.000606587594 0.0018610747 -0.99999735 0.00115211842 -0.00199319936 8.4963676e-05 0.000166757264 -0.999999982 0.000224389319 -0.000585673384 -0.999999803 0.000399362875 -0.00166139667 -0.99999854 -0.999983988 -0.00257594358 0.00503866271 -0.999968558 -0.00295401613 0.00735915952 -0.999963594 -0.00587958971 0.00618391083 -0.999979307 -0.00583182413 0.00271585208 -0.999866575 -0.00641210067 -0.0150238784 -0.308548141 0.0059336273 -0.951190221 0.974218129 0.00375019095 -0.225576976 0.999875818 0.00561903741 -0.0147232721 -0.999971085 0.000847428915 0.00755720883 -0.999967461 0.000397045412 -0.00805726734 -0.999999775 -0.000566395468 0.000360190266 -0.00447950671 0.000952525114 -0.999989513 -0.000831340029 -0.00116147328 -0.99999898 2.17278295e-05 -0.000856997832 -0.999999633 0.00886020289 -0.00135173407 -0.999959834 -0.999964238 -0.00451578284 0.00715051608 0.15240955 0.001452733 -0.988316356 0.0278721889 0.00598024705 -0.999593606 -0.988943966 0.00402429694 0.148235076 -0.908475852 0.00416377506 0.417916605 0.999878241 0.00940249316 -0.0124537666 -0.999829525 0.000106256611 -0.0184637119 -0.999754264 -0.00142391177 -0.0221220365 -0.999542719 -0.00149784623 0.0302011552 -0.999926933 -0.00182781219 -0.0119493423 -0.997457868 0.00334234602 0.071180273 0.0014023406 0.000370880588 -0.999998948 -0.000137557564 -0.0010384552 -0.999999451 -0.00109779476 -0.00117391679 -0.999998708 0.999915582 -0.00106534458 -0.0129496846 0.999957054 -0.000332203626 -0.00926171421 0.998719383 0.000455097689 -0.0505903753 -0.999973149 -0.00191056133 0.00707464299 -0.999975824 -0.0032302608 0.0061576035 -0.626937892 0.00337188851 -0.779061943 0.994539415 0.0213426231 -0.102155986 0.983676788 0.0697229064 -0.165887591 -0.996449018 -0.00366425828 0.0841185303 -0.0254061941 0.000322652806 -0.999677158 -0.995179007 0.000120702023 -0.0980751219 -0.999947881 -0.00164132766 -0.0100767274 -0.99999939 -0.000748002617 0.000812700798 -0.000496854635 -0.00141659081 -0.999998873 -0.000425103761 -0.000729736866 -0.999999643 0.000587261454 -0.00103358 -0.999999293 0.00079196857 -0.00128041948 -0.999998867 0.000240949145 -0.00148015604 -0.999998876 0.000754299533 -0.00152386563 -0.999998554 0.000711653784 -0.00198760697 -0.999997771 0.999068569 -0.00658981899 -0.0426446876 0.999781838 -0.00167830742 -0.0208196943 0.999693976 -0.0024265204 -0.0246184004 0.999994684 -0.00273615215 0.00177340896 0.999877573 -0.00878213987 0.0129503864 0.998050941 -0.00211696643 -0.0623685609 0.995525676 0.0699990633 -0.063472517 0.999633693 -0.0243064005 -0.0119028827 0.999743613 -0.0135715581 -0.0181251257 0.996452213 0.0451440749 -0.0710281654 -0.998980984 6.26805777e-05 -0.0451330167 0.0593586397 0.000545544286 -0.998236572 -0.99999672 -0.0010738589 0.00232523176 -0.999999431 -0.00097386232 0.00043497262 -0.999967476 -0.00209735845 0.00778765047 -0.994470667 -0.00263295746 -0.104981717 -0.989746236 0.00279807518 0.142809518 0.920278674 0.320113798 -0.224976261 -0.99901075 -0.00271406633 -0.0443864312 -0.999951659 0.00101328804 -0.00978018401 -0.99899494 0.00113982924 0.0448086052 -0.00119816039 -0.000382830985 0.999999209 -0.000977548278 -0.000639057973 0.999999318 -0.00115799675 -0.00154445499 0.999998137 -0.668721776 0.00079441421 -0.74351231 -0.968023952 -0.00724408784 -0.250753168 -0.90198152 0.00698963853 0.43171806 -0.9999999 -0.000430401754 0.000122201084 -0.99999968 0.00072747044 -0.000334274786 -0.999998863 -0.00104958073 -0.00108254509 -0.999437431 -0.00319595691 -0.0333857293 -0.999985438 -0.00469781796 0.00265614059 0.239490323 0.00250039613 -0.970895532 0.0115771222 0.000191681403 -0.999932965 -0.995233495 0.00404153048 -0.0974369388 -0.996150108 0.00682319364 0.087397979 -0.0502824747 -0.000164132171 -0.998735023 -0.034518234 -0.000476779356 -0.999403954 -0.99999763 -0.000207197067 -0.00216719766 -0.999897908 0.000339789545 -0.0142849128 -0.999962823 1.40695953e-05 -0.00862274327 -0.998332744 -0.00243471942 -0.0576697857 -0.9998865 -0.00201315029 -0.0149309975 -0.999966041 -0.00188061081 -0.00802376595 -0.00279784547 -0.00115494452 -0.999995419 0.000255252972 -0.000885898122 -0.999999575 0.000980207849 -0.00244340412 -0.999996534 0.000936490395 -0.00240708987 -0.999996664 0.998150242 -0.00430516965 -0.0606428889 -0.999984342 -0.00229924202 0.00510180475 -0.999978871 -0.0027109494 0.00590836478 -0.999985688 -0.00482502067 -0.00231154134 0.14294442 0.00390410843 -0.989723017 -0.397019709 -0.00696004088 -0.917783694 -0.635597794 -0.0162346755 -0.771849649 -0.684760871 -0.0107548168 -0.728688468 -0.969552702 -0.00612604356 -0.244806108 -0.999690674 -0.00630348777 -0.0240587467 -0.977074632 -0.0022300988 0.212885393 0.998801314 -0.0352515792 0.0339597022 0.99999079 -0.000467845377 -0.00426621722 0.999359986 -0.0355151963 -0.00427661301 -0.98330133 -0.000519227807 -0.181984136 -0.999884635 0.00130763413 -0.015132993 -0.999954141 -0.00358480203 -0.00888062528 -0.999991299 -0.00146316897 0.00390643584 -0.999998437 -0.00158249245 0.00078874511 0.000676153183 -0.00148843735 -0.999998664 -8.09157262e-05 -0.00166789259 -0.999998606 -0.000781860126 -0.00146109359 -0.999998627 -0.999965234 -0.00246383936 0.00796617816 -0.999969209 -0.00216978737 0.0075413782 -0.999972114 -0.00492880994 0.00561058582 -0.0840038131 0.00348056206 0.996459354 0.0122440011 -0.00233432628 0.999922315 -0.0502050892 -0.00405880085 0.998730682 0.999827308 -0.00162756668 -0.0185122956 0.999129919 -0.0351498192 -0.0224476204 0.999940471 0.00180818064 -0.0107603082 -0.999859626 0.00316360294 -0.0164535838 -0.99890112 -0.000683744946 0.046862395 -0.999929526 -0.00279343065 0.0115386589 -0.000225211713 -0.00171544851 -0.999998503 -0.000384271373 -0.00185058379 -0.999998214 0.000688067324 -0.00162238136 -0.999998447 0.160181174 0.00259061263 -0.987084232 -0.163778731 0.0167156615 0.98635547 -0.998318403 0.000461359431 -0.0579668347 -0.977613086 0.00447440553 0.2103631 -0.0241646879 -0.000344975363 -0.999707932 -0.99895426 -0.00393033728 -0.0455515013 -0.999962441 0.00187851662 0.00846092335 -0.997430699 0.00407409531 -0.071522047 0.00107056575 -0.00559533974 -0.999983773 0.000795002969 -0.00121639502 -0.999998944 0.000181819818 -0.00171876187 -0.999998506 -0.999982503 -0.00286521406 0.00517537656 -0.999981411 -0.0040090328 0.00459413969 0.998272153 -0.00663172674 -0.0583843198 -0.655571442 -0.0248991587 -0.754722543 -0.975880896 -0.00176543192 -0.218296494 -0.996371258 0.00198565639 0.085090388 0.0625223051 -0.00410267572 -0.998035134 -0.000100899159 -0.0016148333 -0.999998691 -0.000542931545 -0.00129756977 -0.999999011 -0.999968622 -0.00488427783 0.00623682863 -0.999970613 -0.00439338702 -0.00628269212 0.999144694 -0.0186526718 -0.0369047131 0.229760623 -0.000920223754 -0.973246736 -0.286254252 0.00128665016 -0.958152831 -0.579960052 -0.00976981963 -0.81458633 -0.269883261 0.0131113773 0.962803779 -0.999974111 -0.00265144488 0.00668938065 -0.999952086 0.00378013873 -0.00902974096 -0.998964882 0.00409329371 -0.0453035263 -0.999994766 -0.00323538769 1.32859802e-05 -0.999996003 -0.00268675269 0.000880898162 -0.0671787964 -0.00184534219 -0.997739247 -0.964576664 -0.00476636528 -0.263759626 -0.999935646 -0.00373031958 -0.0107139597 -0.999975953 -0.00462092501 0.00517108263 0.0344084324 -0.000473713125 -0.999407742 -0.635965968 0.00124197469 -0.771716104 -0.996446629 0.0176020536 -0.0823667615 -0.968320142 0.0426297467 -0.246046353 -0.988995017 0.0194010669 0.146671246 -0.987895068 -0.00388253254 -0.155075015 -0.999978287 0.00432279407 -0.00497391279 -0.00128487006 -0.00400324066 -0.999991162 -0.00130691674 -0.00417672302 -0.999990423 0.000212982566 -0.00172407263 -0.999998491 0.00149563326 -0.00202725147 -0.999996827 -0.00381833783 -0.000869876054 -0.999992332 0.152539128 -0.0149992647 -0.988183605 -0.567130557 0.0149581873 -0.823492067 -0.999598513 -0.00301352463 -0.0281732267 -0.999877304 -0.00723887221 -0.0138915737 -0.999995751 -0.00283965672 0.000659311046 -0.999967419 -0.00541837919 0.00598342531 -0.999916047 -0.00543612933 -0.0117620912 -0.974137895 -0.00454414778 0.225908639 -0.780584773 0.0704476769 -0.621067257 -0.92157907 0.0836054375 -0.379080662 -0.996413367 0.0521552227 -0.0666350927 -0.225880341 -0.00419697296 0.974146014 -0.503245061 0.069418725 0.861350944 -0.947839817 0.0577759849 0.313467091 -0.0520067664 -0.00043207396 -0.998646639 -0.024358211 -0.000615768732 -0.999703105 -0.187861012 -0.000931960249 -0.98219518 -0.992498367 -0.00260129576 -0.122230215 -0.999967177 -0.00292631444 -0.00755528918 -0.999439666 -0.00853947624 0.0323640328 -0.999959922 -0.00534525423 -0.00718205909 -0.999976937 -0.00499458934 0.00460204169 -0.99998995 -0.0031223719 0.0032172974 -0.999994439 -0.00332897239 0.000197634904 -0.999972926 -0.00481573064 0.00556373028 -0.999973828 -0.00532517052 0.00489745014 -0.325247042 -0.00360583743 -0.945622208 -0.591408603 0.0126685563 -0.806272517 -0.876625646 0.0566061334 -0.477831794 -0.968935378 0.0794726738 -0.234197197 -0.572743786 0.0253895545 0.819341154 -0.999200727 -0.00517040377 -0.0396380477 -0.997407301 -0.00575073088 -0.0717328748 -0.999943785 0.00398958478 -0.00982394298 -0.999925497 0.00375484035 -0.0116147008 -0.999987651 -0.00492769338 0.000644991609 -0.999974634 -0.00595958663 -0.00390049887 -0.00111593094 -0.00198440622 -0.999997408 -0.000481797912 -0.00194732227 -0.999997988 -0.000436353355 -0.0026539556 -0.999996383 0.000478438878 -0.0017286264 -0.999998391 0.00132659534 -0.00201990134 -0.99999708 -0.999988237 -0.002338069 0.00424954437 -0.999964087 -0.00303697731 0.00791208559 -0.99996596 -0.00200632272 0.00800332256 -0.999985577 -0.00536915741 -0.00013203336 0.996378617 -0.0314079184 -0.0790138837 0.99755835 -0.0565119015 -0.0410334503 0.245170562 -0.0316133266 -0.968964392 -0.00204066043 -0.0177409352 -0.999840535 -0.576838294 -0.0527581266 -0.815152846 -0.954105809 -0.0234637956 -0.298549083 -0.997074802 0.0142208671 -0.0750973121 -0.991175773 0.098948794 0.0882027336 -0.164303572 -0.0549539096 0.984877862 -0.845781413 0.0920888443 0.52552207 -0.769234046 0.0355815627 0.637975653 -0.887956077 0.0602317782 0.455967255 -0.0357457007 -0.000536665472 -0.999360774 -0.999870451 -0.00539786481 -0.0151639193 -0.999638669 -0.00273135815 -0.0267408154 -0.998654029 0.00403265484 -0.0517094595 -0.00252331893 -0.00779643295 -0.999966424 -0.9999053 -0.00863900968 -0.0107125415 -0.999981285 -0.00603905168 -0.000980035231 -0.99996611 -0.00648997491 0.0050654423 -0.998501538 -0.00798675992 0.0541376907 -0.000223718942 -0.00244936346 -0.999996975 -0.00130621848 -0.00270728922 -0.999995482 0.999255787 0.000437704974 -0.0385704505 0.999919093 0.000305910741 -0.0127166829 0.999372011 0.00205738553 -0.0353744296 0.994290089 -0.0601003176 -0.0881769323 0.996595803 -0.0573060771 -0.0592690414 -0.307311192 -0.0601897278 -0.949703653 -0.585951895 -0.12006222 -0.801402171 -0.962798784 -0.173063834 -0.207526891 -0.995301926 -0.0818201583 0.0517642592 -0.984798223 -0.167014669 0.0477342587 -0.9624331 -0.021242786 0.270686666 -0.821064671 -0.0879619224 0.564017293 -0.999980751 -0.00366356612 -0.00500763006 -0.999683735 0.00283709537 0.0249876181 -0.994914542 0.0020020065 0.100702765 -0.00399146551 -0.009321152 -0.999948591 -0.999993465 -0.00356431262 -0.000605182658 -0.999993132 -0.00370169876 0.000182134033 -0.000164502687 -0.00269992104 -0.999996342 0.0016045608 -0.000843500067 -0.999998357 -0.999985176 -0.00412911722 0.00354935223 0.131616851 -0.00674714602 -0.991277701 0.186314262 -0.0967511711 0.977714788 0.321820973 -0.169532237 0.931498836 0.145257399 -0.19539149 0.969908477 -0.140439553 -0.0398392524 -0.989287403 0.0512206594 -0.472647184 0.879761947 -0.0722499016 -0.408347474 0.909962797 -0.491949725 -0.177450327 -0.852347845 -0.734816396 -0.183242759 -0.653044375 -0.601627458 -0.311646501 -0.735473222 -0.95159709 -0.115035513 0.285008436 -0.960198006 -0.228663874 0.160413908 -0.883729326 -0.254317491 0.392867779 -0.77189975 -0.633413008 0.0543942734 -0.600550448 -0.747214737 0.28462132 -0.580974809 -0.812923041 0.0403038447 -0.46887859 -0.829700035 0.302903813 -0.0825119685 -0.550555718 0.830710646 -0.369061868 -0.737258504 0.565900375 -0.849330433 -0.488636216 0.199680904 -0.923964823 -0.380300249 -0.0407520082 -0.979580752 -0.0116311006 -0.200714394 -0.0049795179 -0.0218636375 -0.999748561 -0.99998888 -0.00447219012 0.00149664632 -0.000235500335 -0.0023956327 -0.999997103 0.999888803 -0.00456557647 -0.014196362 0.997578241 -0.00655546555 -0.0692436226 0.998254387 -0.00501512744 -0.0588474968 0.977829229 -0.0480731029 -0.20381113 0.997522548 -0.0235899194 -0.0662742864 0.23330318 -0.0232892131 -0.972125115 0.188220675 -0.0832070935 0.978595707 0.223361056 -0.0661940222 0.972485573 -0.0449693115 0.00820254834 -0.998954693 -0.421249125 -0.305070666 -0.854096636 -0.207075971 -0.12533428 -0.970263294 -0.449605116 -0.877153105 -0.168694013 -0.336857991 -0.939372557 -0.0640772435 -0.36682275 -0.921146255 -0.130117816 0.157885265 -0.374345433 0.913749276 0.274784275 0.0619499898 0.959508104 -0.123300126 -0.393073695 0.911202584 -0.0252396516 -0.417781105 0.908197064 -0.849690457 -0.521144014 0.0802187178 -0.918025296 -0.38967771 -0.0733541925 -0.422242091 -0.889119532 -0.176573142 -0.422806717 -0.858614312 -0.28985504 -0.370764935 -0.918755488 -0.135726625 -0.335775343 -0.938551378 -0.0798512985 -0.273769036 -0.920207733 0.27976462 -0.278676958 -0.938838138 0.202292126 -0.17110845 -0.780404459 0.601407332 -0.13867693 -0.833542874 0.534766292 -0.416470562 -0.856244789 -0.305609444 -0.421865111 -0.89170435 -0.163991404 -0.415009908 -0.884039747 0.215036049 -0.369619146 -0.786073615 0.495449249 -0.314008912 -0.163042081 -0.93531582 0.100483321 -0.0472693637 -0.993815229 -0.998069304 0.00442840616 -0.0619520328 0.00277660706 -0.00383806157 -0.99998878 -0.999959146 -0.00725086124 -0.00539726971 -0.99996882 -0.00494674032 0.00615535153 -0.00166755156 -0.00219345538 -0.999996204 -0.000138647242 -0.00170455534 -0.999998538 0.998152879 -0.00774132753 -0.0602569742 -0.0478697806 -0.000352321043 -0.998853523 -0.997814529 -0.00330052747 -0.0659944832 -0.966547738 -0.00401040403 -0.256455427 -0.999970464 -0.00508878621 0.00575987546 -0.999936171 -0.00426082563 -0.0104642073 0.992007826 -0.00823323933 -0.125907451 -0.0852646232 0.03468907 -0.995754293 -0.0803065112 -0.0202015815 -0.996565482 -0.280394669 -0.28535916 -0.916487305 -0.370862775 -0.376842437 -0.848793602 -0.284547097 -0.35989287 -0.888543793 -0.223515429 -0.280292718 -0.933529242 0.179853409 0.10768322 0.977781712 0.241996166 0.168907751 0.955462206 0.0729287313 -0.124160393 0.989578495 -0.0170279203 -0.323040061 0.94623209 -0.137301732 -0.0521363597 -0.989156223 -0.267367733 -0.277577453 -0.922748748 -0.498903019 -0.709423235 -0.497809654 -0.465755445 -0.575790469 -0.671965179 -0.385838648 -0.702102299 -0.598482163 -0.132061571 -0.386778907 0.912667419 -0.369544159 -0.75734111 -0.538397212 -0.459424029 -0.82258462 -0.335088205 -0.442008627 -0.886465986 -0.137136535 -0.447145937 -0.871506933 0.20133598 -0.358067734 -0.636710764 0.682925252 -0.310580855 -0.740189235 0.596371889 -0.566449607 -0.814562197 -0.124993078 -0.640622753 -0.752976437 0.150429302 -0.532289659 -0.739250548 0.412524358 -0.999953119 -0.00311937979 0.00916676933 -0.99886317 -0.00441130383 -0.0474648161 -0.999223616 -0.00297221407 -0.0392852563 -0.998446207 -0.00314434817 -0.0556352791 -0.303783499 -0.0154524856 -0.952615771 -0.0610359901 -0.00283219016 -0.998131548 -0.999898707 -0.00292620131 -0.013928845 -0.999989755 -0.00389896059 0.00229956617 -0.000519245533 -0.00102027003 -0.999999345 0.000119992478 -0.00119265121 -0.999999282 0.000324719578 -0.000613433665 -0.999999759 -0.999953621 -0.00184032403 0.009453545 0.993056354 -0.0523192598 -0.105364948 0.892256434 0.185402111 -0.411709258 0.148690188 0.152172608 -0.977105279 0.00324932869 0.183452092 -0.983023281 -0.0438460182 0.0960926804 -0.994406217 -0.0372545135 0.0705397529 -0.996813044 -0.0857751862 0.0372104215 -0.995619406 -0.13550432 -0.295696005 -0.945622785 -0.0786936015 -0.127975971 -0.988650326 -0.0850843038 -0.38944811 0.917110043 0.228205455 0.0845193017 0.969937502 0.085584798 -0.227910233 0.969913485 -0.200629855 -0.573320106 0.794387637 -0.361713955 -0.676496046 -0.641495218 -0.521775548 -0.687062455 -0.505663386 -0.728257221 -0.62132534 -0.289130146 -0.730068951 -0.673696624 -0.114595746 -0.153115561 -0.486478045 0.860171341 -0.246078655 -0.628042378 0.738246617 -0.563610297 -0.822980945 0.07103377 -0.258786066 -0.928519275 0.266236225 0.0022701574 -0.998720813 -0.0505132128 0.00478499443 -0.993175711 0.116529446 -0.999880534 -0.00348096832 -0.0150599109 -0.00409685167 -0.00518245093 -0.999978179 -0.999967384 -0.00437423083 0.00678941276 -0.999296397 -0.00210482443 0.0374470443 -0.999998092 -0.00195367635 -1.18651665e-05 -0.00446558124 -0.00513270158 -0.999976857 -0.00298743765 -0.00225260276 -0.999993 -0.999931375 -0.00326388176 0.0112513295 -0.999988892 -0.00244107187 0.00403204752 -0.999993913 -0.00284582335 0.0020186256 -0.999983886 -0.00346968952 0.00449327046 -0.999990042 -0.00433934507 0.00104181754 0.305342597 0.952103883 0.0162509487 0.0864817534 0.995349973 0.0424185983 0.173373501 0.978032611 0.11573176 0.0379198959 0.975054468 0.218702686 0.199742457 0.964505734 -0.172718381 0.268573959 0.868163769 -0.417324453 0.339163323 0.930351387 -0.13933606 0.368818844 0.908015822 -0.198695566 -0.0776108895 0.262636221 -0.961768561 0.0984315187 0.419005101 -0.902632794 0.393411219 0.855679184 -0.336215326 0.0613292309 0.176568404 -0.982375857 -0.194759371 -0.0664215451 -0.978599492 -0.33624721 0.0508313398 -0.940400972 -0.651577533 -0.653584183 -0.385064196 -0.585139381 0.162998365 -0.794382425 -0.612644041 -0.732318874 -0.297281594 0.0626594723 -0.942502277 -0.32827313 0.0388705274 -0.963569001 -0.264620224 -0.568634973 -0.784649796 -0.246939194 -0.149811666 -0.636849677 0.756292902 0.0116361005 -0.229887383 0.973147672 0.156280096 -0.383562686 0.910195692 0.992513648 -0.0724924805 0.0982929219 0.711368842 -0.517279237 0.47579046 0.998957659 -0.0448532737 -0.00847222952 -0.0237643728 -0.00081555435 -0.999717255 -0.0301107749 -0.00257811428 -0.999543243 -0.999956755 -0.00482933719 -0.00794768958 -0.999967323 -0.00414761382 0.00693899487 -0.999995255 -0.001421067 -0.00273337029 -0.999820001 -0.00162786105 0.0189027992 0.000820170127 -0.00105285049 -0.999999109 -0.000720439101 -0.00116025871 -0.999999067 0.212947994 0.420860498 -0.881776385 0.291734351 0.875880762 -0.384348745 0.460911189 0.846960357 -0.264988733 -0.352577351 0.305211175 -0.884610281 -0.0963434717 0.0945680634 -0.990845506 0.293313194 -0.052467123 -0.954575597 0.425332816 -0.17592561 -0.887773719 -0.0318811773 -0.00134923238 -0.999490755 -0.223289764 -0.00249579142 -0.974748918 -0.993984962 -0.00596132166 -0.109354281 -0.999940462 -0.00244086269 -0.0106355586 -0.999230897 -0.000854770546 -0.0392031146 -0.281944307 -0.000546247177 -0.959430617 -0.999980006 0.00221063332 -0.0059246044 0.00663910139 -0.000433399502 -0.999977867 -0.999994817 -0.0022590084 0.00229401994 -0.00284108064 -0.00117513133 -0.999995274 -0.00547145458 -0.00131903431 -0.999984162 -0.001375412 -0.00135363077 -0.999998138 -0.000124159113 -0.000597302756 -0.999999814 -0.000427632776 -0.00135672886 -0.999998988 0.00144945747 -0.00090807006 -0.999998537 -0.999966393 -0.0013570459 0.00808530044 -0.99997962 -0.00361570012 0.00526178715 -0.999978056 -0.00443629569 0.00492008797 0.456425687 0.875821645 -0.156882243 0.500420057 0.841282554 -0.204507776 0.515678247 0.846753339 -0.130708559 0.419706817 0.819592244 -0.390018899 0.576086453 0.755447369 -0.312127652 0.290101544 0.794284908 -0.533809497 0.54931498 0.432767476 -0.714818413 0.568822098 0.625278049 -0.534292788 0.783024342 0.44410152 -0.435484465 -0.999993233 -0.00209537914 -0.00302364208 -0.999982902 -0.000998066844 0.0057618483 -0.99999848 -0.00127530085 0.00118932783 -0.999999663 -0.000783450483 -0.00024368275 0.000605916912 0.000142816503 -0.999999806 0.00130568941 0.000949512529 -0.999998697 0.704314347 0.596345627 -0.385114521 0.760178225 0.594416417 -0.26229409 0.690844514 0.685942743 -0.228509106 -0.999920807 -0.000807209323 -0.0125589954 -0.999979 0.00189703128 0.00619688954 -0.997968889 0.00848183949 -0.0631360084 -0.999999507 0.00085454663 0.000506185884 -0.00108570757 -0.000792653997 -0.999999096 0.00111637279 0.000297776815 -0.999999333 0.869466953 0.466092785 -0.163660421 0.93979562 0.336697669 -0.0584711181 0.995257777 0.0801413818 -0.055129995 0.998663583 0.0486847965 0.0173446975 -0.0425651087 -0.00109228873 -0.999093098 -0.999167844 0.000213425759 -0.040786943 -0.999892345 0.00218817973 -0.014508973 -0.999986023 0.00351415931 -0.00395032033 -0.00118476533 -8.69410679e-05 -0.999999294 -0.999997769 -0.00210504749 0.000176427479 -0.999983832 3.44858369e-05 0.00568633212 -0.999999926 -0.000225410608 0.00031153612 -0.00545661943 -0.000179488748 -0.999985096 -0.00382989686 -0.000478894475 -0.999992551 0.000484326804 -0.000454447619 -0.999999779 -0.00062911849 -0.00060238692 -0.999999621 -0.000306225795 -0.000107902001 -0.999999947 -0.000596709085 0.000342154419 -0.999999763 0.00110870471 0.000552136444 -0.999999233 0.000694841503 0.000414386467 -0.999999673 -0.00164885816 0.000416553713 -0.999998554 0.999838425 0.00120374004 -0.0179353126 -0.999994813 -0.00230211165 0.00225281311 -0.0974611624 0.000759646909 -0.995239039 -0.99997 -0.000512843232 0.00772886445 -0.999873482 -0.00265351825 -0.0156837039 -0.999934984 7.682283e-05 -0.0114027323 -0.999975527 0.000216762598 -0.00699275504 0.999077555 -0.00378706196 -0.0427749588 0.998986455 -0.000455855453 -0.0450095061 -0.00125991451 -0.000124311733 -0.999999199 -0.0500225825 -0.000425313496 -0.998747996 -0.973803505 -0.00127799864 -0.227387556 -0.999955815 -0.00159499755 0.0092641316 -0.999985211 -0.00248056799 0.00483985255 -0.999992208 -0.00336525239 -0.00206369198 -0.981394047 -0.0033533377 0.191975204 0.999969871 0.0012032031 -0.00766872079 0.999988107 -0.00117700261 -0.00473296454 0.999958801 -0.00606392661 0.00675463049 -0.999990733 -0.000746557384 -0.00423992213 -0.999980756 0.00157701377 -0.00600004027 -0.999968159 0.0019053296 -0.00774920413 -0.999060321 -0.0012309541 0.0433238991 -0.999999538 -0.000288090788 0.000916814759 -0.999968207 -0.000418690115 0.00796300196 -0.00239555421 -0.00134163597 -0.999996231 -0.000508040327 -0.000690429242 -0.999999633 -0.999348377 -0.000545242391 -0.0360905005 -0.999948337 -0.0013828218 0.0100703051 -0.999942372 -0.00112474852 0.010676481 -0.0202380461 -0.00352258134 -0.999788984 -0.999934598 -0.000615825994 0.011420202 -0.999200079 -0.000468231401 -0.0399872724 -0.999990258 -0.00102586291 -0.00429324147 0.00152370965 0.000822220566 -0.999998501 -0.999986774 -0.00334934231 0.00390293962 -0.406833853 -0.00467053007 -0.913490231 -0.996936928 -0.00244541065 -0.0781714924 -0.999976317 -0.00133160867 0.00675218766 -0.999984495 -0.000638460902 0.0055319922 -0.999999901 -0.000195487258 0.000400101082 -0.00052477079 -0.000516434013 -0.999999729 0.00114512615 0.00108627206 -0.999998754 -0.999902398 0.000590676989 -0.0139587316 -0.998818954 -0.000269974154 -0.0485862519 -0.299915509 -0.0010057135 -0.953965238 -0.999961571 0.000784722091 -0.00873159802 -0.00545140483 -0.00196123517 -0.999983218 -0.00369081913 -0.00183732541 -0.999991501 -0.00131042715 -0.000941282744 -0.999998698 -0.000644049649 -0.000618826754 -0.999999601 -0.000584625862 -0.000124519824 -0.999999821 -7.48260803e-05 -0.00067428944 -0.99999977 0.000975312737 0.000647250872 -0.999999315 -0.00120565985 0.00110672043 0.999998661 -0.0018567652 0.00171755041 0.999996801 -0.000553794554 0.00146487856 0.999998774 0.999597816 0.00105378029 -0.0283389288 -0.999992492 -0.00163073682 0.00351506119 -0.999997427 -0.00147563077 0.00172277751 -0.999987835 -0.00157608668 0.0046739705 -0.999979821 0.0023368144 0.00590739552 -0.989173659 0.0161075954 0.145863012 -0.992272003 0.0017553912 0.124069299 -0.999993566 -0.00114620265 0.00339907359 -0.999999869 -0.000463600419 -0.00021908595 -0.999441117 0.000518374506 -0.033424321 -0.00136007818 -0.00248217474 -0.999995994 0.000392807925 -0.0017375681 -0.999998413 0.000471434472 -0.00146045891 -0.999998822 -0.00088270189 -0.00180283038 -0.999997985 0.00158780594 0.000462118938 -0.999998633 -0.999988985 -0.00291466136 0.00367885421 -0.999926492 -0.0044694345 -0.0112709918 -0.019395318 -0.00315816853 -0.999806905 -0.999948801 -0.00319664224 -0.00960088438 -0.99999994 -0.00034335769 4.28216055e-05 -0.00440535064 -0.0030770578 -0.999985562 0.00292751443 -0.00348022936 -0.999989659 -0.0054967238 -0.00293550437 -0.999980584 -0.000242175614 -0.00148601606 -0.999998867 0.00118911419 6.92573914e-05 -0.999999291 -0.999995561 -0.00152933795 0.00255703753 -0.0212950461 -0.00438325505 -0.999763626 -0.999095329 -0.000666783679 -0.0425215222 -0.0563390792 -0.000283223448 -0.998411653 -0.995172316 0.00161862106 0.0981297174 0.00670756583 -0.000406204989 -0.999977422 -0.999992518 -0.00194365097 0.00334452778 -0.000824599256 -0.00103396314 -0.999999125 -0.000470731648 -0.0011837466 -0.999999189 0.999189626 0.00107735454 -0.0402359482 0.999827773 0.00176322661 -0.0184747189 0.998745542 0.00259363558 -0.0500061454 0.999189812 0.00200706825 -0.0401956562 -0.999997429 -0.000160155362 -0.0022618301 -0.999990368 -0.00398937892 -0.00183010355 -0.999974067 -0.0036369434 0.0062159182 -0.999961818 -0.00291893056 0.00823663924 -0.99999929 -0.00108402182 0.000495016135 0.000108866892 -0.00176159703 -0.999998442 -0.000920452542 -0.00213905212 -0.999997289 -0.000510660053 -5.13150084e-05 -0.999999868 -0.999941148 -0.00144300008 0.0107526168 -0.999991634 -0.00165181011 0.00374208827 -0.999988602 -0.00113702834 0.00463714685 -0.999989075 -0.00228734749 0.00407655137 -0.999992299 -0.00388027938 0.000587141869 -0.0126185537 -0.00738584431 -0.999893105 -0.999844612 0.000906517112 0.0176048497 -0.999992497 0.00108721591 -0.00371799333 -0.999522124 -0.0068206443 0.0301496531 -0.999947755 -0.00711075485 -0.0073433496 -0.999955345 -0.00666296215 -0.00670166644 -0.999989786 -0.0033421947 -0.00304266519 -0.000773063074 -0.00105978043 -0.99999914 0.000343845378 -0.00068873103 -0.999999704 0.999688665 0.00453972445 -0.0245349451 -0.999944446 -0.00135445128 0.0104532566 -0.999980559 -0.00155425077 0.00603871163 -0.999923367 -0.00474322547 0.0114351372 -0.977270008 -0.00614706582 0.211909287 -0.0205651486 -0.00501485185 -0.999775938 -0.999944044 -0.00156992717 0.0104616058 -0.999973067 -0.00399466121 -0.00615698332 0.00130382085 -0.000990327783 -0.99999866 0.999277598 0.00238729836 -0.0379286543 0.00177841934 -0.00467619377 -0.999987485 -0.0110843395 -0.000627051435 -0.99993837 -0.99994335 -0.0012942103 0.0105651594 -0.999950212 0.000275068278 -0.00997484836 0.0152531666 -0.00438818774 -0.999874034 -0.999798362 -0.00996142132 -0.0174357483 -0.99996507 -0.00363892526 0.00752440537 -0.999993161 -0.00361807142 0.000766471032 -0.00104045751 -0.00146565723 -0.999998385 -0.999978827 -0.00299715521 0.0057761063 -0.999371544 -0.000600378748 -0.0354423032 -0.999321577 0.000775889137 -0.0368209627 -0.99997242 -0.00729611155 0.00138791605 -0.999989583 -0.00435216909 0.00137560806 -0.00517557982 -0.00567805533 -0.999970486 -0.00104252149 -0.00108198405 -0.999998871 0.0013592409 -0.000882461608 -0.999998687 0.998786363 0.00415319879 -0.0490770083 -0.999986198 -0.00458587218 0.00256393698 -0.999981122 -0.00500921858 0.00355862666 -0.996700588 0.00218045117 0.0811368212 -0.00159571727 0.000448911554 0.999998626 -0.00250254498 0.00128315877 0.999996045 -0.00118019905 -0.00100065769 0.999998803 -0.999978449 -0.00577351019 0.0031253872 -0.026335899 -0.00460031082 -0.999642565 -0.999941888 -0.0105334202 -0.00229534761 -0.114520817 -0.00712172597 -0.993395321 -0.302662228 -0.0118238912 -0.953024539 -0.99655355 0.00144105605 0.0829394082 -0.99997754 0.00381838036 -0.00550817158 -0.999980585 0.00446600633 0.00434562611 -0.999955603 -0.00766520694 0.00548062102 -0.000282793294 -0.00213669375 -0.999997677 0.998879229 0.0104258366 -0.0461691217 -0.0563867205 -0.00209912694 -0.998406797 -0.999415204 -0.00474166591 -0.033863953 -0.982436048 -0.00780892849 -0.186436135 -0.99994558 -0.00346561975 0.00984003324 -0.999991201 -0.00332046686 0.00256381079 -0.999984072 -0.00405725569 0.0039235688 -0.999909235 -0.00598422064 -0.0120710738 -0.999223293 -0.000714017423 -0.0393992618 -0.999979633 0.00145616781 -0.00621401792 -0.99986955 -0.0132107789 -0.00929290619 -0.999938397 -0.00773815279 0.00795757204 -0.999900904 -0.0140692672 0.000488070303 -6.46886059e-05 -0.00457991246 -0.99998951 -0.00213926455 -0.0053126001 -0.9999836 -0.000518896628 -0.00234711023 -0.999997111 -0.000296026527 -0.00230350694 -0.999997303 0.000427835182 -0.00374722804 -0.999992888 3.8286615e-06 -0.00335030637 -0.999994388 0.99986929 0.0141622815 0.00779956797 -0.999979245 -0.00590630016 -0.00257395243 -0.724729823 -0.0102415124 -0.688957034 -0.999817831 -0.0115997749 -0.015157485 -0.999763324 -0.00997301096 -0.0193347974 0.00668197542 -0.0117964518 -0.999908093 2.37298143e-06 -0.00655998414 -0.999978483 -0.999824168 -0.015492904 -0.0105642202 -0.999924819 -0.0120121084 -0.00246285307 -0.999938791 -0.0109976596 0.00121031492 -0.999919065 -0.012720036 0.000253258843 -0.999832608 -0.0182943153 0.000272776007 -0.999324662 -0.0156519024 0.0332451271 -0.00677105914 -0.00726489242 -0.999950686 -0.00239159635 -0.00568715787 -0.999980968 -0.000731686582 -0.00800556289 -0.999967687 -0.999965035 -0.00739963339 0.00389552294 -0.999952278 -0.00670379572 0.0071063789 -0.999788488 -0.0199295878 -0.00507839605 -0.999792055 -0.0199449372 0.00424809462 -0.999604815 -0.0281106977 4.13106735e-05 -0.0028519772 -0.00934261056 -0.99995229 -0.00133254851 -0.00472441092 -0.999987952 -0.000246395251 -0.00712543 -0.999974583 0.000960776343 -0.00558587611 -0.999983937 0.999160218 0.0232716399 -0.033723717 -0.999954952 -0.0063141202 0.00708698846 -0.999985157 -0.00441358367 0.00319456565 -0.999974773 -0.00693273214 0.00154634632 -0.998544909 -0.0116480326 0.0526534646 -0.00838688046 -0.00957994354 -0.999918939 -0.999674105 -0.0112087942 -0.0229357251 -0.0646215331 -0.0409534374 -0.997069142 -0.00460205935 -0.0137261324 -0.999895202 -0.999894943 -0.0144181932 0.00148981096 -0.999807135 -0.0184448289 0.0067440063 -0.999508745 -0.0313371993 0.000497940389 -0.00312617748 -0.0164092752 -0.999860472 -7.08039624e-05 -0.0106355067 -0.999943439 -0.00204790219 -0.0145856277 -0.999891527 -0.000451670354 -0.00803117197 -0.999967648 0.000207909353 -0.00844233355 -0.999964341 -8.27163878e-05 -0.00982433906 -0.999951737 0.999783515 0.0119431256 -0.0170377261 -0.0141964296 -0.00614677836 -0.999880332 -0.999949378 -6.27040906e-05 0.0100617008 -0.997117784 -0.054270064 0.0530177839 -0.985988056 -0.101982638 0.132011719 -0.999327608 -0.0366625952 0.000430965857 -0.000243431065 -0.0130603017 -0.999914681 0.000441510075 -0.0115990412 -0.999932631 0.99779803 -0.0524212169 -0.0406338298 -0.999958815 -0.00855843734 0.00302010515 -0.999956386 -0.00853781427 0.0037857598 -0.999961413 -0.00857251567 0.00191937536 -0.890862237 -0.0127561251 -0.454094434 -0.999804053 -0.00163016702 -0.0197280997 -0.999516113 0.00402335518 -0.0308440074 0.000797719134 -0.0276016648 -0.999618683 -0.985761152 -0.141101844 0.0914615788 -0.997752768 -0.0669301512 0.00312557181 -0.997388688 -0.0714722516 -0.0103692855 -0.998102262 -0.0613879765 -0.0048365028 -0.723174521 -0.681619427 -0.111416199 -0.221736192 -0.961032626 -0.165073781 -0.330676907 -0.943385427 -0.0260138441 -0.0213660215 -0.99937874 -0.0280290359 -0.052494455 -0.99861343 -0.00394339921 -0.99939905 -0.0345367884 0.00295798859 -0.334618368 -0.942353289 0.000909195501 -0.0744795207 -0.997219641 0.00240591621 -0.997624735 -0.0688412201 0.00240316843 -0.339467855 -0.940615986 0.00177246783 -0.0313181416 -0.999508785 0.00116762212 -0.997057031 -0.0766623456 0.00040270728 -0.345103721 -0.938529911 0.00806396861 -0.0386651949 -0.999249371 0.00238685108 -0.997142869 -0.075538152 0.000295426976 -0.0203285272 -0.999572848 -0.0209969811 -0.360516291 -0.932664463 -0.0128453802 -0.145133168 -0.989363974 -0.00976167796 -0.998123997 -0.0612212742 0.000665135049 -0.365756295 -0.930627469 0.0124437121 -0.123120384 -0.992357668 0.0082237541 -0.998285383 -0.0564179631 0.0155983084 -0.383759125 -0.921859828 0.0538831271 -0.0980413027 -0.99472795 0.0300700638 -0.301328362 -0.949750681 0.0847045567 0.0169848659 -0.993781138 0.110048012 0.00866006889 -0.999962453 0.000308006342 0.0138791978 -0.999903403 -0.000743707074 0.0380540696 -0.999019378 0.0226311858 0.00379756748 -0.999923518 -0.0117701229 0.0019581433 -0.999998083 -1.54318697e-05 0.00456092305 -0.99998957 -0.000242317373 0.0227895649 -0.999734049 -0.00353080189 0.0172124543 -0.999440562 0.0286756759 0.0102917237 -0.99991194 -0.00837805459 0.0244853683 -0.994083626 0.1058216 0.00340522935 -0.999992431 0.00188201889 0.00213120587 -0.999997596 -0.00051578699 0.00656842859 -0.999977309 -0.00149550393 0.00854940443 -0.999962493 -0.00138558005 0.0051403887 -0.999969412 -0.0058949726 0.00473914934 -0.999984444 -0.00294158679 0.00417815734 -0.999980366 -0.00467024462 0.00434297692 -0.999855988 -0.0164055518 0.00280911006 -0.999994579 0.00171771442 0.00288106097 -0.999993763 -0.00204314083 -0.00130922867 -0.995881097 0.0906593983 0.000297868121 -0.999997643 0.00215055437 -0.000160793316 -0.999990237 -0.00441587814 0.000381844125 -0.999854575 0.0170494368 0.00126748112 -0.999983588 -0.0055872518 1.58349608e-05 -0.999994066 0.00344494704 -0.000258620072 -0.999996547 -0.00261508853 -6.58866853e-05 -0.993221939 0.116233281 0.000193712768 -0.999995448 -0.00301100613 0.000605856727 -0.999999813 -8.48978057e-05 -0.00031508881 -0.999998606 -0.0016396358 0.000548554286 -0.999938744 -0.0110547024 -0.000593080213 -0.999993644 -0.00351568411 -0.000165322797 -0.999996574 -0.00261248509 0.00047955668 -0.999953975 -0.00958220431 0.000407092585 -0.999992034 0.00397060723 -0.000118392595 -0.999981431 -0.00609298585 -0.000174071115 -0.999992032 -0.00398808106 -2.46103217e-06 -0.99999996 0.000282617276 0.000766556416 -0.999395727 0.0347504323 0.00123919765 -0.994615949 0.10362229 0.00730401002 -0.0658324716 0.997803957 0.00267750581 -0.033695105 0.999428572 0.000176433924 -0.0437728612 0.999041493 0.000617490803 -0.228157965 0.973623932 0.00107240274 -0.999982058 -0.00589353088 0.00157617494 -0.999991636 0.00377396519 0.000888280041 -0.999997377 -0.002111211 0.000986666054 -0.999996013 0.00264576589 0.00148360793 -0.999990689 0.00405219721 0.000773339092 -0.999996263 -0.00262223356 0.000418962351 -0.999994057 -0.00342203819 -0.0011907838 -0.0190139887 -0.999818509 0.000806166098 -0.999999459 0.000656828125 0.000462799359 -0.999956868 -0.0092762478 0.000168771098 -0.999991983 -0.00400077604 0.000750996133 -0.999995952 -0.00274458784 0.000560939825 -0.999997917 -0.00196232062 0.00098576388 -0.999997773 -0.00186602152 -0.000352162758 -0.999999112 -0.00128515359 -0.000228812547 -0.999993498 0.00359870246 -0.000866255857 -0.0433069343 0.999061439 -0.00149706873 -0.999973267 -0.00715716436 -0.000940884761 -0.9999964 -0.00251278563 -0.000463177913 -0.995307 0.096766527 -0.000411721433 -0.263838388 0.964566812 -0.00136326508 -0.999996882 -0.00209244004 -0.00297893601 -0.99979857 0.0198480375 -0.00103806838 -0.999959118 -0.00898243974 -0.00117342715 -0.999976125 -0.00680980407 -0.0016477172 -0.999992696 0.00344868585 -0.00151436802 -0.999998434 0.000916127717 -0.00204020406 -0.999992693 -0.00323287521 -0.00164523506 -0.999997368 0.00159891336 -0.00223689257 -0.999990528 0.00373366375 -0.00221862845 -0.999996194 -0.00164024345 -0.00282432988 -0.999988053 -0.00398953711 -0.00227570365 -0.999996055 -0.00164673117 -0.00241680222 -0.99999669 -0.000882637978 -0.00365462401 -0.999989877 -0.00262489469 -0.0016783972 -0.999997839 0.00122653405 -0.00355768228 -0.999993364 -0.000783865183 -0.00283082202 -0.999985297 -0.00462514449 -0.00220838951 -0.999991827 -0.00338648943 -0.00201793781 -0.999457247 0.0328806827 -0.0050954676 -0.994173912 0.107667397 -0.00212970084 -0.16625299 0.986080832 -0.00263000492 -0.99999462 -0.00196032002 -0.001302108 -0.999993126 0.00347158642 -0.000395914996 -0.999982322 -0.0059327864 -0.00147279199 -0.999998648 -0.0007317535 -0.0018498599 -0.999996181 -0.00205325848 -0.00137559146 -0.999952407 -0.00965873812 -6.25000472e-05 -0.999998655 0.00163873833 -0.00121056784 -0.999989717 -0.00437036514 -0.0012640426 -0.999995663 -0.00266001465 -0.000275226014 -0.999995015 0.00314552191 -0.00131170705 -0.0424251335 0.999098788 -0.000524133377 -0.999998024 -0.00191742769 -0.00119420926 -0.999998942 -0.000830315654 -0.000105232249 -0.999999647 0.000833763204 -0.000691717788 -0.999999734 -0.00023287841 -0.00128827375 -0.992006071 0.126183575 -0.000407536835 -0.116081906 0.993239561 0.000401023107 -0.999995625 0.00293073132 -0.000847235859 -0.999979352 -0.00637005303 0.000411444965 -0.999999898 0.000183999483 -6.13387818e-07 -0.999999943 0.000338632238 0.000677780911 -0.999999641 0.000508260818 -0.000454833151 -0.99929908 0.037431837 -0.000841380442 -0.999996659 -0.00244438082 0.000538984217 -0.999952381 -0.00974394005 0.000297983956 -0.999984601 -0.00554148201 -0.000240304972 -0.999995765 0.00290051667 -0.000594416698 -0.999999402 0.00091775624 -0.00079942401 -0.999995716 -0.00281590808 0.000766274504 -0.991148693 0.132754212 0.000269853363 -0.128628043 0.991692873 5.8128251e-05 -0.999999819 0.000598957897 0.000247178959 -0.0369557676 0.999316872 -0.000244783383 -0.999991948 0.0040056099 9.9101402e-05 -0.999970669 -0.00765846424 -0.000258808886 -0.999994116 0.00342057483 -6.49364017e-05 -0.999999993 9.82808629e-05 -0.000494131603 -0.99999922 -0.00114666579 -0.00038553697 -0.999999806 0.000490081893 9.98358981e-05 -0.999999834 -0.000567422006 0.000172785948 -0.999993136 -0.00370103316 -0.000204119295 -0.999996361 0.00269001628 0.000390644954 -0.999994429 -0.00331509276 -7.9287436e-05 -0.999995837 -0.00288431804 0.000486099035 -0.999997108 -0.00235519186 0.000526861249 -0.999366964 0.0355723612 -0.000228941824 -0.0732178456 0.997315945 -0.000578429135 -0.0131950079 -0.999912775 -0.000222069332 -0.999970457 -0.00768350807 -2.90022663e-05 -0.999993367 0.00364225629 -3.01109834e-05 -0.999999498 0.00100128814 0.000906289538 -0.999995704 -0.00278753469 0.000928945236 -0.995981039 0.0895595165 0.000323083345 -0.999999851 -0.000439217934 0.000337379018 -0.99996882 -0.00788956081 0.00102422189 -0.999996126 -0.00258812783 0.000410500696 -0.999990772 -0.00427643495 0.000567008631 -0.999996809 0.0024616125 0.000575435912 -0.999999778 -0.000336300941 0.00107250552 -0.999997419 -0.00200299818 0.000900588504 -0.999998369 0.00156570645 0.00110932218 -0.999999134 -0.000708691348 0.00133137412 -0.999998957 -0.000560351421 0.00126077171 -0.993755203 0.111575118 0.00106318379 -0.999673515 0.0255290776 -1.58317839e-05 -0.0122149722 -0.999925394 0.0015832879 -0.999993767 0.00315596946 0.00146522951 -0.999976129 -0.00675233406 0.00157454273 -0.999996282 0.00222626036 0.00174441761 -0.999997163 0.00162233407 0.000962196926 -0.999996772 -0.0023515646 0.00110715669 -0.999993622 -0.00339572917 0.00212171224 -0.999971425 -0.00725580368 0.00148846908 -0.9999972 -0.00183945297 0.00112769378 -0.999999364 -3.2454399e-05 0.00103799746 -0.999995063 -0.0029658545 0.0016211287 -0.99999412 0.00302173982 0.00135694547 -0.999989231 -0.00443803105 0.000239988429 -0.999999888 -0.000407711988 0.000277183067 -0.999997475 -0.00222989362 0.000870554471 -0.999958185 -0.00910329207 0.000998290956 -0.999780222 0.0209406791 0.000409033113 -0.999998511 0.00167659037 0.000442463931 -0.999999656 -0.000700917673 0.00208860052 -0.995206716 0.0977713132 -0.000186082421 -0.999999911 0.000377414758 0.000379130013 -0.999991808 -0.00402992212 0.000567200944 -0.999994576 0.00324455977 0.000650569477 -0.999997064 0.00233404368 -0.00190703139 -0.999982059 -0.00567846776 0.000238523786 -0.999998525 -0.00170082364 -0.00199147757 -0.99991246 -0.0130807571 -0.00134428479 -0.999997103 0.00199666775 -0.000703818486 -0.999999727 -0.000224379543 -0.00135854821 -0.999990572 -0.0041242693 -0.00180533115 -0.999991902 0.00359688889 0.00038685695 -0.999998465 -0.00170867425 -0.00202659017 -0.995612974 0.0935451751 0.00308370135 -0.093363267 0.995627335 0.0068223816 -0.0684844866 0.997628854 0.00207227679 -0.327300648 0.944917981 -0.00111344597 -0.999998952 0.000924930754 -0.0017385026 -0.999995969 0.00224471239 -0.000888596111 -0.999992622 -0.00373720039 -0.00297351056 -0.999989234 -0.00356223114 -0.00155672027 -0.999997755 -0.00143734895 -0.00429475324 -0.999984123 0.00364821573 -0.00615426918 -0.999978847 0.00210499028 -0.00443715835 -0.999788969 0.020058151 -0.00616713029 -0.999973548 -0.00385602888 -0.0106404613 -0.999932794 0.00460312023 -0.00575872965 -0.999983372 -0.000304625442 -0.00758380887 -0.999970269 -0.00139562468 0.0182999199 -0.994811082 0.100080089 0.0183815498 -0.409028224 0.912336577 -0.0111486385 -0.999936545 0.00161667296 -0.0109759623 -0.999939709 0.000327483746 -0.00913894594 -0.999958191 -0.000310348746 -0.015220503 -0.999884084 0.000392301759 -0.0240222404 -0.999709303 -0.00205952991 -0.0131873215 -0.999906236 -0.00368959107 0.0238155697 -0.999660267 -0.0105909962 0.0151957862 -0.0409647384 0.999045033 -0.028829639 -0.999584191 -0.000544954435 0.0454669343 -0.998896623 0.011759872 0.102973449 -0.994567858 -0.0152067479 0.349718736 -0.936815333 -0.00859288672 0.361552834 -0.931088558 -0.0485143822 0.33134528 -0.943491422 -0.00585176385 0.214378021 -0.277939016 0.936371704 0.0966924552 -0.0218717662 0.995073965 -0.999832033 -0.014830878 0.0107680064 -0.0256523011 -0.00677222773 -0.999647986 -0.999896352 -0.0138428755 -0.00395734677 -0.999944252 -0.0103222591 -0.00222326665 -0.998252585 0.00152190497 -0.0590716524 -0.204900597 -0.0445963499 -0.977766287 -0.999984027 0.00546505252 0.00144202586 -0.999922044 0.00522380262 -0.0113409449 -0.00640015942 -0.0315019884 -0.999483198 -0.968698039 -0.248230603 0.00238251796 0.0624033155 -0.989540755 -0.13005737 0.0484947281 -0.996008801 -0.0749314985 0.0527587776 -0.992749925 -0.108000453 -0.976501946 -0.212364059 -0.036680456 -0.975251671 -0.221096798 -0.000619976437 -0.964046045 -0.265713526 -0.00339772537 0.0366569831 -0.993484321 -0.107912787 0.0330743053 -0.997516964 -0.0621771403 0.0343316469 -0.998348226 -0.0460668846 0.0143507667 -0.99946344 -0.0294429468 -0.00423925465 -0.999812073 0.0189168539 0.0330520883 -0.996283409 -0.0795419905 0.0117920059 -0.99926777 -0.0363988023 0.00805416566 -0.999622943 -0.0262507502 0.00191656835 -0.99975436 -0.0220804583 0.0098896728 -0.999376802 0.0338851414 0.00332648854 -0.999945719 0.0098738767 0.000589346741 -0.999780029 -0.0209653469 -0.00222688832 -0.0363173592 -0.999337826 0.00131566561 -0.998729666 0.0503718477 0.00220307956 -0.999882803 -0.0151501526 0.00124336982 -0.999793872 0.0202649133 0.0012974105 -0.999886623 -0.0150019555 0.000581695199 -0.0270193233 -0.999634742 0.00210042029 -0.999997569 -0.000671727464 0.00113510658 -0.999918178 -0.0127416336 0.000315745361 -0.999959923 -0.00894716945 -0.00107145011 -0.999913371 -0.0131187692 -0.000888624317 -0.999957434 -0.00918367323 0.00305420973 -0.999430488 0.033606129 0.0008105774 -0.999897202 0.0143153108 0.000270898251 -0.0400787362 -0.999196488 -0.0064067414 -0.032268134 -0.999458714 -0.000930163485 -0.997997272 0.063250136 -0.00301099349 -0.0240702623 -0.999705735 -0.00204361313 -0.999794486 0.020169502 -0.00180930281 -0.999938626 -0.0109302284 3.11965024e-05 -0.999890525 -0.0147965264 -0.000291118751 -0.999621464 0.0275107941 0.000609591154 -0.998054998 0.0623365795 0.00151877798 -0.999949321 -0.00995231371 -0.000313413687 -0.0191930988 -0.999815746 0.00141949498 -0.999796314 0.0201324358 0.00134340895 -0.997558003 0.0698299724 0.000434529201 -0.999950389 -0.00995142581 -0.000926307149 -0.0219323479 -0.999759028 -3.41189759e-05 -0.999889137 -0.0148900404 -0.000655530374 -0.999403117 0.034539553 0.00122349291 -0.994753919 0.102289509 -0.00148769449 -0.999952904 -0.00959047447 0.00102362175 -0.999915455 -0.0129628061 -0.000460063634 -0.993467263 0.114116545 0.00290391004 -0.998877721 0.0472743657 0.00076667338 -0.999911213 -0.0133032959 0.00395745847 -0.993212462 0.116246909 0.00272581852 -0.999866647 -0.0161015208 0.00130933029 -0.998513768 0.0544843206 0.00389821976 -0.999983469 0.00422683566 0.00327917546 -0.995483649 0.0948765107 -0.00178369419 -0.999985311 -0.005118199 -2.02793251e-05 -0.0191227985 -0.999817142 -0.0026213715 -0.993094142 0.117290897 -0.00107016661 -0.999948017 -0.0101398885 -0.00276949733 -0.998519613 0.0543223069 -0.00196504408 -0.994074656 0.108681722 -0.00112338311 -0.999996426 -0.0024261032 -0.00207499449 -0.999864866 -0.0163077895 -0.00730936083 -0.999096795 0.0418588914 -0.00195715663 -0.999938845 -0.0108846354 -0.0176280613 -0.997227533 0.0722945338 -0.00672604457 -0.999914893 -0.0111789015 -0.0106668048 -0.999900365 -0.00924548058 -0.0132985496 -0.999750309 -0.017957398 -0.0298177743 -0.999547148 -0.00404949754 -0.00491325542 -0.999940744 -0.00971429591 -0.0150101924 -0.999876544 0.00464657907 -0.0140101786 -0.999901729 -0.000496264295 -0.0181489392 -0.999833615 0.00183241901 -0.0267340308 -0.999051378 -0.0343749312 -0.013724542 -0.999394523 -0.0319722578 -0.0176994074 -0.999834387 0.00423437401 -0.0290259446 -0.999571478 0.00378889885 -0.0324641175 -0.99946993 0.00243711962 -0.00268946649 -0.0128095507 -0.999914337 -0.0509661688 -0.998693015 0.00383552368 -0.0380558473 -0.999275448 -0.0005749568 -0.0399555981 -0.999137088 -0.0113414907 -0.0447569463 0.010346073 -0.99894433 -0.998522072 -0.0125759217 -0.0528726638 -0.984409409 -0.0135375386 -0.175370611 -0.999815251 -0.0108108581 0.0158930361 -0.999767283 -0.0208390619 0.00557800436 -0.999852175 -0.0170345733 0.00233505027 -0.999876237 -0.0156359687 0.00174001079 -0.999859956 -0.0162092124 0.00416289552 -0.0212001814 -0.00819447825 -0.999741668 -0.999736263 -0.0106446042 -0.0203493861 -0.999913747 -0.00854320349 -0.00997553729 -0.0522762745 -0.0455362415 -0.997593926 -0.998594319 -0.00144020025 0.0529840627 -0.0108124986 -0.0523905782 -0.998568133 -0.0077127809 -0.0487238166 -0.99878251 -0.000322417849 -0.0271799 -0.999630506 -0.000775268622 -0.0109979422 -0.99993922 0.000969545065 -0.0211466984 -0.999775913 -0.00112024991 -0.0117878958 -0.999929893 0.000843858609 -0.0108722046 -0.99994054 -0.999787437 -0.0201750045 0.00424859107 -0.999801964 -0.019187086 -0.00528099116 -0.00331387696 -0.0117204772 -0.999925822 -0.999921747 -0.0114136444 -0.00512136424 -0.999586547 0.0225141052 -0.0178843592 -0.122031724 0.00449935285 -0.992516002 -0.0100560871 -0.00427737829 -0.999940288 -0.00827767003 0.0121689823 -0.999891692 -0.00463564999 -0.0102351463 -0.999936874 0.000893183098 -0.0310562539 -0.999517239 -0.00312895797 -0.0101986843 -0.999943097 -0.00440556987 -0.0134769164 -0.999899477 -0.000342541202 0.00402755427 -0.999991831 -0.00135408663 -0.00857594795 -0.999962309 0.00153729063 0.00450098601 -0.999988689 -0.000421989765 -0.0116486877 -0.999932063 0.000588869433 0.00543760905 -0.999985043 -0.999590222 -0.0267064991 0.0103029418 -0.999553105 -0.0292712391 0.00606504887 -0.999659045 -0.0259577562 0.00282640016 -0.99972434 -0.0233889128 0.00205015055 -0.999647877 -0.0260308687 0.00514927731 -0.998720476 -0.0503853575 -0.00432734304 -0.999973206 0.00300589863 -0.00667470575 -0.0442152689 0.0871536872 -0.995213166 -0.999972514 0.0046803426 0.00575023071 -0.999593998 0.0124279724 0.0256395032 -0.999990099 0.00432243478 0.00105753838 -0.999015912 -0.000997636475 0.0443419821 -0.0244189271 0.115933754 -0.992956737 -0.00874123136 0.175859341 -0.984376495 -0.00587013487 0.157639329 -0.987479308 -0.00467228413 0.118154552 -0.992984225 0.00109008773 0.0789517528 -0.996877842 -0.00561540316 0.0709355434 -0.997465095 -0.00211932968 0.0637859904 -0.99796135 -0.000512149899 0.0581375722 -0.99830845 -0.00187326207 0.041553285 -0.999134533 0.000668237324 0.0435960181 -0.999049018 0.000801413038 0.0417195007 -0.999129041 6.97738912e-05 0.0308911014 -0.999522754 -0.99899445 -0.0447706454 0.00238294411 0.0229582538 -0.00478343382 -0.999724981 -0.99995723 0.00900426818 -0.00211217665 -0.998420981 0.0559751079 0.00472558673 -0.999410311 -0.0342594317 0.00230684958 -0.999842614 -0.0177272404 -0.000701146292 -0.999845778 -0.0175448025 0.000774314948 -0.999994865 0.000601225886 -0.00314791447 -0.999476523 0.0290744075 -0.0141901226 -0.999921462 0.0124765465 0.0011856611 -0.999172291 0.0406654646 -0.00102620495 -0.999891519 0.014664816 -0.00137609267 -0.999128366 0.0415888319 0.00358836111 -0.999187748 0.0402597611 -0.0017310971 -0.999932212 0.0116408964 0.000248629026 -0.999247402 0.0387550158 0.00163665721 -0.999972833 0.00019405204 -0.00736849094 0.00308432802 0.426775688 -0.904352254 0.00320159918 0.44327538 -0.896379767 -0.0159150618 0.990630082 -0.135642 -0.0111310456 0.99953619 -0.028346145 -0.00293912276 0.999850833 0.0170197988 -0.999948865 -0.00704115068 -0.00725878078 -0.999993515 0.00308185822 -0.00186309235 -0.999985689 0.00533472561 -0.00040369505 -0.999989458 0.00458264502 0.000290077989 -0.999983896 0.00526514502 0.00211807436 -0.999961591 -0.00859628967 -0.00170917191 -0.99999997 -6.36941524e-05 0.000236875731 -0.99999323 -0.00297256112 -0.00216875833 -0.999999219 -0.00124686583 -8.20133898e-05 -0.999994689 0.00309626815 0.00101744875 -0.999994546 -0.00326084047 -0.000524602068 -0.999998779 0.000158369822 0.00155474602 -0.00810058768 -0.00217962335 -0.999964814 -0.00777198213 0.000594032976 -0.999969621 -0.999708829 -0.0195398936 -0.0141580068 -0.874003221 -0.044455084 -0.483882335 -0.000619986679 0.037521129 -0.999295642 -0.99960251 -0.00567217044 -0.0276160924 -0.991765315 -0.0946444175 0.0862785795 -0.999911405 0.0133104411 -0.000118704072 -0.999460835 0.032828969 -0.000546417671 -0.99965191 0.0263643116 -0.000990636048 -0.999739525 0.0228163393 0.000544387957 -0.999981968 0.00599662046 -0.00032437285 -0.999916436 0.0128664421 0.00125502616 -0.999996949 -0.00228642904 -0.000935493067 -0.999894779 -0.0111795479 -0.00924389501 -0.99713549 -0.0618177481 -0.0435818738 -0.0087137593 0.0485477867 -0.998782851 -0.994816087 0.101146854 0.0105008399 -0.99559641 0.0937393112 0.000853827627 -0.984949885 0.172833081 0.00156523785 -0.986735592 0.162309995 -0.00288751448 -0.994645383 0.10334221 -0.00097443071 -0.996440048 0.0843013179 -0.000720185648 -0.997501408 0.070638606 0.00106239492 -0.998457652 0.0554796316 0.00208046799 -0.998674658 0.0462960271 -0.0224856779 0.999988401 0.0047442729 -0.00083034448 0.999982192 0.0059529152 0.000423316381 0.999995516 0.00297793749 -0.00031609494 0.999997724 -0.000526213044 -0.00206783328 0.999991442 0.00362464877 -0.00199423363 0.999953559 0.00942657928 -0.00200483171 0.999982176 0.0059176248 -0.000793556918 0.999737309 0.0229107941 -0.000638799992 0.999993128 0.000793833747 -0.00362122818 0.999815939 0.0191130583 -0.00166708222 0.99982242 0.00285434957 -0.0186274257 0.00215867589 0.00536839257 0.99998326 -0.239109949 -0.058583019 0.969223639 -0.239109949 -0.058583019 0.969223639 -0.239109949 -0.058583019 0.969223639 0.890653416 -0.00176742486 -0.454679413 0.995161461 0.00446185238 -0.0981517098 0.999979328 0.00558466299 -0.00318667964 0.999992406 0.00388318259 0.000330388215 0.999996282 0.00269709044 -0.000402578388 0.999998201 4.40754935e-05 -0.00189656238 0.999990807 0.00420823423 -0.000822568772 0.999980652 0.00576815307 -0.00232879113 0.999981917 0.00598704769 -0.000566292525 0.999998295 0.00176142182 -0.000554182626 0.999838443 0.00166748416 -0.0178971615 0.999789233 0.00711903994 -0.0192564138 0.999738546 0.0160845982 -0.0162519566 0.999682956 -0.000109205253 0.0251788773 0.999569672 0.0182684418 0.0229507091 0.458771055 0.000582963146 0.88855432 0.0269943212 0.00497455024 0.999623209 -0.00246639138 0.00654290763 0.999975553 0.99995386 0.00285341159 -0.00917253496 0.947341773 -0.0057915703 -0.320171865 0.999999284 0.000269505958 -0.00116563889 0.999997891 0.000508200453 -0.00198986685 0.999998428 0.0015774427 -0.000809130125 0.999992526 0.00374773354 -0.000949935794 0.999997317 0.000993925034 -0.00209257255 0.999925472 -0.00330996489 -0.0117513758 0.999830828 -0.00228648016 -0.018250685 0.99986883 -0.00099238449 -0.0161659777 0.99997597 -0.000659621688 -0.00690101278 0.999999955 7.30231155e-07 -0.000298634293 -0.00409977551 0.00290504884 0.999987376 0.999994686 -0.00286163877 -0.00156190058 0.999999521 0.000948101559 -0.000241392055 0.999998434 -0.00156931235 0.000817918373 0.999997451 -0.00177107843 -0.00140063043 0.999995641 -0.00263509997 -0.00133188982 0.999998012 -0.00132095022 -0.0014936768 0.999807109 -0.0067536263 -0.0184426893 0.999827703 -0.00698143066 -0.0171995507 0.999988717 -0.000442873113 -0.0047296462 0.999992499 -0.00343464507 -0.00179027754 -0.00600849959 0.00262899887 0.999978493 0.999998397 -0.00178826706 9.4373813e-05 0.999951845 -0.00747888862 -0.00635404227 0.999913407 -0.00770219652 -0.0106702498 0.999900619 -0.00925529779 0.0106344712 0.127185015 0.000556773786 0.991878855 0.965386729 -0.0024654828 -0.260811013 0.999997603 0.000975519194 0.00196034171 0.999998542 -0.00023222058 -0.00169192659 0.999993557 -0.00355523711 -0.000495338389 0.99998277 -0.0050825719 -0.00293721515 0.999965628 -0.00744240303 -0.00365412191 -0.00774065993 0.000463030811 0.999969933 0.999995801 -0.00192856655 -0.00216278083 0.999993851 -0.00277462956 -0.00214465793 0.999993017 -0.00370655293 -0.000476207394 0.999991002 -0.00423072614 0.000311968678 0.999947208 -0.00832307951 -0.00602560268 0.999714776 -0.00836103701 -0.0223709553 0.99994112 -0.00566725115 -0.00925412093 -0.00425896024 0.00100524861 0.999990425 0.999997049 -0.00077865051 -0.00230142054 0.999996232 -0.00123612694 -0.00245099055 0.999969099 -0.00632311234 -0.00467115206 0.999764564 -0.00475174536 -0.0211716214 -0.0439413834 0.000281773053 0.999034071 -0.0060149096 0.012043974 0.999909378 0.000661546824 -0.021726668 0.999763729 0.00164472725 0.00271821666 0.999994953 0.00156623448 -0.00520626712 0.999985221 0.00146909036 -0.12556583 0.992084202 -0.000153723484 -0.13321467 0.991087195 4.1605398e-05 -0.00561259202 0.999984248 0.00083394352 -0.139613203 0.990205765 0.000883931469 -0.0974109498 0.995243852 0.000734813496 -0.0249291857 0.999688949 0.000390677331 0.0210848337 0.999777614 0.00139744674 0.0118300664 0.999929046 0.00364702232 -0.0376006165 0.999286192 0.00215083567 0.0215616599 0.999765207 0.00572277449 0.0175121665 0.999830273 0.0149885408 0.00360501221 0.999881167 0.0123059627 -0.0741608658 0.997170361 0.0157673794 -0.00971131951 0.999828525 0.985315994 0.000333620289 -0.170740387 0.999990619 -0.00432814744 -0.000170790364 0.999988066 -0.00464524946 -0.0015130729 0.999745819 -0.00707927598 -0.021405176 -0.0101012136 0.000229905107 0.999948955 -0.00317247335 0.00291867342 0.999990708 0.00429003063 -0.00435887436 0.999981298 -0.000202173453 0.00106452152 0.999999413 0.000300478613 0.00220690023 0.99999752 0.000620480701 0.0123603413 0.999923416 0.00079033295 0.0156189257 0.999877705 0.0221617352 -0.00123164079 0.99975364 -0.00163458516 -0.00812743742 0.999965636 0.999982212 0.00077876302 -0.00591342577 0.999995366 -0.000735532365 -0.00295400849 0.000110467915 -0.00343073331 0.999994109 0.00548096962 -0.00370592552 0.999978112 3.8562349e-05 0.000409823038 0.999999915 0.000133432918 0.00147352798 0.999998905 0.000300488078 0.00179341265 0.999998347 0.000230671807 0.00227561554 0.999997384 0.00010772733 0.00168932844 0.999998567 0.000593481479 0.00385416417 0.999992397 0.00255904152 0.0182018601 0.999831058 0.012956272 0.0222103144 0.999669364 0.00197811703 0.0137985062 0.999902839 0.0310695124 0.00662899379 0.999495244 0.99997726 -0.00468689466 -0.00484893612 0.999968428 -0.00522007731 -0.00599122383 -0.0482889741 6.88737034e-05 0.998833405 0.0146207771 0.999890138 0.00243830453 0.00778013958 0.999966333 0.00260798367 0.0197544608 0.999797093 -0.00394121324 0.0122736172 0.999918814 0.00342404577 0.0119676796 0.999927703 -0.00116723749 -0.00115631309 0.99999896 0.00086237885 -0.0121025954 0.999926717 -0.000295459658 0.0132119974 0.9999089 0.00276302225 0.0233254767 0.999706496 0.00654559916 0.0254050213 0.999620514 0.0106495028 0.0290161315 0.998455248 0.0473833435 0.03611556 0.99627932 0.0782507721 0.040577427 0.995364972 0.0871897061 0.0599629803 0.975559109 0.211397414 0.00542020622 0.99902571 -0.0437978652 0.0106074545 0.999308805 -0.0356285524 0.0144179829 0.999834869 -0.0110614985 0.00865092072 0.999961138 -0.00169797185 0.00906321813 0.999955257 0.00270979611 0.0113767404 0.999935278 -9.41910136e-05 0.0139891006 0.999902132 -0.000178821837 0.0192788398 0.999798078 0.00566836717 0.0222521419 0.999643883 0.0147292119 0.000664107405 -0.0124058172 0.999922824 0.0456620706 0.991275327 0.123645466 -0.000173303062 0.999995701 0.00292722382 -0.00856255156 0.99952818 -0.0294974543 -0.00587355011 0.999939814 -0.00926662197 -0.00643993415 0.999977173 -0.00204460962 -0.00610309614 0.999979139 0.00211520475 -0.00604164838 0.999981743 0.000107343028 -0.00508097634 0.999986645 -0.00094504412 0.00418006492 -0.0126021465 0.999911853 -0.00792255384 0.999416646 -0.0332204752 -0.0073742786 0.999971712 -0.0014815 -0.011346494 0.999925353 -0.00453275208 -0.011000374 0.999939489 9.87385943e-05 -0.0111500864 0.999935772 0.00203163075 -0.0105852671 0.999941891 0.00204116211 -0.0101899106 0.99994681 -0.00159493064 -0.00845872036 0.9999642 0.000220066277 -0.00837471259 0.999964121 -0.00127327654 -0.0048300705 0.99996575 -0.00672078712 -0.00699691501 0.999708106 -0.0231245583 -0.00413358191 0.999691128 -0.0245063877 -0.00121012363 0.999789082 0.0205018998 -0.00862323794 0.999961713 0.00148748315 -0.00654121827 0.999978107 -0.000999246912 -0.0034417213 0.999993726 -0.000838062734 -0.00207129068 0.999995265 0.00227580466 -0.00449773335 0.999989634 0.000708286311 -0.00234535743 0.99999715 -0.000445456259 -0.000659370134 0.999998919 -0.00131440519 -0.00139186564 0.999998624 -0.000902384184 -0.000307936574 0.999899222 -0.0141933722 0.00116941442 0.999701462 0.0244053038 -0.000601568149 0.999994511 0.00325818703 -0.00110298935 0.999997781 0.00179484074 -0.0015346174 0.999998239 -0.00108054393 0.000269073567 0.999919266 -0.012703916 -0.00106520985 0.999999303 0.00051013707 -8.61624451e-05 0.999991753 -0.00406024701 0.00174942937 0.999840042 -0.0177997372 -0.00102391995 0.99999534 0.00287597271 -0.000655177893 0.999999756 -0.000240390048 -0.00173732861 0.999998395 -0.000437766823 0.000701467009 0.999990128 -0.00438770058 -0.00108125899 0.999991498 0.00397923578 -0.0018549833 0.999997336 0.00137388278 -0.00119416225 0.99994196 -0.0107074589 -0.00171863938 0.999995921 -0.00228139392 -0.00333581237 0.99999392 -0.00101642831 -0.00200793149 0.999920184 -0.0124736938 -0.00238037866 0.999245298 0.0387707121 -0.00385982734 0.9999888 0.00273879011 -0.00461931877 0.999989256 0.00038632323 -0.00441497658 0.999985531 0.0030733769 -0.0039395585 0.999989317 -0.00241796042 -0.0047403814 0.999988629 0.000520979251 -0.00279438974 0.999891833 -0.0144400376 -0.0063886933 0.999967444 0.00492910635 -0.0067724833 0.99997706 0.00011536478 -0.0055593849 0.999983385 -0.00152382595 -0.0046651069 0.999976203 0.00508237653 -0.00331417034 0.999971979 -0.00671241677 -0.00668290946 0.999975472 0.00209643088 -0.00399892075 0.999991126 -0.00132518384 -0.00501905144 0.999987316 0.000420129919 -0.00190266248 0.998564455 0.0535295173 -0.0039917771 0.999991494 0.00103806035 -0.00424301036 0.999985781 -0.00323040656 -0.00406135581 0.999985148 0.0036344983 -0.00371187737 0.999991913 -0.00154763239 -0.00189849588 0.999997565 -0.00112488935 -0.00215204286 0.999997178 0.00100646493 -0.00241619998 0.999991855 -0.00323296994 -0.000589200637 0.999992121 -0.00392563872 -0.00108915512 0.999994547 0.00311748779 -0.00214242433 0.99997904 0.00610977704 -0.0014020754 0.999994468 0.00301615968 -0.00192440324 0.999996901 -0.00157920915 -0.00158062519 0.999998577 0.000588908461 -0.000418608354 0.999980911 0.00616468603 -0.000437063008 0.999931134 -0.011727623 -0.000293313322 0.999999874 -0.000407610312 -0.000731867039 0.999984802 0.00546442416 0.00063351291 0.997566961 0.0697119623 -0.00133009369 0.999995886 0.00254156763 -0.0015503832 0.999998777 -0.000204395606 -0.000254136352 0.999996418 0.00266463047 -0.00108093887 0.999988926 -0.00458038687 -0.000241986118 0.999999036 -0.00136758572 -0.000971418146 0.999973534 0.00721031411 -0.00135280063 0.999983942 0.00550323342 -0.00141137459 0.999992649 -0.00356497835 -0.00109332327 0.999997444 -0.00197884555 -0.00162352899 0.999990036 0.00415836305 -0.00125052498 0.999998609 0.00110344046 -0.000663047526 0.996906736 0.0785908407 -0.00115304337 0.999989778 -0.00437201996 -0.00111888085 0.99999936 -0.000169266112 -0.00297027321 0.999961787 -0.00822202086 -0.00251017176 0.999996837 0.00015632642 -0.000950630737 0.999995716 -0.00276832459 -0.00208838627 0.999980941 0.00581004584 -0.0021161906 0.999968593 0.00763772648 -0.00360124802 0.99998083 -0.00503696557 -0.00515095562 0.999985359 -0.00165817097 -0.00494180596 0.999987675 0.000477914064 -0.000951570303 0.996274762 0.0862304638 -0.00117262242 0.999992233 -0.00376288133 -0.00177102102 0.999997991 -0.000938653154 -0.00360302996 0.999983938 0.00437514835 -0.00296027411 0.999995537 -0.00040332743 -0.000752113298 0.999997173 0.00225553149 -0.000458429858 0.999999527 -0.000858196631 -0.000591617513 0.999992269 -0.00388728425 -3.27090574e-05 0.99999752 0.00222689818 -0.00246742544 0.999979735 -0.00586860178 -0.000595446662 0.999994454 0.00327684438 -0.000104956289 0.999995051 -0.00314424136 0.000198568545 0.999996192 -0.00275249504 0.000552035986 0.999999847 -2.07142456e-05 0.000588513825 0.999998172 -0.00181905347 0.000423961933 0.999993359 -0.00361979703 0.000509757085 0.999995084 0.00309404481 0.000294104207 0.999995435 0.00300715255 0.00124430249 0.999998269 -0.00138338519 0.000316169648 0.999999139 0.00127394537 0.000804785865 0.999985678 -0.00529120534 6.50662687e-05 0.999997915 -0.00204124528 0.000827667776 0.999997156 -0.00223665172 -0.000155681825 0.999992335 -0.00391236721 0.000257524771 0.999993874 0.00349077616 0.00321310492 0.995005815 0.0997652488 0.00214205466 0.9998353 0.0180217778 0.000417053978 0.999996416 0.00264457706 0.000250903151 0.999999589 0.000871099122 -5.79446187e-05 0.99999938 -0.00111173561 -0.000127554042 0.999998324 0.00182663948 -0.00015832081 0.999068894 0.0431430143 -0.000169416212 0.999996498 -0.00264106418 -0.000465401834 0.999996486 -0.00261002052 -7.00495471e-05 0.999999963 0.000261281171 -4.77805587e-05 0.999995673 0.00294135991 -2.97369303e-07 0.999997315 0.0023174678 -0.000386652611 0.999996969 -0.00243141399 -0.000936776175 0.992791759 0.119848425 -0.00134483747 0.999998505 -0.00108684185 -0.00145602865 0.999994781 -0.00288399012 -0.00153394718 0.999998807 0.000180722348 -0.00116682787 0.99999742 0.00194890166 -0.000906067493 0.999999419 0.000584612064 -0.000213936681 0.999999594 0.000875190419 -0.00259422756 0.999996616 -0.000192533077 -0.00125576506 0.998356923 0.0572876699 -0.00147001604 0.999997947 -0.00139500097 -0.000657462796 0.99999891 0.00132218088 -0.00316283873 0.999994893 -0.000459072648 0.000997792895 0.994007616 0.109306284 8.84124951e-05 0.999999987 -0.000138300344 -0.00466020996 0.999988371 -0.00124117872 0.000509650507 0.999998706 0.00152570013 0.000167259543 0.999999639 0.000832868594 0.000469161929 0.999997173 -0.00233090972 -0.00298621042 0.99988789 -0.0146727934 0.00418788508 0.999991162 0.000370586252 0.00415356265 0.999990137 -0.00157314589 0.00921226257 0.999131095 0.0406471387 0.00551031457 0.999983238 0.00177757758 0.011995856 0.999927834 0.000652400331 0.00910850938 0.999956237 0.00213505873 0.0185369636 0.993746424 0.110110974 0.0181007162 0.999814401 -0.00659755401 0.00935703969 0.999956018 -0.000638086881 0.00922152367 0.999957424 0.000338039861 0.00818881497 0.999965499 0.00139464636 0.00413806842 0.999986256 0.00321944434 -0.00147305565 0.999995447 -0.00263381345 0.00829524413 0.999940726 -0.0070521743 0.0128663498 0.999916447 -0.00124746923 0.0136998437 0.999905848 0.000780956625 0.0179224465 0.999836189 0.00252596041 0.0064901614 0.999978277 0.00115072273 -0.00288260879 0.999615958 0.0275613185 0.00796749072 0.993773987 0.111129576 0.0676309121 0.213712973 0.974552628 0.100510564 0.994445984 0.0312219626 0.0445129383 0.999007206 -0.00178932386 0.0454118517 0.998968232 0.00048457477 0.0525482972 0.998618314 0.000373797075 0.0583587038 0.998292524 0.00250946912 0.0423610313 0.999087992 0.00535972929 0.0337786559 0.999428074 -0.00158990945 0.257934405 0.966015505 -0.0168489532 0.99999951 9.99746007e-05 -0.000984910006 0.999992691 -0.00181907997 -0.00336280225 0.0035068944 -0.000713479364 0.999993596 -0.953523497 0.245533522 0.174660329 0.00982192183 -0.00187100883 0.999950013 -0.000706848697 0.0170692092 0.999854061 0.00603668582 0.00730419954 0.999955103 0.00295051041 0.135765119 0.990736659 -0.0487534108 0.111650273 0.992550916 0.019849961 0.99943887 0.0269800554 0.00980394792 0.995788776 0.0911515004 -0.00906987466 0.999928081 0.00784664964 0.00372073002 0.0991530568 0.995065238 -0.0100456251 0.999948769 0.00124257409 0.00484873559 0.0060150294 0.999970154 -0.00859200736 0.998541225 0.0533066482 -0.00583426203 0.999955319 0.0074377812 0.000181476093 0.00408789032 0.999991628 0.000291158082 0.0767733179 0.997048531 -0.00544495192 0.999554235 0.029354467 -0.00553348309 0.999981373 0.00257578844 -0.00195923289 0.999995446 0.00229559969 -0.000705656474 0.00772842813 0.999969886 1.48950708e-05 0.0852686482 0.996357997 -0.00174876449 0.999949837 0.00986232361 -0.00239342263 0.99945664 0.0328739567 -0.00215709793 0.999996472 0.0015500952 -0.00238067546 0.999983587 0.00521129173 -0.00103685758 0.999988471 0.00468848627 -0.00203474813 0.999973357 0.00701032532 0.000511232997 0.00858509117 0.999963017 -0.00213921392 0.999720127 0.0235603627 -0.00264115425 0.99999389 0.00228987604 0.00349948814 0.0626508722 0.998029369 0.00503804778 0.00565028715 0.999971346 -0.00390266912 0.999989828 0.00226107385 -0.00434441004 0.999982221 0.00408461964 0.00304667756 0.00282428754 0.999991371 -0.00400971393 0.999975818 0.00568208758 0.000804875107 0.0267706782 0.999641277 -0.000960530154 0.999835377 0.0181189529 -0.0017980358 0.999990132 0.00406246436 0.00100190794 0.00214622595 0.999997195 -0.000157096616 0.999997143 0.00238511416 -1.82622599e-05 0.0257331429 0.999668848 -0.000240745313 0.999986485 0.00519337438 -0.000963473162 0.99999694 0.00227857591 0.00189403437 0.0153805336 0.999879919 -0.000894064419 0.999999008 0.00108813428 0.00173720189 0.0293543421 0.999567559 -0.00010664854 0.999978348 0.00657960799 0.000366860523 0.999703431 0.0243498698 0.00145329333 0.0221676499 0.999753211 0.00104768131 0.00164997267 0.99999809 0.000163105405 0.999994428 -0.00333423902 0.000787206983 0.999796694 0.0201482461 0.00181353092 0.999996947 -0.00167870451 0.00229519115 0.999989037 -0.00408136025 0.000545520091 0.0126900398 0.999919329 0.000230085065 0.999994595 -0.00327993242 0.000310871544 0.0384428282 0.999260753 -0.00126734918 0.999977248 -0.00662547659 -0.00082558007 0.999978255 -0.00654276298 0.00180705956 0.00684107536 0.999974967 -0.000464505812 0.999873376 0.0159064776 -0.00253179471 0.999919 -0.0124733067 -0.00154818499 0.99998489 -0.00527478184 -0.0014104361 0.22060435 0.975362359 0.0214875006 0.0277321845 0.999384417 0.526952174 0.172068966 0.832294225 -0.00144986501 0.00334840742 0.999993343 0.734706735 0.61427241 0.287880913 0.951936893 0.249819034 0.177219078 0.998300061 0.0581904303 -0.00329589447 0.999919474 -0.0101758086 -0.00758279282 0.998090449 -0.000314378128 0.0617685771 0.998762871 0.0494348544 -0.00537806992 0.9806594 0.19568855 -0.00362377262 0.986694386 0.162514863 -0.00480702509 0.999807225 0.0188024461 -0.0056551425 0.999775003 0.0211977284 0.000773854593 0.98576827 0.16810558 0.00119655894 0.997055239 0.0766823262 0.000818734798 0.999967001 0.00810566173 -0.000543769269 0.986116446 0.16604992 0.00133368992 0.999621273 0.0275139431 -0.000541882331 0.992798441 0.119782386 -0.00185355794 0.998995489 0.0444555092 0.00563207224 0.990703491 0.135660325 0.0101424185 0.997087843 0.051267506 0.0564577397 0.982548457 0.180967476 0.0430035211 0.970607875 0.0978900614 0.219858791 0.955936519 0.240146395 0.168864091 0.202271816 0.0113872539 0.979263214 0.997651047 -0.0194479252 -0.0656823131 0.0363677805 -0.00328332935 0.99933308 0.999993047 -0.00261544942 -0.00265814261 0.999991679 -0.00398831893 -0.000857944848 0.999981268 -0.00525912599 -0.00313136165 0.999978274 -0.00402506495 -0.00522012707 0.999960478 -0.00318669644 -0.00829979797 0.999741069 -0.000797625413 -0.0227411444 -0.406110665 0.016691222 0.913671457 -0.176789632 0.011358263 0.984183121 0.00590652426 0.00042234314 0.999982467 5.99521551e-05 -0.000246492353 0.999999968 0.00100198214 0.00140306644 0.999998514 0.00224613291 0.00191620766 0.999995642 0.000321484347 0.00362430529 0.999993381 -0.00541377229 0.00206766364 0.999983208 0.999983801 -0.00451427523 -0.00346692663 0.999978412 -0.00302571428 -0.00583278464 0.999998515 -0.0010744341 -0.00134720955 0.999975933 0.00244663727 0.006492078 0.998597339 -0.0231773654 0.0476042402 0.97194819 -0.0324265102 0.232949002 0.209010963 -0.00942530714 0.977867875 0.0500831488 -0.00127746785 0.998744235 -0.00168400848 -0.00272373453 0.999994873 0.99999618 -0.000382509672 -0.00273731059 0.999993382 -0.000872339848 -0.0035319896 0.999993972 -0.00123429811 -0.0032453756 -0.571802719 0.0069096993 0.820362058 0.00709836239 -0.000859432271 0.999974437 -0.0024418189 0.00100837659 0.99999651 0.00247917017 0.000514377264 0.999996795 0.00133173652 0.000214391828 0.99999909 0.00196272976 -2.39292674e-05 0.999998074 0.00115901458 0.000242564623 0.999999299 2.91005093e-05 7.30137232e-05 0.999999997 5.32580349e-05 0.00212191871 0.999997747 0.999973573 -0.00312039746 -0.00656637102 0.999962497 -0.00704527055 -0.00503673999 0.999996108 0.000493886378 -0.00274606622 0.999980896 -0.00567816321 -0.00244256384 0.99987942 -0.0140963274 -0.00651446848 0.163905292 -0.00421712625 0.986467065 0.999975883 -0.00488703103 -0.0049345168 -3.21835482e-05 0.00103043002 0.999999469 0.000567490682 0.000997414728 0.999999342 0.000413113698 0.00107559247 0.999999336 0.00167582406 0.000949513726 0.999998145 -0.00114413009 0.00181883082 0.999997691 0.99998346 -0.00420368569 -0.00392529438 0.999999092 -0.00134771282 -1.20436584e-05 0.999986873 -0.00508231443 -0.000650880667 0.999216353 -0.00634816649 0.0390689212 0.999937213 -0.00545900412 -0.00978617256 -0.0956234517 -0.0017227161 0.995416088 0.999978714 -0.00527801143 -0.00383597385 0.00587318001 0.000515878587 0.99998262 0.00263766004 0.00227098469 0.999993943 -5.15198187e-05 0.00349059674 0.999993907 0.00445241754 0.00166153896 0.999988708 -0.000468180736 0.000651696249 0.999999678 0.00121692549 0.00164927647 0.999997899 -0.00242762667 0.00192724641 0.999995196 0.999963396 -0.00847693113 -0.00116077285 0.999940136 -0.0108872695 -0.0010919148 0.999999734 -0.000274034874 -0.000675784431 0.999999485 -0.000463494964 -0.000903344397 0.999986262 -0.00491728298 -0.00181577568 0.999955532 -0.00224891635 -0.00915841755 0.999757683 -0.000779992659 -0.0219992458 -0.0375489681 -0.00102840712 0.99929426 0.000109337011 0.0014069193 0.999999004 0.00201365944 0.00108833573 0.99999738 0.999931422 -0.0112645849 -0.00320325555 0.999966075 -0.00751271897 -0.00337751291 0.0425085339 -0.00181788527 0.99909445 0.99999339 -0.000501213685 -0.00360115654 0.999668506 0.000421560208 -0.0257429773 0.999970221 0.000730981264 -0.00768265682 0.457805225 0.000645483025 0.889052281 0.50790487 0.00062025938 0.861412943 -0.389629743 0.00339758094 0.92096532 0.00414138888 0.004116152 0.999982953 0.00224216542 0.00566766082 0.999981425 0.00163451609 0.00381731211 0.999991378 0.00596155569 0.00311370658 0.999977382 0.00113994417 0.00131109118 0.999998491 0.00194097717 0.00231730234 0.999995431 0.310373343 -0.00314471111 0.950609541 0.0943956405 -0.00141849575 0.995533752 0.999984759 -0.00510507341 -0.00210256865 0.029068933 -0.00260717769 0.999574009 0.987235308 -0.000428890143 -0.159267895 0.999988216 -0.00172870108 -0.00453646999 0.999983509 -0.0031379889 -0.00480988914 0.000150798473 0.00551543993 0.999984778 0.000706099135 0.0051295019 0.999986595 0.00437600661 0.00236602707 0.999987626 0.000622583933 0.00168950433 0.999998379 0.00126704001 0.00119179342 0.999998487 0.999971769 -0.00636610889 -0.0039916155 0.999974929 -0.00704897637 -0.000673192744 0.999747711 -0.00575014683 -0.0217128812 0.999150721 -0.00112874802 0.0411893578 0.999806786 -0.000885828154 -0.0196368476 0.999764208 0.00111987361 -0.0216857866 -0.00293870217 0.000586526277 0.99999551 -0.00565718575 7.93950769e-05 0.999983995 -0.0414534232 -0.000449553832 0.999140336 0.000262975669 0.00683639332 0.999976597 -0.000115866961 0.00153146585 0.999998821 -0.000495372524 0.00132529602 0.999998999 0.999994591 -0.00311963612 -0.00104244705 0.999972386 -0.00500603407 -0.00549250413 0.999982886 -0.00435435207 -0.00390730785 -0.0038612835 -0.00131195082 0.999991685 0.00770946234 0.00358912316 0.999963841 0.999711769 -0.00369194503 -0.0237223061 0.999974253 -0.00361252833 -0.00620017951 0.999993363 -0.00254594486 -0.00260601196 0.99999638 -0.00154890736 -0.00220011875 0.999996072 -0.00143803478 -0.00240598631 0.999998287 -7.074638e-05 -0.00184976028 0.99999853 -0.00093153328 -0.00143937943 0.997184454 -0.00283024662 -0.0749343389 0.999992103 -0.000664670516 -0.00391818751 0.00335152548 -0.00140828062 0.999993392 -0.00803084961 0.00391699333 0.999960081 0.000317849784 0.00135182438 0.999999036 -0.00750523581 0.00196809807 0.999969899 -0.0232951381 0.00238358171 0.99972579 0.999876421 -0.00160165515 -0.0156389638 0.999749315 0.00109961723 -0.0223628529 0.000452665836 0.00533731221 0.999985654 0.00513863024 0.00417890796 0.999978065 0.000652671629 0.00100862386 0.999999278 0.999742611 -0.00153948852 -0.0226349761 0.999230446 -0.0014007543 0.039198888 0.505226187 -0.00213254194 0.862984329 0.999998951 0.000244269045 -0.00142794392 0.999998153 -0.000791965081 -0.00175122138 0.99999472 -0.00217441866 -0.00241479935 0.0253513943 0.000484497636 0.999678484 -0.41420899 0.00118241501 0.910181034 0.00324465185 0.00581266639 0.999977842 0.00163795051 0.00422182952 0.999989747 0.00880956953 0.00186925673 0.999959448 0.999999289 -0.00029069074 -0.00115645085 0.999496195 -0.00232403659 -0.0316536871 0.999998032 -0.0012626624 -0.0015300347 0.0022010409 0.00377852116 0.999990439 0.00111026489 0.00332246265 0.999993864 0.00148178926 0.00363774056 0.999992286 0.00147038502 0.000804536022 0.999998595 0.00220770705 0.00102557228 0.999997037 0.000384518198 0.0023215636 0.999997231 -0.000911018509 0.00104929761 0.999999035 0.999991773 -0.00156548798 -0.00374205605 0.999987951 -0.00189881107 -0.00452692213 0.99998705 -0.0032768037 -0.00389397511 0.999809045 5.41827787e-06 -0.0195415913 -0.00415380279 -0.00112640986 0.999990739 -0.0132246163 0.00202254506 0.999910505 0.00777292994 0.00256042698 0.999966512 0.0976264734 -0.00216690359 0.995220768 0.999996762 -0.0013603408 -0.00215057192 0.999992961 -0.00043874167 -0.00372626658 0.999993047 0.000348602087 -0.00371263747 0.999981767 -0.00364740053 -0.00481264725 0.99998808 -0.00240055461 -0.00425168651 0.999916276 -0.00127076916 -0.0128773265 -0.00275356096 0.000223866988 0.999996184 0.0019928075 0.0031535647 0.999993042 0.000135429442 0.00311073167 0.999995152 0.00173419198 0.00142056557 0.999997487 0.00106492636 0.000995160377 0.999998938 0.9999965 -0.000240980531 -0.00263464066 0.999997443 0.000842617621 -0.00209848249 0.999996981 -0.000288521212 -0.00244037049 0.0425193736 -0.0015195851 0.999094487 0.0273706365 -0.00156700362 0.999624126 -0.0553732187 -0.00180501783 0.998464095 0.999992276 -0.000411392094 -0.00390868789 0.999985943 -0.00120747633 -0.00516289722 0.999996661 -0.00179939958 -0.00185474884 0.999995564 -0.00231576231 -0.00187304666 0.999980965 -0.00285819763 -0.00546810936 -0.028733422 -0.000812799266 0.99958678 0.00536455053 0.000591778005 0.999985436 0.00129838466 0.000606927638 0.999998973 0.00201318096 0.000496826372 0.99999785 0.999975976 -0.00209611713 -0.00660703346 -0.00429106107 -0.000207564975 0.999990772 0.000439914502 0.00132445958 0.999999026 0.999998203 0.00105100184 -0.00157765499 -0.42391598 -0.000546801814 0.905701354 0.00140270083 0.00181079251 0.999997377 0.000454990205 0.000185492607 0.999999879 -0.000271007336 9.66505335e-05 0.999999959 -4.37908789e-05 0.000488865256 0.99999988 0.999998499 0.00152182767 -0.000827800162 0.991298304 -0.00277134634 -0.131605442 0.999999597 -0.00079329624 -0.00041922045 0.999988812 -0.00407893898 -0.00239549211 0.999956836 -0.00857986092 0.00356529833 0.999928304 0.00656977296 -0.0100112131 0.00134826436 -0.000507042283 0.999998963 0.00241859305 0.000581459901 0.999996906 0.00194133008 -0.000667336902 0.999997893 0.00905221495 0.000512222816 0.999958897 0.999995152 -0.00265347042 -0.00162968078 0.999887154 -0.0146077675 -0.00350609746 0.999992881 -0.00285071916 -0.002472018 0.999964326 -0.00352802163 -0.00767455852 -0.00134376837 -0.000752170204 0.999998814 0.00333988374 0.000665271393 0.999994201 0.00914244121 -0.000348757043 0.999958146 0.000879767477 -0.00048987526 0.999999493 0.00123201967 -0.000694626231 0.999999 0.999996832 0.00176849594 -0.00179117996 0.999995015 0.00136423849 -0.00284751328 0.999470262 -0.000185829968 -0.0325447481 0.999977824 -0.0018957324 -0.0063841586 0.999990577 -0.00279521521 -0.00332145679 0.99998676 -0.00423194988 -0.00292752571 0.99972901 -0.00735362736 -0.0220868985 0.498030851 -0.00258728507 0.867155452 0.998802982 -0.0294778164 0.039034097 0.000183925547 -5.3498073e-05 0.999999982 0.999391619 -8.8805828e-05 0.0348767105 0.66975912 -0.000823118791 0.742577971 0.999994395 0.00257846859 -0.00213584962 0.999943102 -0.00347622215 -0.0100850268 0.962990088 -0.268488457 0.0237495043 0.999877467 -0.00559915965 -0.0146185186 0.0169008196 0.00133911442 0.999856274 0.99662904 -0.0783315609 0.0243869557 0.999971638 -0.00252561182 0.00709539655 0.999851868 -0.00381390966 -0.0167838172 0.00140073667 -0.00168890859 0.999997593 -0.0243907342 -3.91170353e-05 0.999702501 0.999996159 0.00232064574 -0.0015154789 0.0450190401 -0.000466044496 0.99898602 0.999312433 2.1989958e-05 0.0370764158 0.0297705911 0.000226457245 0.999556732 0.995207819 -0.0496362732 -0.0842474753 0.92982898 -0.353439624 -0.102462191 0.999984799 -0.00260029492 -0.00486218106 0.00257996909 -0.00051488436 0.999996539 0.000199208083 -0.000463524789 0.999999873 -0.00780596696 9.52925162e-05 0.999969528 0.999993198 0.00301673797 -0.0021219869 0.471692168 -0.631410711 0.615489246 0.530322431 -0.438730659 0.725447123 0.549639269 -0.173687677 0.817147027 0.918596238 -0.032626716 0.393848257 0.999971281 -0.00317283138 -0.00688265303 0.969561842 -0.179634689 -0.166376719 0.935346829 -0.28850037 -0.204679861 0.12628976 0.015015019 0.991879754 0.12628976 0.015015019 0.991879754 0.12628976 0.015015019 0.991879754 0.92541482 0.130262243 0.35586396 0.999955679 -0.00772025404 -0.00538859819 0.999902854 -0.0110794369 0.00845744405 -0.0159397933 -0.000637233952 0.99987275 -0.00619084499 -0.000618164855 0.999980645 0.000735558801 -0.00150924084 0.999998591 0.00710044899 -0.002014205 0.999972763 0.00176142569 -0.000514416257 0.999998316 -4.8840637e-05 -0.00100377709 0.999999495 -0.00110348053 -0.000559791421 0.999999234 0.999652548 0.000506598956 -0.026353881 0.999991845 0.00357902574 -0.00187079296 0.997361758 0.00257073341 -0.0725459511 0.337212221 0.0453804334 0.940334267 0.160846961 0.323470459 0.932467221 0.999992511 -0.000307513237 -0.00385784847 0.999976901 -0.00222327123 -0.00642301558 0.994247936 0.0221783175 -0.104781504 0.98100949 -0.0245367771 -0.192401475 0.801331299 0.21776838 0.557175988 0.999977892 -0.00415839152 -0.00518876914 0.999959862 -0.00550651771 -0.00706769621 0.000525356057 -0.00446873412 0.999989877 0.0024144454 -0.00348129442 0.999991025 0.000800296506 -0.000280553334 0.99999964 0.999988365 0.00375217446 -0.00303180798 0.999989927 0.00372349956 -0.00250631506 0.15759909 -0.0955432069 0.982870298 0.114995716 0.0588463773 0.991621444 -0.0373748539 0.491609783 0.870013184 -0.0192395106 0.308046272 0.951176816 -0.487581756 0.516746886 -0.70373055 0.0832954466 0.38961485 0.917203433 -0.0508462894 0.627658424 0.776826594 0.0396644669 0.942252775 -0.332545393 -0.0620962017 0.978903755 -0.194657392 -0.118120889 0.987244619 0.10674979 -0.0165228425 0.912582354 0.408558983 0.088522386 0.449418817 0.888924358 0.0470536664 0.672365148 0.738722587 0.978096242 0.158095608 -0.13540133 0.851928075 0.264683603 0.451841947 0.998116361 0.0133178463 0.059886266 0.998227745 0.0330970915 0.0494565557 0.84336748 0.404135408 0.354126907 0.999749994 -0.0222983529 0.00165293712 -0.00328056232 0.000377423241 0.999994548 0.999998279 0.00183023444 -0.000302938771 0.999971256 0.00147107034 -0.00743794549 0.991416979 0.0395353497 -0.124616735 0.981535564 0.014008407 -0.190766089 0.991048416 -0.0973247928 -0.0913833737 0.566612901 0.0275298261 0.823524091 0.36686042 -0.142374402 0.919316573 0.966969319 -0.000870696976 -0.254891305 0.985815033 -0.0591172852 -0.157079175 0.958700888 -0.251411885 -0.13298373 0.36379514 -0.450898031 0.815073041 0.185833555 -0.225543878 0.956345047 -0.300389795 0.706706163 -0.640571909 -0.279928883 0.947698266 -0.153322589 -0.267620655 0.929112767 0.255203158 -0.308331175 0.925631531 0.219404094 -0.0920053981 0.627573062 0.77310223 -0.142902744 0.776857259 0.613246774 -0.101457772 0.539656697 0.835749346 0.999981273 -0.00179996084 0.00584919974 0.999927208 -0.00514867133 -0.0109119604 0.999810508 -4.68445427e-05 -0.0194665445 0.995599462 0.0738811959 -0.0576478942 0.986780639 0.154382613 -0.0492948126 0.942687249 0.325137381 -0.0750095576 0.976538659 0.20259857 0.0729799106 0.926842713 0.367428649 0.0771930866 0.999954761 -0.00501955884 0.00807964178 0.999990518 -0.00431849224 0.000561671003 0.00775744566 0.00164826432 0.999968552 0.00361780027 -0.00148606804 0.999992352 0.00404407382 -0.00237891672 0.999988993 0.000913345927 -0.00486044827 0.999987771 0.00162441504 -0.00175695728 0.999997137 0.00113897831 -0.0019236088 0.999997501 0.118833984 -0.00100170921 0.992913632 0.397475757 0.122717483 0.909369805 0.988366546 0.0222625518 -0.150452483 0.273705971 0.276918161 0.921087061 0.292766829 0.356007886 0.887437868 0.287912216 0.328030861 0.899723463 0.0150013065 0.575258633 0.817834009 -0.437954495 0.846302277 -0.303262785 -0.32862911 0.928260852 -0.174168589 -0.312822421 0.924343976 0.218472758 -0.0565293293 0.549118418 0.833830557 -0.13603303 0.739855016 0.658869919 -0.253888366 0.778674519 0.573765362 0.999986849 -0.000712000355 -0.00507893396 0.999917798 -0.00531518868 -0.0116681957 0.999625681 0.0215450136 -0.0168615191 0.999894201 -0.00910585213 -0.0113433062 -0.00105895425 0.000516358654 0.999999306 0.00201362867 -0.00384032369 0.999990599 0.0024359935 -0.00241943889 0.999994106 -0.000493177334 -0.00187614313 0.999998118 3.25090503e-05 -0.00323753213 0.999994759 0.00100797638 -0.00198339677 0.999997525 0.999990359 0.00257293651 -0.00355841077 0.999781345 8.2351456e-05 -0.0209106612 0.0355185567 -0.00119706245 0.9993683 0.9972842 0.0213416018 -0.0704894407 0.965230785 0.0471153055 -0.257118025 0.222115001 0.247895543 0.942980767 0.965376676 0.0301430455 -0.259112466 0.99764975 0.0183208247 -0.0660251787 0.201052765 0.379024683 0.903281836 0.151743558 0.0703302785 0.985914573 0.23360541 0.0869523748 0.968435748 0.192320277 0.461287731 0.866156187 0.106085665 0.115529846 0.987622745 0.0641888466 0.504005118 0.861312158 -0.082326239 0.28588448 0.95472114 0.999996362 -0.00255518095 -0.000864401405 0.999834835 -0.0071067904 -0.0167271236 0.0827816483 0.00874882713 -0.996529306 -0.00376908185 -0.000579648459 0.999992729 -0.0233638626 -2.96094607e-05 0.999727027 0.00137782261 -0.00342973701 0.999993169 0.00310069693 -1.85585912e-05 0.999995193 0.00131186493 -0.0006972287 0.999998896 0.999996017 0.00119822884 -0.00255545493 0.999713921 0.00108101181 -0.023893653 0.363935106 0.110767041 0.924814523 -0.0487565033 0.0536873864 0.997366767 -0.170631659 0.0638738315 0.983262412 0.999992564 -0.00105035641 0.00371074607 0.999993411 -0.00269127061 -0.0024360358 0.999940567 -0.00567226476 -0.00931062168 0.999783015 -0.00734023729 -0.0194947231 0.999971451 -0.00737395421 -0.00164954117 0.999964831 -0.00064417067 -0.00836188733 -0.463593869 0.000295454069 0.886047762 0.00388552866 -0.000475578096 0.999992338 0.00415367047 -0.000625517466 0.999991178 -0.00599779318 -0.000134153313 0.999982004 0.999997979 0.00199908316 -0.000215245097 0.0414051721 -0.0011682628 0.999141755 0.999142951 -0.000647503335 0.0413877357 0.998502055 0.00117748672 -0.0547015535 -0.026727785 -0.000952881686 0.999642295 0.547279238 0.0481087738 0.835566264 0.248142741 0.0440470633 0.96772157 0.997627286 0.00817806455 -0.0683587466 0.999366191 0.0193483283 -0.0298807489 0.158808939 0.0329794766 0.986758367 0.0544260832 0.0407342138 0.997686587 0.999959328 -0.00152822118 -0.00888862544 0.112154339 -0.00339117187 -0.993685013 0.000558380159 -0.00375024692 0.999992812 0.00186124166 -0.00160109635 0.999996986 0.000123458333 -0.00176612615 0.999998433 0.999994024 0.00277298225 -0.00206475608 -0.0559115335 0.0338379895 0.99786216 -0.109899794 0.016423141 0.993806981 0.999975677 0.00194495086 -0.00669797361 0.999996198 0.00189972762 -0.0019986158 0.99999663 -0.00233366404 -0.00113723015 0.999976629 -0.00367538068 -0.00576481426 0.00409255372 0.000512412687 0.999991494 -0.000118182683 -0.00260000111 0.999996613 -0.000173937928 -0.000458528696 0.99999988 -0.0226776146 -8.14696546e-05 0.999742827 0.332739975 0.0140807758 0.942913485 0.999854511 0.00193537066 -0.0169473304 0.0684073181 0.0271036369 0.997289242 0.999972349 -0.000964434866 -0.00737374378 0.00272111623 -0.00168159091 0.999994884 0.00185493636 -0.00216150089 0.999995944 0.653822925 0.00922504277 0.756591357 -0.00870583177 0.00788867957 0.999930986 0.999919913 -5.91116058e-05 -0.0126555877 -0.00296119013 0.000255704764 0.999995583 0.00284637762 -0.000676375643 0.99999572 0.000808214185 -0.00112657259 0.999999039 0.999547835 -0.000431526444 0.0300655844 0.667607638 -0.00231451992 0.744509694 0.999999672 -0.000354579834 -0.000728814669 0.999992923 0.00206049729 -0.00314778787 0.990022892 -0.00187156543 -0.14089418 0.999115086 -0.00136208277 -0.0420379477 0.158641876 0.00826116246 0.98730163 0.0670854459 0.00364794639 0.997740565 -0.0725080067 -0.000566797123 0.997367669 0.99998713 -0.000702082064 0.00502457828 0.999985176 -0.000309144928 -0.0054362768 0.999996543 -0.000926080908 -0.0024610957 0.00621795478 -0.000380547962 0.999980596 0.00143199703 -0.000971900055 0.999998502 0.00359103684 -0.000122933562 0.999993545 0.00245904109 -0.00021746385 0.999996953 0.00284792843 -0.00131895069 0.999995075 0.000846061488 -0.00174820858 0.999998114 -0.000494506871 -0.000895604607 0.999999477 0.99961111 0.00103210979 -0.0278669022 0.997001419 0.000746685179 -0.0773796711 0.999996377 -0.000589766538 -0.00262632177 0.999999628 -0.000621306435 0.0005977285 0.999960957 -0.0019061885 -0.00862852559 0.999962742 -0.00475772928 -0.00720274147 0.999869486 -0.00381035734 -0.015700091 0.999846905 -0.00694968231 -0.0160582592 0.999895534 -0.00385082643 -0.0139317202 0.999983396 -0.00420336911 0.00394201535 -0.0096348425 -0.000105235728 0.999953578 -0.0160509695 0.000158751324 0.999871162 0.00219398974 -0.00116958347 0.999996909 -0.000162498783 -0.00141184003 0.99999899 1.38354029e-05 -0.00122005977 0.999999256 0.999999554 0.000244275106 0.000912481948 0.999999293 0.000188795454 0.00117412592 0.999999561 0.000655680717 -0.0006688457 0.999995868 0.000941077526 -0.00271626589 0.999994264 0.000800475774 -0.00329100026 0.999991273 0.00107238525 -0.00403774567 0.998449146 0.000220171181 -0.0556709527 0.0259474979 -0.00143862883 0.999662272 0.639544437 0.000305166685 0.76875407 0.287852404 0.00116023706 0.957674082 0.999996823 0.0009464397 -0.00233615483 -0.00149428355 -0.000112218456 0.999998877 0.00583515064 9.21670109e-05 0.999982971 -0.000938827696 -0.000330321046 0.999999505 0.0763778881 -0.00287788057 0.99707479 0.999191096 0.00123493776 0.0401948739 0.974420231 -0.00245415925 -0.224720251 0.0114656011 0.00341256404 0.999928445 0.999995137 -0.00107183841 -0.00292863928 0.999978017 -0.000607346914 -0.00660283898 0.999983662 0.00482676015 -0.00306251835 -0.000592322093 -0.00182358772 0.999998162 0.999768412 0.00153397465 -0.0214655538 0.997978273 -0.00231735304 -0.0635137543 0.0940075626 0.00408176731 0.995563116 -0.0507919304 0.00416186546 0.998700585 0.999977338 -0.000727613297 -0.00669280784 0.999912791 0.00228979848 -0.0130064463 0.992342802 -0.102183144 -0.0693856527 0.998524899 -0.054293623 -0.000478751498 0.998743387 -0.0498248445 -0.00539747446 0.999674138 -0.0227007198 -0.0116745505 0.999937193 -0.00476610188 -0.0101437244 0.000835300127 0.000127779404 0.999999643 0.153055997 0.00495070604 0.988205117 0.999990172 -0.000885697729 0.004344224 0.999987097 -0.00125330478 -0.00492300399 0.999972846 -0.00133485604 -0.00724750717 0.999996406 -0.00137263711 -0.00230310257 0.979153924 -0.188746895 0.0750479953 -0.00319200822 -0.000106216557 0.9999949 0.00315144659 -0.00185808523 0.999993308 0.999226943 2.27219387e-05 -0.0393130457 0.999990893 -0.00138021263 -0.00403842926 0.0366959094 -0.00274206479 0.999322716 0.999999509 -0.000839713983 -0.000526863446 0.999988981 0.00434062777 -0.00178812746 0.999764514 0.0213230219 -0.00403062853 0.999773036 -0.00821205485 -0.019658037 0.99954495 -0.000944978714 -0.0301496132 0.99060157 -0.0730321088 -0.115649648 0.999384169 -0.0350478197 0.00171274219 -0.00140405564 -0.000237243625 0.999998986 0.00386683149 -0.000387062742 0.999992449 0.000847597135 0.000119217375 0.999999634 0.00411667983 -0.000143691418 0.999991516 0.00222837095 -0.000591754723 0.999997342 -0.000668503229 -0.00061574307 0.999999587 -0.0480795661 -0.0003095017 0.998843461 0.0804956145 0.00386315991 0.996747477 0.0157831657 0.00074219872 0.999875163 0.999037984 0.00656455426 -0.0433591227 0.999521143 0.00825767056 0.0298210756 -0.000441301299 0.000317112293 0.999999852 -0.00134501731 0.00018833132 0.999999078 0.133553279 0.0019362167 -0.991039743 0.00216869268 -0.000179630624 0.999997632 0.0020336917 0.000159086975 0.999997919 -0.000556024538 -0.00111174095 0.999999227 -0.0294011206 0.000419585479 0.999567606 0.99999576 0.000563250336 -0.00285691887 0.9999927 0.000743663492 -0.00374785887 0.999962839 0.000717594734 -0.00859105456 0.999542484 0.000503793422 -0.0302418305 0.99148664 -0.00236965126 -0.130186894 0.156196131 -0.000818097447 0.987725721 0.999980667 -0.000149602638 -0.00621638066 0.999996885 -0.00238903984 0.00072231939 0.999814828 0.00962413833 -0.0166638996 0.999966898 0.00405015519 -0.00705691472 0.938922004 -0.0586322413 0.339098409 0.999865093 -0.00355265195 -0.0160366433 0.999940461 0.00154941754 -0.0108015309 0.996166618 -0.000972129324 -0.0874707009 0.99890497 0.0021662806 -0.0467350826 -0.101248972 -0.000129434335 0.99486111 0.00315099141 -0.00118061506 0.999994339 -0.0117987246 -7.80302158e-05 0.99993039 0.999998915 -0.00143544695 -0.000330758696 0.999997459 -0.0012265155 0.0018912338 -0.0380215681 -0.00173114413 0.999275419 0.999994576 -0.000163320904 -0.0032895484 0.999993944 -0.000676649423 -0.00341392718 0.999924695 0.00132481801 -0.0122004077 0.987321514 0.00783924981 0.158539505 0.99214072 0.0179570319 0.123831886 0.0560554194 0.000897688596 0.998427255 -0.0122080697 -0.000121292974 0.999925471 -0.434452422 0.000922062327 0.900694312 0.00519127063 0.000305934377 0.999986478 0.998161371 1.16757305e-05 -0.060612515 0.998718364 -0.000770626239 -0.050606675 0.999997813 -0.00204483928 0.000439412236 0.999973942 -0.000235774516 -0.00721529378 0.99985722 0.0123870428 0.0114934869 0.934057889 0.124251057 0.3348097 0.923406457 0.0835383739 0.374622285 0.999916497 -0.0115958467 0.00570401677 -0.0112564089 -0.000198578329 0.999936625 0.000814686143 0.000247896995 0.999999637 0.999998923 -0.000713975402 0.00128256011 0.580786847 -0.00571401262 0.814035618 0.257290934 -0.00592015942 0.966315852 0.0887959787 -0.00339007663 0.996044066 0.999995684 -0.000162332951 -0.00293368065 0.999993549 -0.000536832861 -0.00355145396 0.995660827 0.0854341086 0.0368853735 0.990603661 0.054983384 0.125224658 0.899802769 0.29517088 0.321292902 0.999794952 0.00454444039 -0.0197332635 0.00645415015 -0.000675418996 0.999978944 0.00176020417 -0.00144435145 0.999997408 -0.000749165564 -0.00138729057 0.999998757 0.999999194 -0.00101512449 -0.000762263614 0.0370759073 -0.0020779851 0.999310292 0.999794803 -0.000433406284 -0.0202525318 0.999993055 -0.00234848965 -0.00289403597 0.890455094 0.423853841 -0.165643129 0.99768956 0.0678616714 -0.00321477946 0.901079494 0.432006927 -0.0377592364 0.865310949 0.487970547 0.114550018 0.859899155 0.487930732 0.14999015 0.947118906 0.302339774 0.107500875 0.999762915 0.00341061465 -0.0215053768 0.999878271 0.00160063663 -0.0155203296 0.983047817 0.165548722 -0.0788074262 0.998592345 0.0523962007 0.00824414918 0.999807631 -0.00114649988 -0.0195802638 0.999996426 -0.00110392117 -0.00243520116 0.999853394 4.87636716e-05 -0.017122729 0.999973928 -0.000782282348 -0.00717855093 0.999999591 -0.000327995264 -0.000842475502 0.999981354 0.00162002725 0.00588791655 0.0598893531 0.00112513772 0.998204388 0.0821826722 0.00136752011 0.996616345 0.993296871 0.113706115 -0.0207904961 0.971337582 0.236476842 -0.0241247928 0.999144849 0.0149842412 -0.038536247 0.998610757 0.00592264337 -0.0523591355 0.00253258356 -0.000345753661 0.999996733 -0.000611406699 -0.00123925663 0.999999045 0.0695330016 -0.000353326288 0.997579589 0.999994693 -0.000420099002 -0.00323056436 0.0234419559 -0.000912797888 0.999724783 0.973255258 0.00128254003 -0.229722787 0.989832619 -0.000323198618 -0.142236713 0.150239949 -0.00851948718 0.988612855 0.995550055 -0.00100105926 -0.0942288962 0.999997378 -0.00185684161 -0.00134028311 0.999895515 0.0035847285 -0.0140039199 0.00522610129 0.000406618933 0.999986261 0.999779064 -0.0209931888 0.00105287062 0.999282119 -0.0346897312 -0.0152272635 0.997634032 -0.0547619978 -0.0415627524 0.00272606154 -0.000795624668 0.999995968 0.999997002 -0.00186829399 0.00158291517 0.999500159 0.00102149554 0.0315972931 0.999989533 0.00152702769 -0.00431306605 -0.0206262714 -0.00145032042 0.999786204 0.00363198182 5.88638513e-05 0.999993403 0.0008413348 -0.00129918903 0.999998802 0.00098362107 -0.00084977065 0.999999155 0.00309428409 -0.00162413919 0.999993894 0.00355739149 -0.00167183783 0.999992275 -0.0049323554 -0.00156772877 0.999986607 0.999995922 -0.00216286764 -0.0018651171 0.999995544 -0.00212724847 -0.0020943196 0.999978923 -0.000335138428 -0.00648395035 0.0785518455 -0.0102740651 0.996857087 0.999988033 0.000971733849 -0.00479477942 0.999980728 0.00110056149 -0.00611006406 0.99999778 0.000546024006 -0.00203523347 0.127589628 -0.000216426414 -0.991827021 -0.436703709 -0.000662415736 0.899605153 0.0023431355 -0.00164899734 0.999995895 0.00361400105 -0.00186495508 0.99999173 -0.000936059538 -0.00105689276 0.999999003 0.999994422 -0.00314112849 0.00113525865 -0.875761852 0.0188413284 0.482375561 0.00288753418 -0.00173581341 0.999994325 -0.000382236681 -0.00120687453 0.999999199 0.999997839 -0.00139277276 -0.00154343002 0.999991244 -0.00254069216 -0.00332509738 0.999984022 -0.0018967104 -0.00532531561 0.999992684 0.0017770083 -0.00338743359 4.14319791e-05 0.000403086022 0.999999918 -0.0158831385 -0.000621857953 0.999873662 0.00114124373 -0.0027248234 0.999995636 0.997575542 0.000793613942 0.0695874141 0.817217675 -4.50933459e-05 0.576329134 0.999996155 -0.00276962707 0.000137511164 0.50330242 -0.0234812307 0.86379124 0.964428698 -0.00337148149 -0.264321622 0.988152084 -0.00627333866 -0.153349613 -0.839034559 0.0306704164 0.543212973 0.99999629 0.00210535701 -0.00172838758 0.999958666 0.0024438698 -0.0087574895 0.00245736983 -0.00151701582 0.99999583 -0.0290946191 -0.00126487491 0.999575862 0.108496551 -0.000254068708 0.994096793 0.999794436 -0.00614970101 0.0193201163 0.99952272 -0.00833728582 -0.0297459588 0.0134697176 0.00423203499 0.999900323 0.999982377 -0.000748422383 -0.00588951025 0.999982991 0.00389032248 -0.00434538299 0.999977221 0.00322302015 -0.00593047564 0.999989941 0.00203347858 -0.00399784221 0.99971263 0.000531545617 -0.0239661226 0.999692723 0.000770273647 -0.0247763138 0.146019614 -0.00846051224 -0.989245517 0.00428741648 -0.00211947004 0.999988563 0.99914645 0.00197477819 -0.0412610078 0.999986211 -0.00392515876 -0.00348866167 0.999989857 -0.00375860961 0.00248166396 0.0342748623 0.00319887131 0.999407325 0.23924751 -0.0241893376 0.970657254 0.150759328 -0.0303290366 0.988105143 0.999920638 0.00110021734 -0.0125501987 0.99986939 0.000428074133 -0.0161561015 0.00614450327 -0.00147785109 0.99998003 0.000835556743 -0.00267944144 0.999996061 -0.000836329123 -0.00123744607 0.999998885 0.763229865 0.00454962479 0.646111039 -0.0270011334 0.00136098935 0.999634476 0.0409609 -0.0338334579 0.998587754 -0.843248048 0.0475091044 0.535420969 0.999995168 -0.002429304 -0.00193991998 0.999991957 -0.00268056125 -0.00298329597 0.999989603 0.00325968581 -0.00318877715 -0.005156082 -0.000465540684 0.999986599 -0.00149145097 -0.00061704804 0.999998697 -0.44143213 -0.00575290405 0.8972762 0.00861841997 -0.00113154235 0.999962221 0.00161819246 -0.00275762894 0.999994888 0.00288682312 -0.00329559609 0.999990403 4.79737931e-05 -0.00235082496 0.999997236 -0.000779868097 -0.00206386604 0.999997566 -0.00361360775 -0.000937075876 0.999993032 0.999990266 -0.00441068038 -0.000116128552 0.999983298 -0.00486991215 0.00311245344 0.0634300455 0.00598414345 0.997968346 0.979535257 -0.0416213923 -0.196922169 0.991014884 -0.00334608101 -0.133709771 0.99999569 -0.0023064191 0.00181667825 0.999995218 0.00189109175 -0.00244712974 0.999984225 0.00444783354 -0.00343031183 0.999991519 0.00307943992 -0.00273490436 0.00105284832 -0.00336847936 0.999993772 0.00375081018 -0.00411130854 0.999984514 0.00267449578 -0.00412826296 0.999987902 0.00081997336 -0.00145837906 0.9999986 0.999997244 -0.00209220461 -0.00106567183 0.327302157 -0.0736974837 0.942041389 0.186997672 -0.0701620318 0.979851601 0.904895627 -0.0572088347 -0.421771328 0.0775363783 -0.0683051347 0.994646932 0.999986336 -0.00299367083 -0.00428544662 0.999990893 -0.00223171224 -0.00363770486 0.999970666 0.00192135324 -0.0074144962 -0.00247812722 -0.000378155286 0.999996858 0.000879987704 -0.00386725294 0.999992135 0.00279842244 -0.00293924484 0.999991765 0.00274173587 -0.002030911 0.999994179 -0.000239593314 -0.00227923549 0.999997374 -0.00112099934 -0.00122939149 0.999998616 0.999993475 -0.00317521257 -0.0017229703 0.97548534 -0.0777611894 -0.205867793 -0.0812856335 -0.105363506 0.991106037 0.999981016 0.00108681517 -0.0060651941 0.999910552 0.00790539101 -0.0107885028 0.999976327 0.00508586865 -0.00463449603 0.999987363 0.00370088866 -0.00340239856 -0.0319855865 -0.00014496731 0.99948832 0.00146721935 -0.00227150777 0.999996344 0.999974517 -0.00411124709 -0.00583642804 0.995803785 -0.0604587426 -0.0686990767 0.999996652 -0.000354605506 -0.00256315527 9.21831543e-05 0.000105728128 0.99999999 -0.10937293 -0.00199727116 0.993998779 -0.0055794885 -0.000315329648 0.999984385 0.999766538 0.00337927847 0.0213412659 0.999996062 -0.00270591814 0.000743911259 0.0392822809 0.00278049943 0.999224285 0.995822119 -0.0211391497 -0.0888338034 0.877734958 -0.0254568681 -0.478469739 0.306117735 -0.167907355 0.937069396 0.999994582 -0.000321937854 -0.00327608944 0.99980124 0.0165478672 -0.0111197194 0.999922491 0.00930975053 -0.00826681628 -0.000209451191 0.000194457305 0.999999959 -0.0388686397 0.000599346912 0.999244149 0.00687978361 -0.00154357287 0.999975143 0.999589169 0.00180319274 -0.0286049176 0.631222977 0.00377571855 0.775592223 0.123210749 0.00341789911 0.992374642 0.999988545 -0.00393089817 0.00273078341 0.999998644 -0.0015161455 -0.000642667773 0.996662107 -0.0415439621 -0.0702761934 0.215175457 0.107835711 0.970603411 0.301109712 0.0646914017 0.951392644 0.324632951 0.230903888 0.917222351 0.306496332 0.25379948 0.917412569 -0.0632314352 -0.401923311 0.913487514 -0.114329065 -0.402150929 0.90840712 0.997672018 -0.0681332907 -0.00289820873 0.999643302 -0.00527975156 0.0261799976 0.0518071003 0.000416232621 0.998657024 0.00243966124 -0.00149582594 0.999995905 -0.026057956 -0.00187229218 0.99965868 0.999764856 -0.00865674806 0.019881979 0.999915929 -0.00579359059 -0.0116004016 0.0284230604 0.00206652649 0.999593847 0.26044826 0.963436022 -0.0629105321 0.144559325 0.989479023 -0.00581936627 0.460515625 0.886555171 -0.0441054152 0.994763855 -0.0745597135 -0.069897941 0.514058625 0.857119047 0.0330252679 0.992821756 -0.0864976887 -0.0826021264 0.526372342 0.822402153 0.215839886 0.915153996 0.145857154 -0.37579097 0.0629877055 0.929349342 -0.36378888 0.117079432 0.99117326 -0.0621930484 0.154476115 0.960515379 -0.231402976 0.138162186 0.199516202 0.970105404 0.208793347 0.347935264 0.913972861 0.10804291 0.402739949 0.908915432 0.114004389 0.343602376 0.932169731 0.0936205298 0.980910638 -0.170439185 0.110285807 0.993897208 0.00231978628 0.153265506 0.987101217 0.0462695661 0.164658896 0.97139249 0.171125915 0.296118546 0.518295839 0.802298716 0.205568429 0.575623435 0.791453904 0.030529774 0.897375354 -0.440210638 0.147579329 0.988709469 -0.0259601138 0.213921976 0.976633943 -0.0205798477 0.234312794 0.968473578 0.0845957624 0.326908641 0.46695844 0.821632859 0.34318867 0.711448767 0.613239096 0.135062061 0.828243234 -0.543848678 0.328457839 0.939975673 -0.0925266597 0.374702636 0.420193489 0.826459537 -0.211245858 -0.48170591 0.850490802 -0.277638037 -0.529487458 0.801598498 0.999688078 -0.00143494255 -0.0249336555 0.999993143 -0.00182562967 -0.00322191097 0.999993509 -0.00198545474 -0.00300650864 0.999998507 0.000941624609 -0.00144864354 0.996523874 -0.0684520885 -0.0474813706 0.988713097 -0.138301099 -0.0576126535 0.9655751 -0.254438412 -0.0540908521 0.940961375 -0.232933706 0.245628944 -0.487180996 -0.00085544775 0.873300604 0.00441471084 -0.000226337727 0.99999023 0.00226151013 -0.00355026764 0.999991141 0.00203493778 -0.00218845922 0.999995535 -0.000138516885 -0.0012142604 0.999999253 0.999999292 -0.00116233145 -0.000254155164 0.999991803 3.98693201e-06 -0.00404891471 0.395204246 0.918044389 -0.031750647 0.371674742 0.890527175 0.262334209 0.375643502 0.540522222 0.752813182 0.399339436 0.906165918 -0.139252809 0.443401816 0.893082519 0.0761475088 0.40874909 0.540072305 0.735694289 0.435571894 0.80337046 0.4060456 0.450129497 0.876129678 -0.172569475 0.314763703 0.291443191 0.903318702 0.428011299 0.524568757 0.735957843 0.268582764 0.165378063 0.948953843 -0.0391858938 -0.620705705 0.783063786 0.999999302 -0.000918211945 0.00074338451 0.999932884 0.00310007552 -0.0111631755 0.99619722 -0.0443338096 -0.0750040858 0.978601435 -0.145137878 -0.145856874 0.933676336 -0.33128936 -0.135999488 0.788368194 -0.576049268 -0.215969515 0.999987257 0.00136758714 -0.00485964885 0.999944559 0.000775341692 -0.0105013695 0.99980613 0.00679005833 0.0184823679 0.00102292314 -0.00238012106 0.999996644 0.00456827402 -0.00200706459 0.999987551 0.00331118175 -0.00380025049 0.999987297 -0.00121384284 -4.08329958e-05 0.999999262 0.495070575 0.868758252 -0.0128150579 0.500813486 0.834000179 0.231580558 0.44787267 0.630306202 0.634132607 0.47368139 0.62771673 0.617735905 0.530164012 0.808153332 0.256543004 0.362859361 0.891901929 -0.269896336 0.422441257 0.382554381 0.821702823 0.521454619 0.565564462 0.638922468 0.205775805 0.914320318 -0.348818971 0.270376597 0.105719614 0.956932526 0.292045873 -0.0735604392 0.953571219 0.989164466 0.00237317276 -0.146792461 0.965596401 0.00500915256 -0.259997113 0.599636344 -0.0668233738 0.797477832 0.708054964 -0.096599782 0.69951887 0.999996977 0.00130093517 -0.00208669697 0.999859487 -7.11130691e-05 -0.0167630974 0.998231527 -0.0561753644 0.0194459861 0.00200333555 -0.000797685465 0.999997675 0.00221745293 -0.000376830912 0.99999747 0.00152680401 -0.000342315236 0.999998776 -0.000821481465 -0.000156738618 0.99999965 0.999990127 -0.00137269843 0.00422634372 0.589348195 0.801309862 -0.102816392 0.593296728 0.790960852 0.149599206 0.576045949 0.664052301 0.476660892 0.572984529 0.791624315 -0.212178403 0.662242911 0.73680674 0.136198953 0.466120358 0.303618103 0.830992094 0.6387498 0.579138029 0.506554869 0.403715127 0.154563537 0.901734001 0.991347314 -0.000724626682 -0.13126301 0.999972488 -0.00139686672 0.0072850225 0.994058522 0.0727435037 -0.0809693571 0.971568438 0.167597622 -0.167229802 0.99998771 0.000997597894 -0.0048563924 0.999963217 9.97106386e-05 -0.00857646183 0.999913442 -0.000227976812 -0.0131551208 0.969219835 0.0214702326 0.245258926 0.997051154 -0.00769581489 0.0763529399 0.00871696059 0.000448150953 0.999961906 0.00955141292 -8.61913508e-05 0.999954381 0.00277773974 -0.000650391545 0.999995931 0.00146386223 -0.00108121165 0.999998344 0.000982214436 -0.000632112504 0.999999318 0.0026986414 -0.00107147471 0.999995785 -0.000426887548 -0.000319614428 0.999999858 0.999920961 0.000716761966 0.0125521764 0.602154203 -0.00142078736 0.798378543 0.999999565 -0.000500600054 -0.000787489656 0.68449423 0.711793264 -0.157537291 0.703238733 0.698624426 -0.131830178 0.674821216 0.737980994 -0.000615571376 0.688994229 0.660691895 0.297948272 0.54470127 0.321996166 0.774350693 0.490858244 0.268547245 0.828818775 0.633455944 0.740090166 0.225832048 0.999994753 -0.0021245861 -0.00244525906 0.99999805 3.86646228e-05 -0.00197421349 0.999425751 0.0276480703 -0.0195895853 0.995353886 0.0903955666 -0.0331554336 0.948507637 0.310638169 -0.0619450614 0.882197151 0.368169531 0.293563253 0.989420626 0.030628976 0.141805118 0.999990735 -0.000267391897 -0.00429630706 0.00126565305 0.000179889633 0.999999183 -0.0304577641 0.000471275747 0.999535944 0.00166268713 0.000848905273 0.999998257 0.00110120878 -0.000408766986 0.99999931 0.00386724087 -0.000900274115 0.999992117 -0.000522111423 0.000598656612 0.999999685 -0.00146647709 0.00110973831 0.999998309 -0.00177777515 0.00150931242 0.999997281 -0.0309168442 0.000717929986 0.999521702 0.999997694 -0.00209771642 -0.000459186574 0.999991979 -0.00101013468 0.00387579323 0.999998595 -0.000216245901 0.00166209168 0.999953067 -0.00334883931 0.00909118953 0.999995571 -0.00296700459 0.000234394142 0.967973426 0.248573734 -0.0351929796 0.873468037 0.485804469 -0.0323667529 0.991981104 0.11536055 0.0516278329 0.00175933873 -0.000249145995 0.999998421 0.000862169007 0.000829693426 0.999999284 0.999988913 -0.000282024941 0.00470040905 0.99999973 0.000379425362 -0.000629798389 0.999993128 -0.00264455738 -0.00259800997 0.999976017 0.00363262955 -0.00589661904 0.999224629 0.0269461207 -0.0287062319 0.999827642 0.0185320145 0.00111855287 0.0381490069 0.000362933247 0.999271996 -0.109061533 0.000488792717 0.99403488 0.00545253518 -0.000221981885 0.99998511 0.999999728 0.000736177532 5.49253669e-05 0.0277657099 -0.000829255313 0.999614114 -0.0291156737 -0.00193933694 0.999574168 0.99999526 -0.00036694982 -0.00305710854 0.999699196 0.000134727432 -0.0245255034 -0.497364024 -0.000217989034 0.867541918 -0.00341503353 -3.58790732e-05 0.999994168 -0.0398845976 -0.000268660739 0.999204257 -0.006478454 0.000533865639 0.999978872 0.0107875487 0.000174951498 0.999941797 0.0806889517 -0.00181407241 0.99673768 0.0381691523 -0.00366436897 0.999264574 0.999992921 -0.000898553091 -0.00365390035 0.999985262 -0.00212454654 -0.00499626564 0.999996071 -0.000649652306 -0.00272704881 0.999807325 -0.00085692768 -0.0196106971 -0.00417074659 -8.29144064e-05 0.999991299 0.000906947452 1.98714042e-05 0.999999589 -0.000356620884 0.000469846178 0.999999826 -0.00884973233 0.00120515153 0.999960114 0.99997478 -0.000310363156 -0.00709531463 0.999992495 -0.00038482443 -0.00385523698 0.999990483 -0.00226335638 -0.00372966851 0.999989296 -0.00453805262 -0.000902721083 0.00117942014 -0.000224284962 0.999999279 0.0017189632 -0.000955266773 0.999998066 0.0018117205 0.000994993835 0.999997864 0.999999672 0.000651236312 -0.000482286817 0.999991405 -0.00397139367 -0.00119053291 0.999977204 -0.00612937925 -0.00283237772 0.999865389 -0.0012549821 -0.0163593439 0.00401432443 -0.000913905925 0.999991525 0.999988524 0.000261392968 0.00478375857 0.99983279 -0.00079621295 0.0182690536 0.99999955 -0.000858285807 -0.000403246522 0.999995537 -0.00173244033 -0.00243388097 0.0038482882 0.000182842466 0.999992579 0.999987058 -0.00129776553 -0.00491935767 0.999993888 -0.00262636639 -0.00230786273 0.999994863 -0.000830628246 -0.00309588018 0.999908742 -1.44013099e-05 -0.0135094995 0.999995549 0.000963443949 -0.00282380738 0.999996766 0.00139238579 0.0021283505 0.999990786 0.00189954744 -0.00384956391 0.984457858 -0.004104995 -0.175572991 0.999994409 -0.00064341306 -0.00328157829 0.999995317 -0.00227202725 -0.00205057429 0.99998482 -8.84567464e-05 0.00550934229 0.0429621431 0.000517837617 0.999076567 0.0039401 0.000244077759 0.999992208 0.999998133 0.00187359629 0.00047333874 0.0195097255 -0.00341177981 0.999803846 0.9999939 -0.00317781385 -0.00144942739 0.999995389 -0.00168327929 -0.00252769819 0.999967867 -0.00084138413 -0.00797223648 0.00197037122 -0.000246542672 0.999998028 0.000957199965 0.00111237985 0.999998923 -0.000915818705 0.000735699313 0.99999931 0.0692200317 -0.00249226674 0.997598304 0.999996586 0.00191045544 0.00178298416 0.999999297 0.00116898566 -0.000200851348 0.999975298 0.00262505929 0.0065201898 0.999983557 -0.00240521312 -0.0052058404 0.999987954 -0.00301789887 -0.00387096713 -0.00281796871 4.93016409e-06 0.99999603 0.00862466319 0.000275105494 0.999962769 0.0110786559 -0.000530798058 0.999938489 0.000456259322 -6.78451212e-05 0.999999894 0.00463178734 0.000254195244 0.999989241 9.53653441e-05 0.00200198115 0.999997991 -0.00202584812 0.000396086673 0.99999787 0.999994941 -0.00168711248 0.0026967117 0.999980409 -0.00269647302 -0.00564889103 0.999913383 -0.00152491075 -0.013072905 -0.510698496 -0.00473071513 0.859746862 0.0054584147 0.000329294754 0.999985049 0.00563315089 0.000653697106 0.99998392 0.00128447379 0.00306858276 0.999994467 0.00161436067 0.00215536299 0.999996374 -0.000280771657 0.00184621814 0.999998256 -0.00138578053 0.00167906617 0.99999763 -0.000566885706 0.000297324819 0.999999795 0.993181053 0.00181765588 0.11656797 0.815395008 0.00484812733 0.578884683 0.999975831 0.00402799152 -0.0056668552 0.999987758 0.00280133127 0.00407867378 0.030769831 -0.00135469805 0.999525579 0.999432124 0.00335011939 0.0335291722 0.0169437074 0.000428133918 0.999856353 0.999991694 -0.00357641358 -0.00195500908 0.999983839 -0.00407728379 -0.0039620399 0.999988486 -0.00301273207 -0.00373504349 0.999959971 -0.00452771956 -0.00771725004 0.999870164 -0.00313344113 -0.0158062006 0.999904731 -0.00203800333 -0.013651926 0.00158811389 6.37818637e-05 0.999998737 -0.00639696027 -0.000333103789 0.999979484 0.999994417 0.00326267974 0.000721368093 0.999993606 -0.00343449867 -0.000995856882 0.999989987 -0.00387788549 -0.00223342659 -0.00389961011 -0.00142509192 0.999991381 0.000580206454 -0.00111889562 0.999999206 0.00125703167 0.000184635076 0.999999193 0.00260102989 -4.96381765e-05 0.999996616 0.000181887023 0.00149211441 0.99999887 0.00213674706 0.00276541783 0.999993893 0.999987357 0.00491170007 -0.00107797013 0.999996672 0.0024938549 0.000660677113 0.999976197 0.00575487308 -0.00380628377 0.00558035789 -0.000239572017 0.999984401 0.00119353654 -0.003369229 0.999993612 0.999993752 0.00353477645 -3.8483247e-05 0.99998967 0.00405878933 -0.00204583743 0.99999218 -0.0034537795 -0.00192662706 0.999948831 -0.00615716663 -0.00802655851 0.999919325 -0.00477180864 -0.0117716812 -0.00124065612 -0.00202340171 0.999997183 -0.119823525 -0.00546422559 0.99278017 -0.000375427971 0.00252373496 0.999996745 0.999990037 -0.00377907286 -0.00237583585 0.999991047 -0.00392236534 -0.00158747697 0.999990035 -0.0042695421 -0.00130389674 0.99996689 -0.00621464378 -0.00525331427 -0.0129269539 -0.00109770038 0.999915841 0.0101242455 -0.00293476298 0.999944442 -0.000322456747 -0.00157322132 0.99999871 0.00167520496 0.00152297844 0.999997437 0.999990872 0.00284333664 0.00318935505 0.999991728 0.00224177187 0.00339377311 0.999994525 0.00276755505 0.0018139028 0.0756934588 -0.00140116635 0.99713015 0.0286610598 -0.00151527554 0.999588039 0.999974475 -0.00611742607 -0.00369128751 0.99993932 -0.00500870468 -0.00981170932 0.999901803 -0.00470611564 -0.0131998919 -0.00534931243 -0.00118659169 0.999984988 0.0131418277 -0.00150370417 0.999912512 0.000965398223 0.000272977503 0.999999497 1.80533909e-05 0.00133107934 0.999999114 -0.00234434351 -0.00136753011 0.999996317 -0.000267139981 -0.000595306809 0.999999787 0.914314754 0.0537916336 0.40141623 0.99997065 0.00687604283 -0.003379178 0.999998616 0.00159858256 0.000460388534 0.99997067 0.00765314398 -0.000295915415 0.999817104 0.0126726196 -0.0143235406 0.229608398 0.00683295049 0.97325911 0.999979483 -0.00305273812 -0.00563147727 0.999965313 -0.00681195121 -0.00479279752 0.00581685584 -0.00255460655 0.999979819 -0.000216396253 -0.00172974637 0.999998481 0.00249084434 -0.00326130784 0.99999158 -5.49671275e-05 -0.00352735911 0.999993777 -0.576825369 -0.0110970811 0.816792108 6.27657609e-05 -0.00480059446 0.999988475 -0.0016937109 0.00145496407 0.999997507 0.999998621 0.00139648888 0.000899210107 0.999949447 -0.00960745594 0.00296654081 0.999981675 -0.00522229475 -0.00306219385 0.999976568 -0.00501936557 -0.00465503256 0.999986702 -0.00230187134 -0.00461485073 0.999990609 -0.00274097393 -0.0033568571 0.999990719 -0.00391475925 -0.00179893158 -0.00107573911 -0.0110554821 0.999938308 0.00503882446 -0.00392029591 0.999979621 0.000985190686 -0.0031000862 0.999994709 0.000741364302 -0.00531456934 0.999985603 -0.00437043656 0.00117424846 0.99998976 0.999990216 0.00216104945 -0.0038598257 0.999976087 -0.00661060547 0.0020309033 0.999931522 -0.0117025515 3.9175472e-05 0.999853176 -0.0171351748 -0.000114322789 0.999873947 -0.0148165638 0.00570609187 0.999972075 0.00610244027 -0.00431390188 0.999200353 -0.00219581333 0.0399228347 0.99990768 -0.0117630268 0.00680161229 0.000587673553 -0.000220804486 0.999999803 -0.117768678 -0.0224089756 0.992788183 -0.0120775514 -0.0286028731 0.999517888 0.0113902049 -0.0213728879 0.999706688 0.0131041177 -0.0130181088 0.999829391 0.00365581531 -0.00973401175 0.999945941 0.00333637108 -0.00711272472 0.999969138 -0.000569666562 -0.0102921656 0.999946872 0.00272750564 -0.00753232363 0.999967912 -0.000859272343 -0.00697799634 0.999975284 -0.00134332482 -0.0026149258 0.999995679 -0.00160907636 0.000826443552 0.999998364 0.999216394 -0.010625072 0.0381274848 0.995905837 0.00185050887 0.0903777545 0.482030136 0.00860682375 0.876112362 0.99994785 -0.0101153894 -0.00140568402 0.999954332 -0.00809561682 -0.00507887151 0.999967705 -0.00535105389 -0.00599627844 0.999980318 -0.00618621757 0.0010459308 0.0641879782 -0.000388829062 0.99793775 -0.0336578714 -0.124556005 0.991641543 -0.000467644593 -0.00215010341 0.999997579 -0.00167217073 0.0149898867 0.999886247 -0.000304423278 0.0106220436 0.999943538 0.00835888618 -0.0109197943 0.999905439 0.919890012 -0.38809518 0.0564313509 0.998259984 -0.0569515516 -0.0152815276 0.997964009 -0.0637661288 -0.00131073887 0.996332065 -0.0855664364 0.000894978778 0.996509102 -0.0834834767 -0.000345466126 0.99687302 -0.0789983362 0.00185588476 0.997383023 -0.0715243109 0.0105535668 0.996661336 -0.0752069823 0.0317819382 0.0186446291 -0.013900363 0.999729542 0.0183462671 -0.00592366208 0.999814145 0.999965552 -0.00800298 -0.00220164496 0.999917312 -0.00412245702 -0.0121808862 0.00649856108 -0.192336677 0.981307481 0.0149181215 -0.18260861 0.983072502 0.00817933451 -0.0943127281 0.995509019 0.000525540153 -0.0786760254 0.996900099 -0.00122186857 -0.100029322 0.994983739 -0.000532754129 -0.115793234 0.993273197 0.00356866333 -0.119353686 0.992845387 0.00428126953 -0.0985213911 0.995125724 0.00182606725 -0.0789157134 0.996879619 4.13475022e-05 -0.0381057062 0.999273713 0.000339738807 -0.0683134239 0.997663852 0.00134410156 -0.0378832409 0.999281268 0.00343341849 -0.0375881502 0.999287417 0.929040713 -0.36935219 -0.0215014767 0.967659719 -0.252224137 -0.00420147819 0.974046284 -0.226348834 0.000205941519 0.973883509 -0.227046148 0.000978927423 0.978815059 -0.204746259 0.000223014145 0.982714411 -0.18512793 0.000187978009 0.999846582 -0.0170783608 0.00389138202 0.999978264 -0.00528522652 -0.00394187924 0.999976527 -0.00635460066 -0.00256207498 0.000116593466 0.00208997618 0.999997809 -0.00602241354 -0.00140448733 0.999980879 -0.00255147045 -0.002273646 0.99999416 0.00709459597 -0.00776607457 0.999944676 -0.00065066613 -0.00285867868 0.999995702 0.00773846271 -0.0139491762 0.99987276 0.0107465478 -0.022055475 0.999698989 0.00613473773 -0.0306607661 0.999511022 -0.000210102596 -0.0253818191 0.999677808 8.74179101e-05 -0.0248701127 0.999690687 -0.00159101059 -0.0233344 0.99972645 -0.000187599974 -0.0250864111 0.999685269 0.000334448923 -0.0229132569 0.999737401 -8.71597182e-05 -0.0264181496 0.999650976 0.000203596895 -0.0267249599 0.999642804 0.00281080124 -0.026031954 0.99965716 0.00504935475 -0.0269946484 0.999622825 0.999916139 -0.0122866048 -0.00409311491 0.999950591 -0.00937006643 -0.00331914046 0.99997347 -0.00626813903 -0.00371075804 0.99995318 -0.00476186133 -0.00842394739 0.00247373665 -0.0187148401 0.999821802 0.00357253059 -0.0260897936 0.99965322 0.0124430579 -0.0191629408 0.999738942 0.0124998909 -0.0186916684 0.999747155 -0.0446944114 0.00134638891 0.998999798 0.999703398 -0.0177562877 -0.016668258 0.999941901 -0.0101143164 -0.00372749784 0.99993328 -0.00497585865 -0.0104248025 0.999702814 -0.0106118678 -0.0219470047 -0.925340706 0.379126408 0.00278308979 -0.915969694 0.401247237 0.000417645974 -0.0650404451 0.997879519 -0.00249128687 -0.0873894408 0.996144055 0.00775289885 -0.282195371 0.959331292 0.00701747414 -0.0555816464 0.998453079 0.00145910397 -0.276062963 0.96113947 -0.000398232558 -0.0625366941 0.998041536 -0.0015014236 -0.266039322 0.96396127 0.00132231209 -0.061034737 0.998134061 0.00177711442 -0.198062755 0.980183526 0.00337641928 -0.0471431597 0.998888006 0.000524244983 -0.198376248 0.980125517 -0.000913663851 -0.0485065219 0.998822112 0.00122719318 -0.055970165 0.998424292 0.0040341223 -0.0614448986 0.998110438 -0.000280584847 -0.265904535 0.963998249 0.0014680611 -0.259378109 0.965770996 -0.00306266414 -0.039079781 0.999233263 -0.00237853575 -0.0715850482 0.997326319 -0.0146899182 -0.249215022 0.968447538 -0.00111289504 -0.0456737873 0.998915183 -0.00907536692 -0.032849725 0.998982196 0.0309106443 -0.0209026974 0.999729987 -0.0101503399 -0.0135208888 0.999906297 0.0021407172 -0.0139756637 0.999902165 -0.000584009297 -0.0164909825 0.999777655 -0.0131410813 -0.00183481168 0.99999275 0.00333658638 -0.0134797232 0.999909144 8.45813413e-06 -0.0103890024 0.999931053 -0.00547338679 -0.000713308338 0.0358909547 0.999355458 -0.0162934098 0.999786635 -0.0126967956 -0.00220314603 0.999959197 -0.00876076074 -0.0218490159 0.999761239 0.00029176466 -0.000511039468 0.999996417 0.002627663 -0.000574108933 0.999999835 -3.30763913e-05 0.00275499554 0.999994123 -0.00204042451 0.0035549506 0.999993681 2.05637499e-05 0.00495942437 0.999987702 9.80655578e-06 0.00395029385 0.999992125 -0.00038145101 0.00329635646 0.999992752 -0.00190503015 0.00281907769 0.999981539 -0.00538280985 6.03741187e-05 0.999995076 0.00313758418 0.00179744554 0.999996592 0.00189336355 0.00277488507 0.999990585 0.00333625739 0.00432317207 0.999990588 0.000366822468 0.00505097468 0.999987181 -0.000353974164 0.00590093683 0.999982586 -7.94133308e-05 0.00456057345 0.999953017 -0.00855370074 0.00524155583 0.99998489 -0.00165676356 0.00633970436 0.0174520607 0.999827602 0.000964948093 0.999976614 -0.0067705721 0.00287288895 0.99916805 0.0406811345 0.00282877968 0.88992831 0.456091659 0.00272839679 0.99997895 -0.00588685709 0.00151215592 0.998811252 -0.0487216224 0.00184968613 0.999950743 0.00975144602 0.002725318 0.999996213 0.000383252726 0.00398805213 0.999991972 -0.000388443459 0.00448888043 0.999989826 -0.000444054013 0.00303211828 0.999995402 -5.42401888e-05 0.00326374182 0.999988427 -0.00353471441 0.00256338928 0.999996529 -0.000608834261 0.00250063866 0.999996509 -0.000853832465 0.00178144933 0.999998412 -4.86908394e-05 0.000553907579 0.999999794 0.000323839906 0.000784667014 0.999999684 0.000129878593 7.57489587e-05 0.99999998 -0.000187325737 0.00079859355 0.999999635 -0.000304596681 0.000512678013 0.999999822 -0.000303991067 -0.000216885978 0.999999888 0.000420626724 0.00201825181 0.998031784 -0.0626776246 -3.83279289e-05 0.999994791 0.00322754083 -0.000132289335 0.02274182 0.999741363 0.000620548105 0.925226719 0.379414198 0.00210385191 0.999989915 -0.0039677501 -0.00078147546 0.999999596 0.000444262219 -0.000764053522 0.999997577 -0.00206445348 0.00188955248 0.999992097 0.003498065 -0.00033267684 0.99993316 -0.011557066 0.00125661255 0.999998834 0.000867708866 -0.000530031341 0.999999623 0.000688407313 -3.01341332e-05 0.999999973 0.000228915031 0.00332828535 0.999955116 0.0088706476 0.000394983808 0.999999922 2.22347993e-05 0.00066701672 0.999991725 -0.00401304025 0.000199228072 0.999999959 0.000207525151 0.00176780478 0.999994274 0.00288553059 0.000328383522 0.999999734 0.000652030414 0.00277531827 0.999947998 -0.0098132295 0.00181162502 0.998806663 0.0488054133 0.00393697698 0.997831765 -0.0656983232 0.00195219978 0.999997843 0.000709014022 0.00358772298 0.999990475 0.00248553533 0.00285858057 0.999995439 0.000974560579 0.00287882858 0.999995733 0.000497105061 0.00305091044 0.999995275 -0.000377302385 0.00417210759 0.999973719 -0.0059291109 0.00465046053 0.999988754 0.000930476858 -0.00107926616 0.0119160065 0.999928419 0.00227324855 0.934151333 0.356869892 0.00467917571 0.99998861 0.00094055564 0.00388081278 0.99999247 -1.24127525e-05 0.0041507905 0.999980766 -0.00460858527 0.00374475925 0.999984341 0.00415860421 0.00345373334 0.999992897 0.00150908284 0.00404914885 0.999991262 0.00103947222 0.00329353682 0.999994369 0.000644574129 0.0030628224 0.999995071 -0.000690249494 0.00214694587 0.999910168 0.0132304829 0.00323627299 0.999924503 -0.0118538814 0.00350278551 0.999985408 0.00411258858 0.00215555443 0.997765447 -0.0667792358 0.00381880172 0.999992429 0.000747968731 0.00165416246 0.999998622 0.000142524005 0.00208612111 0.999997605 0.000661698958 0.00159254533 0.999966806 -0.0079906555 0.000871519052 0.999990433 0.0042865437 0.00157551906 0.999997957 0.00126629208 0.00216680039 0.99999713 0.00102175465 0.000793958535 0.999998883 -0.00126626989 0.00219976839 0.999996058 0.00174523372 7.70760528e-05 0.0165077785 0.999863734 0.00134752446 0.882613131 0.470098122 0.00109148835 0.999999302 -0.000451373783 0.00126945241 0.997189433 -0.0749107727 0.000951048796 0.999995551 0.00282712832 6.00866177e-05 0.999999466 0.00103209423 -0.000107479503 0.999999372 0.00111586771 0.000127406104 0.999999291 0.00118388043 0.00060815139 0.999989661 -0.00450633391 0.000231571412 0.999999973 -9.19202341e-07 -0.000289270839 0.999999357 0.00109669965 -0.00042187863 0.999998983 0.00136248066 -0.000885185006 0.999999528 0.000399547218 -0.000483921406 0.999999143 0.0012165087 0.000777344186 0.999998696 -0.00141577893 0.00109051563 0.999908009 0.0135197847 0.000886932063 0.999996364 0.00254654356 0.000626949312 0.999998968 0.00129269585 0.00164970905 0.999984891 0.00524365169 0.00119145724 0.99989194 -0.0146522316 0.0034089002 0.999958089 0.00849709467 0.00345099885 0.999989645 0.00296672713 0.000761265642 0.999999643 0.000366470255 0.00168077157 0.999986614 -0.00489351112 0.00144780745 0.999997845 0.00148797157 0.00234309354 0.999997032 -0.00066845231 0.00289243157 0.999995009 0.00127088354 0.00321867411 0.999956145 -0.00879472885 0.00255381564 0.999996056 -0.0011685777 0.00317031529 0.999994708 0.000729635609 0.00134488784 0.994196165 -0.10757405 0.00431774906 0.999989177 0.00173277422 0.00417241471 0.999990491 0.00126867977 0.00319267816 0.999994765 -0.00052696674 0.00208619615 0.999941008 -0.0106596511 0.00181754221 0.999968741 0.00769502835 0.00398312096 0.999990166 0.00195023313 0.00397783854 0.999991563 0.00102547877 0.0032991828 0.999984524 0.00447959444 0.00259294003 0.99999647 0.000579624975 0.00229242694 0.999995687 -0.00183593025 0.00144467005 0.999984663 -0.00534664829 0.00293951645 0.999994274 0.00167679918 0.00231375057 0.99999729 -0.000259548779 0.00206228703 0.999939818 0.0107753076 0.00169570411 0.999996921 0.00181151741 0.000281582867 0.0161348269 0.999869786 0.00129987013 0.891990665 0.452051948 0.00125266902 0.999996654 0.00226342547 0.00295165895 0.999995037 0.00110164519 0.00108830323 0.999999164 0.000698683806 0.00148315924 0.999998037 0.0013141603 0.000795852037 0.999985724 0.00528381313 0.000590403963 0.999999561 0.000727796872 0.000613813037 0.999957907 0.00915463081 0.000784178282 0.999999074 0.00111218129 -6.72115056e-05 0.99248529 -0.122363981 0.00139115893 0.999398189 -0.034660123 0.000743956215 0.999998328 0.00167052095 0.000344695984 0.999998593 0.00164196434 0.00139324175 0.999977501 -0.00656178556 0.00104393143 0.999999386 -0.000370997001 0.00051795042 0.999999455 0.000906382447 0.00127863026 0.999822958 0.0187727713 0.000818528178 0.999999327 0.000821888912 0.000968217354 0.999999524 0.000124564256 0.00128273713 0.999998257 -0.00135634822 0.000696928171 0.999998252 0.00173497437 0.00141129417 0.999992616 0.00357436896 0.00148182006 0.00365381047 0.999992227 0.00239880741 0.880674746 0.473715354 0.00423153788 0.991013504 -0.133694907 0.00050605513 0.999998666 0.00155328707 0.00114257482 0.999998918 0.000926487762 0.00420476175 0.999981839 -0.00431752882 0.00290552696 0.999974157 0.00657597483 0.00362423878 0.999993428 9.5641961e-05 0.0045743748 0.999974023 0.00557026459 0.00364962641 0.99999307 0.000734379793 0.00219314127 0.999996245 0.00164344404 0.00503891125 0.999983542 0.00274332321 0.00553917669 0.999983836 0.00128240556 0.00629736394 0.999979779 0.000885936214 0.00619629184 0.999980741 0.000350531302 0.00668322237 0.999977613 0.000328335031 0.00689548586 0.99996539 0.00465517821 0.0080945166 0.999899869 -0.0116073838 0.00618171911 0.999979369 0.00174576794 0.0038472651 -0.00490631456 0.999980563 0.00616840526 0.885387266 0.464813232 0.00510990409 0.999962713 0.00696138753 0.00481059519 0.999988281 0.000543550192 0.00589419856 0.999982618 0.000149058186 0.0047261773 0.999986498 -0.00216032595 0.0112686946 0.990819632 -0.134719978 0.0026206543 0.999992008 0.00301926057 0.00311627143 0.999981762 0.00517344417 0.00450354105 0.999989175 0.00116981415 0.0017253171 0.999998496 0.000176156864 0.0014178741 0.999998655 0.00082381868 0.00234591323 0.999990802 -0.00359075637 -0.00018642374 0.999986126 0.00526438048 0.000262001048 0.999979282 0.00643164349 0.000663240722 0.999978659 0.00649935942 0.00551781155 0.872751761 0.488133093 0.00178565664 0.999998389 0.000184191325 0.00149306775 0.999996878 0.00200387085 0.0017785393 0.999998193 0.000670744101 0.00249728632 0.999902682 0.0137254915 0.00145873152 0.999982274 0.00577269587 0.00189009345 0.999998183 0.000248435892 0.0035657483 0.999993431 -0.000650595442 0.00317014141 0.999994518 0.000956377236 0.00261166594 0.999996415 0.000590341364 0.00402397451 0.999982414 -0.00435654202 -0.012040004 0.999649524 -0.0235768628 0.00316753095 0.999993294 -0.00183802824 0.00591968631 0.934744543 0.35527116 -0.00848063418 0.999957584 0.00359290222 -0.00581784407 0.999980372 0.00232555846 -0.0100995434 0.999948366 0.00112415887 -0.00835125517 0.999964668 0.000958351017 -0.00974464614 0.999952462 -0.000339098923 -0.0237125767 0.987343238 -0.156815317 -0.0132042812 0.999909048 -0.00274647881 -0.138714653 0.990269585 0.0111532449 -0.0969645077 0.994842308 -0.0297769294 -0.0894812463 0.995988476 0.000250749745 -0.0905662786 0.995883492 0.00371744999 -0.0935951954 0.995609208 0.00149795895 -0.0976871427 0.995215185 0.00198930601 -0.110259117 0.99390259 0.000754717317 -0.126938983 0.991908817 -0.00184203928 0.964804359 -0.00926711954 -0.262805382 0.999920913 -0.0123340837 -0.00245740655 0.999958078 -0.00889240708 -0.00218358443 0.999748492 -0.00887511532 0.0205957452 0.0697062449 0.00276313528 0.997563735 0.0071803765 0.00220264544 0.999971795 0.00246725127 0.999898654 0.0140211895 0.999844111 -0.0174976341 0.00236362305 0.999856016 -0.0164811126 -0.00403992523 0.999979388 -0.00461260479 -0.00446629674 0.999844879 0.00212376244 -0.0174844676 0.999981415 -0.00587444209 -0.00163096015 0.999961955 -0.00833238265 -0.00258051714 0.999912971 0.00721779556 -0.0110432913 0.999925989 0.0118937136 0.00256038108 0.999986443 -0.00300883793 -0.00424977727 0.999993631 -0.000591041737 -0.00351967796 0.999999359 -0.0011174714 -0.000179970033 0.999993849 0.00345611295 -0.000597489089 0.999969628 0.00735092929 -0.00258982969 0.999893385 -0.00767655686 -0.0124213398 0.909356565 0.0568953381 -0.412108673 0.999930288 0.0116124987 -0.00213756309 0.999904674 0.0124815058 -0.00590385594 0.999871342 0.00423680112 -0.0154709213 0.992903512 0.118807811 -0.00522681655 0.00835536714 0.959255018 -0.282418128 0.0126373936 0.999845022 -0.0122567914 0.110580508 0.993852466 0.00540614601 0.0157134084 0.99987643 0.000462572539 0.993886165 0.110389477 0.0021104439 0.116193984 0.993219401 0.00376558661 0.995323203 0.0965279114 -0.00375298206 0.0199723787 0.999796773 0.00274168662 0.122324273 0.992488708 0.00171347449 0.993722213 0.111786183 -0.00447359719 0.112556365 0.993645018 0.000801551318 0.0258664799 0.99966351 0.00194724428 0.994682114 0.102983701 -0.00135966883 0.0217376446 0.999753318 -0.00455832212 0.108061119 0.994122601 -0.00656120216 0.997455439 0.0712699664 -0.00179949626 0.109912512 0.99391967 -0.00655202457 0.0307170009 0.999518486 -0.00438895427 0.997939455 0.0640818714 -0.00321835065 0.0102737205 0.999943562 -0.00270621475 0.0901433613 0.995925713 -0.00247957331 0.997864668 0.0652183833 -0.00355894897 0.0823101477 0.99660514 -0.00179824114 0.0226756626 0.999741626 -0.00157975689 0.00935864958 0.99995612 0.000417640234 0.997868378 0.0638188104 -0.0136330402 0.0779280735 0.996958984 1.81755807e-05 0.0146696856 0.999885886 0.00360772754 0.994577391 0.103966785 0.0025926112 0.0738401568 0.996813626 0.0301699627 0.044677702 0.0746007836 0.996212139 0.00263728266 0.999928057 0.0117015335 0.00448214454 0.999980912 -0.00425284519 0.00111324376 0.999999238 -0.00053369387 0.00176533273 0.999984582 -0.00526499633 0.00243794175 0.0328037718 0.999458838 0.00562221346 0.998238549 0.0590609018 0.00951471333 0.999953624 0.00148985383 0.00983619594 0.999949033 0.00227603009 0.00826689467 0.999964197 -0.00180641535 0.00785993277 0.999950966 -0.00602379917 0.00452191889 0.999987785 -0.00199573993 0.00219838646 0.999994164 -0.00261511151 -0.00431672335 0.999990069 -0.00110788154 -0.00194275004 0.999998036 -0.000391048996 -0.00128852374 0.999995063 0.00286581451 0.0104901048 0.999944723 0.000713474867 0.00239218664 0.999991962 -0.00321771741 9.23449274e-06 0.0186641146 0.99982581 -0.00735714302 0.998188499 0.0597125822 -0.00134526928 0.960866558 -0.277008389 0.00464105399 0.999827341 -0.0179930301 0.0100134102 0.999949854 -0.000147435179 -0.000441472061 0.999998193 -0.0018492656 0.00452118286 0.999989431 0.000835327901 0.0112323166 0.999935169 0.00186916402 0.010302375 0.999938285 -0.00415786105 -0.0252020475 0.999681518 -0.00131097883 -0.0101427109 0.99994838 0.000602276658 -0.0192268882 0.999812944 -0.00209830085 -0.0276858059 0.999615663 -0.00142242703 -0.0422742304 0.999105994 -0.000319483294 -0.0432005809 0.999066349 0.000373378506 -0.0507045353 0.998691958 -0.00658956056</float_array><technique_common><accessor source="#normals_0-array" count="4545" stride="3"><param name="X" type="float"/><param name="Y" type="float"/><param name="Z" type="float"/></accessor></technique_common></source><vertices id="vert_0">
          <input semantic="POSITION" source="#pos_0"/>
        </vertices>
        <triangles count="7854" material="mat_0">
          <input semantic="VERTEX" source="#vert_0" offset="0"/>
          <input semantic="TEXCOORD" source="#uvs_0" offset="1"/>
          <input semantic="NORMAL" source="#normals_0" offset="2"/><p>0 0 0 1 1 1 2 2 2 0 0 0 2 2 2 3 3 3 4 4 4 5 5 5 6 6 6 7 7 7 8 8 8 9 9 9 8 8 8 10 10 10 9 9 9 10 10 10 11 11 11 9 9 9 10 10 10 12 12 12 11 11 11 13 13 13 14 14 14 15 15 15 14 14 14 13 13 13 16 16 16 13 13 13 17 17 17 16 16 16 17 17 17 18 18 18 16 16 16 17 17 17 19 19 19 20 20 20 17 17 17 20 20 20 18 18 18 19 19 19 21 21 21 20 20 20 19 19 19 22 22 22 21 21 21 21 21 21 22 22 22 23 23 23 22 22 22 24 24 24 23 23 23 22 22 22 25 25 25 24 24 24 25 25 25 26 26 26 24 24 24 25 25 25 27 27 27 26 26 26 27 27 27 28 28 28 26 26 26 27 27 27 29 29 29 28 28 28 28 28 28 29 29 29 30 30 30 6 6 6 5 5 5 31 31 31 5 5 5 32 32 32 31 31 31 32 32 32 15 15 15 33 33 33 14 14 14 16 16 16 34 34 34 16 16 16 18 18 18 35 35 35 18 18 18 20 20 20 35 35 35 20 20 20 36 36 36 35 35 35 20 20 20 37 37 37 36 36 36 20 20 20 21 21 21 37 37 37 21 21 21 23 23 23 38 38 38 26 26 26 28 28 28 39 39 39 28 28 28 30 30 30 40 40 40 28 28 28 40 40 40 39 39 39 41 41 41 42 42 42 43 43 43 41 41 41 43 43 43 44 44 44 3 3 3 2 2 2 45 45 45 6 6 6 31 31 31 46 46 46 31 31 31 32 32 32 47 47 47 47 47 47 32 32 32 33 33 33 15 15 15 48 48 48 33 33 33 15 15 15 14 14 14 48 48 48 14 14 14 34 34 34 48 48 48 34 34 34 16 16 16 49 49 49 16 16 16 35 35 35 49 49 49 50 50 50 35 35 35 36 36 36 37 37 37 21 21 21 38 38 38 38 38 38 23 23 23 51 51 51 23 23 23 24 24 24 51 51 51 51 51 51 24 24 24 52 52 52 24 24 24 26 26 26 52 52 52 52 52 52 26 26 26 53 53 53 26 26 26 39 39 39 53 53 53 3 3 3 45 45 45 54 54 54 34 34 34 49 49 49 55 55 55 49 49 49 35 35 35 50 50 50 36 36 36 37 37 37 56 56 56 56 56 56 37 37 37 57 57 57 37 37 37 38 38 38 57 57 57 46 46 46 31 31 31 58 58 58 31 31 31 47 47 47 58 58 58 47 47 47 33 33 33 58 58 58 33 33 33 59 59 59 58 58 58 33 33 33 48 48 48 59 59 59 59 59 59 48 48 48 60 60 60 48 48 48 34 34 34 61 61 61 48 48 48 61 61 61 60 60 60 34 34 34 55 55 55 61 61 61 55 55 55 49 49 49 62 62 62 62 62 62 49 49 49 50 50 50 50 50 50 36 36 36 63 63 63 63 63 63 36 36 36 64 64 64 36 36 36 56 56 56 64 64 64 57 57 57 38 38 38 65 65 65 65 65 65 38 38 38 66 66 66 38 38 38 51 51 51 66 66 66 51 51 51 52 52 52 66 66 66 52 52 52 53 53 53 67 67 67 53 53 53 39 39 39 67 67 67 39 39 39 40 40 40 68 68 68 44 44 44 43 43 43 69 69 69 50 50 50 63 63 63 62 62 62 56 56 56 57 57 57 64 64 64 57 57 57 65 65 65 64 64 64 52 52 52 67 67 67 66 66 66 67 67 67 39 39 39 70 70 70 39 39 39 68 68 68 70 70 70 69 69 69 43 43 43 71 71 71 54 54 54 45 45 45 72 72 72 72 72 72 45 45 45 73 73 73 46 46 46 58 58 58 74 74 74 58 58 58 75 75 75 74 74 74 58 58 58 59 59 59 75 75 75 59 59 59 76 76 76 75 75 75 59 59 59 60 60 60 76 76 76 60 60 60 61 61 61 76 76 76 76 76 76 61 61 61 77 77 77 61 61 61 55 55 55 77 77 77 55 55 55 62 62 62 77 77 77 62 62 62 78 78 78 77 77 77 62 62 62 63 63 63 78 78 78 63 63 63 79 79 79 78 78 78 63 63 63 64 64 64 79 79 79 64 64 64 80 80 80 79 79 79 64 64 64 65 65 65 80 80 80 65 65 65 66 66 66 80 80 80 80 80 80 66 66 66 81 81 81 66 66 66 82 82 82 81 81 81 66 66 66 67 67 67 82 82 82 83 83 83 82 82 82 70 70 70 67 67 67 70 70 70 82 82 82 69 69 69 71 71 71 84 84 84 85 85 85 86 86 86 87 87 87 87 87 87 86 86 86 88 88 88 86 86 86 89 89 89 88 88 88 89 89 89 90 90 90 88 88 88 89 89 89 91 91 91 90 90 90 91 91 91 92 92 92 90 90 90 92 92 92 93 93 93 90 90 90 92 92 92 94 94 94 93 93 93 94 94 94 95 95 95 93 93 93 93 93 93 95 95 95 96 96 96 95 95 95 97 97 97 96 96 96 97 97 97 98 98 98 96 96 96 98 98 98 99 99 99 96 96 96 98 98 98 100 100 100 99 99 99 0 0 0 3 3 3 101 101 101 102 102 102 103 103 103 104 104 104 87 87 87 88 88 88 105 105 105 105 105 105 88 88 88 106 106 106 106 106 106 88 88 88 107 107 107 88 88 88 90 90 90 107 107 107 107 107 107 90 90 90 108 108 108 108 108 108 90 90 90 109 109 109 90 90 90 93 93 93 109 109 109 109 109 109 93 93 93 110 110 110 110 110 110 93 93 93 111 111 111 111 111 111 93 93 93 112 112 112 93 93 93 96 96 96 112 112 112 112 112 112 96 96 96 113 113 113 96 96 96 99 99 99 113 113 113 113 113 113 99 99 99 114 114 114 3 3 3 115 115 115 101 101 101 3 3 3 54 54 54 115 115 115 115 115 115 54 54 54 116 116 116 54 54 54 72 72 72 116 116 116 87 87 87 105 105 105 117 117 117 105 105 105 106 106 106 118 118 118 107 107 107 119 119 119 120 120 120 107 107 107 108 108 108 119 119 119 112 112 112 113 113 113 121 121 121 113 113 113 114 114 114 122 122 122 0 0 0 101 101 101 123 123 123 101 101 101 115 115 115 123 123 123 124 124 124 106 106 106 120 120 120 106 106 106 107 107 107 120 120 120 119 119 119 108 108 108 125 125 125 108 108 108 109 109 109 125 125 125 109 109 109 110 110 110 125 125 125 110 110 110 126 126 126 125 125 125 126 126 126 110 110 110 127 127 127 110 110 110 111 111 111 127 127 127 111 111 111 112 112 112 127 127 127 121 121 121 113 113 113 128 128 128 128 128 128 113 113 113 122 122 122 129 129 129 71 71 71 130 130 130 115 115 115 116 116 116 131 131 131 120 120 120 119 119 119 132 132 132 133 133 133 125 125 125 134 134 134 125 125 125 126 126 126 134 134 134 112 112 112 121 121 121 127 127 127 122 122 122 114 114 114 135 135 135 122 122 122 135 135 135 136 136 136 129 129 129 130 130 130 137 137 137 117 117 117 105 105 105 138 138 138 118 118 118 106 106 106 124 124 124 120 120 120 132 132 132 139 139 139 132 132 132 119 119 119 140 140 140 119 119 119 125 125 125 140 140 140 140 140 140 125 125 125 133 133 133 133 133 133 134 134 134 141 141 141 141 141 141 134 134 134 142 142 142 134 134 134 126 126 126 142 142 142 126 126 126 127 127 127 143 143 143 127 127 127 121 121 121 144 144 144 121 121 121 128 128 128 145 145 145 128 128 128 122 122 122 146 146 146 122 122 122 136 136 136 146 146 146 138 138 138 105 105 105 147 147 147 105 105 105 118 118 118 147 147 147 118 118 118 124 124 124 148 148 148 148 148 148 124 124 124 149 149 149 139 139 139 132 132 132 140 140 140 140 140 140 133 133 133 150 150 150 150 150 150 133 133 133 151 151 151 133 133 133 141 141 141 151 151 151 126 126 126 143 143 143 142 142 142 127 127 127 152 152 152 143 143 143 152 152 152 127 127 127 144 144 144 144 144 144 121 121 121 145 145 145 145 145 145 128 128 128 146 146 146 123 123 123 115 115 115 153 153 153 115 115 115 131 131 131 153 153 153 140 140 140 150 150 150 154 154 154 141 141 141 155 155 155 151 151 151 145 145 145 146 146 146 156 156 156 157 157 157 123 123 123 158 158 158 123 123 123 153 153 153 158 158 158 124 124 124 120 120 120 159 159 159 120 120 120 139 139 139 159 159 159 140 140 140 154 154 154 139 139 139 144 144 144 145 145 145 160 160 160 160 160 160 145 145 145 156 156 156 147 147 147 118 118 118 148 148 148 149 149 149 124 124 124 161 161 161 161 161 161 124 124 124 159 159 159 139 139 139 154 154 154 162 162 162 139 139 139 162 162 162 159 159 159 150 150 150 163 163 163 154 154 154 150 150 150 151 151 151 163 163 163 141 141 141 142 142 142 155 155 155 155 155 155 142 142 142 164 164 164 142 142 142 143 143 143 164 164 164 164 164 164 143 143 143 152 152 152 144 144 144 160 160 160 152 152 152 146 146 146 136 136 136 165 165 165 136 136 136 135 135 135 165 165 165 148 148 148 149 149 149 166 166 166 159 159 159 167 167 167 161 161 161 153 153 153 131 131 131 168 168 168 131 131 131 169 169 169 168 168 168 159 159 159 170 170 170 167 167 167 159 159 159 162 162 162 170 170 170 162 162 162 154 154 154 171 171 171 162 162 162 171 171 171 170 170 170 154 154 154 163 163 163 171 171 171 151 151 151 155 155 155 163 163 163 163 163 163 155 155 155 172 172 172 172 172 172 155 155 155 164 164 164 152 152 152 160 160 160 164 164 164 156 156 156 146 146 146 173 173 173 166 166 166 149 149 149 174 174 174 149 149 149 161 161 161 174 174 174 161 161 161 175 175 175 174 174 174 161 161 161 167 167 167 175 175 175 175 175 175 167 167 167 176 176 176 167 167 167 170 170 170 177 177 177 170 170 170 178 178 178 177 177 177 170 170 170 171 171 171 178 178 178 171 171 171 163 163 163 179 179 179 163 163 163 172 172 172 179 179 179 172 172 172 164 164 164 180 180 180 180 180 180 164 164 164 181 181 181 164 164 164 160 160 160 181 181 181 160 160 160 182 182 182 181 181 181 160 160 160 183 183 183 182 182 182 160 160 160 173 173 173 183 183 183 160 160 160 156 156 156 173 173 173 158 158 158 153 153 153 184 184 184 153 153 153 168 168 168 184 184 184 147 147 147 148 148 148 185 185 185 148 148 148 166 166 166 185 185 185 166 166 166 174 174 174 186 186 186 176 176 176 167 167 167 187 187 187 167 167 167 177 177 177 187 187 187 178 178 178 171 171 171 188 188 188 171 171 171 179 179 179 188 188 188 179 179 179 172 172 172 180 180 180 189 189 189 190 190 190 191 191 191 191 191 191 190 190 190 192 192 192 190 190 190 193 193 193 192 192 192 173 173 173 146 146 146 194 194 194 191 191 191 192 192 192 195 195 195 196 196 196 197 197 197 198 198 198 196 196 196 191 191 191 197 197 197 191 191 191 195 195 195 197 197 197 198 198 198 197 197 197 199 199 199 195 195 195 192 192 192 200 200 200 201 201 201 202 202 202 203 203 203 204 204 204 205 205 205 206 206 206 205 205 205 204 204 204 199 199 199 204 204 204 198 198 198 199 199 199 197 197 197 195 195 195 199 199 199 207 207 207 208 208 208 209 209 209 208 208 208 210 210 210 209 209 209 208 208 208 211 211 211 210 210 210 211 211 211 206 206 206 212 212 212 211 211 211 212 212 212 210 210 210 206 206 206 205 205 205 212 212 212 212 212 212 205 205 205 213 213 213 199 199 199 195 195 195 214 214 214 195 195 195 200 200 200 214 214 214 201 201 201 203 203 203 215 215 215 209 209 209 216 216 216 207 207 207 209 209 209 210 210 210 216 216 216 210 210 210 212 212 212 217 217 217 217 217 217 212 212 212 218 218 218 212 212 212 213 213 213 218 218 218 205 205 205 219 219 219 213 213 213 205 205 205 199 199 199 219 219 219 219 219 219 199 199 199 220 220 220 203 203 203 207 207 207 221 221 221 221 221 221 207 207 207 222 222 222 222 222 222 207 207 207 223 223 223 223 223 223 207 207 207 216 216 216 216 216 216 210 210 210 224 224 224 210 210 210 217 217 217 224 224 224 214 214 214 200 200 200 225 225 225 216 216 216 226 226 226 223 223 223 217 217 217 218 218 218 224 224 224 213 213 213 219 219 219 227 227 227 215 215 215 203 203 203 228 228 228 203 203 203 221 221 221 228 228 228 216 216 216 224 224 224 226 226 226 220 220 220 199 199 199 229 229 229 199 199 199 214 214 214 229 229 229 218 218 218 213 213 213 227 227 227 222 222 222 223 223 223 230 230 230 219 219 219 220 220 220 231 231 231 221 221 221 222 222 222 232 232 232 222 222 222 230 230 230 232 232 232 223 223 223 226 226 226 230 230 230 226 226 226 224 224 224 233 233 233 227 227 227 219 219 219 231 231 231 231 231 231 220 220 220 234 234 234 220 220 220 229 229 229 234 234 234 226 226 226 233 233 233 235 235 235 224 224 224 236 236 236 233 233 233 224 224 224 218 218 218 236 236 236 236 236 236 218 218 218 237 237 237 218 218 218 227 227 227 237 237 237 228 228 228 221 221 221 232 232 232 230 230 230 226 226 226 235 235 235 237 237 237 227 227 227 238 238 238 227 227 227 231 231 231 238 238 238 215 215 215 228 228 228 239 239 239 214 214 214 225 225 225 240 240 240 229 229 229 214 214 214 241 241 241 214 214 214 240 240 240 241 241 241 233 233 233 236 236 236 242 242 242 236 236 236 237 237 237 242 242 242 232 232 232 230 230 230 243 243 243 232 232 232 243 243 243 228 228 228 242 242 242 237 237 237 244 244 244 237 237 237 238 238 238 244 244 244 238 238 238 231 231 231 245 245 245 231 231 231 246 246 246 245 245 245 231 231 231 234 234 234 246 246 246 243 243 243 230 230 230 247 247 247 230 230 230 235 235 235 247 247 247 235 235 235 233 233 233 248 248 248 239 239 239 228 228 228 249 249 249 247 247 247 235 235 235 248 248 248 246 246 246 234 234 234 250 250 250 234 234 234 229 229 229 250 250 250 229 229 229 241 241 241 250 250 250 228 228 228 243 243 243 249 249 249 239 239 239 249 249 249 251 251 251 233 233 233 242 242 242 252 252 252 242 242 242 244 244 244 252 252 252 238 238 238 245 245 245 253 253 253 246 246 246 250 250 250 245 245 245 239 239 239 251 251 251 254 254 254 244 244 244 238 238 238 253 253 253 250 250 250 241 241 241 255 255 255 248 248 248 233 233 233 256 256 256 233 233 233 252 252 252 256 256 256 241 241 241 240 240 240 255 255 255 249 249 249 243 243 243 251 251 251 248 248 248 256 256 256 247 247 247 256 256 256 252 252 252 257 257 257 244 244 244 253 253 253 258 258 258 255 255 255 240 240 240 259 259 259 251 251 251 243 243 243 260 260 260 261 261 261 247 247 247 256 256 256 252 252 252 244 244 244 257 257 257 244 244 244 258 258 258 257 257 257 258 258 258 253 253 253 262 262 262 253 253 253 245 245 245 262 262 262 245 245 245 263 263 263 262 262 262 245 245 245 250 250 250 263 263 263 250 250 250 255 255 255 263 263 263 243 243 243 247 247 247 260 260 260 247 247 247 261 261 261 260 260 260 256 256 256 257 257 257 264 264 264 257 257 257 258 258 258 264 264 264 262 262 262 263 263 263 265 265 265 263 263 263 255 255 255 265 265 265 251 251 251 260 260 260 266 266 266 261 261 261 256 256 256 267 267 267 267 267 267 256 256 256 264 264 264 258 258 258 262 262 262 268 268 268 254 254 254 251 251 251 269 269 269 254 254 254 269 269 269 270 270 270 266 266 266 260 260 260 271 271 271 260 260 260 261 261 261 272 272 272 261 261 261 267 267 267 272 272 272 267 267 267 264 264 264 273 273 273 274 274 274 264 264 264 275 275 275 264 264 264 258 258 258 275 275 275 258 258 258 276 276 276 275 275 275 258 258 258 268 268 268 276 276 276 262 262 262 265 265 265 268 268 268 273 273 273 264 264 264 274 274 274 255 255 255 259 259 259 277 277 277 251 251 251 266 266 266 269 269 269 265 265 265 255 255 255 278 278 278 255 255 255 277 277 277 278 278 278 260 260 260 272 272 272 271 271 271 272 272 272 267 267 267 279 279 279 267 267 267 273 273 273 279 279 279 271 271 271 272 272 272 279 279 279 273 273 273 274 274 274 279 279 279 280 280 280 274 274 274 275 275 275 268 268 268 265 265 265 281 281 281 265 265 265 278 278 278 282 282 282 279 279 279 274 274 274 280 280 280 275 275 275 276 276 276 280 280 280 276 276 276 268 268 268 281 281 281 281 281 281 265 265 265 282 282 282 283 283 283 266 266 266 271 271 271 280 280 280 276 276 276 284 284 284 276 276 276 281 281 281 284 284 284 269 269 269 266 266 266 283 283 283 269 269 269 283 283 283 285 285 285 283 283 283 271 271 271 286 286 286 271 271 271 279 279 279 286 286 286 279 279 279 287 287 287 286 286 286 287 287 287 279 279 279 288 288 288 279 279 279 280 280 280 288 288 288 288 288 288 280 280 280 289 289 289 280 280 280 290 290 290 289 289 289 280 280 280 284 284 284 290 290 290 284 284 284 281 281 281 291 291 291 281 281 281 282 282 282 292 292 292 282 282 282 278 278 278 292 292 292 291 291 291 281 281 281 293 293 293 281 281 281 292 292 292 293 293 293 278 278 278 277 277 277 294 294 294 294 294 294 277 277 277 295 295 295 270 270 270 269 269 269 296 296 296 270 270 270 296 296 296 297 297 297 269 269 269 285 285 285 296 296 296 288 288 288 289 289 289 298 298 298 292 292 292 278 278 278 294 294 294 283 283 283 286 286 286 299 299 299 286 286 286 287 287 287 300 300 300 287 287 287 288 288 288 301 301 301 284 284 284 291 291 291 290 290 290 285 285 285 283 283 283 299 299 299 300 300 300 287 287 287 302 302 302 299 299 299 286 286 286 300 300 300 287 287 287 301 301 301 302 302 302 289 289 289 290 290 290 303 303 303 291 291 291 293 293 293 304 304 304 293 293 293 292 292 292 305 305 305 292 292 292 294 294 294 305 305 305 285 285 285 299 299 299 306 306 306 298 298 298 289 289 289 303 303 303 290 290 290 291 291 291 307 307 307 307 307 307 291 291 291 304 304 304 288 288 288 298 298 298 301 301 301 303 303 303 290 290 290 308 308 308 296 296 296 285 285 285 306 306 306 301 301 301 298 298 298 309 309 309 298 298 298 303 303 303 309 309 309 303 303 303 308 308 308 309 309 309 293 293 293 305 305 305 304 304 304 308 308 308 290 290 290 307 307 307 300 300 300 302 302 302 310 310 310 301 301 301 309 309 309 311 311 311 294 294 294 295 295 295 312 312 312 313 313 313 314 314 314 315 315 315 306 306 306 299 299 299 316 316 316 315 315 315 314 314 314 317 317 317 296 296 296 306 306 306 318 318 318 308 308 308 307 307 307 319 319 319 294 294 294 312 312 312 320 320 320 299 299 299 300 300 300 316 316 316 305 305 305 294 294 294 321 321 321 294 294 294 320 320 320 321 321 321 297 297 297 296 296 296 318 318 318 297 297 297 318 318 318 322 322 322 316 316 316 300 300 300 310 310 310 302 302 302 301 301 301 310 310 310 301 301 301 323 323 323 310 310 310 301 301 301 311 311 311 323 323 323 309 309 309 308 308 308 311 311 311 319 319 319 307 307 307 324 324 324 307 307 307 304 304 304 324 324 324 318 318 318 306 306 306 325 325 325 306 306 306 316 316 316 325 325 325 304 304 304 305 305 305 321 321 321 311 311 311 308 308 308 319 319 319 304 304 304 321 321 321 326 326 326 316 316 316 310 310 310 327 327 327 310 310 310 323 323 323 327 327 327 323 323 323 311 311 311 328 328 328 311 311 311 329 329 329 328 328 328 324 324 324 304 304 304 326 326 326 321 321 321 320 320 320 330 330 330 316 316 316 327 327 327 331 331 331 311 311 311 319 319 319 329 329 329 322 322 322 318 318 318 332 332 332 318 318 318 325 325 325 332 332 332 325 325 325 316 316 316 333 333 333 316 316 316 331 331 331 333 333 333 329 329 329 319 319 319 324 324 324 326 326 326 321 321 321 330 330 330 327 327 327 323 323 323 334 334 334 323 323 323 328 328 328 334 334 334 329 329 329 324 324 324 335 335 335 324 324 324 326 326 326 336 336 336 326 326 326 330 330 330 336 336 336 320 320 320 312 312 312 337 337 337 315 315 315 317 317 317 338 338 338 338 338 338 317 317 317 339 339 339 329 329 329 335 335 335 340 340 340 324 324 324 336 336 336 335 335 335 330 330 330 320 320 320 341 341 341 322 322 322 332 332 332 342 342 342 331 331 331 327 327 327 343 343 343 327 327 327 334 334 334 343 343 343 325 325 325 333 333 333 344 344 344 331 331 331 343 343 343 345 345 345 328 328 328 329 329 329 340 340 340 333 333 333 331 331 331 346 346 346 331 331 331 345 345 345 346 346 346 334 334 334 328 328 328 347 347 347 332 332 332 325 325 325 348 348 348 325 325 325 344 344 344 348 348 348 344 344 344 333 333 333 346 346 346 328 328 328 340 340 340 347 347 347 341 341 341 320 320 320 337 337 337 334 334 334 347 347 347 343 343 343 340 340 340 335 335 335 349 349 349 345 345 345 343 343 343 350 350 350 338 338 338 339 339 339 351 351 351 342 342 342 332 332 332 352 352 352 346 346 346 345 345 345 353 353 353 353 353 353 345 345 345 350 350 350 336 336 336 330 330 330 354 354 354 340 340 340 355 355 355 347 347 347 340 340 340 349 349 349 355 355 355 352 352 352 332 332 332 348 348 348 335 335 335 336 336 336 349 349 349 354 354 354 330 330 330 341 341 341 343 343 343 347 347 347 350 350 350 356 356 356 347 347 347 355 355 355 337 337 337 357 357 357 358 358 358 348 348 348 344 344 344 359 359 359 344 344 344 346 346 346 359 359 359 350 350 350 347 347 347 360 360 360 347 347 347 356 356 356 360 360 360 336 336 336 354 354 354 349 349 349 342 342 342 352 352 352 361 361 361 361 361 361 352 352 352 362 362 362 359 359 359 346 346 346 363 363 363 346 346 346 353 353 353 363 363 363 364 364 364 355 355 355 349 349 349 353 353 353 350 350 350 363 363 363 355 355 355 364 364 364 356 356 356 352 352 352 348 348 348 362 362 362 350 350 350 365 365 365 363 363 363 365 365 365 350 350 350 360 360 360 360 360 360 356 356 356 366 366 366 341 341 341 337 337 337 367 367 367 354 354 354 341 341 341 368 368 368 341 341 341 367 367 367 368 368 368 364 364 364 349 349 349 369 369 369 369 369 369 349 349 349 370 370 370 370 370 370 349 349 349 368 368 368 349 349 349 354 354 354 368 368 368 337 337 337 358 358 358 367 367 367 362 362 362 348 348 348 371 371 371 348 348 348 359 359 359 371 371 371 358 358 358 357 357 357 372 372 372 356 356 356 364 364 364 366 366 366 361 361 361 362 362 362 373 373 373 373 373 373 362 362 362 374 374 374 371 371 371 359 359 359 375 375 375 362 362 362 371 371 371 374 374 374 359 359 359 363 363 363 376 376 376 367 367 367 358 358 358 372 372 372 376 376 376 363 363 363 377 377 377 363 363 363 365 365 365 377 377 377 365 365 365 360 360 360 366 366 366 366 366 366 364 364 364 378 378 378 364 364 364 369 369 369 378 378 378 375 375 375 359 359 359 376 376 376 377 377 377 365 365 365 378 378 378 365 365 365 366 366 366 378 378 378 369 369 369 370 370 370 379 379 379 370 370 370 368 368 368 380 380 380 368 368 368 367 367 367 380 380 380 367 367 367 372 372 372 381 381 381 371 371 371 375 375 375 382 382 382 378 378 378 369 369 369 383 383 383 383 383 383 369 369 369 379 379 379 372 372 372 357 357 357 384 384 384 374 374 374 371 371 371 385 385 385 371 371 371 382 382 382 385 385 385 375 375 375 376 376 376 382 382 382 372 372 372 384 384 384 381 381 381 376 376 376 377 377 377 386 386 386 373 373 373 374 374 374 385 385 385 379 379 379 370 370 370 387 387 387 370 370 370 380 380 380 387 387 387 367 367 367 381 381 381 380 380 380 385 385 385 382 382 382 388 388 388 382 382 382 376 376 376 386 386 386 386 386 386 377 377 377 389 389 389 377 377 377 378 378 378 390 390 390 385 385 385 388 388 388 391 391 391 389 389 389 377 377 377 390 390 390 387 387 387 380 380 380 392 392 392 388 388 388 382 382 382 393 393 393 382 382 382 386 386 386 393 393 393 378 378 378 383 383 383 394 394 394 383 383 383 379 379 379 395 395 395 390 390 390 378 378 378 394 394 394 383 383 383 395 395 395 394 394 394 381 381 381 384 384 384 396 396 396 373 373 373 385 385 385 397 397 397 397 397 397 385 385 385 398 398 398 385 385 385 391 391 391 398 398 398 391 391 391 388 388 388 393 393 393 393 393 393 386 386 386 399 399 399 394 394 394 400 400 400 390 390 390 379 379 379 387 387 387 395 395 395 380 380 380 381 381 381 396 396 396 400 400 400 389 389 389 390 390 390 394 394 394 395 395 395 401 401 401 392 392 392 380 380 380 402 402 402 380 380 380 396 396 396 402 402 402 386 386 386 389 389 389 399 399 399 399 399 399 389 389 389 403 403 403 389 389 389 400 400 400 403 403 403 400 400 400 394 394 394 401 401 401 391 391 391 393 393 393 404 404 404 399 399 399 403 403 403 405 405 405 400 400 400 401 401 401 406 406 406 395 395 395 387 387 387 392 392 392 398 398 398 391 391 391 404 404 404 401 401 401 395 395 395 407 407 407 407 407 407 395 395 395 392 392 392 393 393 393 399 399 399 404 404 404 404 404 404 399 399 399 405 405 405 403 403 403 400 400 400 406 406 406 406 406 406 401 401 401 408 408 408 408 408 408 401 401 401 407 407 407 402 402 402 396 396 396 409 409 409 396 396 396 410 410 410 409 409 409 396 396 396 384 384 384 411 411 411 396 396 396 411 411 411 410 410 410 397 397 397 398 398 398 412 412 412 397 397 397 412 412 412 413 413 413 398 398 398 414 414 414 412 412 412 398 398 398 404 404 404 414 414 414 404 404 404 415 415 415 414 414 414 404 404 404 405 405 405 415 415 415 405 405 405 416 416 416 415 415 415 405 405 405 403 403 403 416 416 416 403 403 403 406 406 406 416 416 416 416 416 416 406 406 406 417 417 417 406 406 406 408 408 408 417 417 417 407 407 407 392 392 392 408 408 408 408 408 408 392 392 392 418 418 418 392 392 392 402 402 402 418 418 418 402 402 402 409 409 409 418 418 418 414 414 414 415 415 415 412 412 412 410 410 410 411 411 411 409 409 409 413 413 413 412 412 412 419 419 419 412 412 412 415 415 415 419 419 419 415 415 415 420 420 420 419 419 419 415 415 415 416 416 416 420 420 420 416 416 416 417 417 417 420 420 420 420 420 420 417 417 417 421 421 421 417 417 417 408 408 408 421 421 421 421 421 421 408 408 408 422 422 422 408 408 408 418 418 418 422 422 422 418 418 418 423 423 423 422 422 422 418 418 418 409 409 409 423 423 423 409 409 409 411 411 411 423 423 423 423 423 423 411 411 411 424 424 424 168 168 168 169 169 169 425 425 425 147 147 147 185 185 185 426 426 426 174 174 174 175 175 175 427 427 427 175 175 175 176 176 176 428 428 428 175 175 175 428 428 428 427 427 427 429 429 429 430 430 430 431 431 431 187 187 187 177 177 177 432 432 432 177 177 177 178 178 178 432 432 432 432 432 432 178 178 178 433 433 433 433 433 433 178 178 178 434 434 434 178 178 178 188 188 188 434 434 434 434 434 434 188 188 188 435 435 435 188 188 188 179 179 179 435 435 435 179 179 179 436 436 436 435 435 435 179 179 179 180 180 180 436 436 436 180 180 180 437 437 437 436 436 436 180 180 180 438 438 438 437 437 437 180 180 180 181 181 181 438 438 438 181 181 181 439 439 439 438 438 438 439 439 439 181 181 181 440 440 440 189 189 189 191 191 191 441 441 441 183 183 183 173 173 173 442 442 442 165 165 165 135 135 135 443 443 443 431 431 431 430 430 430 444 444 444 430 430 430 445 445 445 446 446 446 445 445 445 447 447 447 448 448 448 447 447 447 449 449 449 448 448 448 448 448 448 449 449 449 450 450 450 449 449 449 451 451 451 450 450 450 450 450 450 451 451 451 452 452 452 451 451 451 453 453 453 452 452 452 453 453 453 454 454 454 452 452 452 453 453 453 455 455 455 454 454 454 455 455 455 456 456 456 454 454 454 456 456 456 457 457 457 458 458 458 457 457 457 459 459 459 196 196 196 457 457 457 196 196 196 458 458 458 459 459 459 441 441 441 191 191 191 459 459 459 191 191 191 196 196 196 444 444 444 430 430 430 446 446 446 446 446 446 445 445 445 460 460 460 445 445 445 448 448 448 460 460 460 448 448 448 450 450 450 461 461 461 450 450 450 452 452 452 461 461 461 452 452 452 462 462 462 461 461 461 452 452 452 454 454 454 462 462 462 454 454 454 456 456 456 463 463 463 456 456 456 458 458 458 463 463 463 458 458 458 198 198 198 463 463 463 458 458 458 196 196 196 198 198 198 446 446 446 460 460 460 202 202 202 461 461 461 462 462 462 464 464 464 462 462 462 454 454 454 464 464 464 454 454 454 463 463 463 464 464 464 465 465 465 466 466 466 467 467 467 448 448 448 461 461 461 208 208 208 208 208 208 461 461 461 211 211 211 461 461 461 464 464 464 211 211 211 463 463 463 204 204 204 464 464 464 463 463 463 198 198 198 204 204 204 460 460 460 448 448 448 207 207 207 448 448 448 208 208 208 207 207 207 211 211 211 464 464 464 206 206 206 206 206 206 464 464 464 204 204 204 460 460 460 207 207 207 203 203 203 467 467 467 468 468 468 469 469 469 469 469 469 468 468 468 470 470 470 468 468 468 471 471 471 470 470 470 471 471 471 472 472 472 470 470 470 471 471 471 473 473 473 472 472 472 471 471 471 474 474 474 473 473 473 473 473 473 474 474 474 475 475 475 474 474 474 476 476 476 475 475 475 476 476 476 477 477 477 475 475 475 476 476 476 478 478 478 477 477 477 478 478 478 479 479 479 477 477 477 479 479 479 478 478 478 480 480 480 478 478 478 481 481 481 480 480 480 481 481 481 482 482 482 480 480 480 481 481 481 483 483 483 482 482 482 483 483 483 484 484 484 482 482 482 483 483 483 485 485 485 484 484 484 483 483 483 486 486 486 485 485 485 486 486 486 487 487 487 485 485 485 485 485 485 487 487 487 488 488 488 488 488 488 487 487 487 489 489 489 487 487 487 490 490 490 489 489 489 489 489 489 490 490 490 491 491 491 490 490 490 492 492 492 491 491 491 490 490 490 493 493 493 492 492 492 493 493 493 494 494 494 492 492 492 493 493 493 495 495 495 494 494 494 496 496 496 497 497 497 498 498 498 497 497 497 499 499 499 498 498 498 499 499 499 500 500 500 498 498 498 499 499 499 501 501 501 500 500 500 501 501 501 502 502 502 500 500 500 501 501 501 503 503 503 504 504 504 501 501 501 504 504 504 502 502 502 504 504 504 503 503 503 505 505 505 503 503 503 506 506 506 505 505 505 505 505 505 506 506 506 507 507 507 506 506 506 508 508 508 507 507 507 508 508 508 509 509 509 507 507 507 508 508 508 510 510 510 509 509 509 157 157 157 158 158 158 511 511 511 511 511 511 158 158 158 184 184 184 185 185 185 166 166 166 512 512 512 166 166 166 186 186 186 512 512 512 427 427 427 428 428 428 513 513 513 514 514 514 515 515 515 516 516 516 514 514 514 516 516 516 517 517 517 146 146 146 165 165 165 194 194 194 515 515 515 465 465 465 516 516 516 516 516 516 465 465 465 518 518 518 465 465 465 467 467 467 518 518 518 488 488 488 489 489 489 519 519 519 498 498 498 500 500 500 520 520 520 184 184 184 168 168 168 521 521 521 168 168 168 425 425 425 521 521 521 186 186 186 174 174 174 522 522 522 174 174 174 427 427 427 522 522 522 522 522 522 427 427 427 523 523 523 427 427 427 513 513 513 523 523 523 442 442 442 173 173 173 524 524 524 516 516 516 518 518 518 525 525 525 525 525 525 518 518 518 526 526 526 518 518 518 467 467 467 526 526 526 467 467 467 469 469 469 526 526 526 469 469 469 470 470 470 527 527 527 527 527 527 470 470 470 528 528 528 470 470 470 472 472 472 528 528 528 472 472 472 473 473 473 529 529 529 473 473 473 530 530 530 529 529 529 473 473 473 475 475 475 530 530 530 530 530 530 475 475 475 531 531 531 531 531 531 475 475 475 477 477 477 479 479 479 480 480 480 532 532 532 479 479 479 532 532 532 533 533 533 480 480 480 482 482 482 534 534 534 482 482 482 484 484 484 535 535 535 484 484 484 536 536 536 535 535 535 484 484 484 485 485 485 536 536 536 519 519 519 489 489 489 537 537 537 489 489 489 491 491 491 537 537 537 491 491 491 538 538 538 537 537 537 538 538 538 491 491 491 492 492 492 500 500 500 539 539 539 520 520 520 500 500 500 502 502 502 539 539 539 539 539 539 502 502 502 540 540 540 502 502 502 504 504 504 540 540 540 540 540 540 504 504 504 541 541 541 504 504 504 505 505 505 541 541 541 505 505 505 542 542 542 541 541 541 505 505 505 507 507 507 542 542 542 542 542 542 507 507 507 543 543 543 507 507 507 544 544 544 543 543 543 544 544 544 507 507 507 545 545 545 507 507 507 509 509 509 545 545 545 545 545 545 509 509 509 546 546 546 509 509 509 510 510 510 546 546 546 546 546 546 510 510 510 547 547 547 184 184 184 521 521 521 548 548 548 512 512 512 186 186 186 549 549 549 186 186 186 522 522 522 549 549 549 523 523 523 513 513 513 550 550 550 517 517 517 516 516 516 551 551 551 517 517 517 551 551 551 552 552 552 442 442 442 524 524 524 553 553 553 194 194 194 165 165 165 554 554 554 165 165 165 443 443 443 554 554 554 516 516 516 525 525 525 551 551 551 551 551 551 525 525 525 555 555 555 525 525 525 526 526 526 555 555 555 526 526 526 469 469 469 527 527 527 477 477 477 479 479 479 533 533 533 477 477 477 533 533 533 556 556 556 482 482 482 535 535 535 557 557 557 536 536 536 485 485 485 558 558 558 485 485 485 488 488 488 559 559 559 485 485 485 559 559 559 558 558 558 488 488 488 519 519 519 559 559 559 492 492 492 494 494 494 538 538 538 494 494 494 495 495 495 560 560 560 496 496 496 498 498 498 561 561 561 498 498 498 520 520 520 562 562 562 520 520 520 539 539 539 562 562 562 540 540 540 541 541 541 563 563 563 542 542 542 543 543 543 564 564 564 426 426 426 185 185 185 565 565 565 565 565 565 185 185 185 566 566 566 185 185 185 512 512 512 566 566 566 522 522 522 523 523 523 567 567 567 173 173 173 194 194 194 568 568 568 555 555 555 526 526 526 569 569 569 570 570 570 571 571 571 572 572 572 571 571 571 573 573 573 572 572 572 574 574 574 575 575 575 576 576 576 576 576 576 575 575 575 577 577 577 575 575 575 578 578 578 579 579 579 575 575 575 579 579 579 577 577 577 578 578 578 580 580 580 579 579 579 578 578 578 581 581 581 580 580 580 580 580 580 581 581 581 582 582 582 581 581 581 583 583 583 582 582 582 582 582 582 583 583 583 584 584 584 583 583 583 585 585 585 584 584 584 584 584 584 585 585 585 586 586 586 585 585 585 587 587 587 586 586 586 587 587 587 588 588 588 589 589 589 587 587 587 589 589 589 586 586 586 588 588 588 590 590 590 589 589 589 590 590 590 591 591 591 592 592 592 590 590 590 592 592 592 589 589 589 526 526 526 527 527 527 569 569 569 472 472 472 529 529 529 593 593 593 477 477 477 556 556 556 531 531 531 594 594 594 595 595 595 596 596 596 532 532 532 480 480 480 534 534 534 482 482 482 557 557 557 534 534 534 597 597 597 598 598 598 599 599 599 599 599 599 598 598 598 600 600 600 601 601 601 602 602 602 603 603 603 602 602 602 604 604 604 603 603 603 559 559 559 519 519 519 605 605 605 604 604 604 606 606 606 607 607 607 608 608 608 609 609 609 610 610 610 611 611 611 612 612 612 613 613 613 614 614 614 613 613 613 612 612 612 538 538 538 494 494 494 615 615 615 494 494 494 560 560 560 615 615 615 539 539 539 540 540 540 616 616 616 540 540 540 563 563 563 616 616 616 541 541 541 542 542 542 564 564 564 564 564 564 543 543 543 617 617 617 543 543 543 544 544 544 618 618 618 543 543 543 618 618 618 617 617 617 544 544 544 545 545 545 618 618 618 619 619 619 620 620 620 621 621 621 567 567 567 523 523 523 550 550 550 622 622 622 576 576 576 623 623 623 580 580 580 582 582 582 624 624 624 624 624 624 582 582 582 625 625 625 625 625 625 582 582 582 626 626 626 582 582 582 584 584 584 626 626 626 584 584 584 627 627 627 626 626 626 584 584 584 586 586 586 627 627 627 627 627 627 586 586 586 628 628 628 628 628 628 586 586 586 629 629 629 586 586 586 589 589 589 629 629 629 629 629 629 589 589 589 630 630 630 589 589 589 592 592 592 630 630 630 527 527 527 528 528 528 631 631 631 528 528 528 472 472 472 593 593 593 529 529 529 530 530 530 593 593 593 559 559 559 605 605 605 632 632 632 519 519 519 537 537 537 605 605 605 537 537 537 538 538 538 633 633 633 538 538 538 615 615 615 634 634 634 539 539 539 616 616 616 635 635 635 635 635 635 616 616 616 636 636 636 616 616 616 563 563 563 637 637 637 563 563 563 541 541 541 637 637 637 541 541 541 638 638 638 637 637 637 541 541 541 564 564 564 639 639 639 541 541 541 639 639 639 638 638 638 564 564 564 617 617 617 639 639 639 566 566 566 512 512 512 549 549 549 549 549 549 522 522 522 640 640 640 522 522 522 567 567 567 640 640 640 622 622 622 623 623 623 641 641 641 641 641 641 623 623 623 642 642 642 623 623 623 643 643 643 642 642 642 623 623 623 576 576 576 643 643 643 555 555 555 569 569 569 644 644 644 577 577 577 579 579 579 645 645 645 579 579 579 580 580 580 645 645 645 626 626 626 646 646 646 625 625 625 626 626 626 647 647 647 646 646 646 626 626 626 627 627 627 647 647 647 630 630 630 592 592 592 648 648 648 569 569 569 527 527 527 631 631 631 631 631 631 528 528 528 649 649 649 528 528 528 593 593 593 649 649 649 593 593 593 530 530 530 650 650 650 530 530 530 531 531 531 651 651 651 531 531 531 652 652 652 651 651 651 533 533 533 532 532 532 653 653 653 532 532 532 534 534 534 654 654 654 536 536 536 558 558 558 655 655 655 558 558 558 559 559 559 632 632 632 558 558 558 632 632 632 655 655 655 656 656 656 657 657 657 658 658 658 562 562 562 539 539 539 659 659 659 539 539 539 635 635 635 659 659 659 567 567 567 550 550 550 660 660 660 552 552 552 551 551 551 661 661 661 661 661 661 551 551 551 662 662 662 553 553 553 524 524 524 663 663 663 524 524 524 173 173 173 663 663 663 554 554 554 443 443 443 664 664 664 551 551 551 555 555 555 644 644 644 551 551 551 644 644 644 662 662 662 643 643 643 576 576 576 665 665 665 576 576 576 577 577 577 665 665 665 577 577 577 645 645 645 665 665 665 645 645 645 580 580 580 666 666 666 580 580 580 624 624 624 667 667 667 580 580 580 667 667 667 666 666 666 624 624 624 625 625 625 667 667 667 625 625 625 646 646 646 667 667 667 627 627 627 628 628 628 668 668 668 628 628 628 629 629 629 669 669 669 629 629 629 630 630 630 669 669 669 669 669 669 630 630 630 670 670 670 644 644 644 569 569 569 671 671 671 671 671 671 569 569 569 672 672 672 569 569 569 631 631 631 672 672 672 650 650 650 530 530 530 673 673 673 530 530 530 651 651 651 673 673 673 531 531 531 556 556 556 652 652 652 533 533 533 653 653 653 556 556 556 653 653 653 532 532 532 654 654 654 654 654 654 534 534 534 674 674 674 534 534 534 557 557 557 674 674 674 674 674 674 557 557 557 675 675 675 557 557 557 535 535 535 675 675 675 535 535 535 536 536 536 675 675 675 605 605 605 537 537 537 633 633 633 633 633 633 538 538 538 634 634 634 498 498 498 562 562 562 676 676 676 636 636 636 616 616 616 637 637 637 546 546 546 547 547 547 677 677 677 546 546 546 677 677 677 678 678 678 184 184 184 548 548 548 679 679 679 548 548 548 521 521 521 679 679 679 663 663 663 173 173 173 680 680 680 173 173 173 568 568 568 680 680 680 568 568 568 194 194 194 681 681 681 194 194 194 554 554 554 681 681 681 665 665 665 645 645 645 682 682 682 646 646 646 683 683 683 667 667 667 646 646 646 647 647 647 683 683 683 647 647 647 684 684 684 683 683 683 647 647 647 627 627 627 684 684 684 684 684 684 627 627 627 668 668 668 668 668 668 628 628 628 669 669 669 630 630 630 648 648 648 670 670 670 672 672 672 631 631 631 649 649 649 650 650 650 649 649 649 593 593 593 556 556 556 653 653 653 652 652 652 675 675 675 536 536 536 655 655 655 632 632 632 605 605 605 685 685 685 605 605 605 633 633 633 685 685 685 633 633 633 634 634 634 686 686 686 561 561 561 498 498 498 687 687 687 498 498 498 676 676 676 687 687 687 676 676 676 562 562 562 659 659 659 617 617 617 618 618 618 688 688 688 618 618 618 545 545 545 688 688 688 184 184 184 679 679 679 689 689 689 521 521 521 425 425 425 679 679 679 566 566 566 549 549 549 690 690 690 661 661 661 662 662 662 691 691 691 553 553 553 663 663 663 692 692 692 662 662 662 644 644 644 691 691 691 642 642 642 643 643 643 693 693 693 643 643 643 665 665 665 693 693 693 693 693 693 665 665 665 694 694 694 645 645 645 666 666 666 695 695 695 667 667 667 683 683 683 696 696 696 649 649 649 650 650 650 672 672 672 652 652 652 653 653 653 697 697 697 697 697 697 653 653 653 654 654 654 654 654 654 674 674 674 698 698 698 674 674 674 675 675 675 699 699 699 675 675 675 655 655 655 699 699 699 655 655 655 632 632 632 700 700 700 632 632 632 685 685 685 700 700 700 633 633 633 701 701 701 685 685 685 633 633 633 686 686 686 701 701 701 656 656 656 658 658 658 702 702 702 656 656 656 702 702 702 703 703 703 704 704 704 705 705 705 706 706 706 706 706 706 705 705 705 707 707 707 659 659 659 635 635 635 708 708 708 708 708 708 635 635 635 709 709 709 635 635 635 636 636 636 710 710 710 635 635 635 710 710 710 709 709 709 636 636 636 637 637 637 711 711 711 636 636 636 711 711 711 710 710 710 638 638 638 639 639 639 712 712 712 639 639 639 713 713 713 712 712 712 639 639 639 714 714 714 713 713 713 639 639 639 617 617 617 714 714 714 617 617 617 688 688 688 714 714 714 688 688 688 545 545 545 715 715 715 545 545 545 546 546 546 715 715 715 546 546 546 678 678 678 715 715 715 640 640 640 567 567 567 716 716 716 567 567 567 660 660 660 716 716 716 681 681 681 554 554 554 717 717 717 554 554 554 664 664 664 717 717 717 641 641 641 642 642 642 718 718 718 641 641 641 718 718 718 719 719 719 642 642 642 693 693 693 718 718 718 694 694 694 665 665 665 682 682 682 682 682 682 645 645 645 695 695 695 650 650 650 673 673 673 720 720 720 674 674 674 699 699 699 721 721 721 634 634 634 615 615 615 722 722 722 615 615 615 560 560 560 723 723 723 561 561 561 687 687 687 724 724 724 565 565 565 566 566 566 690 690 690 549 549 549 640 640 640 725 725 725 680 680 680 568 568 568 726 726 726 691 691 691 644 644 644 727 727 727 666 666 666 667 667 667 728 728 728 728 728 728 667 667 667 729 729 729 667 667 667 696 696 696 729 729 729 696 696 696 683 683 683 730 730 730 683 683 683 684 684 684 730 730 730 684 684 684 668 668 668 731 731 731 668 668 668 732 732 732 731 731 731 668 668 668 669 669 669 732 732 732 732 732 732 669 669 669 670 670 670 671 671 671 672 672 672 733 733 733 651 651 651 652 652 652 734 734 734 652 652 652 697 697 697 734 734 734 697 697 697 654 654 654 735 735 735 674 674 674 721 721 721 698 698 698 655 655 655 736 736 736 699 699 699 700 700 700 685 685 685 737 737 737 737 737 737 685 685 685 701 701 701 676 676 676 659 659 659 708 708 708 709 709 709 710 710 710 738 738 738 637 637 637 638 638 638 739 739 739 739 739 739 638 638 638 712 712 712 511 511 511 184 184 184 740 740 740 740 740 740 184 184 184 741 741 741 184 184 184 689 689 689 741 741 741 690 690 690 549 549 549 725 725 725 694 694 694 682 682 682 695 695 695 644 644 644 671 671 671 727 727 727 695 695 695 666 666 666 742 742 742 666 666 666 728 728 728 742 742 742 728 728 728 729 729 729 743 743 743 729 729 729 696 696 696 744 744 744 696 696 696 730 730 730 744 744 744 730 730 730 684 684 684 731 731 731 672 672 672 745 745 745 733 733 733 673 673 673 651 651 651 734 734 734 734 734 734 697 697 697 746 746 746 697 697 697 735 735 735 746 746 746 655 655 655 747 747 747 736 736 736 655 655 655 700 700 700 747 747 747 701 701 701 748 748 748 737 737 737 701 701 701 686 686 686 748 748 748 710 710 710 749 749 749 738 738 738 637 637 637 739 739 739 750 750 750 679 679 679 425 425 425 751 751 751 426 426 426 565 565 565 752 752 752 725 725 725 640 640 640 753 753 753 640 640 640 716 716 716 753 753 753 716 716 716 660 660 660 754 754 754 661 661 661 691 691 691 755 755 755 726 726 726 568 568 568 681 681 681 742 742 742 728 728 728 743 743 743 743 743 743 729 729 729 756 756 756 729 729 729 744 744 744 756 756 756 731 731 731 732 732 732 757 757 757 732 732 732 670 670 670 757 757 757 727 727 727 671 671 671 758 758 758 671 671 671 733 733 733 758 758 758 672 672 672 759 759 759 745 745 745 672 672 672 650 650 650 759 759 759 654 654 654 698 698 698 735 735 735 721 721 721 699 699 699 760 760 760 699 699 699 736 736 736 760 760 760 700 700 700 737 737 737 747 747 747 686 686 686 634 634 634 748 748 748 708 708 708 709 709 709 761 761 761 713 713 713 714 714 714 762 762 762 714 714 714 688 688 688 762 762 762 690 690 690 725 725 725 763 763 763 755 755 755 691 691 691 764 764 764 691 691 691 727 727 727 764 764 764 719 719 719 718 718 718 765 765 765 718 718 718 693 693 693 765 765 765 670 670 670 648 648 648 757 757 757 757 757 757 648 648 648 766 766 766 759 759 759 650 650 650 720 720 720 722 722 722 615 615 615 767 767 767 615 615 615 723 723 723 767 767 767 761 761 761 709 709 709 738 738 738 738 738 738 749 749 749 768 768 768 637 637 637 750 750 750 711 711 711 762 762 762 688 688 688 769 769 769 688 688 688 715 715 715 769 769 769 741 741 741 689 689 689 770 770 770 752 752 752 565 565 565 771 771 771 565 565 565 690 690 690 771 771 771 725 725 725 753 753 753 772 772 772 663 663 663 680 680 680 773 773 773 680 680 680 726 726 726 773 773 773 717 717 717 664 664 664 774 774 774 693 693 693 694 694 694 775 775 775 693 693 693 775 775 775 765 765 765 731 731 731 757 757 757 776 776 776 720 720 720 673 673 673 777 777 777 778 778 778 734 734 734 746 746 746 737 737 737 748 748 748 779 779 779 748 748 748 634 634 634 780 780 780 634 634 634 722 722 722 780 780 780 710 710 710 711 711 711 749 749 749 739 739 739 781 781 781 750 750 750 739 739 739 712 712 712 781 781 781 781 781 781 712 712 712 713 713 713 689 689 689 679 679 679 782 782 782 763 763 763 725 725 725 772 772 772 773 773 773 726 726 726 783 783 783 727 727 727 758 758 758 784 784 784 719 719 719 765 765 765 785 785 785 745 745 745 759 759 759 786 786 786 786 786 786 759 759 759 787 787 787 759 759 759 720 720 720 788 788 788 720 720 720 777 777 777 788 788 788 777 777 777 673 673 673 778 778 778 673 673 673 734 734 734 778 778 778 721 721 721 789 789 789 698 698 698 789 789 789 721 721 721 760 760 760 760 760 760 736 736 736 790 790 790 711 711 711 750 750 750 791 791 791 689 689 689 782 782 782 770 770 770 771 771 771 690 690 690 792 792 792 690 690 690 763 763 763 792 792 792 772 772 772 753 753 753 793 793 793 753 753 753 716 716 716 793 793 793 775 775 775 694 694 694 794 794 794 694 694 694 695 695 695 794 794 794 794 794 794 695 695 695 795 795 795 743 743 743 756 756 756 796 796 796 796 796 796 756 756 756 797 797 797 730 730 730 731 731 731 776 776 776 757 757 757 798 798 798 776 776 776 757 757 757 766 766 766 798 798 798 733 733 733 745 745 745 786 786 786 787 787 787 759 759 759 788 788 788 698 698 698 789 789 789 735 735 735 736 736 736 747 747 747 790 790 790 747 747 747 737 737 737 799 799 799 724 724 724 687 687 687 800 800 800 687 687 687 676 676 676 800 800 800 715 715 715 678 678 678 801 801 801 740 740 740 741 741 741 802 802 802 679 679 679 751 751 751 782 782 782 716 716 716 754 754 754 803 803 803 755 755 755 764 764 764 804 804 804 755 755 755 804 804 804 805 805 805 726 726 726 681 681 681 806 806 806 764 764 764 727 727 727 784 784 784 764 764 764 784 784 784 804 804 804 695 695 695 807 807 807 795 795 795 695 695 695 742 742 742 807 807 807 744 744 744 730 730 730 776 776 776 788 788 788 777 777 777 808 808 808 800 800 800 676 676 676 809 809 809 676 676 676 708 708 708 809 809 809 708 708 708 761 761 761 809 809 809 726 726 726 806 806 806 783 783 783 681 681 681 717 717 717 806 806 806 806 806 806 717 717 717 810 810 810 717 717 717 774 774 774 810 810 810 756 756 756 744 744 744 797 797 797 733 733 733 786 786 786 811 811 811 787 787 787 788 788 788 812 812 812 735 735 735 813 813 813 746 746 746 735 735 735 814 814 814 813 813 813 735 735 735 789 789 789 814 814 814 815 815 815 816 816 816 817 817 817 799 799 799 737 737 737 779 779 779 762 762 762 769 769 769 818 818 818 769 769 769 715 715 715 819 819 819 715 715 715 801 801 801 819 819 819 678 678 678 677 677 677 820 820 820 793 793 793 716 716 716 803 803 803 692 692 692 663 663 663 821 821 821 784 784 784 758 758 758 822 822 822 785 785 785 765 765 765 823 823 823 742 742 742 743 743 743 824 824 824 744 744 744 776 776 776 825 825 825 776 776 776 798 798 798 826 826 826 826 826 826 798 798 798 827 827 827 778 778 778 746 746 746 828 828 828 746 746 746 813 813 813 828 828 828 790 790 790 747 747 747 829 829 829 767 767 767 723 723 723 830 830 830 724 724 724 800 800 800 831 831 831 809 809 809 761 761 761 832 832 832 781 781 781 713 713 713 833 833 833 740 740 740 802 802 802 834 834 834 772 772 772 793 793 793 763 763 763 803 803 803 754 754 754 835 835 835 765 765 765 775 775 775 823 823 823 742 742 742 824 824 824 836 836 836 743 743 743 796 796 796 824 824 824 797 797 797 744 744 744 825 825 825 798 798 798 766 766 766 827 827 827 758 758 758 733 733 733 822 822 822 822 822 822 733 733 733 811 811 811 786 786 786 787 787 787 811 811 811 788 788 788 808 808 808 812 812 812 777 777 777 837 837 837 808 808 808 777 777 777 778 778 778 837 837 837 814 814 814 789 789 789 838 838 838 838 838 838 789 789 789 839 839 839 789 789 789 760 760 760 840 840 840 790 790 790 829 829 829 841 841 841 829 829 829 747 747 747 842 842 842 747 747 747 799 799 799 842 842 842 799 799 799 779 779 779 842 842 842 779 779 779 843 843 843 842 842 842 761 761 761 738 738 738 844 844 844 738 738 738 768 768 768 844 844 844 741 741 741 770 770 770 802 802 802 763 763 763 793 793 793 845 845 845 806 806 806 810 810 810 846 846 846 810 810 810 774 774 774 847 847 847 784 784 784 822 822 822 848 848 848 785 785 785 823 823 823 849 849 849 825 825 825 776 776 776 850 850 850 776 776 776 851 851 851 850 850 850 811 811 811 787 787 787 812 812 812 778 778 778 852 852 852 837 837 837 778 778 778 828 828 828 852 852 852 852 852 852 828 828 828 853 853 853 828 828 828 813 813 813 853 853 853 813 813 813 814 814 814 838 838 838 789 789 789 840 840 840 839 839 839 760 760 760 790 790 790 840 840 840 779 779 779 748 748 748 843 843 843 854 854 854 855 855 855 856 856 856 832 832 832 761 761 761 844 844 844 750 750 750 781 781 781 857 857 857 713 713 713 762 762 762 818 818 818 713 713 713 818 818 818 833 833 833 793 793 793 803 803 803 858 858 858 805 805 805 804 804 804 859 859 859 859 859 859 804 804 804 860 860 860 804 804 804 784 784 784 860 860 860 823 823 823 775 775 775 861 861 861 848 848 848 822 822 822 862 862 862 795 795 795 807 807 807 863 863 863 807 807 807 742 742 742 864 864 864 742 742 742 836 836 836 864 864 864 822 822 822 811 811 811 862 862 862 811 811 811 812 812 812 865 865 865 791 791 791 750 750 750 857 857 857 818 818 818 769 769 769 866 866 866 769 769 769 819 819 819 866 866 866 802 802 802 770 770 770 867 867 867 770 770 770 782 782 782 867 867 867 782 782 782 751 751 751 868 868 868 752 752 752 771 771 771 869 869 869 792 792 792 763 763 763 870 870 870 845 845 845 793 793 793 871 871 871 793 793 793 858 858 858 871 871 871 860 860 860 784 784 784 848 848 848 849 849 849 823 823 823 861 861 861 794 794 794 795 795 795 872 872 872 872 872 872 795 795 795 863 863 863 863 863 863 807 807 807 864 864 864 851 851 851 776 776 776 826 826 826 865 865 865 812 812 812 873 873 873 812 812 812 808 808 808 873 873 873 791 791 791 857 857 857 874 874 874 857 857 857 781 781 781 833 833 833 821 821 821 663 663 663 875 875 875 663 663 663 773 773 773 875 875 875 783 783 783 806 806 806 876 876 876 806 806 806 846 846 846 876 876 876 827 827 827 766 766 766 877 877 877 811 811 811 878 878 878 862 862 862 811 811 811 865 865 865 878 878 878 853 853 853 879 879 879 852 852 852 853 853 853 813 813 813 879 879 879 813 813 813 880 880 880 879 879 879 813 813 813 838 838 838 880 880 880 790 790 790 841 841 841 840 840 840 829 829 829 842 842 842 881 881 881 748 748 748 780 780 780 882 882 882 833 833 833 818 818 818 883 883 883 801 801 801 678 678 678 884 884 884 678 678 678 820 820 820 884 884 884 771 771 771 792 792 792 870 870 870 773 773 773 783 783 783 885 885 885 783 783 783 876 876 876 885 885 885 846 846 846 886 886 886 876 876 876 846 846 846 810 810 810 886 886 886 810 810 810 847 847 847 887 887 887 810 810 810 887 887 887 886 886 886 865 865 865 873 873 873 888 888 888 873 873 873 808 808 808 889 889 889 808 808 808 837 837 837 889 889 889 842 842 842 843 843 843 890 890 890 843 843 843 748 748 748 882 882 882 856 856 856 855 855 855 891 891 891 818 818 818 866 866 866 883 883 883 892 892 892 893 893 893 894 894 894 892 892 892 894 894 894 895 895 895 893 893 893 896 896 896 894 894 894 895 895 895 894 894 894 897 897 897 895 895 895 897 897 897 898 898 898 894 894 894 896 896 896 899 899 899 894 894 894 899 899 899 897 897 897 900 900 900 901 901 901 902 902 902 903 903 903 904 904 904 905 905 905 906 906 906 907 907 907 908 908 908 909 909 909 908 908 908 907 907 907 903 903 903 905 905 905 910 910 910 903 903 903 910 910 910 911 911 911 905 905 905 912 912 912 910 910 910 910 910 910 912 912 912 913 913 913 782 782 782 868 868 868 914 914 914 869 869 869 771 771 771 915 915 915 771 771 771 870 870 870 915 915 915 803 803 803 835 835 835 858 858 858 858 858 858 835 835 835 916 916 916 859 859 859 860 860 860 917 917 917 875 875 875 773 773 773 885 885 885 775 775 775 794 794 794 872 872 872 851 851 851 826 826 826 918 918 918 826 826 826 827 827 827 918 918 918 837 837 837 852 852 852 919 919 919 852 852 852 879 879 879 920 920 920 881 881 881 842 842 842 890 890 890 843 843 843 882 882 882 921 921 921 722 722 722 767 767 767 922 922 922 767 767 767 830 830 830 922 922 922 800 800 800 809 809 809 923 923 923 809 809 809 924 924 924 923 923 923 809 809 809 832 832 832 924 924 924 711 711 711 791 791 791 925 925 925 791 791 791 874 874 874 926 926 926 927 927 927 928 928 928 893 893 893 928 928 928 929 929 929 893 893 893 930 930 930 931 931 931 932 932 932 927 927 927 893 893 893 933 933 933 892 892 892 895 895 895 934 934 934 892 892 892 934 934 934 933 933 933 935 935 935 933 933 933 934 934 934 935 935 935 934 934 934 936 936 936 895 895 895 898 898 898 934 934 934 934 934 934 898 898 898 937 937 937 936 936 936 934 934 934 938 938 938 938 938 938 934 934 934 937 937 937 870 870 870 763 763 763 845 845 845 917 917 917 860 860 860 939 939 939 821 821 821 875 875 875 940 940 940 860 860 860 848 848 848 939 939 939 861 861 861 775 775 775 941 941 941 775 775 775 872 872 872 941 941 941 848 848 848 862 862 862 942 942 942 836 836 836 824 824 824 943 943 943 824 824 824 796 796 796 943 943 943 796 796 796 797 797 797 944 944 944 797 797 797 825 825 825 944 944 944 944 944 944 825 825 825 945 945 945 825 825 825 850 850 850 945 945 945 827 827 827 877 877 877 946 946 946 880 880 880 838 838 838 947 947 947 838 838 838 948 948 948 947 947 947 838 838 838 839 839 839 948 948 948 839 839 839 840 840 840 948 948 948 840 840 840 841 841 841 949 949 949 841 841 841 829 829 829 950 950 950 890 890 890 843 843 843 921 921 921 768 768 768 749 749 749 951 951 951 951 951 951 749 749 749 925 925 925 749 749 749 711 711 711 925 925 925 857 857 857 833 833 833 874 874 874 833 833 833 952 952 952 953 953 953 833 833 833 883 883 883 952 952 952 819 819 819 801 801 801 954 954 954 801 801 801 884 884 884 954 954 954 955 955 955 956 956 956 928 928 928 955 955 955 928 928 928 957 957 957 956 956 956 958 958 958 928 928 928 928 928 928 958 958 958 929 929 929 927 927 927 959 959 959 957 957 957 960 960 960 957 957 957 959 959 959 960 960 960 959 959 959 961 961 961 931 931 931 962 962 962 963 963 963 964 964 964 961 961 961 965 965 965 964 964 964 965 965 965 966 966 966 927 927 927 933 933 933 959 959 959 959 959 959 933 933 933 965 965 965 961 961 961 959 959 959 965 965 965 963 963 963 962 962 962 967 967 967 935 935 935 936 936 936 965 965 965 965 965 965 936 936 936 968 968 968 966 966 966 965 965 965 969 969 969 969 969 969 965 965 965 968 968 968 936 936 936 938 938 938 970 970 970 936 936 936 970 970 970 968 968 968 827 827 827 946 946 946 918 918 918 862 862 862 878 878 878 942 942 942 878 878 878 865 865 865 888 888 888 888 888 888 873 873 873 889 889 889 879 879 879 880 880 880 971 971 971 971 971 971 880 880 880 972 972 972 972 972 972 880 880 880 947 947 947 949 949 949 841 841 841 950 950 950 973 973 973 974 974 974 975 975 975 832 832 832 844 844 844 924 924 924 844 844 844 768 768 768 951 951 951 874 874 874 833 833 833 953 953 953 976 976 976 977 977 977 978 978 978 976 976 976 978 978 978 979 979 979 977 977 977 980 980 980 978 978 978 978 978 978 980 980 980 981 981 981 982 982 982 983 983 983 984 984 984 982 982 982 979 979 979 983 983 983 979 979 979 978 978 978 985 985 985 979 979 979 985 985 985 983 983 983 978 978 978 981 981 981 985 985 985 986 986 986 987 987 987 988 988 988 984 984 984 983 983 983 989 989 989 984 984 984 989 989 989 990 990 990 983 983 983 991 991 991 989 989 989 983 983 983 985 985 985 992 992 992 983 983 983 992 992 992 991 991 991 985 985 985 981 981 981 956 956 956 985 985 985 956 956 956 992 992 992 986 986 986 988 988 988 993 993 993 956 956 956 994 994 994 958 958 958 990 990 990 989 989 989 995 995 995 995 995 995 989 989 989 996 996 996 989 989 989 991 991 991 996 996 996 996 996 996 991 991 991 997 997 997 991 991 991 992 992 992 955 955 955 991 991 991 955 955 955 997 997 997 992 992 992 956 956 956 955 955 955 995 995 995 996 996 996 998 998 998 998 998 998 996 996 996 999 999 999 996 996 996 997 997 997 1000 1000 1000 996 996 996 1000 1000 1000 999 999 999 955 955 955 957 957 957 997 997 997 1001 1001 1001 1002 1002 1002 962 962 962 998 998 998 999 999 999 1003 1003 1003 1003 1003 1003 999 999 999 1004 1004 1004 999 999 999 1000 1000 1000 960 960 960 999 999 999 960 960 960 1004 1004 1004 962 962 962 1002 1002 1002 1005 1005 1005 1006 1006 1006 1007 1007 1007 1008 1008 1008 1006 1006 1006 1008 1008 1008 1009 1009 1009 1007 1007 1007 1010 1010 1010 1008 1008 1008 1008 1008 1008 1010 1010 1010 1011 1011 1011 1010 1010 1010 1012 1012 1012 1013 1013 1013 1010 1010 1010 1013 1013 1013 1011 1011 1011 1012 1012 1012 1014 1014 1014 1013 1013 1013 1013 1013 1013 1014 1014 1014 1015 1015 1015 1014 1014 1014 1016 1016 1016 1017 1017 1017 1014 1014 1014 1017 1017 1017 1015 1015 1015 782 782 782 914 914 914 867 867 867 870 870 870 845 845 845 1018 1018 1018 845 845 845 871 871 871 1019 1019 1019 871 871 871 858 858 858 1020 1020 1020 871 871 871 1020 1020 1020 1019 1019 1019 858 858 858 916 916 916 1020 1020 1020 849 849 849 861 861 861 1021 1021 1021 882 882 882 780 780 780 1022 1022 1022 780 780 780 722 722 722 1022 1022 1022 1022 1022 1022 722 722 722 1023 1023 1023 722 722 722 922 922 922 1023 1023 1023 924 924 924 844 844 844 1024 1024 1024 844 844 844 951 951 951 1024 1024 1024 952 952 952 883 883 883 866 866 866 1025 1025 1025 1026 1026 1026 1027 1027 1027 1028 1028 1028 1029 1029 1029 1030 1030 1030 1028 1028 1028 1030 1030 1030 1031 1031 1031 1029 1029 1029 1032 1032 1032 1033 1033 1033 1029 1029 1029 1033 1033 1033 1030 1030 1030 1032 1032 1032 1034 1034 1034 1033 1033 1033 1033 1033 1033 1034 1034 1034 1035 1035 1035 1034 1034 1034 1036 1036 1036 1035 1035 1035 1035 1035 1035 1036 1036 1036 1037 1037 1037 1036 1036 1036 1038 1038 1038 1037 1037 1037 1038 1038 1038 1009 1009 1009 1039 1039 1039 1009 1009 1009 1008 1008 1008 1039 1039 1039 1039 1039 1039 1008 1008 1008 1040 1040 1040 1008 1008 1008 1011 1011 1011 1041 1041 1041 1008 1008 1008 1041 1041 1041 1040 1040 1040 1011 1011 1011 1042 1042 1042 1041 1041 1041 1043 1043 1043 1044 1044 1044 1045 1045 1045 1044 1044 1044 1046 1046 1046 1047 1047 1047 1044 1044 1044 1047 1047 1047 1045 1045 1045 1046 1046 1046 1048 1048 1048 1047 1047 1047 1047 1047 1047 1048 1048 1048 1049 1049 1049 1048 1048 1048 1050 1050 1050 1049 1049 1049 1049 1049 1049 1050 1050 1050 1051 1051 1051 1050 1050 1050 1052 1052 1052 1053 1053 1053 1050 1050 1050 1053 1053 1053 1051 1051 1051 1020 1020 1020 916 916 916 1054 1054 1054 916 916 916 1055 1055 1055 1054 1054 1054 876 876 876 1056 1056 1056 885 885 885 876 876 876 886 886 886 1056 1056 1056 939 939 939 848 848 848 1057 1057 1057 848 848 848 942 942 942 1057 1057 1057 864 864 864 836 836 836 1058 1058 1058 947 947 947 948 948 948 1059 1059 1059 948 948 948 840 840 840 949 949 949 881 881 881 890 890 890 1060 1060 1060 831 831 831 800 800 800 1061 1061 1061 800 800 800 923 923 923 1061 1061 1061 1025 1025 1025 1027 1027 1027 1062 1062 1062 1031 1031 1031 1030 1030 1030 1063 1063 1063 1030 1030 1030 1033 1033 1033 1064 1064 1064 1030 1030 1030 1064 1064 1064 1063 1063 1063 1033 1033 1033 1035 1035 1035 1065 1065 1065 1033 1033 1033 1065 1065 1065 1064 1064 1064 1035 1035 1035 1037 1037 1037 1066 1066 1066 1035 1035 1035 1066 1066 1066 1065 1065 1065 1066 1066 1066 1039 1039 1039 1067 1067 1067 1068 1068 1068 1069 1069 1069 1070 1070 1070 1068 1068 1068 1070 1070 1070 1071 1071 1071 1039 1039 1039 1072 1072 1072 1067 1067 1067 1073 1073 1073 1074 1074 1074 1075 1075 1075 1074 1074 1074 1076 1076 1076 1075 1075 1075 1076 1076 1076 1077 1077 1077 1075 1075 1075 1078 1078 1078 1079 1079 1079 1080 1080 1080 802 802 802 867 867 867 1081 1081 1081 914 914 914 868 868 868 1082 1082 1082 869 869 869 915 915 915 1083 1083 1083 845 845 845 1019 1019 1019 1018 1018 1018 917 917 917 939 939 939 1084 1084 1084 939 939 939 1057 1057 1057 1084 1084 1084 861 861 861 941 941 941 1021 1021 1021 1057 1057 1057 942 942 942 1085 1085 1085 863 863 863 864 864 864 1086 1086 1086 864 864 864 1058 1058 1058 1086 1086 1086 836 836 836 943 943 943 1058 1058 1058 943 943 943 796 796 796 1087 1087 1087 796 796 796 944 944 944 1087 1087 1087 918 918 918 946 946 946 1088 1088 1088 946 946 946 877 877 877 1089 1089 1089 888 888 888 889 889 889 1090 1090 1090 919 919 919 852 852 852 1091 1091 1091 852 852 852 920 920 920 1091 1091 1091 920 920 920 879 879 879 971 971 971 950 950 950 829 829 829 1092 1092 1092 829 829 829 881 881 881 1092 1092 1092 924 924 924 1093 1093 1093 923 923 923 791 791 791 926 926 926 925 925 925 1031 1031 1031 1063 1063 1063 1094 1094 1094 1094 1094 1094 1063 1063 1063 1095 1095 1095 1063 1063 1063 1064 1064 1064 1096 1096 1096 1063 1063 1063 1096 1096 1096 1095 1095 1095 1064 1064 1064 1065 1065 1065 1097 1097 1097 1064 1064 1064 1097 1097 1097 1096 1096 1096 1065 1065 1065 1098 1098 1098 1097 1097 1097 1098 1098 1098 1067 1067 1067 1099 1099 1099 1100 1100 1100 1101 1101 1101 1102 1102 1102 1102 1102 1102 1101 1101 1101 1103 1103 1103 1101 1101 1101 1104 1104 1104 1103 1103 1103 1103 1103 1103 1104 1104 1104 1105 1105 1105 1106 1106 1106 1107 1107 1107 1108 1108 1108 1104 1104 1104 1109 1109 1109 1105 1105 1105 1110 1110 1110 1071 1071 1071 1111 1111 1111 1110 1110 1110 1111 1111 1111 1112 1112 1112 1018 1018 1018 1019 1019 1019 1113 1113 1113 1054 1054 1054 1055 1055 1055 1114 1114 1114 917 917 917 1084 1084 1084 1115 1115 1115 886 886 886 887 887 887 1116 1116 1116 941 941 941 872 872 872 1117 1117 1117 872 872 872 863 863 863 1117 1117 1117 851 851 851 918 918 918 1118 1118 1118 1088 1088 1088 946 946 946 1119 1119 1119 878 878 878 888 888 888 1120 1120 1120 889 889 889 837 837 837 1121 1121 1121 1121 1121 1121 837 837 837 919 919 919 919 919 919 1091 1091 1091 1122 1122 1122 890 890 890 1123 1123 1123 1060 1060 1060 890 890 890 921 921 921 1123 1123 1123 921 921 921 882 882 882 1124 1124 1124 1095 1095 1095 1096 1096 1096 1125 1125 1125 1096 1096 1096 1097 1097 1097 1125 1125 1125 1097 1097 1097 1098 1098 1098 1126 1126 1126 1098 1098 1098 1099 1099 1099 1127 1127 1127 1098 1098 1098 1127 1127 1127 1126 1126 1126 1102 1102 1102 1103 1103 1103 1128 1128 1128 1103 1103 1103 1105 1105 1105 1129 1129 1129 1105 1105 1105 1109 1109 1109 1130 1130 1130 1105 1105 1105 1130 1130 1130 1129 1129 1129 1131 1131 1131 1132 1132 1132 1133 1133 1133 834 834 834 802 802 802 1134 1134 1134 834 834 834 1134 1134 1134 1135 1135 1135 802 802 802 1081 1081 1081 1134 1134 1134 1019 1019 1019 1020 1020 1020 1113 1113 1113 886 886 886 1116 1116 1116 1056 1056 1056 1116 1116 1116 887 887 887 1136 1136 1136 1084 1084 1084 1057 1057 1057 1137 1137 1137 849 849 849 1021 1021 1021 1138 1138 1138 1138 1138 1138 1021 1021 1021 1139 1139 1139 850 850 850 851 851 851 1118 1118 1118 1085 1085 1085 942 942 942 1140 1140 1140 942 942 942 878 878 878 1120 1120 1120 888 888 888 1090 1090 1090 1120 1120 1120 919 919 919 1122 1122 1122 1121 1121 1121 920 920 920 971 971 971 1091 1091 1091 950 950 950 1092 1092 1092 949 949 949 1092 1092 1092 881 881 881 1141 1141 1141 924 924 924 1024 1024 1024 1093 1093 1093 926 926 926 874 874 874 1142 1142 1142 874 874 874 953 953 953 1142 1142 1142 953 953 953 952 952 952 1143 1143 1143 1143 1143 1143 952 952 952 1144 1144 1144 952 952 952 866 866 866 1145 1145 1145 952 952 952 1145 1145 1145 1144 1144 1144 884 884 884 820 820 820 1146 1146 1146 1095 1095 1095 1125 1125 1125 1147 1147 1147 1125 1125 1125 1097 1097 1097 1148 1148 1148 1097 1097 1097 1126 1126 1126 1148 1148 1148 1128 1128 1128 1103 1103 1103 1149 1149 1149 1103 1103 1103 1129 1129 1129 1150 1150 1150 1103 1103 1103 1150 1150 1150 1149 1149 1149 1129 1129 1129 1130 1130 1130 1150 1150 1150 1083 1083 1083 915 915 915 1151 1151 1151 915 915 915 870 870 870 1152 1152 1152 915 915 915 1152 1152 1152 1151 1151 1151 870 870 870 1018 1018 1018 1152 1152 1152 1018 1018 1018 1113 1113 1113 1153 1153 1153 1114 1114 1114 1154 1154 1154 1155 1155 1155 1021 1021 1021 941 941 941 1139 1139 1139 863 863 863 1086 1086 1086 1117 1117 1117 944 944 944 945 945 945 1156 1156 1156 945 945 945 850 850 850 1157 1157 1157 850 850 850 1118 1118 1118 1157 1157 1157 1118 1118 1118 918 918 918 1088 1088 1088 946 946 946 1089 1089 1089 1119 1119 1119 972 972 972 947 947 947 1158 1158 1158 947 947 947 1059 1059 1059 1158 1158 1158 1059 1059 1059 948 948 948 1159 1159 1159 948 948 948 949 949 949 1159 1159 1159 881 881 881 1060 1060 1060 1141 1141 1141 923 923 923 1093 1093 1093 1160 1160 1160 951 951 951 925 925 925 1161 1161 1161 925 925 925 926 926 926 1161 1161 1161 1148 1148 1148 1126 1126 1126 1162 1162 1162 1126 1126 1126 1127 1127 1127 1163 1163 1163 1126 1126 1126 1163 1163 1163 1162 1162 1162 1128 1128 1128 1149 1149 1149 1164 1164 1164 1149 1149 1149 1150 1150 1150 1165 1165 1165 1150 1150 1150 1130 1130 1130 1165 1165 1165 1165 1165 1165 1130 1130 1130 1166 1166 1166 1113 1113 1113 1020 1020 1020 1167 1167 1167 1020 1020 1020 1168 1168 1168 1167 1167 1167 1020 1020 1020 1054 1054 1054 1168 1168 1168 875 875 875 885 885 885 1169 1169 1169 1137 1137 1137 1057 1057 1057 1170 1170 1170 1057 1057 1057 1085 1085 1085 1170 1170 1170 1117 1117 1117 1086 1086 1086 1171 1171 1171 943 943 943 1087 1087 1087 1058 1058 1058 945 945 945 1157 1157 1157 1172 1172 1172 942 942 942 1120 1120 1120 1140 1140 1140 882 882 882 1022 1022 1022 1124 1124 1124 1023 1023 1023 922 922 922 1173 1173 1173 922 922 922 830 830 830 1173 1173 1173 1173 1173 1173 830 830 830 1174 1174 1174 831 831 831 1061 1061 1061 1175 1175 1175 1142 1142 1142 953 953 953 1143 1143 1143 866 866 866 819 819 819 1176 1176 1176 866 866 866 1176 1176 1176 1145 1145 1145 819 819 819 954 954 954 1176 1176 1176 1177 1177 1177 1178 1178 1178 1179 1179 1179 1164 1164 1164 1149 1149 1149 1180 1180 1180 1149 1149 1149 1165 1165 1165 1180 1180 1180 1169 1169 1169 885 885 885 1181 1181 1181 885 885 885 1056 1056 1056 1181 1181 1181 1137 1137 1137 1170 1170 1170 1182 1182 1182 1139 1139 1139 941 941 941 1183 1183 1183 1183 1183 1183 941 941 941 1184 1184 1184 941 941 941 1117 1117 1117 1184 1184 1184 1170 1170 1170 1085 1085 1085 1140 1140 1140 945 945 945 1172 1172 1172 1156 1156 1156 889 889 889 1185 1185 1185 1090 1090 1090 889 889 889 1121 1121 1121 1185 1185 1185 1122 1122 1122 1091 1091 1091 1186 1186 1186 1024 1024 1024 951 951 951 1161 1161 1161 1187 1187 1187 1147 1147 1147 1188 1188 1188 1147 1147 1147 1125 1125 1125 1189 1189 1189 1147 1147 1147 1189 1189 1189 1188 1188 1188 1125 1125 1125 1148 1148 1148 1189 1189 1189 1189 1189 1189 1148 1148 1148 1190 1190 1190 1148 1148 1148 1162 1162 1162 1191 1191 1191 1148 1148 1148 1191 1191 1191 1190 1190 1190 1162 1162 1162 1163 1163 1163 1191 1191 1191 1152 1152 1152 1018 1018 1018 1192 1192 1192 1018 1018 1018 1153 1153 1153 1192 1192 1192 940 940 940 875 875 875 1193 1193 1193 875 875 875 1169 1169 1169 1193 1193 1193 1140 1140 1140 1120 1120 1120 1194 1194 1194 1120 1120 1120 1090 1090 1090 1195 1195 1195 1090 1090 1090 1196 1196 1196 1195 1195 1195 1090 1090 1090 1185 1185 1185 1196 1196 1196 1121 1121 1121 1122 1122 1122 1185 1185 1185 972 972 972 1158 1158 1158 1197 1197 1197 1161 1161 1161 926 926 926 1198 1198 1198 1180 1180 1180 1165 1165 1165 1199 1199 1199 1165 1165 1165 1166 1166 1166 1200 1200 1200 1165 1165 1165 1200 1200 1200 1199 1199 1199 1153 1153 1153 1113 1113 1113 1201 1201 1201 1113 1113 1113 1167 1167 1167 1201 1201 1201 1138 1138 1138 1139 1139 1139 1202 1202 1202 1170 1170 1170 1140 1140 1140 1203 1203 1203 1118 1118 1118 1088 1088 1088 1204 1204 1204 1119 1119 1119 1089 1089 1089 1205 1205 1205 1205 1205 1205 1089 1089 1089 1206 1206 1206 1140 1140 1140 1194 1194 1194 1203 1203 1203 1185 1185 1185 1122 1122 1122 1207 1207 1207 1122 1122 1122 1186 1186 1186 1207 1207 1207 1186 1186 1186 1091 1091 1091 1208 1208 1208 1093 1093 1093 1024 1024 1024 1209 1209 1209 1024 1024 1024 1161 1161 1161 1209 1209 1209 1161 1161 1161 1210 1210 1210 1209 1209 1209 1161 1161 1161 1198 1198 1198 1211 1211 1211 926 926 926 1142 1142 1142 1198 1198 1198 1164 1164 1164 1180 1180 1180 1212 1212 1212 1180 1180 1180 1199 1199 1199 1212 1212 1212 1192 1192 1192 1153 1153 1153 1201 1201 1201 1201 1201 1201 1167 1167 1167 1213 1213 1213 1167 1167 1167 1168 1168 1168 1213 1213 1213 1168 1168 1168 1054 1054 1054 1214 1214 1214 1054 1054 1054 1114 1114 1114 1215 1215 1215 1054 1054 1054 1215 1215 1215 1214 1214 1214 1114 1114 1114 1155 1155 1155 1215 1215 1215 940 940 940 1193 1193 1193 1216 1216 1216 1086 1086 1086 1058 1058 1058 1217 1217 1217 1058 1058 1058 1087 1087 1087 1217 1217 1217 1157 1157 1157 1118 1118 1118 1204 1204 1204 1194 1194 1194 1120 1120 1120 1195 1195 1195 1159 1159 1159 949 949 949 1218 1218 1218 949 949 949 1092 1092 1092 1218 1218 1218 1123 1123 1123 921 921 921 1219 1219 1219 1198 1198 1198 1142 1142 1142 1220 1220 1220 1187 1187 1187 1188 1188 1188 1221 1221 1221 1188 1188 1188 1189 1189 1189 1221 1221 1221 1191 1191 1191 1163 1163 1163 1222 1222 1222 1164 1164 1164 1212 1212 1212 1223 1223 1223 1081 1081 1081 867 867 867 1224 1224 1224 867 867 867 914 914 914 1224 1224 1224 914 914 914 1082 1082 1082 1225 1225 1225 1181 1181 1181 1056 1056 1056 1226 1226 1226 1226 1226 1226 1056 1056 1056 1227 1227 1227 1117 1117 1117 1171 1171 1171 1184 1184 1184 1170 1170 1170 1203 1203 1203 1228 1228 1228 1217 1217 1217 1087 1087 1087 1229 1229 1229 1087 1087 1087 944 944 944 1229 1229 1229 944 944 944 1156 1156 1156 1229 1229 1229 1156 1156 1156 1172 1172 1172 1230 1230 1230 1203 1203 1203 1194 1194 1194 1231 1231 1231 1196 1196 1196 1185 1185 1185 1232 1232 1232 1091 1091 1091 971 971 971 1233 1233 1233 1060 1060 1060 1123 1123 1123 1234 1234 1234 921 921 921 1124 1124 1124 1219 1219 1219 1061 1061 1061 923 923 923 1235 1235 1235 923 923 923 1160 1160 1160 1235 1235 1235 1160 1160 1160 1093 1093 1093 1236 1236 1236 1220 1220 1220 1142 1142 1142 1143 1143 1143 954 954 954 884 884 884 1176 1176 1176 1187 1187 1187 1221 1221 1221 1237 1237 1237 1190 1190 1190 1191 1191 1191 1238 1238 1238 1191 1191 1191 1222 1222 1222 1238 1238 1238 1135 1135 1135 1134 1134 1134 1239 1239 1239 1134 1134 1134 1081 1081 1081 1240 1240 1240 1081 1081 1081 1224 1224 1224 1240 1240 1240 1224 1224 1224 914 914 914 1225 1225 1225 1192 1192 1192 1201 1201 1201 1241 1241 1241 1182 1182 1182 1170 1170 1170 1228 1228 1228 1185 1185 1185 1207 1207 1207 1242 1242 1242 1158 1158 1158 1059 1059 1059 1197 1197 1197 1023 1023 1023 1173 1173 1173 1243 1243 1243 1173 1173 1173 1174 1174 1174 1243 1243 1243 1235 1235 1235 1160 1160 1160 1236 1236 1236 1236 1236 1236 1093 1093 1093 1244 1244 1244 1093 1093 1093 1209 1209 1209 1244 1244 1244 1161 1161 1161 1211 1211 1211 1210 1210 1210 1144 1144 1144 1145 1145 1145 1245 1245 1245 1189 1189 1189 1190 1190 1190 1246 1246 1246 1190 1190 1190 1238 1238 1238 1246 1246 1246 1212 1212 1212 1199 1199 1199 1247 1247 1247 1199 1199 1199 1200 1200 1200 1248 1248 1248 1199 1199 1199 1248 1248 1248 1247 1247 1247 1083 1083 1083 1151 1151 1151 1249 1249 1249 1151 1151 1151 1152 1152 1152 1250 1250 1250 1151 1151 1151 1250 1250 1250 1249 1249 1249 1152 1152 1152 1192 1192 1192 1250 1250 1250 1181 1181 1181 1226 1226 1226 1169 1169 1169 1056 1056 1056 1116 1116 1116 1227 1227 1227 1227 1227 1227 1116 1116 1116 1251 1251 1251 1116 1116 1116 1136 1136 1136 1251 1251 1251 1228 1228 1228 1203 1203 1203 1252 1252 1252 1156 1156 1156 1230 1230 1230 1229 1229 1229 1194 1194 1194 1195 1195 1195 1253 1253 1253 971 971 971 972 972 972 1233 1233 1233 972 972 972 1254 1254 1254 1233 1233 1233 972 972 972 1197 1197 1197 1254 1254 1254 1197 1197 1197 1059 1059 1059 1255 1255 1255 1059 1059 1059 1159 1159 1159 1255 1255 1255 1159 1159 1159 1218 1218 1218 1255 1255 1255 1243 1243 1243 1174 1174 1174 1256 1256 1256 1175 1175 1175 1061 1061 1061 1257 1257 1257 1209 1209 1209 1210 1210 1210 1258 1258 1258 1221 1221 1221 1189 1189 1189 1259 1259 1259 1189 1189 1189 1246 1246 1246 1259 1259 1259 1223 1223 1223 1212 1212 1212 1260 1260 1260 1212 1212 1212 1247 1247 1247 1260 1260 1260 1261 1261 1261 1262 1262 1262 1263 1263 1263 1263 1263 1263 1262 1262 1262 1264 1264 1264 1139 1139 1139 1183 1183 1183 1202 1202 1202 1202 1202 1202 1183 1183 1183 1265 1265 1265 1183 1183 1183 1184 1184 1184 1265 1265 1265 1265 1265 1265 1184 1184 1184 1266 1266 1266 1171 1171 1171 1267 1267 1267 1184 1184 1184 1171 1171 1171 1086 1086 1086 1267 1267 1267 1086 1086 1086 1217 1217 1217 1268 1268 1268 1088 1088 1088 1119 1119 1119 1269 1269 1269 1119 1119 1119 1205 1205 1205 1269 1269 1269 1203 1203 1203 1231 1231 1231 1252 1252 1252 1092 1092 1092 1141 1141 1141 1218 1218 1218 1218 1218 1218 1141 1141 1141 1234 1234 1234 1141 1141 1141 1060 1060 1060 1234 1234 1234 1234 1234 1234 1123 1123 1123 1270 1270 1270 1244 1244 1244 1209 1209 1209 1258 1258 1258 1145 1145 1145 1176 1176 1176 1245 1245 1245 1246 1246 1246 1238 1238 1238 1271 1271 1271 1238 1238 1238 1222 1222 1222 1271 1271 1271 1223 1223 1223 1260 1260 1260 1272 1272 1272 1260 1260 1260 1247 1247 1247 1272 1272 1272 1272 1272 1272 1247 1247 1247 1273 1273 1273 1247 1247 1247 1248 1248 1248 1273 1273 1273 1261 1261 1261 1263 1263 1263 1274 1274 1274 1275 1275 1275 1276 1276 1276 1277 1277 1277 1213 1213 1213 1168 1168 1168 1278 1278 1278 1168 1168 1168 1214 1214 1214 1278 1278 1278 1215 1215 1215 1155 1155 1155 1279 1279 1279 1216 1216 1216 1193 1193 1193 1280 1280 1280 1193 1193 1193 1169 1169 1169 1280 1280 1280 1169 1169 1169 1226 1226 1226 1281 1281 1281 1251 1251 1251 1136 1136 1136 1282 1282 1282 1217 1217 1217 1229 1229 1229 1283 1283 1283 1194 1194 1194 1253 1253 1253 1231 1231 1231 1185 1185 1185 1242 1242 1242 1232 1232 1232 1186 1186 1186 1284 1284 1284 1207 1207 1207 1208 1208 1208 1091 1091 1091 1233 1233 1233 1245 1245 1245 1176 1176 1176 1285 1285 1285 884 884 884 1146 1146 1146 1286 1286 1286 1271 1271 1271 1222 1222 1222 1287 1287 1287 1223 1223 1223 1272 1272 1272 1288 1288 1288 1288 1288 1288 1272 1272 1272 1289 1289 1289 1272 1272 1272 1273 1273 1273 1289 1289 1289 1290 1290 1290 1291 1291 1291 1292 1292 1292 1275 1275 1275 1277 1277 1277 1293 1293 1293 1294 1294 1294 1295 1295 1295 1296 1296 1296 1250 1250 1250 1192 1192 1192 1297 1297 1297 1192 1192 1192 1241 1241 1241 1297 1297 1297 1214 1214 1214 1215 1215 1215 1298 1298 1298 1215 1215 1215 1279 1279 1279 1298 1298 1298 1169 1169 1169 1281 1281 1281 1280 1280 1280 1182 1182 1182 1228 1228 1228 1299 1299 1299 1138 1138 1138 1202 1202 1202 1300 1300 1300 1268 1268 1268 1217 1217 1217 1283 1283 1283 1229 1229 1229 1230 1230 1230 1301 1301 1301 1172 1172 1172 1157 1157 1157 1204 1204 1204 1204 1204 1204 1088 1088 1088 1302 1302 1302 1088 1088 1088 1269 1269 1269 1302 1302 1302 1197 1197 1197 1255 1255 1255 1303 1303 1303 1255 1255 1255 1218 1218 1218 1304 1304 1304 1219 1219 1219 1124 1124 1124 1305 1305 1305 1236 1236 1236 1244 1244 1244 1306 1306 1306 1211 1211 1211 1198 1198 1198 1307 1307 1307 1211 1211 1211 1307 1307 1307 1210 1210 1210 1198 1198 1198 1220 1220 1220 1307 1307 1307 1144 1144 1144 1245 1245 1245 1308 1308 1308 1245 1245 1245 1285 1285 1285 1309 1309 1309 1176 1176 1176 884 884 884 1310 1310 1310 884 884 884 1286 1286 1286 1310 1310 1310 1259 1259 1259 1246 1246 1246 1311 1311 1311 1246 1246 1246 1271 1271 1271 1311 1311 1311 1290 1290 1290 1292 1292 1292 1312 1312 1312 1313 1313 1313 1275 1275 1275 1293 1293 1293 1249 1249 1249 1250 1250 1250 1314 1314 1314 1250 1250 1250 1297 1297 1297 1314 1314 1314 1226 1226 1226 1227 1227 1227 1281 1281 1281 1266 1266 1266 1184 1184 1184 1315 1315 1315 1184 1184 1184 1267 1267 1267 1315 1315 1315 1267 1267 1267 1086 1086 1086 1316 1316 1316 1086 1086 1086 1268 1268 1268 1316 1316 1316 1252 1252 1252 1231 1231 1231 1317 1317 1317 1284 1284 1284 1186 1186 1186 1318 1318 1318 1186 1186 1186 1208 1208 1208 1318 1318 1318 1318 1318 1318 1208 1208 1208 1319 1319 1319 1208 1208 1208 1233 1233 1233 1319 1319 1319 1233 1233 1233 1254 1254 1254 1319 1319 1319 1255 1255 1255 1304 1304 1304 1303 1303 1303 1218 1218 1218 1234 1234 1234 1304 1304 1304 1123 1123 1123 1219 1219 1219 1270 1270 1270 1124 1124 1124 1022 1022 1022 1305 1305 1305 1022 1022 1022 1023 1023 1023 1320 1320 1320 1022 1022 1022 1320 1320 1320 1305 1305 1305 1023 1023 1023 1243 1243 1243 1320 1320 1320 1235 1235 1235 1236 1236 1236 1306 1306 1306 1220 1220 1220 1143 1143 1143 1321 1321 1321 1237 1237 1237 1221 1221 1221 1322 1322 1322 1221 1221 1221 1259 1259 1259 1323 1323 1323 1221 1221 1221 1323 1323 1323 1322 1322 1322 1259 1259 1259 1311 1311 1311 1323 1323 1323 1289 1289 1289 1273 1273 1273 1324 1324 1324 1273 1273 1273 1248 1248 1248 1325 1325 1325 1273 1273 1273 1325 1325 1325 1324 1324 1324 1313 1313 1313 1293 1293 1293 1326 1326 1326 1083 1083 1083 1249 1249 1249 1327 1327 1327 1249 1249 1249 1314 1314 1314 1327 1327 1327 1241 1241 1241 1201 1201 1201 1328 1328 1328 1201 1201 1201 1213 1213 1213 1328 1328 1328 1278 1278 1278 1214 1214 1214 1298 1298 1298 1329 1329 1329 1280 1280 1280 1330 1330 1330 1280 1280 1280 1281 1281 1281 1330 1330 1330 1138 1138 1138 1300 1300 1300 1331 1331 1331 1228 1228 1228 1252 1252 1252 1332 1332 1332 1332 1332 1332 1252 1252 1252 1317 1317 1317 1253 1253 1253 1195 1195 1195 1333 1333 1333 1195 1195 1195 1196 1196 1196 1333 1333 1333 1196 1196 1196 1232 1232 1232 1333 1333 1333 1207 1207 1207 1284 1284 1284 1334 1334 1334 1335 1335 1335 1336 1336 1336 1337 1337 1337 1306 1306 1306 1244 1244 1244 1258 1258 1258 1338 1338 1338 1210 1210 1210 1339 1339 1339 1210 1210 1210 1307 1307 1307 1339 1339 1339 1143 1143 1143 1144 1144 1144 1308 1308 1308 1311 1311 1311 1271 1271 1271 1340 1340 1340 1271 1271 1271 1287 1287 1287 1340 1340 1340 1290 1290 1290 1312 1312 1312 1341 1341 1341 1341 1341 1341 1312 1312 1312 1342 1342 1342 1329 1329 1329 1330 1330 1330 1343 1343 1343 1225 1225 1225 1082 1082 1082 1344 1344 1344 1083 1083 1083 1327 1327 1327 1345 1345 1345 1227 1227 1227 1251 1251 1251 1346 1346 1346 1229 1229 1229 1301 1301 1301 1283 1283 1283 1301 1301 1301 1230 1230 1230 1347 1347 1347 1230 1230 1230 1172 1172 1172 1347 1347 1347 1334 1334 1334 1284 1284 1284 1318 1318 1318 1318 1318 1318 1319 1319 1319 1348 1348 1348 1254 1254 1254 1197 1197 1197 1349 1349 1349 1349 1349 1349 1197 1197 1197 1303 1303 1303 1303 1303 1303 1304 1304 1304 1350 1350 1350 1350 1350 1350 1304 1304 1304 1351 1351 1351 1304 1304 1304 1352 1352 1352 1351 1351 1351 1304 1304 1304 1234 1234 1234 1353 1353 1353 1304 1304 1304 1353 1353 1353 1352 1352 1352 1353 1353 1353 1234 1234 1234 1354 1354 1354 1234 1234 1234 1270 1270 1270 1354 1354 1354 1355 1355 1355 1356 1356 1356 1357 1357 1357 1358 1358 1358 1359 1359 1359 1360 1360 1360 1361 1361 1361 1362 1362 1362 1363 1363 1363 1361 1361 1361 1363 1363 1363 1364 1364 1364 1346 1346 1346 1251 1251 1251 1365 1365 1365 1251 1251 1251 1282 1282 1282 1365 1365 1365 1299 1299 1299 1228 1228 1228 1366 1366 1366 1283 1283 1283 1301 1301 1301 1367 1367 1367 1301 1301 1301 1368 1368 1368 1367 1367 1367 1219 1219 1219 1305 1305 1305 1270 1270 1270 1258 1258 1258 1210 1210 1210 1369 1369 1369 1307 1307 1307 1220 1220 1220 1321 1321 1321 1321 1321 1321 1143 1143 1143 1308 1308 1308 1308 1308 1308 1245 1245 1245 1309 1309 1309 1288 1288 1288 1289 1289 1289 1370 1370 1370 1289 1289 1289 1324 1324 1324 1371 1371 1371 1289 1289 1289 1371 1371 1371 1370 1370 1370 1324 1324 1324 1325 1325 1325 1371 1371 1371 1361 1361 1361 1364 1364 1364 1372 1372 1372 1224 1224 1224 1225 1225 1225 1240 1240 1240 1328 1328 1328 1213 1213 1213 1373 1373 1373 1213 1213 1213 1278 1278 1278 1373 1373 1373 1281 1281 1281 1227 1227 1227 1346 1346 1346 1281 1281 1281 1346 1346 1346 1374 1374 1374 1202 1202 1202 1265 1265 1265 1300 1300 1300 1268 1268 1268 1283 1283 1283 1316 1316 1316 1205 1205 1205 1206 1206 1206 1375 1375 1375 1376 1376 1376 1377 1377 1377 1378 1378 1378 1176 1176 1176 1310 1310 1310 1285 1285 1285 1340 1340 1340 1287 1287 1287 1379 1379 1379 1288 1288 1288 1370 1370 1370 1380 1380 1380 1371 1371 1371 1325 1325 1325 1381 1381 1381 1330 1330 1330 1281 1281 1281 1374 1374 1374 1366 1366 1366 1228 1228 1228 1332 1332 1332 1265 1265 1265 1266 1266 1266 1315 1315 1315 1301 1301 1301 1347 1347 1347 1368 1368 1368 1172 1172 1172 1204 1204 1204 1382 1382 1382 1382 1382 1382 1204 1204 1204 1383 1383 1383 1302 1302 1302 1269 1269 1269 1384 1384 1384 1302 1302 1302 1384 1384 1384 1383 1383 1383 1269 1269 1269 1205 1205 1205 1384 1384 1384 1348 1348 1348 1319 1319 1319 1349 1349 1349 1257 1257 1257 1061 1061 1061 1385 1385 1385 1061 1061 1061 1235 1235 1235 1385 1385 1385 1235 1235 1235 1306 1306 1306 1385 1385 1385 1309 1309 1309 1285 1285 1285 1386 1386 1386 1237 1237 1237 1322 1322 1322 1387 1387 1387 1322 1322 1322 1323 1323 1323 1388 1388 1388 1323 1323 1323 1311 1311 1311 1388 1388 1388 1380 1380 1380 1370 1370 1370 1389 1389 1389 1370 1370 1370 1371 1371 1371 1390 1390 1390 1370 1370 1370 1390 1390 1390 1389 1389 1389 1371 1371 1371 1381 1381 1381 1390 1390 1390 1239 1239 1239 1134 1134 1134 1391 1391 1391 1134 1134 1134 1240 1240 1240 1392 1392 1392 1314 1314 1314 1297 1297 1297 1393 1393 1393 1297 1297 1297 1241 1241 1241 1394 1394 1394 1297 1297 1297 1394 1394 1394 1395 1395 1395 1278 1278 1278 1298 1298 1298 1396 1396 1396 1298 1298 1298 1279 1279 1279 1396 1396 1396 1300 1300 1300 1265 1265 1265 1397 1397 1397 1265 1265 1265 1315 1315 1315 1397 1397 1397 1315 1315 1315 1267 1267 1267 1398 1398 1398 1317 1317 1317 1231 1231 1231 1399 1399 1399 1318 1318 1318 1348 1348 1348 1334 1334 1334 1319 1319 1319 1254 1254 1254 1349 1349 1349 1349 1349 1349 1303 1303 1303 1400 1400 1400 1303 1303 1303 1350 1350 1350 1400 1400 1400 1354 1354 1354 1270 1270 1270 1401 1401 1401 1270 1270 1270 1305 1305 1305 1402 1402 1402 1335 1335 1335 1337 1337 1337 1403 1403 1403 1385 1385 1385 1306 1306 1306 1404 1404 1404 1210 1210 1210 1338 1338 1338 1369 1369 1369 1405 1405 1405 1338 1338 1338 1339 1339 1339 1386 1386 1386 1285 1285 1285 1406 1406 1406 1387 1387 1387 1322 1322 1322 1407 1407 1407 1322 1322 1322 1388 1388 1388 1407 1407 1407 1388 1388 1388 1311 1311 1311 1408 1408 1408 1311 1311 1311 1340 1340 1340 1408 1408 1408 1408 1408 1408 1340 1340 1340 1409 1409 1409 1340 1340 1340 1379 1379 1379 1410 1410 1410 1340 1340 1340 1410 1410 1410 1409 1409 1409 1380 1380 1380 1389 1389 1389 1411 1411 1411 1411 1411 1411 1389 1389 1389 1412 1412 1412 1389 1389 1389 1390 1390 1390 1412 1412 1412 1412 1412 1412 1390 1390 1390 1413 1413 1413 1414 1414 1414 1415 1415 1415 1416 1416 1416 1391 1391 1391 1134 1134 1134 1392 1392 1392 1297 1297 1297 1395 1395 1395 1393 1393 1393 1241 1241 1241 1328 1328 1328 1394 1394 1394 1396 1396 1396 1279 1279 1279 1417 1417 1417 1330 1330 1330 1374 1374 1374 1418 1418 1418 1331 1331 1331 1300 1300 1300 1419 1419 1419 1267 1267 1267 1316 1316 1316 1398 1398 1398 1283 1283 1283 1367 1367 1367 1420 1420 1420 1368 1368 1368 1347 1347 1347 1421 1421 1421 1347 1347 1347 1172 1172 1172 1382 1382 1382 1399 1399 1399 1231 1231 1231 1422 1422 1422 1231 1231 1231 1253 1253 1253 1422 1422 1422 1253 1253 1253 1333 1333 1333 1423 1423 1423 1232 1232 1232 1242 1242 1242 1424 1424 1424 1242 1242 1242 1207 1207 1207 1424 1424 1424 1404 1404 1404 1306 1306 1306 1425 1425 1425 1306 1306 1306 1258 1258 1258 1426 1426 1426 1306 1306 1306 1426 1426 1426 1425 1425 1425 1258 1258 1258 1369 1369 1369 1426 1426 1426 1321 1321 1321 1308 1308 1308 1427 1427 1427 1308 1308 1308 1309 1309 1309 1427 1427 1427 1428 1428 1428 1429 1429 1429 1430 1430 1430 1431 1431 1431 1432 1432 1432 1433 1433 1433 1240 1240 1240 1225 1225 1225 1344 1344 1344 1374 1374 1374 1346 1346 1346 1434 1434 1434 1346 1346 1346 1365 1365 1365 1434 1434 1434 1332 1332 1332 1317 1317 1317 1399 1399 1399 1331 1331 1331 1419 1419 1419 1435 1435 1435 1300 1300 1300 1397 1397 1397 1419 1419 1419 1316 1316 1316 1283 1283 1283 1420 1420 1420 1367 1367 1367 1368 1368 1368 1421 1421 1421 1204 1204 1204 1302 1302 1302 1383 1383 1383 1384 1384 1384 1205 1205 1205 1436 1436 1436 1205 1205 1205 1375 1375 1375 1436 1436 1436 1422 1422 1422 1253 1253 1253 1423 1423 1423 1424 1424 1424 1207 1207 1207 1334 1334 1334 1349 1349 1349 1437 1437 1437 1438 1438 1438 1349 1349 1349 1400 1400 1400 1437 1437 1437 1351 1351 1351 1352 1352 1352 1439 1439 1439 1307 1307 1307 1321 1321 1321 1339 1339 1339 1387 1387 1387 1407 1407 1407 1440 1440 1440 1407 1407 1407 1388 1388 1388 1440 1440 1440 1428 1428 1428 1430 1430 1430 1441 1441 1441 1411 1411 1411 1412 1412 1412 1442 1442 1442 1412 1412 1412 1413 1413 1413 1443 1443 1443 1412 1412 1412 1443 1443 1443 1442 1442 1442 1392 1392 1392 1240 1240 1240 1444 1444 1444 1444 1444 1444 1240 1240 1240 1344 1344 1344 1373 1373 1373 1278 1278 1278 1445 1445 1445 1278 1278 1278 1396 1396 1396 1445 1445 1445 1343 1343 1343 1330 1330 1330 1446 1446 1446 1330 1330 1330 1418 1418 1418 1446 1446 1446 1365 1365 1365 1282 1282 1282 1447 1447 1447 1332 1332 1332 1399 1399 1399 1448 1448 1448 1315 1315 1315 1398 1398 1398 1397 1397 1397 1351 1351 1351 1439 1439 1439 1449 1449 1449 1352 1352 1352 1353 1353 1353 1450 1450 1450 1369 1369 1369 1338 1338 1338 1451 1451 1451 1338 1338 1338 1405 1405 1405 1451 1451 1451 1405 1405 1405 1339 1339 1339 1452 1452 1452 1309 1309 1309 1386 1386 1386 1427 1427 1427 1355 1355 1355 1357 1357 1357 1453 1453 1453 1409 1409 1409 1410 1410 1410 1454 1454 1454 1411 1411 1411 1442 1442 1442 1455 1455 1455 1343 1343 1343 1446 1446 1446 1456 1456 1456 1366 1366 1366 1332 1332 1332 1457 1457 1457 1423 1423 1423 1333 1333 1333 1458 1458 1458 1334 1334 1334 1348 1348 1348 1459 1459 1459 1352 1352 1352 1450 1450 1450 1439 1439 1439 1401 1401 1401 1270 1270 1270 1402 1402 1402 1339 1339 1339 1321 1321 1321 1460 1460 1460 1321 1321 1321 1427 1427 1427 1460 1460 1460 1285 1285 1285 1310 1310 1310 1461 1461 1461 1310 1310 1310 1286 1286 1286 1461 1461 1461 1355 1355 1355 1453 1453 1453 1462 1462 1462 1387 1387 1387 1440 1440 1440 1463 1463 1463 1388 1388 1388 1408 1408 1408 1464 1464 1464 1408 1408 1408 1409 1409 1409 1465 1465 1465 1408 1408 1408 1465 1465 1465 1464 1464 1464 1409 1409 1409 1454 1454 1454 1465 1465 1465 1441 1441 1441 1430 1430 1430 1466 1466 1466 1327 1327 1327 1314 1314 1314 1467 1467 1467 1314 1314 1314 1393 1393 1393 1467 1467 1467 1374 1374 1374 1434 1434 1434 1468 1468 1468 1434 1434 1434 1365 1365 1365 1469 1469 1469 1365 1365 1365 1447 1447 1447 1469 1469 1469 1457 1457 1457 1332 1332 1332 1448 1448 1448 1398 1398 1398 1316 1316 1316 1470 1470 1470 1382 1382 1382 1383 1383 1383 1471 1471 1471 1243 1243 1243 1256 1256 1256 1472 1472 1472 1257 1257 1257 1385 1385 1385 1473 1473 1473 1385 1385 1385 1404 1404 1404 1474 1474 1474 1452 1452 1452 1339 1339 1339 1475 1475 1475 1475 1475 1475 1339 1339 1339 1460 1460 1460 1440 1440 1440 1388 1388 1388 1476 1476 1476 1388 1388 1388 1464 1464 1464 1476 1476 1476 1465 1465 1465 1454 1454 1454 1477 1477 1477 1455 1455 1455 1442 1442 1442 1478 1478 1478 1455 1455 1455 1478 1478 1478 1479 1479 1479 1442 1442 1442 1443 1443 1443 1480 1480 1480 1442 1442 1442 1480 1480 1480 1478 1478 1478 1396 1396 1396 1417 1417 1417 1481 1481 1481 1418 1418 1418 1374 1374 1374 1482 1482 1482 1374 1374 1374 1468 1468 1468 1482 1482 1482 1434 1434 1434 1469 1469 1469 1468 1468 1468 1448 1448 1448 1399 1399 1399 1483 1483 1483 1316 1316 1316 1420 1420 1420 1470 1470 1470 1347 1347 1347 1382 1382 1382 1421 1421 1421 1382 1382 1382 1471 1471 1471 1421 1421 1421 1399 1399 1399 1422 1422 1422 1483 1483 1483 1483 1483 1483 1422 1422 1422 1484 1484 1484 1348 1348 1348 1349 1349 1349 1459 1459 1459 1459 1459 1459 1349 1349 1349 1438 1438 1438 1400 1400 1400 1350 1350 1350 1485 1485 1485 1353 1353 1353 1354 1354 1354 1486 1486 1486 1320 1320 1320 1243 1243 1243 1487 1487 1487 1243 1243 1243 1472 1472 1472 1487 1487 1487 1463 1463 1463 1440 1440 1440 1488 1488 1488 1440 1440 1440 1476 1476 1476 1488 1488 1488 1464 1464 1464 1465 1465 1465 1489 1489 1489 1465 1465 1465 1477 1477 1477 1489 1489 1489 1345 1345 1345 1327 1327 1327 1490 1490 1490 1327 1327 1327 1467 1467 1467 1490 1490 1490 1397 1397 1397 1491 1491 1491 1419 1419 1419 1367 1367 1367 1421 1421 1421 1492 1492 1492 1484 1484 1484 1422 1422 1422 1423 1423 1423 1473 1473 1473 1385 1385 1385 1474 1474 1474 1451 1451 1451 1405 1405 1405 1452 1452 1452 1460 1460 1460 1427 1427 1427 1493 1493 1493 1406 1406 1406 1285 1285 1285 1494 1494 1494 1285 1285 1285 1461 1461 1461 1494 1494 1494 1461 1461 1461 1286 1286 1286 1495 1495 1495 1496 1496 1496 1479 1479 1479 1497 1497 1497 1479 1479 1479 1478 1478 1478 1498 1498 1498 1479 1479 1479 1498 1498 1498 1497 1497 1497 1466 1466 1466 1430 1430 1430 1499 1499 1499 1466 1466 1466 1499 1499 1499 1500 1500 1500 1478 1478 1478 1480 1480 1480 1498 1498 1498 1498 1498 1498 1480 1480 1480 1501 1501 1501 1391 1391 1391 1392 1392 1392 1502 1502 1502 1444 1444 1444 1344 1344 1344 1503 1503 1503 1503 1503 1503 1344 1344 1344 1504 1504 1504 1345 1345 1345 1490 1490 1490 1505 1505 1505 1467 1467 1467 1393 1393 1393 1506 1506 1506 1393 1393 1393 1395 1395 1395 1506 1506 1506 1395 1395 1395 1394 1394 1394 1506 1506 1506 1506 1506 1506 1394 1394 1394 1328 1328 1328 1435 1435 1435 1419 1419 1419 1507 1507 1507 1397 1397 1397 1398 1398 1398 1508 1508 1508 1398 1398 1398 1470 1470 1470 1508 1508 1508 1470 1470 1470 1420 1420 1420 1509 1509 1509 1420 1420 1420 1367 1367 1367 1510 1510 1510 1367 1367 1367 1492 1492 1492 1510 1510 1510 1421 1421 1421 1511 1511 1511 1492 1492 1492 1421 1421 1421 1471 1471 1471 1511 1511 1511 1471 1471 1471 1383 1383 1383 1384 1384 1384 1333 1333 1333 1232 1232 1232 1458 1458 1458 1400 1400 1400 1485 1485 1485 1437 1437 1437 1485 1485 1485 1350 1350 1350 1449 1449 1449 1350 1350 1350 1351 1351 1351 1449 1449 1449 1475 1475 1475 1460 1460 1460 1512 1512 1512 1427 1427 1427 1386 1386 1386 1513 1513 1513 1476 1476 1476 1464 1464 1464 1514 1514 1514 1464 1464 1464 1489 1489 1489 1514 1514 1514 1514 1514 1514 1489 1489 1489 1515 1515 1515 1496 1496 1496 1497 1497 1497 1516 1516 1516 1516 1516 1516 1497 1497 1497 1517 1517 1517 1497 1497 1497 1498 1498 1498 1517 1517 1517 1500 1500 1500 1499 1499 1499 1518 1518 1518 1445 1445 1445 1396 1396 1396 1519 1519 1519 1396 1396 1396 1520 1520 1520 1519 1519 1519 1396 1396 1396 1481 1481 1481 1520 1520 1520 1446 1446 1446 1418 1418 1418 1521 1521 1521 1521 1521 1521 1418 1418 1418 1482 1482 1482 1468 1468 1468 1469 1469 1469 1522 1522 1522 1420 1420 1420 1510 1510 1510 1509 1509 1509 1471 1471 1471 1523 1523 1523 1511 1511 1511 1471 1471 1471 1384 1384 1384 1523 1523 1523 1384 1384 1384 1436 1436 1436 1524 1524 1524 1232 1232 1232 1424 1424 1424 1458 1458 1458 1424 1424 1424 1334 1334 1334 1525 1525 1525 1334 1334 1334 1459 1459 1459 1525 1525 1525 1459 1459 1459 1526 1526 1526 1525 1525 1525 1526 1526 1526 1459 1459 1459 1438 1438 1438 1438 1438 1438 1437 1437 1437 1527 1527 1527 1450 1450 1450 1528 1528 1528 1439 1439 1439 1450 1450 1450 1353 1353 1353 1529 1529 1529 1474 1474 1474 1404 1404 1404 1530 1530 1530 1404 1404 1404 1425 1425 1425 1530 1530 1530 1530 1530 1530 1425 1425 1425 1531 1531 1531 1426 1426 1426 1369 1369 1369 1532 1532 1532 1513 1513 1513 1386 1386 1386 1533 1533 1533 1386 1386 1386 1406 1406 1406 1533 1533 1533 1533 1533 1533 1406 1406 1406 1494 1494 1494 1462 1462 1462 1534 1534 1534 1535 1535 1535 1463 1463 1463 1488 1488 1488 1536 1536 1536 1488 1488 1488 1476 1476 1476 1537 1537 1537 1476 1476 1476 1514 1514 1514 1537 1537 1537 1514 1514 1514 1515 1515 1515 1538 1538 1538 1516 1516 1516 1517 1517 1517 1539 1539 1539 1539 1539 1539 1517 1517 1517 1540 1540 1540 1517 1517 1517 1498 1498 1498 1541 1541 1541 1517 1517 1517 1541 1541 1541 1540 1540 1540 1518 1518 1518 1499 1499 1499 1542 1542 1542 1543 1543 1543 1544 1544 1544 1545 1545 1545 1498 1498 1498 1501 1501 1501 1541 1541 1541 1502 1502 1502 1392 1392 1392 1546 1546 1546 1506 1506 1506 1328 1328 1328 1547 1547 1547 1547 1547 1547 1328 1328 1328 1548 1548 1548 1522 1522 1522 1469 1469 1469 1549 1549 1549 1469 1469 1469 1447 1447 1447 1549 1549 1549 1448 1448 1448 1483 1483 1483 1550 1550 1550 1507 1507 1507 1419 1419 1419 1551 1551 1551 1419 1419 1419 1491 1491 1491 1551 1551 1551 1508 1508 1508 1470 1470 1470 1552 1552 1552 1470 1470 1470 1509 1509 1509 1552 1552 1552 1552 1552 1552 1509 1509 1509 1553 1553 1553 1436 1436 1436 1375 1375 1375 1554 1554 1554 1483 1483 1483 1484 1484 1484 1550 1550 1550 1458 1458 1458 1424 1424 1424 1555 1555 1555 1555 1555 1555 1424 1424 1424 1556 1556 1556 1424 1424 1424 1525 1525 1525 1556 1556 1556 1354 1354 1354 1401 1401 1401 1486 1486 1486 1557 1557 1557 1558 1558 1558 1559 1559 1559 1369 1369 1369 1451 1451 1451 1532 1532 1532 1427 1427 1427 1513 1513 1513 1493 1493 1493 1535 1535 1535 1534 1534 1534 1560 1560 1560 1535 1535 1535 1560 1560 1560 1561 1561 1561 1537 1537 1537 1514 1514 1514 1562 1562 1562 1514 1514 1514 1538 1538 1538 1563 1563 1563 1514 1514 1514 1563 1563 1563 1562 1562 1562 1539 1539 1539 1540 1540 1540 1564 1564 1564 1564 1564 1564 1540 1540 1540 1565 1565 1565 1564 1564 1564 1565 1565 1565 1566 1566 1566 1540 1540 1540 1545 1545 1545 1567 1567 1567 1540 1540 1540 1567 1567 1567 1565 1565 1565 1545 1545 1545 1544 1544 1544 1568 1568 1568 1545 1545 1545 1568 1568 1568 1567 1567 1567 1467 1467 1467 1506 1506 1506 1569 1569 1569 1506 1506 1506 1547 1547 1547 1569 1569 1569 1456 1456 1456 1446 1446 1446 1570 1570 1570 1456 1456 1456 1570 1570 1570 1571 1571 1571 1446 1446 1446 1521 1521 1521 1570 1570 1570 1468 1468 1468 1522 1522 1522 1482 1482 1482 1448 1448 1448 1550 1550 1550 1572 1572 1572 1491 1491 1491 1397 1397 1397 1508 1508 1508 1511 1511 1511 1573 1573 1573 1574 1574 1574 1511 1511 1511 1523 1523 1523 1573 1573 1573 1527 1527 1527 1437 1437 1437 1575 1575 1575 1437 1437 1437 1485 1485 1485 1575 1575 1575 1528 1528 1528 1450 1450 1450 1529 1529 1529 1353 1353 1353 1486 1486 1486 1529 1529 1529 1305 1305 1305 1320 1320 1320 1576 1576 1576 1426 1426 1426 1532 1532 1532 1425 1425 1425 1451 1451 1451 1452 1452 1452 1577 1577 1577 1452 1452 1452 1475 1475 1475 1577 1577 1577 1536 1536 1536 1488 1488 1488 1578 1578 1578 1488 1488 1488 1537 1537 1537 1578 1578 1578 1579 1579 1579 1580 1580 1580 1581 1581 1581 1537 1537 1537 1562 1562 1562 1582 1582 1582 1581 1581 1581 1583 1583 1583 1584 1584 1584 1562 1562 1562 1563 1563 1563 1585 1585 1585 1562 1562 1562 1585 1585 1585 1582 1582 1582 1563 1563 1563 1586 1586 1586 1585 1585 1585 1585 1585 1585 1586 1586 1586 1587 1587 1587 1565 1565 1565 1567 1567 1567 1588 1588 1588 1565 1565 1565 1588 1588 1588 1589 1589 1589 1567 1567 1567 1568 1568 1568 1588 1588 1588 1588 1588 1588 1568 1568 1568 1590 1590 1590 1591 1591 1591 1592 1592 1592 1593 1593 1593 1593 1593 1593 1592 1592 1592 1594 1594 1594 1584 1584 1584 1583 1583 1583 1595 1595 1595 1592 1592 1592 1596 1596 1596 1594 1594 1594 1566 1566 1566 1597 1597 1597 1598 1598 1598 1520 1520 1520 1481 1481 1481 1599 1599 1599 1457 1457 1457 1448 1448 1448 1600 1600 1600 1524 1524 1524 1436 1436 1436 1601 1601 1601 1436 1436 1436 1554 1554 1554 1601 1601 1601 1602 1602 1602 1438 1438 1438 1527 1527 1527 1603 1603 1603 1604 1604 1604 1605 1605 1605 1561 1561 1561 1560 1560 1560 1606 1606 1606 1561 1561 1561 1606 1606 1606 1607 1607 1607 1536 1536 1536 1578 1578 1578 1608 1608 1608 1609 1609 1609 1610 1610 1610 1579 1579 1579 1579 1579 1579 1610 1610 1610 1580 1580 1580 1578 1578 1578 1537 1537 1537 1611 1611 1611 1537 1537 1537 1582 1582 1582 1611 1611 1611 1585 1585 1585 1587 1587 1587 1612 1612 1612 1582 1582 1582 1585 1585 1585 1613 1613 1613 1613 1613 1613 1585 1585 1585 1612 1612 1612 1591 1591 1591 1593 1593 1593 1614 1614 1614 1614 1614 1614 1593 1593 1593 1615 1615 1615 1614 1614 1614 1615 1615 1615 1616 1616 1616 1617 1617 1617 1618 1618 1618 1619 1619 1619 1617 1617 1617 1619 1619 1619 1620 1620 1620 1598 1598 1598 1597 1597 1597 1621 1621 1621 1598 1598 1598 1621 1621 1621 1622 1622 1622 1623 1623 1623 1616 1616 1616 1624 1624 1624 1624 1624 1624 1616 1616 1616 1625 1625 1625 1616 1616 1616 1615 1615 1615 1625 1625 1625 1625 1625 1625 1615 1615 1615 1626 1626 1626 1593 1593 1593 1594 1594 1594 1627 1627 1627 1593 1593 1593 1627 1627 1627 1615 1615 1615 1615 1615 1615 1627 1627 1627 1626 1626 1626 1626 1626 1626 1627 1627 1627 1628 1628 1628 1594 1594 1594 1596 1596 1596 1627 1627 1627 1627 1627 1627 1596 1596 1596 1629 1629 1629 1627 1627 1627 1629 1629 1629 1630 1630 1630 1627 1627 1627 1630 1630 1630 1628 1628 1628 1625 1625 1625 1626 1626 1626 1631 1631 1631 1631 1631 1631 1626 1626 1626 1632 1632 1632 1626 1626 1626 1628 1628 1628 1633 1633 1633 1626 1626 1626 1633 1633 1633 1632 1632 1632 1628 1628 1628 1630 1630 1630 1634 1634 1634 1628 1628 1628 1634 1634 1634 1633 1633 1633 1392 1392 1392 1444 1444 1444 1546 1546 1546 1328 1328 1328 1373 1373 1373 1548 1548 1548 1635 1635 1635 1636 1636 1636 1600 1600 1600 1549 1549 1549 1447 1447 1447 1637 1637 1637 1600 1600 1600 1448 1448 1448 1638 1638 1638 1508 1508 1508 1552 1552 1552 1639 1639 1639 1553 1553 1553 1509 1509 1509 1640 1640 1640 1384 1384 1384 1524 1524 1524 1523 1523 1523 1556 1556 1556 1525 1525 1525 1641 1641 1641 1525 1525 1525 1526 1526 1526 1641 1641 1641 1438 1438 1438 1602 1602 1602 1642 1642 1642 1401 1401 1401 1402 1402 1402 1486 1486 1486 1605 1605 1605 1604 1604 1604 1643 1643 1643 1487 1487 1487 1472 1472 1472 1644 1644 1644 1473 1473 1473 1474 1474 1474 1645 1645 1645 1473 1473 1473 1645 1645 1645 1646 1646 1646 1512 1512 1512 1460 1460 1460 1647 1647 1647 1460 1460 1460 1493 1493 1493 1647 1647 1647 1493 1493 1493 1513 1513 1513 1647 1647 1647 1533 1533 1533 1494 1494 1494 1648 1648 1648 1607 1607 1607 1606 1606 1606 1649 1649 1649 1611 1611 1611 1582 1582 1582 1650 1650 1650 1582 1582 1582 1613 1613 1613 1650 1650 1650 1650 1650 1650 1613 1613 1613 1651 1651 1651 1613 1613 1613 1612 1612 1612 1652 1652 1652 1613 1613 1613 1652 1652 1652 1651 1651 1651 1612 1612 1612 1653 1653 1653 1652 1652 1652 1652 1652 1652 1653 1653 1653 1654 1654 1654 1651 1651 1651 1652 1652 1652 1655 1655 1655 1655 1655 1655 1652 1652 1652 1654 1654 1654 1620 1620 1620 1619 1619 1619 1656 1656 1656 1656 1656 1656 1657 1657 1657 1658 1658 1658 1656 1656 1656 1658 1658 1658 1659 1659 1659 1655 1655 1655 1654 1654 1654 1660 1660 1660 1660 1660 1660 1654 1654 1654 1661 1661 1661 1624 1624 1624 1625 1625 1625 1662 1662 1662 1624 1624 1624 1662 1662 1662 1663 1663 1663 1625 1625 1625 1631 1631 1631 1662 1662 1662 1663 1663 1663 1662 1662 1662 1664 1664 1664 1664 1664 1664 1662 1662 1662 1631 1631 1631 1659 1659 1659 1658 1658 1658 1665 1665 1665 1664 1664 1664 1631 1631 1631 1666 1666 1666 1666 1666 1666 1631 1631 1631 1667 1667 1667 1631 1631 1631 1632 1632 1632 1667 1667 1667 1667 1667 1667 1632 1632 1632 1668 1668 1668 1632 1632 1632 1633 1633 1633 1668 1668 1668 1668 1668 1668 1633 1633 1633 1669 1669 1669 1633 1633 1633 1634 1634 1634 1670 1670 1670 1633 1633 1633 1670 1670 1670 1671 1671 1671 1633 1633 1633 1671 1671 1671 1669 1669 1669 1668 1668 1668 1669 1669 1669 1672 1672 1672 1672 1672 1672 1669 1669 1669 1673 1673 1673 1669 1669 1669 1671 1671 1671 1674 1674 1674 1669 1669 1669 1674 1674 1674 1673 1673 1673 1490 1490 1490 1467 1467 1467 1675 1675 1675 1467 1467 1467 1569 1569 1569 1675 1675 1675 1548 1548 1548 1373 1373 1373 1676 1676 1676 1373 1373 1373 1445 1445 1445 1676 1676 1676 1676 1676 1676 1445 1445 1445 1677 1677 1677 1445 1445 1445 1519 1519 1519 1677 1677 1677 1519 1519 1519 1520 1520 1520 1678 1678 1678 1635 1635 1635 1600 1600 1600 1679 1679 1679 1679 1679 1679 1600 1600 1600 1680 1680 1680 1600 1600 1600 1638 1638 1638 1680 1680 1680 1638 1638 1638 1448 1448 1448 1572 1572 1572 1551 1551 1551 1491 1491 1491 1681 1681 1681 1491 1491 1491 1508 1508 1508 1639 1639 1639 1509 1509 1509 1682 1682 1682 1640 1640 1640 1509 1509 1509 1510 1510 1510 1682 1682 1682 1510 1510 1510 1492 1492 1492 1682 1682 1682 1492 1492 1492 1511 1511 1511 1574 1574 1574 1423 1423 1423 1458 1458 1458 1683 1683 1683 1458 1458 1458 1555 1555 1555 1684 1684 1684 1485 1485 1485 1449 1449 1449 1685 1685 1685 1685 1685 1685 1449 1449 1449 1439 1439 1439 1425 1425 1425 1686 1686 1686 1531 1531 1531 1687 1687 1687 1649 1649 1649 1688 1688 1688 1608 1608 1608 1578 1578 1578 1689 1689 1689 1689 1689 1689 1578 1578 1578 1690 1690 1690 1578 1578 1578 1611 1611 1611 1690 1690 1690 1611 1611 1611 1650 1650 1650 1690 1690 1690 1690 1690 1690 1650 1650 1650 1691 1691 1691 1650 1650 1650 1651 1651 1651 1691 1691 1691 1691 1691 1691 1651 1651 1651 1692 1692 1692 1651 1651 1651 1655 1655 1655 1660 1660 1660 1651 1651 1651 1660 1660 1660 1692 1692 1692 1660 1660 1660 1661 1661 1661 1693 1693 1693 1661 1661 1661 1694 1694 1694 1693 1693 1693 1693 1693 1693 1694 1694 1694 1695 1695 1695 1665 1665 1665 1658 1658 1658 1696 1696 1696 1696 1696 1696 1658 1658 1658 1697 1697 1697 1696 1696 1696 1697 1697 1697 1698 1698 1698 1696 1696 1696 1698 1698 1698 1699 1699 1699 1666 1666 1666 1667 1667 1667 1700 1700 1700 1700 1700 1700 1667 1667 1667 1701 1701 1701 1701 1701 1701 1667 1667 1667 1702 1702 1702 1667 1667 1667 1668 1668 1668 1672 1672 1672 1667 1667 1667 1672 1672 1672 1702 1702 1702 1702 1702 1702 1672 1672 1672 1703 1703 1703 1699 1699 1699 1698 1698 1698 1704 1704 1704 1699 1699 1699 1704 1704 1704 1705 1705 1705 1672 1672 1672 1673 1673 1673 1703 1703 1703 1703 1703 1703 1673 1673 1673 1706 1706 1706 1673 1673 1673 1674 1674 1674 1706 1706 1706 1706 1706 1706 1674 1674 1674 1707 1707 1707 1706 1706 1706 1707 1707 1707 1708 1708 1708 1708 1708 1708 1707 1707 1707 1709 1709 1709 1547 1547 1547 1548 1548 1548 1710 1710 1710 1482 1482 1482 1522 1522 1522 1521 1521 1521 1638 1638 1638 1572 1572 1572 1711 1711 1711 1507 1507 1507 1551 1551 1551 1712 1712 1712 1507 1507 1507 1712 1712 1712 1713 1713 1713 1551 1551 1551 1681 1681 1681 1712 1712 1712 1492 1492 1492 1574 1574 1574 1682 1682 1682 1682 1682 1682 1574 1574 1574 1714 1714 1714 1572 1572 1572 1550 1550 1550 1715 1715 1715 1550 1550 1550 1484 1484 1484 1715 1715 1715 1484 1484 1484 1423 1423 1423 1716 1716 1716 1438 1438 1438 1642 1642 1642 1526 1526 1526 1602 1602 1602 1527 1527 1527 1575 1575 1575 1645 1645 1645 1474 1474 1474 1717 1717 1717 1474 1474 1474 1530 1530 1530 1531 1531 1531 1474 1474 1474 1531 1531 1531 1717 1717 1717 1532 1532 1532 1451 1451 1451 1718 1718 1718 1451 1451 1451 1577 1577 1577 1719 1719 1719 1577 1577 1577 1475 1475 1475 1720 1720 1720 1533 1533 1533 1648 1648 1648 1721 1721 1721 1722 1722 1722 1723 1723 1723 1724 1724 1724 1723 1723 1723 1725 1725 1725 1724 1724 1724 1726 1726 1726 1727 1727 1727 1728 1728 1728 1728 1728 1728 1727 1727 1727 1729 1729 1729 1730 1730 1730 1693 1693 1693 1731 1731 1731 1727 1727 1727 1732 1732 1732 1729 1729 1729 1693 1693 1693 1695 1695 1695 1733 1733 1733 1693 1693 1693 1733 1733 1733 1731 1731 1731 1695 1695 1695 1734 1734 1734 1733 1733 1733 1733 1733 1733 1734 1734 1734 1735 1735 1735 1701 1701 1701 1702 1702 1702 1736 1736 1736 1734 1734 1734 1737 1737 1737 1735 1735 1735 1702 1702 1702 1703 1703 1703 1738 1738 1738 1702 1702 1702 1738 1738 1738 1736 1736 1736 1736 1736 1736 1738 1738 1738 1739 1739 1739 1739 1739 1739 1738 1738 1738 1740 1740 1740 1703 1703 1703 1706 1706 1706 1741 1741 1741 1703 1703 1703 1741 1741 1741 1738 1738 1738 1706 1706 1706 1708 1708 1708 1741 1741 1741 1738 1738 1738 1741 1741 1741 1740 1740 1740 1705 1705 1705 1704 1704 1704 1742 1742 1742 1742 1742 1742 1704 1704 1704 1743 1743 1743 1742 1742 1742 1743 1743 1743 1744 1744 1744 1745 1745 1745 1746 1746 1746 1747 1747 1747 1546 1546 1546 1444 1444 1444 1748 1748 1748 1444 1444 1444 1503 1503 1503 1748 1748 1748 1503 1503 1503 1504 1504 1504 1749 1749 1749 1681 1681 1681 1491 1491 1491 1750 1750 1750 1491 1491 1491 1639 1639 1639 1750 1750 1750 1553 1553 1553 1640 1640 1640 1751 1751 1751 1573 1573 1573 1523 1523 1523 1752 1752 1752 1601 1601 1601 1554 1554 1554 1753 1753 1753 1572 1572 1572 1715 1715 1715 1711 1711 1711 1715 1715 1715 1484 1484 1484 1716 1716 1716 1716 1716 1716 1423 1423 1423 1683 1683 1683 1458 1458 1458 1684 1684 1684 1683 1683 1683 1439 1439 1439 1528 1528 1528 1754 1754 1754 1486 1486 1486 1402 1402 1402 1755 1755 1755 1320 1320 1320 1487 1487 1487 1576 1576 1576 1475 1475 1475 1512 1512 1512 1720 1720 1720 1731 1731 1731 1733 1733 1733 1756 1756 1756 1732 1732 1732 1757 1757 1757 1758 1758 1758 1733 1733 1733 1735 1735 1735 1759 1759 1759 1733 1733 1733 1759 1759 1759 1756 1756 1756 1735 1735 1735 1737 1737 1737 1759 1759 1759 1759 1759 1759 1737 1737 1737 1760 1760 1760 1737 1737 1737 1761 1761 1761 1760 1760 1760 1760 1760 1760 1761 1761 1761 1762 1762 1762 1502 1502 1502 1546 1546 1546 1763 1763 1763 1748 1748 1748 1503 1503 1503 1749 1749 1749 1749 1749 1749 1504 1504 1504 1764 1764 1764 1505 1505 1505 1490 1490 1490 1765 1765 1765 1765 1765 1765 1490 1490 1490 1766 1766 1766 1490 1490 1490 1675 1675 1675 1766 1766 1766 1569 1569 1569 1547 1547 1547 1710 1710 1710 1677 1677 1677 1519 1519 1519 1767 1767 1767 1519 1519 1519 1678 1678 1678 1767 1767 1767 1679 1679 1679 1680 1680 1680 1768 1768 1768 1769 1769 1769 1521 1521 1521 1522 1522 1522 1680 1680 1680 1638 1638 1638 1770 1770 1770 1552 1552 1552 1553 1553 1553 1771 1771 1771 1523 1523 1523 1524 1524 1524 1752 1752 1752 1524 1524 1524 1601 1601 1601 1752 1752 1752 1711 1711 1711 1715 1715 1715 1772 1772 1772 1715 1715 1715 1716 1716 1716 1773 1773 1773 1555 1555 1555 1556 1556 1556 1684 1684 1684 1556 1556 1556 1641 1641 1641 1774 1774 1774 1642 1642 1642 1602 1602 1602 1775 1775 1775 1602 1602 1602 1575 1575 1575 1776 1776 1776 1575 1575 1575 1485 1485 1485 1776 1776 1776 1776 1776 1776 1485 1485 1485 1685 1685 1685 1685 1685 1685 1439 1439 1439 1754 1754 1754 1529 1529 1529 1486 1486 1486 1777 1777 1777 1486 1486 1486 1755 1755 1755 1777 1777 1777 1402 1402 1402 1305 1305 1305 1755 1755 1755 1305 1305 1305 1576 1576 1576 1755 1755 1755 1425 1425 1425 1532 1532 1532 1686 1686 1686 1686 1686 1686 1532 1532 1532 1778 1778 1778 1532 1532 1532 1718 1718 1718 1778 1778 1778 1720 1720 1720 1512 1512 1512 1779 1779 1779 1512 1512 1512 1647 1647 1647 1779 1779 1779 1647 1647 1647 1513 1513 1513 1780 1780 1780 1513 1513 1513 1533 1533 1533 1780 1780 1780 1780 1780 1780 1533 1533 1533 1721 1721 1721 1494 1494 1494 1461 1461 1461 1648 1648 1648 1781 1781 1781 1782 1782 1782 1783 1783 1783 1782 1782 1782 1784 1784 1784 1785 1785 1785 1786 1786 1786 1787 1787 1787 1788 1788 1788 1788 1788 1788 1787 1787 1787 1789 1789 1789 1639 1639 1639 1790 1790 1790 1750 1750 1750 1639 1639 1639 1552 1552 1552 1790 1790 1790 1790 1790 1790 1552 1552 1552 1771 1771 1771 1553 1553 1553 1751 1751 1751 1771 1771 1771 1751 1751 1751 1640 1640 1640 1791 1791 1791 1640 1640 1640 1682 1682 1682 1791 1791 1791 1682 1682 1682 1792 1792 1792 1791 1791 1791 1574 1574 1574 1573 1573 1573 1714 1714 1714 1714 1714 1714 1573 1573 1573 1793 1793 1793 1573 1573 1573 1752 1752 1752 1793 1793 1793 1772 1772 1772 1715 1715 1715 1773 1773 1773 1683 1683 1683 1684 1684 1684 1794 1794 1794 1684 1684 1684 1556 1556 1556 1774 1774 1774 1602 1602 1602 1776 1776 1776 1775 1775 1775 1685 1685 1685 1754 1754 1754 1795 1795 1795 1718 1718 1718 1451 1451 1451 1719 1719 1719 1577 1577 1577 1720 1720 1720 1719 1719 1719 1785 1785 1785 1796 1796 1796 1797 1797 1797 1785 1785 1785 1797 1797 1797 1798 1798 1798 1710 1710 1710 1548 1548 1548 1799 1799 1799 1571 1571 1571 1570 1570 1570 1800 1800 1800 1570 1570 1570 1521 1521 1521 1800 1800 1800 1549 1549 1549 1637 1637 1637 1801 1801 1801 1638 1638 1638 1711 1711 1711 1772 1772 1772 1682 1682 1682 1714 1714 1714 1792 1792 1792 1793 1793 1793 1752 1752 1752 1802 1802 1802 1641 1641 1641 1526 1526 1526 1803 1803 1803 1803 1803 1803 1526 1526 1526 1642 1642 1642 1754 1754 1754 1528 1528 1528 1804 1804 1804 1528 1528 1528 1529 1529 1529 1777 1777 1777 1805 1805 1805 1806 1806 1806 1807 1807 1807 1808 1808 1808 1807 1807 1807 1806 1806 1806 1502 1502 1502 1763 1763 1763 1809 1809 1809 1546 1546 1546 1748 1748 1748 1763 1763 1763 1569 1569 1569 1710 1710 1710 1799 1799 1799 1676 1676 1676 1677 1677 1677 1810 1810 1810 1677 1677 1677 1767 1767 1767 1810 1810 1810 1769 1769 1769 1522 1522 1522 1811 1811 1811 1522 1522 1522 1549 1549 1549 1812 1812 1812 1522 1522 1522 1812 1812 1812 1811 1811 1811 1549 1549 1549 1801 1801 1801 1812 1812 1812 1638 1638 1638 1772 1772 1772 1813 1813 1813 1790 1790 1790 1771 1771 1771 1814 1814 1814 1814 1814 1814 1771 1771 1771 1815 1815 1815 1771 1771 1771 1751 1751 1751 1791 1791 1791 1771 1771 1771 1791 1791 1791 1815 1815 1815 1792 1792 1792 1714 1714 1714 1816 1816 1816 1772 1772 1772 1773 1773 1773 1817 1817 1817 1773 1773 1773 1818 1818 1818 1817 1817 1817 1773 1773 1773 1716 1716 1716 1818 1818 1818 1716 1716 1716 1683 1683 1683 1818 1818 1818 1794 1794 1794 1684 1684 1684 1819 1819 1819 1684 1684 1684 1820 1820 1820 1819 1819 1819 1684 1684 1684 1774 1774 1774 1820 1820 1820 1774 1774 1774 1641 1641 1641 1803 1803 1803 1642 1642 1642 1775 1775 1775 1821 1821 1821 1775 1775 1775 1776 1776 1776 1822 1822 1822 1822 1822 1822 1776 1776 1776 1685 1685 1685 1685 1685 1685 1795 1795 1795 1823 1823 1823 1754 1754 1754 1804 1804 1804 1795 1795 1795 1777 1777 1777 1755 1755 1755 1824 1824 1824 1755 1755 1755 1825 1825 1825 1824 1824 1824 1825 1825 1825 1755 1755 1755 1576 1576 1576 1559 1559 1559 1558 1558 1558 1826 1826 1826 1719 1719 1719 1720 1720 1720 1827 1827 1827 1647 1647 1647 1780 1780 1780 1779 1779 1779 1768 1768 1768 1680 1680 1680 1828 1828 1828 1521 1521 1521 1769 1769 1769 1800 1800 1800 1680 1680 1680 1770 1770 1770 1828 1828 1828 1713 1713 1713 1712 1712 1712 1829 1829 1829 1712 1712 1712 1681 1681 1681 1829 1829 1829 1829 1829 1829 1681 1681 1681 1830 1830 1830 1681 1681 1681 1750 1750 1750 1831 1831 1831 1681 1681 1681 1831 1831 1831 1830 1830 1830 1752 1752 1752 1601 1601 1601 1832 1832 1832 1601 1601 1601 1753 1753 1753 1832 1832 1832 1528 1528 1528 1777 1777 1777 1804 1804 1804 1605 1605 1605 1643 1643 1643 1833 1833 1833 1605 1605 1605 1833 1833 1833 1834 1834 1834 1576 1576 1576 1487 1487 1487 1835 1835 1835 1487 1487 1487 1644 1644 1644 1835 1835 1835 1835 1835 1835 1644 1644 1644 1836 1836 1836 1646 1646 1646 1645 1645 1645 1837 1837 1837 1717 1717 1717 1531 1531 1531 1838 1838 1838 1531 1531 1531 1686 1686 1686 1838 1838 1838 1779 1779 1779 1780 1780 1780 1839 1839 1839 1721 1721 1721 1648 1648 1648 1840 1840 1840 1461 1461 1461 1495 1495 1495 1841 1841 1841 1842 1842 1842 1843 1843 1843 1844 1844 1844 1675 1675 1675 1569 1569 1569 1845 1845 1845 1569 1569 1569 1799 1799 1799 1845 1845 1845 1548 1548 1548 1676 1676 1676 1810 1810 1810 1800 1800 1800 1769 1769 1769 1846 1846 1846 1769 1769 1769 1847 1847 1847 1846 1846 1846 1769 1769 1769 1811 1811 1811 1847 1847 1847 1713 1713 1713 1829 1829 1829 1848 1848 1848 1750 1750 1750 1790 1790 1790 1831 1831 1831 1791 1791 1791 1792 1792 1792 1849 1849 1849 1832 1832 1832 1753 1753 1753 1850 1850 1850 1772 1772 1772 1817 1817 1817 1851 1851 1851 1683 1683 1683 1794 1794 1794 1852 1852 1852 1774 1774 1774 1803 1803 1803 1820 1820 1820 1642 1642 1642 1821 1821 1821 1803 1803 1803 1837 1837 1837 1645 1645 1645 1853 1853 1853 1645 1645 1645 1717 1717 1717 1854 1854 1854 1645 1645 1645 1854 1854 1854 1853 1853 1853 1717 1717 1717 1838 1838 1838 1854 1854 1854 1686 1686 1686 1778 1778 1778 1855 1855 1855 1763 1763 1763 1748 1748 1748 1856 1856 1856 1748 1748 1748 1749 1749 1749 1856 1856 1856 1766 1766 1766 1675 1675 1675 1857 1857 1857 1675 1675 1675 1845 1845 1845 1857 1857 1857 1810 1810 1810 1767 1767 1767 1858 1858 1858 1770 1770 1770 1638 1638 1638 1813 1813 1813 1831 1831 1831 1790 1790 1790 1859 1859 1859 1790 1790 1790 1814 1814 1814 1859 1859 1859 1792 1792 1792 1816 1816 1816 1849 1849 1849 1818 1818 1818 1683 1683 1683 1852 1852 1852 1775 1775 1775 1822 1822 1822 1821 1821 1821 1804 1804 1804 1777 1777 1777 1860 1860 1860 1780 1780 1780 1721 1721 1721 1861 1861 1861 1749 1749 1749 1764 1764 1764 1862 1862 1862 1765 1765 1765 1766 1766 1766 1863 1863 1863 1815 1815 1815 1791 1791 1791 1864 1864 1864 1791 1791 1791 1865 1865 1865 1864 1864 1864 1791 1791 1791 1849 1849 1849 1865 1865 1865 1816 1816 1816 1714 1714 1714 1866 1866 1866 1714 1714 1714 1793 1793 1793 1866 1866 1866 1793 1793 1793 1802 1802 1802 1866 1866 1866 1821 1821 1821 1822 1822 1822 1867 1867 1867 1795 1795 1795 1804 1804 1804 1868 1868 1868 1777 1777 1777 1824 1824 1824 1860 1860 1860 1839 1839 1839 1780 1780 1780 1861 1861 1861 1721 1721 1721 1840 1840 1840 1861 1861 1861 1845 1845 1845 1799 1799 1799 1869 1869 1869 1858 1858 1858 1767 1767 1767 1870 1870 1870 1768 1768 1768 1828 1828 1828 1871 1871 1871 1800 1800 1800 1846 1846 1846 1872 1872 1872 1813 1813 1813 1772 1772 1772 1851 1851 1851 1817 1817 1817 1818 1818 1818 1873 1873 1873 1873 1873 1873 1818 1818 1818 1874 1874 1874 1794 1794 1794 1819 1819 1819 1852 1852 1852 1820 1820 1820 1803 1803 1803 1875 1875 1875 1875 1875 1875 1803 1803 1803 1876 1876 1876 1803 1803 1803 1821 1821 1821 1876 1876 1876 1822 1822 1822 1685 1685 1685 1877 1877 1877 1877 1877 1877 1685 1685 1685 1878 1878 1878 1685 1685 1685 1823 1823 1823 1878 1878 1878 1823 1823 1823 1795 1795 1795 1879 1879 1879 1880 1880 1880 1881 1881 1881 1882 1882 1882 1834 1834 1834 1833 1833 1833 1883 1883 1883 1718 1718 1718 1719 1719 1719 1884 1884 1884 1719 1719 1719 1827 1827 1827 1885 1885 1885 1720 1720 1720 1779 1779 1779 1886 1886 1886 1799 1799 1799 1548 1548 1548 1869 1869 1869 1811 1811 1811 1812 1812 1812 1887 1887 1887 1812 1812 1812 1888 1888 1888 1889 1889 1889 1812 1812 1812 1889 1889 1889 1887 1887 1887 1849 1849 1849 1816 1816 1816 1866 1866 1866 1851 1851 1851 1817 1817 1817 1873 1873 1873 1818 1818 1818 1852 1852 1852 1874 1874 1874 1867 1867 1867 1822 1822 1822 1877 1877 1877 1823 1823 1823 1879 1879 1879 1878 1878 1878 1795 1795 1795 1868 1868 1868 1879 1879 1879 1576 1576 1576 1835 1835 1835 1825 1825 1825 1778 1778 1778 1718 1718 1718 1884 1884 1884 1884 1884 1884 1719 1719 1719 1885 1885 1885 1827 1827 1827 1720 1720 1720 1890 1890 1890 1720 1720 1720 1886 1886 1886 1890 1890 1890 1779 1779 1779 1839 1839 1839 1886 1886 1886 1863 1863 1863 1766 1766 1766 1891 1891 1891 1766 1766 1766 1857 1857 1857 1891 1891 1891 1869 1869 1869 1548 1548 1548 1892 1892 1892 1548 1548 1548 1810 1810 1810 1892 1892 1892 1815 1815 1815 1864 1864 1864 1814 1814 1814 1874 1874 1874 1852 1852 1852 1893 1893 1893 1852 1852 1852 1894 1894 1894 1893 1893 1893 1852 1852 1852 1819 1819 1819 1894 1894 1894 1819 1819 1819 1820 1820 1820 1895 1895 1895 1876 1876 1876 1896 1896 1896 1875 1875 1875 1876 1876 1876 1821 1821 1821 1867 1867 1867 1868 1868 1868 1804 1804 1804 1897 1897 1897 1804 1804 1804 1860 1860 1860 1897 1897 1897 1838 1838 1838 1686 1686 1686 1855 1855 1855 1827 1827 1827 1890 1890 1890 1885 1885 1885 1839 1839 1839 1861 1861 1861 1898 1898 1898 1840 1840 1840 1648 1648 1648 1899 1899 1899 1648 1648 1648 1461 1461 1461 1899 1899 1899 1763 1763 1763 1856 1856 1856 1900 1900 1900 1811 1811 1811 1887 1887 1887 1847 1847 1847 1831 1831 1831 1859 1859 1859 1901 1901 1901 1901 1901 1901 1859 1859 1859 1814 1814 1814 1802 1802 1802 1752 1752 1752 1902 1902 1902 1851 1851 1851 1903 1903 1903 1904 1904 1904 1851 1851 1851 1873 1873 1873 1903 1903 1903 1873 1873 1873 1874 1874 1874 1905 1905 1905 1894 1894 1894 1819 1819 1819 1895 1895 1895 1877 1877 1877 1878 1878 1878 1906 1906 1906 1879 1879 1879 1868 1868 1868 1897 1897 1897 1897 1897 1897 1860 1860 1860 1824 1824 1824 1825 1825 1825 1835 1835 1835 1907 1907 1907 1884 1884 1884 1885 1885 1885 1908 1908 1908 1856 1856 1856 1749 1749 1749 1909 1909 1909 1749 1749 1749 1862 1862 1862 1909 1909 1909 1892 1892 1892 1810 1810 1810 1910 1910 1910 1810 1810 1810 1858 1858 1858 1910 1910 1910 1871 1871 1871 1828 1828 1828 1911 1911 1911 1571 1571 1571 1800 1800 1800 1912 1912 1912 1828 1828 1828 1770 1770 1770 1913 1913 1913 1828 1828 1828 1913 1913 1913 1911 1911 1911 1770 1770 1770 1813 1813 1813 1913 1913 1913 1813 1813 1813 1851 1851 1851 1913 1913 1913 1830 1830 1830 1831 1831 1831 1901 1901 1901 1865 1865 1865 1849 1849 1849 1914 1914 1914 1866 1866 1866 1802 1802 1802 1902 1902 1902 1876 1876 1876 1867 1867 1867 1915 1915 1915 1867 1867 1867 1877 1877 1877 1916 1916 1916 1916 1916 1916 1877 1877 1877 1906 1906 1906 1917 1917 1917 1826 1826 1826 1918 1918 1918 1834 1834 1834 1883 1883 1883 1919 1919 1919 1834 1834 1834 1919 1919 1919 1920 1920 1920 1857 1857 1857 1845 1845 1845 1921 1921 1921 1845 1845 1845 1869 1869 1869 1921 1921 1921 1913 1913 1913 1851 1851 1851 1904 1904 1904 1922 1922 1922 1814 1814 1814 1923 1923 1923 1814 1814 1814 1864 1864 1864 1923 1923 1923 1864 1864 1864 1924 1924 1924 1923 1923 1923 1864 1864 1864 1865 1865 1865 1924 1924 1924 1914 1914 1914 1849 1849 1849 1925 1925 1925 1903 1903 1903 1873 1873 1873 1905 1905 1905 1895 1895 1895 1820 1820 1820 1926 1926 1926 1926 1926 1926 1820 1820 1820 1927 1927 1927 1820 1820 1820 1875 1875 1875 1927 1927 1927 1896 1896 1896 1876 1876 1876 1915 1915 1915 1824 1824 1824 1825 1825 1825 1928 1928 1928 1853 1853 1853 1854 1854 1854 1929 1929 1929 1890 1890 1890 1886 1886 1886 1930 1930 1930 1931 1931 1931 1886 1886 1886 1932 1932 1932 1886 1886 1886 1839 1839 1839 1932 1932 1932 1861 1861 1861 1840 1840 1840 1933 1933 1933 1840 1840 1840 1899 1899 1899 1933 1933 1933 1856 1856 1856 1909 1909 1909 1900 1900 1900 1909 1909 1909 1862 1862 1862 1934 1934 1934 1912 1912 1912 1800 1800 1800 1935 1935 1935 1800 1800 1800 1872 1872 1872 1935 1935 1935 1846 1846 1846 1847 1847 1847 1936 1936 1936 1848 1848 1848 1829 1829 1829 1937 1937 1937 1829 1829 1829 1830 1830 1830 1938 1938 1938 1830 1830 1830 1901 1901 1901 1939 1939 1939 1924 1924 1924 1865 1865 1865 1914 1914 1914 1849 1849 1849 1866 1866 1866 1925 1925 1925 1902 1902 1902 1752 1752 1752 1940 1940 1940 1752 1752 1752 1832 1832 1832 1940 1940 1940 1896 1896 1896 1915 1915 1915 1941 1941 1941 1878 1878 1878 1879 1879 1879 1942 1942 1942 1825 1825 1825 1907 1907 1907 1928 1928 1928 1917 1917 1917 1918 1918 1918 1943 1943 1943 1838 1838 1838 1855 1855 1855 1944 1944 1944 1778 1778 1778 1884 1884 1884 1945 1945 1945 1885 1885 1885 1890 1890 1890 1908 1908 1908 1908 1908 1908 1890 1890 1890 1930 1930 1930 1930 1930 1930 1886 1886 1886 1931 1931 1931 1839 1839 1839 1898 1898 1898 1932 1932 1932 1899 1899 1899 1461 1461 1461 1946 1946 1946 1461 1461 1461 1841 1841 1841 1946 1946 1946 1946 1946 1946 1841 1841 1841 1947 1947 1947 1809 1809 1809 1763 1763 1763 1948 1948 1948 1763 1763 1763 1900 1900 1900 1948 1948 1948 1863 1863 1863 1891 1891 1891 1949 1949 1949 1891 1891 1891 1857 1857 1857 1949 1949 1949 1940 1940 1940 1832 1832 1832 1950 1950 1950 1832 1832 1832 1850 1850 1850 1950 1950 1950 1894 1894 1894 1895 1895 1895 1926 1926 1926 1875 1875 1875 1896 1896 1896 1941 1941 1941 1879 1879 1879 1897 1897 1897 1942 1942 1942 1897 1897 1897 1824 1824 1824 1951 1951 1951 1917 1917 1917 1943 1943 1943 1952 1952 1952 1907 1907 1907 1835 1835 1835 1953 1953 1953 1835 1835 1835 1836 1836 1836 1954 1954 1954 1854 1854 1854 1838 1838 1838 1944 1944 1944 1855 1855 1855 1778 1778 1778 1955 1955 1955 1778 1778 1778 1945 1945 1945 1955 1955 1955 1884 1884 1884 1908 1908 1908 1945 1945 1945 1898 1898 1898 1861 1861 1861 1933 1933 1933 1921 1921 1921 1869 1869 1869 1956 1956 1956 1911 1911 1911 1913 1913 1913 1957 1957 1957 1913 1913 1913 1904 1904 1904 1957 1957 1957 1937 1937 1937 1829 1829 1829 1938 1938 1938 1938 1938 1938 1830 1830 1830 1958 1958 1958 1830 1830 1830 1939 1939 1939 1958 1958 1958 1901 1901 1901 1814 1814 1814 1939 1939 1939 1814 1814 1814 1922 1922 1922 1939 1939 1939 1923 1923 1923 1924 1924 1924 1959 1959 1959 1925 1925 1925 1866 1866 1866 1960 1960 1960 1866 1866 1866 1902 1902 1902 1960 1960 1960 1893 1893 1893 1894 1894 1894 1926 1926 1926 1927 1927 1927 1875 1875 1875 1961 1961 1961 1875 1875 1875 1941 1941 1941 1961 1961 1961 1930 1930 1930 1931 1931 1931 1932 1932 1932 1857 1857 1857 1921 1921 1921 1962 1962 1962 1869 1869 1869 1892 1892 1892 1963 1963 1963 1869 1869 1869 1963 1963 1963 1956 1956 1956 1892 1892 1892 1910 1910 1910 1963 1963 1963 1910 1910 1910 1858 1858 1858 1964 1964 1964 1858 1858 1858 1870 1870 1870 1964 1964 1964 1872 1872 1872 1846 1846 1846 1936 1936 1936 1939 1939 1939 1922 1922 1922 1965 1965 1965 1914 1914 1914 1925 1925 1925 1966 1966 1966 1960 1960 1960 1902 1902 1902 1940 1940 1940 1903 1903 1903 1905 1905 1905 1967 1967 1967 1905 1905 1905 1874 1874 1874 1893 1893 1893 1941 1941 1941 1915 1915 1915 1968 1968 1968 1942 1942 1942 1897 1897 1897 1969 1969 1969 1951 1951 1951 1824 1824 1824 1928 1928 1928 1920 1920 1920 1919 1919 1919 1970 1970 1970 1944 1944 1944 1855 1855 1855 1955 1955 1955 1908 1908 1908 1930 1930 1930 1971 1971 1971 1932 1932 1932 1898 1898 1898 1972 1972 1972 1949 1949 1949 1857 1857 1857 1962 1962 1962 1887 1887 1887 1889 1889 1889 1973 1973 1973 1922 1922 1922 1923 1923 1923 1965 1965 1965 1974 1974 1974 1975 1975 1975 1976 1976 1976 1969 1969 1969 1897 1897 1897 1951 1951 1951 1835 1835 1835 1954 1954 1954 1953 1953 1953 1972 1972 1972 1898 1898 1898 1977 1977 1977 1898 1898 1898 1933 1933 1933 1977 1977 1977 1809 1809 1809 1948 1948 1948 1978 1978 1978 1900 1900 1900 1909 1909 1909 1948 1948 1948 1948 1948 1948 1909 1909 1909 1934 1934 1934 1962 1962 1962 1921 1921 1921 1979 1979 1979 1921 1921 1921 1956 1956 1956 1979 1979 1979 1871 1871 1871 1911 1911 1911 1980 1980 1980 1871 1871 1871 1980 1980 1980 1981 1981 1981 1912 1912 1912 1935 1935 1935 1982 1982 1982 1936 1936 1936 1847 1847 1847 1983 1983 1983 1847 1847 1847 1887 1887 1887 1983 1983 1983 1983 1983 1983 1887 1887 1887 1984 1984 1984 1887 1887 1887 1973 1973 1973 1984 1984 1984 1911 1911 1911 1957 1957 1957 1980 1980 1980 1923 1923 1923 1959 1959 1959 1965 1965 1965 1914 1914 1914 1966 1966 1966 1985 1985 1985 1966 1966 1966 1925 1925 1925 1960 1960 1960 1867 1867 1867 1916 1916 1916 1986 1986 1986 1907 1907 1907 1953 1953 1953 1928 1928 1928 1970 1970 1970 1919 1919 1919 1987 1987 1987 1954 1954 1954 1836 1836 1836 1988 1988 1988 1837 1837 1837 1853 1853 1853 1989 1989 1989 1837 1837 1837 1989 1989 1989 1990 1990 1990 1853 1853 1853 1929 1929 1929 1989 1989 1989 1929 1929 1929 1854 1854 1854 1991 1991 1991 1854 1854 1854 1944 1944 1944 1991 1991 1991 1945 1945 1945 1908 1908 1908 1992 1992 1992 1992 1992 1992 1908 1908 1908 1971 1971 1971 1930 1930 1930 1932 1932 1932 1993 1993 1993 1993 1993 1993 1932 1932 1932 1972 1972 1972 1899 1899 1899 1946 1946 1946 1994 1994 1994 1963 1963 1963 1910 1910 1910 1995 1995 1995 1910 1910 1910 1964 1964 1964 1995 1995 1995 1935 1935 1935 1872 1872 1872 1996 1996 1996 1872 1872 1872 1936 1936 1936 1996 1996 1996 1937 1937 1937 1938 1938 1938 1997 1997 1997 1938 1938 1938 1958 1958 1958 1997 1997 1997 1959 1959 1959 1924 1924 1924 1998 1998 1998 1924 1924 1924 1914 1914 1914 1985 1985 1985 1960 1960 1960 1940 1940 1940 1999 1999 1999 1893 1893 1893 1926 1926 1926 2000 2000 2000 1926 1926 1926 1927 1927 1927 2000 2000 2000 1927 1927 1927 1961 1961 1961 2001 2001 2001 1961 1961 1961 1941 1941 1941 1968 1968 1968 1968 1968 1968 1915 1915 1915 2002 2002 2002 1915 1915 1915 1867 1867 1867 2002 2002 2002 2002 2002 2002 1867 1867 1867 1986 1986 1986 1916 1916 1916 1906 1906 1906 1986 1986 1986 1906 1906 1906 1878 1878 1878 2003 2003 2003 1878 1878 1878 1942 1942 1942 2003 2003 2003 2003 2003 2003 1942 1942 1942 2004 2004 2004 1942 1942 1942 1969 1969 1969 2004 2004 2004 1951 1951 1951 1928 1928 1928 2005 2005 2005 1952 1952 1952 1943 1943 1943 2006 2006 2006 1977 1977 1977 1933 1933 1933 2007 2007 2007 1933 1933 1933 1899 1899 1899 2007 2007 2007 2008 2008 2008 1863 1863 1863 2009 2009 2009 1863 1863 1863 1949 1949 1949 2009 2009 2009 1956 1956 1956 1963 1963 1963 2010 2010 2010 1980 1980 1980 1957 1957 1957 2011 2011 2011 1957 1957 1957 1904 1904 1904 2011 2011 2011 2011 2011 2011 1904 1904 1904 2012 2012 2012 1997 1997 1997 1958 1958 1958 2013 2013 2013 1958 1958 1958 1939 1939 1939 2013 2013 2013 1939 1939 1939 2014 2014 2014 2013 2013 2013 1939 1939 1939 1965 1965 1965 2014 2014 2014 1959 1959 1959 1998 1998 1998 1965 1965 1965 1998 1998 1998 1924 1924 1924 1985 1985 1985 1985 1985 1985 1966 1966 1966 2015 2015 2015 1966 1966 1966 1960 1960 1960 2015 2015 2015 2015 2015 2015 1960 1960 1960 2016 2016 2016 1960 1960 1960 1999 1999 1999 2016 2016 2016 1940 1940 1940 1950 1950 1950 2017 2017 2017 2017 2017 2017 1950 1950 1950 2018 2018 2018 1904 1904 1904 1903 1903 1903 2012 2012 2012 2012 2012 2012 1903 1903 1903 1967 1967 1967 1967 1967 1967 1905 1905 1905 2019 2019 2019 2019 2019 2019 1905 1905 1905 2020 2020 2020 1905 1905 1905 1893 1893 1893 2020 2020 2020 2020 2020 2020 1893 1893 1893 2000 2000 2000 2000 2000 2000 1927 1927 1927 2021 2021 2021 1927 1927 1927 2001 2001 2001 2021 2021 2021 1986 1986 1986 1906 1906 1906 2003 2003 2003 1969 1969 1969 1951 1951 1951 2004 2004 2004 1944 1944 1944 1955 1955 1955 1991 1991 1991 1971 1971 1971 1930 1930 1930 1993 1993 1993 1993 1993 1993 1972 1972 1972 2022 2022 2022 1994 1994 1994 1946 1946 1946 2023 2023 2023 1946 1946 1946 1947 1947 1947 2023 2023 2023 1937 1937 1937 1997 1997 1997 2024 2024 2024 1998 1998 1998 1985 1985 1985 2025 2025 2025 2025 2025 2025 1985 1985 1985 2015 2015 2015 2016 2016 2016 1999 1999 1999 2026 2026 2026 1999 1999 1999 1940 1940 1940 2017 2017 2017 2001 2001 2001 2027 2027 2027 2021 2021 2021 1961 1961 1961 2028 2028 2028 2001 2001 2001 1961 1961 1961 1968 1968 1968 2028 2028 2028 1968 1968 1968 2002 2002 2002 2028 2028 2028 1986 1986 1986 2029 2029 2029 2002 2002 2002 1986 1986 1986 2003 2003 2003 2029 2029 2029 1951 1951 1951 2030 2030 2030 2004 2004 2004 2030 2030 2030 1951 1951 1951 2005 2005 2005 2006 2006 2006 1943 1943 1943 2031 2031 2031 1989 1989 1989 1929 1929 1929 1991 1991 1991 1955 1955 1955 1945 1945 1945 2032 2032 2032 2032 2032 2032 1945 1945 1945 2033 2033 2033 1945 1945 1945 1992 1992 1992 2033 2033 2033 1992 1992 1992 2034 2034 2034 2033 2033 2033 1992 1992 1992 1971 1971 1971 2034 2034 2034 1971 1971 1971 1993 1993 1993 2022 2022 2022 1899 1899 1899 1994 1994 1994 2007 2007 2007 2023 2023 2023 1947 1947 1947 2035 2035 2035 1948 1948 1948 1934 1934 1934 2036 2036 2036 1949 1949 1949 1962 1962 1962 2009 2009 2009 1962 1962 1962 1979 1979 1979 2009 2009 2009 1956 1956 1956 2010 2010 2010 1979 1979 1979 2010 2010 2010 1963 1963 1963 2037 2037 2037 1963 1963 1963 1995 1995 1995 2037 2037 2037 1981 1981 1981 1980 1980 1980 2038 2038 2038 1936 1936 1936 1983 1983 1983 1996 1996 1996 1980 1980 1980 2011 2011 2011 2038 2038 2038 2011 2011 2011 2012 2012 2012 2039 2039 2039 2024 2024 2024 1997 1997 1997 2013 2013 2013 2014 2014 2014 1965 1965 1965 2040 2040 2040 1965 1965 1965 1998 1998 1998 2041 2041 2041 1965 1965 1965 2041 2041 2041 2040 2040 2040 1998 1998 1998 2025 2025 2025 2041 2041 2041 2025 2025 2025 2015 2015 2015 2042 2042 2042 2015 2015 2015 2016 2016 2016 2042 2042 2042 2042 2042 2042 2016 2016 2016 2026 2026 2026 2012 2012 2012 1967 1967 1967 2039 2039 2039 1967 1967 1967 2019 2019 2019 2039 2039 2039 2039 2039 2039 2019 2019 2019 2043 2043 2043 2019 2019 2019 2020 2020 2020 2043 2043 2043 2043 2043 2043 2020 2020 2020 2044 2044 2044 2020 2020 2020 2000 2000 2000 2044 2044 2044 2000 2000 2000 2021 2021 2021 2044 2044 2044 2001 2001 2001 2028 2028 2028 2027 2027 2027 2027 2027 2027 2028 2028 2028 2045 2045 2045 2028 2028 2028 2002 2002 2002 2046 2046 2046 2002 2002 2002 2029 2029 2029 2046 2046 2046 2003 2003 2003 2004 2004 2004 2029 2029 2029 2029 2029 2029 2004 2004 2004 2047 2047 2047 2004 2004 2004 2030 2030 2030 2047 2047 2047 2030 2030 2030 2005 2005 2005 2048 2048 2048 2005 2005 2005 1928 1928 1928 1953 1953 1953 1970 1970 1970 1987 1987 1987 2049 2049 2049 1953 1953 1953 1954 1954 1954 2050 2050 2050 1954 1954 1954 1988 1988 1988 2050 2050 2050 1982 1982 1982 1935 1935 1935 2051 2051 2051 1935 1935 1935 1996 1996 1996 2051 2051 2051 2024 2024 2024 2052 2052 2052 2053 2053 2053 2024 2024 2024 2013 2013 2013 2052 2052 2052 2026 2026 2026 1999 1999 1999 2054 2054 2054 1999 1999 1999 2017 2017 2017 2054 2054 2054 2046 2046 2046 2029 2029 2029 2055 2055 2055 2030 2030 2030 2048 2048 2048 2056 2056 2056 2049 2049 2049 1987 1987 1987 2057 2057 2057 1955 1955 1955 2032 2032 2032 1991 1991 1991 2034 2034 2034 1971 1971 1971 2058 2058 2058 1971 1971 1971 2022 2022 2022 2058 2058 2058 2022 2022 2022 1972 1972 1972 2059 2059 2059 1972 1972 1972 1977 1977 1977 2059 2059 2059 1977 1977 1977 2007 2007 2007 2060 2060 2060 2008 2008 2008 2009 2009 2009 2061 2061 2061 1979 1979 1979 2010 2010 2010 2037 2037 2037 2037 2037 2037 1995 1995 1995 2062 2062 2062 1995 1995 1995 1964 1964 1964 2063 2063 2063 1995 1995 1995 2063 2063 2063 2062 2062 2062 2038 2038 2038 2011 2011 2011 2064 2064 2064 2011 2011 2011 2039 2039 2039 2064 2064 2064 2053 2053 2053 2052 2052 2052 2065 2065 2065 2065 2065 2065 2052 2052 2052 2066 2066 2066 2052 2052 2052 2013 2013 2013 2066 2066 2066 2013 2013 2013 2014 2014 2014 2067 2067 2067 2013 2013 2013 2067 2067 2067 2066 2066 2066 2014 2014 2014 2068 2068 2068 2067 2067 2067 2067 2067 2067 2068 2068 2068 2069 2069 2069 2070 2070 2070 2071 2071 2071 2072 2072 2072 2072 2072 2072 2071 2071 2071 2073 2073 2073 2014 2014 2014 2040 2040 2040 2068 2068 2068 2040 2040 2040 2074 2074 2074 2068 2068 2068 2071 2071 2071 2075 2075 2075 2073 2073 2073 2073 2073 2073 2075 2075 2075 2076 2076 2076 2040 2040 2040 2041 2041 2041 2074 2074 2074 2074 2074 2074 2041 2041 2041 2077 2077 2077 2075 2075 2075 2078 2078 2078 2076 2076 2076 2076 2076 2076 2078 2078 2078 2079 2079 2079 2041 2041 2041 2025 2025 2025 2077 2077 2077 2025 2025 2025 2042 2042 2042 2077 2077 2077 2077 2077 2077 2042 2042 2042 2080 2080 2080 2078 2078 2078 2081 2081 2081 2079 2079 2079 2079 2079 2079 2081 2081 2081 2082 2082 2082 2042 2042 2042 2026 2026 2026 2080 2080 2080 2080 2080 2080 2026 2026 2026 2083 2083 2083 2084 2084 2084 2085 2085 2085 2086 2086 2086 2026 2026 2026 2054 2054 2054 2083 2083 2083 2054 2054 2054 2087 2087 2087 2083 2083 2083 2085 2085 2085 2088 2088 2088 2089 2089 2089 2085 2085 2085 2089 2089 2089 2086 2086 2086 2087 2087 2087 2054 2054 2054 2090 2090 2090 2088 2088 2088 2091 2091 2091 2092 2092 2092 2088 2088 2088 2092 2092 2092 2089 2089 2089 2054 2054 2054 2017 2017 2017 2090 2090 2090 2017 2017 2017 2018 2018 2018 2090 2090 2090 2091 2091 2091 2093 2093 2093 2092 2092 2092 2092 2092 2092 2093 2093 2093 2094 2094 2094 2086 2086 2086 2089 2089 2089 2095 2095 2095 2095 2095 2095 2089 2089 2089 2096 2096 2096 2089 2089 2089 2092 2092 2092 2096 2096 2096 2096 2096 2096 2092 2092 2092 2097 2097 2097 2092 2092 2092 2094 2094 2094 2097 2097 2097 2072 2072 2072 2073 2073 2073 2098 2098 2098 2098 2098 2098 2073 2073 2073 2099 2099 2099 2073 2073 2073 2076 2076 2076 2099 2099 2099 2099 2099 2099 2076 2076 2076 2079 2079 2079 2079 2079 2079 2082 2082 2082 2100 2100 2100 2082 2082 2082 2095 2095 2095 2100 2100 2100 2096 2096 2096 2097 2097 2097 2101 2101 2101 2101 2101 2101 2097 2097 2097 2102 2102 2102 2097 2097 2097 2094 2094 2094 2102 2102 2102 2096 2096 2096 2101 2101 2101 2103 2103 2103 2102 2102 2102 2094 2094 2094 2104 2104 2104 2099 2099 2099 2079 2079 2079 2105 2105 2105 2079 2079 2079 2106 2106 2106 2105 2105 2105 2079 2079 2079 2100 2100 2100 2106 2106 2106 2100 2100 2100 2107 2107 2107 2106 2106 2106 2107 2107 2107 2100 2100 2100 2108 2108 2108 2100 2100 2100 2095 2095 2095 2108 2108 2108 2095 2095 2095 2096 2096 2096 2108 2108 2108 2098 2098 2098 2099 2099 2099 2109 2109 2109 2107 2107 2107 2108 2108 2108 2110 2110 2110 2096 2096 2096 2111 2111 2111 2108 2108 2108 2101 2101 2101 2102 2102 2102 2103 2103 2103 2098 2098 2098 2109 2109 2109 2112 2112 2112 2099 2099 2099 2105 2105 2105 2113 2113 2113 2106 2106 2106 2107 2107 2107 2114 2114 2114 2096 2096 2096 2103 2103 2103 2111 2111 2111 2102 2102 2102 2104 2104 2104 2115 2115 2115 2109 2109 2109 2099 2099 2099 2113 2113 2113 2113 2113 2113 2105 2105 2105 2116 2116 2116 2107 2107 2107 2110 2110 2110 2114 2114 2114 2108 2108 2108 2111 2111 2111 2110 2110 2110 2111 2111 2111 2103 2103 2103 2117 2117 2117 2103 2103 2103 2102 2102 2102 2118 2118 2118 2102 2102 2102 2115 2115 2115 2118 2118 2118 2112 2112 2112 2109 2109 2109 2119 2119 2119 2109 2109 2109 2113 2113 2113 2119 2119 2119 2113 2113 2113 2116 2116 2116 2120 2120 2120 2105 2105 2105 2106 2106 2106 2116 2116 2116 2106 2106 2106 2114 2114 2114 2121 2121 2121 2103 2103 2103 2118 2118 2118 2117 2117 2117 2118 2118 2118 2115 2115 2115 2122 2122 2122 2114 2114 2114 2110 2110 2110 2123 2123 2123 2110 2110 2110 2111 2111 2111 2123 2123 2123 2119 2119 2119 2113 2113 2113 2124 2124 2124 2124 2124 2124 2113 2113 2113 2120 2120 2120 2116 2116 2116 2106 2106 2106 2125 2125 2125 2106 2106 2106 2121 2121 2121 2125 2125 2125 2114 2114 2114 2123 2123 2123 2121 2121 2121 2112 2112 2112 2119 2119 2119 2126 2126 2126 2123 2123 2123 2111 2111 2111 2127 2127 2127 2121 2121 2121 2123 2123 2123 2128 2128 2128 2126 2126 2126 2119 2119 2119 2129 2129 2129 2124 2124 2124 2120 2120 2120 2130 2130 2130 2121 2121 2121 2128 2128 2128 2125 2125 2125 2117 2117 2117 2118 2118 2118 2131 2131 2131 2128 2128 2128 2123 2123 2123 2127 2127 2127 2127 2127 2127 2111 2111 2111 2132 2132 2132 2111 2111 2111 2117 2117 2117 2132 2132 2132 2117 2117 2117 2131 2131 2131 2132 2132 2132 2129 2129 2129 2119 2119 2119 2124 2124 2124 2120 2120 2120 2116 2116 2116 2130 2130 2130 2130 2130 2130 2116 2116 2116 2133 2133 2133 2116 2116 2116 2125 2125 2125 2133 2133 2133 2131 2131 2131 2118 2118 2118 2134 2134 2134 2118 2118 2118 2122 2122 2122 2134 2134 2134 2134 2134 2134 2122 2122 2122 2135 2135 2135 2136 2136 2136 2137 2137 2137 2138 2138 2138 2136 2136 2136 2138 2138 2138 2139 2139 2139 2129 2129 2129 2124 2124 2124 2140 2140 2140 2130 2130 2130 2133 2133 2133 2141 2141 2141 2125 2125 2125 2128 2128 2128 2142 2142 2142 2124 2124 2124 2130 2130 2130 2143 2143 2143 2130 2130 2130 2144 2144 2144 2143 2143 2143 2130 2130 2130 2141 2141 2141 2144 2144 2144 2125 2125 2125 2142 2142 2142 2133 2133 2133 2128 2128 2128 2145 2145 2145 2142 2142 2142 2128 2128 2128 2146 2146 2146 2145 2145 2145 2128 2128 2128 2127 2127 2127 2146 2146 2146 2044 2044 2044 2147 2147 2147 2043 2043 2043 2133 2133 2133 2142 2142 2142 2148 2148 2148 2127 2127 2127 2132 2132 2132 2146 2146 2146 2129 2129 2129 2140 2140 2140 2149 2149 2149 2146 2146 2146 2132 2132 2132 2150 2150 2150 2132 2132 2132 2151 2151 2151 2150 2150 2150 2132 2132 2132 2131 2131 2131 2151 2151 2151 2140 2140 2140 2124 2124 2124 2143 2143 2143 2141 2141 2141 2133 2133 2133 2148 2148 2148 2142 2142 2142 2145 2145 2145 2152 2152 2152 2141 2141 2141 2148 2148 2148 2144 2144 2144 2148 2148 2148 2142 2142 2142 2153 2153 2153 2140 2140 2140 2143 2143 2143 2154 2154 2154 2143 2143 2143 2144 2144 2144 2155 2155 2155 2153 2153 2153 2142 2142 2142 2152 2152 2152 2146 2146 2146 2150 2150 2150 2145 2145 2145 2139 2139 2139 2138 2138 2138 2156 2156 2156 2149 2149 2149 2140 2140 2140 2154 2154 2154 2154 2154 2154 2143 2143 2143 2155 2155 2155 2144 2144 2144 2148 2148 2148 2155 2155 2155 2151 2151 2151 2131 2131 2131 2157 2157 2157 2131 2131 2131 2134 2134 2134 2157 2157 2157 2044 2044 2044 2021 2021 2021 2147 2147 2147 2145 2145 2145 2150 2150 2150 2158 2158 2158 2151 2151 2151 2157 2157 2157 2150 2150 2150 2134 2134 2134 2135 2135 2135 2159 2159 2159 2139 2139 2139 2156 2156 2156 2160 2160 2160 2148 2148 2148 2153 2153 2153 2161 2161 2161 2153 2153 2153 2152 2152 2152 2161 2161 2161 2152 2152 2152 2145 2145 2145 2158 2158 2158 2157 2157 2157 2134 2134 2134 2162 2162 2162 2134 2134 2134 2159 2159 2159 2162 2162 2162 2163 2163 2163 2149 2149 2149 2164 2164 2164 2149 2149 2149 2154 2154 2154 2164 2164 2164 2154 2154 2154 2155 2155 2155 2165 2165 2165 2155 2155 2155 2148 2148 2148 2166 2166 2166 2148 2148 2148 2161 2161 2161 2166 2166 2166 2164 2164 2164 2154 2154 2154 2167 2167 2167 2167 2167 2167 2154 2154 2154 2168 2168 2168 2154 2154 2154 2165 2165 2165 2168 2168 2168 2165 2165 2165 2155 2155 2155 2169 2169 2169 2161 2161 2161 2152 2152 2152 2170 2170 2170 2158 2158 2158 2150 2150 2150 2171 2171 2171 2171 2171 2171 2150 2150 2150 2157 2157 2157 2155 2155 2155 2166 2166 2166 2169 2169 2169 2152 2152 2152 2158 2158 2158 2170 2170 2170 2021 2021 2021 2027 2027 2027 2147 2147 2147 2168 2168 2168 2165 2165 2165 2169 2169 2169 2166 2166 2166 2161 2161 2161 2172 2172 2172 2161 2161 2161 2170 2170 2170 2173 2173 2173 2170 2170 2170 2158 2158 2158 2174 2174 2174 2174 2174 2174 2158 2158 2158 2171 2171 2171 2166 2166 2166 2175 2175 2175 2169 2169 2169 2170 2170 2170 2176 2176 2176 2173 2173 2173 2157 2157 2157 2162 2162 2162 2177 2177 2177 2147 2147 2147 2027 2027 2027 2045 2045 2045 2172 2172 2172 2161 2161 2161 2173 2173 2173 2170 2170 2170 2174 2174 2174 2176 2176 2176 2174 2174 2174 2171 2171 2171 2178 2178 2178 2177 2177 2177 2162 2162 2162 2179 2179 2179 2162 2162 2162 2159 2159 2159 2180 2180 2180 2162 2162 2162 2180 2180 2180 2179 2179 2179 2160 2160 2160 2156 2156 2156 2181 2181 2181 2164 2164 2164 2167 2167 2167 2168 2168 2168 2166 2166 2166 2172 2172 2172 2175 2175 2175 2178 2178 2178 2171 2171 2171 2182 2182 2182 2171 2171 2171 2157 2157 2157 2182 2182 2182 2169 2169 2169 2175 2175 2175 2183 2183 2183 2157 2157 2157 2177 2177 2177 2182 2182 2182 2164 2164 2164 2168 2168 2168 2184 2184 2184 2169 2169 2169 2183 2183 2183 2168 2168 2168 2175 2175 2175 2172 2172 2172 2185 2185 2185 2176 2176 2176 2174 2174 2174 2186 2186 2186 2174 2174 2174 2178 2178 2178 2186 2186 2186 2164 2164 2164 2184 2184 2184 2187 2187 2187 2175 2175 2175 2188 2188 2188 2183 2183 2183 2188 2188 2188 2175 2175 2175 2185 2185 2185 2185 2185 2185 2172 2172 2172 2173 2173 2173 2173 2173 2173 2176 2176 2176 2186 2186 2186 2189 2189 2189 2178 2178 2178 2190 2190 2190 2178 2178 2178 2182 2182 2182 2190 2190 2190 2168 2168 2168 2183 2183 2183 2191 2191 2191 2181 2181 2181 2156 2156 2156 2192 2192 2192 2183 2183 2183 2188 2188 2188 2191 2191 2191 2186 2186 2186 2178 2178 2178 2189 2189 2189 2186 2186 2186 2189 2189 2189 2193 2193 2193 2190 2190 2190 2182 2182 2182 2194 2194 2194 2182 2182 2182 2177 2177 2177 2194 2194 2194 2184 2184 2184 2168 2168 2168 2195 2195 2195 2185 2185 2185 2173 2173 2173 2196 2196 2196 2179 2179 2179 2180 2180 2180 2197 2197 2197 2181 2181 2181 2192 2192 2192 2198 2198 2198 2168 2168 2168 2191 2191 2191 2195 2195 2195 2028 2028 2028 2046 2046 2046 2045 2045 2045 2188 2188 2188 2185 2185 2185 2196 2196 2196 2173 2173 2173 2186 2186 2186 2196 2196 2196 2196 2196 2196 2186 2186 2186 2193 2193 2193 2195 2195 2195 2191 2191 2191 2199 2199 2199 2191 2191 2191 2188 2188 2188 2199 2199 2199 2194 2194 2194 2177 2177 2177 2200 2200 2200 2177 2177 2177 2179 2179 2179 2200 2200 2200 2195 2195 2195 2199 2199 2199 2201 2201 2201 2188 2188 2188 2196 2196 2196 2202 2202 2202 2202 2202 2202 2196 2196 2196 2203 2203 2203 2200 2200 2200 2179 2179 2179 2204 2204 2204 2179 2179 2179 2197 2197 2197 2204 2204 2204 2194 2194 2194 2200 2200 2200 2205 2205 2205 2046 2046 2046 2055 2055 2055 2045 2045 2045 2190 2190 2190 2194 2194 2194 2205 2205 2205 2206 2206 2206 2184 2184 2184 2207 2207 2207 2184 2184 2184 2195 2195 2195 2207 2207 2207 2199 2199 2199 2188 2188 2188 2208 2208 2208 2188 2188 2188 2202 2202 2202 2208 2208 2208 2207 2207 2207 2195 2195 2195 2201 2201 2201 2208 2208 2208 2202 2202 2202 2209 2209 2209 2193 2193 2193 2189 2189 2189 2210 2210 2210 2189 2189 2189 2190 2190 2190 2210 2210 2210 2204 2204 2204 2197 2197 2197 2211 2211 2211 2198 2198 2198 2192 2192 2192 2212 2212 2212 2203 2203 2203 2196 2196 2196 2213 2213 2213 2196 2196 2196 2193 2193 2193 2213 2213 2213 2212 2212 2212 2192 2192 2192 2214 2214 2214 2199 2199 2199 2208 2208 2208 2215 2215 2215 2190 2190 2190 2205 2205 2205 2210 2210 2210 2205 2205 2205 2200 2200 2200 2216 2216 2216 2200 2200 2200 2204 2204 2204 2216 2216 2216 2215 2215 2215 2208 2208 2208 2217 2217 2217 2208 2208 2208 2209 2209 2209 2217 2217 2217 2202 2202 2202 2203 2203 2203 2218 2218 2218 2203 2203 2203 2213 2213 2213 2218 2218 2218 2209 2209 2209 2202 2202 2202 2219 2219 2219 2202 2202 2202 2218 2218 2218 2219 2219 2219 2218 2218 2218 2213 2213 2213 2220 2220 2220 2220 2220 2220 2213 2213 2213 2221 2221 2221 2213 2213 2213 2193 2193 2193 2221 2221 2221 2210 2210 2210 2205 2205 2205 2222 2222 2222 2201 2201 2201 2199 2199 2199 2223 2223 2223 2199 2199 2199 2215 2215 2215 2223 2223 2223 2205 2205 2205 2224 2224 2224 2222 2222 2222 2205 2205 2205 2216 2216 2216 2224 2224 2224 2207 2207 2207 2201 2201 2201 2225 2225 2225 2201 2201 2201 2223 2223 2223 2225 2225 2225 2219 2219 2219 2218 2218 2218 2220 2220 2220 2210 2210 2210 2222 2222 2222 2226 2226 2226 2216 2216 2216 2204 2204 2204 2227 2227 2227 2204 2204 2204 2211 2211 2211 2227 2227 2227 2212 2212 2212 2214 2214 2214 2228 2228 2228 2221 2221 2221 2193 2193 2193 2226 2226 2226 2193 2193 2193 2210 2210 2210 2226 2226 2226 2055 2055 2055 2029 2029 2029 2229 2229 2229 2230 2230 2230 2207 2207 2207 2225 2225 2225 2215 2215 2215 2217 2217 2217 2231 2231 2231 2217 2217 2217 2209 2209 2209 2232 2232 2232 2209 2209 2209 2219 2219 2219 2232 2232 2232 2226 2226 2226 2222 2222 2222 2233 2233 2233 2222 2222 2222 2224 2224 2224 2233 2233 2233 2227 2227 2227 2211 2211 2211 2234 2234 2234 2215 2215 2215 2231 2231 2231 2223 2223 2223 2232 2232 2232 2219 2219 2219 2235 2235 2235 2219 2219 2219 2220 2220 2220 2235 2235 2235 2224 2224 2224 2216 2216 2216 2236 2236 2236 2216 2216 2216 2227 2227 2227 2236 2236 2236 2226 2226 2226 2233 2233 2233 2237 2237 2237 2225 2225 2225 2223 2223 2223 2238 2238 2238 2238 2238 2238 2223 2223 2223 2239 2239 2239 2223 2223 2223 2231 2231 2231 2239 2239 2239 2235 2235 2235 2220 2220 2220 2240 2240 2240 2221 2221 2221 2226 2226 2226 2241 2241 2241 2226 2226 2226 2237 2237 2237 2241 2241 2241 2230 2230 2230 2225 2225 2225 2238 2238 2238 2217 2217 2217 2232 2232 2232 2231 2231 2231 2220 2220 2220 2221 2221 2221 2240 2240 2240 2231 2231 2231 2232 2232 2232 2242 2242 2242 2232 2232 2232 2235 2235 2235 2242 2242 2242 2235 2235 2235 2240 2240 2240 2243 2243 2243 2221 2221 2221 2241 2241 2241 2240 2240 2240 2224 2224 2224 2236 2236 2236 2233 2233 2233 2242 2242 2242 2235 2235 2235 2244 2244 2244 2227 2227 2227 2234 2234 2234 2245 2245 2245 2236 2236 2236 2227 2227 2227 2246 2246 2246 2227 2227 2227 2245 2245 2245 2246 2246 2246 2229 2229 2229 2029 2029 2029 2247 2247 2247 2239 2239 2239 2231 2231 2231 2248 2248 2248 2235 2235 2235 2243 2243 2243 2244 2244 2244 2233 2233 2233 2236 2236 2236 2249 2249 2249 2236 2236 2236 2246 2246 2246 2249 2249 2249 2231 2231 2231 2242 2242 2242 2248 2248 2248 2240 2240 2240 2241 2241 2241 2243 2243 2243 2239 2239 2239 2248 2248 2248 2250 2250 2250 2248 2248 2248 2242 2242 2242 2251 2251 2251 2242 2242 2242 2244 2244 2244 2251 2251 2251 2241 2241 2241 2237 2237 2237 2252 2252 2252 2241 2241 2241 2252 2252 2252 2243 2243 2243 2237 2237 2237 2233 2233 2233 2253 2253 2253 2254 2254 2254 2238 2238 2238 2255 2255 2255 2238 2238 2238 2239 2239 2239 2255 2255 2255 2239 2239 2239 2250 2250 2250 2255 2255 2255 2029 2029 2029 2047 2047 2047 2247 2247 2247 2244 2244 2244 2243 2243 2243 2256 2256 2256 2253 2253 2253 2233 2233 2233 2257 2257 2257 2233 2233 2233 2249 2249 2249 2257 2257 2257 2248 2248 2248 2251 2251 2251 2258 2258 2258 2244 2244 2244 2256 2256 2256 2251 2251 2251 2250 2250 2250 2248 2248 2248 2258 2258 2258 2237 2237 2237 2253 2253 2253 2252 2252 2252 2254 2254 2254 2255 2255 2255 2259 2259 2259 2256 2256 2256 2243 2243 2243 2260 2260 2260 2243 2243 2243 2261 2261 2261 2260 2260 2260 2243 2243 2243 2252 2252 2252 2261 2261 2261 2257 2257 2257 2249 2249 2249 2262 2262 2262 2249 2249 2249 2246 2246 2246 2263 2263 2263 2249 2249 2249 2263 2263 2263 2262 2262 2262 2246 2246 2246 2245 2245 2245 2263 2263 2263 2256 2256 2256 2260 2260 2260 2264 2264 2264 2247 2247 2247 2047 2047 2047 2056 2056 2056 2259 2259 2259 2255 2255 2255 2265 2265 2265 2255 2255 2255 2250 2250 2250 2265 2265 2265 2258 2258 2258 2251 2251 2251 2264 2264 2264 2251 2251 2251 2256 2256 2256 2264 2264 2264 2263 2263 2263 2245 2245 2245 2266 2266 2266 2264 2264 2264 2260 2260 2260 2267 2267 2267 2252 2252 2252 2268 2268 2268 2261 2261 2261 2252 2252 2252 2253 2253 2253 2268 2268 2268 2258 2258 2258 2264 2264 2264 2269 2269 2269 2253 2253 2253 2257 2257 2257 2268 2268 2268 2250 2250 2250 2258 2258 2258 2270 2270 2270 2270 2270 2270 2258 2258 2258 2269 2269 2269 2268 2268 2268 2257 2257 2257 2271 2271 2271 2257 2257 2257 2262 2262 2262 2271 2271 2271 2047 2047 2047 2030 2030 2030 2056 2056 2056 2267 2267 2267 2260 2260 2260 2272 2272 2272 2250 2250 2250 2270 2270 2270 2265 2265 2265 2260 2260 2260 2261 2261 2261 2272 2272 2272 2271 2271 2271 2262 2262 2262 2273 2273 2273 2262 2262 2262 2263 2263 2263 2273 2273 2273 2269 2269 2269 2264 2264 2264 2274 2274 2274 2275 2275 2275 2267 2267 2267 2272 2272 2272 2268 2268 2268 2271 2271 2271 2276 2276 2276 2264 2264 2264 2267 2267 2267 2275 2275 2275 2264 2264 2264 2275 2275 2275 2274 2274 2274 2270 2270 2270 2269 2269 2269 2277 2277 2277 2275 2275 2275 2272 2272 2272 2278 2278 2278 2263 2263 2263 2266 2266 2266 2279 2279 2279 2280 2280 2280 2281 2281 2281 2282 2282 2282 2265 2265 2265 2270 2270 2270 2283 2283 2283 2283 2283 2283 2270 2270 2270 2284 2284 2284 2270 2270 2270 2277 2277 2277 2284 2284 2284 2277 2277 2277 2269 2269 2269 2274 2274 2274 2272 2272 2272 2261 2261 2261 2278 2278 2278 2261 2261 2261 2268 2268 2268 2276 2276 2276 2285 2285 2285 2283 2283 2283 2286 2286 2286 2285 2285 2285 2265 2265 2265 2283 2283 2283 2278 2278 2278 2287 2287 2287 2275 2275 2275 2278 2278 2278 2261 2261 2261 2287 2287 2287 2261 2261 2261 2276 2276 2276 2287 2287 2287 2284 2284 2284 2277 2277 2277 2288 2288 2288 2277 2277 2277 2274 2274 2274 2289 2289 2289 2277 2277 2277 2289 2289 2289 2288 2288 2288 2273 2273 2273 2263 2263 2263 2290 2290 2290 2263 2263 2263 2279 2279 2279 2290 2290 2290 2283 2283 2283 2284 2284 2284 2288 2288 2288 2287 2287 2287 2276 2276 2276 2291 2291 2291 2276 2276 2276 2271 2271 2271 2291 2291 2291 2283 2283 2283 2288 2288 2288 2286 2286 2286 2286 2286 2286 2288 2288 2288 2292 2292 2292 2288 2288 2288 2289 2289 2289 2292 2292 2292 2289 2289 2289 2274 2274 2274 2293 2293 2293 2274 2274 2274 2275 2275 2275 2293 2293 2293 2275 2275 2275 2294 2294 2294 2293 2293 2293 2275 2275 2275 2287 2287 2287 2294 2294 2294 2287 2287 2287 2291 2291 2291 2294 2294 2294 2290 2290 2290 2279 2279 2279 2295 2295 2295 2282 2282 2282 2281 2281 2281 2296 2296 2296 2292 2292 2292 2289 2289 2289 2297 2297 2297 2286 2286 2286 2292 2292 2292 2298 2298 2298 2289 2289 2289 2293 2293 2293 2299 2299 2299 2293 2293 2293 2300 2300 2300 2299 2299 2299 2293 2293 2293 2294 2294 2294 2300 2300 2300 2294 2294 2294 2301 2301 2301 2300 2300 2300 2301 2301 2301 2294 2294 2294 2302 2302 2302 2294 2294 2294 2291 2291 2291 2302 2302 2302 2291 2291 2291 2271 2271 2271 2303 2303 2303 2271 2271 2271 2273 2273 2273 2303 2303 2303 2273 2273 2273 2290 2290 2290 2303 2303 2303 2296 2296 2296 2281 2281 2281 2304 2304 2304 2301 2301 2301 2302 2302 2302 2305 2305 2305 2291 2291 2291 2303 2303 2303 2302 2302 2302 2303 2303 2303 2290 2290 2290 2306 2306 2306 2290 2290 2290 2295 2295 2295 2306 2306 2306 2005 2005 2005 1953 1953 1953 2048 2048 2048 2305 2305 2305 2302 2302 2302 2307 2307 2307 2302 2302 2302 2303 2303 2303 2307 2307 2307 2307 2307 2307 2303 2303 2303 2308 2308 2308 2307 2307 2307 2308 2308 2308 2309 2309 2309 2303 2303 2303 2306 2306 2306 2310 2310 2310 2303 2303 2303 2310 2310 2310 2308 2308 2308 2306 2306 2306 2295 2295 2295 2310 2310 2310 2296 2296 2296 2304 2304 2304 2311 2311 2311 2311 2311 2311 2304 2304 2304 2312 2312 2312 1991 1991 1991 2032 2032 2032 2313 2313 2313 2033 2033 2033 2034 2034 2034 2032 2032 2032 2058 2058 2058 2022 2022 2022 2059 2059 2059 2059 2059 2059 1977 1977 1977 2060 2060 2060 2007 2007 2007 1994 1994 1994 2060 2060 2060 1978 1978 1978 1948 1948 1948 2314 2314 2314 2009 2009 2009 1979 1979 1979 2315 2315 2315 2009 2009 2009 2315 2315 2315 2316 2316 2316 1979 1979 1979 2037 2037 2037 2315 2315 2315 2063 2063 2063 1964 1964 1964 2317 2317 2317 1981 1981 1981 2038 2038 2038 2318 2318 2318 2319 2319 2319 1996 1996 1996 1983 1983 1983 1983 1983 1983 1984 1984 1984 2320 2320 2320 2064 2064 2064 2039 2039 2039 2321 2321 2321 2066 2066 2066 2322 2322 2322 2065 2065 2065 2323 2323 2323 2324 2324 2324 2325 2325 2325 2066 2066 2066 2067 2067 2067 2326 2326 2326 2066 2066 2066 2326 2326 2326 2322 2322 2322 2067 2067 2067 2069 2069 2069 2326 2326 2326 2080 2080 2080 2083 2083 2083 2327 2327 2327 2083 2083 2083 2328 2328 2328 2327 2327 2327 2323 2323 2323 2325 2325 2325 2329 2329 2329 2325 2325 2325 2324 2324 2324 2330 2330 2330 2324 2324 2324 2331 2331 2331 2332 2332 2332 2324 2324 2324 2332 2332 2332 2330 2330 2330 2331 2331 2331 2072 2072 2072 2332 2332 2332 2070 2070 2070 2072 2072 2072 2331 2331 2331 2082 2082 2082 2333 2333 2333 2095 2095 2095 2333 2333 2333 2084 2084 2084 2095 2095 2095 2084 2084 2084 2086 2086 2086 2095 2095 2095 2329 2329 2329 2325 2325 2325 2334 2334 2334 2325 2325 2325 2330 2330 2330 2334 2334 2334 2332 2332 2332 2072 2072 2072 2098 2098 2098 2039 2039 2039 2043 2043 2043 2321 2321 2321 2329 2329 2329 2334 2334 2334 2335 2335 2335 2334 2334 2334 2330 2330 2330 2335 2335 2335 2330 2330 2330 2332 2332 2332 2335 2335 2335 2335 2335 2335 2332 2332 2332 2112 2112 2112 2332 2332 2332 2098 2098 2098 2112 2112 2112 2329 2329 2329 2335 2335 2335 2336 2336 2336 2335 2335 2335 2112 2112 2112 2336 2336 2336 2336 2336 2336 2112 2112 2112 2337 2337 2337 2338 2338 2338 2336 2336 2336 2339 2339 2339 2336 2336 2336 2337 2337 2337 2339 2339 2339 2337 2337 2337 2112 2112 2112 2340 2340 2340 2321 2321 2321 2043 2043 2043 2341 2341 2341 2340 2340 2340 2112 2112 2112 2126 2126 2126 2338 2338 2338 2339 2339 2339 2342 2342 2342 2339 2339 2339 2337 2337 2337 2343 2343 2343 2337 2337 2337 2340 2340 2340 2343 2343 2343 2340 2340 2340 2126 2126 2126 2129 2129 2129 2342 2342 2342 2339 2339 2339 2344 2344 2344 2339 2339 2339 2343 2343 2343 2344 2344 2344 2343 2343 2343 2340 2340 2340 2345 2345 2345 2340 2340 2340 2129 2129 2129 2345 2345 2345 2043 2043 2043 2346 2346 2346 2341 2341 2341 2043 2043 2043 2147 2147 2147 2346 2346 2346 2342 2342 2342 2344 2344 2344 2347 2347 2347 2344 2344 2344 2343 2343 2343 2347 2347 2347 2345 2345 2345 2129 2129 2129 2149 2149 2149 2347 2347 2347 2343 2343 2343 2348 2348 2348 2343 2343 2343 2345 2345 2345 2348 2348 2348 2345 2345 2345 2149 2149 2149 2348 2348 2348 2347 2347 2347 2348 2348 2348 2349 2349 2349 2348 2348 2348 2149 2149 2149 2350 2350 2350 2349 2349 2349 2348 2348 2348 2351 2351 2351 2348 2348 2348 2350 2350 2350 2351 2351 2351 2350 2350 2350 2149 2149 2149 2163 2163 2163 2352 2352 2352 2349 2349 2349 2353 2353 2353 2349 2349 2349 2351 2351 2351 2353 2353 2353 2346 2346 2346 2147 2147 2147 2354 2354 2354 2354 2354 2354 2147 2147 2147 2355 2355 2355 2147 2147 2147 2045 2045 2045 2355 2355 2355 2352 2352 2352 2353 2353 2353 2356 2356 2356 2355 2355 2355 2045 2045 2045 2357 2357 2357 2356 2356 2356 2353 2353 2353 2358 2358 2358 2353 2353 2353 2351 2351 2351 2358 2358 2358 2163 2163 2163 2164 2164 2164 2187 2187 2187 2350 2350 2350 2163 2163 2163 2187 2187 2187 2358 2358 2358 2351 2351 2351 2359 2359 2359 2351 2351 2351 2350 2350 2350 2359 2359 2359 2359 2359 2359 2350 2350 2350 2360 2360 2360 2350 2350 2350 2187 2187 2187 2360 2360 2360 2356 2356 2356 2358 2358 2358 2361 2361 2361 2358 2358 2358 2359 2359 2359 2361 2361 2361 2356 2356 2356 2361 2361 2361 2362 2362 2362 2360 2360 2360 2187 2187 2187 2184 2184 2184 2361 2361 2361 2359 2359 2359 2363 2363 2363 2359 2359 2359 2360 2360 2360 2363 2363 2363 2360 2360 2360 2184 2184 2184 2206 2206 2206 2045 2045 2045 2055 2055 2055 2364 2364 2364 2362 2362 2362 2361 2361 2361 2365 2365 2365 2361 2361 2361 2363 2363 2363 2365 2365 2365 2362 2362 2362 2365 2365 2365 2366 2366 2366 2365 2365 2365 2363 2363 2363 2367 2367 2367 2363 2363 2363 2360 2360 2360 2367 2367 2367 2055 2055 2055 2368 2368 2368 2364 2364 2364 2367 2367 2367 2360 2360 2360 2369 2369 2369 2360 2360 2360 2206 2206 2206 2369 2369 2369 2369 2369 2369 2206 2206 2206 2230 2230 2230 2206 2206 2206 2207 2207 2207 2230 2230 2230 2366 2366 2366 2365 2365 2365 2370 2370 2370 2365 2365 2365 2367 2367 2367 2370 2370 2370 2055 2055 2055 2229 2229 2229 2368 2368 2368 2366 2366 2366 2370 2370 2370 2371 2371 2371 2370 2370 2370 2367 2367 2367 2372 2372 2372 2367 2367 2367 2369 2369 2369 2372 2372 2372 2370 2370 2370 2372 2372 2372 2373 2373 2373 2372 2372 2372 2369 2369 2369 2373 2373 2373 2371 2371 2371 2370 2370 2370 2374 2374 2374 2374 2374 2374 2370 2370 2370 2375 2375 2375 2370 2370 2370 2373 2373 2373 2375 2375 2375 2373 2373 2373 2369 2369 2369 2376 2376 2376 2369 2369 2369 2230 2230 2230 2376 2376 2376 2376 2376 2376 2230 2230 2230 2238 2238 2238 2374 2374 2374 2375 2375 2375 2377 2377 2377 2376 2376 2376 2238 2238 2238 2254 2254 2254 2373 2373 2373 2376 2376 2376 2378 2378 2378 2376 2376 2376 2254 2254 2254 2378 2378 2378 2377 2377 2377 2375 2375 2375 2379 2379 2379 2375 2375 2375 2373 2373 2373 2380 2380 2380 2375 2375 2375 2380 2380 2380 2379 2379 2379 2373 2373 2373 2378 2378 2378 2380 2380 2380 2377 2377 2377 2379 2379 2379 2381 2381 2381 2379 2379 2379 2380 2380 2380 2382 2382 2382 2380 2380 2380 2378 2378 2378 2382 2382 2382 2247 2247 2247 2056 2056 2056 2383 2383 2383 2381 2381 2381 2379 2379 2379 2384 2384 2384 2382 2382 2382 2378 2378 2378 2385 2385 2385 2378 2378 2378 2254 2254 2254 2385 2385 2385 2385 2385 2385 2254 2254 2254 2259 2259 2259 2384 2384 2384 2379 2379 2379 2386 2386 2386 2379 2379 2379 2382 2382 2382 2386 2386 2386 2265 2265 2265 2285 2285 2285 2385 2385 2385 2265 2265 2265 2385 2385 2385 2259 2259 2259 2384 2384 2384 2386 2386 2386 2387 2387 2387 2386 2386 2386 2382 2382 2382 2388 2388 2388 2382 2382 2382 2385 2385 2385 2389 2389 2389 2382 2382 2382 2389 2389 2389 2388 2388 2388 2285 2285 2285 2286 2286 2286 2385 2385 2385 2385 2385 2385 2286 2286 2286 2389 2389 2389 2387 2387 2387 2386 2386 2386 2390 2390 2390 2386 2386 2386 2388 2388 2388 2390 2390 2390 2286 2286 2286 2391 2391 2391 2389 2389 2389 2387 2387 2387 2390 2390 2390 2392 2392 2392 2390 2390 2390 2388 2388 2388 2393 2393 2393 2388 2388 2388 2389 2389 2389 2393 2393 2393 2393 2393 2393 2389 2389 2389 2391 2391 2391 2391 2391 2391 2286 2286 2286 2394 2394 2394 2393 2393 2393 2391 2391 2391 2395 2395 2395 2395 2395 2395 2391 2391 2391 2394 2394 2394 2392 2392 2392 2390 2390 2390 2396 2396 2396 2390 2390 2390 2393 2393 2393 2396 2396 2396 2395 2395 2395 2394 2394 2394 2298 2298 2298 2396 2396 2396 2393 2393 2393 2395 2395 2395 2395 2395 2395 2298 2298 2298 2397 2397 2397 2394 2394 2394 2286 2286 2286 2298 2298 2298 2298 2298 2298 2292 2292 2292 2398 2398 2398 2398 2398 2398 2292 2292 2292 2297 2297 2297 2398 2398 2398 2297 2297 2297 2399 2399 2399 2289 2289 2289 2299 2299 2299 2297 2297 2297 2297 2297 2297 2299 2299 2299 2399 2399 2399 2399 2399 2399 2299 2299 2299 2400 2400 2400 2400 2400 2400 2299 2299 2299 2300 2300 2300 2396 2396 2396 2395 2395 2395 2401 2401 2401 2401 2401 2401 2395 2395 2395 2402 2402 2402 2395 2395 2395 2397 2397 2397 2402 2402 2402 2397 2397 2397 2298 2298 2298 2403 2403 2403 2298 2298 2298 2398 2398 2398 2403 2403 2403 2403 2403 2403 2398 2398 2398 2404 2404 2404 2404 2404 2404 2398 2398 2398 2399 2399 2399 2400 2400 2400 2300 2300 2300 2405 2405 2405 2300 2300 2300 2301 2301 2301 2405 2405 2405 2301 2301 2301 2305 2305 2305 2307 2307 2307 2048 2048 2048 1953 1953 1953 2406 2406 2406 2402 2402 2402 2397 2397 2397 2403 2403 2403 2403 2403 2403 2404 2404 2404 2407 2407 2407 2404 2404 2404 2399 2399 2399 2408 2408 2408 2404 2404 2404 2408 2408 2408 2407 2407 2407 2399 2399 2399 2400 2400 2400 2408 2408 2408 2400 2400 2400 2405 2405 2405 2408 2408 2408 2405 2405 2405 2301 2301 2301 2409 2409 2409 2301 2301 2301 2307 2307 2307 2409 2409 2409 2307 2307 2307 2309 2309 2309 2409 2409 2409 1953 1953 1953 2050 2050 2050 2406 2406 2406 2050 2050 2050 1988 1988 1988 2410 2410 2410 1990 1990 1990 1989 1989 1989 2411 2411 2411 1990 1990 1990 2411 2411 2411 2412 2412 2412 1989 1989 1989 1991 1991 1991 2413 2413 2413 1989 1989 1989 2413 2413 2413 2411 2411 2411 1991 1991 1991 2313 2313 2313 2413 2413 2413 2313 2313 2313 2032 2032 2032 2414 2414 2414 2032 2032 2032 2034 2034 2034 2415 2415 2415 2034 2034 2034 2416 2416 2416 2415 2415 2415 2034 2034 2034 2058 2058 2058 2416 2416 2416 2059 2059 2059 2060 2060 2060 2417 2417 2417 2314 2314 2314 1948 1948 1948 2418 2418 2418 2009 2009 2009 2316 2316 2316 2419 2419 2419 2315 2315 2315 2037 2037 2037 2420 2420 2420 2420 2420 2420 2037 2037 2037 2062 2062 2062 2318 2318 2318 2038 2038 2038 2421 2421 2421 1982 1982 1982 2051 2051 2051 2422 2422 2422 2051 2051 2051 1996 1996 1996 2319 2319 2319 2038 2038 2038 2064 2064 2064 2423 2423 2423 2038 2038 2038 2423 2423 2423 2421 2421 2421 2064 2064 2064 2321 2321 2321 2423 2423 2423 2423 2423 2423 2321 2321 2321 2424 2424 2424 2321 2321 2321 2341 2341 2341 2424 2424 2424 2346 2346 2346 2354 2354 2354 2341 2341 2341 2045 2045 2045 2425 2425 2425 2357 2357 2357 2045 2045 2045 2364 2364 2364 2425 2425 2425 2425 2425 2425 2364 2364 2364 2368 2368 2368 2368 2368 2368 2229 2229 2229 2426 2426 2426 2229 2229 2229 2247 2247 2247 2426 2426 2426 2426 2426 2426 2247 2247 2247 2427 2427 2427 2247 2247 2247 2383 2383 2383 2427 2427 2427 2383 2383 2383 2056 2056 2056 2428 2428 2428 2056 2056 2056 2048 2048 2048 2428 2428 2428 2048 2048 2048 2429 2429 2429 2428 2428 2428 2048 2048 2048 2406 2406 2406 2429 2429 2429 2050 2050 2050 2410 2410 2410 2406 2406 2406 2414 2414 2414 2032 2032 2032 2415 2415 2415 2416 2416 2416 2058 2058 2058 2417 2417 2417 2058 2058 2058 2059 2059 2059 2417 2417 2417 2417 2417 2417 2060 2060 2060 2430 2430 2430 2060 2060 2060 1994 1994 1994 2431 2431 2431 1994 1994 1994 2023 2023 2023 2431 2431 2431 1948 1948 1948 2036 2036 2036 2418 2418 2418 1934 1934 1934 2432 2432 2432 2036 2036 2036 2061 2061 2061 2009 2009 2009 2419 2419 2419 2316 2316 2316 2315 2315 2315 2433 2433 2433 2315 2315 2315 2420 2420 2420 2433 2433 2433 2063 2063 2063 2317 2317 2317 2434 2434 2434 2318 2318 2318 2421 2421 2421 2435 2435 2435 2421 2421 2421 2423 2423 2423 2436 2436 2436 2423 2423 2423 2424 2424 2424 2436 2436 2436 2424 2424 2424 2437 2437 2437 2436 2436 2436 2424 2424 2424 2438 2438 2438 2437 2437 2437 2424 2424 2424 2341 2341 2341 2438 2438 2438 2438 2438 2438 2341 2341 2341 2439 2439 2439 2341 2341 2341 2354 2354 2354 2439 2439 2439 2439 2439 2439 2354 2354 2354 2440 2440 2440 2354 2354 2354 2355 2355 2355 2440 2440 2440 2355 2355 2355 2441 2441 2441 2440 2440 2440 2355 2355 2355 2357 2357 2357 2441 2441 2441 2357 2357 2357 2425 2425 2425 2441 2441 2441 2425 2425 2425 2442 2442 2442 2441 2441 2441 2425 2425 2425 2443 2443 2443 2442 2442 2442 2425 2425 2425 2368 2368 2368 2443 2443 2443 2368 2368 2368 2426 2426 2426 2443 2443 2443 2427 2427 2427 2444 2444 2444 2426 2426 2426 2444 2444 2444 2427 2427 2427 2445 2445 2445 2427 2427 2427 2383 2383 2383 2445 2445 2445 2383 2383 2383 2428 2428 2428 2445 2445 2445 2429 2429 2429 2406 2406 2406 2446 2446 2446 2411 2411 2411 2413 2413 2413 2447 2447 2447 2413 2413 2413 2313 2313 2313 2447 2447 2447 2414 2414 2414 2448 2448 2448 2313 2313 2313 2414 2414 2414 2415 2415 2415 2448 2448 2448 2415 2415 2415 2449 2449 2449 2448 2448 2448 2449 2449 2449 2415 2415 2415 2450 2450 2450 2415 2415 2415 2416 2416 2416 2450 2450 2450 2416 2416 2416 2417 2417 2417 2450 2450 2450 2450 2450 2450 2417 2417 2417 2451 2451 2451 2451 2451 2451 2417 2417 2417 2430 2430 2430 2430 2430 2430 2060 2060 2060 2431 2431 2431 2023 2023 2023 2035 2035 2035 2452 2452 2452 2420 2420 2420 2062 2062 2062 2453 2453 2453 2062 2062 2062 2063 2063 2063 2453 2453 2453 2063 2063 2063 2434 2434 2434 2453 2453 2453 2435 2435 2435 2421 2421 2421 2454 2454 2454 2422 2422 2422 2051 2051 2051 2455 2455 2455 2422 2422 2422 2455 2455 2455 2456 2456 2456 2051 2051 2051 2319 2319 2319 2455 2455 2455 2455 2455 2455 2319 2319 2319 2457 2457 2457 2319 2319 2319 1983 1983 1983 2457 2457 2457 1983 1983 1983 2320 2320 2320 2457 2457 2457 1984 1984 1984 1973 1973 1973 2458 2458 2458 2421 2421 2421 2436 2436 2436 2454 2454 2454 2454 2454 2454 2436 2436 2436 2459 2459 2459 2459 2459 2459 2436 2436 2436 2460 2460 2460 2436 2436 2436 2437 2437 2437 2461 2461 2461 2436 2436 2436 2461 2461 2461 2460 2460 2460 2437 2437 2437 2438 2438 2438 2462 2462 2462 2437 2437 2437 2462 2462 2462 2461 2461 2461 2462 2462 2462 2438 2438 2438 2463 2463 2463 2438 2438 2438 2439 2439 2439 2463 2463 2463 2439 2439 2439 2440 2440 2440 2463 2463 2463 2440 2440 2440 2464 2464 2464 2463 2463 2463 2440 2440 2440 2441 2441 2441 2464 2464 2464 2441 2441 2441 2465 2465 2465 2464 2464 2464 2441 2441 2441 2442 2442 2442 2465 2465 2465 2465 2465 2465 2442 2442 2442 2466 2466 2466 2442 2442 2442 2443 2443 2443 2466 2466 2466 2443 2443 2443 2467 2467 2467 2466 2466 2466 2443 2443 2443 2426 2426 2426 2467 2467 2467 2467 2467 2467 2426 2426 2426 2468 2468 2468 2426 2426 2426 2444 2444 2444 2468 2468 2468 2468 2468 2468 2444 2444 2444 2469 2469 2469 2444 2444 2444 2445 2445 2445 2469 2469 2469 2445 2445 2445 2428 2428 2428 2470 2470 2470 2445 2445 2445 2470 2470 2470 2469 2469 2469 2428 2428 2428 2429 2429 2429 2470 2470 2470 2429 2429 2429 2446 2446 2446 2470 2470 2470 2446 2446 2446 2406 2406 2406 2410 2410 2410 2313 2313 2313 2448 2448 2448 2447 2447 2447 2451 2451 2451 2430 2430 2430 2471 2471 2471 2430 2430 2430 2431 2431 2431 2471 2471 2471 2471 2471 2471 2431 2431 2431 2452 2452 2452 2431 2431 2431 2023 2023 2023 2452 2452 2452 1978 1978 1978 2314 2314 2314 2472 2472 2472 2473 2473 2473 2474 2474 2474 2475 2475 2475 2474 2474 2474 2476 2476 2476 2475 2475 2475 2475 2475 2475 2476 2476 2476 2477 2477 2477 2477 2477 2477 2476 2476 2476 2478 2478 2478 2476 2476 2476 2479 2479 2479 2478 2478 2478 2434 2434 2434 2480 2480 2480 2453 2453 2453 2434 2434 2434 2481 2481 2481 2480 2480 2480 2481 2481 2481 2482 2482 2482 2480 2480 2480 2481 2481 2481 2473 2473 2473 2482 2482 2482 2481 2481 2481 2483 2483 2483 2473 2473 2473 2479 2479 2479 2484 2484 2484 2478 2478 2478 2484 2484 2484 2485 2485 2485 2478 2478 2478 2484 2484 2484 2486 2486 2486 2485 2485 2485 2486 2486 2486 2455 2455 2455 2485 2485 2485 2486 2486 2486 2456 2456 2456 2455 2455 2455 2320 2320 2320 1984 1984 1984 2487 2487 2487 1984 1984 1984 2458 2458 2458 2487 2487 2487 2488 2488 2488 2470 2470 2470 2489 2489 2489 2470 2470 2470 2446 2446 2446 2489 2489 2489 2490 2490 2490 2491 2491 2491 2492 2492 2492 2433 2433 2433 2420 2420 2420 2493 2493 2493 2420 2420 2420 2453 2453 2453 2493 2493 2493 2480 2480 2480 2482 2482 2482 2494 2494 2494 2482 2482 2482 2473 2473 2473 2494 2494 2494 2494 2494 2494 2473 2473 2473 2495 2495 2495 2473 2473 2473 2475 2475 2475 2495 2495 2495 2475 2475 2475 2477 2477 2477 2495 2495 2495 2495 2495 2495 2477 2477 2477 2496 2496 2496 2477 2477 2477 2478 2478 2478 2496 2496 2496 2478 2478 2478 2485 2485 2485 2496 2496 2496 2496 2496 2496 2485 2485 2485 2497 2497 2497 2485 2485 2485 2455 2455 2455 2497 2497 2497 2316 2316 2316 2433 2433 2433 2493 2493 2493 2493 2493 2493 2453 2453 2453 2498 2498 2498 2480 2480 2480 2499 2499 2499 2453 2453 2453 2480 2480 2480 2494 2494 2494 2499 2499 2499 2499 2499 2499 2494 2494 2494 2500 2500 2500 2494 2494 2494 2495 2495 2495 2500 2500 2500 2500 2500 2500 2495 2495 2495 2501 2501 2501 2501 2501 2501 2495 2495 2495 2502 2502 2502 2495 2495 2495 2496 2496 2496 2502 2502 2502 2496 2496 2496 2503 2503 2503 2502 2502 2502 2496 2496 2496 2504 2504 2504 2503 2503 2503 2496 2496 2496 2497 2497 2497 2504 2504 2504 2455 2455 2455 2457 2457 2457 2497 2497 2497 2457 2457 2457 2320 2320 2320 2487 2487 2487 2314 2314 2314 2418 2418 2418 2505 2505 2505 2418 2418 2418 2036 2036 2036 2505 2505 2505 2036 2036 2036 2432 2432 2432 2505 2505 2505 2505 2505 2505 2432 2432 2432 2506 2506 2506 2061 2061 2061 2419 2419 2419 2507 2507 2507 2061 2061 2061 2507 2507 2507 2508 2508 2508 2419 2419 2419 2316 2316 2316 2507 2507 2507 2507 2507 2507 2316 2316 2316 2498 2498 2498 2316 2316 2316 2493 2493 2493 2498 2498 2498 2453 2453 2453 2499 2499 2499 2498 2498 2498 2497 2497 2497 2457 2457 2457 2504 2504 2504 2472 2472 2472 2314 2314 2314 2509 2509 2509 2509 2509 2509 2314 2314 2314 2505 2505 2505 2508 2508 2508 2507 2507 2507 2510 2510 2510 2508 2508 2508 2510 2510 2510 2511 2511 2511 2507 2507 2507 2512 2512 2512 2510 2510 2510 2507 2507 2507 2498 2498 2498 2512 2512 2512 2498 2498 2498 2513 2513 2513 2512 2512 2512 2498 2498 2498 2499 2499 2499 2513 2513 2513 2499 2499 2499 2500 2500 2500 2513 2513 2513 2513 2513 2513 2500 2500 2500 2514 2514 2514 2500 2500 2500 2501 2501 2501 2514 2514 2514 2501 2501 2501 2515 2515 2515 2514 2514 2514 2501 2501 2501 2502 2502 2502 2515 2515 2515 2502 2502 2502 2503 2503 2503 2516 2516 2516 2502 2502 2502 2516 2516 2516 2515 2515 2515 2516 2516 2516 2503 2503 2503 2517 2517 2517 2503 2503 2503 2504 2504 2504 2517 2517 2517 2517 2517 2517 2504 2504 2504 2518 2518 2518 2504 2504 2504 2457 2457 2457 2518 2518 2518 2457 2457 2457 2487 2487 2487 2518 2518 2518 2518 2518 2518 2487 2487 2487 2519 2519 2519 2487 2487 2487 2458 2458 2458 2519 2519 2519 2519 2519 2519 2458 2458 2458 2520 2520 2520 2505 2505 2505 2521 2521 2521 2509 2509 2509 2505 2505 2505 2506 2506 2506 2521 2521 2521 2510 2510 2510 2512 2512 2512 2522 2522 2522 2522 2522 2522 2512 2512 2512 2523 2523 2523 2512 2512 2512 2513 2513 2513 2523 2523 2523 2513 2513 2513 2524 2524 2524 2523 2523 2523 2524 2524 2524 2513 2513 2513 2525 2525 2525 2513 2513 2513 2514 2514 2514 2525 2525 2525 2514 2514 2514 2526 2526 2526 2525 2525 2525 2514 2514 2514 2515 2515 2515 2526 2526 2526 2526 2526 2526 2515 2515 2515 2527 2527 2527 2515 2515 2515 2516 2516 2516 2527 2527 2527 2516 2516 2516 2517 2517 2517 2527 2527 2527 2527 2527 2527 2517 2517 2517 2528 2528 2528 2517 2517 2517 2529 2529 2529 2528 2528 2528 2517 2517 2517 2518 2518 2518 2529 2529 2529 2518 2518 2518 2519 2519 2519 2530 2530 2530 2518 2518 2518 2530 2530 2530 2529 2529 2529 2519 2519 2519 2520 2520 2520 2530 2530 2530 70 70 70 68 68 68 83 83 83 2531 2531 2531 2532 2532 2532 8 8 8 8 8 8 2532 2532 2532 10 10 10 2532 2532 2532 2533 2533 2533 10 10 10 10 10 10 2533 2533 2533 12 12 12 2533 2533 2533 2534 2534 2534 12 12 12 2534 2534 2534 2535 2535 2535 12 12 12 12 12 12 2535 2535 2535 2536 2536 2536 2535 2535 2535 2537 2537 2537 2536 2536 2536 2536 2536 2536 2537 2537 2537 2538 2538 2538 2537 2537 2537 2539 2539 2539 2540 2540 2540 2537 2537 2537 2540 2540 2540 2538 2538 2538 2539 2539 2539 2541 2541 2541 2540 2540 2540 42 42 42 2542 2542 2542 43 43 43 2542 2542 2542 71 71 71 43 43 43 2543 2543 2543 2544 2544 2544 2545 2545 2545 2546 2546 2546 2547 2547 2547 8 8 8 2547 2547 2547 2548 2548 2548 2531 2531 2531 2547 2547 2547 2531 2531 2531 8 8 8 2549 2549 2549 2532 2532 2532 2531 2531 2531 2532 2532 2532 2550 2550 2550 2533 2533 2533 2551 2551 2551 2535 2535 2535 2534 2534 2534 2535 2535 2535 2552 2552 2552 2537 2537 2537 2552 2552 2552 2553 2553 2553 2537 2537 2537 2553 2553 2553 2554 2554 2554 2537 2537 2537 2554 2554 2554 2555 2555 2555 2537 2537 2537 2555 2555 2555 2539 2539 2539 2537 2537 2537 2556 2556 2556 2557 2557 2557 2541 2541 2541 2541 2541 2541 2557 2557 2557 2558 2558 2558 2557 2557 2557 2559 2559 2559 2558 2558 2558 2558 2558 2558 2559 2559 2559 2560 2560 2560 2561 2561 2561 2562 2562 2562 42 42 42 42 42 42 2562 2562 2562 2542 2542 2542 2562 2562 2562 2563 2563 2563 2542 2542 2542 2542 2542 2542 2563 2563 2563 71 71 71 2563 2563 2563 130 130 130 71 71 71 2548 2548 2548 2549 2549 2549 2531 2531 2531 2549 2549 2549 2550 2550 2550 2532 2532 2532 2533 2533 2533 2551 2551 2551 2534 2534 2534 2555 2555 2555 2564 2564 2564 2539 2539 2539 2564 2564 2564 2541 2541 2541 2539 2539 2539 2564 2564 2564 2556 2556 2556 2541 2541 2541 2565 2565 2565 2547 2547 2547 2546 2546 2546 2550 2550 2550 2566 2566 2566 2533 2533 2533 2566 2566 2566 2551 2551 2551 2533 2533 2533 2567 2567 2567 2535 2535 2535 2551 2551 2551 2567 2567 2567 2568 2568 2568 2535 2535 2535 2535 2535 2535 2568 2568 2568 2552 2552 2552 2552 2552 2552 2569 2569 2569 2553 2553 2553 2569 2569 2569 2554 2554 2554 2553 2553 2553 2569 2569 2569 2570 2570 2570 2554 2554 2554 2554 2554 2554 2570 2570 2570 2555 2555 2555 2570 2570 2570 2564 2564 2564 2555 2555 2555 2571 2571 2571 2572 2572 2572 2564 2564 2564 2564 2564 2564 2572 2572 2572 2556 2556 2556 2572 2572 2572 2573 2573 2573 2556 2556 2556 2556 2556 2556 2573 2573 2573 2557 2557 2557 2573 2573 2573 2559 2559 2559 2557 2557 2557 2548 2548 2548 2574 2574 2574 2549 2549 2549 2574 2574 2574 2575 2575 2575 2549 2549 2549 2575 2575 2575 2550 2550 2550 2549 2549 2549 2566 2566 2566 2567 2567 2567 2551 2551 2551 2571 2571 2571 2564 2564 2564 2570 2570 2570 2576 2576 2576 2563 2563 2563 2562 2562 2562 2547 2547 2547 2574 2574 2574 2548 2548 2548 2575 2575 2575 2566 2566 2566 2550 2550 2550 2577 2577 2577 2567 2567 2567 2566 2566 2566 2568 2568 2568 2578 2578 2578 2552 2552 2552 2578 2578 2578 2569 2569 2569 2552 2552 2552 2565 2565 2565 2574 2574 2574 2547 2547 2547 2579 2579 2579 2575 2575 2575 2574 2574 2574 2579 2579 2579 2580 2580 2580 2575 2575 2575 2575 2575 2575 2580 2580 2580 2566 2566 2566 2580 2580 2580 2577 2577 2577 2566 2566 2566 2577 2577 2577 2581 2581 2581 2567 2567 2567 2581 2581 2581 2568 2568 2568 2567 2567 2567 2578 2578 2578 2582 2582 2582 2569 2569 2569 2571 2571 2571 2583 2583 2583 2572 2572 2572 2572 2572 2572 2584 2584 2584 2573 2573 2573 2584 2584 2584 2559 2559 2559 2573 2573 2573 2585 2585 2585 2579 2579 2579 2574 2574 2574 2582 2582 2582 2586 2586 2586 2569 2569 2569 2569 2569 2569 2586 2586 2586 2570 2570 2570 2576 2576 2576 2587 2587 2587 2563 2563 2563 2587 2587 2587 130 130 130 2563 2563 2563 2588 2588 2588 2568 2568 2568 2581 2581 2581 2568 2568 2568 2588 2588 2588 2578 2578 2578 2589 2589 2589 2590 2590 2590 2571 2571 2571 2589 2589 2589 2571 2571 2571 2570 2570 2570 2590 2590 2590 2583 2583 2583 2571 2571 2571 2584 2584 2584 2591 2591 2591 2559 2559 2559 2592 2592 2592 2562 2562 2562 2561 2561 2561 2587 2587 2587 137 137 137 130 130 130 2593 2593 2593 2585 2585 2585 2574 2574 2574 2593 2593 2593 2574 2574 2574 2565 2565 2565 2594 2594 2594 2595 2595 2595 2579 2579 2579 2595 2595 2595 2580 2580 2580 2579 2579 2579 2588 2588 2588 2596 2596 2596 2578 2578 2578 2578 2578 2578 2596 2596 2596 2582 2582 2582 2597 2597 2597 2586 2586 2586 2582 2582 2582 2598 2598 2598 2570 2570 2570 2586 2586 2586 2598 2598 2598 2589 2589 2589 2570 2570 2570 2583 2583 2583 2584 2584 2584 2572 2572 2572 2599 2599 2599 137 137 137 2587 2587 2587 2585 2585 2585 2594 2594 2594 2579 2579 2579 2600 2600 2600 2601 2601 2601 2577 2577 2577 2577 2577 2577 2601 2601 2601 2581 2581 2581 2601 2601 2601 2602 2602 2602 2581 2581 2581 2602 2602 2602 2588 2588 2588 2581 2581 2581 2603 2603 2603 2596 2596 2596 2588 2588 2588 2596 2596 2596 2597 2597 2597 2582 2582 2582 2597 2597 2597 2598 2598 2598 2586 2586 2586 2604 2604 2604 2590 2590 2590 2589 2589 2589 2605 2605 2605 2591 2591 2591 2584 2584 2584 2580 2580 2580 2600 2600 2600 2577 2577 2577 2598 2598 2598 2604 2604 2604 2589 2589 2589 2590 2590 2590 2606 2606 2606 2583 2583 2583 2583 2583 2583 2605 2605 2605 2584 2584 2584 2562 2562 2562 2607 2607 2607 2576 2576 2576 2607 2607 2607 619 619 619 2576 2576 2576 2576 2576 2576 619 619 619 2587 2587 2587 2595 2595 2595 2608 2608 2608 2580 2580 2580 2609 2609 2609 2600 2600 2600 2580 2580 2580 2588 2588 2588 2602 2602 2602 2603 2603 2603 2610 2610 2610 2598 2598 2598 2597 2597 2597 2611 2611 2611 2605 2605 2605 2583 2583 2583 2592 2592 2592 2607 2607 2607 2562 2562 2562 619 619 619 621 621 621 2587 2587 2587 621 621 621 2599 2599 2599 2587 2587 2587 2612 2612 2612 2613 2613 2613 2614 2614 2614 444 444 444 446 446 446 202 202 202 460 460 460 203 203 203 202 202 202 2615 2615 2615 2616 2616 2616 2617 2617 2617 2617 2617 2617 2616 2616 2616 2618 2618 2618 2616 2616 2616 2619 2619 2619 2618 2618 2618 2618 2618 2618 2619 2619 2619 2620 2620 2620 2619 2619 2619 2621 2621 2621 2620 2620 2620 2619 2619 2619 2622 2622 2622 2621 2621 2621 2622 2622 2622 313 313 313 2621 2621 2621 2622 2622 2622 314 314 314 313 313 313 339 339 339 2623 2623 2623 351 351 351 2623 2623 2623 2624 2624 2624 351 351 351 2624 2624 2624 2625 2625 2625 351 351 351 2624 2624 2624 2626 2626 2626 2625 2625 2625 2626 2626 2626 2627 2627 2627 2625 2625 2625 2627 2627 2627 2628 2628 2628 2625 2625 2625 2625 2625 2625 2628 2628 2628 2629 2629 2629 2628 2628 2628 2630 2630 2630 2629 2629 2629 2631 2631 2631 2585 2585 2585 2593 2593 2593 2608 2608 2608 2609 2609 2609 2580 2580 2580 2602 2602 2602 2632 2632 2632 2603 2603 2603 2603 2603 2603 2632 2632 2632 2596 2596 2596 2632 2632 2632 2633 2633 2633 2596 2596 2596 2633 2633 2633 2597 2597 2597 2596 2596 2596 2606 2606 2606 2611 2611 2611 2583 2583 2583 2634 2634 2634 2591 2591 2591 2605 2605 2605 2612 2612 2612 2635 2635 2635 2613 2613 2613 2635 2635 2635 2636 2636 2636 2613 2613 2613 2613 2613 2613 2636 2636 2636 2615 2615 2615 2636 2636 2636 2637 2637 2637 2615 2615 2615 2637 2637 2637 2616 2616 2616 2615 2615 2615 2616 2616 2616 2638 2638 2638 2619 2619 2619 2619 2619 2619 2639 2639 2639 2622 2622 2622 2639 2639 2639 314 314 314 2622 2622 2622 2639 2639 2639 317 317 317 314 314 314 317 317 317 2640 2640 2640 339 339 339 2640 2640 2640 2623 2623 2623 339 339 339 2641 2641 2641 2623 2623 2623 2640 2640 2640 2642 2642 2642 2630 2630 2630 2628 2628 2628 2642 2642 2642 2643 2643 2643 2630 2630 2630 2631 2631 2631 2644 2644 2644 2585 2585 2585 2608 2608 2608 2645 2645 2645 2609 2609 2609 2610 2610 2610 2604 2604 2604 2598 2598 2598 2635 2635 2635 2646 2646 2646 2636 2636 2636 2646 2646 2646 2637 2637 2637 2636 2636 2636 2637 2637 2637 2647 2647 2647 2616 2616 2616 2647 2647 2647 2648 2648 2648 2616 2616 2616 2648 2648 2648 2638 2638 2638 2616 2616 2616 2638 2638 2638 2649 2649 2649 2619 2619 2619 2649 2649 2649 2639 2639 2639 2619 2619 2619 2649 2649 2649 2650 2650 2650 2639 2639 2639 2639 2639 2639 2650 2650 2650 317 317 317 2650 2650 2650 2651 2651 2651 317 317 317 317 317 317 2651 2651 2651 2640 2640 2640 2651 2651 2651 2652 2652 2652 2640 2640 2640 2652 2652 2652 2641 2641 2641 2640 2640 2640 2623 2623 2623 2641 2641 2641 2624 2624 2624 2653 2653 2653 2641 2641 2641 2652 2652 2652 2654 2654 2654 2641 2641 2641 2653 2653 2653 2641 2641 2641 2626 2626 2626 2624 2624 2624 2641 2641 2641 2654 2654 2654 2626 2626 2626 2654 2654 2654 2627 2627 2627 2626 2626 2626 2654 2654 2654 2655 2655 2655 2627 2627 2627 2655 2655 2655 2654 2654 2654 2656 2656 2656 2655 2655 2655 2628 2628 2628 2627 2627 2627 2628 2628 2628 2657 2657 2657 2642 2642 2642 2644 2644 2644 2594 2594 2594 2585 2585 2585 2633 2633 2633 2658 2658 2658 2597 2597 2597 2658 2658 2658 2610 2610 2610 2597 2597 2597 2659 2659 2659 2606 2606 2606 2604 2604 2604 2604 2604 2604 2606 2606 2606 2590 2590 2590 2611 2611 2611 2634 2634 2634 2605 2605 2605 2660 2660 2660 2635 2635 2635 2612 2612 2612 2661 2661 2661 2662 2662 2662 2663 2663 2663 2661 2661 2661 2664 2664 2664 2662 2662 2662 2664 2664 2664 2665 2665 2665 2666 2666 2666 2664 2664 2664 2666 2666 2666 2662 2662 2662 2666 2666 2666 2665 2665 2665 2667 2667 2667 2665 2665 2665 2668 2668 2668 2667 2667 2667 2668 2668 2668 2669 2669 2669 2667 2667 2667 2670 2670 2670 2671 2671 2671 2672 2672 2672 2671 2671 2671 2673 2673 2673 2672 2672 2672 2673 2673 2673 2674 2674 2674 2672 2672 2672 2675 2675 2675 571 571 571 570 570 570 2676 2676 2676 2677 2677 2677 571 571 571 571 571 571 2677 2677 2677 573 573 573 2677 2677 2677 2663 2663 2663 573 573 573 2677 2677 2677 2678 2678 2678 2663 2663 2663 2678 2678 2678 2661 2661 2661 2663 2663 2663 2678 2678 2678 2679 2679 2679 2661 2661 2661 2679 2679 2679 2664 2664 2664 2661 2661 2661 2679 2679 2679 2680 2680 2680 2664 2664 2664 2680 2680 2680 2665 2665 2665 2664 2664 2664 2680 2680 2680 2681 2681 2681 2665 2665 2665 2681 2681 2681 2668 2668 2668 2665 2665 2665 2681 2681 2681 2682 2682 2682 2668 2668 2668 2668 2668 2668 2682 2682 2682 2669 2669 2669 2682 2682 2682 2683 2683 2683 2670 2670 2670 2682 2682 2682 2670 2670 2670 2669 2669 2669 2670 2670 2670 2683 2683 2683 2671 2671 2671 2646 2646 2646 2684 2684 2684 2637 2637 2637 2673 2673 2673 2685 2685 2685 2674 2674 2674 2675 2675 2675 2676 2676 2676 571 571 571 2681 2681 2681 2686 2686 2686 2682 2682 2682 2675 2675 2675 2687 2687 2687 2676 2676 2676 2687 2687 2687 2688 2688 2688 2676 2676 2676 2676 2676 2676 2688 2688 2688 2677 2677 2677 2688 2688 2688 2678 2678 2678 2677 2677 2677 2688 2688 2688 2689 2689 2689 2678 2678 2678 2689 2689 2689 2690 2690 2690 2678 2678 2678 2678 2678 2678 2690 2690 2690 2679 2679 2679 2690 2690 2690 2691 2691 2691 2679 2679 2679 2691 2691 2691 2680 2680 2680 2679 2679 2679 2691 2691 2691 2692 2692 2692 2680 2680 2680 2680 2680 2680 2692 2692 2692 2681 2681 2681 2692 2692 2692 2686 2686 2686 2681 2681 2681 2684 2684 2684 2693 2693 2693 2637 2637 2637 2694 2694 2694 2687 2687 2687 2675 2675 2675 2695 2695 2695 2694 2694 2694 2675 2675 2675 2688 2688 2688 2696 2696 2696 2689 2689 2689 2696 2696 2696 2697 2697 2697 2689 2689 2689 2689 2689 2689 2697 2697 2697 2690 2690 2690 2697 2697 2697 2698 2698 2698 2690 2690 2690 2698 2698 2698 2699 2699 2699 2690 2690 2690 2690 2690 2690 2699 2699 2699 2691 2691 2691 2691 2691 2691 2700 2700 2700 2692 2692 2692 2693 2693 2693 2647 2647 2647 2637 2637 2637 2701 2701 2701 2700 2700 2700 2691 2691 2691 2696 2696 2696 2702 2702 2702 2697 2697 2697 2699 2699 2699 2701 2701 2701 2691 2691 2691 2687 2687 2687 2703 2703 2703 2688 2688 2688 2695 2695 2695 2704 2704 2704 2694 2694 2694 2704 2704 2704 2705 2705 2705 2687 2687 2687 2704 2704 2704 2687 2687 2687 2694 2694 2694 2705 2705 2705 2703 2703 2703 2687 2687 2687 2688 2688 2688 2703 2703 2703 2696 2696 2696 2706 2706 2706 2704 2704 2704 2695 2695 2695 2703 2703 2703 2702 2702 2702 2696 2696 2696 2702 2702 2702 2698 2698 2698 2697 2697 2697 2698 2698 2698 2707 2707 2707 2699 2699 2699 2707 2707 2707 2701 2701 2701 2699 2699 2699 2708 2708 2708 2700 2700 2700 2701 2701 2701 2702 2702 2702 2707 2707 2707 2698 2698 2698 2708 2708 2708 2709 2709 2709 2700 2700 2700 2710 2710 2710 2707 2707 2707 2702 2702 2702 2707 2707 2707 2711 2711 2711 2701 2701 2701 2711 2711 2711 2712 2712 2712 2701 2701 2701 2701 2701 2701 2712 2712 2712 2708 2708 2708 2702 2702 2702 2713 2713 2713 2710 2710 2710 2710 2710 2710 2711 2711 2711 2707 2707 2707 2712 2712 2712 2709 2709 2709 2708 2708 2708 2703 2703 2703 2713 2713 2713 2702 2702 2702 2712 2712 2712 2714 2714 2714 2709 2709 2709 2706 2706 2706 2715 2715 2715 2704 2704 2704 2715 2715 2715 2705 2705 2705 2704 2704 2704 2716 2716 2716 2715 2715 2715 2706 2706 2706 2713 2713 2713 2717 2717 2717 2710 2710 2710 2717 2717 2717 2718 2718 2718 2710 2710 2710 2710 2710 2710 2718 2718 2718 2711 2711 2711 2718 2718 2718 2712 2712 2712 2711 2711 2711 2714 2714 2714 2719 2719 2719 2709 2709 2709 2715 2715 2715 2720 2720 2720 2705 2705 2705 2721 2721 2721 2714 2714 2714 2712 2712 2712 2720 2720 2720 2722 2722 2722 2703 2703 2703 2720 2720 2720 2703 2703 2703 2705 2705 2705 2722 2722 2722 2713 2713 2713 2703 2703 2703 2718 2718 2718 2721 2721 2721 2712 2712 2712 2716 2716 2716 2723 2723 2723 2715 2715 2715 2717 2717 2717 2724 2724 2724 2718 2718 2718 2724 2724 2724 2721 2721 2721 2718 2718 2718 2723 2723 2723 2720 2720 2720 2715 2715 2715 2722 2722 2722 2725 2725 2725 2713 2713 2713 2725 2725 2725 2717 2717 2717 2713 2713 2713 2721 2721 2721 2726 2726 2726 2714 2714 2714 2726 2726 2726 2719 2719 2719 2714 2714 2714 2727 2727 2727 2722 2722 2722 2720 2720 2720 2725 2725 2725 2728 2728 2728 2717 2717 2717 2728 2728 2728 2724 2724 2724 2717 2717 2717 2729 2729 2729 2726 2726 2726 2721 2721 2721 2730 2730 2730 2720 2720 2720 2723 2723 2723 2730 2730 2730 2727 2727 2727 2720 2720 2720 2731 2731 2731 2725 2725 2725 2722 2722 2722 2726 2726 2726 2732 2732 2732 2719 2719 2719 2727 2727 2727 2731 2731 2731 2722 2722 2722 2716 2716 2716 2733 2733 2733 2723 2723 2723 2733 2733 2733 2730 2730 2730 2723 2723 2723 2734 2734 2734 2733 2733 2733 2716 2716 2716 2724 2724 2724 2729 2729 2729 2721 2721 2721 2725 2725 2725 2735 2735 2735 2728 2728 2728 2729 2729 2729 2736 2736 2736 2726 2726 2726 2730 2730 2730 2731 2731 2731 2727 2727 2727 2731 2731 2731 2735 2735 2735 2725 2725 2725 2735 2735 2735 2737 2737 2737 2728 2728 2728 2728 2728 2728 2737 2737 2737 2724 2724 2724 2737 2737 2737 2729 2729 2729 2724 2724 2724 2737 2737 2737 2736 2736 2736 2729 2729 2729 2736 2736 2736 2732 2732 2732 2726 2726 2726 2738 2738 2738 2739 2739 2739 2731 2731 2731 2739 2739 2739 2735 2735 2735 2731 2731 2731 2733 2733 2733 2740 2740 2740 2730 2730 2730 2740 2740 2740 2738 2738 2738 2730 2730 2730 2730 2730 2730 2738 2738 2738 2731 2731 2731 2735 2735 2735 2741 2741 2741 2737 2737 2737 2742 2742 2742 2743 2743 2743 2736 2736 2736 2743 2743 2743 2732 2732 2732 2736 2736 2736 2739 2739 2739 2744 2744 2744 2735 2735 2735 2744 2744 2744 2741 2741 2741 2735 2735 2735 2734 2734 2734 2745 2745 2745 2733 2733 2733 2745 2745 2745 2740 2740 2740 2733 2733 2733 2741 2741 2741 2746 2746 2746 2737 2737 2737 2737 2737 2737 2746 2746 2746 2736 2736 2736 2743 2743 2743 2747 2747 2747 2732 2732 2732 2746 2746 2746 2742 2742 2742 2736 2736 2736 2748 2748 2748 2743 2743 2743 2742 2742 2742 2746 2746 2746 2748 2748 2748 2742 2742 2742 2749 2749 2749 2745 2745 2745 2734 2734 2734 2750 2750 2750 2739 2739 2739 2738 2738 2738 2750 2750 2750 2744 2744 2744 2739 2739 2739 2743 2743 2743 2751 2751 2751 2747 2747 2747 2744 2744 2744 2752 2752 2752 2741 2741 2741 2752 2752 2752 2746 2746 2746 2741 2741 2741 2752 2752 2752 2748 2748 2748 2746 2746 2746 2753 2753 2753 2743 2743 2743 2748 2748 2748 2753 2753 2753 2751 2751 2751 2743 2743 2743 2740 2740 2740 2754 2754 2754 2738 2738 2738 2754 2754 2754 2750 2750 2750 2738 2738 2738 2752 2752 2752 2755 2755 2755 2748 2748 2748 2755 2755 2755 2753 2753 2753 2748 2748 2748 2753 2753 2753 2756 2756 2756 2751 2751 2751 2749 2749 2749 2757 2757 2757 2745 2745 2745 2758 2758 2758 2744 2744 2744 2750 2750 2750 2758 2758 2758 2759 2759 2759 2744 2744 2744 2759 2759 2759 2752 2752 2752 2744 2744 2744 2759 2759 2759 2760 2760 2760 2752 2752 2752 2760 2760 2760 2755 2755 2755 2752 2752 2752 2755 2755 2755 2761 2761 2761 2753 2753 2753 2761 2761 2761 2756 2756 2756 2753 2753 2753 2754 2754 2754 2762 2762 2762 2750 2750 2750 2762 2762 2762 2758 2758 2758 2750 2750 2750 2756 2756 2756 596 596 596 2751 2751 2751 2757 2757 2757 2740 2740 2740 2745 2745 2745 2763 2763 2763 2759 2759 2759 2758 2758 2758 2757 2757 2757 2764 2764 2764 2740 2740 2740 2764 2764 2764 2765 2765 2765 2754 2754 2754 2764 2764 2764 2754 2754 2754 2740 2740 2740 2765 2765 2765 2762 2762 2762 2754 2754 2754 2763 2763 2763 2766 2766 2766 2759 2759 2759 2766 2766 2766 2760 2760 2760 2759 2759 2759 2756 2756 2756 594 594 594 596 596 596 2767 2767 2767 2757 2757 2757 2749 2749 2749 2765 2765 2765 2758 2758 2758 2762 2762 2762 2760 2760 2760 2768 2768 2768 2755 2755 2755 2768 2768 2768 2769 2769 2769 2755 2755 2755 2769 2769 2769 2761 2761 2761 2755 2755 2755 2761 2761 2761 594 594 594 2756 2756 2756 2769 2769 2769 594 594 594 2761 2761 2761 2765 2765 2765 2770 2770 2770 2758 2758 2758 2770 2770 2770 2763 2763 2763 2758 2758 2758 2766 2766 2766 2768 2768 2768 2760 2760 2760 2771 2771 2771 595 595 595 594 594 594 2772 2772 2772 2770 2770 2770 2765 2765 2765 2773 2773 2773 2774 2774 2774 2766 2766 2766 2773 2773 2773 2766 2766 2766 2763 2763 2763 2775 2775 2775 594 594 594 2769 2769 2769 2764 2764 2764 2772 2772 2772 2765 2765 2765 2770 2770 2770 2773 2773 2773 2763 2763 2763 2766 2766 2766 2774 2774 2774 2768 2768 2768 2776 2776 2776 2775 2775 2775 2769 2769 2769 2775 2775 2775 2771 2771 2771 594 594 594 2774 2774 2774 2777 2777 2777 2768 2768 2768 2777 2777 2777 2778 2778 2778 2768 2768 2768 2768 2768 2768 2778 2778 2778 2769 2769 2769 2778 2778 2778 2776 2776 2776 2769 2769 2769 2779 2779 2779 2757 2757 2757 2767 2767 2767 2776 2776 2776 2780 2780 2780 2775 2775 2775 2780 2780 2780 2771 2771 2771 2775 2775 2775 2781 2781 2781 2764 2764 2764 2757 2757 2757 2764 2764 2764 2782 2782 2782 2772 2772 2772 2779 2779 2779 2781 2781 2781 2757 2757 2757 2781 2781 2781 2782 2782 2782 2764 2764 2764 2772 2772 2772 2783 2783 2783 2770 2770 2770 2780 2780 2780 595 595 595 2771 2771 2771 2784 2784 2784 2780 2780 2780 2776 2776 2776 2782 2782 2782 2783 2783 2783 2772 2772 2772 2783 2783 2783 2785 2785 2785 2770 2770 2770 2785 2785 2785 2773 2773 2773 2770 2770 2770 2785 2785 2785 2786 2786 2786 2773 2773 2773 2786 2786 2786 2774 2774 2774 2773 2773 2773 2786 2786 2786 2777 2777 2777 2774 2774 2774 2778 2778 2778 2784 2784 2784 2776 2776 2776 2787 2787 2787 2782 2782 2782 2781 2781 2781 2782 2782 2782 2788 2788 2788 2783 2783 2783 2788 2788 2788 2789 2789 2789 2783 2783 2783 2789 2789 2789 2785 2785 2785 2783 2783 2783 2790 2790 2790 2781 2781 2781 2779 2779 2779 2784 2784 2784 2791 2791 2791 2780 2780 2780 2791 2791 2791 595 595 595 2780 2780 2780 2791 2791 2791 2792 2792 2792 595 595 595 2789 2789 2789 2793 2793 2793 2785 2785 2785 2785 2785 2785 2793 2793 2793 2786 2786 2786 2788 2788 2788 2794 2794 2794 2789 2789 2789 2777 2777 2777 2795 2795 2795 2778 2778 2778 2778 2778 2778 2796 2796 2796 2784 2784 2784 2784 2784 2784 2797 2797 2797 2791 2791 2791 2790 2790 2790 2787 2787 2787 2781 2781 2781 2795 2795 2795 2796 2796 2796 2778 2778 2778 2796 2796 2796 2797 2797 2797 2784 2784 2784 2791 2791 2791 597 597 597 2792 2792 2792 2794 2794 2794 2793 2793 2793 2789 2789 2789 2793 2793 2793 2777 2777 2777 2786 2786 2786 2798 2798 2798 2796 2796 2796 2795 2795 2795 2787 2787 2787 2799 2799 2799 2782 2782 2782 2799 2799 2799 2788 2788 2788 2782 2782 2782 2800 2800 2800 2798 2798 2798 2795 2795 2795 2800 2800 2800 2795 2795 2795 2777 2777 2777 2796 2796 2796 2801 2801 2801 2797 2797 2797 2797 2797 2797 598 598 598 2791 2791 2791 598 598 598 597 597 597 2791 2791 2791 2799 2799 2799 2794 2794 2794 2788 2788 2788 2794 2794 2794 2800 2800 2800 2793 2793 2793 2800 2800 2800 2777 2777 2777 2793 2793 2793 2799 2799 2799 2802 2802 2802 2794 2794 2794 2803 2803 2803 2800 2800 2800 2794 2794 2794 2790 2790 2790 2804 2804 2804 2787 2787 2787 2804 2804 2804 2799 2799 2799 2787 2787 2787 2802 2802 2802 2803 2803 2803 2794 2794 2794 2805 2805 2805 2797 2797 2797 2801 2801 2801 2806 2806 2806 2807 2807 2807 2800 2800 2800 2807 2807 2807 2798 2798 2798 2800 2800 2800 2805 2805 2805 598 598 598 2797 2797 2797 2799 2799 2799 2808 2808 2808 2802 2802 2802 2807 2807 2807 2809 2809 2809 2798 2798 2798 2809 2809 2809 2796 2796 2796 2798 2798 2798 2796 2796 2796 2805 2805 2805 2801 2801 2801 2804 2804 2804 2810 2810 2810 2799 2799 2799 2810 2810 2810 2808 2808 2808 2799 2799 2799 2803 2803 2803 2806 2806 2806 2800 2800 2800 2809 2809 2809 2811 2811 2811 2796 2796 2796 2811 2811 2811 2805 2805 2805 2796 2796 2796 2808 2808 2808 2812 2812 2812 2802 2802 2802 2812 2812 2812 2803 2803 2803 2802 2802 2802 2805 2805 2805 2813 2813 2813 598 598 598 2813 2813 2813 600 600 600 598 598 598 2814 2814 2814 2807 2807 2807 2806 2806 2806 2815 2815 2815 2816 2816 2816 2790 2790 2790 2790 2790 2790 2816 2816 2816 2804 2804 2804 2816 2816 2816 2810 2810 2810 2804 2804 2804 2807 2807 2807 2817 2817 2817 2809 2809 2809 2811 2811 2811 2813 2813 2813 2805 2805 2805 2814 2814 2814 2817 2817 2817 2807 2807 2807 2817 2817 2817 2818 2818 2818 2809 2809 2809 2818 2818 2818 2811 2811 2811 2809 2809 2809 601 601 601 600 600 600 2813 2813 2813 2810 2810 2810 2812 2812 2812 2808 2808 2808 2819 2819 2819 2803 2803 2803 2812 2812 2812 2819 2819 2819 2820 2820 2820 2803 2803 2803 2820 2820 2820 2806 2806 2806 2803 2803 2803 2806 2806 2806 2820 2820 2820 2814 2814 2814 2815 2815 2815 2821 2821 2821 2816 2816 2816 2821 2821 2821 2822 2822 2822 2816 2816 2816 2822 2822 2822 2810 2810 2810 2816 2816 2816 2818 2818 2818 2823 2823 2823 2811 2811 2811 2823 2823 2823 601 601 601 2813 2813 2813 2823 2823 2823 2813 2813 2813 2811 2811 2811 2824 2824 2824 2823 2823 2823 2818 2818 2818 2820 2820 2820 2825 2825 2825 2814 2814 2814 2825 2825 2825 2817 2817 2817 2814 2814 2814 2817 2817 2817 2826 2826 2826 2818 2818 2818 2826 2826 2826 2824 2824 2824 2818 2818 2818 2824 2824 2824 2827 2827 2827 2823 2823 2823 2825 2825 2825 2826 2826 2826 2817 2817 2817 2828 2828 2828 2821 2821 2821 2815 2815 2815 2810 2810 2810 2829 2829 2829 2812 2812 2812 2829 2829 2829 2819 2819 2819 2812 2812 2812 2827 2827 2827 601 601 601 2823 2823 2823 2822 2822 2822 2830 2830 2830 2810 2810 2810 2830 2830 2830 2829 2829 2829 2810 2810 2810 2829 2829 2829 2831 2831 2831 2819 2819 2819 2819 2819 2819 2831 2831 2831 2820 2820 2820 2825 2825 2825 2832 2832 2832 2826 2826 2826 2827 2827 2827 602 602 602 601 601 601 2831 2831 2831 2832 2832 2832 2820 2820 2820 2820 2820 2820 2832 2832 2832 2825 2825 2825 2826 2826 2826 2833 2833 2833 2824 2824 2824 2833 2833 2833 2827 2827 2827 2824 2824 2824 2821 2821 2821 2834 2834 2834 2822 2822 2822 2834 2834 2834 2830 2830 2830 2822 2822 2822 2835 2835 2835 2831 2831 2831 2829 2829 2829 2831 2831 2831 2835 2835 2835 2832 2832 2832 2832 2832 2832 2833 2833 2833 2826 2826 2826 2828 2828 2828 2836 2836 2836 2821 2821 2821 2836 2836 2836 2834 2834 2834 2821 2821 2821 2833 2833 2833 606 606 606 2827 2827 2827 606 606 606 602 602 602 2827 2827 2827 606 606 606 604 604 604 602 602 602 2834 2834 2834 2837 2837 2837 2830 2830 2830 2837 2837 2837 2829 2829 2829 2830 2830 2830 2837 2837 2837 2835 2835 2835 2829 2829 2829 2835 2835 2835 2838 2838 2838 2832 2832 2832 2838 2838 2838 2833 2833 2833 2832 2832 2832 2833 2833 2833 2839 2839 2839 606 606 606 2840 2840 2840 2836 2836 2836 2828 2828 2828 2837 2837 2837 2841 2841 2841 2835 2835 2835 2842 2842 2842 607 607 607 606 606 606 2653 2653 2653 2656 2656 2656 2654 2654 2654 2841 2841 2841 2838 2838 2838 2835 2835 2835 2839 2839 2839 2842 2842 2842 606 606 606 2838 2838 2838 2843 2843 2843 2833 2833 2833 2843 2843 2843 2844 2844 2844 2833 2833 2833 2833 2833 2833 2844 2844 2844 2839 2839 2839 2845 2845 2845 2846 2846 2846 607 607 607 2845 2845 2845 607 607 607 2842 2842 2842 2841 2841 2841 2847 2847 2847 2838 2838 2838 2834 2834 2834 2848 2848 2848 2837 2837 2837 2844 2844 2844 2845 2845 2845 2839 2839 2839 2845 2845 2845 2842 2842 2842 2839 2839 2839 2840 2840 2840 2849 2849 2849 2836 2836 2836 2849 2849 2849 2834 2834 2834 2836 2836 2836 2837 2837 2837 2848 2848 2848 2841 2841 2841 2848 2848 2848 2847 2847 2847 2841 2841 2841 2847 2847 2847 2850 2850 2850 2838 2838 2838 2850 2850 2850 2843 2843 2843 2838 2838 2838 2850 2850 2850 2844 2844 2844 2843 2843 2843 2848 2848 2848 2851 2851 2851 2847 2847 2847 2852 2852 2852 2844 2844 2844 2850 2850 2850 2844 2844 2844 2852 2852 2852 2845 2845 2845 2845 2845 2845 608 608 608 2846 2846 2846 2853 2853 2853 2849 2849 2849 2840 2840 2840 2849 2849 2849 2854 2854 2854 2834 2834 2834 2854 2854 2854 2855 2855 2855 2848 2848 2848 2854 2854 2854 2848 2848 2848 2834 2834 2834 2848 2848 2848 2855 2855 2855 2851 2851 2851 2855 2855 2855 2856 2856 2856 2851 2851 2851 2851 2851 2851 2856 2856 2856 2847 2847 2847 2856 2856 2856 2857 2857 2857 2847 2847 2847 2847 2847 2847 2857 2857 2857 2850 2850 2850 2850 2850 2850 2857 2857 2857 2852 2852 2852 2857 2857 2857 2858 2858 2858 2852 2852 2852 2858 2858 2858 2845 2845 2845 2852 2852 2852 2858 2858 2858 2859 2859 2859 2845 2845 2845 2859 2859 2859 2860 2860 2860 2845 2845 2845 2860 2860 2860 608 608 608 2845 2845 2845 2854 2854 2854 2861 2861 2861 2855 2855 2855 2861 2861 2861 2862 2862 2862 2855 2855 2855 2855 2855 2855 2862 2862 2862 2856 2856 2856 2856 2856 2856 2862 2862 2862 2857 2857 2857 2862 2862 2862 2863 2863 2863 2857 2857 2857 2863 2863 2863 2858 2858 2858 2857 2857 2857 2863 2863 2863 2864 2864 2864 2858 2858 2858 2864 2864 2864 2859 2859 2859 2858 2858 2858 2864 2864 2864 2860 2860 2860 2859 2859 2859 2860 2860 2860 2865 2865 2865 608 608 608 2865 2865 2865 2866 2866 2866 608 608 608 608 608 608 2866 2866 2866 609 609 609 2655 2655 2655 2657 2657 2657 2628 2628 2628 2867 2867 2867 2657 2657 2657 2655 2655 2655 2853 2853 2853 2868 2868 2868 2849 2849 2849 2868 2868 2868 2854 2854 2854 2849 2849 2849 2854 2854 2854 2869 2869 2869 2861 2861 2861 2861 2861 2861 2869 2869 2869 2862 2862 2862 2869 2869 2869 2870 2870 2870 2862 2862 2862 2870 2870 2870 2871 2871 2871 2862 2862 2862 2871 2871 2871 2863 2863 2863 2862 2862 2862 2871 2871 2871 2872 2872 2872 2863 2863 2863 2872 2872 2872 2873 2873 2873 2863 2863 2863 2863 2863 2863 2873 2873 2873 2864 2864 2864 2873 2873 2873 2874 2874 2874 2864 2864 2864 2874 2874 2874 2860 2860 2860 2864 2864 2864 2868 2868 2868 2875 2875 2875 2854 2854 2854 2854 2854 2854 2875 2875 2875 2869 2869 2869 2876 2876 2876 2595 2595 2595 2594 2594 2594 2877 2877 2877 2601 2601 2601 2600 2600 2600 2658 2658 2658 2659 2659 2659 2610 2610 2610 2610 2610 2610 2659 2659 2659 2604 2604 2604 2878 2878 2878 2646 2646 2646 2635 2635 2635 2879 2879 2879 574 574 574 622 622 622 574 574 574 576 576 576 622 622 622 2878 2878 2878 2880 2880 2880 2646 2646 2646 2881 2881 2881 2882 2882 2882 2883 2883 2883 2881 2881 2881 2883 2883 2883 2884 2884 2884 2683 2683 2683 2673 2673 2673 2671 2671 2671 2683 2683 2683 2885 2885 2885 2673 2673 2673 2885 2885 2885 2685 2685 2685 2673 2673 2673 2686 2686 2686 2683 2683 2683 2682 2682 2682 2686 2686 2686 2885 2885 2885 2683 2683 2683 2885 2885 2885 2886 2886 2886 2685 2685 2685 2686 2686 2686 2887 2887 2887 2885 2885 2885 2887 2887 2887 2886 2886 2886 2885 2885 2885 2883 2883 2883 2882 2882 2882 2888 2888 2888 2889 2889 2889 2686 2686 2686 2692 2692 2692 2889 2889 2889 2887 2887 2887 2686 2686 2686 2882 2882 2882 2890 2890 2890 2888 2888 2888 2887 2887 2887 2891 2891 2891 2886 2886 2886 2892 2892 2892 2891 2891 2891 2887 2887 2887 2889 2889 2889 2892 2892 2892 2887 2887 2887 2700 2700 2700 2889 2889 2889 2692 2692 2692 2890 2890 2890 2893 2893 2893 2894 2894 2894 2890 2890 2890 2894 2894 2894 2888 2888 2888 2892 2892 2892 2895 2895 2895 2891 2891 2891 2700 2700 2700 2709 2709 2709 2889 2889 2889 2709 2709 2709 2896 2896 2896 2889 2889 2889 2896 2896 2896 2892 2892 2892 2889 2889 2889 2709 2709 2709 2897 2897 2897 2896 2896 2896 2897 2897 2897 2892 2892 2892 2896 2896 2896 2893 2893 2893 2898 2898 2898 2894 2894 2894 2894 2894 2894 2898 2898 2898 2899 2899 2899 2719 2719 2719 2897 2897 2897 2709 2709 2709 2900 2900 2900 2901 2901 2901 2892 2892 2892 2892 2892 2892 2901 2901 2901 2895 2895 2895 2719 2719 2719 2902 2902 2902 2897 2897 2897 2897 2897 2897 2903 2903 2903 2892 2892 2892 2903 2903 2903 2900 2900 2900 2892 2892 2892 2902 2902 2902 2903 2903 2903 2897 2897 2897 2902 2902 2902 2904 2904 2904 2903 2903 2903 2904 2904 2904 2905 2905 2905 2900 2900 2900 2904 2904 2904 2900 2900 2900 2903 2903 2903 2898 2898 2898 2906 2906 2906 2899 2899 2899 2900 2900 2900 2907 2907 2907 2901 2901 2901 2908 2908 2908 2905 2905 2905 2904 2904 2904 2906 2906 2906 2909 2909 2909 2899 2899 2899 2732 2732 2732 2902 2902 2902 2719 2719 2719 2906 2906 2906 2910 2910 2910 2909 2909 2909 2902 2902 2902 2908 2908 2908 2904 2904 2904 2905 2905 2905 2907 2907 2907 2900 2900 2900 2732 2732 2732 2747 2747 2747 2902 2902 2902 2747 2747 2747 2908 2908 2908 2902 2902 2902 2747 2747 2747 2911 2911 2911 2908 2908 2908 2911 2911 2911 2912 2912 2912 2908 2908 2908 2908 2908 2908 2912 2912 2912 2905 2905 2905 2910 2910 2910 2913 2913 2913 2909 2909 2909 2751 2751 2751 2911 2911 2911 2747 2747 2747 2914 2914 2914 2905 2905 2905 2912 2912 2912 2914 2914 2914 2907 2907 2907 2905 2905 2905 2909 2909 2909 2913 2913 2913 2915 2915 2915 2911 2911 2911 2914 2914 2914 2912 2912 2912 2751 2751 2751 596 596 596 2911 2911 2911 2914 2914 2914 2916 2916 2916 2907 2907 2907 596 596 596 2917 2917 2917 2911 2911 2911 2911 2911 2911 2917 2917 2917 2914 2914 2914 2913 2913 2913 2918 2918 2918 2915 2915 2915 2919 2919 2919 2917 2917 2917 596 596 596 2917 2917 2917 2916 2916 2916 2914 2914 2914 2915 2915 2915 2918 2918 2918 2920 2920 2920 595 595 595 2919 2919 2919 596 596 596 2921 2921 2921 2916 2916 2916 2917 2917 2917 2919 2919 2919 2921 2921 2921 2917 2917 2917 595 595 595 2922 2922 2922 2919 2919 2919 2918 2918 2918 2923 2923 2923 2920 2920 2920 2919 2919 2919 2924 2924 2924 2921 2921 2921 2920 2920 2920 2923 2923 2923 2925 2925 2925 2922 2922 2922 2924 2924 2924 2919 2919 2919 2924 2924 2924 2926 2926 2926 2921 2921 2921 2926 2926 2926 2916 2916 2916 2921 2921 2921 595 595 595 2792 2792 2792 2922 2922 2922 597 597 597 2924 2924 2924 2922 2922 2922 2792 2792 2792 597 597 597 2922 2922 2922 2926 2926 2926 2927 2927 2927 2916 2916 2916 2925 2925 2925 2923 2923 2923 2928 2928 2928 2923 2923 2923 2929 2929 2929 2928 2928 2928 599 599 599 2930 2930 2930 2924 2924 2924 599 599 599 2924 2924 2924 597 597 597 2930 2930 2930 2926 2926 2926 2924 2924 2924 2926 2926 2926 2931 2931 2931 2927 2927 2927 2932 2932 2932 2930 2930 2930 599 599 599 2930 2930 2930 2933 2933 2933 2926 2926 2926 2933 2933 2933 2931 2931 2931 2926 2926 2926 2929 2929 2929 2934 2934 2934 2928 2928 2928 2932 2932 2932 2933 2933 2933 2930 2930 2930 600 600 600 2932 2932 2932 599 599 599 2935 2935 2935 2931 2931 2931 2933 2933 2933 600 600 600 2933 2933 2933 2932 2932 2932 600 600 600 2935 2935 2935 2933 2933 2933 2928 2928 2928 2934 2934 2934 2936 2936 2936 603 603 603 600 600 600 601 601 601 603 603 603 2937 2937 2937 600 600 600 600 600 600 2937 2937 2937 2935 2935 2935 2937 2937 2937 2938 2938 2938 2935 2935 2935 2938 2938 2938 2931 2931 2931 2935 2935 2935 2934 2934 2934 2939 2939 2939 2936 2936 2936 604 604 604 2937 2937 2937 603 603 603 2938 2938 2938 2940 2940 2940 2931 2931 2931 607 607 607 2937 2937 2937 604 604 604 607 607 607 2846 2846 2846 2937 2937 2937 2846 2846 2846 2938 2938 2938 2937 2937 2937 2846 2846 2846 2941 2941 2941 2938 2938 2938 2941 2941 2941 2940 2940 2940 2938 2938 2938 2941 2941 2941 2942 2942 2942 2940 2940 2940 608 608 608 610 610 610 2846 2846 2846 2846 2846 2846 610 610 610 2941 2941 2941 2656 2656 2656 2943 2943 2943 2655 2655 2655 610 610 610 2942 2942 2942 2941 2941 2941 2944 2944 2944 2945 2945 2945 2946 2946 2946 2947 2947 2947 2948 2948 2948 2949 2949 2949 2948 2948 2948 2950 2950 2950 2949 2949 2949 2951 2951 2951 2950 2950 2950 2948 2948 2948 613 613 613 2952 2952 2952 2953 2953 2953 613 613 613 2953 2953 2953 611 611 611 2952 2952 2952 2954 2954 2954 2953 2953 2953 2952 2952 2952 2955 2955 2955 2954 2954 2954 2955 2955 2955 2956 2956 2956 2954 2954 2954 2954 2954 2954 2956 2956 2956 2957 2957 2957 2956 2956 2956 2958 2958 2958 2957 2957 2957 2958 2958 2958 2959 2959 2959 2960 2960 2960 2958 2958 2958 2960 2960 2960 2957 2957 2957 2959 2959 2959 2961 2961 2961 2960 2960 2960 2960 2960 2960 2961 2961 2961 2962 2962 2962 2961 2961 2961 2963 2963 2963 2962 2962 2962 2962 2962 2962 2963 2963 2963 2964 2964 2964 2963 2963 2963 2965 2965 2965 2964 2964 2964 2965 2965 2965 2966 2966 2966 2964 2964 2964 2965 2965 2965 2967 2967 2967 2968 2968 2968 2965 2965 2965 2968 2968 2968 2966 2966 2966 2969 2969 2969 2657 2657 2657 2867 2867 2867 2950 2950 2950 2970 2970 2970 2949 2949 2949 2970 2970 2970 612 612 612 2949 2949 2949 2657 2657 2657 2971 2971 2971 2642 2642 2642 2971 2971 2971 2643 2643 2643 2642 2642 2642 2601 2601 2601 2972 2972 2972 2602 2602 2602 2972 2972 2972 2973 2973 2973 2602 2602 2602 2602 2602 2602 2973 2973 2973 2632 2632 2632 2973 2973 2973 2633 2633 2633 2632 2632 2632 2633 2633 2633 2974 2974 2974 2658 2658 2658 2975 2975 2975 2976 2976 2976 2606 2606 2606 2975 2975 2975 2606 2606 2606 2659 2659 2659 2611 2611 2611 2977 2977 2977 2634 2634 2634 2607 2607 2607 620 620 620 619 619 619 2978 2978 2978 2979 2979 2979 2884 2884 2884 2979 2979 2979 2881 2881 2881 2884 2884 2884 2910 2910 2910 2980 2980 2980 2913 2913 2913 2913 2913 2913 2981 2981 2981 2918 2918 2918 2918 2918 2918 2929 2929 2929 2923 2923 2923 2929 2929 2929 2982 2982 2982 2934 2934 2934 2982 2982 2982 2939 2939 2939 2934 2934 2934 2982 2982 2982 2983 2983 2983 2939 2939 2939 2939 2939 2939 2983 2983 2983 2984 2984 2984 2985 2985 2985 2946 2946 2946 2984 2984 2984 614 614 614 2986 2986 2986 613 613 613 2986 2986 2986 2952 2952 2952 613 613 613 2986 2986 2986 2987 2987 2987 2952 2952 2952 2987 2987 2987 2955 2955 2955 2952 2952 2952 2956 2956 2956 2988 2988 2988 2958 2958 2958 2988 2988 2988 2959 2959 2959 2958 2958 2958 2989 2989 2989 2963 2963 2963 2961 2961 2961 2989 2989 2989 2990 2990 2990 2965 2965 2965 2989 2989 2989 2965 2965 2965 2963 2963 2963 2990 2990 2990 2991 2991 2991 2965 2965 2965 2965 2965 2965 2991 2991 2991 2967 2967 2967 2992 2992 2992 2993 2993 2993 2657 2657 2657 2992 2992 2992 2657 2657 2657 2969 2969 2969 2970 2970 2970 614 614 614 612 612 612 2993 2993 2993 2971 2971 2971 2657 2657 2657 2971 2971 2971 2994 2994 2994 2643 2643 2643 2644 2644 2644 2876 2876 2876 2594 2594 2594 2876 2876 2876 2995 2995 2995 2595 2595 2595 2995 2995 2995 2608 2608 2608 2595 2595 2595 2645 2645 2645 2996 2996 2996 2609 2609 2609 2997 2997 2997 2877 2877 2877 2600 2600 2600 2998 2998 2998 2979 2979 2979 2978 2978 2978 2999 2999 2999 2880 2880 2880 2878 2878 2878 2979 2979 2979 3000 3000 3000 2881 2881 2881 3000 3000 3000 2882 2882 2882 2881 2881 2881 2906 2906 2906 3001 3001 3001 2910 2910 2910 3001 3001 3001 2980 2980 2980 2910 2910 2910 2981 2981 2981 3002 3002 3002 2918 2918 2918 3002 3002 3002 3003 3003 3003 2918 2918 2918 3003 3003 3003 2929 2929 2929 2918 2918 2918 3003 3003 3003 3004 3004 3004 2929 2929 2929 3004 3004 3004 3005 3005 3005 2929 2929 2929 3005 3005 3005 2982 2982 2982 2929 2929 2929 2983 2983 2983 3006 3006 3006 2984 2984 2984 3006 3006 3006 2985 2985 2985 2984 2984 2984 2985 2985 2985 2944 2944 2944 2946 2946 2946 704 704 704 3007 3007 3007 614 614 614 614 614 614 3007 3007 3007 2986 2986 2986 3007 3007 3007 3008 3008 3008 2986 2986 2986 2987 2987 2987 3009 3009 3009 2955 2955 2955 3009 3009 3009 2956 2956 2956 2955 2955 2955 2959 2959 2959 3010 3010 3010 2961 2961 2961 3010 3010 3010 2989 2989 2989 2961 2961 2961 2989 2989 2989 3011 3011 3011 2990 2990 2990 3011 3011 3011 658 658 658 2990 2990 2990 658 658 658 657 657 657 2990 2990 2990 2990 2990 2990 657 657 657 2991 2991 2991 3012 3012 3012 2993 2993 2993 2992 2992 2992 2970 2970 2970 704 704 704 614 614 614 2609 2609 2609 2997 2997 2997 2600 2600 2600 2658 2658 2658 3013 3013 3013 2659 2659 2659 3013 3013 3013 2975 2975 2975 2659 2659 2659 2976 2976 2976 2611 2611 2611 2606 2606 2606 3014 3014 3014 2906 2906 2906 2898 2898 2898 3015 3015 3015 2981 2981 2981 2913 2913 2913 3005 3005 3005 3016 3016 3016 2982 2982 2982 3016 3016 3016 3017 3017 3017 2982 2982 2982 3017 3017 3017 2983 2983 2983 2982 2982 2982 3006 3006 3006 3018 3018 3018 2985 2985 2985 3008 3008 3008 3019 3019 3019 2986 2986 2986 2986 2986 2986 3019 3019 3019 2987 2987 2987 3019 3019 3019 3009 3009 3009 2987 2987 2987 3009 3009 3009 3020 3020 3020 2956 2956 2956 3020 3020 3020 2988 2988 2988 2956 2956 2956 3020 3020 3020 3021 3021 3021 2988 2988 2988 3021 3021 3021 2959 2959 2959 2988 2988 2988 3021 3021 3021 3010 3010 3010 2959 2959 2959 3010 3010 3010 3011 3011 3011 2989 2989 2989 3022 3022 3022 3023 3023 3023 2950 2950 2950 3022 3022 3022 2950 2950 2950 2951 2951 2951 3023 3023 3023 705 705 705 2950 2950 2950 2950 2950 2950 705 705 705 2970 2970 2970 705 705 705 704 704 704 2970 2970 2970 2994 2994 2994 3024 3024 3024 2643 2643 2643 2974 2974 2974 3025 3025 3025 2658 2658 2658 3026 3026 3026 2890 2890 2890 2882 2882 2882 3026 3026 3026 3027 3027 3027 2890 2890 2890 3027 3027 3027 2893 2893 2893 2890 2890 2890 3027 3027 3027 3028 3028 3028 2893 2893 2893 3028 3028 3028 2898 2898 2898 2893 2893 2893 3028 3028 3028 3014 3014 3014 2898 2898 2898 3014 3014 3014 3001 3001 3001 2906 2906 2906 3029 3029 3029 3015 3015 3015 2913 2913 2913 3004 3004 3004 3030 3030 3030 3005 3005 3005 3017 3017 3017 3031 3031 3031 2983 2983 2983 2983 2983 2983 3031 3031 3031 3006 3006 3006 3031 3031 3031 3018 3018 3018 3006 3006 3006 3018 3018 3018 3032 3032 3032 2985 2985 2985 706 706 706 3007 3007 3007 704 704 704 3009 3009 3009 3033 3033 3033 3020 3020 3020 3020 3020 3020 3034 3034 3034 3021 3021 3021 3035 3035 3035 3036 3036 3036 2876 2876 2876 3035 3035 3035 2876 2876 2876 2644 2644 2644 2995 2995 2995 2645 2645 2645 2608 2608 2608 2877 2877 2877 2972 2972 2972 2601 2601 2601 3037 3037 3037 2974 2974 2974 2633 2633 2633 3025 3025 3025 3013 3013 3013 2658 2658 2658 2976 2976 2976 3038 3038 3038 2611 2611 2611 3039 3039 3039 2977 2977 2977 2611 2611 2611 3040 3040 3040 2635 2635 2635 2660 2660 2660 3000 3000 3000 3026 3026 3026 2882 2882 2882 3041 3041 3041 2981 2981 2981 3015 3015 3015 3042 3042 3042 3003 3003 3003 3002 3002 3002 3008 3008 3008 3043 3043 3043 3019 3019 3019 3043 3043 3043 3044 3044 3044 3019 3019 3019 3019 3019 3019 3044 3044 3044 3009 3009 3009 3044 3044 3044 3033 3033 3033 3009 3009 3009 3033 3033 3033 3034 3034 3034 3020 3020 3020 3010 3010 3010 702 702 702 3011 3011 3011 3011 3011 3011 702 702 702 658 658 658 3023 3023 3023 707 707 707 705 705 705 3045 3045 3045 2971 2971 2971 2993 2993 2993 3046 3046 3046 2996 2996 2996 2645 2645 2645 2973 2973 2973 3037 3037 3037 2633 2633 2633 3038 3038 3038 3039 3039 3039 2611 2611 2611 3039 3039 3039 3047 3047 3047 2977 2977 2977 2977 2977 2977 3048 3048 3048 2634 2634 2634 3049 3049 3049 2592 2592 2592 3050 3050 3050 3051 3051 3051 3000 3000 3000 2979 2979 2979 3051 3051 3051 2979 2979 2979 2998 2998 2998 3052 3052 3052 3053 3053 3053 3027 3027 3027 3052 3052 3052 3027 3027 3027 3026 3026 3026 3053 3053 3053 3028 3028 3028 3027 3027 3027 3014 3014 3014 3054 3054 3054 3001 3001 3001 3054 3054 3054 3055 3055 3055 3001 3001 3001 3001 3001 3001 3055 3055 3055 2980 2980 2980 3055 3055 3055 3029 3029 3029 2913 2913 2913 3055 3055 3055 2913 2913 2913 2980 2980 2980 3041 3041 3041 3056 3056 3056 2981 2981 2981 3056 3056 3056 3002 3002 3002 2981 2981 2981 3056 3056 3056 3042 3042 3042 3002 3002 3002 3042 3042 3042 3004 3004 3004 3003 3003 3003 3030 3030 3030 3016 3016 3016 3005 3005 3005 816 816 816 3017 3017 3017 3016 3016 3016 3057 3057 3057 3031 3031 3031 3017 3017 3017 3058 3058 3058 3059 3059 3059 3012 3012 3012 706 706 706 3008 3008 3008 3007 3007 3007 3044 3044 3044 3060 3060 3060 3033 3033 3033 3059 3059 3059 2993 2993 2993 3012 3012 3012 3045 3045 3045 3061 3061 3061 2971 2971 2971 3061 3061 3061 2994 2994 2994 2971 2971 2971 3062 3062 3062 3035 3035 3035 2644 2644 2644 3062 3062 3062 2644 2644 2644 2631 2631 2631 2995 2995 2995 3046 3046 3046 2645 2645 2645 3063 3063 3063 2972 2972 2972 2877 2877 2877 3037 3037 3037 3025 3025 3025 2974 2974 2974 3064 3064 3064 2976 2976 2976 2975 2975 2975 3000 3000 3000 3052 3052 3052 3026 3026 3026 3053 3053 3053 3065 3065 3065 3028 3028 3028 3028 3028 3028 3066 3066 3066 3014 3014 3014 3066 3066 3066 3054 3054 3054 3014 3014 3014 3067 3067 3067 3015 3015 3015 3029 3029 3029 3068 3068 3068 3041 3041 3041 3015 3015 3015 3069 3069 3069 3004 3004 3004 3042 3042 3042 816 816 816 3057 3057 3057 3017 3017 3017 706 706 706 3070 3070 3070 3008 3008 3008 3008 3008 3008 3070 3070 3070 3043 3043 3043 3043 3043 3043 3070 3070 3070 3044 3044 3044 3070 3070 3070 3060 3060 3060 3044 3044 3044 3060 3060 3060 3071 3071 3071 3033 3033 3033 3033 3033 3033 3071 3071 3071 3034 3034 3034 3034 3034 3034 3071 3071 3071 3021 3021 3021 3010 3010 3010 3072 3072 3072 702 702 702 3073 3073 3073 3074 3074 3074 3023 3023 3023 3073 3073 3073 3023 3023 3023 3022 3022 3022 3074 3074 3074 707 707 707 3023 3023 3023 2996 2996 2996 2997 2997 2997 2609 2609 2609 3075 3075 3075 2977 2977 2977 3047 3047 3047 3076 3076 3076 620 620 620 2607 2607 2607 3077 3077 3077 3078 3078 3078 2599 2599 2599 3065 3065 3065 3079 3079 3079 3028 3028 3028 3079 3079 3079 3066 3066 3066 3028 3028 3028 3055 3055 3055 3067 3067 3067 3029 3029 3029 3067 3067 3067 3068 3068 3068 3015 3015 3015 3069 3069 3069 3080 3080 3080 3004 3004 3004 3004 3004 3004 3080 3080 3080 3030 3030 3030 3080 3080 3080 3081 3081 3081 3030 3030 3030 3081 3081 3081 3016 3016 3016 3030 3030 3030 3072 3072 3072 703 703 703 702 702 702 3071 3071 3071 3082 3082 3082 3021 3021 3021 3021 3021 3021 3083 3083 3083 3010 3010 3010 3083 3083 3083 3072 3072 3072 3010 3010 3010 3025 3025 3025 3084 3084 3084 3013 3013 3013 3084 3084 3084 2975 2975 2975 3013 3013 3013 3039 3039 3039 3075 3075 3075 3047 3047 3047 3075 3075 3075 3048 3048 3048 2977 2977 2977 3040 3040 3040 3085 3085 3085 2635 2635 2635 3085 3085 3085 2878 2878 2878 2635 2635 2635 3086 3086 3086 3067 3067 3067 3055 3055 3055 3087 3087 3087 3088 3088 3088 706 706 706 3088 3088 3088 3070 3070 3070 706 706 706 3088 3088 3088 3089 3089 3089 3070 3070 3070 3089 3089 3089 3090 3090 3090 3070 3070 3070 3090 3090 3090 3091 3091 3091 3070 3070 3070 3091 3091 3091 3060 3060 3060 3070 3070 3070 3091 3091 3091 3092 3092 3092 3060 3060 3060 3060 3060 3060 3093 3093 3093 3071 3071 3071 3093 3093 3093 3082 3082 3082 3071 3071 3071 3082 3082 3082 3083 3083 3083 3021 3021 3021 3074 3074 3074 3094 3094 3094 707 707 707 3094 3094 3094 706 706 706 707 707 707 3036 3036 3036 3046 3046 3046 2876 2876 2876 2876 2876 2876 3046 3046 3046 2995 2995 2995 3095 3095 3095 2996 2996 2996 3046 3046 3046 2997 2997 2997 3063 3063 3063 2877 2877 2877 2878 2878 2878 3096 3096 3096 2999 2999 2999 3051 3051 3051 3097 3097 3097 3000 3000 3000 3097 3097 3097 3052 3052 3052 3000 3000 3000 3098 3098 3098 3056 3056 3056 3041 3041 3041 3018 3018 3018 3099 3099 3099 3032 3032 3032 3099 3099 3099 3100 3100 3100 2985 2985 2985 3099 3099 3099 2985 2985 2985 3032 3032 3032 3072 3072 3072 3101 3101 3101 703 703 703 3101 3101 3101 656 656 656 703 703 703 3092 3092 3092 3093 3093 3093 3060 3060 3060 3059 3059 3059 3045 3045 3045 2993 2993 2993 3094 3094 3094 3087 3087 3087 706 706 706 3039 3039 3039 3102 3102 3102 3075 3075 3075 621 621 621 3077 3077 3077 2599 2599 2599 3085 3085 3085 3096 3096 3096 2878 2878 2878 3079 3079 3079 3103 3103 3103 3066 3066 3066 3054 3054 3054 3104 3104 3104 3055 3055 3055 3098 3098 3098 3105 3105 3105 3056 3056 3056 3081 3081 3081 817 817 817 3016 3016 3016 3083 3083 3083 3106 3106 3106 3072 3072 3072 3106 3106 3106 3101 3101 3101 3072 3072 3072 3101 3101 3101 3107 3107 3107 656 656 656 3108 3108 3108 3059 3059 3059 3058 3058 3058 3090 3090 3090 3109 3109 3109 3091 3091 3091 3109 3109 3109 3092 3092 3092 3091 3091 3091 3092 3092 3092 3110 3110 3110 3093 3093 3093 3061 3061 3061 3024 3024 3024 2994 2994 2994 3095 3095 3095 2997 2997 2997 2996 2996 2996 2972 2972 2972 3111 3111 3111 2973 2973 2973 3111 3111 3111 3037 3037 3037 2973 2973 2973 3037 3037 3037 3111 3111 3111 3025 3025 3025 3111 3111 3111 3084 3084 3084 3025 3025 3025 2592 2592 2592 3112 3112 3112 2607 2607 2607 3112 3112 3112 3076 3076 3076 2607 2607 2607 3113 3113 3113 3097 3097 3097 3051 3051 3051 3097 3097 3097 3114 3114 3114 3052 3052 3052 3114 3114 3114 3053 3053 3053 3052 3052 3052 3065 3065 3065 3103 3103 3103 3079 3079 3079 3103 3103 3103 3115 3115 3115 3066 3066 3066 3104 3104 3104 3086 3086 3086 3055 3055 3055 3086 3086 3086 3116 3116 3116 3067 3067 3067 3068 3068 3068 3098 3098 3098 3041 3041 3041 817 817 817 816 816 816 3016 3016 3016 854 854 854 3088 3088 3088 3087 3087 3087 3089 3089 3089 3117 3117 3117 3090 3090 3090 3110 3110 3110 3082 3082 3082 3093 3093 3093 3073 3073 3073 3118 3118 3118 3074 3074 3074 3118 3118 3118 3094 3094 3094 3074 3074 3074 3119 3119 3119 3036 3036 3036 3035 3035 3035 3049 3049 3049 3112 3112 3112 2592 2592 2592 3053 3053 3053 3120 3120 3120 3065 3065 3065 3121 3121 3121 3115 3115 3115 3103 3103 3103 3115 3115 3115 3122 3122 3122 3066 3066 3066 3066 3066 3066 3122 3122 3122 3054 3054 3054 3122 3122 3122 3104 3104 3104 3054 3054 3054 3056 3056 3056 3123 3123 3123 3042 3042 3042 3123 3123 3123 3124 3124 3124 3042 3042 3042 3031 3031 3031 3125 3125 3125 3018 3018 3018 3125 3125 3125 3126 3126 3126 3018 3018 3018 3126 3126 3126 3099 3099 3099 3018 3018 3018 3063 3063 3063 3127 3127 3127 2972 2972 2972 3127 3127 3127 3111 3111 3111 2972 2972 2972 3111 3111 3111 3128 3128 3128 3084 3084 3084 3129 3129 3129 3064 3064 3064 2975 2975 2975 3130 3130 3130 3075 3075 3075 3102 3102 3102 3040 3040 3040 3131 3131 3131 3085 3085 3085 3113 3113 3113 3132 3132 3132 3097 3097 3097 3114 3114 3114 3120 3120 3120 3053 3053 3053 3104 3104 3104 3133 3133 3133 3086 3086 3086 3057 3057 3057 3125 3125 3125 3031 3031 3031 3108 3108 3108 3134 3134 3134 3059 3059 3059 3110 3110 3110 3135 3135 3135 3082 3082 3082 3135 3135 3135 974 974 974 3082 3082 3082 3082 3082 3082 974 974 974 3083 3083 3083 3118 3118 3118 855 855 855 3094 3094 3094 855 855 855 854 854 854 3094 3094 3094 3094 3094 3094 854 854 854 3087 3087 3087 3036 3036 3036 3136 3136 3136 3046 3046 3046 3137 3137 3137 3128 3128 3128 3111 3111 3111 3128 3128 3128 3138 3138 3138 3084 3084 3084 3138 3138 3138 3129 3129 3129 3084 3084 3084 3129 3129 3129 2975 2975 2975 3084 3084 3084 3129 3129 3129 3139 3139 3139 3064 3064 3064 3064 3064 3064 3038 3038 3038 2976 2976 2976 3038 3038 3038 3140 3140 3140 3039 3039 3039 3140 3140 3140 3102 3102 3102 3039 3039 3039 3130 3130 3130 3048 3048 3048 3075 3075 3075 620 620 620 3141 3141 3141 621 621 621 621 621 621 3141 3141 3141 3077 3077 3077 3131 3131 3131 3096 3096 3096 3085 3085 3085 3142 3142 3142 3120 3120 3120 3114 3114 3114 3120 3120 3120 3143 3143 3143 3065 3065 3065 3065 3065 3065 3143 3143 3143 3103 3103 3103 3143 3143 3143 3121 3121 3121 3103 3103 3103 3105 3105 3105 3123 3123 3123 3056 3056 3056 3124 3124 3124 3069 3069 3069 3042 3042 3042 3144 3144 3144 3145 3145 3145 3057 3057 3057 3145 3145 3145 3125 3125 3125 3057 3057 3057 3088 3088 3088 3146 3146 3146 3089 3089 3089 3147 3147 3147 3148 3148 3148 3092 3092 3092 3148 3148 3148 3110 3110 3110 3092 3092 3092 3148 3148 3148 3135 3135 3135 3110 3110 3110 3134 3134 3134 3149 3149 3149 3045 3045 3045 3134 3134 3134 3045 3045 3045 3059 3059 3059 3149 3149 3149 3061 3061 3061 3045 3045 3045 3150 3150 3150 3151 3151 3151 3061 3061 3061 3061 3061 3061 3151 3151 3151 3024 3024 3024 3046 3046 3046 3152 3152 3152 3095 3095 3095 3153 3153 3153 3063 3063 3063 2997 2997 2997 3127 3127 3127 3154 3154 3154 3111 3111 3111 3154 3154 3154 3137 3137 3137 3111 3111 3111 3138 3138 3138 3155 3155 3155 3129 3129 3129 3139 3139 3139 3156 3156 3156 3064 3064 3064 3140 3140 3140 3130 3130 3130 3102 3102 3102 3157 3157 3157 3131 3131 3131 3040 3040 3040 3097 3097 3097 3142 3142 3142 3114 3114 3114 3133 3133 3133 3116 3116 3116 3086 3086 3086 3116 3116 3116 3158 3158 3158 3067 3067 3067 3067 3067 3067 3159 3159 3159 3068 3068 3068 3159 3159 3159 3098 3098 3098 3068 3068 3068 3160 3160 3160 3069 3069 3069 3124 3124 3124 815 815 815 3144 3144 3144 816 816 816 816 816 816 3144 3144 3144 3057 3057 3057 856 856 856 3146 3146 3146 3088 3088 3088 856 856 856 3088 3088 3088 854 854 854 3146 3146 3146 3117 3117 3117 3089 3089 3089 3117 3117 3117 3109 3109 3109 3090 3090 3090 3109 3109 3109 3147 3147 3147 3092 3092 3092 3161 3161 3161 3138 3138 3138 3128 3128 3128 3141 3141 3141 3162 3162 3162 3077 3077 3077 3132 3132 3132 3142 3142 3142 3097 3097 3097 3163 3163 3163 3121 3121 3121 3143 3143 3143 974 974 974 3106 3106 3106 3083 3083 3083 3164 3164 3164 974 974 974 3135 3135 3135 3095 3095 3095 3153 3153 3153 2997 2997 2997 3156 3156 3156 3038 3038 3038 3064 3064 3064 3165 3165 3165 3132 3132 3132 3113 3113 3113 3166 3166 3166 3115 3115 3115 3121 3121 3121 3115 3115 3115 3166 3166 3166 3122 3122 3122 3158 3158 3158 3159 3159 3159 3067 3067 3067 3098 3098 3098 3167 3167 3167 3105 3105 3105 3160 3160 3160 3168 3168 3168 3069 3069 3069 3069 3069 3069 3081 3081 3081 3080 3080 3080 3081 3081 3081 3169 3169 3169 817 817 817 3169 3169 3169 815 815 815 817 817 817 3145 3145 3145 3126 3126 3126 3125 3125 3125 3117 3117 3117 3170 3170 3170 3109 3109 3109 3149 3149 3149 3150 3150 3150 3061 3061 3061 3171 3171 3171 3119 3119 3119 3062 3062 3062 3062 3062 3062 3119 3119 3119 3035 3035 3035 3119 3119 3119 3172 3172 3172 3036 3036 3036 3172 3172 3172 3136 3136 3136 3036 3036 3036 3136 3136 3136 3152 3152 3152 3046 3046 3046 3127 3127 3127 3173 3173 3173 3154 3154 3154 3174 3174 3174 3175 3175 3175 3137 3137 3137 3137 3137 3137 3161 3161 3161 3128 3128 3128 3137 3137 3137 3175 3175 3175 3161 3161 3161 3156 3156 3156 3140 3140 3140 3038 3038 3038 3131 3131 3131 3176 3176 3176 3096 3096 3096 3132 3132 3132 3177 3177 3177 3142 3142 3142 3142 3142 3142 3177 3177 3177 3120 3120 3120 3177 3177 3177 3178 3178 3178 3120 3120 3120 3163 3163 3163 3166 3166 3166 3121 3121 3121 3133 3133 3133 3179 3179 3179 3116 3116 3116 3167 3167 3167 3123 3123 3123 3105 3105 3105 3168 3168 3168 3081 3081 3081 3069 3069 3069 974 974 974 973 973 973 3106 3106 3106 973 973 973 3101 3101 3101 3106 3106 3106 3173 3173 3173 3180 3180 3180 3154 3154 3154 3180 3180 3180 3181 3181 3181 3154 3154 3154 3181 3181 3181 3137 3137 3137 3154 3154 3154 3182 3182 3182 3139 3139 3139 3129 3129 3129 3156 3156 3156 3183 3183 3183 3140 3140 3140 3076 3076 3076 3141 3141 3141 620 620 620 3184 3184 3184 3176 3176 3176 3131 3131 3131 3166 3166 3166 3185 3185 3185 3122 3122 3122 3185 3185 3185 3133 3133 3133 3104 3104 3104 3185 3185 3185 3104 3104 3104 3122 3122 3122 3179 3179 3179 3186 3186 3186 3116 3116 3116 3186 3186 3186 3158 3158 3158 3116 3116 3116 3168 3168 3168 3169 3169 3169 3081 3081 3081 3169 3169 3169 3187 3187 3187 815 815 815 815 815 815 3188 3188 3188 3144 3144 3144 3188 3188 3188 3145 3145 3145 3144 3144 3144 856 856 856 3189 3189 3189 3146 3146 3146 3189 3189 3189 3170 3170 3170 3146 3146 3146 3146 3146 3146 3170 3170 3170 3117 3117 3117 3147 3147 3147 3190 3190 3190 3148 3148 3148 3073 3073 3073 3191 3191 3191 3118 3118 3118 3191 3191 3191 855 855 855 3118 3118 3118 3153 3153 3153 3192 3192 3192 3063 3063 3063 3192 3192 3192 3127 3127 3127 3063 3063 3063 3193 3193 3193 3173 3173 3173 3127 3127 3127 3138 3138 3138 3194 3194 3194 3155 3155 3155 3155 3155 3155 3182 3182 3182 3129 3129 3129 3130 3130 3130 3195 3195 3195 3048 3048 3048 3196 3196 3196 3112 3112 3112 3049 3049 3049 3181 3181 3181 3197 3197 3197 3137 3137 3137 3197 3197 3197 3174 3174 3174 3137 3137 3137 3178 3178 3178 3143 3143 3143 3120 3120 3120 3178 3178 3178 3198 3198 3198 3143 3143 3143 3187 3187 3187 3188 3188 3188 815 815 815 3101 3101 3101 3199 3199 3199 3107 3107 3107 3200 3200 3200 3134 3134 3134 3108 3108 3108 3170 3170 3170 3147 3147 3147 3109 3109 3109 3190 3190 3190 3164 3164 3164 3135 3135 3135 3190 3190 3190 3135 3135 3135 3148 3148 3148 3164 3164 3164 3201 3201 3201 974 974 974 3193 3193 3193 3202 3202 3202 3173 3173 3173 3202 3202 3202 3180 3180 3180 3173 3173 3173 3180 3180 3180 906 906 906 3181 3181 3181 3180 3180 3180 907 907 907 906 906 906 906 906 906 3203 3203 3203 3181 3181 3181 3181 3181 3181 3203 3203 3203 3197 3197 3197 3203 3203 3203 911 911 911 3197 3197 3197 3161 3161 3161 3194 3194 3194 3138 3138 3138 3194 3194 3194 3182 3182 3182 3155 3155 3155 3140 3140 3140 3204 3204 3204 3130 3130 3130 3196 3196 3196 3205 3205 3205 3112 3112 3112 911 911 911 3206 3206 3206 3174 3174 3174 911 911 911 3174 3174 3174 3197 3197 3197 3174 3174 3174 3206 3206 3206 3175 3175 3175 3206 3206 3206 3207 3207 3207 3175 3175 3175 3207 3207 3207 3208 3208 3208 3175 3175 3175 3175 3175 3175 3208 3208 3208 3161 3161 3161 3198 3198 3198 3163 3163 3163 3143 3143 3143 3209 3209 3209 3185 3185 3185 3166 3166 3166 3099 3099 3099 3210 3210 3210 3100 3100 3100 3170 3170 3170 3211 3211 3211 3147 3147 3147 3211 3211 3211 3190 3190 3190 3147 3147 3147 3212 3212 3212 3149 3149 3149 3134 3134 3134 3213 3213 3213 3191 3191 3191 3073 3073 3073 3149 3149 3149 3214 3214 3214 3150 3150 3150 3202 3202 3202 3215 3215 3215 3180 3180 3180 3215 3215 3215 909 909 909 3180 3180 3180 909 909 909 907 907 907 3180 3180 3180 908 908 908 3216 3216 3216 906 906 906 906 906 906 3216 3216 3216 3203 3203 3203 3216 3216 3216 903 903 903 3203 3203 3203 903 903 903 911 911 911 3203 3203 3203 3182 3182 3182 3217 3217 3217 3139 3139 3139 3204 3204 3204 3195 3195 3195 3130 3130 3130 911 911 911 910 910 910 3206 3206 3206 910 910 910 913 913 913 3206 3206 3206 913 913 913 3207 3207 3207 3206 3206 3206 3185 3185 3185 3179 3179 3179 3133 3133 3133 3124 3124 3124 3218 3218 3218 3160 3160 3160 3219 3219 3219 3126 3126 3126 3145 3145 3145 3126 3126 3126 3220 3220 3220 3099 3099 3099 3220 3220 3220 3210 3210 3210 3099 3099 3099 3221 3221 3221 3164 3164 3164 3190 3190 3190 3221 3221 3221 3201 3201 3201 3164 3164 3164 933 933 933 893 893 893 892 892 892 930 930 930 932 932 932 900 900 900 932 932 932 3222 3222 3222 900 900 900 3222 3222 3222 3223 3223 3223 901 901 901 3222 3222 3222 901 901 901 900 900 900 3223 3223 3223 3224 3224 3224 901 901 901 904 904 904 3225 3225 3225 905 905 905 3193 3193 3193 3226 3226 3226 3202 3202 3202 3215 3215 3215 3227 3227 3227 909 909 909 3227 3227 3227 3228 3228 3228 909 909 909 909 909 909 3228 3228 3228 908 908 908 3225 3225 3225 912 912 912 905 905 905 3229 3229 3229 3230 3230 3230 3231 3231 3231 3232 3232 3232 912 912 912 3225 3225 3225 3208 3208 3208 3233 3233 3233 3161 3161 3161 3183 3183 3183 3204 3204 3204 3140 3140 3140 3232 3232 3232 3234 3234 3234 913 913 913 913 913 913 3234 3234 3234 3207 3207 3207 3234 3234 3234 3208 3208 3208 3207 3207 3207 3205 3205 3205 3076 3076 3076 3112 3112 3112 3235 3235 3235 3131 3131 3131 3157 3157 3157 3165 3165 3165 3236 3236 3236 3132 3132 3132 3236 3236 3236 3177 3177 3177 3132 3132 3132 3198 3198 3198 3237 3237 3237 3163 3163 3163 3237 3237 3237 3166 3166 3166 3163 3163 3163 3237 3237 3237 3209 3209 3209 3166 3166 3166 3185 3185 3185 3238 3238 3238 3179 3179 3179 3159 3159 3159 3167 3167 3167 3098 3098 3098 3239 3239 3239 3124 3124 3124 3123 3123 3123 3240 3240 3240 3187 3187 3187 3169 3169 3169 3188 3188 3188 3219 3219 3219 3145 3145 3145 3241 3241 3241 3220 3220 3220 3126 3126 3126 973 973 973 3242 3242 3242 3101 3101 3101 3242 3242 3242 3199 3199 3199 3101 3101 3101 3211 3211 3211 3243 3243 3243 3190 3190 3190 3191 3191 3191 3244 3244 3244 855 855 855 3244 3244 3244 891 891 891 855 855 855 3212 3212 3212 3214 3214 3214 3149 3149 3149 957 957 957 928 928 928 927 927 927 931 931 931 963 963 963 932 932 932 935 935 935 965 965 965 933 933 933 963 963 963 967 967 967 3222 3222 3222 963 963 963 3222 3222 3222 932 932 932 967 967 967 3245 3245 3245 3223 3223 3223 967 967 967 3223 3223 3223 3222 3222 3222 3245 3245 3245 3246 3246 3246 3224 3224 3224 3245 3245 3245 3224 3224 3224 3223 3223 3223 3172 3172 3172 3247 3247 3247 3136 3136 3136 3192 3192 3192 3248 3248 3248 3127 3127 3127 3248 3248 3248 3193 3193 3193 3127 3127 3127 3202 3202 3202 3249 3249 3249 3215 3215 3215 3249 3249 3249 3250 3250 3250 3215 3215 3215 3215 3215 3215 3250 3250 3250 3227 3227 3227 3251 3251 3251 3232 3232 3232 3225 3225 3225 3233 3233 3233 3194 3194 3194 3161 3161 3161 3217 3217 3217 3252 3252 3252 3139 3139 3139 3139 3139 3139 3252 3252 3252 3156 3156 3156 3252 3252 3252 3253 3253 3253 3156 3156 3156 3253 3253 3253 3183 3183 3183 3156 3156 3156 3234 3234 3234 3233 3233 3233 3208 3208 3208 3254 3254 3254 3198 3198 3198 3178 3178 3178 3209 3209 3209 3255 3255 3255 3185 3185 3185 3255 3255 3255 3238 3238 3238 3185 3185 3185 3238 3238 3238 3186 3186 3186 3179 3179 3179 3167 3167 3167 3256 3256 3256 3123 3123 3123 3256 3256 3256 3239 3239 3239 3123 3123 3123 3239 3239 3239 3218 3218 3218 3124 3124 3124 3169 3169 3169 3168 3168 3168 3240 3240 3240 3243 3243 3243 3257 3257 3257 3190 3190 3190 3190 3190 3190 3257 3257 3257 3221 3221 3221 3257 3257 3257 3258 3258 3258 3221 3221 3221 3221 3221 3221 3258 3258 3258 3201 3201 3201 1001 1001 1001 962 962 962 931 931 931 1000 1000 1000 997 997 997 960 960 960 960 960 960 997 997 997 957 957 957 1004 1004 1004 960 960 960 961 961 961 1005 1005 1005 3259 3259 3259 962 962 962 3259 3259 3259 3260 3260 3260 967 967 967 3259 3259 3259 967 967 967 962 962 962 3261 3261 3261 3260 3260 3260 3259 3259 3259 3261 3261 3261 3259 3259 3259 3262 3262 3262 3263 3263 3263 1046 1046 1046 1044 1044 1044 1013 1013 1013 1042 1042 1042 1011 1011 1011 3260 3260 3260 3264 3264 3264 967 967 967 967 967 967 3264 3264 3264 3245 3245 3245 3265 3265 3265 3264 3264 3264 3261 3261 3261 3261 3261 3261 3264 3264 3264 3260 3260 3260 3266 3266 3266 3267 3267 3267 1048 1048 1048 3266 3266 3266 1048 1048 1048 1046 1046 1046 3267 3267 3267 3268 3268 3268 1050 1050 1050 3267 3267 3267 1050 1050 1050 1048 1048 1048 3268 3268 3268 3269 3269 3269 1050 1050 1050 1050 1050 1050 3269 3269 3269 1052 1052 1052 3264 3264 3264 3270 3270 3270 3245 3245 3245 3245 3245 3245 3270 3270 3270 3246 3246 3246 3271 3271 3271 3270 3270 3270 3264 3264 3264 3271 3271 3271 3264 3264 3264 3265 3265 3265 3249 3249 3249 3272 3272 3272 3250 3250 3250 3273 3273 3273 3274 3274 3274 3232 3232 3232 3273 3273 3273 3232 3232 3232 3251 3251 3251 3275 3275 3275 3274 3274 3274 3273 3273 3273 3275 3275 3275 3273 3273 3273 3276 3276 3276 3253 3253 3253 3204 3204 3204 3183 3183 3183 3274 3274 3274 3277 3277 3277 3234 3234 3234 3274 3274 3274 3234 3234 3234 3232 3232 3232 3277 3277 3277 3233 3233 3233 3234 3234 3234 3278 3278 3278 3162 3162 3162 3141 3141 3141 3254 3254 3254 3237 3237 3237 3198 3198 3198 3189 3189 3189 3279 3279 3279 3170 3170 3170 3279 3279 3279 3211 3211 3211 3170 3170 3170 3201 3201 3201 3280 3280 3280 974 974 974 3281 3281 3281 3282 3282 3282 3283 3283 3283 3284 3284 3284 3285 3285 3285 987 987 987 3286 3286 3286 3287 3287 3287 3288 3288 3288 3287 3287 3287 1027 1027 1027 3288 3288 3288 3288 3288 3288 1027 1027 1027 1026 1026 1026 3285 3285 3285 988 988 988 987 987 987 3285 3285 3285 3289 3289 3289 988 988 988 988 988 988 3289 3289 3289 1001 1001 1001 3289 3289 3289 3290 3290 3290 1002 1002 1002 3289 3289 3289 1002 1002 1002 1001 1001 1001 3290 3290 3290 1069 1069 1069 1002 1002 1002 1038 1038 1038 1039 1039 1039 1066 1066 1066 1038 1038 1038 1066 1066 1066 1037 1037 1037 1069 1069 1069 1005 1005 1005 1002 1002 1002 3291 3291 3291 1076 1076 1076 1074 1074 1074 1040 1040 1040 1072 1072 1072 1039 1039 1039 1069 1069 1069 3262 3262 3262 3259 3259 3259 1069 1069 1069 3259 3259 3259 1005 1005 1005 1079 1079 1079 3262 3262 3262 1068 1068 1068 1068 1068 1068 3262 3262 3262 1069 1069 1069 1043 1043 1043 1045 1045 1045 1076 1076 1076 1043 1043 1043 1076 1076 1076 3291 3291 3291 1045 1045 1045 3292 3292 3292 1077 1077 1077 1045 1045 1045 1077 1077 1077 1076 1076 1076 3292 3292 3292 3293 3293 3293 3294 3294 3294 3292 3292 3292 3294 3294 3294 1077 1077 1077 1079 1079 1079 3295 3295 3295 3261 3261 3261 1079 1079 1079 3261 3261 3261 3262 3262 3262 3293 3293 3293 3296 3296 3296 3294 3294 3294 1078 1078 1078 3295 3295 3295 1079 1079 1079 1047 1047 1047 1049 1049 1049 3292 3292 3292 1047 1047 1047 3292 3292 3292 1045 1045 1045 1049 1049 1049 1051 1051 1051 3293 3293 3293 1049 1049 1049 3293 3293 3293 3292 3292 3292 3295 3295 3295 3297 3297 3297 3261 3261 3261 3261 3261 3261 3297 3297 3297 3265 3265 3265 1051 1051 1051 1053 1053 1053 3293 3293 3293 3293 3293 3293 1053 1053 1053 3296 3296 3296 3298 3298 3298 3172 3172 3172 3119 3119 3119 3226 3226 3226 3299 3299 3299 3202 3202 3202 3299 3299 3299 3300 3300 3300 3202 3202 3202 3202 3202 3202 3300 3300 3300 3249 3249 3249 3300 3300 3300 3301 3301 3301 3249 3249 3249 3249 3249 3249 3301 3301 3301 3272 3272 3272 3301 3301 3301 3302 3302 3302 3272 3272 3272 3272 3272 3272 3302 3302 3302 3303 3303 3303 3302 3302 3302 3304 3304 3304 3303 3303 3303 3303 3303 3303 3304 3304 3304 3305 3305 3305 3305 3305 3305 3304 3304 3304 3276 3276 3276 3304 3304 3304 3275 3275 3275 3276 3276 3276 3306 3306 3306 3275 3275 3275 3304 3304 3304 3307 3307 3307 3182 3182 3182 3194 3194 3194 3308 3308 3308 3205 3205 3205 3196 3196 3196 1133 1133 1133 3233 3233 3233 3277 3277 3277 3236 3236 3236 3309 3309 3309 3177 3177 3177 3309 3309 3309 3178 3178 3178 3177 3177 3177 3310 3310 3310 3254 3254 3254 3178 3178 3178 3237 3237 3237 3311 3311 3311 3209 3209 3209 3311 3311 3311 3255 3255 3255 3209 3209 3209 3256 3256 3256 3312 3312 3312 3239 3239 3239 3218 3218 3218 3313 3313 3313 3160 3160 3160 3160 3160 3160 3313 3313 3313 3168 3168 3168 3219 3219 3219 3241 3241 3241 3126 3126 3126 3200 3200 3200 3314 3314 3314 3134 3134 3134 3280 3280 3280 975 975 975 974 974 974 3314 3314 3314 3212 3212 3212 3134 3134 3134 3214 3214 3214 3151 3151 3151 3150 3150 3150 1062 1062 1062 3281 3281 3281 1025 1025 1025 1062 1062 1062 3282 3282 3282 3281 3281 3281 3284 3284 3284 3315 3315 3315 3285 3285 3285 3286 3286 3286 3316 3316 3316 3287 3287 3287 3316 3316 3316 1027 1027 1027 3287 3287 3287 3315 3315 3315 3317 3317 3317 3285 3285 3285 3317 3317 3317 3318 3318 3318 3285 3285 3285 3285 3285 3285 3318 3318 3318 3289 3289 3289 3318 3318 3318 3319 3319 3319 3289 3289 3289 3289 3289 3289 3319 3319 3319 3290 3290 3290 3319 3319 3319 1070 1070 1070 3290 3290 3290 3320 3320 3320 1070 1070 1070 3319 3319 3319 3320 3320 3320 3319 3319 3319 3318 3318 3318 1066 1066 1066 1067 1067 1067 1098 1098 1098 1066 1066 1066 1098 1098 1098 1065 1065 1065 1070 1070 1070 1069 1069 1069 3290 3290 3290 1071 1071 1071 1070 1070 1070 3320 3320 3320 1073 1073 1073 1075 1075 1075 3321 3321 3321 1075 1075 1075 3322 3322 3322 1106 1106 1106 1075 1075 1075 1106 1106 1106 3321 3321 3321 3322 3322 3322 3323 3323 3323 1106 1106 1106 1106 1106 1106 3323 3323 3323 1107 1107 1107 1071 1071 1071 3324 3324 3324 1068 1068 1068 3323 3323 3323 3325 3325 3325 1107 1107 1107 1110 1110 1110 3324 3324 3324 1071 1071 1071 1075 1075 1075 1077 1077 1077 3322 3322 3322 1077 1077 1077 3294 3294 3294 3323 3323 3323 1077 1077 1077 3323 3323 3323 3322 3322 3322 3324 3324 3324 1080 1080 1080 1068 1068 1068 1068 1068 1068 1080 1080 1080 1079 1079 1079 3294 3294 3294 3326 3326 3326 3323 3323 3323 3323 3323 3323 3326 3326 3326 3325 3325 3325 3247 3247 3247 3152 3152 3152 3136 3136 3136 3152 3152 3152 3327 3327 3327 3095 3095 3095 3327 3327 3327 3153 3153 3153 3095 3095 3095 3328 3328 3328 3299 3299 3299 3226 3226 3226 3300 3300 3300 3329 3329 3329 3301 3301 3301 3301 3301 3301 3329 3329 3329 3302 3302 3302 3329 3329 3329 3306 3306 3306 3304 3304 3304 3329 3329 3329 3304 3304 3304 3302 3302 3302 3182 3182 3182 3252 3252 3252 3217 3217 3217 3253 3253 3253 3330 3330 3330 3204 3204 3204 3306 3306 3306 1133 1133 1133 3275 3275 3275 3275 3275 3275 1133 1133 1133 3274 3274 3274 1133 1133 1133 3277 3277 3277 3274 3274 3274 3205 3205 3205 3308 3308 3308 3076 3076 3076 3076 3076 3076 3331 3331 3331 3141 3141 3141 3331 3331 3331 3278 3278 3278 3141 3141 3141 3309 3309 3309 3310 3310 3310 3178 3178 3178 3311 3311 3311 3237 3237 3237 3254 3254 3254 3311 3311 3311 3332 3332 3332 3255 3255 3255 3239 3239 3239 3333 3333 3333 3218 3218 3218 3333 3333 3333 3313 3313 3313 3218 3218 3218 3313 3313 3313 3334 3334 3334 3168 3168 3168 3334 3334 3334 3240 3240 3240 3168 3168 3168 3335 3335 3335 3336 3336 3336 3240 3240 3240 3240 3240 3240 3336 3336 3336 3187 3187 3187 891 891 891 3189 3189 3189 856 856 856 3337 3337 3337 3280 3280 3280 3201 3201 3201 3213 3213 3213 3338 3338 3338 3191 3191 3191 3338 3338 3338 3244 3244 3244 3191 3191 3191 3212 3212 3212 3339 3339 3339 3214 3214 3214 3340 3340 3340 3341 3341 3341 1062 1062 1062 1062 1062 1062 3341 3341 3341 3282 3282 3282 3342 3342 3342 3315 3315 3315 3284 3284 3284 3343 3343 3343 3316 3316 3316 3286 3286 3286 3316 3316 3316 3344 3344 3344 1027 1027 1027 3344 3344 3344 3340 3340 3340 1027 1027 1027 1027 1027 1027 3340 3340 3340 1062 1062 1062 3342 3342 3342 3345 3345 3345 3317 3317 3317 3342 3342 3342 3317 3317 3317 3315 3315 3315 3346 3346 3346 3345 3345 3345 3342 3342 3342 3346 3346 3346 3342 3342 3342 3347 3347 3347 3345 3345 3345 3348 3348 3348 3318 3318 3318 3345 3345 3345 3318 3318 3318 3317 3317 3317 3349 3349 3349 3348 3348 3348 3345 3345 3345 3349 3349 3349 3345 3345 3345 3346 3346 3346 3348 3348 3348 3350 3350 3350 3318 3318 3318 3318 3318 3318 3350 3350 3350 3320 3320 3320 3351 3351 3351 3350 3350 3350 3349 3349 3349 3349 3349 3349 3350 3350 3350 3348 3348 3348 3350 3350 3350 1111 1111 1111 3320 3320 3320 3320 3320 3320 1111 1111 1111 1071 1071 1071 1112 1112 1112 1111 1111 1111 3351 3351 3351 3351 3351 3351 1111 1111 1111 3350 3350 3350 3171 3171 3171 3352 3352 3352 3119 3119 3119 3352 3352 3352 3298 3298 3298 3119 3119 3119 3248 3248 3248 3226 3226 3226 3193 3193 3193 3330 3330 3330 3353 3353 3353 3204 3204 3204 3353 3353 3353 3195 3195 3195 3204 3204 3204 3306 3306 3306 1131 1131 1131 1133 1133 1133 1084 1084 1084 3354 3354 3354 1115 1115 1115 3235 3235 3235 3355 3355 3355 3131 3131 3131 3355 3355 3355 3184 3184 3184 3131 3131 3131 3165 3165 3165 3356 3356 3356 3236 3236 3236 3310 3310 3310 3357 3357 3357 3254 3254 3254 3158 3158 3158 3358 3358 3358 3159 3159 3159 3359 3359 3359 3167 3167 3167 3159 3159 3159 3359 3359 3359 3256 3256 3256 3167 3167 3167 3334 3334 3334 3335 3335 3335 3240 3240 3240 891 891 891 3360 3360 3360 3189 3189 3189 3360 3360 3360 3279 3279 3279 3189 3189 3189 3244 3244 3244 3361 3361 3361 891 891 891 3362 3362 3362 3347 3347 3347 3342 3342 3342 3343 3343 3343 1177 1177 1177 3316 3316 3316 1095 1095 1095 1187 1187 1187 1094 1094 1094 3343 3343 3343 1178 1178 1178 1177 1177 1177 1177 1177 1177 3344 3344 3344 3316 3316 3316 3349 3349 3349 3363 3363 3363 3351 3351 3351 3363 3363 3363 3364 3364 3364 3351 3351 3351 3351 3351 3351 3364 3364 3364 1112 1112 1112 3298 3298 3298 3365 3365 3365 3172 3172 3172 3328 3328 3328 3300 3300 3300 3299 3299 3299 1132 1132 1132 3233 3233 3233 1133 1133 1133 1132 1132 1132 3194 3194 3194 3233 3233 3233 3307 3307 3307 3366 3366 3366 3182 3182 3182 3366 3366 3366 3252 3252 3252 3182 3182 3182 3367 3367 3367 3330 3330 3330 3253 3253 3253 3353 3353 3353 3368 3368 3368 3195 3195 3195 3368 3368 3368 3369 3369 3369 3195 3195 3195 3370 3370 3370 1131 1131 1131 3306 3306 3306 1137 1137 1137 3354 3354 3354 1084 1084 1084 3371 3371 3371 3356 3356 3356 3165 3165 3165 3309 3309 3309 3372 3372 3372 3310 3310 3310 3238 3238 3238 3373 3373 3373 3186 3186 3186 3186 3186 3186 3373 3373 3373 3158 3158 3158 3373 3373 3373 3358 3358 3358 3158 3158 3158 3358 3358 3358 3359 3359 3359 3159 3159 3159 3312 3312 3312 3333 3333 3333 3239 3239 3239 3336 3336 3336 3188 3188 3188 3187 3187 3187 3241 3241 3241 3374 3374 3374 3220 3220 3220 3374 3374 3374 3210 3210 3210 3220 3220 3220 3279 3279 3279 3375 3375 3375 3211 3211 3211 3314 3314 3314 3376 3376 3376 3212 3212 3212 3377 3377 3377 3338 3338 3338 3213 3213 3213 3338 3338 3338 3378 3378 3378 3244 3244 3244 3378 3378 3378 3361 3361 3361 3244 3244 3244 3376 3376 3376 3339 3339 3339 3212 3212 3212 3214 3214 3214 3379 3379 3379 3151 3151 3151 3380 3380 3380 3381 3381 3381 3347 3347 3347 3380 3380 3380 3347 3347 3347 3362 3362 3362 1177 1177 1177 3382 3382 3382 3344 3344 3344 3382 3382 3382 3383 3383 3383 3344 3344 3344 3344 3344 3344 3383 3383 3383 3340 3340 3340 3381 3381 3381 3384 3384 3384 3346 3346 3346 3381 3381 3381 3346 3346 3346 3347 3347 3347 1147 1147 1147 1187 1187 1187 1095 1095 1095 3384 3384 3384 3385 3385 3385 3349 3349 3349 3384 3384 3384 3349 3349 3349 3346 3346 3346 3385 3385 3385 3363 3363 3363 3349 3349 3349 3247 3247 3247 3327 3327 3327 3152 3152 3152 3226 3226 3226 3386 3386 3386 3328 3328 3328 3328 3328 3328 3370 3370 3370 3300 3300 3300 3300 3300 3300 3370 3370 3370 3329 3329 3329 3370 3370 3370 3306 3306 3306 3329 3329 3329 3252 3252 3252 3367 3367 3367 3253 3253 3253 1137 1137 1137 3387 3387 3387 3354 3354 3354 3388 3388 3388 3311 3311 3311 3254 3254 3254 3359 3359 3359 3312 3312 3312 3256 3256 3256 3312 3312 3312 3389 3389 3389 3333 3333 3333 3390 3390 3390 3336 3336 3336 3335 3335 3335 3375 3375 3375 3243 3243 3243 3211 3211 3211 3391 3391 3391 3257 3257 3257 3243 3243 3243 3385 3385 3385 3392 3392 3392 3363 3363 3363 3392 3392 3392 3393 3393 3393 3364 3364 3364 3392 3392 3392 3364 3364 3364 3363 3363 3363 3386 3386 3386 3370 3370 3370 3328 3328 3328 3386 3386 3386 3394 3394 3394 3370 3370 3370 3370 3370 3370 3395 3395 3395 1131 1131 1131 1132 1132 1132 3396 3396 3396 3194 3194 3194 3194 3194 3194 3396 3396 3396 3307 3307 3307 3366 3366 3366 3397 3397 3397 3252 3252 3252 3397 3397 3397 3367 3367 3367 3252 3252 3252 3398 3398 3398 3076 3076 3076 3308 3308 3308 3357 3357 3357 3388 3388 3388 3254 3254 3254 3332 3332 3332 3238 3238 3238 3255 3255 3255 3313 3313 3313 3399 3399 3399 3334 3334 3334 3219 3219 3219 3400 3400 3400 3241 3241 3241 3374 3374 3374 3401 3401 3401 3210 3210 3210 3361 3361 3361 3360 3360 3360 891 891 891 3375 3375 3375 3391 3391 3391 3243 3243 3243 3380 3380 3380 3402 3402 3402 3381 3381 3381 1179 1179 1179 3382 3382 3382 1177 1177 1177 3382 3382 3382 3403 3403 3403 3383 3383 3383 3402 3402 3402 3384 3384 3384 3381 3381 3381 3384 3384 3384 3404 3404 3404 3385 3385 3385 3404 3404 3404 3392 3392 3392 3385 3385 3385 3327 3327 3327 3405 3405 3405 3153 3153 3153 3405 3405 3405 3192 3192 3192 3153 3153 3153 3398 3398 3398 3331 3331 3331 3076 3076 3076 1182 1182 1182 3387 3387 3387 1137 1137 1137 3356 3356 3356 3372 3372 3372 3236 3236 3236 3236 3236 3236 3372 3372 3372 3309 3309 3309 3388 3388 3388 3332 3332 3332 3311 3311 3311 3332 3332 3332 3373 3373 3373 3238 3238 3238 3406 3406 3406 3407 3407 3407 3333 3333 3333 3333 3333 3333 3407 3407 3407 3313 3313 3313 3407 3407 3407 3399 3399 3399 3313 3313 3313 3336 3336 3336 3390 3390 3390 3188 3188 3188 3390 3390 3390 3400 3400 3400 3219 3219 3219 3390 3390 3390 3219 3219 3219 3188 3188 3188 3257 3257 3257 3391 3391 3391 3258 3258 3258 3258 3258 3258 3337 3337 3337 3201 3201 3201 3408 3408 3408 3402 3402 3402 3380 3380 3380 3404 3404 3404 3409 3409 3409 3392 3392 3392 3409 3409 3409 3393 3393 3393 3392 3392 3392 3394 3394 3394 3395 3395 3395 3370 3370 3370 3395 3395 3395 1132 1132 1132 1131 1131 1131 3396 3396 3396 3366 3366 3366 3307 3307 3307 3410 3410 3410 3353 3353 3353 3367 3367 3367 3353 3353 3353 3330 3330 3330 3367 3367 3367 3331 3331 3331 3411 3411 3411 3278 3278 3278 3412 3412 3412 3357 3357 3357 3310 3310 3310 3357 3357 3357 3413 3413 3413 3388 3388 3388 3359 3359 3359 3389 3389 3389 3312 3312 3312 3389 3389 3389 3406 3406 3406 3333 3333 3333 3334 3334 3334 3399 3399 3399 3335 3335 3335 3399 3399 3399 3390 3390 3390 3335 3335 3335 3400 3400 3400 3374 3374 3374 3241 3241 3241 3242 3242 3242 3414 3414 3414 3199 3199 3199 3415 3415 3415 3314 3314 3314 3200 3200 3200 3361 3361 3361 1336 1336 1336 3360 3360 3360 1336 1336 1336 3416 3416 3416 3360 3360 3360 3360 3360 3360 3416 3416 3416 3279 3279 3279 3391 3391 3391 3417 3417 3417 3258 3258 3258 3417 3417 3417 3337 3337 3337 3258 3258 3258 1178 1178 1178 3418 3418 3418 1179 1179 1179 3418 3418 3418 3419 3419 3419 3382 3382 3382 3418 3418 3418 3382 3382 3382 1179 1179 1179 3419 3419 3419 3403 3403 3403 3382 3382 3382 3402 3402 3402 3420 3420 3420 3384 3384 3384 3420 3420 3420 3421 3421 3421 3404 3404 3404 3420 3420 3420 3404 3404 3404 3384 3384 3384 3421 3421 3421 3409 3409 3409 3404 3404 3404 3409 3409 3409 3422 3422 3422 3393 3393 3393 3352 3352 3352 3423 3423 3423 3298 3298 3298 3423 3423 3423 3365 3365 3365 3298 3298 3298 3248 3248 3248 3386 3386 3386 3226 3226 3226 3424 3424 3424 3395 3395 3395 3394 3394 3394 3425 3425 3425 3396 3396 3396 1132 1132 1132 3426 3426 3426 3310 3310 3310 3372 3372 3372 3426 3426 3426 3412 3412 3412 3310 3310 3310 3388 3388 3388 3427 3427 3427 3332 3332 3332 3428 3428 3428 3358 3358 3358 3373 3373 3373 3428 3428 3428 3429 3429 3429 3358 3358 3358 3358 3358 3358 3429 3429 3429 3359 3359 3359 3406 3406 3406 3430 3430 3430 3407 3407 3407 3407 3407 3407 3431 3431 3431 3399 3399 3399 3432 3432 3432 3400 3400 3400 3390 3390 3390 975 975 975 3433 3433 3433 973 973 973 3433 3433 3433 3242 3242 3242 973 973 973 3434 3434 3434 3423 3423 3423 3352 3352 3352 3395 3395 3395 3435 3435 3435 1132 1132 1132 3435 3435 3435 3425 3425 3425 1132 1132 1132 3425 3425 3425 3436 3436 3436 3396 3396 3396 3396 3396 3396 3436 3436 3436 3366 3366 3366 3437 3437 3437 3397 3397 3397 3366 3366 3366 3438 3438 3438 3367 3367 3367 3397 3397 3397 3438 3438 3438 3410 3410 3410 3367 3367 3367 3410 3410 3410 3439 3439 3439 3353 3353 3353 3439 3439 3439 3440 3440 3440 3353 3353 3353 3440 3440 3440 3441 3441 3441 3368 3368 3368 3440 3440 3440 3368 3368 3368 3353 3353 3353 3441 3441 3441 3442 3442 3442 3368 3368 3368 3368 3368 3368 3442 3442 3442 3369 3369 3369 3443 3443 3443 3355 3355 3355 3235 3235 3235 3371 3371 3371 3444 3444 3444 3356 3356 3356 3357 3357 3357 3412 3412 3412 3413 3413 3413 3359 3359 3359 3445 3445 3445 3389 3389 3389 3445 3445 3445 3406 3406 3406 3389 3389 3389 3446 3446 3446 3399 3399 3399 3431 3431 3431 3446 3446 3446 3390 3390 3390 3399 3399 3399 3446 3446 3446 3447 3447 3447 3390 3390 3390 3447 3447 3447 3432 3432 3432 3390 3390 3390 3416 3416 3416 3448 3448 3448 3279 3279 3279 3279 3279 3279 3448 3448 3448 3375 3375 3375 3448 3448 3448 3449 3449 3449 3375 3375 3375 3375 3375 3375 3450 3450 3450 3391 3391 3391 3450 3450 3450 3451 3451 3451 3391 3391 3391 3451 3451 3451 3417 3417 3417 3391 3391 3391 3451 3451 3451 3452 3452 3452 3417 3417 3417 3417 3417 3417 3453 3453 3453 3337 3337 3337 3453 3453 3453 3280 3280 3280 3337 3337 3337 3338 3338 3338 3454 3454 3454 3378 3378 3378 3454 3454 3454 3361 3361 3361 3378 3378 3378 3376 3376 3376 3455 3455 3455 3339 3339 3339 3455 3455 3455 3214 3214 3214 3339 3339 3339 3456 3456 3456 3457 3457 3457 3402 3402 3402 3456 3456 3456 3402 3402 3402 3408 3408 3408 3419 3419 3419 1356 1356 1356 3403 3403 3403 3457 3457 3457 3420 3420 3420 3402 3402 3402 3386 3386 3386 3424 3424 3424 3394 3394 3394 3424 3424 3424 3435 3435 3435 3395 3395 3395 3436 3436 3436 3458 3458 3458 3366 3366 3366 3458 3458 3458 3437 3437 3437 3366 3366 3366 3437 3437 3437 3438 3438 3438 3397 3397 3397 3355 3355 3355 3459 3459 3459 3184 3184 3184 3372 3372 3372 3460 3460 3460 3426 3426 3426 3427 3427 3427 3388 3388 3388 3413 3413 3413 3430 3430 3430 3431 3431 3431 3407 3407 3407 3432 3432 3432 3461 3461 3461 3400 3400 3400 3415 3415 3415 3462 3462 3462 3314 3314 3314 3449 3449 3449 3450 3450 3450 3375 3375 3375 3452 3452 3452 3453 3453 3453 3417 3417 3417 3280 3280 3280 3433 3433 3433 975 975 975 3463 3463 3463 3338 3338 3338 3377 3377 3377 3464 3464 3464 3418 3418 3418 1178 1178 1178 3421 3421 3421 3465 3465 3465 3409 3409 3409 3465 3465 3465 3422 3422 3422 3409 3409 3409 3172 3172 3172 3466 3466 3466 3247 3247 3247 3466 3466 3466 3327 3327 3327 3247 3247 3247 3467 3467 3467 3424 3424 3424 3386 3386 3386 3437 3437 3437 3468 3468 3468 3438 3438 3438 3468 3468 3468 3410 3410 3410 3438 3438 3438 3444 3444 3444 3372 3372 3372 3356 3356 3356 3406 3406 3406 3445 3445 3445 3430 3430 3430 3431 3431 3431 3469 3469 3469 3446 3446 3446 3463 3463 3463 3470 3470 3470 3338 3338 3338 3470 3470 3470 3454 3454 3454 3338 3338 3338 3455 3455 3455 3379 3379 3379 3214 3214 3214 3418 3418 3418 3471 3471 3471 3419 3419 3419 3471 3471 3471 1356 1356 1356 3419 3419 3419 3420 3420 3420 3472 3472 3472 3421 3421 3421 3472 3472 3472 3465 3465 3465 3421 3421 3421 3465 3465 3465 3473 3473 3473 3422 3422 3422 3474 3474 3474 3405 3405 3405 3327 3327 3327 3475 3475 3475 3476 3476 3476 3468 3468 3468 3475 3475 3475 3468 3468 3468 3437 3437 3437 3476 3476 3476 3477 3477 3477 3468 3468 3468 3477 3477 3477 3478 3478 3478 3468 3468 3468 3468 3468 3468 3478 3478 3478 3410 3410 3410 3478 3478 3478 3479 3479 3479 3410 3410 3410 3479 3479 3479 3480 3480 3480 3410 3410 3410 3410 3410 3410 3480 3480 3480 3439 3439 3439 3444 3444 3444 3460 3460 3460 3372 3372 3372 3412 3412 3412 3481 3481 3481 3413 3413 3413 3462 3462 3462 3376 3376 3376 3314 3314 3314 3454 3454 3454 1336 1336 1336 3361 3361 3361 3457 3457 3457 3482 3482 3482 3420 3420 3420 3482 3482 3482 3472 3472 3472 3420 3420 3420 3423 3423 3423 3483 3483 3483 3365 3365 3365 3365 3365 3365 3466 3466 3466 3172 3172 3172 3466 3466 3466 3484 3484 3484 3327 3327 3327 3192 3192 3192 3485 3485 3485 3248 3248 3248 3248 3248 3248 3467 3467 3467 3386 3386 3386 3435 3435 3435 3486 3486 3486 3425 3425 3425 3486 3486 3486 3436 3436 3436 3425 3425 3425 3476 3476 3476 1263 1263 1263 3477 3477 3477 3477 3477 3477 1263 1263 1263 3478 3478 3478 1263 1263 1263 1264 1264 1264 3478 3478 3478 1264 1264 1264 3487 3487 3487 3479 3479 3479 1264 1264 1264 3479 3479 3479 3478 3478 3478 3487 3487 3487 3480 3480 3480 3479 3479 3479 3443 3443 3443 3488 3488 3488 3355 3355 3355 3488 3488 3488 3459 3459 3459 3355 3355 3355 3427 3427 3427 3373 3373 3373 3332 3332 3332 3489 3489 3489 3431 3431 3431 3430 3430 3430 3433 3433 3433 3490 3490 3490 3242 3242 3242 3490 3490 3490 3414 3414 3414 3242 3242 3242 3491 3491 3491 3416 3416 3416 1336 1336 1336 3462 3462 3462 3492 3492 3492 3376 3376 3376 3492 3492 3492 3455 3455 3455 3376 3376 3376 3405 3405 3405 3485 3485 3485 3192 3192 3192 3485 3485 3485 3467 3467 3467 3248 3248 3248 3486 3486 3486 3493 3493 3493 3436 3436 3436 3458 3458 3458 3494 3494 3494 3437 3437 3437 3494 3494 3494 3475 3475 3475 3437 3437 3437 1274 1274 1274 3495 3495 3495 1261 1261 1261 3495 3495 3495 1262 1262 1262 1261 1261 1261 1262 1262 1262 1277 1277 1277 1264 1264 1264 3495 3495 3495 1277 1277 1277 1262 1262 1262 3496 3496 3496 3497 3497 3497 3440 3440 3440 3496 3496 3496 3440 3440 3440 3439 3439 3439 3498 3498 3498 1291 1291 1291 3476 3476 3476 3498 3498 3498 3476 3476 3476 3475 3475 3475 1291 1291 1291 1274 1274 1274 3476 3476 3476 3476 3476 3476 1274 1274 1274 1263 1263 1263 1277 1277 1277 1276 1276 1276 1264 1264 1264 1264 1264 1264 1276 1276 1276 3487 3487 3487 1276 1276 1276 1294 1294 1294 3487 3487 3487 1294 1294 1294 3499 3499 3499 3480 3480 3480 1294 1294 1294 3480 3480 3480 3487 3487 3487 3499 3499 3499 3496 3496 3496 3439 3439 3439 3499 3499 3499 3439 3439 3439 3480 3480 3480 3488 3488 3488 3500 3500 3500 3459 3459 3459 3501 3501 3501 3460 3460 3460 3444 3444 3444 3502 3502 3502 3427 3427 3427 3413 3413 3413 3503 3503 3503 3428 3428 3428 3373 3373 3373 3359 3359 3359 3504 3504 3504 3445 3445 3445 3447 3447 3447 3505 3505 3505 3432 3432 3432 3455 3455 3455 3506 3506 3506 3379 3379 3379 3482 3482 3482 3507 3507 3507 3472 3472 3472 3507 3507 3507 3508 3508 3508 3465 3465 3465 3507 3507 3507 3465 3465 3465 3472 3472 3472 3508 3508 3508 3473 3473 3473 3465 3465 3465 3484 3484 3484 3474 3474 3474 3327 3327 3327 3436 3436 3436 1358 1358 1358 3458 3458 3458 1358 1358 1358 3494 3494 3494 3458 3458 3458 3494 3494 3494 3509 3509 3509 3475 3475 3475 1291 1291 1291 3495 3495 3495 1274 1274 1274 1275 1275 1275 1295 1295 1295 1276 1276 1276 1295 1295 1295 1294 1294 1294 1276 1276 1276 3509 3509 3509 1292 1292 1292 3498 3498 3498 3509 3509 3509 3498 3498 3498 3475 3475 3475 1292 1292 1292 1291 1291 1291 3498 3498 3498 1293 1293 1293 1277 1277 1277 3495 3495 3495 1294 1294 1294 1296 1296 1296 3499 3499 3499 1296 1296 1296 3510 3510 3510 3496 3496 3496 1296 1296 1296 3496 3496 3496 3499 3499 3499 3510 3510 3510 3497 3497 3497 3496 3496 3496 3331 3331 3331 3511 3511 3511 3411 3411 3411 3511 3511 3511 3512 3512 3512 3411 3411 3411 1299 1299 1299 3513 3513 3513 3387 3387 3387 1299 1299 1299 3387 3387 3387 1182 1182 1182 3412 3412 3412 3514 3514 3514 3481 3481 3481 3481 3481 3481 3502 3502 3502 3413 3413 3413 3427 3427 3427 3515 3515 3515 3373 3373 3373 3515 3515 3515 3503 3503 3503 3373 3373 3373 3429 3429 3429 3504 3504 3504 3359 3359 3359 3516 3516 3516 3447 3447 3447 3446 3446 3446 3432 3432 3432 3505 3505 3505 3461 3461 3461 3461 3461 3461 1376 1376 1376 3400 3400 3400 3400 3400 3400 1376 1376 1376 3374 3374 3374 3374 3374 3374 3517 3517 3517 3401 3401 3401 3450 3450 3450 3518 3518 3518 3451 3451 3451 3452 3452 3452 3519 3519 3519 3453 3453 3453 3519 3519 3519 3520 3520 3520 3280 3280 3280 3519 3519 3519 3280 3280 3280 3453 3453 3453 3520 3520 3520 3521 3521 3521 3433 3433 3433 3520 3520 3520 3433 3433 3433 3280 3280 3280 3464 3464 3464 3522 3522 3522 3418 3418 3418 3522 3522 3522 3471 3471 3471 3418 3418 3418 3457 3457 3457 3523 3523 3523 3482 3482 3482 3523 3523 3523 3507 3507 3507 3482 3482 3482 3524 3524 3524 3424 3424 3424 3467 3467 3467 3525 3525 3525 1358 1358 1358 3436 3436 3436 1290 1290 1290 3526 3526 3526 1291 1291 1291 3526 3526 3526 1293 1293 1293 3495 3495 3495 3526 3526 3526 3495 3495 3495 1291 1291 1291 1326 1326 1326 1293 1293 1293 3526 3526 3526 3527 3527 3527 1295 1295 1295 1275 1275 1275 1295 1295 1295 3528 3528 3528 1296 1296 1296 3529 3529 3529 3530 3530 3530 3440 3440 3440 3529 3529 3529 3440 3440 3440 3497 3497 3497 3440 3440 3440 3530 3530 3530 3441 3441 3441 3441 3441 3441 3530 3530 3530 3442 3442 3442 3494 3494 3494 3531 3531 3531 3509 3509 3509 3531 3531 3531 1312 1312 1312 1292 1292 1292 3531 3531 3531 1292 1292 1292 3509 3509 3509 3528 3528 3528 3510 3510 3510 1296 1296 1296 3510 3510 3510 3532 3532 3532 3497 3497 3497 3398 3398 3398 3511 3511 3511 3331 3331 3331 1216 1216 1216 1280 1280 1280 1329 1329 1329 3512 3512 3512 3533 3533 3533 3411 3411 3411 3445 3445 3445 3534 3534 3534 3430 3430 3430 3430 3430 3430 3534 3534 3534 3489 3489 3489 1376 1376 1376 3535 3535 3535 3374 3374 3374 3535 3535 3535 3517 3517 3517 3374 3374 3374 3536 3536 3536 3416 3416 3416 3491 3491 3491 3536 3536 3536 3537 3537 3537 3416 3416 3416 3416 3416 3416 3537 3537 3537 3448 3448 3448 3518 3518 3518 3452 3452 3452 3451 3451 3451 3508 3508 3508 3538 3538 3538 3473 3473 3473 3539 3539 3539 3483 3483 3483 3423 3423 3423 3524 3524 3524 3540 3540 3540 3424 3424 3424 3540 3540 3540 3435 3435 3435 3424 3424 3424 1313 1313 1313 3541 3541 3541 3527 3527 3527 1313 1313 1313 3527 3527 3527 1275 1275 1275 3527 3527 3527 3542 3542 3542 1295 1295 1295 1295 1295 1295 3542 3542 3542 3528 3528 3528 3542 3542 3542 3543 3543 3543 3510 3510 3510 3542 3542 3542 3510 3510 3510 3528 3528 3528 3543 3543 3543 3532 3532 3532 3510 3510 3510 3532 3532 3532 3529 3529 3529 3497 3497 3497 3544 3544 3544 3545 3545 3545 3443 3443 3443 3545 3545 3545 3488 3488 3488 3443 3443 3443 3546 3546 3546 3444 3444 3444 3371 3371 3371 3547 3547 3547 3412 3412 3412 3426 3426 3426 3547 3547 3547 3514 3514 3514 3412 3412 3412 3502 3502 3502 3515 3515 3515 3427 3427 3427 3469 3469 3469 3516 3516 3516 3446 3446 3446 1335 1335 1335 3491 3491 3491 1336 1336 1336 3518 3518 3518 3519 3519 3519 3452 3452 3452 3470 3470 3470 3548 3548 3548 3454 3454 3454 3548 3548 3548 1337 1337 1337 3454 3454 3454 3454 3454 3454 1337 1337 1337 1336 1336 1336 3522 3522 3522 3549 3549 3549 3471 3471 3471 3549 3549 3549 1356 1356 1356 3471 3471 3471 3434 3434 3434 3539 3539 3539 3423 3423 3423 3483 3483 3483 3550 3550 3550 3365 3365 3365 3405 3405 3405 3551 3551 3551 3485 3485 3485 3551 3551 3551 3467 3467 3467 3485 3485 3485 3493 3493 3493 3525 3525 3525 3436 3436 3436 1358 1358 1358 1360 1360 1360 3494 3494 3494 1341 1341 1341 3526 3526 3526 1290 1290 1290 1341 1341 1341 1326 1326 1326 3526 3526 3526 1326 1326 1326 1363 1363 1363 1313 1313 1313 1363 1363 1363 3541 3541 3541 1313 1313 1313 3541 3541 3541 3552 3552 3552 3527 3527 3527 3552 3552 3552 3553 3553 3553 3542 3542 3542 3552 3552 3552 3542 3542 3542 3527 3527 3527 3553 3553 3553 3554 3554 3554 3542 3542 3542 1360 1360 1360 3531 3531 3531 3494 3494 3494 1360 1360 1360 1342 1342 1342 1312 1312 1312 1360 1360 1360 1312 1312 1312 3531 3531 3531 3554 3554 3554 3555 3555 3555 3543 3543 3543 3554 3554 3554 3543 3543 3543 3542 3542 3542 3555 3555 3555 3532 3532 3532 3543 3543 3543 3444 3444 3444 3556 3556 3556 3501 3501 3501 3557 3557 3557 3515 3515 3515 3502 3502 3502 3504 3504 3504 3534 3534 3534 3445 3445 3445 3505 3505 3505 1377 1377 1377 3461 3461 3461 1377 1377 1377 1376 1376 1376 3461 3461 3461 3558 3558 3558 3450 3450 3450 3449 3449 3449 3559 3559 3559 3560 3560 3560 3457 3457 3457 3559 3559 3559 3457 3457 3457 3456 3456 3456 3549 3549 3549 1357 1357 1357 1356 1356 1356 3560 3560 3560 3523 3523 3523 3457 3457 3457 3523 3523 3523 3561 3561 3561 3507 3507 3507 3561 3561 3561 3508 3508 3508 3507 3507 3507 3540 3540 3540 3562 3562 3562 3435 3435 3435 3435 3435 3435 3563 3563 3563 3486 3486 3486 1341 1341 1341 1364 1364 1364 1326 1326 1326 1342 1342 1342 1364 1364 1364 1341 1341 1341 1362 1362 1362 3564 3564 3564 1363 1363 1363 1363 1363 1363 3564 3564 3564 3541 3541 3541 3564 3564 3564 3552 3552 3552 3541 3541 3541 3553 3553 3553 3565 3565 3565 3554 3554 3554 3566 3566 3566 3565 3565 3565 3553 3553 3553 3566 3566 3566 3553 3553 3553 3552 3552 3552 3567 3567 3567 3530 3530 3530 3529 3529 3529 1364 1364 1364 1363 1363 1363 1326 1326 1326 3565 3565 3565 3555 3555 3555 3554 3554 3554 3555 3555 3555 3567 3567 3567 3532 3532 3532 3567 3567 3567 3529 3529 3529 3532 3532 3532 1366 1366 1366 3513 3513 3513 1299 1299 1299 3546 3546 3546 3556 3556 3556 3444 3444 3444 3460 3460 3460 3568 3568 3568 3426 3426 3426 3568 3568 3568 3547 3547 3547 3426 3426 3426 3514 3514 3514 3557 3557 3557 3481 3481 3481 3557 3557 3557 3502 3502 3502 3481 3481 3481 3489 3489 3489 3569 3569 3569 3431 3431 3431 3569 3569 3569 3469 3469 3469 3431 3431 3431 3570 3570 3570 3516 3516 3516 3469 3469 3469 3516 3516 3516 3505 3505 3505 3447 3447 3447 3521 3521 3521 3490 3490 3490 3433 3433 3433 3448 3448 3448 3537 3537 3537 3449 3449 3449 3537 3537 3537 3558 3558 3558 3449 3449 3449 3558 3558 3558 3571 3571 3571 3450 3450 3450 3450 3450 3450 3571 3571 3571 3518 3518 3518 3462 3462 3462 3572 3572 3572 3492 3492 3492 3463 3463 3463 3573 3573 3573 3470 3470 3470 3573 3573 3573 3548 3548 3548 3470 3470 3470 3561 3561 3561 1429 1429 1429 3508 3508 3508 1429 1429 1429 3538 3538 3538 3508 3508 3508 3574 3574 3574 3484 3484 3484 3466 3466 3466 3563 3563 3563 3493 3493 3493 3486 3486 3486 1372 1372 1372 3575 3575 3575 1361 1361 1361 1361 1361 1361 3576 3576 3576 1362 1362 1362 3575 3575 3575 3577 3577 3577 1361 1361 1361 1361 1361 1361 3577 3577 3577 3576 3576 3576 3576 3576 3576 3564 3564 3564 1362 1362 1362 3577 3577 3577 3578 3578 3578 3576 3576 3576 3578 3578 3578 3579 3579 3579 3564 3564 3564 3578 3578 3578 3564 3564 3564 3576 3576 3576 3564 3564 3564 3580 3580 3580 3566 3566 3566 3564 3564 3564 3566 3566 3566 3552 3552 3552 3579 3579 3579 3580 3580 3580 3564 3564 3564 3567 3567 3567 3581 3581 3581 3530 3530 3530 3581 3581 3581 3582 3582 3582 3530 3530 3530 1359 1359 1359 3583 3583 3583 1342 1342 1342 1359 1359 1359 1342 1342 1342 1360 1360 1360 3583 3583 3583 1372 1372 1372 1364 1364 1364 3583 3583 3583 1364 1364 1364 1342 1342 1342 3580 3580 3580 3584 3584 3584 3566 3566 3566 3566 3566 3566 3584 3584 3584 3565 3565 3565 3584 3584 3584 3585 3585 3585 3565 3565 3565 3565 3565 3565 3585 3585 3585 3555 3555 3555 3555 3555 3555 3585 3585 3585 3567 3567 3567 3534 3534 3534 3569 3569 3569 3489 3489 3489 3569 3569 3569 3570 3570 3570 3469 3469 3469 3571 3571 3571 3586 3586 3586 3518 3518 3518 3520 3520 3520 3587 3587 3587 3521 3521 3521 1429 1429 1429 1428 1428 1428 3538 3538 3538 3550 3550 3550 3466 3466 3466 3365 3365 3365 3550 3550 3550 3574 3574 3574 3466 3466 3466 3484 3484 3484 3588 3588 3588 3474 3474 3474 3588 3588 3588 3405 3405 3405 3474 3474 3474 3562 3562 3562 3563 3563 3563 3435 3435 3435 3493 3493 3493 3589 3589 3589 3525 3525 3525 3582 3582 3582 3590 3590 3590 3530 3530 3530 3591 3591 3591 3398 3398 3398 3592 3592 3592 1359 1359 1359 3593 3593 3593 3583 3583 3583 3583 3583 3583 3593 3593 3593 1372 1372 1372 3593 3593 3593 3575 3575 3575 1372 1372 1372 3593 3593 3593 3594 3594 3594 3577 3577 3577 3593 3593 3593 3577 3577 3577 3575 3575 3575 3594 3594 3594 3579 3579 3579 3577 3577 3577 3577 3577 3577 3579 3579 3579 3578 3578 3578 3595 3595 3595 3580 3580 3580 3579 3579 3579 3595 3595 3595 3596 3596 3596 3580 3580 3580 3580 3580 3580 3596 3596 3596 3584 3584 3584 3596 3596 3596 3585 3585 3585 3584 3584 3584 3501 3501 3501 3568 3568 3568 3460 3460 3460 3428 3428 3428 3597 3597 3597 3429 3429 3429 3597 3597 3597 3504 3504 3504 3429 3429 3429 3516 3516 3516 3598 3598 3598 3505 3505 3505 3415 3415 3415 3599 3599 3599 3462 3462 3462 3599 3599 3599 3572 3572 3572 3462 3462 3462 3586 3586 3586 3600 3600 3600 3518 3518 3518 3518 3518 3518 3600 3600 3600 3519 3519 3519 3600 3600 3600 3520 3520 3520 3519 3519 3519 3572 3572 3572 3601 3601 3601 3492 3492 3492 3601 3601 3601 3455 3455 3455 3492 3492 3492 3601 3601 3601 3506 3506 3506 3455 3455 3455 3602 3602 3602 3603 3603 3603 3464 3464 3464 3464 3464 3464 3603 3603 3603 3522 3522 3522 3603 3603 3603 3549 3549 3549 3522 3522 3522 3560 3560 3560 3604 3604 3604 3523 3523 3523 3604 3604 3604 3561 3561 3561 3523 3523 3523 3605 3605 3605 3539 3539 3539 3434 3434 3434 3606 3606 3606 3483 3483 3483 3539 3539 3539 3588 3588 3588 3551 3551 3551 3405 3405 3405 3525 3525 3525 1415 1415 1415 1358 1358 1358 1415 1415 1415 1359 1359 1359 1358 1358 1358 1415 1415 1415 1414 1414 1414 1359 1359 1359 1431 1431 1431 3607 3607 3607 3585 3585 3585 3607 3607 3607 3567 3567 3567 3585 3585 3585 3591 3591 3591 3608 3608 3608 3398 3398 3398 1414 1414 1414 3609 3609 3609 3593 3593 3593 1414 1414 1414 3593 3593 3593 1359 1359 1359 3609 3609 3609 3610 3610 3610 3594 3594 3594 3609 3609 3609 3594 3594 3594 3593 3593 3593 3610 3610 3610 3579 3579 3579 3594 3594 3594 3610 3610 3610 3595 3595 3595 3579 3579 3579 3610 3610 3610 3611 3611 3611 3595 3595 3595 3611 3611 3611 1431 1431 1431 3595 3595 3595 3595 3595 3595 1431 1431 1431 3596 3596 3596 1431 1431 1431 3585 3585 3585 3596 3596 3596 3608 3608 3608 3511 3511 3511 3398 3398 3398 3612 3612 3612 3534 3534 3534 3504 3504 3504 3613 3613 3613 3558 3558 3558 3537 3537 3537 3614 3614 3614 3573 3573 3573 3463 3463 3463 1381 1381 1381 1413 1413 1413 1390 1390 1390 3615 3615 3615 3540 3540 3540 3524 3524 3524 3607 3607 3607 3581 3581 3581 3567 3567 3567 1414 1414 1414 1416 1416 1416 3609 3609 3609 1416 1416 1416 3610 3610 3610 3609 3609 3609 1416 1416 1416 1432 1432 1432 3610 3610 3610 3610 3610 3610 1432 1432 1432 3611 3611 3611 1432 1432 1432 1431 1431 1431 3611 3611 3611 3546 3546 3546 3616 3616 3616 3556 3556 3556 3617 3617 3617 3568 3568 3568 3501 3501 3501 3618 3618 3618 3619 3619 3619 3557 3557 3557 3619 3619 3619 3515 3515 3515 3557 3557 3557 3597 3597 3597 3612 3612 3612 3504 3504 3504 3620 3620 3620 3621 3621 3621 3534 3534 3534 3620 3620 3620 3534 3534 3534 3612 3612 3612 3622 3622 3622 3535 3535 3535 1376 1376 1376 3613 3613 3613 3571 3571 3571 3558 3558 3558 3571 3571 3571 3623 3623 3623 3586 3586 3586 3623 3623 3623 3624 3624 3624 3586 3586 3586 3600 3600 3600 3625 3625 3625 3520 3520 3520 3625 3625 3625 3587 3587 3587 3520 3520 3520 3587 3587 3587 1557 1557 1557 3521 3521 3521 3603 3603 3603 1453 1453 1453 3549 3549 3549 1453 1453 1453 1357 1357 1357 3549 3549 3549 3604 3604 3604 3626 3626 3626 3561 3561 3561 3626 3626 3626 1430 1430 1430 1429 1429 1429 3626 3626 3626 1429 1429 1429 3561 3561 3561 3627 3627 3627 3628 3628 3628 3467 3467 3467 3467 3467 3467 3628 3628 3628 3524 3524 3524 3540 3540 3540 3615 3615 3615 3562 3562 3562 3562 3562 3562 3629 3629 3629 3493 3493 3493 3562 3562 3562 3493 3493 3493 3563 3563 3563 3525 3525 3525 3589 3589 3589 1415 1415 1415 1415 1415 1415 1433 1433 1433 1416 1416 1416 1433 1433 1433 1432 1432 1432 1416 1416 1416 1366 1366 1366 3630 3630 3630 3513 3513 3513 3631 3631 3631 3616 3616 3616 3546 3546 3546 3617 3617 3617 3501 3501 3501 3556 3556 3556 3618 3618 3618 3557 3557 3557 3514 3514 3514 3632 3632 3632 3633 3633 3633 3515 3515 3515 3515 3515 3515 3633 3633 3633 3503 3503 3503 3633 3633 3633 3428 3428 3428 3503 3503 3503 3634 3634 3634 3516 3516 3516 3570 3570 3570 1557 1557 1557 3490 3490 3490 3521 3521 3521 3536 3536 3536 3635 3635 3635 3537 3537 3537 3624 3624 3624 3600 3600 3600 3586 3586 3586 3636 3636 3636 1443 1443 1443 1413 1413 1413 3636 3636 3636 1413 1413 1413 1381 1381 1381 3605 3605 3605 3606 3606 3606 3539 3539 3539 3628 3628 3628 3615 3615 3615 3524 3524 3524 3629 3629 3629 3589 3589 3589 3493 3493 3493 1433 1433 1433 3607 3607 3607 1431 1431 1431 3616 3616 3616 3617 3617 3617 3556 3556 3556 3619 3619 3619 3632 3632 3632 3515 3515 3515 3428 3428 3428 3637 3637 3637 3597 3597 3597 3569 3569 3569 3638 3638 3638 3570 3570 3570 3638 3638 3638 3634 3634 3634 3570 3570 3570 3598 3598 3598 1377 1377 1377 3505 3505 3505 1378 1378 1378 3622 3622 3622 1376 1376 1376 3624 3624 3624 3639 3639 3639 3600 3600 3600 3548 3548 3548 1403 1403 1403 1337 1337 1337 3606 3606 3606 3550 3550 3550 3483 3483 3483 3640 3640 3640 3484 3484 3484 3574 3574 3574 3641 3641 3641 3588 3588 3588 3484 3484 3484 3627 3627 3627 3467 3467 3467 3551 3551 3551 3642 3642 3642 3629 3629 3629 3562 3562 3562 3608 3608 3608 3643 3643 3643 3511 3511 3511 3644 3644 3644 3488 3488 3488 3545 3545 3545 1457 1457 1457 3630 3630 3630 1366 1366 1366 3645 3645 3645 3632 3632 3632 3619 3619 3619 3621 3621 3621 3569 3569 3569 3534 3534 3534 3490 3490 3490 3646 3646 3646 3414 3414 3414 3646 3646 3646 3647 3647 3647 3414 3414 3414 3613 3613 3613 3648 3648 3648 3571 3571 3571 3648 3648 3648 3623 3623 3623 3571 3571 3571 3649 3649 3649 3560 3560 3560 3559 3559 3559 3650 3650 3650 3651 3651 3651 3603 3603 3603 3650 3650 3650 3603 3603 3603 3602 3602 3602 3651 3651 3651 1453 1453 1453 3603 3603 3603 3652 3652 3652 1443 1443 1443 3636 3636 3636 3653 3653 3653 1415 1415 1415 3589 3589 3589 3654 3654 3654 1433 1433 1433 1415 1415 1415 3654 3654 3654 3607 3607 3607 1433 1433 1433 3621 3621 3621 3655 3655 3655 3569 3569 3569 3569 3569 3569 3655 3655 3655 3638 3638 3638 3598 3598 3598 1378 1378 1378 1377 1377 1377 3622 3622 3622 3656 3656 3656 3535 3535 3535 3535 3535 3535 3656 3656 3656 3517 3517 3517 3656 3656 3656 3657 3657 3657 3517 3517 3517 3658 3658 3658 3659 3659 3659 3573 3573 3573 3658 3658 3658 3573 3573 3573 3614 3614 3614 3659 3659 3659 1604 1604 1604 3573 3573 3573 3573 3573 3573 1604 1604 1604 3548 3548 3548 1604 1604 1604 1403 1403 1403 3548 3548 3548 3660 3660 3660 3506 3506 3506 3601 3601 3601 3652 3652 3652 1480 1480 1480 1443 1443 1443 3661 3661 3661 3627 3627 3627 3551 3551 3551 3662 3662 3662 3663 3663 3663 3615 3615 3615 3662 3662 3662 3615 3615 3615 3628 3628 3628 3615 3615 3615 3642 3642 3642 3562 3562 3562 3653 3653 3653 3664 3664 3664 1415 1415 1415 1415 1415 1415 3664 3664 3664 3654 3654 3654 3607 3607 3607 3665 3665 3665 3581 3581 3581 3665 3665 3665 3666 3666 3666 3581 3581 3581 3581 3581 3581 3666 3666 3666 3582 3582 3582 3666 3666 3666 3590 3590 3590 3582 3582 3582 1457 1457 1457 3667 3667 3667 3630 3630 3630 3568 3568 3568 3668 3668 3668 3514 3514 3514 3568 3568 3568 3514 3514 3514 3547 3547 3547 3633 3633 3633 3637 3637 3637 3428 3428 3428 3597 3597 3597 3637 3637 3637 3612 3612 3612 1557 1557 1557 3669 3669 3669 3490 3490 3490 3669 3669 3669 3646 3646 3646 3490 3490 3490 1403 1403 1403 1603 1603 1603 1335 1335 1335 1335 1335 1335 1603 1603 1603 3491 3491 3491 1603 1603 1603 3670 3670 3670 3491 3491 3491 3491 3491 3491 3670 3670 3670 3536 3536 3536 3670 3670 3670 3635 3635 3635 3536 3536 3536 3635 3635 3635 3671 3671 3671 3537 3537 3537 3671 3671 3671 3613 3613 3613 3537 3537 3537 3599 3599 3599 3672 3672 3672 3572 3572 3572 3672 3672 3672 3601 3601 3601 3572 3572 3572 3649 3649 3649 3673 3673 3673 3560 3560 3560 3651 3651 3651 1534 1534 1534 1453 1453 1453 3673 3673 3673 3674 3674 3674 3604 3604 3604 3673 3673 3673 3604 3604 3604 3560 3560 3560 3674 3674 3674 3626 3626 3626 3604 3604 3604 3663 3663 3663 3642 3642 3642 3615 3615 3615 3653 3653 3653 3589 3589 3589 3629 3629 3629 3654 3654 3654 3675 3675 3675 3607 3607 3607 3675 3675 3675 3676 3676 3676 3607 3607 3607 3676 3676 3676 3665 3665 3665 3607 3607 3607 3617 3617 3617 3677 3677 3677 3568 3568 3568 3668 3668 3668 3618 3618 3618 3514 3514 3514 3678 3678 3678 3619 3619 3619 3618 3618 3618 3678 3678 3678 3645 3645 3645 3619 3619 3619 3637 3637 3637 3620 3620 3620 3612 3612 3612 3679 3679 3679 3516 3516 3516 3634 3634 3634 3679 3679 3679 3598 3598 3598 3516 3516 3516 3646 3646 3646 3680 3680 3680 3647 3647 3647 3671 3671 3671 3648 3648 3648 3613 3613 3613 3660 3660 3660 3681 3681 3681 3506 3506 3506 1453 1453 1453 1534 1534 1534 1462 1462 1462 3674 3674 3674 3682 3682 3682 3626 3626 3626 3682 3682 3682 1499 1499 1499 1430 1430 1430 3682 3682 3682 1430 1430 1430 3626 3626 3626 3683 3683 3683 1501 1501 1501 3652 3652 3652 3652 3652 3652 1501 1501 1501 1480 1480 1480 3684 3684 3684 3574 3574 3574 3550 3550 3550 3684 3684 3684 3685 3685 3685 3574 3574 3574 3685 3685 3685 3640 3640 3640 3574 3574 3574 3640 3640 3640 3641 3641 3641 3484 3484 3484 3588 3588 3588 3661 3661 3661 3551 3551 3551 3627 3627 3627 3662 3662 3662 3628 3628 3628 3642 3642 3642 3686 3686 3686 3629 3629 3629 3644 3644 3644 3687 3687 3687 3488 3488 3488 3687 3687 3687 3688 3688 3688 3500 3500 3500 3687 3687 3687 3500 3500 3500 3488 3488 3488 3689 3689 3689 3616 3616 3616 3631 3631 3631 3616 3616 3616 3677 3677 3677 3617 3617 3617 3690 3690 3690 3568 3568 3568 3677 3677 3677 3690 3690 3690 3668 3668 3668 3568 3568 3568 3691 3691 3691 3618 3618 3618 3668 3668 3668 3691 3691 3691 3678 3678 3678 3618 3618 3618 3645 3645 3645 3692 3692 3692 3632 3632 3632 3692 3692 3692 3633 3633 3633 3632 3632 3632 3693 3693 3693 3694 3694 3694 3598 3598 3598 3598 3598 3598 3694 3694 3694 1378 1378 1378 3695 3695 3695 3622 3622 3622 1378 1378 1378 3670 3670 3670 3696 3696 3696 3635 3635 3635 3696 3696 3696 3697 3697 3697 3635 3635 3635 3639 3639 3639 3625 3625 3625 3600 3600 3600 3625 3625 3625 1558 1558 1558 3587 3587 3587 1558 1558 1558 1557 1557 1557 3587 3587 3587 3698 3698 3698 3672 3672 3672 3599 3599 3599 1604 1604 1604 1603 1603 1603 1403 1403 1403 3672 3672 3672 3660 3660 3660 3601 3601 3601 3650 3650 3650 3699 3699 3699 3651 3651 3651 3699 3699 3699 1534 1534 1534 3651 3651 3651 1543 1543 1543 1501 1501 1501 3683 3683 3683 3700 3700 3700 3606 3606 3606 3605 3605 3605 3606 3606 3606 3701 3701 3701 3550 3550 3550 3701 3701 3701 3684 3684 3684 3550 3550 3550 3702 3702 3702 3662 3662 3662 3627 3627 3627 3703 3703 3703 3642 3642 3642 3663 3663 3663 3686 3686 3686 3653 3653 3653 3629 3629 3629 3653 3653 3653 3704 3704 3704 3664 3664 3664 3678 3678 3678 3705 3705 3705 3645 3645 3645 3692 3692 3692 3706 3706 3706 3633 3633 3633 3707 3707 3707 3637 3637 3637 3633 3633 3633 3708 3708 3708 3638 3638 3638 3655 3655 3655 3635 3635 3635 3697 3697 3697 3671 3671 3671 3709 3709 3709 3639 3639 3639 3624 3624 3624 3710 3710 3710 3711 3711 3711 3673 3673 3673 3710 3710 3710 3673 3673 3673 3649 3649 3649 3712 3712 3712 3699 3699 3699 3650 3650 3650 3673 3673 3673 3711 3711 3711 3674 3674 3674 3711 3711 3711 3713 3713 3713 3674 3674 3674 3674 3674 3674 3713 3713 3713 3682 3682 3682 3713 3713 3713 1542 1542 1542 3682 3682 3682 3682 3682 3682 1542 1542 1542 1499 1499 1499 1545 1545 1545 1541 1541 1541 1543 1543 1543 1543 1543 1543 1541 1541 1541 1501 1501 1501 1540 1540 1540 1541 1541 1541 1545 1545 1545 3700 3700 3700 3714 3714 3714 3606 3606 3606 3640 3640 3640 3715 3715 3715 3641 3641 3641 3641 3641 3641 3661 3661 3661 3588 3588 3588 3716 3716 3716 3654 3654 3654 3664 3664 3664 3688 3688 3688 3717 3717 3717 3500 3500 3500 3718 3718 3718 3678 3678 3678 3691 3691 3691 3705 3705 3705 3692 3692 3692 3645 3645 3645 3706 3706 3706 3707 3707 3707 3633 3633 3633 3707 3707 3707 3719 3719 3719 3637 3637 3637 3719 3719 3719 3620 3620 3620 3637 3637 3637 3719 3719 3719 3720 3720 3720 3621 3621 3621 3719 3719 3719 3621 3621 3621 3620 3620 3620 3720 3720 3720 3655 3655 3655 3621 3621 3621 3638 3638 3638 3679 3679 3679 3634 3634 3634 3721 3721 3721 3598 3598 3598 3679 3679 3679 3694 3694 3694 3722 3722 3722 1378 1378 1378 1559 1559 1559 3669 3669 3669 1557 1557 1557 3623 3623 3623 3723 3723 3723 3624 3624 3624 3712 3712 3712 3724 3724 3724 3699 3699 3699 3724 3724 3724 1560 1560 1560 3699 3699 3699 3699 3699 3699 1560 1560 1560 1534 1534 1534 3713 3713 3713 3725 3725 3725 1542 1542 1542 3726 3726 3726 3663 3663 3663 3662 3662 3662 3727 3727 3727 3703 3703 3703 3663 3663 3663 3703 3703 3703 3728 3728 3728 3642 3642 3642 3642 3642 3642 3728 3728 3728 3686 3686 3686 3728 3728 3728 3729 3729 3729 3686 3686 3686 3729 3729 3729 3653 3653 3653 3686 3686 3686 3704 3704 3704 3716 3716 3716 3664 3664 3664 3716 3716 3716 3675 3675 3675 3654 3654 3654 3730 3730 3730 3687 3687 3687 3644 3644 3644 3616 3616 3616 3731 3731 3731 3677 3677 3677 3721 3721 3721 3693 3693 3693 3598 3598 3598 1603 1603 1603 3732 3732 3732 3670 3670 3670 3732 3732 3732 3696 3696 3696 3670 3670 3670 3648 3648 3648 3723 3723 3723 3623 3623 3623 1561 1561 1561 3733 3733 3733 1535 1535 1535 3710 3710 3710 1609 1609 1609 3711 3711 3711 1609 1609 1609 1579 1579 1579 3711 3711 3711 1579 1579 1579 1581 1581 1581 3711 3711 3711 3711 3711 3711 1581 1581 1581 3713 3713 3713 1581 1581 1581 1584 1584 1584 3725 3725 3725 1581 1581 1581 3725 3725 3725 3713 3713 3713 1589 1589 1589 1597 1597 1597 1566 1566 1566 1589 1589 1589 1566 1566 1566 1565 1565 1565 3661 3661 3661 3734 3734 3734 3627 3627 3627 3734 3734 3734 3702 3702 3702 3627 3627 3627 3726 3726 3726 3727 3727 3727 3663 3663 3663 3608 3608 3608 3735 3735 3735 3643 3643 3643 3643 3643 3643 3512 3512 3512 3511 3511 3511 1600 1600 1600 1636 1636 1636 1457 1457 1457 1457 1457 1457 1636 1636 1636 3667 3667 3667 3689 3689 3689 3736 3736 3736 3616 3616 3616 3736 3736 3736 3737 3737 3737 3616 3616 3616 3737 3737 3737 3731 3731 3731 3616 3616 3616 3708 3708 3708 3679 3679 3679 3638 3638 3638 3722 3722 3722 3695 3695 3695 1378 1378 1378 3669 3669 3669 3738 3738 3738 3646 3646 3646 3738 3738 3738 3680 3680 3680 3646 3646 3646 3671 3671 3671 3739 3739 3739 3648 3648 3648 3739 3739 3739 3723 3723 3723 3648 3648 3648 3723 3723 3723 3709 3709 3709 3624 3624 3624 3698 3698 3698 3740 3740 3740 3672 3672 3672 3740 3740 3740 3660 3660 3660 3672 3672 3672 1607 1607 1607 3741 3741 3741 3733 3733 3733 1607 1607 1607 3733 3733 3733 1561 1561 1561 3742 3742 3742 1606 1606 1606 3712 3712 3712 3712 3712 3712 1606 1606 1606 3724 3724 3724 3724 3724 3724 1606 1606 1606 1560 1560 1560 1580 1580 1580 3743 3743 3743 1581 1581 1581 3743 3743 3743 1617 1617 1617 1583 1583 1583 3743 3743 3743 1583 1583 1583 1581 1581 1581 1589 1589 1589 1621 1621 1621 1597 1597 1597 1617 1617 1617 1620 1620 1620 1595 1595 1595 1617 1617 1617 1595 1595 1595 1583 1583 1583 3714 3714 3714 3701 3701 3701 3606 3606 3606 3715 3715 3715 3640 3640 3640 3685 3685 3685 3702 3702 3702 3744 3744 3744 3662 3662 3662 3744 3744 3744 3726 3726 3726 3662 3662 3662 3727 3727 3727 3745 3745 3745 3703 3703 3703 3745 3745 3745 3746 3746 3746 3703 3703 3703 3703 3703 3703 3746 3746 3746 3728 3728 3728 3643 3643 3643 3747 3747 3747 3512 3512 3512 3747 3747 3747 3748 3748 3748 3512 3512 3512 3690 3690 3690 3749 3749 3749 3668 3668 3668 1559 1559 1559 3750 3750 3750 3669 3669 3669 3750 3750 3750 3738 3738 3738 3669 3669 3669 3751 3751 3751 3752 3752 3752 3698 3698 3698 3697 3697 3697 3753 3753 3753 3671 3671 3671 3753 3753 3753 3739 3739 3739 3671 3671 3671 3709 3709 3709 3754 3754 3754 3639 3639 3639 3659 3659 3659 1643 1643 1643 1604 1604 1604 1649 1649 1649 3755 3755 3755 1607 1607 1607 1607 1607 1607 3755 3755 3755 3741 3741 3741 3742 3742 3742 1649 1649 1649 1606 1606 1606 3756 3756 3756 3757 3757 3757 1610 1610 1610 1610 1610 1610 3757 3757 3757 1580 1580 1580 3757 3757 3757 3758 3758 3758 3743 3743 3743 3757 3757 3757 3743 3743 3743 1580 1580 1580 3758 3758 3758 3759 3759 3759 3743 3743 3743 3743 3743 3743 3759 3759 3759 1617 1617 1617 3759 3759 3759 1618 1618 1618 1617 1617 1617 1656 1656 1656 1619 1619 1619 1618 1618 1618 1656 1656 1656 1618 1618 1618 3759 3759 3759 1656 1656 1656 1659 1659 1659 1620 1620 1620 1620 1620 1620 1659 1659 1659 3760 3760 3760 1659 1659 1659 1665 1665 1665 3761 3761 3761 1659 1659 1659 3761 3761 3761 3760 3760 3760 3715 3715 3715 3661 3661 3661 3641 3641 3641 3726 3726 3726 3762 3762 3762 3727 3727 3727 3762 3762 3762 3763 3763 3763 3727 3727 3727 3764 3764 3764 3608 3608 3608 3591 3591 3591 3763 3763 3763 3745 3745 3745 3727 3727 3727 3687 3687 3687 3717 3717 3717 3688 3688 3688 3749 3749 3749 3691 3691 3691 3668 3668 3668 3718 3718 3718 3705 3705 3705 3678 3678 3678 3765 3765 3765 3692 3692 3692 3705 3705 3705 3720 3720 3720 3708 3708 3708 3655 3655 3655 3622 3622 3622 3766 3766 3766 3656 3656 3656 3739 3739 3739 3709 3709 3709 3723 3723 3723 3752 3752 3752 3740 3740 3740 3698 3698 3698 3767 3767 3767 3768 3768 3768 3659 3659 3659 3767 3767 3767 3659 3659 3659 3658 3658 3658 3768 3768 3768 1643 1643 1643 3659 3659 3659 3740 3740 3740 3769 3769 3769 3660 3660 3660 3770 3770 3770 3771 3771 3771 3772 3772 3772 1687 1687 1687 3773 3773 3773 3755 3755 3755 1687 1687 1687 3755 3755 3755 1649 1649 1649 3771 3771 3771 1722 1722 1722 3772 3772 3772 3772 3772 3772 1722 1722 1722 3774 3774 3774 3773 3773 3773 3775 3775 3775 3755 3755 3755 1722 1722 1722 1724 1724 1724 3776 3776 3776 1722 1722 1722 3776 3776 3776 3774 3774 3774 3777 3777 3777 1688 1688 1688 1649 1649 1649 3777 3777 3777 1649 1649 1649 3742 3742 3742 3778 3778 3778 3779 3779 3779 3780 3780 3780 3780 3780 3780 3779 3779 3779 3770 3770 3770 3779 3779 3779 3771 3771 3771 3770 3770 3770 3771 3771 3771 1723 1723 1723 1722 1722 1722 3781 3781 3781 3782 3782 3782 3756 3756 3756 3756 3756 3756 3782 3782 3782 3757 3757 3757 3783 3783 3783 3782 3782 3782 3784 3784 3784 3784 3784 3784 3782 3782 3782 3781 3781 3781 3778 3778 3778 3785 3785 3785 3779 3779 3779 3785 3785 3785 3786 3786 3786 3779 3779 3779 3779 3779 3779 3786 3786 3786 3771 3771 3771 3786 3786 3786 3787 3787 3787 1723 1723 1723 3786 3786 3786 1723 1723 1723 3771 3771 3771 3787 3787 3787 3788 3788 3788 1723 1723 1723 1723 1723 1723 3788 3788 3788 1725 1725 1725 3782 3782 3782 3789 3789 3789 3758 3758 3758 3782 3782 3782 3758 3758 3758 3757 3757 3757 3790 3790 3790 3789 3789 3789 3782 3782 3782 3790 3790 3790 3782 3782 3782 3783 3783 3783 3791 3791 3791 3785 3785 3785 3778 3778 3778 3785 3785 3785 3792 3792 3792 3786 3786 3786 3792 3792 3792 3793 3793 3793 3786 3786 3786 3786 3786 3786 3793 3793 3793 3787 3787 3787 3793 3793 3793 3794 3794 3794 3787 3787 3787 3787 3787 3787 3794 3794 3794 3788 3788 3788 3789 3789 3789 3795 3795 3795 3759 3759 3759 3789 3789 3789 3759 3759 3759 3758 3758 3758 3796 3796 3796 3795 3795 3795 3789 3789 3789 3796 3796 3796 3789 3789 3789 3790 3790 3790 3797 3797 3797 1726 1726 1726 3785 3785 3785 3797 3797 3797 3785 3785 3785 3791 3791 3791 3785 3785 3785 1726 1726 1726 3792 3792 3792 1726 1726 1726 3798 3798 3798 3792 3792 3792 3792 3792 3792 3798 3798 3798 3793 3793 3793 3795 3795 3795 3799 3799 3799 1656 1656 1656 3795 3795 3795 1656 1656 1656 3759 3759 3759 1660 1660 1660 1730 1730 1730 1692 1692 1692 3797 3797 3797 1727 1727 1727 1726 1726 1726 3799 3799 3799 1657 1657 1657 1656 1656 1656 1660 1660 1660 1693 1693 1693 1730 1730 1730 1657 1657 1657 1697 1697 1697 1658 1658 1658 1696 1696 1696 1699 1699 1699 3800 3800 3800 1696 1696 1696 3800 3800 3800 1665 1665 1665 1699 1699 1699 1705 1705 1705 3801 3801 3801 1699 1699 1699 3801 3801 3801 3800 3800 3800 3700 3700 3700 3802 3802 3802 3714 3714 3714 3684 3684 3684 3803 3803 3803 3685 3685 3685 3685 3685 3685 3803 3803 3803 3715 3715 3715 3803 3803 3803 3804 3804 3804 3715 3715 3715 3715 3715 3715 3734 3734 3734 3661 3661 3661 3734 3734 3734 3805 3805 3805 3702 3702 3702 3744 3744 3744 3806 3806 3806 3726 3726 3726 3806 3806 3806 3807 3807 3807 3726 3726 3726 3807 3807 3807 3808 3808 3808 3762 3762 3762 3807 3807 3807 3762 3762 3762 3726 3726 3726 3808 3808 3808 3809 3809 3809 3762 3762 3762 3762 3762 3762 3809 3809 3809 3763 3763 3763 3809 3809 3809 1745 1745 1745 3763 3763 3763 1745 1745 1745 1747 1747 1747 3745 3745 3745 1745 1745 1745 3745 3745 3745 3763 3763 3763 3735 3735 3735 3747 3747 3747 3643 3643 3643 3810 3810 3810 3736 3736 3736 3689 3689 3689 3731 3731 3731 3811 3811 3811 3677 3677 3677 3811 3811 3811 3690 3690 3690 3677 3677 3677 3812 3812 3812 3813 3813 3813 3707 3707 3707 3707 3707 3707 3813 3813 3813 3719 3719 3719 3813 3813 3813 3720 3720 3720 3719 3719 3719 3814 3814 3814 3721 3721 3721 3679 3679 3679 3754 3754 3754 3815 3815 3815 3639 3639 3639 3639 3639 3639 3816 3816 3816 3625 3625 3625 3816 3816 3816 1558 1558 1558 3625 3625 3625 3769 3769 3769 3681 3681 3681 3660 3660 3660 3798 3798 3798 3817 3817 3817 3793 3793 3793 3793 3793 3793 3818 3818 3818 3794 3794 3794 3796 3796 3796 3819 3819 3819 3795 3795 3795 3819 3819 3819 3799 3799 3799 3795 3795 3795 3817 3817 3817 3818 3818 3818 3793 3793 3793 1728 1728 1728 3798 3798 3798 1726 1726 1726 1729 1729 1729 3820 3820 3820 1728 1728 1728 1728 1728 1728 3820 3820 3820 3798 3798 3798 3820 3820 3820 3821 3821 3821 3798 3798 3798 3798 3798 3798 3821 3821 3821 3817 3817 3817 3819 3819 3819 3822 3822 3822 3799 3799 3799 3821 3821 3821 3823 3823 3823 3818 3818 3818 3821 3821 3821 3818 3818 3818 3817 3817 3817 1732 1732 1732 3824 3824 3824 1729 1729 1729 3824 3824 3824 1781 1781 1781 1729 1729 1729 1729 1729 1729 1781 1781 1781 3820 3820 3820 3799 3799 3799 3825 3825 3825 1657 1657 1657 1657 1657 1657 3825 3825 3825 1697 1697 1697 3826 3826 3826 3825 3825 3825 3799 3799 3799 3826 3826 3826 3799 3799 3799 3822 3822 3822 3825 3825 3825 3827 3827 3827 1697 1697 1697 1697 1697 1697 3827 3827 3827 1698 1698 1698 3827 3827 3827 1743 1743 1743 1704 1704 1704 3827 3827 3827 1704 1704 1704 1698 1698 1698 1742 1742 1742 1744 1744 1744 3828 3828 3828 1742 1742 1742 3828 3828 3828 1705 1705 1705 3701 3701 3701 3829 3829 3829 3684 3684 3684 3805 3805 3805 3830 3830 3830 3702 3702 3702 3830 3830 3830 3744 3744 3744 3702 3702 3702 3831 3831 3831 3832 3832 3832 3806 3806 3806 3831 3831 3831 3806 3806 3806 3744 3744 3744 3832 3832 3832 3833 3833 3833 3807 3807 3807 3832 3832 3832 3807 3807 3807 3806 3806 3806 3833 3833 3833 3834 3834 3834 3808 3808 3808 3833 3833 3833 3808 3808 3808 3807 3807 3807 1746 1746 1746 1745 1745 1745 3809 3809 3809 1842 1842 1842 3729 3729 3729 3728 3728 3728 3835 3835 3835 3716 3716 3716 3704 3704 3704 3836 3836 3836 3675 3675 3675 3716 3716 3716 1747 1747 1747 3837 3837 3837 3745 3745 3745 3837 3837 3837 3746 3746 3746 3745 3745 3745 3691 3691 3691 3838 3838 3838 3718 3718 3718 3718 3718 3718 3838 3838 3838 3705 3705 3705 3838 3838 3838 3765 3765 3765 3705 3705 3705 3692 3692 3692 3839 3839 3839 3706 3706 3706 3839 3839 3839 3840 3840 3840 3706 3706 3706 3706 3706 3706 3840 3840 3840 3707 3707 3707 3840 3840 3840 3812 3812 3812 3707 3707 3707 3814 3814 3814 3693 3693 3693 3721 3721 3721 3841 3841 3841 3722 3722 3722 3694 3694 3694 3695 3695 3695 3766 3766 3766 3622 3622 3622 1605 1605 1605 3732 3732 3732 1603 1603 1603 3696 3696 3696 3753 3753 3753 3697 3697 3697 3815 3815 3815 3816 3816 3816 3639 3639 3639 1781 1781 1781 3842 3842 3842 3820 3820 3820 3820 3820 3820 3842 3842 3842 3821 3821 3821 3821 3821 3821 3843 3843 3843 3823 3823 3823 3844 3844 3844 3845 3845 3845 3826 3826 3826 3844 3844 3844 3826 3826 3826 3822 3822 3822 3842 3842 3842 3846 3846 3846 3843 3843 3843 3842 3842 3842 3843 3843 3843 3821 3821 3821 1758 1758 1758 3824 3824 3824 1732 1732 1732 1757 1757 1757 3847 3847 3847 1758 1758 1758 1758 1758 1758 3847 3847 3847 3824 3824 3824 3847 3847 3847 1782 1782 1782 3824 3824 3824 3824 3824 3824 1782 1782 1782 1781 1781 1781 3826 3826 3826 3848 3848 3848 3827 3827 3827 3826 3826 3826 3827 3827 3827 3825 3825 3825 3849 3849 3849 3848 3848 3848 3826 3826 3826 3849 3849 3849 3826 3826 3826 3845 3845 3845 3850 3850 3850 1786 1786 1786 3847 3847 3847 3850 3850 3850 3847 3847 3847 1757 1757 1757 1786 1786 1786 1784 1784 1784 3847 3847 3847 3847 3847 3847 1784 1784 1784 1782 1782 1782 3848 3848 3848 3851 3851 3851 3827 3827 3827 3827 3827 3827 3851 3851 3851 1743 1743 1743 3851 3851 3851 3852 3852 3852 1744 1744 1744 3851 3851 3851 1744 1744 1744 1743 1743 1743 3830 3830 3830 3853 3853 3853 3831 3831 3831 3830 3830 3830 3831 3831 3831 3744 3744 3744 3853 3853 3853 3854 3854 3854 3832 3832 3832 3853 3853 3853 3832 3832 3832 3831 3831 3831 3852 3852 3852 3855 3855 3855 1744 1744 1744 1744 1744 1744 3855 3855 3855 3856 3856 3856 3729 3729 3729 3857 3857 3857 3653 3653 3653 3857 3857 3857 3704 3704 3704 3653 3653 3653 3857 3857 3857 3835 3835 3835 3704 3704 3704 3675 3675 3675 3858 3858 3858 3676 3676 3676 3858 3858 3858 3665 3665 3665 3676 3676 3676 3859 3859 3859 3837 3837 3837 1747 1747 1747 3746 3746 3746 1842 1842 1842 3728 3728 3728 3737 3737 3737 3811 3811 3811 3731 3731 3731 3692 3692 3692 3765 3765 3765 3839 3839 3839 3860 3860 3860 3813 3813 3813 3812 3812 3812 3861 3861 3861 3708 3708 3708 3720 3720 3720 3862 3862 3862 3863 3863 3863 3708 3708 3708 3708 3708 3708 3863 3863 3863 3679 3679 3679 3814 3814 3814 3694 3694 3694 3693 3693 3693 3814 3814 3814 3841 3841 3841 3694 3694 3694 1880 1880 1880 3695 3695 3695 3722 3722 3722 3864 3864 3864 3739 3739 3739 3753 3753 3753 3709 3709 3709 3815 3815 3815 3754 3754 3754 1783 1783 1783 3842 3842 3842 1781 1781 1781 1782 1782 1782 3865 3865 3865 1783 1783 1783 1783 1783 1783 3866 3866 3866 3842 3842 3842 3842 3842 3842 3866 3866 3866 3846 3846 3846 3866 3866 3866 3867 3867 3867 3846 3846 3846 3865 3865 3865 3866 3866 3866 1783 1783 1783 1785 1785 1785 3868 3868 3868 1782 1782 1782 1782 1782 1782 3868 3868 3868 3865 3865 3865 3868 3868 3868 3869 3869 3869 3865 3865 3865 3865 3865 3865 3869 3869 3869 3866 3866 3866 3849 3849 3849 3870 3870 3870 3848 3848 3848 3848 3848 3848 3870 3870 3870 3851 3851 3851 3869 3869 3869 3871 3871 3871 3867 3867 3867 3869 3869 3869 3867 3867 3867 3866 3866 3866 1788 1788 1788 1785 1785 1785 1784 1784 1784 1788 1788 1788 1784 1784 1784 1786 1786 1786 1789 1789 1789 1796 1796 1796 1788 1788 1788 1788 1788 1788 1796 1796 1796 1785 1785 1785 3870 3870 3870 3872 3872 3872 3851 3851 3851 3851 3851 3851 3872 3872 3872 3852 3852 3852 3873 3873 3873 3802 3802 3802 3700 3700 3700 3802 3802 3802 3874 3874 3874 3714 3714 3714 3874 3874 3874 3701 3701 3701 3714 3714 3714 3804 3804 3804 3734 3734 3734 3715 3715 3715 3830 3830 3830 3875 3875 3875 3853 3853 3853 3875 3875 3875 3876 3876 3876 3853 3853 3853 3853 3853 3853 3876 3876 3876 3854 3854 3854 3872 3872 3872 3855 3855 3855 3852 3852 3852 1842 1842 1842 3877 3877 3877 3729 3729 3729 3877 3877 3877 3857 3857 3857 3729 3729 3729 3835 3835 3835 3878 3878 3878 3716 3716 3716 3878 3878 3878 3836 3836 3836 3716 3716 3716 3836 3836 3836 3879 3879 3879 3675 3675 3675 3879 3879 3879 3858 3858 3858 3675 3675 3675 3880 3880 3880 3881 3881 3881 3837 3837 3837 3880 3880 3880 3837 3837 3837 3859 3859 3859 3881 3881 3881 1843 1843 1843 3837 3837 3837 3837 3837 3837 1843 1843 1843 3746 3746 3746 3811 3811 3811 3882 3882 3882 3690 3690 3690 3882 3882 3882 3883 3883 3883 3690 3690 3690 3690 3690 3690 3883 3883 3883 3749 3749 3749 3749 3749 3749 3884 3884 3884 3691 3691 3691 3884 3884 3884 3885 3885 3885 3691 3691 3691 3885 3885 3885 3838 3838 3838 3691 3691 3691 3886 3886 3886 3765 3765 3765 3838 3838 3838 3839 3839 3839 3887 3887 3887 3840 3840 3840 3887 3887 3887 3860 3860 3860 3812 3812 3812 3887 3887 3887 3812 3812 3812 3840 3840 3840 3813 3813 3813 3861 3861 3861 3720 3720 3720 3861 3861 3861 3862 3862 3862 3708 3708 3708 3863 3863 3863 3888 3888 3888 3679 3679 3679 3888 3888 3888 3814 3814 3814 3679 3679 3679 3841 3841 3841 1880 1880 1880 3722 3722 3722 3750 3750 3750 3889 3889 3889 3738 3738 3738 3890 3890 3890 3752 3752 3752 3751 3751 3751 3739 3739 3739 3891 3891 3891 3709 3709 3709 3891 3891 3891 3815 3815 3815 3709 3709 3709 1798 1798 1798 3892 3892 3892 3868 3868 3868 1798 1798 1798 3868 3868 3868 1785 1785 1785 1797 1797 1797 3893 3893 3893 3892 3892 3892 1797 1797 1797 3892 3892 3892 1798 1798 1798 3892 3892 3892 3869 3869 3869 3868 3868 3868 3893 3893 3893 3894 3894 3894 3892 3892 3892 3892 3892 3892 3894 3894 3894 3869 3869 3869 3869 3869 3869 3895 3895 3895 3871 3871 3871 3896 3896 3896 3897 3897 3897 3870 3870 3870 3870 3870 3870 3897 3897 3897 3872 3872 3872 3894 3894 3894 3898 3898 3898 3895 3895 3895 3894 3894 3894 3895 3895 3895 3869 3869 3869 3804 3804 3804 3899 3899 3899 3734 3734 3734 3805 3805 3805 3900 3900 3900 3830 3830 3830 3900 3900 3900 3901 3901 3901 3830 3830 3830 3830 3830 3830 3901 3901 3901 3875 3875 3875 3901 3901 3901 3902 3902 3902 3875 3875 3875 3875 3875 3875 3902 3902 3902 3876 3876 3876 3902 3902 3902 3903 3903 3903 3876 3876 3876 1789 1789 1789 1797 1797 1797 1796 1796 1796 3903 3903 3903 1806 1806 1806 1805 1805 1805 3904 3904 3904 3905 3905 3905 3880 3880 3880 3906 3906 3906 3878 3878 3878 3835 3835 3835 3905 3905 3905 3881 3881 3881 3880 3880 3880 1843 1843 1843 1842 1842 1842 3746 3746 3746 3735 3735 3735 3907 3907 3907 3747 3747 3747 3747 3747 3747 3908 3908 3908 3748 3748 3748 3737 3737 3737 3909 3909 3909 3811 3811 3811 3883 3883 3883 3884 3884 3884 3749 3749 3749 3910 3910 3910 3886 3886 3886 3838 3838 3838 3911 3911 3911 3887 3887 3887 3839 3839 3839 3888 3888 3888 3912 3912 3912 3814 3814 3814 3912 3912 3912 3841 3841 3841 3814 3814 3814 3912 3912 3912 3913 3913 3913 3841 3841 3841 3913 3913 3913 1880 1880 1880 3841 3841 3841 3914 3914 3914 3695 3695 3695 1880 1880 1880 3695 3695 3695 3915 3915 3915 3766 3766 3766 3732 3732 3732 3916 3916 3916 3696 3696 3696 3916 3916 3916 3753 3753 3753 3696 3696 3696 3917 3917 3917 3864 3864 3864 3753 3753 3753 3918 3918 3918 3739 3739 3739 3864 3864 3864 3918 3918 3918 3891 3891 3891 3739 3739 3739 3919 3919 3919 1833 1833 1833 3768 3768 3768 3919 3919 3919 3768 3768 3768 3767 3767 3767 1833 1833 1833 1643 1643 1643 3768 3768 3768 3829 3829 3829 3803 3803 3803 3684 3684 3684 3734 3734 3734 3920 3920 3920 3805 3805 3805 3902 3902 3902 1808 1808 1808 3903 3903 3903 1808 1808 1808 1806 1806 1806 3903 3903 3903 1807 1807 1807 3921 3921 3921 3922 3922 3922 1807 1807 1807 3922 3922 3922 1805 1805 1805 3921 3921 3921 3923 3923 3923 3904 3904 3904 3921 3921 3921 3904 3904 3904 3922 3922 3922 3923 3923 3923 3905 3905 3905 3904 3904 3904 3857 3857 3857 3906 3906 3906 3835 3835 3835 3885 3885 3885 3910 3910 3910 3838 3838 3838 3860 3860 3860 3924 3924 3924 3813 3813 3813 3924 3924 3924 3861 3861 3861 3813 3813 3813 3925 3925 3925 3862 3862 3862 3861 3861 3861 3916 3916 3916 3917 3917 3917 3753 3753 3753 3917 3917 3917 3926 3926 3926 3864 3864 3864 3918 3918 3918 3927 3927 3927 3891 3891 3891 3816 3816 3816 1826 1826 1826 1558 1558 1558 3928 3928 3928 3899 3899 3899 3804 3804 3804 3900 3900 3900 3929 3929 3929 3902 3902 3902 3900 3900 3900 3902 3902 3902 3901 3901 3901 3929 3929 3929 1808 1808 1808 3902 3902 3902 1808 1808 1808 3929 3929 3929 1807 1807 1807 3929 3929 3929 3930 3930 3930 1807 1807 1807 1807 1807 1807 3930 3930 3930 3921 3921 3921 3930 3930 3930 3931 3931 3931 3923 3923 3923 3930 3930 3930 3923 3923 3923 3921 3921 3921 3923 3923 3923 3931 3931 3931 3905 3905 3905 3932 3932 3932 3608 3608 3608 3764 3764 3764 3931 3931 3931 1844 1844 1844 3905 3905 3905 3905 3905 3905 1844 1844 1844 3881 3881 3881 1844 1844 1844 1843 1843 1843 3881 3881 3881 3810 3810 3810 3933 3933 3933 3736 3736 3736 3933 3933 3933 3737 3737 3737 3736 3736 3736 3765 3765 3765 3934 3934 3934 3839 3839 3839 1834 1834 1834 3732 3732 3732 1605 1605 1605 3891 3891 3891 3935 3935 3935 3815 3815 3815 3935 3935 3935 3816 3816 3816 3815 3815 3815 3740 3740 3740 3936 3936 3936 3769 3769 3769 3936 3936 3936 3937 3937 3937 3681 3681 3681 3936 3936 3936 3681 3681 3681 3769 3769 3769 3920 3920 3920 3900 3900 3900 3805 3805 3805 3929 3929 3929 3931 3931 3931 3930 3930 3930 3877 3877 3877 3938 3938 3938 3857 3857 3857 3878 3878 3878 3879 3879 3879 3836 3836 3836 3665 3665 3665 3939 3939 3939 3666 3666 3666 1812 1812 1812 1801 1801 1801 1888 1888 1888 3940 3940 3940 3933 3933 3933 3810 3810 3810 3717 3717 3717 3941 3941 3941 3942 3942 3942 3933 3933 3933 3943 3943 3943 3737 3737 3737 3943 3943 3943 3909 3909 3909 3737 3737 3737 3944 3944 3944 3883 3883 3883 3882 3882 3882 3934 3934 3934 3911 3911 3911 3839 3839 3839 3887 3887 3887 3924 3924 3924 3860 3860 3860 1826 1826 1826 3750 3750 3750 1559 1559 1559 3890 3890 3890 3945 3945 3945 3752 3752 3752 3945 3945 3945 3946 3946 3946 3740 3740 3740 3945 3945 3945 3740 3740 3740 3752 3752 3752 3946 3946 3946 3936 3936 3936 3740 3740 3740 3874 3874 3874 3829 3829 3829 3701 3701 3701 3899 3899 3899 3920 3920 3920 3734 3734 3734 3931 3931 3931 3947 3947 3947 1844 1844 1844 3947 3947 3947 1842 1842 1842 1844 1844 1844 3947 3947 3947 3948 3948 3948 1842 1842 1842 3948 3948 3948 3877 3877 3877 1842 1842 1842 3948 3948 3948 3938 3938 3938 3877 3877 3877 3938 3938 3938 3949 3949 3949 3857 3857 3857 3858 3858 3858 3950 3950 3950 3665 3665 3665 3950 3950 3950 3939 3939 3939 3665 3665 3665 3730 3730 3730 3951 3951 3951 3687 3687 3687 3951 3951 3951 3717 3717 3717 3687 3687 3687 3909 3909 3909 3882 3882 3882 3811 3811 3811 3886 3886 3886 3952 3952 3952 3765 3765 3765 3888 3888 3888 3953 3953 3953 3912 3912 3912 1882 1882 1882 3914 3914 3914 1880 1880 1880 3914 3914 3914 3954 3954 3954 3695 3695 3695 3954 3954 3954 3915 3915 3915 3695 3695 3695 1834 1834 1834 3955 3955 3955 3732 3732 3732 3926 3926 3926 3918 3918 3918 3864 3864 3864 3829 3829 3829 3956 3956 3956 3803 3803 3803 3803 3803 3803 3957 3957 3957 3804 3804 3804 3957 3957 3957 3928 3928 3928 3804 3804 3804 3920 3920 3920 3958 3958 3958 3900 3900 3900 3958 3958 3958 3947 3947 3947 3900 3900 3900 3900 3900 3900 3947 3947 3947 3929 3929 3929 3929 3929 3929 3947 3947 3947 3931 3931 3931 3949 3949 3949 3906 3906 3906 3857 3857 3857 3884 3884 3884 3959 3959 3959 3885 3885 3885 3959 3959 3959 3910 3910 3910 3885 3885 3885 3887 3887 3887 3960 3960 3960 3924 3924 3924 3924 3924 3924 3961 3961 3961 3861 3861 3861 3925 3925 3925 3863 3863 3863 3862 3862 3862 1881 1881 1881 1880 1880 1880 3913 3913 3913 3955 3955 3955 3916 3916 3916 3732 3732 3732 3927 3927 3927 3962 3962 3962 3891 3891 3891 3962 3962 3962 3935 3935 3935 3891 3891 3891 3899 3899 3899 3963 3963 3963 3920 3920 3920 3920 3920 3920 3963 3963 3963 3958 3958 3958 3958 3958 3958 3964 3964 3964 3947 3947 3947 3964 3964 3964 3948 3948 3948 3947 3947 3947 3965 3965 3965 3858 3858 3858 3879 3879 3879 3951 3951 3951 3941 3941 3941 3717 3717 3717 3966 3966 3966 3959 3959 3959 3884 3884 3884 3911 3911 3911 3960 3960 3960 3887 3887 3887 3961 3961 3961 3925 3925 3925 3861 3861 3861 3953 3953 3953 3913 3913 3913 3912 3912 3912 1826 1826 1826 1917 1917 1917 3750 3750 3750 1917 1917 1917 3889 3889 3889 3750 3750 3750 3917 3917 3917 3967 3967 3967 3926 3926 3926 3968 3968 3968 1883 1883 1883 1833 1833 1833 3968 3968 3968 1833 1833 1833 3919 3919 3919 3969 3969 3969 3956 3956 3956 3829 3829 3829 3928 3928 3928 3970 3970 3970 3899 3899 3899 3963 3963 3963 3964 3964 3964 3958 3958 3958 3608 3608 3608 3907 3907 3907 3735 3735 3735 3883 3883 3883 3966 3966 3966 3884 3884 3884 3910 3910 3910 3952 3952 3952 3886 3886 3886 3952 3952 3952 3971 3971 3971 3765 3765 3765 3971 3971 3971 3934 3934 3934 3765 3765 3765 3972 3972 3972 3803 3803 3803 3956 3956 3956 3972 3972 3972 3957 3957 3957 3803 3803 3803 3970 3970 3970 3963 3963 3963 3899 3899 3899 3973 3973 3973 3964 3964 3964 3963 3963 3963 3964 3964 3964 3973 3973 3973 3948 3948 3948 3973 3973 3973 3974 3974 3974 3948 3948 3948 3974 3974 3974 3938 3938 3938 3948 3948 3948 3974 3974 3974 3949 3949 3949 3938 3938 3938 3965 3965 3965 3950 3950 3950 3858 3858 3858 3950 3950 3950 3975 3975 3975 3939 3939 3939 3925 3925 3925 3953 3953 3953 3863 3863 3863 3953 3953 3953 3888 3888 3888 3863 3863 3863 1975 1975 1975 1881 1881 1881 3913 3913 3913 3955 3955 3955 3976 3976 3976 3916 3916 3916 3967 3967 3967 3918 3918 3918 3926 3926 3926 3918 3918 3918 3977 3977 3977 3927 3927 3927 3935 3935 3935 3978 3978 3978 3816 3816 3816 3978 3978 3978 1826 1826 1826 3816 3816 3816 3979 3979 3979 3980 3980 3980 3802 3802 3802 3979 3979 3979 3802 3802 3802 3873 3873 3873 3980 3980 3980 3874 3874 3874 3802 3802 3802 3981 3981 3981 3973 3973 3973 3963 3963 3963 3975 3975 3975 3982 3982 3982 3939 3939 3939 3983 3983 3983 3984 3984 3984 3932 3932 3932 3932 3932 3932 3984 3984 3984 3608 3608 3608 3608 3608 3608 3984 3984 3984 3907 3907 3907 3985 3985 3985 3935 3935 3935 3962 3962 3962 3985 3985 3985 3978 3978 3978 3935 3935 3935 3978 3978 3978 1918 1918 1918 1826 1826 1826 3946 3946 3946 3986 3986 3986 3936 3936 3936 3970 3970 3970 3981 3981 3981 3963 3963 3963 3981 3981 3981 3987 3987 3987 3973 3973 3973 3988 3988 3988 3974 3974 3974 3973 3973 3973 3989 3989 3989 3879 3879 3879 3878 3878 3878 3959 3959 3959 3952 3952 3952 3910 3910 3910 3990 3990 3990 3960 3960 3960 3911 3911 3911 3990 3990 3990 3991 3991 3991 3960 3960 3960 3991 3991 3991 3924 3924 3924 3960 3960 3960 3991 3991 3991 3961 3961 3961 3924 3924 3924 3992 3992 3992 3913 3913 3913 3953 3953 3953 3890 3890 3890 3993 3993 3993 3945 3945 3945 1920 1920 1920 3955 3955 3955 1834 1834 1834 3976 3976 3976 3994 3994 3994 3916 3916 3916 3916 3916 3916 3994 3994 3994 3917 3917 3917 3994 3994 3994 3967 3967 3967 3917 3917 3917 3927 3927 3927 3995 3995 3995 3962 3962 3962 3995 3995 3995 3985 3985 3985 3962 3962 3962 3993 3993 3993 3946 3946 3946 3945 3945 3945 3968 3968 3968 3996 3996 3996 1883 1883 1883 3996 3996 3996 1919 1919 1919 1883 1883 1883 3986 3986 3986 3937 3937 3937 3936 3936 3936 3997 3997 3997 3972 3972 3972 3956 3956 3956 3998 3998 3998 3928 3928 3928 3957 3957 3957 3928 3928 3928 3981 3981 3981 3970 3970 3970 3949 3949 3949 3989 3989 3989 3906 3906 3906 3906 3906 3906 3989 3989 3989 3878 3878 3878 3951 3951 3951 3999 3999 3999 3941 3941 3941 3909 3909 3909 4000 4000 4000 3882 3882 3882 4000 4000 4000 4001 4001 4001 3882 3882 3882 3882 3882 3882 4001 4001 4001 3944 3944 3944 3944 3944 3944 4001 4001 4001 3883 3883 3883 3959 3959 3959 4002 4002 4002 3952 3952 3952 4003 4003 4003 3990 3990 3990 3911 3911 3911 4004 4004 4004 3953 3953 3953 3925 3925 3925 1882 1882 1882 4005 4005 4005 3914 3914 3914 4005 4005 4005 3954 3954 3954 3914 3914 3914 3967 3967 3967 3977 3977 3977 3918 3918 3918 3977 3977 3977 3995 3995 3995 3927 3927 3927 3980 3980 3980 3829 3829 3829 3874 3874 3874 4006 4006 4006 3969 3969 3969 3829 3829 3829 3997 3997 3997 4007 4007 4007 3972 3972 3972 4007 4007 4007 3998 3998 3998 3957 3957 3957 4007 4007 4007 3957 3957 3957 3972 3972 3972 3987 3987 3987 3988 3988 3988 3973 3973 3973 4008 4008 4008 3965 3965 3965 3879 3879 3879 4009 4009 4009 3933 3933 3933 3940 3940 3940 4010 4010 4010 4000 4000 4000 3909 3909 3909 3971 3971 3971 4011 4011 4011 3934 3934 3934 3934 3934 3934 4003 4003 4003 3911 3911 3911 4012 4012 4012 3961 3961 3961 3991 3991 3991 3961 3961 3961 4013 4013 4013 3925 3925 3925 4013 4013 4013 4004 4004 4004 3925 3925 3925 4004 4004 4004 4014 4014 4014 3953 3953 3953 3953 3953 3953 4014 4014 4014 3992 3992 3992 3992 3992 3992 4015 4015 4015 3913 3913 3913 4015 4015 4015 1975 1975 1975 3913 3913 3913 4016 4016 4016 4005 4005 4005 1882 1882 1882 1917 1917 1917 4017 4017 4017 3889 3889 3889 4017 4017 4017 4018 4018 4018 3889 3889 3889 3955 3955 3955 4019 4019 4019 3976 3976 3976 4019 4019 4019 3994 3994 3994 3976 3976 3976 3994 3994 3994 4020 4020 4020 3967 3967 3967 3993 3993 3993 4021 4021 4021 3946 3946 3946 4022 4022 4022 3996 3996 3996 3968 3968 3968 4021 4021 4021 3986 3986 3986 3946 3946 3946 3986 3986 3986 4023 4023 4023 3937 3937 3937 3980 3980 3980 4006 4006 4006 3829 3829 3829 3969 3969 3969 3997 3997 3997 3956 3956 3956 3928 3928 3928 4024 4024 4024 3981 3981 3981 4024 4024 4024 3987 3987 3987 3981 3981 3981 3988 3988 3988 4025 4025 4025 3974 3974 3974 3949 3949 3949 4026 4026 4026 3989 3989 3989 4026 4026 4026 4027 4027 4027 3989 3989 3989 4027 4027 4027 4008 4008 4008 3989 3989 3989 3989 3989 3989 4008 4008 4008 3879 3879 3879 4028 4028 4028 4029 4029 4029 3965 3965 3965 4029 4029 4029 3950 3950 3950 3965 3965 3965 3984 3984 3984 4030 4030 4030 3907 3907 3907 3943 3943 3943 4010 4010 4010 3909 3909 3909 4005 4005 4005 4031 4031 4031 3954 3954 3954 1952 1952 1952 4017 4017 4017 1917 1917 1917 4020 4020 4020 3977 3977 3977 3967 3967 3967 4032 4032 4032 3985 3985 3985 3995 3995 3995 4006 4006 4006 4033 4033 4033 3969 3969 3969 4033 4033 4033 3997 3997 3997 3969 3969 3969 3998 3998 3998 4034 4034 4034 3928 3928 3928 4034 4034 4034 4024 4024 4024 3928 3928 3928 3974 3974 3974 4026 4026 4026 3949 3949 3949 4035 4035 4035 3999 3999 3999 3951 3951 3951 4001 4001 4001 3966 3966 3966 3883 3883 3883 3966 3966 3966 4036 4036 4036 3959 3959 3959 4002 4002 4002 4037 4037 4037 3952 3952 3952 4037 4037 4037 3971 3971 3971 3952 3952 3952 4038 4038 4038 3991 3991 3991 3990 3990 3990 4039 4039 4039 4012 4012 4012 3991 3991 3991 4012 4012 4012 4040 4040 4040 3961 3961 3961 4014 4014 4014 4015 4015 4015 3992 3992 3992 1974 1974 1974 1881 1881 1881 1975 1975 1975 1974 1974 1974 1882 1882 1882 1881 1881 1881 4019 4019 4019 3955 3955 3955 1920 1920 1920 4019 4019 4019 4041 4041 4041 3994 3994 3994 4041 4041 4041 4042 4042 4042 3994 3994 3994 4042 4042 4042 4020 4020 4020 3994 3994 3994 4022 4022 4022 4043 4043 4043 3996 3996 3996 4043 4043 4043 1919 1919 1919 3996 3996 3996 4023 4023 4023 3986 3986 3986 4021 4021 4021 4025 4025 4025 4026 4026 4026 3974 3974 3974 4008 4008 4008 4028 4028 4028 3965 3965 3965 3983 3983 3983 4044 4044 4044 3984 3984 3984 4045 4045 4045 4036 4036 4036 3966 3966 3966 4011 4011 4011 4003 4003 4003 3934 3934 3934 4003 4003 4003 4038 4038 4038 3990 3990 3990 4040 4040 4040 4013 4013 4013 3961 3961 3961 1970 1970 1970 4019 4019 4019 1920 1920 1920 3977 3977 3977 4046 4046 4046 3995 3995 3995 4046 4046 4046 4032 4032 4032 3995 3995 3995 4032 4032 4032 4047 4047 4047 3985 3985 3985 3985 3985 3985 4047 4047 4047 3978 3978 3978 4047 4047 4047 1943 1943 1943 3978 3978 3978 3978 3978 3978 1943 1943 1943 1918 1918 1918 4048 4048 4048 3988 3988 3988 3987 3987 3987 4048 4048 4048 4025 4025 4025 3988 3988 3988 4049 4049 4049 4050 4050 4050 4027 4027 4027 4027 4027 4027 4050 4050 4050 4008 4008 4008 4050 4050 4050 4028 4028 4028 4008 4008 4008 4035 4035 4035 4051 4051 4051 3999 3999 3999 4009 4009 4009 4052 4052 4052 3933 3933 3933 4052 4052 4052 3943 3943 3943 3933 3933 3933 4010 4010 4010 4001 4001 4001 4000 4000 4000 4038 4038 4038 4039 4039 4039 3991 3991 3991 4053 4053 4053 4015 4015 4015 4014 4014 4014 1974 1974 1974 4016 4016 4016 1882 1882 1882 3998 3998 3998 4054 4054 4054 4034 4034 4034 4034 4034 4034 4055 4055 4055 4024 4024 4024 4056 4056 4056 4048 4048 4048 3987 3987 3987 4025 4025 4025 4057 4057 4057 4026 4026 4026 4057 4057 4057 4049 4049 4049 4027 4027 4027 4057 4057 4057 4027 4027 4027 4026 4026 4026 3984 3984 3984 4044 4044 4044 4030 4030 4030 4058 4058 4058 4035 4035 4035 3951 3951 3951 4001 4001 4001 4059 4059 4059 3966 3966 3966 4036 4036 4036 4002 4002 4002 3959 3959 3959 4060 4060 4060 4039 4039 4039 4038 4038 4038 4061 4061 4061 4012 4012 4012 4039 4039 4039 4061 4061 4061 4040 4040 4040 4012 4012 4012 4004 4004 4004 4053 4053 4053 4014 4014 4014 1976 1976 1976 1975 1975 1975 4015 4015 4015 4042 4042 4042 4062 4062 4062 4020 4020 4020 4063 4063 4063 3977 3977 3977 4020 4020 4020 4064 4064 4064 4047 4047 4047 4032 4032 4032 4065 4065 4065 4066 4066 4066 3993 3993 3993 3993 3993 3993 4066 4066 4066 4021 4021 4021 4043 4043 4043 1987 1987 1987 1919 1919 1919 4066 4066 4066 4023 4023 4023 4021 4021 4021 4048 4048 4048 4067 4067 4067 4025 4025 4025 4049 4049 4049 4068 4068 4068 4050 4050 4050 3950 3950 3950 4069 4069 4069 3975 3975 3975 4069 4069 4069 3982 3982 3982 3975 3975 3975 4052 4052 4052 4070 4070 4070 3943 3943 3943 4010 4010 4010 4071 4071 4071 4001 4001 4001 4071 4071 4071 4059 4059 4059 4001 4001 4001 4061 4061 4061 4072 4072 4072 4040 4040 4040 4072 4072 4072 4013 4013 4013 4040 4040 4040 4072 4072 4072 4004 4004 4004 4013 4013 4013 4072 4072 4072 4073 4073 4073 4004 4004 4004 4073 4073 4073 4053 4053 4053 4004 4004 4004 4053 4053 4053 1976 1976 1976 4015 4015 4015 4073 4073 4073 1976 1976 1976 4053 4053 4053 1976 1976 1976 4074 4074 4074 1974 1974 1974 4075 4075 4075 4005 4005 4005 4016 4016 4016 2006 2006 2006 4017 4017 4017 1952 1952 1952 2006 2006 2006 4076 4076 4076 4017 4017 4017 4017 4017 4017 4076 4076 4076 4018 4018 4018 1970 1970 1970 2049 2049 2049 4019 4019 4019 2049 2049 2049 4077 4077 4077 4019 4019 4019 4077 4077 4077 4041 4041 4041 4019 4019 4019 4062 4062 4062 4063 4063 4063 4020 4020 4020 4078 4078 4078 4032 4032 4032 4046 4046 4046 4078 4078 4078 4064 4064 4064 4032 4032 4032 4047 4047 4047 4079 4079 4079 1943 1943 1943 4079 4079 4079 4080 4080 4080 1943 1943 1943 4081 4081 4081 4065 4065 4065 3993 3993 3993 3997 3997 3997 4082 4082 4082 4007 4007 4007 4082 4082 4082 3998 3998 3998 4007 4007 4007 4054 4054 4054 4055 4055 4055 4034 4034 4034 4067 4067 4067 4083 4083 4083 4025 4025 4025 4083 4083 4083 4057 4057 4057 4025 4025 4025 4070 4070 4070 4084 4084 4084 4010 4010 4010 4070 4070 4070 4010 4010 4010 3943 3943 3943 4085 4085 4085 4002 4002 4002 4036 4036 4036 4061 4061 4061 4086 4086 4086 4072 4072 4072 4072 4072 4072 4087 4087 4087 4073 4073 4073 4077 4077 4077 4042 4042 4042 4041 4041 4041 4055 4055 4055 3987 3987 3987 4024 4024 4024 4050 4050 4050 4068 4068 4068 4028 4028 4028 4088 4088 4088 4052 4052 4052 4009 4009 4009 4010 4010 4010 4084 4084 4084 4071 4071 4071 4059 4059 4059 4045 4045 4045 3966 3966 3966 4045 4045 4045 4085 4085 4085 4036 4036 4036 4085 4085 4085 4089 4089 4089 4002 4002 4002 4089 4089 4089 4037 4037 4037 4002 4002 4002 4074 4074 4074 4075 4075 4075 1974 1974 1974 1974 1974 1974 4075 4075 4075 4016 4016 4016 4075 4075 4075 4090 4090 4090 4005 4005 4005 4090 4090 4090 4031 4031 4031 4005 4005 4005 4063 4063 4063 4091 4091 4091 3977 3977 3977 4091 4091 4091 4046 4046 4046 3977 3977 3977 4046 4046 4046 4091 4091 4091 4078 4078 4078 4078 4078 4078 4092 4092 4092 4064 4064 4064 4064 4064 4064 4079 4079 4079 4047 4047 4047 4080 4080 4080 2031 2031 2031 1943 1943 1943 4093 4093 4093 4033 4033 4033 4006 4006 4006 4033 4033 4033 4094 4094 4094 3997 3997 3997 4082 4082 4082 4095 4095 4095 3998 3998 3998 4095 4095 4095 4096 4096 4096 3998 3998 3998 3998 3998 3998 4096 4096 4096 4054 4054 4054 4054 4054 4054 4097 4097 4097 4055 4055 4055 4055 4055 4055 4056 4056 4056 3987 3987 3987 4068 4068 4068 4029 4029 4029 4028 4028 4028 4045 4045 4045 4098 4098 4098 4085 4085 4085 4089 4089 4089 4099 4099 4099 4037 4037 4037 4037 4037 4037 4099 4099 4099 3971 3971 3971 4099 4099 4099 4011 4011 4011 3971 3971 3971 4099 4099 4099 4038 4038 4038 4011 4011 4011 4011 4011 4011 4038 4038 4038 4003 4003 4003 4100 4100 4100 4039 4039 4039 4060 4060 4060 4039 4039 4039 4100 4100 4100 4061 4061 4061 4100 4100 4100 4086 4086 4086 4061 4061 4061 4086 4086 4086 4101 4101 4101 4072 4072 4072 4101 4101 4101 4087 4087 4087 4072 4072 4072 4087 4087 4087 1976 1976 1976 4073 4073 4073 4090 4090 4090 4102 4102 4102 4031 4031 4031 2031 2031 2031 4076 4076 4076 2006 2006 2006 4103 4103 4103 4077 4077 4077 2049 2049 2049 4042 4042 4042 4104 4104 4104 4062 4062 4062 4062 4062 4062 4104 4104 4104 4063 4063 4063 4063 4063 4063 4104 4104 4104 4091 4091 4091 4104 4104 4104 4105 4105 4105 4091 4091 4091 4105 4105 4105 4106 4106 4106 4078 4078 4078 4105 4105 4105 4078 4078 4078 4091 4091 4091 4106 4106 4106 4092 4092 4092 4078 4078 4078 4092 4092 4092 4107 4107 4107 4064 4064 4064 4107 4107 4107 4079 4079 4079 4064 4064 4064 4079 4079 4079 4108 4108 4108 4080 4080 4080 4108 4108 4108 2031 2031 2031 4080 4080 4080 4065 4065 4065 2312 2312 2312 4066 4066 4066 4109 4109 4109 4110 4110 4110 4043 4043 4043 4109 4109 4109 4043 4043 4043 4022 4022 4022 4110 4110 4110 1987 1987 1987 4043 4043 4043 4096 4096 4096 4097 4097 4097 4054 4054 4054 4111 4111 4111 4030 4030 4030 4044 4044 4044 4088 4088 4088 4112 4112 4112 4052 4052 4052 4112 4112 4112 4113 4113 4113 4052 4052 4052 4052 4052 4052 4113 4113 4113 4070 4070 4070 4113 4113 4113 4084 4084 4084 4070 4070 4070 4113 4113 4113 4114 4114 4114 4084 4084 4084 4114 4114 4114 4115 4115 4115 4071 4071 4071 4114 4114 4114 4071 4071 4071 4084 4084 4084 4115 4115 4115 4059 4059 4059 4071 4071 4071 4115 4115 4115 4116 4116 4116 4059 4059 4059 4059 4059 4059 4116 4116 4116 4045 4045 4045 4045 4045 4045 4116 4116 4116 4098 4098 4098 4098 4098 4098 4089 4089 4089 4085 4085 4085 4117 4117 4117 4038 4038 4038 4099 4099 4099 4117 4117 4117 4060 4060 4060 4038 4038 4038 4117 4117 4117 4118 4118 4118 4060 4060 4060 4118 4118 4118 4100 4100 4100 4060 4060 4060 4086 4086 4086 4119 4119 4119 4101 4101 4101 4101 4101 4101 4120 4120 4120 4087 4087 4087 4087 4087 4087 4121 4121 4121 1976 1976 1976 4121 4121 4121 4074 4074 4074 1976 1976 1976 4121 4121 4121 4122 4122 4122 4074 4074 4074 4074 4074 4074 4122 4122 4122 4075 4075 4075 4122 4122 4122 4090 4090 4090 4075 4075 4075 4103 4103 4103 4042 4042 4042 4077 4077 4077 4107 4107 4107 4108 4108 4108 4079 4079 4079 4108 4108 4108 4123 4123 4123 2031 2031 2031 4123 4123 4123 4124 4124 4124 4076 4076 4076 4123 4123 4123 4076 4076 4076 2031 2031 2031 4125 4125 4125 2312 2312 2312 4081 4081 4081 4081 4081 4081 2312 2312 2312 4065 4065 4065 4110 4110 4110 2057 2057 2057 1987 1987 1987 3979 3979 3979 4093 4093 4093 3980 3980 3980 3980 3980 3980 4093 4093 4093 4006 4006 4006 4093 4093 4093 4126 4126 4126 4033 4033 4033 4126 4126 4126 4094 4094 4094 4033 4033 4033 4094 4094 4094 4082 4082 4082 3997 3997 3997 4094 4094 4094 4095 4095 4095 4082 4082 4082 4097 4097 4097 4056 4056 4056 4055 4055 4055 4056 4056 4056 4067 4067 4067 4048 4048 4048 4067 4067 4067 4127 4127 4127 4083 4083 4083 4057 4057 4057 4128 4128 4128 4049 4049 4049 4128 4128 4128 4068 4068 4068 4049 4049 4049 4069 4069 4069 4129 4129 4129 3982 3982 3982 4130 4130 4130 4044 4044 4044 3983 3983 3983 4131 4131 4131 4113 4113 4113 4112 4112 4112 4100 4100 4100 4119 4119 4119 4086 4086 4086 4120 4120 4120 4132 4132 4132 4087 4087 4087 4132 4132 4132 4121 4121 4121 4087 4087 4087 4133 4133 4133 4134 4134 4134 4090 4090 4090 4133 4133 4133 4090 4090 4090 4122 4122 4122 4090 4090 4090 4134 4134 4134 4102 4102 4102 4134 4134 4134 4135 4135 4135 4102 4102 4102 4136 4136 4136 4110 4110 4110 4109 4109 4109 2057 2057 2057 4137 4137 4137 2049 2049 2049 2049 2049 2049 4137 4137 4137 4103 4103 4103 4137 4137 4137 4138 4138 4138 4103 4103 4103 4103 4103 4103 4138 4138 4138 4042 4042 4042 4138 4138 4138 4104 4104 4104 4042 4042 4042 4138 4138 4138 4139 4139 4139 4104 4104 4104 4139 4139 4139 4105 4105 4105 4104 4104 4104 4139 4139 4139 4140 4140 4140 4105 4105 4105 4140 4140 4140 4106 4106 4106 4105 4105 4105 4140 4140 4140 4141 4141 4141 4106 4106 4106 4141 4141 4141 4092 4092 4092 4106 4106 4106 4141 4141 4141 4107 4107 4107 4092 4092 4092 4141 4141 4141 4142 4142 4142 4107 4107 4107 4107 4107 4107 4142 4142 4142 4108 4108 4108 4142 4142 4142 4143 4143 4143 4123 4123 4123 4142 4142 4142 4123 4123 4123 4108 4108 4108 4143 4143 4143 4124 4124 4124 4123 4123 4123 2311 2311 2311 2312 2312 2312 4125 4125 4125 4144 4144 4144 4066 4066 4066 2312 2312 2312 4066 4066 4066 4145 4145 4145 4023 4023 4023 4097 4097 4097 4146 4146 4146 4056 4056 4056 4029 4029 4029 4147 4147 4147 3950 3950 3950 4147 4147 4147 4069 4069 4069 3950 3950 3950 2333 2333 2333 2082 2082 2082 2081 2081 2081 4131 4131 4131 4148 4148 4148 4113 4113 4113 4113 4113 4113 4148 4148 4148 4114 4114 4114 4148 4148 4148 4149 4149 4149 4114 4114 4114 4114 4114 4114 4149 4149 4149 4115 4115 4115 4149 4149 4149 4150 4150 4150 4115 4115 4115 4115 4115 4115 4150 4150 4150 4116 4116 4116 4150 4150 4150 4151 4151 4151 4116 4116 4116 4151 4151 4151 4098 4098 4098 4116 4116 4116 4151 4151 4151 4152 4152 4152 4098 4098 4098 4152 4152 4152 4153 4153 4153 4089 4089 4089 4152 4152 4152 4089 4089 4089 4098 4098 4098 4153 4153 4153 4154 4154 4154 4089 4089 4089 4089 4089 4089 4154 4154 4154 4099 4099 4099 4154 4154 4154 4155 4155 4155 4099 4099 4099 4155 4155 4155 4117 4117 4117 4099 4099 4099 4155 4155 4155 4118 4118 4118 4117 4117 4117 4118 4118 4118 4156 4156 4156 4100 4100 4100 4156 4156 4156 4119 4119 4119 4100 4100 4100 2214 2214 2214 4157 4157 4157 2228 2228 2228 2228 2228 2228 4157 4157 4157 4158 4158 4158 4157 4157 4157 4159 4159 4159 4158 4158 4158 4159 4159 4159 2280 2280 2280 4158 4158 4158 4159 4159 4159 4160 4160 4160 2280 2280 2280 4160 4160 4160 2281 2281 2281 2280 2280 2280 2304 2304 2304 4144 4144 4144 2312 2312 2312 4110 4110 4110 4136 4136 4136 2057 2057 2057 4136 4136 4136 4161 4161 4161 2057 2057 2057 2057 2057 2057 4161 4161 4161 4137 4137 4137 4161 4161 4161 4162 4162 4162 4137 4137 4137 4137 4137 4137 4162 4162 4162 4138 4138 4138 4162 4162 4162 4163 4163 4163 4138 4138 4138 4163 4163 4163 4139 4139 4139 4138 4138 4138 4163 4163 4163 4164 4164 4164 4139 4139 4139 4164 4164 4164 4140 4140 4140 4139 4139 4139 4164 4164 4164 4165 4165 4165 4140 4140 4140 4140 4140 4140 4165 4165 4165 4141 4141 4141 4165 4165 4165 4166 4166 4166 4141 4141 4141 4144 4144 4144 4145 4145 4145 4066 4066 4066 4167 4167 4167 4126 4126 4126 4093 4093 4093 4168 4168 4168 4096 4096 4096 4095 4095 4095 4168 4168 4168 4169 4169 4169 4096 4096 4096 4169 4169 4169 4097 4097 4097 4096 4096 4096 4146 4146 4146 4067 4067 4067 4056 4056 4056 4083 4083 4083 4128 4128 4128 4057 4057 4057 4068 4068 4068 4147 4147 4147 4029 4029 4029 4111 4111 4111 4170 4170 4170 4030 4030 4030 4171 4171 4171 4035 4035 4035 4058 4058 4058 4035 4035 4035 4172 4172 4172 4051 4051 4051 4172 4172 4172 4173 4173 4173 4051 4051 4051 4051 4051 4051 4173 4173 4173 4174 4174 4174 4173 4173 4173 4175 4175 4175 4174 4174 4174 4175 4175 4175 4176 4176 4176 4177 4177 4177 4177 4177 4177 4176 4176 4176 2136 2136 2136 4176 4176 4176 2137 2137 2137 2136 2136 2136 2137 2137 2137 4178 4178 4178 2138 2138 2138 4178 4178 4178 4179 4179 4179 2138 2138 2138 4179 4179 4179 2156 2156 2156 2138 2138 2138 4179 4179 4179 4180 4180 4180 2156 2156 2156 2156 2156 2156 4180 4180 4180 2192 2192 2192 4180 4180 4180 4181 4181 4181 2192 2192 2192 4181 4181 4181 2214 2214 2214 2192 2192 2192 2214 2214 2214 4182 4182 4182 4157 4157 4157 4182 4182 4182 4183 4183 4183 4157 4157 4157 4183 4183 4183 4184 4184 4184 4157 4157 4157 4157 4157 4157 4184 4184 4184 4159 4159 4159 4185 4185 4185 4160 4160 4160 4159 4159 4159 4160 4160 4160 4186 4186 4186 2281 2281 2281 4186 4186 4186 2304 2304 2304 2281 2281 2281 4126 4126 4126 4187 4187 4187 4094 4094 4094 4094 4094 4094 4168 4168 4168 4095 4095 4095 4097 4097 4097 4169 4169 4169 4146 4146 4146 4146 4146 4146 4188 4188 4188 4067 4067 4067 4188 4188 4188 4127 4127 4127 4067 4067 4067 4189 4189 4189 4083 4083 4083 4127 4127 4127 4190 4190 4190 4068 4068 4068 4128 4128 4128 4171 4171 4171 4172 4172 4172 4035 4035 4035 4173 4173 4173 4176 4176 4176 4175 4175 4175 4176 4176 4176 4191 4191 4191 2137 2137 2137 4191 4191 4191 4178 4178 4178 2137 2137 2137 4181 4181 4181 4182 4182 4182 2214 2214 2214 4185 4185 4185 4159 4159 4159 4184 4184 4184 4185 4185 4185 4192 4192 4192 4160 4160 4160 4192 4192 4192 4186 4186 4186 4160 4160 4160 4186 4186 4186 4193 4193 4193 2304 2304 2304 4193 4193 4193 4144 4144 4144 2304 2304 2304 4193 4193 4193 4194 4194 4194 4144 4144 4144 4194 4194 4194 4145 4145 4145 4144 4144 4144 4194 4194 4194 4195 4195 4195 4145 4145 4145 3979 3979 3979 4196 4196 4196 4093 4093 4093 4196 4196 4196 4167 4167 4167 4093 4093 4093 4187 4187 4187 4197 4197 4197 4094 4094 4094 4094 4094 4094 4197 4197 4197 4168 4168 4168 4188 4188 4188 4189 4189 4189 4127 4127 4127 4190 4190 4190 4198 4198 4198 4068 4068 4068 4068 4068 4068 4198 4198 4198 4147 4147 4147 4198 4198 4198 4199 4199 4199 4147 4147 4147 4199 4199 4199 4069 4069 4069 4147 4147 4147 2483 2483 2483 4200 4200 4200 2474 2474 2474 2483 2483 2483 2474 2474 2474 2473 2473 2473 4200 4200 4200 4201 4201 4201 2474 2474 2474 4201 4201 4201 2476 2476 2476 2474 2474 2474 4201 4201 4201 2479 2479 2479 2476 2476 2476 4202 4202 4202 4203 4203 4203 4204 4204 4204 4203 4203 4203 4205 4205 4205 4204 4204 4204 4204 4204 4204 4205 4205 4205 4206 4206 4206 4205 4205 4205 4207 4207 4207 4206 4206 4206 4207 4207 4207 4208 4208 4208 4206 4206 4206 4207 4207 4207 4209 4209 4209 4208 4208 4208 4209 4209 4209 4210 4210 4210 4208 4208 4208 4209 4209 4209 4211 4211 4211 4210 4210 4210 4211 4211 4211 4212 4212 4212 4210 4210 4210 4211 4211 4211 4213 4213 4213 4212 4212 4212 4213 4213 4213 4214 4214 4214 4212 4212 4212 4214 4214 4214 4215 4215 4215 4216 4216 4216 4214 4214 4214 4216 4216 4216 4212 4212 4212 4216 4216 4216 4215 4215 4215 4217 4217 4217 4215 4215 4215 4218 4218 4218 4217 4217 4217 4218 4218 4218 4219 4219 4219 4217 4217 4217 4219 4219 4219 4220 4220 4220 4217 4217 4217 4219 4219 4219 4221 4221 4221 4220 4220 4220 4221 4221 4221 4222 4222 4222 4220 4220 4220 4223 4223 4223 4224 4224 4224 4202 4202 4202 4202 4202 4202 4224 4224 4224 4203 4203 4203 4224 4224 4224 4205 4205 4205 4203 4203 4203 4205 4205 4205 4225 4225 4225 4207 4207 4207 4226 4226 4226 4222 4222 4222 4221 4221 4221 4224 4224 4224 4227 4227 4227 4205 4205 4205 4214 4214 4214 4228 4228 4228 4215 4215 4215 4215 4215 4215 4228 4228 4228 4218 4218 4218 4228 4228 4228 4229 4229 4229 4218 4218 4218 4218 4218 4218 4229 4229 4229 4219 4219 4219 4229 4229 4229 4226 4226 4226 4219 4219 4219 4219 4219 4219 4226 4226 4226 4221 4221 4221 4230 4230 4230 4172 4172 4172 4171 4171 4171 4226 4226 4226 4231 4231 4231 4222 4222 4222 4232 4232 4232 4224 4224 4224 4223 4223 4223 4227 4227 4227 4225 4225 4225 4205 4205 4205 4225 4225 4225 4233 4233 4233 4207 4207 4207 4207 4207 4207 4233 4233 4233 4209 4209 4209 4233 4233 4233 4211 4211 4211 4209 4209 4209 4233 4233 4233 4228 4228 4228 4211 4211 4211 4211 4211 4211 4228 4228 4228 4213 4213 4213 4213 4213 4213 4228 4228 4228 4214 4214 4214 4232 4232 4232 4234 4234 4234 4224 4224 4224 4234 4234 4234 4227 4227 4227 4224 4224 4224 4225 4225 4225 4235 4235 4235 4233 4233 4233 4235 4235 4235 4228 4228 4228 4233 4233 4233 4236 4236 4236 4234 4234 4234 4232 4232 4232 4227 4227 4227 4237 4237 4237 4225 4225 4225 4225 4225 4225 4237 4237 4237 4235 4235 4235 4237 4237 4237 4238 4238 4238 4235 4235 4235 4238 4238 4238 4239 4239 4239 4235 4235 4235 4235 4235 4235 4239 4239 4239 4228 4228 4228 4239 4239 4239 4240 4240 4240 4228 4228 4228 4228 4228 4228 4240 4240 4240 4229 4229 4229 4240 4240 4240 4241 4241 4241 4229 4229 4229 4241 4241 4241 4226 4226 4226 4229 4229 4229 4226 4226 4226 4242 4242 4242 4231 4231 4231 4243 4243 4243 4234 4234 4234 4236 4236 4236 4244 4244 4244 4227 4227 4227 4234 4234 4234 4245 4245 4245 4237 4237 4237 4227 4227 4227 4241 4241 4241 4242 4242 4242 4226 4226 4226 4243 4243 4243 4244 4244 4244 4234 4234 4234 4244 4244 4244 4245 4245 4245 4227 4227 4227 4245 4245 4245 4246 4246 4246 4237 4237 4237 4246 4246 4246 4238 4238 4238 4237 4237 4237 4246 4246 4246 4247 4247 4247 4238 4238 4238 4247 4247 4247 4239 4239 4239 4238 4238 4238 4241 4241 4241 4248 4248 4248 4242 4242 4242 4239 4239 4239 4249 4249 4249 4240 4240 4240 4240 4240 4240 4249 4249 4249 4241 4241 4241 4249 4249 4249 4248 4248 4248 4241 4241 4241 4250 4250 4250 4176 4176 4176 4173 4173 4173 4247 4247 4247 4249 4249 4249 4239 4239 4239 4249 4249 4249 4251 4251 4251 4248 4248 4248 4248 4248 4248 4252 4252 4252 4242 4242 4242 4252 4252 4252 4253 4253 4253 4242 4242 4242 4254 4254 4254 4243 4243 4243 4236 4236 4236 4251 4251 4251 4252 4252 4252 4248 4248 4248 4255 4255 4255 4254 4254 4254 4236 4236 4236 4254 4254 4254 4256 4256 4256 4243 4243 4243 4243 4243 4243 4257 4257 4257 4244 4244 4244 4244 4244 4244 4257 4257 4257 4245 4245 4245 4257 4257 4257 4258 4258 4258 4245 4245 4245 4258 4258 4258 4246 4246 4246 4245 4245 4245 4259 4259 4259 4247 4247 4247 4246 4246 4246 4259 4259 4259 4260 4260 4260 4247 4247 4247 4260 4260 4260 4249 4249 4249 4247 4247 4247 4249 4249 4249 4261 4261 4261 4251 4251 4251 4260 4260 4260 4262 4262 4262 4249 4249 4249 4262 4262 4262 4261 4261 4261 4249 4249 4249 4176 4176 4176 4250 4250 4250 4191 4191 4191 4263 4263 4263 4246 4246 4246 4258 4258 4258 4263 4263 4263 4259 4259 4259 4246 4246 4246 4259 4259 4259 4264 4264 4264 4260 4260 4260 4257 4257 4257 4263 4263 4263 4258 4258 4258 4263 4263 4263 4264 4264 4264 4259 4259 4259 4264 4264 4264 4265 4265 4265 4260 4260 4260 4266 4266 4266 4267 4267 4267 4260 4260 4260 4267 4267 4267 4262 4262 4262 4260 4260 4260 4267 4267 4267 4261 4261 4261 4262 4262 4262 4265 4265 4265 4266 4266 4266 4260 4260 4260 4267 4267 4267 4251 4251 4251 4261 4261 4261 4257 4257 4257 4268 4268 4268 4263 4263 4263 4269 4269 4269 4264 4264 4264 4263 4263 4263 4265 4265 4265 4270 4270 4270 4266 4266 4266 4271 4271 4271 4254 4254 4254 4255 4255 4255 4243 4243 4243 4268 4268 4268 4257 4257 4257 4269 4269 4269 4265 4265 4265 4264 4264 4264 4251 4251 4251 4272 4272 4272 4252 4252 4252 4250 4250 4250 4273 4273 4273 4191 4191 4191 4272 4272 4272 4274 4274 4274 4252 4252 4252 4252 4252 4252 4274 4274 4274 4253 4253 4253 4268 4268 4268 4269 4269 4269 4263 4263 4263 4271 4271 4271 4275 4275 4275 4254 4254 4254 4275 4275 4275 4256 4256 4256 4254 4254 4254 4276 4276 4276 4277 4277 4277 4267 4267 4267 4267 4267 4267 4277 4277 4277 4251 4251 4251 4191 4191 4191 4273 4273 4273 4178 4178 4178 4256 4256 4256 4278 4278 4278 4243 4243 4243 4277 4277 4277 4279 4279 4279 4251 4251 4251 4279 4279 4279 4272 4272 4272 4251 4251 4251 4270 4270 4270 4267 4267 4267 4266 4266 4266 4278 4278 4278 4280 4280 4280 4243 4243 4243 4280 4280 4280 4268 4268 4268 4243 4243 4243 4270 4270 4270 4281 4281 4281 4267 4267 4267 4281 4281 4281 4276 4276 4276 4267 4267 4267 4268 4268 4268 4282 4282 4282 4269 4269 4269 4269 4269 4269 4282 4282 4282 4265 4265 4265 4282 4282 4282 4270 4270 4270 4265 4265 4265 4275 4275 4275 4283 4283 4283 4256 4256 4256 4283 4283 4283 4278 4278 4278 4256 4256 4256 4280 4280 4280 4284 4284 4284 4268 4268 4268 4277 4277 4277 4285 4285 4285 4279 4279 4279 4286 4286 4286 4277 4277 4277 4276 4276 4276 4278 4278 4278 4287 4287 4287 4280 4280 4280 4288 4288 4288 4281 4281 4281 4270 4270 4270 4281 4281 4281 4286 4286 4286 4276 4276 4276 4286 4286 4286 4285 4285 4285 4277 4277 4277 4178 4178 4178 4273 4273 4273 4179 4179 4179 4284 4284 4284 4282 4282 4282 4268 4268 4268 4285 4285 4285 4289 4289 4289 4279 4279 4279 4289 4289 4289 4272 4272 4272 4279 4279 4279 4283 4283 4283 4287 4287 4287 4278 4278 4278 4282 4282 4282 4288 4288 4288 4270 4270 4270 4289 4289 4289 4290 4290 4290 4272 4272 4272 4290 4290 4290 4274 4274 4274 4272 4272 4272 4291 4291 4291 4275 4275 4275 4271 4271 4271 4280 4280 4280 4292 4292 4292 4284 4284 4284 4284 4284 4284 4292 4292 4292 4282 4282 4282 4292 4292 4292 4288 4288 4288 4282 4282 4282 4281 4281 4281 4288 4288 4288 4286 4286 4286 4293 4293 4293 4294 4294 4294 4287 4287 4287 4294 4294 4294 4280 4280 4280 4287 4287 4287 4294 4294 4294 4292 4292 4292 4280 4280 4280 4292 4292 4292 4295 4295 4295 4288 4288 4288 4295 4295 4295 4296 4296 4296 4288 4288 4288 4288 4288 4288 4296 4296 4296 4286 4286 4286 4296 4296 4296 4285 4285 4285 4286 4286 4286 4291 4291 4291 4297 4297 4297 4275 4275 4275 4297 4297 4297 4283 4283 4283 4275 4275 4275 4293 4293 4293 4298 4298 4298 4294 4294 4294 4296 4296 4296 4289 4289 4289 4285 4285 4285 4273 4273 4273 4299 4299 4299 4180 4180 4180 4273 4273 4273 4180 4180 4180 4179 4179 4179 4290 4290 4290 4300 4300 4300 4274 4274 4274 4283 4283 4283 4293 4293 4293 4287 4287 4287 4298 4298 4298 4301 4301 4301 4294 4294 4294 4301 4301 4301 4292 4292 4292 4294 4294 4294 4302 4302 4302 4296 4296 4296 4295 4295 4295 4303 4303 4303 4289 4289 4289 4296 4296 4296 4283 4283 4283 4304 4304 4304 4293 4293 4293 4304 4304 4304 4298 4298 4298 4293 4293 4293 4301 4301 4301 4305 4305 4305 4292 4292 4292 4305 4305 4305 4306 4306 4306 4292 4292 4292 4292 4292 4292 4306 4306 4306 4295 4295 4295 4306 4306 4306 4307 4307 4307 4295 4295 4295 4307 4307 4307 4302 4302 4302 4295 4295 4295 4302 4302 4302 4308 4308 4308 4296 4296 4296 4309 4309 4309 4304 4304 4304 4283 4283 4283 4308 4308 4308 4303 4303 4303 4296 4296 4296 4291 4291 4291 4310 4310 4310 4297 4297 4297 4310 4310 4310 4283 4283 4283 4297 4297 4297 4289 4289 4289 4311 4311 4311 4290 4290 4290 4311 4311 4311 4300 4300 4300 4290 4290 4290 4312 4312 4312 4310 4310 4310 4291 4291 4291 4310 4310 4310 4309 4309 4309 4283 4283 4283 4298 4298 4298 4313 4313 4313 4301 4301 4301 4307 4307 4307 4314 4314 4314 4302 4302 4302 4303 4303 4303 4311 4311 4311 4289 4289 4289 4304 4304 4304 4315 4315 4315 4298 4298 4298 4315 4315 4315 4313 4313 4313 4298 4298 4298 4313 4313 4313 4305 4305 4305 4301 4301 4301 4305 4305 4305 4307 4307 4307 4306 4306 4306 4314 4314 4314 4308 4308 4308 4302 4302 4302 4316 4316 4316 4303 4303 4303 4308 4308 4308 4317 4317 4317 4304 4304 4304 4309 4309 4309 4318 4318 4318 4305 4305 4305 4313 4313 4313 4305 4305 4305 4319 4319 4319 4307 4307 4307 4320 4320 4320 4316 4316 4316 4308 4308 4308 4317 4317 4317 4315 4315 4315 4304 4304 4304 4315 4315 4315 4318 4318 4318 4313 4313 4313 4321 4321 4321 4319 4319 4319 4305 4305 4305 4319 4319 4319 4314 4314 4314 4307 4307 4307 4314 4314 4314 4320 4320 4320 4308 4308 4308 4316 4316 4316 4311 4311 4311 4303 4303 4303 4318 4318 4318 4321 4321 4321 4305 4305 4305 4180 4180 4180 4299 4299 4299 4181 4181 4181 4299 4299 4299 4322 4322 4322 4181 4181 4181 4311 4311 4311 4323 4323 4323 4300 4300 4300 4324 4324 4324 4323 4323 4323 4311 4311 4311 4325 4325 4325 4326 4326 4326 4310 4310 4310 4325 4325 4325 4310 4310 4310 4312 4312 4312 4326 4326 4326 4309 4309 4309 4310 4310 4310 4317 4317 4317 4327 4327 4327 4315 4315 4315 4327 4327 4327 4328 4328 4328 4315 4315 4315 4315 4315 4315 4328 4328 4328 4318 4318 4318 4328 4328 4328 4329 4329 4329 4318 4318 4318 4329 4329 4329 4321 4321 4321 4318 4318 4318 4319 4319 4319 4329 4329 4329 4314 4314 4314 4320 4320 4320 4330 4330 4330 4316 4316 4316 4329 4329 4329 4319 4319 4319 4321 4321 4321 4329 4329 4329 4331 4331 4331 4314 4314 4314 4331 4331 4331 4320 4320 4320 4314 4314 4314 4316 4316 4316 4324 4324 4324 4311 4311 4311 4332 4332 4332 4328 4328 4328 4327 4327 4327 4333 4333 4333 4329 4329 4329 4328 4328 4328 4334 4334 4334 4331 4331 4331 4329 4329 4329 4181 4181 4181 4322 4322 4322 4182 4182 4182 4335 4335 4335 4334 4334 4334 4329 4329 4329 4336 4336 4336 4330 4330 4330 4320 4320 4320 4326 4326 4326 4337 4337 4337 4309 4309 4309 4337 4337 4337 4317 4317 4317 4309 4309 4309 4317 4317 4317 4338 4338 4338 4327 4327 4327 4338 4338 4338 4332 4332 4332 4327 4327 4327 4339 4339 4339 4335 4335 4335 4329 4329 4329 4339 4339 4339 4329 4329 4329 4333 4333 4333 4337 4337 4337 4340 4340 4340 4317 4317 4317 4340 4340 4340 4338 4338 4338 4317 4317 4317 4332 4332 4332 4333 4333 4333 4328 4328 4328 4331 4331 4331 4336 4336 4336 4320 4320 4320 4330 4330 4330 4341 4341 4341 4316 4316 4316 4341 4341 4341 4324 4324 4324 4316 4316 4316 4337 4337 4337 4342 4342 4342 4340 4340 4340 4342 4342 4342 4343 4343 4343 4338 4338 4338 4342 4342 4342 4338 4338 4338 4340 4340 4340 4335 4335 4335 4344 4344 4344 4334 4334 4334 4344 4344 4344 4336 4336 4336 4331 4331 4331 4344 4344 4344 4331 4331 4331 4334 4334 4334 4336 4336 4336 4345 4345 4345 4330 4330 4330 4345 4345 4345 4341 4341 4341 4330 4330 4330 4338 4338 4338 4346 4346 4346 4332 4332 4332 4332 4332 4332 4346 4346 4346 4333 4333 4333 4346 4346 4346 4339 4339 4339 4333 4333 4333 4339 4339 4339 4344 4344 4344 4335 4335 4335 4344 4344 4344 4347 4347 4347 4336 4336 4336 4346 4346 4346 4348 4348 4348 4339 4339 4339 4325 4325 4325 4349 4349 4349 4326 4326 4326 4349 4349 4349 4337 4337 4337 4326 4326 4326 4350 4350 4350 4345 4345 4345 4336 4336 4336 4349 4349 4349 4342 4342 4342 4337 4337 4337 4351 4351 4351 4347 4347 4347 4344 4344 4344 4347 4347 4347 4350 4350 4350 4336 4336 4336 4343 4343 4343 4346 4346 4346 4338 4338 4338 4348 4348 4348 4351 4351 4351 4339 4339 4339 4339 4339 4339 4351 4351 4351 4344 4344 4344 4352 4352 4352 4349 4349 4349 4325 4325 4325 4343 4343 4343 4353 4353 4353 4346 4346 4346 4348 4348 4348 4354 4354 4354 4351 4351 4351 4351 4351 4351 4355 4355 4355 4347 4347 4347 4355 4355 4355 4350 4350 4350 4347 4347 4347 4345 4345 4345 4356 4356 4356 4341 4341 4341 4353 4353 4353 4348 4348 4348 4346 4346 4346 4353 4353 4353 4354 4354 4354 4348 4348 4348 4341 4341 4341 4357 4357 4357 4324 4324 4324 4357 4357 4357 4323 4323 4323 4324 4324 4324 4343 4343 4343 4358 4358 4358 4353 4353 4353 4354 4354 4354 4359 4359 4359 4351 4351 4351 4342 4342 4342 4360 4360 4360 4343 4343 4343 4360 4360 4360 4358 4358 4358 4343 4343 4343 4356 4356 4356 4357 4357 4357 4341 4341 4341 4359 4359 4359 4361 4361 4361 4351 4351 4351 4351 4351 4351 4361 4361 4361 4355 4355 4355 4362 4362 4362 4345 4345 4345 4350 4350 4350 4352 4352 4352 4363 4363 4363 4349 4349 4349 4363 4363 4363 4342 4342 4342 4349 4349 4349 4358 4358 4358 4364 4364 4364 4353 4353 4353 4364 4364 4364 4354 4354 4354 4353 4353 4353 4355 4355 4355 4365 4365 4365 4350 4350 4350 4365 4365 4365 4362 4362 4362 4350 4350 4350 4363 4363 4363 4366 4366 4366 4342 4342 4342 4366 4366 4366 4360 4360 4360 4342 4342 4342 4367 4367 4367 4364 4364 4364 4358 4358 4358 4362 4362 4362 4356 4356 4356 4345 4345 4345 4322 4322 4322 4368 4368 4368 4182 4182 4182 4357 4357 4357 4369 4369 4369 4323 4323 4323 4360 4360 4360 4370 4370 4370 4358 4358 4358 4371 4371 4371 4361 4361 4361 4359 4359 4359 4368 4368 4368 4183 4183 4183 4182 4182 4182 4370 4370 4370 4367 4367 4367 4358 4358 4358 4364 4364 4364 4371 4371 4371 4354 4354 4354 4354 4354 4354 4371 4371 4371 4359 4359 4359 4361 4361 4361 4365 4365 4365 4355 4355 4355 4364 4364 4364 4372 4372 4372 4371 4371 4371 4373 4373 4373 4361 4361 4361 4371 4371 4371 4366 4366 4366 4374 4374 4374 4360 4360 4360 4374 4374 4374 4370 4370 4370 4360 4360 4360 4370 4370 4370 4375 4375 4375 4367 4367 4367 4363 4363 4363 4376 4376 4376 4366 4366 4366 4376 4376 4376 4374 4374 4374 4366 4366 4366 4368 4368 4368 4184 4184 4184 4183 4183 4183 4373 4373 4373 4377 4377 4377 4361 4361 4361 4378 4378 4378 4379 4379 4379 4352 4352 4352 4352 4352 4352 4379 4379 4379 4363 4363 4363 4379 4379 4379 4376 4376 4376 4363 4363 4363 4367 4367 4367 4380 4380 4380 4364 4364 4364 4380 4380 4380 4372 4372 4372 4364 4364 4364 4375 4375 4375 4381 4381 4381 4367 4367 4367 4372 4372 4372 4373 4373 4373 4371 4371 4371 4365 4365 4365 4382 4382 4382 4362 4362 4362 4382 4382 4382 4356 4356 4356 4362 4362 4362 4381 4381 4381 4380 4380 4380 4367 4367 4367 4383 4383 4383 4365 4365 4365 4361 4361 4361 4383 4383 4383 4382 4382 4382 4365 4365 4365 4384 4384 4384 4373 4373 4373 4372 4372 4372 4384 4384 4384 4377 4377 4377 4373 4373 4373 4377 4377 4377 4383 4383 4383 4361 4361 4361 4382 4382 4382 4385 4385 4385 4357 4357 4357 4382 4382 4382 4357 4357 4357 4356 4356 4356 4385 4385 4385 4369 4369 4369 4357 4357 4357 4386 4386 4386 4372 4372 4372 4380 4380 4380 4387 4387 4387 4388 4388 4388 4383 4383 4383 4387 4387 4387 4383 4383 4383 4377 4377 4377 4388 4388 4388 4382 4382 4382 4383 4383 4383 4389 4389 4389 4375 4375 4375 4370 4370 4370 4375 4375 4375 4389 4389 4389 4381 4381 4381 4386 4386 4386 4384 4384 4384 4372 4372 4372 4390 4390 4390 4370 4370 4370 4374 4374 4374 4368 4368 4368 4391 4391 4391 4184 4184 4184 4385 4385 4385 4392 4392 4392 4369 4369 4369 4376 4376 4376 4390 4390 4390 4374 4374 4374 4390 4390 4390 4389 4389 4389 4370 4370 4370 4393 4393 4393 4379 4379 4379 4378 4378 4378 4381 4381 4381 4394 4394 4394 4380 4380 4380 4395 4395 4395 4377 4377 4377 4384 4384 4384 4391 4391 4391 4185 4185 4185 4184 4184 4184 4386 4386 4386 4395 4395 4395 4384 4384 4384 4395 4395 4395 4387 4387 4387 4377 4377 4377 4388 4388 4388 4396 4396 4396 4382 4382 4382 4397 4397 4397 4392 4392 4392 4385 4385 4385 4389 4389 4389 4394 4394 4394 4381 4381 4381 4394 4394 4394 4386 4386 4386 4380 4380 4380 4396 4396 4396 4397 4397 4397 4382 4382 4382 4382 4382 4382 4397 4397 4397 4385 4385 4385 4395 4395 4395 4398 4398 4398 4387 4387 4387 4398 4398 4398 4388 4388 4388 4387 4387 4387 4379 4379 4379 4399 4399 4399 4376 4376 4376 4399 4399 4399 4390 4390 4390 4376 4376 4376 4386 4386 4386 4400 4400 4400 4395 4395 4395 4390 4390 4390 4401 4401 4401 4389 4389 4389 4389 4389 4389 4401 4401 4401 4394 4394 4394 4401 4401 4401 4400 4400 4400 4386 4386 4386 4401 4401 4401 4386 4386 4386 4394 4394 4394 4398 4398 4398 4396 4396 4396 4388 4388 4388 4399 4399 4399 4402 4402 4402 4390 4390 4390 4402 4402 4402 4401 4401 4401 4390 4390 4390 4403 4403 4403 4400 4400 4400 4401 4401 4401 4400 4400 4400 4398 4398 4398 4395 4395 4395 4402 4402 4402 4403 4403 4403 4401 4401 4401 4403 4403 4403 4404 4404 4404 4400 4400 4400 4400 4400 4400 4405 4405 4405 4398 4398 4398 4405 4405 4405 4406 4406 4406 4398 4398 4398 4399 4399 4399 4407 4407 4407 4402 4402 4402 4404 4404 4404 4405 4405 4405 4400 4400 4400 4406 4406 4406 4396 4396 4396 4398 4398 4398 4399 4399 4399 4408 4408 4408 4407 4407 4407 4409 4409 4409 4403 4403 4403 4402 4402 4402 4391 4391 4391 4410 4410 4410 4185 4185 4185 4397 4397 4397 4411 4411 4411 4392 4392 4392 4393 4393 4393 4408 4408 4408 4379 4379 4379 4408 4408 4408 4399 4399 4399 4379 4379 4379 4407 4407 4407 4409 4409 4409 4402 4402 4402 4409 4409 4409 4404 4404 4404 4403 4403 4403 4396 4396 4396 4412 4412 4412 4397 4397 4397 4410 4410 4410 4192 4192 4192 4185 4185 4185 4404 4404 4404 4413 4413 4413 4405 4405 4405 4413 4413 4413 4414 4414 4414 4405 4405 4405 4414 4414 4414 4406 4406 4406 4405 4405 4405 4415 4415 4415 4396 4396 4396 4406 4406 4406 4415 4415 4415 4412 4412 4412 4396 4396 4396 4412 4412 4412 4411 4411 4411 4397 4397 4397 4416 4416 4416 4408 4408 4408 4393 4393 4393 4407 4407 4407 4417 4417 4417 4409 4409 4409 4416 4416 4416 4418 4418 4418 4408 4408 4408 4419 4419 4419 4404 4404 4404 4409 4409 4409 4414 4414 4414 4415 4415 4415 4406 4406 4406 4408 4408 4408 4418 4418 4418 4407 4407 4407 4417 4417 4417 4419 4419 4419 4409 4409 4409 4413 4413 4413 4404 4404 4404 4419 4419 4419 4418 4418 4418 4417 4417 4417 4407 4407 4407 4413 4413 4413 4420 4420 4420 4414 4414 4414 4420 4420 4420 4415 4415 4415 4414 4414 4414 4421 4421 4421 4419 4419 4419 4417 4417 4417 4419 4419 4419 4421 4421 4421 4413 4413 4413 4421 4421 4421 4420 4420 4420 4413 4413 4413 4422 4422 4422 4412 4412 4412 4415 4415 4415 4410 4410 4410 4186 4186 4186 4192 4192 4192 4423 4423 4423 4424 4424 4424 4418 4418 4418 4418 4418 4418 4425 4425 4425 4417 4417 4417 4420 4420 4420 4422 4422 4422 4415 4415 4415 4410 4410 4410 4193 4193 4193 4186 4186 4186 4412 4412 4412 4426 4426 4426 4411 4411 4411 4421 4421 4421 4427 4427 4427 4420 4420 4420 4424 4424 4424 4425 4425 4425 4418 4418 4418 4425 4425 4425 4428 4428 4428 4417 4417 4417 4428 4428 4428 4429 4429 4429 4421 4421 4421 4428 4428 4428 4421 4421 4421 4417 4417 4417 4427 4427 4427 4422 4422 4422 4420 4420 4420 4422 4422 4422 4430 4430 4430 4412 4412 4412 4430 4430 4430 4426 4426 4426 4412 4412 4412 4424 4424 4424 4431 4431 4431 4425 4425 4425 4431 4431 4431 4428 4428 4428 4425 4425 4425 4429 4429 4429 4432 4432 4432 4421 4421 4421 4421 4421 4421 4432 4432 4432 4427 4427 4427 4432 4432 4432 4433 4433 4433 4427 4427 4427 4433 4433 4433 4422 4422 4422 4427 4427 4427 4428 4428 4428 4434 4434 4434 4429 4429 4429 4434 4434 4434 4435 4435 4435 4429 4429 4429 4429 4429 4429 4435 4435 4435 4432 4432 4432 4433 4433 4433 4436 4436 4436 4422 4422 4422 4436 4436 4436 4430 4430 4430 4422 4422 4422 2491 2491 2491 4437 4437 4437 4423 4423 4423 4423 4423 4423 4431 4431 4431 4424 4424 4424 4438 4438 4438 4433 4433 4433 4432 4432 4432 4438 4438 4438 4436 4436 4436 4433 4433 4433 4430 4430 4430 4439 4439 4439 4426 4426 4426 4440 4440 4440 4431 4431 4431 4423 4423 4423 4431 4431 4431 4441 4441 4441 4428 4428 4428 4441 4441 4441 4434 4434 4434 4428 4428 4428 4436 4436 4436 4442 4442 4442 4430 4430 4430 4442 4442 4442 4439 4439 4439 4430 4430 4430 4437 4437 4437 4440 4440 4440 4423 4423 4423 4440 4440 4440 4441 4441 4441 4431 4431 4431 4441 4441 4441 4443 4443 4443 4434 4434 4434 4443 4443 4443 4435 4435 4435 4434 4434 4434 4443 4443 4443 4444 4444 4444 4432 4432 4432 4443 4443 4443 4432 4432 4432 4435 4435 4435 4444 4444 4444 4438 4438 4438 4432 4432 4432 4438 4438 4438 4442 4442 4442 4436 4436 4436 4445 4445 4445 4437 4437 4437 2490 2490 2490 2490 2490 2490 4437 4437 4437 2491 2491 2491 4446 4446 4446 4438 4438 4438 4444 4444 4444 4446 4446 4446 4442 4442 4442 4438 4438 4438 4442 4442 4442 4447 4447 4447 4439 4439 4439 4445 4445 4445 4448 4448 4448 4437 4437 4437 4448 4448 4448 4449 4449 4449 4437 4437 4437 4437 4437 4437 4449 4449 4449 4440 4440 4440 4449 4449 4449 4450 4450 4450 4440 4440 4440 4450 4450 4450 4441 4441 4441 4440 4440 4440 4450 4450 4450 4451 4451 4451 4441 4441 4441 4451 4451 4451 4443 4443 4443 4441 4441 4441 4451 4451 4451 4452 4452 4452 4443 4443 4443 4452 4452 4452 4453 4453 4453 4443 4443 4443 4443 4443 4443 4453 4453 4453 4444 4444 4444 4453 4453 4453 4454 4454 4454 4444 4444 4444 4454 4454 4454 4446 4446 4446 4444 4444 4444 4454 4454 4454 4442 4442 4442 4446 4446 4446 4454 4454 4454 4447 4447 4447 4442 4442 4442 4455 4455 4455 4196 4196 4196 3979 3979 3979 4197 4197 4197 4456 4456 4456 4168 4168 4168 4168 4168 4168 4456 4456 4456 4169 4169 4169 4456 4456 4456 4146 4146 4146 4169 4169 4169 4456 4456 4456 4457 4457 4457 4146 4146 4146 4146 4146 4146 4457 4457 4457 4188 4188 4188 4189 4189 4189 4128 4128 4128 4083 4083 4083 4069 4069 4069 4458 4458 4458 4129 4129 4129 4459 4459 4459 4460 4460 4460 4130 4130 4130 4130 4130 4130 4460 4460 4460 4044 4044 4044 4461 4461 4461 4418 4418 4418 4416 4416 4416 4461 4461 4461 4423 4423 4423 4418 4418 4418 4461 4461 4461 2492 2492 2492 4423 4423 4423 4423 4423 4423 2492 2492 2492 2491 2491 2491 4196 4196 4196 4462 4462 4462 4167 4167 4167 4462 4462 4462 4126 4126 4126 4167 4167 4167 4187 4187 4187 4463 4463 4463 4197 4197 4197 4463 4463 4463 4456 4456 4456 4197 4197 4197 4464 4464 4464 4128 4128 4128 4189 4189 4189 4199 4199 4199 4465 4465 4465 4069 4069 4069 4465 4465 4465 4458 4458 4458 4069 4069 4069 4460 4460 4460 4111 4111 4111 4044 4044 4044 4462 4462 4462 4466 4466 4466 4126 4126 4126 4126 4126 4126 4466 4466 4466 4187 4187 4187 4457 4457 4457 4467 4467 4467 4188 4188 4188 4188 4188 4188 4467 4467 4467 4189 4189 4189 4189 4189 4189 4467 4467 4467 4464 4464 4464 4464 4464 4464 4190 4190 4190 4128 4128 4128 4464 4464 4464 4198 4198 4198 4190 4190 4190 4468 4468 4468 4462 4462 4462 4196 4196 4196 4468 4468 4468 4469 4469 4469 4462 4462 4462 4462 4462 4462 4469 4469 4469 4466 4466 4466 4466 4466 4466 4470 4470 4470 4187 4187 4187 4470 4470 4470 4463 4463 4463 4187 4187 4187 4470 4470 4470 4471 4471 4471 4463 4463 4463 4471 4471 4471 4456 4456 4456 4463 4463 4463 4471 4471 4471 4472 4472 4472 4456 4456 4456 4472 4472 4472 4473 4473 4473 4456 4456 4456 4473 4473 4473 4457 4457 4457 4456 4456 4456 4473 4473 4473 4474 4474 4474 4457 4457 4457 4474 4474 4474 4467 4467 4467 4457 4457 4457 4475 4475 4475 4198 4198 4198 4464 4464 4464 4475 4475 4475 4199 4199 4199 4198 4198 4198 4460 4460 4460 4170 4170 4170 4111 4111 4111 4476 4476 4476 4468 4468 4468 4455 4455 4455 4455 4455 4455 4468 4468 4468 4196 4196 4196 4474 4474 4474 4477 4477 4477 4467 4467 4467 4467 4467 4467 4477 4477 4477 4464 4464 4464 4477 4477 4477 4478 4478 4478 4464 4464 4464 4478 4478 4478 4475 4475 4475 4464 4464 4464 4478 4478 4478 4479 4479 4479 4475 4475 4475 4479 4479 4479 4465 4465 4465 4475 4475 4475 4475 4475 4475 4465 4465 4465 4199 4199 4199 4476 4476 4476 4480 4480 4480 4468 4468 4468 4481 4481 4481 4482 4482 4482 4483 4483 4483 4482 4482 4482 4484 4484 4484 4483 4483 4483 4480 4480 4480 4485 4485 4485 4468 4468 4468 4468 4468 4468 4485 4485 4485 4469 4469 4469 4484 4484 4484 4486 4486 4486 4483 4483 4483 4485 4485 4485 4487 4487 4487 4466 4466 4466 4485 4485 4485 4466 4466 4466 4469 4469 4469 4484 4484 4484 4488 4488 4488 4489 4489 4489 4484 4484 4484 4489 4489 4489 4486 4486 4486 4487 4487 4487 4470 4470 4470 4466 4466 4466 4487 4487 4487 4490 4490 4490 4470 4470 4470 4489 4489 4489 4488 4488 4488 4491 4491 4491 4490 4490 4490 4471 4471 4471 4470 4470 4470 4488 4488 4488 4492 4492 4492 4491 4491 4491 4490 4490 4490 4493 4493 4493 4471 4471 4471 4492 4492 4492 4494 4494 4494 4491 4491 4491 4491 4491 4491 4494 4494 4494 4495 4495 4495 4493 4493 4493 4472 4472 4472 4471 4471 4471 4493 4493 4493 4473 4473 4473 4472 4472 4472 4493 4493 4493 4496 4496 4496 4473 4473 4473 4495 4495 4495 4494 4494 4494 4497 4497 4497 4494 4494 4494 4498 4498 4498 4497 4497 4497 4473 4473 4473 4496 4496 4496 4474 4474 4474 4496 4496 4496 4499 4499 4499 4474 4474 4474 4498 4498 4498 4500 4500 4500 4501 4501 4501 4498 4498 4498 4501 4501 4501 4497 4497 4497 4499 4499 4499 4477 4477 4477 4474 4474 4474 4499 4499 4499 4502 4502 4502 4477 4477 4477 4501 4501 4501 4500 4500 4500 4503 4503 4503 4477 4477 4477 4502 4502 4502 4478 4478 4478 4500 4500 4500 4504 4504 4504 4503 4503 4503 4504 4504 4504 4505 4505 4505 4503 4503 4503 4502 4502 4502 4506 4506 4506 4478 4478 4478 4503 4503 4503 4505 4505 4505 4507 4507 4507 4506 4506 4506 4479 4479 4479 4478 4478 4478 4505 4505 4505 4508 4508 4508 4507 4507 4507 4506 4506 4506 4465 4465 4465 4479 4479 4479 4506 4506 4506 4509 4509 4509 4465 4465 4465 4508 4508 4508 4510 4510 4510 4507 4507 4507 4465 4465 4465 4509 4509 4509 4458 4458 4458 4511 4511 4511 4460 4460 4460 4459 4459 4459 4482 4482 4482 4512 4512 4512 4484 4484 4484 4494 4494 4494 4513 4513 4513 4498 4498 4498 4498 4498 4498 4513 4513 4513 4500 4500 4500 4514 4514 4514 4504 4504 4504 4500 4500 4500 4504 4504 4504 4514 4514 4514 4505 4505 4505 4505 4505 4505 4515 4515 4515 4508 4508 4508 4511 4511 4511 4516 4516 4516 4460 4460 4460 4508 4508 4508 4517 4517 4517 4510 4510 4510 4518 4518 4518 4519 4519 4519 4488 4488 4488 4519 4519 4519 4492 4492 4492 4488 4488 4488 4492 4492 4492 4519 4519 4519 4494 4494 4494 4519 4519 4519 4520 4520 4520 4494 4494 4494 4520 4520 4520 4521 4521 4521 4494 4494 4494 4521 4521 4521 4513 4513 4513 4494 4494 4494 4522 4522 4522 4500 4500 4500 4513 4513 4513 4522 4522 4522 4523 4523 4523 4500 4500 4500 4523 4523 4523 4514 4514 4514 4500 4500 4500 4523 4523 4523 4524 4524 4524 4514 4514 4514 4514 4514 4514 4525 4525 4525 4505 4505 4505 4525 4525 4525 4515 4515 4515 4505 4505 4505 4515 4515 4515 4526 4526 4526 4508 4508 4508 4526 4526 4526 4517 4517 4517 4508 4508 4508 4512 4512 4512 4527 4527 4527 4484 4484 4484 4527 4527 4527 4518 4518 4518 4484 4484 4484 4484 4484 4484 4518 4518 4518 4488 4488 4488 4528 4528 4528 4522 4522 4522 4513 4513 4513 4524 4524 4524 4525 4525 4525 4514 4514 4514 4516 4516 4516 4529 4529 4529 4170 4170 4170 4516 4516 4516 4170 4170 4170 4460 4460 4460 4526 4526 4526 4530 4530 4530 4517 4517 4517 4531 4531 4531 4532 4532 4532 4481 4481 4481 4481 4481 4481 4532 4532 4532 4482 4482 4482 4532 4532 4532 4527 4527 4527 4512 4512 4512 4532 4532 4532 4512 4512 4512 4482 4482 4482 4518 4518 4518 4533 4533 4533 4519 4519 4519 4519 4519 4519 4533 4533 4533 4520 4520 4520 4533 4533 4533 4521 4521 4521 4520 4520 4520 4521 4521 4521 4528 4528 4528 4513 4513 4513 4534 4534 4534 4523 4523 4523 4522 4522 4522 4534 4534 4534 4524 4524 4524 4523 4523 4523 4525 4525 4525 4526 4526 4526 4515 4515 4515 4532 4532 4532 4535 4535 4535 4527 4527 4527 4527 4527 4527 4535 4535 4535 4518 4518 4518 4535 4535 4535 4536 4536 4536 4518 4518 4518 4536 4536 4536 4533 4533 4533 4518 4518 4518 4536 4536 4536 4537 4537 4537 4533 4533 4533 4533 4533 4533 4537 4537 4537 4521 4521 4521 4537 4537 4537 4528 4528 4528 4521 4521 4521 4528 4528 4528 4534 4534 4534 4522 4522 4522 4531 4531 4531 4538 4538 4538 4532 4532 4532 4532 4532 4532 4538 4538 4538 4535 4535 4535 4538 4538 4538 4539 4539 4539 4535 4535 4535 4535 4535 4535 4539 4539 4539 4536 4536 4536 4537 4537 4537 4540 4540 4540 4528 4528 4528 4540 4540 4540 4541 4541 4541 4528 4528 4528 4528 4528 4528 4541 4541 4541 4534 4534 4534 4534 4534 4534 4541 4541 4541 4524 4524 4524 4541 4541 4541 4542 4542 4542 4524 4524 4524 4542 4542 4542 4543 4543 4543 4524 4524 4524 4543 4543 4543 4525 4525 4525 4524 4524 4524 4543 4543 4543 4544 4544 4544 4525 4525 4525 4544 4544 4544 4526 4526 4526 4525 4525 4525 4544 4544 4544 4530 4530 4530 4526 4526 4526 2522 2522 2522 2511 2511 2511 2510 2510 2510</p>
        </triangles>
      </mesh>
    </geometry>
  </library_geometries>
  <library_visual_scenes>
    <visual_scene id="DefaultScene">
      <node id="node_4847ead7_2660_439b_8819_3df614ee7026" type="NODE">
        <matrix>1 0 0 0 0 1 0 0 0 0 1 0 0 0 0 1</matrix>
        <node id="node_fe001e94_abd5_4367_9d3f_59c9970f866f" type="NODE">
          <matrix>1 0 0 0 0 1 0 0 0 0 1 0 0 0 0 1</matrix>
          <node id="node_9d8f9437_e9f5_46e2_96e4_98f9c239268f" type="NODE">
            <matrix>1 0 0 0 0 1 0 0 0 0 1 0 0 0 0 1</matrix>
            <node id="node_5946098b_f9b4_4314_ba2b_11adfea928bc" type="NODE">
              <matrix>1 0 0 0 0 1 0 0 0 0 1 0 0 0 0 1</matrix>
              <node id="node_5946098b_f9b4_4314_ba2b_11adfea928bc_mesh0" type="NODE">
                <matrix>1 0 0 0 0 1 0 0 0 0 1 0 0 0 0 1</matrix>
                <instance_geometry url="#geometry_ca1f6023_fd71_4005_8e92_316b2db3ec58">
                  <bind_material>
                    <technique_common>
                      <instance_material symbol="mat_0" target="#mat_0">
                        <bind_vertex_input semantic="UVMap" input_semantic="TEXCOORD" input_set="0"/>
                      </instance_material>
                    </technique_common>
                  </bind_material>
                </instance_geometry>
              </node>
            </node>
          </node>
        </node>
      </node>
    </visual_scene>
  </library_visual_scenes>
  <scene>
    <instance_visual_scene url="#DefaultScene"/>
  </scene>
</COLLADA>
