# https://github.com/mikedh/trimesh
mtllib material.mtl
usemtl material_0
v -0.03986982 -0.23194094 -0.14944872
v -0.03935701 -0.23180889 -0.14815527
v -0.03957450 -0.23222737 -0.14571550
v -0.03935701 -0.23180889 -0.14815527
v -0.03924501 -0.23194958 -0.12691858
v -0.03957450 -0.23222737 -0.14571550
v -0.03947890 -0.23252073 -0.12119916
v -0.03951871 -0.23250507 -0.09136155
v -0.03930211 -0.23195799 -0.08483639
v -0.03906041 -0.23220326 -0.05057139
v -0.03938770 -0.23275037 -0.06111163
v -0.03938845 -0.23295678 -0.02349157
v -0.03909388 -0.23219696 -0.02151540
v -0.03935781 -0.23295274 -0.00246853
v -0.03905728 -0.23222774 0.00849418
v -0.03908160 -0.23223607 0.03718750
v -0.03935555 -0.23289295 0.05684419
v -0.03900638 -0.23224159 0.09885874
v -0.03934127 -0.23285784 0.11662199
v -0.03900737 -0.23224303 0.12272713
v -0.03884596 -0.23237793 0.13974345
v -0.03920844 -0.23319897 0.14195897
v -0.03856638 -0.23240322 0.14883950
v -0.03918833 -0.23342144 0.14692204
v -0.03941584 -0.23346153 0.14907160
v -0.03897426 -0.23218779 0.14954481
v -0.04202616 -0.23229294 -0.14890233
v -0.04169828 -0.23250630 -0.13209561
v -0.03947890 -0.23252073 -0.12119916
v -0.04148713 -0.23261441 -0.10996479
v -0.03951871 -0.23250507 -0.09136155
v -0.04164770 -0.23261219 -0.09415409
v -0.04132575 -0.23270698 -0.06788093
v -0.03938770 -0.23275037 -0.06111163
v -0.03938845 -0.23295678 -0.02349157
v -0.03935781 -0.23295274 -0.00246853
v -0.03935555 -0.23289295 0.05684419
v -0.04182237 -0.23290627 0.02336329
v -0.04188982 -0.23288721 0.06300566
v -0.04137728 -0.23286080 0.11713734
v -0.03934127 -0.23285784 0.11662199
v -0.03920844 -0.23319897 0.14195897
v -0.03941584 -0.23346153 0.14907160
v -0.03897426 -0.23218779 0.14954481
v -0.04238257 -0.23253453 0.14961989
v -0.05450568 -0.23235700 -0.14889586
v -0.04606754 -0.23249735 -0.12667984
v -0.04594412 -0.23252378 -0.09228519
v -0.04649711 -0.23277606 -0.02311910
v -0.04679462 -0.23272271 0.00070859
v -0.04689515 -0.23272114 0.04751664
v -0.04639655 -0.23279604 0.08269590
v -0.04566917 -0.23278330 0.11767069
v -0.04749805 -0.23298697 0.14219420
v -0.03918833 -0.23342144 0.14692204
v -0.04673555 -0.23317376 0.14627627
v -0.03941584 -0.23346153 0.14907160
v -0.05963060 -0.23314406 0.14901754
v -0.05963060 -0.23314406 0.14901754
v -0.06216581 -0.23195924 -0.14939898
v -0.05198048 -0.23247440 -0.13008252
v -0.06076734 -0.23237909 -0.09120119
v -0.06082341 -0.23239349 -0.06874233
v -0.05325493 -0.23260762 -0.04018227
v -0.06089304 -0.23256263 -0.02118615
v -0.06090771 -0.23247828 0.02279277
v -0.06082860 -0.23247954 0.04766070
v -0.06081580 -0.23262869 0.06724085
v -0.06083722 -0.23264863 0.08940899
v -0.06082469 -0.23260434 0.10200886
v -0.06082727 -0.23266314 0.11566468
v -0.06075731 -0.23242457 -0.10426429
v -0.06083927 -0.23247425 0.00448745
v -0.06090482 -0.23281844 0.12801133
v -0.06094186 -0.23292862 0.14078581
v -0.05977951 -0.23232980 0.14946900
v -0.06065515 -0.23230331 -0.14877552
v -0.06070675 -0.23239104 -0.12485716
v -0.06087817 -0.23250301 -0.04881636
v -0.06061694 -0.23307896 0.14649808
v -0.06250253 -0.23191649 -0.14855343
v -0.06261265 -0.23199669 -0.13640526
v -0.06268322 -0.23201977 -0.10655060
v -0.06265230 -0.23200049 -0.08356351
v -0.06293079 -0.23205529 -0.05030260
v -0.06291157 -0.23208974 -0.01900089
v -0.06289226 -0.23202029 -0.00369525
v -0.06286275 -0.23208500 0.00400585
v -0.06285457 -0.23203366 0.01244947
v -0.06278278 -0.23206633 0.05388431
v -0.06281833 -0.23211448 0.10061912
v -0.06290556 -0.23215488 0.12471436
v -0.06303096 -0.23216811 0.12704039
v -0.06291899 -0.23237635 0.14190403
v -0.06262834 -0.23315954 0.14863664
v -0.06299466 -0.23279619 0.14634876
v -0.06332059 -0.23180607 0.14930119
v -0.06262834 -0.23315954 0.14863664
v -0.06293079 -0.23205529 -0.05030260
v -0.06291157 -0.23208974 -0.01900089
v -0.06305219 -0.23170127 -0.04917696
v -0.06304002 -0.23167586 -0.01984460
v -0.06289226 -0.23202029 -0.00369525
v -0.06286275 -0.23208500 0.00400585
v -0.06299262 -0.23156938 -0.00234932
v -0.06304306 -0.23165502 0.01024709
v -0.06285457 -0.23203366 0.01244947
v -0.06303096 -0.23216811 0.12704039
v -0.06291899 -0.23237635 0.14190403
v -0.06308834 -0.23171887 0.14114922
v -0.06299466 -0.23279619 0.14634876
v -0.06332059 -0.23180607 0.14930119
v -0.06262834 -0.23315954 0.14863664
v -0.03986982 -0.23194094 -0.14944872
v -0.03949237 -0.22921816 -0.14923227
v -0.03986982 -0.23194094 -0.14944872
v -0.04246259 -0.22970352 -0.14943022
v -0.03949237 -0.22921816 -0.14923227
v -0.06216581 -0.23195924 -0.14939898
v -0.06236285 -0.22965905 -0.14933965
v -0.06216581 -0.23195924 -0.14939898
v -0.06250253 -0.23191649 -0.14855343
v -0.06236285 -0.22965905 -0.14933965
v -0.06268172 -0.22956082 -0.14876145
v -0.06261265 -0.23199669 -0.13640526
v -0.06273730 -0.22970380 -0.11910599
v -0.06268322 -0.23201977 -0.10655060
v -0.06273840 -0.22970550 -0.07975468
v -0.06265230 -0.23200049 -0.08356351
v -0.06299357 -0.22977285 -0.05096239
v -0.06297657 -0.22974949 -0.01843316
v -0.06278278 -0.23206633 0.05388431
v -0.06286630 -0.22968374 0.05497609
v -0.06295449 -0.22965066 0.01213464
v -0.06281833 -0.23211448 0.10061912
v -0.06288932 -0.22968312 0.10291639
v -0.06290556 -0.23215488 0.12471436
v -0.06297693 -0.22963561 0.12456872
v -0.04206410 -0.22531368 -0.14950806
v -0.03968289 -0.22360477 -0.14936346
v -0.05555438 -0.22508277 -0.14950082
v -0.06230561 -0.22367513 -0.14944893
v -0.06261012 -0.22521250 -0.14886093
v -0.06230561 -0.22367513 -0.14944893
v -0.06262904 -0.22538345 -0.11354521
v -0.06262966 -0.22547419 -0.07996401
v -0.06292345 -0.22476357 -0.05311150
v -0.06290063 -0.22541557 -0.00205636
v -0.06279734 -0.22556025 0.05608143
v -0.06282046 -0.22551015 0.09926113
v -0.06284694 -0.22130480 0.11974992
v -0.06301413 -0.22869460 0.14232132
v -0.06317799 -0.22815649 0.14896974
v -0.06308606 -0.22209327 0.14682740
v -0.06259063 -0.21770042 -0.12976477
v -0.06260940 -0.22104876 -0.08081689
v -0.06291045 -0.21992585 -0.03382782
v -0.06284489 -0.21717702 -0.00692821
v -0.06285045 -0.22104554 0.03432780
v -0.06277467 -0.21774292 0.07418644
v -0.06277430 -0.21824020 0.09704927
v -0.06296174 -0.22062172 0.14230072
v -0.03944269 -0.20654695 -0.14925647
v -0.04217085 -0.21235199 -0.14942226
v -0.06215380 -0.20728885 -0.14942363
v -0.06256528 -0.21461369 -0.11458969
v -0.06255630 -0.21456958 -0.08831933
v -0.06279074 -0.20569091 -0.05081019
v -0.06282017 -0.21009231 -0.02951289
v -0.06277719 -0.20892255 0.01017934
v -0.06279084 -0.21194825 0.03684337
v -0.06274138 -0.20380349 0.14272840
v -0.06250861 -0.19828999 0.11534339
v -0.06278662 -0.20627506 0.14907099
v -0.06317799 -0.22815649 0.14896974
v -0.06279318 -0.22904097 0.14938579
v -0.06215043 -0.20088290 0.14952993
v -0.06278662 -0.20627506 0.14907099
v -0.06215380 -0.20728885 -0.14942363
v -0.06247278 -0.20621066 -0.14880839
v -0.06260803 -0.21011834 -0.07428005
v -0.03933707 -0.18564008 -0.14875299
v -0.06253061 -0.20086773 -0.13123921
v -0.06253546 -0.20473416 -0.11093053
v -0.06253156 -0.20117117 -0.08435297
v -0.06252794 -0.19799559 0.07353181
v -0.06260860 -0.20610264 0.09738387
v -0.06288049 -0.20581153 0.14671318
v -0.06276083 -0.19835334 -0.05217225
v -0.06273249 -0.20223075 -0.01245127
v -0.03919461 -0.20250985 0.07626320
v -0.03924453 -0.20634973 0.04584196
v -0.03925896 -0.19098535 0.05748526
v -0.03943446 -0.18344444 -0.14944708
v -0.06242074 -0.18225606 -0.14154869
v -0.06271780 -0.19939609 0.01507224
v -0.06267297 -0.19880031 0.04525023
v -0.06251116 -0.19565788 0.10197333
v -0.04213762 -0.18611547 -0.14950594
v -0.06258371 -0.18985946 -0.12569511
v -0.06262718 -0.19375035 -0.10616830
v -0.06275678 -0.19643769 -0.02197984
v -0.06274810 -0.19336200 0.00328123
v -0.06252103 -0.18920639 0.12772474
v -0.06278168 -0.18928628 0.14674254
v -0.06262700 -0.18810882 0.14907920
v -0.06262700 -0.18810882 0.14907920
v -0.05995630 -0.17584495 -0.14943451
v -0.06243965 -0.17036486 -0.14882699
v -0.06286193 -0.17964102 -0.08168834
v -0.06280401 -0.18900804 -0.06163380
v -0.06284237 -0.19002834 -0.03257981
v -0.06288281 -0.18391897 -0.01508379
v -0.06284162 -0.18357226 -0.00564415
v -0.06281543 -0.18623260 0.02178008
v -0.06271982 -0.19072774 0.04520803
v -0.06258374 -0.19029024 0.07851240
v -0.06258421 -0.18924670 0.14220132
v -0.06205195 -0.18573853 0.14945851
v -0.06275773 -0.17964588 -0.11842346
v -0.06290154 -0.17923550 -0.10465607
v -0.06263097 -0.18430643 0.10044710
v -0.06249331 -0.18347964 0.11337940
v -0.06245230 -0.18364905 0.11956280
v -0.06216882 -0.16459304 -0.14940917
v -0.06286371 -0.18332137 -0.05812696
v -0.06274894 -0.18331186 0.06448379
v -0.06235500 -0.17960112 0.12095821
v -0.03943446 -0.18344444 -0.14944708
v -0.06216882 -0.16459304 -0.14940917
v -0.06257311 -0.17494591 -0.12459403
v -0.06261323 -0.18004744 -0.12438846
v -0.06296568 -0.17947903 -0.04661808
v -0.06292969 -0.17934598 -0.00961507
v -0.06293640 -0.17943105 0.00728088
v -0.06285043 -0.17951980 0.06536199
v -0.06272529 -0.17955075 0.10450388
v -0.06276646 -0.17924599 0.11120251
v -0.06276552 -0.17921166 0.11484332
v -0.06276646 -0.17924599 0.11120251
v -0.06276552 -0.17921166 0.11484332
v -0.06474519 -0.17821701 0.11510666
v -0.06518653 -0.17822437 0.11169522
v -0.06252725 -0.17972073 0.11699903
v -0.06215155 -0.17267491 0.13310069
v -0.06735273 -0.17832488 0.10579552
v -0.07032754 -0.17835812 0.11483802
v -0.06611896 -0.17821084 0.11668018
v -0.07672466 -0.17821819 0.08455732
v -0.07806918 -0.17834255 0.10377505
v -0.08187830 -0.17836495 0.11478439
v -0.07680210 -0.17819296 0.11642483
v -0.07422398 -0.17785519 -0.11838204
v -0.07637745 -0.17792588 -0.11226606
v -0.07667680 -0.17795840 -0.11950845
v -0.08954135 -0.17824976 -0.11929190
v -0.08873402 -0.17816980 -0.11445051
v -0.08514474 -0.17821838 0.07162625
v -0.08820540 -0.17835069 0.08904898
v -0.10086067 -0.17850523 0.11046848
v -0.09013826 -0.17814380 -0.10498145
v -0.08701316 -0.17810294 -0.08257827
v -0.09492894 -0.17816798 -0.08459762
v -0.07917914 -0.17808925 -0.04434178
v -0.09292144 -0.17821059 -0.03698179
v -0.08500957 -0.17813438 -0.05844096
v -0.08923090 -0.17812619 -0.01603270
v -0.08460724 -0.17803727 0.02995264
v -0.08315620 -0.17805718 0.04777592
v -0.09104887 -0.17820987 0.05350285
v -0.09760803 -0.17843901 0.09621756
v -0.10531710 -0.17855337 0.11622453
v -0.10407123 -0.17820294 -0.10656366
v -0.09595829 -0.17821650 -0.06901944
v -0.10101750 -0.17824003 -0.04863754
v -0.08585940 -0.17803717 0.01299186
v -0.09858200 -0.17817807 0.00132420
v -0.09580848 -0.17818730 0.02755016
v -0.11033773 -0.17820968 -0.08627030
v -0.10218611 -0.17823264 -0.02159912
v -0.09982851 -0.17831488 0.05719104
v -0.10465845 -0.17844740 0.08423805
v -0.11516446 -0.17821193 -0.11502481
v -0.10651699 -0.17824018 -0.06761542
v -0.11146052 -0.17823946 0.01701855
v -0.12916628 -0.17827001 -0.10236564
v -0.12817559 -0.17827104 -0.04852420
v -0.11835527 -0.17831855 0.04427822
v -0.10846213 -0.17838016 0.06409638
v -0.11620006 -0.17847358 0.09591240
v -0.11692628 -0.17847963 0.10521595
v -0.12564528 -0.17825715 -0.01359126
v -0.12082031 -0.17842726 0.07034042
v -0.11451168 -0.17826028 -0.11942399
v -0.13270728 -0.17847773 0.11155578
v -0.12674391 -0.17852756 0.11476281
v -0.12884805 -0.17846854 0.11621989
v -0.13520907 -0.17824917 -0.08757910
v -0.12471917 -0.17824350 -0.07257086
v -0.13017258 -0.17849709 0.08819433
v -0.14352328 -0.17830528 -0.11450642
v -0.14168230 -0.17827721 0.01724952
v -0.14324182 -0.17837012 -0.11946467
v -0.14713238 -0.17827918 -0.07133624
v -0.14680824 -0.17834555 0.05251497
v -0.13784772 -0.17843066 0.07249804
v -0.15485303 -0.17847744 0.10529043
v -0.16160019 -0.17847338 0.09626877
v -0.15803860 -0.17828323 -0.02196429
v -0.15784749 -0.17830640 0.04004517
v -0.15985291 -0.17847799 0.08896832
v -0.16440161 -0.17828616 -0.08994961
v -0.17374420 -0.17841709 0.07535060
v -0.17501673 -0.17828614 -0.06033615
v -0.19263497 -0.17830405 -0.11808813
v -0.18677254 -0.17825232 -0.11491281
v -0.17624168 -0.17827971 -0.10778579
v -0.17556968 -0.17828703 0.01490864
v -0.18063250 -0.17833260 0.05153790
v -0.20494887 -0.17852405 0.11459087
v -0.18577933 -0.17828652 -0.09971073
v -0.21265510 -0.17843489 0.11615463
v -0.19035172 -0.17828751 -0.00346020
v -0.19164205 -0.17850189 0.10946995
v -0.19776702 -0.17827332 -0.11953244
v -0.19394985 -0.17829555 -0.02958361
v -0.18764354 -0.17845778 0.08935106
v -0.19926551 -0.17846139 0.10080582
v -0.20440850 -0.17826505 -0.06595793
v -0.19922850 -0.17828819 0.03506203
v -0.21070708 -0.17829391 -0.10326347
v -0.20326751 -0.17826250 -0.08806601
v -0.20141760 -0.17831768 0.05657339
v -0.20036562 -0.17840104 0.08355682
v -0.21486834 -0.17829883 -0.00318522
v -0.21050808 -0.17837314 0.07760231
v -0.21560042 -0.17830914 -0.03572569
v -0.22794475 -0.17835455 -0.11488834
v -0.22825323 -0.17831716 -0.08782336
v -0.21602085 -0.17829867 0.02597087
v -0.21630332 -0.17832407 0.05365431
v -0.22241503 -0.17841890 0.08157548
v -0.22606252 -0.17834058 -0.10857922
v -0.22127882 -0.17830865 -0.05844918
v -0.23404780 -0.17857698 0.11151019
v -0.24667114 -0.17836002 -0.07858920
v -0.23239574 -0.17853694 0.10467547
v -0.25492960 -0.17854403 -0.11826479
v -0.24581271 -0.17841697 -0.10446435
v -0.23649733 -0.17839392 -0.04061041
v -0.23655333 -0.17836119 0.01553957
v -0.23445877 -0.17836651 0.04404066
v -0.23939312 -0.17846374 0.07163909
v -0.23795751 -0.17850994 0.09382096
v -0.25216246 -0.17851071 -0.11971647
v -0.24060652 -0.17838749 -0.01453349
v -0.24191624 -0.17852283 0.08620310
v -0.25307715 -0.17840466 -0.06312039
v -0.25512320 -0.17868966 0.11461462
v -0.24897625 -0.17859216 0.11589886
v -0.25283888 -0.17842586 0.03993310
v -0.25535816 -0.17845647 -0.04388556
v -0.25978184 -0.17856872 0.09961188
v -0.25642556 -0.17846912 -0.11478570
v -0.27716640 -0.17848220 -0.10755783
v -0.27750361 -0.17846279 -0.09735355
v -0.26437682 -0.17844094 0.00844785
v -0.25907776 -0.17850886 0.06737129
v -0.26877177 -0.17847295 -0.02907166
v -0.26610285 -0.17844288 0.03226840
v -0.26032126 -0.17857583 0.08918583
v -0.27068257 -0.17865115 0.10945907
v -0.29102793 -0.17852490 -0.11970946
v -0.30354246 -0.17846152 -0.05687002
v -0.30583280 -0.17849277 -0.04090709
v -0.28655407 -0.17844169 0.05175417
v -0.28180307 -0.17848174 0.06503914
v -0.28259942 -0.17856838 0.08705886
v -0.28017539 -0.17860232 0.10128388
v -0.28481883 -0.17841791 -0.07591644
v -0.29474285 -0.17847887 -0.02076164
v -0.30207106 -0.17846531 -0.00728563
v -0.30153966 -0.17876984 0.11457194
v -0.30207732 -0.17867433 0.11593311
v -0.32807574 -0.17861468 -0.11814958
v -0.30637193 -0.17852736 -0.11487582
v -0.31184912 -0.17844316 -0.08771545
v -0.29561490 -0.17845225 0.03536135
v -0.30355683 -0.17870563 0.10950823
v -0.32558608 -0.17853278 -0.10580653
v -0.31583422 -0.17848873 -0.09597066
v -0.30821884 -0.17846446 0.01193410
v -0.30196267 -0.17852087 0.07733080
v -0.30416721 -0.17846075 0.05494330
v -0.31458634 -0.17863302 0.10190687
v -0.33234566 -0.17843428 -0.07427689
v -0.32122993 -0.17858155 0.08851844
v -0.32062262 -0.17845689 0.02806355
v -0.33467430 -0.17849313 0.06322408
v -0.33664834 -0.17847830 -0.01610914
v -0.33333984 -0.17852247 0.07584959
v -0.34296653 -0.17869450 0.10942149
v -0.33453071 -0.17847072 0.04497569
v -0.34159529 -0.17860800 0.09998262
v -0.34928328 -0.17854255 -0.11484796
v -0.34621924 -0.17877556 0.11458254
v -0.34636906 -0.17867592 0.11588798
v -0.35037166 -0.17845902 -0.05803383
v -0.34802672 -0.17854466 -0.11985219
v -0.35480750 -0.17845045 0.01494971
v -0.36636078 -0.17853451 -0.10950461
v -0.35469192 -0.17848291 -0.09394583
v -0.35046786 -0.17848061 -0.03984735
v -0.35182124 -0.17847887 0.04343232
v -0.37229878 -0.17844421 -0.08372536
v -0.36720666 -0.17855023 0.08954260
v -0.36537561 -0.17851697 0.07087953
v -0.37012523 -0.17861153 0.10743247
v -0.37139186 -0.17843294 -0.03161583
v -0.37117881 -0.17855750 0.10078290
v -0.37371418 -0.17860053 0.11166236
v -0.40573961 -0.17857558 -0.11848447
v -0.39037558 -0.17852706 -0.10334054
v -0.37289566 -0.17842194 -0.07382390
v -0.37416857 -0.17863399 0.11450937
v -0.38371968 -0.17843376 0.04135224
v -0.37324193 -0.17851348 0.11582458
v -0.38380784 -0.17844172 0.05460019
v -0.38494223 -0.17843787 -0.05256758
v -0.38425162 -0.17842013 -0.00083222
v -0.38630903 -0.17843479 0.02117331
v -0.39779362 -0.17853467 -0.12006384
v -0.39480796 -0.17846489 0.07297817
v -0.40268880 -0.17846490 -0.06900364
v -0.40033266 -0.17842199 -0.03197274
v -0.39871389 -0.17854403 0.08998927
v -0.41215146 -0.17855111 0.10076165
v -0.42016828 -0.17859249 0.10743913
v -0.40819705 -0.17853034 -0.11495644
v -0.41677138 -0.17841639 -0.01305804
v -0.42968786 -0.17862503 0.11452726
v -0.45511109 -0.17852654 0.11578886
v -0.41409147 -0.17854241 -0.09628934
v -0.43345994 -0.17843024 0.00186897
v -0.40587100 -0.17842355 0.04496646
v -0.40995538 -0.17849079 0.07692698
v -0.43421620 -0.17845030 0.03156013
v -0.42688644 -0.17844640 -0.04629961
v -0.41842699 -0.17843646 0.05924865
v -0.42517680 -0.17848599 -0.07344267
v -0.42867592 -0.17853966 0.07957767
v -0.44826558 -0.17859490 0.11150977
v -0.43219715 -0.17860357 -0.11487031
v -0.45058265 -0.17867813 -0.11838913
v -0.43715042 -0.17862003 -0.10854298
v -0.42933217 -0.17859891 -0.10005191
v -0.43759856 -0.17854755 -0.09339160
v -0.45386964 -0.17864482 -0.11999077
v -0.43784222 -0.17857206 0.08924851
v -0.43920729 -0.17848259 -0.07979223
v -0.45732433 -0.17842487 -0.05473480
v -0.44302174 -0.17845592 0.05455377
v -0.44712669 -0.17852812 0.07751152
v -0.45803532 -0.17855148 0.10077788
v -0.45933518 -0.17840159 -0.02672044
v -0.47088081 -0.17857561 -0.09913126
v -0.45727444 -0.17844278 0.02589094
v -0.46091396 -0.17847402 -0.08160785
v -0.46201783 -0.17840715 -0.00234399
v -0.47882482 -0.17840956 0.04766070
v -0.47811842 -0.17851353 -0.09002557
v -0.49073893 -0.17854545 -0.11473578
v -0.47728223 -0.17858815 -0.10911909
v -0.48629242 -0.17841110 -0.06067646
v -0.46791923 -0.17853104 0.08846585
v -0.46522522 -0.17864200 0.11450304
v -0.46611178 -0.17859209 0.10744269
v -0.47334608 -0.17846388 0.06996703
v -0.47981432 -0.17839326 0.02061563
v -0.48610079 -0.17851013 0.10078755
v -0.50618917 -0.17850667 0.11161047
v -0.49350911 -0.17858034 -0.12020937
v -0.49265167 -0.17836142 -0.03098253
v -0.49332964 -0.17834739 0.00765054
v -0.50342560 -0.17853607 0.11459544
v -0.48994789 -0.17844796 0.06767090
v -0.49830505 -0.17853567 0.10739660
v -0.49543896 -0.17850024 0.09148748
v -0.50414681 -0.17843372 0.11598065
v -0.51730478 -0.17857723 -0.10627648
v -0.50773966 -0.17841037 0.05584848
v -0.50879407 -0.17834009 -0.00547880
v -0.51026100 -0.17834796 0.02841493
v -0.51454383 -0.17851590 0.10067078
v -0.51432562 -0.17852218 0.08788010
v -0.52993494 -0.17860879 -0.11799830
v -0.51881289 -0.17850240 -0.08379868
v -0.51456201 -0.17838238 -0.05090547
v -0.51925313 -0.17836863 -0.02530998
v -0.52445036 -0.17850673 0.07248977
v -0.51942742 -0.17856576 -0.12041146
v -0.53175408 -0.17840105 0.02718563
v -0.53103268 -0.17839816 0.00106577
v -0.52778971 -0.17842227 0.04802093
v -0.52873313 -0.17856511 0.10319039
v -0.53513527 -0.17844568 -0.05589196
v -0.53766167 -0.17843039 -0.03677062
v -0.53781092 -0.17855807 0.08908536
v -0.53984302 -0.17859195 0.11454934
v -0.54590750 -0.17862415 -0.12084451
v -0.54609853 -0.17855468 -0.11372849
v -0.53991115 -0.17851155 -0.07885906
v -0.54031932 -0.17851388 0.06980884
v -0.54426587 -0.17853674 0.11614880
v -0.54729807 -0.17845795 0.05448222
v -0.55208063 -0.17861480 0.10954142
v -0.55450809 -0.17855744 -0.08674839
v -0.55269361 -0.17856796 -0.10542220
v -0.55428547 -0.17848274 -0.00391758
v -0.55431855 -0.17844799 0.02711151
v -0.55203998 -0.17855482 0.09978926
v -0.55253780 -0.17871144 0.11483318
v -0.55192244 -0.17871776 -0.12122414
v -0.55436671 -0.17848605 -0.05667913
v -0.55428302 -0.17844869 -0.02299115
v -0.55420530 -0.17841111 0.06043774
v -0.55397928 -0.17854157 0.10690406
v -0.55404311 -0.17854059 0.11615098
v -0.55456889 -0.17855705 -0.11733067
v -0.55447733 -0.17838593 -0.12135553
v -0.06282686 -0.17738289 -0.12051496
v -0.06289640 -0.17780030 -0.11749655
v -0.06282686 -0.17738289 -0.12051496
v -0.06289640 -0.17780030 -0.11749655
v -0.06489107 -0.17713772 -0.11988464
v -0.06502289 -0.17756495 -0.11825129
v -0.06525682 -0.17770550 -0.11362138
v -0.06301451 -0.17748456 -0.09810692
v -0.06301451 -0.17748456 -0.09810692
v -0.06460685 -0.17750601 -0.09492907
v -0.06310345 -0.17797092 -0.05162737
v -0.06310345 -0.17797092 -0.05162737
v -0.06310527 -0.17779990 -0.01199812
v -0.06310527 -0.17779990 -0.01199812
v -0.06708267 -0.17803507 -0.04492265
v -0.06309307 -0.17784083 0.01066826
v -0.06301634 -0.17784962 0.04457810
v -0.06299086 -0.17813110 0.07187429
v -0.06296849 -0.17820206 0.09024963
v -0.06289239 -0.17822154 0.11003295
v -0.06296849 -0.17820206 0.09024963
v -0.06289239 -0.17822154 0.11003295
v -0.06296034 -0.17813978 0.11618805
v -0.06262790 -0.17738362 0.11669269
v -0.06296034 -0.17813978 0.11618805
v -0.06262790 -0.17738362 0.11669269
v -0.06611896 -0.17821084 0.11668018
v -0.06224872 -0.16308779 0.14666323
v -0.06202057 -0.15992637 0.14873803
v -0.06202057 -0.15992637 0.14873803
v -0.06878251 -0.17781591 -0.11799237
v -0.07410815 -0.17746478 -0.11961022
v -0.06986935 -0.17768502 -0.09399983
v -0.07054190 -0.17799576 -0.06285867
v -0.07027701 -0.17794709 -0.01375267
v -0.06309307 -0.17784083 0.01066826
v -0.07026081 -0.17791234 0.01577057
v -0.06301634 -0.17784962 0.04457810
v -0.07252853 -0.17795171 0.04632750
v -0.07253668 -0.17806718 0.06235067
v -0.06299086 -0.17813110 0.07187429
v -0.07783529 -0.17799702 -0.07501921
v -0.07739970 -0.17803255 -0.02413348
v -0.07696813 -0.17795245 0.00390750
v -0.07561624 -0.17792749 0.02280371
v -0.07825923 -0.17791413 -0.09681639
v -0.07667680 -0.17795840 -0.11950845
v -0.08954135 -0.17824976 -0.11929190
v -0.08613092 -0.17744434 -0.11945024
v -0.11451168 -0.17826028 -0.11942399
v -0.13499355 -0.17762662 -0.11965594
v -0.14324182 -0.17837012 -0.11946467
v -0.17542224 -0.17757007 -0.11965349
v -0.19776702 -0.17827332 -0.11953244
v -0.24358012 -0.17771603 -0.11984959
v -0.25216246 -0.17851071 -0.11971647
v -0.29102793 -0.17852490 -0.11970946
v -0.27518559 -0.17768066 -0.11986575
v -0.34215698 -0.17773058 -0.11999124
v -0.34802672 -0.17854466 -0.11985219
v -0.37983322 -0.17770928 -0.12021512
v -0.39779362 -0.17853467 -0.12006384
v -0.45124820 -0.17769963 -0.12016767
v -0.45386964 -0.17864482 -0.11999077
v -0.49350911 -0.17858034 -0.12020937
v -0.49079657 -0.17769338 -0.12033281
v -0.51942742 -0.17856576 -0.12041146
v -0.51759303 -0.17768699 -0.12051523
v -0.54590750 -0.17862415 -0.12084451
v -0.54503405 -0.17762485 -0.12098983
v -0.55447733 -0.17838593 -0.12135553
v -0.55456889 -0.17855705 -0.11733067
v -0.55478179 -0.17770502 -0.11841071
v -0.55468798 -0.17769532 -0.10091928
v -0.55450809 -0.17855744 -0.08674839
v -0.55456966 -0.17768870 -0.06433636
v -0.55436671 -0.17848605 -0.05667913
v -0.55443776 -0.17768197 -0.01136321
v -0.55428302 -0.17844869 -0.02299115
v -0.55428547 -0.17848274 -0.00391758
v -0.55443251 -0.17767048 0.03937159
v -0.55431855 -0.17844799 0.02711151
v -0.55420530 -0.17841111 0.06043774
v -0.55422044 -0.17771591 0.08184788
v -0.55397928 -0.17854157 0.10690406
v -0.55416691 -0.17772239 0.11000411
v -0.55404311 -0.17854059 0.11615098
v -0.55430055 -0.17749415 0.11492966
v -0.55416703 -0.17726000 0.11624531
v -0.04167104 -0.16367456 -0.14943770
v -0.04991826 -0.16029492 -0.14935037
v -0.06198582 -0.17015448 0.12425108
v -0.06196091 -0.17515588 0.11710921
v -0.06282715 -0.17277440 -0.12070942
v -0.06282686 -0.17738289 -0.12051496
v -0.06489107 -0.17713772 -0.11988464
v -0.06282715 -0.17277440 -0.12070942
v -0.06196363 -0.15856029 0.14234219
v -0.06171626 -0.16309965 0.14886646
v -0.30273876 -0.17493299 -0.11983547
v -0.38129878 -0.17446516 -0.12009507
v -0.43713427 -0.17486085 -0.12006971
v -0.48963588 -0.17493190 -0.12016982
v -0.51723254 -0.17475693 -0.12028354
v -0.53374898 -0.17431733 -0.12045795
v -0.54640329 -0.17476250 -0.12091577
v -0.55192244 -0.17871776 -0.12122414
v -0.55266809 -0.17346445 -0.12143493
v -0.55447733 -0.17838593 -0.12135553
v -0.55474436 -0.17431509 -0.12109739
v -0.55459392 -0.17498970 -0.07281163
v -0.55445826 -0.17484395 -0.01706568
v -0.55445009 -0.17495720 0.04204574
v -0.55424273 -0.17498885 0.08311041
v -0.55420911 -0.17460255 0.11118194
v -0.06255113 -0.16535027 -0.13521713
v -0.06503633 -0.16935673 -0.11977860
v -0.07410815 -0.17746478 -0.11961022
v -0.07227015 -0.16489345 -0.11951956
v -0.11517940 -0.16850983 -0.11950502
v -0.18676004 -0.16607407 -0.11950317
v -0.26612860 -0.16849200 -0.11968952
v -0.22818944 -0.16852291 -0.11962983
v -0.29563341 -0.16849732 -0.11970922
v -0.32631153 -0.16853085 -0.11977702
v -0.39191142 -0.16845372 -0.11997786
v -0.43567133 -0.16648248 -0.11995783
v -0.48091102 -0.16518646 -0.12001148
v -0.50180459 -0.17049378 -0.12010780
v -0.52915168 -0.17018126 -0.12019333
v -0.54113227 -0.16716297 -0.12009379
v -0.54944098 -0.16919339 -0.12127763
v -0.55462486 -0.17079657 -0.11252803
v -0.55452150 -0.17066908 -0.07810596
v -0.55443096 -0.17065652 -0.03173215
v -0.55439812 -0.17067496 0.00615030
v -0.55435729 -0.16738929 0.03883451
v -0.06017697 -0.14938919 -0.14929247
v -0.06281616 -0.16041178 -0.12363937
v -0.06290841 -0.16582321 -0.12030867
v -0.06467600 -0.16595858 -0.11968437
v -0.06290841 -0.16582321 -0.12030867
v -0.06158517 -0.15424161 0.12764876
v -0.14257057 -0.16642672 -0.11953363
v -0.16890234 -0.16383207 -0.11948416
v -0.36280522 -0.16348030 -0.11982304
v -0.50302023 -0.16326481 -0.12003282
v -0.52555090 -0.16502896 -0.12011027
v -0.54393619 -0.16485432 -0.12031156
v -0.54710072 -0.17028214 -0.12094253
v -0.55422115 -0.15304154 -0.12181872
v -0.55422115 -0.15304154 -0.12181872
v -0.55447942 -0.16002057 -0.08920589
v -0.55443835 -0.16421926 -0.07202601
v -0.55441201 -0.16409659 -0.04720536
v -0.55434155 -0.16004595 -0.01500312
v -0.55433708 -0.16008037 0.00336675
v -0.55428553 -0.16363285 0.05302223
v -0.55414933 -0.16371734 0.08595622
v -0.55412674 -0.15951826 0.10519165
v -0.55417967 -0.16158004 0.11474869
v -0.06131853 -0.15384549 0.11714461
v -0.07227702 -0.16194829 -0.10613656
v -0.07275884 -0.16326730 -0.10533461
v -0.07187453 -0.16181308 -0.10306743
v -0.07251443 -0.16296712 -0.09381926
v -0.07193919 -0.16183464 -0.09746096
v -0.07230116 -0.16175434 -0.08749852
v -0.07251443 -0.16296712 -0.09381926
v -0.07418972 -0.16279908 -0.08770210
v -0.07336658 -0.16256282 -0.08439392
v -0.07500774 -0.16248357 -0.07941854
v -0.07404271 -0.16233283 -0.07818234
v -0.10170974 -0.15831657 -0.11941540
v -0.13175730 -0.15710658 -0.11944672
v -0.11804783 -0.16275889 -0.08377394
v -0.13075501 -0.16275957 -0.07128412
v -0.11591357 -0.16246298 -0.07276401
v -0.13746715 -0.16281459 -0.06914824
v -0.15324992 -0.16299431 -0.07646599
v -0.15875719 -0.16289899 -0.06894052
v -0.17826402 -0.16317277 -0.10868430
v -0.17650810 -0.16339654 -0.10720292
v -0.17650819 -0.16238602 -0.10867971
v -0.21035482 -0.15706849 -0.11943415
v -0.24246356 -0.15757942 -0.11954135
v -0.21043165 -0.16295542 -0.07037827
v -0.23670951 -0.16302387 -0.06280375
v -0.21010487 -0.16288942 -0.05451763
v -0.26908022 -0.15859559 -0.11959010
v -0.27511179 -0.16319744 -0.06248367
v -0.25732160 -0.16311300 -0.05503413
v -0.30510285 -0.15693966 -0.11960271
v -0.34000376 -0.15704146 -0.11967391
v -0.32276377 -0.16325022 -0.06670946
v -0.34800833 -0.16327517 -0.06934622
v -0.34177309 -0.16322163 -0.05303494
v -0.38722920 -0.15707466 -0.11982343
v -0.38232976 -0.16331330 -0.06726217
v -0.40761468 -0.16327791 -0.05661241
v -0.36956942 -0.16323471 -0.04902241
v -0.41518450 -0.15671891 -0.11982548
v -0.39228690 -0.16324958 -0.04607565
v -0.44527209 -0.16328675 -0.06345442
v -0.45975363 -0.16337016 -0.07268032
v -0.46608284 -0.16312012 -0.04861716
v -0.45795751 -0.15330997 -0.11983314
v -0.47840860 -0.16314261 -0.06044409
v -0.48707879 -0.16325469 -0.07228300
v -0.51994216 -0.16301811 -0.06639740
v -0.50707960 -0.16303343 -0.06395045
v -0.54138374 -0.16272447 -0.12002969
v -0.53764451 -0.16263990 -0.05527074
v -0.53899300 -0.16268931 -0.05666599
v -0.53922427 -0.16207932 -0.05510754
v -0.54694545 -0.15715787 -0.12111330
v -0.55458212 -0.15038714 -0.12125120
v -0.55455297 -0.15692094 -0.10737017
v -0.03928852 -0.14297910 -0.14945331
v -0.06248827 -0.14189242 -0.14877969
v -0.06245427 -0.13894655 -0.14211053
v -0.06251720 -0.13246164 -0.13672924
v -0.06206982 -0.15177111 0.14676286
v -0.06301445 -0.15149660 -0.11927569
v -0.07621154 -0.15896350 -0.11945018
v -0.07171617 -0.15882945 -0.10677078
v -0.07119045 -0.15884654 -0.10296839
v -0.07142380 -0.15893357 -0.09675905
v -0.07160896 -0.15881592 -0.09017810
v -0.07198465 -0.15900092 -0.08290124
v -0.07256550 -0.16146396 -0.07971650
v -0.07270896 -0.15910283 -0.07092455
v -0.07380384 -0.16082813 -0.05407024
v -0.07394040 -0.16025428 -0.05081037
v -0.07441823 -0.16123930 -0.05282638
v -0.07476865 -0.16121382 -0.04657975
v -0.07415323 -0.15887624 -0.04563442
v -0.07559705 -0.16105343 -0.02209512
v -0.07516144 -0.15893686 -0.02086807
v -0.07557264 -0.15903892 -0.00300053
v -0.07588871 -0.16107717 -0.00377652
v -0.07600048 -0.15908758 0.01190933
v -0.07639998 -0.16091248 0.01701282
v -0.07682952 -0.15846182 0.03212519
v -0.07748425 -0.16079058 0.04644319
v -0.07812431 -0.16097166 0.04751517
v -0.07777889 -0.16039674 0.05943335
v -0.07748425 -0.16079058 0.04644319
v -0.07831198 -0.16097869 0.06449664
v -0.07777889 -0.16039674 0.05943335
v -0.07831198 -0.16097869 0.06449664
v -0.07793410 -0.15904664 0.06605022
v -0.07815848 -0.15915306 0.08446373
v -0.07853076 -0.16103251 0.09393863
v -0.07884672 -0.15906990 0.11514105
v -0.07894240 -0.16136020 0.11523618
v -0.07864001 -0.16196884 0.11666614
v -0.16365619 -0.15287875 -0.11938849
v -0.21071976 -0.16329141 -0.10865822
v -0.17826402 -0.16317277 -0.10868430
v -0.21870130 -0.15653102 -0.10864714
v -0.23353904 -0.16264726 -0.10863760
v -0.23868655 -0.16217193 -0.10866117
v -0.34785968 -0.16234325 -0.10876200
v -0.35462636 -0.15442315 -0.10879445
v -0.35571513 -0.16364647 -0.10874924
v -0.38163498 -0.16356808 -0.10881013
v -0.45404154 -0.16360766 -0.10893893
v -0.47173357 -0.15646268 -0.10895666
v -0.46691486 -0.16277073 -0.10893971
v -0.51031852 -0.15406187 -0.11999106
v -0.53220505 -0.15385821 -0.12015298
v -0.55202639 -0.15233152 -0.12179580
v -0.54920679 -0.15187563 -0.12154919
v -0.55459893 -0.15002328 -0.11773020
v -0.55440009 -0.15178500 -0.06863776
v -0.55436409 -0.14978360 -0.03711409
v -0.55428147 -0.14567819 0.03642848
v -0.55414557 -0.14953037 0.07035840
v -0.55409718 -0.15334465 0.09171239
v -0.05314961 -0.16312534 0.14909627
v -0.05370054 -0.14949709 0.14896256
v -0.06043376 -0.14865188 0.14881785
v -0.06300409 -0.13800605 -0.11993730
v -0.06299019 -0.16460228 -0.11962408
v -0.06301445 -0.15149660 -0.11927569
v -0.07327202 -0.15500297 -0.05611918
v -0.07405247 -0.15458834 -0.04222966
v -0.07486127 -0.15501961 -0.02422437
v -0.07583524 -0.15418983 0.01138448
v -0.07724015 -0.15149848 0.04753890
v -0.07813959 -0.15475784 0.08109647
v -0.07856372 -0.15464282 0.09920681
v -0.19181500 -0.15187006 -0.11935315
v -0.23731074 -0.14983164 -0.11945787
v -0.38036543 -0.14983383 -0.11973074
v -0.39275217 -0.15558873 -0.10889438
v -0.40664253 -0.15025488 -0.10888246
v -0.43278074 -0.15647630 -0.10893121
v -0.48748672 -0.15185603 -0.11987945
v -0.51213551 -0.15106720 -0.10899511
v -0.49989599 -0.16119529 -0.10892424
v -0.54114622 -0.14954433 -0.12024230
v -0.53948665 -0.15532704 0.11479548
v -0.53938872 -0.15259230 0.11612099
v -0.54017895 -0.15546478 0.11613600
v -0.53967947 -0.15537490 -0.10107148
v -0.53989446 -0.16238216 -0.10713568
v -0.54006678 -0.16043293 -0.10877317
v -0.03902692 -0.16064462 0.10871002
v -0.03909564 -0.16305746 0.09634352
v -0.03906566 -0.13967939 0.10006176
v -0.06113534 -0.14132407 0.11717641
v -0.06142175 -0.14497203 0.12680560
v -0.06182942 -0.14841680 0.14252961
v -0.07055953 -0.13203648 -0.11924526
v -0.07135527 -0.14510553 -0.10681555
v -0.07091755 -0.13875304 -0.10332271
v -0.07116662 -0.14354502 -0.09914157
v -0.07136151 -0.15104979 -0.09167001
v -0.07214689 -0.15071419 -0.07434621
v -0.07275899 -0.15016437 -0.06176892
v -0.07374446 -0.14992785 -0.04326564
v -0.08144319 -0.13779669 -0.11932161
v -0.07461725 -0.14891849 -0.02491543
v -0.07605681 -0.14978194 0.01943329
v -0.07762004 -0.14741659 0.06279677
v -0.07781991 -0.14423084 0.07217950
v -0.07848215 -0.14551395 0.09748448
v -0.07870340 -0.14613627 0.11040400
v -0.07884528 -0.14684792 0.11512849
v -0.07846463 -0.14313215 0.11687018
v -0.09728277 -0.14797319 -0.11933699
v -0.12391172 -0.14634337 -0.11934128
v -0.21068642 -0.14771381 -0.11935487
v -0.28973684 -0.14767350 -0.11951968
v -0.34425566 -0.14773598 -0.11961642
v -0.42074573 -0.14774323 -0.11974910
v -0.54407907 -0.14448750 -0.12049612
v -0.55448282 -0.14197816 -0.09368801
v -0.55431646 -0.13911043 0.00014847
v -0.55405927 -0.13750736 0.11169443
v -0.06302625 -0.13965884 -0.11916411
v -0.07145485 -0.14144394 -0.08748683
v -0.07297821 -0.13974847 -0.05268100
v -0.07428436 -0.14319894 -0.02890927
v -0.07517125 -0.14606437 -0.00403679
v -0.07551521 -0.14236881 0.00655286
v -0.07708785 -0.14573891 0.04579809
v -0.15901071 -0.14330992 -0.11933318
v -0.19043523 -0.14477429 -0.11932042
v -0.22880730 -0.13412751 -0.11939493
v -0.26762134 -0.14021645 -0.11949357
v -0.45955577 -0.13924868 -0.11975807
v -0.49516410 -0.13880903 -0.11985865
v -0.51246995 -0.13284668 -0.11995575
v -0.52580893 -0.14034021 -0.12009871
v -0.53983557 -0.13836356 -0.10544091
v -0.53964061 -0.13864712 -0.10203964
v -0.55405027 -0.14252599 0.09919852
v -0.55412352 -0.13528369 0.11468947
v -0.55401373 -0.13622488 0.11604057
v -0.06068152 -0.11743893 -0.14921305
v -0.07190397 -0.13357826 -0.07464281
v -0.07429586 -0.12726313 -0.01981566
v -0.07465433 -0.12620372 -0.00887052
v -0.07615638 -0.13408701 0.02245006
v -0.07692444 -0.13235579 0.04062259
v -0.07860008 -0.12628329 0.10290678
v -0.10718973 -0.13591145 -0.11930540
v -0.16339707 -0.13283975 -0.11931562
v -0.20928796 -0.12840584 -0.11932752
v -0.25677025 -0.12080773 -0.11946276
v -0.30231339 -0.12506136 -0.11951464
v -0.32880387 -0.12097385 -0.11954036
v -0.35028869 -0.12839834 -0.11960372
v -0.38193119 -0.13147730 -0.11970264
v -0.42549181 -0.13112533 -0.11972681
v -0.54063499 -0.12949596 -0.12031257
v -0.54934084 -0.13813639 -0.12144685
v -0.55460060 -0.13317399 -0.10836554
v -0.55446786 -0.11725010 -0.08250991
v -0.55441380 -0.13185030 -0.06143287
v -0.55435455 -0.13593782 -0.02589432
v -0.55431503 -0.13167514 0.02057719
v -0.55420458 -0.12888400 0.05905661
v -0.55412126 -0.12756126 0.07941583
v -0.04975013 -0.11280039 -0.14928952
v -0.06300409 -0.13800605 -0.11993730
v -0.06302625 -0.13965884 -0.11916411
v -0.06460997 -0.13804625 -0.11919534
v -0.07109290 -0.13809958 -0.10656476
v -0.07124688 -0.13051420 -0.08964634
v -0.07288635 -0.12597896 -0.04736954
v -0.07763810 -0.13185346 0.06557474
v -0.13558444 -0.12586588 -0.11932033
v -0.18390054 -0.11373437 -0.11931178
v -0.55479085 -0.11820373 -0.12115753
v -0.06016269 -0.11883577 0.14886749
v -0.06502210 -0.13347588 -0.11917108
v -0.06298561 -0.13346851 -0.12010205
v -0.06123704 -0.11808817 0.12642168
v -0.06132093 -0.11650898 0.12887825
v -0.06195939 -0.11327313 0.14667539
v -0.07069281 -0.13651203 -0.10526052
v -0.07089807 -0.12947685 -0.10159621
v -0.07396013 -0.12598512 -0.02671841
v -0.54450065 -0.12214844 -0.12055188
v -0.55443633 -0.11957481 -0.12165582
v -0.55443633 -0.11957481 -0.12165582
v -0.55407536 -0.11766180 0.10306007
v -0.06280178 -0.11358778 -0.12801412
v -0.06298561 -0.13346851 -0.12010205
v -0.06153885 -0.11394247 0.13668881
v -0.07634902 -0.11656391 -0.11927590
v -0.07582551 -0.12387237 0.01609480
v -0.07827449 -0.12400065 0.08932029
v -0.46565562 -0.12552483 -0.11973515
v -0.49222338 -0.12289064 -0.11980224
v -0.52343309 -0.13515031 -0.10899135
v -0.50763792 -0.12319041 -0.10895213
v -0.52334517 -0.10029477 -0.10900167
v -0.54950738 -0.11502439 -0.12134314
v -0.06234311 -0.11696760 -0.14925271
v -0.06252787 -0.11885905 -0.14880443
v -0.06234311 -0.11696760 -0.14925271
v -0.06250432 -0.11250190 -0.14201772
v -0.06174862 -0.11759187 0.14270203
v -0.06185010 -0.09823272 0.14875466
v -0.07059641 -0.12800375 -0.10604379
v -0.07056835 -0.11080685 -0.10393548
v -0.07167040 -0.11921012 -0.07681468
v -0.07207713 -0.12281878 -0.06643203
v -0.07513784 -0.12256834 0.00303992
v -0.07684663 -0.12021198 0.03723153
v -0.07757947 -0.12221270 0.06197540
v -0.07888645 -0.11198563 0.11519596
v -0.12290633 -0.10170721 -0.11931118
v -0.52120590 -0.11375183 -0.11997551
v -0.55230987 -0.11673608 -0.12161541
v -0.55434662 -0.11248870 -0.02011478
v -0.55432969 -0.11035671 -0.00184903
v -0.55430394 -0.10239665 0.02237492
v -0.55424738 -0.10810089 0.04714423
v -0.55410111 -0.11934671 0.11155547
v -0.03928453 -0.11146785 -0.14949858
v -0.07083265 -0.10993483 -0.10143191
v -0.07130781 -0.11391141 -0.08621117
v -0.07217723 -0.11298212 -0.05807767
v -0.07856175 -0.11544088 0.11686137
v -0.44916147 -0.10497603 -0.11974347
v -0.47047400 -0.10287935 -0.11975786
v -0.54042602 -0.11503608 -0.12023216
v -0.53985953 -0.11120366 -0.10365635
v -0.55463308 -0.10164618 -0.10746869
v -0.55456352 -0.10711014 -0.09823704
v -0.55440021 -0.11480931 -0.04218582
v -0.55412954 -0.11094673 0.11599514
v -0.06096840 -0.10426311 0.11718172
v -0.06500697 -0.10198638 -0.11919627
v -0.07315080 -0.10619627 -0.02898863
v -0.07411291 -0.10924304 -0.01022289
v -0.08891526 -0.10967064 -0.11928689
v -0.07718951 -0.10452810 0.04767573
v -0.07818016 -0.08974206 0.08273198
v -0.07768771 -0.10280034 0.06424285
v -0.07859086 -0.09861508 0.09960428
v -0.27626333 -0.11197688 -0.11948690
v -0.34605268 -0.09999831 -0.11956224
v -0.49451882 -0.09613615 -0.11979285
v -0.51082116 -0.09753600 -0.11986208
v -0.53967345 -0.11122116 -0.10102957
v -0.55475706 -0.10274482 -0.11684003
v -0.55443251 -0.10723816 -0.06655192
v -0.55411744 -0.09933552 0.09334527
v -0.55422896 -0.09359492 0.11470827
v -0.05319706 -0.09307593 0.14900412
v -0.06259194 -0.10102516 -0.13681540
v -0.07251881 -0.10702109 -0.04283041
v -0.07495208 -0.10925661 0.00468984
v -0.07600875 -0.10864136 0.02263750
v -0.07667150 -0.10174677 0.03530109
v -0.23531878 -0.10140811 -0.11938253
v -0.36550242 -0.09776816 -0.11963359
v -0.39588875 -0.09968421 -0.11970821
v -0.05818701 -0.10210067 -0.14910671
v -0.06297547 -0.10096733 -0.12010249
v -0.06297547 -0.10096733 -0.12010249
v -0.07051408 -0.09868172 -0.10632128
v -0.07528822 -0.10267217 0.01238612
v -0.18068880 -0.09579882 -0.11930355
v -0.54722083 -0.10758741 -0.12089035
v -0.04364419 -0.09331483 -0.14929864
v -0.06240745 -0.09501976 -0.14634722
v -0.07123727 -0.09959155 -0.08651152
v -0.07198361 -0.10222733 -0.05805180
v -0.07348783 -0.08830911 -0.00990808
v -0.07880011 -0.09195021 0.10988481
v -0.54086930 -0.10037895 -0.12009323
v -0.54435694 -0.09987149 -0.12026328
v -0.55177474 -0.08574410 -0.12163225
v -0.55438948 -0.09123154 -0.12167725
v -0.55438948 -0.09123154 -0.12167725
v -0.55481911 -0.08494428 -0.12116307
v -0.06232291 -0.08876888 -0.14858109
v -0.07171629 -0.09665555 -0.06575516
v -0.07870090 -0.09200513 0.11702092
v -0.21324709 -0.08950856 -0.11931190
v -0.31108159 -0.09389187 -0.11950880
v -0.54910386 -0.09706545 -0.12132442
v -0.55440545 -0.08998661 -0.04268769
v -0.03897285 -0.08799484 0.11070780
v -0.03899825 -0.12750775 0.10894790
v -0.03910100 -0.09634590 0.09764239
v -0.06107192 -0.08523603 0.12383962
v -0.06109805 -0.08464271 0.12653251
v -0.06504476 -0.08748163 -0.11925706
v -0.07084036 -0.08853078 -0.10161412
v -0.07219176 -0.09213099 -0.04159320
v -0.07582109 -0.09333050 0.02273926
v -0.07905169 -0.08225401 0.11527032
v -0.08737287 -0.08895034 -0.11927095
v -0.25999540 -0.08300607 -0.11946967
v -0.40675604 -0.08541587 -0.11972103
v -0.52625871 -0.08715028 -0.11993572
v -0.53983438 -0.07779001 -0.10375160
v -0.55455118 -0.07708128 -0.08928445
v -0.55437326 -0.07870290 -0.01740680
v -0.55419528 -0.08289221 0.07150431
v -0.03930709 -0.08132434 -0.14934614
v -0.06208086 -0.08296899 -0.14885801
v -0.06208086 -0.08296899 -0.14885801
v -0.06244208 -0.08700101 -0.14210984
v -0.06158254 -0.08456913 0.14252757
v -0.07054631 -0.06824833 -0.10361421
v -0.07146339 -0.08943065 -0.07549083
v -0.07310839 -0.08042054 -0.01390136
v -0.07376674 -0.08177480 -0.00220347
v -0.07708663 -0.08035238 0.04519370
v -0.28258690 -0.08617848 -0.11949962
v -0.54707462 -0.09050590 -0.12076810
v -0.03904748 -0.07459533 0.10129768
v -0.06287026 -0.05825200 -0.12785795
v -0.06182463 -0.08526437 0.14673723
v -0.07110414 -0.08510172 -0.09042284
v -0.07168964 -0.08235875 -0.06005651
v -0.07426678 -0.08201586 0.00523114
v -0.07533509 -0.08222628 0.01875913
v -0.07671016 -0.08187512 0.03807325
v -0.07755968 -0.07929140 0.05800442
v -0.14802796 -0.07648976 -0.11932197
v -0.18072617 -0.07156858 -0.11931589
v -0.33125198 -0.07866259 -0.11954445
v -0.35962942 -0.07626708 -0.11963421
v -0.54438955 -0.07186159 -0.12016094
v -0.55482042 -0.07146563 -0.11858723
v -0.55446935 -0.07104869 -0.07111171
v -0.55414653 -0.07079931 0.11149769
v -0.05004482 -0.07460228 -0.14899924
v -0.06094027 -0.08044440 0.11720993
v -0.07790503 -0.06939209 0.07020152
v -0.11467248 -0.06620173 -0.11929274
v -0.23175806 -0.07685456 -0.11938050
v -0.43624514 -0.07484488 -0.11976674
v -0.54105157 -0.06902194 -0.12001726
v -0.53963953 -0.05376976 -0.10085157
v -0.55430269 -0.07938133 0.02527412
v -0.55413282 -0.05471573 0.11599776
v -0.06243330 -0.05370737 -0.14167613
v -0.07078628 -0.06776877 -0.10135350
v -0.07198587 -0.07773553 -0.04192451
v -0.07221968 -0.08340436 -0.03678331
v -0.07635054 -0.07436502 0.03377778
v -0.07745916 -0.05469399 0.05425100
v -0.07885776 -0.06595524 0.11074993
v -0.47256297 -0.07484779 -0.11978799
v -0.51650167 -0.06974721 -0.11986268
v -0.55445683 -0.07154304 -0.05617962
v -0.55428416 -0.06606798 0.04110360
v -0.55413401 -0.06606762 0.10234460
v -0.07132649 -0.06806645 -0.07866713
v -0.07154489 -0.07097942 -0.06520608
v -0.07841927 -0.07216464 0.09119213
v -0.07864489 -0.06569494 0.09867997
v -0.09220912 -0.05944875 -0.11926094
v -0.50882947 -0.09078667 -0.10896155
v -0.50645423 -0.06042361 -0.10893652
v -0.54911709 -0.06403537 -0.12130088
v -0.55465257 -0.06342450 -0.10658047
v -0.06201808 -0.06324892 -0.14869097
v -0.06299339 -0.06367712 -0.12026581
v -0.06158987 -0.06724676 0.14235428
v -0.06114124 -0.06451412 0.12644933
v -0.07303058 -0.06751819 -0.01178337
v -0.07511118 -0.06239417 -0.11929974
v -0.07399273 -0.06738190 0.00482963
v -0.07571074 -0.06965140 0.02606383
v -0.20469895 -0.06247988 -0.11932239
v -0.53214681 -0.06157323 -0.11996850
v -0.04169837 -0.05984763 -0.14922523
v -0.06184013 -0.05996464 0.14680208
v -0.06188226 -0.06276223 0.14875503
v -0.07043909 -0.06469274 -0.10649487
v -0.07197192 -0.07051861 -0.04088438
v -0.07362472 -0.06740741 -0.00097430
v -0.07872641 -0.06034627 0.11705469
v -0.27817494 -0.06329177 -0.11949852
v -0.30528003 -0.06668012 -0.11952889
v -0.37700310 -0.06200257 -0.11968669
v -0.50517851 -0.04475182 -0.11976972
v -0.52304411 -0.05173078 -0.10897750
v -0.54742926 -0.05708646 -0.12082997
v -0.55444634 -0.05508040 -0.04394400
v -0.55438805 -0.04363119 -0.00082040
v -0.55423540 -0.05676934 0.06126642
v -0.03369948 -0.06726584 0.03521756
v -0.03764856 -0.06780139 0.03663867
v -0.03742489 -0.06782611 0.03365366
v -0.03939781 -0.06873572 0.03171751
v -0.03937551 -0.06913584 0.03623278
v -0.03906912 -0.06737356 0.03870384
v -0.03937551 -0.06913584 0.03623278
v -0.03906912 -0.06737356 0.03870384
v -0.03934485 -0.06804056 0.03917773
v -0.06241415 -0.05319568 -0.14621934
v -0.06299339 -0.06367712 -0.12026581
v -0.06505053 -0.05725802 -0.11938232
v -0.07699467 -0.06142246 0.04462379
v -0.07818852 -0.05555656 0.08344053
v -0.23562264 -0.05666722 -0.11939532
v -0.39797306 -0.05662109 -0.11969963
v -0.46367013 -0.06291400 -0.11977223
v -0.55201042 -0.05544413 -0.12157664
v -0.55437982 -0.05701623 -0.12163249
v -0.55437982 -0.05701623 -0.12163249
v -0.55418956 -0.05743706 0.07970615
v -0.00163075 -0.06188927 0.03094041
v -0.00325623 -0.06368591 0.03296931
v -0.00309217 -0.06254984 0.02932764
v -0.00145933 -0.06239849 0.03512327
v -0.00296277 -0.06320746 0.03546100
v -0.00398016 -0.06220246 0.02668669
v -0.00640506 -0.06388861 0.02911502
v -0.00638297 -0.06278452 0.02651506
v -0.00641945 -0.06476791 0.03290896
v -0.00655013 -0.06391156 0.03565649
v -0.00415459 -0.06311493 0.03608721
v -0.01282302 -0.06357002 0.02653652
v -0.01217094 -0.06464748 0.02918529
v -0.01163095 -0.06551372 0.03300519
v -0.01106027 -0.06450602 0.03573553
v -0.01834911 -0.06489684 0.02915366
v -0.01965937 -0.06371231 0.02655029
v -0.01909444 -0.06593294 0.03326378
v -0.01845136 -0.06473473 0.03623528
v -0.02378809 -0.06459050 0.02854810
v -0.02251205 -0.06460659 0.03667521
v -0.02701914 -0.06632549 0.03317108
v -0.02750167 -0.06537522 0.03652650
v -0.02251205 -0.06460659 0.03667521
v -0.02608669 -0.06366503 0.03806439
v -0.02750167 -0.06537522 0.03652650
v -0.03189236 -0.06649208 0.03289020
v -0.03236705 -0.06468239 0.02843248
v -0.03213838 -0.06619488 0.03662410
v -0.03213838 -0.06619488 0.03662410
v -0.03294179 -0.06433769 0.03896454
v -0.03750235 -0.06608917 0.03075690
v -0.03753054 -0.06413402 0.02773811
v -0.03769425 -0.06537026 0.03945550
v -0.03661367 -0.06663695 0.03784430
v -0.03948966 -0.06620458 0.02950425
v -0.03951314 -0.06487559 0.02635832
v -0.06100044 -0.05859466 0.11722781
v -0.06201808 -0.06324892 -0.14869097
v -0.07090867 -0.05427725 -0.09897354
v -0.07114702 -0.05200940 -0.08718058
v -0.07153440 -0.05168390 -0.06786478
v -0.07193030 -0.05672037 -0.04290244
v -0.07774967 -0.05585357 0.06410500
v -0.07799055 -0.04766814 0.07478496
v -0.18331781 -0.03528823 -0.11930308
v -0.20884070 -0.03949542 -0.11931065
v -0.25227410 -0.04945802 -0.11943278
v -0.34536552 -0.05691808 -0.11958346
v -0.55474955 -0.04706676 -0.12117094
v -0.55453318 -0.05280564 -0.08648822
v -0.00197238 -0.06081207 0.02813634
v -0.00163075 -0.06188927 0.03094041
v -0.00197238 -0.06081207 0.02813634
v -0.00123334 -0.05998374 0.02942489
v -0.00111303 -0.05881719 0.02711285
v -0.00285766 -0.06012581 0.02569501
v -0.00637043 -0.06121894 0.02475185
v -0.00285766 -0.06012581 0.02569501
v -0.00381532 -0.05924573 0.02333705
v -0.00636551 -0.05953623 0.02332250
v -0.01064330 -0.06072460 0.02453118
v -0.00945857 -0.05925786 0.02338232
v -0.01438579 -0.06106194 0.02476528
v -0.01330158 -0.06269558 0.03697264
v -0.00415459 -0.06311493 0.03608721
v -0.01723230 -0.06059014 0.03776499
v -0.01438579 -0.06106194 0.02476528
v -0.01965937 -0.06371231 0.02655029
v -0.01846305 -0.06110359 0.02482664
v -0.02076295 -0.06332560 0.03763945
v -0.02327210 -0.06160912 0.02534926
v -0.02268443 -0.06165565 0.03813372
v -0.02719483 -0.06334083 0.02646280
v -0.02719483 -0.06334083 0.02646280
v -0.02732837 -0.06087854 0.02497506
v -0.03278986 -0.06107680 0.02576686
v -0.03099951 -0.05976125 0.02480124
v -0.03278986 -0.06107680 0.02576686
v -0.03753486 -0.06050378 0.02572216
v -0.03947142 -0.06041692 0.02482663
v -0.03897876 -0.05100831 0.09924652
v -0.03893188 -0.06346516 0.10849015
v -0.04992473 -0.04080733 -0.14891264
v -0.04459330 -0.01223136 -0.14908716
v -0.05534156 -0.05089378 -0.14878857
v -0.06231162 -0.05395829 -0.14840469
v -0.06117788 -0.03865292 0.13100237
v -0.07135379 -0.03543487 -0.07911983
v -0.07246625 -0.05395238 -0.02627394
v -0.07570687 -0.05396306 0.02719932
v -0.07843624 -0.03200602 0.09550396
v -0.08303340 -0.02752667 -0.11927813
v -0.30590177 -0.03943915 -0.11947340
v -0.52419978 -0.04615862 -0.11988375
v -0.53984123 -0.04430469 -0.10341343
v -0.55414629 -0.03628245 0.08902769
v -0.00189421 -0.05711299 0.02577108
v -0.00381532 -0.05924573 0.02333705
v -0.00636551 -0.05953623 0.02332250
v -0.00635228 -0.05721731 0.02304177
v -0.00945857 -0.05925786 0.02338232
v -0.01010704 -0.05641240 0.02329340
v -0.01064330 -0.06072460 0.02453118
v -0.01194733 -0.05706091 0.02357760
v -0.01453122 -0.05686839 0.02394330
v -0.01860657 -0.05656923 0.02452778
v -0.02270776 -0.05606237 0.02524234
v -0.02747932 -0.05689846 0.02486220
v -0.03105971 -0.05739274 0.02475541
v -0.03292775 -0.05590051 0.02722509
v -0.03753486 -0.06050378 0.02572216
v -0.03753841 -0.05608868 0.02698613
v -0.03947142 -0.06041692 0.02482663
v -0.03941444 -0.05550941 0.02606970
v -0.03911641 -0.04005262 -0.14936307
v -0.06305082 -0.03214521 -0.12028122
v -0.06151083 -0.04633027 0.14237192
v -0.07082783 -0.04176055 -0.10150626
v -0.07292819 -0.05100536 -0.01500991
v -0.07362866 -0.04976573 -0.00128888
v -0.07413700 -0.05434666 0.00716203
v -0.07892042 -0.03099390 0.11537001
v -0.14511769 -0.05244363 -0.11931539
v -0.15078878 -0.02776228 -0.11932844
v -0.43191946 -0.04554948 -0.11968893
v -0.47320330 -0.04044869 -0.11970708
v -0.54426610 -0.04264007 -0.12029204
v -0.55473721 -0.04088573 -0.11684969
v -0.55412662 -0.02583497 0.10583968
v -0.00374565 -0.04987365 0.02332425
v -0.01191378 -0.05353710 0.02389152
v -0.01505485 -0.05315657 0.02544412
v -0.01871201 -0.05374804 0.02606698
v -0.02085808 -0.05399738 0.02635999
v -0.02085808 -0.05399738 0.02635999
v -0.02770939 -0.05432175 0.02874511
v -0.02272052 -0.05374691 0.02898472
v -0.02698761 -0.05376571 0.03075359
v -0.03279370 -0.05403791 0.03263028
v -0.03099972 -0.05436723 0.03547628
v -0.02794719 -0.05404120 0.03303028
v -0.03306076 -0.05502960 0.03674668
v -0.03913653 -0.05221250 -0.11764094
v -0.03906995 -0.03844675 -0.10556576
v -0.03922915 -0.06119495 -0.09993079
v -0.06101781 -0.03473170 0.12669909
v -0.06305082 -0.03214521 -0.12028122
v -0.07058938 -0.04370963 -0.10377187
v -0.07412316 -0.04608687 0.00594844
v -0.07633349 -0.04230907 0.03576630
v -0.07700047 -0.04025977 0.04599453
v -0.07875673 -0.03469286 0.11070770
v -0.11354110 -0.02799943 -0.11931667
v -0.54069817 -0.04663835 -0.12004372
v -0.54954648 -0.04628104 -0.12131307
v -0.55464876 -0.03121078 -0.10850814
v -0.55449724 -0.03051327 -0.06197822
v -0.55443090 -0.03639072 -0.02442214
v -0.55434209 -0.03408491 0.02155861
v -0.00965065 -0.04933492 0.02327291
v -0.01202431 -0.04983809 0.02419434
v -0.01451668 -0.04981820 0.02593320
v -0.01138338 -0.05274321 0.03390401
v -0.01009822 -0.05385516 0.03554250
v -0.00864398 -0.04976844 0.03502610
v -0.01505485 -0.05315657 0.02544412
v -0.01568583 -0.05223424 0.02898673
v -0.01451668 -0.04981820 0.02593320
v -0.01460102 -0.04980115 0.02908189
v -0.01426902 -0.05309884 0.03284292
v -0.01303369 -0.04983550 0.03140451
v -0.06290582 -0.04349625 -0.12915292
v -0.06172051 -0.03760154 0.14871486
v -0.07475197 -0.03014254 -0.11931959
v -0.07052030 -0.04435946 -0.10663682
v -0.07175903 -0.03707918 -0.05993972
v -0.07394095 -0.04067987 0.00164821
v -0.07717514 -0.03288574 0.04989080
v -0.07774195 -0.03866765 0.06505460
v -0.09459344 -0.03204581 -0.11928388
v -0.34864348 -0.03733560 -0.11953238
v -0.37832952 -0.03819269 -0.11961734
v -0.40406340 -0.03916147 -0.11963239
v -0.53970206 -0.03866922 -0.10096559
v -0.55458999 -0.02683553 -0.10047194
v -0.55417597 -0.02495566 0.11462130
v -0.00077826 -0.04889428 0.03243462
v -0.00112617 -0.05691503 0.02775521
v -0.00117061 -0.04069872 0.02785992
v -0.00635007 -0.03476478 0.02278909
v -0.01192373 -0.04274660 0.02440573
v -0.01414105 -0.04447877 0.02609171
v -0.01414105 -0.04447877 0.02609171
v -0.01428318 -0.04463943 0.02905841
v -0.01303992 -0.04372556 0.03141160
v -0.06221262 -0.03883755 -0.14851570
v -0.06085931 -0.03355525 0.11733051
v -0.06231162 -0.05395829 -0.14840469
v -0.06256208 -0.02036135 -0.14840806
v -0.06256208 -0.02036135 -0.14840806
v -0.06503165 -0.02974021 -0.11941969
v -0.07151592 -0.04574832 -0.10864902
v -0.07111554 -0.04837407 -0.10831994
v -0.07076675 -0.03811304 -0.10852376
v -0.07194832 -0.04065051 -0.04896209
v -0.07217202 -0.03754398 -0.04103902
v -0.07319517 -0.03820964 -0.01387343
v -0.07534176 -0.03516407 0.02057623
v -0.55452287 -0.03122285 -0.08110136
v -0.00945616 -0.03594270 0.02319875
v -0.00860658 -0.04346773 0.03470701
v -0.06166215 -0.03423917 0.14667301
v -0.07246959 -0.03094947 -0.03447160
v -0.07750197 -0.02506426 0.05808968
v -0.26494879 -0.03220036 -0.11941764
v -0.54673940 -0.02834861 -0.12089854
v -0.55216002 -0.02912533 -0.12167951
v -0.00112522 -0.02221560 0.02979299
v -0.00358266 -0.02917806 0.02317179
v -0.01181796 -0.03426508 0.02457302
v -0.01369530 -0.03511524 0.02629575
v -0.01269400 -0.03262275 0.03111222
v -0.01367038 -0.03510964 0.02904756
v -0.01369530 -0.03511524 0.02629575
v -0.03894246 -0.03076563 0.09239323
v -0.03883976 -0.03524503 0.10365415
v -0.04163006 -0.01093679 -0.14917555
v -0.06271181 -0.02193415 -0.14219290
v -0.06141776 -0.02733698 0.14271770
v -0.07066891 -0.02736860 -0.10429707
v -0.07061036 -0.03302027 -0.10688746
v -0.07087658 -0.02566574 -0.10160124
v -0.07802579 -0.03050233 0.07797740
v -0.07860799 -0.02786797 0.11725760
v -0.23896971 -0.02202794 -0.11935475
v -0.42341319 -0.02702048 -0.11961094
v -0.54089272 -0.02790543 -0.11997858
v -0.54924846 -0.02806878 -0.12136242
v -0.55422729 -0.02044639 0.06028136
v -0.55410564 -0.02560003 0.11157355
v -0.00823730 -0.02397002 0.03412169
v -0.06268281 -0.02171325 -0.14619017
v -0.06302062 -0.02314569 -0.12970406
v -0.07119328 -0.02860136 -0.10875335
v -0.07343465 -0.02248618 -0.01475764
v -0.07438968 -0.02201008 0.00307670
v -0.07619226 -0.02042229 0.03146299
v -0.07557440 -0.02448384 0.02177745
v -0.07678339 -0.01416167 0.04139486
v -0.39565358 -0.02324134 -0.11959162
v -0.50412023 -0.02444616 -0.11971864
v -0.52511650 -0.02790759 -0.11983567
v -0.55451310 -0.00220236 -0.05113206
v -0.55447370 -0.01706645 -0.03733787
v -0.55407822 -0.01439431 0.11600345
v -0.00131780 -0.01053579 0.02781596
v -0.01325828 -0.01951521 0.02617521
v -0.01325828 -0.01951521 0.02617521
v -0.01329261 -0.02190691 0.02887663
v -0.07107061 -0.02030931 -0.09123310
v -0.07172745 -0.01861266 -0.06469575
v -0.07217225 -0.02020467 -0.04734061
v -0.07863471 -0.00772661 0.10630167
v -0.47959071 -0.02180343 -0.11967799
v -0.55440223 -0.00326408 -0.12169877
v -0.55440223 -0.00326408 -0.12169877
v -0.05017099 -0.01375113 -0.14882898
v -0.06090392 0.00923622 0.12689772
v -0.06134970 0.00803639 0.14227751
v -0.07269061 -0.01765537 -0.03296259
v -0.07830492 -0.00466869 0.09059712
v -0.07802454 -0.00625147 0.07719773
v -0.12902613 -0.01379963 -0.11933595
v -0.35357639 -0.01674023 -0.11949468
v -0.38121536 -0.01489500 -0.11957714
v -0.54417467 0.00015749 -0.12034151
v -0.55442834 -0.00385186 -0.01394895
v -0.00637609 -0.01518392 0.02281183
v -0.01242626 -0.01573322 0.03093688
v -0.03901163 -0.00841505 -0.14935112
v -0.06502979 0.01077047 -0.11944261
v -0.06160174 0.01206386 0.14661631
v -0.07148053 -0.01130855 -0.07397622
v -0.07204893 -0.01181191 -0.05357412
v -0.07767382 0.00261289 0.06243819
v -0.07848647 -0.00187121 0.09861003
v -0.07887828 0.00900104 0.11538224
v -0.21157272 0.00964073 -0.11930808
v -0.18926209 0.01422672 -0.11929134
v -0.27299657 -0.01451604 -0.11938420
v -0.30443728 -0.01356893 -0.11941627
v -0.47312629 -0.00342516 -0.11968455
v -0.51469541 -0.01540582 -0.11976078
v -0.52699816 -0.00407056 -0.11985958
v -0.55475843 -0.00106193 -0.12116134
v -0.55452287 0.01497606 -0.06843707
v -0.55439091 -0.00112335 0.01893021
v -0.55429763 -0.00277125 0.04325519
v -0.55416548 -0.01140344 0.08587772
v -0.00362587 -0.01235212 0.02321986
v -0.00939861 -0.01498007 0.02320158
v -0.00823730 -0.02397002 0.03412169
v -0.00656265 -0.02871045 0.03462781
v -0.00612798 -0.01553893 0.03450191
v -0.00807565 -0.01475998 0.03401148
v -0.01159722 -0.01087282 0.02464202
v -0.01304930 -0.01680097 0.02918514
v -0.06099701 0.00849626 0.12928152
v -0.07046336 0.01246931 -0.10727292
v -0.07056473 0.00962960 -0.10881662
v -0.17077009 0.00525572 -0.11931202
v -0.41867054 -0.00854192 -0.11960363
v -0.49363014 0.00115744 -0.11970630
v -0.52510297 -0.02459189 -0.10898724
v -0.51305199 0.00928042 -0.10895458
v -0.53628516 -0.00295047 -0.11995521
v -0.54627174 0.00535594 -0.12075582
v -0.06075191 0.00137750 0.11732458
v -0.06272326 0.00385502 -0.14169118
v -0.07067798 0.01343024 -0.10126743
v -0.07118753 -0.00538157 -0.08392158
v -0.07401556 -0.00222632 -0.00604615
v -0.07344048 -0.00589400 -0.01716558
v -0.07444549 0.00433524 0.00104704
v -0.07519254 0.00078990 0.01305410
v -0.07586582 0.00687647 0.02341476
v -0.07738325 0.00805626 0.05322191
v -0.09686342 0.00487280 -0.11930931
v -0.26370224 -0.00081120 -0.11940178
v -0.34030738 -0.00528511 -0.11947021
v -0.44355762 0.01561006 -0.11962453
v -0.55454087 -0.00168365 -0.08521748
v -0.01035318 -0.01027672 0.03240746
v -0.01239890 -0.00190536 0.03024175
v -0.01308295 -0.00322646 0.02818484
v -0.06270705 0.00665306 -0.14623624
v -0.06165503 0.00349750 0.14871502
v -0.07613696 0.00667519 -0.11931294
v -0.07247218 -0.00689792 -0.04029909
v -0.36995369 0.00477375 -0.11954212
v -0.54100591 0.01968012 -0.12010410
v -0.54946899 -0.00004959 -0.12133035
v -0.55224168 -0.00006354 -0.12163824
v -0.55461395 -0.00317131 -0.10516092
v -0.00356093 0.00424008 0.02317139
v -0.00635347 0.00274073 0.02273608
v -0.01322353 0.00115978 0.02635637
v -0.01322353 0.00115978 0.02635637
v -0.06293905 0.02674795 -0.13240671
v -0.07053521 0.01129267 -0.10307321
v -0.07083927 0.01509779 -0.09115893
v -0.07196981 -0.00055229 -0.05647901
v -0.07272205 0.00631628 -0.03413016
v -0.07873581 0.00640476 0.11151472
v -0.11638239 0.00956139 -0.11932829
v -0.14400133 0.00954205 -0.11933064
v -0.23382768 0.00958079 -0.11935529
v -0.29998049 0.00360510 -0.11943027
v -0.51211917 0.01077380 -0.11975184
v -0.52017200 0.03370712 -0.10898906
v -0.53928208 -0.01415987 0.10220869
v -0.53934920 -0.02102789 0.09544337
v -0.53930658 0.01981905 0.09916845
v -0.53988421 0.01236242 -0.10545772
v -0.55446959 0.00705737 -0.02766344
v -0.55418545 0.02008829 0.08873536
v -0.00944763 0.00965830 0.02315575
v -0.00806814 0.01342538 0.03402066
v -0.01021940 0.00100629 0.03247437
v -0.04939233 0.02106023 -0.14898747
v -0.06239855 0.00549762 -0.14845717
v -0.06260449 0.02095878 -0.14840221
v -0.06260449 0.02095878 -0.14840221
v -0.06301646 0.03091443 -0.12826958
v -0.06304392 0.02769208 -0.12027240
v -0.06304392 0.02769208 -0.12027240
v -0.07229239 0.01325982 -0.04537192
v -0.07361609 0.01416830 -0.01472417
v -0.07859999 0.01085116 0.11723232
v -0.38141972 0.01592720 -0.11954847
v -0.40592855 0.01758531 -0.11956197
v -0.53967685 0.02648339 -0.10170552
v -0.55443901 0.01665452 0.00000237
v -0.00609350 0.00915473 0.03454293
v -0.01176685 0.01181737 0.02466008
v -0.01316521 0.01380666 0.02883128
v -0.03882557 -0.00716573 0.09714143
v -0.03890300 -0.00072068 0.08380786
v -0.04165921 0.02462376 -0.14930716
v -0.04573959 0.02292505 -0.14916384
v -0.07139222 0.01164741 -0.07398322
v -0.07313901 0.01293899 -0.02466119
v -0.07671511 0.01602209 0.03865173
v -0.55472106 0.01662511 -0.11166802
v -0.55465275 0.03651050 -0.09881103
v -0.55460811 0.04219264 -0.08719078
v -0.55415201 0.02501685 0.10635409
v -0.55413914 0.02361730 0.11152911
v -0.55422831 0.06387785 0.11468612
v -0.00104651 0.03448204 0.02983698
v -0.00125426 0.01597692 0.02790707
v -0.01246104 0.00833203 0.03053063
v -0.01059410 0.00919851 0.03225456
v -0.03902930 0.02442390 -0.14947161
v -0.07187003 0.01795617 -0.05867234
v -0.08448160 0.02710459 -0.11930266
v -0.34279287 0.01622829 -0.11948341
v -0.01342887 0.01759166 0.02614019
v -0.01342887 0.01759166 0.02614019
v -0.07715738 0.02434263 0.04756322
v -0.07769935 0.02210787 0.06342703
v -0.07796977 0.01592127 0.07441066
v -0.07855009 0.01953105 0.10408688
v -0.27488056 0.01420579 -0.11943477
v -0.50179780 0.02863810 -0.11967787
v -0.55244809 0.02998871 -0.12148812
v -0.55440915 0.02907843 0.02237592
v -0.01249430 0.01424517 0.03090338
v -0.06239387 0.02130738 -0.14860043
v -0.06263787 0.02908510 -0.14167556
v -0.06171410 0.02854294 0.14872177
v -0.07089931 0.02246806 -0.08893281
v -0.07368852 0.03533817 -0.01459816
v -0.07470600 0.02292934 0.00381234
v -0.32493299 0.02948270 -0.11942324
v -0.46834344 0.03188780 -0.11967382
v -0.54451549 0.02967641 -0.12038097
v -0.55492663 0.03295723 -0.12112319
v -0.55449331 0.03021860 -0.03703735
v -0.00370571 0.02396605 0.02329842
v -0.00635794 0.02772215 0.02297516
v -0.00626746 0.02669993 0.03449064
v -0.01151973 0.01930121 0.02449293
v -0.01345664 0.02058629 0.02871507
v -0.06087649 0.03512487 0.11972545
v -0.06096390 0.03586394 0.12675866
v -0.07052535 0.02220923 -0.10314950
v -0.07127056 0.02107418 -0.10877171
v -0.07075958 0.02516777 -0.10861409
v -0.07291405 0.03729883 -0.03070942
v -0.07611187 0.02489600 0.02632743
v -0.07821852 0.02961952 0.08786064
v -0.07871883 0.04374242 0.11150345
v -0.25742403 0.02596981 -0.11941260
v -0.24359116 0.03508500 -0.11935890
v -0.30086941 0.02448878 -0.11943957
v -0.48695248 0.03687755 -0.11966833
v -0.52243179 0.02936489 -0.11979446
v -0.53462315 0.03057859 -0.11996958
v -0.55444938 0.03272590 -0.01152113
v -0.00906983 0.02978275 0.02323758
v -0.01353896 0.02807939 0.02622635
v -0.01353896 0.02807939 0.02622635
v -0.01292673 0.03174037 0.03112299
v -0.06087911 0.03184355 0.11729719
v -0.06260434 0.03066278 -0.14612666
v -0.06503268 0.02823991 -0.11939704
v -0.06136288 0.02740705 0.14231113
v -0.07047161 0.02576509 -0.10675105
v -0.07130630 0.03376678 -0.07836241
v -0.07246539 0.03339392 -0.04145068
v -0.07581633 0.03574312 0.02046518
v -0.07724477 0.03537271 0.04967752
v -0.07863130 0.03718925 0.11720830
v -0.09653661 0.04639596 -0.11933061
v -0.25782585 0.02186299 -0.10877773
v -0.27653608 0.02237147 -0.10871151
v -0.27762437 0.02159974 -0.10884821
v -0.27566737 0.02709344 -0.11944047
v -0.33609164 0.02143884 -0.10886896
v -0.33812827 0.02245668 -0.10868216
v -0.35251412 0.02182687 -0.10873395
v -0.35659936 0.01975471 -0.10885745
v -0.36772984 0.02069959 -0.10878062
v -0.55462742 0.03277147 -0.12158149
v -0.55462742 0.03277147 -0.12158149
v -0.01143274 0.03071267 0.02463871
v -0.01373836 0.03171480 0.02887785
v -0.07075068 0.03619868 -0.10158077
v -0.07171272 0.04092721 -0.06660163
v -0.07463779 0.03792167 0.00258161
v -0.12080836 0.03949544 -0.11931154
v -0.27956229 0.02428741 -0.10874587
v -0.35885924 0.03597847 -0.11946931
v -0.42276627 0.04114285 -0.11957240
v -0.54965329 0.03315139 -0.12118661
v -0.55437219 0.04570029 0.04273919
v -0.00126234 0.03856483 0.02776368
v -0.00820297 0.03621048 0.03409576
v -0.07309726 0.03849730 -0.11935160
v -0.07086721 0.03799412 -0.09449831
v -0.07224968 0.04311732 -0.04859564
v -0.07784657 0.03862000 0.07235290
v -0.07844511 0.04061446 0.09961069
v -0.14538635 0.04245142 -0.11929885
v -0.27447262 0.03530366 -0.10876259
v -0.32039467 0.02437389 -0.10868621
v -0.30752102 0.04362551 -0.10875002
v -0.32184774 0.03274522 -0.10871950
v -0.54088080 0.05085400 -0.12007895
v -0.53979629 0.04405603 -0.10565853
v -0.55424148 0.03931952 0.07530418
v -0.06248201 0.05582616 -0.13854292
v -0.07114364 0.06231439 -0.08832514
v -0.07761788 0.04162971 0.06340188
v -0.07854617 0.05056003 0.10512483
v -0.10745017 0.06893188 -0.11934108
v -0.26344001 0.04746250 -0.11939585
v -0.30021033 0.03887222 -0.11940762
v -0.51385766 0.03933195 -0.11970615
v -0.55479491 0.04097689 -0.11221665
v -0.00374115 0.04696322 0.02329330
v -0.00634229 0.05063215 0.03463268
v -0.05020398 0.06567359 -0.14900500
v -0.06200047 0.05923272 -0.14863613
v -0.06507057 0.05394256 -0.11944580
v -0.06127620 0.05959481 0.14232875
v -0.07117207 0.03743571 -0.10877284
v -0.07814944 0.05204866 0.08814868
v -0.38949993 0.04844186 -0.11950997
v -0.55447185 0.05704302 -0.00402922
v -0.55416679 0.04749701 0.09974325
v -0.55411369 0.06377453 0.11603664
v -0.00640705 0.05817384 0.02288314
v -0.00907299 0.04820750 0.02320265
v -0.01139575 0.04645184 0.02466392
v -0.01360098 0.04743666 0.02635963
v -0.01360098 0.04743666 0.02635963
v -0.01377553 0.05255464 0.02892542
v -0.06224540 0.05941165 -0.14841288
v -0.06224540 0.05941165 -0.14841288
v -0.06235039 0.05912659 -0.14217010
v -0.06301367 0.06139264 -0.12029725
v -0.06098439 0.05865255 0.12952943
v -0.06162170 0.06259608 0.14871058
v -0.07066260 0.05660591 -0.10425928
v -0.07063185 0.05922601 -0.10650486
v -0.07347231 0.04852730 -0.01854065
v -0.07659978 0.04456392 0.03756547
v -0.07730082 0.05461941 0.05542081
v -0.07889210 0.07083398 0.11534680
v -0.22852710 0.05211905 -0.11934045
v -0.33641779 0.05199585 -0.11941782
v -0.52636462 0.05053750 -0.11982760
v -0.55480748 0.06448051 -0.11166212
v -0.55454063 0.04801682 -0.05344069
v -0.55426902 0.06295446 0.07717562
v -0.01301840 0.05393905 0.03128133
v -0.04573601 0.06861532 -0.14919481
v -0.06290810 0.05757714 -0.12789500
v -0.06301367 0.06139264 -0.12029725
v -0.07446760 0.06689870 0.00382380
v -0.07550669 0.05544633 0.01889124
v -0.07602318 0.05600211 0.02839779
v -0.07701683 0.05519808 0.04813715
v -0.19077584 0.06209886 -0.11932105
v -0.49099422 0.05576265 -0.11965069
v -0.50808132 0.05280736 -0.11966377
v -0.54992914 0.07616529 -0.12124851
v -0.55468261 0.06942418 -0.12160510
v -0.55468261 0.06942418 -0.12160510
v -0.55458057 0.06251928 -0.07461551
v -0.55416328 0.06404075 0.11168905
v -0.00822982 0.05442939 0.03427294
v -0.04140845 0.07196677 -0.14933157
v -0.06078914 0.05823931 0.11730705
v -0.07085702 0.05896688 -0.10836512
v -0.07136746 0.06939787 -0.10885620
v -0.07093942 0.06668860 -0.09842110
v -0.07203639 0.05956450 -0.05706031
v -0.07172352 0.05533860 -0.06817657
v -0.07295293 0.05742175 -0.02989662
v -0.07362066 0.05842221 -0.11935428
v -0.13832673 0.07489485 -0.11932933
v -0.28220069 0.05865768 -0.11941153
v -0.31095552 0.07677498 -0.11940324
v -0.41550642 0.06985056 -0.11957988
v -0.44679543 0.06381586 -0.11963972
v -0.51381838 0.06111932 -0.11970821
v -0.54439712 0.06903705 -0.12037545
v -0.55452383 0.05994448 -0.03685400
v -0.55444032 0.05683390 0.02162036
v -0.00098881 0.07765940 0.02799677
v -0.00088900 0.06569505 0.02963650
v -0.00364581 0.06260163 0.02323565
v -0.01159391 0.05691490 0.02468031
v -0.03885964 0.08365494 -0.14947477
v -0.06076062 0.06055436 0.11981092
v -0.06089777 0.05764917 0.12693867
v -0.06233197 0.05948574 -0.14624783
v -0.07082449 0.06436685 -0.10229570
v -0.07761031 0.05934757 0.06604709
v -0.07861564 0.06783649 0.11723123
v -0.47773278 0.07315916 -0.11967373
v -0.54111636 0.06620347 -0.12012133
v -0.55494773 0.06857753 -0.12114012
v -0.55460173 0.07976818 -0.07088235
v -0.55436063 0.06226430 0.05472634
v -0.00916600 0.05916644 0.02317692
v -0.00602153 0.06541106 0.03448295
v -0.01366699 0.05793849 0.02637626
v -0.01366699 0.05793849 0.02637626
v -0.01341322 0.06047774 0.02910290
v -0.01283410 0.05967906 0.03115053
v -0.07231984 0.06728315 -0.04645282
v -0.07267289 0.06761375 -0.03596655
v -0.07359761 0.06643927 -0.01386962
v -0.07887746 0.07019058 -0.11933476
v -0.39000142 0.06594738 -0.11953345
v -0.55261385 0.07232651 -0.12152976
v -0.55457199 0.08238676 -0.05482620
v -0.01104528 0.06577721 0.02475746
v -0.06233539 0.06269026 -0.13780338
v -0.06259735 0.06241575 -0.13227144
v -0.07678917 0.07053626 0.04209064
v -0.07789806 0.06998745 0.07778233
v -0.07818288 0.07366309 0.09018864
v -0.07838069 0.08527538 0.09696944
v -0.07858890 0.07344785 0.10622230
v -0.36463571 0.07976472 -0.11949310
v -0.49745286 0.08227095 -0.11967281
v -0.52382439 0.07122967 -0.11984041
v -0.53965527 0.08096325 -0.10126585
v -0.55446064 0.08015421 0.00292408
v -0.55439675 0.08334491 0.03403166
v -0.55440128 0.06884056 0.04104143
v -0.00636461 0.07370403 0.02305664
v -0.00874141 0.06948128 0.02331316
v -0.00784355 0.06866288 0.03407088
v -0.01332289 0.06932509 0.02678837
v -0.01271638 0.06337741 0.03065142
v -0.01092008 0.06178666 0.03232124
v -0.01038554 0.06624895 0.03252887
v -0.01269913 0.06637689 0.03004326
v -0.01326588 0.06974712 0.02742439
v -0.01332289 0.06932509 0.02678837
v -0.06141001 0.07345295 -0.14875776
v -0.06287330 0.06726006 -0.12352455
v -0.06507024 0.07722026 -0.11935446
v -0.07130162 0.07215390 -0.08294380
v -0.07599565 0.06901243 0.02789384
v -0.07531275 0.07122660 0.01701669
v -0.23804103 0.06958392 -0.11937544
v -0.53288877 0.08193830 -0.12002781
v -0.53982896 0.08452407 -0.10477778
v -0.55468655 0.08329251 -0.09203324
v -0.55425167 0.07886687 0.09316832
v -0.00364891 0.07379448 0.02323180
v -0.01031196 0.07043234 0.03247444
v -0.01264745 0.07056290 0.02955670
v -0.06039870 0.09150362 0.11725174
v -0.06141001 0.07345295 -0.14875776
v -0.06146187 0.07852080 -0.14850315
v -0.06291923 0.07354471 -0.12024349
v -0.06291923 0.07354471 -0.12024349
v -0.07086417 0.07418901 -0.10855526
v -0.07243724 0.08176598 -0.04015118
v -0.07722749 0.08083227 0.04901074
v -0.07750079 0.08080861 0.05700117
v -0.07771096 0.08421120 0.06558403
v -0.07872909 0.10042617 0.10990445
v -0.16105151 0.08526009 -0.11934072
v -0.18520258 0.08541808 -0.11932772
v -0.33805859 0.08978501 -0.11942613
v -0.45530152 0.08877096 -0.11965337
v -0.50654674 0.09036872 -0.11971980
v -0.55453461 0.09032837 -0.04143146
v -0.55449307 0.09163746 -0.02325723
v -0.00059772 0.07634568 0.03045471
v -0.00872242 0.07593811 0.02335707
v -0.00598684 0.07840025 0.03492902
v -0.00793418 0.07448325 0.03414507
v -0.01330841 0.07464194 0.02642649
v -0.01037058 0.07453057 0.03244096
v -0.01251730 0.07639393 0.03039537
v -0.01322845 0.07455933 0.02782453
v -0.01330841 0.07464194 0.02642649
v -0.06057134 0.09554538 0.12741826
v -0.06159459 0.07755831 -0.14610100
v -0.06163789 0.07653204 -0.13998371
v -0.06203167 0.07431936 -0.13306871
v -0.07060316 0.08698353 -0.10380211
v -0.21718237 0.09323245 -0.11936215
v -0.28816891 0.07828411 -0.11942032
v -0.55435473 0.08311096 0.05514755
v -0.00665021 0.08139938 0.02330170
v -0.00379181 0.07832658 0.02331219
v -0.00823233 0.07863358 0.03424812
v -0.01023766 0.07849091 0.02420854
v -0.01391542 0.07818729 0.02591805
v -0.01085600 0.07810181 0.03252263
v -0.01251730 0.07639393 0.03039537
v -0.01085600 0.07810181 0.03252263
v -0.01446074 0.07884574 0.03134569
v -0.01472196 0.07800978 0.02854351
v -0.01391542 0.07818729 0.02591805
v -0.01472196 0.07800978 0.02854351
v -0.01654661 0.07920885 0.03082011
v -0.06281976 0.07678699 -0.12027386
v -0.06281976 0.07678699 -0.12027386
v -0.06088278 0.09630528 0.14296059
v -0.07057431 0.08999410 -0.10686874
v -0.07796556 0.08336771 -0.11937591
v -0.07084027 0.09048766 -0.10151258
v -0.07135084 0.08463466 -0.08085337
v -0.07365920 0.08371484 -0.01132375
v -0.07442625 0.08704215 0.00250612
v -0.07671456 0.08270720 0.03795680
v -0.38950890 0.09279835 -0.11956146
v -0.42345241 0.09081057 -0.11961713
v -0.00057173 0.08157974 0.02834189
v -0.00054383 0.08376041 0.02713349
v -0.00174385 0.08241019 0.02571854
v -0.00373143 0.08336210 0.02339559
v -0.00271064 0.08289802 0.03533840
v -0.00447899 0.08490020 0.03575001
v -0.00643891 0.08253947 0.03527820
v -0.00811535 0.08071682 0.02346933
v -0.01047325 0.08156115 0.02380979
v -0.01245278 0.08405980 0.02348573
v -0.01037166 0.08064401 0.03401441
v -0.01418737 0.08284920 0.03510114
v -0.01445389 0.08182228 0.02476297
v -0.01037166 0.08064401 0.03401441
v -0.01418737 0.08284920 0.03510114
v -0.01435584 0.08052304 0.03319178
v -0.01391542 0.07818729 0.02591805
v -0.01641190 0.07955304 0.02651298
v -0.01641190 0.07955304 0.02651298
v -0.01815945 0.08005738 0.02828300
v -0.01834932 0.08208057 0.02549155
v -0.01834932 0.08208057 0.02549155
v -0.01844370 0.08298460 0.03497967
v -0.01817185 0.08053032 0.03231875
v -0.02241489 0.08283064 0.02618965
v -0.02264786 0.08151817 0.02886507
v -0.02282813 0.08183467 0.03273840
v -0.02283049 0.08346015 0.03498219
v -0.02504650 0.08318803 0.02667223
v -0.02689308 0.08262104 0.02903126
v -0.02740115 0.08295608 0.03303447
v -0.02602023 0.08380616 0.03493507
v -0.03011638 0.08290541 0.03049409
v -0.03020537 0.08307791 0.03192842
v -0.04423305 0.08844891 -0.14933506
v -0.06254791 0.07822299 -0.12086755
v -0.06269406 0.08127022 -0.11979344
v -0.06087364 0.08533689 -0.14893568
v -0.06088300 0.08917236 -0.13884577
v -0.06201495 0.08299962 -0.12496182
v -0.06269406 0.08127022 -0.11979344
v -0.06506975 0.08350495 -0.11942422
v -0.06119400 0.09137824 0.14870466
v -0.07794921 0.09217295 0.08041614
v -0.26431775 0.09100267 -0.11939919
v -0.47343779 0.10170302 -0.11966202
v -0.52267987 0.10259548 -0.11991462
v -0.54444367 0.09454611 -0.12054935
v -0.55499160 0.10201478 -0.12126020
v -0.55488467 0.09975973 -0.11484078
v -0.55480456 0.09703425 -0.10521725
v -0.55440497 0.09721050 0.11466260
v -0.55431598 0.10039791 0.11139597
v -0.55428147 0.09424067 0.11593351
v -0.00195110 0.08646384 0.02474492
v -0.00038898 0.08679175 0.02675189
v -0.00422812 0.08865607 0.02352376
v -0.01283291 0.08606514 0.03577269
v -0.01061285 0.08879602 0.03581929
v -0.01447871 0.08860582 0.03593412
v -0.01402283 0.08584252 0.02364719
v -0.01825914 0.08608335 0.02403874
v -0.02104139 0.08866024 0.03632640
v -0.01850894 0.08629438 0.03585162
v -0.02241489 0.08283064 0.02618965
v -0.02228278 0.08598739 0.02475059
v -0.02277070 0.08675557 0.03604222
v -0.02504650 0.08318803 0.02667223
v -0.02653879 0.08556980 0.02573727
v -0.02821243 0.08367538 0.02762094
v -0.02821243 0.08367538 0.02762094
v -0.03258562 0.08515471 0.02848126
v -0.03070092 0.08679736 0.02580009
v -0.03258562 0.08515471 0.02848126
v -0.02908882 0.08399221 0.03439259
v -0.02793419 0.08629546 0.03594781
v -0.03275198 0.08659828 0.03607760
v -0.03242734 0.08436671 0.03303898
v -0.02793419 0.08629546 0.03594781
v -0.02682358 0.08902767 0.03670987
v -0.03282195 0.08818898 0.03754936
v -0.03282195 0.08818898 0.03754936
v -0.03749976 0.08511993 0.02792228
v -0.03754616 0.08429638 0.03274271
v -0.03722548 0.08598629 0.03622843
v -0.03708965 0.08744228 0.03857256
v -0.03896627 0.08383051 0.03392291
v -0.03892174 0.08455786 0.03613828
v -0.03892174 0.08455786 0.03613828
v -0.03708965 0.08744228 0.03857256
v -0.03873065 0.08613485 0.03957869
v -0.05088657 0.07057697 0.14883794
v -0.03851217 0.10260269 0.14889990
v -0.04838073 0.09839267 0.14881104
v -0.06181413 0.08527571 -0.12054348
v -0.06237102 0.08728027 -0.11958733
v -0.06064536 0.09720775 0.12993345
v -0.06081633 0.09273350 -0.14628613
v -0.06094503 0.08979088 -0.13203904
v -0.06237102 0.08728027 -0.11958733
v -0.07085849 0.08885929 -0.10868651
v -0.07131445 0.09038049 -0.10890350
v -0.07564077 0.08841291 0.02021685
v -0.07811336 0.09665444 0.08775322
v -0.07873864 0.09621593 0.11710550
v -0.09179693 0.10548252 -0.11936691
v -0.12508008 0.10346940 -0.11936331
v -0.54954523 0.11239180 -0.12141860
v -0.55443305 0.09356663 0.01239973
v -0.55431855 0.09653738 0.07934864
v -0.00049970 0.08882803 0.02673529
v -0.00274354 0.08934560 0.02544240
v -0.00517514 0.08871952 0.02361174
v -0.01044011 0.08702344 0.02363522
v -0.00647449 0.08974981 0.02505953
v -0.01076451 0.09054413 0.02569770
v -0.01453817 0.09034771 0.02493336
v -0.01839393 0.09040734 0.02443051
v -0.02228236 0.09042484 0.02428206
v -0.02644485 0.09034219 0.02443528
v -0.02338129 0.09030086 0.03631578
v -0.02573055 0.09278214 0.03638868
v -0.02838522 0.09048805 0.03704813
v -0.03254980 0.08998004 0.02517093
v -0.03518045 0.08819386 0.02620896
v -0.03749976 0.08511993 0.02792228
v -0.03763390 0.08960873 0.02486994
v -0.03886342 0.08510327 0.02517829
v -0.03895542 0.08964574 0.02259957
v -0.03763390 0.08960873 0.02486994
v -0.05091958 0.09288779 -0.14915645
v -0.06087364 0.08533689 -0.14893568
v -0.06102428 0.09134644 -0.12732750
v -0.06105539 0.09136501 -0.12036508
v -0.06055376 0.09884953 -0.14862835
v -0.06198199 0.09369716 -0.11947429
v -0.07186490 0.09394118 -0.06281176
v -0.07242107 0.09934008 -0.04248938
v -0.07372488 0.09714985 -0.01141170
v -0.07744685 0.10131818 0.04631522
v -0.07782072 0.09429839 0.06976692
v -0.07896149 0.09857786 0.11529438
v -0.23821755 0.11024883 -0.11938295
v -0.32321751 0.10427549 -0.11941034
v -0.54101944 0.09948397 -0.12027508
v -0.00252956 0.09064075 0.03226138
v -0.00655442 0.09144515 0.03235423
v -0.00450349 0.09127906 0.03393973
v -0.00651196 0.09059492 0.03463092
v -0.01076451 0.09054413 0.02569770
v -0.01453817 0.09034771 0.02493336
v -0.01238054 0.09207749 0.02701430
v -0.01483458 0.09244388 0.02668491
v -0.01483458 0.09244388 0.02668491
v -0.01888347 0.09311083 0.02626256
v -0.02282673 0.09374711 0.02602689
v -0.02656212 0.09448761 0.02593813
v -0.03216821 0.09432805 0.02520987
v -0.03729457 0.09425125 0.02428750
v -0.03896344 0.09408244 0.02230186
v -0.03729457 0.09425125 0.02428750
v -0.06033671 0.09858122 -0.14905599
v -0.06105539 0.09136501 -0.12036508
v -0.06033671 0.09858122 -0.14905599
v -0.06052139 0.09721798 -0.13898847
v -0.07117252 0.10326278 -0.09192270
v -0.07145372 0.10088155 -0.08122414
v -0.07486537 0.09837201 0.00695717
v -0.07700993 0.10175642 0.03686684
v -0.39107001 0.11050686 -0.11957672
v -0.53624004 0.11262572 -0.12014303
v -0.53941125 0.11612898 0.10685210
v -0.53935087 0.07448313 0.10228598
v -0.53947914 0.14320502 0.10780177
v -0.55476916 0.11678299 -0.12183794
v -0.55476916 0.11678299 -0.12183794
v -0.55431771 0.11522368 0.06294738
v -0.03243962 0.09684488 0.02618901
v -0.02656212 0.09448761 0.02593813
v -0.03243962 0.09684488 0.02618901
v -0.02808392 0.09639549 0.02686765
v -0.03725681 0.09700626 0.02483745
v -0.03725681 0.09700626 0.02483745
v -0.03892562 0.09804684 0.02319538
v -0.03699988 0.09806076 0.04017767
v -0.03796378 0.10008276 0.04123491
v -0.03841498 0.09759161 0.04208514
v -0.06052336 0.09971231 -0.12036562
v -0.06058423 0.09893993 -0.12719461
v -0.06052336 0.09971231 -0.12036562
v -0.06048402 0.09924966 -0.13172543
v -0.06102166 0.10117877 0.14651705
v -0.07157521 0.10240445 -0.10890380
v -0.07157521 0.10240445 -0.10890380
v -0.07085849 0.08885929 -0.10868651
v -0.07108299 0.10614920 -0.10818771
v -0.07384223 0.10818565 -0.11939189
v -0.07545626 0.10280743 0.01442960
v -0.07767604 0.10268304 0.05485049
v -0.18379590 0.11438349 -0.11934680
v -0.42292610 0.11653605 -0.11961514
v -0.50665766 0.11429170 -0.11975011
v -0.52383447 0.08859274 -0.10895109
v -0.51115644 0.07718638 -0.10891667
v -0.51322460 0.12078556 -0.10891941
v -0.55440998 0.11073688 0.02324770
v -0.03310192 0.09839419 0.02863618
v -0.03722292 0.09883609 0.02663657
v -0.03716516 0.10037661 0.02861689
v -0.03518087 0.09998393 0.03066700
v -0.03893870 0.09937349 0.02544979
v -0.03892115 0.10170239 0.02708986
v -0.06055941 0.10346609 -0.14616594
v -0.06044093 0.10307309 -0.14160520
v -0.07073995 0.12096465 -0.10554776
v -0.07093449 0.11489326 -0.10291940
v -0.07180133 0.10256270 -0.06789133
v -0.07448715 0.11222002 -0.00179026
v -0.07785022 0.11661866 0.06967191
v -0.55262744 0.11733326 -0.12174225
v -0.55460525 0.10744759 -0.06203017
v -0.06048144 0.10563481 -0.12634653
v -0.06033985 0.10580540 -0.13494834
v -0.06162827 0.10834417 -0.11931446
v -0.06055166 0.11285296 0.12694223
v -0.06564985 0.10740685 -0.11939055
v -0.07113869 0.11759439 -0.09921053
v -0.07199807 0.11648834 -0.06623331
v -0.07286121 0.11567238 -0.03654942
v -0.07602055 0.11009333 0.02115699
v -0.07828812 0.11463436 0.09343277
v -0.29140902 0.11913145 -0.11940429
v -0.36454985 0.11197168 -0.11951074
v -0.51421964 0.12678689 -0.11983082
v -0.55466616 0.11901215 -0.08382857
v -0.55456364 0.12041944 -0.05139262
v -0.55433142 0.12187469 0.04700410
v -0.55429947 0.11090526 0.08649440
v -0.55427849 0.13115960 0.11136676
v -0.04372856 0.12064764 -0.14935604
v -0.06048468 0.10853335 -0.12004876
v -0.06048468 0.10853335 -0.12004876
v -0.06069608 0.12251052 0.13419133
v -0.07403384 0.11878076 -0.01122210
v -0.07318178 0.11671451 -0.02984661
v -0.07708789 0.13011214 0.03452766
v -0.07845250 0.11694148 0.09963094
v -0.15399954 0.11976513 -0.11935532
v -0.21470559 0.12457451 -0.11937240
v -0.49620628 0.13564417 -0.11971900
v -0.53965074 0.12731767 -0.10210869
v -0.55473924 0.11919233 -0.09527782
v -0.06043975 0.14956200 -0.14912724
v -0.06031626 0.13133654 -0.13405406
v -0.07164037 0.11605245 -0.10893279
v -0.07800981 0.12722650 0.08239254
v -0.34274310 0.12218750 -0.11944234
v -0.52541471 0.13168356 -0.11998019
v -0.54106712 0.13273269 -0.12024719
v -0.03870314 0.11273357 0.08612898
v -0.03874409 0.09657982 0.07870337
v -0.03876746 0.12136805 0.05941999
v -0.06047714 0.12286830 -0.12570861
v -0.06051411 0.10996363 -0.11924776
v -0.06038691 0.13591948 0.11719733
v -0.06034398 0.13286915 -0.13932279
v -0.06051411 0.10996363 -0.11924776
v -0.06081927 0.13481575 0.14283563
v -0.07110530 0.12438065 -0.10740808
v -0.07198195 0.13061005 -0.07167825
v -0.07521640 0.12172571 0.00710632
v -0.07625939 0.12263629 0.02250868
v -0.07731919 0.11786017 0.04174304
v -0.07883428 0.13812649 0.11523864
v -0.07860512 0.14296207 0.11695762
v -0.52392316 0.13990608 -0.10895362
v -0.53977036 0.12904140 -0.10403505
v -0.55445760 0.12466797 -0.00530115
v -0.55432749 0.12443644 0.07761334
v -0.55438077 0.13180789 0.11464591
v -0.03877968 0.13088197 -0.14950264
v -0.06703395 0.13162163 -0.11934224
v -0.07260478 0.13186496 -0.04944221
v -0.07860024 0.12436023 0.10809246
v -0.11811766 0.12959233 -0.11936706
v -0.55482805 0.13064685 -0.10568270
v -0.55437231 0.13198155 0.02698990
v -0.55429173 0.13766316 0.09346806
v -0.06054491 0.13447493 -0.11914650
v -0.06052208 0.13918081 0.12721111
v -0.06050293 0.13307968 -0.14620745
v -0.06104410 0.13281047 0.14870825
v -0.07120901 0.13896656 -0.09905618
v -0.07154927 0.13063452 -0.08604535
v -0.07390738 0.12999108 -0.01920161
v -0.07473619 0.12659720 -0.00172434
v -0.07736574 0.13289061 0.04164430
v -0.07815787 0.13810951 0.09083346
v -0.36753613 0.13161051 -0.11953709
v -0.48244452 0.13422552 -0.11967269
v -0.54729295 0.14052039 -0.12099355
v -0.55501360 0.14992693 -0.12115282
v -0.55490065 0.14131323 -0.11265501
v -0.06050330 0.13547662 -0.14865059
v -0.07076277 0.13368815 -0.10529727
v -0.07095166 0.13560921 -0.10340890
v -0.07170676 0.13256115 -0.10895902
v -0.07292169 0.13948980 -0.04267863
v -0.07605167 0.13449743 0.01635755
v -0.07854652 0.15040654 0.11135864
v -0.08426665 0.13539973 -0.11936677
v -0.19173747 0.13735968 -0.11937049
v -0.25147828 0.13388586 -0.11938968
v -0.39612639 0.13611272 -0.11961991
v -0.43902057 0.14081535 -0.11965030
v -0.46406594 0.13569561 -0.11964771
v -0.54430073 0.13543820 -0.12050629
v -0.55449462 0.14114037 -0.02846530
v -0.55459201 0.13556615 -0.06444675
v -0.55432039 0.13775539 0.07548466
v -0.55429268 0.15796503 0.11585414
v -0.06057443 0.13592908 -0.12008685
v -0.06043975 0.14956200 -0.14912724
v -0.06180681 0.13597432 -0.11929360
v -0.07485594 0.13797474 -0.00438828
v -0.07567436 0.14953536 0.00511449
v -0.07771558 0.13530812 0.05846813
v -0.07754961 0.13917282 0.04918196
v -0.07781610 0.14639494 0.06852305
v -0.07829714 0.14466986 0.09910038
v -0.14080817 0.13937333 -0.11938003
v -0.30777961 0.13905165 -0.11944816
v -0.34630987 0.13747132 -0.11947265
v -0.41198307 0.14765880 -0.11966631
v -0.54938018 0.14985755 -0.12124205
v -0.55470532 0.14542407 -0.08823130
v -0.55428833 0.13960412 0.06191563
v -0.04830778 0.14600185 -0.14930007
v -0.06046541 0.15068704 -0.13099939
v -0.06057443 0.13592908 -0.12008685
v -0.06054491 0.13447493 -0.11914650
v -0.07111140 0.13604614 -0.10697338
v -0.07381123 0.13868913 -0.02518705
v -0.07475415 0.14841419 -0.01172069
v -0.50978523 0.14648673 -0.11983141
v -0.53284138 0.15196201 -0.12014922
v -0.55259383 0.15629208 -0.12147808
v -0.55443269 0.14950496 0.00191326
v -0.06084882 0.15437597 0.14212511
v -0.07141852 0.14491960 -0.09239724
v -0.07171619 0.14690921 -0.08406088
v -0.07650167 0.14483115 0.02182753
v -0.07718964 0.16185400 0.03531259
v -0.07736498 0.15244684 0.04195898
v -0.08700754 0.15374744 -0.11941287
v -0.10910796 0.14858666 -0.11938199
v -0.17268318 0.15287361 -0.11942104
v -0.25977829 0.14695340 -0.11945587
v -0.21194145 0.16286471 -0.11947015
v -0.36729282 0.15389606 -0.11960116
v -0.52138853 0.15194020 -0.11996537
v -0.55480170 0.15433696 -0.12155899
v -0.55480170 0.15433696 -0.12155899
v -0.55432928 0.14452949 0.03216809
v -0.06053738 0.14915934 -0.12031746
v -0.06053738 0.14915934 -0.12031746
v -0.06067112 0.15083745 -0.14637658
v -0.06049457 0.15190288 -0.13760433
v -0.06116086 0.15085950 0.14872503
v -0.07161981 0.15044388 -0.10887456
v -0.07114817 0.15964231 -0.10305929
v -0.07250777 0.14635739 -0.05878112
v -0.07362187 0.14762363 -0.03244254
v -0.33422554 0.16203478 -0.11951748
v -0.47292635 0.15925220 -0.11970246
v -0.06183530 0.15357769 -0.11952364
v -0.06066324 0.15141192 -0.14865339
v -0.07194269 0.15646008 -0.08057699
v -0.07311356 0.15873143 -0.04651112
v -0.07458025 0.15929690 -0.02084381
v -0.07692383 0.15630311 0.02854405
v -0.07763755 0.16150835 0.05691975
v -0.07795651 0.16620824 0.08788119
v -0.07829469 0.16546184 0.10673559
v -0.27963787 0.16173622 -0.11953011
v -0.38561594 0.16457757 -0.11969075
v -0.54427451 0.16641754 -0.12064475
v -0.55485576 0.15802374 -0.10555866
v -0.55476618 0.17033675 -0.09378329
v -0.55459225 0.15709439 -0.05488220
v -0.55429137 0.16070101 0.04751220
v -0.55428481 0.15826228 0.06344718
v -0.55428135 0.15810814 0.07971331
v -0.55440462 0.17635614 0.11463365
v -0.03883758 0.15775573 -0.14949432
v -0.06055914 0.16682658 -0.12559792
v -0.06047335 0.15250885 0.11720812
v -0.08069004 0.16909793 -0.11951810
v -0.07136607 0.16008028 -0.09816045
v -0.07565093 0.15657043 0.00209719
v -0.13461295 0.16785887 -0.11943749
v -0.30597422 0.16378203 -0.11952761
v -0.34641629 0.16190657 -0.11954585
v -0.53975463 0.17403361 -0.10108504
v -0.55492020 0.16911057 -0.11150599
v -0.55448598 0.16283089 -0.01561508
v -0.55434573 0.16031051 0.02748912
v -0.55426985 0.16070667 0.09952781
v -0.04845876 0.16670528 -0.14929220
v -0.06052497 0.16281086 0.12697425
v -0.07267834 0.15938592 -0.05859015
v -0.07351203 0.15996015 -0.03892622
v -0.07832941 0.17416772 0.11694726
v -0.25858605 0.16815826 -0.11953285
v -0.48851985 0.16603079 -0.11976877
v -0.50864518 0.16411704 -0.11989233
v -0.55430323 0.17564946 0.11171663
v -0.04832381 0.14130786 0.14883991
v -0.03865370 0.15116420 0.14896671
v -0.05088490 0.17146593 0.14881746
v -0.06067255 0.16872317 -0.12033743
v -0.06067255 0.16872317 -0.12033743
v -0.06041512 0.17839342 0.11722685
v -0.06056599 0.18451628 -0.14652187
v -0.07174143 0.16373444 -0.10889414
v -0.07224034 0.16564569 -0.07353750
v -0.07747181 0.16617224 0.04606539
v -0.07861935 0.17360520 0.11520526
v -0.10958776 0.16938213 -0.11941755
v -0.54081005 0.17928416 -0.12041247
v -0.53985596 0.16636124 -0.10329404
v -0.54806042 0.16843635 -0.12118068
v -0.06078869 0.18539235 0.14189786
v -0.07142925 0.17730063 -0.10713774
v -0.07155968 0.17828375 -0.09946838
v -0.07160273 0.17161480 -0.09446195
v -0.07579497 0.16602340 0.00297466
v -0.16748312 0.16963601 -0.11945954
v -0.44197196 0.16912374 -0.11970052
v -0.50513762 0.16270247 -0.10893229
v -0.52613723 0.16938058 -0.10895994
v -0.55468750 0.17467746 -0.08331236
v -0.55462670 0.17526796 -0.06613353
v -0.03880012 0.18656203 -0.14941940
v -0.06186424 0.17700177 -0.11957249
v -0.06057285 0.18748432 -0.14860895
v -0.06039289 0.18362358 -0.13341531
v -0.07352744 0.17211071 -0.04051733
v -0.07490012 0.17048690 -0.01618275
v -0.07640791 0.17249009 0.01484027
v -0.07787110 0.17043772 0.07544777
v -0.36710864 0.17147246 -0.11965796
v -0.39853436 0.17523560 -0.11972603
v -0.52600276 0.17607936 -0.12014988
v -0.55500269 0.18073922 -0.12120694
v -0.55453986 0.17581740 -0.03173519
v -0.06033070 0.18079463 -0.14910915
v -0.06056960 0.18441629 -0.12437850
v -0.06058528 0.19732499 0.13002221
v -0.06110293 0.18158910 0.14870919
v -0.07203802 0.17389673 -0.08284098
v -0.07260272 0.17404646 -0.06481174
v -0.07297823 0.17849237 -0.05562443
v -0.07738364 0.18253419 0.03766416
v -0.07766967 0.18132624 0.05266472
v -0.09733230 0.17533714 -0.11947867
v -0.55426270 0.17581555 0.09652445
v -0.06048566 0.20110098 0.12041311
v -0.06033070 0.18079463 -0.14910915
v -0.06040676 0.18283397 -0.13792041
v -0.07141967 0.18146381 -0.10330772
v -0.07264087 0.18794480 -0.06841668
v -0.07363796 0.18614408 -0.04227144
v -0.07457255 0.18690187 -0.02594731
v -0.07547005 0.18063772 -0.00650636
v -0.07722235 0.18425477 0.03132991
v -0.07836275 0.18140855 0.10621144
v -0.32988691 0.17956194 -0.11958680
v -0.55474472 0.18225405 -0.12173158
v -0.55474472 0.18225405 -0.12173158
v -0.55440128 0.17957199 0.01640428
v -0.55426830 0.17668679 0.07995574
v -0.07177068 0.19022387 -0.10909730
v -0.10586669 0.18067932 -0.11949578
v -0.14562762 0.18063769 -0.11949810
v -0.19863428 0.18041697 -0.11952722
v -0.25713471 0.18047813 -0.11958247
v -0.29545233 0.18052623 -0.11959666
v -0.35539392 0.18053448 -0.11964655
v -0.42273864 0.18053713 -0.11973515
v -0.45820999 0.18050912 -0.11974213
v -0.47868395 0.18050280 -0.11979654
v -0.49458712 0.18055043 -0.11987671
v -0.50814253 0.18390393 -0.12003008
v -0.53921419 0.17841572 0.11466879
v -0.53945494 0.16252041 0.10873204
v -0.53958851 0.18516290 0.11150602
v -0.54383826 0.19780242 -0.12084109
v -0.53996754 0.18419397 -0.10201654
v -0.55248171 0.18822610 -0.12175077
v -0.55432713 0.18497068 0.05045694
v -0.55450571 0.19834968 0.11593956
v -0.06180947 0.19049540 -0.11970663
v -0.07171868 0.18639106 -0.11966240
v -0.07220922 0.19025192 -0.08698195
v -0.07648474 0.18571976 0.01453317
v -0.08800070 0.18510231 -0.11962461
v -0.07790335 0.18560553 0.06620945
v -0.07809228 0.18680203 0.08619076
v -0.07857910 0.19189814 0.10964008
v -0.07876408 0.18495631 0.11510114
v -0.12763764 0.18481043 -0.11955258
v -0.54119551 0.18872988 -0.12051985
v -0.54720408 0.19119880 -0.12135959
v -0.55500114 0.19832847 -0.11062601
v -0.55486977 0.19522288 -0.10110420
v -0.55475700 0.18776777 -0.08902466
v -0.55463541 0.18799606 -0.05403170
v -0.55454260 0.18872407 -0.01809433
v -0.55444545 0.18846306 0.01123894
v -0.55431998 0.18795773 0.08358808
v -0.55442977 0.19273263 0.11128326
v -0.06059647 0.19379908 -0.12061223
v -0.06059647 0.19379908 -0.12061223
v -0.07130434 0.19089720 -0.10713708
v -0.07145774 0.19083765 -0.10339078
v -0.07179956 0.19100496 -0.09892681
v -0.07325618 0.18761966 -0.05232084
v -0.07771903 0.18745232 0.04819373
v -0.07822928 0.19198614 0.08775832
v -0.08865266 0.19585720 -0.11980164
v -0.10781029 0.18906721 -0.11963612
v -0.14714241 0.19010124 -0.11966079
v -0.18353906 0.18878251 -0.11963388
v -0.22163139 0.18874472 -0.11966792
v -0.25175947 0.18942624 -0.11971316
v -0.30434820 0.18885043 -0.11972085
v -0.34809488 0.19438848 -0.11982891
v -0.39204037 0.19465134 -0.11999124
v -0.41707280 0.18830040 -0.11985469
v -0.45580149 0.18881944 -0.11986724
v -0.49408394 0.19583446 -0.12007833
v -0.52446741 0.19638434 -0.12036392
v -0.54099649 0.19594896 -0.12051570
v -0.55511832 0.20249063 -0.12133431
v -0.55472475 0.20949879 0.11465603
v -0.05929995 0.21596619 -0.14931816
v -0.06058647 0.19658056 -0.12367916
v -0.06038457 0.20106268 0.11716342
v -0.06055981 0.20427874 0.12799470
v -0.06086113 0.20319578 0.14874873
v -0.06504081 0.19479504 -0.11981997
v -0.07279472 0.19228137 -0.06828138
v -0.07349969 0.19182014 -0.05038479
v -0.07330817 0.19403383 -0.05832267
v -0.07342295 0.19333968 -0.05471331
v -0.07415780 0.19206244 -0.03703037
v -0.07464533 0.19196242 -0.02698818
v -0.07641597 0.19411740 0.00953520
v -0.07668102 0.19373852 0.01546125
v -0.07724985 0.19261789 0.02717474
v -0.07699694 0.19325605 0.02148276
v -0.07759604 0.19195342 0.03524240
v -0.07794675 0.19206029 0.05190910
v -0.07809831 0.19194838 0.06853139
v -0.07877903 0.19435617 0.11507739
v -0.07859090 0.19485453 0.11667371
v -0.26470697 0.19411725 0.11295347
v -0.24814977 0.19407269 0.11592090
v -0.28201291 0.19404674 0.11587065
v -0.29050577 0.19401070 0.11431654
v -0.31024051 0.19402137 0.11584969
v -0.34548843 0.19405478 0.11587533
v -0.33985442 0.19402698 0.11397988
v -0.35402554 0.19408235 0.11350422
v -0.41096807 0.19399172 0.11411838
v -0.39032963 0.19403836 0.11579679
v -0.42244470 0.19402447 0.11579521
v -0.45953476 0.19405398 0.11346841
v -0.44752109 0.19404316 0.11571786
v -0.46566215 0.19400722 0.11463298
v -0.47519851 0.19401857 0.11570597
v -0.51425338 0.19383821 0.11236086
v -0.50739795 0.19389838 0.11599216
v -0.51656926 0.19375896 0.11474760
v -0.52593905 0.19395983 0.11610666
v -0.52661455 0.19399497 0.11125648
v -0.52905631 0.19402593 0.11484098
v -0.53993493 0.19198605 -0.09798422
v -0.54022133 0.19462571 -0.10115600
v -0.55505329 0.20940989 -0.12175184
v -0.55505329 0.20940989 -0.12175184
v -0.55436796 0.19486475 0.09822354
v -0.06086113 0.20319578 0.14874873
v -0.05156086 0.18857640 0.14881957
v -0.05387421 0.20265445 0.14888152
v -0.06178962 0.19648013 -0.12009886
v -0.06056784 0.20026624 -0.13954702
v -0.06054451 0.19814688 -0.13095209
v -0.07168473 0.19656271 -0.11991197
v -0.07166395 0.19546893 -0.10709798
v -0.07232408 0.19706383 -0.10901344
v -0.07168850 0.19528276 -0.10314581
v -0.07216573 0.19609621 -0.09788007
v -0.07238460 0.19491017 -0.08783737
v -0.07250734 0.19582269 -0.09152332
v -0.07238460 0.19491017 -0.08783737
v -0.07304609 0.19555312 -0.08617583
v -0.07389203 0.19513521 -0.07504550
v -0.07272682 0.19443628 -0.07466352
v -0.07272682 0.19443628 -0.07466352
v -0.07391629 0.19486323 -0.06392509
v -0.07330817 0.19403383 -0.05832267
v -0.07398267 0.19462934 -0.05697096
v -0.07665999 0.19521296 -0.07274118
v -0.07683511 0.19525549 -0.05804727
v -0.07398267 0.19462934 -0.05697096
v -0.07424915 0.19470763 -0.05079842
v -0.07424915 0.19470763 -0.05079842
v -0.07448670 0.19473600 -0.04176376
v -0.07448670 0.19473600 -0.04176376
v -0.07685766 0.19529599 -0.03951159
v -0.07480390 0.19469860 -0.03092119
v -0.07480390 0.19469860 -0.03092119
v -0.07701220 0.19515815 -0.02086005
v -0.07539220 0.19455719 -0.01428351
v -0.07539220 0.19455719 -0.01428351
v -0.07724494 0.19493178 -0.00619871
v -0.07641597 0.19411740 0.00953520
v -0.07750551 0.19462126 0.00694142
v -0.07744712 0.19443634 0.01183247
v -0.07776555 0.19527239 -0.08173731
v -0.08202659 0.19511226 -0.07001394
v -0.08175573 0.19515014 -0.04618690
v -0.08118422 0.19503006 -0.01244784
v -0.08079945 0.19494042 0.00005732
v -0.08090985 0.19487882 0.01194231
v -0.07668102 0.19373852 0.01546125
v -0.07782480 0.19443974 0.02137835
v -0.07782480 0.19443974 0.02137835
v -0.08080728 0.19479036 0.03088685
v -0.07799006 0.19442651 0.02728830
v -0.07799006 0.19442651 0.02728830
v -0.07815163 0.19441545 0.03420420
v -0.07815163 0.19441545 0.03420420
v -0.08066839 0.19476882 0.05127699
v -0.07841140 0.19440198 0.06140378
v -0.07841140 0.19440198 0.06140378
v -0.08077410 0.19482249 0.08024029
v -0.07848226 0.19442230 0.08849467
v -0.07848226 0.19442230 0.08849467
v -0.08073980 0.19480941 0.09948529
v -0.07866660 0.19440573 0.10964008
v -0.07866660 0.19440573 0.10964008
v -0.08083938 0.19488570 0.11223847
v -0.07877903 0.19435617 0.11507739
v -0.08128433 0.19482434 0.11511527
v -0.07859090 0.19485453 0.11667371
v -0.08176900 0.19520029 0.11654367
v -0.08463815 0.19533810 -0.09015310
v -0.09227529 0.19510862 -0.08072433
v -0.09285071 0.19489488 -0.01964251
v -0.08798152 0.19479236 0.00924065
v -0.08891879 0.19462246 0.09269279
v -0.09565176 0.19495931 -0.05663947
v -0.09469673 0.19469902 0.03914231
v -0.09610733 0.19462964 0.06588361
v -0.09335691 0.19448248 0.11014871
v -0.10609852 0.19485819 -0.06706339
v -0.10166398 0.19489294 -0.04088247
v -0.09733236 0.19482309 -0.01066330
v -0.10117215 0.19475055 0.00891636
v -0.09807332 0.19453216 0.08286372
v -0.09626225 0.19424900 0.11494833
v -0.10231198 0.19456890 0.11636120
v -0.10617568 0.19468299 0.03591068
v -0.10076354 0.19434175 0.11009295
v -0.10298482 0.19508868 -0.09347895
v -0.10885803 0.19502223 -0.08982298
v -0.10785365 0.19445783 0.08251421
v -0.10236397 0.19414335 0.11520578
v -0.10877714 0.19482645 -0.02317885
v -0.11652771 0.19487128 -0.05159310
v -0.11972629 0.19478646 0.00807657
v -0.12464449 0.19458398 0.06027491
v -0.12617311 0.19490173 -0.03425691
v -0.12987491 0.19470862 0.03926910
v -0.11798398 0.19440004 0.08836548
v -0.11898190 0.19423580 0.11066975
v -0.13111192 0.19499341 -0.08034980
v -0.12987670 0.19487497 -0.01567325
v -0.10357617 0.19406220 0.11639936
v -0.13061690 0.19407791 0.11627857
v -0.15793318 0.19724882 -0.11987436
v -0.13589184 0.19492269 -0.06496611
v -0.13727981 0.19492826 -0.04828430
v -0.13532037 0.19481730 0.01052212
v -0.14164855 0.19438469 0.09145191
v -0.14914933 0.19429851 0.10299069
v -0.14849406 0.19420677 0.11053899
v -0.14681801 0.19455597 0.06725287
v -0.15814418 0.19411659 0.11432664
v -0.14710087 0.19493666 -0.02824563
v -0.15203029 0.19506922 -0.09065020
v -0.14780658 0.19500881 -0.07824382
v -0.14762662 0.19468778 0.04718704
v -0.15849638 0.19488806 -0.01582715
v -0.15345342 0.19477811 0.02525910
v -0.16402508 0.19403321 0.11626410
v -0.16126266 0.19493344 -0.06795201
v -0.15722097 0.19494069 -0.04783783
v -0.17599323 0.19475541 0.02046716
v -0.17534401 0.19463977 0.05000116
v -0.16691533 0.19453943 0.06758197
v -0.16670832 0.19438598 0.08842844
v -0.16848221 0.19499302 -0.08126786
v -0.18087669 0.19485101 -0.05859569
v -0.17962880 0.19430938 0.09555724
v -0.17256412 0.19489428 -0.03695202
v -0.17865755 0.19477931 0.00589166
v -0.19069237 0.19420227 0.10850300
v -0.17643273 0.19498512 -0.08932900
v -0.17578806 0.19481719 -0.01171980
v -0.20085090 0.19466308 0.03639924
v -0.18481535 0.19450203 0.06889014
v -0.18737441 0.19515690 -0.11977485
v -0.19348976 0.19485196 -0.07199326
v -0.19499424 0.19479933 -0.04999832
v -0.19077162 0.19404152 0.11624283
v -0.18922880 0.19476545 -0.00989756
v -0.20273294 0.19475910 -0.01754457
v -0.20277193 0.19437268 0.08680806
v -0.21686268 0.19427833 0.10171361
v -0.19952212 0.19413319 0.11364737
v -0.21360406 0.19484016 -0.08410093
v -0.19491416 0.19490469 -0.09226769
v -0.21089524 0.19452333 0.06653622
v -0.20949203 0.19470379 0.01026098
v -0.21454023 0.19476017 -0.03911847
v -0.21501794 0.19475296 -0.06197048
v -0.23917449 0.19527522 -0.11982986
v -0.22649062 0.19475955 -0.02118773
v -0.21953797 0.19404417 0.11621425
v -0.23330788 0.19480640 -0.09297141
v -0.22621801 0.19465038 0.04123821
v -0.23135124 0.19457009 0.06168818
v -0.22962426 0.19443861 0.08191076
v -0.23651047 0.19473425 -0.05852929
v -0.23117054 0.19471106 0.00822615
v -0.23641500 0.19478098 -0.08474252
v -0.24968746 0.19476995 -0.04022637
v -0.24309884 0.19420609 0.10951431
v -0.24371456 0.19475013 -0.00836343
v -0.26088887 0.19432923 0.09589081
v -0.25177708 0.19462213 0.05192920
v -0.26121306 0.19455108 0.06582712
v -0.24569574 0.19440219 0.08589444
v -0.25805616 0.19469571 -0.08576405
v -0.26211166 0.19477651 -0.02587793
v -0.26697481 0.19469854 0.02655384
v -0.26197818 0.19467822 -0.07780546
v -0.26186743 0.19470984 -0.05876854
v -0.26803574 0.19422832 0.10745868
v -0.25055766 0.19478729 -0.09770155
v -0.27375722 0.19474214 -0.00283763
v -0.28643662 0.19424209 0.10522506
v -0.28745553 0.19529286 -0.11986515
v -0.29134160 0.19465593 -0.06796920
v -0.28611997 0.19442862 0.08328782
v -0.27074558 0.19471484 -0.09887123
v -0.28458750 0.19466051 -0.08776921
v -0.29377940 0.19469452 -0.09865445
v -0.29080093 0.19474962 -0.03992495
v -0.29711109 0.19468117 0.04566559
v -0.28848219 0.19471246 -0.05416760
v -0.29357719 0.19474891 -0.01916698
v -0.29864520 0.19457877 0.06568782
v -0.30242974 0.19472787 0.02044113
v -0.30553797 0.19464827 -0.08540684
v -0.30028608 0.19430313 0.10017198
v -0.31231153 0.19472894 -0.00338462
v -0.30687314 0.19467670 0.05378976
v -0.31498334 0.19414514 0.11202681
v -0.33270040 0.19442013 0.08765319
v -0.31129980 0.19463873 -0.10014012
v -0.31926656 0.19461834 -0.07628536
v -0.31954566 0.19469389 -0.03222165
v -0.33186790 0.19424841 0.10743707
v -0.32475477 0.19473776 0.01664659
v -0.31641018 0.19472516 0.03393654
v -0.32499889 0.19459501 0.06436251
v -0.33227742 0.19431451 0.10182831
v -0.32566068 0.19461921 -0.05984834
v -0.33668372 0.19468567 0.04082901
v -0.33436608 0.19471923 0.00549158
v -0.34495115 0.19460300 -0.10021302
v -0.35410243 0.19458258 -0.08625877
v -0.34181598 0.19468698 -0.01816878
v -0.35747805 0.19456470 0.06586468
v -0.35242182 0.19458577 -0.06935152
v -0.35409984 0.19465688 -0.04337791
v -0.38554421 0.19462225 0.05316594
v -0.37274927 0.19450781 0.07381815
v -0.36451560 0.19467691 -0.00885967
v -0.36627680 0.19465238 0.03210146
v -0.38975030 0.19439256 0.08732553
v -0.36858654 0.19454062 -0.10132870
v -0.36847275 0.19433460 0.09989086
v -0.37170306 0.19425771 0.10741085
v -0.37296659 0.19415715 0.11138478
v -0.37509212 0.19461307 -0.05303738
v -0.38937345 0.19464263 -0.03585565
v -0.39093846 0.19454655 -0.07151154
v -0.39546025 0.19463584 -0.01942185
v -0.38554764 0.19462621 0.00840616
v -0.38909337 0.19461960 0.04118287
v -0.38747290 0.19453916 -0.08841196
v -0.40984058 0.19460124 0.02386044
v -0.41432634 0.19430721 0.10046403
v -0.40487170 0.19456956 -0.05705649
v -0.40737751 0.19455463 -0.10130462
v -0.41622883 0.19443876 0.08085787
v -0.42066088 0.19456109 0.06224873
v -0.42615128 0.19424346 0.10739341
v -0.42029271 0.19414487 0.11114860
v -0.41975266 0.19460651 -0.00697410
v -0.41774318 0.19459575 0.04113558
v -0.42519587 0.19454867 -0.08530259
v -0.42283046 0.19457635 -0.04626382
v -0.42392454 0.19459176 0.05222238
v -0.44604346 0.19448897 -0.06585976
v -0.43749708 0.19458681 0.02587941
v -0.44809103 0.19530052 -0.12000656
v -0.43510699 0.19458535 -0.10016534
v -0.44482818 0.19456628 -0.03397915
v -0.43790379 0.19443497 0.08343235
v -0.44227374 0.19454536 -0.05137644
v -0.43884626 0.19458658 -0.00251952
v -0.44835240 0.19432852 0.10046157
v -0.46833324 0.19443509 -0.07163492
v -0.46014339 0.19439372 0.08513844
v -0.45790845 0.19451442 -0.01887277
v -0.45247418 0.19452849 0.05136850
v -0.46313119 0.19417962 0.11015590
v -0.45844626 0.19452316 0.02586490
v -0.46289587 0.19445455 0.06701227
v -0.46883968 0.19446903 -0.04917342
v -0.48535341 0.19444320 -0.08114365
v -0.48220235 0.19441509 0.00554977
v -0.46797413 0.19429609 0.10045020
v -0.47443527 0.19453049 -0.09968442
v -0.48131096 0.19441468 -0.03677833
v -0.48403275 0.19441727 0.04942737
v -0.50283492 0.19402558 0.10936798
v -0.49400514 0.19436312 -0.05602840
v -0.48955506 0.19434109 0.06889746
v -0.48260871 0.19426990 0.09420373
v -0.49875802 0.19415626 0.09769933
v -0.50499451 0.19456297 -0.09938860
v -0.50204456 0.19432065 -0.00696555
v -0.49909788 0.19433656 0.03400024
v -0.51084965 0.19438314 -0.07333687
v -0.51253170 0.19421437 0.07541756
v -0.51103890 0.19433787 -0.04994059
v -0.51267338 0.19428191 0.03540259
v -0.51284683 0.19430217 -0.00938940
v -0.52264225 0.19410494 0.09521443
v -0.51955813 0.19452885 -0.10108852
v -0.51871717 0.19439352 -0.07860771
v -0.52405846 0.19425204 0.06318250
v -0.52182376 0.19433966 -0.04792974
v -0.52288288 0.19432375 -0.00982848
v -0.52143300 0.19427034 0.02995738
v -0.52885807 0.19445419 -0.07826027
v -0.53717333 0.19433674 0.01860766
v -0.52929890 0.19463378 -0.10022661
v -0.53727251 0.19447586 -0.07443404
v -0.53059834 0.19441006 -0.03201139
v -0.53727812 0.19442701 -0.00434682
v -0.53726548 0.19433939 0.05542250
v -0.53726494 0.19421238 0.09143826
v -0.53733194 0.19445232 -0.04446713
v -0.53706539 0.19405913 0.10552181
v -0.53964186 0.19406378 0.11477402
v -0.52820551 0.19430387 0.11612065
v -0.54037154 0.19442007 0.11612356
v -0.53727263 0.19458178 -0.09451744
v -0.53949618 0.19428048 -0.09444568
v -0.53949976 0.19420806 -0.04893867
v -0.53939867 0.19411802 0.01660031
v -0.53939062 0.19412836 0.05408075
v -0.53930247 0.19406039 0.07697465
v -0.53957301 0.19399804 0.10013546
v -0.54069436 0.19496897 -0.10700056
v -0.54102671 0.19416893 -0.10894346
v -0.54723728 0.20194283 -0.12131688
v -0.55303216 0.20264387 -0.12172174
v -0.55472577 0.19722036 -0.06076008
v -0.55453694 0.19759718 0.00515332
v -0.55441529 0.19703862 0.04238942
v -0.03863630 0.20845839 -0.14943153
v -0.03916550 0.21528164 -0.14952001
v -0.06048958 0.20971808 0.11677982
v -0.06540401 0.19985265 -0.12011030
v -0.07212807 0.19659841 -0.10498071
v -0.07250734 0.19582269 -0.09152332
v -0.07232408 0.19706383 -0.10901344
v -0.07212807 0.19659841 -0.10498071
v -0.07755336 0.19667527 -0.10906687
v -0.07762054 0.19595721 -0.10283914
v -0.07216573 0.19609621 -0.09788007
v -0.07757035 0.19569227 -0.09812868
v -0.07476938 0.19529718 -0.07591170
v -0.08565539 0.19633323 -0.10899955
v -0.08993962 0.19569018 -0.10304874
v -0.09773797 0.19571325 -0.10672614
v -0.10135546 0.19523051 -0.09916419
v -0.10161683 0.19558874 -0.10892993
v -0.10458946 0.19549504 -0.10342443
v -0.13289224 0.19919059 -0.11995456
v -0.08808748 0.20330912 -0.12007973
v -0.11781487 0.19551238 -0.10689870
v -0.12218967 0.19528717 -0.10888433
v -0.14937451 0.19518331 -0.09927684
v -0.14155443 0.19525662 -0.10888150
v -0.13968563 0.19545957 -0.10705167
v -0.14699303 0.19541317 -0.10325480
v -0.18124001 0.19517884 -0.10700423
v -0.16688587 0.19511196 -0.10892475
v -0.18295935 0.19519264 -0.10310501
v -0.18265912 0.19503373 -0.09912202
v -0.18120360 0.19499347 -0.10888243
v -0.19291592 0.20243162 -0.12007999
v -0.22439143 0.19503644 -0.10693407
v -0.21551973 0.19491443 -0.09880015
v -0.21535295 0.19485784 -0.10885072
v -0.24190539 0.19503060 -0.10314479
v -0.23651950 0.19911101 -0.11998835
v -0.24040219 0.19484234 -0.10888216
v -0.27179924 0.19483545 -0.10705927
v -0.27104759 0.19486505 -0.10312974
v -0.26979816 0.19468501 -0.10891932
v -0.28853789 0.19912857 -0.12003163
v -0.29292130 0.19484037 -0.10703421
v -0.29164982 0.19486406 -0.10314488
v -0.30464906 0.19464493 -0.10889319
v -0.30742124 0.19477379 -0.10696703
v -0.30839694 0.19477496 -0.10313892
v -0.34534112 0.19465029 -0.10890135
v -0.34987611 0.19941843 -0.12003696
v -0.35124362 0.19475567 -0.10324007
v -0.35251048 0.19476929 -0.10701627
v -0.36859059 0.19469854 -0.10690477
v -0.36342686 0.19468653 -0.10321027
v -0.37259182 0.19454467 -0.10883048
v -0.38933548 0.19909796 -0.12017313
v -0.39514878 0.19470689 -0.10704705
v -0.40691832 0.19455945 -0.10886604
v -0.41867179 0.19468978 -0.10317048
v -0.43635935 0.19910654 -0.12017438
v -0.43186271 0.19472742 -0.10709462
v -0.43646282 0.19455805 -0.10890958
v -0.43453622 0.19475889 -0.10313845
v -0.46483475 0.19451293 -0.10888693
v -0.47081089 0.19474497 -0.10693836
v -0.47330898 0.19477037 -0.10321817
v -0.49541438 0.19933587 -0.12022147
v -0.49290723 0.19462830 -0.10889170
v -0.50155389 0.19478002 -0.10702431
v -0.50309235 0.19477031 -0.10313204
v -0.52425885 0.19952291 -0.12045911
v -0.52266669 0.19466892 -0.10350850
v -0.52205539 0.19475061 -0.10696378
v -0.51896894 0.19461808 -0.10883793
v -0.53957552 0.19519177 -0.10892397
v -0.54053062 0.19876614 -0.12056300
v -0.53963578 0.19501886 -0.10250649
v -0.53920662 0.19466335 -0.09707281
v -0.55444098 0.19896767 0.07970200
v -0.55455995 0.20346519 0.11151229
v -0.06075336 0.21726280 -0.14926389
v -0.06035697 0.20188987 -0.12139776
v -0.06139597 0.20335764 -0.12102336
v -0.06042069 0.20329690 -0.12355056
v -0.06035697 0.20188987 -0.12139776
v -0.06139597 0.20335764 -0.12102336
v -0.06075336 0.21726280 -0.14926389
v -0.06051804 0.20721990 -0.13126597
v -0.06522508 0.20734987 -0.12061602
v -0.14712429 0.20329034 -0.12016529
v -0.25138977 0.20332852 -0.12023762
v -0.29822794 0.20332786 -0.12026218
v -0.34867495 0.20347500 -0.12026158
v -0.38867736 0.20317325 -0.12042928
v -0.44454974 0.20326900 -0.12042513
v -0.49138123 0.20301965 -0.12045324
v -0.52159911 0.20561308 -0.12085807
v -0.54460776 0.20402780 -0.12116897
v -0.54143912 0.20566675 -0.12110293
v -0.55497241 0.20383963 -0.10077009
v -0.55482399 0.20349273 -0.05966524
v -0.55462545 0.20341381 0.00469079
v -0.55449200 0.20409927 0.06465146
v -0.06050603 0.20728126 0.11715612
v -0.06080966 0.20938089 -0.14873832
v -0.06051061 0.20716956 -0.12379980
v -0.06176010 0.20746151 -0.12107745
v -0.06176010 0.20746151 -0.12107745
v -0.06049953 0.21691224 0.14237024
v -0.07237081 0.20768231 -0.12047020
v -0.08692560 0.20728230 -0.12030375
v -0.15521511 0.20738542 -0.12044689
v -0.19035622 0.20745942 -0.12042549
v -0.25826794 0.20741206 -0.12055680
v -0.33949837 0.20758486 -0.12056920
v -0.36722922 0.20746654 -0.12067044
v -0.38772580 0.20700562 -0.12072361
v -0.37150547 0.20930883 -0.12094644
v -0.42952612 0.20927072 -0.12091452
v -0.43459827 0.20735481 -0.12071791
v -0.47668427 0.20721117 -0.12073705
v -0.47222617 0.20925614 -0.12093210
v -0.50935161 0.20813304 -0.12111133
v -0.54261953 0.20751733 -0.12136194
v -0.54628503 0.20956212 -0.12156937
v -0.55179000 0.20954844 -0.12175807
v -0.55521786 0.20949233 -0.12102228
v -0.55501914 0.20758000 -0.09246147
v -0.55485833 0.20938233 -0.01648975
v -0.55473101 0.20941174 0.01527240
v -0.55462682 0.20944282 0.06985004
v -0.55471563 0.20943463 0.10969056
v -0.55454099 0.20951384 0.11591959
v -0.04310837 0.22153413 -0.14948109
v -0.06055047 0.21471944 -0.13872904
v -0.06056508 0.20976251 -0.12380260
v -0.06137288 0.20985916 -0.12077072
v -0.06137288 0.20985916 -0.12077072
v -0.06552790 0.20950708 -0.12051314
v -0.06044365 0.21517390 0.12498818
v -0.06044948 0.21689767 0.13622646
v -0.08625586 0.20927998 -0.12028232
v -0.12217192 0.20920756 -0.12041953
v -0.18301326 0.20931944 -0.12050194
v -0.22556683 0.20933691 -0.12056237
v -0.26208287 0.20934314 -0.12063864
v -0.34741449 0.20937520 -0.12063304
v -0.36805487 0.20942944 -0.12076527
v -0.52016073 0.20928106 -0.12126467
v -0.55511844 0.20965785 -0.11664814
v -0.55499542 0.20950904 -0.07867798
v -0.06004745 0.21009183 0.11022942
v -0.06025358 0.21007562 0.11452305
v -0.06031619 0.21318302 0.11546040
v -0.06086800 0.22180131 -0.14879134
v -0.06046966 0.21222565 -0.12155509
v -0.06039497 0.21028861 -0.12025404
v -0.06023736 0.21016559 -0.11669081
v -0.06042582 0.21580189 -0.11348879
v -0.06047052 0.21813166 -0.12436491
v -0.06025149 0.20996749 -0.10492212
v -0.06006476 0.20993790 -0.08613390
v -0.06036574 0.21635243 -0.08618233
v -0.06040080 0.21918201 -0.07942030
v -0.06042659 0.21939564 -0.10703021
v -0.05999358 0.20978338 -0.06364343
v -0.06038751 0.21643767 -0.04422927
v -0.06000650 0.20975551 -0.04186538
v -0.06000865 0.20979187 -0.01498977
v -0.06037909 0.21689919 -0.01681149
v -0.06045675 0.21621132 -0.00072416
v -0.06018968 0.20976830 0.00059519
v -0.06039861 0.21627036 0.02098067
v -0.06016631 0.20978099 0.02350279
v -0.06038155 0.21617287 0.04794851
v -0.06015170 0.20985559 0.05052314
v -0.06018612 0.21636796 0.07133169
v -0.06000201 0.20987952 0.06714927
v -0.06005280 0.21002606 0.09819457
v -0.06026055 0.21674159 0.10727774
v -0.06026965 0.21875167 0.11084621
v -0.06045876 0.22460121 0.12869529
v -0.06053172 0.23007950 0.14885290
v -0.06035697 0.22865808 0.14909898
v -0.03822818 0.22896090 -0.14968035
v -0.06066829 0.22719622 -0.14941677
v -0.06050783 0.22247514 -0.08073166
v -0.06064644 0.22610313 -0.04020340
v -0.06060727 0.22476998 -0.01200849
v -0.06054571 0.22063205 0.00084513
v -0.06042410 0.21991089 0.04630483
v -0.06058966 0.22632882 0.03980992
v -0.06022488 0.22038350 0.07074329
v -0.06037639 0.22977275 0.08941746
v -0.06032422 0.22673941 0.07124527
v -0.06041726 0.22650135 0.10468769
v -0.06067449 0.22293451 -0.13885224
v -0.06043857 0.22586578 0.11911605
v -0.06066829 0.22719622 -0.14941677
v -0.06082873 0.23044732 -0.14868259
v -0.06066301 0.23047721 -0.13808468
v -0.06052233 0.22646350 -0.12194136
v -0.06061521 0.22732794 -0.08330637
v -0.06060359 0.22693726 -0.05570397
v -0.06067878 0.22684345 -0.00102304
v -0.06040546 0.22855878 0.14246941
v -0.03839222 0.23180911 -0.14959133
v -0.04818037 0.23220971 -0.14962885
v -0.05842587 0.23235652 -0.14946112
v -0.06030378 0.23241335 -0.14926201
v -0.06030378 0.23241335 -0.14926201
v -0.06045458 0.23106343 -0.11858699
v -0.06061380 0.23097211 -0.07902214
v -0.06065683 0.23109162 -0.05028913
v -0.06071551 0.23113802 -0.00907877
v -0.06060964 0.23108813 0.03952150
v -0.06036027 0.23135197 0.07066721
v -0.06046100 0.23102662 0.10506256
v -0.06043714 0.23298344 0.11775361
v -0.06035408 0.23300079 0.13459386
v -0.06052506 0.23312277 0.14648469
v -0.06068318 0.23258561 -0.14796373
v -0.06031312 0.23288709 -0.11259058
v -0.06035969 0.23281920 -0.08818296
v -0.06048286 0.23298967 -0.05348087
v -0.06054907 0.23301280 -0.01263997
v -0.06046389 0.23293740 0.01336586
v -0.06044699 0.23295450 0.04377246
v -0.06030229 0.23303074 0.07036799
v -0.06033142 0.23294991 0.09315822
v -0.06032848 0.23313397 0.14897397
v -0.03933141 -0.22518164 -0.08949539
v -0.03904942 -0.22893545 -0.05194271
v -0.03903973 -0.22969681 0.05316734
v -0.03943974 -0.22777335 0.14968035
v -0.06111528 -0.22782956 0.14949225
v -0.03935674 -0.22358783 -0.14514694
v -0.03922740 -0.22692031 -0.12589711
v -0.03914148 -0.22180691 -0.02412740
v -0.03914154 -0.22097553 -0.00007427
v -0.03913721 -0.21928872 0.02923956
v -0.03910407 -0.21810369 0.06595883
v -0.03906488 -0.21773142 0.09405306
v -0.03887969 -0.21969612 0.13004206
v -0.03866979 -0.21995276 0.14264590
v -0.03851387 -0.22460990 0.14897743
v -0.04688969 -0.22394496 0.14954786
v -0.03938511 -0.21668893 -0.10802504
v -0.03925264 -0.21430980 -0.05547279
v -0.03903866 -0.21953285 0.11720796
v -0.03843620 -0.21415094 0.14898044
v -0.03946692 -0.21663210 0.14965042
v -0.05952285 -0.21457443 0.14956462
v -0.03943938 -0.20887329 -0.14064360
v -0.03938523 -0.21487613 -0.13044074
v -0.03940868 -0.21692294 -0.08853382
v -0.03934348 -0.21553336 -0.07243332
v -0.03925627 -0.20920356 0.01431483
v -0.03944269 -0.20654695 -0.14925647
v -0.03873962 -0.20424718 0.13464412
v -0.03927928 -0.20712107 -0.02824244
v -0.03916347 -0.19808951 0.09163141
v -0.03912264 -0.19991806 0.11546198
v -0.03946304 -0.20421864 -0.11170509
v -0.03947061 -0.20647226 -0.08817616
v -0.03939050 -0.20313329 -0.06458470
v -0.04478598 -0.19796391 0.14961299
v -0.05618761 -0.19567221 0.14959677
v -0.03931475 -0.19062999 -0.14617628
v -0.03847218 -0.20086102 0.14273575
v -0.03815752 -0.19627374 0.14898686
v -0.03830785 -0.18504927 0.14945915
v -0.03830785 -0.18504927 0.14945915
v -0.03898966 -0.19792193 0.12360954
v -0.03948781 -0.19738136 -0.09855020
v -0.03947428 -0.19540355 -0.08193192
v -0.03933495 -0.19603036 -0.02843750
v -0.03933960 -0.19220959 -0.00833878
v -0.03929621 -0.19723682 0.03190055
v -0.03914648 -0.18567064 0.09534740
v -0.03942704 -0.18884574 -0.13595855
v -0.03943110 -0.18830954 -0.12066588
v -0.03936848 -0.17548433 -0.14044058
v -0.03890964 -0.17297435 0.12107497
v -0.03881204 -0.18355343 0.12786394
v -0.03855139 -0.18221411 0.13576700
v -0.03938609 -0.18180953 -0.06586602
v -0.03934973 -0.18028596 -0.04307205
v -0.03910282 -0.18144895 0.14952785
v -0.03940189 -0.17906749 -0.09884354
v -0.03932199 -0.17912614 0.00862243
v -0.03924564 -0.17217752 0.05506524
v -0.05642438 -0.18418188 0.14950803
v -0.03790304 -0.16870724 0.14890300
v -0.03936920 -0.17230760 -0.08047318
v -0.03821325 -0.16778073 0.14249139
v -0.03931129 -0.16111213 -0.12861100
v -0.03935561 -0.16166079 -0.02272031
v -0.03916511 -0.16699652 0.07627179
v -0.06296034 -0.17813978 0.11618805
v -0.08388582 -0.17748182 0.11651239
v -0.07680210 -0.17819296 0.11642483
v -0.10531710 -0.17855337 0.11622453
v -0.12513080 -0.17764130 0.11641724
v -0.12884805 -0.17846854 0.11621989
v -0.14852810 -0.17764999 0.11645862
v -0.21265510 -0.17843489 0.11615463
v -0.21624228 -0.17762439 0.11640938
v -0.24897625 -0.17859216 0.11589886
v -0.24873440 -0.17774481 0.11611484
v -0.28278622 -0.17773500 0.11612450
v -0.30207732 -0.17867433 0.11593311
v -0.30699551 -0.17776741 0.11618169
v -0.33937415 -0.17774622 0.11613388
v -0.34636906 -0.17867592 0.11588798
v -0.37182835 -0.17765328 0.11603470
v -0.37324193 -0.17851348 0.11582458
v -0.45511109 -0.17852654 0.11578886
v -0.43122607 -0.17769523 0.11600772
v -0.47995317 -0.17764561 0.11604115
v -0.50414681 -0.17843372 0.11598065
v -0.50700569 -0.17765839 0.11620468
v -0.53481132 -0.17767330 0.11621024
v -0.54426587 -0.17853674 0.11614880
v -0.55212259 -0.17782062 0.11632220
v -0.55404311 -0.17854059 0.11615098
v -0.55416703 -0.17726000 0.11624531
v -0.03900006 -0.16382760 0.14923547
v -0.03928035 -0.15784587 -0.11576512
v -0.03935260 -0.16271856 -0.03966549
v -0.07206170 -0.17379497 0.11663356
v -0.12724304 -0.17475137 0.11639611
v -0.15608037 -0.17485653 0.11641538
v -0.21804127 -0.17392096 0.11640368
v -0.53532487 -0.17363381 0.11619072
v -0.03928190 -0.15433674 -0.14016119
v -0.03849584 -0.15065472 0.13413256
v -0.06196091 -0.17515588 0.11710921
v -0.06244108 -0.16684312 0.11668302
v -0.07569188 -0.16109438 0.11673619
v -0.08543426 -0.16965549 0.11657217
v -0.13122189 -0.16193475 0.11644693
v -0.18439993 -0.16936636 0.11644140
v -0.24933074 -0.16960859 0.11616158
v -0.28775874 -0.16944164 0.11616510
v -0.32237828 -0.16956121 0.11619116
v -0.35469997 -0.16954201 0.11613667
v -0.39041704 -0.16949975 0.11607356
v -0.42616403 -0.16964386 0.11602575
v -0.47031718 -0.16285808 0.11602236
v -0.47671604 -0.16943376 0.11606009
v -0.51257682 -0.16528593 0.11624984
v -0.52680874 -0.16309494 0.11627167
v -0.54027998 -0.16243587 0.11623047
v -0.55246687 -0.16906886 0.11627679
v -0.03812948 -0.15571910 0.14907126
v -0.03812948 -0.15571910 0.14907126
v -0.03931767 -0.15782832 -0.06491438
v -0.03932488 -0.16183713 0.00052139
v -0.03928781 -0.15300466 0.02489119
v -0.06299019 -0.16460228 -0.11962408
v -0.07399169 -0.16355239 -0.10606617
v -0.07419378 -0.16323091 -0.09798655
v -0.07275884 -0.16326730 -0.10533461
v -0.07718074 -0.16365671 -0.10663646
v -0.08353071 -0.16338970 -0.10667539
v -0.08299764 -0.16300499 -0.10285684
v -0.08117257 -0.16282250 -0.09894702
v -0.08164915 -0.16258714 -0.09103280
v -0.07997528 -0.16243738 -0.08495924
v -0.07864001 -0.16196884 0.11666614
v -0.08100259 -0.16204910 0.11660652
v -0.08672053 -0.16266920 -0.09899619
v -0.08979410 -0.16229039 -0.08478102
v -0.08894670 -0.16176349 0.11654150
v -0.09878306 -0.16317140 -0.10676455
v -0.09367090 -0.16291837 -0.10372517
v -0.09232859 -0.16248246 -0.09017706
v -0.09791146 -0.16272354 -0.09919101
v -0.09899054 -0.16161507 0.11653458
v -0.11076051 -0.16317508 -0.10309726
v -0.13162631 -0.16347148 -0.10688519
v -0.13714506 -0.16318928 -0.09922078
v -0.12533782 -0.16295512 -0.08874783
v -0.14286877 -0.16346295 -0.10321206
v -0.13665929 -0.16303785 -0.08518359
v -0.14533782 -0.16306210 -0.08319601
v -0.16070583 -0.16360326 -0.10693422
v -0.16185002 -0.16325040 -0.09896159
v -0.16729735 -0.16311119 -0.08473468
v -0.16700792 -0.16349961 -0.10321358
v -0.16310903 -0.16206430 0.11643325
v -0.17229423 -0.16350700 -0.10694641
v -0.18164471 -0.16319859 -0.09901091
v -0.18190539 -0.16294767 -0.07218364
v -0.18103412 -0.16338159 -0.10297006
v -0.19731121 -0.16202840 0.11644764
v -0.19693930 -0.16311163 -0.08647195
v -0.21071976 -0.16329141 -0.10865822
v -0.21289146 -0.16343392 -0.10715261
v -0.18164471 -0.16319859 -0.09901091
v -0.21968961 -0.16318420 -0.09909180
v -0.16185002 -0.16325040 -0.09896159
v -0.21968961 -0.16318420 -0.09909180
v -0.21769875 -0.16337441 -0.10328132
v -0.21838364 -0.16213939 0.11643927
v -0.22809203 -0.16309774 -0.07992867
v -0.22833328 -0.16348208 -0.10691291
v -0.24372345 -0.16328073 -0.09863231
v -0.24363634 -0.16351043 -0.10316646
v -0.23989958 -0.16358599 -0.10687622
v -0.25284040 -0.16255380 0.11614120
v -0.28077021 -0.16360299 -0.10295048
v -0.26096675 -0.16334474 -0.09892002
v -0.26518789 -0.16325104 -0.07769045
v -0.26938778 -0.16363941 -0.10693631
v -0.27878165 -0.16333053 -0.08570492
v -0.29159006 -0.16257507 0.11615472
v -0.28611487 -0.16338578 -0.09859037
v -0.29348743 -0.16325794 -0.07044870
v -0.30928072 -0.16352148 -0.10697085
v -0.30902225 -0.16332443 -0.08254454
v -0.31036353 -0.16348797 -0.10282949
v -0.30398297 -0.16333643 -0.09899572
v -0.30744407 -0.16273442 0.11619575
v -0.34630227 -0.16337253 -0.09917948
v -0.34070742 -0.16280074 0.11616668
v -0.34269565 -0.16369444 -0.10697469
v -0.36791658 -0.16289541 0.11608817
v -0.36050504 -0.16338812 -0.08544359
v -0.35177377 -0.16372149 -0.10695064
v -0.37214792 -0.16352744 -0.09907520
v -0.35672912 -0.16374256 -0.10741735
v -0.37139681 -0.16368316 -0.10306546
v -0.38163498 -0.16356808 -0.10881013
v -0.35571513 -0.16364647 -0.10874924
v -0.38444978 -0.16342387 -0.08105633
v -0.37979764 -0.16372226 -0.10695565
v -0.40315825 -0.16360074 -0.10885251
v -0.40213758 -0.16375493 -0.10704020
v -0.40432766 -0.16358076 -0.09890300
v -0.40957803 -0.16288690 0.11603284
v -0.41794533 -0.16370067 -0.10274050
v -0.41349354 -0.16337836 -0.07328746
v -0.41990381 -0.16367666 -0.10704696
v -0.41960049 -0.16357449 -0.09942722
v -0.42386413 -0.16325326 -0.05819324
v -0.42308179 -0.16345742 -0.10888088
v -0.42397839 -0.16339856 -0.07691061
v -0.43637234 -0.16381349 -0.10302263
v -0.44276127 -0.16365214 -0.09883076
v -0.44589108 -0.16349584 -0.08459821
v -0.43718535 -0.16297534 0.11596553
v -0.44122100 -0.16379854 -0.10707325
v -0.45404154 -0.16360766 -0.10893893
v -0.46204016 -0.16380942 -0.10304677
v -0.45767134 -0.16377337 -0.10738310
v -0.46515948 -0.16380563 -0.10708603
v -0.46882313 -0.16359763 -0.09880596
v -0.47937757 -0.16371611 -0.10705882
v -0.48481029 -0.16343351 -0.08703420
v -0.50316370 -0.16336212 -0.08257577
v -0.51245713 -0.16348457 -0.09889662
v -0.49231952 -0.16368923 -0.10701373
v -0.49763167 -0.16290773 0.11613330
v -0.51726288 -0.16364619 -0.10311398
v -0.51093745 -0.16365238 -0.10702720
v -0.51585519 -0.16336526 -0.08222833
v -0.51748550 -0.16366807 -0.10726783
v -0.53149611 -0.16361861 -0.09843817
v -0.52774715 -0.16345893 -0.08282161
v -0.52767563 -0.16298266 -0.06358790
v -0.52032876 -0.16363479 -0.10897341
v -0.53292668 -0.16389371 -0.10696268
v -0.53467858 -0.16383214 -0.10904673
v -0.53296065 -0.16342625 -0.08278289
v -0.53684366 -0.16291180 -0.06551853
v -0.53736407 -0.16271226 0.11626837
v -0.53947794 -0.16396105 -0.10901338
v -0.53942370 -0.16403382 -0.10712707
v -0.53924954 -0.16380869 -0.09901595
v -0.53724343 -0.16349055 -0.08385220
v -0.53916061 -0.16360079 -0.08464092
v -0.03917596 -0.14399081 -0.14624810
v -0.03886652 -0.13038611 0.11952451
v -0.03870803 -0.14461026 0.12689237
v -0.03928363 -0.15295148 -0.09984776
v -0.07379656 -0.16225837 -0.10761634
v -0.07379656 -0.16225837 -0.10761634
v -0.07336658 -0.16256282 -0.08439392
v -0.07256550 -0.16146396 -0.07971650
v -0.07429864 -0.16171221 -0.06205356
v -0.07380384 -0.16082813 -0.05407024
v -0.07441823 -0.16123930 -0.05282638
v -0.07687156 -0.16242951 -0.10814893
v -0.07675569 -0.16222742 -0.07285029
v -0.07698178 -0.16188766 -0.05790753
v -0.07476865 -0.16121382 -0.04657975
v -0.07729366 -0.16147624 -0.02903435
v -0.07559705 -0.16105343 -0.02209512
v -0.07745792 -0.16150606 -0.00853691
v -0.07588871 -0.16107717 -0.00377652
v -0.07766098 -0.16123624 0.01628774
v -0.07639998 -0.16091248 0.01701282
v -0.08327304 -0.16239482 -0.10820907
v -0.08144139 -0.16196860 -0.07027796
v -0.08120817 -0.16148235 -0.04162220
v -0.08276175 -0.16132711 -0.02701626
v -0.08447291 -0.16128604 -0.00585997
v -0.08023624 -0.16126472 0.01363875
v -0.08086151 -0.16111973 0.04662825
v -0.08080097 -0.16117032 0.07789075
v -0.07853076 -0.16103251 0.09393863
v -0.08064955 -0.16115978 0.09104776
v -0.08080125 -0.16125733 0.10445938
v -0.07894240 -0.16136020 0.11523618
v -0.08090724 -0.16151555 0.11509170
v -0.08100259 -0.16204910 0.11660652
v -0.07864001 -0.16196884 0.11666614
v -0.08568111 -0.16186267 -0.06903821
v -0.08805333 -0.16140881 -0.04255182
v -0.08565462 -0.16114388 0.02426682
v -0.09130864 -0.16107662 0.09489770
v -0.08890656 -0.16115905 0.10800177
v -0.08767368 -0.16136718 0.11503297
v -0.08894670 -0.16176349 0.11654150
v -0.09124769 -0.16178234 -0.06481802
v -0.09136100 -0.16128804 -0.02403307
v -0.09013142 -0.16113926 0.02036145
v -0.09291495 -0.16104746 0.06028203
v -0.09586889 -0.16140851 -0.03404963
v -0.09410158 -0.16117497 0.01649114
v -0.09600690 -0.16111234 0.07512122
v -0.09835042 -0.16122305 0.11493072
v -0.09899054 -0.16161507 0.11653458
v -0.10062030 -0.16217473 -0.10835829
v -0.10389327 -0.16206826 -0.06561357
v -0.10314533 -0.16186175 -0.05438170
v -0.10134822 -0.16130474 0.01789692
v -0.09809494 -0.16117537 0.03225837
v -0.11070243 -0.16175556 -0.01971415
v -0.11340261 -0.16173328 -0.00476537
v -0.10805930 -0.16148594 0.01363165
v -0.10852286 -0.16134936 0.05146068
v -0.10755274 -0.16131184 0.07276107
v -0.10929649 -0.16134612 0.09664708
v -0.10397984 -0.16126716 0.11498331
v -0.11097130 -0.16197467 -0.04340759
v -0.13122189 -0.16193475 0.11644693
v -0.13358022 -0.16232035 -0.10859913
v -0.11679029 -0.16154693 0.03791245
v -0.11883245 -0.16149265 0.10409869
v -0.12462145 -0.16243988 -0.05237046
v -0.12299515 -0.16217788 -0.02939496
v -0.12328005 -0.16178989 0.01831844
v -0.12314475 -0.16156940 0.07595523
v -0.13224436 -0.16155864 0.11501294
v -0.13543114 -0.16233300 -0.02013097
v -0.13340870 -0.16186474 0.02839827
v -0.13195828 -0.16174594 0.04610395
v -0.13490613 -0.16170353 0.10117170
v -0.13560553 -0.16259316 -0.04131675
v -0.13140683 -0.16200973 0.01055337
v -0.13448584 -0.16168256 0.08544606
v -0.13971211 -0.16173761 0.06513542
v -0.14048803 -0.16224229 -0.00508187
v -0.14524780 -0.16208959 0.01407885
v -0.16604945 -0.16196924 0.03458893
v -0.15387875 -0.16178572 0.06076985
v -0.15455496 -0.16174932 0.08410227
v -0.16837272 -0.16172819 0.11092630
v -0.15396656 -0.16249199 -0.02403215
v -0.15487486 -0.16173904 0.10185444
v -0.16310903 -0.16206430 0.11643325
v -0.16404438 -0.16235389 -0.10867515
v -0.15676913 -0.16278002 -0.05260978
v -0.16236456 -0.16266511 -0.03709355
v -0.15892729 -0.16222090 0.00631447
v -0.16712135 -0.16185197 0.05088338
v -0.16744860 -0.16164917 0.11498779
v -0.17409036 -0.16284846 -0.05981642
v -0.18604624 -0.16277871 -0.04439357
v -0.17956802 -0.16254526 -0.02110905
v -0.17938775 -0.16223197 0.01130123
v -0.18186697 -0.16176398 0.09430990
v -0.17945904 -0.16179018 0.06993532
v -0.19863898 -0.16172250 0.11089380
v -0.19189081 -0.16161603 0.11499994
v -0.20519613 -0.16191339 0.05943322
v -0.19371355 -0.16181056 0.07282329
v -0.19659337 -0.16205862 0.03722006
v -0.19731121 -0.16202840 0.11644764
v -0.20318589 -0.16261929 -0.01933781
v -0.20119543 -0.16233775 0.00821806
v -0.20507720 -0.16179487 0.09586185
v -0.22198890 -0.16288477 -0.03944779
v -0.20923147 -0.16184077 0.07796225
v -0.22046472 -0.16172023 0.11497329
v -0.21838364 -0.16213939 0.11643927
v -0.21340281 -0.16234076 0.01440715
v -0.21534877 -0.16200808 0.05293727
v -0.22153327 -0.16180857 0.11106615
v -0.21693537 -0.16301750 -0.10862240
v -0.21693537 -0.16301750 -0.10862240
v -0.22197735 -0.16269791 -0.01569003
v -0.22122131 -0.16192599 0.07515502
v -0.21923518 -0.16186579 0.09566665
v -0.22454762 -0.16227767 0.03310331
v -0.23632757 -0.16215928 0.06374879
v -0.23003344 -0.16199550 0.08911219
v -0.23353904 -0.16264726 -0.10863760
v -0.23391403 -0.16284552 -0.01888252
v -0.24046440 -0.16265887 0.01281680
v -0.24394916 -0.16239971 0.04659661
v -0.24062766 -0.16211307 0.09943870
v -0.24332191 -0.16302371 -0.04304797
v -0.24284658 -0.16216069 0.08358392
v -0.25531295 -0.16209191 0.11481453
v -0.24928917 -0.16215073 0.11050211
v -0.23868655 -0.16217193 -0.10866117
v -0.24706174 -0.16288987 -0.01081565
v -0.25284040 -0.16255380 0.11614120
v -0.24372430 -0.16240838 -0.10865310
v -0.24980903 -0.16300991 -0.02965960
v -0.25468096 -0.16230324 0.07760356
v -0.25560808 -0.16274157 0.02389809
v -0.25886446 -0.16228136 0.09502050
v -0.26345068 -0.16240656 0.06965205
v -0.26401737 -0.16304255 -0.01729188
v -0.26043123 -0.16290542 0.00611934
v -0.26366615 -0.16260880 0.04556585
v -0.26469547 -0.16223867 0.11067751
v -0.26485649 -0.16279311 0.02641719
v -0.27369040 -0.16231748 0.09931150
v -0.27203089 -0.16317557 -0.04496143
v -0.27158028 -0.16295457 0.00792098
v -0.28385437 -0.16235036 0.09191896
v -0.27881908 -0.16272156 0.04113924
v -0.28395146 -0.16255859 0.06233118
v -0.28577834 -0.16239500 0.08342969
v -0.30316928 -0.16232586 -0.10874501
v -0.28101063 -0.16311802 -0.01829559
v -0.28851867 -0.16225313 0.11071876
v -0.28988290 -0.16212244 0.11485849
v -0.29159006 -0.16257507 0.11615472
v -0.29739666 -0.16321370 -0.03937659
v -0.28540018 -0.16301760 0.00506585
v -0.29393137 -0.16282381 0.03461268
v -0.29780290 -0.16313444 -0.01566351
v -0.31030723 -0.16321613 -0.05138955
v -0.31458795 -0.16318397 -0.02543673
v -0.30787989 -0.16297400 0.01394480
v -0.30470181 -0.16239603 0.09814909
v -0.31017870 -0.16268013 0.05415991
v -0.31306386 -0.16241641 0.09027709
v -0.31544667 -0.16237117 0.11094221
v -0.30827531 -0.16223943 0.11486353
v -0.30744407 -0.16273442 0.11619575
v -0.32287842 -0.16252579 0.07000686
v -0.34103528 -0.16253453 -0.10874262
v -0.33143812 -0.16296814 0.01374820
v -0.33981624 -0.16286458 0.03123916
v -0.32590893 -0.16266033 0.05424456
v -0.34070742 -0.16280074 0.11616668
v -0.33642891 -0.16315161 -0.01890642
v -0.32959750 -0.16244736 0.09826571
v -0.34138560 -0.16321959 -0.03989110
v -0.33492184 -0.16245785 0.08076449
v -0.34253189 -0.16244015 0.09659788
v -0.34577268 -0.16227119 0.11483780
v -0.35078177 -0.16278355 0.04165706
v -0.34589779 -0.16239364 0.10979915
v -0.35522133 -0.16264933 0.05451336
v -0.36063659 -0.16251677 0.07445744
v -0.34785968 -0.16234325 -0.10876200
v -0.36159861 -0.16312388 -0.01878754
v -0.36510539 -0.16295354 0.01149827
v -0.35644516 -0.16246642 0.08861846
v -0.36791658 -0.16289541 0.11608817
v -0.37593076 -0.16279770 0.03856629
v -0.38538051 -0.16263412 0.06065835
v -0.37610653 -0.16252473 0.09830394
v -0.37524188 -0.16249442 0.10512581
v -0.38847587 -0.16249864 0.11024578
v -0.38157701 -0.16239145 0.11479735
v -0.38463640 -0.16251917 0.09083816
v -0.38857469 -0.16310687 -0.01486439
v -0.37843445 -0.16294537 0.01117928
v -0.40381306 -0.16254780 0.07796776
v -0.39911127 -0.16318302 -0.02642891
v -0.40366763 -0.16299844 0.00665596
v -0.40357885 -0.16281188 0.03852136
v -0.40486580 -0.16252320 0.09537336
v -0.40957803 -0.16288690 0.11603284
v -0.40583238 -0.16269569 0.05639267
v -0.41838616 -0.16246226 0.10959588
v -0.41775036 -0.16237085 0.11479141
v -0.41019607 -0.16323340 -0.03943757
v -0.42844123 -0.16313203 -0.02384285
v -0.42646641 -0.16305248 -0.00321284
v -0.42978019 -0.16291110 0.02321960
v -0.42224765 -0.16276307 0.04673317
v -0.42432982 -0.16251537 0.09830552
v -0.42629820 -0.16263095 0.06562847
v -0.42702565 -0.16254087 0.08339965
v -0.43973529 -0.16317850 -0.04534504
v -0.43718535 -0.16297534 0.11596553
v -0.43689620 -0.16277033 0.04931452
v -0.43804449 -0.16256103 0.10060851
v -0.43749848 -0.16253340 0.10741709
v -0.44079652 -0.16255470 0.09196824
v -0.44698045 -0.16268452 0.06053428
v -0.45711476 -0.16255036 0.08030640
v -0.45063466 -0.16295522 0.01374891
v -0.45138556 -0.16285408 0.03553278
v -0.45118976 -0.16244657 0.11477819
v -0.45753416 -0.16304852 -0.01346657
v -0.45703480 -0.16256694 0.10066794
v -0.47963339 -0.16251670 0.08766688
v -0.47229773 -0.16253404 0.10580501
v -0.46920222 -0.16257679 0.06692427
v -0.46356145 -0.16273640 0.04689854
v -0.46124318 -0.16324215 -0.10892722
v -0.46124318 -0.16324215 -0.10892722
v -0.46801051 -0.16305509 -0.03345451
v -0.46770245 -0.16284730 0.02347017
v -0.46691486 -0.16277073 -0.10893971
v -0.47396266 -0.16297840 -0.01818759
v -0.48132461 -0.16238403 0.11484155
v -0.47031718 -0.16285808 0.11602236
v -0.48603028 -0.16275294 0.01308085
v -0.48042688 -0.16261423 0.05164447
v -0.48323584 -0.16276142 -0.10891345
v -0.48323584 -0.16276142 -0.10891345
v -0.49174717 -0.16295026 -0.04681579
v -0.49044853 -0.16284423 -0.01591418
v -0.49293637 -0.16256624 0.04384246
v -0.49607319 -0.16251318 0.11091670
v -0.49436724 -0.16281982 -0.10887679
v -0.49436724 -0.16281982 -0.10887679
v -0.49963391 -0.16247821 0.05334735
v -0.50090665 -0.16244943 0.07042259
v -0.49763167 -0.16290773 0.11613330
v -0.50718260 -0.16250785 0.09081241
v -0.50581509 -0.16254734 0.10167529
v -0.50835121 -0.16289687 -0.05362216
v -0.51552236 -0.16255775 0.11488242
v -0.51163256 -0.16262776 -0.00245825
v -0.50617957 -0.16253878 0.02196073
v -0.50699282 -0.16285247 -0.10889477
v -0.50699282 -0.16285247 -0.10889477
v -0.51481998 -0.16276939 -0.04124096
v -0.51056224 -0.16272159 -0.02375222
v -0.51311797 -0.16244347 0.04371798
v -0.51786268 -0.16243294 0.07684293
v -0.52829140 -0.16253796 0.09806336
v -0.52680874 -0.16309494 0.11627167
v -0.51626921 -0.16325961 -0.10896814
v -0.51626921 -0.16325961 -0.10896814
v -0.51891875 -0.16254564 0.01031568
v -0.52772582 -0.16240002 0.06423427
v -0.52797550 -0.16271615 -0.04482273
v -0.52825010 -0.16266719 -0.01017768
v -0.52175492 -0.16246508 0.03394262
v -0.52753901 -0.16253226 0.11042565
v -0.52655905 -0.16263203 0.11479886
v -0.53467858 -0.16383214 -0.10904673
v -0.52032876 -0.16363479 -0.10897341
v -0.52795666 -0.16252699 0.01865691
v -0.53134769 -0.16239615 0.08317107
v -0.53721571 -0.16254635 -0.04704464
v -0.53720659 -0.16254319 -0.00985307
v -0.53715158 -0.16243848 0.00461159
v -0.53292131 -0.16237031 0.04521691
v -0.53276694 -0.16247919 0.10071273
v -0.53345495 -0.16253847 0.11486118
v -0.53736407 -0.16271226 0.11626837
v -0.53714037 -0.16223629 0.04707875
v -0.53727961 -0.16227885 0.09251447
v -0.53726256 -0.16226928 0.10638116
v -0.53738523 -0.16240866 0.11490704
v -0.53924060 -0.16189721 -0.04918209
v -0.53919911 -0.16187543 -0.00453633
v -0.53906798 -0.16170394 0.04360498
v -0.53911197 -0.16174933 0.08099498
v -0.53925860 -0.16173448 0.10454963
v -0.53959244 -0.16180587 0.11483775
v -0.54027998 -0.16243587 0.11623047
v -0.53947794 -0.16396105 -0.10901338
v -0.53989446 -0.16238216 -0.10713568
v -0.53942370 -0.16403382 -0.10712707
v -0.53924954 -0.16380869 -0.09901595
v -0.53958398 -0.16247088 -0.09255147
v -0.53916061 -0.16360079 -0.08464092
v -0.53958398 -0.16247088 -0.09255147
v -0.53938901 -0.16224737 -0.07416749
v -0.53916061 -0.16360079 -0.08464092
v -0.53899300 -0.16268931 -0.05666599
v -0.53922427 -0.16207932 -0.05510754
v -0.55248338 -0.15440512 0.11619072
v -0.03928852 -0.14297910 -0.14945331
v -0.03788781 -0.13735546 0.14883034
v -0.03896835 -0.15328187 0.14913812
v -0.06131853 -0.15384549 0.11714461
v -0.07171617 -0.15882945 -0.10677078
v -0.07360829 -0.15898824 -0.10833901
v -0.07227702 -0.16194829 -0.10613656
v -0.07379656 -0.16225837 -0.10761634
v -0.07687156 -0.16242951 -0.10814893
v -0.08172901 -0.15825668 -0.10835218
v -0.08327304 -0.16239482 -0.10820907
v -0.10141136 -0.15899308 -0.10841691
v -0.10062030 -0.16217473 -0.10835829
v -0.13358022 -0.16232035 -0.10859913
v -0.28411931 -0.15827446 -0.10875010
v -0.24372430 -0.16240838 -0.10865310
v -0.30316928 -0.16232586 -0.10874501
v -0.34103528 -0.16253453 -0.10874262
v -0.42308179 -0.16345742 -0.10888088
v -0.54006034 -0.15783589 -0.10904640
v -0.53978086 -0.15936847 -0.10904789
v -0.53947794 -0.16396105 -0.10901338
v -0.53978086 -0.15936847 -0.10904789
v -0.54006678 -0.16043293 -0.10877317
v -0.53989446 -0.16238216 -0.10713568
v -0.53978086 -0.15936847 -0.10904789
v -0.54006678 -0.16043293 -0.10877317
v -0.53959060 -0.15446597 -0.09218028
v -0.53944504 -0.15672532 -0.08279389
v -0.53946435 -0.15937845 -0.06447700
v -0.53924060 -0.16189721 -0.04918209
v -0.53943866 -0.15924893 -0.02317426
v -0.53919911 -0.16187543 -0.00453633
v -0.53947753 -0.15930650 -0.00685537
v -0.53941518 -0.15932654 0.02574923
v -0.53906798 -0.16170394 0.04360498
v -0.53929967 -0.15929905 0.04680036
v -0.53911197 -0.16174933 0.08099498
v -0.53931534 -0.15931575 0.08230808
v -0.53941780 -0.15942912 0.09363353
v -0.53925860 -0.16173448 0.10454963
v -0.53943306 -0.15918694 0.10437219
v -0.53974181 -0.15966965 0.11470821
v -0.53959244 -0.16180587 0.11483775
v -0.54027998 -0.16243587 0.11623047
v -0.54017895 -0.15546478 0.11613600
v -0.03918764 -0.13453723 -0.14881852
v -0.03926840 -0.14589167 -0.13015500
v -0.03931677 -0.13732995 -0.05473036
v -0.03933463 -0.13987266 -0.02687666
v -0.03916186 -0.13808174 0.07425344
v -0.06214668 -0.14678638 0.11686404
v -0.11894350 -0.14870422 -0.10856813
v -0.16404438 -0.16235389 -0.10867515
v -0.17778942 -0.14997707 -0.10864222
v -0.17650819 -0.16238602 -0.10867971
v -0.24147126 -0.15188722 -0.10867482
v -0.31957731 -0.15072066 -0.10877076
v -0.40315825 -0.16360074 -0.10885251
v -0.53940439 -0.15355964 -0.07957858
v -0.53943145 -0.15496191 -0.03489444
v -0.53943044 -0.15463115 -0.00677175
v -0.53923965 -0.15473968 0.05073362
v -0.53929734 -0.15509017 0.08515204
v -0.53941786 -0.15350316 0.09988153
v -0.53950536 -0.15430139 0.11080268
v -0.03924078 -0.13834956 0.04764182
v -0.07642677 -0.14394380 0.11690450
v -0.07135527 -0.14510553 -0.10681555
v -0.07846463 -0.14313215 0.11687018
v -0.07695717 -0.14966312 -0.10842246
v -0.08978817 -0.14262713 -0.10845199
v -0.28451750 -0.14710611 -0.10872567
v -0.37281537 -0.14879328 -0.10881659
v -0.45360577 -0.14881812 -0.10892519
v -0.48650455 -0.14894469 -0.10894290
v -0.53986025 -0.14233223 -0.10894805
v -0.53940332 -0.14794070 0.10865083
v -0.53947800 -0.14704069 -0.04551050
v -0.53942662 -0.14418994 0.00853365
v -0.53934681 -0.14517327 0.03593745
v -0.53986025 -0.14233223 -0.10894805
v -0.54006034 -0.15783589 -0.10904640
v -0.03927383 -0.12506521 -0.13810140
v -0.03923655 -0.14110899 -0.11538383
v -0.03927219 -0.12546408 -0.09212899
v -0.07319623 -0.13846542 -0.10840085
v -0.08221923 -0.13102596 -0.10842219
v -0.15795946 -0.13904077 -0.10862300
v -0.20188949 -0.13643937 -0.10863099
v -0.33964711 -0.14167149 -0.10875943
v -0.37837768 -0.13810758 -0.10882053
v -0.41663593 -0.14186034 -0.10888225
v -0.50478476 -0.14230597 -0.10895631
v -0.53905261 -0.14348258 0.11474825
v -0.53958017 -0.14324814 -0.09934020
v -0.53947562 -0.14072989 -0.05726895
v -0.53946900 -0.13843210 -0.02031675
v -0.53933299 -0.14087074 0.08282624
v -0.53937536 -0.13922717 0.09857465
v -0.53938872 -0.15259230 0.11612099
v -0.55401373 -0.13622488 0.11604057
v -0.03919613 -0.10860990 -0.14614457
v -0.03855324 -0.11182670 0.13150854
v -0.03826076 -0.12848110 0.14036171
v -0.03928649 -0.12554020 0.00030428
v -0.25248384 -0.13503480 -0.10868654
v -0.30781513 -0.13347942 -0.10876274
v -0.46170050 -0.13849775 -0.10891721
v -0.53931481 -0.13581106 0.10573238
v -0.53945321 -0.13422662 -0.07738918
v -0.54017931 -0.12751769 0.11594199
v -0.03926140 -0.11476356 -0.13066077
v -0.03899536 -0.12340278 0.14918381
v -0.07109290 -0.13809958 -0.10656476
v -0.11317965 -0.12979138 -0.10856125
v -0.14007041 -0.13219954 -0.10860822
v -0.24015439 -0.12242538 -0.10867178
v -0.53927672 -0.12749691 0.11588326
v -0.53927672 -0.12749691 0.11588326
v -0.53947943 -0.12525475 -0.03734231
v -0.53943461 -0.12670848 -0.00841448
v -0.53934312 -0.13120441 0.04457849
v -0.03806898 -0.10656990 0.14909057
v -0.03806898 -0.10656990 0.14909057
v -0.03927216 -0.12727635 0.01719695
v -0.06113534 -0.14132407 0.11717641
v -0.07112591 -0.13417310 -0.10719463
v -0.07112591 -0.13417310 -0.10719463
v -0.07317936 -0.13292891 -0.10838655
v -0.20584933 -0.11997243 -0.10862538
v -0.32632056 -0.12793183 -0.10876316
v -0.34848058 -0.11792943 -0.10875371
v -0.37704614 -0.11672027 -0.10881081
v -0.41554758 -0.12069188 -0.10887274
v -0.44791222 -0.11819556 -0.10890532
v -0.48346445 -0.12223199 -0.10892498
v -0.53534144 -0.12150766 -0.10899180
v -0.53953838 -0.11716861 -0.09245494
v -0.53946829 -0.11980221 -0.08483046
v -0.53945059 -0.12433521 -0.06175223
v -0.53931284 -0.12681873 0.08619329
v -0.55258942 -0.11862203 0.11608505
v -0.03928453 -0.11146785 -0.14949858
v -0.07109708 -0.12700810 -0.10762671
v -0.07109708 -0.12700810 -0.10762671
v -0.09183925 -0.11777403 -0.10849518
v -0.53931993 -0.11286861 0.10115278
v -0.03922626 -0.10055424 -0.12115011
v -0.03824252 -0.11065349 0.14036281
v -0.03925821 -0.11374515 0.03632082
v -0.03915098 -0.11343267 0.07982452
v -0.03910214 -0.11494594 0.09330386
v -0.06185010 -0.09823272 0.14875466
v -0.06206301 -0.11464524 0.11689511
v -0.07614349 -0.11525445 0.11691679
v -0.15907851 -0.11859511 -0.10862228
v -0.53905642 -0.11470786 0.11466126
v -0.53931546 -0.10754952 0.08147356
v -0.54006755 -0.10915633 -0.10904631
v -0.54003769 -0.11026327 -0.10726106
v -0.03928930 -0.10464256 -0.06820908
v -0.03928560 -0.11651106 -0.02107123
v -0.05072182 -0.11645699 0.14906426
v -0.07856175 -0.11544088 0.11686137
v -0.28115311 -0.10936777 -0.10873994
v -0.53969347 -0.09903459 -0.10909951
v -0.54006755 -0.10915633 -0.10904631
v -0.53944409 -0.10049084 -0.07611665
v -0.53940552 -0.10900059 0.01740810
v -0.53935730 -0.11970038 0.04851186
v -0.55412954 -0.11094673 0.11599514
v -0.03783214 -0.10035959 0.14884755
v -0.06096840 -0.10426311 0.11718172
v -0.07321583 -0.11480550 -0.10842860
v -0.08272460 -0.09075820 -0.10846159
v -0.11278023 -0.11276643 -0.10857159
v -0.32761884 -0.10204756 -0.10874781
v -0.53949654 -0.10443300 -0.04542113
v -0.07111223 -0.10985196 -0.10791951
v -0.07111223 -0.10985196 -0.10791951
v -0.22013989 -0.10394092 -0.10865393
v -0.53923249 -0.07989007 0.10736236
v -0.53946829 -0.10406086 -0.01385758
v -0.53940487 -0.10353164 0.03764727
v -0.53932327 -0.08873288 0.09158617
v -0.55259997 -0.10328187 0.11612178
v -0.03920728 -0.07886650 -0.14873624
v -0.03915676 -0.09802331 0.14914873
v -0.03925389 -0.09954418 0.01558947
v -0.03923941 -0.09839679 0.04325264
v -0.03917837 -0.09944975 0.06787872
v -0.13161471 -0.09891117 -0.10864916
v -0.36596611 -0.09244213 -0.10878894
v -0.43391716 -0.09093389 -0.10889009
v -0.48155177 -0.09621751 -0.10893050
v -0.53636980 -0.09640028 -0.10902861
v -0.53947359 -0.09105681 -0.06362799
v -0.53925467 -0.10209538 0.11599162
v -0.03926164 -0.09310076 -0.09840384
v -0.03816941 -0.09845124 0.14249694
v -0.03926682 -0.08693606 -0.04518620
v -0.03922260 -0.08755907 -0.02241323
v -0.07328263 -0.09852540 -0.10848099
v -0.06974560 -0.09278598 0.11696091
v -0.15390536 -0.09861434 -0.10865971
v -0.17966641 -0.08734572 -0.10864756
v -0.29441226 -0.09477723 -0.10875037
v -0.53925467 -0.10209538 0.11599162
v -0.53937364 -0.09282497 0.05873160
v -0.03921959 -0.08941039 -0.14017007
v -0.03916568 -0.07728943 -0.00306043
v -0.07870090 -0.09200513 0.11702092
v -0.20495766 -0.07769835 -0.10862896
v -0.53939933 -0.08811948 0.02667510
v -0.03927720 -0.09397748 0.02805225
v -0.07112189 -0.09312285 -0.10797068
v -0.07112189 -0.09312285 -0.10797068
v -0.11120051 -0.09479208 -0.10860315
v -0.24338257 -0.08933312 -0.10870978
v -0.39895460 -0.07482520 -0.10884064
v -0.53898984 -0.08994895 0.11472972
v -0.53944314 -0.08587822 0.00027361
v -0.54007447 -0.06432641 0.11600301
v -0.55261701 -0.06172807 0.11611561
v -0.55261701 -0.06172807 0.11611561
v -0.55259997 -0.10328187 0.11612178
v -0.55258942 -0.11862203 0.11608505
v -0.03884241 -0.08642651 0.11952525
v -0.03864753 -0.08978885 0.12785728
v -0.06207046 -0.05824297 0.11697762
v -0.27171925 -0.08140640 -0.10873666
v -0.53952974 -0.07424088 -0.09238493
v -0.53946471 -0.07986277 -0.08430538
v -0.03921404 -0.07825160 -0.12540635
v -0.03849310 -0.06820320 0.13205239
v -0.03911892 -0.07387839 0.07352367
v -0.07319859 -0.07553734 -0.10847181
v -0.23075426 -0.07214467 -0.10867050
v -0.53951651 -0.07792380 -0.04574427
v -0.53950894 -0.07180026 -0.02732978
v -0.53939879 -0.07744133 0.03889393
v -0.03930709 -0.08132434 -0.14934614
v -0.03922045 -0.07683173 0.01250678
v -0.03924358 -0.07786386 0.03310105
v -0.03924429 -0.08363780 0.04504087
v -0.03909826 -0.07319930 0.09160252
v -0.03799692 -0.06641006 0.14915618
v -0.05983564 -0.06518109 0.14888906
v -0.08888972 -0.06943837 -0.10851941
v -0.10785756 -0.07059252 -0.10860810
v -0.13234851 -0.07370540 -0.10866794
v -0.15116778 -0.07938579 -0.10866883
v -0.48479730 -0.07687443 -0.10892543
v -0.53930736 -0.06240454 0.10199875
v -0.55413282 -0.05471573 0.11599776
v -0.03776467 -0.07309803 0.14886722
v -0.06094027 -0.08044440 0.11720993
v -0.32521519 -0.06806633 -0.10873562
v -0.35208440 -0.07105860 -0.10875475
v -0.53328234 -0.06357618 -0.10897973
v -0.53950095 -0.05481401 -0.06113705
v -0.53934693 -0.05949550 0.09613743
v -0.03809065 -0.07062328 0.14255983
v -0.03927851 -0.07375216 -0.07619032
v -0.03920916 -0.07392730 0.02471405
v -0.03926882 -0.07123974 0.04475359
v -0.03920901 -0.07408422 0.05670918
v -0.07106063 -0.06694584 -0.10813481
v -0.07106063 -0.06694584 -0.10813481
v -0.29873651 -0.06679216 -0.10874948
v -0.53937125 -0.07086924 0.06160953
v -0.03917396 -0.06239140 -0.13677254
v -0.03880078 -0.06766772 0.11903583
v -0.03799692 -0.06641006 0.14915618
v -0.03923333 -0.06987768 -0.10953686
v -0.53998721 -0.04768563 -0.10899258
v -0.53940368 -0.06577115 0.01964478
v -0.53933692 -0.06827997 0.08173345
v -0.03920749 -0.06207810 -0.03641162
v -0.03917846 -0.06927045 -0.01866892
v -0.03926450 -0.07155822 0.02612181
v -0.06100044 -0.05859466 0.11722781
v -0.06188226 -0.06276223 0.14875503
v -0.07872641 -0.06034627 0.11705469
v -0.11670154 -0.04992930 -0.10865337
v -0.27336463 -0.06080070 -0.10873812
v -0.46476504 -0.06220814 -0.10887727
v -0.53944027 -0.06735094 0.00161855
v -0.53998721 -0.04768563 -0.10899258
v -0.53996497 -0.04756507 -0.10658675
v -0.03910199 -0.06336626 -0.14626706
v -0.03925586 -0.06568368 -0.06717244
v -0.03923211 -0.06541117 0.01757033
v -0.03951314 -0.06487559 0.02635832
v -0.03939781 -0.06873572 0.03171751
v -0.03923872 -0.06173579 0.04753945
v -0.03906959 -0.05592405 0.06535633
v -0.16467458 -0.05127002 -0.10864654
v -0.18900411 -0.05280891 -0.10863641
v -0.53893006 -0.05411943 0.11467525
v -0.53943205 -0.06203787 0.03535521
v -0.03764856 -0.06780139 0.03663867
v -0.03906912 -0.06737356 0.03870384
v -0.03936303 -0.06506954 0.04041789
v -0.03936303 -0.06506954 0.04041789
v -0.03902650 -0.04803717 -0.00068596
v -0.03922966 -0.05947823 0.01660733
v -0.03948966 -0.06620458 0.02950425
v -0.03939721 -0.06123569 0.04239642
v -0.03902468 -0.04709620 0.08674867
v -0.07309061 -0.04905207 -0.10857067
v -0.08242272 -0.05028921 -0.10854730
v -0.37442809 -0.04491661 -0.10875472
v -0.40745291 -0.04939994 -0.10879585
v -0.53949559 -0.03938622 -0.08017048
v -0.53947926 -0.05115549 -0.07375911
v -0.53940344 -0.04955758 0.07691211
v -0.00085783 -0.06049037 0.03519393
v -0.00145933 -0.06239849 0.03512327
v -0.00085783 -0.06049037 0.03519393
v -0.00178605 -0.06098415 0.03590783
v -0.00145933 -0.06239849 0.03512327
v -0.00296277 -0.06320746 0.03546100
v -0.00655013 -0.06391156 0.03565649
v -0.01106027 -0.06450602 0.03573553
v -0.01845136 -0.06473473 0.03623528
v -0.02814224 -0.06121102 0.03892956
v -0.03312653 -0.06101375 0.03982740
v -0.03937960 -0.06060117 0.04109217
v -0.03868416 -0.04940790 0.11902839
v -0.03782272 -0.03147776 0.14242396
v -0.03919080 -0.05324274 -0.06490037
v -0.03911787 -0.05502645 -0.01905841
v -0.03947142 -0.06041692 0.02482663
v -0.03937960 -0.06060117 0.04109217
v -0.05061093 -0.05241872 0.14895289
v -0.13932860 -0.03873753 -0.10864636
v -0.23000422 -0.04239426 -0.10864502
v -0.44383115 -0.04748505 -0.10880902
v -0.49202389 -0.04491317 -0.10887364
v -0.53913474 -0.03282658 0.11588623
v -0.53913474 -0.03282658 0.11588623
v -0.53956163 -0.01627664 -0.03286779
v -0.53946906 -0.04810379 0.02580890
v -0.53946811 -0.05121471 0.05356693
v -0.00065869 -0.05670973 0.03494961
v -0.00065869 -0.05670973 0.03494961
v -0.00284278 -0.05935165 0.03607861
v -0.00381532 -0.05924573 0.02333705
v -0.01214641 -0.05856652 0.03730498
v -0.01062259 -0.05672699 0.03651218
v -0.00637707 -0.05698190 0.03628601
v -0.02003270 -0.05841367 0.03821264
v -0.01848722 -0.05634926 0.03707321
v -0.02309477 -0.05616702 0.03710800
v -0.02747932 -0.05689846 0.02486220
v -0.02270776 -0.05606237 0.02524234
v -0.02826566 -0.05799542 0.03888772
v -0.02811712 -0.05581912 0.03714321
v -0.03105971 -0.05739274 0.02475541
v -0.03292775 -0.05590051 0.02722509
v -0.03322133 -0.05740760 0.03940728
v -0.03306076 -0.05502960 0.03674668
v -0.03753841 -0.05608868 0.02698613
v -0.03754565 -0.05407182 0.03197208
v -0.03754610 -0.05461086 0.03699730
v -0.03752515 -0.05678376 0.03988099
v -0.03752515 -0.05678376 0.03988099
v -0.03911641 -0.04005262 -0.14936307
v -0.03941444 -0.05550941 0.02606970
v -0.03945908 -0.05378207 0.03170655
v -0.03948468 -0.05411580 0.03687065
v -0.03943297 -0.05605948 0.04032096
v -0.03943297 -0.05605948 0.04032096
v -0.03941444 -0.05550941 0.02606970
v -0.03943297 -0.05605948 0.04032096
v -0.07378793 -0.04730641 0.11711216
v -0.09374861 -0.04439643 -0.10862201
v -0.20549220 -0.04008960 -0.10862178
v -0.53950429 -0.03704983 0.00588426
v -0.00258139 -0.05382153 0.03541703
v -0.00374565 -0.04987365 0.02332425
v -0.00215024 -0.05246578 0.02558745
v -0.00637481 -0.05380888 0.03580655
v -0.01009822 -0.05385516 0.03554250
v -0.01437643 -0.05483058 0.03565448
v -0.01426902 -0.05309884 0.03284292
v -0.01437643 -0.05483058 0.03565448
v -0.01138338 -0.05274321 0.03390401
v -0.01009822 -0.05385516 0.03554250
v -0.01871201 -0.05374804 0.02606698
v -0.01868811 -0.05315978 0.02884289
v -0.01568583 -0.05223424 0.02898673
v -0.01505485 -0.05315657 0.02544412
v -0.01856411 -0.05375611 0.03317289
v -0.01850861 -0.05467374 0.03574563
v -0.01850861 -0.05467374 0.03574563
v -0.02305058 -0.05393462 0.03319333
v -0.02305976 -0.05457697 0.03561173
v -0.02305976 -0.05457697 0.03561173
v -0.02811712 -0.05581912 0.03714321
v -0.03894091 -0.02550947 -0.14874080
v -0.03891644 -0.03069399 -0.14592713
v -0.03901780 -0.03606826 -0.13701102
v -0.03908944 -0.03692127 -0.07940117
v -0.03916466 -0.05230039 0.01743179
v -0.03909647 -0.04851405 0.02373156
v -0.03945908 -0.05378207 0.03170655
v -0.03948468 -0.05411580 0.03687065
v -0.03918445 -0.04945527 0.04331593
v -0.03896683 -0.03325042 0.06707904
v -0.06172051 -0.03760154 0.14871486
v -0.07111554 -0.04837407 -0.10831994
v -0.30829278 -0.04406374 -0.10872617
v -0.34409150 -0.04168886 -0.10873058
v -0.53917432 -0.02417633 0.10765021
v -0.54017580 -0.03904511 0.11593968
v -0.53953010 -0.03574498 -0.01965553
v -0.55266953 -0.04216587 0.11607812
v -0.00262329 -0.04894876 0.03503243
v -0.00641444 -0.04940225 0.03534203
v -0.00864398 -0.04976844 0.03502610
v -0.03854448 -0.02446138 0.11862355
v -0.03823313 -0.03673997 0.13252473
v -0.03749448 -0.03498272 0.14878592
v -0.03908139 -0.03949880 -0.03834162
v -0.03900805 -0.04062593 -0.01777521
v -0.03900975 -0.04006517 0.00978014
v -0.03921852 -0.04911530 0.03616018
v -0.03902978 -0.04271869 0.05820274
v -0.25896788 -0.04370552 -0.10869378
v -0.49461493 -0.02859845 -0.10886204
v -0.53952181 -0.04014635 0.04088702
v -0.00101861 -0.04033729 0.03389203
v -0.00101861 -0.04033729 0.03389203
v -0.00860658 -0.04346773 0.03470701
v -0.03899997 -0.04298661 0.03278146
v -0.03907549 -0.04348512 0.04285030
v -0.03776142 -0.03011083 0.14896904
v -0.06085931 -0.03355525 0.11733051
v -0.06200765 -0.03139540 0.11716470
v -0.07076675 -0.03811304 -0.10852376
v -0.28933090 -0.03284917 -0.10869968
v -0.47091985 -0.03689743 -0.10879225
v -0.53544319 -0.03096400 -0.10898927
v -0.53955519 -0.03353345 -0.08890852
v -0.53953058 -0.01635369 -0.05593008
v -0.00277093 -0.04029782 0.03473200
v -0.00204790 -0.03249700 0.02554899
v -0.00628942 -0.03553187 0.03488500
v -0.03900641 -0.03548815 -0.12049860
v -0.03896612 -0.03262183 0.04267203
v -0.05149487 -0.03770862 0.14886685
v -0.07860799 -0.02786797 0.11725760
v -0.08345929 -0.02817712 -0.10866091
v -0.17817003 -0.03145428 -0.10862491
v -0.45566702 -0.02988745 -0.10876000
v -0.53952372 -0.01779329 0.02527603
v -0.53950930 -0.02538193 0.05247193
v -0.00099888 -0.03180091 0.03234887
v -0.00358266 -0.02917806 0.02317179
v -0.03749448 -0.03498272 0.14878592
v -0.03893214 -0.02873718 -0.01353386
v -0.10773641 -0.01864491 -0.10870132
v -0.53942657 -0.03081338 0.07286096
v -0.55257213 -0.01366366 0.11611202
v -0.00277555 -0.02694369 0.03445972
v -0.03897166 -0.01717262 -0.10578027
v -0.03901720 -0.01906184 -0.06400594
v -0.03889477 -0.02598130 -0.00203404
v -0.03897387 -0.02595819 0.02183139
v -0.40810993 -0.02258250 -0.10873652
v -0.53882951 -0.01500480 0.11468449
v -0.53963137 0.01255653 -0.09898111
v -0.53950346 0.00933713 -0.08489785
v -0.55407822 -0.01439431 0.11600345
v -0.00108212 -0.02172678 0.03355282
v -0.00108212 -0.02172678 0.03355282
v -0.03895652 -0.02059668 -0.12917033
v -0.04768497 -0.01780079 0.14887707
v -0.26321968 -0.02101072 -0.10869560
v -0.34850878 -0.01657462 -0.10871342
v -0.37823138 -0.01675205 -0.10870937
v -0.45293874 -0.01858607 -0.10875824
v -0.53996640 -0.00188623 -0.10906529
v -0.54022491 -0.01992431 0.11596628
v -0.53954810 -0.00268834 0.03591241
v -0.03817278 -0.02098275 0.13206752
v -0.03890795 -0.01807934 0.00543260
v -0.03895402 -0.00191337 0.02968995
v -0.03887933 -0.00319656 0.06153923
v -0.08343805 -0.00496395 -0.10872126
v -0.13437802 -0.01230326 -0.10867152
v -0.16377603 -0.00899484 -0.10864761
v -0.19580269 -0.00011253 -0.10864004
v -0.21470177 0.00213170 -0.10864636
v -0.23500922 -0.00719511 -0.10868242
v -0.29958650 -0.01834148 -0.10871485
v -0.47181213 -0.01153400 -0.10877523
v -0.53955472 0.02537555 -0.09278163
v -0.53957033 -0.00801834 -0.00782097
v -0.53996640 -0.00188623 -0.10906529
v -0.03901163 -0.00841505 -0.14935112
v -0.03891003 0.00783269 -0.14038709
v -0.03896952 -0.01042455 -0.03398469
v -0.03826255 0.00523311 0.12740536
v -0.03757238 -0.00368887 0.14669488
v -0.03887820 -0.00358575 0.05035330
v -0.07124808 0.00210196 0.11718413
v -0.32903633 -0.01255852 -0.10872880
v -0.44600672 0.00555779 -0.10877070
v -0.53956234 -0.00534179 0.00607833
v -0.00278729 -0.01489108 0.03436024
v -0.00362587 -0.01235212 0.02321986
v -0.00211033 -0.01052858 0.02560892
v -0.00807565 -0.01475998 0.03401148
v -0.03891861 0.00414879 -0.13022238
v -0.03889015 -0.00345765 -0.01094181
v -0.03870288 0.01834235 0.10475489
v -0.03894711 0.00532423 0.01621927
v -0.05070513 0.01434297 0.14885323
v -0.06165503 0.00349750 0.14871502
v -0.49168837 -0.00430695 -0.10885784
v -0.03799856 0.00725021 0.13631496
v -0.03898603 0.00865817 -0.05723262
v -0.03895313 0.01597776 -0.03606695
v -0.03889892 0.00666142 0.00217309
v -0.03880948 0.01171357 0.14896251
v -0.06075191 0.00137750 0.11732458
v -0.27829024 -0.00069062 -0.10879856
v -0.30076811 -0.00117205 -0.10878989
v -0.39894068 -0.00667797 -0.10871658
v -0.52999920 0.00758860 -0.10899258
v -0.54608822 -0.00162944 0.11601284
v -0.00105125 0.00416670 0.03362383
v -0.00105125 0.00416670 0.03362383
v -0.03897831 0.00313796 -0.07649684
v -0.03746784 0.02140996 0.14878011
v -0.03746784 0.02140996 0.14878011
v -0.03890806 0.00456447 0.03859815
v -0.07056473 0.00962960 -0.10881662
v -0.09166846 0.00980559 -0.10872862
v -0.25977555 -0.00006653 -0.10876742
v -0.53952801 0.02160478 -0.06005025
v -0.53956419 0.01957313 0.04513177
v -0.53945440 0.00773678 0.06897722
v -0.00276858 0.01179226 0.03443959
v -0.00356093 0.00424008 0.02317139
v -0.03891212 0.00846731 -0.11753032
v -0.03858492 0.03614992 0.11050545
v -0.03842825 0.02546397 0.11950028
v -0.11094141 0.00547071 -0.10872355
v -0.15659419 0.02195898 -0.10867354
v -0.32919365 0.00671167 -0.10880890
v -0.38988185 0.02111981 -0.10873303
v -0.53916156 0.00957205 0.10734294
v -0.00202733 0.00543215 0.02558139
v -0.00806814 0.01342538 0.03402066
v -0.03894955 0.01747448 -0.10376686
v -0.06198360 0.02826548 0.11712879
v -0.23278175 0.02279088 -0.10870436
v -0.36484787 0.00563988 -0.10874495
v -0.40327203 0.00625790 -0.10874072
v -0.55261731 0.03244016 0.11606133
v -0.00094533 0.02153749 0.03233204
v -0.03883532 0.04570637 -0.14594889
v -0.03898102 0.01804600 -0.08525088
v -0.03774118 0.02414173 0.14259800
v -0.03769255 0.04841829 0.14897595
v -0.07859999 0.01085116 0.11723232
v -0.08345966 0.01807663 -0.10870755
v -0.47198534 0.02786360 -0.10879484
v -0.53896958 0.02833072 0.11155438
v -0.53957319 0.03200385 -0.03665039
v -0.03889108 0.02050266 -0.01166192
v -0.41835913 0.04101187 -0.10876170
v -0.53957063 0.01960129 0.00785341
v -0.03885800 0.03240243 0.05715370
v -0.03887349 0.01877270 0.07099791
v -0.11736290 0.02430213 -0.10871908
v -0.24518298 0.01380784 -0.10875013
v -0.26764756 0.01925522 -0.10887781
v -0.49287185 0.01777369 -0.10886845
v -0.53959143 0.02667019 -0.01776186
v -0.53992569 0.02170951 -0.10899699
v -0.03892970 0.02925155 0.02584922
v -0.03889784 0.02591446 0.04274974
v -0.19305435 0.02686918 -0.10867527
v -0.29197189 0.01607097 -0.10888320
v -0.34063914 0.01595958 -0.10885578
v -0.00370571 0.02396605 0.02329842
v -0.00214037 0.02285955 0.02560356
v -0.01033765 0.02718845 0.03270155
v -0.03889287 0.04936293 -0.14877650
v -0.03889817 0.03146214 0.00295396
v -0.07075958 0.02516777 -0.10861409
v -0.29063857 0.01953048 -0.10897905
v -0.33737040 0.01946104 -0.10895088
v -0.53948015 0.05500672 -0.07281557
v -0.54004091 0.03572214 0.11594419
v -0.00102541 0.04428941 0.03355361
v -0.00102541 0.04428941 0.03355361
v -0.00275600 0.02626205 0.03436626
v -0.03887630 0.03504923 -0.12878889
v -0.03869238 0.04763461 0.14901279
v -0.06087911 0.03184355 0.11729719
v -0.53338569 0.05253497 -0.10895863
v -0.53992569 0.02170951 -0.10899699
v -0.53909463 0.06245876 0.11591086
v -0.53909463 0.06245876 0.11591086
v -0.53956002 0.03647274 0.02650243
v -0.03902930 0.02442390 -0.14947161
v -0.03895923 0.04183862 -0.06359717
v -0.03886566 0.03645823 0.08735836
v -0.03878856 0.05139238 0.09583980
v -0.03749055 0.04412297 0.14669494
v -0.03887844 0.03920195 0.07537204
v -0.08334970 0.03487122 -0.10871485
v -0.13174763 0.03918025 -0.10872486
v -0.18084472 0.04849372 -0.10872796
v -0.22053324 0.04405216 -0.10871729
v -0.44571969 0.04283467 -0.10877356
v -0.53879666 0.05690474 0.11472653
v -0.53950083 0.03260798 0.06134036
v -0.53936136 0.04220036 0.09343785
v -0.00820297 0.03621048 0.03409576
v -0.03889257 0.04880157 -0.11068627
v -0.03896448 0.03747902 -0.08671817
v -0.03887570 0.05438701 -0.02679453
v -0.03811949 0.04757518 0.12942334
v -0.07863130 0.03718925 0.11720830
v -0.09628941 0.04614666 -0.10875976
v -0.34073642 0.02784473 -0.10874739
v -0.49780017 0.04629997 -0.10887817
v -0.52717209 0.05359087 -0.10897377
v -0.00218397 0.04260770 0.02560886
v -0.03892577 0.05528963 -0.04480049
v -0.03885242 0.04943726 -0.00884873
v -0.03890017 0.04643029 0.04148128
v -0.33498985 0.04341784 -0.10874566
v -0.35275656 0.04057625 -0.10876143
v -0.37438068 0.04033223 -0.10875633
v -0.53918993 0.05823529 0.10689650
v -0.53958142 0.05100069 -0.00698761
v -0.53955746 0.05218134 0.01211485
v -0.53944540 0.06573138 0.08482373
v -0.53986651 0.05997393 -0.10900196
v -0.00276762 0.04602346 0.03443956
v -0.00374115 0.04696322 0.02329330
v -0.03882962 0.06141243 0.00090220
v -0.16492935 0.06016136 -0.10874531
v -0.25027040 0.05389306 -0.10876432
v -0.53957289 0.05950424 0.04113112
v -0.55411369 0.06377453 0.11603664
v -0.00079191 0.06875479 0.03225138
v -0.03881460 0.06704825 -0.13449085
v -0.03766021 0.08441696 0.14233202
v -0.05008100 0.05018613 0.14887547
v -0.06171410 0.02854294 0.14872177
v -0.08202709 0.05712024 -0.10877630
v -0.03796116 0.06728020 0.13401307
v -0.03888595 0.04810378 0.01522278
v -0.03890178 0.05250541 0.02317109
v -0.03896633 0.06206081 0.03131066
v -0.46907037 0.07839718 -0.10881612
v -0.48924708 0.07004049 -0.10885298
v -0.54013717 0.06554201 0.11597846
v -0.53951442 0.06835538 -0.05585462
v -0.00822982 0.05442939 0.03427294
v -0.06078914 0.05823931 0.11730705
v -0.07085702 0.05896688 -0.10836512
v -0.06193569 0.06171474 0.11714059
v -0.27436617 0.05148700 -0.10878578
v -0.30704406 0.06156439 -0.10877773
v -0.37937811 0.06397387 -0.10875764
v -0.53986651 0.05997393 -0.10900196
v -0.53955066 0.06487393 0.05549274
v -0.55262351 0.06466171 0.11610474
v -0.00364581 0.06260163 0.02323565
v -0.00201499 0.07243150 0.02550941
v -0.03888059 0.06543133 -0.09698996
v -0.03889304 0.06748232 -0.07171354
v -0.03884405 0.05943719 0.08623874
v -0.03734088 0.08684927 0.14876343
v -0.03734088 0.08684927 0.14876343
v -0.03883770 0.07101294 0.05857047
v -0.03885207 0.06128094 0.07255840
v -0.12460166 0.06866303 -0.10879090
v -0.53958762 0.06599358 -0.02519700
v -0.00101960 0.06570348 0.03337028
v -0.00101960 0.06570348 0.03337028
v -0.00271532 0.06146232 0.03415012
v -0.03885964 0.08365494 -0.14947477
v -0.03879246 0.07484999 -0.00647045
v -0.03835976 0.07512149 0.11941652
v -0.20824239 0.06170738 -0.10874191
v -0.42079365 0.08395359 -0.10879204
v -0.53952551 0.07933548 -0.09100127
v -0.53952372 0.07820746 0.06881618
v -0.03871161 0.08698130 0.09438910
v -0.03857273 0.07821518 0.10759345
v -0.03891423 0.06629944 0.02457480
v -0.06119400 0.09137824 0.14870466
v -0.06162170 0.06259608 0.14871058
v -0.07126291 0.07494190 0.11713673
v -0.07861564 0.06783649 0.11723123
v -0.25717658 0.08132878 -0.10877702
v -0.35384691 0.07251328 -0.10876933
v -0.53946638 0.08179244 -0.08170280
v -0.00274670 0.06825796 0.03421782
v -0.00784355 0.06866288 0.03407088
v -0.03887174 0.07573992 -0.04704309
v -0.03890786 0.07100520 0.01379953
v -0.03879309 0.07674596 0.07770190
v -0.18159996 0.07984689 -0.10877499
v -0.22440681 0.08057779 -0.10874537
v -0.45040208 0.07687905 -0.10880443
v -0.53955513 0.08926296 -0.04046908
v -0.53957480 0.07763806 0.00962025
v -0.53956294 0.09083852 0.01939776
v -0.53992093 0.08706823 -0.10897481
v -0.00364891 0.07379448 0.02323180
v -0.03869921 0.08907723 -0.14627519
v -0.03883219 0.08491078 0.00856603
v -0.03888765 0.07740635 0.04296030
v -0.06039870 0.09150362 0.11725174
v -0.07086417 0.07418901 -0.10855526
v -0.08996361 0.08332050 -0.10883781
v -0.53903711 0.09941292 0.11462949
v -0.53960717 0.08486483 -0.00609920
v -0.00044858 0.07636839 0.03245203
v -0.00073013 0.07496643 0.03376871
v -0.00073013 0.07496643 0.03376871
v -0.00258607 0.07615414 0.03464937
v -0.00793418 0.07448325 0.03414507
v -0.03872755 0.08911896 -0.14878532
v -0.03877357 0.08870569 -0.12123111
v -0.03883487 0.08510974 -0.07781479
v -0.03878030 0.08245483 0.01877938
v -0.03877711 0.07789758 0.02744366
v -0.06173548 0.09930682 0.11701500
v -0.30165520 0.07928368 -0.10878316
v -0.55262476 0.08910382 0.11600541
v -0.00379181 0.07832658 0.02331219
v -0.00211328 0.07829922 0.02554014
v -0.00823233 0.07863358 0.03424812
v -0.03880629 0.08409446 -0.01639918
v -0.03887862 0.08281815 0.04600218
v -0.07873864 0.09621593 0.11710550
v -0.20527516 0.08479068 -0.10874337
v -0.53992093 0.08706823 -0.10897481
v -0.53950143 0.11323833 0.09495717
v 0.00000000 0.08560055 0.03254236
v -0.00025448 0.08461893 0.03467607
v -0.00025448 0.08461893 0.03467607
v -0.00373143 0.08336210 0.02339559
v -0.01037166 0.08064401 0.03401441
v -0.03807253 0.09512332 0.13070525
v -0.03760618 0.11441576 0.14887570
v -0.03878373 0.08227989 0.02814507
v -0.03882846 0.08235061 0.03120316
v -0.03892058 0.08213615 0.03637546
v -0.03891876 0.09672308 0.05212029
v -0.32974845 0.09456363 -0.10880455
v -0.37092006 0.08846700 -0.10879397
v -0.53331882 0.09512496 -0.10894039
v -0.55428147 0.09424067 0.11593351
v -0.00139651 0.08637953 0.03546071
v -0.01844370 0.08298460 0.03497967
v -0.02283049 0.08346015 0.03498219
v -0.02602023 0.08380616 0.03493507
v -0.03878814 0.09604639 -0.10422459
v -0.03879085 0.08820403 -0.00495133
v -0.03749976 0.08511993 0.02792228
v -0.03754616 0.08429638 0.03274271
v -0.03896627 0.08383051 0.03392291
v -0.03894210 0.09557545 0.04575158
v -0.10163781 0.09865662 -0.10886687
v -0.13465682 0.08626357 -0.10881981
v -0.53927958 0.09795544 0.11582860
v -0.53927958 0.09795544 0.11582860
v -0.53956068 0.12502846 -0.09881359
v -0.53947437 0.10048309 -0.05876974
v -0.53956473 0.09880725 0.05592359
v -0.53951639 0.09900451 0.08560345
v -0.00039428 0.08914769 0.03132143
v -0.00274354 0.08934560 0.02544240
v -0.00257316 0.09050575 0.02908000
v -0.00049970 0.08882803 0.02673529
v -0.00039428 0.08914769 0.03132143
v -0.00046217 0.08882648 0.03427431
v -0.00046217 0.08882648 0.03427431
v -0.00224301 0.08966687 0.03466788
v -0.00224301 0.08966687 0.03466788
v -0.00046217 0.08882648 0.03427431
v -0.00422812 0.08865607 0.02352376
v -0.00195110 0.08646384 0.02474492
v -0.00517514 0.08871952 0.02361174
v -0.00647449 0.08974981 0.02505953
v -0.00422812 0.08865607 0.02352376
v -0.00652641 0.09139138 0.02900241
v -0.00349632 0.08879772 0.03566163
v -0.00651196 0.09059492 0.03463092
v -0.00966021 0.09177548 0.02900497
v -0.00923079 0.09175396 0.03247034
v -0.01039413 0.09076160 0.03477248
v -0.01039413 0.09076160 0.03477248
v -0.01479992 0.09057042 0.03535983
v -0.01904649 0.09069151 0.03579542
v -0.03292018 0.09039354 0.03807899
v -0.03702137 0.09024742 0.03924040
v -0.03708965 0.08744228 0.03857256
v -0.03875005 0.10422996 -0.13169309
v -0.03884208 0.09830692 -0.03521353
v -0.03882533 0.11094245 -0.00766540
v -0.03861448 0.09017703 0.04052791
v -0.03873065 0.08613485 0.03957869
v -0.03848749 0.10889211 0.11049652
v -0.03835529 0.10428131 0.11929673
v -0.03882298 0.09460324 0.01653838
v -0.03880054 0.09706429 0.06441076
v -0.14522131 0.10426190 -0.10882434
v -0.19095141 0.10343674 -0.10877612
v -0.28000116 0.10924166 -0.10881457
v -0.53951484 0.10059628 -0.09260842
v -0.53943354 0.10685486 -0.06911328
v -0.53957033 0.10933754 -0.02111671
v -0.53957951 0.09916952 0.04145199
v -0.00450349 0.09127906 0.03393973
v -0.01327890 0.09255189 0.02875492
v -0.01559526 0.09333858 0.03235159
v -0.01199979 0.09209484 0.03418997
v -0.01199979 0.09209484 0.03418997
v -0.01888347 0.09311083 0.02626256
v -0.01967052 0.09427437 0.02922403
v -0.02284473 0.09517559 0.03230144
v -0.01994777 0.09343725 0.03455640
v -0.01994777 0.09343725 0.03455640
v -0.02282673 0.09374711 0.02602689
v -0.02342740 0.09526104 0.02893220
v -0.02436063 0.09407529 0.03515049
v -0.02436063 0.09407529 0.03515049
v -0.02511242 0.09571719 0.02772413
v -0.02877453 0.09412804 0.03685526
v -0.02897999 0.09561497 0.03626550
v -0.03314731 0.09439155 0.03828154
v -0.03699988 0.09806076 0.04017767
v -0.03872958 0.12233505 -0.13801026
v -0.03884315 0.10184738 -0.00033564
v -0.03850484 0.09437853 0.04089102
v -0.03850484 0.09437853 0.04089102
v -0.03879899 0.09426633 0.04239237
v -0.03861448 0.09017703 0.04052791
v -0.20052502 0.12086740 -0.10877946
v -0.03178856 0.09835032 0.03183941
v -0.02607176 0.09590250 0.03411287
v -0.02933568 0.09665769 0.03503729
v -0.02897999 0.09561497 0.03626550
v -0.03230068 0.09812972 0.03510375
v -0.03356773 0.09761629 0.03744763
v -0.03356773 0.09761629 0.03744763
v -0.03725681 0.09700626 0.02483745
v -0.03880021 0.10881716 -0.06468093
v -0.03892562 0.09804684 0.02319538
v -0.03776345 0.10394129 0.14025748
v -0.03740114 0.10045299 0.14874619
v -0.03740114 0.10045299 0.14874619
v -0.03894830 0.10509014 0.01019002
v -0.03884864 0.10158718 0.02046075
v -0.07133558 0.10490450 0.11703366
v -0.08452952 0.11634058 -0.10889450
v -0.24106474 0.10626107 -0.10878661
v -0.48871267 0.11105236 -0.10886136
v -0.53957164 0.11213461 0.00218732
v -0.53954029 0.11239085 0.07314332
v -0.53995854 0.11402354 -0.10903573
v -0.03708541 0.10110378 0.03148061
v -0.03444934 0.09946251 0.03523682
v -0.03697482 0.10128573 0.03530268
v -0.03522405 0.09951326 0.03715574
v -0.03522405 0.09951326 0.03715574
v -0.03702825 0.10042804 0.03880347
v -0.03522405 0.09951326 0.03715574
v -0.03702825 0.10042804 0.03880347
v -0.03874254 0.12105218 -0.11261222
v -0.03891480 0.10270473 0.03135213
v -0.03881249 0.10289034 0.03528994
v -0.03875864 0.10216880 0.03881713
v -0.03870544 0.10097966 0.04182985
v -0.03875864 0.10216880 0.03881713
v -0.03892115 0.10170239 0.02708986
v -0.03893870 0.09937349 0.02544979
v -0.03889945 0.10355222 0.04524155
v -0.11383446 0.12947324 -0.10885671
v -0.37114009 0.11384249 -0.10882598
v -0.53954685 0.11301419 0.02209241
v -0.03815788 0.11104694 0.12754989
v -0.03886271 0.10695729 0.02570864
v -0.03899726 0.10408720 0.03315800
v -0.03891480 0.10270473 0.03135213
v -0.03881249 0.10289034 0.03528994
v -0.03906575 0.10347545 0.04007417
v -0.05429387 0.12286338 0.14876668
v -0.42309153 0.11494881 -0.10882595
v -0.44973058 0.11907342 -0.10884041
v -0.53946173 0.11228696 -0.08645245
v -0.53944147 0.12156838 -0.07956514
v -0.03878841 0.12811217 -0.03425673
v -0.03831244 0.12348291 0.11933093
v -0.03894612 0.11136678 0.01773801
v -0.03876513 0.10659286 0.03563037
v -0.03888577 0.10695165 0.04720398
v -0.53932649 0.14172515 0.11576682
v -0.55267751 0.12900946 0.11591537
v -0.03877968 0.13088197 -0.14950264
v -0.03789622 0.12048590 0.13586925
v -0.03881657 0.11517188 0.03988127
v -0.06174020 0.14491355 0.11691697
v -0.07164037 0.11605245 -0.10893279
v -0.15716298 0.13065675 -0.10880888
v -0.33151284 0.12454030 -0.10882604
v -0.53951299 0.11785212 -0.04865429
v -0.53957218 0.12057468 0.03869898
v -0.03867584 0.12611842 -0.14871040
v -0.03856662 0.12503883 0.09995711
v -0.03809083 0.12953326 0.12810585
v -0.03766495 0.12417844 0.14243127
v -0.03738213 0.13659552 0.14875054
v -0.03738213 0.13659552 0.14875054
v -0.29416960 0.12551013 -0.10882691
v -0.47748974 0.12534323 -0.10884747
v -0.53324884 0.13723335 -0.10894692
v -0.53991884 0.14418891 -0.10898316
v -0.53995854 0.11402354 -0.10903573
v -0.03885689 0.12226936 0.02892637
v -0.06038691 0.13591948 0.11719733
v -0.07382530 0.13997927 0.11696982
v -0.07170676 0.13256115 -0.10895902
v -0.07860512 0.14296207 0.11695762
v -0.23910621 0.12832209 -0.10880801
v -0.53994083 0.13241181 -0.10898167
v -0.03875044 0.13511425 -0.08250713
v -0.03878060 0.13811144 -0.00032817
v -0.03867412 0.12773666 0.08139026
v -0.41004902 0.13439068 -0.10883281
v -0.53914964 0.14369094 0.11462753
v -0.53946304 0.13867143 -0.07659307
v -0.53947496 0.13578302 -0.06694257
v -0.53959596 0.14708415 -0.04423672
v -0.53959107 0.13736433 -0.02314088
v -0.53962195 0.15053645 -0.01424694
v -0.53956139 0.13385251 0.00787596
v -0.53956860 0.13860309 0.02626918
v -0.53957272 0.13999721 0.07423487
v -0.03834832 0.13874188 0.11337587
v -0.03783423 0.15313172 0.13408101
v -0.03873307 0.13712892 0.05366477
v -0.53991884 0.14418891 -0.10898316
v -0.53950083 0.13994905 -0.08841044
v -0.55429268 0.15796503 0.11585414
v -0.03876185 0.14312580 -0.13020048
v -0.03874129 0.14239678 -0.11311799
v -0.03874046 0.14736453 -0.05386633
v -0.03876683 0.14422637 0.02983872
v -0.03842586 0.15352210 0.09914321
v -0.06104410 0.13281047 0.14870825
v -0.13386884 0.15173879 -0.10882351
v -0.44261399 0.14443532 -0.10885024
v -0.49321723 0.14443418 -0.10888073
v -0.53960073 0.13784048 0.04254505
v -0.03873086 0.15606782 -0.14562199
v -0.03859186 0.14665017 0.07674217
v -0.03832591 0.15296248 0.11023155
v -0.08228940 0.13852686 -0.10888770
v -0.08801913 0.15085164 -0.10888526
v -0.17780277 0.14868554 -0.10880786
v -0.26204991 0.14250669 -0.10882998
v -0.31203893 0.14801887 -0.10884413
v -0.37720361 0.14475188 -0.10883817
v -0.53958994 0.15355301 -0.09474581
v -0.53957117 0.15585971 -0.05985400
v -0.53932649 0.14172515 0.11576682
v -0.54814911 0.14687070 0.11585373
v -0.03808984 0.16045478 0.12371269
v -0.22751753 0.15139940 -0.10881230
v -0.53959024 0.15578690 0.01981687
v -0.53960574 0.15378746 0.04655769
v -0.53955036 0.15139422 0.09690809
v -0.03875694 0.16066915 -0.14882201
v -0.03873032 0.15248421 -0.09159616
v -0.03746021 0.18333390 0.14264892
v -0.07161981 0.15044388 -0.10887456
v -0.47306788 0.14800486 -0.10886106
v -0.03874728 0.15368494 -0.01121572
v -0.03867626 0.16649437 0.02549515
v -0.03863466 0.16733161 0.04896341
v -0.03732330 0.18150535 0.14637898
v -0.06047335 0.15250885 0.11720812
v -0.41704127 0.16426915 -0.10886651
v -0.53955925 0.16954753 -0.07766047
v -0.03883758 0.15775573 -0.14949432
v -0.03874636 0.16165385 -0.13062820
v -0.03869751 0.16374901 -0.11485133
v -0.03866863 0.17043677 0.00334519
v -0.06116086 0.15085950 0.14872503
v -0.06185777 0.16232401 0.11694197
v -0.08880465 0.16836888 -0.10891739
v -0.27912399 0.16467211 -0.10884872
v -0.37916017 0.15966621 -0.10885823
v -0.53957224 0.16606292 -0.06438163
v -0.54001456 0.16868994 -0.10716733
v -0.03868011 0.17069697 -0.05669132
v -0.07832941 0.17416772 0.11694726
v -0.53959769 0.17056763 -0.08737382
v -0.53957367 0.16371599 0.07244407
v -0.54002732 0.16785452 -0.10898906
v -0.03869855 0.17075661 -0.02805165
v -0.03847677 0.16177675 0.08017771
v -0.03760937 0.18563268 0.13761322
v -0.07174143 0.16373444 -0.10889414
v -0.11728668 0.17041966 -0.10885122
v -0.14418167 0.16989878 -0.10882637
v -0.21404302 0.16453686 -0.10882312
v -0.31744540 0.17299834 -0.10886201
v -0.45530367 0.16651982 -0.10888672
v -0.54002732 0.16785452 -0.10898906
v -0.53933632 0.16413659 0.11583042
v -0.53951728 0.17260039 0.10694903
v -0.55264854 0.17209896 0.11595373
v -0.03871655 0.17316276 -0.14004642
v -0.03864986 0.17751595 -0.09798691
v -0.03808361 0.18500355 0.12108098
v -0.03759521 0.19718343 0.14889604
v -0.06041512 0.17839342 0.11722685
v -0.18151748 0.17089567 -0.10883489
v -0.53962088 0.16748387 0.00951472
v -0.53959310 0.17254624 0.03891772
v -0.53933632 0.16413659 0.11583042
v -0.03847206 0.17716774 0.07029867
v -0.03830364 0.18224314 0.10022220
v -0.03866780 0.19431207 0.14892250
v -0.07684620 0.18739384 -0.10902911
v -0.36471340 0.17739829 -0.10886347
v -0.53964555 0.17556328 -0.05141127
v -0.03880012 0.18656203 -0.14941940
v -0.03867522 0.18719670 -0.13239446
v -0.03863114 0.18395725 -0.01186091
v -0.03833520 0.18599921 0.08701730
v -0.03820515 0.19095156 0.11166951
v -0.06110293 0.18158910 0.14870919
v -0.07177068 0.19022387 -0.10909730
v -0.09933165 0.17983261 -0.10891542
v -0.23864274 0.17581731 -0.10883683
v -0.49230689 0.17825893 -0.10892382
v -0.53966469 0.17346597 -0.01788453
v -0.53955555 0.17595905 0.08016410
v -0.53963464 0.18489933 0.09760909
v -0.06174873 0.18844664 0.11692521
v -0.08702920 0.18123311 -0.10897520
v -0.41426098 0.18149456 -0.10888889
v -0.53743440 0.18117628 -0.10892022
v -0.54027951 0.18046832 -0.10894981
v -0.53943491 0.18578589 0.11599326
v -0.53943491 0.18578589 0.11599326
v -0.54095155 0.17822513 0.11597821
v -0.53969681 0.17981973 -0.09377420
v -0.53969681 0.17992142 -0.03477195
v -0.53968358 0.18035892 0.00091879
v -0.03858995 0.18669164 0.03701177
v -0.03846031 0.18788466 0.06620431
v -0.03787231 0.18799591 0.12973231
v -0.03728238 0.18818498 0.14874640
v -0.03728238 0.18818498 0.14874640
v -0.15062350 0.18200260 -0.10884437
v -0.17727718 0.18372440 -0.10885990
v -0.24738178 0.18313745 -0.10885569
v -0.28221411 0.18266025 -0.10888305
v -0.32000855 0.18280074 -0.10887274
v -0.45789266 0.18462095 -0.10890630
v -0.53964597 0.19217205 -0.06913531
v -0.53967071 0.19197264 0.02354817
v -0.53964269 0.19211194 0.05398602
v -0.53958571 0.18457130 0.06188403
v -0.53953266 0.19200462 0.07896578
v -0.54027951 0.18046832 -0.10894981
v -0.55450571 0.19834968 0.11593956
v -0.03856987 0.20176437 -0.14587292
v -0.03860962 0.18855336 -0.11465326
v -0.03858984 0.19249508 -0.03745899
v -0.07625747 0.18985245 0.11683911
v -0.12094264 0.18449697 -0.10886499
v -0.21198651 0.18460214 -0.10883972
v -0.50674504 0.18477792 -0.10893664
v -0.53190684 0.19153744 -0.10893548
v -0.53978407 0.19204521 -0.04430139
v -0.53966904 0.18636295 0.10631770
v -0.55295831 0.19579542 0.11600226
v -0.03861856 0.20037332 -0.14875737
v -0.03860956 0.20336592 -0.13794309
v -0.03857392 0.19329751 -0.06845149
v -0.03854108 0.19177791 0.01999764
v -0.26979816 0.19468501 -0.10891932
v -0.30464906 0.19464493 -0.10889319
v -0.34534112 0.19465029 -0.10890135
v -0.37259182 0.19454467 -0.10883048
v -0.40691832 0.19455945 -0.10886604
v -0.43646282 0.19455805 -0.10890958
v -0.54003823 0.19442445 -0.10903195
v -0.53962117 0.18766010 0.11455671
v -0.54028344 0.18758747 0.11599751
v -0.54102671 0.19416893 -0.10894346
v -0.53973240 0.19209978 -0.08903119
v -0.53976548 0.19202283 -0.01459059
v -0.54028344 0.18758747 0.11599751
v -0.54050404 0.19076470 -0.10539556
v -0.03863630 0.20845839 -0.14943153
v -0.03850281 0.20458412 -0.11515510
v -0.03852320 0.20010313 -0.09361601
v -0.03855604 0.19647583 -0.01916716
v -0.03851050 0.19850400 -0.00143877
v -0.03846747 0.19758740 0.05206969
v -0.06038457 0.20106268 0.11716342
v -0.07859090 0.19485453 0.11667371
v -0.10161683 0.19558874 -0.10892993
v -0.12218967 0.19528717 -0.10888433
v -0.14155443 0.19525662 -0.10888150
v -0.18120360 0.19499347 -0.10888243
v -0.21535295 0.19485784 -0.10885072
v -0.24040219 0.19484234 -0.10888216
v -0.49290723 0.19462830 -0.10889170
v -0.46483475 0.19451293 -0.10888693
v -0.53971422 0.19209164 0.09783728
v -0.53984648 0.19218978 0.11473972
v -0.54050946 0.19197303 0.11604333
v -0.54050946 0.19197303 0.11604333
v -0.03844678 0.20413122 0.03837388
v -0.03828919 0.20635229 0.07426603
v -0.03751257 0.21498036 0.14635499
v -0.06183602 0.20738745 0.11670522
v -0.07232408 0.19706383 -0.10901344
v -0.07755336 0.19667527 -0.10906687
v -0.14155443 0.19525662 -0.10888150
v -0.16688587 0.19511196 -0.10892475
v -0.18120360 0.19499347 -0.10888243
v -0.51896894 0.19461808 -0.10883793
v -0.53949618 0.19428048 -0.09444568
v -0.53949976 0.19420806 -0.04893867
v -0.53939867 0.19411802 0.01660031
v -0.53939062 0.19412836 0.05408075
v -0.53930247 0.19406039 0.07697465
v -0.53957301 0.19399804 0.10013546
v -0.53964186 0.19406378 0.11477402
v -0.54037154 0.19442007 0.11612356
v -0.54037154 0.19442007 0.11612356
v -0.03846961 0.20633110 -0.05035374
v -0.07577117 0.19927216 0.11666080
v -0.08176900 0.19520029 0.11654367
v -0.08565539 0.19633323 -0.10899955
v -0.10231198 0.19456890 0.11636120
v -0.13061690 0.19407791 0.11627857
v -0.10357617 0.19406220 0.11639936
v -0.16402508 0.19403321 0.11626410
v -0.21787962 0.19764590 0.11616077
v -0.19077162 0.19404152 0.11624283
v -0.21953797 0.19404417 0.11621425
v -0.24814977 0.19407269 0.11592090
v -0.31024051 0.19402137 0.11584969
v -0.33496901 0.20053408 0.11584881
v -0.34548843 0.19405478 0.11587533
v -0.36523306 0.20739123 0.11586046
v -0.39032963 0.19403836 0.11579679
v -0.47519851 0.19401857 0.11570597
v -0.50258666 0.20019671 0.11595394
v -0.50739795 0.19389838 0.11599216
v -0.52031553 0.20016947 0.11604001
v -0.52593905 0.19395983 0.11610666
v -0.52820551 0.19430387 0.11612065
v -0.53957552 0.19519177 -0.10892397
v -0.54069436 0.19496897 -0.10700056
v -0.54102671 0.19416893 -0.10894346
v -0.54022133 0.19462571 -0.10115600
v -0.03836477 0.21251288 0.01565855
v -0.03819576 0.20655534 0.10593781
v -0.03806263 0.21048251 0.12285089
v -0.03782830 0.21980897 0.13461055
v -0.03761193 0.21912882 0.14404793
v -0.03751770 0.21762684 0.14880751
v -0.03751770 0.21762684 0.14880751
v -0.06643826 0.20795575 0.11662339
v -0.08556014 0.20716247 0.11640145
v -0.10413477 0.20732689 0.11626409
v -0.13248211 0.20729947 0.11618133
v -0.16673686 0.20728979 0.11619425
v -0.19145183 0.20727053 0.11612444
v -0.21738429 0.20731395 0.11610125
v -0.24480441 0.20741203 0.11592129
v -0.26035416 0.20293137 0.11587176
v -0.28201291 0.19404674 0.11587065
v -0.30511409 0.20730937 0.11586937
v -0.39604050 0.20736277 0.11582673
v -0.42244470 0.19402447 0.11579521
v -0.42543495 0.20734102 0.11583813
v -0.44752109 0.19404316 0.11571786
v -0.46826810 0.20741001 0.11573252
v -0.48353526 0.20745456 0.11581345
v -0.53971374 0.20699638 0.11606911
v -0.03897721 0.23015720 0.14923511
v -0.05587967 0.21670073 0.14900281
v -0.06050603 0.20728126 0.11715612
v -0.50463444 0.20739788 0.11602594
v -0.55181956 0.20956293 0.11611301
v -0.55454099 0.20951384 0.11591959
v -0.03845951 0.21277612 -0.13525909
v -0.03835976 0.21613261 -0.10937670
v -0.03839165 0.21315539 -0.08703780
v -0.03839433 0.21250781 -0.05883369
v -0.03840527 0.21175686 -0.01512066
v -0.03830707 0.21668926 0.04922241
v -0.03817964 0.21164253 0.09328264
v -0.06137288 0.20985916 -0.12077072
v -0.06023736 0.21016559 -0.11669081
v -0.06039497 0.21028861 -0.12025404
v -0.06025149 0.20996749 -0.10492212
v -0.06160226 0.20959690 -0.10023287
v -0.06006476 0.20993790 -0.08613390
v -0.06155485 0.20959252 -0.08388245
v -0.06153737 0.20938662 -0.05261392
v -0.05999358 0.20978338 -0.06364343
v -0.06000650 0.20975551 -0.04186538
v -0.06158547 0.20947805 -0.00546593
v -0.06000865 0.20979187 -0.01498977
v -0.06018968 0.20976830 0.00059519
v -0.06176215 0.20940870 0.01062397
v -0.06016631 0.20978099 0.02350279
v -0.06165789 0.20954305 0.03802697
v -0.06015170 0.20985559 0.05052314
v -0.06157461 0.20962599 0.06757203
v -0.06000201 0.20987952 0.06714927
v -0.06161167 0.20979711 0.10210685
v -0.06005280 0.21002606 0.09819457
v -0.06004745 0.21009183 0.11022942
v -0.06211586 0.20987061 0.11447670
v -0.06025358 0.21007562 0.11452305
v -0.06048958 0.20971808 0.11677982
v -0.06177732 0.20958474 0.11645797
v -0.06177732 0.20958474 0.11645797
v -0.06048958 0.20971808 0.11677982
v -0.06552790 0.20950708 -0.12051314
v -0.06536260 0.20962900 -0.11785436
v -0.06595451 0.20944849 -0.09896684
v -0.06568845 0.20943084 -0.08201560
v -0.06536943 0.20931432 -0.06304979
v -0.06732182 0.20921469 -0.04580659
v -0.06629699 0.20932823 -0.00311226
v -0.06541407 0.20948404 0.06949192
v -0.06540298 0.20960078 0.10232621
v -0.06654082 0.20958167 0.11653455
v -0.06654082 0.20958167 0.11653455
v -0.07695659 0.20937172 -0.11845523
v -0.07500926 0.20919666 -0.07400814
v -0.07222623 0.20918021 -0.02120647
v -0.07228006 0.20924717 0.03400558
v -0.07230526 0.20930567 0.06352705
v -0.07680698 0.20922178 0.08351663
v -0.07048878 0.20959595 0.11499578
v -0.07625531 0.20913318 0.01443070
v -0.07914221 0.20917052 0.09782352
v -0.08134615 0.20931616 -0.11426064
v -0.07815342 0.20907137 -0.04981438
v -0.07817802 0.20908365 -0.02186993
v -0.08033660 0.20915422 0.05547814
v -0.08416693 0.20924911 0.11160296
v -0.09109408 0.20925307 0.11481084
v -0.08625586 0.20927998 -0.12028232
v -0.08430651 0.20921776 -0.09921351
v -0.08342004 0.20910409 -0.07057992
v -0.08391798 0.20904997 -0.02693150
v -0.08236113 0.20908758 0.01975876
v -0.09063755 0.20916209 0.11618160
v -0.09063755 0.20916209 0.11618160
v -0.09068863 0.20914122 -0.08756253
v -0.09685346 0.20910779 -0.06208140
v -0.09292716 0.20905754 -0.03732667
v -0.09032345 0.20906201 0.01707089
v -0.09126912 0.20910573 0.05326482
v -0.09280771 0.20919651 -0.10129949
v -0.10408950 0.20915070 -0.08102199
v -0.10742036 0.20907319 -0.04500714
v -0.10224652 0.20904392 -0.00061670
v -0.12142920 0.20932093 -0.11858237
v -0.11704382 0.20924231 -0.11470035
v -0.10555729 0.20919323 -0.10061786
v -0.09665093 0.20909020 0.07789540
v -0.10073660 0.20914644 0.11108194
v -0.12217192 0.20920756 -0.12041953
v -0.10699433 0.20905253 -0.01253003
v -0.11615627 0.20905316 0.03362281
v -0.10811219 0.20911857 0.09316410
v -0.11011323 0.20909363 0.06585242
v -0.13956554 0.20903656 0.11604650
v -0.13956554 0.20903656 0.11604650
v -0.12282231 0.20919779 -0.10828373
v -0.12297806 0.20913118 -0.06901333
v -0.12200519 0.20904455 -0.03707132
v -0.12184554 0.20915458 -0.09541070
v -0.12291183 0.20911309 0.08776015
v -0.13173404 0.20915180 0.11152816
v -0.15552512 0.20919952 0.11467060
v -0.14001906 0.20905489 0.01691243
v -0.13565475 0.20906374 0.05314511
v -0.13945860 0.20913434 0.10482900
v -0.14379239 0.20916519 -0.08098632
v -0.13869005 0.20904067 -0.00685797
v -0.14689630 0.20910451 0.08474380
v -0.14855824 0.20916557 -0.09484994
v -0.14473082 0.20904601 -0.03021911
v -0.15855992 0.20905373 0.03386174
v -0.15258127 0.20920783 -0.10779104
v -0.15791145 0.20911196 -0.06078849
v -0.15013292 0.20906571 -0.04763052
v -0.16436681 0.20925185 -0.11476046
v -0.16993837 0.20908359 0.05996903
v -0.16489251 0.20935687 -0.11865020
v -0.16274616 0.20905015 -0.00472555
v -0.17623278 0.20917091 0.11150794
v -0.18104449 0.20916387 -0.07733601
v -0.18161762 0.20915556 0.10435161
v -0.18301326 0.20931944 -0.12050194
v -0.19070557 0.20919579 -0.09397674
v -0.17516194 0.20906505 0.01720276
v -0.18078758 0.20905074 -0.02769217
v -0.18366793 0.20911810 0.08733884
v -0.20030905 0.20906708 0.11598191
v -0.20030905 0.20906708 0.11598191
v -0.18655053 0.20925483 -0.10649493
v -0.18787318 0.20909905 -0.05976561
v -0.20138028 0.20907483 -0.05170808
v -0.19194511 0.20905456 -0.00114775
v -0.19668068 0.20906395 0.03955230
v -0.19407818 0.20946598 -0.11869985
v -0.19888023 0.20936102 -0.11467272
v -0.20911548 0.20904616 -0.01403061
v -0.19281992 0.20927268 0.11466008
v -0.22039464 0.20907435 -0.04560474
v -0.19991738 0.20907807 0.02281926
v -0.20905344 0.20909423 0.07071224
v -0.22556683 0.20933691 -0.12056237
v -0.23364918 0.20907980 -0.03263361
v -0.21444930 0.20906958 0.00370040
v -0.22011250 0.20925727 -0.10517284
v -0.22508284 0.20913458 0.09298956
v -0.23986110 0.20918319 -0.09682205
v -0.24101163 0.20917130 -0.08831379
v -0.24333847 0.20915318 -0.07601663
v -0.22941065 0.20917094 0.11108978
v -0.22712681 0.20907626 0.02240115
v -0.23160332 0.20925874 0.11464567
v -0.24595550 0.20939702 -0.11869466
v -0.22959518 0.20910904 0.06681877
v -0.25780767 0.20909882 0.03861414
v -0.25158525 0.20904630 0.11579825
v -0.25158525 0.20904630 0.11579825
v -0.25361258 0.20912749 -0.06354848
v -0.24891931 0.20908692 -0.01380414
v -0.24667281 0.20917460 0.10535225
v -0.24708417 0.20931011 -0.11481300
v -0.24922630 0.20911703 0.05368383
v -0.25361380 0.20915270 0.08556575
v -0.25754395 0.20924705 -0.10704711
v -0.26208287 0.20934314 -0.12063864
v -0.26236027 0.20910484 0.01943571
v -0.28086990 0.20912468 -0.04838989
v -0.27453035 0.20916235 0.07397524
v -0.29435539 0.20919269 0.10530068
v -0.29687861 0.20922884 0.11150561
v -0.29156855 0.20933136 -0.11480668
v -0.29003611 0.20918652 -0.09420857
v -0.30227271 0.20930499 0.11457096
v -0.29520345 0.20924398 -0.10515493
v -0.28777224 0.20915955 0.09362417
v -0.30123529 0.20945284 -0.11876491
v -0.27807844 0.20912281 -0.03170005
v -0.28174216 0.20910496 -0.01135907
v -0.28096011 0.20914456 0.05873385
v -0.29097039 0.20911717 0.01823309
v -0.29350325 0.20911306 0.04531103
v -0.29437825 0.20914367 0.07266909
v -0.30959329 0.20910540 0.11576369
v -0.30959329 0.20910540 0.11576369
v -0.30568108 0.20918849 -0.08031669
v -0.29544154 0.20914015 -0.06017128
v -0.30764782 0.20909357 -0.02592728
v -0.30477032 0.20909497 -0.04648456
v -0.30434757 0.20908728 -0.00404427
v -0.33521223 0.20921227 -0.09827873
v -0.31390786 0.20909914 0.04530403
v -0.32278118 0.20917058 0.09347412
v -0.32626927 0.20909616 -0.00617555
v -0.33028626 0.20911083 0.01856148
v -0.31963614 0.20912871 0.06729232
v -0.33642435 0.20926833 -0.10607824
v -0.33793613 0.20914391 -0.06278858
v -0.33505565 0.20910537 -0.04486075
v -0.34741449 0.20937520 -0.12063304
v -0.34099910 0.20920846 -0.08643982
v -0.36240140 0.20945510 -0.11871818
v -0.35758224 0.20912346 -0.02773115
v -0.33934432 0.20915774 0.07986066
v -0.34937924 0.20912933 0.04891860
v -0.36433858 0.20935708 0.11457482
v -0.35355037 0.20934337 -0.11478209
v -0.35411334 0.20912078 0.03320977
v -0.34953231 0.20919904 0.10101876
v -0.37734276 0.20914510 0.00469452
v -0.36423942 0.20918506 0.06809831
v -0.36688361 0.20914000 0.11576930
v -0.36688361 0.20914000 0.11576930
v -0.37846187 0.20921490 0.09291197
v -0.36994839 0.20930833 -0.10675898
v -0.37941641 0.20925239 -0.09527683
v -0.36717564 0.20916724 -0.05661518
v -0.38102639 0.20920911 0.07835436
v -0.37284377 0.20929918 0.11141297
v -0.38373631 0.20925549 -0.08262494
v -0.37650579 0.20913786 -0.01307360
v -0.38851643 0.20917055 0.02385538
v -0.38256705 0.20925131 0.10479409
v -0.36805487 0.20942944 -0.12076527
v -0.39458817 0.20918891 0.05444212
v -0.41594207 0.20954794 -0.11887518
v -0.41351169 0.20943654 -0.11451504
v -0.41197515 0.20932245 -0.10263512
v -0.40856549 0.20919272 -0.03984508
v -0.42755714 0.20916122 0.11575189
v -0.42755714 0.20916122 0.11575189
v -0.37150547 0.20930883 -0.12094644
v -0.41423655 0.20951247 -0.12078893
v -0.40620762 0.20925450 -0.06583306
v -0.41529942 0.20917642 -0.01208243
v -0.42987415 0.20926842 0.09175402
v -0.43375647 0.20932874 0.11150470
v -0.43985289 0.20939124 0.11455931
v -0.41952544 0.20928910 -0.08848843
v -0.41905177 0.20918450 0.05173279
v -0.44165391 0.20930520 0.10529424
v -0.41423655 0.20951247 -0.12078893
v -0.41918176 0.20922968 -0.05817080
v -0.42076269 0.20919254 0.01608824
v -0.41616112 0.20918661 0.03360924
v -0.42157236 0.20923585 0.07398698
v -0.42801958 0.20935699 -0.10837716
v -0.44609958 0.20938942 -0.12076467
v -0.44609958 0.20938942 -0.12076467
v -0.43618023 0.20922282 -0.06375787
v -0.44217500 0.20918027 -0.02910707
v -0.44990423 0.20918879 0.02635732
v -0.44331762 0.20923135 0.06236109
v -0.43976226 0.20947966 -0.11873457
v -0.45689523 0.20921123 0.04755288
v -0.45670217 0.20927981 0.07763687
v -0.44803092 0.20928815 -0.09995753
v -0.44842160 0.20927584 -0.08631644
v -0.45209289 0.20918515 0.00283202
v -0.46213287 0.20934358 -0.10684776
v -0.45266944 0.20922658 -0.06089378
v -0.47473577 0.20940396 -0.11483818
v -0.46641749 0.20920047 -0.02678678
v -0.47811460 0.20948619 -0.11878952
v -0.47950858 0.20943567 0.11455537
v -0.47274745 0.20921257 0.11568649
v -0.47274745 0.20921257 0.11568649
v -0.47281256 0.20929703 -0.09508282
v -0.47378021 0.20929721 -0.07901400
v -0.47323605 0.20925605 -0.05939868
v -0.47210988 0.20920885 0.01407557
v -0.48050222 0.20936859 0.11159886
v -0.48439342 0.20926630 -0.03667322
v -0.48637164 0.20927393 0.03880059
v -0.48364300 0.20931849 0.06330687
v -0.47688061 0.20931888 0.08717237
v -0.48876724 0.20942098 -0.10863438
v -0.48931503 0.20926705 0.00374786
v -0.49974230 0.20942187 0.11052836
v -0.49389237 0.20936832 -0.08476260
v -0.49163502 0.20933881 -0.05944583
v -0.49168009 0.20936972 0.08280407
v -0.52504694 0.20958191 -0.12095499
v -0.52504694 0.20958191 -0.12095499
v -0.49938709 0.20938441 -0.09714758
v -0.49727467 0.20950508 0.11462525
v -0.50427818 0.20931298 0.11593509
v -0.50427818 0.20931298 0.11593509
v -0.50209862 0.20954958 -0.11859009
v -0.50544107 0.20938787 -0.04764721
v -0.50997359 0.20935190 0.01578144
v -0.50716066 0.20940107 0.09969071
v -0.50964040 0.20946112 -0.10666057
v -0.50729191 0.20938602 0.05267919
v -0.50829363 0.20941380 0.07521205
v -0.51393211 0.20940551 -0.06855938
v -0.51538694 0.20935786 -0.00533277
v -0.52810490 0.20958635 -0.11831260
v -0.52148890 0.20939782 -0.09159073
v -0.52267754 0.20938161 -0.05134496
v -0.51942605 0.20938972 0.05372703
v -0.52149433 0.20942107 0.06967345
v -0.52559817 0.20947275 0.11467057
v -0.52233618 0.20939139 0.10957368
v -0.52500981 0.20943022 -0.10019976
v -0.52566248 0.20935872 0.00617738
v -0.52876949 0.20928565 0.11597155
v -0.52876949 0.20928565 0.11597155
v -0.52801466 0.20939896 0.05208385
v -0.53472078 0.20941195 -0.04801801
v -0.53685653 0.20947471 0.08217484
v -0.55296594 0.20956498 0.10086551
v -0.53548455 0.20945737 -0.08480194
v -0.53822267 0.20940754 -0.00761256
v -0.53844905 0.20942831 0.01694332
v -0.53807539 0.20944521 0.04722470
v -0.53980356 0.20958206 0.11476593
v -0.54628503 0.20956212 -0.12156937
v -0.52016073 0.20928106 -0.12126467
v -0.54125249 0.20961139 -0.10992298
v -0.55268264 0.20974189 -0.12123579
v -0.54231799 0.20954689 -0.09427869
v -0.55287570 0.20963499 0.11478163
v -0.55181956 0.20956293 0.11611301
v -0.55300200 0.20957997 -0.05085835
v -0.55290234 0.20955703 0.03430214
v -0.55291700 0.20960167 0.06407139
v -0.55179000 0.20954844 -0.12175807
v -0.55302119 0.20975089 -0.10797545
v -0.55303127 0.20965537 -0.08000320
v -0.55303097 0.20953336 -0.01343003
v -0.55454099 0.20951384 0.11591959
v -0.55505329 0.20940989 -0.12175184
v -0.55521786 0.20949233 -0.12102228
v -0.55511844 0.20965785 -0.11664814
v -0.55499542 0.20950904 -0.07867798
v -0.55485833 0.20938233 -0.01648975
v -0.55473101 0.20941174 0.01527240
v -0.55462682 0.20944282 0.06985004
v -0.55471563 0.20943463 0.10969056
v -0.55472475 0.20949879 0.11465603
v -0.03831443 0.21653444 -0.14863718
v -0.03797910 0.23061442 0.08109279
v -0.03797895 0.23102519 0.10896820
v -0.03800598 0.23032126 -0.14189771
v -0.03822979 0.22318497 -0.12895516
v -0.03810120 0.23065513 -0.08707502
v -0.03809610 0.23073238 -0.05986631
v -0.03824222 0.22434109 -0.02937106
v -0.03825384 0.22373804 -0.00522572
v -0.06035697 0.22865808 0.14909898
v -0.03822818 0.22896090 -0.14968035
v -0.03801882 0.23024178 -0.14884791
v -0.03815818 0.23076111 -0.10878810
v -0.03794876 0.23318377 0.14917320
v -0.03819305 0.23107383 0.04798631
v -0.03781959 0.23092312 0.13196723
v -0.03747991 0.23121765 0.14664917
v -0.03749314 0.23078734 0.14882839
v -0.03749314 0.23078734 0.14882839
v -0.03813982 0.23053429 -0.13018131
v -0.03816116 0.23109329 -0.01548612
v -0.05571128 0.23320717 0.14917029
v -0.03839222 0.23180911 -0.14959133
v -0.03818882 0.23208308 -0.14526647
v -0.03926992 0.23217952 -0.14878568
v -0.03894743 0.23225290 -0.14521074
v -0.03818882 0.23208308 -0.14526647
v -0.03839222 0.23180911 -0.14959133
v -0.03826547 0.23208576 -0.13281161
v -0.03902519 0.23230150 -0.13480732
v -0.03826547 0.23208576 -0.13281161
v -0.03824824 0.23229945 -0.11505261
v -0.03900725 0.23254335 -0.11368188
v -0.03824824 0.23229945 -0.11505261
v -0.03817442 0.23234513 -0.08231479
v -0.03817442 0.23234513 -0.08231479
v -0.03894329 0.23251384 -0.08823171
v -0.03885639 0.23299506 -0.04710198
v -0.03811872 0.23275319 -0.05199135
v -0.03811872 0.23275319 -0.05199135
v -0.03819206 0.23282450 -0.00183186
v -0.03890556 0.23307687 -0.01574693
v -0.03819206 0.23282450 -0.00183186
v -0.03894633 0.23296791 0.01154516
v -0.03894418 0.23301807 0.04767142
v -0.03822353 0.23283768 0.04967494
v -0.03822353 0.23283768 0.04967494
v -0.03887564 0.23308972 0.07341149
v -0.03802741 0.23292193 0.08008160
v -0.03802741 0.23292193 0.08008160
v -0.03801188 0.23289427 0.10918042
v -0.03884986 0.23304591 0.11964872
v -0.03801188 0.23289427 0.10918042
v -0.03790161 0.23298079 0.13198733
v -0.03790161 0.23298079 0.13198733
v -0.03874987 0.23318121 0.13683450
v -0.03762099 0.23318106 0.14615475
v -0.03762099 0.23318106 0.14615475
v -0.03896841 0.23345032 0.14886327
v -0.03794876 0.23318377 0.14917320
v -0.03794876 0.23318377 0.14917320
v -0.04521766 0.23256969 -0.11861503
v -0.04243398 0.23292580 -0.04715675
v -0.04256362 0.23298168 -0.01536304
v -0.04178831 0.23288649 0.01440411
v -0.04191899 0.23293063 0.04905590
v -0.04190180 0.23301259 0.07262653
v -0.04177639 0.23296511 0.09113002
v -0.04174817 0.23295784 0.11765163
v -0.04173878 0.23309979 0.13524714
v -0.04818037 0.23220971 -0.14962885
v -0.05683036 0.23249736 -0.14890197
v -0.05591451 0.23276311 -0.10776293
v -0.05559658 0.23271310 -0.08700371
v -0.04601550 0.23283866 -0.05872184
v -0.05685991 0.23306704 0.13584319
v -0.05042361 0.23327771 0.14577225
v -0.04775426 0.23346153 0.14892378
v -0.04775426 0.23346153 0.14892378
v -0.05643897 0.23260814 -0.13717270
v -0.05573240 0.23297289 -0.04938335
v -0.05538590 0.23286662 0.01450736
v -0.05589168 0.23288611 0.04919715
v -0.05679354 0.23290345 0.11127709
v -0.05842587 0.23235652 -0.14946112
v -0.05561820 0.23295709 -0.01328630
v -0.05621493 0.23298070 0.07387061
v -0.05937122 0.23330501 0.14877194
v -0.05571128 0.23320717 0.14917029
v -0.06030378 0.23241335 -0.14926201
v -0.05975077 0.23264539 -0.14853832
v -0.06031312 0.23288709 -0.11259058
v -0.06035969 0.23281920 -0.08818296
v -0.05953147 0.23302951 -0.05179000
v -0.06054907 0.23301280 -0.01263997
v -0.06046389 0.23293740 0.01336586
v -0.06044699 0.23295450 0.04377246
v -0.06030229 0.23303074 0.07036799
v -0.06033142 0.23294991 0.09315822
v -0.06043714 0.23298344 0.11775361
v -0.05964868 0.23312598 0.13709581
v -0.06032848 0.23313397 0.14897397
v -0.06032848 0.23313397 0.14897397
v -0.06068318 0.23258561 -0.14796373
v -0.06048286 0.23298967 -0.05348087
v -0.06035408 0.23300079 0.13459386
v -0.06052506 0.23312277 0.14648469
vt 0.67297000 0.49937999
vt 0.67205000 0.49983001
vt 0.67026001 0.49961999
vt 0.06106000 0.59416002
vt 0.06094000 0.61013001
vt 0.06071000 0.59599000
vt 0.06049000 0.61443001
vt 0.06049000 0.63687998
vt 0.06090000 0.64178997
vt 0.06072000 0.66755998
vt 0.06029000 0.65963000
vt 0.06011000 0.68791997
vt 0.06069000 0.68940997
vt 0.06010000 0.70372999
vt 0.06065000 0.71197999
vt 0.06062000 0.73356998
vt 0.06009000 0.74835002
vt 0.06058000 0.77995002
vt 0.06006000 0.79330999
vt 0.06055000 0.79790002
vt 0.06045000 0.81070000
vt 0.05979000 0.81235999
vt 0.06045000 0.81752002
vt 0.05960000 0.81608999
vt 0.05950000 0.81774998
vt 0.06053000 0.81813997
vt 0.67253000 0.49770999
vt 0.66049999 0.49799001
vt 0.65268999 0.49970001
vt 0.64463001 0.49816000
vt 0.63129997 0.49968001
vt 0.63330001 0.49803999
vt 0.61447001 0.49829000
vt 0.60961998 0.49979001
vt 0.58265001 0.49980000
vt 0.56757998 0.49983001
vt 0.52506000 0.49985000
vt 0.54905999 0.49794000
vt 0.52065003 0.49790001
vt 0.48185000 0.49829999
vt 0.48221999 0.49987000
vt 0.46404999 0.49998000
vt 0.97158998 0.38069999
vt 0.97127002 0.38174000
vt 0.97381002 0.38148001
vt 0.67251003 0.48813000
vt 0.65661001 0.49463001
vt 0.63195997 0.49473000
vt 0.58238000 0.49432999
vt 0.56529999 0.49410999
vt 0.53175002 0.49404001
vt 0.50652999 0.49443999
vt 0.48146001 0.49500000
vt 0.46388000 0.49360001
vt 0.46048999 0.50000000
vt 0.46094999 0.49419001
vt 0.45895001 0.49983001
vt 0.45897999 0.48427001
vt 0.98661000 0.38084999
vt 0.67294002 0.48223999
vt 0.65904999 0.49008000
vt 0.63117999 0.48333001
vt 0.61508000 0.48328999
vt 0.59460998 0.48912001
vt 0.58099997 0.48324999
vt 0.54947001 0.48324999
vt 0.53163999 0.48332000
vt 0.51761001 0.48334000
vt 0.50172001 0.48333001
vt 0.49269000 0.48333001
vt 0.48289999 0.48333001
vt 0.64054000 0.48333001
vt 0.56259000 0.48330000
vt 0.47404000 0.48328000
vt 0.46489000 0.48324999
vt 0.98671001 0.38155001
vt 0.67243999 0.48341000
vt 0.65530002 0.48337001
vt 0.60079998 0.48326001
vt 0.46079001 0.48350999
vt 0.67230999 0.48195001
vt 0.66358000 0.48187000
vt 0.64218003 0.48181999
vt 0.62571001 0.48185000
vt 0.60187000 0.48164001
vt 0.57942998 0.48166001
vt 0.56845999 0.48168001
vt 0.56294000 0.48170999
vt 0.55688000 0.48170999
vt 0.52718002 0.48177999
vt 0.49369001 0.48175001
vt 0.47641000 0.48166999
vt 0.47474000 0.48157001
vt 0.46408999 0.48166999
vt 0.45923999 0.48197001
vt 0.46090001 0.48166001
vt 0.98935002 0.38192999
vt 0.98887002 0.38077000
vt 0.72733998 0.48256999
vt 0.72737998 0.50613999
vt 0.72707999 0.48342001
vt 0.72707999 0.50550002
vt 0.72733998 0.51766002
vt 0.72740000 0.52345997
vt 0.72701001 0.51867998
vt 0.72706997 0.52815998
vt 0.72736001 0.52982002
vt 0.72749001 0.61611003
vt 0.72766000 0.62730002
vt 0.72716999 0.62673998
vt 0.72795999 0.63064998
vt 0.72724003 0.63287997
vt 0.72832000 0.63238001
vt 0.06095000 0.59311002
vt 0.06291000 0.59333998
vt 0.04262000 0.64170003
vt 0.04074000 0.64336997
vt 0.04289000 0.64375001
vt 0.02646000 0.64161003
vt 0.02631000 0.64333999
vt 0.72725999 0.40788999
vt 0.72720999 0.40858001
vt 0.72558999 0.40792999
vt 0.72552001 0.40843001
vt 0.72725999 0.41773000
vt 0.72562999 0.43076000
vt 0.72728997 0.44021001
vt 0.72565001 0.46039000
vt 0.72728997 0.45752001
vt 0.72570997 0.48207000
vt 0.72570002 0.50656998
vt 0.72738999 0.56102002
vt 0.72569001 0.56184000
vt 0.72565001 0.52958000
vt 0.72744000 0.59621000
vt 0.72570002 0.59794003
vt 0.72747999 0.61435997
vt 0.72567999 0.61425000
vt 0.04101000 0.64666998
vt 0.04273000 0.64797002
vt 0.03123000 0.64679998
vt 0.02634000 0.64784002
vt 0.72241002 0.40834999
vt 0.72130001 0.40786001
vt 0.72254002 0.43494999
vt 0.72262001 0.46024001
vt 0.72211999 0.48045999
vt 0.72261000 0.51889998
vt 0.72273999 0.56268001
vt 0.72272003 0.59518999
vt 0.71970999 0.61062002
vt 0.72500998 0.62761998
vt 0.72461998 0.63262999
vt 0.72027999 0.63102001
vt 0.71704000 0.42273000
vt 0.71945000 0.45960000
vt 0.71867001 0.49498001
vt 0.71671999 0.51524001
vt 0.71950001 0.54629999
vt 0.71714997 0.57630998
vt 0.71752000 0.59353000
vt 0.71923000 0.62761003
vt 0.07913000 0.59333998
vt 0.04089000 0.65641999
vt 0.70958000 0.40786999
vt 0.71482998 0.43415999
vt 0.71481001 0.45394999
vt 0.70848000 0.48220000
vt 0.71164000 0.49823001
vt 0.71082002 0.52811998
vt 0.71300000 0.54820001
vt 0.70719999 0.62792999
vt 0.70324999 0.60731000
vt 0.70897001 0.63270998
vt 0.98939002 0.38468999
vt 0.98896998 0.38402000
vt 0.98861003 0.40524000
vt 0.98918003 0.40116999
vt 0.02640000 0.66016001
vt 0.70880997 0.40840000
vt 0.71164000 0.46452001
vt 0.09408000 0.59373999
vt 0.70499003 0.42163000
vt 0.70776999 0.43691999
vt 0.70523000 0.45694000
vt 0.70302999 0.57582003
vt 0.70883000 0.59377998
vt 0.70863998 0.63093001
vt 0.70323002 0.48118001
vt 0.70602000 0.51108998
vt 0.08186000 0.76297998
vt 0.07913000 0.74009001
vt 0.09011000 0.74886000
vt 0.04279000 0.67816001
vt 0.69168001 0.41387001
vt 0.70401001 0.53180999
vt 0.70358998 0.55453002
vt 0.70135999 0.59723997
vt 0.04084000 0.67614001
vt 0.69712001 0.42581001
vt 0.69990999 0.44051999
vt 0.70187998 0.50391001
vt 0.69968998 0.52293998
vt 0.69674999 0.61663002
vt 0.69682002 0.63095999
vt 0.69597000 0.63273001
vt 0.98912001 0.41486001
vt 0.02790000 0.68381000
vt 0.68317002 0.40838999
vt 0.68983001 0.45896000
vt 0.69654000 0.47406000
vt 0.69729000 0.49592999
vt 0.69292003 0.50910997
vt 0.69268000 0.51621997
vt 0.69459999 0.53687000
vt 0.69782001 0.55449998
vt 0.69752002 0.57958001
vt 0.69678003 0.62753999
vt 0.98860002 0.41665000
vt 0.68980998 0.43129000
vt 0.68953001 0.44165999
vt 0.69325000 0.59609002
vt 0.69265002 0.60582000
vt 0.69277000 0.61048001
vt 0.67904001 0.40790001
vt 0.69247001 0.47670001
vt 0.69252998 0.56901997
vt 0.68985999 0.61154002
vt 0.09565000 0.59320998
vt 0.02626000 0.69226998
vt 0.68645000 0.42664000
vt 0.69010001 0.42680001
vt 0.68972999 0.48537001
vt 0.68966001 0.51323003
vt 0.68972999 0.52595001
vt 0.68980998 0.56967998
vt 0.68984997 0.59913999
vt 0.68962997 0.60417998
vt 0.68961000 0.60690999
vt 0.81953001 0.38749000
vt 0.82204998 0.38743001
vt 0.82226002 0.38578999
vt 0.81976998 0.38550001
vt 0.68994999 0.60854000
vt 0.68491000 0.62070000
vt 0.81550002 0.38382000
vt 0.82200998 0.38158000
vt 0.82334000 0.38472000
vt 0.80026001 0.37674001
vt 0.81406999 0.37575001
vt 0.82198000 0.37289000
vt 0.82315999 0.37670001
vt 0.65445000 0.37847000
vt 0.65885001 0.37685001
vt 0.65364999 0.37661999
vt 0.65381002 0.36693999
vt 0.65728998 0.36754999
vt 0.79097003 0.37040001
vt 0.80348998 0.36811000
vt 0.81888998 0.35859999
vt 0.66408998 0.36649999
vt 0.68019003 0.36886999
vt 0.67874002 0.36291000
vt 0.70765001 0.37480000
vt 0.71294999 0.36445999
vt 0.69752997 0.37040001
vt 0.72799999 0.36725000
vt 0.76103997 0.37077001
vt 0.77384001 0.37187001
vt 0.77796000 0.36594000
vt 0.80865002 0.36104000
vt 0.82302999 0.35525000
vt 0.66297001 0.35602000
vt 0.68993998 0.36215001
vt 0.70458001 0.35835999
vt 0.74884999 0.36980999
vt 0.74048001 0.36023000
vt 0.75932002 0.36234000
vt 0.67755002 0.35132000
vt 0.72400999 0.35749999
vt 0.78061998 0.35934001
vt 0.80005002 0.35572001
vt 0.65689999 0.34766001
vt 0.69094998 0.35420999
vt 0.75176001 0.35055000
vt 0.66600001 0.33713001
vt 0.70468998 0.33792001
vt 0.77135003 0.34538001
vt 0.78557998 0.35284001
vt 0.80844998 0.34705001
vt 0.81513000 0.34650999
vt 0.72978002 0.33985001
vt 0.79008001 0.34355000
vt 0.65373999 0.34815001
vt 0.81970000 0.33464000
vt 0.82200003 0.33913001
vt 0.82305002 0.33755001
vt 0.67663002 0.33260000
vt 0.68741000 0.34050000
vt 0.80290997 0.33653000
vt 0.65728998 0.32631999
vt 0.75195003 0.32780999
vt 0.65372998 0.32653001
vt 0.68831003 0.32363999
vt 0.77728999 0.32398000
vt 0.79163998 0.33074000
vt 0.81522000 0.31797001
vt 0.80874002 0.31288999
vt 0.72378999 0.31547001
vt 0.76833999 0.31566000
vt 0.80348998 0.31419000
vt 0.67495000 0.31062999
vt 0.79372001 0.30373001
vt 0.69622999 0.30265999
vt 0.65474999 0.28935999
vt 0.65702999 0.29376999
vt 0.66214001 0.30170000
vt 0.75029999 0.30230999
vt 0.77661997 0.29853001
vt 0.82194000 0.28027999
vt 0.66794997 0.29453000
vt 0.82306999 0.27447999
vt 0.73711002 0.29117000
vt 0.81825000 0.29029000
vt 0.65372002 0.28549999
vt 0.71833998 0.28843999
vt 0.80378997 0.29328001
vt 0.81203002 0.28455001
vt 0.69221997 0.28053999
vt 0.76479000 0.28452000
vt 0.66542000 0.27577001
vt 0.67632997 0.28138000
vt 0.78025001 0.28288999
vt 0.79964000 0.28369999
vt 0.73733002 0.27272001
vt 0.79536998 0.27607000
vt 0.71394998 0.27214000
vt 0.65707999 0.26278999
vt 0.67651999 0.26258001
vt 0.75827998 0.27186999
vt 0.77816999 0.27169001
vt 0.79822999 0.26710999
vt 0.66161001 0.26420999
vt 0.69761997 0.26785001
vt 0.81975001 0.25838000
vt 0.68317002 0.24873000
vt 0.81484002 0.25962001
vt 0.65467000 0.24247999
vt 0.66457999 0.24935000
vt 0.71044999 0.25641000
vt 0.75080001 0.25641000
vt 0.77126998 0.25801000
vt 0.79110998 0.25432000
vt 0.80703998 0.25542000
vt 0.65363002 0.24456000
vt 0.72918999 0.25334001
vt 0.80157000 0.25244001
vt 0.69428998 0.24392000
vt 0.82200003 0.24252000
vt 0.82292002 0.24715000
vt 0.76833999 0.24417999
vt 0.70810997 0.24222000
vt 0.81121999 0.23899999
vt 0.65717000 0.24135999
vt 0.66237998 0.22575000
vt 0.66970998 0.22551000
vt 0.74572003 0.23547000
vt 0.78805000 0.23951000
vt 0.71877003 0.23213001
vt 0.76283997 0.23419000
vt 0.80373001 0.23859000
vt 0.81830001 0.23081000
vt 0.65366000 0.21531001
vt 0.69881999 0.20593999
vt 0.71029001 0.20423000
vt 0.77686000 0.21882001
vt 0.78640002 0.22239999
vt 0.80221999 0.22182000
vt 0.81243998 0.22366001
vt 0.68511999 0.22002000
vt 0.72476000 0.21258999
vt 0.73444998 0.20709001
vt 0.82200003 0.20759000
vt 0.82297999 0.20719001
vt 0.65481001 0.18742999
vt 0.65714997 0.20377000
vt 0.67666000 0.19967000
vt 0.76507998 0.21198000
vt 0.81836998 0.20607001
vt 0.66368002 0.18932000
vt 0.67074001 0.19666000
vt 0.74826002 0.20248000
vt 0.79523998 0.20724000
vt 0.77916002 0.20556000
vt 0.81291002 0.19776000
vt 0.68633997 0.18425000
vt 0.80330002 0.19275001
vt 0.75985998 0.19316000
vt 0.78513002 0.18261001
vt 0.72812998 0.18106000
vt 0.79420000 0.18363000
vt 0.81834000 0.17641000
vt 0.77201998 0.18271001
vt 0.81155002 0.17743000
vt 0.65719998 0.17147000
vt 0.82204998 0.17397000
vt 0.82299000 0.17386000
vt 0.69801998 0.17070000
vt 0.65359998 0.17242000
vt 0.75046003 0.16742000
vt 0.66105002 0.15863000
vt 0.67221999 0.16742000
vt 0.71109003 0.17064001
vt 0.77092999 0.16969000
vt 0.67957997 0.15418001
vt 0.80407000 0.15815000
vt 0.79066002 0.15951000
vt 0.81693000 0.15597001
vt 0.71701998 0.15490000
vt 0.81215000 0.15516999
vt 0.81997001 0.15327001
vt 0.65463001 0.12898000
vt 0.66549999 0.14056000
vt 0.68668997 0.15374000
vt 0.82201999 0.15293001
vt 0.76946002 0.14568000
vt 0.82296002 0.15363000
vt 0.77898002 0.14563000
vt 0.70196998 0.14469001
vt 0.73914999 0.14524999
vt 0.75496000 0.14372000
vt 0.65349001 0.13496000
vt 0.79219002 0.13737001
vt 0.69018000 0.13132000
vt 0.71678001 0.13312000
vt 0.80441999 0.13444000
vt 0.81217003 0.12434000
vt 0.81696999 0.11831000
vt 0.65715998 0.12714000
vt 0.73039001 0.12077000
vt 0.82207000 0.11115000
vt 0.82300001 0.09202000
vt 0.67058003 0.12272000
vt 0.74112999 0.10822000
vt 0.77206999 0.12902001
vt 0.79504001 0.12597001
vt 0.76245999 0.10767000
vt 0.70651001 0.11313000
vt 0.78233999 0.11958000
vt 0.68700999 0.11439000
vt 0.79696000 0.11188000
vt 0.81992000 0.09717000
vt 0.65723997 0.10908000
vt 0.65473002 0.09524000
vt 0.66179001 0.10535000
vt 0.66789001 0.11124000
vt 0.67268002 0.10503000
vt 0.65358001 0.09276000
vt 0.80391002 0.10499000
vt 0.68245000 0.10383000
vt 0.70046997 0.09021000
vt 0.77898997 0.10107000
vt 0.79549003 0.09800000
vt 0.81221002 0.08980000
vt 0.72060001 0.08872000
vt 0.66858000 0.07997000
vt 0.75840998 0.09032000
vt 0.68116999 0.08749000
vt 0.73812002 0.08672000
vt 0.77406001 0.07412000
vt 0.67513001 0.07454000
vt 0.65739000 0.06502000
vt 0.66140997 0.07515000
vt 0.69622999 0.06841000
vt 0.80338001 0.08236000
vt 0.82208002 0.08441000
vt 0.81700999 0.08373000
vt 0.79009002 0.07826000
vt 0.75463003 0.07335000
vt 0.81224000 0.06868000
vt 0.82003999 0.05357000
vt 0.65345001 0.06293000
vt 0.71757001 0.06365000
vt 0.74532998 0.06317000
vt 0.82217997 0.05566000
vt 0.78845000 0.06576000
vt 0.81699997 0.05950000
vt 0.80557001 0.06165000
vt 0.82318002 0.05511000
vt 0.66347998 0.04503000
vt 0.77996999 0.05236000
vt 0.73591000 0.05152000
vt 0.76025999 0.05044000
vt 0.81217998 0.04728000
vt 0.80299002 0.04743000
vt 0.65507001 0.03552000
vt 0.67964000 0.04391000
vt 0.70327002 0.04714000
vt 0.72166002 0.04363000
vt 0.79193997 0.03980000
vt 0.65333003 0.04342000
vt 0.75939000 0.03426000
vt 0.74062997 0.03479000
vt 0.77436000 0.03727000
vt 0.81400001 0.03660000
vt 0.69970000 0.03165000
vt 0.71344000 0.02977000
vt 0.80387998 0.02976000
vt 0.82217002 0.02825000
vt 0.65303999 0.02349000
vt 0.65815002 0.02335000
vt 0.68320000 0.02804000
vt 0.79003000 0.02785000
vt 0.82332999 0.02492000
vt 0.77902001 0.02259000
vt 0.81858999 0.01903000
vt 0.67755002 0.01705000
vt 0.66412997 0.01840000
vt 0.73706001 0.01728000
vt 0.75936002 0.01728000
vt 0.81158000 0.01906000
vt 0.82239002 0.01870000
vt 0.65276998 0.01896000
vt 0.69915003 0.01718000
vt 0.72336000 0.01727000
vt 0.78329998 0.01739000
vt 0.81669003 0.01760000
vt 0.82334000 0.01756000
vt 0.65556997 0.01697000
vt 0.65267998 0.01703000
vt 0.68818998 0.42972001
vt 0.68848997 0.43199000
vt 0.65289998 0.38707000
vt 0.65508002 0.38701001
vt 0.65332001 0.38550001
vt 0.65452999 0.38540000
vt 0.65786999 0.38523000
vt 0.68826997 0.44659999
vt 0.66900998 0.38692999
vt 0.67129999 0.38573000
vt 0.68865001 0.48159999
vt 0.70240998 0.38688999
vt 0.68853998 0.51143998
vt 0.73088002 0.38692001
vt 0.70722997 0.38389999
vt 0.68857998 0.52850002
vt 0.68861002 0.55403000
vt 0.68882000 0.57458001
vt 0.68887001 0.58841002
vt 0.68888998 0.60329998
vt 0.80434000 0.38710001
vt 0.81852001 0.38718000
vt 0.68882000 0.60785002
vt 0.68829000 0.60824001
vt 0.35281000 0.00073000
vt 0.35302001 0.00143000
vt 0.35051000 0.00080000
vt 0.67807001 0.63091999
vt 0.67580998 0.63249999
vt 0.98869997 0.43610001
vt 0.65473002 0.38257000
vt 0.65351999 0.37858000
vt 0.67197001 0.38177001
vt 0.69433999 0.38128000
vt 0.72962999 0.38152000
vt 0.74716997 0.38694000
vt 0.75084001 0.38155001
vt 0.77152997 0.38703001
vt 0.77279001 0.37987000
vt 0.78430003 0.37988001
vt 0.79113001 0.38705999
vt 0.68561000 0.37577999
vt 0.72217000 0.37615001
vt 0.74232000 0.37650001
vt 0.75589001 0.37753001
vt 0.66995001 0.37544999
vt 0.05109000 0.29490000
vt 0.06029000 0.29466999
vt 0.05785000 0.29528999
vt 0.07816000 0.29466999
vt 0.09282000 0.29516000
vt 0.09872000 0.29458001
vt 0.12175000 0.29519999
vt 0.13774000 0.29466000
vt 0.17053001 0.29510000
vt 0.17667000 0.29449999
vt 0.20449001 0.29449001
vt 0.19315000 0.29514000
vt 0.24107000 0.29510999
vt 0.24527000 0.29449001
vt 0.26802999 0.29514000
vt 0.28088999 0.29451001
vt 0.31913000 0.29515001
vt 0.32100999 0.29442999
vt 0.34937000 0.29448000
vt 0.34742999 0.29516000
vt 0.36792001 0.29449001
vt 0.36660999 0.29516000
vt 0.38687000 0.29444000
vt 0.38624999 0.29521000
vt 0.31119001 0.25228000
vt 0.31134999 0.24922000
vt 0.31071001 0.25003001
vt 0.31071001 0.23683999
vt 0.31134000 0.22616000
vt 0.31071001 0.20928000
vt 0.31130001 0.20351000
vt 0.31071001 0.16937000
vt 0.31128001 0.17813000
vt 0.31130001 0.16376001
vt 0.31071001 0.13115001
vt 0.31127000 0.14038000
vt 0.31125000 0.11527000
vt 0.31073999 0.09915000
vt 0.31134999 0.08027000
vt 0.31075001 0.07793000
vt 0.31134999 0.07330000
vt 0.31057999 0.07423000
vt 0.31042001 0.07323000
vt 0.04111000 0.69301999
vt 0.03512000 0.69554001
vt 0.68309999 0.61404002
vt 0.68665999 0.60865998
vt 0.68488997 0.42956999
vt 0.04112000 0.29530999
vt 0.04266000 0.29550001
vt 0.04106000 0.29877001
vt 0.67483002 0.62766999
vt 0.98846000 0.43371001
vt 0.21287000 0.29721001
vt 0.26908001 0.29758999
vt 0.30903000 0.29729000
vt 0.34660000 0.29723999
vt 0.36635000 0.29738000
vt 0.37817001 0.29771000
vt 0.38723999 0.29736999
vt 0.39118999 0.29437000
vt 0.39175001 0.29833999
vt 0.39302999 0.29462001
vt 0.30827999 0.25202999
vt 0.30878001 0.21567000
vt 0.30868000 0.17366000
vt 0.30877000 0.12913001
vt 0.30879000 0.09819000
vt 0.30851999 0.07705000
vt 0.67957997 0.41863999
vt 0.04275000 0.30136999
vt 0.04925000 0.29527000
vt 0.04793000 0.30474001
vt 0.07864000 0.30203000
vt 0.12986000 0.30386999
vt 0.18666001 0.30206001
vt 0.15951000 0.30203000
vt 0.20778000 0.30206001
vt 0.22973000 0.30204999
vt 0.27667001 0.30212000
vt 0.30798000 0.30361000
vt 0.34035999 0.30458999
vt 0.35530999 0.30059001
vt 0.37487999 0.30083001
vt 0.38343999 0.30311000
vt 0.38944000 0.30157000
vt 0.30577001 0.24559000
vt 0.30568999 0.21965000
vt 0.30568999 0.18471000
vt 0.30570000 0.15617000
vt 0.30335000 0.13155000
vt 0.02766000 0.70370001
vt 0.67605001 0.42737001
vt 0.67992002 0.42987999
vt 0.04249000 0.30393001
vt 0.04114000 0.30397999
vt 0.67172003 0.61660999
vt 0.09824000 0.30360001
vt 0.11708000 0.30555999
vt 0.25584999 0.30586001
vt 0.35618001 0.30603999
vt 0.37230000 0.30472001
vt 0.38545001 0.30485001
vt 0.38775000 0.30074999
vt 0.39291000 0.31373999
vt 0.29308000 0.25266999
vt 0.29807001 0.22801000
vt 0.30107999 0.21506999
vt 0.30098999 0.19637001
vt 0.29809999 0.17211001
vt 0.29811999 0.15827000
vt 0.30067000 0.12086000
vt 0.30072999 0.09605000
vt 0.29773000 0.08156000
vt 0.29921001 0.07436000
vt 0.67141998 0.60869998
vt 0.04762000 0.99180001
vt 0.04659000 0.99119997
vt 0.04778000 0.98947001
vt 0.04686000 0.98249000
vt 0.04776000 0.98525000
vt 0.04778000 0.97772998
vt 0.84805000 0.02300000
vt 0.85245001 0.02425000
vt 0.85483003 0.02363000
vt 0.85841000 0.02485000
vt 0.85930002 0.02412000
vt 0.06900000 0.30971000
vt 0.09050000 0.31062999
vt 0.85532999 0.05726000
vt 0.86431998 0.06681000
vt 0.86325002 0.05564000
vt 0.86587000 0.07186000
vt 0.86062002 0.08375000
vt 0.86602998 0.08789000
vt 0.83744001 0.10263000
vt 0.83849001 0.10128000
vt 0.83719999 0.10124000
vt 0.14675000 0.31066999
vt 0.16972999 0.31029001
vt 0.86504000 0.12678000
vt 0.87050998 0.14656000
vt 0.87645000 0.12651999
vt 0.18877000 0.30952001
vt 0.87076998 0.17546000
vt 0.87611002 0.16205999
vt 0.21455000 0.31077999
vt 0.23953000 0.31071001
vt 0.86777002 0.21132000
vt 0.86589003 0.23033001
vt 0.87761003 0.22562000
vt 0.27331999 0.31070000
vt 0.86741000 0.25615999
vt 0.87509000 0.27518001
vt 0.88051999 0.24654000
vt 0.29332000 0.31097001
vt 0.88265002 0.26363000
vt 0.87019002 0.30351999
vt 0.86356997 0.31442001
vt 0.88086998 0.31917000
vt 0.32393000 0.31354001
vt 0.87238002 0.32844999
vt 0.86387002 0.33498999
vt 0.86812001 0.35971001
vt 0.86988002 0.35003000
vt 0.38361999 0.30645001
vt 0.87612998 0.37303999
vt 0.87511998 0.37404001
vt 0.87629002 0.37428999
vt 0.38767001 0.31064999
vt 0.29118001 0.25216001
vt 0.29585001 0.24169999
vt 0.04278000 0.70858997
vt 0.66279000 0.40843001
vt 0.66069001 0.41345000
vt 0.65605003 0.41751000
vt 0.66997999 0.63101000
vt 0.04130000 0.31485000
vt 0.05075000 0.30921999
vt 0.04992000 0.99226999
vt 0.04995000 0.98938000
vt 0.04986000 0.98471999
vt 0.04993000 0.97975999
vt 0.04978000 0.97428000
vt 0.04799000 0.97185999
vt 0.04968000 0.96524000
vt 0.04840000 0.95252001
vt 0.04881000 0.95006001
vt 0.04796000 0.95153999
vt 0.04804000 0.94683999
vt 0.04978000 0.94615000
vt 0.04815000 0.92839998
vt 0.04970000 0.92747998
vt 0.04961000 0.91402000
vt 0.04813000 0.91460001
vt 0.04955000 0.90278000
vt 0.04823000 0.89893001
vt 0.04996000 0.88753003
vt 0.04827000 0.87673998
vt 0.94972003 0.02708000
vt 0.95829999 0.02660000
vt 0.94894999 0.02658000
vt 0.96193999 0.02720000
vt 0.04853000 0.86694998
vt 0.04807000 0.86312002
vt 0.04949000 0.86195999
vt 0.04939000 0.84807998
vt 0.04802000 0.84094000
vt 0.04939000 0.82495999
vt 0.04775000 0.82489997
vt 0.04732000 0.82380003
vt 0.11333000 0.31382000
vt 0.39436999 0.15013000
vt 0.39438000 0.12569000
vt 0.39921999 0.15612000
vt 0.39488000 0.16730000
vt 0.39524001 0.17117999
vt 0.39535999 0.25338000
vt 0.40103999 0.25845999
vt 0.39445001 0.25929999
vt 0.39456001 0.27880999
vt 0.39469001 0.33333001
vt 0.39984000 0.34663999
vt 0.39532000 0.34301999
vt 0.36140001 0.31298000
vt 0.37706000 0.31312999
vt 0.39133999 0.31428000
vt 0.38931999 0.31463000
vt 0.29091999 0.24950001
vt 0.29218999 0.21252000
vt 0.29076001 0.18877000
vt 0.28783000 0.13336000
vt 0.29058000 0.10780000
vt 0.29330999 0.09171000
vt 0.98209000 0.43373001
vt 0.98255998 0.44400001
vt 0.98756999 0.44459999
vt 0.66000998 0.43015999
vt 0.67905003 0.43040001
vt 0.66966999 0.43066001
vt 0.05259000 0.95406997
vt 0.05285000 0.94358999
vt 0.05251000 0.93001002
vt 0.05306000 0.90316999
vt 0.05493000 0.87590998
vt 0.05254000 0.85061002
vt 0.05259000 0.83696002
vt 0.13348000 0.31457999
vt 0.16604000 0.31613001
vt 0.26841000 0.31615001
vt 0.40029001 0.28716001
vt 0.40414000 0.29761001
vt 0.39974001 0.31731001
vt 0.34505999 0.31463999
vt 0.40379000 0.37705001
vt 0.39651999 0.36785999
vt 0.38345999 0.31637999
vt 0.96138000 0.99844003
vt 0.95942003 0.99944001
vt 0.96147001 0.99945003
vt 0.96135998 0.83578998
vt 0.96636999 0.83121997
vt 0.96498001 0.82998002
vt 0.11178000 0.78741997
vt 0.11006000 0.77811003
vt 0.12678000 0.78092998
vt 0.66246998 0.60873997
vt 0.66509002 0.61598003
vt 0.66756999 0.62782001
vt 0.04670000 0.32951999
vt 0.05976000 0.99229002
vt 0.06431000 0.98964000
vt 0.06088000 0.98649001
vt 0.05549000 0.98088002
vt 0.05570000 0.96781999
vt 0.05607000 0.95832998
vt 0.05620000 0.94436997
vt 0.05449000 0.32517999
vt 0.05689000 0.93053001
vt 0.05620000 0.89709997
vt 0.05783000 0.86440003
vt 0.06009000 0.85732001
vt 0.05913000 0.83824998
vt 0.05867000 0.82850999
vt 0.05815000 0.82494998
vt 0.06081000 0.82359999
vt 0.06583000 0.31751001
vt 0.08488000 0.31874001
vt 0.14698000 0.31772000
vt 0.20355999 0.31775999
vt 0.24257000 0.31773001
vt 0.29730001 0.31773001
vt 0.38556999 0.32020000
vt 0.28516999 0.23139000
vt 0.28312999 0.16068999
vt 0.28198999 0.07666000
vt 0.66119999 0.43074000
vt 0.06236000 0.97771001
vt 0.06351000 0.95146000
vt 0.06099000 0.93352997
vt 0.05890000 0.91478997
vt 0.06153000 0.90679997
vt 0.05906000 0.87721002
vt 0.11000000 0.32102999
vt 0.13248999 0.31992999
vt 0.15995000 0.32796001
vt 0.18773000 0.32337999
vt 0.32506999 0.32414001
vt 0.35055000 0.32448000
vt 0.36294001 0.32896999
vt 0.37248999 0.32332999
vt 0.94919997 0.83249998
vt 0.94940001 0.83506000
vt 0.28558001 0.08607000
vt 0.28040001 0.07440000
vt 0.28106999 0.07338000
vt 0.02720000 0.72772998
vt 0.06797000 0.96801001
vt 0.07239000 0.92666000
vt 0.07314000 0.91841000
vt 0.06744000 0.89480001
vt 0.06865000 0.88108999
vt 0.07290000 0.83412999
vt 0.07292000 0.32659999
vt 0.11314000 0.32892001
vt 0.14598000 0.33227000
vt 0.17996000 0.33801001
vt 0.21255000 0.33480999
vt 0.23151000 0.33790001
vt 0.24687999 0.33230001
vt 0.26953000 0.32999000
vt 0.30070001 0.33026001
vt 0.38310000 0.33149999
vt 0.38940001 0.32499000
vt 0.27886999 0.24245000
vt 0.26747999 0.22296000
vt 0.27792999 0.20709001
vt 0.28086001 0.18031000
vt 0.27781001 0.14530000
vt 0.27581999 0.11631000
vt 0.27487001 0.10097000
vt 0.03511000 0.73124999
vt 0.04117000 0.32508001
vt 0.04132000 0.32374999
vt 0.04243000 0.32499000
vt 0.06478000 0.99208999
vt 0.07019000 0.97931999
vt 0.07336000 0.94744003
vt 0.06897000 0.86228001
vt 0.09323000 0.33418000
vt 0.12781000 0.34333000
vt 0.26815999 0.25207999
vt 0.98747998 0.46708000
vt 0.04274000 0.32844001
vt 0.04114000 0.32846001
vt 0.64586002 0.61571997
vt 0.64473999 0.61756998
vt 0.64244002 0.63099003
vt 0.06593000 0.99109000
vt 0.07095000 0.98831999
vt 0.07332000 0.93186003
vt 0.38587001 0.33704001
vt 0.39304000 0.33897999
vt 0.26914001 0.25253999
vt 0.26780000 0.08316000
vt 0.64253998 0.42407000
vt 0.65676999 0.43004000
vt 0.64291000 0.62345999
vt 0.05084000 0.34118000
vt 0.07477000 0.89956999
vt 0.07456000 0.84437001
vt 0.32944000 0.33449000
vt 0.34845001 0.33647999
vt 0.41520000 0.38552001
vt 0.42372000 0.37358999
vt 0.44012001 0.38536999
vt 0.38951001 0.34242001
vt 0.02599000 0.72807997
vt 0.64630997 0.40841001
vt 0.64495999 0.40805000
vt 0.64175999 0.41352001
vt 0.64551997 0.62797999
vt 0.63168001 0.63257003
vt 0.07202000 0.99167001
vt 0.08432000 0.99005997
vt 0.07826000 0.96963000
vt 0.07566000 0.96180999
vt 0.07572000 0.90942001
vt 0.07735000 0.88362002
vt 0.07588000 0.86497003
vt 0.08312000 0.82484001
vt 0.08416000 0.35238999
vt 0.36919001 0.34336999
vt 0.39151999 0.34112000
vt 0.26409000 0.17596000
vt 0.26256001 0.16219001
vt 0.25687000 0.14394000
vt 0.26095000 0.12527999
vt 0.26899999 0.07676000
vt 0.04269000 0.73228002
vt 0.08494000 0.98816001
vt 0.08207000 0.97670001
vt 0.08269000 0.95550001
vt 0.08064000 0.82357001
vt 0.31762999 0.34998000
vt 0.33287999 0.35156000
vt 0.38295001 0.34241000
vt 0.92976999 0.83385003
vt 0.25632000 0.24177000
vt 0.26023000 0.23480999
vt 0.26574001 0.19258000
vt 0.26300001 0.07341000
vt 0.63597000 0.60877001
vt 0.04273000 0.35216999
vt 0.08751000 0.93357003
vt 0.08529000 0.91942000
vt 0.05984000 0.34638000
vt 0.08857000 0.87572002
vt 0.09911000 0.84926999
vt 0.08978000 0.86322999
vt 0.09272000 0.83657002
vt 0.19391000 0.34467000
vt 0.24384999 0.35371000
vt 0.35009000 0.35664999
vt 0.36175001 0.35558999
vt 0.92978001 0.83582997
vt 0.25711000 0.24883001
vt 0.26032999 0.21094000
vt 0.25468999 0.09048000
vt 0.25059000 0.07438000
vt 0.98241001 0.48651999
vt 0.63354999 0.41744000
vt 0.08694000 0.94400001
vt 0.08526000 0.90815997
vt 0.08567000 0.89462000
vt 0.09058000 0.88505000
vt 0.16460000 0.35262999
vt 0.25775999 0.35540000
vt 0.27950999 0.35396001
vt 0.02896000 0.73926997
vt 0.63350999 0.43004000
vt 0.04114000 0.35293999
vt 0.09300000 0.99184000
vt 0.08996000 0.90235001
vt 0.12551001 0.35685000
vt 0.38784000 0.34801999
vt 0.03947000 0.74592000
vt 0.62924999 0.41025999
vt 0.09232000 0.97691000
vt 0.09039000 0.95547003
vt 0.10029000 0.91917002
vt 0.09748000 0.82880998
vt 0.38325000 0.35346001
vt 0.38575000 0.35383999
vt 0.39116001 0.36449000
vt 0.39302999 0.36035001
vt 0.24887000 0.25259000
vt 0.24438000 0.25207999
vt 0.62478000 0.40856999
vt 0.09439000 0.96126002
vt 0.09743000 0.82340997
vt 0.14881000 0.36160001
vt 0.21882001 0.35831001
vt 0.38923001 0.35595000
vt 0.24799000 0.19295999
vt 0.16373999 0.78896999
vt 0.13548000 0.78762001
vt 0.15778001 0.77914000
vt 0.62235999 0.61379999
vt 0.62194002 0.61583000
vt 0.04275000 0.36309999
vt 0.10026000 0.98826998
vt 0.09760000 0.94305998
vt 0.09663000 0.89451998
vt 0.10442000 0.82473999
vt 0.05873000 0.36199999
vt 0.18226001 0.36651000
vt 0.28727999 0.36471000
vt 0.37279999 0.36342001
vt 0.90587002 0.83377999
vt 0.23875999 0.22806001
vt 0.23992001 0.17391001
vt 0.24293000 0.10693000
vt 0.04258000 0.75494999
vt 0.02608000 0.75364000
vt 0.62062001 0.40831000
vt 0.62351000 0.41345000
vt 0.62190002 0.62787998
vt 0.11478000 0.98975998
vt 0.09958000 0.96859002
vt 0.10594000 0.92216998
vt 0.10496000 0.91334999
vt 0.10589000 0.87755001
vt 0.19843000 0.36412001
vt 0.38773000 0.36090001
vt 0.17332999 0.78189999
vt 0.60294002 0.42420000
vt 0.62239999 0.63106000
vt 0.10270000 0.97983003
vt 0.10462000 0.95695001
vt 0.10477000 0.90774000
vt 0.10459000 0.89752001
vt 0.10481000 0.88292998
vt 0.10663000 0.86789000
vt 0.10213000 0.37140000
vt 0.12553000 0.37512001
vt 0.23325001 0.36978999
vt 0.25356001 0.37160000
vt 0.38576999 0.37494999
vt 0.23474000 0.25014001
vt 0.23444000 0.21437000
vt 0.23429000 0.07680000
vt 0.03478000 0.75997001
vt 0.61892998 0.60881001
vt 0.11370000 0.85868001
vt 0.07826000 0.37915000
vt 0.16204999 0.37114000
vt 0.30838001 0.37268999
vt 0.38338000 0.37709001
vt 0.88870001 0.83598000
vt 0.24041000 0.14176001
vt 0.22278000 0.07340000
vt 0.59968001 0.41378000
vt 0.11513000 0.98803997
vt 0.10791000 0.94329000
vt 0.10384000 0.93941998
vt 0.11020000 0.88616002
vt 0.12425000 0.87067997
vt 0.11610000 0.82811999
vt 0.33436999 0.37268999
vt 0.36581001 0.37654001
vt 0.23480000 0.20311999
vt 0.23089001 0.12983000
vt 0.23090000 0.08369000
vt 0.11488000 0.97095001
vt 0.11278000 0.96082002
vt 0.11168000 0.84287000
vt 0.11630000 0.83721000
vt 0.06219000 0.38424000
vt 0.44689000 0.37441999
vt 0.46860000 0.37255999
vt 0.38924000 0.38084999
vt 0.22899000 0.24109000
vt 0.02607000 0.76846999
vt 0.04114000 0.38104999
vt 0.60951000 0.62777001
vt 0.60754001 0.61578000
vt 0.11518000 0.92056000
vt 0.04995000 0.38202000
vt 0.11525000 0.90802997
vt 0.11359000 0.89199001
vt 0.14269000 0.38196999
vt 0.37700999 0.38270000
vt 0.04078000 0.77108997
vt 0.60430002 0.63112998
vt 0.60630000 0.63260001
vt 0.11733000 0.99191999
vt 0.11307000 0.94250000
vt 0.11524000 0.91241002
vt 0.12011000 0.82334000
vt 0.19527000 0.38137001
vt 0.21466000 0.37882000
vt 0.26598999 0.38236001
vt 0.35771000 0.39537999
vt 0.47486001 0.38503000
vt 0.38799000 0.38609001
vt 0.22303000 0.19390000
vt 0.21483999 0.16141000
vt 0.22425000 0.11464000
vt 0.14429000 0.26899999
vt 0.14159000 0.27023000
vt 0.14155000 0.26794001
vt 0.13976000 0.26684999
vt 0.14007001 0.27017999
vt 0.14121000 0.27206999
vt 0.17727999 0.73297000
vt 0.17857000 0.73479998
vt 0.17806999 0.73518002
vt 0.59930998 0.41036001
vt 0.60681999 0.42991999
vt 0.04275000 0.38589001
vt 0.11945000 0.87795001
vt 0.12359000 0.84868002
vt 0.16481000 0.38635999
vt 0.28099000 0.38642001
vt 0.32800999 0.38169000
vt 0.39131999 0.38732001
vt 0.39302000 0.38613999
vt 0.22440000 0.25253999
vt 0.22473000 0.10075000
vt 0.16821000 0.26574001
vt 0.16662000 0.26756999
vt 0.16689000 0.26460999
vt 0.16835999 0.26916999
vt 0.16706000 0.26955000
vt 0.16621000 0.26258999
vt 0.16434000 0.26464000
vt 0.16449000 0.26247999
vt 0.16424000 0.26762000
vt 0.16433001 0.26988000
vt 0.16622999 0.27017999
vt 0.15985000 0.26241001
vt 0.16020000 0.26464999
vt 0.16047999 0.26769999
vt 0.16095001 0.26997000
vt 0.15573999 0.26445001
vt 0.15490000 0.26214001
vt 0.15507001 0.26774999
vt 0.15553001 0.27026999
vt 0.15181001 0.26372999
vt 0.15256000 0.27059999
vt 0.14929000 0.26750001
vt 0.14892000 0.27023000
vt 0.65390998 0.53478003
vt 0.65306997 0.53191000
vt 0.65483999 0.53109002
vt 0.14571001 0.26718000
vt 0.14553000 0.26333001
vt 0.14555000 0.27011999
vt 0.65574998 0.52765000
vt 0.65375000 0.52661997
vt 0.14165001 0.26528001
vt 0.14173999 0.26238999
vt 0.65465999 0.52298999
vt 0.65596002 0.52411997
vt 0.14019001 0.26445001
vt 0.13997000 0.26198000
vt 0.60329998 0.60883999
vt 0.60650998 0.40838999
vt 0.12478000 0.98623002
vt 0.12639000 0.97733998
vt 0.12660000 0.96279001
vt 0.12296000 0.94398999
vt 0.12341000 0.86325002
vt 0.12925000 0.85518998
vt 0.12738000 0.40246999
vt 0.14565000 0.39930001
vt 0.17673001 0.39179999
vt 0.24335000 0.38619000
vt 0.21729000 0.25209001
vt 0.22138999 0.22595000
vt 0.16814999 0.26326001
vt 0.51020002 0.95558000
vt 0.50942999 0.95797998
vt 0.50875002 0.95677000
vt 0.50783998 0.95852000
vt 0.50893998 0.96016002
vt 0.16475999 0.26067999
vt 0.16752000 0.26119000
vt 0.16692001 0.25911999
vt 0.16500001 0.25894001
vt 0.16168000 0.25986001
vt 0.16271999 0.25849000
vt 0.15891001 0.25990000
vt 0.65202999 0.54167002
vt 0.65210998 0.54869998
vt 0.65057999 0.53856999
vt 0.37068000 0.24722999
vt 0.37437999 0.24976000
vt 0.37360001 0.24739000
vt 0.65265000 0.53596997
vt 0.37704000 0.24803001
vt 0.65148997 0.53443003
vt 0.14940999 0.26170000
vt 0.37979001 0.24973001
vt 0.37998000 0.24761000
vt 0.14540000 0.25979000
vt 0.38260001 0.24695000
vt 0.38385001 0.24817000
vt 0.14205000 0.25914001
vt 0.14071000 0.25854999
vt 0.19021000 0.78038001
vt 0.18129000 0.78732002
vt 0.03476000 0.78538001
vt 0.03855000 0.80689001
vt 0.03087000 0.77778000
vt 0.59986001 0.40871000
vt 0.58903998 0.61922997
vt 0.13824999 0.97125000
vt 0.12491000 0.93146002
vt 0.12482000 0.89111000
vt 0.14044000 0.83955002
vt 0.05562000 0.40830001
vt 0.21510001 0.39936000
vt 0.37132001 0.39432001
vt 0.88191998 0.83405000
vt 0.20960000 0.09372000
vt 0.50670999 0.95977002
vt 0.36300999 0.24541999
vt 0.36484000 0.24569000
vt 0.36489001 0.24394000
vt 0.36706001 0.24556001
vt 0.36763000 0.24344000
vt 0.36800000 0.24687999
vt 0.36897999 0.24401000
vt 0.37090001 0.24401000
vt 0.37388000 0.24399000
vt 0.37687999 0.24383000
vt 0.38027000 0.24466000
vt 0.38280001 0.24521001
vt 0.38512999 0.24435000
vt 0.38721001 0.24888000
vt 0.38823000 0.24559000
vt 0.38863000 0.24947999
vt 0.38975999 0.24586000
vt 0.04260000 0.78597999
vt 0.58424997 0.42991000
vt 0.59454000 0.62778997
vt 0.13375001 0.98812002
vt 0.12700000 0.92295998
vt 0.12786999 0.91262001
vt 0.12458000 0.90625000
vt 0.14113000 0.82457000
vt 0.10005000 0.38953000
vt 0.10410000 0.40812999
vt 0.30528000 0.39477000
vt 0.33482999 0.39862001
vt 0.38569000 0.39697000
vt 0.21287000 0.24883001
vt 0.20213000 0.08105000
vt 0.36313999 0.23831999
vt 0.36908001 0.24130000
vt 0.37162000 0.24105000
vt 0.37426001 0.24161001
vt 0.37580001 0.24189000
vt 0.58670998 0.00723000
vt 0.58757001 0.01265000
vt 0.58848000 0.00894000
vt 0.58924001 0.01236000
vt 0.58990997 0.01696000
vt 0.59230000 0.01595000
vt 0.59085000 0.01337000
vt 0.59309000 0.01765000
vt 0.18950000 0.61724001
vt 0.19934000 0.62633997
vt 0.18306001 0.63055998
vt 0.58622998 0.61598998
vt 0.04119000 0.40482000
vt 0.13235000 0.98983997
vt 0.13049001 0.90714997
vt 0.13316000 0.88461000
vt 0.13461000 0.87689000
vt 0.13849001 0.82810003
vt 0.07745000 0.40795001
vt 0.38313001 0.39396000
vt 0.38953999 0.39423001
vt 0.20595001 0.24254000
vt 0.20545000 0.20749000
vt 0.20965999 0.17918999
vt 0.20802000 0.14455000
vt 0.36747000 0.23804000
vt 0.36930999 0.23848000
vt 0.37151000 0.23849000
vt 0.02896000 0.13060001
vt 0.03042000 0.13143000
vt 0.03090000 0.12829000
vt 0.02168000 0.13041000
vt 0.02418000 0.13028000
vt 0.02238000 0.12815000
vt 0.02462000 0.12839000
vt 0.02693000 0.13127001
vt 0.02674000 0.12847000
vt 0.59237999 0.42322001
vt 0.58829999 0.63257998
vt 0.04969000 0.40632999
vt 0.13189000 0.99199998
vt 0.13704000 0.95679998
vt 0.13437000 0.91038001
vt 0.13988000 0.87393999
vt 0.13572000 0.86251003
vt 0.06389000 0.40490001
vt 0.24569000 0.40095001
vt 0.26693001 0.40031001
vt 0.28534999 0.39958000
vt 0.87790000 0.83589000
vt 0.20282000 0.23649000
vt 0.20150000 0.07444000
vt 0.50085998 0.95418000
vt 0.50656003 0.95806003
vt 0.49500000 0.95796001
vt 0.36535999 0.22691999
vt 0.36943999 0.23309000
vt 0.37143001 0.23445000
vt 0.02270000 0.12428000
vt 0.02481000 0.12451000
vt 0.02673000 0.12385000
vt 0.02584000 0.78683001
vt 0.58538002 0.60892999
vt 0.02576000 0.77546000
vt 0.02554000 0.80072999
vt 0.57582003 0.40871999
vt 0.04273000 0.40663001
vt 0.47810999 0.04504000
vt 0.47623000 0.04471000
vt 0.48356000 0.04443000
vt 0.13447000 0.94853002
vt 0.13668001 0.94256002
vt 0.13617000 0.92207998
vt 0.13830000 0.89607000
vt 0.20596001 0.22189000
vt 0.36759999 0.22788000
vt 0.03073000 0.12361000
vt 0.58589000 0.63104999
vt 0.14139999 0.93759000
vt 0.14546999 0.86773998
vt 0.18580000 0.40481001
vt 0.38749999 0.40775001
vt 0.39142001 0.40717000
vt 0.48177999 0.95635003
vt 0.36344001 0.22262000
vt 0.36961001 0.22666000
vt 0.37143999 0.22735000
vt 0.02672000 0.11555000
vt 0.02505000 0.11740000
vt 0.02306000 0.11736000
vt 0.20468999 0.77524000
vt 0.20148000 0.78369999
vt 0.04070000 0.80786997
vt 0.57694000 0.41339999
vt 0.58095002 0.62805998
vt 0.14406000 0.99021000
vt 0.14001000 0.99216998
vt 0.14527000 0.98817003
vt 0.14155000 0.85276002
vt 0.14337000 0.82313001
vt 0.16720000 0.41247001
vt 0.29919001 0.40874001
vt 0.38326001 0.40808001
vt 0.38933000 0.40796000
vt 0.19826999 0.11538000
vt 0.20196000 0.07673000
vt 0.03058000 0.10905000
vt 0.57678002 0.41038999
vt 0.57780999 0.42280999
vt 0.49037001 0.04475000
vt 0.14743000 0.92271000
vt 0.14774001 0.90925997
vt 0.14884000 0.88782001
vt 0.14594001 0.89513999
vt 0.15331000 0.88031000
vt 0.27932999 0.41158000
vt 0.35695001 0.41069001
vt 0.37197000 0.40808001
vt 0.18521000 0.19931000
vt 0.19584000 0.18892001
vt 0.19395000 0.07339000
vt 0.47341999 0.95797998
vt 0.37143001 0.21551999
vt 0.02313000 0.10571000
vt 0.02507000 0.10752000
vt 0.14910001 0.98035002
vt 0.15028000 0.96034998
vt 0.14911000 0.94726998
vt 0.15782000 0.83137000
vt 0.33939999 0.41268000
vt 0.39302000 0.42666000
vt 0.18595999 0.25255999
vt 0.03451000 0.80572999
vt 0.55475998 0.61615002
vt 0.55562001 0.62774998
vt 0.15092000 0.93642998
vt 0.16003001 0.84320003
vt 0.15892000 0.85329998
vt 0.08853000 0.41866001
vt 0.24922000 0.41648000
vt 0.26899999 0.41786999
vt 0.38562000 0.42923999
vt 0.18639000 0.17129999
vt 0.36576000 0.21208000
vt 0.02671000 0.10290000
vt 0.04259000 0.80978000
vt 0.04272000 0.43717000
vt 0.55273998 0.63103002
vt 0.15552001 0.96733999
vt 0.15513000 0.95196003
vt 0.16529000 0.86442000
vt 0.16202000 0.83715999
vt 0.16978000 0.82450002
vt 0.14759000 0.43634000
vt 0.13163000 0.43979001
vt 0.19155000 0.41813999
vt 0.21404999 0.41885999
vt 0.33476999 0.42653000
vt 0.36452001 0.41749999
vt 0.37332001 0.42605001
vt 0.18437999 0.25207001
vt 0.17292000 0.21235000
vt 0.18444000 0.14653000
vt 0.18562999 0.12819999
vt 0.19181000 0.09609000
vt 0.36379001 0.20987999
vt 0.36796999 0.21198000
vt 0.62375998 0.54536003
vt 0.62720001 0.54670000
vt 0.61764997 0.54699999
vt 0.61708999 0.54544997
vt 0.36995000 0.20892000
vt 0.02535000 0.10369000
vt 0.55528998 0.61795002
vt 0.17259000 0.99239999
vt 0.51770002 0.04418000
vt 0.11840000 0.43303001
vt 0.29580000 0.42267001
vt 0.34944001 0.42998999
vt 0.49427000 0.38651001
vt 0.51846999 0.37735999
vt 0.37997001 0.42688999
vt 0.38714999 0.43316001
vt 0.56037998 0.60894001
vt 0.55848998 0.41378999
vt 0.17327000 0.98786998
vt 0.15978000 0.97482002
vt 0.16192999 0.91610003
vt 0.15932000 0.92449999
vt 0.16662000 0.91074002
vt 0.16406000 0.90167999
vt 0.16841000 0.89385003
vt 0.16921000 0.87134999
vt 0.06551000 0.43272999
vt 0.18490000 0.42846999
vt 0.23972000 0.42511001
vt 0.31360999 0.44088000
vt 0.18483000 0.22499000
vt 0.02854000 0.09876000
vt 0.02633000 0.09243000
vt 0.02473000 0.09343000
vt 0.55649000 0.41036999
vt 0.55887997 0.63260001
vt 0.05067000 0.43408000
vt 0.15863000 0.94195002
vt 0.26093000 0.43270001
vt 0.38335001 0.44395000
vt 0.38947999 0.42908001
vt 0.39146999 0.42907000
vt 0.18589000 0.24002001
vt 0.36403000 0.19730000
vt 0.36605000 0.19848999
vt 0.37189001 0.19983999
vt 0.02337000 0.09011000
vt 0.54211998 0.42078999
vt 0.17174000 0.98923999
vt 0.17445000 0.98025000
vt 0.16320001 0.95412999
vt 0.16809000 0.93726999
vt 0.16793001 0.82742000
vt 0.07947000 0.43627000
vt 0.09924000 0.43626001
vt 0.16351999 0.43630001
vt 0.21086000 0.43180001
vt 0.36267000 0.43724000
vt 0.53595001 0.38266000
vt 0.86040998 0.98898000
vt 0.86532003 0.98389000
vt 0.83611000 0.98670000
vt 0.84140003 0.83252001
vt 0.17859000 0.18163000
vt 0.16927999 0.09393000
vt 0.36842999 0.19330999
vt 0.59667999 0.54536003
vt 0.02864000 0.09021000
vt 0.03500000 0.83192003
vt 0.02559000 0.82018000
vt 0.02537000 0.83181000
vt 0.54624999 0.40874001
vt 0.53913999 0.42390999
vt 0.54145002 0.42993000
vt 0.04118000 0.44993001
vt 0.17308000 0.94573998
vt 0.17367999 0.92262000
vt 0.17111000 0.82308000
vt 0.26914001 0.44110999
vt 0.28668001 0.44236001
vt 0.83130002 0.83534998
vt 0.17173000 0.16078000
vt 0.59976000 0.54694998
vt 0.37046000 0.19171999
vt 0.02505000 0.08051000
vt 0.22157000 0.77881998
vt 0.22618000 0.76880002
vt 0.04060000 0.83460999
vt 0.03764000 0.83332998
vt 0.17196000 0.96731001
vt 0.17282000 0.93011999
vt 0.17493001 0.88233000
vt 0.17173000 0.24492000
vt 0.15751000 0.23523000
vt 0.15345000 0.22646999
vt 0.16576000 0.08066000
vt 0.16676000 0.07676000
vt 0.13797000 0.07437000
vt 0.44119000 0.95627999
vt 0.45444000 0.95788997
vt 0.02645000 0.08465000
vt 0.02833000 0.08400000
vt 0.04251000 0.83446997
vt 0.17646000 0.95576000
vt 0.05664000 0.44949001
vt 0.24150001 0.44132999
vt 0.37217000 0.18738000
vt 0.02301000 0.07768000
vt 0.18088000 0.87559998
vt 0.17926000 0.86364001
vt 0.17481001 0.85536999
vt 0.17735000 0.83298999
vt 0.19290000 0.43979001
vt 0.35528001 0.45071000
vt 0.39160001 0.45173001
vt 0.16283999 0.14393000
vt 0.02665000 0.08016000
vt 0.02557000 0.83208001
vt 0.54044002 0.41381001
vt 0.54093999 0.63261998
vt 0.17973000 0.97855997
vt 0.18885000 0.92250001
vt 0.17993000 0.90862000
vt 0.22871000 0.45131999
vt 0.33133999 0.45315000
vt 0.38586000 0.45149001
vt 0.16005000 0.25204000
vt 0.16202000 0.18869001
vt 0.36453000 0.18235999
vt 0.36653000 0.17957000
vt 0.58705997 0.54676998
vt 0.37037000 0.18605000
vt 0.02485000 0.07537000
vt 0.53622001 0.61075002
vt 0.53570002 0.61606002
vt 0.17956001 0.98927999
vt 0.52588999 0.04468000
vt 0.52881002 0.04428000
vt 0.19027001 0.93465000
vt 0.18131000 0.89161998
vt 0.18460000 0.84521002
vt 0.19468001 0.82735997
vt 0.18040000 0.44865999
vt 0.17050000 0.45552999
vt 0.21149001 0.44755000
vt 0.34466001 0.45692000
vt 0.37005001 0.45124999
vt 0.37878001 0.45217001
vt 0.16023000 0.16946000
vt 0.36853999 0.17806999
vt 0.37241000 0.17944001
vt 0.02291000 0.06972000
vt 0.02659000 0.06692000
vt 0.53856999 0.60891998
vt 0.53930998 0.41046000
vt 0.04273000 0.45034000
vt 0.54175001 0.62778002
vt 0.18211000 0.99198997
vt 0.18781000 0.97057998
vt 0.18749000 0.94274998
vt 0.18909000 0.89602000
vt 0.18877999 0.87397999
vt 0.18998000 0.82305998
vt 0.06527000 0.46403000
vt 0.52688003 0.18515000
vt 0.52728999 0.19924000
vt 0.52674001 0.20006000
vt 0.19346000 0.44951001
vt 0.52675003 0.24408001
vt 0.52749997 0.24561000
vt 0.52706999 0.25644001
vt 0.52560002 0.25951999
vt 0.52630001 0.26789999
vt 0.39315999 0.45383000
vt 0.16018000 0.25244999
vt 0.37053999 0.17741001
vt 0.02484000 0.06695000
vt 0.18957999 0.98807001
vt 0.19292000 0.96170002
vt 0.19067000 0.90952998
vt 0.08264000 0.45883000
vt 0.52867001 0.20151000
vt 0.25299001 0.45622000
vt 0.29872000 0.46011999
vt 0.38959000 0.45411000
vt 0.15096000 0.12858000
vt 0.43827000 0.95798999
vt 0.58017999 0.54522002
vt 0.04850000 0.45807001
vt 0.19086000 0.98273998
vt 0.19447000 0.94813001
vt 0.19107001 0.85688001
vt 0.19246000 0.83633000
vt 0.10023000 0.46105999
vt 0.53653002 0.19765000
vt 0.52881998 0.23225001
vt 0.54255998 0.22251999
vt 0.53481001 0.23333000
vt 0.38325000 0.46746001
vt 0.81873000 0.83238000
vt 0.15553001 0.10405000
vt 0.52130997 0.41618001
vt 0.20827000 0.97804999
vt 0.19324000 0.86363000
vt 0.19957000 0.83216000
vt 0.07307000 0.48102000
vt 0.18470000 0.46485999
vt 0.21101999 0.45839000
vt 0.36390999 0.45877001
vt 0.15432000 0.24533001
vt 0.36495000 0.16498999
vt 0.56975001 0.54666001
vt 0.03432000 0.86545998
vt 0.02578000 0.86058998
vt 0.04275000 0.46970999
vt 0.51870000 0.62779999
vt 0.53759003 0.04457000
vt 0.20067000 0.84495997
vt 0.27491000 0.46562001
vt 0.14284000 0.16382000
vt 0.14968000 0.08564000
vt 0.13804001 0.07335000
vt 0.36708000 0.15657000
vt 0.36884999 0.16414000
vt 0.37079999 0.16551000
vt 0.37283000 0.16482000
vt 0.02295000 0.05504000
vt 0.02487000 0.05118000
vt 0.02554000 0.86071998
vt 0.51874000 0.40875000
vt 0.51894999 0.41345000
vt 0.51735002 0.42991999
vt 0.51937997 0.61815000
vt 0.51655000 0.63261998
vt 0.20420000 0.99006999
vt 0.20608000 0.99176002
vt 0.19830000 0.92545003
vt 0.19538000 0.88310999
vt 0.20255999 0.86962998
vt 0.21408001 0.82441998
vt 0.15972000 0.46836001
vt 0.23693000 0.46829000
vt 0.37286001 0.46722001
vt 0.13751000 0.24491000
vt 0.14929000 0.20104000
vt 0.13862000 0.10264000
vt 0.02669000 0.05015000
vt 0.03755000 0.86768001
vt 0.52007002 0.42420000
vt 0.04115000 0.47533000
vt 0.21143000 0.90855998
vt 0.20321000 0.89718997
vt 0.20359001 0.89002001
vt 0.20299000 0.87511998
vt 0.13270000 0.47588000
vt 0.34755000 0.47115001
vt 0.35978001 0.46893001
vt 0.38978001 0.48653999
vt 0.39319000 0.48146001
vt 0.13397001 0.25244999
vt 0.13891999 0.21698999
vt 0.13785000 0.07663000
vt 0.56700999 0.54518002
vt 0.04068000 0.87019998
vt 0.51967001 0.60892999
vt 0.55298001 0.04413000
vt 0.56045002 0.04464000
vt 0.21141000 0.98565000
vt 0.20626000 0.95447999
vt 0.20325001 0.96287000
vt 0.20468999 0.93401003
vt 0.04887000 0.47308999
vt 0.09517000 0.48552001
vt 0.19813000 0.47330001
vt 0.21870001 0.48697001
vt 0.29352000 0.48176000
vt 0.31592000 0.47722000
vt 0.36388001 0.47519001
vt 0.38576999 0.48116001
vt 0.14076000 0.18855000
vt 0.14298999 0.14449000
vt 0.41027001 0.95775998
vt 0.41883999 0.95640999
vt 0.36515999 0.15318000
vt 0.37110001 0.15761000
vt 0.04251000 0.87900001
vt 0.51801002 0.61082000
vt 0.52008998 0.61619002
vt 0.51868999 0.41038001
vt 0.20976000 0.98856997
vt 0.20592999 0.86161000
vt 0.21193001 0.82299000
vt 0.33805999 0.48427001
vt 0.38341999 0.47903001
vt 0.13458000 0.25205001
vt 0.12658000 0.21417999
vt 0.13911000 0.11955000
vt 0.36908001 0.15587001
vt 0.55908000 0.54688001
vt 0.37303999 0.15688001
vt 0.02309000 0.04705000
vt 0.02518000 0.04518000
vt 0.02672000 0.04583000
vt 0.21177000 0.94647998
vt 0.21200000 0.93857002
vt 0.21112999 0.92190999
vt 0.05263000 0.48197001
vt 0.27526999 0.47882000
vt 0.39171001 0.48365000
vt 0.12471000 0.20208000
vt 0.37090999 0.15093000
vt 0.51639998 0.41674000
vt 0.51661003 0.42091000
vt 0.21398000 0.87966001
vt 0.21354000 0.85273999
vt 0.21615000 0.84337997
vt 0.22446001 0.83824998
vt 0.21596999 0.83129001
vt 0.25712001 0.48923001
vt 0.35216999 0.49114001
vt 0.37103999 0.48282000
vt 0.79233003 0.83569002
vt 0.12631001 0.15857001
vt 0.12404000 0.13514000
vt 0.13440999 0.12986000
vt 0.36734000 0.14489000
vt 0.36899000 0.14810000
vt 0.55675000 0.54544002
vt 0.37312999 0.14827999
vt 0.02650000 0.04301000
vt 0.02834000 0.04420000
vt 0.02870000 0.04079000
vt 0.02616000 0.04069000
vt 0.02424000 0.03806000
vt 0.02377000 0.03838000
vt 0.02618000 0.87128001
vt 0.51315999 0.42750001
vt 0.04275000 0.48726001
vt 0.21531001 0.97398001
vt 0.21291000 0.89038002
vt 0.21450999 0.89859003
vt 0.16653000 0.48153001
vt 0.37753001 0.49089000
vt 0.78978997 0.83305001
vt 0.12406000 0.23011000
vt 0.12725000 0.09058000
vt 0.36539999 0.14477000
vt 0.02871000 0.03757000
vt 0.02590000 0.03745000
vt 0.49585000 0.60887998
vt 0.50869000 0.40842000
vt 0.50506997 0.40869001
vt 0.50866997 0.42998001
vt 0.04109000 0.48449001
vt 0.56387001 0.04418000
vt 0.22214000 0.94171000
vt 0.22135000 0.87441999
vt 0.22132000 0.86839002
vt 0.22375000 0.86190999
vt 0.23529001 0.82846999
vt 0.11143000 0.49333999
vt 0.12871000 0.49346000
vt 0.23810001 0.49678001
vt 0.32200000 0.49603000
vt 0.35868001 0.49724999
vt 0.11903000 0.19199000
vt 0.11810000 0.17829999
vt 0.41122001 0.95570999
vt 0.36906999 0.14324000
vt 0.54974997 0.54689002
vt 0.55258000 0.54534000
vt 0.37301999 0.14428000
vt 0.02869000 0.03441000
vt 0.02650000 0.03296000
vt 0.02450000 0.03435000
vt 0.02345000 0.03439000
vt 0.49294999 0.61654001
vt 0.50576001 0.41049999
vt 0.50648999 0.41510001
vt 0.50809002 0.42030999
vt 0.22596000 0.98969001
vt 0.15160000 0.49936000
vt 0.20240000 0.48809999
vt 0.12421000 0.11923000
vt 0.36763999 0.13910000
vt 0.36557999 0.14139000
vt 0.54961997 0.54510999
vt 0.37033999 0.14132001
vt 0.37325999 0.14158000
vt 0.02850000 0.03165000
vt 0.98073000 0.80128002
vt 0.98303998 0.80164999
vt 0.98171997 0.79896998
vt 0.97952998 0.79916000
vt 0.02260000 0.03183000
vt 0.02459000 0.03141000
vt 0.98106998 0.79737002
vt 0.50635999 0.42996001
vt 0.04101000 0.48693001
vt 0.49239999 0.62826997
vt 0.22812000 0.99199998
vt 0.05197000 0.49190000
vt 0.22847000 0.98795003
vt 0.22425000 0.97239000
vt 0.22350000 0.91996002
vt 0.22586000 0.90951997
vt 0.22271000 0.88274997
vt 0.27491000 0.49906000
vt 0.29921001 0.49757001
vt 0.40744001 0.95736998
vt 0.40584999 0.95828998
vt 0.40685999 0.95977002
vt 0.36553001 0.13766000
vt 0.54654002 0.54936999
vt 0.54510999 0.54803997
vt 0.54677999 0.54654002
vt 0.36871001 0.13961001
vt 0.37044001 0.13895001
vt 0.37175000 0.13697000
vt 0.54821998 0.54347998
vt 0.54635000 0.54073000
vt 0.37338999 0.13871001
vt 0.98514003 0.80100000
vt 0.98570001 0.79760998
vt 0.98355001 0.79833001
vt 0.97764999 0.79978001
vt 0.97789001 0.79765999
vt 0.37507001 0.14060000
vt 0.97902000 0.79610997
vt 0.37619999 0.13843000
vt 0.97648001 0.79566002
vt 0.98462999 0.79457003
vt 0.98210001 0.79563999
vt 0.97684997 0.79253000
vt 0.97905999 0.79242003
vt 0.98193002 0.79185998
vt 0.98391998 0.79128999
vt 0.97707999 0.79053003
vt 0.97882003 0.78908002
vt 0.98168999 0.78827000
vt 0.98343003 0.78891999
vt 0.97961003 0.78658998
vt 0.98054999 0.78631002
vt 0.03861000 0.88259000
vt 0.50531000 0.42951000
vt 0.50316000 0.43037999
vt 0.50018001 0.40829000
vt 0.49744999 0.41595000
vt 0.50189000 0.42642000
vt 0.04103000 0.49032000
vt 0.04275000 0.49200001
vt 0.49592999 0.63261002
vt 0.22943000 0.85071999
vt 0.18533000 0.49768001
vt 0.33498001 0.50579000
vt 0.37022001 0.50646001
vt 0.38582000 0.50040001
vt 0.11066000 0.25213000
vt 0.11228000 0.24729000
vt 0.11423000 0.24004000
vt 0.11413000 0.07439000
vt 0.11185000 0.07685000
vt 0.11625000 0.07342000
vt 0.40395999 0.96060002
vt 0.40369999 0.95854002
vt 0.36577001 0.13371000
vt 0.54408997 0.54184997
vt 0.54224002 0.54360002
vt 0.54224998 0.54070002
vt 0.37286001 0.13560000
vt 0.37588999 0.13530999
vt 0.54201001 0.53577000
vt 0.54377002 0.53760999
vt 0.37908000 0.13783000
vt 0.37876001 0.13530999
vt 0.54332000 0.53442001
vt 0.38095000 0.13755000
vt 0.38183001 0.13559000
vt 0.97753000 0.78807002
vt 0.38326001 0.13733999
vt 0.97763002 0.78455001
vt 0.38470000 0.13451000
vt 0.38640001 0.13649000
vt 0.98259997 0.78669000
vt 0.98483998 0.78688002
vt 0.98400003 0.78324002
vt 0.98115999 0.78417999
vt 0.54360002 0.53056002
vt 0.54161000 0.53139001
vt 0.54205000 0.52683997
vt 0.98557001 0.78280002
vt 0.97658002 0.78090000
vt 0.98019999 0.78022999
vt 0.98311001 0.77982998
vt 0.98514003 0.77946001
vt 0.98057002 0.77881998
vt 0.98224002 0.77837002
vt 0.28714001 0.73306000
vt 0.28968000 0.73470998
vt 0.28828001 0.73562998
vt 0.98136002 0.60991001
vt 0.97228998 0.63413000
vt 0.97961003 0.63090998
vt 0.50024998 0.42973000
vt 0.49888000 0.43066999
vt 0.49175999 0.61843997
vt 0.49489999 0.41036001
vt 0.49700999 0.42107001
vt 0.04081000 0.49484000
vt 0.57436001 0.04417000
vt 0.57545000 0.04455000
vt 0.22682001 0.89613998
vt 0.23263000 0.84517998
vt 0.23227000 0.82304001
vt 0.06187000 0.50857002
vt 0.08569000 0.50705999
vt 0.38951999 0.51384997
vt 0.11672000 0.15143000
vt 0.11461000 0.10099000
vt 0.40226001 0.95855999
vt 0.40175000 0.96066999
vt 0.36645001 0.13365000
vt 0.37026000 0.13476001
vt 0.36746001 0.13242000
vt 0.37050000 0.13170999
vt 0.37318999 0.13211000
vt 0.37592000 0.13212000
vt 0.37863001 0.13204999
vt 0.38152999 0.13199000
vt 0.54078001 0.53404999
vt 0.53898001 0.53232002
vt 0.54053003 0.53021997
vt 0.38589001 0.13201000
vt 0.38787001 0.13349000
vt 0.38975999 0.13585000
vt 0.38951001 0.13198000
vt 0.28764001 0.72476000
vt 0.29087999 0.72283000
vt 0.29091999 0.72477001
vt 0.03375000 0.88590997
vt 0.02655000 0.88022000
vt 0.49590001 0.42462000
vt 0.49586999 0.42985001
vt 0.49053001 0.40860000
vt 0.04054000 0.49968001
vt 0.23089001 0.95876998
vt 0.23473001 0.94344997
vt 0.23311999 0.92000997
vt 0.23604000 0.87641001
vt 0.23097000 0.85873997
vt 0.23396000 0.82441002
vt 0.16665000 0.51218998
vt 0.22747000 0.50770003
vt 0.38336000 0.50411999
vt 0.39140001 0.85767001
vt 0.38839999 0.85742998
vt 0.38997999 0.85628003
vt 0.38852999 0.85553002
vt 0.38538000 0.86286998
vt 0.38273999 0.86386001
vt 0.38398001 0.86154002
vt 0.38218999 0.86181998
vt 0.37327000 0.13009000
vt 0.37615001 0.12971000
vt 0.37891999 0.12929000
vt 0.38154000 0.12876999
vt 0.38550001 0.12878001
vt 0.38913000 0.12860000
vt 0.29405999 0.72262001
vt 0.29416999 0.72455001
vt 0.02692000 0.89016998
vt 0.03966000 0.49790001
vt 0.49070999 0.40823999
vt 0.49169001 0.41585001
vt 0.23761000 0.98071003
vt 0.23589000 0.97263998
vt 0.23398000 0.90614003
vt 0.23636000 0.88353002
vt 0.27603000 0.51240999
vt 0.37992999 0.51402998
vt 0.76722997 0.99251002
vt 0.79701000 0.98905998
vt 0.74786001 0.99322999
vt 0.39326999 0.51716000
vt 0.10010000 0.25260001
vt 0.10124000 0.11335000
vt 0.38550001 0.12679000
vt 0.37354001 0.86265999
vt 0.36901000 0.86220002
vt 0.37207001 0.86142999
vt 0.38894999 0.12658000
vt 0.29609001 0.72495002
vt 0.29688999 0.72325999
vt 0.29670000 0.73566002
vt 0.29815000 0.73657000
vt 0.29642001 0.73738998
vt 0.48991001 0.42984000
vt 0.49046999 0.42471001
vt 0.03927000 0.50419998
vt 0.49024999 0.42129999
vt 0.48890999 0.63094997
vt 0.58405000 0.04471000
vt 0.23702000 0.99370003
vt 0.22731000 0.99338001
vt 0.23970000 0.99299997
vt 0.04902000 0.51060998
vt 0.23714000 0.90047997
vt 0.23700000 0.86997002
vt 0.12770000 0.51529002
vt 0.29881999 0.51696002
vt 0.35874999 0.51528001
vt 0.57520998 0.38529000
vt 0.56702000 0.37577000
vt 0.59820998 0.37722000
vt 0.10444000 0.14326000
vt 0.36815000 0.86009002
vt 0.36524999 0.86190999
vt 0.36480001 0.86000001
vt 0.36631000 0.85839999
vt 0.36395001 0.86274999
vt 0.36306000 0.86088002
vt 0.48723000 0.41045001
vt 0.48751000 0.41387999
vt 0.25029999 0.99096000
vt 0.24595000 0.98898000
vt 0.23707999 0.96258998
vt 0.24391000 0.91272002
vt 0.24696000 0.85878003
vt 0.39173999 0.51757997
vt 0.10678000 0.20750999
vt 0.48569000 0.42534000
vt 0.48557001 0.41887999
vt 0.04026000 0.51072001
vt 0.48054999 0.61618000
vt 0.04315000 0.51002002
vt 0.24788000 0.98618001
vt 0.24705000 0.96131998
vt 0.24642999 0.93893999
vt 0.24236000 0.89538997
vt 0.24550000 0.84087002
vt 0.20471001 0.51889002
vt 0.25705001 0.51350999
vt 0.36417001 0.52471000
vt 0.09851000 0.22393000
vt 0.09751000 0.19949000
vt 0.09648000 0.12536000
vt 0.10433000 0.09561000
vt 0.08985000 0.07686000
vt 0.03891000 0.90679997
vt 0.48363000 0.43007001
vt 0.03928000 0.51080000
vt 0.47363001 0.62164998
vt 0.24862000 0.91982001
vt 0.24716000 0.93387997
vt 0.25668001 0.88524997
vt 0.24714001 0.83618999
vt 0.10638000 0.51934999
vt 0.14982000 0.52297997
vt 0.35126999 0.53138000
vt 0.75918001 0.83507001
vt 0.09838000 0.23255000
vt 0.02674000 0.92850000
vt 0.46735999 0.41958001
vt 0.24680001 0.99364001
vt 0.25454000 0.84917003
vt 0.24144000 0.52120000
vt 0.37218001 0.52840000
vt 0.38339001 0.52919000
vt 0.30732000 0.77061999
vt 0.29576001 0.76502001
vt 0.31351000 0.75053000
vt 0.47340000 0.42583001
vt 0.48260999 0.43066999
vt 0.46403000 0.60882002
vt 0.46625999 0.41562000
vt 0.03949000 0.51196003
vt 0.46481001 0.62816000
vt 0.25275001 0.99238002
vt 0.25718001 0.96539998
vt 0.25071001 0.90597999
vt 0.25134000 0.89433998
vt 0.24789000 0.87983000
vt 0.26230001 0.82437998
vt 0.26576000 0.82306999
vt 0.61190999 0.38523000
vt 0.75795001 0.83362001
vt 0.09448000 0.16477001
vt 0.09465000 0.10230000
vt 0.08938000 0.07439000
vt 0.04248000 0.91450000
vt 0.04414000 0.52828002
vt 0.25804999 0.94862998
vt 0.25244999 0.82980001
vt 0.08070000 0.52675003
vt 0.09019000 0.24039000
vt 0.08925000 0.14044000
vt 0.08519000 0.09035000
vt 0.46514001 0.43077001
vt 0.46169001 0.61637002
vt 0.46610001 0.41045001
vt 0.46625000 0.63260001
vt 0.26320001 0.98604000
vt 0.25720999 0.97623998
vt 0.25666001 0.92581999
vt 0.25421000 0.91263998
vt 0.25865999 0.87988001
vt 0.26233000 0.84279001
vt 0.25918001 0.52831000
vt 0.34141999 0.53030998
vt 0.38788000 0.53505999
vt 0.07640000 0.25205001
vt 0.08256000 0.24563999
vt 0.46438000 0.40860999
vt 0.25940999 0.99075001
vt 0.26078999 0.98932999
vt 0.25861999 0.99360001
vt 0.26350001 0.94352001
vt 0.25985000 0.89895999
vt 0.27110001 0.82729000
vt 0.05648000 0.53112000
vt 0.13338000 0.53261000
vt 0.17613000 0.53000998
vt 0.27963999 0.53171003
vt 0.31033999 0.53526998
vt 0.32826999 0.53141999
vt 0.38571000 0.53122997
vt 0.08269000 0.18221000
vt 0.08667000 0.20931999
vt 0.08513000 0.10390000
vt 0.07068000 0.07348000
vt 0.46410000 0.43007001
vt 0.45433000 0.40825999
vt 0.04040000 0.53156000
vt 0.26236999 0.91461998
vt 0.27063999 0.90741998
vt 0.26036999 0.86719000
vt 0.26315001 0.87418002
vt 0.26830000 0.85958999
vt 0.26701000 0.83653998
vt 0.09694000 0.53412998
vt 0.21641999 0.53390998
vt 0.24399000 0.53272998
vt 0.29099000 0.54042000
vt 0.38938001 0.54210001
vt 0.07962000 0.22724000
vt 0.08380000 0.11412000
vt 0.03554000 0.92584997
vt 0.45357001 0.42190000
vt 0.03935000 0.53161001
vt 0.03953000 0.53039002
vt 0.26111001 0.99202001
vt 0.26291001 0.93032002
vt 0.26986000 0.92013001
vt 0.36098999 0.53956002
vt 0.37750000 0.54369003
vt 0.39168999 0.54696000
vt 0.07671000 0.15933000
vt 0.45080000 0.62761998
vt 0.26745000 0.98101002
vt 0.26887000 0.97472000
vt 0.26725000 0.89481002
vt 0.27943000 0.88461000
vt 0.27268001 0.87961000
vt 0.05844000 0.54495001
vt 0.07425000 0.54106998
vt 0.11974000 0.54430997
vt 0.18207000 0.53986001
vt 0.14782999 0.55184001
vt 0.25900000 0.54510999
vt 0.36930001 0.54367000
vt 0.39326999 0.54548001
vt 0.07324000 0.25239000
vt 0.08028000 0.13653000
vt 0.45467001 0.42991000
vt 0.03933000 0.54149997
vt 0.45342001 0.41036001
vt 0.45269001 0.41694999
vt 0.45331001 0.63260001
vt 0.27144000 0.99346000
vt 0.27801999 0.98903000
vt 0.26844001 0.95564997
vt 0.26932001 0.93577999
vt 0.23534000 0.55124003
vt 0.33460000 0.54917997
vt 0.04043000 0.54483002
vt 0.45300999 0.40865999
vt 0.27570999 0.97206998
vt 0.27730000 0.94637001
vt 0.27767000 0.92698997
vt 0.27546000 0.88972002
vt 0.27915001 0.86830997
vt 0.28246999 0.84496999
vt 0.28189999 0.83074999
vt 0.19628000 0.55101001
vt 0.27210999 0.55317003
vt 0.38569999 0.55458999
vt 0.07061000 0.24030000
vt 0.06180000 0.23142000
vt 0.07128000 0.20212001
vt 0.06871000 0.12497000
vt 0.07046000 0.11297000
vt 0.07057000 0.10071000
vt 0.05752000 0.07440000
vt 0.04238000 0.93470001
vt 0.44207999 0.42598999
vt 0.45214999 0.60882002
vt 0.05392000 0.55651999
vt 0.27833000 0.98532999
vt 0.27568999 0.90968001
vt 0.09250000 0.55559999
vt 0.21512000 0.55255002
vt 0.24405999 0.55115002
vt 0.72577000 0.83585000
vt 0.06268000 0.24478000
vt 0.06718000 0.17253000
vt 0.06899000 0.14005999
vt 0.06871000 0.08578000
vt 0.03539000 0.94141001
vt 0.44475999 0.61618000
vt 0.27778000 0.95548999
vt 0.27816999 0.94064999
vt 0.28812000 0.82301998
vt 0.18121000 0.55584002
vt 0.34575999 0.55430001
vt 0.36017001 0.55286002
vt 0.05803000 0.07660000
vt 0.97973001 0.66327000
vt 0.97259003 0.67074001
vt 0.98176003 0.68598998
vt 0.44073999 0.42993999
vt 0.03943000 0.55624998
vt 0.43360001 0.60882002
vt 0.42941999 0.41034001
vt 0.28097001 0.99346000
vt 0.28229001 0.96675003
vt 0.28251001 0.87649000
vt 0.28771999 0.82435000
vt 0.07459000 0.55673999
vt 0.38321000 0.56430000
vt 0.73124999 0.83418000
vt 0.38843000 0.55611998
vt 0.42857999 0.62743002
vt 0.29069000 0.99207997
vt 0.29137999 0.98628998
vt 0.28659001 0.98253000
vt 0.28246000 0.90899998
vt 0.11602000 0.55694002
vt 0.31244001 0.55660999
vt 0.62817001 0.37103000
vt 0.63299000 0.38681999
vt 0.05870000 0.22352999
vt 0.05828000 0.21059000
vt 0.04235000 0.95635998
vt 0.04046000 0.56247997
vt 0.42730001 0.40878999
vt 0.43009999 0.42017001
vt 0.28687999 0.94182998
vt 0.28569001 0.92346001
vt 0.28707999 0.90003997
vt 0.28551999 0.85433000
vt 0.25887001 0.55835998
vt 0.28134999 0.56120998
vt 0.37259999 0.56187999
vt 0.05436000 0.25207999
vt 0.05789000 0.18467000
vt 0.02676000 0.95197999
vt 0.42956001 0.42695001
vt 0.42004001 0.61846000
vt 0.43130001 0.63257003
vt 0.28821000 0.97376001
vt 0.28830001 0.96016002
vt 0.29146999 0.95322001
vt 0.29425001 0.88279998
vt 0.29335999 0.87149000
vt 0.06582000 0.56123000
vt 0.05791000 0.08804000
vt 0.41734001 0.61122000
vt 0.43206000 0.40834999
vt 0.43065000 0.41679001
vt 0.29366001 0.98918998
vt 0.29826000 0.96284997
vt 0.29694000 0.94313002
vt 0.29745999 0.93080002
vt 0.29295000 0.91614002
vt 0.29549000 0.88757002
vt 0.29333001 0.83112001
vt 0.23222999 0.56445003
vt 0.39324000 0.56654000
vt 0.05328000 0.25253001
vt 0.05521000 0.14839999
vt 0.05728000 0.10053000
vt 0.29995999 0.99357003
vt 0.07193000 0.56524998
vt 0.10038000 0.56523001
vt 0.13831000 0.56506997
vt 0.18017000 0.56513000
vt 0.20759000 0.56516999
vt 0.25048000 0.56519002
vt 0.29866999 0.56520998
vt 0.32405999 0.56520998
vt 0.33871999 0.56520998
vt 0.35010001 0.56524998
vt 0.35980999 0.56778002
vt 0.72267997 0.99842000
vt 0.73404998 0.99394000
vt 0.71785003 0.99602997
vt 0.38539001 0.57827002
vt 0.71850002 0.83515000
vt 0.39162001 0.57104999
vt 0.05135000 0.12275000
vt 0.04179000 0.07341000
vt 0.04042000 0.57264000
vt 0.04750000 0.56954998
vt 0.29993999 0.97684997
vt 0.29655999 0.90025002
vt 0.05915000 0.56858999
vt 0.29640001 0.86127001
vt 0.29723001 0.84619999
vt 0.30083999 0.82850999
vt 0.29585999 0.82441002
vt 0.08751000 0.56836998
vt 0.38349000 0.57142001
vt 0.38782999 0.57328999
vt 0.04178000 0.24411000
vt 0.04400000 0.23694000
vt 0.04934000 0.22784001
vt 0.04918000 0.20147000
vt 0.04866000 0.17439000
vt 0.04885000 0.15229000
vt 0.04922000 0.09779000
vt 0.04581000 0.07692000
vt 0.42289999 0.42978999
vt 0.03938000 0.57515001
vt 0.30041999 0.99204999
vt 0.30037999 0.98922998
vt 0.30050001 0.98585999
vt 0.29800999 0.95071000
vt 0.29776001 0.87484998
vt 0.30094001 0.84500998
vt 0.05961000 0.57669002
vt 0.07332000 0.57157999
vt 0.10146000 0.57236999
vt 0.12751000 0.57138002
vt 0.15476000 0.57135999
vt 0.17632000 0.57187003
vt 0.21394999 0.57145000
vt 0.24526000 0.57563001
vt 0.27669999 0.57584000
vt 0.29462001 0.57106000
vt 0.32233000 0.57147002
vt 0.34974000 0.57678002
vt 0.37151000 0.57720000
vt 0.38334000 0.57686001
vt 0.03880000 0.25218001
vt 0.03382000 0.07438000
vt 0.02744000 0.97842002
vt 0.42092001 0.42750999
vt 0.41736999 0.60876000
vt 0.41506001 0.61693001
vt 0.41582000 0.63257998
vt 0.04271000 0.57587999
vt 0.30136999 0.96274000
vt 0.30102000 0.94923002
vt 0.30261999 0.95521998
vt 0.30212000 0.95249999
vt 0.30118001 0.93914998
vt 0.30109000 0.93156999
vt 0.30259001 0.90399998
vt 0.30230999 0.89952999
vt 0.30149001 0.89069003
vt 0.30195999 0.89499003
vt 0.30101001 0.88461000
vt 0.30105999 0.87203002
vt 0.30094999 0.85949999
vt 0.30259001 0.82441002
vt 0.30294001 0.82318997
vt 0.79100001 0.55089003
vt 0.78886998 0.53843999
vt 0.78890997 0.56391001
vt 0.79001999 0.57029998
vt 0.78891999 0.58513999
vt 0.78890997 0.61166000
vt 0.79026997 0.60742003
vt 0.79061002 0.61808002
vt 0.79017001 0.66091001
vt 0.78895998 0.64538997
vt 0.78896999 0.66955000
vt 0.79065001 0.69744998
vt 0.78903002 0.68840998
vt 0.78981000 0.70205998
vt 0.78904003 0.70923001
vt 0.79144001 0.73860002
vt 0.78882998 0.73345000
vt 0.78973001 0.74035001
vt 0.78874999 0.74738997
vt 0.79224002 0.74790001
vt 0.78965998 0.74974000
vt 0.71293002 0.83819002
vt 0.71104002 0.83579999
vt 0.39344999 0.58704001
vt 0.03385000 0.25250000
vt 0.04428000 0.08676000
vt 0.98930001 0.70986003
vt 0.98233002 0.69888002
vt 0.98411000 0.70947999
vt 0.04038000 0.57713997
vt 0.41822001 0.41564000
vt 0.41977000 0.42208001
vt 0.04746000 0.57722002
vt 0.30368999 0.99201000
vt 0.30489001 0.99348003
vt 0.30355999 0.98904002
vt 0.30414999 0.98505002
vt 0.30329001 0.97747999
vt 0.93800998 0.40630001
vt 0.93531001 0.40592000
vt 0.93415999 0.40669000
vt 0.92615002 0.40733999
vt 0.30293000 0.96754998
vt 0.92584997 0.40632001
vt 0.91816002 0.40735000
vt 0.91412002 0.40667000
vt 0.91316003 0.40735999
vt 0.92449999 0.40942001
vt 0.91393000 0.40955999
vt 0.30318999 0.95415998
vt 0.30317000 0.94950998
vt 0.90872002 0.40757000
vt 0.30314001 0.94270003
vt 0.90222001 0.40774000
vt 0.90060002 0.40957999
vt 0.30307001 0.93452001
vt 0.89442998 0.40798000
vt 0.88720000 0.40970001
vt 0.30294001 0.92198002
vt 0.88246000 0.40842000
vt 0.87665999 0.40988001
vt 0.86533999 0.40917999
vt 0.86720997 0.41005999
vt 0.86369002 0.41000000
vt 0.93097001 0.41025999
vt 0.92253000 0.41345999
vt 0.90539998 0.41326001
vt 0.88115001 0.41284001
vt 0.87216002 0.41255000
vt 0.86361998 0.41262999
vt 0.86107999 0.40924999
vt 0.30298999 0.89502001
vt 0.85683000 0.41029000
vt 0.84999001 0.41255000
vt 0.30289000 0.89056998
vt 0.85258001 0.41040999
vt 0.30282000 0.88537002
vt 0.84761000 0.41054001
vt 0.83534002 0.41244999
vt 0.30274001 0.86487001
vt 0.82805997 0.41073000
vt 0.81450999 0.41253000
vt 0.30269000 0.84445000
vt 0.80857998 0.41078001
vt 0.80067998 0.41249999
vt 0.30263999 0.82850999
vt 0.79338002 0.41091001
vt 0.79152000 0.41258001
vt 0.78947997 0.41097999
vt 0.78943998 0.41290000
vt 0.78828001 0.41089001
vt 0.78838003 0.41328001
vt 0.93702000 0.41543001
vt 0.93023998 0.42117000
vt 0.88631999 0.42161000
vt 0.86556000 0.41795000
vt 0.80555999 0.41866001
vt 0.91292000 0.42372000
vt 0.84406000 0.42300001
vt 0.82484001 0.42405999
vt 0.79302001 0.42199001
vt 0.92040998 0.43156999
vt 0.90158999 0.42824000
vt 0.87987000 0.42498001
vt 0.86579001 0.42787001
vt 0.81263000 0.42554000
vt 0.78956002 0.42418000
vt 0.78847998 0.42870000
vt 0.84638000 0.43164000
vt 0.79304999 0.42756999
vt 0.93940002 0.42923000
vt 0.93677998 0.43364999
vt 0.81287998 0.43290001
vt 0.78937000 0.42877001
vt 0.88887000 0.43358999
vt 0.90929002 0.43942001
vt 0.86640000 0.44183001
vt 0.82887000 0.44553000
vt 0.89683002 0.44668001
vt 0.84397000 0.44946000
vt 0.80866998 0.44051999
vt 0.79263002 0.44126999
vt 0.92997003 0.45039001
vt 0.88347000 0.44946000
vt 0.78851998 0.42969999
vt 0.78860003 0.45003000
vt 0.10918000 0.57775998
vt 0.91891003 0.45398000
vt 0.90692002 0.45502999
vt 0.86464000 0.45355999
vt 0.80645001 0.45831999
vt 0.79816002 0.46397001
vt 0.79272997 0.46347001
vt 0.82384998 0.46221000
vt 0.79000998 0.47073001
vt 0.89251000 0.46241999
vt 0.93737000 0.46612000
vt 0.92844999 0.46294999
vt 0.83828002 0.46281999
vt 0.88358003 0.47099000
vt 0.85404003 0.46720001
vt 0.78860998 0.47516000
vt 0.92106003 0.47307000
vt 0.90660000 0.47003001
vt 0.85749000 0.48414999
vt 0.83626002 0.48367000
vt 0.82362002 0.47733000
vt 0.80862999 0.47716999
vt 0.93063003 0.47850001
vt 0.91433001 0.48782000
vt 0.80350000 0.48688999
vt 0.89876997 0.48157001
vt 0.86796999 0.48616001
vt 0.79420000 0.49522001
vt 0.93642998 0.48447999
vt 0.88063002 0.48400000
vt 0.84604001 0.50285000
vt 0.82268000 0.49079001
vt 0.13025001 0.57617998
vt 0.92395997 0.49731001
vt 0.90815002 0.49844000
vt 0.78863001 0.49528000
vt 0.87932003 0.49410999
vt 0.88481998 0.50427002
vt 0.80980003 0.50430000
vt 0.79908001 0.51490003
vt 0.79049999 0.50186002
vt 0.93267000 0.51244003
vt 0.93853998 0.49838001
vt 0.82437003 0.51041001
vt 0.86483002 0.50935000
vt 0.90033001 0.51314998
vt 0.91676003 0.51349998
vt 0.16732000 0.57628000
vt 0.88744003 0.52214003
vt 0.78865999 0.51691997
vt 0.93905002 0.52726001
vt 0.84255999 0.52193999
vt 0.82786000 0.52579999
vt 0.81331998 0.52450001
vt 0.91429001 0.52967000
vt 0.86628997 0.52565998
vt 0.93313003 0.52960002
vt 0.90113002 0.53957999
vt 0.79347003 0.53464001
vt 0.87822002 0.53509003
vt 0.80326998 0.54802001
vt 0.83487999 0.54115999
vt 0.82489002 0.54825997
vt 0.81045997 0.53658998
vt 0.93387002 0.54588002
vt 0.89081001 0.54892999
vt 0.85312003 0.55259001
vt 0.92815000 0.54882997
vt 0.91446000 0.54874998
vt 0.79495001 0.55339998
vt 0.94244999 0.54022998
vt 0.87424999 0.55769002
vt 0.79655999 0.56724000
vt 0.20186999 0.57630002
vt 0.92107999 0.57091999
vt 0.81233001 0.56699997
vt 0.94329000 0.55541998
vt 0.93531001 0.56582999
vt 0.94313997 0.57274997
vt 0.90091997 0.57051003
vt 0.83938003 0.57525998
vt 0.91114998 0.56876999
vt 0.88599002 0.57260001
vt 0.82498997 0.57642001
vt 0.85751998 0.57925999
vt 0.93361002 0.58159000
vt 0.80019999 0.57765001
vt 0.87465000 0.58669001
vt 0.83354002 0.58261001
vt 0.79167002 0.58871001
vt 0.80919999 0.60203999
vt 0.94420999 0.58592999
vt 0.92706001 0.59192002
vt 0.89538002 0.59213001
vt 0.79496998 0.60140997
vt 0.86025000 0.59605002
vt 0.84781998 0.58977997
vt 0.82594001 0.59623998
vt 0.79900998 0.60171998
vt 0.91523999 0.59672999
vt 0.84285998 0.60503000
vt 0.86826998 0.60328001
vt 0.94426000 0.61124003
vt 0.93423003 0.61812001
vt 0.88528001 0.60889000
vt 0.82485998 0.62067002
vt 0.92207003 0.61685997
vt 0.90340000 0.61812001
vt 0.83399999 0.64178002
vt 0.81914997 0.63216001
vt 0.87858999 0.62595999
vt 0.84913999 0.62729001
vt 0.80944002 0.64494997
vt 0.94507003 0.62901998
vt 0.80040002 0.62895000
vt 0.79500002 0.63138002
vt 0.79214001 0.63233000
vt 0.91035002 0.63391000
vt 0.89800000 0.64466000
vt 0.92363000 0.64582998
vt 0.88617998 0.64924002
vt 0.86618000 0.64178002
vt 0.84261000 0.64445001
vt 0.93577999 0.64323002
vt 0.85506999 0.66005999
vt 0.79999000 0.66343999
vt 0.91324002 0.65631998
vt 0.94505000 0.65820003
vt 0.81409001 0.66487002
vt 0.82747000 0.66820002
vt 0.79500997 0.67233002
vt 0.79231000 0.66793001
vt 0.87722999 0.66750997
vt 0.84265000 0.66600001
vt 0.93355000 0.67159998
vt 0.90548003 0.66982001
vt 0.83468002 0.67065001
vt 0.91957003 0.68728000
vt 0.85361999 0.68085998
vt 0.31681001 0.57635999
vt 0.94423002 0.67905998
vt 0.89665002 0.68637002
vt 0.81224000 0.68116999
vt 0.90916002 0.68444997
vt 0.87402999 0.68186998
vt 0.80000001 0.68902999
vt 0.92372000 0.70405000
vt 0.81102002 0.69790000
vt 0.88578999 0.69621003
vt 0.83529001 0.69213003
vt 0.79303002 0.70015001
vt 0.85363001 0.69661999
vt 0.82405001 0.69997001
vt 0.90758002 0.70442998
vt 0.93055999 0.71684998
vt 0.86822999 0.71449000
vt 0.80001003 0.70379001
vt 0.94388998 0.70863998
vt 0.89867002 0.71381998
vt 0.83669001 0.71587002
vt 0.79360002 0.73001999
vt 0.91250998 0.72336000
vt 0.82269001 0.72002000
vt 0.80449998 0.71480000
vt 0.80198997 0.72694999
vt 0.94367999 0.73163003
vt 0.87722999 0.72940999
vt 0.84777999 0.72719997
vt 0.92495000 0.73602998
vt 0.81800997 0.73730999
vt 0.90812999 0.73618001
vt 0.84678000 0.73741001
vt 0.87897998 0.73754001
vt 0.80377001 0.74491000
vt 0.94489998 0.74258000
vt 0.92874002 0.74194998
vt 0.82679999 0.74598002
vt 0.90667999 0.74428999
vt 0.87928998 0.74509001
vt 0.85069001 0.74400002
vt 0.92848998 0.74958003
vt 0.85885000 0.75584000
vt 0.94428998 0.74991000
vt 0.92574000 0.75590998
vt 0.89524001 0.75089002
vt 0.87535000 0.75590998
vt 0.83238000 0.75590998
vt 0.80649000 0.75590998
vt 0.90420002 0.75595999
vt 0.79637003 0.75577003
vt 0.78970999 0.75770998
vt 0.78871000 0.74910998
vt 0.78871000 0.75826001
vt 0.94018000 0.75590998
vt 0.94013000 0.75760001
vt 0.90741003 0.75760001
vt 0.86028999 0.75752002
vt 0.83335000 0.75752002
vt 0.81689000 0.75744998
vt 0.80023998 0.75765002
vt 0.71078998 0.83139998
vt 0.71136999 0.82993001
vt 0.38784000 0.58139998
vt 0.39199999 0.58192998
vt 0.04258000 0.20654000
vt 0.04232000 0.15688001
vt 0.04272000 0.12883000
vt 0.04243000 0.97281998
vt 0.04203000 0.97794998
vt 0.41117001 0.60847002
vt 0.04296000 0.57969999
vt 0.30456999 0.99040997
vt 0.30397999 0.98025000
vt 0.95062000 0.40612999
vt 0.94770002 0.40599999
vt 0.95064998 0.41007999
vt 0.94613999 0.41014999
vt 0.94257998 0.40604001
vt 0.94274998 0.41011000
vt 0.92677999 0.40799999
vt 0.95059001 0.41618001
vt 0.94629002 0.41940999
vt 0.94893998 0.42528000
vt 0.94349003 0.42800000
vt 0.95051998 0.42820001
vt 0.94656003 0.43043000
vt 0.09126000 0.57922000
vt 0.05920000 0.58231997
vt 0.94906002 0.44038001
vt 0.95050001 0.44367000
vt 0.94357997 0.46412000
vt 0.95049000 0.45824000
vt 0.94916999 0.45682999
vt 0.94643998 0.46233001
vt 0.94914001 0.48809001
vt 0.95051998 0.47729999
vt 0.94633001 0.48938999
vt 0.94347000 0.48916000
vt 0.95049000 0.48807001
vt 0.13421001 0.58166999
vt 0.94909000 0.52055001
vt 0.94323999 0.51388001
vt 0.95046997 0.51375002
vt 0.94637001 0.53372997
vt 0.16542000 0.57918000
vt 0.95049000 0.53259999
vt 0.94918001 0.55620998
vt 0.94635999 0.55565000
vt 0.95051998 0.55470997
vt 0.20264000 0.57920003
vt 0.94915998 0.57209998
vt 0.94637001 0.57113999
vt 0.95051003 0.58091998
vt 0.94911999 0.58301002
vt 0.94635999 0.58374000
vt 0.95051003 0.61153001
vt 0.24653000 0.57942998
vt 0.94643998 0.61597002
vt 0.94915998 0.61691999
vt 0.94907999 0.62901998
vt 0.94642001 0.62514001
vt 0.95046997 0.63203001
vt 0.27476999 0.57920003
vt 0.94918001 0.64899999
vt 0.95049000 0.65785003
vt 0.94639999 0.66668999
vt 0.30840999 0.57922000
vt 0.94922000 0.67660999
vt 0.95052999 0.68006998
vt 0.94637001 0.67862999
vt 0.95051998 0.70142001
vt 0.94910997 0.70591003
vt 0.94643998 0.70779002
vt 0.35067999 0.57942998
vt 0.95051998 0.72253001
vt 0.94916999 0.72904003
vt 0.94638002 0.73018998
vt 0.37136000 0.57957000
vt 0.94665003 0.74492002
vt 0.94913000 0.74445999
vt 0.95047998 0.74214000
vt 0.95055002 0.75764000
vt 0.38301000 0.57898998
vt 0.94594002 0.75768000
vt 0.94203001 0.75735998
vt 0.04135000 0.10071000
vt 0.03813000 0.07675000
vt 0.02639000 0.97939003
vt 0.03921000 0.58130002
vt 0.04004000 0.58238000
vt 0.41613001 0.42767000
vt 0.41718000 0.42923000
vt 0.41600999 0.42965999
vt 0.40606001 0.40840000
vt 0.41330001 0.42190000
vt 0.04282000 0.58537000
vt 0.10145000 0.58231002
vt 0.17606001 0.58236003
vt 0.20957001 0.58236998
vt 0.24567001 0.58249003
vt 0.27430001 0.58227998
vt 0.31426999 0.58236998
vt 0.34779000 0.58222002
vt 0.36945999 0.58416998
vt 0.38595000 0.58297002
vt 0.38367999 0.58420998
vt 0.03784000 0.23668000
vt 0.03809000 0.20570999
vt 0.03816000 0.15723000
vt 0.03767000 0.11205000
vt 0.41291001 0.60876000
vt 0.41169000 0.40878001
vt 0.41338000 0.42749000
vt 0.41319001 0.42967999
vt 0.04032000 0.58547002
vt 0.40599999 0.62775999
vt 0.04795000 0.58561999
vt 0.05837000 0.58532000
vt 0.10724000 0.58541000
vt 0.13237999 0.58547002
vt 0.18098000 0.58544999
vt 0.23909999 0.58559000
vt 0.25895000 0.58551002
vt 0.27361000 0.58516997
vt 0.26201001 0.58692002
vt 0.30353001 0.58690000
vt 0.30715999 0.58544999
vt 0.33724999 0.58538997
vt 0.33405000 0.58695000
vt 0.36069000 0.58609003
vt 0.38453001 0.58560997
vt 0.38716000 0.58715999
vt 0.39111000 0.58714998
vt 0.03379000 0.25194001
vt 0.03516000 0.23041999
vt 0.03388000 0.17318000
vt 0.03387000 0.14925000
vt 0.03385000 0.10814000
vt 0.03386000 0.07812000
vt 0.03381000 0.07342000
vt 0.03916000 0.98264003
vt 0.40790999 0.41632000
vt 0.41152999 0.42752001
vt 0.41156000 0.42980000
vt 0.04008000 0.58728999
vt 0.04305000 0.58700001
vt 0.40726000 0.61466002
vt 0.40601000 0.62313002
vt 0.05789000 0.58682001
vt 0.08359000 0.58678001
vt 0.12713000 0.58687001
vt 0.15758000 0.58690000
vt 0.18370999 0.58691001
vt 0.24477001 0.58695000
vt 0.25953999 0.58700001
vt 0.36844000 0.58696002
vt 0.03367000 0.24864000
vt 0.03379000 0.22003999
vt 0.41090000 0.60352999
vt 0.41091001 0.60676998
vt 0.40869001 0.60746998
vt 0.40283000 0.40878001
vt 0.40978000 0.42925000
vt 0.41106001 0.43033001
vt 0.41113001 0.43299001
vt 0.40711001 0.43536001
vt 0.40551001 0.42715999
vt 0.41124001 0.44180000
vt 0.41123000 0.45590001
vt 0.40665001 0.45585001
vt 0.40461999 0.46092001
vt 0.40452999 0.44020000
vt 0.41130000 0.47279000
vt 0.40651000 0.48736000
vt 0.41128001 0.48914999
vt 0.41121000 0.50932997
vt 0.40612999 0.50796002
vt 0.40660000 0.52003998
vt 0.41119999 0.52104002
vt 0.40654001 0.53636003
vt 0.41117001 0.53825998
vt 0.40658000 0.55664003
vt 0.41110000 0.55857998
vt 0.40643001 0.57424003
vt 0.41106999 0.57108998
vt 0.41095001 0.59447002
vt 0.40614000 0.60131001
vt 0.40470001 0.60399002
vt 0.40050000 0.61743999
vt 0.39656001 0.63264000
vt 0.39758000 0.63287997
vt 0.04269000 0.98822999
vt 0.02643000 0.98685998
vt 0.40226999 0.45993000
vt 0.39960000 0.49037001
vt 0.40051001 0.51155001
vt 0.40344000 0.52122003
vt 0.40391001 0.55540001
vt 0.39932999 0.55050999
vt 0.40356001 0.57379001
vt 0.39682999 0.58784997
vt 0.39901000 0.57415998
vt 0.39916000 0.59934998
vt 0.40204999 0.41624999
vt 0.39960000 0.61022002
vt 0.39897999 0.40830001
vt 0.39667001 0.40888000
vt 0.39666000 0.41683999
vt 0.39954001 0.42897001
vt 0.39882001 0.45798999
vt 0.39904001 0.47872001
vt 0.39901000 0.51981002
vt 0.39765999 0.62783003
vt 0.04256000 0.99036998
vt 0.03547000 0.99066001
vt 0.02804000 0.99074000
vt 0.02668000 0.99079001
vt 0.39524999 0.40838000
vt 0.39625001 0.43149000
vt 0.39621001 0.46120000
vt 0.39605999 0.48278001
vt 0.39594999 0.51374000
vt 0.39592999 0.55028999
vt 0.39570999 0.57371998
vt 0.39592001 0.59963000
vt 0.39451000 0.60918999
vt 0.39447999 0.62187999
vt 0.39438999 0.63085002
vt 0.39515001 0.40941000
vt 0.39493999 0.43599001
vt 0.39491001 0.45431000
vt 0.39471000 0.48038000
vt 0.39462000 0.51106000
vt 0.39463001 0.53061998
vt 0.39458999 0.55348003
vt 0.39451000 0.57349998
vt 0.39455000 0.59065998
vt 0.39436999 0.63274002
vt 0.06575000 0.63828999
vt 0.06305000 0.66653001
vt 0.06242000 0.74558997
vt 0.97163999 0.38508001
vt 0.98773003 0.38494000
vt 0.06693000 0.59643000
vt 0.06454000 0.61089998
vt 0.06812000 0.68744999
vt 0.06870000 0.70555001
vt 0.06989000 0.72759998
vt 0.07071000 0.75522000
vt 0.07096000 0.77635002
vt 0.06952000 0.80340999
vt 0.06932000 0.81288999
vt 0.06598000 0.81764001
vt 0.97719002 0.38793001
vt 0.07184000 0.62435001
vt 0.07351000 0.66387999
vt 0.06965000 0.79376000
vt 0.07346000 0.81766999
vt 0.97171003 0.39346999
vt 0.98661000 0.39493001
vt 0.07746000 0.59982002
vt 0.07316000 0.60749000
vt 0.07166000 0.63902003
vt 0.07265000 0.65113002
vt 0.07711000 0.71638000
vt 0.04290000 0.66077000
vt 0.08057000 0.80689001
vt 0.07863000 0.68436998
vt 0.08501000 0.77454001
vt 0.08368000 0.79246002
vt 0.08077000 0.62159997
vt 0.07914000 0.63928998
vt 0.08151000 0.65704000
vt 0.97573000 0.40751001
vt 0.98421001 0.40919000
vt 0.09051000 0.59568000
vt 0.08298000 0.81298000
vt 0.08626000 0.81769001
vt 0.09429000 0.81812000
vt 0.97096997 0.41727000
vt 0.08510000 0.79859000
vt 0.08565000 0.63150001
vt 0.08705000 0.64399999
vt 0.08657000 0.68423003
vt 0.08928000 0.69935000
vt 0.08566000 0.72961003
vt 0.09389000 0.77735001
vt 0.09178000 0.60336000
vt 0.09215000 0.61487001
vt 0.10134000 0.60000002
vt 0.10295000 0.79671001
vt 0.09538000 0.80181003
vt 0.09633000 0.80774999
vt 0.09676000 0.65609002
vt 0.09784000 0.67324001
vt 0.97158003 0.41997999
vt 0.09875000 0.63129002
vt 0.09863000 0.71212000
vt 0.10357000 0.74706000
vt 0.98443002 0.41784000
vt 0.10598000 0.81765002
vt 0.10357000 0.64511001
vt 0.10665000 0.81282997
vt 0.11161000 0.60891002
vt 0.11114000 0.68856001
vt 0.10726000 0.76301003
vt 0.82315999 0.38701001
vt 0.33776999 0.00135000
vt 0.34285000 0.00079000
vt 0.32240999 0.00053000
vt 0.30820000 0.00125000
vt 0.30553001 0.00061000
vt 0.29143000 0.00125000
vt 0.24546000 0.00065000
vt 0.24289000 0.00129000
vt 0.21943000 0.00054000
vt 0.21960001 0.00120000
vt 0.19519000 0.00121000
vt 0.18136001 0.00048000
vt 0.17783000 0.00119000
vt 0.15462001 0.00122000
vt 0.14961000 0.00050000
vt 0.13135000 0.00129000
vt 0.13034000 0.00062000
vt 0.07165000 0.00062000
vt 0.08877000 0.00126000
vt 0.05384000 0.00130000
vt 0.03650000 0.00071000
vt 0.03445000 0.00131000
vt 0.01452000 0.00131000
vt 0.00774000 0.00066000
vt 0.00211000 0.00121000
vt 0.00073000 0.00066000
vt 0.00064000 0.00163000
vt 0.97158003 0.43325999
vt 0.11394000 0.61857998
vt 0.11040000 0.67580998
vt 0.34625000 0.00413000
vt 0.30669001 0.00343000
vt 0.28602001 0.00336000
vt 0.24161001 0.00408000
vt 0.01415000 0.00436000
vt 0.11647000 0.60022998
vt 0.11891000 0.80655003
vt 0.35359001 0.00310000
vt 0.35315001 0.00937000
vt 0.34365001 0.01371000
vt 0.33666000 0.00725000
vt 0.30384001 0.01310000
vt 0.26572001 0.00751000
vt 0.21918000 0.00734000
vt 0.19163001 0.00747000
vt 0.16681001 0.00739000
vt 0.14363000 0.00741000
vt 0.11803000 0.00744000
vt 0.09240000 0.00733000
vt 0.06075000 0.01245000
vt 0.05616000 0.00750000
vt 0.03046000 0.01064000
vt 0.02026000 0.01230000
vt 0.01060000 0.01281000
vt 0.00187000 0.00781000
vt 0.11527000 0.81787997
vt 0.97096997 0.43937001
vt 0.11392000 0.65682000
vt 0.11100000 0.70604002
vt 0.11730000 0.72438002
vt 0.04130000 0.30498001
vt 0.83927000 0.02415000
vt 0.84505999 0.02428000
vt 0.83973998 0.02318000
vt 0.83886999 0.02652000
vt 0.83881998 0.03129000
vt 0.84157997 0.03090000
vt 0.84438998 0.02953000
vt 0.85008001 0.02987000
vt 0.85443997 0.02860000
vt 0.34154001 0.01305000
vt 0.33983999 0.01299000
vt 0.84435999 0.03370000
vt 0.85457999 0.03599000
vt 0.33414999 0.01321000
vt 0.83876997 0.04278000
vt 0.84096003 0.03893000
vt 0.85070997 0.03791000
vt 0.84423000 0.04212000
vt 0.32695001 0.01332000
vt 0.84141999 0.05179000
vt 0.83872002 0.06750000
vt 0.84424001 0.07165000
vt 0.85176003 0.06275000
vt 0.84136999 0.07596000
vt 0.85433000 0.07127000
vt 0.85576999 0.07780000
vt 0.83871001 0.08938000
vt 0.84443998 0.09024000
vt 0.85468000 0.09433000
vt 0.84138000 0.09412000
vt 0.28097999 0.01301000
vt 0.83868998 0.09809000
vt 0.84438998 0.10514000
vt 0.86372000 0.10531000
vt 0.84153998 0.10468000
vt 0.25646999 0.01305000
vt 0.85346001 0.11664000
vt 0.83750999 0.12704000
vt 0.83859003 0.12868001
vt 0.03090000 0.46838000
vt 0.02998000 0.49709001
vt 0.02998000 0.45344001
vt 0.84439999 0.13378000
vt 0.84138000 0.13229001
vt 0.24135999 0.01297000
vt 0.85819000 0.14009000
vt 0.83877999 0.14030001
vt 0.84476000 0.15187000
vt 0.84148997 0.15181001
vt 0.83881998 0.14900000
vt 0.21665999 0.01266000
vt 0.84169000 0.17975000
vt 0.84456998 0.16485000
vt 0.85983002 0.16800000
vt 0.83881998 0.17118999
vt 0.85408002 0.17824000
vt 0.18888000 0.01265000
vt 0.84482998 0.18377000
vt 0.86505997 0.18929000
vt 0.83880001 0.20119999
vt 0.85636997 0.20099001
vt 0.84178001 0.20202000
vt 0.84454000 0.19721000
vt 0.17752001 0.01253000
vt 0.84443998 0.22905999
vt 0.15367000 0.01249000
vt 0.83882999 0.22634999
vt 0.13416000 0.01242000
vt 0.85431999 0.23974000
vt 0.83884001 0.23319000
vt 0.84452999 0.24852000
vt 0.83853000 0.23693000
vt 0.84166002 0.24796000
vt 0.83753997 0.25566000
vt 0.83758003 0.23616999
vt 0.85750002 0.25775999
vt 0.83886999 0.25428000
vt 0.83752000 0.27186000
vt 0.83882999 0.27109000
vt 0.84468001 0.27272999
vt 0.10429000 0.01243000
vt 0.84192997 0.28298000
vt 0.86309999 0.27961001
vt 0.83884001 0.28446001
vt 0.84432000 0.28422999
vt 0.87396002 0.28740999
vt 0.83750999 0.28685001
vt 0.86050999 0.28751001
vt 0.84174001 0.29685000
vt 0.84476000 0.30164999
vt 0.85499001 0.30399999
vt 0.08450000 0.01236000
vt 0.83882999 0.30050001
vt 0.83749002 0.31015000
vt 0.84174001 0.31615999
vt 0.83862001 0.31288001
vt 0.83884001 0.31851000
vt 0.84478998 0.32126999
vt 0.83885998 0.32921001
vt 0.85326999 0.33329001
vt 0.85648000 0.34709999
vt 0.84476000 0.35409999
vt 0.83890998 0.33895001
vt 0.04117000 0.01243000
vt 0.84173000 0.35771999
vt 0.83890998 0.35295999
vt 0.85674000 0.35664999
vt 0.83873999 0.35789001
vt 0.84509999 0.36842000
vt 0.85632002 0.36559001
vt 0.87015003 0.36553001
vt 0.83752000 0.36003000
vt 0.83897001 0.36950999
vt 0.83747000 0.37083000
vt 0.85635000 0.36952001
vt 0.86875999 0.37243000
vt 0.01269000 0.01260000
vt 0.83749998 0.37444001
vt 0.83885002 0.37439999
vt 0.84469002 0.37426001
vt 0.85557997 0.37274000
vt 0.85501999 0.37417999
vt 0.12387000 0.59565997
vt 0.13342001 0.79558003
vt 0.12324000 0.80111003
vt 0.11743000 0.63055003
vt 0.04688000 0.99326003
vt 0.83783001 0.02388000
vt 0.04691000 0.97535002
vt 0.85822999 0.02279000
vt 0.87090999 0.02429000
vt 0.87667000 0.02375000
vt 0.87755001 0.02433000
vt 0.83748001 0.02626000
vt 0.86313999 0.02616000
vt 0.87388998 0.02631000
vt 0.88204998 0.02459000
vt 0.89467001 0.02651000
vt 0.89965999 0.02519000
vt 0.90941000 0.02662000
vt 0.91284001 0.02540000
vt 0.92725998 0.02675000
vt 0.92778999 0.02578000
vt 0.83749998 0.03111000
vt 0.86500001 0.02968000
vt 0.88562000 0.02947000
vt 0.89612001 0.03063000
vt 0.91134000 0.03190000
vt 0.92536002 0.02870000
vt 0.94909000 0.02914000
vt 0.97157001 0.02907000
vt 0.98311001 0.02735000
vt 0.98102999 0.02895000
vt 0.99067998 0.02905000
vt 0.99843001 0.02764000
vt 0.99834001 0.02912000
vt 0.99949002 0.02920000
vt 0.99953997 0.02743000
vt 0.86589998 0.03287000
vt 0.88494998 0.03463000
vt 0.93300998 0.03277000
vt 0.98381001 0.03697000
vt 0.99322999 0.03515000
vt 0.99829000 0.03422000
vt 0.99941999 0.03517000
vt 0.86894000 0.03706000
vt 0.89828002 0.03710000
vt 0.93019998 0.03614000
vt 0.95892000 0.03820000
vt 0.89108002 0.04050000
vt 0.92742002 0.03913000
vt 0.96959001 0.04052000
vt 0.99822003 0.04226000
vt 0.99940997 0.04274000
vt 0.83741999 0.04417000
vt 0.86838001 0.04658000
vt 0.87646002 0.04600000
vt 0.92843997 0.04459000
vt 0.93877000 0.04213000
vt 0.90140003 0.05166000
vt 0.91215003 0.05368000
vt 0.92537999 0.04964000
vt 0.95257998 0.04996000
vt 0.96789998 0.04922000
vt 0.98508000 0.05051000
vt 0.99826002 0.04649000
vt 0.88436002 0.05189000
vt 0.99936998 0.06700000
vt 0.83723003 0.06897000
vt 0.94284999 0.05620000
vt 0.99045002 0.05769000
vt 0.87791997 0.06217000
vt 0.89444000 0.06093000
vt 0.92875999 0.06110000
vt 0.97021002 0.06095000
vt 0.99831003 0.06777000
vt 0.90110999 0.07028000
vt 0.93601000 0.06872000
vt 0.94875002 0.06761000
vt 0.98834997 0.06979000
vt 0.88587999 0.07043000
vt 0.92317998 0.06723000
vt 0.97703999 0.06948000
vt 0.96244001 0.07343000
vt 0.91193998 0.07408000
vt 0.92571998 0.07764000
vt 0.94049001 0.09329000
vt 0.95931000 0.08410000
vt 0.97609001 0.08459000
vt 0.99539000 0.09498000
vt 0.89832002 0.08424000
vt 0.98886001 0.08482000
vt 0.99939001 0.09101000
vt 0.83718002 0.09189000
vt 0.87777001 0.08638000
vt 0.88893998 0.09057000
vt 0.92014998 0.08795000
vt 0.95221001 0.09408000
vt 0.99831003 0.09428000
vt 0.87260997 0.09942000
vt 0.88371003 0.10841000
vt 0.90044999 0.10351000
vt 0.92374998 0.10335000
vt 0.98345000 0.10515000
vt 0.96591997 0.10335000
vt 0.99539000 0.11776000
vt 0.99834001 0.11268000
vt 0.95839000 0.12273000
vt 0.96801001 0.11408000
vt 0.94240999 0.11628000
vt 0.99941999 0.11676000
vt 0.90174001 0.12129000
vt 0.92154998 0.11976000
vt 0.98457998 0.12262000
vt 0.88729000 0.13546000
vt 0.97171998 0.12576000
vt 0.99834001 0.13418999
vt 0.99944001 0.13262001
vt 0.92601001 0.12895000
vt 0.95371997 0.13038000
vt 0.99553001 0.13499001
vt 0.83749998 0.13172001
vt 0.39458001 0.15480000
vt 0.90438002 0.13542999
vt 0.96969998 0.13479000
vt 0.98444998 0.13327999
vt 0.93946999 0.13732000
vt 0.96151000 0.14617001
vt 0.97974998 0.14140999
vt 0.83740002 0.14421000
vt 0.90209001 0.14442000
vt 0.92488998 0.14932001
vt 0.94918001 0.15192001
vt 0.98717999 0.14938000
vt 0.88472003 0.15152000
vt 0.97578001 0.15106000
vt 0.99825001 0.16042000
vt 0.99514002 0.15589000
vt 0.83718002 0.14809000
vt 0.90789998 0.15431000
vt 0.99926001 0.15855999
vt 0.83728999 0.15188000
vt 0.89434999 0.15639000
vt 0.97149003 0.15997000
vt 0.93286997 0.16071001
vt 0.98401999 0.16311000
vt 0.96578002 0.16658001
vt 0.90325999 0.16707000
vt 0.92009002 0.16436000
vt 0.94845998 0.16676000
vt 0.99528003 0.16749001
vt 0.93469000 0.16767000
vt 0.98711002 0.17427000
vt 0.88336998 0.17313001
vt 0.92139000 0.17275000
vt 0.98180002 0.18192001
vt 0.94528002 0.17817000
vt 0.96052003 0.18201999
vt 0.97570002 0.18337999
vt 0.83726001 0.19660001
vt 0.90254998 0.17986000
vt 0.99532002 0.18542001
vt 0.99830002 0.18645000
vt 0.99928999 0.18773000
vt 0.88739997 0.19221000
vt 0.91935003 0.18314999
vt 0.94059998 0.18955000
vt 0.90445000 0.19250000
vt 0.87876999 0.20194000
vt 0.89744002 0.20513999
vt 0.92575002 0.20006000
vt 0.98629999 0.19761001
vt 0.95467001 0.20175999
vt 0.98063999 0.20390999
vt 0.99550003 0.20569000
vt 0.99831998 0.20028999
vt 0.99934000 0.19967000
vt 0.96607000 0.21131000
vt 0.83731002 0.22510000
vt 0.92562002 0.21778999
vt 0.93821001 0.22409000
vt 0.95473999 0.21359999
vt 0.99935001 0.22470000
vt 0.90214998 0.22157000
vt 0.98638999 0.21635000
vt 0.88705999 0.22532000
vt 0.97381002 0.22036999
vt 0.98519999 0.22609000
vt 0.99831998 0.22851001
vt 0.94569999 0.23232999
vt 0.99470001 0.22860999
vt 0.95494998 0.23567000
vt 0.96929997 0.23973000
vt 0.83723003 0.23022000
vt 0.90224999 0.24052000
vt 0.92403001 0.24314000
vt 0.97948003 0.23657000
vt 0.99931997 0.24518000
vt 0.94349998 0.25126001
vt 0.95938998 0.25836000
vt 0.98645002 0.25136000
vt 0.99136001 0.25070000
vt 0.99505001 0.26065999
vt 0.99831998 0.25547001
vt 0.98109001 0.25777999
vt 0.90508997 0.26082000
vt 0.92381001 0.25317001
vt 0.97184998 0.27223000
vt 0.89678001 0.26876000
vt 0.92057002 0.27215999
vt 0.94348001 0.27206999
vt 0.98435998 0.27300999
vt 0.99928999 0.27654001
vt 0.95633000 0.27375999
vt 0.99458998 0.28318000
vt 0.99833000 0.28268999
vt 0.88744003 0.27711001
vt 0.89866000 0.29082999
vt 0.91349000 0.28933001
vt 0.93250000 0.29179999
vt 0.94940001 0.28612000
vt 0.98648000 0.28766000
vt 0.96298999 0.28916001
vt 0.97575998 0.28968999
vt 0.88321000 0.29934001
vt 0.99927998 0.29732001
vt 0.95125997 0.29714000
vt 0.98813999 0.29798001
vt 0.99304003 0.29756001
vt 0.98193002 0.30004999
vt 0.95933998 0.30472001
vt 0.97355998 0.31233999
vt 0.92570001 0.30750000
vt 0.94136000 0.30805999
vt 0.99834001 0.30785999
vt 0.90614003 0.31270999
vt 0.98820001 0.31226999
vt 0.97886002 0.32927999
vt 0.99190003 0.32374999
vt 0.96394002 0.32144001
vt 0.94954002 0.31720999
vt 0.83745003 0.31557000
vt 0.39497000 0.33875999
vt 0.89178002 0.32060999
vt 0.93269998 0.32034001
vt 0.83732003 0.31984001
vt 0.90276003 0.32508001
vt 0.99839997 0.33054000
vt 0.99930000 0.32225999
vt 0.92523998 0.33414000
vt 0.95296001 0.32990000
vt 0.83736998 0.33212000
vt 0.39535999 0.35530999
vt 0.88218999 0.33848000
vt 0.90439999 0.33748999
vt 0.94735998 0.33932000
vt 0.99558002 0.34164000
vt 0.83743000 0.34050000
vt 0.39535001 0.36370000
vt 0.95420003 0.34435999
vt 0.96648002 0.34529999
vt 0.99939001 0.34281000
vt 0.98114002 0.35001001
vt 0.98895001 0.34898001
vt 0.87730002 0.35098001
vt 0.99844998 0.35626999
vt 0.91408998 0.35341999
vt 0.93164003 0.34930000
vt 0.83745003 0.34999001
vt 0.39535001 0.37320000
vt 0.88621002 0.35584000
vt 0.89877999 0.35262999
vt 0.94727999 0.35451001
vt 0.97109997 0.35806000
vt 0.98636001 0.36589000
vt 0.99950999 0.36476001
vt 0.83749002 0.35697001
vt 0.39508000 0.38019001
vt 0.92326999 0.35889000
vt 0.96204001 0.36548999
vt 0.88363999 0.36575001
vt 0.90855002 0.36592999
vt 0.94025999 0.36102000
vt 0.99524999 0.36532000
vt 0.99839997 0.36458001
vt 0.39471999 0.39405000
vt 0.39482000 0.38325000
vt 0.92927998 0.36568999
vt 0.97566003 0.36820000
vt 0.88204998 0.37270001
vt 0.90878999 0.37266999
vt 0.91917998 0.37261999
vt 0.94836998 0.36941001
vt 0.98826998 0.36926001
vt 0.99844998 0.36976999
vt 0.99948001 0.37270001
vt 0.94972003 0.37259001
vt 0.98237997 0.37266001
vt 0.99234998 0.37265000
vt 0.99848002 0.37274000
vt 0.88051999 0.37430999
vt 0.91260999 0.37424001
vt 0.94722003 0.37410000
vt 0.97409999 0.37410000
vt 0.99102998 0.37419999
vt 0.99842000 0.37446001
vt 0.99953997 0.37487999
vt 0.57734001 0.93743998
vt 0.57617003 0.93909001
vt 0.57595003 0.93765002
vt 0.57002002 0.93901998
vt 0.56546003 0.94114000
vt 0.55949998 0.94132000
vt 0.96644002 0.84219998
vt 0.96629000 0.85606003
vt 0.96724999 0.84816998
vt 0.96661001 0.86923999
vt 0.96617001 0.87041998
vt 0.00186000 0.01887000
vt 0.12460000 0.59324002
vt 0.12842000 0.81764001
vt 0.97160000 0.44119999
vt 0.35400000 0.01918000
vt 0.39719000 0.04505000
vt 0.39715999 0.04690000
vt 0.39482999 0.04527000
vt 0.39477000 0.04693000
vt 0.39467999 0.04932000
vt 0.39768001 0.05300000
vt 0.39471999 0.05416000
vt 0.39719999 0.06782000
vt 0.39491999 0.06723000
vt 0.39489001 0.09204000
vt 0.39813000 0.20537999
vt 0.39508000 0.17497000
vt 0.39526999 0.21973000
vt 0.39521000 0.24823999
vt 0.39473000 0.31002000
vt 0.39901999 0.39809000
vt 0.39792001 0.39787999
vt 0.39463001 0.39767000
vt 0.04382000 0.25655001
vt 0.04464000 0.25751999
vt 0.04659000 0.25655001
vt 0.57795000 0.94132000
vt 0.39715001 0.39816001
vt 0.96072000 0.84249002
vt 0.96232998 0.84956002
vt 0.96424001 0.86335999
vt 0.96604002 0.87488002
vt 0.96415001 0.89447999
vt 0.96603000 0.90851998
vt 0.96420002 0.90678000
vt 0.96421999 0.93133998
vt 0.96591997 0.94480002
vt 0.96420002 0.94720000
vt 0.96596003 0.97297001
vt 0.96421999 0.97395998
vt 0.96430999 0.98249000
vt 0.96596003 0.99071997
vt 0.96412998 0.99058002
vt 0.96447998 0.99836999
vt 0.96600997 0.99847001
vt 0.96645999 0.99952000
vt 0.01068000 0.01807000
vt 0.13064000 0.59372997
vt 0.12250000 0.60776001
vt 0.12857001 0.66450000
vt 0.12673000 0.68545002
vt 0.12794000 0.76152003
vt 0.35336000 0.02450000
vt 0.40459001 0.08099000
vt 0.39493999 0.11498000
vt 0.40382001 0.12530001
vt 0.39493999 0.12437000
vt 0.40259999 0.17325000
vt 0.40360999 0.23206000
vt 0.39458001 0.29502001
vt 0.96007001 0.85197997
vt 0.96108001 0.88564998
vt 0.96085000 0.90684003
vt 0.96094000 0.95016998
vt 0.96120000 0.97610003
vt 0.96007001 0.98720002
vt 0.96064001 0.99542999
vt 0.12777001 0.74150002
vt 0.34312999 0.02665000
vt 0.40704000 0.04474000
vt 0.34167001 0.02726000
vt 0.40382001 0.04939000
vt 0.40887001 0.05903000
vt 0.40610999 0.20565000
vt 0.40509999 0.27214000
vt 0.40527001 0.33296999
vt 0.40525001 0.35774001
vt 0.41010001 0.39789999
vt 0.95608997 0.99381000
vt 0.95542002 0.87765002
vt 0.95339000 0.91837001
vt 0.95410001 0.93901998
vt 0.95203000 0.82985002
vt 0.96311998 0.82977998
vt 0.13740000 0.60180002
vt 0.12591000 0.61887997
vt 0.13709000 0.63638002
vt 0.41181001 0.04652000
vt 0.41714999 0.05330000
vt 0.41159001 0.11034000
vt 0.41354999 0.14341000
vt 0.41012001 0.24715000
vt 0.41275999 0.27630001
vt 0.41016001 0.30511999
vt 0.41003999 0.37149000
vt 0.95289999 0.99839997
vt 0.95269001 0.83709002
vt 0.95090002 0.86878997
vt 0.94926000 0.89664000
vt 0.95103002 0.97434998
vt 0.94985998 0.98622000
vt 0.01125000 0.02023000
vt 0.00077000 0.03258000
vt 0.14918000 0.59575999
vt 0.14668000 0.80461001
vt 0.13477001 0.81125998
vt 0.13696000 0.70590001
vt 0.41466999 0.18150000
vt 0.41591001 0.22316000
vt 0.41266999 0.33904001
vt 0.94742000 0.99160999
vt 0.94624001 0.85364002
vt 0.01069000 0.03915000
vt 0.14477000 0.60740000
vt 0.97175002 0.46371999
vt 0.41205001 0.04442000
vt 0.41811001 0.07661000
vt 0.41644001 0.09686000
vt 0.42366001 0.17219000
vt 0.94147003 0.99926001
vt 0.01134000 0.03916000
vt 0.93984002 0.88380998
vt 0.94088000 0.90561002
vt 0.94410998 0.94554001
vt 0.15042999 0.81791002
vt 0.97112000 0.47641000
vt 0.13571000 0.71860999
vt 0.35411999 0.02862000
vt 0.06759000 0.99259001
vt 0.41486999 0.04471000
vt 0.41576999 0.04650000
vt 0.42534000 0.14635000
vt 0.41992000 0.23707999
vt 0.42712000 0.25374001
vt 0.42805001 0.27524999
vt 0.42530000 0.30425000
vt 0.42715001 0.32861000
vt 0.42434999 0.35539001
vt 0.42498001 0.39445001
vt 0.93404001 0.84228998
vt 0.93593001 0.84802997
vt 0.93917000 0.86541998
vt 0.94098002 0.97689003
vt 0.00179000 0.04586000
vt 0.14714000 0.59323001
vt 0.07273000 0.99291998
vt 0.41999999 0.04481000
vt 0.42664999 0.06051000
vt 0.93101001 0.98817003
vt 0.15492000 0.61457002
vt 0.14752001 0.81127000
vt 0.14538001 0.73299998
vt 0.14557000 0.76572001
vt 0.14448000 0.77586001
vt 0.98882002 0.48260000
vt 0.35343000 0.04874000
vt 0.34334001 0.04829000
vt 0.42622000 0.11114000
vt 0.93232000 0.99834001
vt 0.92720002 0.97333997
vt 0.92830998 0.82979000
vt 0.92909998 0.83113003
vt 0.15196000 0.65438998
vt 0.14343999 0.68983001
vt 0.98048002 0.46891001
vt 0.34160000 0.04815000
vt 0.43309000 0.20303001
vt 0.44106001 0.39767000
vt 0.43382999 0.39798000
vt 0.92211998 0.85460001
vt 0.92821997 0.92506999
vt 0.93588001 0.94849998
vt 0.00069000 0.05165000
vt 0.15488000 0.81765997
vt 0.35424000 0.05657000
vt 0.42873001 0.04648000
vt 0.44593999 0.05358000
vt 0.43028000 0.07627000
vt 0.43843001 0.23800001
vt 0.92493999 0.87773001
vt 0.08501000 0.99313003
vt 0.43226001 0.04484000
vt 0.43683001 0.15707999
vt 0.90741998 0.99285001
vt 0.92467999 0.90151000
vt 0.92431003 0.94032001
vt 0.91373998 0.98096001
vt 0.00179000 0.05743000
vt 0.17046000 0.59382999
vt 0.97197002 0.48284999
vt 0.15555000 0.71741998
vt 0.15635000 0.73822999
vt 0.15558000 0.75674999
vt 0.44023001 0.09041000
vt 0.44538999 0.26684999
vt 0.44661999 0.31801000
vt 0.44295001 0.35389000
vt 0.44293001 0.39517000
vt 0.91536999 0.86400998
vt 0.01136000 0.05833000
vt 0.16023999 0.63168001
vt 0.15624000 0.81287998
vt 0.16461000 0.67172003
vt 0.16415000 0.68883997
vt 0.44036999 0.04649000
vt 0.34793001 0.06523000
vt 0.44049001 0.10719000
vt 0.44861001 0.12656000
vt 0.44356000 0.21298000
vt 0.92330003 0.99935001
vt 0.91666001 0.95621002
vt 0.16291000 0.60026997
vt 0.17148000 0.70341003
vt 0.34151000 0.06583000
vt 0.45557001 0.14557999
vt 0.91329002 0.93206000
vt 0.15952000 0.72680002
vt 0.09698000 0.99316001
vt 0.44422001 0.04481000
vt 0.44312999 0.07503000
vt 0.44733000 0.17454000
vt 0.45806000 0.29164001
vt 0.91461998 0.99839997
vt 0.91167998 0.91215998
vt 0.01078000 0.08682000
vt 0.00178000 0.08878000
vt 0.92482001 0.01115000
vt 0.95513999 0.01212000
vt 0.96632999 0.01115000
vt 0.16486000 0.79561001
vt 0.16245000 0.80186999
vt 0.35343999 0.09129000
vt 0.45307001 0.19586000
vt 0.90333998 0.84235001
vt 0.90736002 0.84843999
vt 0.17088000 0.61137998
vt 0.17789000 0.80504000
vt 0.17387000 0.76100999
vt 0.45681000 0.04637000
vt 0.45960000 0.16498999
vt 0.90597999 0.87748998
vt 0.90161002 0.89137000
vt 0.90565997 0.94125998
vt 0.16869999 0.59337002
vt 0.17180000 0.71512002
vt 0.17104000 0.73061001
vt 0.16689999 0.73957998
vt 0.17433999 0.77460998
vt 0.97122997 0.50668001
vt 0.98746002 0.50751001
vt 0.46121001 0.05817000
vt 0.46042001 0.07246000
vt 0.45824999 0.09090000
vt 0.45423999 0.10509000
vt 0.45679000 0.35629001
vt 0.89490998 0.98882002
vt 0.00070000 0.09407000
vt 0.17438000 0.81770003
vt 0.35427001 0.07454000
vt 0.46272999 0.23611000
vt 0.46065000 0.25634000
vt 0.46641001 0.39276999
vt 0.88945001 0.86589998
vt 0.89283001 0.98439997
vt 0.17614999 0.81295002
vt 0.17406000 0.64841002
vt 0.17386000 0.72430003
vt 0.17577000 0.73936999
vt 0.17373000 0.74836999
vt 0.11572000 0.99324000
vt 0.46294001 0.04472000
vt 0.46358001 0.21617000
vt 0.90096003 0.95837998
vt 0.18223000 0.60285002
vt 0.17828000 0.79525000
vt 0.17916000 0.81800002
vt 0.17686000 0.62333000
vt 0.47779000 0.39778000
vt 0.89730000 0.92676002
vt 0.89911002 0.97354001
vt 0.18238001 0.67833000
vt 0.17723000 0.69167000
vt 0.17556000 0.72535998
vt 0.35422999 0.09102000
vt 0.98899001 0.50932997
vt 0.34150001 0.08971000
vt 0.47521999 0.07906000
vt 0.46779999 0.19705001
vt 0.46722999 0.34117001
vt 0.89842999 0.91317999
vt 0.88433999 0.82984000
vt 0.88426000 0.83165997
vt 0.18154000 0.59570003
vt 0.17983000 0.65518999
vt 0.17996000 0.71894002
vt 0.18034001 0.72555000
vt 0.17757000 0.72956997
vt 0.18257000 0.74147999
vt 0.18671000 0.75488001
vt 0.47437000 0.11519000
vt 0.47332999 0.13350999
vt 0.88898998 0.99836999
vt 0.89464003 0.93860000
vt 0.65728998 0.52366000
vt 0.65627998 0.52210999
vt 0.65434003 0.52153999
vt 0.18019000 0.73611999
vt 0.19239999 0.70521998
vt 0.18421000 0.71822000
vt 0.17939000 0.72790998
vt 0.18292999 0.73760998
vt 0.19301000 0.77098000
vt 0.47575000 0.04622000
vt 0.47488999 0.05326000
vt 0.47939000 0.27311000
vt 0.47626001 0.29798001
vt 0.87840998 0.85156000
vt 0.88682997 0.85639000
vt 0.88572001 0.96991998
vt 0.50917000 0.95199001
vt 0.51060998 0.95209998
vt 0.65017998 0.55132997
vt 0.65052998 0.55044001
vt 0.65160000 0.55093002
vt 0.65222001 0.54974002
vt 0.65289003 0.54693002
vt 0.65346998 0.54351002
vt 0.65388000 0.53788000
vt 0.65130001 0.53017998
vt 0.65129000 0.52627999
vt 0.65114999 0.52138001
vt 0.19134000 0.79526001
vt 0.20415001 0.81287998
vt 0.18872000 0.65691000
vt 0.18742000 0.69138998
vt 0.18353000 0.72439998
vt 0.18337999 0.73663002
vt 0.98066002 0.51717001
vt 0.48328000 0.09607000
vt 0.48087001 0.16436000
vt 0.47771001 0.32537001
vt 0.47966000 0.36164999
vt 0.87375998 0.99928999
vt 0.01146000 0.11057000
vt 0.86189002 0.88721001
vt 0.88467002 0.93141001
vt 0.88690001 0.95232999
vt 0.50645000 0.95213997
vt 0.64744002 0.55141002
vt 0.64938998 0.54961002
vt 0.50827998 0.96227998
vt 0.64901000 0.54242003
vt 0.64757001 0.54360998
vt 0.64771998 0.54688001
vt 0.64908999 0.53636003
vt 0.64743000 0.53757000
vt 0.64726001 0.53406000
vt 0.58402997 0.01217000
vt 0.58493000 0.00862000
vt 0.64898002 0.53002000
vt 0.64697999 0.53022999
vt 0.58349001 0.01483000
vt 0.58554000 0.01645000
vt 0.64867002 0.52617002
vt 0.64613003 0.52653998
vt 0.58480000 0.01985000
vt 0.58888000 0.02048000
vt 0.59272999 0.02104000
vt 0.64831001 0.52284998
vt 0.59548002 0.02125000
vt 0.19822000 0.59338999
vt 0.58407003 0.02130000
vt 0.58849001 0.02190000
vt 0.59235001 0.02250000
vt 0.64784998 0.52134001
vt 0.59531999 0.02279000
vt 0.18704000 0.72534001
vt 0.18663000 0.73605001
vt 0.34503999 0.09954000
vt 0.47911999 0.06177000
vt 0.48245999 0.14589000
vt 0.87676001 0.91640002
vt 0.64538997 0.54983002
vt 0.50155002 0.96232003
vt 0.50340003 0.96003002
vt 0.64539999 0.54689997
vt 0.64539999 0.54403001
vt 0.64604002 0.54075998
vt 0.59257001 0.00313000
vt 0.59500003 0.00376000
vt 0.59362000 0.00105000
vt 0.59531999 0.00048000
vt 0.58675998 0.00561000
vt 0.58892000 0.00586000
vt 0.58941001 0.00354000
vt 0.58670002 0.00281000
vt 0.59223998 0.00640000
vt 0.64590001 0.53759998
vt 0.59429002 0.00679000
vt 0.59162003 0.00975000
vt 0.64569002 0.53413999
vt 0.59349000 0.01011000
vt 0.59432000 0.01410000
vt 0.20862000 0.59386998
vt 0.20491000 0.59599000
vt 0.20106000 0.60268998
vt 0.20040999 0.64602000
vt 0.18934000 0.71884000
vt 0.19204000 0.72358000
vt 0.18826000 0.72957999
vt 0.18802001 0.73346001
vt 0.19136000 0.73830998
vt 0.20293000 0.75620002
vt 0.98896998 0.52828997
vt 0.12902001 0.99335003
vt 0.47984999 0.22330999
vt 0.48163000 0.25026000
vt 0.86756998 0.99308002
vt 0.01071000 0.10588000
vt 0.87581998 0.89715999
vt 0.00175000 0.10353000
vt 0.64184999 0.54982001
vt 0.64218998 0.54688001
vt 0.64244002 0.54514998
vt 0.20918000 0.79496998
vt 0.20039000 0.80541998
vt 0.20163999 0.81765997
vt 0.19854000 0.67690003
vt 0.19772001 0.69237000
vt 0.19810000 0.71310002
vt 0.19159999 0.73293000
vt 0.19616000 0.74950999
vt 0.47999999 0.18617000
vt 0.49133000 0.36355999
vt 0.87897998 0.94277000
vt 0.49474001 0.95297003
vt 0.63558000 0.55115998
vt 0.63788998 0.54514003
vt 0.19599000 0.73039001
vt 0.19563000 0.73795998
vt 0.97119999 0.53403997
vt 0.35431999 0.10991000
vt 0.35349000 0.11154000
vt 0.13637000 0.99342000
vt 0.48783001 0.20900001
vt 0.48535001 0.34573999
vt 0.48974001 0.39432001
vt 0.87422001 0.84498000
vt 0.86194003 0.86983001
vt 0.63558000 0.54966998
vt 0.48912999 0.95998001
vt 0.63213998 0.54693002
vt 0.20146000 0.61510998
vt 0.20340000 0.73784000
vt 0.98137999 0.52824998
vt 0.34158999 0.11420000
vt 0.49070001 0.05399000
vt 0.48857000 0.12530001
vt 0.49032000 0.33423999
vt 0.86299002 0.93102002
vt 0.86842000 0.95151001
vt 0.48863000 0.95424002
vt 0.48675001 0.96231002
vt 0.97093999 0.53037000
vt 0.20622000 0.69556999
vt 0.49757001 0.07224000
vt 0.87230998 0.96687001
vt 0.00182000 0.12503000
vt 0.62590998 0.54961997
vt 0.21455000 0.62619001
vt 0.21317001 0.65761000
vt 0.20818000 0.70422000
vt 0.20818000 0.72217000
vt 0.49544001 0.29841000
vt 0.86102003 0.99839002
vt 0.84126002 0.83740002
vt 0.84355998 0.84801000
vt 0.00074000 0.12448000
vt 0.48142999 0.95323998
vt 0.62212002 0.55106997
vt 0.21212000 0.60860002
vt 0.97863001 0.54328001
vt 0.49623001 0.18931000
vt 0.49959999 0.25352001
vt 0.49954000 0.27590001
vt 0.49840000 0.33216000
vt 0.51054001 0.39765000
vt 0.01067000 0.12031000
vt 0.85219002 0.93902999
vt 0.21166000 0.80509001
vt 0.21382999 0.70984000
vt 0.22537000 0.72810000
vt 0.22442999 0.75204998
vt 0.50730002 0.05391000
vt 0.50217003 0.09228000
vt 0.50459999 0.11441000
vt 0.51103002 0.13850001
vt 0.51266998 0.15273000
vt 0.50604999 0.16804001
vt 0.49823001 0.21669000
vt 0.50348997 0.34635001
vt 0.83209002 0.84206998
vt 0.85598999 0.90608001
vt 0.85158998 0.82980001
vt 0.22085001 0.59342003
vt 0.23247001 0.60017997
vt 0.21933000 0.68019998
vt 0.23040999 0.80159998
vt 0.22402000 0.81611001
vt 0.22416000 0.74364001
vt 0.34687001 0.13681000
vt 0.50243002 0.23885000
vt 0.51564997 0.32688001
vt 0.85408002 0.91654998
vt 0.61716998 0.54957998
vt 0.47470999 0.96226001
vt 0.47341001 0.95991999
vt 0.03059000 0.10214000
vt 0.22982000 0.60781997
vt 0.22430000 0.69753999
vt 0.23980001 0.78456998
vt 0.23056000 0.71797001
vt 0.98100001 0.56750000
vt 0.98909003 0.55927002
vt 0.50870001 0.36129999
vt 0.23185000 0.80830002
vt 0.23300000 0.66272998
vt 0.23822001 0.67865002
vt 0.23152000 0.70740998
vt 0.97215003 0.56555998
vt 0.35440001 0.13626000
vt 0.51080000 0.20061000
vt 0.51051003 0.21754000
vt 0.50678998 0.29146999
vt 0.51730001 0.39012000
vt 0.00648000 0.13411000
vt 0.46289000 0.95317000
vt 0.60336000 0.55098999
vt 0.22905999 0.64823002
vt 0.24197000 0.81769001
vt 0.97114003 0.57284999
vt 0.23000000 0.73479998
vt 0.17056000 0.99357003
vt 0.51788002 0.06007000
vt 0.51120001 0.18667001
vt 0.83480000 0.86673999
vt 0.83626997 0.94599003
vt 0.84473997 0.96394998
vt 0.59785002 0.54949999
vt 0.46283999 0.96227002
vt 0.23289999 0.61737001
vt 0.25253001 0.78890002
vt 0.24489000 0.79566002
vt 0.51481998 0.07459000
vt 0.52671999 0.10893000
vt 0.51621002 0.23892000
vt 0.52665001 0.28457999
vt 0.84344000 0.99286002
vt 0.46197999 0.95990998
vt 0.03061000 0.08081000
vt 0.23934001 0.62773001
vt 0.35350999 0.15654001
vt 0.52749002 0.16629000
vt 0.51551998 0.26576999
vt 0.51604998 0.29470000
vt 0.00180000 0.15981001
vt 0.45045999 0.95422000
vt 0.25955999 0.59603000
vt 0.23973000 0.64165998
vt 0.24393000 0.81304002
vt 0.97147000 0.59324002
vt 0.34160000 0.14341000
vt 0.52376997 0.05387000
vt 0.53166002 0.34639001
vt 0.83002001 0.99603999
vt 0.82735997 0.88437003
vt 0.24144000 0.69700998
vt 0.54093999 0.30598000
vt 0.83623999 0.91790003
vt 0.24989000 0.74878001
vt 0.24013001 0.75918001
vt 0.52829999 0.07938000
vt 0.52108997 0.17565000
vt 0.52503997 0.19255000
vt 0.52449000 0.36214000
vt 0.83117998 0.89859998
vt 0.83471000 0.82985002
vt 0.24766000 0.72523999
vt 0.24526000 0.73794001
vt 0.53030998 0.13637000
vt 0.52282000 0.21087000
vt 0.52284998 0.24752000
vt 0.44872001 0.96222001
vt 0.44951001 0.95991999
vt 0.02878000 0.07038000
vt 0.26218000 0.59390002
vt 0.24925999 0.70801997
vt 0.18169001 0.99340999
vt 0.52529001 0.20986000
vt 0.52534002 0.24505000
vt 0.81089997 0.85711998
vt 0.01082000 0.16227999
vt 0.43417001 0.95319003
vt 0.57431000 0.55093002
vt 0.58736998 0.54948997
vt 0.25193000 0.60892999
vt 0.97220999 0.59265000
vt 0.35431001 0.15924001
vt 0.54944998 0.39256001
vt 0.52741998 0.39756000
vt 0.80561000 0.99932998
vt 0.01150000 0.18244000
vt 0.82418001 0.93194997
vt 0.24434000 0.59334999
vt 0.25672999 0.65796000
vt 0.25277001 0.77149999
vt 0.26344001 0.77789003
vt 0.25821999 0.81614000
vt 0.25474000 0.76248997
vt 0.53578001 0.05374000
vt 0.53898001 0.09018000
vt 0.54575002 0.12712000
vt 0.54267001 0.15702000
vt 0.54231000 0.32657999
vt 0.80958998 0.99843001
vt 0.82695001 0.95819998
vt 0.82010001 0.98238999
vt 0.03070000 0.06357000
vt 0.26175001 0.62255001
vt 0.25363001 0.64056998
vt 0.26567999 0.68566000
vt 0.26069000 0.80313998
vt 0.34158000 0.16328000
vt 0.54387999 0.06346000
vt 0.53135002 0.24755999
vt 0.54491001 0.36578000
vt 0.55018997 0.38788000
vt 0.43537000 0.95993000
vt 0.26633999 0.67211002
vt 0.26212999 0.69915003
vt 0.25994000 0.73701000
vt 0.54247999 0.24320000
vt 0.54048002 0.25658000
vt 0.54035997 0.27285999
vt 0.80862999 0.99252999
vt 0.81378001 0.90671998
vt 0.81294000 0.92111999
vt 0.80326998 0.97589999
vt 0.80734003 0.82985997
vt 0.57306999 0.54942000
vt 0.43226001 0.96223998
vt 0.27068999 0.70649999
vt 0.55405998 0.11511000
vt 0.54977000 0.17938000
vt 0.80770999 0.94297999
vt 0.00073000 0.18344000
vt 0.41666001 0.95424998
vt 0.27482000 0.60465997
vt 0.28703001 0.81287998
vt 0.98067999 0.59452999
vt 0.98925000 0.57815999
vt 0.55168998 0.05269000
vt 0.27478001 0.80660999
vt 0.26115999 0.71726000
vt 0.26429999 0.72324002
vt 0.27113000 0.72938001
vt 0.56778997 0.34406999
vt 0.56186002 0.35929000
vt 0.01075000 0.18477000
vt 0.80136001 0.86991000
vt 0.03083000 0.04977000
vt 0.35438001 0.17915000
vt 0.20590000 0.99317002
vt 0.35354999 0.18177000
vt 0.54811001 0.19753000
vt 0.55539000 0.22211000
vt 0.55728000 0.27656999
vt 0.55478001 0.39743000
vt 0.80387002 0.95380002
vt 0.00180000 0.18411000
vt 0.42106000 0.96226001
vt 0.41402000 0.95997000
vt 0.27362999 0.63287002
vt 0.27508000 0.65188003
vt 0.26920000 0.77067000
vt 0.28876999 0.81772000
vt 0.97132999 0.62225002
vt 0.27748999 0.74988002
vt 0.27052999 0.76038998
vt 0.56004000 0.08472000
vt 0.80306000 0.89301002
vt 0.41883999 0.95332003
vt 0.55887002 0.55085999
vt 0.56193000 0.54944003
vt 0.28670999 0.59340000
vt 0.28031000 0.70095998
vt 0.28040001 0.79562998
vt 0.55526000 0.14771999
vt 0.57165998 0.30770999
vt 0.79350001 0.84342998
vt 0.79434001 0.96385002
vt 0.28889000 0.77680999
vt 0.28262001 0.78674001
vt 0.27417001 0.72431999
vt 0.98910999 0.62557000
vt 0.98931003 0.60385001
vt 0.34685999 0.19175000
vt 0.34158999 0.18639000
vt 0.56941003 0.18452001
vt 0.56331998 0.25733000
vt 0.79174000 0.85043001
vt 0.55703002 0.54939997
vt 0.03090000 0.03893000
vt 0.28097001 0.67044002
vt 0.27755001 0.71621001
vt 0.28158000 0.76425999
vt 0.56817001 0.12761000
vt 0.56879002 0.15984000
vt 0.56667000 0.33002001
vt 0.78640997 0.88150001
vt 0.79473001 0.91924000
vt 0.78530002 0.92660999
vt 0.78795999 0.82989001
vt 0.41306001 0.96227998
vt 0.29058000 0.59582001
vt 0.28749999 0.71227002
vt 0.28207001 0.73816001
vt 0.35466000 0.20423999
vt 0.21680000 0.99330002
vt 0.57045001 0.05861000
vt 0.77917999 0.99836999
vt 0.78956002 0.90740001
vt 0.41121000 0.95406002
vt 0.41223001 0.95297998
vt 0.55224001 0.55102003
vt 0.55136001 0.54948997
vt 0.03090000 0.03448000
vt 0.29060999 0.59393001
vt 0.29030001 0.61465001
vt 0.28769001 0.64730000
vt 0.28573999 0.71995997
vt 0.28248000 0.72649997
vt 0.35369000 0.21013001
vt 0.56805003 0.21800999
vt 0.00181000 0.20254000
vt 0.40983000 0.96231002
vt 0.40981999 0.96000999
vt 0.03084000 0.03131000
vt 0.28692999 0.69349003
vt 0.28593001 0.74044001
vt 0.34150001 0.20780000
vt 0.57176000 0.14543000
vt 0.57415998 0.39739999
vt 0.76928997 0.98355001
vt 0.40463999 0.95383000
vt 0.40537000 0.95208001
vt 0.54536003 0.55132997
vt 0.40623999 0.96232003
vt 0.02943000 0.02958000
vt 0.29470000 0.80413997
vt 0.97166002 0.64304000
vt 0.28565001 0.72702998
vt 0.28569001 0.72937000
vt 0.28545001 0.73324001
vt 0.29587001 0.74501997
vt 0.57903999 0.23913001
vt 0.57476997 0.27013999
vt 0.57990003 0.39241001
vt 0.00062000 0.20642000
vt 0.54412001 0.55032998
vt 0.54617000 0.53757000
vt 0.54575002 0.53432000
vt 0.54549003 0.53195000
vt 0.29554000 0.62744999
vt 0.28986001 0.70210999
vt 0.28783000 0.72697997
vt 0.28737000 0.73040998
vt 0.28661999 0.73145002
vt 0.29503000 0.74023002
vt 0.58143997 0.06736000
vt 0.57265002 0.09225000
vt 0.78022999 0.99927002
vt 0.01138000 0.20922001
vt 0.76081997 0.83754998
vt 0.77837998 0.86772001
vt 0.77960002 0.95414001
vt 0.77947003 0.97649997
vt 0.40209001 0.95477003
vt 0.39131001 0.86303997
vt 0.39128000 0.86009997
vt 0.39302999 0.86210001
vt 0.39324000 0.85851997
vt 0.40235999 0.95234001
vt 0.54234999 0.55132002
vt 0.54171002 0.54992998
vt 0.39203000 0.85576999
vt 0.39344999 0.85620999
vt 0.40230000 0.96266001
vt 0.36395001 0.13535000
vt 0.38962001 0.86466002
vt 0.38857001 0.86337000
vt 0.39032000 0.86469001
vt 0.38835001 0.86005998
vt 0.54245001 0.54885000
vt 0.54088002 0.54674000
vt 0.38602999 0.86004001
vt 0.38637999 0.85728002
vt 0.38572001 0.85522002
vt 0.54069000 0.54386002
vt 0.54079002 0.54053998
vt 0.54062003 0.53735000
vt 0.54047000 0.52673000
vt 0.54049999 0.52354002
vt 0.54250997 0.52359003
vt 0.30140999 0.60679001
vt 0.29710001 0.67935002
vt 0.30612001 0.70007998
vt 0.54044002 0.52201003
vt 0.54330999 0.52210999
vt 0.30456001 0.78894001
vt 0.30125001 0.79556000
vt 0.29442999 0.71827000
vt 0.29611999 0.75427002
vt 0.58555001 0.10016000
vt 0.58506000 0.13460000
vt 0.58942002 0.20163999
vt 0.77828997 0.84222001
vt 0.77381998 0.85992998
vt 0.77205998 0.89608997
vt 0.77934003 0.94322997
vt 0.54032999 0.54833001
vt 0.38328999 0.86018002
vt 0.38152000 0.85733998
vt 0.38431999 0.85592997
vt 0.53961003 0.54273999
vt 0.37920001 0.86216998
vt 0.37843001 0.85974997
vt 0.37601000 0.85731000
vt 0.53846002 0.53687000
vt 0.37842000 0.85544002
vt 0.37630001 0.86246002
vt 0.37557000 0.85996997
vt 0.53794998 0.53356999
vt 0.37524000 0.85478997
vt 0.37424999 0.86080003
vt 0.53795999 0.53007001
vt 0.53684002 0.53009999
vt 0.53763002 0.52661002
vt 0.53498000 0.52344000
vt 0.31435999 0.60206002
vt 0.29962000 0.70558000
vt 0.53750002 0.52209002
vt 0.29412001 0.73662001
vt 0.29405999 0.73773003
vt 0.29115999 0.73632997
vt 0.59754997 0.14177001
vt 0.36908001 0.85756999
vt 0.37360999 0.85588998
vt 0.37125000 0.85509002
vt 0.37178999 0.85398000
vt 0.36886001 0.85500002
vt 0.53526002 0.52669001
vt 0.36829999 0.85303003
vt 0.36577001 0.86377001
vt 0.30464000 0.65719998
vt 0.36420000 0.86466002
vt 0.30100000 0.81133002
vt 0.29850000 0.81772000
vt 0.97141999 0.63248998
vt 0.30193001 0.71350002
vt 0.29942000 0.72121000
vt 0.34681001 0.21435000
vt 0.59404999 0.05443000
vt 0.58719999 0.17233001
vt 0.59118998 0.35878000
vt 0.77006000 0.91364998
vt 0.76989001 0.96710998
vt 0.76868999 0.82985002
vt 0.36473000 0.85768998
vt 0.36704001 0.85488999
vt 0.36482999 0.85478002
vt 0.36658999 0.85342002
vt 0.29738000 0.73312002
vt 0.29824999 0.73468000
vt 0.53367001 0.52587998
vt 0.36524999 0.85213000
vt 0.31343001 0.62115997
vt 0.36300999 0.85763001
vt 0.36311999 0.85470998
vt 0.36355001 0.85209000
vt 0.29890001 0.73720002
vt 0.29984999 0.73499000
vt 0.29949999 0.72618997
vt 0.29784000 0.72496003
vt 0.30076000 0.73980999
vt 0.60351002 0.07647000
vt 0.59292001 0.27024999
vt 0.76944000 0.92865002
vt 0.30609000 0.80176997
vt 0.30326000 0.72516000
vt 0.30120000 0.73075998
vt 0.30021000 0.72939998
vt 0.30034000 0.73236001
vt 0.30076000 0.73593003
vt 0.98409998 0.64933997
vt 0.59382999 0.30936000
vt 0.59684002 0.32940999
vt 0.76993001 0.84685999
vt 0.76330000 0.85205001
vt 0.31841999 0.68009001
vt 0.31499001 0.79560000
vt 0.30641001 0.71917999
vt 0.30298999 0.73260999
vt 0.30320999 0.74131000
vt 0.74892002 0.99923998
vt 0.00178000 0.23264000
vt 0.32047999 0.59342003
vt 0.31283000 0.80804002
vt 0.30910999 0.73582000
vt 0.35369000 0.24453001
vt 0.59381002 0.04473000
vt 0.60444999 0.10909000
vt 0.60048002 0.24038000
vt 0.76595998 0.87533998
vt 0.76402998 0.94116002
vt 0.31707999 0.59401000
vt 0.31610999 0.78103000
vt 0.31931001 0.80220002
vt 0.31547001 0.81298000
vt 0.32435000 0.81774002
vt 0.97156000 0.65987998
vt 0.60109001 0.21225999
vt 0.60139000 0.35030001
vt 0.61001998 0.39225999
vt 0.61501002 0.39726001
vt 0.59346002 0.39739001
vt 0.31419000 0.72759002
vt 0.35468000 0.23774000
vt 0.34503001 0.24081001
vt 0.60562003 0.04474000
vt 0.34160000 0.24305999
vt 0.60297000 0.17080000
vt 0.75553000 0.82989001
vt 0.32346001 0.64380997
vt 0.32554999 0.70560998
vt 0.31805000 0.76705998
vt 0.60769999 0.29949999
vt 0.74752003 0.99838001
vt 0.75106001 0.85430002
vt 0.75313002 0.86157000
vt 0.74505001 0.87867999
vt 0.75200999 0.89456999
vt 0.74259001 0.90127999
vt 0.75453001 0.91794002
vt 0.75114000 0.93180001
vt 0.75015002 0.96793997
vt 0.32589999 0.79113001
vt 0.33618000 0.80671000
vt 0.32479000 0.74620998
vt 0.74711001 0.82989001
vt 0.75015002 0.84539002
vt 0.00063000 0.25448999
vt 0.32923001 0.60794997
vt 0.32868999 0.62079000
vt 0.33219999 0.66535997
vt 0.32989001 0.72829998
vt 0.33647999 0.78043002
vt 0.98914999 0.65680999
vt 0.61948001 0.09150000
vt 0.61496001 0.32398999
vt 0.61508000 0.36210001
vt 0.75168002 0.94406003
vt 0.33849999 0.59636003
vt 0.33159000 0.76358002
vt 0.33608001 0.78877002
vt 0.60991001 0.05269000
vt 0.61874002 0.05698000
vt 0.61738998 0.12459000
vt 0.61317003 0.18804000
vt 0.61721998 0.22566000
vt 0.61504000 0.27474001
vt 0.74041998 0.84061998
vt 0.73878002 0.86690998
vt 0.01135000 0.24223000
vt 0.00503000 0.24612001
vt 0.34143001 0.79891998
vt 0.61944997 0.16202000
vt 0.73883998 0.92694002
vt 0.74027997 0.94709003
vt 0.74199998 0.98503000
vt 0.34178999 0.59394997
vt 0.33589000 0.63699001
vt 0.35777000 0.81318003
vt 0.61840999 0.04463000
vt 0.61758000 0.34692001
vt 0.33669001 0.69744003
vt 0.34582001 0.72505999
vt 0.34639999 0.74270999
vt 0.35646001 0.81598997
vt 0.35462001 0.25026000
vt 0.62909001 0.30469000
vt 0.72898000 0.85350001
vt 0.33971000 0.59344000
vt 0.34248000 0.60764003
vt 0.34397000 0.61950999
vt 0.34865999 0.70840001
vt 0.98931003 0.67041999
vt 0.35361001 0.25766000
vt 0.63126999 0.05753000
vt 0.62905997 0.20084000
vt 0.62571001 0.27618000
vt 0.73148000 0.86350000
vt 0.72959000 0.83126998
vt 0.34889001 0.66325998
vt 0.34180999 0.26660001
vt 0.72825003 0.84618002
vt 0.73317999 0.96660000
vt 0.73018998 0.82989001
vt 0.34891000 0.68479002
vt 0.34240001 0.76617998
vt 0.35942000 0.80940002
vt 0.62791002 0.04469000
vt 0.63279998 0.07897000
vt 0.63248998 0.09922000
vt 0.62880999 0.15184000
vt 0.63510001 0.22968000
vt 0.63077998 0.33349001
vt 0.63192999 0.39728999
vt 0.73289001 0.99928999
vt 0.72684002 0.99260002
vt 0.00181000 0.26515001
vt 0.35071999 0.60056001
vt 0.35380000 0.63220000
vt 0.35898000 0.79696000
vt 0.97198999 0.70542997
vt 0.35466999 0.26978001
vt 0.63327998 0.12733001
vt 0.73048002 0.91917998
vt 0.72685999 0.94134003
vt 0.01135000 0.25914001
vt 0.35341999 0.75875998
vt 0.35701999 0.78127003
vt 0.97277999 0.70326000
vt 0.64485002 0.04848000
vt 0.63835001 0.26526001
vt 0.72468001 0.87327999
vt 0.36030999 0.59350997
vt 0.36074999 0.60632998
vt 0.35834000 0.69698000
vt 0.35971999 0.77134001
vt 0.36324000 0.78988999
vt 0.98939002 0.69353998
vt 0.64686000 0.04465000
vt 0.63949001 0.06543000
vt 0.63692999 0.17033000
vt 0.63925999 0.36133000
vt 0.72618997 0.89854002
vt 0.72443002 0.97241998
vt 0.71803999 0.98556000
vt 0.35370001 0.27735999
vt 0.64046001 0.05616000
vt 0.64139998 0.30254999
vt 0.64144999 0.39530000
vt 0.64095002 0.39745000
vt 0.71741003 0.99941999
vt 0.01129000 0.27546999
vt 0.01020000 0.26976001
vt 0.72162998 0.84135997
vt 0.72157001 0.88581997
vt 0.72127002 0.91271001
vt 0.36026001 0.73373997
vt 0.36109000 0.75568998
vt 0.36111999 0.80347002
vt 0.36124000 0.81778002
vt 0.97170001 0.69866002
vt 0.64116001 0.10404000
vt 0.64244998 0.12411000
vt 0.64218998 0.17690000
vt 0.64192998 0.20311999
vt 0.64210999 0.23158000
vt 0.64372998 0.33539999
vt 0.71280003 0.85992998
vt 0.71296000 0.92975998
vt 0.71287000 0.95270002
vt 0.71827000 0.95864999
vt 0.71294999 0.97152001
vt 0.72115999 0.82993001
vt 0.00049000 0.28494999
vt 0.37118000 0.59619999
vt 0.36171001 0.61967999
vt 0.36447001 0.67773998
vt 0.34329000 0.27842000
vt 0.64287001 0.08169000
vt 0.64315999 0.15024000
vt 0.64396000 0.37219000
vt 0.64885002 0.39111999
vt 0.71289998 0.87864000
vt 0.71698999 0.99212998
vt 0.00160000 0.28301999
vt 0.37018999 0.59403002
vt 0.37232000 0.60216999
vt 0.36506999 0.65442997
vt 0.36390999 0.72095001
vt 0.65050000 0.19374999
vt 0.65055001 0.21999000
vt 0.65065002 0.25062999
vt 0.65063000 0.27114999
vt 0.65072000 0.29699001
vt 0.65078998 0.31924000
vt 0.65092999 0.39723000
vt 0.71607000 0.99833000
vt 0.71612000 0.99941999
vt 0.65074998 0.39798000
vt 0.71284997 0.84494001
vt 0.71292001 0.90103000
vt 0.01068000 0.27682999
vt 0.71380001 0.83261001
vt 0.37597999 0.59351999
vt 0.37318000 0.61931002
vt 0.36995000 0.63551003
vt 0.36730000 0.69150001
vt 0.36873999 0.70482999
vt 0.36804000 0.74506998
vt 0.35470000 0.28687999
vt 0.34162000 0.28220001
vt 0.65075999 0.06711000
vt 0.65059000 0.08260000
vt 0.65061003 0.09718000
vt 0.65052003 0.12704000
vt 0.65050000 0.15275000
vt 0.65053999 0.17161000
vt 0.65096998 0.36173999
vt 0.65082002 0.34060001
vt 0.71289998 0.98574001
vt 0.71283001 0.99847001
vt 0.71297997 0.99945003
vt 0.01052000 0.28013000
vt 0.37272999 0.73478001
vt 0.37428999 0.76177001
vt 0.38040000 0.81598997
vt 0.35363001 0.29165000
vt 0.65175003 0.04505000
vt 0.65148997 0.04899000
vt 0.74308002 0.47477999
vt 0.74400002 0.49399000
vt 0.74308002 0.50484997
vt 0.65101999 0.38137001
vt 0.71129000 0.84086001
vt 0.71135002 0.87515002
vt 0.71143001 0.92453003
vt 0.71143001 0.95276999
vt 0.71148002 0.97002000
vt 0.71153003 0.98746997
vt 0.71148998 0.99849999
vt 0.71122998 0.99952000
vt 0.01062000 0.28198001
vt 0.37437001 0.66804999
vt 0.34364000 0.28553000
vt 0.33934000 0.28246000
vt 0.65126002 0.05513000
vt 0.32462001 0.28198999
vt 0.30432999 0.28162000
vt 0.32370999 0.28160000
vt 0.28038999 0.28159001
vt 0.24179000 0.28433001
vt 0.26122001 0.28160000
vt 0.24060000 0.28161001
vt 0.22010000 0.28163999
vt 0.17558999 0.28162000
vt 0.15786999 0.28654000
vt 0.15033001 0.28165999
vt 0.13618000 0.29172999
vt 0.11818000 0.28165999
vt 0.05734000 0.28165999
vt 0.03771000 0.28633001
vt 0.03426000 0.28158000
vt 0.02500000 0.28630999
vt 0.02096000 0.28163001
vt 0.01934000 0.28189000
vt 0.65148997 0.39688000
vt 0.94915998 0.75849003
vt 0.95062000 0.75897002
vt 0.94494998 0.75818002
vt 0.37874001 0.71770000
vt 0.37441000 0.78558999
vt 0.37720001 0.79830998
vt 0.38387001 0.80716002
vt 0.38337001 0.81426001
vt 0.38229999 0.81783998
vt 0.97196001 0.72082001
vt 0.35033000 0.29207999
vt 0.33662999 0.29148000
vt 0.32330999 0.29161000
vt 0.30300000 0.29159001
vt 0.27845001 0.29159001
vt 0.26074001 0.29157999
vt 0.24214999 0.29161999
vt 0.22250000 0.29170001
vt 0.21134999 0.28832999
vt 0.19582000 0.28163001
vt 0.17927000 0.29164001
vt 0.11409000 0.29170999
vt 0.09516000 0.28165999
vt 0.09302000 0.29170001
vt 0.07718000 0.28167999
vt 0.06231000 0.29176000
vt 0.05137000 0.29179999
vt 0.01109000 0.29146999
vt 0.97316998 0.73026001
vt 0.98565000 0.72004998
vt 0.35464001 0.29155999
vt 0.03624000 0.29176000
vt 0.00242000 0.29339999
vt 0.00046000 0.29337001
vt 0.37904999 0.60420001
vt 0.38143000 0.62366998
vt 0.37928000 0.64047003
vt 0.37880000 0.66167998
vt 0.37821999 0.69454998
vt 0.38170001 0.74294001
vt 0.37806001 0.77607000
vt 0.43059999 0.64960998
vt 0.42978001 0.65268999
vt 0.42989999 0.64999998
vt 0.42978001 0.66157001
vt 0.43075001 0.66510999
vt 0.42963001 0.67574000
vt 0.43070000 0.67743999
vt 0.43065000 0.70103002
vt 0.42956001 0.69270003
vt 0.42954999 0.70912999
vt 0.43064001 0.73659003
vt 0.42952001 0.72940999
vt 0.42964000 0.74115998
vt 0.43075001 0.74873000
vt 0.42960000 0.75844002
vt 0.43065000 0.76940000
vt 0.42956001 0.77882999
vt 0.43055999 0.79168999
vt 0.42943999 0.79136997
vt 0.43055999 0.81774002
vt 0.42943999 0.81479001
vt 0.42943001 0.82387000
vt 0.43090999 0.82707000
vt 0.42956999 0.82709998
vt 0.35461000 0.29339999
vt 0.35365999 0.29332000
vt 0.43066001 0.82857001
vt 0.42974001 0.82880998
vt 0.43358001 0.64981002
vt 0.43346000 0.65182000
vt 0.43386999 0.66605997
vt 0.43366000 0.67885000
vt 0.43340999 0.69316000
vt 0.43478999 0.70617002
vt 0.43402001 0.73837000
vt 0.43331000 0.79313999
vt 0.43327001 0.81791002
vt 0.35025999 0.29330999
vt 0.43408000 0.82862997
vt 0.44176999 0.65136999
vt 0.44033000 0.68489999
vt 0.43829000 0.72473001
vt 0.43827000 0.76638001
vt 0.43825999 0.78864998
vt 0.44147000 0.80373001
vt 0.43691000 0.82747000
vt 0.44114000 0.75161999
vt 0.44312999 0.81453001
vt 0.44490999 0.65454000
vt 0.44255999 0.70315999
vt 0.44255000 0.72424001
vt 0.44402000 0.78258002
vt 0.44672000 0.82493001
vt 0.45168000 0.82735002
vt 0.44843999 0.65000999
vt 0.44701999 0.66589999
vt 0.44635999 0.68750000
vt 0.44667000 0.72042000
vt 0.44551000 0.75563997
vt 0.33298999 0.29300001
vt 0.45135000 0.82839000
vt 0.45157999 0.67469001
vt 0.45598000 0.69392002
vt 0.45313999 0.71258998
vt 0.45122001 0.75362003
vt 0.45186001 0.78092998
vt 0.45311999 0.66433001
vt 0.46118000 0.67964000
vt 0.46353999 0.70681000
vt 0.45978001 0.74028999
vt 0.47365001 0.65131998
vt 0.47049999 0.65425003
vt 0.46224999 0.66486001
vt 0.45570001 0.79951000
vt 0.45859000 0.82454997
vt 0.47418001 0.64994001
vt 0.46320000 0.73131001
vt 0.46972001 0.76612997
vt 0.46390000 0.81103998
vt 0.46535999 0.79044002
vt 0.29791999 0.29291001
vt 0.48642001 0.82832998
vt 0.47464001 0.65908998
vt 0.47470999 0.68871999
vt 0.47398001 0.71280998
vt 0.47393000 0.66880000
vt 0.47451001 0.80698001
vt 0.48080999 0.82492000
vt 0.49786001 0.82731003
vt 0.48684001 0.75354999
vt 0.48368001 0.78087997
vt 0.48636001 0.81987000
vt 0.48964000 0.67970997
vt 0.48591000 0.73562002
vt 0.49171001 0.80473000
vt 0.49307001 0.66925001
vt 0.49026999 0.71801001
vt 0.50011998 0.76635998
vt 0.49597001 0.65950000
vt 0.49974000 0.69496000
vt 0.49416000 0.70488000
vt 0.50441998 0.65425003
vt 0.50825000 0.78605998
vt 0.50480002 0.65131998
vt 0.50314999 0.73724997
vt 0.51270998 0.82494998
vt 0.51634002 0.68250000
vt 0.51657999 0.81955999
vt 0.51779997 0.64994001
vt 0.52328002 0.66996002
vt 0.51203001 0.75380999
vt 0.51611000 0.71995002
vt 0.51806003 0.80672002
vt 0.25439000 0.29293999
vt 0.52995998 0.82835001
vt 0.52032000 0.66051000
vt 0.52122003 0.69576001
vt 0.53088999 0.70185000
vt 0.52407998 0.73997998
vt 0.52744001 0.77069002
vt 0.52572000 0.65131003
vt 0.52916002 0.65434998
vt 0.53640002 0.73027998
vt 0.52460003 0.82734001
vt 0.54452002 0.70648003
vt 0.52977002 0.75806999
vt 0.53627002 0.79421002
vt 0.54830003 0.64994001
vt 0.55400997 0.71627003
vt 0.54021001 0.74365997
vt 0.54437000 0.66153997
vt 0.54773998 0.81102997
vt 0.55852002 0.66785997
vt 0.55934000 0.67427999
vt 0.56098998 0.68356001
vt 0.55083001 0.82468998
vt 0.54927999 0.75778002
vt 0.55239999 0.82736999
vt 0.56291002 0.65136999
vt 0.55100000 0.79128999
vt 0.57125002 0.77004999
vt 0.21764000 0.29293999
vt 0.56672001 0.82826000
vt 0.56835002 0.69296998
vt 0.56493002 0.73049003
vt 0.56321001 0.82037997
vt 0.56371999 0.65429997
vt 0.56509000 0.78140002
vt 0.56819999 0.80545998
vt 0.57121003 0.66017002
vt 0.57446998 0.64991999
vt 0.57454002 0.75558001
vt 0.58787000 0.70444000
vt 0.58320999 0.79674000
vt 0.59739000 0.82038999
vt 0.59919000 0.82507002
vt 0.59560001 0.65434998
vt 0.59447998 0.66987997
vt 0.60304999 0.82739002
vt 0.59820002 0.66162997
vt 0.59267998 0.81156999
vt 0.60254002 0.65136999
vt 0.58585000 0.71701998
vt 0.58846003 0.73237002
vt 0.58783001 0.78525001
vt 0.59504002 0.75470001
vt 0.59683001 0.77512997
vt 0.59742999 0.79576999
vt 0.17606001 0.29300001
vt 0.60829997 0.82830000
vt 0.60567999 0.68037999
vt 0.59833002 0.69555998
vt 0.60703999 0.72140998
vt 0.60500002 0.70590001
vt 0.60465002 0.73790997
vt 0.62686998 0.66685998
vt 0.61145997 0.77515000
vt 0.61777002 0.81150001
vt 0.62036997 0.73632997
vt 0.62322998 0.75498998
vt 0.61554003 0.79174000
vt 0.62774998 0.66097999
vt 0.62879002 0.69362998
vt 0.62671000 0.70716000
vt 0.63564003 0.65000999
vt 0.63101000 0.67580003
vt 0.64638001 0.65147001
vt 0.64284003 0.72009999
vt 0.62966001 0.80124003
vt 0.63687998 0.77790999
vt 0.64753997 0.82744998
vt 0.64003003 0.65442997
vt 0.64029002 0.76607001
vt 0.63694000 0.81721002
vt 0.65697002 0.74457997
vt 0.64752001 0.79240000
vt 0.13499001 0.29304999
vt 0.64936000 0.82836002
vt 0.65768999 0.81112999
vt 0.65178001 0.66049999
vt 0.65855002 0.66917002
vt 0.64973998 0.69831997
vt 0.65954000 0.80014998
vt 0.65363997 0.82507998
vt 0.66163999 0.67872000
vt 0.65639001 0.73118001
vt 0.66496003 0.75905001
vt 0.66061997 0.82010001
vt 0.65043002 0.64993000
vt 0.66927999 0.78211999
vt 0.68475997 0.65140998
vt 0.68300998 0.65469003
vt 0.68190002 0.66364998
vt 0.67939001 0.71100998
vt 0.09150000 0.29308000
vt 0.69286001 0.82841003
vt 0.65290999 0.64980000
vt 0.68353999 0.64995998
vt 0.67773002 0.69141001
vt 0.68418998 0.73196000
vt 0.69454002 0.81031001
vt 0.69730002 0.82520998
vt 0.70166999 0.82752001
vt 0.68730003 0.67433000
vt 0.68681997 0.78011000
vt 0.70297003 0.82053000
vt 0.29258999 0.58710003
vt 0.68702000 0.69720000
vt 0.68808001 0.75322002
vt 0.68476999 0.76643002
vt 0.68861002 0.79689997
vt 0.69340998 0.65934002
vt 0.31538999 0.58705002
vt 0.70638001 0.65000999
vt 0.69920999 0.69300002
vt 0.70346999 0.71915001
vt 0.70896000 0.76099998
vt 0.70420003 0.78815001
vt 0.70183003 0.65153998
vt 0.71394998 0.77699000
vt 0.71377999 0.79969001
vt 0.70774001 0.66570997
vt 0.70801002 0.67600000
vt 0.71055001 0.74325001
vt 0.71785998 0.66052997
vt 0.71103001 0.69518000
vt 0.72689998 0.65451002
vt 0.72084999 0.72092003
vt 0.72931999 0.65153003
vt 0.73009998 0.82756001
vt 0.05910000 0.29313001
vt 0.72525001 0.82840002
vt 0.72549999 0.66940999
vt 0.72618002 0.68153000
vt 0.72577000 0.69633001
vt 0.72488999 0.75174999
vt 0.73080999 0.82533002
vt 0.73373997 0.71348000
vt 0.73509002 0.77042001
vt 0.73311001 0.78890002
vt 0.72824001 0.80690002
vt 0.73694998 0.65920001
vt 0.73723000 0.74397999
vt 0.74460000 0.82454002
vt 0.74059999 0.67721999
vt 0.73896003 0.69630998
vt 0.73885000 0.80361998
vt 0.37196001 0.58728999
vt 0.76296997 0.64995003
vt 0.74454999 0.66788000
vt 0.74282998 0.82762998
vt 0.03650000 0.29321000
vt 0.74785000 0.82862002
vt 0.74651998 0.65170997
vt 0.74883997 0.70523000
vt 0.75203001 0.75308001
vt 0.74993002 0.81637001
vt 0.75190997 0.66071999
vt 0.75006998 0.78091002
vt 0.75076997 0.79790998
vt 0.75494999 0.68945998
vt 0.75593001 0.73716003
vt 0.76516002 0.65193999
vt 0.76038998 0.67210001
vt 0.76120001 0.70245999
vt 0.75876999 0.78171003
vt 0.76024002 0.79373997
vt 0.76313001 0.82769001
vt 0.76080000 0.82384002
vt 0.76292002 0.66560000
vt 0.76327997 0.74585003
vt 0.01894000 0.29319000
vt 0.76541001 0.82867998
vt 0.76493001 0.78048003
vt 0.76982999 0.70498002
vt 0.77122998 0.80318999
vt 0.78276002 0.81730998
vt 0.77041000 0.67723000
vt 0.77230000 0.73545998
vt 0.77244002 0.75397998
vt 0.77214003 0.77683002
vt 0.77332002 0.82778001
vt 0.77819002 0.64951003
vt 0.75946999 0.64971000
vt 0.77456999 0.65829003
vt 0.78277999 0.64976001
vt 0.77531999 0.67009002
vt 0.78268999 0.82779998
vt 0.78193003 0.82880998
vt 0.78293997 0.70284998
vt 0.78277999 0.76709002
vt 0.78276002 0.78955001
vt 0.78214002 0.64937001
vt 0.78301001 0.65977001
vt 0.78298998 0.68087000
vt 0.78292000 0.73109001
vt 0.78388000 0.82866001
vt 0.78447998 0.64938003
vt 0.78459001 0.64993000
vt 0.78451997 0.65323001
vt 0.78438997 0.68186998
vt 0.78422999 0.72877997
vt 0.78411001 0.75274003
vt 0.78398001 0.79391003
vt 0.78400999 0.82397002
vt 0.78400999 0.82770997
vt 0.38174999 0.59413999
vt 0.39162999 0.76691997
vt 0.39190999 0.78789002
vt 0.39161000 0.59921998
vt 0.38648999 0.60895002
vt 0.39179999 0.64045000
vt 0.39183000 0.66092002
vt 0.38723999 0.68384999
vt 0.38679001 0.70200002
vt 0.98903000 0.72904003
vt 0.39065000 0.59333998
vt 0.39155999 0.59399003
vt 0.39190000 0.62412000
vt 0.97241002 0.73254001
vt 0.39199001 0.74203002
vt 0.39182001 0.80518001
vt 0.39201999 0.81623000
vt 0.39171001 0.81786001
vt 0.97197998 0.73074001
vt 0.39175001 0.60803002
vt 0.39206001 0.69428998
vt 0.98559999 0.73247999
vt 0.39269999 0.59342003
vt 0.39287999 0.59669000
vt 0.00617000 0.71855003
vt 0.00593000 0.71586001
vt 0.00537000 0.71591002
vt 0.00551000 0.71920002
vt 0.39287001 0.60606003
vt 0.00599000 0.70802999
vt 0.00542000 0.70652997
vt 0.39300001 0.61940998
vt 0.00599000 0.69212002
vt 0.00541000 0.69314998
vt 0.39300999 0.64403999
vt 0.00538000 0.66848999
vt 0.00595000 0.67295003
vt 0.00592000 0.64197999
vt 0.39326999 0.66684002
vt 0.00536000 0.64565998
vt 0.39328000 0.70457000
vt 0.00597000 0.61837000
vt 0.00543000 0.60790002
vt 0.00599000 0.59783000
vt 0.00601000 0.57063001
vt 0.39324999 0.74330002
vt 0.00547000 0.56911999
vt 0.00597000 0.55124998
vt 0.39328000 0.76616001
vt 0.00534000 0.54623002
vt 0.39324000 0.78805000
vt 0.00597000 0.51643997
vt 0.00535000 0.52432001
vt 0.39329001 0.80519998
vt 0.00528000 0.50714999
vt 0.00590000 0.50349998
vt 0.39342001 0.81585002
vt 0.00507000 0.49647999
vt 0.00607000 0.49445000
vt 0.39344999 0.81813997
vt 0.00532000 0.49417999
vt 0.01048000 0.69584000
vt 0.00851000 0.64201999
vt 0.00862000 0.61808997
vt 0.00805000 0.59568000
vt 0.00816000 0.56958002
vt 0.00816000 0.55184001
vt 0.00808000 0.53790998
vt 0.00806000 0.51793998
vt 0.00807000 0.50470001
vt 0.01262000 0.71920002
vt 0.01888000 0.71864998
vt 0.01824000 0.68766999
vt 0.01801000 0.67202997
vt 0.01109000 0.65073001
vt 0.01901000 0.50426000
vt 0.01436000 0.49678001
vt 0.01243000 0.49439999
vt 0.97969002 0.73277998
vt 0.01860000 0.70981997
vt 0.01813000 0.64371002
vt 0.01790000 0.59560001
vt 0.01828000 0.56948000
vt 0.01895000 0.52275002
vt 0.02004000 0.71908998
vt 0.01807000 0.61653000
vt 0.01852000 0.55091000
vt 0.02083000 0.49452999
vt 0.01819000 0.49419999
vt 0.02140000 0.71894002
vt 0.02100000 0.71837002
vt 0.02142000 0.69129997
vt 0.02146000 0.67291999
vt 0.02088000 0.64551997
vt 0.02164000 0.61603999
vt 0.02158000 0.59645998
vt 0.02157000 0.57357001
vt 0.02148000 0.55355000
vt 0.02151000 0.53639001
vt 0.02159000 0.51788002
vt 0.02103000 0.50331002
vt 0.98903000 0.73241001
vt 0.02153000 0.49436000
vt 0.02168000 0.71794999
vt 0.02157000 0.64679003
vt 0.02155000 0.50520003
vt 0.02168000 0.49625000
f 1/1 2/2 3/3
f 4/4 5/5 6/6
f 5/5 7/7 6/6
f 5/5 8/8 7/7
f 5/5 9/9 8/8
f 9/9 10/10 11/11
f 9/9 11/11 8/8
f 10/10 12/12 11/11
f 10/10 13/13 12/12
f 12/12 13/13 14/14
f 13/13 15/15 14/14
f 15/15 16/16 14/14
f 16/16 17/17 14/14
f 16/16 18/18 17/17
f 18/18 19/19 17/17
f 18/18 20/20 19/19
f 20/20 21/21 19/19
f 21/21 22/22 19/19
f 21/21 23/23 24/24
f 21/21 24/24 22/22
f 24/24 23/23 25/25
f 23/23 26/26 25/25
f 1/1 3/3 27/27
f 3/3 28/28 27/27
f 3/3 29/29 28/28
f 29/29 30/30 28/28
f 29/29 31/31 30/30
f 31/31 32/32 30/30
f 32/32 31/31 33/33
f 31/31 34/34 33/33
f 34/34 35/35 33/33
f 36/36 37/37 38/38
f 37/37 39/39 38/38
f 37/37 40/40 39/39
f 37/37 41/41 40/40
f 41/41 42/42 40/40
f 43/43 44/44 45/45
f 1/1 27/27 46/46
f 27/27 28/28 47/47
f 28/28 30/30 47/47
f 30/30 32/32 48/48
f 32/32 33/33 48/48
f 33/33 49/49 48/48
f 33/33 35/35 49/49
f 35/35 36/36 50/50
f 35/35 50/50 49/49
f 36/36 38/38 50/50
f 50/50 38/38 51/51
f 38/38 39/39 51/51
f 39/39 52/52 51/51
f 39/39 40/40 52/52
f 52/52 40/40 53/53
f 40/40 42/42 53/53
f 53/53 42/42 54/54
f 42/42 55/55 54/54
f 54/54 55/55 56/56
f 55/55 57/57 56/56
f 56/56 57/57 58/58
f 43/43 45/45 59/59
f 1/1 46/46 60/60
f 46/46 27/27 61/61
f 27/27 47/47 61/61
f 47/47 30/30 61/61
f 62/62 48/48 63/63
f 48/48 49/49 63/63
f 49/49 64/64 63/63
f 64/64 49/49 65/65
f 50/50 51/51 66/66
f 67/67 51/51 68/68
f 51/51 52/52 68/68
f 52/52 69/69 68/68
f 52/52 70/70 69/69
f 52/52 53/53 70/70
f 53/53 71/71 70/70
f 61/61 30/30 72/72
f 30/30 48/48 72/72
f 48/48 62/62 72/72
f 49/49 73/73 65/65
f 49/49 50/50 73/73
f 50/50 66/66 73/73
f 66/66 51/51 67/67
f 71/71 53/53 74/74
f 53/53 54/54 74/74
f 74/74 54/54 75/75
f 54/54 56/56 58/58
f 59/59 45/45 76/76
f 60/60 46/46 77/77
f 46/46 61/61 77/77
f 77/77 61/61 78/78
f 61/61 72/72 78/78
f 63/63 64/64 79/79
f 79/79 64/64 65/65
f 54/54 58/58 80/80
f 54/54 80/80 75/75
f 60/60 77/77 81/81
f 77/77 82/82 81/81
f 77/77 78/78 82/82
f 82/82 78/78 83/83
f 78/78 72/72 83/83
f 72/72 62/62 83/83
f 83/83 62/62 84/84
f 62/62 63/63 84/84
f 63/63 85/85 84/84
f 63/63 79/79 85/85
f 79/79 65/65 85/85
f 65/65 86/86 85/85
f 65/65 87/87 86/86
f 65/65 73/73 87/87
f 87/87 73/73 88/88
f 73/73 89/89 88/88
f 73/73 66/66 89/89
f 66/66 67/67 89/89
f 89/89 67/67 90/90
f 67/67 68/68 90/90
f 68/68 91/91 90/90
f 68/68 69/69 91/91
f 69/69 70/70 91/91
f 70/70 71/71 91/91
f 91/91 71/71 92/92
f 71/71 74/74 92/92
f 74/74 93/93 92/92
f 74/74 94/94 93/93
f 74/74 75/75 94/94
f 95/95 96/96 80/80
f 75/75 80/80 94/94
f 94/94 80/80 96/96
f 59/59 76/76 97/97
f 59/59 97/97 98/98
f 99/99 100/100 101/101
f 100/100 102/102 101/101
f 103/103 104/104 105/105
f 104/104 106/106 105/105
f 104/104 107/107 106/106
f 108/108 109/109 110/110
f 109/109 111/111 110/110
f 110/110 111/111 112/112
f 111/111 113/113 112/112
f 4/4 114/114 115/115
f 116/116 117/117 118/118
f 116/116 119/119 117/117
f 119/119 120/120 117/117
f 121/121 122/122 123/123
f 123/123 122/122 124/124
f 122/122 125/125 124/124
f 124/124 125/125 126/126
f 125/125 127/127 126/126
f 126/126 127/127 128/128
f 127/127 129/129 128/128
f 129/129 99/99 128/128
f 99/99 130/130 128/128
f 99/99 101/101 130/130
f 100/100 103/103 131/131
f 131/131 103/103 105/105
f 107/107 132/132 133/133
f 107/107 133/133 134/134
f 132/132 135/135 133/133
f 135/135 136/136 133/133
f 135/135 137/137 138/138
f 135/135 138/138 136/136
f 137/137 108/108 138/138
f 118/118 117/117 139/139
f 118/118 139/139 140/140
f 117/117 120/120 141/141
f 117/117 141/141 139/139
f 141/141 120/120 142/142
f 123/123 124/124 143/143
f 123/123 143/143 144/144
f 124/124 126/126 143/143
f 143/143 126/126 145/145
f 126/126 128/128 145/145
f 128/128 146/146 145/145
f 146/146 128/128 147/147
f 128/128 130/130 147/147
f 147/147 130/130 148/148
f 130/130 131/131 148/148
f 131/131 105/105 148/148
f 105/105 134/134 148/148
f 134/134 133/133 148/148
f 133/133 149/149 148/148
f 149/149 133/133 150/150
f 133/133 136/136 150/150
f 136/136 138/138 150/150
f 150/150 138/138 151/151
f 138/138 152/152 151/151
f 152/152 153/153 154/154
f 143/143 145/145 155/155
f 145/145 156/156 155/155
f 145/145 146/146 156/156
f 146/146 147/147 156/156
f 147/147 148/148 157/157
f 157/157 148/148 158/158
f 148/148 159/159 158/158
f 148/148 149/149 159/159
f 159/159 149/149 160/160
f 149/149 150/150 160/160
f 160/160 150/150 161/161
f 150/150 151/151 161/161
f 151/151 152/152 162/162
f 152/152 154/154 162/162
f 4/4 115/115 163/163
f 140/140 139/139 164/164
f 139/139 141/141 164/164
f 144/144 143/143 165/165
f 155/155 156/156 166/166
f 166/166 156/156 167/167
f 156/156 147/147 168/168
f 157/157 158/158 169/169
f 158/158 159/159 170/170
f 170/170 159/159 171/171
f 159/159 160/160 171/171
f 151/151 172/172 173/173
f 151/151 162/162 172/172
f 154/154 153/153 174/174
f 175/175 176/176 177/177
f 175/175 177/177 178/178
f 164/164 141/141 179/179
f 141/141 142/142 179/179
f 165/165 143/143 180/180
f 143/143 155/155 180/180
f 167/167 156/156 181/181
f 156/156 168/168 181/181
f 147/147 157/157 168/168
f 168/168 157/157 169/169
f 4/4 163/163 182/182
f 155/155 166/166 183/183
f 183/183 166/166 184/184
f 166/166 167/167 184/184
f 167/167 185/185 184/184
f 167/167 181/181 185/185
f 171/171 160/160 186/186
f 160/160 161/161 187/187
f 160/160 187/187 186/186
f 161/161 151/151 187/187
f 187/187 151/151 173/173
f 162/162 154/154 188/188
f 162/162 188/188 172/172
f 154/154 174/174 188/188
f 180/180 155/155 183/183
f 181/181 189/189 185/185
f 181/181 168/168 189/189
f 169/169 158/158 190/190
f 158/158 170/170 190/190
f 191/191 192/192 193/193
f 140/140 164/164 194/194
f 180/180 183/183 195/195
f 169/169 190/190 168/168
f 190/190 170/170 196/196
f 170/170 171/171 196/196
f 196/196 171/171 197/197
f 171/171 186/186 197/197
f 186/186 187/187 198/198
f 187/187 173/173 198/198
f 194/194 164/164 199/199
f 195/195 183/183 200/200
f 183/183 184/184 200/200
f 184/184 201/201 200/200
f 184/184 185/185 201/201
f 189/189 168/168 202/202
f 168/168 190/190 202/202
f 202/202 190/190 203/203
f 190/190 196/196 203/203
f 172/172 204/204 173/173
f 172/172 188/188 205/205
f 188/188 174/174 205/205
f 205/205 174/174 206/206
f 178/178 177/177 207/207
f 164/164 179/179 199/199
f 199/199 179/179 208/208
f 180/180 195/195 209/209
f 201/201 185/185 210/210
f 185/185 189/189 210/210
f 210/210 189/189 211/211
f 189/189 202/202 212/212
f 202/202 213/213 212/212
f 202/202 214/214 213/213
f 202/202 203/203 214/214
f 203/203 196/196 215/215
f 196/196 197/197 215/215
f 215/215 197/197 216/216
f 197/197 186/186 216/216
f 186/186 217/217 216/216
f 186/186 198/198 217/217
f 204/204 172/172 218/218
f 172/172 205/205 218/218
f 207/207 177/177 219/219
f 200/200 201/201 220/220
f 220/220 201/201 221/221
f 211/211 189/189 212/212
f 217/217 198/198 222/222
f 198/198 223/223 222/222
f 198/198 173/173 223/223
f 223/223 173/173 224/224
f 173/173 204/204 224/224
f 165/165 180/180 225/225
f 225/225 180/180 209/209
f 201/201 210/210 221/221
f 210/210 211/211 226/226
f 211/211 212/212 226/226
f 226/226 212/212 213/213
f 203/203 215/215 214/214
f 216/216 227/227 215/215
f 216/216 217/217 227/227
f 217/217 222/222 227/227
f 224/224 204/204 228/228
f 182/182 163/163 229/229
f 179/179 230/230 208/208
f 195/195 200/200 231/231
f 231/231 200/200 232/232
f 200/200 220/220 232/232
f 226/226 233/233 210/210
f 226/226 213/213 233/233
f 233/233 213/213 234/234
f 213/213 214/214 234/234
f 234/234 214/214 235/235
f 214/214 215/215 235/235
f 215/215 236/236 235/235
f 215/215 227/227 236/236
f 227/227 237/237 236/236
f 227/227 222/222 237/237
f 222/222 223/223 237/237
f 237/237 223/223 238/238
f 238/238 223/223 239/239
f 240/240 241/241 242/242
f 240/240 242/242 243/243
f 223/223 244/244 239/239
f 223/223 224/224 244/244
f 244/244 224/224 228/228
f 228/228 204/204 245/245
f 204/204 218/218 245/245
f 246/246 243/243 247/247
f 243/243 242/242 247/247
f 242/242 248/248 247/247
f 249/249 247/247 250/250
f 247/247 248/248 251/251
f 251/251 248/248 252/252
f 253/253 254/254 255/255
f 250/250 247/247 251/251
f 255/255 254/254 256/256
f 256/256 254/254 257/257
f 258/258 249/249 259/259
f 249/249 250/250 259/259
f 250/250 251/251 260/260
f 257/257 254/254 261/261
f 262/262 263/263 261/261
f 264/264 265/265 266/266
f 264/264 267/267 265/265
f 268/268 269/269 270/270
f 269/269 258/258 270/270
f 259/259 250/250 271/271
f 250/250 260/260 271/271
f 251/251 252/252 272/272
f 257/257 261/261 273/273
f 263/263 262/262 274/274
f 262/262 266/266 274/274
f 274/274 266/266 275/275
f 266/266 265/265 275/275
f 267/267 276/276 277/277
f 277/277 276/276 278/278
f 276/276 268/268 278/278
f 268/268 270/270 278/278
f 273/273 261/261 279/279
f 261/261 263/263 279/279
f 265/265 267/267 280/280
f 267/267 277/277 280/280
f 278/278 270/270 281/281
f 270/270 258/258 281/281
f 281/281 258/258 282/282
f 258/258 259/259 282/282
f 259/259 271/271 282/282
f 260/260 251/251 272/272
f 256/256 257/257 283/283
f 257/257 273/273 283/283
f 263/263 274/274 284/284
f 274/274 275/275 284/284
f 265/265 280/280 275/275
f 277/277 278/278 285/285
f 285/285 278/278 281/281
f 273/273 279/279 286/286
f 263/263 284/284 279/279
f 284/284 275/275 287/287
f 285/285 281/281 288/288
f 288/288 281/281 289/289
f 281/281 282/282 289/289
f 282/282 271/271 290/290
f 290/290 271/271 291/291
f 271/271 260/260 291/291
f 275/275 280/280 292/292
f 280/280 277/277 292/292
f 289/289 282/282 293/293
f 256/256 283/283 294/294
f 292/292 277/277 285/285
f 291/291 260/260 295/295
f 260/260 272/272 295/295
f 295/295 272/272 296/296
f 272/272 297/297 296/296
f 286/286 279/279 298/298
f 279/279 284/284 299/299
f 275/275 292/292 287/287
f 283/283 273/273 286/286
f 299/299 284/284 287/287
f 288/288 289/289 293/293
f 282/282 290/290 300/300
f 294/294 283/283 301/301
f 283/283 286/286 301/301
f 292/292 285/285 302/302
f 293/293 282/282 300/300
f 294/294 301/301 303/303
f 279/279 299/299 298/298
f 299/299 287/287 304/304
f 285/285 288/288 302/302
f 288/288 305/305 302/302
f 288/288 293/293 306/306
f 288/288 306/306 305/305
f 291/291 295/295 307/307
f 298/298 299/299 304/304
f 293/293 300/300 306/306
f 300/300 290/290 308/308
f 290/290 291/291 308/308
f 308/308 291/291 307/307
f 287/287 292/292 309/309
f 292/292 302/302 309/309
f 302/302 305/305 310/310
f 306/306 300/300 311/311
f 300/300 308/308 311/311
f 286/286 298/298 312/312
f 286/286 312/312 301/301
f 305/305 306/306 313/313
f 306/306 311/311 313/313
f 304/304 287/287 309/309
f 304/304 309/309 314/314
f 298/298 304/304 312/312
f 303/303 301/301 315/315
f 315/315 301/301 316/316
f 301/301 317/317 316/316
f 309/309 302/302 318/318
f 318/318 302/302 310/310
f 310/310 305/305 319/319
f 301/301 312/312 317/317
f 305/305 313/313 319/319
f 295/295 296/296 320/320
f 296/296 297/297 320/320
f 317/317 312/312 321/321
f 304/304 314/314 312/312
f 320/320 297/297 322/322
f 309/309 318/318 323/323
f 307/307 295/295 324/324
f 295/295 320/320 324/324
f 303/303 315/315 325/325
f 314/314 309/309 326/326
f 318/318 310/310 319/319
f 313/313 311/311 327/327
f 311/311 308/308 327/327
f 308/308 307/307 328/328
f 307/307 324/324 328/328
f 309/309 323/323 326/326
f 308/308 328/328 327/327
f 312/312 314/314 329/329
f 318/318 319/319 330/330
f 316/316 317/317 331/331
f 321/321 312/312 332/332
f 312/312 329/329 332/332
f 314/314 326/326 329/329
f 323/323 318/318 330/330
f 319/319 333/333 330/330
f 319/319 313/313 333/333
f 313/313 334/334 333/333
f 313/313 327/327 334/334
f 327/327 328/328 334/334
f 317/317 321/321 331/331
f 321/321 332/332 331/331
f 326/326 323/323 335/335
f 333/333 334/334 336/336
f 329/329 326/326 337/337
f 323/323 330/330 335/335
f 315/315 316/316 338/338
f 316/316 331/331 338/338
f 332/332 329/329 339/339
f 335/335 330/330 340/340
f 330/330 333/333 341/341
f 330/330 341/341 340/340
f 333/333 336/336 341/341
f 334/334 328/328 342/342
f 338/338 331/331 343/343
f 331/331 332/332 339/339
f 329/329 337/337 344/344
f 337/337 326/326 335/335
f 324/324 320/320 345/345
f 329/329 344/344 346/346
f 341/341 336/336 342/342
f 336/336 334/334 342/342
f 342/342 328/328 347/347
f 328/328 324/324 347/347
f 324/324 345/345 347/347
f 325/325 315/315 348/348
f 315/315 338/338 348/348
f 343/343 331/331 349/349
f 339/339 329/329 346/346
f 344/344 337/337 350/350
f 335/335 340/340 351/351
f 340/340 341/341 351/351
f 351/351 341/341 352/352
f 341/341 342/342 353/353
f 342/342 347/347 354/354
f 325/325 348/348 355/355
f 337/337 335/335 356/356
f 341/341 353/353 352/352
f 342/342 354/354 357/357
f 346/346 344/344 358/358
f 356/356 335/335 351/351
f 345/345 320/320 359/359
f 320/320 322/322 360/360
f 320/320 360/360 359/359
f 344/344 350/350 358/358
f 337/337 356/356 350/350
f 351/351 352/352 361/361
f 342/342 357/357 353/353
f 331/331 339/339 349/349
f 358/358 350/350 362/362
f 354/354 347/347 363/363
f 348/348 338/338 364/364
f 338/338 343/343 364/364
f 364/364 343/343 349/349
f 365/365 349/349 366/366
f 349/349 339/339 366/366
f 339/339 346/346 366/366
f 350/350 356/356 362/362
f 367/367 351/351 361/361
f 352/352 353/353 361/361
f 361/361 353/353 368/368
f 353/353 357/357 368/368
f 362/362 356/356 369/369
f 356/356 367/367 369/369
f 356/356 351/351 367/367
f 367/367 361/361 370/370
f 368/368 357/357 371/371
f 357/357 354/354 371/371
f 354/354 363/363 371/371
f 363/363 347/347 372/372
f 347/347 345/345 372/372
f 345/345 359/359 372/372
f 364/364 349/349 365/365
f 355/355 348/348 373/373
f 358/358 362/362 374/374
f 374/374 362/362 375/375
f 362/362 369/369 375/375
f 361/361 376/376 370/370
f 361/361 368/368 377/377
f 361/361 377/377 376/376
f 368/368 371/371 378/378
f 371/371 363/363 378/378
f 363/363 372/372 379/379
f 346/346 358/358 380/380
f 369/369 367/367 381/381
f 367/367 382/382 381/381
f 372/372 359/359 383/383
f 359/359 360/360 383/383
f 366/366 346/346 380/380
f 358/358 374/374 380/380
f 383/383 360/360 384/384
f 373/373 348/348 385/385
f 348/348 364/364 385/385
f 368/368 378/378 377/377
f 378/378 363/363 379/379
f 385/385 364/364 386/386
f 364/364 365/365 386/386
f 366/366 380/380 387/387
f 370/370 376/376 388/388
f 372/372 383/383 389/389
f 365/365 366/366 390/390
f 366/366 387/387 391/391
f 367/367 392/392 382/382
f 367/367 370/370 388/388
f 377/377 378/378 393/393
f 375/375 369/369 381/381
f 367/367 388/388 392/392
f 388/388 376/376 394/394
f 376/376 377/377 394/394
f 394/394 377/377 393/393
f 379/379 372/372 389/389
f 379/379 389/389 395/395
f 380/380 374/374 396/396
f 380/380 396/396 387/387
f 393/393 378/378 397/397
f 378/378 379/379 397/397
f 397/397 379/379 395/395
f 390/390 366/366 391/391
f 388/388 398/398 392/392
f 388/388 394/394 398/398
f 386/386 365/365 390/390
f 394/394 393/393 399/399
f 375/375 381/381 400/400
f 381/381 382/382 400/400
f 401/401 393/393 397/397
f 389/389 383/383 402/402
f 398/398 394/394 403/403
f 394/394 399/399 403/403
f 399/399 393/393 401/401
f 397/397 395/395 404/404
f 382/382 392/392 400/400
f 400/400 392/392 398/398
f 395/395 389/389 402/402
f 385/385 386/386 405/405
f 386/386 390/390 405/405
f 402/402 383/383 406/406
f 383/383 384/384 407/407
f 383/383 407/407 406/406
f 374/374 375/375 408/408
f 373/373 385/385 409/409
f 400/400 398/398 410/410
f 398/398 403/403 410/410
f 405/405 390/390 411/411
f 390/390 391/391 412/412
f 391/391 387/387 412/412
f 396/396 374/374 408/408
f 408/408 375/375 413/413
f 375/375 400/400 413/413
f 410/410 403/403 414/414
f 395/395 402/402 404/404
f 387/387 396/396 415/415
f 401/401 397/397 416/416
f 397/397 404/404 416/416
f 387/387 415/415 412/412
f 403/403 399/399 414/414
f 399/399 401/401 417/417
f 404/404 402/402 418/418
f 413/413 400/400 419/419
f 400/400 410/410 419/419
f 404/404 420/420 416/416
f 404/404 418/418 420/420
f 418/418 402/402 421/421
f 402/402 406/406 421/421
f 409/409 385/385 422/422
f 385/385 405/405 422/422
f 411/411 390/390 423/423
f 390/390 412/412 423/423
f 415/415 396/396 424/424
f 424/424 396/396 408/408
f 414/414 399/399 417/417
f 401/401 416/416 417/417
f 421/421 406/406 425/425
f 406/406 407/407 425/425
f 410/410 414/414 426/426
f 425/425 407/407 427/427
f 408/408 413/413 419/419
f 426/426 414/414 428/428
f 414/414 417/417 428/428
f 408/408 429/429 424/424
f 408/408 419/419 429/429
f 419/419 410/410 430/430
f 410/410 426/426 431/431
f 409/409 422/422 432/432
f 412/412 415/415 423/423
f 410/410 431/431 430/430
f 417/417 433/433 428/428
f 415/415 424/424 434/434
f 435/435 419/419 430/430
f 417/417 416/416 433/433
f 433/433 416/416 436/436
f 416/416 420/420 437/437
f 416/416 437/437 436/436
f 420/420 418/418 437/437
f 437/437 418/418 438/438
f 418/418 421/421 438/438
f 429/429 419/419 435/435
f 422/422 405/405 439/439
f 405/405 411/411 439/439
f 424/424 429/429 434/434
f 435/435 430/430 440/440
f 421/421 425/425 441/441
f 425/425 427/427 442/442
f 425/425 442/442 441/441
f 439/439 411/411 423/423
f 423/423 415/415 443/443
f 430/430 431/431 444/444
f 431/431 426/426 445/445
f 426/426 428/428 445/445
f 428/428 433/433 445/445
f 433/433 436/436 446/446
f 415/415 434/434 443/443
f 431/431 447/447 444/444
f 429/429 435/435 448/448
f 431/431 445/445 447/447
f 445/445 433/433 449/449
f 433/433 446/446 449/449
f 443/443 434/434 450/450
f 429/429 448/448 434/434
f 430/430 444/444 440/440
f 423/423 443/443 439/439
f 446/446 436/436 451/451
f 438/438 421/421 452/452
f 421/421 441/441 452/452
f 422/422 439/439 453/453
f 434/434 448/448 450/450
f 432/432 422/422 454/454
f 422/422 453/453 454/454
f 453/453 439/439 455/455
f 439/439 443/443 456/456
f 443/443 450/450 457/457
f 432/432 454/454 458/458
f 439/439 456/456 455/455
f 456/456 443/443 457/457
f 435/435 440/440 448/448
f 451/451 436/436 459/459
f 436/436 437/437 459/459
f 457/457 450/450 460/460
f 460/460 450/450 461/461
f 450/450 448/448 461/461
f 445/445 449/449 447/447
f 449/449 446/446 462/462
f 462/462 446/446 463/463
f 446/446 451/451 463/463
f 451/451 459/459 463/463
f 459/459 437/437 464/464
f 448/448 440/440 465/465
f 455/455 456/456 466/466
f 456/456 457/457 466/466
f 465/465 440/440 444/444
f 444/444 447/447 467/467
f 447/447 449/449 462/462
f 457/457 460/460 468/468
f 448/448 465/465 461/461
f 444/444 467/467 469/469
f 462/462 463/463 470/470
f 457/457 471/471 466/466
f 457/457 468/468 471/471
f 454/454 453/453 472/472
f 453/453 455/455 472/472
f 455/455 466/466 473/473
f 468/468 460/460 474/474
f 460/460 461/461 474/474
f 447/447 462/462 467/467
f 463/463 459/459 475/475
f 459/459 464/464 475/475
f 437/437 438/438 464/464
f 452/452 441/441 476/476
f 441/441 442/442 476/476
f 472/472 455/455 473/473
f 464/464 438/438 477/477
f 438/438 452/452 477/477
f 465/465 444/444 469/469
f 467/467 462/462 470/470
f 470/470 463/463 478/478
f 469/469 467/467 479/479
f 475/475 464/464 480/480
f 477/477 452/452 481/481
f 452/452 476/476 481/481
f 467/467 470/470 479/479
f 463/463 475/475 478/478
f 458/458 454/454 482/482
f 465/465 469/469 483/483
f 469/469 479/479 484/484
f 481/481 476/476 485/485
f 476/476 442/442 485/485
f 461/461 483/483 474/474
f 461/461 465/465 483/483
f 483/483 469/469 484/484
f 470/470 478/478 486/486
f 464/464 477/477 487/487
f 477/477 481/481 487/487
f 454/454 472/472 482/482
f 468/468 474/474 471/471
f 478/478 475/475 486/486
f 475/475 480/480 488/488
f 464/464 487/487 480/480
f 485/485 442/442 489/489
f 473/473 466/466 490/490
f 479/479 470/470 484/484
f 486/486 475/475 488/488
f 472/472 473/473 490/490
f 470/470 486/486 491/491
f 483/483 484/484 492/492
f 484/484 493/493 492/492
f 486/486 488/488 491/491
f 488/488 494/494 495/495
f 488/488 480/480 494/494
f 480/480 487/487 494/494
f 482/482 472/472 496/496
f 472/472 490/490 496/496
f 484/484 470/470 493/493
f 470/470 491/491 493/493
f 466/466 471/471 497/497
f 466/466 497/497 490/490
f 471/471 474/474 497/497
f 474/474 498/498 497/497
f 474/474 483/483 498/498
f 483/483 499/499 498/498
f 483/483 492/492 499/499
f 491/491 495/495 500/500
f 491/491 488/488 495/495
f 501/501 482/482 496/496
f 492/492 493/493 502/502
f 492/492 502/502 503/503
f 493/493 491/491 504/504
f 494/494 487/487 505/505
f 487/487 481/481 505/505
f 497/497 498/498 506/506
f 499/499 492/492 503/503
f 493/493 504/504 502/502
f 506/506 498/498 507/507
f 498/498 499/499 507/507
f 491/491 500/500 504/504
f 495/495 494/494 505/505
f 495/495 508/508 500/500
f 495/495 505/505 508/508
f 505/505 481/481 509/509
f 481/481 485/485 509/509
f 501/501 496/496 510/510
f 496/496 490/490 511/511
f 490/490 497/497 511/511
f 497/497 512/512 511/511
f 497/497 506/506 512/512
f 507/507 499/499 503/503
f 504/504 500/500 513/513
f 485/485 489/489 514/514
f 496/496 511/511 510/510
f 500/500 508/508 513/513
f 485/485 514/514 509/509
f 502/502 504/504 515/515
f 504/504 513/513 515/515
f 505/505 509/509 516/516
f 511/511 512/512 517/517
f 511/511 517/517 518/518
f 507/507 503/503 519/519
f 503/503 502/502 520/520
f 508/508 505/505 521/521
f 505/505 516/516 521/521
f 502/502 515/515 520/520
f 515/515 513/513 521/521
f 513/513 508/508 521/521
f 516/516 509/509 522/522
f 509/509 514/514 522/522
f 510/510 511/511 523/523
f 523/523 511/511 518/518
f 517/517 512/512 524/524
f 512/512 506/506 524/524
f 506/506 507/507 524/524
f 507/507 525/525 524/524
f 507/507 519/519 525/525
f 503/503 520/520 519/519
f 520/520 515/515 526/526
f 515/515 521/521 526/526
f 521/521 527/527 526/526
f 522/522 514/514 528/528
f 523/523 529/529 530/530
f 523/523 518/518 529/529
f 518/518 517/517 529/529
f 521/521 516/516 527/527
f 516/516 522/522 527/527
f 527/527 522/522 528/528
f 232/232 220/220 531/531
f 220/220 532/532 531/531
f 533/533 534/534 535/535
f 535/535 534/534 536/536
f 536/536 534/534 537/537
f 220/220 221/221 532/532
f 221/221 538/538 532/532
f 534/534 539/539 537/537
f 539/539 540/540 537/537
f 221/221 210/210 538/538
f 538/538 210/210 541/541
f 539/539 542/542 540/540
f 210/210 233/233 541/541
f 233/233 543/543 541/541
f 542/542 544/544 545/545
f 233/233 234/234 543/543
f 234/234 235/235 546/546
f 234/234 546/546 543/543
f 546/546 235/235 547/547
f 235/235 236/236 547/547
f 547/547 236/236 548/548
f 236/236 237/237 548/548
f 548/548 237/237 549/549
f 549/549 237/237 550/550
f 551/551 552/552 246/246
f 237/237 238/238 550/550
f 240/240 243/243 552/552
f 239/239 244/244 553/553
f 553/553 244/244 554/554
f 555/555 556/556 557/557
f 218/218 205/205 558/558
f 205/205 206/206 559/559
f 205/205 559/559 558/558
f 207/207 219/219 560/560
f 535/535 536/536 561/561
f 535/535 561/561 562/562
f 536/536 537/537 561/561
f 561/561 537/537 563/563
f 537/537 540/540 563/563
f 540/540 542/542 564/564
f 540/540 564/564 563/563
f 542/542 545/545 564/564
f 545/545 544/544 565/565
f 544/544 566/566 565/565
f 565/565 566/566 567/567
f 566/566 568/568 567/567
f 568/568 569/569 567/567
f 568/568 570/570 569/569
f 568/568 571/571 570/570
f 571/571 551/551 246/246
f 562/562 561/561 253/253
f 561/561 254/254 253/253
f 561/561 563/563 254/254
f 563/563 564/564 572/572
f 564/564 545/545 264/264
f 264/264 545/545 573/573
f 545/545 565/565 573/573
f 565/565 574/574 573/573
f 565/565 567/567 574/574
f 567/567 575/575 574/574
f 567/567 569/569 575/575
f 570/570 571/571 249/249
f 571/571 246/246 249/249
f 562/562 253/253 255/255
f 254/254 563/563 576/576
f 576/576 563/563 572/572
f 572/572 564/564 266/266
f 564/564 264/264 266/266
f 575/575 569/569 268/268
f 268/268 569/569 269/269
f 569/569 570/570 258/258
f 569/569 258/258 269/269
f 570/570 249/249 258/258
f 577/577 578/578 579/579
f 576/576 572/572 262/262
f 574/574 575/575 276/276
f 276/276 575/575 268/268
f 572/572 266/266 262/262
f 264/264 573/573 267/267
f 573/573 574/574 267/267
f 267/267 574/574 276/276
f 578/578 580/580 579/579
f 579/579 580/580 581/581
f 580/580 582/582 581/581
f 582/582 583/583 581/581
f 582/582 584/584 583/583
f 584/584 585/585 583/583
f 584/584 586/586 585/585
f 586/586 587/587 585/585
f 585/585 587/587 588/588
f 588/588 587/587 589/589
f 587/587 590/590 589/589
f 589/589 590/590 591/591
f 590/590 592/592 591/591
f 591/591 592/592 593/593
f 592/592 594/594 593/593
f 594/594 595/595 593/593
f 593/593 595/595 596/596
f 595/595 597/597 596/596
f 596/596 597/597 598/598
f 597/597 599/599 600/600
f 597/597 600/600 598/598
f 601/601 602/602 603/603
f 602/602 604/604 603/603
f 602/602 605/605 604/604
f 604/604 605/605 606/606
f 605/605 607/607 606/606
f 606/606 607/607 608/608
f 607/607 609/609 608/608
f 609/609 610/610 608/608
f 608/608 610/610 611/611
f 610/610 612/612 611/611
f 612/612 613/613 611/611
f 613/613 614/614 611/611
f 613/613 615/615 614/614
f 614/614 615/615 616/616
f 615/615 617/617 618/618
f 615/615 618/618 616/616
f 617/617 619/619 618/618
f 194/194 199/199 620/620
f 620/620 199/199 621/621
f 199/199 208/208 621/621
f 228/228 622/622 623/623
f 232/232 531/531 231/231
f 231/231 531/531 624/624
f 625/625 626/626 627/627
f 228/228 245/245 622/622
f 245/245 218/218 628/628
f 218/218 558/558 628/628
f 560/560 219/219 629/629
f 588/588 589/589 630/630
f 589/589 591/591 631/631
f 591/591 593/593 631/631
f 631/631 593/593 632/632
f 632/632 593/593 633/633
f 593/593 596/596 633/633
f 596/596 598/598 633/633
f 633/633 598/598 634/634
f 598/598 635/635 634/634
f 598/598 600/600 635/635
f 636/636 637/637 638/638
f 637/637 639/639 638/638
f 601/601 603/603 640/640
f 604/604 606/606 641/641
f 641/641 606/606 642/642
f 606/606 608/608 642/642
f 608/608 643/643 642/642
f 608/608 611/611 643/643
f 611/611 614/614 643/643
f 643/643 614/614 644/644
f 614/614 616/616 644/644
f 616/616 645/645 644/644
f 616/616 618/618 645/645
f 195/195 231/231 646/646
f 627/627 626/626 647/647
f 626/626 648/648 647/647
f 647/647 648/648 649/649
f 648/648 577/577 649/649
f 577/577 579/579 649/649
f 579/579 581/581 650/650
f 583/583 651/651 581/581
f 585/585 652/652 653/653
f 585/585 588/588 652/652
f 588/588 630/630 654/654
f 588/588 654/654 652/652
f 630/630 655/655 654/654
f 630/630 589/589 655/655
f 631/631 632/632 656/656
f 656/656 632/632 657/657
f 632/632 633/633 658/658
f 632/632 658/658 657/657
f 658/658 633/633 659/659
f 633/633 634/634 659/659
f 659/659 634/634 660/660
f 634/634 635/635 660/660
f 660/660 635/635 661/661
f 635/635 600/600 661/661
f 600/600 636/636 661/661
f 636/636 638/638 662/662
f 640/640 603/603 663/663
f 603/603 604/604 663/663
f 663/663 604/604 664/664
f 604/604 641/641 664/664
f 641/641 642/642 664/664
f 664/664 642/642 665/665
f 665/665 642/642 666/666
f 642/642 643/643 666/666
f 666/666 643/643 667/667
f 643/643 644/644 667/667
f 621/621 208/208 668/668
f 646/646 231/231 669/669
f 231/231 624/624 670/670
f 231/231 670/670 669/669
f 627/627 647/647 671/671
f 627/627 671/671 672/672
f 622/622 245/245 673/673
f 671/671 647/647 649/649
f 650/650 581/581 674/674
f 581/581 675/675 674/674
f 581/581 651/651 675/675
f 583/583 585/585 651/651
f 651/651 585/585 653/653
f 589/589 676/676 655/655
f 589/589 631/631 676/676
f 676/676 631/631 656/656
f 659/659 677/677 658/658
f 659/659 660/660 678/678
f 659/659 678/678 677/677
f 660/660 661/661 678/678
f 661/661 636/636 679/679
f 636/636 680/680 679/679
f 638/638 639/639 681/681
f 601/601 640/640 682/682
f 663/663 664/664 683/683
f 664/664 684/684 683/683
f 684/684 664/664 685/685
f 664/664 665/665 685/685
f 665/665 686/686 685/685
f 665/665 666/666 686/686
f 686/686 666/666 687/687
f 687/687 666/666 667/667
f 667/667 644/644 688/688
f 644/644 645/645 689/689
f 689/689 645/645 690/690
f 690/690 645/645 691/691
f 645/645 618/618 691/691
f 618/618 619/619 691/691
f 208/208 230/230 668/668
f 623/623 622/622 692/692
f 693/693 694/694 695/695
f 694/694 696/696 697/697
f 694/694 697/697 695/695
f 696/696 698/698 697/697
f 699/699 700/700 701/701
f 700/700 702/702 701/701
f 701/701 702/702 703/703
f 579/579 704/704 649/649
f 579/579 650/650 704/704
f 704/704 650/650 705/705
f 706/706 707/707 708/708
f 650/650 674/674 705/705
f 709/709 710/710 711/711
f 712/712 713/713 714/714
f 651/651 653/653 715/715
f 715/715 653/653 716/716
f 717/717 718/718 719/719
f 653/653 652/652 716/716
f 716/716 652/652 720/720
f 718/718 721/721 722/722
f 652/652 654/654 720/720
f 720/720 654/654 723/723
f 723/723 654/654 724/724
f 654/654 655/655 724/724
f 725/725 726/726 727/727
f 655/655 676/676 724/724
f 656/656 728/728 676/676
f 729/729 730/730 731/731
f 728/728 656/656 732/732
f 730/730 733/733 731/731
f 656/656 657/657 732/732
f 734/734 735/735 736/736
f 657/657 658/658 737/737
f 735/735 738/738 736/736
f 739/739 740/740 741/741
f 678/678 661/661 742/742
f 743/743 744/744 745/745
f 661/661 679/679 742/742
f 679/679 680/680 746/746
f 682/682 640/640 747/747
f 663/663 683/683 748/748
f 688/688 644/644 689/689
f 194/194 620/620 749/749
f 692/692 622/622 673/673
f 209/209 195/195 750/750
f 750/750 195/195 751/751
f 195/195 646/646 752/752
f 195/195 752/752 751/751
f 673/673 245/245 628/628
f 628/628 558/558 753/753
f 558/558 559/559 753/753
f 671/671 649/649 754/754
f 754/754 649/649 755/755
f 693/693 695/695 756/756
f 756/756 695/695 757/757
f 695/695 697/697 757/757
f 757/757 697/697 758/758
f 697/697 698/698 758/758
f 758/758 698/698 759/759
f 759/759 698/698 760/760
f 698/698 761/761 760/760
f 760/760 761/761 762/762
f 761/761 763/763 762/762
f 763/763 764/764 762/762
f 763/763 765/765 764/764
f 765/765 766/766 764/764
f 764/764 766/766 767/767
f 766/766 768/768 767/767
f 767/767 768/768 769/769
f 769/769 768/768 770/770
f 768/768 771/771 770/770
f 771/771 772/772 770/770
f 771/771 773/773 772/772
f 772/772 773/773 774/774
f 773/773 775/775 774/774
f 776/776 777/777 778/778
f 776/776 779/779 777/777
f 780/780 781/781 782/782
f 782/782 781/781 783/783
f 781/781 784/784 783/783
f 783/783 784/784 785/785
f 784/784 786/786 785/785
f 786/786 787/787 785/785
f 649/649 704/704 755/755
f 674/674 788/788 705/705
f 674/674 675/675 788/788
f 789/789 790/790 791/791
f 792/792 791/791 793/793
f 794/794 795/795 796/796
f 796/796 795/795 797/797
f 798/798 799/799 800/800
f 677/677 678/678 801/801
f 678/678 802/802 801/801
f 678/678 742/742 802/802
f 662/662 638/638 803/803
f 662/662 803/803 804/804
f 638/638 681/681 803/803
f 747/747 640/640 805/805
f 640/640 663/663 805/805
f 683/683 684/684 806/806
f 684/684 685/685 806/806
f 685/685 807/807 806/806
f 685/685 686/686 807/807
f 687/687 667/667 808/808
f 667/667 688/688 808/808
f 688/688 809/809 808/808
f 688/688 689/689 809/809
f 689/689 810/810 809/809
f 689/689 690/690 810/810
f 620/620 621/621 749/749
f 629/629 811/811 812/812
f 629/629 812/812 813/813
f 225/225 209/209 750/750
f 646/646 669/669 814/814
f 670/670 815/815 816/816
f 760/760 762/762 817/817
f 762/762 764/764 817/817
f 764/764 767/767 817/817
f 817/817 767/767 818/818
f 818/818 767/767 819/819
f 767/767 769/769 819/819
f 769/769 770/770 819/819
f 772/772 820/820 770/770
f 772/772 774/774 820/820
f 774/774 775/775 821/821
f 775/775 780/780 821/821
f 821/821 780/780 782/782
f 782/782 783/783 822/822
f 822/822 783/783 823/823
f 783/783 785/785 823/823
f 675/675 824/824 788/788
f 675/675 651/651 824/824
f 824/824 651/651 715/715
f 715/715 716/716 825/825
f 724/724 676/676 826/826
f 676/676 728/728 826/826
f 827/827 828/828 829/829
f 732/732 657/657 737/737
f 737/737 658/658 830/830
f 799/799 831/831 832/832
f 658/658 677/677 801/801
f 658/658 801/801 830/830
f 802/802 742/742 833/833
f 834/834 835/835 836/836
f 742/742 679/679 833/833
f 837/837 838/838 839/839
f 663/663 748/748 805/805
f 840/840 841/841 842/842
f 692/692 673/673 843/843
f 669/669 670/670 814/814
f 673/673 628/628 844/844
f 628/628 845/845 844/844
f 628/628 753/753 845/845
f 754/754 755/755 846/846
f 756/756 757/757 847/847
f 847/847 757/757 848/848
f 757/757 758/758 849/849
f 757/757 849/849 848/848
f 849/849 758/758 850/850
f 758/758 759/759 850/850
f 759/759 760/760 851/851
f 759/759 851/851 850/850
f 760/760 817/817 851/851
f 851/851 817/817 852/852
f 817/817 853/853 852/852
f 817/817 818/818 853/853
f 755/755 854/854 846/846
f 818/818 855/855 853/853
f 818/818 819/819 855/855
f 819/819 770/770 855/855
f 855/855 770/770 820/820
f 820/820 774/774 856/856
f 774/774 821/821 856/856
f 821/821 782/782 857/857
f 782/782 858/858 857/857
f 782/782 822/822 858/858
f 822/822 823/823 859/859
f 859/859 823/823 860/860
f 823/823 785/785 860/860
f 785/785 861/861 860/860
f 785/785 787/787 861/861
f 861/861 787/787 862/862
f 755/755 704/704 863/863
f 863/863 704/704 864/864
f 704/704 705/705 864/864
f 824/824 715/715 865/865
f 865/865 715/715 825/825
f 716/716 720/720 866/866
f 720/720 723/723 866/866
f 866/866 723/723 867/867
f 723/723 724/724 867/867
f 724/724 826/826 867/867
f 728/728 732/732 826/826
f 826/826 732/732 868/868
f 732/732 737/737 868/868
f 833/833 679/679 869/869
f 679/679 746/746 869/869
f 748/748 870/870 805/805
f 748/748 683/683 870/870
f 870/870 683/683 806/806
f 807/807 686/686 871/871
f 686/686 687/687 871/871
f 871/871 687/687 808/808
f 690/690 691/691 872/872
f 843/843 673/673 844/844
f 670/670 816/816 873/873
f 670/670 873/873 814/814
f 850/850 851/851 874/874
f 852/852 853/853 875/875
f 853/853 855/855 876/876
f 855/855 820/820 877/877
f 820/820 878/878 877/877
f 820/820 856/856 878/878
f 856/856 821/821 879/879
f 879/879 821/821 857/857
f 858/858 822/822 859/859
f 755/755 863/863 854/854
f 705/705 788/788 864/864
f 864/864 788/788 880/880
f 880/880 788/788 881/881
f 788/788 824/824 881/881
f 824/824 865/865 881/881
f 825/825 882/882 865/865
f 825/825 716/716 883/883
f 883/883 716/716 866/866
f 868/868 737/737 884/884
f 737/737 830/830 884/884
f 884/884 830/830 885/885
f 830/830 801/801 885/885
f 801/801 802/802 885/885
f 885/885 802/802 886/886
f 886/886 802/802 887/887
f 837/837 839/839 888/888
f 837/837 888/888 889/889
f 810/810 890/890 809/809
f 810/810 690/690 890/890
f 890/890 690/690 872/872
f 872/872 691/691 891/891
f 691/691 619/619 892/892
f 691/691 892/892 891/891
f 668/668 230/230 893/893
f 849/849 850/850 874/874
f 874/874 851/851 894/894
f 894/894 851/851 852/852
f 855/855 895/895 876/876
f 855/855 877/877 895/895
f 877/877 896/896 895/895
f 878/878 856/856 897/897
f 856/856 898/898 897/897
f 856/856 879/879 898/898
f 857/857 898/898 879/879
f 898/898 857/857 858/858
f 859/859 860/860 899/899
f 854/854 863/863 900/900
f 863/863 864/864 900/900
f 880/880 881/881 901/901
f 881/881 865/865 902/902
f 902/902 865/865 882/882
f 882/882 825/825 903/903
f 825/825 883/883 903/903
f 866/866 904/904 883/883
f 866/866 867/867 904/904
f 904/904 867/867 905/905
f 867/867 906/906 905/905
f 867/867 826/826 906/906
f 906/906 826/826 907/907
f 826/826 868/868 907/907
f 907/907 868/868 908/908
f 868/868 884/884 908/908
f 802/802 833/833 909/909
f 802/802 909/909 887/887
f 833/833 869/869 909/909
f 804/804 803/803 910/910
f 805/805 870/870 911/911
f 870/870 806/806 912/912
f 806/806 913/913 912/912
f 806/806 807/807 913/913
f 807/807 871/871 914/914
f 808/808 915/915 871/871
f 808/808 809/809 916/916
f 809/809 917/917 916/916
f 809/809 890/890 917/917
f 749/749 621/621 918/918
f 621/621 668/668 918/918
f 919/919 920/920 921/921
f 754/754 846/846 921/921
f 847/847 848/848 922/922
f 923/923 874/874 894/894
f 852/852 924/924 894/894
f 852/852 875/875 924/924
f 853/853 876/876 875/875
f 858/858 859/859 925/925
f 900/900 864/864 926/926
f 864/864 880/880 926/926
f 901/901 881/881 927/927
f 881/881 902/902 927/927
f 747/747 805/805 928/928
f 805/805 911/911 928/928
f 913/913 807/807 914/914
f 813/813 812/812 929/929
f 646/646 814/814 752/752
f 919/919 921/921 930/930
f 919/919 930/930 931/931
f 932/932 844/844 933/933
f 845/845 753/753 934/934
f 753/753 559/559 934/934
f 921/921 846/846 930/930
f 935/935 848/848 936/936
f 848/848 849/849 936/936
f 849/849 874/874 923/923
f 924/924 875/875 876/876
f 937/937 876/876 895/895
f 877/877 878/878 896/896
f 898/898 858/858 925/925
f 926/926 880/880 901/901
f 909/909 869/869 938/938
f 869/869 910/910 938/938
f 803/803 681/681 939/939
f 682/682 747/747 928/928
f 682/682 928/928 940/940
f 890/890 872/872 941/941
f 752/752 814/814 942/942
f 814/814 943/943 942/942
f 933/933 844/844 944/944
f 844/844 845/845 944/944
f 846/846 854/854 945/945
f 936/936 849/849 923/923
f 878/878 897/897 946/946
f 925/925 859/859 947/947
f 859/859 899/899 947/947
f 903/903 883/883 904/904
f 884/884 948/948 908/908
f 884/884 885/885 949/949
f 950/950 951/951 952/952
f 910/910 803/803 953/953
f 917/917 890/890 941/941
f 893/893 230/230 954/954
f 843/843 844/844 932/932
f 225/225 750/750 955/955
f 225/225 955/955 956/956
f 750/750 751/751 957/957
f 750/750 957/957 955/955
f 751/751 752/752 957/957
f 944/944 845/845 958/958
f 845/845 934/934 958/958
f 934/934 559/559 959/959
f 960/960 935/935 961/961
f 935/935 936/936 961/961
f 923/923 894/894 962/962
f 962/962 894/894 963/963
f 894/894 924/924 963/963
f 876/876 937/937 924/924
f 896/896 878/878 964/964
f 878/878 946/946 964/964
f 897/897 898/898 965/965
f 966/966 925/925 947/947
f 860/860 967/967 899/899
f 860/860 861/861 967/967
f 900/900 926/926 968/968
f 884/884 949/949 948/948
f 886/886 887/887 969/969
f 887/887 909/909 969/969
f 953/953 803/803 970/970
f 803/803 939/939 970/970
f 870/870 912/912 911/911
f 914/914 871/871 971/971
f 871/871 915/915 972/972
f 915/915 808/808 973/973
f 808/808 974/974 973/973
f 808/808 916/916 974/974
f 941/941 872/872 975/975
f 749/749 918/918 976/976
f 936/936 923/923 977/977
f 923/923 978/978 977/977
f 923/923 962/962 978/978
f 963/963 924/924 979/979
f 897/897 965/965 946/946
f 965/965 898/898 966/966
f 898/898 925/925 966/966
f 861/861 862/862 980/980
f 908/908 948/948 981/981
f 948/948 982/982 981/981
f 885/885 886/886 949/949
f 909/909 938/938 983/983
f 889/889 888/888 984/984
f 928/928 911/911 985/985
f 911/911 912/912 986/986
f 913/913 914/914 987/987
f 987/987 914/914 971/971
f 871/871 972/972 971/971
f 872/872 891/891 975/975
f 891/891 892/892 988/988
f 918/918 668/668 893/893
f 843/843 932/932 989/989
f 931/931 930/930 990/990
f 930/930 846/846 990/990
f 961/961 936/936 977/977
f 924/924 937/937 991/991
f 937/937 895/895 992/992
f 895/895 896/896 992/992
f 945/945 854/854 993/993
f 965/965 966/966 994/994
f 966/966 995/995 996/996
f 966/966 947/947 995/995
f 947/947 899/899 997/997
f 854/854 900/900 993/993
f 901/901 927/927 926/926
f 903/903 904/904 998/998
f 906/906 907/907 999/999
f 948/948 949/949 1000/1000
f 949/949 886/886 1001/1001
f 889/889 984/984 1002/1002
f 1003/1003 928/928 985/985
f 985/985 911/911 986/986
f 912/912 913/913 1004/1004
f 913/913 987/987 1004/1004
f 917/917 941/941 1005/1005
f 975/975 891/891 1006/1006
f 891/891 988/988 1006/1006
f 929/929 812/812 1007/1007
f 957/957 752/752 1008/1008
f 963/963 979/979 962/962
f 924/924 1009/1009 979/979
f 1009/1009 924/924 991/991
f 896/896 964/964 992/992
f 992/992 964/964 1010/1010
f 964/964 1011/1011 1010/1010
f 964/964 946/946 1011/1011
f 946/946 965/965 1012/1012
f 946/946 1012/1012 1011/1011
f 994/994 966/966 996/996
f 861/861 980/980 967/967
f 900/900 968/968 993/993
f 882/882 903/903 1013/1013
f 999/999 907/907 1014/1014
f 907/907 908/908 1015/1015
f 948/948 1000/1000 982/982
f 969/969 909/909 983/983
f 915/915 973/973 972/972
f 974/974 916/916 917/917
f 918/918 893/893 1016/1016
f 942/942 943/943 1017/1017
f 931/931 990/990 1018/1018
f 960/960 961/961 1019/1019
f 1010/1010 1011/1011 1020/1020
f 968/968 926/926 1021/1021
f 926/926 927/927 1021/1021
f 886/886 969/969 1001/1001
f 938/938 953/953 1022/1022
f 976/976 918/918 1023/1023
f 893/893 954/954 1016/1016
f 955/955 957/957 1024/1024
f 846/846 945/945 990/990
f 977/977 978/978 1025/1025
f 962/962 979/979 1026/1026
f 992/992 1010/1010 1027/1027
f 899/899 1028/1028 997/997
f 899/899 967/967 1028/1028
f 983/983 938/938 1029/1029
f 1029/1029 938/938 1030/1030
f 938/938 1022/1022 1030/1030
f 953/953 970/970 1031/1031
f 970/970 939/939 1031/1031
f 1031/1031 939/939 1032/1032
f 940/940 928/928 1033/1033
f 1033/1033 928/928 1034/1034
f 956/956 955/955 1035/1035
f 955/955 1024/1024 1035/1035
f 978/978 962/962 1025/1025
f 1025/1025 962/962 1036/1036
f 962/962 1026/1026 1036/1036
f 979/979 1009/1009 1026/1026
f 945/945 993/993 990/990
f 937/937 992/992 991/991
f 965/965 994/994 1012/1012
f 967/967 980/980 1037/1037
f 927/927 902/902 1038/1038
f 998/998 904/904 1039/1039
f 904/904 905/905 1039/1039
f 906/906 999/999 905/905
f 1014/1014 907/907 1015/1015
f 1015/1015 908/908 981/981
f 969/969 983/983 1029/1029
f 953/953 1031/1031 1040/1040
f 1034/1034 928/928 1003/1003
f 1004/1004 987/987 1041/1041
f 1042/1042 1043/1043 1044/1044
f 989/989 932/932 1045/1045
f 932/932 933/933 1046/1046
f 752/752 942/942 1008/1008
f 1018/1018 990/990 1047/1047
f 933/933 944/944 1046/1046
f 961/961 977/977 1048/1048
f 1026/1026 1009/1009 1049/1049
f 1020/1020 1011/1011 1050/1050
f 947/947 997/997 995/995
f 967/967 1051/1051 1028/1028
f 967/967 1037/1037 1051/1051
f 993/993 968/968 1052/1052
f 1021/1021 927/927 1038/1038
f 902/902 882/882 1038/1038
f 1038/1038 882/882 1013/1013
f 1013/1013 903/903 1053/1053
f 903/903 998/998 1053/1053
f 1039/1039 905/905 999/999
f 1015/1015 981/981 1054/1054
f 1000/1000 949/949 1001/1001
f 969/969 1055/1055 1001/1001
f 969/969 1029/1029 1055/1055
f 1002/1002 984/984 1056/1056
f 986/986 912/912 1057/1057
f 987/987 971/971 1041/1041
f 972/972 973/973 1058/1058
f 974/974 917/917 1059/1059
f 917/917 1005/1005 1059/1059
f 976/976 1023/1023 1060/1060
f 1016/1016 954/954 1061/1061
f 1045/1045 932/932 1046/1046
f 956/956 1035/1035 1062/1062
f 1024/1024 957/957 1063/1063
f 957/957 1008/1008 1063/1063
f 1046/1046 944/944 1064/1064
f 1019/1019 961/961 1065/1065
f 961/961 1048/1048 1065/1065
f 977/977 1025/1025 1048/1048
f 1025/1025 1036/1036 1066/1066
f 1036/1036 1026/1026 1049/1049
f 1009/1009 991/991 1067/1067
f 1009/1009 1067/1067 1049/1049
f 990/990 993/993 1047/1047
f 1047/1047 993/993 1052/1052
f 991/991 992/992 1027/1027
f 1027/1027 1010/1010 1068/1068
f 1012/1012 994/994 1069/1069
f 1053/1053 998/998 1070/1070
f 998/998 1039/1039 1070/1070
f 1030/1030 1022/1022 1071/1071
f 1041/1041 971/971 1058/1058
f 971/971 972/972 1058/1058
f 1042/1042 1044/1044 1072/1072
f 918/918 1016/1016 1061/1061
f 1008/1008 942/942 1073/1073
f 942/942 1017/1017 1073/1073
f 944/944 958/958 1064/1064
f 958/958 934/934 1064/1064
f 1064/1064 934/934 1074/1074
f 934/934 959/959 1074/1074
f 1048/1048 1025/1025 1075/1075
f 1025/1025 1066/1066 1075/1075
f 1066/1066 1036/1036 1076/1076
f 991/991 1027/1027 1067/1067
f 1010/1010 1020/1020 1077/1077
f 1020/1020 1050/1050 1078/1078
f 1050/1050 1011/1011 1079/1079
f 1011/1011 1012/1012 1079/1079
f 994/994 996/996 1080/1080
f 968/968 1021/1021 1081/1081
f 1081/1081 1021/1021 1082/1082
f 1039/1039 999/999 1083/1083
f 1014/1014 1015/1015 1084/1084
f 1029/1029 1030/1030 1085/1085
f 1030/1030 1071/1071 1085/1085
f 1003/1003 985/985 1086/1086
f 912/912 1004/1004 1087/1087
f 1004/1004 1041/1041 1087/1087
f 941/941 975/975 1088/1088
f 975/975 1006/1006 1088/1088
f 1023/1023 918/918 1089/1089
f 918/918 1061/1061 1089/1089
f 989/989 1045/1045 1090/1090
f 1036/1036 1049/1049 1076/1076
f 1068/1068 1010/1010 1077/1077
f 1012/1012 1069/1069 1079/1079
f 996/996 1091/1091 1080/1080
f 996/996 995/995 1091/1091
f 1052/1052 968/968 1092/1092
f 1013/1013 1093/1093 1038/1038
f 1013/1013 1053/1053 1093/1093
f 999/999 1014/1014 1084/1084
f 1054/1054 981/981 1094/1094
f 1055/1055 1029/1029 1095/1095
f 1029/1029 1085/1085 1095/1095
f 1002/1002 1056/1056 1096/1096
f 1034/1034 1003/1003 1086/1086
f 985/985 986/986 1057/1057
f 912/912 1087/1087 1057/1057
f 973/973 974/974 1097/1097
f 1097/1097 974/974 1059/1059
f 1006/1006 988/988 1098/1098
f 1063/1063 1008/1008 1099/1099
f 1008/1008 1073/1073 1099/1099
f 1065/1065 1048/1048 1100/1100
f 1076/1076 1049/1049 1101/1101
f 1049/1049 1102/1102 1101/1101
f 1049/1049 1067/1067 1102/1102
f 1020/1020 1078/1078 1077/1077
f 1050/1050 1079/1079 1103/1103
f 1050/1050 1103/1103 1078/1078
f 1069/1069 994/994 1104/1104
f 994/994 1080/1080 1104/1104
f 997/997 1028/1028 1105/1105
f 1083/1083 999/999 1084/1084
f 982/982 1000/1000 1106/1106
f 1000/1000 1001/1001 1107/1107
f 1001/1001 1055/1055 1107/1107
f 1087/1087 1041/1041 1108/1108
f 1097/1097 1059/1059 1109/1109
f 1005/1005 941/941 1110/1110
f 941/941 1088/1088 1110/1110
f 1075/1075 1066/1066 1111/1111
f 1066/1066 1112/1112 1111/1111
f 1066/1066 1076/1076 1112/1112
f 1067/1067 1027/1027 1068/1068
f 995/995 997/997 1113/1113
f 1113/1113 997/997 1114/1114
f 997/997 1105/1105 1114/1114
f 1028/1028 1051/1051 1105/1105
f 1052/1052 1092/1092 1115/1115
f 1021/1021 1038/1038 1082/1082
f 981/981 1106/1106 1094/1094
f 981/981 982/982 1106/1106
f 952/952 1116/1116 1117/1117
f 1040/1040 1031/1031 1118/1118
f 1086/1086 985/985 1119/1119
f 985/985 1057/1057 1119/1119
f 1089/1089 1061/1061 1120/1120
f 1018/1018 1047/1047 1121/1121
f 1046/1046 1064/1064 1122/1122
f 1046/1046 1122/1122 1123/1123
f 1067/1067 1124/1124 1102/1102
f 1047/1047 1052/1052 1125/1125
f 1068/1068 1077/1077 1126/1126
f 1078/1078 1103/1103 1127/1127
f 1082/1082 1038/1038 1128/1128
f 1038/1038 1093/1093 1128/1128
f 1107/1107 1055/1055 1129/1129
f 1060/1060 1023/1023 1130/1130
f 1023/1023 1089/1089 1130/1130
f 1045/1045 1046/1046 1123/1123
f 1024/1024 1063/1063 1099/1099
f 1064/1064 1074/1074 1131/1131
f 1074/1074 959/959 1131/1131
f 1131/1131 959/959 1132/1132
f 1019/1019 1065/1065 1133/1133
f 1048/1048 1075/1075 1100/1100
f 1100/1100 1075/1075 1111/1111
f 1076/1076 1101/1101 1134/1134
f 1076/1076 1134/1134 1112/1112
f 1102/1102 1124/1124 1101/1101
f 1067/1067 1068/1068 1124/1124
f 1124/1124 1068/1068 1135/1135
f 1068/1068 1126/1126 1135/1135
f 1077/1077 1078/1078 1126/1126
f 1078/1078 1127/1127 1126/1126
f 1051/1051 1037/1037 1136/1136
f 968/968 1081/1081 1092/1092
f 1053/1053 1070/1070 1137/1137
f 1070/1070 1138/1138 1137/1137
f 1070/1070 1039/1039 1138/1138
f 1039/1039 1083/1083 1138/1138
f 1084/1084 1015/1015 1139/1139
f 1015/1015 1054/1054 1139/1139
f 1106/1106 1000/1000 1140/1140
f 952/952 1117/1117 1141/1141
f 1085/1085 1071/1071 1142/1142
f 1108/1108 1041/1041 1143/1143
f 1058/1058 973/973 1144/1144
f 973/973 1097/1097 1144/1144
f 1059/1059 1145/1145 1109/1109
f 1146/1146 1147/1147 1148/1148
f 1148/1148 1147/1147 1149/1149
f 1149/1149 1147/1147 1150/1150
f 1147/1147 1151/1151 1150/1150
f 1152/1152 1153/1153 1154/1154
f 1090/1090 1045/1045 1123/1123
f 1035/1035 1024/1024 1155/1155
f 1024/1024 1099/1099 1155/1155
f 1073/1073 1017/1017 1156/1156
f 1121/1121 1047/1047 1157/1157
f 1064/1064 1131/1131 1122/1122
f 1047/1047 1125/1125 1157/1157
f 1101/1101 1124/1124 1134/1134
f 1103/1103 1079/1079 1158/1158
f 1079/1079 1069/1069 1158/1158
f 995/995 1159/1159 1091/1091
f 995/995 1113/1113 1159/1159
f 1125/1125 1052/1052 1115/1115
f 1093/1093 1053/1053 1160/1160
f 1139/1139 1054/1054 1161/1161
f 1054/1054 1094/1094 1161/1161
f 1094/1094 1106/1106 1162/1162
f 1106/1106 1140/1140 1162/1162
f 1140/1140 1000/1000 1107/1107
f 1055/1055 1095/1095 1129/1129
f 1118/1118 1031/1031 1163/1163
f 1031/1031 1032/1032 1164/1164
f 1031/1031 1164/1164 1163/1163
f 1033/1033 1034/1034 1165/1165
f 1041/1041 1058/1058 1143/1143
f 1145/1145 1059/1059 1166/1166
f 1059/1059 1005/1005 1166/1166
f 1166/1166 1005/1005 1110/1110
f 1167/1167 1168/1168 1169/1169
f 1167/1167 1170/1170 1168/1168
f 1168/1168 1170/1170 1171/1171
f 1172/1172 1169/1169 1173/1173
f 1172/1172 1173/1173 1174/1174
f 1169/1169 1168/1168 1175/1175
f 1169/1169 1175/1175 1173/1173
f 1168/1168 1171/1171 1175/1175
f 1175/1175 1171/1171 1176/1176
f 1171/1171 1177/1177 1176/1176
f 1174/1174 1173/1173 1178/1178
f 1178/1178 1173/1173 1179/1179
f 1173/1173 1175/1175 1179/1179
f 1179/1179 1175/1175 1180/1180
f 1175/1175 1176/1176 1181/1181
f 1175/1175 1181/1181 1180/1180
f 1178/1178 1179/1179 1182/1182
f 1178/1178 1182/1182 1183/1183
f 1179/1179 1180/1180 1184/1184
f 1179/1179 1184/1184 1182/1182
f 1180/1180 1181/1181 1184/1184
f 1184/1184 1181/1181 1185/1185
f 1183/1183 1182/1182 1186/1186
f 1182/1182 1184/1184 1186/1186
f 1184/1184 1185/1185 1187/1187
f 1186/1186 1184/1184 1188/1188
f 1184/1184 1187/1187 1188/1188
f 1188/1188 1187/1187 1189/1189
f 1190/1190 1191/1191 1192/1192
f 1186/1186 1188/1188 1193/1193
f 1186/1186 1193/1193 1194/1194
f 1188/1188 1189/1189 1195/1195
f 1188/1188 1195/1195 1193/1193
f 1192/1192 1191/1191 1196/1196
f 1196/1196 1191/1191 1197/1197
f 1146/1146 1148/1148 1193/1193
f 1193/1193 1148/1148 1198/1198
f 1194/1194 1193/1193 1199/1199
f 1199/1199 1193/1193 1198/1198
f 1196/1196 1197/1197 1200/1200
f 1196/1196 1200/1200 1201/1201
f 1148/1148 1149/1149 1198/1198
f 1198/1198 1149/1149 1202/1202
f 1199/1199 1198/1198 1203/1203
f 1203/1203 1198/1198 1202/1202
f 1090/1090 1123/1123 1204/1204
f 1062/1062 1035/1035 1205/1205
f 1206/1206 1100/1100 1207/1207
f 1100/1100 1111/1111 1207/1207
f 1111/1111 1112/1112 1208/1208
f 1112/1112 1209/1209 1208/1208
f 1112/1112 1134/1134 1209/1209
f 1069/1069 1104/1104 1158/1158
f 1104/1104 1080/1080 1210/1210
f 1080/1080 1091/1091 1210/1210
f 1091/1091 1159/1159 1211/1211
f 1081/1081 1082/1082 1212/1212
f 1128/1128 1093/1093 1213/1213
f 1093/1093 1160/1160 1213/1213
f 1160/1160 1053/1053 1214/1214
f 1053/1053 1137/1137 1214/1214
f 1083/1083 1215/1215 1138/1138
f 1083/1083 1084/1084 1215/1215
f 1084/1084 1139/1139 1215/1215
f 1161/1161 1094/1094 1162/1162
f 1165/1165 1034/1034 1216/1216
f 1034/1034 1086/1086 1216/1216
f 1119/1119 1057/1057 1217/1217
f 1087/1087 1108/1108 1143/1143
f 1167/1167 1169/1169 1218/1218
f 1219/1219 1220/1220 1221/1221
f 1222/1222 1221/1221 1220/1220
f 1222/1222 1220/1220 1223/1223
f 1172/1172 1174/1174 1224/1224
f 1172/1172 1224/1224 1225/1225
f 1226/1226 1225/1225 1224/1224
f 1226/1226 1224/1224 1227/1227
f 1174/1174 1178/1178 1228/1228
f 1174/1174 1228/1228 1224/1224
f 1227/1227 1224/1224 1229/1229
f 1229/1229 1224/1224 1228/1228
f 1228/1228 1178/1178 1230/1230
f 1231/1231 1232/1232 1233/1233
f 1178/1178 1183/1183 1230/1230
f 1234/1234 1235/1235 1236/1236
f 1231/1231 1233/1233 1237/1237
f 1236/1236 1235/1235 1238/1238
f 1237/1237 1233/1233 1239/1239
f 1183/1183 1186/1186 1240/1240
f 1235/1235 1241/1241 1238/1238
f 1238/1238 1241/1241 1242/1242
f 1186/1186 1194/1194 1240/1240
f 1240/1240 1194/1194 1243/1243
f 1242/1242 1241/1241 1244/1244
f 1244/1244 1241/1241 1245/1245
f 1194/1194 1199/1199 1243/1243
f 1243/1243 1199/1199 1246/1246
f 1199/1199 1203/1203 1247/1247
f 1199/1199 1247/1247 1246/1246
f 1072/1072 1248/1248 1249/1249
f 1130/1130 1089/1089 1250/1250
f 1130/1130 1250/1250 1251/1251
f 1089/1089 1120/1120 1252/1252
f 1089/1089 1252/1252 1250/1250
f 1205/1205 1035/1035 1253/1253
f 1035/1035 1155/1155 1253/1253
f 1123/1123 1122/1122 1254/1254
f 1207/1207 1111/1111 1255/1255
f 1134/1134 1124/1124 1256/1256
f 1126/1126 1127/1127 1257/1257
f 1127/1127 1103/1103 1158/1158
f 1127/1127 1158/1158 1257/1257
f 1210/1210 1091/1091 1211/1211
f 1159/1159 1113/1113 1258/1258
f 1125/1125 1115/1115 1259/1259
f 1260/1260 1138/1138 1215/1215
f 1107/1107 1129/1129 1261/1261
f 1096/1096 1056/1056 1262/1262
f 1166/1166 1110/1110 1263/1263
f 1222/1222 1223/1223 1264/1264
f 1265/1265 1266/1266 1267/1267
f 1266/1266 1268/1268 1269/1269
f 1266/1266 1269/1269 1267/1267
f 1268/1268 1270/1270 1271/1271
f 1268/1268 1271/1271 1269/1269
f 1270/1270 1234/1234 1271/1271
f 1271/1271 1234/1234 1272/1272
f 1234/1234 1236/1236 1272/1272
f 1272/1272 1236/1236 1273/1273
f 1236/1236 1238/1238 1273/1273
f 1273/1273 1238/1238 1274/1274
f 1238/1238 1242/1242 1275/1275
f 1238/1238 1275/1275 1274/1274
f 1242/1242 1244/1244 1276/1276
f 1242/1242 1276/1276 1275/1275
f 1244/1244 1245/1245 1276/1276
f 1276/1276 1245/1245 1277/1277
f 1245/1245 1278/1278 1279/1279
f 1245/1245 1279/1279 1277/1277
f 1278/1278 1280/1280 1279/1279
f 1279/1279 1280/1280 1281/1281
f 1060/1060 1130/1130 1282/1282
f 1073/1073 1156/1156 1283/1283
f 1254/1254 1122/1122 1284/1284
f 1122/1122 1131/1131 1284/1284
f 1065/1065 1100/1100 1285/1285
f 1100/1100 1206/1206 1285/1285
f 1255/1255 1111/1111 1208/1208
f 1134/1134 1256/1256 1209/1209
f 1256/1256 1124/1124 1286/1286
f 1124/1124 1287/1287 1286/1286
f 1124/1124 1135/1135 1287/1287
f 1135/1135 1126/1126 1287/1287
f 1287/1287 1126/1126 1288/1288
f 1126/1126 1257/1257 1288/1288
f 1113/1113 1114/1114 1258/1258
f 1105/1105 1051/1051 1289/1289
f 1051/1051 1136/1136 1289/1289
f 1092/1092 1081/1081 1290/1290
f 1081/1081 1212/1212 1290/1290
f 1290/1290 1212/1212 1291/1291
f 1137/1137 1138/1138 1260/1260
f 1161/1161 1162/1162 1292/1292
f 1162/1162 1293/1293 1292/1292
f 1095/1095 1085/1085 1294/1294
f 1085/1085 1142/1142 1294/1294
f 1216/1216 1086/1086 1295/1295
f 1086/1086 1119/1119 1295/1295
f 1057/1057 1087/1087 1217/1217
f 1058/1058 1144/1144 1143/1143
f 1097/1097 1109/1109 1144/1144
f 1110/1110 1088/1088 1296/1296
f 1265/1265 1267/1267 1297/1297
f 1269/1269 1271/1271 1298/1298
f 1271/1271 1272/1272 1299/1299
f 1271/1271 1299/1299 1298/1298
f 1272/1272 1273/1273 1300/1300
f 1272/1272 1300/1300 1299/1299
f 1273/1273 1274/1274 1301/1301
f 1273/1273 1301/1301 1300/1300
f 1302/1302 1303/1303 1304/1304
f 1304/1304 1303/1303 1305/1305
f 1305/1305 1306/1306 1307/1307
f 1305/1305 1307/1307 1308/1308
f 1306/1306 1309/1309 1307/1307
f 1310/1310 1311/1311 1312/1312
f 1204/1204 1123/1123 1313/1313
f 1121/1121 1157/1157 1314/1314
f 1133/1133 1065/1065 1315/1315
f 1065/1065 1285/1285 1315/1315
f 1206/1206 1207/1207 1285/1285
f 1287/1287 1288/1288 1316/1316
f 1257/1257 1158/1158 1317/1317
f 1158/1158 1104/1104 1318/1318
f 1114/1114 1105/1105 1319/1319
f 1092/1092 1290/1290 1320/1320
f 1162/1162 1140/1140 1293/1293
f 1107/1107 1261/1261 1140/1140
f 1129/1129 1321/1321 1261/1261
f 1129/1129 1095/1095 1321/1321
f 1095/1095 1294/1294 1321/1321
f 1118/1118 1163/1163 1322/1322
f 1119/1119 1323/1323 1295/1295
f 1087/1087 1143/1143 1324/1324
f 1143/1143 1144/1144 1325/1325
f 1144/1144 1109/1109 1326/1326
f 1267/1267 1269/1269 1327/1327
f 1269/1269 1298/1298 1327/1327
f 1327/1327 1298/1298 1328/1328
f 1298/1298 1299/1299 1328/1328
f 1328/1328 1299/1299 1329/1329
f 1330/1330 1331/1331 1332/1332
f 1333/1333 1334/1334 1335/1335
f 1335/1335 1334/1334 1336/1336
f 1334/1334 1337/1337 1338/1338
f 1334/1334 1338/1338 1336/1336
f 1099/1099 1073/1073 1339/1339
f 1073/1073 1283/1283 1339/1339
f 1131/1131 1132/1132 1340/1340
f 1157/1157 1125/1125 1341/1341
f 1133/1133 1315/1315 1342/1342
f 1208/1208 1209/1209 1343/1343
f 1287/1287 1316/1316 1344/1344
f 1317/1317 1158/1158 1318/1318
f 1318/1318 1104/1104 1345/1345
f 1104/1104 1210/1210 1346/1346
f 1105/1105 1289/1289 1319/1319
f 1115/1115 1092/1092 1347/1347
f 1347/1347 1092/1092 1320/1320
f 1082/1082 1128/1128 1213/1213
f 1260/1260 1215/1215 1348/1348
f 1215/1215 1139/1139 1348/1348
f 1348/1348 1139/1139 1349/1349
f 1139/1139 1161/1161 1349/1349
f 1161/1161 1292/1292 1350/1350
f 1096/1096 1262/1262 1351/1351
f 1323/1323 1119/1119 1352/1352
f 1119/1119 1217/1217 1352/1352
f 1109/1109 1145/1145 1326/1326
f 1263/1263 1110/1110 1296/1296
f 1088/1088 1006/1006 1353/1353
f 1006/1006 1098/1098 1353/1353
f 1354/1354 1355/1355 1356/1356
f 1297/1297 1267/1267 1357/1357
f 1267/1267 1327/1327 1357/1357
f 1327/1327 1328/1328 1358/1358
f 1328/1328 1329/1329 1359/1359
f 1328/1328 1359/1359 1358/1358
f 1335/1335 1336/1336 1360/1360
f 1360/1360 1336/1336 1361/1361
f 1336/1336 1338/1338 1361/1361
f 1361/1361 1338/1338 1362/1362
f 1252/1252 1120/1120 1363/1363
f 1204/1204 1313/1313 1364/1364
f 1120/1120 1365/1365 1363/1363
f 1363/1363 1365/1365 1366/1366
f 1253/1253 1155/1155 1367/1367
f 1314/1314 1157/1157 1368/1368
f 1157/1157 1341/1341 1368/1368
f 1369/1369 1370/1370 1371/1371
f 1343/1343 1209/1209 1372/1372
f 1372/1372 1209/1209 1373/1373
f 1209/1209 1256/1256 1373/1373
f 1286/1286 1287/1287 1374/1374
f 1316/1316 1288/1288 1375/1375
f 1288/1288 1257/1257 1375/1375
f 1257/1257 1317/1317 1375/1375
f 1320/1320 1290/1290 1291/1291
f 1212/1212 1082/1082 1213/1213
f 1294/1294 1142/1142 1322/1322
f 1217/1217 1087/1087 1376/1376
f 1376/1376 1087/1087 1324/1324
f 1357/1357 1327/1327 1377/1377
f 1327/1327 1358/1358 1377/1377
f 1332/1332 1378/1378 1362/1362
f 1250/1250 1252/1252 1363/1363
f 1284/1284 1131/1131 1379/1379
f 1131/1131 1340/1340 1379/1379
f 1373/1373 1256/1256 1380/1380
f 1341/1341 1125/1125 1259/1259
f 1104/1104 1346/1346 1381/1381
f 1210/1210 1211/1211 1346/1346
f 1259/1259 1115/1115 1347/1347
f 1214/1214 1137/1137 1382/1382
f 1382/1382 1137/1137 1260/1260
f 1294/1294 1322/1322 1383/1383
f 1322/1322 1163/1163 1384/1384
f 1163/1163 1164/1164 1384/1384
f 1354/1354 1356/1356 1385/1385
f 1297/1297 1357/1357 1386/1386
f 1377/1377 1358/1358 1387/1387
f 1358/1358 1359/1359 1388/1388
f 1358/1358 1388/1388 1387/1387
f 1362/1362 1378/1378 1389/1389
f 1360/1360 1361/1361 1390/1390
f 1360/1360 1390/1390 1391/1391
f 1361/1361 1362/1362 1390/1390
f 1390/1390 1362/1362 1389/1389
f 1248/1248 1392/1392 1393/1393
f 1282/1282 1130/1130 1394/1394
f 1130/1130 1251/1251 1394/1394
f 1155/1155 1099/1099 1395/1395
f 1254/1254 1284/1284 1396/1396
f 1284/1284 1379/1379 1396/1396
f 1342/1342 1315/1315 1397/1397
f 1342/1342 1397/1397 1398/1398
f 1315/1315 1285/1285 1397/1397
f 1397/1397 1285/1285 1399/1399
f 1285/1285 1207/1207 1255/1255
f 1380/1380 1256/1256 1286/1286
f 1345/1345 1104/1104 1381/1381
f 1346/1346 1211/1211 1400/1400
f 1289/1289 1136/1136 1401/1401
f 1160/1160 1214/1214 1402/1402
f 1214/1214 1382/1382 1402/1402
f 1350/1350 1292/1292 1403/1403
f 1321/1321 1294/1294 1404/1404
f 1322/1322 1384/1384 1405/1405
f 1145/1145 1166/1166 1406/1406
f 1166/1166 1263/1263 1406/1406
f 1296/1296 1088/1088 1407/1407
f 1088/1088 1353/1353 1407/1407
f 1389/1389 1378/1378 1408/1408
f 1367/1367 1155/1155 1409/1409
f 1155/1155 1395/1395 1409/1409
f 1339/1339 1283/1283 1410/1410
f 1369/1369 1371/1371 1411/1411
f 1285/1285 1255/1255 1399/1399
f 1286/1286 1374/1374 1412/1412
f 1374/1374 1287/1287 1412/1412
f 1287/1287 1344/1344 1412/1412
f 1344/1344 1316/1316 1413/1413
f 1316/1316 1375/1375 1413/1413
f 1375/1375 1317/1317 1414/1414
f 1375/1375 1414/1414 1415/1415
f 1317/1317 1318/1318 1416/1416
f 1211/1211 1159/1159 1400/1400
f 1159/1159 1258/1258 1400/1400
f 1213/1213 1160/1160 1402/1402
f 1349/1349 1161/1161 1417/1417
f 1161/1161 1350/1350 1417/1417
f 1292/1292 1293/1293 1403/1403
f 1293/1293 1140/1140 1418/1418
f 1261/1261 1321/1321 1404/1404
f 1261/1261 1404/1404 1419/1419
f 1217/1217 1376/1376 1352/1352
f 1324/1324 1143/1143 1420/1420
f 1143/1143 1325/1325 1420/1420
f 1420/1420 1325/1325 1421/1421
f 1353/1353 1098/1098 1422/1422
f 1385/1385 1356/1356 1423/1423
f 1387/1387 1388/1388 1424/1424
f 1391/1391 1390/1390 1425/1425
f 1425/1425 1390/1390 1426/1426
f 1390/1390 1389/1389 1426/1426
f 1099/1099 1339/1339 1395/1395
f 1395/1395 1339/1339 1410/1410
f 1399/1399 1255/1255 1427/1427
f 1255/1255 1208/1208 1428/1428
f 1208/1208 1343/1343 1428/1428
f 1343/1343 1372/1372 1429/1429
f 1372/1372 1373/1373 1429/1429
f 1414/1414 1317/1317 1416/1416
f 1346/1346 1400/1400 1381/1381
f 1114/1114 1319/1319 1258/1258
f 1258/1258 1319/1319 1430/1430
f 1417/1417 1350/1350 1403/1403
f 1293/1293 1418/1418 1431/1431
f 1140/1140 1261/1261 1419/1419
f 1384/1384 1164/1164 1432/1432
f 1165/1165 1216/1216 1433/1433
f 1326/1326 1145/1145 1406/1406
f 1250/1250 1363/1363 1434/1434
f 1364/1364 1313/1313 1435/1435
f 1254/1254 1396/1396 1436/1436
f 1429/1429 1373/1373 1380/1380
f 1380/1380 1286/1286 1437/1437
f 1286/1286 1412/1412 1437/1437
f 1412/1412 1344/1344 1413/1413
f 1413/1413 1375/1375 1415/1415
f 1416/1416 1318/1318 1345/1345
f 1400/1400 1438/1438 1439/1439
f 1400/1400 1258/1258 1438/1438
f 1320/1320 1291/1291 1440/1440
f 1260/1260 1348/1348 1441/1441
f 1348/1348 1349/1349 1441/1441
f 1441/1441 1349/1349 1442/1442
f 1349/1349 1417/1417 1442/1442
f 1293/1293 1431/1431 1403/1403
f 1140/1140 1419/1419 1418/1418
f 1404/1404 1294/1294 1443/1443
f 1294/1294 1383/1383 1443/1443
f 1325/1325 1144/1144 1444/1444
f 1386/1386 1357/1357 1445/1445
f 1357/1357 1377/1377 1445/1445
f 1426/1426 1389/1389 1446/1446
f 1282/1282 1394/1394 1447/1447
f 1314/1314 1368/1368 1448/1448
f 1396/1396 1379/1379 1449/1449
f 1379/1379 1340/1340 1449/1449
f 1427/1427 1255/1255 1450/1450
f 1255/1255 1428/1428 1450/1450
f 1428/1428 1343/1343 1451/1451
f 1343/1343 1429/1429 1451/1451
f 1381/1381 1400/1400 1452/1452
f 1452/1452 1400/1400 1439/1439
f 1438/1438 1258/1258 1453/1453
f 1319/1319 1289/1289 1454/1454
f 1289/1289 1401/1401 1454/1454
f 1212/1212 1213/1213 1455/1455
f 1212/1212 1455/1455 1456/1456
f 1213/1213 1402/1402 1455/1455
f 1402/1402 1382/1382 1457/1457
f 1382/1382 1458/1458 1457/1457
f 1382/1382 1260/1260 1458/1458
f 1458/1458 1260/1260 1441/1441
f 1403/1403 1431/1431 1459/1459
f 1418/1418 1419/1419 1460/1460
f 1460/1460 1419/1419 1461/1461
f 1419/1419 1404/1404 1461/1461
f 1295/1295 1323/1323 1462/1462
f 1376/1376 1324/1324 1463/1463
f 1421/1421 1325/1325 1444/1444
f 1144/1144 1326/1326 1464/1464
f 1326/1326 1406/1406 1465/1465
f 1406/1406 1263/1263 1466/1466
f 1263/1263 1296/1296 1466/1466
f 1386/1386 1445/1445 1467/1467
f 1445/1445 1377/1377 1468/1468
f 1469/1469 1470/1470 1471/1471
f 1469/1469 1471/1471 1472/1472
f 1377/1377 1387/1387 1468/1468
f 1468/1468 1387/1387 1473/1473
f 1387/1387 1424/1424 1473/1473
f 1425/1425 1426/1426 1474/1474
f 1426/1426 1446/1446 1474/1474
f 1251/1251 1250/1250 1434/1434
f 1313/1313 1254/1254 1475/1475
f 1313/1313 1475/1475 1435/1435
f 1254/1254 1436/1436 1475/1475
f 1398/1398 1397/1397 1476/1476
f 1411/1411 1371/1371 1477/1477
f 1429/1429 1380/1380 1437/1437
f 1291/1291 1212/1212 1478/1478
f 1417/1417 1403/1403 1479/1479
f 1479/1479 1403/1403 1459/1459
f 1431/1431 1418/1418 1480/1480
f 1418/1418 1460/1460 1480/1480
f 1481/1481 1141/1141 1482/1482
f 1461/1461 1404/1404 1483/1483
f 1443/1443 1383/1383 1484/1484
f 1434/1434 1363/1363 1366/1366
f 1364/1364 1435/1435 1485/1485
f 1409/1409 1395/1395 1486/1486
f 1397/1397 1399/1399 1487/1487
f 1427/1427 1450/1450 1488/1488
f 1412/1412 1413/1413 1489/1489
f 1412/1412 1489/1489 1490/1490
f 1413/1413 1491/1491 1489/1489
f 1491/1491 1413/1413 1492/1492
f 1413/1413 1415/1415 1493/1493
f 1413/1413 1493/1493 1492/1492
f 1415/1415 1414/1414 1493/1493
f 1345/1345 1381/1381 1494/1494
f 1347/1347 1320/1320 1495/1495
f 1478/1478 1212/1212 1456/1456
f 1402/1402 1457/1457 1496/1496
f 1458/1458 1441/1441 1497/1497
f 1479/1479 1459/1459 1498/1498
f 1433/1433 1216/1216 1462/1462
f 1216/1216 1295/1295 1462/1462
f 1352/1352 1376/1376 1499/1499
f 1326/1326 1465/1465 1464/1464
f 1446/1446 1500/1500 1501/1501
f 1425/1425 1474/1474 1502/1502
f 1367/1367 1409/1409 1503/1503
f 1409/1409 1486/1486 1503/1503
f 1449/1449 1340/1340 1504/1504
f 1368/1368 1341/1341 1505/1505
f 1451/1451 1429/1429 1506/1506
f 1429/1429 1437/1437 1506/1506
f 1341/1341 1259/1259 1505/1505
f 1437/1437 1412/1412 1506/1506
f 1441/1441 1442/1442 1507/1507
f 1442/1442 1417/1417 1479/1479
f 1459/1459 1431/1431 1480/1480
f 1483/1483 1404/1404 1508/1508
f 1404/1404 1443/1443 1508/1508
f 1405/1405 1384/1384 1509/1509
f 1509/1509 1384/1384 1510/1510
f 1384/1384 1432/1432 1510/1510
f 1462/1462 1323/1323 1511/1511
f 1376/1376 1463/1463 1499/1499
f 1467/1467 1445/1445 1512/1512
f 1512/1512 1445/1445 1513/1513
f 1445/1445 1468/1468 1513/1513
f 1473/1473 1424/1424 1514/1514
f 1425/1425 1502/1502 1515/1515
f 1395/1395 1410/1410 1516/1516
f 1395/1395 1516/1516 1486/1486
f 1476/1476 1397/1397 1517/1517
f 1397/1397 1487/1487 1517/1517
f 1399/1399 1427/1427 1518/1518
f 1399/1399 1518/1518 1487/1487
f 1427/1427 1488/1488 1518/1518
f 1450/1450 1428/1428 1519/1519
f 1428/1428 1451/1451 1519/1519
f 1506/1506 1412/1412 1520/1520
f 1412/1412 1490/1490 1520/1520
f 1493/1493 1414/1414 1416/1416
f 1381/1381 1452/1452 1494/1494
f 1430/1430 1319/1319 1521/1521
f 1319/1319 1454/1454 1521/1521
f 1259/1259 1347/1347 1495/1495
f 1495/1495 1320/1320 1522/1522
f 1320/1320 1440/1440 1522/1522
f 1522/1522 1440/1440 1523/1523
f 1440/1440 1291/1291 1523/1523
f 1291/1291 1478/1478 1523/1523
f 1402/1402 1496/1496 1524/1524
f 1496/1496 1457/1457 1525/1525
f 1457/1457 1458/1458 1525/1525
f 1480/1480 1460/1460 1526/1526
f 1481/1481 1482/1482 1527/1527
f 1528/1528 1529/1529 1530/1530
f 1351/1351 1262/1262 1531/1531
f 1323/1323 1352/1352 1511/1511
f 1352/1352 1499/1499 1511/1511
f 1421/1421 1444/1444 1532/1532
f 1406/1406 1466/1466 1533/1533
f 1513/1513 1468/1468 1534/1534
f 1472/1472 1471/1471 1535/1535
f 1468/1468 1473/1473 1534/1534
f 1501/1501 1500/1500 1536/1536
f 1251/1251 1434/1434 1537/1537
f 1434/1434 1538/1538 1537/1537
f 1434/1434 1366/1366 1538/1538
f 1538/1538 1366/1366 1539/1539
f 1367/1367 1503/1503 1540/1540
f 1516/1516 1410/1410 1541/1541
f 1410/1410 1283/1283 1541/1541
f 1541/1541 1283/1283 1542/1542
f 1314/1314 1448/1448 1543/1543
f 1368/1368 1505/1505 1448/1448
f 1451/1451 1506/1506 1544/1544
f 1451/1451 1544/1544 1519/1519
f 1490/1490 1489/1489 1545/1545
f 1453/1453 1258/1258 1430/1430
f 1454/1454 1401/1401 1546/1546
f 1455/1455 1402/1402 1524/1524
f 1458/1458 1497/1497 1525/1525
f 1441/1441 1507/1507 1497/1497
f 1507/1507 1442/1442 1547/1547
f 1442/1442 1479/1479 1547/1547
f 1547/1547 1479/1479 1548/1548
f 1526/1526 1460/1460 1461/1461
f 1351/1351 1531/1531 1549/1549
f 1444/1444 1144/1144 1550/1550
f 1144/1144 1464/1464 1550/1550
f 1466/1466 1296/1296 1533/1533
f 1535/1535 1471/1471 1551/1551
f 1534/1534 1473/1473 1552/1552
f 1473/1473 1514/1514 1552/1552
f 1515/1515 1502/1502 1553/1553
f 1554/1554 1392/1392 1555/1555
f 1447/1447 1394/1394 1556/1556
f 1394/1394 1251/1251 1557/1557
f 1394/1394 1557/1557 1556/1556
f 1251/1251 1537/1537 1557/1557
f 1396/1396 1449/1449 1436/1436
f 1488/1488 1450/1450 1558/1558
f 1450/1450 1519/1519 1558/1558
f 1544/1544 1506/1506 1520/1520
f 1520/1520 1490/1490 1559/1559
f 1416/1416 1345/1345 1560/1560
f 1479/1479 1498/1498 1548/1548
f 1462/1462 1511/1511 1561/1561
f 1561/1561 1511/1511 1562/1562
f 1511/1511 1499/1499 1562/1562
f 1562/1562 1499/1499 1563/1563
f 1533/1533 1296/1296 1564/1564
f 1296/1296 1407/1407 1565/1565
f 1296/1296 1565/1565 1564/1564
f 1407/1407 1353/1353 1566/1566
f 1407/1407 1566/1566 1565/1565
f 1353/1353 1422/1422 1566/1566
f 1385/1385 1423/1423 1567/1567
f 1567/1567 1423/1423 1568/1568
f 1501/1501 1536/1536 1569/1569
f 1569/1569 1536/1536 1570/1570
f 1447/1447 1556/1556 1571/1571
f 1518/1518 1488/1488 1558/1558
f 1558/1558 1519/1519 1572/1572
f 1559/1559 1490/1490 1545/1545
f 1493/1493 1416/1416 1560/1560
f 1505/1505 1259/1259 1573/1573
f 1259/1259 1495/1495 1573/1573
f 1497/1497 1574/1574 1525/1525
f 1574/1574 1497/1497 1507/1507
f 1463/1463 1324/1324 1420/1420
f 1420/1420 1421/1421 1532/1532
f 1552/1552 1514/1514 1575/1575
f 1515/1515 1553/1553 1576/1576
f 1519/1519 1544/1544 1572/1572
f 1560/1560 1345/1345 1577/1577
f 1345/1345 1494/1494 1577/1577
f 1452/1452 1439/1439 1578/1578
f 1578/1578 1439/1439 1579/1579
f 1579/1579 1439/1439 1438/1438
f 1430/1430 1521/1521 1580/1580
f 1496/1496 1581/1581 1524/1524
f 1496/1496 1525/1525 1581/1581
f 1480/1480 1526/1526 1582/1582
f 1509/1509 1510/1510 1583/1583
f 1510/1510 1432/1432 1583/1583
f 1550/1550 1464/1464 1584/1584
f 1464/1464 1465/1465 1584/1584
f 1406/1406 1533/1533 1465/1465
f 1569/1569 1570/1570 1585/1585
f 1537/1537 1538/1538 1586/1586
f 1538/1538 1539/1539 1586/1586
f 1503/1503 1486/1486 1587/1587
f 1449/1449 1504/1504 1588/1588
f 1518/1518 1558/1558 1589/1589
f 1545/1545 1489/1489 1590/1590
f 1489/1489 1491/1491 1590/1590
f 1491/1491 1492/1492 1591/1591
f 1438/1438 1453/1453 1580/1580
f 1453/1453 1430/1430 1580/1580
f 1574/1574 1592/1592 1525/1525
f 1498/1498 1459/1459 1593/1593
f 1508/1508 1443/1443 1594/1594
f 1443/1443 1484/1484 1594/1594
f 1462/1462 1561/1561 1595/1595
f 1420/1420 1532/1532 1596/1596
f 1512/1512 1513/1513 1597/1597
f 1597/1597 1513/1513 1598/1598
f 1513/1513 1534/1534 1598/1598
f 1535/1535 1551/1551 1599/1599
f 1534/1534 1552/1552 1600/1600
f 1552/1552 1575/1575 1600/1600
f 1576/1576 1553/1553 1601/1601
f 1553/1553 1585/1585 1601/1601
f 1485/1485 1435/1435 1602/1602
f 1435/1435 1475/1475 1603/1603
f 1475/1475 1436/1436 1603/1603
f 1476/1476 1517/1517 1604/1604
f 1517/1517 1487/1487 1604/1604
f 1605/1605 1477/1477 1606/1606
f 1520/1520 1559/1559 1607/1607
f 1493/1493 1560/1560 1608/1608
f 1579/1579 1438/1438 1609/1609
f 1438/1438 1580/1580 1609/1609
f 1580/1580 1521/1521 1610/1610
f 1521/1521 1454/1454 1610/1610
f 1524/1524 1611/1611 1612/1612
f 1524/1524 1581/1581 1611/1611
f 1581/1581 1525/1525 1613/1613
f 1525/1525 1592/1592 1613/1613
f 1574/1574 1507/1507 1547/1547
f 1459/1459 1480/1480 1593/1593
f 1480/1480 1582/1582 1614/1614
f 1526/1526 1461/1461 1615/1615
f 1615/1615 1461/1461 1616/1616
f 1461/1461 1483/1483 1616/1616
f 1483/1483 1508/1508 1616/1616
f 1499/1499 1463/1463 1563/1563
f 1444/1444 1550/1550 1617/1617
f 1598/1598 1534/1534 1618/1618
f 1534/1534 1600/1600 1618/1618
f 1600/1600 1575/1575 1619/1619
f 1576/1576 1601/1601 1620/1620
f 1601/1601 1585/1585 1621/1621
f 1485/1485 1602/1602 1622/1622
f 1540/1540 1503/1503 1623/1623
f 1503/1503 1587/1587 1623/1623
f 1543/1543 1448/1448 1624/1624
f 1603/1603 1436/1436 1625/1625
f 1436/1436 1449/1449 1625/1625
f 1476/1476 1604/1604 1626/1626
f 1448/1448 1505/1505 1624/1624
f 1589/1589 1558/1558 1627/1627
f 1558/1558 1572/1572 1627/1627
f 1544/1544 1520/1520 1628/1628
f 1590/1590 1491/1491 1591/1591
f 1492/1492 1629/1629 1591/1591
f 1492/1492 1493/1493 1629/1629
f 1577/1577 1494/1494 1630/1630
f 1494/1494 1452/1452 1578/1578
f 1454/1454 1546/1546 1631/1631
f 1495/1495 1522/1522 1632/1632
f 1633/1633 1634/1634 1635/1635
f 1636/1636 1581/1581 1613/1613
f 1637/1637 1638/1638 1639/1639
f 1637/1637 1639/1639 1640/1640
f 1640/1640 1639/1639 1641/1641
f 1583/1583 1432/1432 1642/1642
f 1433/1433 1462/1462 1595/1595
f 1433/1433 1595/1595 1643/1643
f 1463/1463 1420/1420 1596/1596
f 1618/1618 1600/1600 1644/1644
f 1600/1600 1619/1619 1644/1644
f 1620/1620 1601/1601 1645/1645
f 1601/1601 1621/1621 1645/1645
f 1486/1486 1516/1516 1587/1587
f 1604/1604 1487/1487 1646/1646
f 1487/1487 1518/1518 1646/1646
f 1572/1572 1647/1647 1627/1627
f 1572/1572 1544/1544 1628/1628
f 1520/1520 1607/1607 1628/1628
f 1591/1591 1629/1629 1648/1648
f 1493/1493 1608/1608 1629/1629
f 1560/1560 1577/1577 1630/1630
f 1494/1494 1578/1578 1630/1630
f 1495/1495 1632/1632 1573/1573
f 1632/1632 1522/1522 1649/1649
f 1522/1522 1523/1523 1649/1649
f 1524/1524 1612/1612 1455/1455
f 1611/1611 1581/1581 1636/1636
f 1635/1635 1634/1634 1650/1650
f 1574/1574 1547/1547 1651/1651
f 1548/1548 1498/1498 1652/1652
f 1594/1594 1484/1484 1653/1653
f 1509/1509 1583/1583 1653/1653
f 1532/1532 1444/1444 1596/1596
f 1596/1596 1444/1444 1617/1617
f 1584/1584 1465/1465 1654/1654
f 1567/1567 1568/1568 1655/1655
f 1535/1535 1599/1599 1656/1656
f 1602/1602 1435/1435 1603/1603
f 1625/1625 1449/1449 1588/1588
f 1624/1624 1505/1505 1657/1657
f 1646/1646 1518/1518 1658/1658
f 1518/1518 1589/1589 1658/1658
f 1647/1647 1572/1572 1659/1659
f 1572/1572 1628/1628 1659/1659
f 1505/1505 1573/1573 1657/1657
f 1578/1578 1579/1579 1660/1660
f 1579/1579 1609/1609 1660/1660
f 1609/1609 1580/1580 1661/1661
f 1649/1649 1523/1523 1662/1662
f 1650/1650 1663/1663 1664/1664
f 1664/1664 1663/1663 1665/1665
f 1664/1664 1665/1665 1666/1666
f 1593/1593 1480/1480 1614/1614
f 1616/1616 1508/1508 1667/1667
f 1508/1508 1594/1594 1667/1667
f 1549/1549 1531/1531 1668/1668
f 1654/1654 1465/1465 1669/1669
f 1465/1465 1533/1533 1669/1669
f 1587/1587 1516/1516 1670/1670
f 1589/1589 1627/1627 1671/1671
f 1559/1559 1545/1545 1607/1607
f 1607/1607 1545/1545 1590/1590
f 1590/1590 1591/1591 1648/1648
f 1608/1608 1560/1560 1630/1630
f 1608/1608 1630/1630 1629/1629
f 1630/1630 1578/1578 1672/1672
f 1578/1578 1660/1660 1672/1672
f 1580/1580 1673/1673 1661/1661
f 1580/1580 1610/1610 1673/1673
f 1632/1632 1649/1649 1674/1674
f 1611/1611 1636/1636 1675/1675
f 1636/1636 1613/1613 1676/1676
f 1613/1613 1592/1592 1676/1676
f 1574/1574 1651/1651 1592/1592
f 1582/1582 1526/1526 1677/1677
f 1526/1526 1615/1615 1677/1677
f 1595/1595 1561/1561 1678/1678
f 1561/1561 1562/1562 1678/1678
f 1597/1597 1598/1598 1679/1679
f 1656/1656 1599/1599 1680/1680
f 1557/1557 1537/1537 1681/1681
f 1537/1537 1586/1586 1682/1682
f 1537/1537 1682/1682 1681/1681
f 1586/1586 1539/1539 1682/1682
f 1543/1543 1624/1624 1683/1683
f 1625/1625 1588/1588 1684/1684
f 1624/1624 1657/1657 1683/1683
f 1605/1605 1606/1606 1685/1685
f 1609/1609 1661/1661 1686/1686
f 1612/1612 1611/1611 1675/1675
f 1651/1651 1547/1547 1687/1687
f 1547/1547 1548/1548 1687/1687
f 1617/1617 1550/1550 1688/1688
f 1550/1550 1584/1584 1688/1688
f 1669/1669 1533/1533 1689/1689
f 1533/1533 1564/1564 1689/1689
f 1566/1566 1422/1422 1690/1690
f 1679/1679 1598/1598 1691/1691
f 1598/1598 1618/1618 1692/1692
f 1598/1598 1692/1692 1691/1691
f 1618/1618 1644/1644 1692/1692
f 1692/1692 1644/1644 1693/1693
f 1644/1644 1619/1619 1694/1694
f 1644/1644 1694/1694 1693/1693
f 1620/1620 1645/1645 1695/1695
f 1695/1695 1645/1645 1696/1696
f 1645/1645 1621/1621 1696/1696
f 1682/1682 1539/1539 1697/1697
f 1540/1540 1623/1623 1698/1698
f 1623/1623 1587/1587 1699/1699
f 1587/1587 1670/1670 1699/1699
f 1670/1670 1516/1516 1541/1541
f 1541/1541 1542/1542 1700/1700
f 1603/1603 1625/1625 1701/1701
f 1684/1684 1588/1588 1702/1702
f 1626/1626 1604/1604 1703/1703
f 1626/1626 1703/1703 1704/1704
f 1604/1604 1646/1646 1703/1703
f 1607/1607 1590/1590 1705/1705
f 1629/1629 1630/1630 1706/1706
f 1630/1630 1672/1672 1707/1707
f 1660/1660 1609/1609 1686/1686
f 1610/1610 1454/1454 1708/1708
f 1454/1454 1631/1631 1708/1708
f 1523/1523 1478/1478 1662/1662
f 1478/1478 1456/1456 1662/1662
f 1456/1456 1455/1455 1709/1709
f 1636/1636 1676/1676 1675/1675
f 1676/1676 1592/1592 1710/1710
f 1592/1592 1651/1651 1710/1710
f 1498/1498 1593/1593 1652/1652
f 1615/1615 1616/1616 1711/1711
f 1678/1678 1562/1562 1712/1712
f 1463/1463 1596/1596 1713/1713
f 1669/1669 1689/1689 1714/1714
f 1696/1696 1621/1621 1715/1715
f 1556/1556 1557/1557 1716/1716
f 1557/1557 1681/1681 1716/1716
f 1541/1541 1700/1700 1717/1717
f 1543/1543 1683/1683 1718/1718
f 1658/1658 1589/1589 1671/1671
f 1648/1648 1629/1629 1719/1719
f 1719/1719 1629/1629 1720/1720
f 1720/1720 1629/1629 1721/1721
f 1629/1629 1706/1706 1721/1721
f 1706/1706 1630/1630 1722/1722
f 1662/1662 1456/1456 1723/1723
f 1456/1456 1709/1709 1723/1723
f 1455/1455 1612/1612 1709/1709
f 1548/1548 1652/1652 1687/1687
f 1614/1614 1582/1582 1724/1724
f 1724/1724 1582/1582 1725/1725
f 1582/1582 1677/1677 1725/1725
f 1677/1677 1615/1615 1711/1711
f 1711/1711 1616/1616 1667/1667
f 1653/1653 1583/1583 1726/1726
f 1583/1583 1642/1642 1727/1727
f 1643/1643 1595/1595 1728/1728
f 1563/1563 1463/1463 1729/1729
f 1564/1564 1565/1565 1730/1730
f 1565/1565 1566/1566 1730/1730
f 1656/1656 1680/1680 1731/1731
f 1571/1571 1556/1556 1732/1732
f 1556/1556 1716/1716 1732/1732
f 1622/1622 1602/1602 1733/1733
f 1670/1670 1541/1541 1717/1717
f 1685/1685 1606/1606 1734/1734
f 1685/1685 1734/1734 1735/1735
f 1646/1646 1658/1658 1736/1736
f 1647/1647 1659/1659 1737/1737
f 1647/1647 1737/1737 1738/1738
f 1659/1659 1628/1628 1739/1739
f 1628/1628 1607/1607 1739/1739
f 1657/1657 1573/1573 1740/1740
f 1649/1649 1662/1662 1741/1741
f 1709/1709 1612/1612 1675/1675
f 1675/1675 1676/1676 1742/1742
f 1676/1676 1710/1710 1743/1743
f 1651/1651 1687/1687 1710/1710
f 1744/1744 1652/1652 1745/1745
f 1652/1652 1593/1593 1745/1745
f 1593/1593 1614/1614 1745/1745
f 1725/1725 1677/1677 1746/1746
f 1677/1677 1711/1711 1746/1746
f 1667/1667 1594/1594 1747/1747
f 1594/1594 1653/1653 1726/1726
f 1594/1594 1726/1726 1747/1747
f 1596/1596 1617/1617 1748/1748
f 1688/1688 1584/1584 1749/1749
f 1584/1584 1654/1654 1749/1749
f 1567/1567 1655/1655 1750/1750
f 1567/1567 1750/1750 1751/1751
f 1679/1679 1691/1691 1752/1752
f 1692/1692 1693/1693 1753/1753
f 1693/1693 1694/1694 1753/1753
f 1571/1571 1732/1732 1754/1754
f 1733/1733 1602/1602 1755/1755
f 1602/1602 1756/1756 1755/1755
f 1698/1698 1623/1623 1757/1757
f 1623/1623 1699/1699 1757/1757
f 1701/1701 1625/1625 1684/1684
f 1683/1683 1657/1657 1740/1740
f 1703/1703 1646/1646 1758/1758
f 1646/1646 1736/1736 1758/1758
f 1658/1658 1671/1671 1736/1736
f 1627/1627 1647/1647 1671/1671
f 1607/1607 1705/1705 1739/1739
f 1705/1705 1590/1590 1648/1648
f 1721/1721 1706/1706 1722/1722
f 1722/1722 1630/1630 1707/1707
f 1707/1707 1672/1672 1759/1759
f 1672/1672 1660/1660 1759/1759
f 1660/1660 1686/1686 1759/1759
f 1708/1708 1631/1631 1760/1760
f 1745/1745 1614/1614 1761/1761
f 1614/1614 1724/1724 1761/1761
f 1667/1667 1747/1747 1762/1762
f 1595/1595 1678/1678 1763/1763
f 1729/1729 1463/1463 1764/1764
f 1463/1463 1713/1713 1764/1764
f 1713/1713 1596/1596 1748/1748
f 1654/1654 1669/1669 1714/1714
f 1654/1654 1714/1714 1765/1765
f 1691/1691 1692/1692 1766/1766
f 1731/1731 1680/1680 1767/1767
f 1692/1692 1753/1753 1766/1766
f 1753/1753 1694/1694 1768/1768
f 1695/1695 1696/1696 1769/1769
f 1769/1769 1696/1696 1770/1770
f 1696/1696 1715/1715 1771/1771
f 1696/1696 1771/1771 1770/1770
f 1671/1671 1647/1647 1738/1738
f 1737/1737 1659/1659 1772/1772
f 1659/1659 1739/1739 1773/1773
f 1659/1659 1773/1773 1772/1772
f 1739/1739 1705/1705 1774/1774
f 1705/1705 1648/1648 1719/1719
f 1705/1705 1719/1719 1774/1774
f 1740/1740 1573/1573 1775/1775
f 1674/1674 1649/1649 1741/1741
f 1741/1741 1662/1662 1723/1723
f 1676/1676 1743/1743 1742/1742
f 1687/1687 1652/1652 1744/1744
f 1687/1687 1744/1744 1776/1776
f 1726/1726 1583/1583 1777/1777
f 1583/1583 1727/1727 1777/1777
f 1728/1728 1595/1595 1763/1763
f 1763/1763 1678/1678 1712/1712
f 1713/1713 1748/1748 1778/1778
f 1766/1766 1753/1753 1779/1779
f 1753/1753 1768/1768 1779/1779
f 1699/1699 1670/1670 1780/1780
f 1780/1780 1670/1670 1781/1781
f 1670/1670 1717/1717 1781/1781
f 1721/1721 1722/1722 1782/1782
f 1759/1759 1686/1686 1783/1783
f 1686/1686 1661/1661 1784/1784
f 1784/1784 1661/1661 1785/1785
f 1661/1661 1673/1673 1785/1785
f 1673/1673 1610/1610 1786/1786
f 1710/1710 1687/1687 1787/1787
f 1687/1687 1776/1776 1787/1787
f 1724/1724 1725/1725 1788/1788
f 1746/1746 1711/1711 1789/1789
f 1711/1711 1667/1667 1789/1789
f 1549/1549 1668/1668 1790/1790
f 1748/1748 1617/1617 1688/1688
f 1688/1688 1749/1749 1791/1791
f 1749/1749 1654/1654 1792/1792
f 1654/1654 1793/1793 1792/1792
f 1654/1654 1765/1765 1793/1793
f 1689/1689 1564/1564 1730/1730
f 1752/1752 1691/1691 1794/1794
f 1691/1691 1766/1766 1795/1795
f 1691/1691 1795/1795 1794/1794
f 1731/1731 1767/1767 1796/1796
f 1766/1766 1779/1779 1795/1795
f 1779/1779 1768/1768 1797/1797
f 1798/1798 1799/1799 1800/1800
f 1798/1798 1800/1800 1801/1801
f 1769/1769 1770/1770 1802/1802
f 1769/1769 1802/1802 1803/1803
f 1682/1682 1697/1697 1804/1804
f 1717/1717 1700/1700 1805/1805
f 1717/1717 1805/1805 1781/1781
f 1718/1718 1683/1683 1806/1806
f 1683/1683 1740/1740 1806/1806
f 1671/1671 1738/1738 1807/1807
f 1738/1738 1737/1737 1807/1807
f 1719/1719 1720/1720 1808/1808
f 1719/1719 1808/1808 1809/1809
f 1720/1720 1721/1721 1808/1808
f 1707/1707 1759/1759 1722/1722
f 1783/1783 1686/1686 1784/1784
f 1785/1785 1673/1673 1786/1786
f 1723/1723 1709/1709 1810/1810
f 1725/1725 1746/1746 1788/1788
f 1789/1789 1667/1667 1811/1811
f 1667/1667 1762/1762 1811/1811
f 1790/1790 1668/1668 1812/1812
f 1562/1562 1563/1563 1813/1813
f 1563/1563 1729/1729 1813/1813
f 1714/1714 1689/1689 1814/1814
f 1689/1689 1730/1730 1814/1814
f 1752/1752 1794/1794 1815/1815
f 1779/1779 1797/1797 1795/1795
f 1801/1801 1800/1800 1816/1816
f 1801/1801 1816/1816 1817/1817
f 1733/1733 1755/1755 1818/1818
f 1819/1819 1698/1698 1820/1820
f 1698/1698 1757/1757 1820/1820
f 1781/1781 1805/1805 1821/1821
f 1805/1805 1700/1700 1821/1821
f 1718/1718 1806/1806 1822/1822
f 1735/1735 1734/1734 1823/1823
f 1739/1739 1774/1774 1824/1824
f 1721/1721 1782/1782 1808/1808
f 1782/1782 1722/1722 1825/1825
f 1722/1722 1759/1759 1826/1826
f 1759/1759 1783/1783 1827/1827
f 1786/1786 1610/1610 1828/1828
f 1610/1610 1708/1708 1828/1828
f 1573/1573 1632/1632 1775/1775
f 1741/1741 1723/1723 1829/1829
f 1723/1723 1830/1830 1829/1829
f 1710/1710 1787/1787 1831/1831
f 1745/1745 1761/1761 1832/1832
f 1724/1724 1788/1788 1761/1761
f 1833/1833 1746/1746 1789/1789
f 1712/1712 1562/1562 1813/1813
f 1713/1713 1778/1778 1764/1764
f 1778/1778 1748/1748 1834/1834
f 1834/1834 1748/1748 1835/1835
f 1748/1748 1688/1688 1835/1835
f 1749/1749 1792/1792 1791/1791
f 1751/1751 1750/1750 1836/1836
f 1794/1794 1795/1795 1837/1837
f 1796/1796 1767/1767 1838/1838
f 1796/1796 1838/1838 1839/1839
f 1795/1795 1840/1840 1837/1837
f 1795/1795 1797/1797 1840/1840
f 1817/1817 1816/1816 1841/1841
f 1817/1817 1841/1841 1842/1842
f 1803/1803 1802/1802 1843/1843
f 1803/1803 1843/1843 1844/1844
f 1681/1681 1682/1682 1804/1804
f 1755/1755 1756/1756 1845/1845
f 1820/1820 1757/1757 1846/1846
f 1757/1757 1699/1699 1846/1846
f 1846/1846 1699/1699 1847/1847
f 1699/1699 1780/1780 1847/1847
f 1780/1780 1781/1781 1848/1848
f 1780/1780 1848/1848 1847/1847
f 1781/1781 1821/1821 1848/1848
f 1704/1704 1703/1703 1849/1849
f 1703/1703 1758/1758 1849/1849
f 1740/1740 1775/1775 1806/1806
f 1773/1773 1739/1739 1824/1824
f 1825/1825 1722/1722 1826/1826
f 1759/1759 1827/1827 1826/1826
f 1723/1723 1810/1810 1850/1850
f 1709/1709 1675/1675 1810/1810
f 1675/1675 1742/1742 1810/1810
f 1810/1810 1742/1742 1851/1851
f 1742/1742 1743/1743 1851/1851
f 1793/1793 1765/1765 1852/1852
f 1765/1765 1714/1714 1852/1852
f 1815/1815 1794/1794 1853/1853
f 1815/1815 1853/1853 1854/1854
f 1794/1794 1837/1837 1853/1853
f 1839/1839 1838/1838 1855/1855
f 1837/1837 1840/1840 1856/1856
f 1856/1856 1840/1840 1857/1857
f 1842/1842 1841/1841 1858/1858
f 1859/1859 1860/1860 1861/1861
f 1859/1859 1861/1861 1862/1862
f 1844/1844 1843/1843 1863/1863
f 1863/1863 1843/1843 1864/1864
f 1862/1862 1861/1861 1865/1865
f 1755/1755 1845/1845 1818/1818
f 1756/1756 1701/1701 1845/1845
f 1848/1848 1821/1821 1866/1866
f 1822/1822 1806/1806 1867/1867
f 1701/1701 1684/1684 1868/1868
f 1684/1684 1702/1702 1868/1868
f 1704/1704 1849/1849 1869/1869
f 1806/1806 1775/1775 1870/1870
f 1758/1758 1736/1736 1871/1871
f 1736/1736 1671/1671 1871/1871
f 1807/1807 1737/1737 1872/1872
f 1737/1737 1772/1772 1872/1872
f 1824/1824 1774/1774 1873/1873
f 1774/1774 1719/1719 1873/1873
f 1719/1719 1874/1874 1873/1873
f 1719/1719 1809/1809 1874/1874
f 1809/1809 1808/1808 1875/1875
f 1632/1632 1674/1674 1775/1775
f 1743/1743 1710/1710 1831/1831
f 1776/1776 1744/1744 1876/1876
f 1744/1744 1745/1745 1877/1877
f 1788/1788 1746/1746 1833/1833
f 1835/1835 1688/1688 1791/1791
f 1836/1836 1750/1750 1878/1878
f 1879/1879 1878/1878 1880/1880
f 1854/1854 1853/1853 1881/1881
f 1882/1882 1883/1883 1884/1884
f 1885/1885 1856/1856 1886/1886
f 1853/1853 1885/1885 1887/1887
f 1887/1887 1885/1885 1886/1886
f 1855/1855 1838/1838 1884/1884
f 1855/1855 1884/1884 1888/1888
f 1888/1888 1884/1884 1889/1889
f 1856/1856 1857/1857 1886/1886
f 1886/1886 1857/1857 1890/1890
f 1887/1887 1886/1886 1890/1890
f 1891/1891 1892/1892 1893/1893
f 1894/1894 1862/1862 1895/1895
f 1857/1857 1896/1896 1890/1890
f 1862/1862 1865/1865 1895/1895
f 1895/1895 1865/1865 1897/1897
f 1890/1890 1896/1896 1898/1898
f 1899/1899 1895/1895 1897/1897
f 1893/1893 1892/1892 1900/1900
f 1893/1893 1900/1900 1901/1901
f 1899/1899 1897/1897 1902/1902
f 1902/1902 1897/1897 1903/1903
f 1897/1897 1865/1865 1901/1901
f 1897/1897 1901/1901 1904/1904
f 1897/1897 1904/1904 1903/1903
f 1901/1901 1900/1900 1905/1905
f 1901/1901 1905/1905 1904/1904
f 1902/1902 1903/1903 1906/1906
f 1906/1906 1903/1903 1907/1907
f 1903/1903 1904/1904 1907/1907
f 1907/1907 1904/1904 1908/1908
f 1904/1904 1905/1905 1909/1909
f 1904/1904 1909/1909 1908/1908
f 1907/1907 1908/1908 1910/1910
f 1910/1910 1908/1908 1911/1911
f 1716/1716 1681/1681 1912/1912
f 1681/1681 1804/1804 1912/1912
f 1913/1913 1866/1866 1914/1914
f 1819/1819 1820/1820 1915/1915
f 1846/1846 1847/1847 1916/1916
f 1848/1848 1866/1866 1917/1917
f 1867/1867 1806/1806 1918/1918
f 1918/1918 1806/1806 1919/1919
f 1868/1868 1702/1702 1920/1920
f 1849/1849 1758/1758 1871/1871
f 1806/1806 1870/1870 1919/1919
f 1872/1872 1772/1772 1824/1824
f 1772/1772 1773/1773 1824/1824
f 1808/1808 1782/1782 1875/1875
f 1827/1827 1783/1783 1921/1921
f 1810/1810 1851/1851 1922/1922
f 1787/1787 1776/1776 1876/1876
f 1745/1745 1832/1832 1877/1877
f 1832/1832 1761/1761 1923/1923
f 1833/1833 1789/1789 1924/1924
f 1762/1762 1747/1747 1925/1925
f 1747/1747 1726/1726 1925/1925
f 1728/1728 1763/1763 1926/1926
f 1763/1763 1712/1712 1927/1927
f 1712/1712 1928/1928 1927/1927
f 1712/1712 1813/1813 1928/1928
f 1813/1813 1729/1729 1764/1764
f 1792/1792 1793/1793 1852/1852
f 1730/1730 1566/1566 1929/1929
f 1730/1730 1929/1929 1930/1930
f 1566/1566 1690/1690 1931/1931
f 1566/1566 1931/1931 1929/1929
f 1879/1879 1880/1880 1932/1932
f 1879/1879 1932/1932 1933/1933
f 1881/1881 1853/1853 1934/1934
f 1853/1853 1887/1887 1934/1934
f 1884/1884 1883/1883 1935/1935
f 1935/1935 1883/1883 1936/1936
f 1935/1935 1936/1936 1937/1937
f 1887/1887 1890/1890 1938/1938
f 1890/1890 1898/1898 1938/1938
f 1938/1938 1898/1898 1939/1939
f 1935/1935 1937/1937 1940/1940
f 1935/1935 1940/1940 1941/1941
f 1898/1898 1942/1942 1939/1939
f 1939/1939 1942/1942 1943/1943
f 1941/1941 1940/1940 1944/1944
f 1942/1942 1945/1945 1943/1943
f 1943/1943 1945/1945 1946/1946
f 1906/1906 1907/1907 1947/1947
f 1945/1945 1948/1948 1946/1946
f 1907/1907 1910/1910 1947/1947
f 1947/1947 1910/1910 1949/1949
f 1946/1946 1948/1948 1950/1950
f 1950/1950 1948/1948 1951/1951
f 1908/1908 1909/1909 1952/1952
f 1952/1952 1909/1909 1953/1953
f 1952/1952 1953/1953 1954/1954
f 1952/1952 1954/1954 1955/1955
f 1956/1956 1957/1957 1958/1958
f 1953/1953 1959/1959 1954/1954
f 1910/1910 1911/1911 1955/1955
f 1910/1910 1955/1955 1949/1949
f 1949/1949 1955/1955 1960/1960
f 1960/1960 1955/1955 1961/1961
f 1955/1955 1954/1954 1962/1962
f 1955/1955 1962/1962 1961/1961
f 1954/1954 1959/1959 1962/1962
f 1962/1962 1959/1959 1963/1963
f 1961/1961 1962/1962 1964/1964
f 1964/1964 1962/1962 1965/1965
f 1962/1962 1963/1963 1965/1965
f 1966/1966 1967/1967 1968/1968
f 1754/1754 1732/1732 1912/1912
f 1732/1732 1716/1716 1912/1912
f 1969/1969 1970/1970 1971/1971
f 1913/1913 1914/1914 1972/1972
f 1972/1972 1914/1914 1973/1973
f 1845/1845 1701/1701 1974/1974
f 1820/1820 1846/1846 1975/1975
f 1846/1846 1916/1916 1975/1975
f 1847/1847 1848/1848 1976/1976
f 1847/1847 1976/1976 1916/1916
f 1848/1848 1917/1917 1976/1976
f 1918/1918 1919/1919 1977/1977
f 1701/1701 1868/1868 1974/1974
f 1735/1735 1823/1823 1978/1978
f 1735/1735 1978/1978 1979/1979
f 1871/1871 1671/1671 1872/1872
f 1671/1671 1807/1807 1872/1872
f 1809/1809 1875/1875 1980/1980
f 1783/1783 1784/1784 1921/1921
f 1921/1921 1784/1784 1981/1981
f 1784/1784 1785/1785 1981/1981
f 1708/1708 1760/1760 1982/1982
f 1870/1870 1775/1775 1983/1983
f 1775/1775 1674/1674 1983/1983
f 1674/1674 1741/1741 1984/1984
f 1810/1810 1922/1922 1850/1850
f 1925/1925 1726/1726 1985/1985
f 1791/1791 1792/1792 1986/1986
f 1852/1852 1714/1714 1987/1987
f 1933/1933 1932/1932 1988/1988
f 1988/1988 1932/1932 1989/1989
f 1990/1990 1991/1991 1992/1992
f 1992/1992 1991/1991 1993/1993
f 1991/1991 1938/1938 1994/1994
f 1991/1991 1994/1994 1993/1993
f 1938/1938 1939/1939 1995/1995
f 1938/1938 1995/1995 1994/1994
f 1939/1939 1943/1943 1996/1996
f 1939/1939 1996/1996 1995/1995
f 1943/1943 1946/1946 1997/1997
f 1943/1943 1997/1997 1996/1996
f 1944/1944 1940/1940 1998/1998
f 1998/1998 1999/1999 2000/2000
f 1998/1998 2000/2000 1957/1957
f 1946/1946 1950/1950 1997/1997
f 1997/1997 1950/1950 2001/2001
f 1950/1950 1951/1951 2002/2002
f 1950/1950 2002/2002 2001/2001
f 1951/1951 2003/2003 2002/2002
f 2002/2002 2003/2003 2004/2004
f 2001/2001 2002/2002 2004/2004
f 2005/2005 2006/2006 2007/2007
f 1912/1912 1804/1804 2008/2008
f 1804/1804 2009/2009 2008/2008
f 2010/2010 1972/1972 2011/2011
f 1972/1972 1973/1973 2011/2011
f 1915/1915 1820/1820 2012/2012
f 1820/1820 1975/1975 2012/2012
f 1976/1976 1917/1917 2010/2010
f 1977/1977 1919/1919 2013/2013
f 1919/1919 1870/1870 2013/2013
f 1872/1872 1824/1824 2014/2014
f 1824/1824 2015/2015 2014/2014
f 1824/1824 1873/1873 2015/2015
f 2015/2015 1873/1873 2016/2016
f 2016/2016 1873/1873 1874/1874
f 1874/1874 1809/1809 1980/1980
f 1782/1782 1825/1825 1875/1875
f 1825/1825 1826/1826 2017/2017
f 1827/1827 1921/1921 2018/2018
f 1828/1828 1708/1708 2019/2019
f 1708/1708 1982/1982 2019/2019
f 1830/1830 1723/1723 1850/1850
f 1850/1850 1922/1922 2020/2020
f 1743/1743 1831/1831 2021/2021
f 1761/1761 1788/1788 1923/1923
f 1811/1811 1762/1762 2022/2022
f 1762/1762 1925/1925 2022/2022
f 1763/1763 1927/1927 1926/1926
f 1714/1714 1814/1814 1987/1987
f 2023/2023 2024/2024 2025/2025
f 2024/2024 2026/2026 2025/2025
f 2027/2027 2028/2028 2029/2029
f 2029/2029 2028/2028 2030/2030
f 1994/1994 1995/1995 2031/2031
f 2031/2031 1995/1995 2032/2032
f 1995/1995 1996/1996 2033/2033
f 1995/1995 2033/2033 2032/2032
f 1996/1996 1997/1997 2034/2034
f 1996/1996 2034/2034 2033/2033
f 1997/1997 2001/2001 2034/2034
f 2034/2034 2001/2001 2035/2035
f 2001/2001 2004/2004 2035/2035
f 2035/2035 2004/2004 2036/2036
f 2007/2007 2006/2006 2037/2037
f 2007/2007 2037/2037 2038/2038
f 2008/2008 2009/2009 2039/2039
f 2040/2040 1977/1977 2013/2013
f 1915/1915 2012/2012 2041/2041
f 1975/1975 1916/1916 2042/2042
f 1871/1871 1872/1872 2043/2043
f 2043/2043 1872/1872 2044/2044
f 1872/1872 2014/2014 2044/2044
f 1874/1874 1980/1980 2045/2045
f 1980/1980 1875/1875 2046/2046
f 1785/1785 1786/1786 1828/1828
f 1741/1741 1829/1829 1984/1984
f 1876/1876 1744/1744 2047/2047
f 2047/2047 1744/1744 1877/1877
f 1789/1789 1811/1811 1924/1924
f 1811/1811 2022/2022 2048/2048
f 2049/2049 2050/2050 2051/2051
f 1777/1777 1727/1727 2052/2052
f 1728/1728 1926/1926 2053/2053
f 1852/1852 1987/1987 2054/2054
f 2034/2034 2035/2035 2055/2055
f 2056/2056 2057/2057 2058/2058
f 2035/2035 2036/2036 2055/2055
f 2055/2055 2036/2036 2059/2059
f 2038/2038 2037/2037 2060/2060
f 2060/2060 2037/2037 2061/2061
f 2062/2062 2063/2063 2064/2064
f 2010/2010 2011/2011 2065/2065
f 2010/2010 2065/2065 2066/2066
f 2040/2040 2013/2013 2067/2067
f 1916/1916 1976/1976 2068/2068
f 1916/1916 2068/2068 2042/2042
f 1976/1976 2010/2010 2068/2068
f 2068/2068 2010/2010 2066/2066
f 1868/1868 1920/1920 2069/2069
f 1979/1979 1978/1978 2070/2070
f 2071/2071 2072/2072 2073/2073
f 2013/2013 1870/1870 2074/2074
f 2045/2045 1980/1980 2075/2075
f 1980/1980 2046/2046 2075/2075
f 1870/1870 1983/1983 2074/2074
f 1875/1875 1825/1825 2017/2017
f 1875/1875 2017/2017 2046/2046
f 2017/2017 1826/1826 2076/2076
f 1826/1826 1827/1827 2076/2076
f 1827/1827 2018/2018 2076/2076
f 1830/1830 2077/2077 1829/1829
f 1830/1830 1850/1850 2077/2077
f 1877/1877 1832/1832 2078/2078
f 1833/1833 1924/1924 2079/2079
f 2080/2080 2081/2081 2082/2082
f 1726/1726 1777/1777 1985/1985
f 1986/1986 1792/1792 2083/2083
f 1792/1792 1852/1852 2083/2083
f 1814/1814 1730/1730 1930/1930
f 1814/1814 1930/1930 1987/1987
f 2084/2084 2085/2085 2086/2086
f 2084/2084 2086/2086 2087/2087
f 2085/2085 2088/2088 2086/2086
f 2086/2086 2088/2088 2089/2089
f 2012/2012 1975/1975 2090/2090
f 1975/1975 2042/2042 2091/2091
f 1975/1975 2091/2091 2090/2090
f 1869/1869 1849/1849 2092/2092
f 1849/1849 1871/1871 2093/2093
f 2044/2044 2014/2014 2094/2094
f 1874/1874 2045/2045 2095/2095
f 2018/2018 1921/1921 2096/2096
f 1811/1811 2048/2048 1924/1924
f 1985/1985 1777/1777 2097/2097
f 1777/1777 2052/2052 2097/2097
f 1764/1764 1778/1778 2098/2098
f 2068/2068 2066/2066 2099/2099
f 2068/2068 2099/2099 2100/2100
f 2066/2066 2065/2065 2099/2099
f 2067/2067 2013/2013 2101/2101
f 1818/1818 1845/1845 2102/2102
f 2091/2091 2042/2042 2100/2100
f 2042/2042 2068/2068 2100/2100
f 2013/2013 2103/2103 2101/2101
f 2013/2013 2074/2074 2103/2103
f 1849/1849 2093/2093 2092/2092
f 2093/2093 1871/1871 2104/2104
f 1871/1871 2043/2043 2104/2104
f 2044/2044 2094/2094 2105/2105
f 2014/2014 2015/2015 2094/2094
f 2015/2015 2016/2016 2106/2106
f 2016/2016 1874/1874 2095/2095
f 2075/2075 2046/2046 2107/2107
f 2076/2076 2018/2018 2096/2096
f 1981/1981 1785/1785 2108/2108
f 1851/1851 1743/1743 2109/2109
f 1831/1831 1787/1787 2110/2110
f 1787/1787 1876/1876 2110/2110
f 2079/2079 1924/1924 2111/2111
f 1928/1928 1813/1813 2112/2112
f 1813/1813 1764/1764 2112/2112
f 1778/1778 1834/1834 2098/2098
f 1834/1834 1835/1835 2113/2113
f 2083/2083 1852/1852 2114/2114
f 1987/1987 1930/1930 2115/2115
f 2115/2115 1930/1930 2116/2116
f 1754/1754 1912/1912 2117/2117
f 1912/1912 2008/2008 2117/2117
f 2099/2099 2065/2065 2118/2118
f 2067/2067 2101/2101 2119/2119
f 1845/1845 1974/1974 2102/2102
f 1974/1974 1868/1868 2120/2120
f 2094/2094 2015/2015 2105/2105
f 2016/2016 2121/2121 2122/2122
f 2046/2046 2017/2017 2123/2123
f 2108/2108 1785/1785 2124/2124
f 1785/1785 1828/1828 2124/2124
f 1674/1674 1984/1984 1983/1983
f 1984/1984 1829/1829 2125/2125
f 1829/1829 2077/2077 2125/2125
f 1850/1850 2126/2126 2077/2077
f 1922/1922 2109/2109 2020/2020
f 1922/1922 1851/1851 2109/2109
f 1876/1876 2047/2047 2110/2110
f 2047/2047 1877/1877 2078/2078
f 1788/1788 1833/1833 2127/2127
f 1833/1833 2079/2079 2127/2127
f 1790/1790 1812/1812 2128/2128
f 1928/1928 2112/2112 2129/2129
f 1764/1764 2098/2098 2112/2112
f 1791/1791 1986/1986 2083/2083
f 1852/1852 2054/2054 2114/2114
f 1987/1987 2115/2115 2054/2054
f 2008/2008 2039/2039 2130/2130
f 2100/2100 2099/2099 2131/2131
f 2071/2071 2073/2073 2132/2132
f 2016/2016 2122/2122 2106/2106
f 2096/2096 1921/1921 2133/2133
f 1743/1743 2021/2021 2109/2109
f 1831/1831 2110/2110 2134/2134
f 2111/2111 1924/1924 2135/2135
f 2048/2048 2022/2022 2136/2136
f 2022/2022 1925/1925 2136/2136
f 2112/2112 2098/2098 2113/2113
f 2098/2098 1834/1834 2113/2113
f 2137/2137 2138/2138 2139/2139
f 2131/2131 2099/2099 2140/2140
f 2099/2099 2118/2118 2140/2140
f 2140/2140 2118/2118 2141/2141
f 1818/1818 2102/2102 2142/2142
f 2091/2091 2100/2100 2143/2143
f 2100/2100 2131/2131 2143/2143
f 2101/2101 2103/2103 2144/2144
f 1974/1974 2120/2120 2102/2102
f 1868/1868 2145/2145 2120/2120
f 1868/1868 2069/2069 2145/2145
f 2132/2132 2073/2073 2146/2146
f 2043/2043 2044/2044 2147/2147
f 2044/2044 2105/2105 2147/2147
f 2016/2016 2095/2095 2121/2121
f 2095/2095 2045/2045 2148/2148
f 2045/2045 2075/2075 2148/2148
f 2075/2075 2107/2107 2148/2148
f 2107/2107 2046/2046 2149/2149
f 2046/2046 2123/2123 2149/2149
f 2123/2123 2017/2017 2150/2150
f 1828/1828 2019/2019 2151/2151
f 2019/2019 1982/1982 2151/2151
f 2151/2151 1982/1982 2152/2152
f 1850/1850 2020/2020 2126/2126
f 1831/1831 2134/2134 2021/2021
f 1832/1832 1923/1923 2078/2078
f 1923/1923 1788/1788 2127/2127
f 2080/2080 2082/2082 2153/2153
f 2128/2128 1812/1812 2154/2154
f 1835/1835 2155/2155 2113/2113
f 1835/1835 1791/1791 2155/2155
f 1791/1791 2083/2083 2155/2155
f 2115/2115 2156/2156 2054/2054
f 1930/1930 1929/1929 2157/2157
f 1929/1929 1931/1931 2157/2157
f 1754/1754 2117/2117 2158/2158
f 2144/2144 2103/2103 2159/2159
f 2103/2103 2074/2074 2159/2159
f 2105/2105 2015/2015 2160/2160
f 2074/2074 1983/1983 2159/2159
f 2150/2150 2017/2017 2076/2076
f 1921/1921 1981/1981 2133/2133
f 2124/2124 1828/1828 2161/2161
f 1828/1828 2151/2151 2161/2161
f 1983/1983 2162/2162 2159/2159
f 1984/1984 2125/2125 2162/2162
f 1927/1927 1928/1928 2163/2163
f 1928/1928 2129/2129 2163/2163
f 2155/2155 2083/2083 2164/2164
f 2083/2083 2114/2114 2164/2164
f 2115/2115 2165/2165 2156/2156
f 1930/1930 2157/2157 2116/2116
f 2140/2140 2141/2141 2166/2166
f 2142/2142 2102/2102 2167/2167
f 2012/2012 2090/2090 2168/2168
f 2090/2090 2091/2091 2168/2168
f 2069/2069 1920/1920 2169/2169
f 2104/2104 2043/2043 2170/2170
f 2043/2043 2171/2171 2170/2170
f 2043/2043 2147/2147 2171/2171
f 2122/2122 2121/2121 2172/2172
f 2121/2121 2095/2095 2173/2173
f 2095/2095 2148/2148 2173/2173
f 2148/2148 2107/2107 2149/2149
f 2150/2150 2076/2076 2174/2174
f 1981/1981 2108/2108 2133/2133
f 2133/2133 2108/2108 2175/2175
f 1983/1983 1984/1984 2162/2162
f 2021/2021 2134/2134 2109/2109
f 2110/2110 2176/2176 2134/2134
f 2110/2110 2047/2047 2176/2176
f 1923/1923 2127/2127 2177/2177
f 1924/1924 2048/2048 2135/2135
f 1925/1925 1985/1985 2178/2178
f 1926/1926 1927/1927 2179/2179
f 2179/2179 1927/1927 2180/2180
f 1927/1927 2163/2163 2180/2180
f 2115/2115 2116/2116 2165/2165
f 2041/2041 2012/2012 2181/2181
f 2012/2012 2168/2168 2181/2181
f 2168/2168 2091/2091 2143/2143
f 2145/2145 2069/2069 2169/2169
f 2092/2092 2093/2093 2182/2182
f 2182/2182 2093/2093 2183/2183
f 2132/2132 2146/2146 2184/2184
f 2093/2093 2104/2104 2183/2183
f 2160/2160 2015/2015 2185/2185
f 2015/2015 2106/2106 2185/2185
f 2149/2149 2123/2123 2186/2186
f 2108/2108 2124/2124 2175/2175
f 2161/2161 2151/2151 2187/2187
f 2159/2159 2162/2162 2188/2188
f 2077/2077 2126/2126 2189/2189
f 2020/2020 2109/2109 2190/2190
f 2047/2047 2078/2078 2191/2191
f 2078/2078 1923/1923 2192/2192
f 1923/1923 2193/2193 2192/2192
f 1923/1923 2177/2177 2193/2193
f 2136/2136 1925/1925 2194/2194
f 1925/1925 2178/2178 2194/2194
f 2053/2053 1926/1926 2179/2179
f 2113/2113 2195/2195 2196/2196
f 2054/2054 2156/2156 2197/2197
f 2157/2157 1931/1931 2198/2198
f 2140/2140 2166/2166 2199/2199
f 2041/2041 2181/2181 2200/2200
f 2144/2144 2159/2159 2201/2201
f 2183/2183 2104/2104 2170/2170
f 2105/2105 2160/2160 2147/2147
f 2106/2106 2122/2122 2185/2185
f 2122/2122 2172/2172 2185/2185
f 2172/2172 2121/2121 2202/2202
f 2121/2121 2173/2173 2202/2202
f 2173/2173 2148/2148 2203/2203
f 2148/2148 2186/2186 2203/2203
f 2148/2148 2149/2149 2186/2186
f 2123/2123 2150/2150 2174/2174
f 2076/2076 2204/2204 2205/2205
f 2076/2076 2096/2096 2204/2204
f 2096/2096 2133/2133 2206/2206
f 2175/2175 2124/2124 2207/2207
f 2124/2124 2161/2161 2207/2207
f 2162/2162 2125/2125 2208/2208
f 2125/2125 2077/2077 2189/2189
f 2125/2125 2189/2189 2208/2208
f 2190/2190 2109/2109 2209/2209
f 2109/2109 2134/2134 2209/2209
f 2209/2209 2134/2134 2210/2210
f 2134/2134 2176/2176 2210/2210
f 2191/2191 2078/2078 2211/2211
f 2078/2078 2192/2192 2211/2211
f 1985/1985 2097/2097 2212/2212
f 2163/2163 2129/2129 2213/2213
f 2129/2129 2112/2112 2213/2213
f 2112/2112 2113/2113 2196/2196
f 2113/2113 2155/2155 2195/2195
f 2114/2114 2054/2054 2214/2214
f 2054/2054 2197/2197 2214/2214
f 2117/2117 2008/2008 2215/2215
f 2008/2008 2130/2130 2215/2215
f 2131/2131 2140/2140 2216/2216
f 2140/2140 2199/2199 2216/2216
f 2217/2217 2218/2218 2201/2201
f 2102/2102 2120/2120 2167/2167
f 2219/2219 2182/2182 2183/2183
f 2184/2184 2146/2146 2219/2219
f 2185/2185 2172/2172 2220/2220
f 2220/2220 2172/2172 2221/2221
f 2173/2173 2203/2203 2202/2202
f 2174/2174 2076/2076 2205/2205
f 2204/2204 2096/2096 2206/2206
f 2126/2126 2020/2020 2190/2190
f 2126/2126 2190/2190 2189/2189
f 2047/2047 2191/2191 2176/2176
f 2079/2079 2111/2111 2222/2222
f 2135/2135 2048/2048 2223/2223
f 2048/2048 2136/2136 2223/2223
f 2212/2212 2097/2097 2224/2224
f 2097/2097 2052/2052 2224/2224
f 2112/2112 2196/2196 2213/2213
f 2155/2155 2164/2164 2225/2225
f 2197/2197 2156/2156 2165/2165
f 2120/2120 2145/2145 2226/2226
f 2170/2170 2171/2171 2227/2227
f 2227/2227 2171/2171 2228/2228
f 2171/2171 2147/2147 2228/2228
f 2172/2172 2202/2202 2221/2221
f 2186/2186 2123/2123 2229/2229
f 2123/2123 2174/2174 2230/2230
f 2174/2174 2205/2205 2231/2231
f 2232/2232 2188/2188 2233/2233
f 2188/2188 2162/2162 2233/2233
f 2208/2208 2189/2189 2234/2234
f 2189/2189 2190/2190 2235/2235
f 2189/2189 2235/2235 2236/2236
f 2190/2190 2209/2209 2235/2235
f 2210/2210 2176/2176 2237/2237
f 2111/2111 2135/2135 2238/2238
f 2224/2224 2052/2052 2239/2239
f 2053/2053 2179/2179 2240/2240
f 2155/2155 2225/2225 2195/2195
f 2164/2164 2114/2114 2241/2241
f 2241/2241 2114/2114 2214/2214
f 2199/2199 2242/2242 2216/2216
f 2217/2217 2201/2201 2243/2243
f 2181/2181 2168/2168 2244/2244
f 2168/2168 2143/2143 2244/2244
f 2143/2143 2131/2131 2245/2245
f 2167/2167 2120/2120 2226/2226
f 2145/2145 2169/2169 2246/2246
f 2159/2159 2188/2188 2232/2232
f 2184/2184 2219/2219 2247/2247
f 2219/2219 2183/2183 2248/2248
f 2183/2183 2170/2170 2248/2248
f 2228/2228 2147/2147 2249/2249
f 2147/2147 2160/2160 2249/2249
f 2249/2249 2160/2160 2185/2185
f 2185/2185 2220/2220 2250/2250
f 2230/2230 2174/2174 2231/2231
f 2209/2209 2210/2210 2251/2251
f 2177/2177 2127/2127 2252/2252
f 2079/2079 2222/2222 2127/2127
f 2111/2111 2238/2238 2222/2222
f 2238/2238 2135/2135 2223/2223
f 2225/2225 2164/2164 2241/2241
f 2243/2243 2201/2201 2253/2253
f 2200/2200 2181/2181 2254/2254
f 2181/2181 2244/2244 2254/2254
f 2143/2143 2245/2245 2244/2244
f 2245/2245 2131/2131 2216/2216
f 2201/2201 2159/2159 2253/2253
f 2145/2145 2246/2246 2226/2226
f 2159/2159 2232/2232 2253/2253
f 2228/2228 2249/2249 2255/2255
f 2249/2249 2185/2185 2256/2256
f 2185/2185 2250/2250 2256/2256
f 2250/2250 2220/2220 2257/2257
f 2220/2220 2221/2221 2257/2257
f 2221/2221 2202/2202 2203/2203
f 2186/2186 2229/2229 2203/2203
f 2229/2229 2123/2123 2258/2258
f 2205/2205 2204/2204 2259/2259
f 2204/2204 2206/2206 2259/2259
f 2206/2206 2133/2133 2260/2260
f 2133/2133 2175/2175 2260/2260
f 2207/2207 2161/2161 2261/2261
f 2161/2161 2187/2187 2261/2261
f 2162/2162 2208/2208 2233/2233
f 2235/2235 2209/2209 2262/2262
f 2176/2176 2191/2191 2263/2263
f 2263/2263 2191/2191 2211/2211
f 2136/2136 2194/2194 2264/2264
f 2194/2194 2178/2178 2264/2264
f 2265/2265 2163/2163 2213/2213
f 2266/2266 2213/2213 2267/2267
f 2213/2213 2196/2196 2267/2267
f 2196/2196 2195/2195 2267/2267
f 2241/2241 2214/2214 2268/2268
f 2214/2214 2269/2269 2268/2268
f 2214/2214 2197/2197 2269/2269
f 2197/2197 2165/2165 2270/2270
f 2116/2116 2157/2157 2271/2271
f 2157/2157 2198/2198 2271/2271
f 2158/2158 2117/2117 2272/2272
f 2117/2117 2215/2215 2272/2272
f 2216/2216 2242/2242 2273/2273
f 2142/2142 2167/2167 2274/2274
f 2253/2253 2232/2232 2275/2275
f 2248/2248 2170/2170 2276/2276
f 2170/2170 2227/2227 2276/2276
f 2203/2203 2229/2229 2277/2277
f 2205/2205 2259/2259 2231/2231
f 2233/2233 2208/2208 2278/2278
f 2189/2189 2236/2236 2234/2234
f 2262/2262 2209/2209 2279/2279
f 2251/2251 2210/2210 2280/2280
f 2237/2237 2176/2176 2263/2263
f 2128/2128 2154/2154 2281/2281
f 2179/2179 2180/2180 2282/2282
f 2180/2180 2163/2163 2265/2265
f 2195/2195 2283/2283 2267/2267
f 2195/2195 2225/2225 2283/2283
f 2225/2225 2241/2241 2284/2284
f 2241/2241 2268/2268 2284/2284
f 2269/2269 2197/2197 2270/2270
f 2165/2165 2116/2116 2285/2285
f 2215/2215 2130/2130 2286/2286
f 2274/2274 2167/2167 2287/2287
f 2167/2167 2226/2226 2287/2287
f 2227/2227 2228/2228 2276/2276
f 2249/2249 2256/2256 2288/2288
f 2256/2256 2250/2250 2289/2289
f 2221/2221 2203/2203 2277/2277
f 2277/2277 2229/2229 2258/2258
f 2123/2123 2230/2230 2258/2258
f 2175/2175 2207/2207 2260/2260
f 2151/2151 2152/2152 2290/2290
f 2208/2208 2234/2234 2278/2278
f 2235/2235 2262/2262 2291/2291
f 2209/2209 2251/2251 2279/2279
f 2210/2210 2237/2237 2280/2280
f 2192/2192 2193/2193 2252/2252
f 2193/2193 2177/2177 2252/2252
f 2252/2252 2127/2127 2292/2292
f 2292/2292 2127/2127 2293/2293
f 2127/2127 2222/2222 2293/2293
f 2282/2282 2180/2180 2265/2265
f 2270/2270 2165/2165 2285/2285
f 2285/2285 2116/2116 2294/2294
f 2116/2116 2271/2271 2294/2294
f 2272/2272 2215/2215 2286/2286
f 2295/2295 2296/2296 2297/2297
f 2273/2273 2242/2242 2298/2298
f 2243/2243 2253/2253 2299/2299
f 2274/2274 2287/2287 2300/2300
f 2244/2244 2245/2245 2301/2301
f 2247/2247 2219/2219 2302/2302
f 2255/2255 2249/2249 2288/2288
f 2255/2255 2288/2288 2303/2303
f 2250/2250 2257/2257 2289/2289
f 2257/2257 2221/2221 2277/2277
f 2231/2231 2259/2259 2304/2304
f 2260/2260 2207/2207 2261/2261
f 2187/2187 2151/2151 2305/2305
f 2151/2151 2290/2290 2305/2305
f 2232/2232 2233/2233 2306/2306
f 2222/2222 2238/2238 2293/2293
f 2223/2223 2136/2136 2307/2307
f 2136/2136 2264/2264 2307/2307
f 2281/2281 2154/2154 2308/2308
f 2264/2264 2178/2178 2309/2309
f 2287/2287 2226/2226 2310/2310
f 2302/2302 2219/2219 2311/2311
f 2219/2219 2248/2248 2311/2311
f 2248/2248 2276/2276 2312/2312
f 2276/2276 2228/2228 2313/2313
f 2228/2228 2255/2255 2313/2313
f 2257/2257 2277/2277 2314/2314
f 2277/2277 2258/2258 2314/2314
f 2233/2233 2278/2278 2306/2306
f 2278/2278 2234/2234 2315/2315
f 2211/2211 2192/2192 2316/2316
f 2153/2153 2317/2317 2318/2318
f 2266/2266 2267/2267 2319/2319
f 2267/2267 2320/2320 2319/2319
f 2272/2272 2286/2286 2321/2321
f 2299/2299 2253/2253 2322/2322
f 2200/2200 2254/2254 2323/2323
f 2254/2254 2244/2244 2301/2301
f 2254/2254 2301/2301 2323/2323
f 2245/2245 2216/2216 2324/2324
f 2216/2216 2273/2273 2324/2324
f 2256/2256 2289/2289 2325/2325
f 2289/2289 2257/2257 2325/2325
f 2257/2257 2326/2326 2325/2325
f 2257/2257 2314/2314 2326/2326
f 2314/2314 2258/2258 2327/2327
f 2231/2231 2304/2304 2230/2230
f 2259/2259 2206/2206 2328/2328
f 2206/2206 2260/2260 2328/2328
f 2261/2261 2187/2187 2305/2305
f 2236/2236 2235/2235 2291/2291
f 2280/2280 2237/2237 2329/2329
f 2237/2237 2263/2263 2329/2329
f 2263/2263 2211/2211 2330/2330
f 2211/2211 2316/2316 2330/2330
f 2316/2316 2192/2192 2252/2252
f 2293/2293 2238/2238 2331/2331
f 2238/2238 2223/2223 2331/2331
f 2212/2212 2224/2224 2309/2309
f 2179/2179 2282/2282 2332/2332
f 2265/2265 2213/2213 2266/2266
f 2267/2267 2283/2283 2333/2333
f 2286/2286 2130/2130 2334/2334
f 2273/2273 2298/2298 2335/2335
f 2287/2287 2310/2310 2336/2336
f 2226/2226 2246/2246 2337/2337
f 2312/2312 2276/2276 2313/2313
f 2313/2313 2255/2255 2338/2338
f 2255/2255 2303/2303 2338/2338
f 2303/2303 2288/2288 2339/2339
f 2339/2339 2288/2288 2340/2340
f 2288/2288 2256/2256 2340/2340
f 2256/2256 2325/2325 2340/2340
f 2230/2230 2304/2304 2341/2341
f 2304/2304 2259/2259 2342/2342
f 2232/2232 2343/2343 2275/2275
f 2232/2232 2306/2306 2343/2343
f 2315/2315 2234/2234 2236/2236
f 2240/2240 2179/2179 2332/2332
f 2265/2265 2266/2266 2282/2282
f 2267/2267 2333/2333 2320/2320
f 2225/2225 2284/2284 2283/2283
f 2270/2270 2285/2285 2344/2344
f 2300/2300 2287/2287 2345/2345
f 2200/2200 2323/2323 2346/2346
f 2301/2301 2245/2245 2347/2347
f 2245/2245 2324/2324 2347/2347
f 2226/2226 2337/2337 2310/2310
f 2253/2253 2275/2275 2322/2322
f 2311/2311 2248/2248 2348/2348
f 2248/2248 2312/2312 2348/2348
f 2303/2303 2349/2349 2338/2338
f 2303/2303 2339/2339 2349/2349
f 2340/2340 2325/2325 2350/2350
f 2325/2325 2326/2326 2351/2351
f 2326/2326 2314/2314 2352/2352
f 2314/2314 2327/2327 2352/2352
f 2327/2327 2258/2258 2353/2353
f 2258/2258 2230/2230 2353/2353
f 2259/2259 2328/2328 2342/2342
f 2260/2260 2261/2261 2354/2354
f 2279/2279 2251/2251 2355/2355
f 2223/2223 2307/2307 2331/2331
f 2224/2224 2239/2239 2356/2356
f 2240/2240 2332/2332 2357/2357
f 2283/2283 2284/2284 2358/2358
f 2269/2269 2270/2270 2359/2359
f 2270/2270 2344/2344 2359/2359
f 2344/2344 2285/2285 2294/2294
f 2302/2302 2311/2311 2360/2360
f 2313/2313 2338/2338 2312/2312
f 2353/2353 2230/2230 2341/2341
f 2341/2341 2304/2304 2342/2342
f 2261/2261 2305/2305 2354/2354
f 2343/2343 2306/2306 2361/2361
f 2306/2306 2362/2362 2361/2361
f 2306/2306 2278/2278 2362/2362
f 2278/2278 2363/2363 2362/2362
f 2278/2278 2315/2315 2363/2363
f 2315/2315 2236/2236 2363/2363
f 2236/2236 2291/2291 2363/2363
f 2363/2363 2291/2291 2364/2364
f 2291/2291 2262/2262 2364/2364
f 2364/2364 2262/2262 2365/2365
f 2262/2262 2279/2279 2365/2365
f 2279/2279 2355/2355 2365/2365
f 2355/2355 2251/2251 2366/2366
f 2251/2251 2280/2280 2366/2366
f 2280/2280 2329/2329 2366/2366
f 2329/2329 2263/2263 2330/2330
f 2329/2329 2330/2330 2366/2366
f 2330/2330 2316/2316 2367/2367
f 2367/2367 2316/2316 2368/2368
f 2316/2316 2252/2252 2368/2368
f 2252/2252 2292/2292 2368/2368
f 2368/2368 2292/2292 2369/2369
f 2369/2369 2292/2292 2370/2370
f 2292/2292 2293/2293 2370/2370
f 2293/2293 2371/2371 2370/2370
f 2293/2293 2331/2331 2371/2371
f 2372/2372 2373/2373 2374/2374
f 2307/2307 2264/2264 2375/2375
f 2281/2281 2308/2308 2376/2376
f 2264/2264 2309/2309 2375/2375
f 2309/2309 2224/2224 2377/2377
f 2224/2224 2356/2356 2377/2377
f 2333/2333 2283/2283 2358/2358
f 2284/2284 2268/2268 2378/2378
f 2284/2284 2378/2378 2358/2358
f 2268/2268 2269/2269 2378/2378
f 2269/2269 2359/2359 2378/2378
f 2271/2271 2198/2198 2379/2379
f 2286/2286 2334/2334 2321/2321
f 2299/2299 2322/2322 2380/2380
f 2322/2322 2381/2381 2380/2380
f 2312/2312 2338/2338 2382/2382
f 2339/2339 2340/2340 2349/2349
f 2325/2325 2351/2351 2350/2350
f 2351/2351 2326/2326 2352/2352
f 2327/2327 2383/2383 2352/2352
f 2327/2327 2353/2353 2383/2383
f 2322/2322 2275/2275 2384/2384
f 2322/2322 2384/2384 2381/2381
f 2342/2342 2328/2328 2385/2385
f 2328/2328 2260/2260 2386/2386
f 2328/2328 2386/2386 2385/2385
f 2260/2260 2354/2354 2386/2386
f 2354/2354 2305/2305 2387/2387
f 2305/2305 2388/2388 2387/2387
f 2305/2305 2290/2290 2388/2388
f 2275/2275 2343/2343 2384/2384
f 2384/2384 2343/2343 2361/2361
f 2361/2361 2362/2362 2389/2389
f 2307/2307 2375/2375 2390/2390
f 2375/2375 2309/2309 2391/2391
f 2309/2309 2377/2377 2391/2391
f 2332/2332 2282/2282 2392/2392
f 2392/2392 2282/2282 2393/2393
f 2282/2282 2266/2266 2393/2393
f 2393/2393 2266/2266 2394/2394
f 2266/2266 2319/2319 2394/2394
f 2319/2319 2320/2320 2394/2394
f 2394/2394 2320/2320 2395/2395
f 2320/2320 2333/2333 2395/2395
f 2333/2333 2358/2358 2396/2396
f 2397/2397 2358/2358 2378/2378
f 2378/2378 2359/2359 2398/2398
f 2359/2359 2344/2344 2398/2398
f 2344/2344 2294/2294 2399/2399
f 2344/2344 2399/2399 2398/2398
f 2335/2335 2298/2298 2400/2400
f 2299/2299 2380/2380 2401/2401
f 2360/2360 2311/2311 2402/2402
f 2311/2311 2348/2348 2403/2403
f 2311/2311 2403/2403 2402/2402
f 2348/2348 2312/2312 2403/2403
f 2403/2403 2312/2312 2404/2404
f 2312/2312 2382/2382 2404/2404
f 2338/2338 2349/2349 2382/2382
f 2340/2340 2405/2405 2349/2349
f 2340/2340 2350/2350 2405/2405
f 2353/2353 2341/2341 2406/2406
f 2341/2341 2342/2342 2406/2406
f 2342/2342 2385/2385 2406/2406
f 2354/2354 2407/2407 2386/2386
f 2354/2354 2387/2387 2407/2407
f 2384/2384 2361/2361 2408/2408
f 2361/2361 2409/2409 2408/2408
f 2361/2361 2389/2389 2409/2409
f 2362/2362 2410/2410 2389/2389
f 2410/2410 2362/2362 2411/2411
f 2362/2362 2363/2363 2411/2411
f 2363/2363 2412/2412 2411/2411
f 2363/2363 2364/2364 2412/2412
f 2412/2412 2364/2364 2413/2413
f 2364/2364 2365/2365 2414/2414
f 2364/2364 2414/2414 2413/2413
f 2365/2365 2355/2355 2414/2414
f 2355/2355 2415/2415 2414/2414
f 2355/2355 2366/2366 2415/2415
f 2415/2415 2366/2366 2416/2416
f 2366/2366 2330/2330 2416/2416
f 2330/2330 2367/2367 2417/2417
f 2330/2330 2417/2417 2416/2416
f 2367/2367 2368/2368 2417/2417
f 2368/2368 2418/2418 2417/2417
f 2418/2418 2368/2368 2419/2419
f 2368/2368 2369/2369 2419/2419
f 2369/2369 2370/2370 2419/2419
f 2370/2370 2371/2371 2419/2419
f 2371/2371 2331/2331 2420/2420
f 2331/2331 2307/2307 2420/2420
f 2420/2420 2307/2307 2421/2421
f 2307/2307 2390/2390 2421/2421
f 2357/2357 2332/2332 2422/2422
f 2422/2422 2332/2332 2392/2392
f 2395/2395 2333/2333 2396/2396
f 2358/2358 2397/2397 2396/2396
f 2294/2294 2271/2271 2423/2423
f 2294/2294 2423/2423 2399/2399
f 2271/2271 2379/2379 2423/2423
f 2321/2321 2334/2334 2424/2424
f 2335/2335 2400/2400 2425/2425
f 2426/2426 2300/2300 2345/2345
f 2345/2345 2287/2287 2427/2427
f 2287/2287 2336/2336 2427/2427
f 2310/2310 2337/2337 2428/2428
f 2380/2380 2381/2381 2429/2429
f 2382/2382 2349/2349 2430/2430
f 2349/2349 2405/2405 2430/2430
f 2430/2430 2405/2405 2431/2431
f 2430/2430 2431/2431 2432/2432
f 2432/2432 2431/2431 2433/2433
f 2405/2405 2350/2350 2431/2431
f 2431/2431 2350/2350 2434/2434
f 2350/2350 2351/2351 2434/2434
f 2434/2434 2351/2351 2435/2435
f 2351/2351 2352/2352 2435/2435
f 2435/2435 2352/2352 2436/2436
f 2352/2352 2383/2383 2436/2436
f 2436/2436 2383/2383 2437/2437
f 2383/2383 2353/2353 2437/2437
f 2437/2437 2353/2353 2438/2438
f 2437/2437 2438/2438 2439/2439
f 2438/2438 2353/2353 2440/2440
f 2381/2381 2384/2384 2408/2408
f 2353/2353 2406/2406 2440/2440
f 2440/2440 2406/2406 2441/2441
f 2406/2406 2385/2385 2441/2441
f 2441/2441 2385/2385 2442/2442
f 2385/2385 2386/2386 2442/2442
f 2442/2442 2386/2386 2407/2407
f 2387/2387 2388/2388 2443/2443
f 2388/2388 2290/2290 2444/2444
f 2388/2388 2444/2444 2443/2443
f 2409/2409 2389/2389 2410/2410
f 2445/2445 2446/2446 2447/2447
f 2445/2445 2447/2447 2448/2448
f 2448/2448 2447/2447 2449/2449
f 2449/2449 2450/2450 2451/2451
f 2451/2451 2450/2450 2452/2452
f 2452/2452 2450/2450 2453/2453
f 2453/2453 2450/2450 2454/2454
f 2453/2453 2454/2454 2455/2455
f 2453/2453 2455/2455 2456/2456
f 2456/2456 2455/2455 2457/2457
f 2456/2456 2457/2457 2458/2458
f 2458/2458 2457/2457 2459/2459
f 2456/2456 2458/2458 2460/2460
f 2458/2458 2459/2459 2461/2461
f 2460/2460 2458/2458 2462/2462
f 2458/2458 2461/2461 2462/2462
f 2462/2462 2461/2461 2463/2463
f 2460/2460 2462/2462 2464/2464
f 2464/2464 2462/2462 2465/2465
f 2462/2462 2463/2463 2465/2465
f 2466/2466 2376/2376 2467/2467
f 2377/2377 2356/2356 2468/2468
f 2357/2357 2422/2422 2469/2469
f 2398/2398 2399/2399 2470/2470
f 2471/2471 2472/2472 2473/2473
f 2401/2401 2380/2380 2474/2474
f 2301/2301 2347/2347 2475/2475
f 2347/2347 2324/2324 2475/2475
f 2475/2475 2324/2324 2476/2476
f 2324/2324 2335/2335 2476/2476
f 2476/2476 2335/2335 2425/2425
f 2380/2380 2429/2429 2474/2474
f 2429/2429 2381/2381 2477/2477
f 2360/2360 2402/2402 2478/2478
f 2360/2360 2478/2478 2479/2479
f 2402/2402 2403/2403 2480/2480
f 2402/2402 2480/2480 2478/2478
f 2403/2403 2404/2404 2481/2481
f 2403/2403 2481/2481 2480/2480
f 2404/2404 2382/2382 2482/2482
f 2404/2404 2482/2482 2481/2481
f 2483/2483 2484/2484 2485/2485
f 2485/2485 2484/2484 2486/2486
f 2382/2382 2430/2430 2482/2482
f 2482/2482 2430/2430 2487/2487
f 2484/2484 2488/2488 2486/2486
f 2488/2488 2489/2489 2486/2486
f 2430/2430 2432/2432 2487/2487
f 2488/2488 2490/2490 2489/2489
f 2489/2489 2490/2490 2491/2491
f 2486/2486 2489/2489 2492/2492
f 2489/2489 2491/2491 2493/2493
f 2489/2489 2493/2493 2492/2492
f 2432/2432 2433/2433 2494/2494
f 2433/2433 2431/2431 2495/2495
f 2433/2433 2495/2495 2494/2494
f 2491/2491 2496/2496 2493/2493
f 2431/2431 2497/2497 2495/2495
f 2496/2496 2498/2498 2499/2499
f 2496/2496 2499/2499 2493/2493
f 2431/2431 2434/2434 2497/2497
f 2434/2434 2500/2500 2497/2497
f 2498/2498 2501/2501 2499/2499
f 2434/2434 2435/2435 2500/2500
f 2501/2501 2502/2502 2499/2499
f 2435/2435 2503/2503 2500/2500
f 2501/2501 2504/2504 2502/2502
f 2504/2504 2505/2505 2502/2502
f 2435/2435 2436/2436 2503/2503
f 2504/2504 2506/2506 2505/2505
f 2506/2506 2507/2507 2505/2505
f 2507/2507 2506/2506 2508/2508
f 2381/2381 2408/2408 2477/2477
f 2509/2509 2492/2492 2510/2510
f 2492/2492 2493/2493 2511/2511
f 2492/2492 2511/2511 2510/2510
f 2493/2493 2499/2499 2511/2511
f 2511/2511 2499/2499 2502/2502
f 2502/2502 2505/2505 2512/2512
f 2505/2505 2513/2513 2512/2512
f 2505/2505 2507/2507 2513/2513
f 2513/2513 2507/2507 2514/2514
f 2507/2507 2508/2508 2514/2514
f 2506/2506 2515/2515 2508/2508
f 2437/2437 2439/2439 2516/2516
f 2515/2515 2517/2517 2508/2508
f 2508/2508 2517/2517 2518/2518
f 2508/2508 2518/2518 2514/2514
f 2439/2439 2438/2438 2519/2519
f 2439/2439 2519/2519 2516/2516
f 2517/2517 2520/2520 2518/2518
f 2438/2438 2440/2440 2521/2521
f 2438/2438 2521/2521 2519/2519
f 2520/2520 2522/2522 2518/2518
f 2440/2440 2441/2441 2521/2521
f 2522/2522 2523/2523 2518/2518
f 2441/2441 2524/2524 2521/2521
f 2522/2522 2525/2525 2523/2523
f 2441/2441 2442/2442 2524/2524
f 2523/2523 2525/2525 2526/2526
f 2524/2524 2442/2442 2527/2527
f 2525/2525 2528/2528 2526/2526
f 2442/2442 2407/2407 2527/2527
f 2526/2526 2528/2528 2529/2529
f 2407/2407 2530/2530 2527/2527
f 2528/2528 2531/2531 2529/2529
f 2407/2407 2387/2387 2530/2530
f 2531/2531 2532/2532 2529/2529
f 2387/2387 2443/2443 2530/2530
f 2531/2531 2533/2533 2532/2532
f 2532/2532 2533/2533 2534/2534
f 2533/2533 2535/2535 2536/2536
f 2533/2533 2536/2536 2534/2534
f 2537/2537 2509/2509 2538/2538
f 2509/2509 2510/2510 2538/2538
f 2502/2502 2512/2512 2511/2511
f 2512/2512 2513/2513 2539/2539
f 2513/2513 2514/2514 2540/2540
f 2514/2514 2518/2518 2540/2540
f 2529/2529 2532/2532 2541/2541
f 2510/2510 2511/2511 2542/2542
f 2512/2512 2539/2539 2511/2511
f 2513/2513 2540/2540 2539/2539
f 2518/2518 2523/2523 2543/2543
f 2523/2523 2526/2526 2544/2544
f 2526/2526 2529/2529 2541/2541
f 2541/2541 2532/2532 2545/2545
f 2532/2532 2534/2534 2545/2545
f 2510/2510 2546/2546 2538/2538
f 2510/2510 2542/2542 2546/2546
f 2511/2511 2547/2547 2542/2542
f 2547/2547 2511/2511 2539/2539
f 2539/2539 2540/2540 2548/2548
f 2540/2540 2549/2549 2548/2548
f 2540/2540 2518/2518 2549/2549
f 2549/2549 2518/2518 2543/2543
f 2523/2523 2544/2544 2543/2543
f 2544/2544 2526/2526 2550/2550
f 2526/2526 2541/2541 2550/2550
f 2545/2545 2534/2534 2551/2551
f 2534/2534 2536/2536 2551/2551
f 2551/2551 2536/2536 2552/2552
f 2543/2543 2544/2544 2553/2553
f 2541/2541 2545/2545 2550/2550
f 2550/2550 2545/2545 2554/2554
f 2545/2545 2551/2551 2554/2554
f 2555/2555 2538/2538 2556/2556
f 2538/2538 2546/2546 2556/2556
f 2547/2547 2539/2539 2548/2548
f 2544/2544 2550/2550 2557/2557
f 2554/2554 2551/2551 2558/2558
f 2551/2551 2552/2552 2558/2558
f 2542/2542 2547/2547 2546/2546
f 2547/2547 2548/2548 2559/2559
f 2548/2548 2549/2549 2559/2559
f 2549/2549 2543/2543 2553/2553
f 2553/2553 2544/2544 2557/2557
f 2550/2550 2554/2554 2557/2557
f 2409/2409 2410/2410 2408/2408
f 2546/2546 2547/2547 2560/2560
f 2547/2547 2559/2559 2560/2560
f 2559/2559 2549/2549 2561/2561
f 2553/2553 2557/2557 2562/2562
f 2560/2560 2559/2559 2563/2563
f 2549/2549 2553/2553 2561/2561
f 2561/2561 2553/2553 2564/2564
f 2553/2553 2562/2562 2564/2564
f 2557/2557 2565/2565 2562/2562
f 2557/2557 2554/2554 2565/2565
f 2565/2565 2554/2554 2566/2566
f 2554/2554 2558/2558 2566/2566
f 2556/2556 2546/2546 2567/2567
f 2559/2559 2568/2568 2563/2563
f 2559/2559 2561/2561 2568/2568
f 2569/2569 2570/2570 2558/2558
f 2408/2408 2410/2410 2571/2571
f 2546/2546 2572/2572 2567/2567
f 2546/2546 2560/2560 2572/2572
f 2560/2560 2563/2563 2573/2573
f 2561/2561 2574/2574 2568/2568
f 2565/2565 2566/2566 2575/2575
f 2575/2575 2566/2566 2576/2576
f 2566/2566 2577/2577 2576/2576
f 2566/2566 2558/2558 2577/2577
f 2572/2572 2560/2560 2573/2573
f 2565/2565 2575/2575 2562/2562
f 2561/2561 2564/2564 2574/2574
f 2562/2562 2575/2575 2578/2578
f 2570/2570 2579/2579 2558/2558
f 2577/2577 2558/2558 2579/2579
f 2568/2568 2574/2574 2580/2580
f 2556/2556 2567/2567 2581/2581
f 2581/2581 2567/2567 2582/2582
f 2567/2567 2572/2572 2582/2582
f 2563/2563 2568/2568 2580/2580
f 2564/2564 2562/2562 2583/2583
f 2573/2573 2563/2563 2580/2580
f 2580/2580 2574/2574 2584/2584
f 2584/2584 2574/2574 2585/2585
f 2574/2574 2564/2564 2585/2585
f 2562/2562 2578/2578 2583/2583
f 2570/2570 2586/2586 2579/2579
f 2582/2582 2572/2572 2587/2587
f 2587/2587 2572/2572 2588/2588
f 2572/2572 2573/2573 2588/2588
f 2573/2573 2580/2580 2588/2588
f 2564/2564 2583/2583 2585/2585
f 2588/2588 2580/2580 2584/2584
f 2584/2584 2585/2585 2589/2589
f 2585/2585 2583/2583 2590/2590
f 2583/2583 2578/2578 2590/2590
f 2578/2578 2575/2575 2591/2591
f 2575/2575 2576/2576 2592/2592
f 2582/2582 2593/2593 2581/2581
f 2582/2582 2587/2587 2593/2593
f 2587/2587 2588/2588 2594/2594
f 2590/2590 2578/2578 2591/2591
f 2592/2592 2576/2576 2595/2595
f 2588/2588 2584/2584 2596/2596
f 2584/2584 2589/2589 2597/2597
f 2591/2591 2575/2575 2592/2592
f 2576/2576 2577/2577 2598/2598
f 2581/2581 2593/2593 2599/2599
f 2584/2584 2597/2597 2600/2600
f 2576/2576 2598/2598 2595/2595
f 2410/2410 2411/2411 2571/2571
f 2596/2596 2584/2584 2600/2600
f 2585/2585 2601/2601 2589/2589
f 2585/2585 2590/2590 2601/2601
f 2591/2591 2592/2592 2602/2602
f 2571/2571 2411/2411 2603/2603
f 2593/2593 2604/2604 2599/2599
f 2593/2593 2587/2587 2604/2604
f 2594/2594 2588/2588 2605/2605
f 2588/2588 2596/2596 2605/2605
f 2586/2586 2606/2606 2579/2579
f 2596/2596 2600/2600 2607/2607
f 2592/2592 2595/2595 2602/2602
f 2587/2587 2594/2594 2604/2604
f 2608/2608 2596/2596 2607/2607
f 2590/2590 2591/2591 2602/2602
f 2577/2577 2579/2579 2598/2598
f 2600/2600 2597/2597 2607/2607
f 2602/2602 2595/2595 2609/2609
f 2595/2595 2598/2598 2610/2610
f 2606/2606 2611/2611 2579/2579
f 2598/2598 2579/2579 2611/2611
f 2599/2599 2612/2612 2613/2613
f 2599/2599 2604/2604 2612/2612
f 2596/2596 2608/2608 2605/2605
f 2602/2602 2609/2609 2614/2614
f 2607/2607 2597/2597 2615/2615
f 2595/2595 2610/2610 2609/2609
f 2597/2597 2589/2589 2615/2615
f 2590/2590 2602/2602 2614/2614
f 2605/2605 2608/2608 2616/2616
f 2607/2607 2615/2615 2608/2608
f 2411/2411 2412/2412 2603/2603
f 2604/2604 2594/2594 2617/2617
f 2594/2594 2605/2605 2617/2617
f 2589/2589 2601/2601 2615/2615
f 2601/2601 2590/2590 2614/2614
f 2603/2603 2412/2412 2618/2618
f 2605/2605 2616/2616 2617/2617
f 2616/2616 2608/2608 2619/2619
f 2598/2598 2611/2611 2620/2620
f 2606/2606 2620/2620 2611/2611
f 2613/2613 2612/2612 2621/2621
f 2604/2604 2617/2617 2612/2612
f 2601/2601 2614/2614 2622/2622
f 2622/2622 2614/2614 2623/2623
f 2614/2614 2609/2609 2624/2624
f 2598/2598 2620/2620 2610/2610
f 2609/2609 2610/2610 2624/2624
f 2617/2617 2616/2616 2625/2625
f 2619/2619 2608/2608 2626/2626
f 2608/2608 2615/2615 2626/2626
f 2615/2615 2601/2601 2626/2626
f 2601/2601 2622/2622 2626/2626
f 2621/2621 2612/2612 2627/2627
f 2612/2612 2617/2617 2625/2625
f 2625/2625 2616/2616 2628/2628
f 2623/2623 2614/2614 2624/2624
f 2610/2610 2620/2620 2629/2629
f 2412/2412 2413/2413 2618/2618
f 2619/2619 2626/2626 2630/2630
f 2624/2624 2610/2610 2631/2631
f 2620/2620 2446/2446 2629/2629
f 2612/2612 2625/2625 2627/2627
f 2616/2616 2619/2619 2628/2628
f 2622/2622 2623/2623 2632/2632
f 2623/2623 2624/2624 2633/2633
f 2624/2624 2631/2631 2634/2634
f 2627/2627 2625/2625 2635/2635
f 2628/2628 2619/2619 2636/2636
f 2626/2626 2622/2622 2637/2637
f 2622/2622 2632/2632 2637/2637
f 2632/2632 2623/2623 2633/2633
f 2621/2621 2627/2627 2635/2635
f 2619/2619 2630/2630 2636/2636
f 2626/2626 2637/2637 2630/2630
f 2633/2633 2624/2624 2634/2634
f 2610/2610 2629/2629 2631/2631
f 2635/2635 2625/2625 2638/2638
f 2625/2625 2639/2639 2638/2638
f 2639/2639 2625/2625 2628/2628
f 2631/2631 2629/2629 2640/2640
f 2640/2640 2629/2629 2445/2445
f 2629/2629 2446/2446 2445/2445
f 2641/2641 2621/2621 2635/2635
f 2636/2636 2630/2630 2642/2642
f 2631/2631 2640/2640 2643/2643
f 2413/2413 2644/2644 2618/2618
f 2638/2638 2639/2639 2645/2645
f 2633/2633 2634/2634 2646/2646
f 2634/2634 2631/2631 2646/2646
f 2641/2641 2635/2635 2647/2647
f 2642/2642 2630/2630 2637/2637
f 2413/2413 2414/2414 2644/2644
f 2647/2647 2635/2635 2648/2648
f 2635/2635 2638/2638 2648/2648
f 2647/2647 2648/2648 2649/2649
f 2648/2648 2638/2638 2645/2645
f 2628/2628 2636/2636 2650/2650
f 2637/2637 2632/2632 2651/2651
f 2632/2632 2633/2633 2651/2651
f 2645/2645 2639/2639 2652/2652
f 2639/2639 2628/2628 2652/2652
f 2652/2652 2628/2628 2650/2650
f 2636/2636 2653/2653 2650/2650
f 2653/2653 2636/2636 2642/2642
f 2633/2633 2646/2646 2654/2654
f 2642/2642 2637/2637 2655/2655
f 2640/2640 2445/2445 2448/2448
f 2640/2640 2448/2448 2643/2643
f 2648/2648 2645/2645 2656/2656
f 2646/2646 2631/2631 2657/2657
f 2631/2631 2643/2643 2657/2657
f 2653/2653 2642/2642 2658/2658
f 2649/2649 2648/2648 2656/2656
f 2642/2642 2655/2655 2658/2658
f 2637/2637 2651/2651 2655/2655
f 2651/2651 2633/2633 2659/2659
f 2633/2633 2654/2654 2659/2659
f 2643/2643 2448/2448 2660/2660
f 2646/2646 2657/2657 2661/2661
f 2649/2649 2656/2656 2662/2662
f 2656/2656 2645/2645 2663/2663
f 2645/2645 2652/2652 2650/2650
f 2650/2650 2653/2653 2664/2664
f 2657/2657 2643/2643 2665/2665
f 2448/2448 2449/2449 2660/2660
f 2643/2643 2660/2660 2665/2665
f 2653/2653 2658/2658 2664/2664
f 2658/2658 2655/2655 2666/2666
f 2655/2655 2651/2651 2667/2667
f 2651/2651 2659/2659 2667/2667
f 2659/2659 2654/2654 2668/2668
f 2654/2654 2646/2646 2668/2668
f 2657/2657 2665/2665 2669/2669
f 2645/2645 2670/2670 2663/2663
f 2645/2645 2650/2650 2670/2670
f 2650/2650 2664/2664 2670/2670
f 2667/2667 2659/2659 2671/2671
f 2671/2671 2659/2659 2668/2668
f 2646/2646 2661/2661 2668/2668
f 2644/2644 2414/2414 2415/2415
f 2655/2655 2667/2667 2666/2666
f 2661/2661 2657/2657 2669/2669
f 2658/2658 2666/2666 2672/2672
f 2666/2666 2667/2667 2671/2671
f 2449/2449 2451/2451 2660/2660
f 2662/2662 2656/2656 2673/2673
f 2656/2656 2663/2663 2674/2674
f 2664/2664 2658/2658 2675/2675
f 2658/2658 2672/2672 2675/2675
f 2671/2671 2668/2668 2676/2676
f 2673/2673 2656/2656 2674/2674
f 2663/2663 2670/2670 2677/2677
f 2670/2670 2664/2664 2678/2678
f 2451/2451 2452/2452 2660/2660
f 2665/2665 2660/2660 2452/2452
f 2663/2663 2677/2677 2674/2674
f 2670/2670 2678/2678 2677/2677
f 2671/2671 2676/2676 2679/2679
f 2664/2664 2675/2675 2678/2678
f 2676/2676 2668/2668 2680/2680
f 2668/2668 2661/2661 2680/2680
f 2675/2675 2672/2672 2681/2681
f 2672/2672 2666/2666 2681/2681
f 2666/2666 2682/2682 2681/2681
f 2666/2666 2671/2671 2682/2682
f 2661/2661 2683/2683 2680/2680
f 2673/2673 2674/2674 2684/2684
f 2661/2661 2669/2669 2685/2685
f 2669/2669 2665/2665 2685/2685
f 2685/2685 2665/2665 2686/2686
f 2665/2665 2452/2452 2687/2687
f 2665/2665 2687/2687 2686/2686
f 2671/2671 2679/2679 2682/2682
f 2677/2677 2678/2678 2688/2688
f 2678/2678 2675/2675 2681/2681
f 2674/2674 2677/2677 2684/2684
f 2688/2688 2678/2678 2689/2689
f 2678/2678 2681/2681 2689/2689
f 2683/2683 2661/2661 2685/2685
f 2684/2684 2677/2677 2690/2690
f 2677/2677 2688/2688 2690/2690
f 2681/2681 2691/2691 2689/2689
f 2681/2681 2682/2682 2692/2692
f 2682/2682 2693/2693 2692/2692
f 2682/2682 2679/2679 2693/2693
f 2679/2679 2676/2676 2680/2680
f 2452/2452 2453/2453 2687/2687
f 2684/2684 2690/2690 2694/2694
f 2681/2681 2692/2692 2691/2691
f 2692/2692 2693/2693 2695/2695
f 2685/2685 2686/2686 2696/2696
f 2690/2690 2688/2688 2697/2697
f 2688/2688 2689/2689 2697/2697
f 2684/2684 2694/2694 2698/2698
f 2680/2680 2683/2683 2699/2699
f 2683/2683 2685/2685 2696/2696
f 2679/2679 2680/2680 2700/2700
f 2696/2696 2686/2686 2701/2701
f 2687/2687 2453/2453 2702/2702
f 2686/2686 2687/2687 2702/2702
f 2686/2686 2702/2702 2701/2701
f 2691/2691 2692/2692 2703/2703
f 2692/2692 2695/2695 2703/2703
f 2695/2695 2693/2693 2704/2704
f 2693/2693 2679/2679 2704/2704
f 2698/2698 2694/2694 2705/2705
f 2697/2697 2689/2689 2706/2706
f 2689/2689 2691/2691 2706/2706
f 2706/2706 2691/2691 2703/2703
f 2704/2704 2679/2679 2707/2707
f 2680/2680 2699/2699 2700/2700
f 2694/2694 2690/2690 2705/2705
f 2679/2679 2700/2700 2707/2707
f 2683/2683 2696/2696 2699/2699
f 2690/2690 2697/2697 2708/2708
f 2697/2697 2706/2706 2708/2708
f 2705/2705 2690/2690 2708/2708
f 2703/2703 2695/2695 2709/2709
f 2416/2416 2417/2417 2710/2710
f 2711/2711 2698/2698 2705/2705
f 2706/2706 2703/2703 2712/2712
f 2695/2695 2704/2704 2709/2709
f 2700/2700 2699/2699 2713/2713
f 2699/2699 2696/2696 2713/2713
f 2708/2708 2706/2706 2714/2714
f 2712/2712 2703/2703 2715/2715
f 2715/2715 2703/2703 2709/2709
f 2704/2704 2707/2707 2709/2709
f 2713/2713 2696/2696 2716/2716
f 2453/2453 2456/2456 2702/2702
f 2417/2417 2418/2418 2710/2710
f 2705/2705 2708/2708 2711/2711
f 2711/2711 2708/2708 2717/2717
f 2714/2714 2706/2706 2712/2712
f 2700/2700 2713/2713 2718/2718
f 2696/2696 2701/2701 2716/2716
f 2712/2712 2715/2715 2719/2719
f 2709/2709 2707/2707 2720/2720
f 2707/2707 2700/2700 2720/2720
f 2456/2456 2721/2721 2702/2702
f 2701/2701 2702/2702 2721/2721
f 2715/2715 2709/2709 2722/2722
f 2709/2709 2720/2720 2722/2722
f 2720/2720 2700/2700 2723/2723
f 2700/2700 2718/2718 2723/2723
f 2719/2719 2715/2715 2722/2722
f 2708/2708 2714/2714 2724/2724
f 2714/2714 2712/2712 2724/2724
f 2716/2716 2701/2701 2721/2721
f 2711/2711 2717/2717 2725/2725
f 2712/2712 2719/2719 2724/2724
f 2719/2719 2722/2722 2726/2726
f 2713/2713 2716/2716 2718/2718
f 2718/2718 2716/2716 2727/2727
f 2716/2716 2721/2721 2727/2727
f 2710/2710 2418/2418 2419/2419
f 2711/2711 2725/2725 2728/2728
f 2724/2724 2719/2719 2729/2729
f 2720/2720 2723/2723 2730/2730
f 2727/2727 2721/2721 2731/2731
f 2717/2717 2708/2708 2732/2732
f 2722/2722 2720/2720 2730/2730
f 2730/2730 2723/2723 2733/2733
f 2723/2723 2718/2718 2733/2733
f 2718/2718 2727/2727 2734/2734
f 2718/2718 2734/2734 2733/2733
f 2732/2732 2708/2708 2724/2724
f 2729/2729 2719/2719 2726/2726
f 2722/2722 2730/2730 2726/2726
f 2734/2734 2727/2727 2735/2735
f 2727/2727 2731/2731 2735/2735
f 2728/2728 2725/2725 2736/2736
f 2724/2724 2729/2729 2732/2732
f 2456/2456 2731/2731 2721/2721
f 2729/2729 2726/2726 2737/2737
f 2456/2456 2460/2460 2731/2731
f 2732/2732 2729/2729 2737/2737
f 2726/2726 2738/2738 2737/2737
f 2726/2726 2730/2730 2738/2738
f 2725/2725 2717/2717 2739/2739
f 2717/2717 2732/2732 2739/2739
f 2733/2733 2734/2734 2740/2740
f 2734/2734 2735/2735 2740/2740
f 2371/2371 2420/2420 2419/2419
f 2739/2739 2732/2732 2741/2741
f 2741/2741 2732/2732 2737/2737
f 2738/2738 2730/2730 2742/2742
f 2730/2730 2733/2733 2742/2742
f 2737/2737 2743/2743 2741/2741
f 2737/2737 2738/2738 2742/2742
f 2740/2740 2735/2735 2744/2744
f 2736/2736 2725/2725 2739/2739
f 2744/2744 2735/2735 2731/2731
f 2745/2745 2736/2736 2746/2746
f 2736/2736 2739/2739 2746/2746
f 2737/2737 2742/2742 2743/2743
f 2742/2742 2733/2733 2747/2747
f 2733/2733 2740/2740 2747/2747
f 2744/2744 2731/2731 2464/2464
f 2739/2739 2748/2748 2746/2746
f 2739/2739 2741/2741 2748/2748
f 2741/2741 2743/2743 2749/2749
f 2741/2741 2749/2749 2748/2748
f 2749/2749 2743/2743 2750/2750
f 2743/2743 2742/2742 2750/2750
f 2750/2750 2742/2742 2747/2747
f 2731/2731 2460/2460 2464/2464
f 2745/2745 2746/2746 2751/2751
f 2746/2746 2748/2748 2751/2751
f 2749/2749 2750/2750 2752/2752
f 2740/2740 2744/2744 2747/2747
f 2753/2753 2745/2745 2751/2751
f 2751/2751 2748/2748 2754/2754
f 2754/2754 2748/2748 2755/2755
f 2748/2748 2749/2749 2755/2755
f 2749/2749 2752/2752 2756/2756
f 2750/2750 2747/2747 2757/2757
f 2747/2747 2744/2744 2758/2758
f 2754/2754 2755/2755 2759/2759
f 2755/2755 2749/2749 2756/2756
f 2752/2752 2750/2750 2757/2757
f 2757/2757 2747/2747 2758/2758
f 2758/2758 2744/2744 2760/2760
f 2744/2744 2464/2464 2760/2760
f 2760/2760 2464/2464 2761/2761
f 2464/2464 2465/2465 2761/2761
f 2465/2465 2463/2463 2762/2762
f 2465/2465 2762/2762 2763/2763
f 2465/2465 2763/2763 2761/2761
f 2753/2753 2751/2751 2764/2764
f 2751/2751 2754/2754 2764/2764
f 2759/2759 2755/2755 2756/2756
f 2764/2764 2754/2754 2765/2765
f 2754/2754 2766/2766 2765/2765
f 2754/2754 2759/2759 2766/2766
f 2759/2759 2756/2756 2766/2766
f 2766/2766 2756/2756 2767/2767
f 2756/2756 2752/2752 2767/2767
f 2752/2752 2757/2757 2768/2768
f 2752/2752 2768/2768 2767/2767
f 2768/2768 2757/2757 2769/2769
f 2757/2757 2758/2758 2769/2769
f 2758/2758 2770/2770 2769/2769
f 2758/2758 2760/2760 2770/2770
f 2760/2760 2761/2761 2770/2770
f 2390/2390 2375/2375 2421/2421
f 2771/2771 2467/2467 2772/2772
f 2391/2391 2377/2377 2773/2773
f 2773/2773 2377/2377 2774/2774
f 2377/2377 2468/2468 2774/2774
f 2393/2393 2394/2394 2775/2775
f 2394/2394 2395/2395 2775/2775
f 2395/2395 2396/2396 2776/2776
f 2395/2395 2776/2776 2775/2775
f 2396/2396 2397/2397 2776/2776
f 2397/2397 2777/2777 2776/2776
f 2397/2397 2378/2378 2777/2777
f 2378/2378 2470/2470 2777/2777
f 2378/2378 2398/2398 2470/2470
f 2778/2778 2321/2321 2779/2779
f 2345/2345 2427/2427 2780/2780
f 2323/2323 2301/2301 2475/2475
f 2474/2474 2429/2429 2781/2781
f 2429/2429 2477/2477 2781/2781
f 2479/2479 2478/2478 2782/2782
f 2478/2478 2480/2480 2782/2782
f 2480/2480 2481/2481 2782/2782
f 2482/2482 2783/2783 2481/2481
f 2784/2784 2785/2785 2786/2786
f 2785/2785 2787/2787 2786/2786
f 2785/2785 2788/2788 2787/2787
f 2787/2787 2788/2788 2789/2789
f 2788/2788 2483/2483 2789/2789
f 2789/2789 2483/2483 2509/2509
f 2483/2483 2485/2485 2790/2790
f 2483/2483 2790/2790 2509/2509
f 2485/2485 2486/2486 2790/2790
f 2486/2486 2492/2492 2790/2790
f 2786/2786 2787/2787 2791/2791
f 2789/2789 2509/2509 2537/2537
f 2791/2791 2787/2787 2792/2792
f 2787/2787 2789/2789 2792/2792
f 2791/2791 2792/2792 2793/2793
f 2792/2792 2789/2789 2794/2794
f 2789/2789 2537/2537 2794/2794
f 2791/2791 2793/2793 2795/2795
f 2792/2792 2794/2794 2793/2793
f 2794/2794 2537/2537 2555/2555
f 2537/2537 2538/2538 2555/2555
f 2793/2793 2794/2794 2796/2796
f 2408/2408 2797/2797 2798/2798
f 2795/2795 2793/2793 2799/2799
f 2793/2793 2796/2796 2799/2799
f 2795/2795 2799/2799 2800/2800
f 2796/2796 2794/2794 2801/2801
f 2794/2794 2555/2555 2801/2801
f 2408/2408 2571/2571 2797/2797
f 2555/2555 2556/2556 2801/2801
f 2800/2800 2799/2799 2802/2802
f 2802/2802 2799/2799 2803/2803
f 2799/2799 2796/2796 2803/2803
f 2803/2803 2796/2796 2804/2804
f 2796/2796 2801/2801 2804/2804
f 2801/2801 2556/2556 2581/2581
f 2802/2802 2803/2803 2805/2805
f 2803/2803 2804/2804 2805/2805
f 2802/2802 2805/2805 2806/2806
f 2805/2805 2804/2804 2807/2807
f 2804/2804 2801/2801 2807/2807
f 2801/2801 2581/2581 2599/2599
f 2801/2801 2599/2599 2808/2808
f 2806/2806 2805/2805 2809/2809
f 2807/2807 2801/2801 2808/2808
f 2808/2808 2599/2599 2613/2613
f 2571/2571 2603/2603 2810/2810
f 2809/2809 2805/2805 2811/2811
f 2805/2805 2807/2807 2811/2811
f 2808/2808 2613/2613 2812/2812
f 2809/2809 2811/2811 2813/2813
f 2603/2603 2618/2618 2810/2810
f 2811/2811 2807/2807 2814/2814
f 2807/2807 2808/2808 2814/2814
f 2814/2814 2808/2808 2812/2812
f 2810/2810 2618/2618 2815/2815
f 2613/2613 2621/2621 2812/2812
f 2813/2813 2811/2811 2816/2816
f 2814/2814 2812/2812 2641/2641
f 2812/2812 2621/2621 2641/2641
f 2816/2816 2811/2811 2817/2817
f 2811/2811 2814/2814 2817/2817
f 2817/2817 2814/2814 2818/2818
f 2814/2814 2641/2641 2818/2818
f 2818/2818 2641/2641 2647/2647
f 2618/2618 2644/2644 2815/2815
f 2816/2816 2817/2817 2819/2819
f 2644/2644 2820/2820 2815/2815
f 2819/2819 2817/2817 2821/2821
f 2817/2817 2818/2818 2821/2821
f 2821/2821 2818/2818 2822/2822
f 2818/2818 2647/2647 2822/2822
f 2822/2822 2647/2647 2649/2649
f 2819/2819 2821/2821 2823/2823
f 2823/2823 2821/2821 2824/2824
f 2821/2821 2822/2822 2825/2825
f 2821/2821 2825/2825 2824/2824
f 2822/2822 2649/2649 2825/2825
f 2825/2825 2649/2649 2662/2662
f 2823/2823 2824/2824 2826/2826
f 2644/2644 2415/2415 2820/2820
f 2820/2820 2415/2415 2827/2827
f 2824/2824 2825/2825 2828/2828
f 2825/2825 2662/2662 2828/2828
f 2828/2828 2662/2662 2673/2673
f 2826/2826 2824/2824 2829/2829
f 2824/2824 2828/2828 2829/2829
f 2828/2828 2673/2673 2684/2684
f 2826/2826 2829/2829 2830/2830
f 2829/2829 2828/2828 2831/2831
f 2829/2829 2831/2831 2830/2830
f 2828/2828 2684/2684 2831/2831
f 2415/2415 2416/2416 2827/2827
f 2826/2826 2830/2830 2832/2832
f 2827/2827 2416/2416 2833/2833
f 2832/2832 2830/2830 2834/2834
f 2832/2832 2834/2834 2835/2835
f 2831/2831 2684/2684 2836/2836
f 2830/2830 2831/2831 2834/2834
f 2834/2834 2831/2831 2836/2836
f 2684/2684 2698/2698 2836/2836
f 2416/2416 2837/2837 2833/2833
f 2835/2835 2834/2834 2838/2838
f 2834/2834 2836/2836 2838/2838
f 2835/2835 2838/2838 2839/2839
f 2838/2838 2836/2836 2840/2840
f 2698/2698 2711/2711 2836/2836
f 2836/2836 2711/2711 2840/2840
f 2416/2416 2710/2710 2837/2837
f 2840/2840 2711/2711 2728/2728
f 2839/2839 2838/2838 2841/2841
f 2841/2841 2838/2838 2842/2842
f 2838/2838 2840/2840 2842/2842
f 2842/2842 2840/2840 2843/2843
f 2840/2840 2728/2728 2843/2843
f 2710/2710 2419/2419 2837/2837
f 2837/2837 2419/2419 2844/2844
f 2841/2841 2842/2842 2845/2845
f 2845/2845 2842/2842 2846/2846
f 2842/2842 2843/2843 2847/2847
f 2842/2842 2847/2847 2846/2846
f 2843/2843 2728/2728 2736/2736
f 2843/2843 2736/2736 2847/2847
f 2419/2419 2420/2420 2844/2844
f 2844/2844 2420/2420 2848/2848
f 2846/2846 2847/2847 2849/2849
f 2846/2846 2849/2849 2850/2850
f 2847/2847 2736/2736 2849/2849
f 2849/2849 2736/2736 2745/2745
f 2745/2745 2753/2753 2849/2849
f 2851/2851 2850/2850 2852/2852
f 2850/2850 2849/2849 2852/2852
f 2420/2420 2421/2421 2853/2853
f 2420/2420 2853/2853 2848/2848
f 2852/2852 2849/2849 2854/2854
f 2849/2849 2753/2753 2855/2855
f 2849/2849 2855/2855 2854/2854
f 2753/2753 2764/2764 2855/2855
f 2764/2764 2765/2765 2855/2855
f 2421/2421 2375/2375 2853/2853
f 2375/2375 2391/2391 2773/2773
f 2470/2470 2856/2856 2777/2777
f 2470/2470 2399/2399 2857/2857
f 2399/2399 2423/2423 2857/2857
f 2424/2424 2334/2334 2858/2858
f 2401/2401 2474/2474 2859/2859
f 2859/2859 2474/2474 2860/2860
f 2861/2861 2862/2862 2863/2863
f 2346/2346 2323/2323 2864/2864
f 2475/2475 2476/2476 2865/2865
f 2476/2476 2425/2425 2865/2865
f 2865/2865 2425/2425 2861/2861
f 2474/2474 2781/2781 2860/2860
f 2860/2860 2781/2781 2866/2866
f 2477/2477 2408/2408 2781/2781
f 2781/2781 2408/2408 2798/2798
f 2798/2798 2797/2797 2867/2867
f 2797/2797 2571/2571 2867/2867
f 2867/2867 2571/2571 2810/2810
f 2810/2810 2815/2815 2868/2868
f 2815/2815 2820/2820 2868/2868
f 2868/2868 2820/2820 2869/2869
f 2869/2869 2820/2820 2870/2870
f 2820/2820 2827/2827 2870/2870
f 2827/2827 2871/2871 2870/2870
f 2827/2827 2833/2833 2871/2871
f 2833/2833 2837/2837 2871/2871
f 2837/2837 2872/2872 2871/2871
f 2837/2837 2844/2844 2873/2873
f 2837/2837 2873/2873 2872/2872
f 2844/2844 2848/2848 2873/2873
f 2873/2873 2848/2848 2874/2874
f 2874/2874 2848/2848 2853/2853
f 2853/2853 2375/2375 2875/2875
f 2853/2853 2875/2875 2876/2876
f 2375/2375 2773/2773 2875/2875
f 2392/2392 2393/2393 2877/2877
f 2393/2393 2775/2775 2878/2878
f 2393/2393 2878/2878 2877/2877
f 2775/2775 2776/2776 2878/2878
f 2878/2878 2776/2776 2879/2879
f 2776/2776 2880/2880 2879/2879
f 2776/2776 2777/2777 2880/2880
f 2777/2777 2856/2856 2880/2880
f 2856/2856 2470/2470 2857/2857
f 2856/2856 2857/2857 2880/2880
f 2426/2426 2345/2345 2881/2881
f 2864/2864 2323/2323 2882/2882
f 2323/2323 2475/2475 2882/2882
f 2865/2865 2861/2861 2883/2883
f 2861/2861 2863/2863 2883/2883
f 2883/2883 2863/2863 2884/2884
f 2860/2860 2866/2866 2885/2885
f 2336/2336 2886/2886 2427/2427
f 2336/2336 2310/2310 2886/2886
f 2310/2310 2428/2428 2886/2886
f 2866/2866 2781/2781 2887/2887
f 2781/2781 2798/2798 2888/2888
f 2781/2781 2888/2888 2887/2887
f 2798/2798 2867/2867 2888/2888
f 2867/2867 2889/2889 2888/2888
f 2867/2867 2810/2810 2889/2889
f 2810/2810 2890/2890 2889/2889
f 2810/2810 2868/2868 2891/2891
f 2810/2810 2891/2891 2890/2890
f 2868/2868 2869/2869 2891/2891
f 2891/2891 2869/2869 2892/2892
f 2869/2869 2870/2870 2892/2892
f 2870/2870 2893/2893 2892/2892
f 2870/2870 2871/2871 2893/2893
f 2871/2871 2894/2894 2893/2893
f 2895/2895 2893/2893 2894/2894
f 2895/2895 2894/2894 2896/2896
f 2894/2894 2871/2871 2897/2897
f 2896/2896 2894/2894 2897/2897
f 2871/2871 2872/2872 2897/2897
f 2897/2897 2872/2872 2898/2898
f 2896/2896 2897/2897 2898/2898
f 2896/2896 2898/2898 2899/2899
f 2872/2872 2873/2873 2898/2898
f 2899/2899 2898/2898 2900/2900
f 2873/2873 2874/2874 2898/2898
f 2900/2900 2898/2898 2874/2874
f 2900/2900 2874/2874 2901/2901
f 2874/2874 2853/2853 2876/2876
f 2901/2901 2874/2874 2876/2876
f 2875/2875 2773/2773 2902/2902
f 2875/2875 2902/2902 2901/2901
f 2773/2773 2774/2774 2902/2902
f 2902/2902 2774/2774 2903/2903
f 2774/2774 2468/2468 2903/2903
f 2469/2469 2422/2422 2904/2904
f 2422/2422 2392/2392 2904/2904
f 2392/2392 2877/2877 2904/2904
f 2877/2877 2905/2905 2904/2904
f 2877/2877 2878/2878 2905/2905
f 2905/2905 2878/2878 2906/2906
f 2878/2878 2879/2879 2906/2906
f 2906/2906 2879/2879 2907/2907
f 2879/2879 2908/2908 2907/2907
f 2879/2879 2880/2880 2908/2908
f 2908/2908 2880/2880 2909/2909
f 2880/2880 2857/2857 2909/2909
f 2857/2857 2423/2423 2909/2909
f 2423/2423 2379/2379 2910/2910
f 2321/2321 2424/2424 2911/2911
f 2881/2881 2345/2345 2780/2780
f 2882/2882 2475/2475 2912/2912
f 2475/2475 2865/2865 2912/2912
f 2865/2865 2883/2883 2913/2913
f 2883/2883 2884/2884 2914/2914
f 2883/2883 2914/2914 2913/2913
f 2885/2885 2866/2866 2915/2915
f 2915/2915 2866/2866 2916/2916
f 2780/2780 2427/2427 2917/2917
f 2917/2917 2427/2427 2918/2918
f 2427/2427 2886/2886 2918/2918
f 2866/2866 2887/2887 2916/2916
f 2887/2887 2888/2888 2916/2916
f 2916/2916 2888/2888 2919/2919
f 2888/2888 2920/2920 2919/2919
f 2888/2888 2889/2889 2920/2920
f 2920/2920 2889/2889 2921/2921
f 2889/2889 2890/2890 2921/2921
f 2921/2921 2890/2890 2922/2922
f 2890/2890 2891/2891 2922/2922
f 2891/2891 2923/2923 2922/2922
f 2891/2891 2892/2892 2923/2923
f 2923/2923 2892/2892 2924/2924
f 2892/2892 2893/2893 2924/2924
f 2924/2924 2893/2893 2925/2925
f 2900/2900 2926/2926 2899/2899
f 2900/2900 2901/2901 2926/2926
f 2926/2926 2901/2901 2902/2902
f 2904/2904 2905/2905 2927/2927
f 2927/2927 2905/2905 2928/2928
f 2928/2928 2905/2905 2906/2906
f 2779/2779 2321/2321 2911/2911
f 2929/2929 2930/2930 2931/2931
f 2930/2930 2780/2780 2931/2931
f 2780/2780 2917/2917 2931/2931
f 2882/2882 2912/2912 2932/2932
f 2865/2865 2913/2913 2933/2933
f 2913/2913 2914/2914 2933/2933
f 2934/2934 2935/2935 2936/2936
f 2934/2934 2936/2936 2937/2937
f 2935/2935 2938/2938 2936/2936
f 2938/2938 2939/2939 2940/2940
f 2938/2938 2940/2940 2936/2936
f 2936/2936 2940/2940 2941/2941
f 2936/2936 2941/2941 2942/2942
f 2939/2939 2943/2943 2940/2940
f 2940/2940 2943/2943 2944/2944
f 2943/2943 2945/2945 2944/2944
f 2945/2945 2946/2946 2944/2944
f 2946/2946 2947/2947 2944/2944
f 2946/2946 2948/2948 2947/2947
f 2946/2946 2949/2949 2948/2948
f 2949/2949 2950/2950 2948/2948
f 2949/2949 2951/2951 2950/2950
f 2951/2951 2952/2952 2950/2950
f 2951/2951 2953/2953 2952/2952
f 2952/2952 2953/2953 2954/2954
f 2953/2953 2955/2955 2954/2954
f 2955/2955 2956/2956 2954/2954
f 2954/2954 2956/2956 2957/2957
f 2956/2956 2929/2929 2957/2957
f 2929/2929 2931/2931 2957/2957
f 2957/2957 2931/2931 2958/2958
f 2931/2931 2917/2917 2958/2958
f 2864/2864 2882/2882 2932/2932
f 2912/2912 2865/2865 2937/2937
f 2865/2865 2933/2933 2937/2937
f 2917/2917 2918/2918 2959/2959
f 2886/2886 2428/2428 2960/2960
f 2428/2428 2961/2961 2960/2960
f 2778/2778 2779/2779 2962/2962
f 2779/2779 2911/2911 2962/2962
f 2911/2911 2424/2424 2963/2963
f 2424/2424 2858/2858 2963/2963
f 2940/2940 2944/2944 2941/2941
f 2964/2964 2941/2941 2965/2965
f 2944/2944 2947/2947 2941/2941
f 2941/2941 2947/2947 2965/2965
f 2947/2947 2966/2966 2965/2965
f 2948/2948 2967/2967 2947/2947
f 2947/2947 2967/2967 2966/2966
f 2948/2948 2950/2950 2967/2967
f 2967/2967 2950/2950 2968/2968
f 2967/2967 2968/2968 2969/2969
f 2950/2950 2952/2952 2968/2968
f 2952/2952 2954/2954 2968/2968
f 2954/2954 2970/2970 2968/2968
f 2970/2970 2971/2971 2972/2972
f 2954/2954 2958/2958 2970/2970
f 2970/2970 2958/2958 2971/2971
f 2954/2954 2957/2957 2958/2958
f 2971/2971 2958/2958 2973/2973
f 2932/2932 2912/2912 2974/2974
f 2912/2912 2937/2937 2974/2974
f 2936/2936 2942/2942 2937/2937
f 2942/2942 2941/2941 2964/2964
f 2973/2973 2958/2958 2975/2975
f 2958/2958 2917/2917 2975/2975
f 2975/2975 2917/2917 2959/2959
f 2864/2864 2932/2932 2976/2976
f 2976/2976 2932/2932 2977/2977
f 2932/2932 2974/2974 2977/2977
f 2977/2977 2974/2974 2978/2978
f 2978/2978 2974/2974 2979/2979
f 2974/2974 2937/2937 2979/2979
f 2937/2937 2942/2942 2979/2979
f 2942/2942 2964/2964 2980/2980
f 2942/2942 2980/2980 2979/2979
f 2964/2964 2981/2981 2980/2980
f 2964/2964 2965/2965 2981/2981
f 2966/2966 2967/2967 2982/2982
f 2967/2967 2969/2969 2982/2982
f 2968/2968 2972/2972 2969/2969
f 2968/2968 2970/2970 2972/2972
f 2959/2959 2918/2918 2983/2983
f 2918/2918 2886/2886 2983/2983
f 2886/2886 2960/2960 2983/2983
f 2962/2962 2911/2911 2984/2984
f 2984/2984 2911/2911 2985/2985
f 2911/2911 2963/2963 2985/2985
f 2985/2985 2963/2963 2986/2986
f 2986/2986 2963/2963 2987/2987
f 2976/2976 2977/2977 2988/2988
f 2978/2978 2979/2979 2989/2989
f 2979/2979 2980/2980 2989/2989
f 2989/2989 2980/2980 2990/2990
f 2980/2980 2981/2981 2990/2990
f 2981/2981 2991/2991 2990/2990
f 2981/2981 2965/2965 2991/2991
f 2991/2991 2965/2965 2992/2992
f 2965/2965 2966/2966 2992/2992
f 2966/2966 2982/2982 2992/2992
f 2982/2982 2993/2993 2992/2992
f 2982/2982 2969/2969 2993/2993
f 2969/2969 2972/2972 2993/2993
f 2993/2993 2972/2972 2994/2994
f 2972/2972 2971/2971 2994/2994
f 2973/2973 2995/2995 2971/2971
f 2973/2973 2975/2975 2995/2995
f 2975/2975 2996/2996 2995/2995
f 2975/2975 2959/2959 2996/2996
f 2959/2959 2997/2997 2996/2996
f 2959/2959 2983/2983 2997/2997
f 2983/2983 2960/2960 2998/2998
f 2988/2988 2977/2977 2999/2999
f 2977/2977 2978/2978 2999/2999
f 2978/2978 2989/2989 2999/2999
f 2999/2999 2989/2989 3000/3000
f 2989/2989 3001/3001 3000/3000
f 2989/2989 2990/2990 3001/3001
f 2990/2990 3002/3002 3001/3001
f 2990/2990 2991/2991 3002/3002
f 2991/2991 2992/2992 3002/3002
f 2992/2992 3003/3003 3002/3002
f 2992/2992 3004/3004 3003/3003
f 2992/2992 2993/2993 3004/3004
f 3004/3004 2993/2993 3005/3005
f 2993/2993 2994/2994 3005/3005
f 3005/3005 2994/2994 3006/3006
f 2994/2994 2971/2971 3006/3006
f 3006/3006 2971/2971 3007/3007
f 2971/2971 2995/2995 3007/3007
f 3007/3007 2995/2995 2996/2996
f 2997/2997 2983/2983 2998/2998
f 2998/2998 2960/2960 3008/3008
f 2960/2960 2961/2961 3008/3008
f 80/80 58/58 95/95
f 5/5 3009/3009 9/9
f 9/9 3010/3010 10/10
f 3010/3010 13/13 10/10
f 15/15 3011/3011 16/16
f 3011/3011 18/18 16/16
f 3012/3012 45/45 44/44
f 3013/3013 76/76 45/45
f 3013/3013 176/176 97/97
f 3013/3013 97/97 76/76
f 101/101 102/102 130/130
f 130/130 102/102 131/131
f 131/131 102/102 100/100
f 105/105 106/106 134/134
f 134/134 106/106 107/107
f 108/108 110/110 138/138
f 138/138 110/110 152/152
f 110/110 112/112 153/153
f 110/110 153/153 152/152
f 175/175 97/97 176/176
f 3014/3014 5/5 4/4
f 3014/3014 3015/3015 5/5
f 3015/3015 3009/3009 5/5
f 3009/3009 3010/3010 9/9
f 3016/3016 13/13 3010/3010
f 3016/3016 3017/3017 13/13
f 3017/3017 3018/3018 13/13
f 13/13 3018/3018 15/15
f 3018/3018 3011/3011 15/15
f 3018/3018 3019/3019 3011/3011
f 3019/3019 3020/3020 3011/3011
f 3011/3011 3020/3020 18/18
f 20/20 3021/3021 21/21
f 3021/3021 3022/3022 21/21
f 3022/3022 3023/3023 23/23
f 3022/3022 23/23 21/21
f 3023/3023 26/26 23/23
f 3024/3024 3013/3013 45/45
f 3025/3025 3009/3009 3015/3015
f 3009/3009 3026/3026 3010/3010
f 3020/3020 3027/3027 18/18
f 3027/3027 20/20 18/18
f 3027/3027 3021/3021 20/20
f 3028/3028 26/26 3023/3023
f 3012/3012 3029/3029 45/45
f 3029/3029 3024/3024 45/45
f 3030/3030 176/176 3013/3013
f 3031/3031 3032/3032 3014/3014
f 3032/3032 3015/3015 3014/3014
f 3025/3025 3033/3033 3009/3009
f 3033/3033 3034/3034 3009/3009
f 3034/3034 3026/3026 3009/3009
f 3017/3017 3035/3035 3018/3018
f 3022/3022 3028/3028 3023/3023
f 44/44 3029/3029 3012/3012
f 140/140 3036/3036 118/118
f 3024/3024 3030/3030 3013/3013
f 3030/3030 177/177 176/176
f 3032/3032 3025/3025 3015/3015
f 3037/3037 3022/3022 3021/3021
f 182/182 3014/3014 4/4
f 3026/3026 3038/3038 3010/3010
f 3038/3038 3016/3016 3010/3010
f 3038/3038 3035/3035 3016/3016
f 3016/3016 3035/3035 3017/3017
f 3035/3035 192/192 3018/3018
f 192/192 3019/3019 3018/3018
f 191/191 3020/3020 3019/3019
f 3020/3020 3039/3039 3027/3027
f 3039/3039 3040/3040 3027/3027
f 3040/3040 3021/3021 3027/3027
f 3031/3031 3041/3041 3032/3032
f 3032/3032 3041/3041 3025/3025
f 3041/3041 3042/3042 3033/3033
f 3041/3041 3033/3033 3025/3025
f 3042/3042 3043/3043 3034/3034
f 3042/3042 3034/3034 3033/3033
f 3043/3043 3026/3026 3034/3034
f 3029/3029 3044/3044 3024/3024
f 3044/3044 3030/3030 3024/3024
f 3044/3044 3045/3045 3030/3030
f 182/182 3046/3046 3014/3014
f 3046/3046 3031/3031 3014/3014
f 192/192 191/191 3019/3019
f 191/191 3039/3039 3020/3020
f 3037/3037 3047/3047 3022/3022
f 3047/3047 3028/3028 3022/3022
f 3048/3048 3049/3049 26/26
f 3048/3048 26/26 3028/3028
f 3050/3050 3029/3029 44/44
f 3040/3040 3051/3051 3021/3021
f 3051/3051 3037/3037 3021/3021
f 3047/3047 3048/3048 3028/3028
f 194/194 3036/3036 140/140
f 3052/3052 3042/3042 3041/3041
f 3052/3052 3053/3053 3042/3042
f 3042/3042 3053/3053 3043/3043
f 3043/3043 3054/3054 3026/3026
f 3054/3054 3038/3038 3026/3026
f 3054/3054 3055/3055 3035/3035
f 3054/3054 3035/3035 3038/3038
f 3055/3055 3056/3056 3035/3035
f 3035/3035 3056/3056 192/192
f 3056/3056 193/193 192/192
f 3045/3045 177/177 3030/3030
f 3057/3057 3040/3040 3039/3039
f 3058/3058 3059/3059 3031/3031
f 3059/3059 3041/3041 3031/3031
f 3059/3059 3052/3052 3041/3041
f 3046/3046 3060/3060 3031/3031
f 3040/3040 3061/3061 3051/3051
f 3051/3051 3062/3062 3037/3037
f 3062/3062 3063/3063 3037/3037
f 3063/3063 3047/3047 3037/3037
f 3060/3060 3058/3058 3031/3031
f 3053/3053 3064/3064 3043/3043
f 3043/3043 3065/3065 3054/3054
f 193/193 3039/3039 191/191
f 3045/3045 219/219 177/177
f 3061/3061 3062/3062 3051/3051
f 3050/3050 3066/3066 3029/3029
f 3067/3067 3052/3052 3059/3059
f 3067/3067 3053/3053 3052/3052
f 3064/3064 3065/3065 3043/3043
f 3055/3055 3068/3068 3056/3056
f 3068/3068 193/193 3056/3056
f 3069/3069 3039/3039 193/193
f 3066/3066 3044/3044 3029/3029
f 3044/3044 3070/3070 3045/3045
f 3070/3070 219/219 3045/3045
f 3047/3047 3071/3071 3048/3048
f 3071/3071 3049/3049 3048/3048
f 3067/3067 3072/3072 3053/3053
f 3053/3053 3072/3072 3064/3064
f 3066/3066 3070/3070 3044/3044
f 3063/3063 3073/3073 3047/3047
f 3073/3073 3071/3071 3047/3047
f 3058/3058 3074/3074 3059/3059
f 3065/3065 3055/3055 3054/3054
f 244/244 228/228 623/623
f 3065/3065 3075/3075 3055/3055
f 3055/3055 3075/3075 3068/3068
f 3076/3076 3039/3039 3069/3069
f 3076/3076 3057/3057 3039/3039
f 623/623 554/554 244/244
f 241/241 3077/3077 242/242
f 246/246 552/552 243/243
f 3077/3077 248/248 242/242
f 246/246 247/247 249/249
f 557/557 3078/3078 3079/3079
f 254/254 576/576 261/261
f 576/576 262/262 261/261
f 3078/3078 3080/3080 3079/3079
f 3078/3078 3081/3081 3082/3082
f 3078/3078 3082/3082 3080/3080
f 3081/3081 3083/3083 3082/3082
f 3082/3082 3083/3083 3084/3084
f 3083/3083 3085/3085 3084/3084
f 3085/3085 3086/3086 3084/3084
f 3085/3085 3087/3087 3086/3086
f 3087/3087 3088/3088 3086/3086
f 3088/3088 3089/3089 3086/3086
f 3088/3088 3090/3090 3089/3089
f 3090/3090 3091/3091 3089/3089
f 3089/3089 3091/3091 3092/3092
f 3091/3091 3093/3093 3092/3092
f 3092/3092 3093/3093 3094/3094
f 3094/3094 3093/3093 3095/3095
f 3093/3093 3096/3096 3095/3095
f 3096/3096 3097/3097 3095/3095
f 3097/3097 3098/3098 3095/3095
f 3097/3097 3099/3099 3098/3098
f 3099/3099 3100/3100 3098/3098
f 3100/3100 3101/3101 3098/3098
f 3100/3100 3102/3102 3101/3101
f 637/637 600/600 599/599
f 3101/3101 3102/3102 3103/3103
f 3102/3102 3104/3104 3103/3103
f 3057/3057 841/841 3040/3040
f 3050/3050 3105/3105 3066/3066
f 3106/3106 3067/3067 3059/3059
f 3107/3107 3075/3075 3065/3065
f 3068/3068 3069/3069 193/193
f 811/811 629/629 3070/3070
f 3070/3070 629/629 219/219
f 557/557 3108/3108 3078/3078
f 3078/3078 3109/3109 3081/3081
f 3109/3109 3083/3083 3081/3081
f 3109/3109 3110/3110 3083/3083
f 3110/3110 3111/3111 3083/3083
f 3111/3111 3085/3085 3083/3083
f 3111/3111 3087/3087 3085/3085
f 3112/3112 3100/3100 3099/3099
f 3112/3112 3102/3102 3100/3100
f 636/636 600/600 637/637
f 3046/3046 3113/3113 3060/3060
f 841/841 840/840 3040/3040
f 840/840 3061/3061 3040/3040
f 3061/3061 3114/3114 3063/3063
f 3061/3061 3063/3063 3062/3062
f 3074/3074 3058/3058 3060/3060
f 3074/3074 3106/3106 3059/3059
f 3076/3076 841/841 3057/3057
f 3105/3105 811/811 3070/3070
f 3105/3105 3070/3070 3066/3066
f 3115/3115 3116/3116 556/556
f 556/556 3116/3116 557/557
f 3116/3116 3108/3108 557/557
f 3117/3117 3078/3078 3108/3108
f 3117/3117 3118/3118 3078/3078
f 3078/3078 3118/3118 3109/3109
f 3119/3119 3110/3110 3109/3109
f 3119/3119 3120/3120 3110/3110
f 3110/3110 3120/3120 3111/3111
f 3111/3111 3121/3121 3087/3087
f 3121/3121 3122/3122 3087/3087
f 3122/3122 3088/3088 3087/3087
f 3088/3088 3122/3122 3090/3090
f 3122/3122 3123/3123 3090/3090
f 3090/3090 3123/3123 3091/3091
f 3123/3123 3124/3124 3091/3091
f 3091/3091 3124/3124 3093/3093
f 3124/3124 3125/3125 3093/3093
f 3125/3125 3126/3126 3093/3093
f 3093/3093 3126/3126 3096/3096
f 3126/3126 3127/3127 3096/3096
f 3127/3127 3128/3128 3096/3096
f 3096/3096 3128/3128 3097/3097
f 3097/3097 3129/3129 3099/3099
f 3129/3129 3130/3130 3112/3112
f 3129/3129 3112/3112 3099/3099
f 3112/3112 3131/3131 3102/3102
f 3131/3131 3132/3132 3102/3102
f 662/662 680/680 636/636
f 3132/3132 3104/3104 3102/3102
f 3114/3114 3073/3073 3063/3063
f 3071/3071 3133/3133 3049/3049
f 3134/3134 3105/3105 3050/3050
f 3064/3064 3135/3135 3065/3065
f 3135/3135 3107/3107 3065/3065
f 3075/3075 3136/3136 3068/3068
f 3136/3136 3137/3137 3068/3068
f 3137/3137 3069/3069 3068/3068
f 671/671 3138/3138 672/672
f 3139/3139 3140/3140 699/699
f 3139/3139 699/699 3141/3141
f 3140/3140 700/700 699/699
f 3142/3142 3140/3140 3139/3139
f 3143/3143 3144/3144 3142/3142
f 3144/3144 3145/3145 3142/3142
f 3142/3142 3145/3145 3140/3140
f 3145/3145 3146/3146 3140/3140
f 3140/3140 3146/3146 700/700
f 3146/3146 3147/3147 700/700
f 3148/3148 3149/3149 3118/3118
f 3148/3148 3118/3118 3117/3117
f 3144/3144 3150/3150 3145/3145
f 3150/3150 3146/3146 3145/3145
f 3146/3146 3151/3151 3147/3147
f 3149/3149 3152/3152 3118/3118
f 3153/3153 3154/3154 3143/3143
f 3143/3143 3154/3154 3144/3144
f 3154/3154 3150/3150 3144/3144
f 3150/3150 3155/3155 3146/3146
f 3155/3155 3151/3151 3146/3146
f 3154/3154 3156/3156 3150/3150
f 3156/3156 3155/3155 3150/3150
f 3152/3152 3157/3157 3118/3118
f 3153/3153 3158/3158 3154/3154
f 3158/3158 3156/3156 3154/3154
f 3155/3155 706/706 3151/3151
f 3156/3156 706/706 3155/3155
f 3159/3159 3158/3158 3153/3153
f 3158/3158 3160/3160 3156/3156
f 3160/3160 3161/3161 3156/3156
f 3161/3161 706/706 3156/3156
f 3157/3157 3119/3119 3118/3118
f 3118/3118 3119/3119 3109/3109
f 3161/3161 707/707 706/706
f 3159/3159 3162/3162 3158/3158
f 3162/3162 3160/3160 3158/3158
f 3160/3160 3163/3163 3161/3161
f 3163/3163 709/709 707/707
f 3163/3163 707/707 3161/3161
f 3163/3163 3164/3164 709/709
f 3165/3165 3162/3162 3159/3159
f 3160/3160 3164/3164 3163/3163
f 710/710 709/709 3164/3164
f 3166/3166 3167/3167 3160/3160
f 3160/3160 3167/3167 3164/3164
f 3162/3162 3166/3166 3160/3160
f 3164/3164 3167/3167 710/710
f 3165/3165 3168/3168 3162/3162
f 3168/3168 3166/3166 3162/3162
f 3169/3169 3120/3120 3119/3119
f 3167/3167 711/711 710/710
f 3170/3170 3168/3168 3165/3165
f 3168/3168 3171/3171 3166/3166
f 3167/3167 3172/3172 711/711
f 713/713 3173/3173 3170/3170
f 3170/3170 3173/3173 3168/3168
f 3173/3173 3171/3171 3168/3168
f 3169/3169 3174/3174 3120/3120
f 3166/3166 3175/3175 3167/3167
f 3176/3176 3177/3177 713/713
f 3176/3176 713/713 712/712
f 3177/3177 3173/3173 713/713
f 3175/3175 3172/3172 3167/3167
f 3178/3178 3179/3179 3180/3180
f 3181/3181 3175/3175 3166/3166
f 3173/3173 3181/3181 3171/3171
f 3177/3177 3182/3182 3173/3173
f 3182/3182 3181/3181 3173/3173
f 3175/3175 717/717 3172/3172
f 3174/3174 3183/3183 3120/3120
f 3120/3120 3183/3183 3111/3111
f 3181/3181 3184/3184 3175/3175
f 3184/3184 717/717 3175/3175
f 3185/3185 3182/3182 3177/3177
f 3184/3184 718/718 717/717
f 3182/3182 3186/3186 3181/3181
f 3181/3181 3186/3186 3184/3184
f 3185/3185 3187/3187 3182/3182
f 3187/3187 3186/3186 3182/3182
f 3188/3188 3187/3187 3185/3185
f 3183/3183 3189/3189 3121/3121
f 3183/3183 3121/3121 3111/3111
f 721/721 718/718 3184/3184
f 3188/3188 3190/3190 3187/3187
f 3190/3190 3186/3186 3187/3187
f 3191/3191 3192/3192 3186/3186
f 3186/3186 3192/3192 3184/3184
f 3192/3192 721/721 3184/3184
f 3193/3193 3190/3190 3188/3188
f 3190/3190 3191/3191 3186/3186
f 3194/3194 3192/3192 3191/3191
f 3189/3189 3195/3195 3121/3121
f 3121/3121 3195/3195 3122/3122
f 3190/3190 3196/3196 3191/3191
f 3196/3196 3194/3194 3191/3191
f 3197/3197 721/721 3192/3192
f 3194/3194 3197/3197 3192/3192
f 3198/3198 3190/3190 3193/3193
f 3196/3196 3199/3199 3194/3194
f 3199/3199 3197/3197 3194/3194
f 3198/3198 3200/3200 3190/3190
f 3200/3200 3201/3201 3196/3196
f 3200/3200 3196/3196 3190/3190
f 3195/3195 3202/3202 3122/3122
f 3201/3201 3199/3199 3196/3196
f 3122/3122 3202/3202 3123/3123
f 3199/3199 725/725 3197/3197
f 3200/3200 3203/3203 3201/3201
f 3202/3202 3204/3204 3123/3123
f 3198/3198 3205/3205 3200/3200
f 3205/3205 3203/3203 3200/3200
f 726/726 725/725 3199/3199
f 3203/3203 726/726 3199/3199
f 3201/3201 3203/3203 3199/3199
f 3204/3204 3206/3206 3124/3124
f 3204/3204 3124/3124 3123/3123
f 3207/3207 726/726 3203/3203
f 3208/3208 3203/3203 3205/3205
f 3203/3203 3209/3209 3207/3207
f 3210/3210 3211/3211 3208/3208
f 3211/3211 3209/3209 3208/3208
f 3208/3208 3209/3209 3203/3203
f 3207/3207 729/729 726/726
f 3212/3212 3210/3210 3213/3213
f 3214/3214 729/729 3207/3207
f 729/729 731/731 726/726
f 3212/3212 3215/3215 3210/3210
f 3215/3215 3211/3211 3210/3210
f 3124/3124 3206/3206 3125/3125
f 3209/3209 3214/3214 3207/3207
f 3216/3216 3217/3217 3215/3215
f 3216/3216 3215/3215 3212/3212
f 3217/3217 3211/3211 3215/3215
f 3211/3211 3218/3218 3209/3209
f 3206/3206 3219/3219 3125/3125
f 3217/3217 3220/3220 3211/3211
f 3220/3220 3218/3218 3211/3211
f 3218/3218 3214/3214 3209/3209
f 3218/3218 3221/3221 3214/3214
f 3214/3214 3221/3221 729/729
f 3221/3221 730/730 729/729
f 3216/3216 3222/3222 3217/3217
f 3222/3222 3220/3220 3217/3217
f 3220/3220 3223/3223 3218/3218
f 3221/3221 3224/3224 730/730
f 3219/3219 3126/3126 3125/3125
f 3225/3225 3222/3222 3216/3216
f 3218/3218 3226/3226 3221/3221
f 3223/3223 3226/3226 3218/3218
f 3226/3226 3224/3224 3221/3221
f 3222/3222 3227/3227 3220/3220
f 3227/3227 3228/3228 3223/3223
f 3227/3227 3223/3223 3220/3220
f 3223/3223 3229/3229 3226/3226
f 3229/3229 734/734 3226/3226
f 3219/3219 3230/3230 3126/3126
f 3225/3225 3231/3231 3222/3222
f 3231/3231 3227/3227 3222/3222
f 3232/3232 3231/3231 3225/3225
f 3228/3228 3229/3229 3223/3223
f 3226/3226 734/734 3224/3224
f 3126/3126 3230/3230 3127/3127
f 3231/3231 3233/3233 3227/3227
f 3233/3233 3228/3228 3227/3227
f 3232/3232 3234/3234 3231/3231
f 3234/3234 3233/3233 3231/3231
f 735/735 734/734 3229/3229
f 3235/3235 3233/3233 3234/3234
f 3233/3233 3236/3236 3228/3228
f 3228/3228 3236/3236 3229/3229
f 3236/3236 735/735 3229/3229
f 3236/3236 739/739 735/735
f 739/739 738/738 735/735
f 3237/3237 3233/3233 3235/3235
f 3236/3236 3238/3238 739/739
f 3239/3239 739/739 3238/3238
f 3233/3233 3240/3240 3236/3236
f 3240/3240 3238/3238 3236/3236
f 3241/3241 3233/3233 3237/3237
f 3127/3127 3242/3242 3128/3128
f 3128/3128 3242/3242 3097/3097
f 3241/3241 3243/3243 3233/3233
f 3243/3243 3240/3240 3233/3233
f 739/739 741/741 738/738
f 3244/3244 3243/3243 3241/3241
f 3240/3240 3239/3239 3238/3238
f 3242/3242 3129/3129 3097/3097
f 3239/3239 3245/3245 739/739
f 3245/3245 740/740 739/739
f 3246/3246 3243/3243 3244/3244
f 3245/3245 3239/3239 3240/3240
f 3243/3243 3247/3247 3240/3240
f 3247/3247 3245/3245 3240/3240
f 3248/3248 3249/3249 3245/3245
f 3249/3249 740/740 3245/3245
f 3250/3250 3251/3251 3246/3246
f 3246/3246 3251/3251 3243/3243
f 3251/3251 3247/3247 3243/3243
f 3247/3247 3248/3248 3245/3245
f 3252/3252 3251/3251 3250/3250
f 3247/3247 3253/3253 3248/3248
f 3253/3253 3249/3249 3248/3248
f 3253/3253 3254/3254 3249/3249
f 3254/3254 743/743 3249/3249
f 3130/3130 3255/3255 3112/3112
f 3256/3256 3257/3257 3252/3252
f 3252/3252 3257/3257 3251/3251
f 3257/3257 3258/3258 3251/3251
f 3258/3258 3247/3247 3251/3251
f 3258/3258 3259/3259 3247/3247
f 3259/3259 3253/3253 3247/3247
f 3259/3259 3254/3254 3253/3253
f 3258/3258 3260/3260 3259/3259
f 3260/3260 744/744 3259/3259
f 3259/3259 744/744 3254/3254
f 744/744 743/743 3254/3254
f 3255/3255 3131/3131 3112/3112
f 182/182 3261/3261 3046/3046
f 3261/3261 3113/3113 3046/3046
f 3113/3113 3074/3074 3060/3060
f 840/840 3262/3262 3061/3061
f 3263/3263 3114/3114 3061/3061
f 3264/3264 3067/3067 3106/3106
f 3264/3264 3072/3072 3067/3067
f 3072/3072 3135/3135 3064/3064
f 693/693 3265/3265 694/694
f 3141/3141 3266/3266 3139/3139
f 696/696 3267/3267 698/698
f 3267/3267 761/761 698/698
f 701/701 703/703 3268/3268
f 703/703 3269/3269 3268/3268
f 3269/3269 3270/3270 3268/3268
f 3269/3269 3271/3271 3270/3270
f 3266/3266 3272/3272 3139/3139
f 3139/3139 3272/3272 3142/3142
f 702/702 3273/3273 703/703
f 703/703 3273/3273 3269/3269
f 3273/3273 3274/3274 3269/3269
f 3274/3274 3271/3271 3269/3269
f 3274/3274 3275/3275 3271/3271
f 3274/3274 3276/3276 3275/3275
f 3276/3276 3277/3277 3275/3275
f 3276/3276 3278/3278 3277/3277
f 3277/3277 3278/3278 3279/3279
f 3278/3278 3280/3280 3279/3279
f 3279/3279 3280/3280 3281/3281
f 3280/3280 776/776 778/778
f 3280/3280 778/778 3281/3281
f 3272/3272 3282/3282 3142/3142
f 3142/3142 3282/3282 3143/3143
f 3147/3147 702/702 700/700
f 3147/3147 3283/3283 702/702
f 3283/3283 3273/3273 702/702
f 3283/3283 3274/3274 3273/3273
f 3283/3283 3284/3284 3274/3274
f 3274/3274 3284/3284 3276/3276
f 3284/3284 3285/3285 3276/3276
f 3285/3285 3278/3278 3276/3276
f 3285/3285 3286/3286 3278/3278
f 3286/3286 3280/3280 3278/3278
f 3286/3286 3287/3287 3280/3280
f 3287/3287 3288/3288 3280/3280
f 3288/3288 776/776 3280/3280
f 3288/3288 3289/3289 779/779
f 3288/3288 779/779 776/776
f 3289/3289 3290/3290 779/779
f 3289/3289 3291/3291 3290/3290
f 3291/3291 3292/3292 3290/3290
f 3292/3292 3293/3293 3290/3290
f 3292/3292 3294/3294 3293/3293
f 3294/3294 3295/3295 3293/3293
f 3293/3293 3295/3295 3296/3296
f 3151/3151 3297/3297 3147/3147
f 3147/3147 3297/3297 3283/3283
f 3297/3297 3298/3298 3284/3284
f 3297/3297 3284/3284 3283/3283
f 3298/3298 3285/3285 3284/3284
f 3286/3286 3299/3299 3287/3287
f 3287/3287 3299/3299 3288/3288
f 3300/3300 3292/3292 3291/3291
f 3301/3301 3302/3302 3292/3292
f 3292/3292 3302/3302 3294/3294
f 3302/3302 3303/3303 3295/3295
f 3302/3302 3295/3295 3294/3294
f 3143/3143 3282/3282 3153/3153
f 3151/3151 3304/3304 3297/3297
f 3304/3304 3298/3298 3297/3297
f 3298/3298 3305/3305 3285/3285
f 3285/3285 3305/3305 3286/3286
f 3305/3305 3306/3306 3286/3286
f 3286/3286 3306/3306 3299/3299
f 3299/3299 3306/3306 3288/3288
f 3306/3306 3307/3307 3288/3288
f 3288/3288 3307/3307 3289/3289
f 3307/3307 3300/3300 3289/3289
f 3289/3289 3300/3300 3291/3291
f 3300/3300 3301/3301 3292/3292
f 3304/3304 3308/3308 3298/3298
f 3298/3298 3308/3308 3305/3305
f 3305/3305 3309/3309 3306/3306
f 3309/3309 3307/3307 3306/3306
f 3310/3310 3300/3300 3307/3307
f 3300/3300 3311/3311 3301/3301
f 3301/3301 3311/3311 3302/3302
f 3311/3311 3312/3312 3303/3303
f 3311/3311 3303/3303 3302/3302
f 3282/3282 3313/3313 3153/3153
f 706/706 708/708 3304/3304
f 706/706 3304/3304 3151/3151
f 708/708 3314/3314 3304/3304
f 3314/3314 3315/3315 3304/3304
f 3315/3315 3308/3308 3304/3304
f 3308/3308 3316/3316 3309/3309
f 3308/3308 3309/3309 3305/3305
f 3316/3316 3317/3317 3309/3309
f 3309/3309 3317/3317 3307/3307
f 3310/3310 3311/3311 3300/3300
f 3318/3318 3319/3319 3308/3308
f 3319/3319 3316/3316 3308/3308
f 3319/3319 3320/3320 3316/3316
f 3316/3316 3321/3321 3317/3317
f 3317/3317 3321/3321 3307/3307
f 3321/3321 3322/3322 3307/3307
f 3307/3307 3322/3322 3310/3310
f 3322/3322 3323/3323 3310/3310
f 3323/3323 3311/3311 3310/3310
f 3324/3324 3312/3312 3311/3311
f 3315/3315 3325/3325 3308/3308
f 3323/3323 3324/3324 3311/3311
f 3324/3324 3326/3326 3312/3312
f 3313/3313 3327/3327 3153/3153
f 3328/3328 3321/3321 3316/3316
f 3327/3327 3159/3159 3153/3153
f 708/708 3315/3315 3314/3314
f 708/708 3325/3325 3315/3315
f 3325/3325 3318/3318 3308/3308
f 3320/3320 3328/3328 3316/3316
f 3329/3329 3324/3324 3323/3323
f 3330/3330 3325/3325 708/708
f 3330/3330 3331/3331 3325/3325
f 3331/3331 3318/3318 3325/3325
f 3319/3319 3332/3332 3320/3320
f 3320/3320 3332/3332 3328/3328
f 3328/3328 3333/3333 3321/3321
f 3333/3333 3322/3322 3321/3321
f 3333/3333 3323/3323 3322/3322
f 3331/3331 3319/3319 3318/3318
f 3333/3333 3329/3329 3323/3323
f 3329/3329 3334/3334 3324/3324
f 3334/3334 3326/3326 3324/3324
f 3331/3331 3335/3335 3319/3319
f 3335/3335 3332/3332 3319/3319
f 3332/3332 3336/3336 3328/3328
f 3336/3336 3337/3337 3328/3328
f 3328/3328 3337/3337 3333/3333
f 3333/3333 3338/3338 3329/3329
f 707/707 3330/3330 708/708
f 3339/3339 3331/3331 3330/3330
f 3339/3339 3335/3335 3331/3331
f 3335/3335 3340/3340 3332/3332
f 3341/3341 3338/3338 3333/3333
f 3338/3338 3334/3334 3329/3329
f 709/709 3330/3330 707/707
f 709/709 3339/3339 3330/3330
f 3340/3340 3336/3336 3332/3332
f 3337/3337 3342/3342 3333/3333
f 3342/3342 3341/3341 3333/3333
f 3343/3343 3340/3340 3335/3335
f 3343/3343 3336/3336 3340/3340
f 3159/3159 3327/3327 3165/3165
f 3344/3344 3336/3336 3343/3343
f 3336/3336 3345/3345 3337/3337
f 3337/3337 3346/3346 3342/3342
f 3342/3342 3347/3347 3341/3341
f 3347/3347 3338/3338 3341/3341
f 3338/3338 3348/3348 3334/3334
f 3339/3339 3349/3349 3335/3335
f 3349/3349 3343/3343 3335/3335
f 3344/3344 3345/3345 3336/3336
f 3345/3345 3346/3346 3337/3337
f 3347/3347 3350/3350 3338/3338
f 3350/3350 3348/3348 3338/3338
f 3334/3334 3351/3351 3326/3326
f 3327/3327 3352/3352 3165/3165
f 711/711 3353/3353 709/709
f 709/709 3353/3353 3339/3339
f 3353/3353 3354/3354 3339/3339
f 3354/3354 3349/3349 3339/3339
f 3355/3355 3344/3344 3343/3343
f 3345/3345 3356/3356 3346/3346
f 3346/3346 3347/3347 3342/3342
f 3348/3348 3357/3357 3334/3334
f 3357/3357 3351/3351 3334/3334
f 3349/3349 3355/3355 3343/3343
f 3355/3355 3345/3345 3344/3344
f 711/711 3358/3358 3353/3353
f 3358/3358 3359/3359 3353/3353
f 3359/3359 3354/3354 3353/3353
f 3354/3354 3360/3360 3349/3349
f 3355/3355 3361/3361 3345/3345
f 3362/3362 3350/3350 3347/3347
f 3352/3352 714/714 3170/3170
f 3352/3352 3170/3170 3165/3165
f 3172/3172 3358/3358 711/711
f 3360/3360 3355/3355 3349/3349
f 3356/3356 3363/3363 3346/3346
f 3350/3350 3362/3362 3348/3348
f 3170/3170 714/714 713/713
f 3360/3360 3361/3361 3355/3355
f 3363/3363 3347/3347 3346/3346
f 3363/3363 3362/3362 3347/3347
f 3362/3362 3364/3364 3348/3348
f 3348/3348 3365/3365 3357/3357
f 3365/3365 3351/3351 3357/3357
f 3359/3359 3360/3360 3354/3354
f 3345/3345 3366/3366 3356/3356
f 3356/3356 3367/3367 3363/3363
f 3364/3364 3365/3365 3348/3348
f 3368/3368 3366/3366 3345/3345
f 3366/3366 3367/3367 3356/3356
f 3365/3365 3369/3369 3351/3351
f 3172/3172 3359/3359 3358/3358
f 3367/3367 3362/3362 3363/3363
f 717/717 719/719 3172/3172
f 3172/3172 719/719 3359/3359
f 3359/3359 3370/3370 3360/3360
f 3360/3360 3370/3370 3361/3361
f 3370/3370 3371/3371 3361/3361
f 3361/3361 3368/3368 3345/3345
f 3367/3367 3372/3372 3362/3362
f 3371/3371 3368/3368 3361/3361
f 3372/3372 3364/3364 3362/3362
f 719/719 3373/3373 3359/3359
f 3366/3366 3374/3374 3367/3367
f 3374/3374 3372/3372 3367/3367
f 3364/3364 3375/3375 3365/3365
f 3375/3375 3376/3376 3369/3369
f 3375/3375 3369/3369 3365/3365
f 3373/3373 3370/3370 3359/3359
f 3370/3370 3377/3377 3371/3371
f 3371/3371 3377/3377 3368/3368
f 3377/3377 3378/3378 3368/3368
f 3368/3368 3378/3378 3366/3366
f 3379/3379 3375/3375 3364/3364
f 3176/3176 3380/3380 3177/3177
f 791/791 3381/3381 789/789
f 3373/3373 3382/3382 3370/3370
f 3366/3366 3383/3383 3374/3374
f 3374/3374 3384/3384 3372/3372
f 3379/3379 3364/3364 3372/3372
f 3382/3382 3377/3377 3370/3370
f 3382/3382 3385/3385 3377/3377
f 3377/3377 3385/3385 3378/3378
f 3378/3378 3383/3383 3366/3366
f 3383/3383 3384/3384 3374/3374
f 3384/3384 3379/3379 3372/3372
f 3177/3177 3380/3380 3185/3185
f 792/792 3381/3381 791/791
f 718/718 3373/3373 719/719
f 3385/3385 3386/3386 3378/3378
f 3386/3386 3383/3383 3378/3378
f 3383/3383 3387/3387 3384/3384
f 3380/3380 3388/3388 3185/3185
f 3373/3373 3389/3389 3382/3382
f 3390/3390 3385/3385 3382/3382
f 3391/3391 3386/3386 3385/3385
f 3387/3387 3392/3392 3384/3384
f 3392/3392 3379/3379 3384/3384
f 718/718 3393/3393 3373/3373
f 3386/3386 3394/3394 3383/3383
f 3383/3383 3394/3394 3387/3387
f 3379/3379 3395/3395 3375/3375
f 3395/3395 3376/3376 3375/3375
f 3389/3389 3390/3390 3382/3382
f 3392/3392 3396/3396 3379/3379
f 3388/3388 3397/3397 3188/3188
f 3388/3388 3188/3188 3185/3185
f 3393/3393 3398/3398 3373/3373
f 3373/3373 3398/3398 3389/3389
f 3395/3395 3399/3399 3376/3376
f 3397/3397 3400/3400 3188/3188
f 3393/3393 3401/3401 3398/3398
f 3389/3389 3398/3398 3390/3390
f 3390/3390 3391/3391 3385/3385
f 722/722 3393/3393 718/718
f 3386/3386 3402/3402 3394/3394
f 3394/3394 3392/3392 3387/3387
f 3396/3396 3395/3395 3379/3379
f 3403/3403 3391/3391 3390/3390
f 3404/3404 3396/3396 3392/3392
f 3400/3400 3193/3193 3188/3188
f 3398/3398 3403/3403 3390/3390
f 3405/3405 3386/3386 3391/3391
f 3394/3394 3404/3404 3392/3392
f 3406/3406 3398/3398 3401/3401
f 3406/3406 3407/3407 3398/3398
f 3407/3407 3403/3403 3398/3398
f 3403/3403 3408/3408 3391/3391
f 3408/3408 3405/3405 3391/3391
f 3405/3405 3402/3402 3386/3386
f 3402/3402 3404/3404 3394/3394
f 3409/3409 3395/3395 3396/3396
f 3393/3393 3406/3406 3401/3401
f 3407/3407 3410/3410 3403/3403
f 3410/3410 3408/3408 3403/3403
f 3405/3405 3404/3404 3402/3402
f 3411/3411 3409/3409 3404/3404
f 3404/3404 3409/3409 3396/3396
f 3412/3412 3393/3393 722/722
f 3412/3412 3406/3406 3393/3393
f 3413/3413 3407/3407 3406/3406
f 3413/3413 3410/3410 3407/3407
f 3414/3414 3411/3411 3404/3404
f 3413/3413 3415/3415 3410/3410
f 3408/3408 3416/3416 3405/3405
f 3405/3405 3417/3417 3404/3404
f 3417/3417 3414/3414 3404/3404
f 3400/3400 3418/3418 3193/3193
f 721/721 3412/3412 722/722
f 3412/3412 3419/3419 3406/3406
f 3419/3419 3413/3413 3406/3406
f 3410/3410 3415/3415 3408/3408
f 3415/3415 3416/3416 3408/3408
f 3420/3420 3395/3395 3409/3409
f 3416/3416 3417/3417 3405/3405
f 3420/3420 3421/3421 3395/3395
f 3421/3421 3422/3422 3395/3395
f 3395/3395 3422/3422 3399/3399
f 721/721 3423/3423 3412/3412
f 3419/3419 3424/3424 3413/3413
f 3424/3424 3425/3425 3413/3413
f 3413/3413 3425/3425 3415/3415
f 3411/3411 3420/3420 3409/3409
f 3423/3423 3426/3426 3419/3419
f 3423/3423 3419/3419 3412/3412
f 3193/3193 3418/3418 3198/3198
f 3197/3197 725/725 721/721
f 721/721 3427/3427 3423/3423
f 3423/3423 3428/3428 3426/3426
f 3426/3426 3424/3424 3419/3419
f 3429/3429 3425/3425 3424/3424
f 725/725 3427/3427 721/721
f 3425/3425 3416/3416 3415/3415
f 3414/3414 3430/3430 3411/3411
f 3430/3430 3420/3420 3411/3411
f 3426/3426 3429/3429 3424/3424
f 3425/3425 3431/3431 3416/3416
f 3416/3416 3431/3431 3417/3417
f 3432/3432 3430/3430 3414/3414
f 3433/3433 3434/3434 3421/3421
f 3433/3433 3421/3421 3420/3420
f 3434/3434 3422/3422 3421/3421
f 3430/3430 3433/3433 3420/3420
f 3434/3434 3435/3435 3422/3422
f 3431/3431 3436/3436 3417/3417
f 3417/3417 3432/3432 3414/3414
f 3429/3429 3431/3431 3425/3425
f 3436/3436 3432/3432 3417/3417
f 3418/3418 3437/3437 3198/3198
f 3438/3438 3439/3439 3429/3429
f 3440/3440 3436/3436 3431/3431
f 3434/3434 3441/3441 3435/3435
f 725/725 727/727 3427/3427
f 3428/3428 3442/3442 3426/3426
f 3442/3442 3429/3429 3426/3426
f 3439/3439 3431/3431 3429/3429
f 3432/3432 3443/3443 3430/3430
f 3443/3443 3433/3433 3430/3430
f 3427/3427 3444/3444 3423/3423
f 3444/3444 3428/3428 3423/3423
f 3445/3445 3432/3432 3436/3436
f 3446/3446 3443/3443 3432/3432
f 3433/3433 3447/3447 3434/3434
f 3447/3447 3441/3441 3434/3434
f 3442/3442 3438/3438 3429/3429
f 3448/3448 3440/3440 3431/3431
f 3437/3437 3205/3205 3198/3198
f 3444/3444 3442/3442 3428/3428
f 3439/3439 3448/3448 3431/3431
f 3445/3445 3446/3446 3432/3432
f 3449/3449 3447/3447 3433/3433
f 727/727 3444/3444 3427/3427
f 3448/3448 3450/3450 3440/3440
f 3450/3450 3436/3436 3440/3440
f 3436/3436 3451/3451 3445/3445
f 3446/3446 3433/3433 3443/3443
f 3446/3446 3449/3449 3433/3433
f 3437/3437 3452/3452 3205/3205
f 3205/3205 3452/3452 3208/3208
f 3442/3442 3453/3453 3438/3438
f 3453/3453 3454/3454 3438/3438
f 3454/3454 3439/3439 3438/3438
f 3450/3450 3451/3451 3436/3436
f 3451/3451 3455/3455 3445/3445
f 3445/3445 3455/3455 3446/3446
f 3452/3452 3213/3213 3208/3208
f 3447/3447 3456/3456 3441/3441
f 3208/3208 3213/3213 3210/3210
f 731/731 3444/3444 727/727
f 726/726 731/731 727/727
f 731/731 3453/3453 3442/3442
f 731/731 3442/3442 3444/3444
f 3454/3454 3457/3457 3439/3439
f 3457/3457 3448/3448 3439/3439
f 3458/3458 3451/3451 3450/3450
f 3455/3455 3459/3459 3446/3446
f 3459/3459 3460/3460 3446/3446
f 3460/3460 3449/3449 3446/3446
f 3461/3461 3462/3462 3447/3447
f 3461/3461 3447/3447 3449/3449
f 3462/3462 3456/3456 3447/3447
f 3451/3451 3463/3463 3455/3455
f 3463/3463 3459/3459 3455/3455
f 3460/3460 3461/3461 3449/3449
f 733/733 3464/3464 731/731
f 3464/3464 3453/3453 731/731
f 3453/3453 3464/3464 3454/3454
f 3464/3464 3465/3465 3454/3454
f 3465/3465 3457/3457 3454/3454
f 3448/3448 3457/3457 3450/3450
f 3466/3466 3463/3463 3451/3451
f 3457/3457 3458/3458 3450/3450
f 733/733 3467/3467 3464/3464
f 3464/3464 3468/3468 3465/3465
f 3468/3468 3469/3469 3465/3465
f 3469/3469 3457/3457 3465/3465
f 3459/3459 3461/3461 3460/3460
f 3458/3458 3466/3466 3451/3451
f 3463/3463 3470/3470 3459/3459
f 3470/3470 3461/3461 3459/3459
f 3462/3462 3471/3471 3456/3456
f 3469/3469 3472/3472 3457/3457
f 3472/3472 3458/3458 3457/3457
f 3470/3470 3473/3473 3461/3461
f 3473/3473 3474/3474 3461/3461
f 3461/3461 3474/3474 3462/3462
f 3474/3474 3471/3471 3462/3462
f 733/733 3475/3475 3467/3467
f 3466/3466 3470/3470 3463/3463
f 730/730 3475/3475 733/733
f 3467/3467 3468/3468 3464/3464
f 3475/3475 3476/3476 3467/3467
f 3476/3476 3477/3477 3467/3467
f 3467/3467 3477/3477 3468/3468
f 3472/3472 3466/3466 3458/3458
f 3468/3468 3478/3478 3469/3469
f 3479/3479 3472/3472 3469/3469
f 3480/3480 3473/3473 3470/3470
f 3478/3478 3479/3479 3469/3469
f 3477/3477 3478/3478 3468/3468
f 3479/3479 3481/3481 3472/3472
f 3472/3472 3481/3481 3466/3466
f 3481/3481 3482/3482 3466/3466
f 3466/3466 3482/3482 3470/3470
f 3482/3482 3480/3480 3470/3470
f 3483/3483 3476/3476 3475/3475
f 3483/3483 3475/3475 730/730
f 3474/3474 3484/3484 3471/3471
f 3224/3224 3483/3483 730/730
f 3479/3479 3485/3485 3481/3481
f 3486/3486 3487/3487 3480/3480
f 3480/3480 3487/3487 3473/3473
f 3487/3487 3474/3474 3473/3473
f 3478/3478 3485/3485 3479/3479
f 3482/3482 3488/3488 3480/3480
f 3488/3488 3486/3486 3480/3480
f 3485/3485 3489/3489 3481/3481
f 3489/3489 3482/3482 3481/3481
f 3489/3489 3490/3490 3482/3482
f 3490/3490 3488/3488 3482/3482
f 734/734 3483/3483 3224/3224
f 3477/3477 3491/3491 3478/3478
f 3478/3478 3492/3492 3485/3485
f 3493/3493 3484/3484 3474/3474
f 3483/3483 3494/3494 3476/3476
f 3491/3491 3492/3492 3478/3478
f 3495/3495 3487/3487 3486/3486
f 3487/3487 3493/3493 3474/3474
f 3476/3476 3494/3494 3477/3477
f 3494/3494 3491/3491 3477/3477
f 3492/3492 3489/3489 3485/3485
f 3490/3490 3496/3496 3488/3488
f 3488/3488 3495/3495 3486/3486
f 3495/3495 3497/3497 3487/3487
f 3497/3497 3493/3493 3487/3487
f 736/736 3483/3483 734/734
f 3489/3489 3498/3498 3490/3490
f 3492/3492 3499/3499 3489/3489
f 3496/3496 3495/3495 3488/3488
f 3232/3232 3500/3500 3234/3234
f 3234/3234 3500/3500 3235/3235
f 800/800 3501/3501 798/798
f 736/736 3502/3502 3483/3483
f 3502/3502 3494/3494 3483/3483
f 3503/3503 3491/3491 3494/3494
f 3503/3503 3492/3492 3491/3491
f 3503/3503 3499/3499 3492/3492
f 3499/3499 3498/3498 3489/3489
f 3500/3500 3504/3504 3235/3235
f 3502/3502 3505/3505 3494/3494
f 3505/3505 3503/3503 3494/3494
f 3506/3506 3507/3507 3493/3493
f 3493/3493 3507/3507 3484/3484
f 3505/3505 3508/3508 3503/3503
f 3497/3497 3506/3506 3493/3493
f 3235/3235 3504/3504 3237/3237
f 3509/3509 3498/3498 3499/3499
f 3504/3504 3510/3510 3237/3237
f 832/832 3511/3511 800/800
f 3503/3503 3509/3509 3499/3499
f 738/738 3512/3512 736/736
f 3512/3512 3505/3505 736/736
f 3505/3505 3502/3502 736/736
f 3513/3513 3508/3508 3505/3505
f 3508/3508 3514/3514 3503/3503
f 3514/3514 3509/3509 3503/3503
f 3498/3498 3496/3496 3490/3490
f 3497/3497 3515/3515 3506/3506
f 3510/3510 3516/3516 3241/3241
f 3510/3510 3241/3241 3237/3237
f 832/832 3517/3517 3511/3511
f 3512/3512 3513/3513 3505/3505
f 3514/3514 3518/3518 3509/3509
f 3518/3518 3498/3498 3509/3509
f 3519/3519 3496/3496 3498/3498
f 3506/3506 3520/3520 3507/3507
f 3518/3518 3519/3519 3498/3498
f 3521/3521 3522/3522 3496/3496
f 3496/3496 3522/3522 3495/3495
f 3522/3522 3515/3515 3497/3497
f 3522/3522 3497/3497 3495/3495
f 741/741 3523/3523 738/738
f 3515/3515 3524/3524 3506/3506
f 3524/3524 3520/3520 3506/3506
f 3241/3241 3516/3516 3244/3244
f 738/738 3523/3523 3512/3512
f 3525/3525 3526/3526 3508/3508
f 3526/3526 3514/3514 3508/3508
f 3526/3526 3518/3518 3514/3514
f 3516/3516 3527/3527 3244/3244
f 832/832 3528/3528 3517/3517
f 3523/3523 3529/3529 3512/3512
f 3529/3529 3530/3530 3513/3513
f 3529/3529 3513/3513 3512/3512
f 3530/3530 3525/3525 3513/3513
f 3513/3513 3525/3525 3508/3508
f 3526/3526 3531/3531 3518/3518
f 3531/3531 3519/3519 3518/3518
f 3519/3519 3532/3532 3496/3496
f 3532/3532 3521/3521 3496/3496
f 3522/3522 3524/3524 3515/3515
f 3521/3521 3533/3533 3522/3522
f 3242/3242 3130/3130 3129/3129
f 3524/3524 3534/3534 3520/3520
f 3527/3527 3535/3535 3244/3244
f 3244/3244 3535/3535 3246/3246
f 3536/3536 3528/3528 832/832
f 3525/3525 3537/3537 3526/3526
f 3537/3537 3531/3531 3526/3526
f 3531/3531 3538/3538 3519/3519
f 3538/3538 3532/3532 3519/3519
f 3535/3535 3250/3250 3246/3246
f 741/741 740/740 3523/3523
f 740/740 3539/3539 3523/3523
f 3539/3539 3529/3529 3523/3523
f 3540/3540 3537/3537 3525/3525
f 3541/3541 3531/3531 3537/3537
f 3541/3541 3538/3538 3531/3531
f 3533/3533 3524/3524 3522/3522
f 3542/3542 3543/3543 3524/3524
f 3543/3543 3534/3534 3524/3524
f 3249/3249 3539/3539 740/740
f 3529/3529 3539/3539 3530/3530
f 3539/3539 3525/3525 3530/3530
f 3539/3539 3540/3540 3525/3525
f 3533/3533 3542/3542 3524/3524
f 3536/3536 3544/3544 3545/3545
f 3540/3540 3546/3546 3537/3537
f 3546/3546 3541/3541 3537/3537
f 3546/3546 3538/3538 3541/3541
f 3538/3538 3547/3547 3532/3532
f 3532/3532 3547/3547 3521/3521
f 3547/3547 3533/3533 3521/3521
f 743/743 3548/3548 3249/3249
f 3548/3548 3539/3539 3249/3249
f 3548/3548 3540/3540 3539/3539
f 3549/3549 3550/3550 3540/3540
f 3540/3540 3550/3550 3546/3546
f 3550/3550 3551/3551 3546/3546
f 3546/3546 3551/3551 3538/3538
f 3551/3551 3547/3547 3538/3538
f 3547/3547 3552/3552 3533/3533
f 3552/3552 3542/3542 3533/3533
f 3552/3552 3553/3553 3542/3542
f 3542/3542 3553/3553 3543/3543
f 3553/3553 3554/3554 3543/3543
f 3543/3543 3554/3554 3534/3534
f 3548/3548 3549/3549 3540/3540
f 3550/3550 3555/3555 3551/3551
f 3555/3555 3547/3547 3551/3551
f 3555/3555 3556/3556 3547/3547
f 3556/3556 3552/3552 3547/3547
f 3556/3556 3557/3557 3552/3552
f 3557/3557 3558/3558 3553/3553
f 3557/3557 3553/3553 3552/3552
f 3558/3558 3554/3554 3553/3553
f 745/745 3559/3559 743/743
f 743/743 3559/3559 3548/3548
f 3559/3559 3560/3560 3549/3549
f 3559/3559 3549/3549 3548/3548
f 3560/3560 3550/3550 3549/3549
f 3560/3560 3561/3561 3555/3555
f 3560/3560 3555/3555 3550/3550
f 3561/3561 3562/3562 3555/3555
f 3562/3562 3556/3556 3555/3555
f 3562/3562 3563/3563 3556/3556
f 3556/3556 3563/3563 3557/3557
f 3563/3563 3564/3564 3557/3557
f 3557/3557 3564/3564 3558/3558
f 3564/3564 3565/3565 3554/3554
f 3564/3564 3554/3554 3558/3558
f 3566/3566 3567/3567 3568/3568
f 3567/3567 3569/3569 3568/3568
f 3567/3567 3570/3570 3569/3569
f 3570/3570 3571/3571 3569/3569
f 3572/3572 3573/3573 3574/3574
f 3574/3574 3573/3573 3575/3575
f 3573/3573 3576/3576 3575/3575
f 662/662 746/746 680/680
f 3577/3577 3104/3104 3132/3132
f 3578/3578 182/182 229/229
f 1043/1043 3262/3262 840/840
f 3073/3073 3579/3579 3071/3071
f 3134/3134 3580/3580 3105/3105
f 3264/3264 3135/3135 3072/3072
f 3105/3105 3580/3580 811/811
f 3580/3580 812/812 811/811
f 3581/3581 3116/3116 3115/3115
f 754/754 3138/3138 671/671
f 3116/3116 3117/3117 3108/3108
f 3582/3582 3583/3583 3584/3584
f 3584/3584 3583/3583 3585/3585
f 3583/3583 3586/3586 3585/3585
f 3583/3583 3587/3587 3588/3588
f 3583/3583 3588/3588 3586/3586
f 3587/3587 3589/3589 3588/3588
f 3589/3589 3590/3590 3588/3588
f 3590/3590 3589/3589 3591/3591
f 793/793 3592/3592 3593/3593
f 3593/3593 3592/3592 3594/3594
f 3592/3592 794/794 3594/3594
f 794/794 3595/3595 3594/3594
f 829/829 798/798 3596/3596
f 800/800 799/799 832/832
f 3536/3536 3597/3597 3544/3544
f 3544/3544 3598/3598 3599/3599
f 3600/3600 3601/3601 3602/3602
f 3603/3603 3567/3567 3566/3566
f 3597/3597 3604/3604 3598/3598
f 837/837 3572/3572 838/838
f 3605/3605 3606/3606 3572/3572
f 3572/3572 3606/3606 3573/3573
f 3606/3606 3607/3607 3573/3573
f 3607/3607 3576/3576 3573/3573
f 3607/3607 3608/3608 3576/3576
f 3607/3607 3609/3609 3608/3608
f 3608/3608 3609/3609 3610/3610
f 3609/3609 3611/3611 3610/3610
f 3611/3611 3612/3612 3610/3610
f 3612/3612 3613/3613 3610/3610
f 3612/3612 3614/3614 3613/3613
f 3614/3614 3615/3615 3613/3613
f 3614/3614 3616/3616 3615/3615
f 3616/3616 3617/3617 3615/3615
f 3617/3617 3618/3618 3615/3615
f 3617/3617 3619/3619 3618/3618
f 3619/3619 3620/3620 3621/3621
f 3619/3619 3621/3621 3618/3618
f 3620/3620 836/836 3622/3622
f 3620/3620 3622/3622 3621/3621
f 3623/3623 3132/3132 3131/3131
f 804/804 746/746 662/662
f 3578/3578 3624/3624 182/182
f 3624/3624 3261/3261 182/182
f 3113/3113 3625/3625 3074/3074
f 3262/3262 3263/3263 3061/3061
f 3579/3579 3133/3133 3071/3071
f 3626/3626 3107/3107 3135/3135
f 3626/3626 3627/3627 3107/3107
f 3627/3627 3075/3075 3107/3107
f 3069/3069 3628/3628 3076/3076
f 3628/3628 841/841 3076/3076
f 3581/3581 3629/3629 3116/3116
f 813/813 560/560 629/629
f 3629/3629 3117/3117 3116/3116
f 3630/3630 3591/3591 3589/3589
f 3630/3630 3631/3631 3591/3591
f 3631/3631 3632/3632 3633/3633
f 3633/3633 3632/3632 790/790
f 3632/3632 791/791 790/790
f 791/791 3634/3634 793/793
f 793/793 3634/3634 3592/3592
f 3592/3592 3635/3635 794/794
f 3635/3635 795/795 794/794
f 795/795 827/827 797/797
f 827/827 3636/3636 797/797
f 827/827 829/829 3636/3636
f 3636/3636 829/829 3596/3596
f 829/829 799/799 798/798
f 3544/3544 3597/3597 3598/3598
f 837/837 3605/3605 3572/3572
f 3637/3637 3607/3607 3606/3606
f 3637/3637 3638/3638 3607/3607
f 3638/3638 3609/3609 3607/3607
f 3638/3638 3639/3639 3609/3609
f 3609/3609 3639/3639 3611/3611
f 3611/3611 3639/3639 3612/3612
f 3639/3639 3640/3640 3612/3612
f 3612/3612 3640/3640 3614/3614
f 3640/3640 3616/3616 3614/3614
f 3640/3640 3641/3641 3616/3616
f 3616/3616 3641/3641 3617/3617
f 3641/3641 3642/3642 3617/3617
f 3642/3642 3619/3619 3617/3617
f 3643/3643 3620/3620 3619/3619
f 3643/3643 834/834 3620/3620
f 834/834 836/836 3620/3620
f 3623/3623 3577/3577 3132/3132
f 3137/3137 3644/3644 3069/3069
f 3644/3644 3628/3628 3069/3069
f 3628/3628 842/842 841/841
f 3629/3629 3645/3645 3117/3117
f 3646/3646 3583/3583 3582/3582
f 3117/3117 3647/3647 3148/3148
f 3648/3648 3649/3649 3587/3587
f 3648/3648 3587/3587 3583/3583
f 3630/3630 3632/3632 3631/3631
f 3650/3650 3592/3592 3634/3634
f 3650/3650 3635/3635 3592/3592
f 3651/3651 828/828 827/827
f 3651/3651 827/827 795/795
f 828/828 3652/3652 829/829
f 3652/3652 799/799 829/829
f 3652/3652 3653/3653 799/799
f 3653/3653 831/831 799/799
f 832/832 831/831 3536/3536
f 3536/3536 831/831 3597/3597
f 831/831 3654/3654 3597/3597
f 3655/3655 834/834 3643/3643
f 3637/3637 3656/3656 3638/3638
f 3657/3657 3658/3658 3639/3639
f 3658/3658 3640/3640 3639/3639
f 3642/3642 3655/3655 3619/3619
f 3619/3619 3655/3655 3643/3643
f 3659/3659 839/839 3660/3660
f 3661/3661 3625/3625 3113/3113
f 3625/3625 3662/3662 3106/3106
f 3625/3625 3106/3106 3074/3074
f 3662/3662 3264/3264 3106/3106
f 3663/3663 3135/3135 3264/3264
f 3627/3627 3136/3136 3075/3075
f 3627/3627 3137/3137 3136/3136
f 3646/3646 3664/3664 3583/3583
f 3664/3664 3648/3648 3583/3583
f 3645/3645 3647/3647 3117/3117
f 3648/3648 3665/3665 3649/3649
f 3649/3649 3589/3589 3587/3587
f 3630/3630 3666/3666 3632/3632
f 3632/3632 3667/3667 791/791
f 3667/3667 3634/3634 791/791
f 3635/3635 3668/3668 795/795
f 3668/3668 3669/3669 795/795
f 3669/3669 3651/3651 795/795
f 3651/3651 3669/3669 828/828
f 3670/3670 3652/3652 828/828
f 3653/3653 3671/3671 831/831
f 3671/3671 950/950 831/831
f 3655/3655 3672/3672 834/834
f 3672/3672 835/835 834/834
f 889/889 3673/3673 837/837
f 3673/3673 3605/3605 837/837
f 3673/3673 3637/3637 3605/3605
f 3605/3605 3637/3637 3606/3606
f 3637/3637 3674/3674 3656/3656
f 3656/3656 3675/3675 3638/3638
f 3638/3638 3675/3675 3639/3639
f 3675/3675 3657/3657 3639/3639
f 3640/3640 3676/3676 3641/3641
f 3641/3641 3676/3676 3642/3642
f 3676/3676 3677/3677 3642/3642
f 3677/3677 3655/3655 3642/3642
f 3678/3678 3577/3577 3623/3623
f 804/804 869/869 746/746
f 3577/3577 3679/3679 3104/3104
f 3261/3261 3680/3680 3113/3113
f 3680/3680 3661/3661 3113/3113
f 3681/3681 3114/3114 3263/3263
f 3114/3114 3682/3682 3073/3073
f 3682/3682 3579/3579 3073/3073
f 3663/3663 3626/3626 3135/3135
f 3627/3627 3683/3683 3137/3137
f 3649/3649 3630/3630 3589/3589
f 3667/3667 3684/3684 3634/3634
f 3634/3634 3684/3684 3650/3650
f 3650/3650 3685/3685 3635/3635
f 3685/3685 3668/3668 3635/3635
f 3669/3669 3670/3670 828/828
f 3670/3670 3686/3686 3652/3652
f 3686/3686 3653/3653 3652/3652
f 3686/3686 3671/3671 3653/3653
f 950/950 3654/3654 831/831
f 3687/3687 3672/3672 3655/3655
f 3688/3688 3674/3674 3637/3637
f 3659/3659 888/888 839/839
f 3689/3689 3577/3577 3678/3678
f 910/910 869/869 804/804
f 3661/3661 3690/3690 3625/3625
f 3690/3690 3662/3662 3625/3625
f 3662/3662 3663/3663 3264/3264
f 842/842 1043/1043 840/840
f 3691/3691 812/812 3580/3580
f 921/921 920/920 754/754
f 922/922 848/848 935/935
f 3692/3692 3664/3664 3646/3646
f 3649/3649 3693/3693 3630/3630
f 3630/3630 3693/3693 3666/3666
f 3693/3693 3694/3694 3666/3666
f 3666/3666 3667/3667 3632/3632
f 3667/3667 3695/3695 3684/3684
f 3672/3672 3696/3696 835/835
f 3697/3697 3689/3689 3678/3678
f 3673/3673 3688/3688 3637/3637
f 3674/3674 3698/3698 3656/3656
f 3698/3698 3675/3675 3656/3656
f 3675/3675 3699/3699 3657/3657
f 3658/3658 3700/3700 3640/3640
f 3640/3640 3700/3700 3676/3676
f 3687/3687 3655/3655 3677/3677
f 3579/3579 3701/3701 3133/3133
f 3702/3702 3691/3691 3134/3134
f 3134/3134 3691/3691 3580/3580
f 3683/3683 3703/3703 3137/3137
f 3703/3703 3644/3644 3137/3137
f 3704/3704 3629/3629 3581/3581
f 960/960 3705/3705 935/935
f 935/935 3705/3705 922/922
f 3706/3706 3707/3707 3664/3664
f 3706/3706 3664/3664 3692/3692
f 3707/3707 3648/3648 3664/3664
f 3708/3708 3695/3695 3667/3667
f 3684/3684 3685/3685 3650/3650
f 3685/3685 3709/3709 3668/3668
f 3709/3709 3710/3710 3668/3668
f 3710/3710 3711/3711 3668/3668
f 3711/3711 3669/3669 3668/3668
f 3669/3669 3712/3712 3670/3670
f 3712/3712 3713/3713 3670/3670
f 3713/3713 3686/3686 3670/3670
f 3714/3714 3671/3671 3686/3686
f 3714/3714 951/951 3671/3671
f 3671/3671 951/951 950/950
f 950/950 3715/3715 3654/3654
f 3716/3716 3717/3717 3688/3688
f 3716/3716 3688/3688 3673/3673
f 3688/3688 3718/3718 3674/3674
f 3718/3718 3698/3698 3674/3674
f 3700/3700 3658/3658 3657/3657
f 3700/3700 3719/3719 3676/3676
f 3689/3689 3720/3720 3577/3577
f 3721/3721 3624/3624 3578/3578
f 929/929 560/560 813/813
f 960/960 3722/3722 3705/3705
f 3723/3723 3707/3707 3706/3706
f 3665/3665 3724/3724 3649/3649
f 3724/3724 3693/3693 3649/3649
f 3699/3699 3700/3700 3657/3657
f 3676/3676 3719/3719 3677/3677
f 3677/3677 3725/3725 3687/3687
f 953/953 938/938 910/910
f 3720/3720 3679/3679 3577/3577
f 3690/3690 3726/3726 3662/3662
f 3726/3726 3663/3663 3662/3662
f 3727/3727 3579/3579 3682/3682
f 3703/3703 3728/3728 3644/3644
f 3728/3728 3628/3628 3644/3644
f 3729/3729 3730/3730 3628/3628
f 3730/3730 842/842 3628/3628
f 3730/3730 1043/1043 842/842
f 929/929 3731/3731 560/560
f 3732/3732 3733/3733 3645/3645
f 3732/3732 3645/3645 3629/3629
f 3733/3733 3647/3647 3645/3645
f 3694/3694 3734/3734 3666/3666
f 3666/3666 3734/3734 3667/3667
f 3687/3687 3735/3735 3672/3672
f 3735/3735 3696/3696 3672/3672
f 3698/3698 3699/3699 3675/3675
f 3700/3700 3736/3736 3719/3719
f 3737/3737 3738/3738 3659/3659
f 3659/3659 3738/3738 888/888
f 3663/3663 3739/3739 3626/3626
f 3626/3626 3740/3740 3627/3627
f 3627/3627 3740/3740 3683/3683
f 3691/3691 3741/3741 812/812
f 3733/3733 3742/3742 3647/3647
f 3685/3685 3743/3743 3709/3709
f 3715/3715 3744/3744 3654/3654
f 3744/3744 3745/3745 3654/3654
f 3717/3717 3746/3746 3688/3688
f 3747/3747 3748/3748 3700/3700
f 3748/3748 3736/3736 3700/3700
f 3719/3719 3725/3725 3677/3677
f 3738/3738 984/984 888/888
f 3720/3720 3749/3749 3679/3679
f 3681/3681 3682/3682 3114/3114
f 3750/3750 3701/3701 3579/3579
f 3739/3739 3740/3740 3626/3626
f 3751/3751 3732/3732 3629/3629
f 3751/3751 3629/3629 3704/3704
f 3707/3707 3752/3752 3648/3648
f 3752/3752 3753/3753 3665/3665
f 3752/3752 3665/3665 3648/3648
f 3754/3754 3694/3694 3693/3693
f 3754/3754 3734/3734 3694/3694
f 3695/3695 3743/3743 3684/3684
f 3743/3743 3685/3685 3684/3684
f 3743/3743 3755/3755 3709/3709
f 3755/3755 3710/3710 3709/3709
f 3713/3713 3714/3714 3686/3686
f 1002/1002 3673/3673 889/889
f 3746/3746 3718/3718 3688/3688
f 3718/3718 3756/3756 3698/3698
f 3699/3699 3747/3747 3700/3700
f 3262/3262 3681/3681 3263/3263
f 3727/3727 3750/3750 3579/3579
f 3741/3741 1007/1007 812/812
f 960/960 3757/3757 3722/3722
f 3758/3758 3752/3752 3723/3723
f 3723/3723 3752/3752 3707/3707
f 3753/3753 3724/3724 3665/3665
f 3724/3724 3754/3754 3693/3693
f 3734/3734 3708/3708 3667/3667
f 3759/3759 3695/3695 3708/3708
f 3711/3711 3712/3712 3669/3669
f 952/952 3715/3715 950/950
f 3725/3725 3760/3760 3687/3687
f 3760/3760 3735/3735 3687/3687
f 3761/3761 3699/3699 3698/3698
f 3761/3761 3747/3747 3699/3699
f 3747/3747 3762/3762 3748/3748
f 3736/3736 3763/3763 3719/3719
f 3763/3763 3725/3725 3719/3719
f 3764/3764 3749/3749 3720/3720
f 3721/3721 3765/3765 3624/3624
f 3765/3765 3680/3680 3624/3624
f 3624/3624 3680/3680 3261/3261
f 3681/3681 3727/3727 3682/3682
f 3702/3702 3766/3766 3691/3691
f 3683/3683 3767/3767 3703/3703
f 3767/3767 3728/3728 3703/3703
f 3728/3728 3768/3768 3628/3628
f 3768/3768 3769/3769 3628/3628
f 3628/3628 3769/3769 3729/3729
f 3766/3766 3741/3741 3691/3691
f 1019/1019 3757/3757 960/960
f 3770/3770 3734/3734 3754/3754
f 3710/3710 3771/3771 3711/3711
f 3772/3772 3713/3713 3712/3712
f 3713/3713 3773/3773 3714/3714
f 3774/3774 3744/3744 3715/3715
f 1002/1002 3716/3716 3673/3673
f 3775/3775 3756/3756 3718/3718
f 3776/3776 3720/3720 3689/3689
f 3726/3726 3777/3777 3663/3663
f 3778/3778 3750/3750 3727/3727
f 3777/3777 3739/3739 3663/3663
f 3739/3739 3779/3779 3740/3740
f 3779/3779 3780/3780 3740/3740
f 3730/3730 1044/1044 1043/1043
f 3766/3766 1007/1007 3741/3741
f 3758/3758 3781/3781 3752/3752
f 3782/3782 3733/3733 3732/3732
f 3781/3781 3753/3753 3752/3752
f 3770/3770 3783/3783 3734/3734
f 3784/3784 3708/3708 3734/3734
f 3785/3785 3755/3755 3743/3743
f 1116/1116 952/952 951/951
f 3735/3735 3786/3786 3696/3696
f 3697/3697 3776/3776 3689/3689
f 3756/3756 3761/3761 3698/3698
f 3787/3787 3736/3736 3748/3748
f 3680/3680 3788/3788 3661/3661
f 3788/3788 3690/3690 3661/3661
f 1042/1042 3262/3262 1043/1043
f 3780/3780 3789/3789 3740/3740
f 3789/3789 3683/3683 3740/3740
f 3789/3789 3767/3767 3683/3683
f 3767/3767 3768/3768 3728/3728
f 3729/3729 1044/1044 3730/3730
f 3782/3782 3790/3790 3733/3733
f 3733/3733 3790/3790 3742/3742
f 3783/3783 3784/3784 3734/3734
f 3791/3791 3759/3759 3708/3708
f 3759/3759 3743/3743 3695/3695
f 3773/3773 951/951 3714/3714
f 952/952 3774/3774 3715/3715
f 3747/3747 3792/3792 3762/3762
f 3762/3762 3787/3787 3748/3748
f 1040/1040 1022/1022 953/953
f 3767/3767 3793/3793 3768/3768
f 1019/1019 3794/3794 3757/3757
f 3795/3795 3781/3781 3758/3758
f 3796/3796 3770/3770 3754/3754
f 3797/3797 3743/3743 3759/3759
f 3755/3755 3771/3771 3710/3710
f 3798/3798 3712/3712 3711/3711
f 3760/3760 3799/3799 3735/3735
f 3799/3799 3786/3786 3735/3735
f 3775/3775 3718/3718 3746/3746
f 3800/3800 3747/3747 3761/3761
f 3738/3738 1056/1056 984/984
f 3801/3801 3802/3802 3720/3720
f 3801/3801 3720/3720 3776/3776
f 3803/3803 3804/3804 3805/3805
f 1042/1042 3806/3806 3262/3262
f 3806/3806 3807/3807 3681/3681
f 3806/3806 3681/3681 3262/3262
f 3681/3681 3778/3778 3727/3727
f 3769/3769 1044/1044 3729/3729
f 3751/3751 3808/3808 3732/3732
f 3808/3808 3782/3782 3732/3732
f 3724/3724 3796/3796 3754/3754
f 3784/3784 3791/3791 3708/3708
f 3797/3797 3809/3809 3743/3743
f 3809/3809 3785/3785 3743/3743
f 3771/3771 3798/3798 3711/3711
f 3798/3798 3772/3772 3712/3712
f 3773/3773 1116/1116 951/951
f 3810/3810 3811/3811 3717/3717
f 3810/3810 3717/3717 3716/3716
f 3811/3811 3746/3746 3717/3717
f 1040/1040 1071/1071 1022/1022
f 3788/3788 3812/3812 3690/3690
f 3812/3812 3726/3726 3690/3690
f 3807/3807 3813/3813 3681/3681
f 3813/3813 3778/3778 3681/3681
f 3814/3814 3769/3769 3768/3768
f 3815/3815 3753/3753 3781/3781
f 3816/3816 3797/3797 3759/3759
f 3772/3772 3773/3773 3713/3713
f 1002/1002 3810/3810 3716/3716
f 3775/3775 3817/3817 3756/3756
f 3756/3756 3818/3818 3761/3761
f 3800/3800 3792/3792 3747/3747
f 3792/3792 3819/3819 3762/3762
f 3820/3820 3765/3765 3721/3721
f 3812/3812 3777/3777 3726/3726
f 3821/3821 3822/3822 3793/3793
f 3821/3821 3793/3793 3767/3767
f 3822/3822 3823/3823 3793/3793
f 3793/3793 3823/3823 3768/3768
f 3814/3814 3824/3824 3769/3769
f 3769/3769 3824/3824 1044/1044
f 3824/3824 1072/1072 1044/1044
f 3825/3825 1007/1007 3766/3766
f 1007/1007 3826/3826 929/929
f 3826/3826 3731/3731 929/929
f 3795/3795 3815/3815 3781/3781
f 3753/3753 3827/3827 3724/3724
f 3827/3827 3828/3828 3796/3796
f 3827/3827 3796/3796 3724/3724
f 3828/3828 3829/3829 3796/3796
f 3796/3796 3829/3829 3770/3770
f 3829/3829 3783/3783 3770/3770
f 3829/3829 3830/3830 3783/3783
f 3783/3783 3830/3830 3784/3784
f 3791/3791 3816/3816 3759/3759
f 3831/3831 1116/1116 3773/3773
f 3832/3832 3760/3760 3725/3725
f 1096/1096 3810/3810 1002/1002
f 3817/3817 3818/3818 3756/3756
f 3818/3818 3800/3800 3761/3761
f 3819/3819 3787/3787 3762/3762
f 3763/3763 3832/3832 3725/3725
f 3764/3764 3833/3833 3749/3749
f 3834/3834 3701/3701 3750/3750
f 3768/3768 3823/3823 3814/3814
f 3835/3835 3808/3808 3751/3751
f 3836/3836 3755/3755 3785/3785
f 3755/3755 3836/3836 3771/3771
f 3836/3836 3837/3837 3771/3771
f 3772/3772 3831/3831 3773/3773
f 952/952 3838/3838 3774/3774
f 3839/3839 3817/3817 3775/3775
f 3840/3840 3832/3832 3763/3763
f 3813/3813 3841/3841 3778/3778
f 3841/3841 3834/3834 3750/3750
f 3841/3841 3750/3750 3778/3778
f 3777/3777 3842/3842 3739/3739
f 3789/3789 3821/3821 3767/3767
f 3843/3843 3822/3822 3821/3821
f 3822/3822 3844/3844 3823/3823
f 3823/3823 3845/3845 3814/3814
f 1019/1019 3846/3846 3794/3794
f 3847/3847 3815/3815 3795/3795
f 3785/3785 3848/3848 3836/3836
f 3819/3819 3849/3849 3787/3787
f 3849/3849 3736/3736 3787/3787
f 1118/1118 1071/1071 1040/1040
f 3802/3802 3833/3833 3764/3764
f 3850/3850 3812/3812 3788/3788
f 1042/1042 3851/3851 3806/3806
f 3851/3851 3813/3813 3806/3806
f 3806/3806 3813/3813 3807/3807
f 3834/3834 3852/3852 3701/3701
f 3825/3825 3766/3766 3702/3702
f 3853/3853 3842/3842 3777/3777
f 3842/3842 3779/3779 3739/3739
f 1141/1141 3838/3838 952/952
f 3838/3838 3854/3854 3774/3774
f 3854/3854 3744/3744 3774/3774
f 3800/3800 3855/3855 3792/3792
f 3855/3855 3819/3819 3792/3792
f 3849/3849 3856/3856 3736/3736
f 3856/3856 3763/3763 3736/3736
f 3812/3812 3853/3853 3777/3777
f 1072/1072 1249/1249 1042/1042
f 1249/1249 3851/3851 1042/1042
f 3779/3779 3857/3857 3780/3780
f 3857/3857 3858/3858 3780/3780
f 3858/3858 3789/3789 3780/3780
f 3859/3859 1152/1152 3843/3843
f 3843/3843 1152/1152 3822/3822
f 1152/1152 3844/3844 3822/3822
f 3844/3844 3845/3845 3823/3823
f 3825/3825 3826/3826 1007/1007
f 3860/3860 3808/3808 3835/3835
f 3826/3826 3861/3861 3731/3731
f 1133/1133 3846/3846 1019/1019
f 3808/3808 3862/3862 3782/3782
f 3862/3862 3790/3790 3782/3782
f 3863/3863 3829/3829 3828/3828
f 3797/3797 3864/3864 3809/3809
f 3865/3865 3831/3831 3772/3772
f 3744/3744 3854/3854 3745/3745
f 3818/3818 3866/3866 3800/3800
f 3866/3866 3855/3855 3800/3800
f 3867/3867 3868/3868 3737/3737
f 3737/3737 3868/3868 3738/3738
f 3868/3868 1056/1056 3738/3738
f 1118/1118 1142/1142 1071/1071
f 3765/3765 3869/3869 3680/3680
f 3680/3680 3869/3869 3788/3788
f 3869/3869 3850/3850 3788/3788
f 1312/1312 3842/3842 3853/3853
f 1312/1312 3870/3870 3842/3842
f 3870/3870 3779/3779 3842/3842
f 3870/3870 3857/3857 3779/3779
f 3821/3821 3871/3871 3843/3843
f 3871/3871 3859/3859 3843/3843
f 3872/3872 3873/3873 3859/3859
f 3873/3873 1152/1152 3859/3859
f 1154/1154 3844/3844 1152/1152
f 3844/3844 3874/3874 3845/3845
f 3874/3874 3875/3875 3814/3814
f 3874/3874 3814/3814 3845/3845
f 3876/3876 3877/3877 3830/3830
f 3830/3830 3877/3877 3784/3784
f 3809/3809 3864/3864 3785/3785
f 3864/3864 3848/3848 3785/3785
f 3837/3837 3798/3798 3771/3771
f 3798/3798 3865/3865 3772/3772
f 3760/3760 3878/3878 3799/3799
f 3855/3855 3879/3879 3819/3819
f 3856/3856 3840/3840 3763/3763
f 1193/1193 1195/1195 1146/1146
f 1196/1196 1201/1201 3880/3880
f 1195/1195 1147/1147 1146/1146
f 3850/3850 3853/3853 3812/3812
f 1201/1201 1200/1200 3881/3881
f 1201/1201 3881/3881 3880/3880
f 1200/1200 3882/3882 3881/3881
f 1153/1153 3883/3883 1154/1154
f 1310/1310 1312/1312 3853/3853
f 3884/3884 3885/3885 3789/3789
f 3789/3789 3885/3885 3821/3821
f 3885/3885 3871/3871 3821/3821
f 3871/3871 3872/3872 3859/3859
f 3872/3872 3886/3886 3873/3873
f 3883/3883 3887/3887 1154/1154
f 1154/1154 3887/3887 3844/3844
f 3814/3814 3888/3888 3824/3824
f 3824/3824 1248/1248 1072/1072
f 3889/3889 3890/3890 3815/3815
f 3815/3815 3890/3890 3753/3753
f 3890/3890 3827/3827 3753/3753
f 3829/3829 3876/3876 3830/3830
f 3816/3816 3864/3864 3797/3797
f 3891/3891 3892/3892 3798/3798
f 3798/3798 3892/3892 3865/3865
f 3831/3831 1117/1117 1116/1116
f 3810/3810 3893/3893 3811/3811
f 3893/3893 3894/3894 3811/3811
f 3811/3811 3894/3894 3746/3746
f 3879/3879 3849/3849 3819/3819
f 3849/3849 3895/3895 3856/3856
f 1221/1221 3896/3896 1219/1219
f 3896/3896 3897/3897 1219/1219
f 3898/3898 3899/3899 3900/3900
f 3900/3900 3899/3899 3901/3901
f 1225/1225 1218/1218 1172/1172
f 1172/1172 1218/1218 1169/1169
f 3899/3899 1232/1232 3901/3901
f 1232/1232 1231/1231 3902/3902
f 3902/3902 1231/1231 3903/3903
f 1231/1231 1237/1237 3904/3904
f 1231/1231 3904/3904 3903/3903
f 3904/3904 1237/1237 1190/1190
f 1237/1237 1239/1239 1191/1191
f 1237/1237 1191/1191 1190/1190
f 1239/1239 3905/3905 1191/1191
f 3905/3905 3906/3906 1191/1191
f 1191/1191 3906/3906 1197/1197
f 3906/3906 3907/3907 1200/1200
f 3906/3906 1200/1200 1197/1197
f 3850/3850 1310/1310 3853/3853
f 1200/1200 3907/3907 3882/3882
f 3908/3908 3813/3813 3851/3851
f 3813/3813 3909/3909 3841/3841
f 3909/3909 3834/3834 3841/3841
f 1312/1312 3910/3910 3870/3870
f 3910/3910 3857/3857 3870/3870
f 3857/3857 3911/3911 3858/3858
f 3911/3911 3789/3789 3858/3858
f 3885/3885 3912/3912 3871/3871
f 3912/3912 3872/3872 3871/3871
f 3913/3913 3887/3887 3883/3883
f 3887/3887 3874/3874 3844/3844
f 3888/3888 1392/1392 3824/3824
f 1392/1392 1248/1248 3824/3824
f 3914/3914 3826/3826 3825/3825
f 3915/3915 3876/3876 3829/3829
f 3791/3791 3916/3916 3816/3816
f 3837/3837 3891/3891 3798/3798
f 3892/3892 3917/3917 3865/3865
f 3865/3865 3918/3918 3831/3831
f 3831/3831 3918/3918 1117/1117
f 3878/3878 3919/3919 3786/3786
f 3878/3878 3786/3786 3799/3799
f 3920/3920 3801/3801 3776/3776
f 1096/1096 3893/3893 3810/3810
f 3894/3894 3839/3839 3775/3775
f 3894/3894 3775/3775 3746/3746
f 3839/3839 3921/3921 3817/3817
f 3921/3921 3818/3818 3817/3817
f 3855/3855 3922/3922 3879/3879
f 3879/3879 3923/3923 3849/3849
f 3868/3868 1262/1262 1056/1056
f 1222/1222 1355/1355 1221/1221
f 1264/1264 1355/1355 1222/1222
f 1355/1355 3924/3924 3896/3896
f 1355/1355 3896/3896 1221/1221
f 3925/3925 3926/3926 3899/3899
f 3925/3925 3899/3899 3898/3898
f 3927/3927 1264/1264 1223/1223
f 3899/3899 3926/3926 1232/1232
f 3926/3926 3928/3928 1232/1232
f 3929/3929 3928/3928 3930/3930
f 3930/3930 3928/3928 3926/3926
f 3928/3928 1233/1233 1232/1232
f 3928/3928 3931/3931 1233/1233
f 3932/3932 3931/3931 3928/3928
f 3932/3932 3928/3928 3929/3929
f 3931/3931 1239/1239 1233/1233
f 3933/3933 3931/3931 3932/3932
f 3934/3934 1303/1303 3935/3935
f 3935/3935 1303/1303 1302/1302
f 3931/3931 3936/3936 1239/1239
f 1239/1239 3936/3936 3905/3905
f 3937/3937 3936/3936 3931/3931
f 3937/3937 3931/3931 3933/3933
f 3938/3938 3939/3939 1303/1303
f 3938/3938 1303/1303 3934/3934
f 3939/3939 1306/1306 1303/1303
f 1303/1303 1306/1306 1305/1305
f 3936/3936 3940/3940 3905/3905
f 3905/3905 3940/3940 3906/3906
f 3941/3941 3940/3940 3936/3936
f 3941/3941 3936/3936 3937/3937
f 3942/3942 3943/3943 1306/1306
f 3942/3942 1306/1306 3939/3939
f 3943/3943 3944/3944 1306/1306
f 1306/1306 3944/3944 1309/1309
f 3940/3940 3945/3945 3906/3906
f 3906/3906 3945/3945 3907/3907
f 3944/3944 3946/3946 1309/1309
f 3941/3941 3945/3945 3940/3940
f 3947/3947 3765/3765 3820/3820
f 3948/3948 3949/3949 3942/3942
f 3942/3942 3949/3949 3943/3943
f 3949/3949 3950/3950 3944/3944
f 3949/3949 3944/3944 3943/3943
f 3945/3945 3951/3951 3907/3907
f 3950/3950 3952/3952 3946/3946
f 3950/3950 3946/3946 3944/3944
f 3885/3885 3953/3953 3912/3912
f 3954/3954 3887/3887 3913/3913
f 3954/3954 3874/3874 3887/3887
f 3808/3808 3955/3955 3862/3862
f 3847/3847 3889/3889 3815/3815
f 3890/3890 3956/3956 3827/3827
f 3956/3956 3828/3828 3827/3827
f 3877/3877 3957/3957 3784/3784
f 3957/3957 3791/3791 3784/3784
f 3958/3958 3866/3866 3818/3818
f 3866/3866 3958/3958 3855/3855
f 3923/3923 3895/3895 3849/3849
f 3895/3895 3840/3840 3856/3856
f 1354/1354 3924/3924 1355/1355
f 3925/3925 3959/3959 3926/3926
f 3960/3960 3961/3961 1264/1264
f 3960/3960 1264/1264 3927/3927
f 3961/3961 1355/1355 1264/1264
f 3959/3959 3962/3962 3930/3930
f 3959/3959 3930/3930 3926/3926
f 3962/3962 3963/3963 3930/3930
f 3930/3930 3963/3963 3929/3929
f 3963/3963 3964/3964 3929/3929
f 3965/3965 3966/3966 3967/3967
f 3967/3967 3966/3966 3968/3968
f 3969/3969 3970/3970 3971/3971
f 3969/3969 3971/3971 3972/3972
f 3970/3970 3973/3973 3971/3971
f 3971/3971 3973/3973 3965/3965
f 3964/3964 3974/3974 3929/3929
f 3929/3929 3974/3974 3932/3932
f 3973/3973 3975/3975 3965/3965
f 3965/3965 3975/3975 3966/3966
f 1302/1302 1304/1304 3970/3970
f 1302/1302 3970/3970 3969/3969
f 1304/1304 3976/3976 3970/3970
f 3970/3970 3976/3976 3973/3973
f 3974/3974 3977/3977 3933/3933
f 3974/3974 3933/3933 3932/3932
f 3976/3976 3978/3978 3975/3975
f 3976/3976 3975/3975 3973/3973
f 1305/1305 1308/1308 1304/1304
f 1304/1304 1308/1308 3976/3976
f 3978/3978 1307/1307 3979/3979
f 3977/3977 3937/3937 3933/3933
f 1308/1308 1307/1307 3978/3978
f 1308/1308 3978/3978 3976/3976
f 1307/1307 1309/1309 3979/3979
f 3947/3947 3980/3980 3765/3765
f 3980/3980 3869/3869 3765/3765
f 3981/3981 3850/3850 3869/3869
f 3982/3982 1310/1310 3850/3850
f 1393/1393 3908/3908 3851/3851
f 1393/1393 3851/3851 1249/1249
f 3983/3983 3910/3910 1312/1312
f 3911/3911 3884/3884 3789/3789
f 3884/3884 3984/3984 3885/3885
f 3984/3984 3953/3953 3885/3885
f 3985/3985 3986/3986 3953/3953
f 3987/3987 3988/3988 3954/3954
f 3954/3954 3988/3988 3874/3874
f 3875/3875 3989/3989 3814/3814
f 3914/3914 3990/3990 3826/3826
f 1123/1123 1254/1254 1313/1313
f 3990/3990 3861/3861 3826/3826
f 1133/1133 3991/3991 3846/3846
f 1370/1370 3889/3889 3847/3847
f 3956/3956 3863/3863 3828/3828
f 3957/3957 3916/3916 3791/3791
f 3864/3864 3992/3992 3848/3848
f 3993/3993 3837/3837 3836/3836
f 3832/3832 3994/3994 3760/3760
f 3994/3994 3878/3878 3760/3760
f 3920/3920 3995/3995 3801/3801
f 3996/3996 3958/3958 3818/3818
f 1322/1322 1142/1142 1118/1118
f 3997/3997 3833/3833 3802/3802
f 3925/3925 3998/3998 3959/3959
f 3998/3998 3999/3999 3962/3962
f 3998/3998 3962/3962 3959/3959
f 3999/3999 4000/4000 3962/3962
f 3962/3962 4000/4000 3963/3963
f 1332/1332 1338/1338 1330/1330
f 1330/1330 1338/1338 1337/1337
f 1248/1248 1393/1393 1249/1249
f 4001/4001 4002/4002 3813/3813
f 4002/4002 3909/3909 3813/3813
f 4003/4003 3852/3852 3834/3834
f 3910/3910 4004/4004 3857/3857
f 3857/3857 4004/4004 3911/3911
f 4004/4004 4005/4005 3911/3911
f 4005/4005 3884/3884 3911/3911
f 4006/4006 3984/3984 3884/3884
f 3984/3984 3985/3985 3953/3953
f 3985/3985 4007/4007 3986/3986
f 4007/4007 3987/3987 3986/3986
f 4007/4007 3988/3988 3987/3987
f 3988/3988 4008/4008 3874/3874
f 4008/4008 3875/3875 3874/3874
f 3989/3989 3888/3888 3814/3814
f 1342/1342 3991/3991 1133/1133
f 1369/1369 3889/3889 1370/1370
f 3916/3916 4009/4009 3816/3816
f 4009/4009 3864/3864 3816/3816
f 4009/4009 3992/3992 3864/3864
f 3848/3848 3992/3992 3836/3836
f 3992/3992 3993/3993 3836/3836
f 3993/3993 3891/3891 3837/3837
f 4010/4010 1141/1141 1117/1117
f 3958/3958 3922/3922 3855/3855
f 3922/3922 4011/4011 3879/3879
f 4011/4011 3923/3923 3879/3879
f 1529/1529 3832/3832 3840/3840
f 3801/3801 3997/3997 3802/3802
f 1354/1354 4012/4012 3924/3924
f 4013/4013 3998/3998 3925/3925
f 3961/3961 1356/1356 1355/1355
f 3999/3999 4014/4014 4000/4000
f 1332/1332 1362/1362 1338/1338
f 3980/3980 3981/3981 3869/3869
f 3981/3981 3982/3982 3850/3850
f 1311/1311 3983/3983 1312/1312
f 3909/3909 4003/4003 3834/3834
f 3983/3983 4004/4004 3910/3910
f 4006/4006 3985/3985 3984/3984
f 3985/3985 4015/4015 4007/4007
f 4015/4015 4016/4016 4007/4007
f 4007/4007 4016/4016 3988/3988
f 4016/4016 4008/4008 3988/3988
f 4008/4008 3989/3989 3875/3875
f 3825/3825 4017/4017 3914/3914
f 4018/4018 4019/4019 3808/3808
f 4018/4018 3808/3808 3860/3860
f 1342/1342 4020/4020 3991/3991
f 3863/3863 3915/3915 3829/3829
f 4009/4009 4021/4021 3992/3992
f 3917/3917 4022/4022 3865/3865
f 4022/4022 3918/3918 3865/3865
f 3918/3918 4010/4010 1117/1117
f 1481/1481 4023/4023 3838/3838
f 1481/1481 3838/3838 1141/1141
f 4023/4023 3854/3854 3838/3838
f 1528/1528 3994/3994 3832/3832
f 1351/1351 4024/4024 1096/1096
f 4024/4024 3893/3893 1096/1096
f 4025/4025 3921/3921 3839/3839
f 3895/3895 1529/1529 3840/3840
f 3995/3995 3997/3997 3801/3801
f 4013/4013 4026/4026 3998/3998
f 3960/3960 4027/4027 3961/3961
f 4027/4027 1356/1356 3961/3961
f 4026/4026 4028/4028 3999/3999
f 4026/4026 3999/3999 3998/3998
f 4028/4028 4014/4014 3999/3999
f 3982/3982 4029/4029 1310/1310
f 4029/4029 1311/1311 1310/1310
f 1393/1393 4001/4001 3908/3908
f 4001/4001 3813/3813 3908/3908
f 4006/4006 4015/4015 3985/3985
f 4015/4015 4030/4030 4016/4016
f 4017/4017 4031/4031 3914/3914
f 4031/4031 3990/3990 3914/3914
f 4019/4019 4032/4032 3808/3808
f 3808/3808 4032/4032 3955/3955
f 1369/1369 3890/3890 3889/3889
f 4033/4033 3956/3956 3890/3890
f 3876/3876 4034/4034 3877/3877
f 4035/4035 4022/4022 3917/3917
f 3921/3921 3996/3996 3818/3818
f 4036/4036 4011/4011 3922/3922
f 4011/4011 4037/4037 3923/3923
f 4037/4037 3895/3895 3923/3923
f 1385/1385 4038/4038 1354/1354
f 4038/4038 4012/4012 1354/1354
f 4039/4039 4027/4027 3960/3960
f 4040/4040 4017/4017 3825/3825
f 4041/4041 3884/3884 4005/4005
f 1398/1398 4020/4020 1342/1342
f 3955/3955 4032/4032 3862/3862
f 4042/4042 3863/3863 3956/3956
f 3863/3863 4042/4042 3915/3915
f 3915/3915 4034/4034 3876/3876
f 4035/4035 3917/3917 3892/3892
f 3893/3893 3839/3839 3894/3894
f 4043/4043 1529/1529 3895/3895
f 1529/1529 1528/1528 3832/3832
f 1405/1405 1383/1383 1322/1322
f 4044/4044 3833/3833 3997/3997
f 4013/4013 4045/4045 4026/4026
f 4045/4045 4028/4028 4026/4026
f 4028/4028 1469/1469 4014/4014
f 4046/4046 3983/3983 1311/1311
f 4047/4047 4004/4004 3983/3983
f 4004/4004 4041/4041 4005/4005
f 4041/4041 4048/4048 3884/3884
f 4048/4048 4006/4006 3884/3884
f 4006/4006 4049/4049 4015/4015
f 4016/4016 4030/4030 4008/4008
f 4030/4030 3989/3989 4008/4008
f 1411/1411 4033/4033 1369/1369
f 1369/1369 4033/4033 3890/3890
f 3877/3877 4034/4034 3957/3957
f 3916/3916 4021/4021 4009/4009
f 4050/4050 4035/4035 3892/3892
f 1482/1482 1141/1141 4010/4010
f 3994/3994 4051/4051 3878/3878
f 4051/4051 3919/3919 3878/3878
f 4052/4052 4024/4024 1351/1351
f 4053/4053 3893/3893 4024/4024
f 4037/4037 4043/4043 3895/3895
f 3995/3995 4044/4044 3997/3997
f 4044/4044 4054/4054 3833/3833
f 4038/4038 4055/4055 4012/4012
f 4056/4056 4045/4045 4013/4013
f 4027/4027 1423/1423 1356/1356
f 4045/4045 1470/1470 4028/4028
f 1470/1470 1469/1469 4028/4028
f 4057/4057 4029/4029 3982/3982
f 4017/4017 4058/4058 4031/4031
f 4059/4059 4021/4021 3916/3916
f 4021/4021 4060/4060 3992/3992
f 3992/3992 4060/4060 3993/3993
f 4060/4060 4061/4061 3993/3993
f 3993/3993 4061/4061 3891/3891
f 3891/3891 4050/4050 3892/3892
f 4050/4050 4062/4062 4035/4035
f 4022/4022 4010/4010 3918/3918
f 4023/4023 4063/4063 3854/3854
f 3920/3920 4064/4064 3995/3995
f 3958/3958 4036/4036 3922/3922
f 4065/4065 4011/4011 4036/4036
f 4064/4064 4044/4044 3995/3995
f 4057/4057 4046/4046 4029/4029
f 4029/4029 4046/4046 1311/1311
f 4066/4066 3909/3909 4002/4002
f 4048/4048 4067/4067 4006/4006
f 4049/4049 4068/4068 4015/4015
f 4030/4030 4069/4069 3989/3989
f 3989/3989 1555/1555 3888/3888
f 1555/1555 1392/1392 3888/3888
f 4058/4058 3990/3990 4031/4031
f 4070/4070 4042/4042 3956/3956
f 4042/4042 4071/4071 3915/3915
f 4071/4071 4072/4072 3915/3915
f 3915/3915 4072/4072 4034/4034
f 4072/4072 4073/4073 4034/4034
f 4073/4073 3957/3957 4034/4034
f 4073/4073 4074/4074 3957/3957
f 3957/3957 4074/4074 3916/3916
f 4074/4074 4075/4075 3916/3916
f 4075/4075 4059/4059 3916/3916
f 4076/4076 4021/4021 4059/4059
f 4061/4061 4050/4050 3891/3891
f 4035/4035 4077/4077 4022/4022
f 4052/4052 4078/4078 4024/4024
f 3893/3893 4025/4025 3839/3839
f 4079/4079 3958/3958 3996/3996
f 4065/4065 4037/4037 4011/4011
f 4080/4080 3868/3868 3867/3867
f 1408/1408 1446/1446 1389/1389
f 4081/4081 3980/3980 3947/3947
f 3981/3981 4082/4082 3982/3982
f 4082/4082 4057/4057 3982/3982
f 4046/4046 4047/4047 3983/3983
f 4083/4083 4041/4041 4004/4004
f 1392/1392 1554/1554 1393/1393
f 1554/1554 4001/4001 1393/1393
f 4001/4001 4084/4084 4002/4002
f 4084/4084 4066/4066 4002/4002
f 3909/3909 4085/4085 4003/4003
f 4047/4047 4083/4083 4004/4004
f 4006/4006 4067/4067 4049/4049
f 4015/4015 4086/4086 4030/4030
f 4086/4086 4069/4069 4030/4030
f 4019/4019 4087/4087 4032/4032
f 4070/4070 3956/3956 4033/4033
f 4076/4076 4088/4088 4021/4021
f 4021/4021 4088/4088 4060/4060
f 4050/4050 4089/4089 4062/4062
f 4062/4062 4077/4077 4035/4035
f 4077/4077 4010/4010 4022/4022
f 3921/3921 4079/4079 3996/3996
f 4079/4079 4090/4090 3958/3958
f 4056/4056 4091/4091 4045/4045
f 4092/4092 4093/4093 4027/4027
f 4092/4092 4027/4027 4039/4039
f 4093/4093 1423/1423 4027/4027
f 4091/4091 1471/1471 4045/4045
f 4045/4045 1471/1471 1470/1470
f 4094/4094 1446/1446 1408/1408
f 4095/4095 4046/4046 4057/4057
f 4096/4096 4067/4067 4048/4048
f 1554/1554 4097/4097 4001/4001
f 4041/4041 4096/4096 4048/4048
f 4067/4067 4098/4098 4049/4049
f 4099/4099 4100/4100 4058/4058
f 4058/4058 4100/4100 3990/3990
f 1476/1476 4020/4020 1398/1398
f 4077/4077 4101/4101 4010/4010
f 4078/4078 4053/4053 4024/4024
f 1405/1405 1484/1484 1383/1383
f 4094/4094 1500/1500 1446/1446
f 4082/4082 4095/4095 4057/4057
f 4083/4083 4096/4096 4041/4041
f 4066/4066 4102/4102 3909/3909
f 4103/4103 4104/4104 4083/4083
f 4103/4103 4083/4083 4047/4047
f 4105/4105 4098/4098 4067/4067
f 4106/4106 4058/4058 4017/4017
f 4107/4107 4019/4019 4018/4018
f 4108/4108 4109/4109 4076/4076
f 4108/4108 4076/4076 4059/4059
f 4110/4110 4089/4089 4050/4050
f 4101/4101 1482/1482 4010/4010
f 1481/1481 4111/4111 4023/4023
f 4112/4112 4044/4044 4064/4064
f 4038/4038 4113/4113 4055/4055
f 4114/4114 4091/4091 4056/4056
f 1501/1501 1502/1502 1446/1446
f 1446/1446 1502/1502 1474/1474
f 4046/4046 4115/4115 4047/4047
f 4084/4084 4102/4102 4066/4066
f 4085/4085 4116/4116 4003/4003
f 4117/4117 4017/4017 4040/4040
f 4096/4096 4105/4105 4067/4067
f 4098/4098 4068/4068 4049/4049
f 4068/4068 4118/4118 4015/4015
f 4118/4118 4086/4086 4015/4015
f 1476/1476 4119/4119 4020/4020
f 4070/4070 4033/4033 1411/1411
f 4120/4120 4042/4042 4070/4070
f 4075/4075 4121/4121 4059/4059
f 4121/4121 4108/4108 4059/4059
f 4061/4061 4110/4110 4050/4050
f 4111/4111 4063/4063 4023/4023
f 4122/4122 4025/4025 3893/3893
f 4090/4090 4036/4036 3958/3958
f 4065/4065 4123/4123 4037/4037
f 4123/4123 4124/4124 4037/4037
f 4124/4124 4043/4043 4037/4037
f 4080/4080 1531/1531 3868/3868
f 1531/1531 1262/1262 3868/3868
f 1509/1509 1484/1484 1405/1405
f 4114/4114 4125/4125 4091/4091
f 4126/4126 4093/4093 4092/4092
f 4125/4125 1471/1471 4091/4091
f 4095/4095 4127/4127 4046/4046
f 4115/4115 4103/4103 4047/4047
f 4128/4128 4129/4129 4001/4001
f 4128/4128 4001/4001 4097/4097
f 4129/4129 4084/4084 4001/4001
f 1477/1477 1605/1605 1411/1411
f 1605/1605 4070/4070 1411/1411
f 4042/4042 4130/4130 4071/4071
f 4071/4071 4131/4131 4072/4072
f 4109/4109 4132/4132 4076/4076
f 4076/4076 4132/4132 4088/4088
f 4060/4060 4133/4133 4061/4061
f 4133/4133 4110/4110 4061/4061
f 1527/1527 4111/4111 1481/1481
f 1528/1528 4134/4134 3994/3994
f 4134/4134 4051/4051 3994/3994
f 4126/4126 4135/4135 4093/4093
f 4135/4135 1423/1423 4093/4093
f 4136/4136 1536/1536 4094/4094
f 4094/4094 1536/1536 1500/1500
f 4127/4127 4137/4137 4046/4046
f 4046/4046 4137/4137 4115/4115
f 4069/4069 1555/1555 3989/3989
f 4107/4107 4138/4138 4019/4019
f 4138/4138 4087/4087 4019/4019
f 4120/4120 4130/4130 4042/4042
f 4139/4139 4075/4075 4074/4074
f 4088/4088 4140/4140 4060/4060
f 4140/4140 4133/4133 4060/4060
f 4141/4141 4089/4089 4110/4110
f 1549/1549 4052/4052 1351/1351
f 4124/4124 1529/1529 4043/4043
f 4112/4112 4142/4142 4044/4044
f 4142/4142 4054/4054 4044/4044
f 1385/1385 4143/4143 4038/4038
f 4143/4143 4113/4113 4038/4038
f 4125/4125 1551/1551 1471/1471
f 1501/1501 1553/1553 1502/1502
f 3980/3980 4144/4144 3981/3981
f 4144/4144 4082/4082 3981/3981
f 4137/4137 4145/4145 4115/4115
f 4102/4102 4146/4146 3909/3909
f 4146/4146 4085/4085 3909/3909
f 4117/4117 4147/4147 4017/4017
f 4147/4147 4106/4106 4017/4017
f 4106/4106 4099/4099 4058/4058
f 4087/4087 4148/4148 4032/4032
f 4149/4149 4120/4120 4070/4070
f 4133/4133 4141/4141 4110/4110
f 4150/4150 4077/4077 4062/4062
f 4134/4134 4151/4151 4051/4051
f 4053/4053 4122/4122 3893/3893
f 4025/4025 4152/4152 3921/3921
f 4124/4124 1530/1530 1529/1529
f 1567/1567 4143/4143 1385/1385
f 4135/4135 1568/1568 1423/1423
f 4136/4136 1570/1570 1536/1536
f 1569/1569 1553/1553 1501/1501
f 4153/4153 4105/4105 4096/4096
f 4132/4132 4140/4140 4088/4088
f 4154/4154 4089/4089 4141/4141
f 4150/4150 4062/4062 4089/4089
f 4090/4090 4155/4155 4036/4036
f 4104/4104 4096/4096 4083/4083
f 4118/4118 4156/4156 4086/4086
f 4156/4156 4069/4069 4086/4086
f 4157/4157 1555/1555 4069/4069
f 4158/4158 4071/4071 4130/4130
f 4158/4158 4131/4131 4071/4071
f 4139/4139 4159/4159 4075/4075
f 4159/4159 4121/4121 4075/4075
f 4159/4159 4160/4160 4121/4121
f 4132/4132 1640/1640 4140/4140
f 4140/4140 1641/1641 4133/4133
f 4161/4161 1482/1482 4101/4101
f 3921/3921 4162/4162 4079/4079
f 4162/4162 4155/4155 4079/4079
f 4079/4079 4155/4155 4090/4090
f 4163/4163 1531/1531 4080/4080
f 1585/1585 1553/1553 1569/1569
f 4145/4145 4103/4103 4115/4115
f 4104/4104 4153/4153 4096/4096
f 4098/4098 4164/4164 4068/4068
f 4165/4165 4156/4156 4118/4118
f 4156/4156 4157/4157 4069/4069
f 4166/4166 4073/4073 4072/4072
f 4160/4160 4167/4167 4121/4121
f 4167/4167 4108/4108 4121/4121
f 4167/4167 4109/4109 4108/4108
f 4109/4109 4167/4167 4132/4132
f 4167/4167 4168/4168 4132/4132
f 4132/4132 4168/4168 1640/1640
f 1640/1640 1641/1641 4140/4140
f 4150/4150 4161/4161 4101/4101
f 4150/4150 4101/4101 4077/4077
f 4155/4155 4065/4065 4036/4036
f 4169/4169 4170/4170 4135/4135
f 4169/4169 4135/4135 4126/4126
f 4170/4170 1568/1568 4135/4135
f 4125/4125 1599/1599 1551/1551
f 4136/4136 4171/4171 1570/1570
f 4171/4171 1585/1585 1570/1570
f 4081/4081 4172/4172 3980/3980
f 4172/4172 4144/4144 3980/3980
f 4173/4173 4105/4105 4153/4153
f 1476/1476 4174/4174 4119/4119
f 4131/4131 4166/4166 4072/4072
f 4159/4159 1633/1633 4160/4160
f 4160/4160 4175/4175 4167/4167
f 4175/4175 4176/4176 4168/4168
f 4175/4175 4168/4168 4167/4167
f 4176/4176 1640/1640 4168/4168
f 1530/1530 4134/4134 1528/1528
f 4053/4053 4177/4177 4122/4122
f 4122/4122 4152/4152 4025/4025
f 4152/4152 4162/4162 3921/3921
f 4064/4064 4178/4178 4112/4112
f 4178/4178 4142/4142 4112/4112
f 4143/4143 4179/4179 4113/4113
f 4180/4180 4181/4181 4125/4125
f 4180/4180 4125/4125 4114/4114
f 4181/4181 1599/1599 4125/4125
f 4171/4171 1621/1621 1585/1585
f 4182/4182 4137/4137 4127/4127
f 4164/4164 4165/4165 4068/4068
f 4068/4068 4165/4165 4118/4118
f 4106/4106 4183/4183 4099/4099
f 4184/4184 4138/4138 4107/4107
f 1626/1626 4174/4174 1476/1476
f 4120/4120 4158/4158 4130/4130
f 4166/4166 4074/4074 4073/4073
f 4139/4139 1633/1633 4159/4159
f 1633/1633 1635/1635 4160/4160
f 4160/4160 1635/1635 4175/4175
f 1635/1635 1650/1650 4175/4175
f 1637/1637 4176/4176 4175/4175
f 1637/1637 1640/1640 4176/4176
f 4185/4185 4186/4186 4111/4111
f 4111/4111 4186/4186 4063/4063
f 4051/4051 4187/4187 3919/3919
f 4188/4188 4064/4064 3920/3920
f 4189/4189 4065/4065 4155/4155
f 4163/4163 1668/1668 1531/1531
f 4190/4190 4172/4172 4081/4081
f 4095/4095 4182/4182 4127/4127
f 4145/4145 4191/4191 4103/4103
f 4192/4192 4193/4193 1554/1554
f 4192/4192 1554/1554 1555/1555
f 4193/4193 4097/4097 1554/1554
f 4146/4146 4194/4194 4085/4085
f 4194/4194 4116/4116 4085/4085
f 4105/4105 4173/4173 4098/4098
f 4173/4173 4164/4164 4098/4098
f 4157/4157 4195/4195 1555/1555
f 4195/4195 4192/4192 1555/1555
f 1685/1685 4070/4070 1605/1605
f 4196/4196 4120/4120 4149/4149
f 4197/4197 4131/4131 4158/4158
f 4198/4198 4166/4166 4131/4131
f 4166/4166 4199/4199 4074/4074
f 4199/4199 4139/4139 4074/4074
f 1650/1650 1664/1664 4175/4175
f 1664/1664 1637/1637 4175/4175
f 1664/1664 1638/1638 1637/1637
f 4133/4133 4154/4154 4141/4141
f 4154/4154 4200/4200 4089/4089
f 4151/4151 4201/4201 4051/4051
f 4201/4201 4187/4187 4051/4051
f 4123/4123 4202/4202 4124/4124
f 4203/4203 1530/1530 4124/4124
f 1653/1653 1484/1484 1509/1509
f 4170/4170 1655/1655 1568/1568
f 4204/4204 4171/4171 4136/4136
f 4144/4144 4182/4182 4082/4082
f 4082/4082 4182/4182 4095/4095
f 4182/4182 4205/4205 4137/4137
f 4205/4205 4206/4206 4137/4137
f 4206/4206 4145/4145 4137/4137
f 4206/4206 4191/4191 4145/4145
f 4207/4207 4153/4153 4104/4104
f 4084/4084 4208/4208 4102/4102
f 4208/4208 4146/4146 4102/4102
f 4147/4147 4183/4183 4106/4106
f 4191/4191 4104/4104 4103/4103
f 4156/4156 4195/4195 4157/4157
f 4138/4138 4209/4209 4087/4087
f 4209/4209 4148/4148 4087/4087
f 1685/1685 4196/4196 4149/4149
f 1685/1685 4149/4149 4070/4070
f 4196/4196 4210/4210 4120/4120
f 1663/1663 1650/1650 1633/1633
f 1633/1633 1650/1650 1634/1634
f 1666/1666 4211/4211 1664/1664
f 4211/4211 1638/1638 1664/1664
f 1638/1638 4211/4211 1639/1639
f 4211/4211 1641/1641 1639/1639
f 4212/4212 1482/1482 4161/4161
f 4213/4213 4185/4185 4111/4111
f 4188/4188 4178/4178 4064/4064
f 4202/4202 4203/4203 4124/4124
f 4169/4169 4214/4214 4170/4170
f 4214/4214 1655/1655 4170/4170
f 4215/4215 4207/4207 4104/4104
f 4207/4207 4216/4216 4153/4153
f 4191/4191 4215/4215 4104/4104
f 4217/4217 4156/4156 4165/4165
f 4120/4120 4210/4210 4158/4158
f 1666/1666 4218/4218 4211/4211
f 4218/4218 4219/4219 4211/4211
f 4219/4219 1641/1641 4211/4211
f 4219/4219 4220/4220 1641/1641
f 4220/4220 4133/4133 1641/1641
f 4200/4200 4150/4150 4089/4089
f 1530/1530 4221/4221 4134/4134
f 4221/4221 4151/4151 4134/4134
f 4222/4222 4223/4223 4155/4155
f 4223/4223 4189/4189 4155/4155
f 4202/4202 4224/4224 4203/4203
f 4225/4225 1668/1668 4163/4163
f 4180/4180 4226/4226 4181/4181
f 4227/4227 4214/4214 4169/4169
f 4226/4226 1680/1680 1599/1599
f 4226/4226 1599/1599 4181/4181
f 4129/4129 4208/4208 4084/4084
f 4216/4216 4173/4173 4153/4153
f 4216/4216 4228/4228 4173/4173
f 4164/4164 4217/4217 4165/4165
f 4197/4197 4229/4229 4131/4131
f 4139/4139 4230/4230 1633/1633
f 4230/4230 1663/1663 1633/1633
f 4150/4150 4212/4212 4161/4161
f 1527/1527 4213/4213 4111/4111
f 4162/4162 4222/4222 4155/4155
f 4189/4189 4231/4231 4065/4065
f 4231/4231 4123/4123 4065/4065
f 4142/4142 4232/4232 4054/4054
f 1567/1567 4233/4233 4143/4143
f 4233/4233 4179/4179 4143/4143
f 4234/4234 4205/4205 4182/4182
f 4208/4208 4235/4235 4146/4146
f 4235/4235 4194/4194 4146/4146
f 4183/4183 4236/4236 4099/4099
f 4236/4236 4237/4237 4099/4099
f 4099/4099 4237/4237 4100/4100
f 1704/1704 4174/4174 1626/1626
f 4238/4238 4210/4210 4196/4196
f 4229/4229 4198/4198 4131/4131
f 4199/4199 4230/4230 4139/4139
f 1665/1665 4218/4218 1666/1666
f 4171/4171 1715/1715 1621/1621
f 4239/4239 4235/4235 4208/4208
f 4173/4173 4240/4240 4164/4164
f 4241/4241 4164/4164 4240/4240
f 4241/4241 4242/4242 4164/4164
f 4242/4242 4217/4217 4164/4164
f 4238/4238 4196/4196 1685/1685
f 4243/4243 4150/4150 4200/4200
f 4243/4243 4244/4244 4150/4150
f 4150/4150 4244/4244 4212/4212
f 2081/2081 1527/1527 1482/1482
f 4188/4188 4245/4245 4178/4178
f 4246/4246 4152/4152 4122/4122
f 4231/4231 4202/4202 4123/4123
f 4247/4247 1715/1715 4171/4171
f 4247/4247 4171/4171 4204/4204
f 4248/4248 4138/4138 4184/4184
f 1603/1603 1701/1701 1756/1756
f 1603/1603 1756/1756 1602/1602
f 1704/1704 4249/4249 4174/4174
f 4250/4250 4209/4209 4138/4138
f 4230/4230 4251/4251 1663/1663
f 4251/4251 1665/1665 1663/1663
f 4252/4252 4218/4218 1665/1665
f 4219/4219 4253/4253 4220/4220
f 4212/4212 2081/2081 1482/1482
f 4185/4185 4254/4254 4186/4186
f 4203/4203 2050/2050 1530/1530
f 1530/1530 2050/2050 4221/4221
f 4231/4231 4255/4255 4202/4202
f 4255/4255 4224/4224 4202/4202
f 4245/4245 4256/4256 4142/4142
f 4245/4245 4142/4142 4178/4178
f 4256/4256 4232/4232 4142/4142
f 1751/1751 4233/4233 1567/1567
f 4257/4257 4258/4258 4227/4227
f 4227/4227 4258/4258 4214/4214
f 4258/4258 1750/1750 1655/1655
f 4258/4258 1655/1655 4214/4214
f 4205/4205 4259/4259 4206/4206
f 4206/4206 4260/4260 4191/4191
f 4261/4261 4193/4193 4192/4192
f 4194/4194 4262/4262 4116/4116
f 4263/4263 4147/4147 4117/4117
f 4228/4228 4240/4240 4173/4173
f 4217/4217 4264/4264 4156/4156
f 4156/4156 4265/4265 4195/4195
f 4265/4265 4261/4261 4195/4195
f 4261/4261 4192/4192 4195/4195
f 4248/4248 4250/4250 4138/4138
f 1735/1735 4238/4238 1685/1685
f 4158/4158 4266/4266 4197/4197
f 4220/4220 4253/4253 4133/4133
f 4253/4253 4154/4154 4133/4133
f 4221/4221 4201/4201 4151/4151
f 1549/1549 1790/1790 4052/4052
f 1790/1790 4078/4078 4052/4052
f 4246/4246 4122/4122 4177/4177
f 4267/4267 4162/4162 4152/4152
f 4233/4233 4268/4268 4179/4179
f 4269/4269 4270/4270 4226/4226
f 4269/4269 4226/4226 4180/4180
f 4270/4270 1767/1767 4226/4226
f 4226/4226 1767/1767 1680/1680
f 4271/4271 4172/4172 4190/4190
f 4144/4144 4234/4234 4182/4182
f 4259/4259 4260/4260 4206/4206
f 4260/4260 4215/4215 4191/4191
f 4207/4207 4272/4272 4216/4216
f 4128/4128 4273/4273 4129/4129
f 1969/1969 4237/4237 4236/4236
f 4266/4266 4158/4158 4210/4210
f 4266/4266 4229/4229 4197/4197
f 4198/4198 4274/4274 4166/4166
f 4274/4274 4199/4199 4166/4166
f 4274/4274 4230/4230 4199/4199
f 4252/4252 4219/4219 4218/4218
f 4253/4253 4275/4275 4154/4154
f 2080/2080 4213/4213 1527/1527
f 1790/1790 4276/4276 4078/4078
f 4222/4222 4162/4162 4267/4267
f 4277/4277 4224/4224 4255/4255
f 4247/4247 1799/1799 1715/1715
f 1799/1799 1771/1771 1715/1715
f 1770/1770 1771/1771 1798/1798
f 1798/1798 1771/1771 1799/1799
f 4261/4261 4278/4278 4193/4193
f 4193/4193 4279/4279 4097/4097
f 4240/4240 4280/4280 4241/4241
f 1969/1969 4281/4281 4237/4237
f 4281/4281 4282/4282 4237/4237
f 4250/4250 4283/4283 4209/4209
f 4283/4283 4284/4284 4209/4209
f 4285/4285 4251/4251 4230/4230
f 4285/4285 4252/4252 4251/4251
f 4251/4251 4252/4252 1665/1665
f 4252/4252 4286/4286 4219/4219
f 4286/4286 4253/4253 4219/4219
f 2081/2081 2080/2080 1527/1527
f 4276/4276 4287/4287 4053/4053
f 4276/4276 4053/4053 4078/4078
f 4287/4287 4177/4177 4053/4053
f 4223/4223 4231/4231 4189/4189
f 4224/4224 2050/2050 4203/4203
f 4269/4269 4288/4288 4270/4270
f 4288/4288 1767/1767 4270/4270
f 4289/4289 1800/1800 4247/4247
f 4247/4247 1800/1800 1799/1799
f 1801/1801 1802/1802 1798/1798
f 1798/1798 1802/1802 1770/1770
f 4260/4260 4290/4290 4215/4215
f 4278/4278 4279/4279 4193/4193
f 4097/4097 4279/4279 4128/4128
f 4279/4279 4273/4273 4128/4128
f 4228/4228 4291/4291 4240/4240
f 4291/4291 4280/4280 4240/4240
f 4280/4280 4242/4242 4241/4241
f 4242/4242 4264/4264 4217/4217
f 4264/4264 4265/4265 4156/4156
f 4292/4292 4261/4261 4265/4265
f 4229/4229 4293/4293 4198/4198
f 4198/4198 4293/4293 4274/4274
f 4274/4274 4294/4294 4230/4230
f 4154/4154 4295/4295 4200/4200
f 4295/4295 4243/4243 4200/4200
f 4244/4244 2081/2081 4212/4212
f 4246/4246 4296/4296 4152/4152
f 4297/4297 4298/4298 4223/4223
f 4223/4223 4298/4298 4231/4231
f 4299/4299 1668/1668 4225/4225
f 4300/4300 4258/4258 4257/4257
f 4289/4289 1816/1816 1800/1800
f 1817/1817 1802/1802 1801/1801
f 4144/4144 4301/4301 4234/4234
f 4228/4228 4302/4302 4291/4291
f 4273/4273 4208/4208 4129/4129
f 4235/4235 4262/4262 4194/4194
f 4280/4280 4303/4303 4242/4242
f 4242/4242 4303/4303 4264/4264
f 4183/4183 1969/1969 4236/4236
f 4304/4304 4250/4250 4248/4248
f 1704/1704 4305/4305 4249/4249
f 4238/4238 4306/4306 4210/4210
f 4306/4306 4266/4266 4210/4210
f 4275/4275 4295/4295 4154/4154
f 4221/4221 4307/4307 4201/4201
f 4267/4267 4308/4308 4222/4222
f 4308/4308 4223/4223 4222/4222
f 1836/1836 4309/4309 4233/4233
f 1836/1836 4233/4233 1751/1751
f 4309/4309 4310/4310 4233/4233
f 4233/4233 4310/4310 4268/4268
f 4311/4311 4312/4312 4288/4288
f 4311/4311 4288/4288 4269/4269
f 4312/4312 1838/1838 4288/4288
f 4288/4288 1838/1838 1767/1767
f 4313/4313 1841/1841 4289/4289
f 4289/4289 1841/1841 1816/1816
f 1842/1842 1843/1843 1817/1817
f 1817/1817 1843/1843 1802/1802
f 4271/4271 4314/4314 4172/4172
f 4314/4314 4301/4301 4172/4172
f 4172/4172 4301/4301 4144/4144
f 4234/4234 4315/4315 4205/4205
f 4315/4315 4259/4259 4205/4205
f 4316/4316 4260/4260 4259/4259
f 4272/4272 4228/4228 4216/4216
f 4273/4273 4239/4239 4208/4208
f 4291/4291 4317/4317 4280/4280
f 4317/4317 4318/4318 4280/4280
f 4319/4319 4283/4283 4250/4250
f 1735/1735 1979/1979 4238/4238
f 4294/4294 4285/4285 4230/4230
f 4320/4320 4286/4286 4252/4252
f 4296/4296 4267/4267 4152/4152
f 4299/4299 1812/1812 1668/1668
f 4245/4245 4321/4321 4256/4256
f 4322/4322 4323/4323 4258/4258
f 4322/4322 4258/4258 4300/4300
f 4323/4323 1750/1750 4258/4258
f 1837/1837 1856/1856 1885/1885
f 1837/1837 1885/1885 1853/1853
f 4324/4324 1858/1858 4313/4313
f 4313/4313 1858/1858 1841/1841
f 1842/1842 1864/1864 1843/1843
f 4215/4215 4290/4290 4207/4207
f 4290/4290 4325/4325 4207/4207
f 4325/4325 4272/4272 4207/4207
f 4147/4147 1970/1970 4183/4183
f 4318/4318 4303/4303 4280/4280
f 4303/4303 4326/4326 4264/4264
f 4264/4264 4292/4292 4265/4265
f 4292/4292 4278/4278 4261/4261
f 1970/1970 1969/1969 4183/4183
f 4304/4304 4319/4319 4250/4250
f 1869/1869 4305/4305 1704/1704
f 4283/4283 4327/4327 4284/4284
f 4293/4293 4328/4328 4274/4274
f 4328/4328 4294/4294 4274/4274
f 4285/4285 4320/4320 4252/4252
f 4286/4286 4275/4275 4253/4253
f 2080/2080 4185/4185 4213/4213
f 4185/4185 4329/4329 4254/4254
f 4308/4308 4297/4297 4223/4223
f 4330/4330 2050/2050 4224/4224
f 4321/4321 4232/4232 4256/4256
f 1878/1878 4331/4331 4309/4309
f 1878/1878 4309/4309 1836/1836
f 4331/4331 4332/4332 4309/4309
f 4309/4309 4332/4332 4310/4310
f 4333/4333 1882/1882 4311/4311
f 4311/4311 1882/1882 4312/4312
f 4334/4334 1880/1880 4322/4322
f 4322/4322 1880/1880 4323/4323
f 1880/1880 1878/1878 1750/1750
f 1880/1880 1750/1750 4323/4323
f 1882/1882 1884/1884 1838/1838
f 1882/1882 1838/1838 4312/4312
f 4324/4324 4335/4335 1858/1858
f 1891/1891 1893/1893 1861/1861
f 1891/1891 1861/1861 1860/1860
f 1893/1893 1901/1901 1865/1865
f 1893/1893 1865/1865 1861/1861
f 4316/4316 4290/4290 4260/4260
f 4272/4272 4302/4302 4228/4228
f 4273/4273 4336/4336 4239/4239
f 4263/4263 4337/4337 4147/4147
f 4337/4337 1970/1970 4147/4147
f 4302/4302 4317/4317 4291/4291
f 4317/4317 4338/4338 4318/4318
f 4338/4338 4339/4339 4318/4318
f 4339/4339 4340/4340 4318/4318
f 4318/4318 4340/4340 4303/4303
f 4340/4340 4326/4326 4303/4303
f 4341/4341 4264/4264 4326/4326
f 1913/1913 1917/1917 1866/1866
f 4293/4293 4229/4229 4266/4266
f 4320/4320 4342/4342 4286/4286
f 4342/4342 4343/4343 4286/4286
f 4343/4343 4275/4275 4286/4286
f 2080/2080 4344/4344 4185/4185
f 4344/4344 4329/4329 4185/4185
f 4321/4321 4345/4345 4232/4232
f 1879/1879 1933/1933 1878/1878
f 1933/1933 4331/4331 1878/1878
f 4333/4333 4346/4346 1882/1882
f 4334/4334 1932/1932 1880/1880
f 4346/4346 1883/1883 1882/1882
f 1887/1887 1991/1991 1990/1990
f 1887/1887 1990/1990 1934/1934
f 1935/1935 1889/1889 1884/1884
f 1887/1887 1938/1938 1991/1991
f 1935/1935 1941/1941 4347/4347
f 1935/1935 4347/4347 1889/1889
f 1941/1941 1944/1944 4348/4348
f 1941/1941 4348/4348 4347/4347
f 1944/1944 1956/1956 4349/4349
f 1944/1944 4349/4349 4348/4348
f 1952/1952 1955/1955 1911/1911
f 1952/1952 1911/1911 1908/1908
f 4315/4315 4350/4350 4259/4259
f 4350/4350 4316/4316 4259/4259
f 4325/4325 4351/4351 4272/4272
f 4351/4351 4302/4302 4272/4272
f 2005/2005 4352/4352 4338/4338
f 4352/4352 4353/4353 4339/4339
f 4352/4352 4339/4339 4338/4338
f 4353/4353 4354/4354 4339/4339
f 4317/4317 2005/2005 4338/4338
f 4354/4354 1966/1966 4340/4340
f 4354/4354 4340/4340 4339/4339
f 1966/1966 1968/1968 4340/4340
f 1968/1968 4326/4326 4340/4340
f 4355/4355 4341/4341 4326/4326
f 4264/4264 2138/2138 4292/4292
f 1971/1971 4281/4281 1969/1969
f 1972/1972 1917/1917 1913/1913
f 2010/2010 1917/1917 1972/1972
f 1869/1869 2072/2072 4305/4305
f 1979/1979 4306/4306 4238/4238
f 4306/4306 4356/4356 4266/4266
f 4356/4356 4357/4357 4266/4266
f 4357/4357 4293/4293 4266/4266
f 4201/4201 4358/4358 4187/4187
f 4359/4359 4245/4245 4188/4188
f 4360/4360 4276/4276 1790/1790
f 4177/4177 4361/4361 4246/4246
f 4231/4231 4362/4362 4255/4255
f 4255/4255 4362/4362 4277/4277
f 4277/4277 4363/4363 4224/4224
f 4363/4363 4330/4330 4224/4224
f 1988/1988 4364/4364 1933/1933
f 4365/4365 4366/4366 4367/4367
f 4367/4367 4366/4366 4368/4368
f 4364/4364 4331/4331 1933/1933
f 4366/4366 2023/2023 4368/4368
f 4364/4364 4369/4369 4331/4331
f 4331/4331 4369/4369 4332/4332
f 4370/4370 4371/4371 4346/4346
f 4370/4370 4346/4346 4333/4333
f 2023/2023 4372/4372 4373/4373
f 2023/2023 4373/4373 4368/4368
f 4374/4374 1989/1989 1932/1932
f 1934/1934 4375/4375 1881/1881
f 4376/4376 4377/4377 4365/4365
f 4376/4376 4365/4365 4378/4378
f 4377/4377 4379/4379 4365/4365
f 4365/4365 4379/4379 4366/4366
f 4379/4379 2024/2024 4366/4366
f 4366/4366 2024/2024 2023/2023
f 4371/4371 4380/4380 4346/4346
f 4346/4346 4380/4380 1883/1883
f 4381/4381 4380/4380 4371/4371
f 2027/2027 4382/4382 4377/4377
f 4377/4377 4382/4382 4379/4379
f 4382/4382 4383/4383 2024/2024
f 4382/4382 2024/2024 4379/4379
f 4383/4383 4384/4384 2026/2026
f 4383/4383 2026/2026 2024/2024
f 4380/4380 1936/1936 1883/1883
f 4385/4385 1936/1936 4381/4381
f 4381/4381 1936/1936 4380/4380
f 4386/4386 1937/1937 1936/1936
f 4386/4386 1936/1936 4385/4385
f 4387/4387 1940/1940 1937/1937
f 4387/4387 1937/1937 4386/4386
f 1998/1998 1940/1940 4387/4387
f 1998/1998 1957/1957 1944/1944
f 1944/1944 1957/1957 1956/1956
f 2000/2000 4388/4388 1958/1958
f 2000/2000 1958/1958 1957/1957
f 4388/4388 4389/4389 1958/1958
f 1958/1958 4389/4389 4390/4390
f 4234/4234 4391/4391 4315/4315
f 4316/4316 4392/4392 4290/4290
f 4290/4290 4393/4393 4325/4325
f 2007/2007 4352/4352 2005/2005
f 4389/4389 4394/4394 4390/4390
f 4390/4390 4394/4394 4395/4395
f 4278/4278 4396/4396 4279/4279
f 4279/4279 4397/4397 4273/4273
f 4336/4336 4235/4235 4239/4239
f 4398/4398 2006/2006 4317/4317
f 4317/4317 2006/2006 2005/2005
f 4399/4399 4264/4264 4341/4341
f 4264/4264 4399/4399 2138/2138
f 2138/2138 4278/4278 4292/4292
f 4357/4357 4400/4400 4293/4293
f 4401/4401 4328/4328 4293/4293
f 4402/4402 4320/4320 4285/4285
f 4275/4275 4243/4243 4295/4295
f 2049/2049 4221/4221 2050/2050
f 4307/4307 4358/4358 4201/4201
f 4360/4360 4403/4403 4276/4276
f 4287/4287 4404/4404 4177/4177
f 4404/4404 4361/4361 4177/4177
f 4296/4296 4405/4405 4267/4267
f 4405/4405 4308/4308 4267/4267
f 4308/4308 4298/4298 4297/4297
f 4298/4298 4406/4406 4231/4231
f 4406/4406 4362/4362 4231/4231
f 4359/4359 4321/4321 4245/4245
f 2023/2023 2025/2025 4372/4372
f 4371/4371 4407/4407 4381/4381
f 2029/2029 4408/4408 4382/4382
f 2029/2029 4382/4382 2027/2027
f 2030/2030 4408/4408 2029/2029
f 4408/4408 4383/4383 4382/4382
f 4408/4408 4409/4409 4383/4383
f 4383/4383 4410/4410 4384/4384
f 4411/4411 4386/4386 4385/4385
f 4409/4409 4410/4410 4383/4383
f 4412/4412 4413/4413 2030/2030
f 2030/2030 4413/4413 4408/4408
f 4413/4413 4414/4414 4408/4408
f 4408/4408 4414/4414 4409/4409
f 4411/4411 4415/4415 4387/4387
f 4411/4411 4387/4387 4386/4386
f 4414/4414 4416/4416 4410/4410
f 4414/4414 4410/4410 4409/4409
f 4417/4417 4418/4418 4412/4412
f 4412/4412 4418/4418 4413/4413
f 4418/4418 4414/4414 4413/4413
f 4415/4415 4419/4419 4387/4387
f 4387/4387 4419/4419 1998/1998
f 4414/4414 4420/4420 4416/4416
f 2056/2056 4421/4421 4418/4418
f 2056/2056 4418/4418 4417/4417
f 4419/4419 1999/1999 1998/1998
f 1999/1999 4422/4422 2000/2000
f 4423/4423 4422/4422 1999/1999
f 4423/4423 1999/1999 4419/4419
f 4422/4422 4424/4424 4388/4388
f 4422/4422 4388/4388 2000/2000
f 4424/4424 4425/4425 4389/4389
f 4424/4424 4389/4389 4388/4388
f 4426/4426 4234/4234 4301/4301
f 4426/4426 4391/4391 4234/4234
f 4392/4392 4393/4393 4290/4290
f 4393/4393 4351/4351 4325/4325
f 4427/4427 4302/4302 4351/4351
f 4425/4425 4428/4428 4389/4389
f 4389/4389 4428/4428 4394/4394
f 4302/4302 4398/4398 4317/4317
f 4398/4398 2037/2037 2006/2006
f 4429/4429 4430/4430 4431/4431
f 4431/4431 4430/4430 1968/1968
f 4430/4430 4355/4355 1968/1968
f 1968/1968 4355/4355 4326/4326
f 4432/4432 4294/4294 4328/4328
f 4330/4330 2051/2051 2050/2050
f 4421/4421 4414/4414 4418/4418
f 4421/4421 4433/4433 4414/4414
f 4414/4414 4434/4434 4420/4420
f 4434/4434 4435/4435 4420/4420
f 4420/4420 4435/4435 4436/4436
f 4433/4433 4435/4435 4434/4434
f 4433/4433 4434/4434 4414/4414
f 2058/2058 4421/4421 2056/2056
f 2057/2057 2084/2084 2058/2058
f 2058/2058 2084/2084 4421/4421
f 2084/2084 4433/4433 4421/4421
f 4433/4433 4437/4437 4435/4435
f 4423/4423 4438/4438 4424/4424
f 4423/4423 4424/4424 4422/4422
f 4437/4437 4439/4439 4436/4436
f 4437/4437 4436/4436 4435/4435
f 4440/4440 2085/2085 2084/2084
f 4440/4440 2084/2084 2057/2057
f 4438/4438 4425/4425 4424/4424
f 4350/4350 4441/4441 4316/4316
f 4316/4316 4441/4441 4392/4392
f 4442/4442 2088/2088 4440/4440
f 4440/4440 2088/2088 2085/2085
f 2062/2062 2064/2064 4429/4429
f 2137/2137 4278/4278 2138/2138
f 4336/4336 4443/4443 4235/4235
f 4235/4235 4444/4444 4262/4262
f 4445/4445 4337/4337 4263/4263
f 4446/4446 4398/4398 4302/4302
f 4447/4447 2061/2061 4398/4398
f 4398/4398 2061/2061 2037/2037
f 2064/2064 4430/4430 4429/4429
f 2064/2064 4355/4355 4430/4430
f 1869/1869 2073/2073 2072/2072
f 4319/4319 4448/4448 4283/4283
f 4448/4448 4327/4327 4283/4283
f 4449/4449 4306/4306 1979/1979
f 4401/4401 4432/4432 4328/4328
f 4432/4432 4450/4450 4294/4294
f 4450/4450 4285/4285 4294/4294
f 4402/4402 4342/4342 4320/4320
f 4243/4243 4451/4451 4244/4244
f 4244/4244 4451/4451 2081/2081
f 4451/4451 2082/2082 2081/2081
f 4361/4361 4296/4296 4246/4246
f 4405/4405 4452/4452 4308/4308
f 4452/4452 4298/4298 4308/4308
f 4453/4453 4363/4363 4277/4277
f 4299/4299 4454/4454 1812/1812
f 2087/2087 4433/4433 2084/2084
f 2086/2086 4455/4455 2087/2087
f 2087/2087 4456/4456 4433/4433
f 4433/4433 4456/4456 4437/4437
f 4455/4455 4457/4457 4456/4456
f 4455/4455 4456/4456 2087/2087
f 4456/4456 4458/4458 4437/4437
f 4437/4437 4458/4458 4439/4439
f 4459/4459 4460/4460 2062/2062
f 4461/4461 4425/4425 4438/4438
f 4457/4457 4462/4462 4458/4458
f 4457/4457 4458/4458 4456/4456
f 4315/4315 4463/4463 4350/4350
f 4393/4393 4427/4427 4351/4351
f 4427/4427 4446/4446 4302/4302
f 2089/2089 4464/4464 2086/2086
f 2086/2086 4464/4464 4455/4455
f 4464/4464 4465/4465 4457/4457
f 4464/4464 4457/4457 4455/4455
f 4465/4465 4466/4466 4462/4462
f 4465/4465 4462/4462 4457/4457
f 4460/4460 2063/2063 2062/2062
f 2063/2063 4467/4467 2064/2064
f 4468/4468 4467/4467 2063/2063
f 4468/4468 2063/2063 4460/4460
f 4443/4443 4444/4444 4235/4235
f 4446/4446 4447/4447 4398/4398
f 4447/4447 4469/4469 2061/2061
f 2061/2061 4469/4469 4470/4470
f 4467/4467 4471/4471 4355/4355
f 4467/4467 4355/4355 2064/2064
f 4471/4471 4341/4341 4355/4355
f 2092/2092 2073/2073 1869/1869
f 4449/4449 4356/4356 4306/4306
f 4472/4472 4357/4357 4356/4356
f 4450/4450 4402/4402 4285/4285
f 4473/4473 4275/4275 4343/4343
f 2049/2049 4307/4307 4221/4221
f 4474/4474 4406/4406 4298/4298
f 4362/4362 4453/4453 4277/4277
f 4396/4396 4397/4397 4279/4279
f 4397/4397 4475/4475 4336/4336
f 4397/4397 4336/4336 4273/4273
f 4476/4476 4469/4469 4447/4447
f 4469/4469 4477/4477 4478/4478
f 4478/4478 4477/4477 4479/4479
f 4477/4477 4480/4480 4468/4468
f 4477/4477 4468/4468 4479/4479
f 4480/4480 4467/4467 4468/4468
f 4480/4480 4471/4471 4467/4467
f 4481/4481 4281/4281 1971/1971
f 2070/2070 4449/4449 1979/1979
f 4472/4472 4400/4400 4357/4357
f 4342/4342 4473/4473 4343/4343
f 4482/4482 4275/4275 4473/4473
f 4275/4275 4483/4483 4243/4243
f 4483/4483 4451/4451 4243/4243
f 4403/4403 4484/4484 4276/4276
f 4484/4484 4287/4287 4276/4276
f 4485/4485 4404/4404 4287/4287
f 4441/4441 4486/4486 4392/4392
f 4396/4396 4487/4487 4397/4397
f 4488/4488 4447/4447 4446/4446
f 4488/4488 4476/4476 4447/4447
f 4476/4476 4489/4489 4477/4477
f 4476/4476 4477/4477 4469/4469
f 4489/4489 4480/4480 4477/4477
f 4489/4489 4490/4490 4480/4480
f 4480/4480 4490/4490 4471/4471
f 4471/4471 4490/4490 4341/4341
f 2101/2101 2144/2144 2119/2119
f 4307/4307 4491/4491 4358/4358
f 2128/2128 4360/4360 1790/1790
f 4484/4484 4485/4485 4287/4287
f 4359/4359 4492/4492 4321/4321
f 4493/4493 4314/4314 4271/4271
f 4391/4391 4463/4463 4315/4315
f 4486/4486 4393/4393 4392/4392
f 4475/4475 4494/4494 4336/4336
f 4494/4494 4443/4443 4336/4336
f 4488/4488 4489/4489 4476/4476
f 4495/4495 4490/4490 4489/4489
f 2139/2139 2138/2138 4399/4399
f 4304/4304 4496/4496 4319/4319
f 4496/4496 4448/4448 4319/4319
f 4497/4497 4449/4449 2070/2070
f 4400/4400 4498/4498 4293/4293
f 4402/4402 4499/4499 4342/4342
f 4499/4499 4473/4473 4342/4342
f 4482/4482 4483/4483 4275/4275
f 4360/4360 4484/4484 4403/4403
f 4500/4500 4296/4296 4361/4361
f 4501/4501 4406/4406 4474/4474
f 4493/4493 4502/4502 4314/4314
f 4502/4502 4301/4301 4314/4314
f 4393/4393 4446/4446 4427/4427
f 2137/2137 4503/4503 4278/4278
f 4503/4503 4396/4396 4278/4278
f 4504/4504 4494/4494 4475/4475
f 4494/4494 4505/4505 4443/4443
f 4505/4505 4506/4506 4444/4444
f 4505/4505 4444/4444 4443/4443
f 4507/4507 4337/4337 4445/4445
f 4488/4488 4495/4495 4489/4489
f 2139/2139 4399/4399 4341/4341
f 2092/2092 2146/2146 2073/2073
f 4498/4498 4401/4401 4293/4293
f 4508/4508 4499/4499 4402/4402
f 4483/4483 4509/4509 4451/4451
f 2153/2153 4510/4510 4344/4344
f 2153/2153 4344/4344 2080/2080
f 4510/4510 4511/4511 4344/4344
f 4344/4344 4511/4511 4329/4329
f 4511/4511 4512/4512 4329/4329
f 4404/4404 4500/4500 4361/4361
f 4500/4500 4405/4405 4296/4296
f 4452/4452 4474/4474 4298/4298
f 4501/4501 4362/4362 4406/4406
f 4454/4454 2154/2154 1812/1812
f 4502/4502 4426/4426 4301/4301
f 4463/4463 4441/4441 4350/4350
f 4487/4487 4475/4475 4397/4397
f 4513/4513 4495/4495 4488/4488
f 4495/4495 2139/2139 4490/4490
f 2139/2139 4341/4341 4490/4490
f 4514/4514 4496/4496 4304/4304
f 4448/4448 4515/4515 4327/4327
f 4516/4516 4449/4449 4497/4497
f 4515/4515 4517/4517 4327/4327
f 4449/4449 4472/4472 4356/4356
f 4432/4432 4518/4518 4450/4450
f 4518/4518 4402/4402 4450/4450
f 4501/4501 4453/4453 4362/4362
f 4519/4519 2154/2154 4454/4454
f 4492/4492 4345/4345 4321/4321
f 4426/4426 4463/4463 4391/4391
f 4520/4520 4441/4441 4463/4463
f 4521/4521 4393/4393 4486/4486
f 4393/4393 4488/4488 4446/4446
f 4522/4522 4503/4503 2137/2137
f 4487/4487 4504/4504 4475/4475
f 4513/4513 2139/2139 4495/4495
f 4522/4522 2137/2137 2139/2139
f 1970/1970 2295/2295 1971/1971
f 2295/2295 4481/4481 1971/1971
f 4496/4496 4515/4515 4448/4448
f 4498/4498 4432/4432 4401/4401
f 4523/4523 4482/4482 4473/4473
f 4524/4524 4491/4491 4307/4307
f 4525/4525 4526/4526 4485/4485
f 4485/4485 4526/4526 4404/4404
f 4526/4526 4500/4500 4404/4404
f 4527/4527 4528/4528 4500/4500
f 4500/4500 4528/4528 4405/4405
f 4528/4528 4529/4529 4405/4405
f 4529/4529 4452/4452 4405/4405
f 4530/4530 4474/4474 4452/4452
f 4530/4530 4531/4531 4474/4474
f 4531/4531 4501/4501 4474/4474
f 4532/4532 4330/4330 4363/4363
f 4532/4532 4363/4363 4453/4453
f 4503/4503 4533/4533 4396/4396
f 4533/4533 4487/4487 4396/4396
f 4534/4534 4505/4505 4494/4494
f 4535/4535 4522/4522 2139/2139
f 2182/2182 2146/2146 2092/2092
f 4472/4472 4498/4498 4400/4400
f 4523/4523 4483/4483 4482/4482
f 2049/2049 4524/4524 4307/4307
f 4536/4536 4519/4519 4454/4454
f 4360/4360 4537/4537 4484/4484
f 4537/4537 4485/4485 4484/4484
f 4492/4492 4538/4538 4345/4345
f 4426/4426 4539/4539 4463/4463
f 4539/4539 4540/4540 4463/4463
f 4520/4520 4541/4541 4441/4441
f 4541/4541 4486/4486 4441/4441
f 4521/4521 4488/4488 4393/4393
f 4521/4521 4542/4542 4488/4488
f 4522/4522 4543/4543 4503/4503
f 4337/4337 2296/2296 1970/1970
f 4488/4488 4542/4542 4513/4513
f 4542/4542 2139/2139 4513/4513
f 2296/2296 2295/2295 1970/1970
f 4481/4481 4544/4544 4281/4281
f 2201/2201 2218/2218 2144/2144
f 4472/4472 4545/4545 4498/4498
f 4483/4483 4546/4546 4509/4509
f 4509/4509 4547/4547 4451/4451
f 4547/4547 2082/2082 4451/4451
f 4529/4529 4530/4530 4452/4452
f 4531/4531 4548/4548 4501/4501
f 4548/4548 4532/4532 4453/4453
f 4548/4548 4453/4453 4501/4501
f 2212/2212 2178/2178 1985/1985
f 4549/4549 4426/4426 4502/4502
f 4550/4550 4543/4543 4522/4522
f 4551/4551 4533/4533 4503/4503
f 4504/4504 4534/4534 4494/4494
f 2182/2182 2219/2219 2146/2146
f 4516/4516 4552/4552 4449/4449
f 4552/4552 4553/4553 4449/4449
f 4553/4553 4472/4472 4449/4449
f 4554/4554 4518/4518 4432/4432
f 4518/4518 4555/4555 4402/4402
f 4555/4555 4556/4556 4402/4402
f 4402/4402 4556/4556 4508/4508
f 4499/4499 4557/4557 4473/4473
f 4557/4557 4523/4523 4473/4473
f 4558/4558 4537/4537 4360/4360
f 4559/4559 4527/4527 4526/4526
f 4526/4526 4527/4527 4500/4500
f 4560/4560 4561/4561 4359/4359
f 4359/4359 4561/4561 4492/4492
f 4535/4535 4550/4550 4522/4522
f 4543/4543 4551/4551 4503/4503
f 4533/4533 4562/4562 4487/4487
f 4562/4562 4504/4504 4487/4487
f 4542/4542 4535/4535 2139/2139
f 4498/4498 4554/4554 4432/4432
f 4554/4554 4563/4563 4518/4518
f 2051/2051 4524/4524 2049/2049
f 4564/4564 4531/4531 4530/4530
f 4565/4565 4532/4532 4548/4548
f 4532/4532 4566/4566 4330/4330
f 4493/4493 4567/4567 4502/4502
f 4567/4567 4549/4549 4502/4502
f 4540/4540 4568/4568 4463/4463
f 4568/4568 4520/4520 4463/4463
f 4534/4534 4569/4569 4505/4505
f 4569/4569 4506/4506 4505/4505
f 4570/4570 4552/4552 4516/4516
f 4563/4563 4555/4555 4518/4518
f 4508/4508 4556/4556 4499/4499
f 4556/4556 4557/4557 4499/4499
f 4523/4523 4546/4546 4483/4483
f 4571/4571 4509/4509 4546/4546
f 4509/4509 4571/4571 4547/4547
f 4566/4566 2051/2051 4330/4330
f 4549/4549 4539/4539 4426/4426
f 4568/4568 4541/4541 4520/4520
f 4486/4486 4572/4572 4521/4521
f 4521/4521 4573/4573 4542/4542
f 4574/4574 4550/4550 4535/4535
f 4569/4569 4575/4575 4506/4506
f 4576/4576 4496/4496 4514/4514
f 4570/4570 4553/4553 4552/4552
f 4545/4545 4554/4554 4498/4498
f 4557/4557 4577/4577 4523/4523
f 4577/4577 4546/4546 4523/4523
f 4547/4547 2317/2317 2082/2082
f 2317/2317 2153/2153 2082/2082
f 4537/4537 4578/4578 4485/4485
f 4578/4578 4525/4525 4485/4485
f 4529/4529 4564/4564 4530/4530
f 4566/4566 2373/2373 2051/2051
f 4579/4579 4567/4567 4493/4493
f 4549/4549 4580/4580 4539/4539
f 4580/4580 4581/4581 4540/4540
f 4580/4580 4540/4540 4539/4539
f 4581/4581 4568/4568 4540/4540
f 4572/4572 4582/4582 4521/4521
f 4542/4542 4574/4574 4535/4535
f 2295/2295 4583/4583 4544/4544
f 2295/2295 4544/4544 4481/4481
f 4496/4496 4584/4584 4515/4515
f 4553/4553 4585/4585 4472/4472
f 4555/4555 4586/4586 4556/4556
f 4587/4587 4557/4557 4556/4556
f 2281/2281 4360/4360 2128/2128
f 4578/4578 4588/4588 4526/4526
f 4578/4578 4526/4526 4525/4525
f 4588/4588 4559/4559 4526/4526
f 4527/4527 4529/4529 4528/4528
f 4536/4536 4589/4589 4519/4519
f 4589/4589 2154/2154 4519/4519
f 4590/4590 4541/4541 4568/4568
f 4541/4541 4572/4572 4486/4486
f 4582/4582 4573/4573 4521/4521
f 4551/4551 4562/4562 4533/4533
f 4562/4562 4534/4534 4504/4504
f 2297/2297 4583/4583 2295/2295
f 4576/4576 4584/4584 4496/4496
f 4515/4515 4591/4591 4517/4517
f 2373/2373 4524/4524 2051/2051
f 4558/4558 4592/4592 4537/4537
f 4592/4592 4578/4578 4537/4537
f 4531/4531 4565/4565 4548/4548
f 4593/4593 4532/4532 4565/4565
f 4593/4593 4566/4566 4532/4532
f 4594/4594 4589/4589 4536/4536
f 4590/4590 4595/4595 4541/4541
f 4595/4595 4572/4572 4541/4541
f 4574/4574 4596/4596 4550/4550
f 4596/4596 4543/4543 4550/4550
f 4597/4597 4569/4569 4534/4534
f 4584/4584 4591/4591 4515/4515
f 4598/4598 4553/4553 4570/4570
f 4585/4585 4599/4599 4472/4472
f 4599/4599 4545/4545 4472/4472
f 4545/4545 4600/4600 4554/4554
f 4554/4554 4601/4601 4563/4563
f 4563/4563 4586/4586 4555/4555
f 4586/4586 4602/4602 4556/4556
f 4602/4602 4587/4587 4556/4556
f 4587/4587 4577/4577 4557/4557
f 4577/4577 4603/4603 4546/4546
f 4603/4603 4571/4571 4546/4546
f 4603/4603 2317/2317 4571/4571
f 2317/2317 4547/4547 4571/4571
f 2318/2318 4510/4510 2153/2153
f 4510/4510 4604/4604 4511/4511
f 4524/4524 4605/4605 4491/4491
f 4564/4564 4565/4565 4531/4531
f 4606/4606 2373/2373 4566/4566
f 4589/4589 2308/2308 2154/2154
f 2212/2212 2309/2309 2178/2178
f 4561/4561 4607/4607 4492/4492
f 4607/4607 4538/4538 4492/4492
f 4608/4608 4580/4580 4549/4549
f 4581/4581 4609/4609 4568/4568
f 4610/4610 4562/4562 4551/4551
f 4507/4507 4611/4611 4337/4337
f 4611/4611 2296/2296 4337/4337
f 4612/4612 4584/4584 4576/4576
f 4554/4554 4613/4613 4601/4601
f 2318/2318 4604/4604 4510/4510
f 2373/2373 2372/2372 4524/4524
f 2372/2372 4605/4605 4524/4524
f 2281/2281 4558/4558 4360/4360
f 4529/4529 4614/4614 4564/4564
f 4565/4565 4615/4615 4593/4593
f 4616/4616 4607/4607 4561/4561
f 4616/4616 4561/4561 4560/4560
f 4609/4609 4590/4590 4568/4568
f 4595/4595 4582/4582 4572/4572
f 4617/4617 4596/4596 4574/4574
f 4596/4596 4618/4618 4543/4543
f 4611/4611 4619/4619 2296/2296
f 4620/4620 4585/4585 4598/4598
f 4585/4585 4553/4553 4598/4598
f 4599/4599 4600/4600 4545/4545
f 4613/4613 4554/4554 4600/4600
f 4601/4601 4586/4586 4563/4563
f 4602/4602 4621/4621 4587/4587
f 4588/4588 4622/4622 4559/4559
f 4622/4622 4527/4527 4559/4559
f 4622/4622 4529/4529 4527/4527
f 4623/4623 4567/4567 4579/4579
f 4608/4608 4624/4624 4580/4580
f 4625/4625 4582/4582 4595/4595
f 4617/4617 4626/4626 4596/4596
f 4626/4626 4618/4618 4596/4596
f 4618/4618 4627/4627 4543/4543
f 4627/4627 4551/4551 4543/4543
f 2297/2297 2471/2471 4583/4583
f 2471/2471 4628/4628 4583/4583
f 4629/4629 4620/4620 4598/4598
f 4630/4630 4599/4599 4585/4585
f 4631/4631 4586/4586 4601/4601
f 4621/4621 4577/4577 4587/4587
f 4603/4603 4632/4632 2317/2317
f 4622/4622 4633/4633 4529/4529
f 4529/4529 4633/4633 4614/4614
f 4614/4614 4615/4615 4564/4564
f 4615/4615 4565/4565 4564/4564
f 4634/4634 4635/4635 4566/4566
f 4634/4634 4566/4566 4593/4593
f 4635/4635 4606/4606 4566/4566
f 4612/4612 4636/4636 4584/4584
f 4637/4637 4630/4630 4585/4585
f 4613/4613 4631/4631 4601/4601
f 4577/4577 4638/4638 4603/4603
f 2318/2318 4639/4639 4604/4604
f 4639/4639 4640/4640 4604/4604
f 2372/2372 4641/4641 4605/4605
f 4642/4642 4643/4643 4616/4616
f 2281/2281 4644/4644 4558/4558
f 4644/4644 4592/4592 4558/4558
f 4645/4645 4633/4633 4622/4622
f 4633/4633 4646/4646 4614/4614
f 4643/4643 4607/4607 4616/4616
f 4573/4573 4647/4647 4542/4542
f 4647/4647 4574/4574 4542/4542
f 4648/4648 4617/4617 4574/4574
f 4627/4627 4610/4610 4551/4551
f 4610/4610 4649/4649 4562/4562
f 4649/4649 4597/4597 4562/4562
f 4562/4562 4597/4597 4534/4534
f 4575/4575 4650/4650 4506/4506
f 4651/4651 4611/4611 4507/4507
f 4619/4619 2297/2297 2296/2296
f 2335/2335 2324/2324 2273/2273
f 4620/4620 4637/4637 4585/4585
f 4599/4599 4652/4652 4600/4600
f 4600/4600 4652/4652 4613/4613
f 4652/4652 4653/4653 4613/4613
f 4653/4653 4631/4631 4613/4613
f 4631/4631 4654/4654 4586/4586
f 4654/4654 4655/4655 4586/4586
f 4655/4655 4602/4602 4586/4586
f 4656/4656 4621/4621 4602/4602
f 4638/4638 4577/4577 4621/4621
f 4638/4638 4657/4657 4603/4603
f 2317/2317 4632/4632 2318/2318
f 4578/4578 4658/4658 4588/4588
f 4658/4658 4622/4622 4588/4588
f 4646/4646 4659/4659 4614/4614
f 4614/4614 4659/4659 4615/4615
f 4659/4659 4660/4660 4615/4615
f 4660/4660 4661/4661 4615/4615
f 4661/4661 4593/4593 4615/4615
f 4661/4661 4634/4634 4593/4593
f 4662/4662 4635/4635 4634/4634
f 4606/4606 2374/2374 2373/2373
f 4663/4663 4589/4589 4594/4594
f 4663/4663 2376/2376 4589/4589
f 4589/4589 2376/2376 2308/2308
f 4607/4607 4664/4664 4538/4538
f 4567/4567 4665/4665 4549/4549
f 4665/4665 4608/4608 4549/4549
f 4580/4580 4666/4666 4581/4581
f 4666/4666 4609/4609 4581/4581
f 4667/4667 4595/4595 4590/4590
f 2472/2472 2471/2471 2297/2297
f 4636/4636 4591/4591 4584/4584
f 4636/4636 4668/4668 4591/4591
f 4669/4669 4599/4599 4630/4630
f 4669/4669 4652/4652 4599/4599
f 4653/4653 4670/4670 4631/4631
f 4670/4670 4654/4654 4631/4631
f 4655/4655 4656/4656 4602/4602
f 4657/4657 4632/4632 4603/4603
f 4671/4671 2318/2318 4632/4632
f 4671/4671 4672/4672 2318/2318
f 4672/4672 4639/4639 2318/2318
f 2374/2374 4641/4641 2372/2372
f 4622/4622 4673/4673 4645/4645
f 4645/4645 4646/4646 4633/4633
f 4674/4674 4606/4606 4635/4635
f 4643/4643 4675/4675 4607/4607
f 4675/4675 4664/4664 4607/4607
f 4623/4623 4676/4676 4567/4567
f 4676/4676 4665/4665 4567/4567
f 4677/4677 4624/4624 4608/4608
f 4624/4624 4666/4666 4580/4580
f 4609/4609 4678/4678 4590/4590
f 4595/4595 4667/4667 4625/4625
f 4625/4625 4679/4679 4582/4582
f 4679/4679 4573/4573 4582/4582
f 4679/4679 4647/4647 4573/4573
f 4654/4654 4680/4680 4655/4655
f 4680/4680 4681/4681 4655/4655
f 4681/4681 4656/4656 4655/4655
f 4682/4682 4621/4621 4656/4656
f 4621/4621 4683/4683 4638/4638
f 4683/4683 4684/4684 4638/4638
f 4684/4684 4685/4685 4638/4638
f 4685/4685 4657/4657 4638/4638
f 4639/4639 4686/4686 4640/4640
f 4687/4687 4688/4688 4641/4641
f 4686/4686 4689/4689 4640/4640
f 2376/2376 2466/2466 2281/2281
f 2466/2466 4644/4644 2281/2281
f 4690/4690 4592/4592 4644/4644
f 4690/4690 4658/4658 4592/4592
f 4592/4592 4658/4658 4578/4578
f 4658/4658 4673/4673 4622/4622
f 4673/4673 4691/4691 4645/4645
f 4691/4691 4646/4646 4645/4645
f 4691/4691 4659/4659 4646/4646
f 4661/4661 4662/4662 4634/4634
f 4674/4674 2374/2374 4606/4606
f 2374/2374 4687/4687 4641/4641
f 4692/4692 4643/4643 4642/4642
f 2772/2772 4693/4693 4663/4663
f 4693/4693 2376/2376 4663/4663
f 4692/4692 4675/4675 4643/4643
f 4694/4694 4676/4676 4623/4623
f 4677/4677 4695/4695 4624/4624
f 4624/4624 4695/4695 4666/4666
f 4666/4666 4696/4696 4609/4609
f 4696/4696 4678/4678 4609/4609
f 4678/4678 4667/4667 4590/4590
f 4697/4697 4625/4625 4667/4667
f 4625/4625 4698/4698 4679/4679
f 4647/4647 4699/4699 4574/4574
f 4574/4574 4699/4699 4648/4648
f 4648/4648 4626/4626 4617/4617
f 4619/4619 2472/2472 2297/2297
f 4700/4700 4636/4636 4612/4612
f 4668/4668 4701/4701 4591/4591
f 4620/4620 4630/4630 4637/4637
f 4702/4702 4703/4703 4630/4630
f 4630/4630 4703/4703 4669/4669
f 4703/4703 4704/4704 4669/4669
f 4669/4669 4704/4704 4652/4652
f 4704/4704 4705/4705 4652/4652
f 4652/4652 4705/4705 4653/4653
f 4705/4705 4706/4706 4653/4653
f 4653/4653 4706/4706 4670/4670
f 4706/4706 4707/4707 4670/4670
f 4670/4670 4707/4707 4654/4654
f 4707/4707 4680/4680 4654/4654
f 4681/4681 4682/4682 4656/4656
f 4682/4682 4683/4683 4621/4621
f 4708/4708 4657/4657 4709/4709
f 4657/4657 4708/4708 4632/4632
f 4708/4708 4671/4671 4632/4632
f 4708/4708 4672/4672 4671/4671
f 4672/4672 4686/4686 4639/4639
f 2466/2466 4690/4690 4644/4644
f 4660/4660 4662/4662 4661/4661
f 4662/4662 4710/4710 4635/4635
f 4635/4635 4710/4710 4674/4674
f 4710/4710 4711/4711 4674/4674
f 4711/4711 2374/2374 4674/4674
f 4711/4711 4687/4687 2374/2374
f 4711/4711 4712/4712 4687/4687
f 4687/4687 4712/4712 4688/4688
f 4693/4693 2467/2467 2376/2376
f 4713/4713 4675/4675 4692/4692
f 4665/4665 4677/4677 4608/4608
f 4697/4697 4698/4698 4625/4625
f 4714/4714 4699/4699 4647/4647
f 4699/4699 4715/4715 4648/4648
f 4569/4569 4716/4716 4575/4575
f 4716/4716 4650/4650 4575/4575
f 4700/4700 4717/4717 4636/4636
f 4718/4718 4719/4719 4629/4629
f 4629/4629 4719/4719 4620/4620
f 4719/4719 4630/4630 4620/4620
f 4719/4719 4702/4702 4630/4630
f 2558/2558 2552/2552 2569/2569
f 4720/4720 4721/4721 4722/4722
f 4685/4685 4709/4709 4657/4657
f 4723/4723 4672/4672 4708/4708
f 4723/4723 4686/4686 4672/4672
f 2467/2467 4724/4724 2466/2466
f 2466/2466 4724/4724 4690/4690
f 4690/4690 4724/4724 4658/4658
f 4724/4724 4725/4725 4658/4658
f 4725/4725 4673/4673 4658/4658
f 4725/4725 4691/4691 4673/4673
f 4725/4725 4726/4726 4691/4691
f 4726/4726 4659/4659 4691/4691
f 4726/4726 4727/4727 4660/4660
f 4726/4726 4660/4660 4659/4659
f 4727/4727 4728/4728 4660/4660
f 4660/4660 4728/4728 4662/4662
f 4728/4728 4729/4729 4710/4710
f 4728/4728 4710/4710 4662/4662
f 4710/4710 4729/4729 4711/4711
f 4729/4729 4730/4730 4711/4711
f 4730/4730 4731/4731 4712/4712
f 4730/4730 4712/4712 4711/4711
f 2772/2772 2467/2467 4693/4693
f 4732/4732 4675/4675 4713/4713
f 4733/4733 4667/4667 4678/4678
f 4714/4714 4647/4647 4679/4679
f 4715/4715 4626/4626 4648/4648
f 4619/4619 2473/2473 2472/2472
f 4734/4734 4701/4701 4668/4668
f 2790/2790 2492/2492 2509/2509
f 4734/4734 4735/4735 4701/4701
f 4736/4736 4702/4702 4719/4719
f 4737/4737 4738/4738 4739/4739
f 4740/4740 4741/4741 4742/4742
f 4742/4742 4741/4741 4743/4743
f 4741/4741 4744/4744 4743/4743
f 4745/4745 4746/4746 4747/4747
f 4746/4746 4748/4748 4747/4747
f 4748/4748 4749/4749 4747/4747
f 4750/4750 4751/4751 4752/4752
f 2845/2845 2846/2846 2851/2851
f 4751/4751 4753/4753 4752/4752
f 2846/2846 2850/2850 2851/2851
f 4752/4752 4753/4753 4754/4754
f 4753/4753 4732/4732 4755/4755
f 4753/4753 4755/4755 4754/4754
f 4756/4756 4686/4686 4723/4723
f 4756/4756 4689/4689 4686/4686
f 2852/2852 4757/4757 4758/4758
f 2852/2852 2854/2854 4757/4757
f 4757/4757 2854/2854 4759/4759
f 2854/2854 2855/2855 4759/4759
f 4759/4759 2855/2855 2765/2765
f 4695/4695 4696/4696 4666/4666
f 4698/4698 4760/4760 4679/4679
f 4626/4626 4761/4761 4618/4618
f 4761/4761 4627/4627 4618/4618
f 4627/4627 4762/4762 4610/4610
f 4762/4762 4763/4763 4649/4649
f 4762/4762 4649/4649 4610/4610
f 4597/4597 4764/4764 4569/4569
f 4764/4764 4716/4716 4569/4569
f 4716/4716 4765/4765 4650/4650
f 4766/4766 4611/4611 4651/4651
f 2862/2862 2861/2861 2425/2425
f 2862/2862 2425/2425 2400/2400
f 4717/4717 4767/4767 4636/4636
f 4767/4767 4734/4734 4636/4636
f 4636/4636 4734/4734 4668/4668
f 4734/4734 4768/4768 4735/4735
f 4735/4735 4768/4768 4737/4737
f 4768/4768 4769/4769 4737/4737
f 4737/4737 4769/4769 4738/4738
f 4769/4769 4770/4770 4738/4738
f 4770/4770 4771/4771 4740/4740
f 4770/4770 4740/4740 4738/4738
f 4771/4771 4772/4772 4740/4740
f 4772/4772 4741/4741 4740/4740
f 4772/4772 4773/4773 4741/4741
f 4773/4773 4774/4774 4741/4741
f 4741/4741 4774/4774 4744/4744
f 4774/4774 4775/4775 4744/4744
f 4744/4744 4775/4775 4776/4776
f 4775/4775 4745/4745 4776/4776
f 4777/4777 4746/4746 4745/4745
f 4748/4748 4778/4778 4749/4749
f 4778/4778 4779/4779 4749/4749
f 4779/4779 4780/4780 4781/4781
f 4780/4780 4782/4782 4781/4781
f 4782/4782 4750/4750 4781/4781
f 4782/4782 4783/4783 4750/4750
f 4783/4783 4751/4751 4750/4750
f 4753/4753 4784/4784 4732/4732
f 4784/4784 4675/4675 4732/4732
f 4733/4733 4678/4678 4696/4696
f 4667/4667 4733/4733 4697/4697
f 4760/4760 4714/4714 4679/4679
f 4761/4761 4762/4762 4627/4627
f 4763/4763 4597/4597 4649/4649
f 4785/4785 4786/4786 4619/4619
f 4786/4786 2473/2473 4619/4619
f 4787/4787 4717/4717 4700/4700
f 4767/4767 4768/4768 4734/4734
f 4774/4774 4777/4777 4775/4775
f 4777/4777 4745/4745 4775/4775
f 4777/4777 4748/4748 4746/4746
f 4778/4778 4780/4780 4779/4779
f 4783/4783 4788/4788 4751/4751
f 4751/4751 4788/4788 4753/4753
f 4788/4788 4784/4784 4753/4753
f 2901/2901 2876/2876 2875/2875
f 4789/4789 4675/4675 4784/4784
f 4789/4789 4790/4790 4664/4664
f 4789/4789 4664/4664 4675/4675
f 4677/4677 4791/4791 4695/4695
f 4791/4791 4792/4792 4695/4695
f 4695/4695 4793/4793 4696/4696
f 4793/4793 4794/4794 4696/4696
f 4696/4696 4794/4794 4733/4733
f 4733/4733 4795/4795 4697/4697
f 4795/4795 4698/4698 4697/4697
f 4795/4795 4760/4760 4698/4698
f 4714/4714 4796/4796 4699/4699
f 4796/4796 4715/4715 4699/4699
f 4715/4715 4797/4797 4626/4626
f 4797/4797 4761/4761 4626/4626
f 4763/4763 4764/4764 4597/4597
f 4611/4611 4785/4785 4619/4619
f 4786/4786 2471/2471 2473/2473
f 4798/4798 4799/4799 4800/4800
f 4799/4799 4798/4798 4801/4801
f 4798/4798 4802/4802 4801/4801
f 4802/4802 4803/4803 4801/4801
f 4802/4802 4804/4804 4803/4803
f 4804/4804 4805/4805 4803/4803
f 4803/4803 4805/4805 4806/4806
f 4806/4806 4805/4805 4807/4807
f 4805/4805 4808/4808 4809/4809
f 4805/4805 4809/4809 4807/4807
f 4809/4809 4808/4808 4810/4810
f 4808/4808 4811/4811 4810/4810
f 4811/4811 4812/4812 4810/4810
f 4811/4811 4813/4813 4812/4812
f 4813/4813 4814/4814 4812/4812
f 4813/4813 4815/4815 4814/4814
f 4814/4814 4815/4815 4816/4816
f 4815/4815 4817/4817 4816/4816
f 4816/4816 4817/4817 4818/4818
f 4817/4817 4819/4819 4818/4818
f 4817/4817 4820/4820 4819/4819
f 4820/4820 4821/4821 4819/4819
f 4822/4822 4823/4823 4787/4787
f 4787/4787 4823/4823 4717/4717
f 4820/4820 4824/4824 4821/4821
f 4821/4821 4824/4824 4825/4825
f 4826/4826 4827/4827 4798/4798
f 4798/4798 4827/4827 4802/4802
f 4827/4827 4828/4828 4802/4802
f 4828/4828 4829/4829 4802/4802
f 4802/4802 4829/4829 4804/4804
f 4829/4829 4830/4830 4804/4804
f 4830/4830 4805/4805 4804/4804
f 4830/4830 4831/4831 4805/4805
f 4831/4831 4832/4832 4805/4805
f 4805/4805 4832/4832 4808/4808
f 4832/4832 4811/4811 4808/4808
f 4813/4813 4833/4833 4815/4815
f 4815/4815 4833/4833 4817/4817
f 4833/4833 4834/4834 4817/4817
f 4834/4834 4820/4820 4817/4817
f 4823/4823 4835/4835 4717/4717
f 4717/4717 4835/4835 4767/4767
f 4820/4820 4836/4836 4824/4824
f 4826/4826 4837/4837 4827/4827
f 4829/4829 4838/4838 4830/4830
f 4838/4838 4831/4831 4830/4830
f 4839/4839 4832/4832 4831/4831
f 4811/4811 4840/4840 4813/4813
f 4840/4840 4841/4841 4813/4813
f 4813/4813 4841/4841 4833/4833
f 4841/4841 4842/4842 4833/4833
f 4842/4842 4834/4834 4833/4833
f 4834/4834 4843/4843 4820/4820
f 4843/4843 4836/4836 4820/4820
f 4837/4837 4828/4828 4827/4827
f 4828/4828 4838/4838 4829/4829
f 4839/4839 4844/4844 4832/4832
f 4832/4832 4844/4844 4811/4811
f 4844/4844 4840/4840 4811/4811
f 4842/4842 4845/4845 4834/4834
f 4845/4845 4843/4843 4834/4834
f 4846/4846 4828/4828 4837/4837
f 4846/4846 4838/4838 4828/4828
f 4838/4838 4847/4847 4831/4831
f 4847/4847 4848/4848 4831/4831
f 4831/4831 4848/4848 4839/4839
f 4848/4848 4844/4844 4839/4839
f 4844/4844 4849/4849 4840/4840
f 4840/4840 4849/4849 4841/4841
f 4849/4849 4842/4842 4841/4841
f 4845/4845 4850/4850 4843/4843
f 4850/4850 4851/4851 4843/4843
f 4767/4767 4835/4835 4768/4768
f 4851/4851 4836/4836 4843/4843
f 4852/4852 4837/4837 4826/4826
f 4853/4853 4838/4838 4846/4846
f 4853/4853 4854/4854 4838/4838
f 4838/4838 4854/4854 4847/4847
f 4854/4854 4855/4855 4847/4847
f 4855/4855 4848/4848 4847/4847
f 4855/4855 4856/4856 4848/4848
f 4848/4848 4856/4856 4844/4844
f 4856/4856 4849/4849 4844/4844
f 4849/4849 4845/4845 4842/4842
f 4835/4835 4857/4857 4768/4768
f 4851/4851 4858/4858 4836/4836
f 4859/4859 4854/4854 4853/4853
f 4860/4860 4861/4861 4855/4855
f 4860/4860 4855/4855 4854/4854
f 4855/4855 4862/4862 4856/4856
f 4862/4862 4863/4863 4856/4856
f 4856/4856 4863/4863 4849/4849
f 4863/4863 4845/4845 4849/4849
f 4846/4846 4864/4864 4853/4853
f 4864/4864 4859/4859 4853/4853
f 4859/4859 4865/4865 4854/4854
f 4865/4865 4860/4860 4854/4854
f 4866/4866 4861/4861 4860/4860
f 4861/4861 4867/4867 4855/4855
f 4867/4867 4862/4862 4855/4855
f 4852/4852 4868/4868 4837/4837
f 4868/4868 4869/4869 4846/4846
f 4868/4868 4846/4846 4837/4837
f 4869/4869 4870/4870 4846/4846
f 4870/4870 4864/4864 4846/4846
f 4863/4863 4871/4871 4845/4845
f 4871/4871 4872/4872 4845/4845
f 4845/4845 4872/4872 4850/4850
f 4857/4857 4769/4769 4768/4768
f 4873/4873 4868/4868 4852/4852
f 4864/4864 4870/4870 4859/4859
f 4874/4874 4867/4867 4861/4861
f 4867/4867 4875/4875 4862/4862
f 4875/4875 4863/4863 4862/4862
f 4872/4872 4851/4851 4850/4850
f 4870/4870 4865/4865 4859/4859
f 4876/4876 4872/4872 4871/4871
f 4861/4861 4866/4866 4874/4874
f 4875/4875 4877/4877 4863/4863
f 4877/4877 4871/4871 4863/4863
f 4871/4871 4877/4877 4876/4876
f 4857/4857 4878/4878 4769/4769
f 4851/4851 4879/4879 4858/4858
f 4869/4869 4880/4880 4870/4870
f 4865/4865 4881/4881 4860/4860
f 4881/4881 4866/4866 4860/4860
f 4882/4882 4874/4874 4866/4866
f 4883/4883 4881/4881 4865/4865
f 4877/4877 4884/4884 4876/4876
f 4883/4883 4865/4865 4870/4870
f 4885/4885 4886/4886 4851/4851
f 4885/4885 4851/4851 4872/4872
f 4886/4886 4879/4879 4851/4851
f 4880/4880 4883/4883 4870/4870
f 4881/4881 4882/4882 4866/4866
f 4882/4882 4867/4867 4874/4874
f 4887/4887 4875/4875 4867/4867
f 4877/4877 4888/4888 4884/4884
f 4884/4884 4889/4889 4872/4872
f 4884/4884 4872/4872 4876/4876
f 4889/4889 4885/4885 4872/4872
f 4890/4890 4881/4881 4883/4883
f 4891/4891 4887/4887 4867/4867
f 4875/4875 4888/4888 4877/4877
f 4892/4892 4884/4884 4888/4888
f 4878/4878 4770/4770 4769/4769
f 4880/4880 4893/4893 4883/4883
f 4893/4893 4890/4890 4883/4883
f 4894/4894 4891/4891 4882/4882
f 4882/4882 4891/4891 4867/4867
f 4887/4887 4895/4895 4875/4875
f 4895/4895 4888/4888 4875/4875
f 4869/4869 4896/4896 4880/4880
f 4896/4896 4893/4893 4880/4880
f 4897/4897 4898/4898 4881/4881
f 4898/4898 4882/4882 4881/4881
f 4898/4898 4894/4894 4882/4882
f 4868/4868 4899/4899 4869/4869
f 4899/4899 4896/4896 4869/4869
f 4892/4892 4889/4889 4884/4884
f 4878/4878 4771/4771 4770/4770
f 4888/4888 4900/4900 4892/4892
f 4873/4873 4901/4901 4868/4868
f 4901/4901 4899/4899 4868/4868
f 4891/4891 4902/4902 4887/4887
f 4889/4889 4903/4903 4885/4885
f 4903/4903 4886/4886 4885/4885
f 4890/4890 4904/4904 4881/4881
f 4904/4904 4897/4897 4881/4881
f 4892/4892 4905/4905 4889/4889
f 4906/4906 4901/4901 4873/4873
f 4895/4895 4900/4900 4888/4888
f 4896/4896 4907/4907 4893/4893
f 4894/4894 4902/4902 4891/4891
f 4902/4902 4908/4908 4887/4887
f 4893/4893 4904/4904 4890/4890
f 4909/4909 4902/4902 4894/4894
f 4887/4887 4908/4908 4895/4895
f 4900/4900 4910/4910 4892/4892
f 4910/4910 4905/4905 4892/4892
f 4878/4878 4911/4911 4771/4771
f 4886/4886 4912/4912 4879/4879
f 4898/4898 4909/4909 4894/4894
f 4905/4905 4903/4903 4889/4889
f 4899/4899 4913/4913 4896/4896
f 4913/4913 4907/4907 4896/4896
f 4904/4904 4914/4914 4897/4897
f 4914/4914 4915/4915 4897/4897
f 4915/4915 4898/4898 4897/4897
f 4915/4915 4909/4909 4898/4898
f 4907/4907 4904/4904 4893/4893
f 4916/4916 4908/4908 4902/4902
f 4917/4917 4900/4900 4895/4895
f 4906/4906 4918/4918 4901/4901
f 4918/4918 4919/4919 4899/4899
f 4918/4918 4899/4899 4901/4901
f 4919/4919 4913/4913 4899/4899
f 4909/4909 4920/4920 4902/4902
f 4908/4908 4917/4917 4895/4895
f 4903/4903 4921/4921 4886/4886
f 4771/4771 4911/4911 4772/4772
f 4921/4921 4912/4912 4886/4886
f 4920/4920 4916/4916 4902/4902
f 4922/4922 4909/4909 4915/4915
f 4916/4916 4923/4923 4908/4908
f 4923/4923 4917/4917 4908/4908
f 4924/4924 4910/4910 4900/4900
f 4925/4925 4918/4918 4906/4906
f 4922/4922 4926/4926 4909/4909
f 4927/4927 4923/4923 4916/4916
f 4919/4919 4928/4928 4913/4913
f 4926/4926 4920/4920 4909/4909
f 4920/4920 4927/4927 4916/4916
f 4917/4917 4924/4924 4900/4900
f 4910/4910 4929/4929 4905/4905
f 4928/4928 4930/4930 4907/4907
f 4928/4928 4907/4907 4913/4913
f 4931/4931 4904/4904 4907/4907
f 4904/4904 4932/4932 4914/4914
f 4929/4929 4933/4933 4905/4905
f 4933/4933 4903/4903 4905/4905
f 4933/4933 4921/4921 4903/4903
f 4772/4772 4911/4911 4773/4773
f 4931/4931 4932/4932 4904/4904
f 4932/4932 4915/4915 4914/4914
f 4923/4923 4934/4934 4917/4917
f 4924/4924 4929/4929 4910/4910
f 4934/4934 4923/4923 4927/4927
f 4933/4933 4935/4935 4921/4921
f 4935/4935 4912/4912 4921/4921
f 4930/4930 4931/4931 4907/4907
f 4925/4925 4936/4936 4918/4918
f 4936/4936 4919/4919 4918/4918
f 4917/4917 4937/4937 4924/4924
f 4937/4937 4929/4929 4924/4924
f 4934/4934 4938/4938 4917/4917
f 4938/4938 4937/4937 4917/4917
f 4911/4911 4939/4939 4773/4773
f 4935/4935 4940/4940 4912/4912
f 4941/4941 4915/4915 4932/4932
f 4942/4942 4920/4920 4926/4926
f 4929/4929 4943/4943 4933/4933
f 4939/4939 4774/4774 4773/4773
f 4936/4936 4944/4944 4919/4919
f 4944/4944 4928/4928 4919/4919
f 4941/4941 4922/4922 4915/4915
f 4920/4920 4942/4942 4927/4927
f 4942/4942 4934/4934 4927/4927
f 4938/4938 4945/4945 4937/4937
f 4946/4946 4929/4929 4937/4937
f 4946/4946 4943/4943 4929/4929
f 4944/4944 4947/4947 4928/4928
f 4948/4948 4936/4936 4925/4925
f 4949/4949 4938/4938 4934/4934
f 4945/4945 4946/4946 4937/4937
f 4942/4942 4949/4949 4934/4934
f 4947/4947 4930/4930 4928/4928
f 4941/4941 4950/4950 4922/4922
f 4950/4950 4926/4926 4922/4922
f 4945/4945 4951/4951 4946/4946
f 4952/4952 4953/4953 4943/4943
f 4943/4943 4953/4953 4933/4933
f 4953/4953 4935/4935 4933/4933
f 4936/4936 4954/4954 4944/4944
f 4954/4954 4947/4947 4944/4944
f 4930/4930 4955/4955 4931/4931
f 4955/4955 4932/4932 4931/4931
f 4953/4953 4956/4956 4935/4935
f 4956/4956 4940/4940 4935/4935
f 4957/4957 4955/4955 4930/4930
f 4957/4957 4930/4930 4947/4947
f 4958/4958 4943/4943 4946/4946
f 4948/4948 4959/4959 4936/4936
f 4959/4959 4954/4954 4936/4936
f 4926/4926 4960/4960 4942/4942
f 4958/4958 4952/4952 4943/4943
f 4939/4939 4777/4777 4774/4774
f 4950/4950 4960/4960 4926/4926
f 4960/4960 4961/4961 4942/4942
f 4961/4961 4949/4949 4942/4942
f 4938/4938 4962/4962 4945/4945
f 4945/4945 4962/4962 4951/4951
f 4932/4932 4950/4950 4941/4941
f 4954/4954 4957/4957 4947/4947
f 4961/4961 4963/4963 4949/4949
f 4938/4938 4964/4964 4962/4962
f 4951/4951 4958/4958 4946/4946
f 4963/4963 4964/4964 4938/4938
f 4963/4963 4938/4938 4949/4949
f 4962/4962 4965/4965 4951/4951
f 4939/4939 4966/4966 4777/4777
f 4956/4956 4967/4967 4940/4940
f 4955/4955 4968/4968 4932/4932
f 4968/4968 4969/4969 4950/4950
f 4968/4968 4950/4950 4932/4932
f 4960/4960 4970/4970 4961/4961
f 4965/4965 4958/4958 4951/4951
f 4971/4971 4950/4950 4969/4969
f 4950/4950 4970/4970 4960/4960
f 4961/4961 4972/4972 4963/4963
f 4964/4964 4965/4965 4962/4962
f 4957/4957 4973/4973 4955/4955
f 4971/4971 4970/4970 4950/4950
f 4970/4970 4972/4972 4961/4961
f 4964/4964 4974/4974 4965/4965
f 4975/4975 4952/4952 4958/4958
f 4976/4976 4977/4977 4972/4972
f 4972/4972 4977/4977 4963/4963
f 4977/4977 4974/4974 4963/4963
f 4963/4963 4974/4974 4964/4964
f 4974/4974 4978/4978 4965/4965
f 4979/4979 4973/4973 4957/4957
f 4968/4968 4980/4980 4969/4969
f 4969/4969 4980/4980 4971/4971
f 4981/4981 4970/4970 4971/4971
f 4982/4982 4959/4959 4948/4948
f 4955/4955 4983/4983 4968/4968
f 4980/4980 4981/4981 4971/4971
f 4970/4970 4976/4976 4972/4972
f 4978/4978 4975/4975 4965/4965
f 4965/4965 4975/4975 4958/4958
f 4954/4954 4979/4979 4957/4957
f 4973/4973 4983/4983 4955/4955
f 4983/4983 4980/4980 4968/4968
f 4982/4982 4984/4984 4959/4959
f 4984/4984 4954/4954 4959/4959
f 4981/4981 4985/4985 4970/4970
f 4985/4985 4976/4976 4970/4970
f 4986/4986 4975/4975 4978/4978
f 4974/4974 4987/4987 4978/4978
f 4987/4987 4986/4986 4978/4978
f 4953/4953 4988/4988 4956/4956
f 4777/4777 4966/4966 4748/4748
f 4988/4988 4967/4967 4956/4956
f 4984/4984 4989/4989 4954/4954
f 4989/4989 4979/4979 4954/4954
f 4977/4977 4990/4990 4974/4974
f 4990/4990 4987/4987 4974/4974
f 4991/4991 4952/4952 4975/4975
f 4976/4976 4992/4992 4977/4977
f 4987/4987 4993/4993 4986/4986
f 4991/4991 4953/4953 4952/4952
f 4966/4966 4994/4994 4748/4748
f 4988/4988 4995/4995 4967/4967
f 4986/4986 4996/4996 4975/4975
f 4996/4996 4991/4991 4975/4975
f 4989/4989 4997/4997 4979/4979
f 4973/4973 4998/4998 4983/4983
f 4999/4999 4981/4981 4980/4980
f 5000/5000 4996/4996 4986/4986
f 4991/4991 5001/5001 4953/4953
f 5001/5001 4988/4988 4953/4953
f 4997/4997 4973/4973 4979/4979
f 4999/4999 4980/4980 4983/4983
f 4993/4993 5000/5000 4986/4986
f 4998/4998 5002/5002 4983/4983
f 4999/4999 4985/4985 4981/4981
f 4985/4985 5003/5003 4976/4976
f 5003/5003 4992/4992 4976/4976
f 4992/4992 5004/5004 4977/4977
f 5005/5005 5001/5001 4991/4991
f 5006/5006 4984/4984 4982/4982
f 4997/4997 4998/4998 4973/4973
f 5004/5004 4990/4990 4977/4977
f 4996/4996 5005/5005 4991/4991
f 2895/2895 2925/2925 2893/2893
f 5002/5002 4999/4999 4983/4983
f 5007/5007 4993/4993 4987/4987
f 5006/5006 5008/5008 4984/4984
f 5008/5008 4989/4989 4984/4984
f 4994/4994 4778/4778 4748/4748
f 5008/5008 5009/5009 4989/4989
f 5009/5009 4997/4997 4989/4989
f 5010/5010 4998/4998 4997/4997
f 4990/4990 5007/5007 4987/4987
f 5011/5011 5003/5003 4985/4985
f 5011/5011 4985/4985 4999/4999
f 5007/5007 5000/5000 4993/4993
f 4994/4994 5012/5012 4778/4778
f 4988/4988 5013/5013 4995/4995
f 5014/5014 5015/5015 5006/5006
f 5015/5015 5008/5008 5006/5006
f 5016/5016 4999/4999 5002/5002
f 5016/5016 5011/5011 4999/4999
f 5011/5011 5017/5017 5003/5003
f 5017/5017 4992/4992 5003/5003
f 5004/5004 5007/5007 4990/4990
f 5018/5018 4996/4996 5000/5000
f 5005/5005 5019/5019 5001/5001
f 5019/5019 5020/5020 5001/5001
f 5001/5001 5020/5020 4988/4988
f 5020/5020 5013/5013 4988/4988
f 5009/5009 5010/5010 4997/4997
f 5021/5021 5002/5002 4998/4998
f 5004/5004 5022/5022 5007/5007
f 5023/5023 5019/5019 5005/5005
f 5018/5018 5023/5023 4996/4996
f 4996/4996 5023/5023 5005/5005
f 2896/2896 5024/5024 2895/2895
f 5010/5010 5021/5021 4998/4998
f 5021/5021 5016/5016 5002/5002
f 5016/5016 5025/5025 5011/5011
f 5017/5017 5026/5026 4992/4992
f 5026/5026 5004/5004 4992/4992
f 5026/5026 5027/5027 5004/5004
f 5027/5027 5022/5022 5004/5004
f 5007/5007 5028/5028 5000/5000
f 5028/5028 5018/5018 5000/5000
f 5012/5012 4780/4780 4778/4778
f 5022/5022 5028/5028 5007/5007
f 5009/5009 5029/5029 5010/5010
f 5021/5021 5025/5025 5016/5016
f 2896/2896 5030/5030 5024/5024
f 5031/5031 5008/5008 5015/5015
f 5032/5032 5011/5011 5025/5025
f 5011/5011 5033/5033 5017/5017
f 5026/5026 5034/5034 5027/5027
f 5022/5022 5035/5035 5028/5028
f 5031/5031 5036/5036 5008/5008
f 5036/5036 5009/5009 5008/5008
f 5021/5021 5032/5032 5025/5025
f 5032/5032 5033/5033 5011/5011
f 5027/5027 5037/5037 5022/5022
f 5035/5035 5038/5038 5028/5028
f 5029/5029 5039/5039 5010/5010
f 5039/5039 5040/5040 5021/5021
f 5039/5039 5021/5021 5010/5010
f 5040/5040 5032/5032 5021/5021
f 5041/5041 5026/5026 5017/5017
f 5034/5034 5037/5037 5027/5027
f 5037/5037 5035/5035 5022/5022
f 5009/5009 5042/5042 5029/5029
f 5042/5042 5039/5039 5029/5029
f 5043/5043 5033/5033 5032/5032
f 5036/5036 5044/5044 5009/5009
f 5044/5044 5042/5042 5009/5009
f 5040/5040 5043/5043 5032/5032
f 5033/5033 5041/5041 5017/5017
f 5041/5041 5034/5034 5026/5026
f 5038/5038 5018/5018 5028/5028
f 5043/5043 5045/5045 5033/5033
f 4780/4780 5012/5012 4782/4782
f 2899/2899 5030/5030 2896/2896
f 5031/5031 5046/5046 5036/5036
f 5046/5046 5044/5044 5036/5036
f 5019/5019 5047/5047 5020/5020
f 5012/5012 5048/5048 4782/4782
f 5047/5047 5049/5049 5020/5020
f 5020/5020 5049/5049 5013/5013
f 5039/5039 5050/5050 5040/5040
f 5050/5050 5051/5051 5040/5040
f 5040/5040 5051/5051 5043/5043
f 5051/5051 5052/5052 5043/5043
f 5052/5052 5045/5045 5043/5043
f 5045/5045 5041/5041 5033/5033
f 5053/5053 5037/5037 5034/5034
f 5023/5023 5054/5054 5019/5019
f 5054/5054 5047/5047 5019/5019
f 5045/5045 5053/5053 5041/5041
f 5053/5053 5034/5034 5041/5041
f 5042/5042 5050/5050 5039/5039
f 5052/5052 5055/5055 5045/5045
f 5053/5053 5056/5056 5037/5037
f 5056/5056 5057/5057 5037/5037
f 5037/5037 5057/5057 5035/5035
f 5057/5057 5038/5038 5035/5035
f 5057/5057 5058/5058 5038/5038
f 5038/5038 5058/5058 5018/5018
f 5058/5058 5023/5023 5018/5018
f 5044/5044 5059/5059 5042/5042
f 5045/5045 5060/5060 5053/5053
f 5060/5060 5056/5056 5053/5053
f 5058/5058 5061/5061 5023/5023
f 5061/5061 5054/5054 5023/5023
f 5062/5062 5051/5051 5050/5050
f 5063/5063 5055/5055 5052/5052
f 5055/5055 5060/5060 5045/5045
f 5057/5057 5064/5064 5058/5058
f 5064/5064 5061/5061 5058/5058
f 2899/2899 5065/5065 5030/5030
f 5066/5066 5046/5046 5031/5031
f 5059/5059 5067/5067 5042/5042
f 5067/5067 5050/5050 5042/5042
f 5067/5067 5062/5062 5050/5050
f 5062/5062 5063/5063 5051/5051
f 5048/5048 4783/4783 4782/4782
f 5063/5063 5052/5052 5051/5051
f 5061/5061 5068/5068 5054/5054
f 5054/5054 5068/5068 5047/5047
f 5048/5048 5069/5069 4783/4783
f 5068/5068 5070/5070 5049/5049
f 5068/5068 5049/5049 5047/5047
f 2926/2926 5065/5065 2899/2899
f 5046/5046 5071/5071 5044/5044
f 5071/5071 5059/5059 5044/5044
f 5069/5069 4788/4788 4783/4783
f 5066/5066 5071/5071 5046/5046
f 5072/5072 5055/5055 5063/5063
f 5055/5055 5073/5073 5060/5060
f 5064/5064 5074/5074 5061/5061
f 5075/5075 5067/5067 5059/5059
f 5071/5071 5075/5075 5059/5059
f 5072/5072 5063/5063 5062/5062
f 5072/5072 5073/5073 5055/5055
f 5073/5073 5056/5056 5060/5060
f 5056/5056 5076/5076 5057/5057
f 5076/5076 5077/5077 5057/5057
f 5057/5057 5077/5077 5064/5064
f 5077/5077 5074/5074 5064/5064
f 5067/5067 5078/5078 5062/5062
f 5062/5062 5078/5078 5072/5072
f 5072/5072 5079/5079 5073/5073
f 5073/5073 5076/5076 5056/5056
f 5066/5066 5080/5080 5071/5071
f 5075/5075 5081/5081 5067/5067
f 5081/5081 5078/5078 5067/5067
f 5078/5078 5082/5082 5072/5072
f 5082/5082 5079/5079 5072/5072
f 5073/5073 5083/5083 5076/5076
f 5076/5076 5084/5084 5077/5077
f 5061/5061 5085/5085 5068/5068
f 5085/5085 5070/5070 5068/5068
f 5083/5083 5084/5084 5076/5076
f 5074/5074 5086/5086 5061/5061
f 5086/5086 5085/5085 5061/5061
f 5080/5080 5075/5075 5071/5071
f 5087/5087 5081/5081 5075/5075
f 5081/5081 5082/5082 5078/5078
f 5088/5088 5073/5073 5079/5079
f 5084/5084 5086/5086 5077/5077
f 5086/5086 5074/5074 5077/5077
f 5069/5069 5089/5089 4788/4788
f 4788/4788 5089/5089 4784/4784
f 5085/5085 5090/5090 5070/5070
f 5080/5080 5087/5087 5075/5075
f 5082/5082 5088/5088 5079/5079
f 5088/5088 5091/5091 5073/5073
f 5073/5073 5091/5091 5083/5083
f 5081/5081 5092/5092 5082/5082
f 5091/5091 5084/5084 5083/5083
f 5084/5084 5093/5093 5086/5086
f 5093/5093 5094/5094 5086/5086
f 5080/5080 5095/5095 5087/5087
f 5087/5087 5095/5095 5081/5081
f 5095/5095 5092/5092 5081/5081
f 5082/5082 5092/5092 5088/5088
f 5092/5092 5096/5096 5088/5088
f 5096/5096 5097/5097 5088/5088
f 5097/5097 5098/5098 5091/5091
f 5097/5097 5091/5091 5088/5088
f 5099/5099 5085/5085 5086/5086
f 5100/5100 5066/5066 5101/5101
f 5066/5066 5102/5102 5080/5080
f 5091/5091 5098/5098 5084/5084
f 5098/5098 5093/5093 5084/5084
f 5094/5094 5099/5099 5086/5086
f 4784/4784 5089/5089 4789/4789
f 5099/5099 5090/5090 5085/5085
f 5100/5100 5103/5103 5066/5066
f 5102/5102 5104/5104 5080/5080
f 5080/5080 5104/5104 5095/5095
f 5094/5094 5105/5105 5099/5099
f 5099/5099 5106/5106 5090/5090
f 5103/5103 5102/5102 5066/5066
f 5104/5104 5107/5107 5095/5095
f 5095/5095 5107/5107 5092/5092
f 5107/5107 5096/5096 5092/5092
f 5097/5097 5108/5108 5098/5098
f 5108/5108 5109/5109 5098/5098
f 5098/5098 5109/5109 5093/5093
f 5110/5110 5103/5103 5100/5100
f 5103/5103 5111/5111 5102/5102
f 5111/5111 5104/5104 5102/5102
f 5111/5111 5112/5112 5104/5104
f 5104/5104 5112/5112 5107/5107
f 5107/5107 5113/5113 5096/5096
f 5113/5113 5097/5097 5096/5096
f 5105/5105 5106/5106 5099/5099
f 5097/5097 5113/5113 5108/5108
f 5109/5109 5094/5094 5093/5093
f 5105/5105 5114/5114 5106/5106
f 5115/5115 5116/5116 5103/5103
f 5115/5115 5103/5103 5110/5110
f 5116/5116 5117/5117 5103/5103
f 5117/5117 5111/5111 5103/5103
f 5117/5117 5112/5112 5111/5111
f 5117/5117 5118/5118 5112/5112
f 5112/5112 5118/5118 5107/5107
f 5118/5118 5119/5119 5107/5107
f 5107/5107 5119/5119 5113/5113
f 5119/5119 5120/5120 5113/5113
f 5120/5120 5108/5108 5113/5113
f 5120/5120 5121/5121 5108/5108
f 5121/5121 5109/5109 5108/5108
f 5109/5109 5121/5121 5094/5094
f 5121/5121 5122/5122 5094/5094
f 5122/5122 5105/5105 5094/5094
f 5122/5122 5123/5123 5105/5105
f 5123/5123 5114/5114 5105/5105
f 4694/4694 5124/5124 4676/4676
f 5124/5124 4665/4665 4676/4676
f 4665/4665 5124/5124 4677/4677
f 5124/5124 4791/4791 4677/4677
f 4695/4695 4792/4792 4793/4793
f 4794/4794 4795/4795 4733/4733
f 4796/4796 5125/5125 4715/4715
f 4797/4797 5126/5126 4761/4761
f 5126/5126 4762/4762 4761/4761
f 2934/2934 2933/2933 2914/2914
f 5127/5127 5128/5128 4791/4791
f 5127/5127 4791/4791 5124/5124
f 5128/5128 4792/4792 4791/4791
f 4792/4792 5129/5129 4793/4793
f 5130/5130 5131/5131 4794/4794
f 5131/5131 5132/5132 4794/4794
f 4794/4794 5132/5132 4795/4795
f 4795/4795 5132/5132 4760/4760
f 5125/5125 4797/4797 4715/4715
f 5125/5125 5126/5126 4797/4797
f 4786/4786 5133/5133 2471/2471
f 2934/2934 2937/2937 2933/2933
f 5134/5134 5135/5135 4694/4694
f 4694/4694 5135/5135 5124/5124
f 5128/5128 5136/5136 4792/4792
f 5129/5129 4794/4794 4793/4793
f 5129/5129 5130/5130 4794/4794
f 4766/4766 5137/5137 4611/4611
f 5137/5137 4785/4785 4611/4611
f 5135/5135 5127/5127 5124/5124
f 5136/5136 5129/5129 4792/4792
f 5132/5132 5138/5138 4760/4760
f 4760/4760 5138/5138 4714/4714
f 4714/4714 5138/5138 4796/4796
f 5138/5138 5125/5125 4796/4796
f 5126/5126 5139/5139 4762/4762
f 4762/4762 5139/5139 4763/4763
f 4763/4763 5140/5140 4764/4764
f 4764/4764 5140/5140 4716/4716
f 5140/5140 5141/5141 4765/4765
f 5140/5140 4765/4765 4716/4716
f 5142/5142 5137/5137 4766/4766
f 5127/5127 5143/5143 5128/5128
f 5143/5143 5136/5136 5128/5128
f 5130/5130 5144/5144 5131/5131
f 5131/5131 5144/5144 5132/5132
f 5144/5144 5138/5138 5132/5132
f 4763/4763 5139/5139 5140/5140
f 4785/4785 5145/5145 4786/4786
f 4786/4786 5145/5145 5133/5133
f 5134/5134 5146/5146 5135/5135
f 5146/5146 5147/5147 5135/5135
f 5148/5148 5149/5149 5150/5150
f 5148/5148 5150/5150 5151/5151
f 5147/5147 5127/5127 5135/5135
f 5147/5147 5152/5152 5127/5127
f 5149/5149 5153/5153 5154/5154
f 5149/5149 5154/5154 5150/5150
f 5127/5127 5152/5152 5143/5143
f 5152/5152 5155/5155 5143/5143
f 5143/5143 5155/5155 5136/5136
f 5153/5153 5156/5156 5157/5157
f 5153/5153 5157/5157 5154/5154
f 5155/5155 5158/5158 5136/5136
f 5136/5136 5158/5158 5129/5129
f 5156/5156 5159/5159 5157/5157
f 5156/5156 5160/5160 5159/5159
f 5158/5158 5130/5130 5129/5129
f 5160/5160 5161/5161 5159/5159
f 5158/5158 5162/5162 5130/5130
f 5161/5161 5163/5163 5159/5159
f 5162/5162 5164/5164 5130/5130
f 5130/5130 5164/5164 5144/5144
f 5161/5161 5165/5165 5163/5163
f 5163/5163 5165/5165 5166/5166
f 5165/5165 5167/5167 5166/5166
f 5164/5164 5138/5138 5144/5144
f 5167/5167 5168/5168 5166/5166
f 5164/5164 5169/5169 5138/5138
f 5168/5168 5170/5170 5166/5166
f 5168/5168 5171/5171 5170/5170
f 5169/5169 5172/5172 5138/5138
f 5171/5171 5173/5173 5170/5170
f 5138/5138 5172/5172 5125/5125
f 5125/5125 5172/5172 5126/5126
f 5172/5172 5174/5174 5126/5126
f 5171/5171 5175/5175 5176/5176
f 5171/5171 5176/5176 5173/5173
f 5174/5174 5177/5177 5139/5139
f 5174/5174 5139/5139 5126/5126
f 5176/5176 5175/5175 5178/5178
f 5175/5175 5179/5179 5178/5178
f 5177/5177 5180/5180 5140/5140
f 5177/5177 5140/5140 5139/5139
f 5179/5179 5181/5181 5178/5178
f 5179/5179 5182/5182 5181/5181
f 5180/5180 5183/5183 5141/5141
f 5180/5180 5141/5141 5140/5140
f 5182/5182 5184/5184 5181/5181
f 5153/5153 5185/5185 5156/5156
f 5160/5160 5186/5186 5161/5161
f 5186/5186 5187/5187 5161/5161
f 5187/5187 5165/5165 5161/5161
f 5187/5187 5188/5188 5167/5167
f 5187/5187 5167/5167 5165/5165
f 5188/5188 5189/5189 5167/5167
f 5167/5167 5189/5189 5168/5168
f 5189/5189 5190/5190 5168/5168
f 5168/5168 5190/5190 5171/5171
f 5190/5190 5191/5191 5171/5171
f 5191/5191 5175/5175 5171/5171
f 5191/5191 5192/5192 5175/5175
f 5192/5192 5193/5193 5175/5175
f 5175/5175 5193/5193 5179/5179
f 5193/5193 5182/5182 5179/5179
f 5194/5194 5195/5195 5148/5148
f 5194/5194 5148/5148 5151/5151
f 5148/5148 5195/5195 5149/5149
f 5185/5185 5196/5196 5156/5156
f 5197/5197 5198/5198 5160/5160
f 5160/5160 5198/5198 5186/5186
f 5192/5192 5199/5199 5193/5193
f 5193/5193 5200/5200 5182/5182
f 5200/5200 5201/5201 5182/5182
f 5137/5137 5145/5145 4785/4785
f 5202/5202 5145/5145 5137/5137
f 5201/5201 5184/5184 5182/5182
f 5195/5195 5203/5203 5149/5149
f 5149/5149 5203/5203 5153/5153
f 5203/5203 5185/5185 5153/5153
f 5196/5196 5197/5197 5156/5156
f 5156/5156 5197/5197 5160/5160
f 5197/5197 5186/5186 5198/5198
f 5204/5204 5187/5187 5186/5186
f 5187/5187 5205/5205 5188/5188
f 5188/5188 5206/5206 5189/5189
f 5206/5206 5190/5190 5189/5189
f 5207/5207 5199/5199 5192/5192
f 5199/5199 5200/5200 5193/5193
f 5208/5208 5195/5195 5194/5194
f 5203/5203 5196/5196 5185/5185
f 5204/5204 5186/5186 5197/5197
f 5204/5204 5209/5209 5187/5187
f 5209/5209 5205/5205 5187/5187
f 5205/5205 5206/5206 5188/5188
f 5206/5206 5210/5210 5190/5190
f 5210/5210 5207/5207 5190/5190
f 5190/5190 5207/5207 5191/5191
f 5207/5207 5192/5192 5191/5191
f 5199/5199 5211/5211 5200/5200
f 5200/5200 5211/5211 5201/5201
f 5211/5211 5212/5212 5201/5201
f 5213/5213 5214/5214 5208/5208
f 5208/5208 5214/5214 5195/5195
f 5214/5214 5203/5203 5195/5195
f 5214/5214 5215/5215 5203/5203
f 5203/5203 5215/5215 5196/5196
f 5215/5215 5216/5216 5197/5197
f 5215/5215 5197/5197 5196/5196
f 5216/5216 5217/5217 5204/5204
f 5216/5216 5204/5204 5197/5197
f 5217/5217 5218/5218 5204/5204
f 5204/5204 5218/5218 5209/5209
f 5218/5218 5219/5219 5205/5205
f 5218/5218 5205/5205 5209/5209
f 5219/5219 5220/5220 5205/5205
f 5220/5220 5206/5206 5205/5205
f 5220/5220 5221/5221 5206/5206
f 5206/5206 5221/5221 5210/5210
f 5221/5221 5222/5222 5210/5210
f 5222/5222 5207/5207 5210/5210
f 5222/5222 5223/5223 5207/5207
f 5223/5223 5224/5224 5207/5207
f 5207/5207 5224/5224 5199/5199
f 5224/5224 5211/5211 5199/5199
f 5145/5145 5225/5225 5133/5133
f 5211/5211 5226/5226 5212/5212
f 5213/5213 5227/5227 5214/5214
f 5227/5227 5215/5215 5214/5214
f 5216/5216 5228/5228 5217/5217
f 5217/5217 5228/5228 5218/5218
f 5223/5223 5229/5229 5224/5224
f 5229/5229 5230/5230 5224/5224
f 5230/5230 5211/5211 5224/5224
f 5230/5230 5226/5226 5211/5211

