# https://github.com/mikedh/trimesh
mtllib material.mtl
usemtl material_0
v -0.00369996 -0.07649999 0.02649998
v -0.00849998 -0.07649999 0.02649998
v -0.00369996 -0.07649999 0.00399995
v -0.00849998 -0.07649999 0.00399995
v -0.00369996 -0.07300001 0.00399995
v -0.00369996 -0.07649999 0.00399995
v -0.00849998 -0.07649999 0.00399995
v 0.00849998 -0.07649999 0.00399995
v 0.00369996 -0.07649999 0.00399995
v 0.00849998 -0.06999999 0.00399995
v 0.00369996 -0.07300001 0.00399995
v -0.00323748 -0.06999999 0.00399995
v -0.00849998 -0.06999999 0.00399995
v -0.00849998 -0.06999999 0.00399995
v -0.00849998 -0.07649999 0.00399995
v -0.00849998 -0.06999999 0.01598745
v -0.00849998 -0.07649999 0.02649998
v -0.00849998 -0.06999999 0.02649998
v -0.00849998 -0.07649999 0.02649998
v -0.00369996 -0.07649999 0.02649998
v -0.00849998 -0.06999999 0.02649998
v -0.00369996 -0.07300001 0.02649998
v 0.00369996 -0.07649999 0.02649998
v 0.00849998 -0.07649999 0.02649998
v 0.00369996 -0.07300001 0.02649998
v 0.00849998 -0.06999999 0.02649998
v -0.00323748 -0.06999999 0.02649998
v 0.00849998 -0.07649999 0.00399995
v 0.00849998 -0.06999999 0.00399995
v 0.00849998 -0.07649999 0.02649998
v 0.00849998 -0.06999999 0.01598745
v 0.00849998 -0.06999999 0.02649998
v 0.00647628 -0.06999999 0.01215755
v 0.00599998 -0.06999999 0.01227498
v 0.00849998 -0.06999999 0.01598745
v 0.00647628 -0.06999999 0.02015757
v 0.00599998 -0.06999999 0.02027499
v 0.00849998 -0.06999999 0.02649998
v -0.00323748 -0.06999999 0.02649998
v 0.00552362 -0.06999999 0.02015757
v 0.00515640 -0.06999999 0.01983225
v -0.00323748 -0.06999999 0.01598745
v 0.00498247 -0.06999999 0.01937353
v 0.00504160 -0.06999999 0.01888650
v 0.00532025 -0.06999999 0.01848274
v 0.00575465 -0.06999999 0.01825475
v 0.00624526 -0.06999999 0.01825475
v 0.00667965 -0.06999999 0.01848274
v 0.00695836 -0.06999999 0.01888650
v 0.00701749 -0.06999999 0.01937353
v 0.00684351 -0.06999999 0.01983225
v 0.00667965 -0.06999999 0.01048272
v 0.00849998 -0.06999999 0.00399995
v 0.00624526 -0.06999999 0.01025474
v 0.00575465 -0.06999999 0.01025474
v 0.00552362 -0.06999999 0.01215755
v 0.00515640 -0.06999999 0.01183223
v -0.00061010 -0.06999999 0.01362031
v -0.00111467 -0.06999999 0.01325368
v 0.00695836 -0.06999999 0.01088649
v 0.00701749 -0.06999999 0.01137351
v 0.00684351 -0.06999999 0.01183223
v -0.00088168 -0.06999999 0.01103645
v -0.00031187 -0.06999999 0.01078277
v -0.00323748 -0.06999999 0.00399995
v 0.00031187 -0.06999999 0.01078277
v 0.00532025 -0.06999999 0.01048272
v 0.00504160 -0.06999999 0.01088649
v 0.00498247 -0.06999999 0.01137351
v 0.00088168 -0.06999999 0.01103645
v 0.00129902 -0.06999999 0.01150000
v 0.00149172 -0.06999999 0.01209318
v 0.00142658 -0.06999999 0.01271349
v -0.00142658 -0.06999999 0.01271349
v -0.00149172 -0.06999999 0.01209318
v -0.00129902 -0.06999999 0.01150000
v 0.00111467 -0.06999999 0.01325368
v 0.00061010 -0.06999999 0.01362031
v 0.00000000 -0.06999999 0.01374995
v -0.00575465 -0.06999999 0.01825475
v -0.00532025 -0.06999999 0.01848274
v -0.00624526 -0.06999999 0.01825475
v -0.00849998 -0.06999999 0.01598745
v -0.00667965 -0.06999999 0.01848274
v -0.00647628 -0.06999999 0.02015757
v -0.00684351 -0.06999999 0.01983225
v -0.00849998 -0.06999999 0.02649998
v -0.00701749 -0.06999999 0.01937353
v -0.00695836 -0.06999999 0.01888650
v -0.00552362 -0.06999999 0.02015757
v -0.00599998 -0.06999999 0.02027499
v -0.00504160 -0.06999999 0.01888650
v -0.00498247 -0.06999999 0.01937353
v -0.00515640 -0.06999999 0.01983225
v -0.00599998 -0.06999999 0.01227498
v -0.00647628 -0.06999999 0.01215755
v -0.00552362 -0.06999999 0.01215755
v -0.00695836 -0.06999999 0.01088649
v -0.00849998 -0.06999999 0.00399995
v -0.00701749 -0.06999999 0.01137351
v -0.00684351 -0.06999999 0.01183223
v -0.00667965 -0.06999999 0.01048272
v -0.00624526 -0.06999999 0.01025474
v -0.00575465 -0.06999999 0.01025474
v -0.00532025 -0.06999999 0.01048272
v -0.00504160 -0.06999999 0.01088649
v -0.00498247 -0.06999999 0.01137351
v -0.00515640 -0.06999999 0.01183223
v 0.00369996 -0.07649999 0.00399995
v 0.00849998 -0.07649999 0.00399995
v 0.00369996 -0.07649999 0.02649998
v 0.00849998 -0.07649999 0.02649998
v 0.00599998 -0.07298064 0.01924997
v 0.00639999 -0.07249999 0.01994282
v 0.00669277 -0.07249999 0.01964998
v 0.00599998 -0.07249999 0.02004998
v 0.00669277 -0.07249999 0.01884996
v 0.00639999 -0.07249999 0.01855713
v 0.00679999 -0.07249999 0.01924997
v 0.00559998 -0.07249999 0.01855713
v 0.00530714 -0.07249999 0.01884996
v 0.00599998 -0.07249999 0.01844996
v 0.00530714 -0.07249999 0.01964998
v 0.00559998 -0.07249999 0.01994282
v 0.00519997 -0.07249999 0.01924997
v 0.00637174 -0.07022500 0.01995831
v 0.00639999 -0.07249999 0.01994282
v 0.00599998 -0.07249999 0.02004998
v 0.00639999 -0.07022500 0.01994282
v 0.00665837 -0.07022500 0.01970440
v 0.00669277 -0.07249999 0.01964998
v 0.00669277 -0.07022500 0.01964998
v 0.00679415 -0.07022500 0.01934641
v 0.00679999 -0.07249999 0.01924997
v 0.00679999 -0.07022500 0.01924997
v 0.00674796 -0.07022500 0.01896631
v 0.00669277 -0.07249999 0.01884996
v 0.00669277 -0.07022500 0.01884996
v 0.00653046 -0.07022500 0.01865118
v 0.00639999 -0.07249999 0.01855713
v 0.00639999 -0.07022500 0.01855713
v 0.00619143 -0.07022500 0.01847320
v 0.00599998 -0.07249999 0.01844996
v 0.00599998 -0.07022500 0.01844996
v 0.00580853 -0.07022500 0.01847320
v 0.00559998 -0.07249999 0.01855713
v 0.00559998 -0.07022500 0.01855713
v 0.00546950 -0.07022500 0.01865118
v 0.00530714 -0.07249999 0.01884996
v 0.00530714 -0.07022500 0.01884996
v 0.00525194 -0.07022500 0.01896631
v 0.00519997 -0.07249999 0.01924997
v 0.00519997 -0.07022500 0.01924997
v 0.00520581 -0.07022500 0.01934641
v 0.00530714 -0.07249999 0.01964998
v 0.00530714 -0.07022500 0.01964998
v 0.00534159 -0.07022500 0.01970440
v 0.00559998 -0.07249999 0.01994282
v 0.00559998 -0.07022500 0.01994282
v 0.00562817 -0.07022500 0.01995831
v 0.00599998 -0.07249999 0.02004998
v 0.00599998 -0.07022500 0.02004998
v 0.00599998 -0.07022500 0.02004998
v 0.00515640 -0.06999999 0.01983225
v 0.00552362 -0.06999999 0.02015757
v 0.00559998 -0.07022500 0.01994282
v 0.00534159 -0.07022500 0.01970440
v 0.00530714 -0.07022500 0.01964998
v 0.00498247 -0.06999999 0.01937353
v 0.00520581 -0.07022500 0.01934641
v 0.00519997 -0.07022500 0.01924997
v 0.00504160 -0.06999999 0.01888650
v 0.00525194 -0.07022500 0.01896631
v 0.00530714 -0.07022500 0.01884996
v 0.00532025 -0.06999999 0.01848274
v 0.00546950 -0.07022500 0.01865118
v 0.00559998 -0.07022500 0.01855713
v 0.00575465 -0.06999999 0.01825475
v 0.00580853 -0.07022500 0.01847320
v 0.00624526 -0.06999999 0.01825475
v 0.00599998 -0.07022500 0.01844996
v 0.00619143 -0.07022500 0.01847320
v 0.00667965 -0.06999999 0.01848274
v 0.00639999 -0.07022500 0.01855713
v 0.00653046 -0.07022500 0.01865118
v 0.00695836 -0.06999999 0.01888650
v 0.00669277 -0.07022500 0.01884996
v 0.00674796 -0.07022500 0.01896631
v 0.00701749 -0.06999999 0.01937353
v 0.00679999 -0.07022500 0.01924997
v 0.00679415 -0.07022500 0.01934641
v 0.00684351 -0.06999999 0.01983225
v 0.00669277 -0.07022500 0.01964998
v 0.00665837 -0.07022500 0.01970440
v 0.00647628 -0.06999999 0.02015757
v 0.00639999 -0.07022500 0.01994282
v 0.00637174 -0.07022500 0.01995831
v 0.00599998 -0.06999999 0.02027499
v 0.00599998 -0.07022500 0.02004998
v 0.00562817 -0.07022500 0.01995831
v -0.00599998 -0.07298064 0.01124995
v -0.00559998 -0.07249999 0.01194280
v -0.00530714 -0.07249999 0.01164996
v -0.00599998 -0.07249999 0.01204997
v -0.00530714 -0.07249999 0.01084995
v -0.00559998 -0.07249999 0.01055717
v -0.00519997 -0.07249999 0.01124995
v -0.00639999 -0.07249999 0.01055717
v -0.00669277 -0.07249999 0.01084995
v -0.00599998 -0.07249999 0.01045000
v -0.00669277 -0.07249999 0.01164996
v -0.00639999 -0.07249999 0.01194280
v -0.00679999 -0.07249999 0.01124995
v -0.00562817 -0.07022500 0.01195836
v -0.00559998 -0.07249999 0.01194280
v -0.00599998 -0.07249999 0.01204997
v -0.00559998 -0.07022500 0.01194280
v -0.00534159 -0.07022500 0.01170444
v -0.00530714 -0.07249999 0.01164996
v -0.00530714 -0.07022500 0.01164996
v -0.00520581 -0.07022500 0.01134639
v -0.00519997 -0.07249999 0.01124995
v -0.00519997 -0.07022500 0.01124995
v -0.00525194 -0.07022500 0.01096630
v -0.00530714 -0.07249999 0.01084995
v -0.00530714 -0.07022500 0.01084995
v -0.00546950 -0.07022500 0.01065117
v -0.00559998 -0.07249999 0.01055717
v -0.00559998 -0.07022500 0.01055717
v -0.00580853 -0.07022500 0.01047325
v -0.00599998 -0.07249999 0.01045000
v -0.00599998 -0.07022500 0.01045000
v -0.00619143 -0.07022500 0.01047325
v -0.00639999 -0.07249999 0.01055717
v -0.00639999 -0.07022500 0.01055717
v -0.00653046 -0.07022500 0.01065117
v -0.00669277 -0.07249999 0.01084995
v -0.00669277 -0.07022500 0.01084995
v -0.00674796 -0.07022500 0.01096630
v -0.00679999 -0.07249999 0.01124995
v -0.00679999 -0.07022500 0.01124995
v -0.00679415 -0.07022500 0.01134639
v -0.00669277 -0.07249999 0.01164996
v -0.00669277 -0.07022500 0.01164996
v -0.00665837 -0.07022500 0.01170444
v -0.00639999 -0.07249999 0.01194280
v -0.00639999 -0.07022500 0.01194280
v -0.00637174 -0.07022500 0.01195836
v -0.00599998 -0.07249999 0.01204997
v -0.00599998 -0.07022500 0.01204997
v -0.00599998 -0.07022500 0.01204997
v -0.00684351 -0.06999999 0.01183223
v -0.00647628 -0.06999999 0.01215755
v -0.00639999 -0.07022500 0.01194280
v -0.00665837 -0.07022500 0.01170444
v -0.00669277 -0.07022500 0.01164996
v -0.00701749 -0.06999999 0.01137351
v -0.00679415 -0.07022500 0.01134639
v -0.00679999 -0.07022500 0.01124995
v -0.00695836 -0.06999999 0.01088649
v -0.00674796 -0.07022500 0.01096630
v -0.00669277 -0.07022500 0.01084995
v -0.00667965 -0.06999999 0.01048272
v -0.00653046 -0.07022500 0.01065117
v -0.00639999 -0.07022500 0.01055717
v -0.00624526 -0.06999999 0.01025474
v -0.00619143 -0.07022500 0.01047325
v -0.00575465 -0.06999999 0.01025474
v -0.00599998 -0.07022500 0.01045000
v -0.00580853 -0.07022500 0.01047325
v -0.00532025 -0.06999999 0.01048272
v -0.00559998 -0.07022500 0.01055717
v -0.00546950 -0.07022500 0.01065117
v -0.00504160 -0.06999999 0.01088649
v -0.00530714 -0.07022500 0.01084995
v -0.00525194 -0.07022500 0.01096630
v -0.00498247 -0.06999999 0.01137351
v -0.00519997 -0.07022500 0.01124995
v -0.00520581 -0.07022500 0.01134639
v -0.00515640 -0.06999999 0.01183223
v -0.00530714 -0.07022500 0.01164996
v -0.00534159 -0.07022500 0.01170444
v -0.00552362 -0.06999999 0.01215755
v -0.00559998 -0.07022500 0.01194280
v -0.00562817 -0.07022500 0.01195836
v -0.00599998 -0.06999999 0.01227498
v -0.00599998 -0.07022500 0.01204997
v -0.00637174 -0.07022500 0.01195836
v -0.00599998 -0.07298064 0.01924997
v -0.00559998 -0.07249999 0.01994282
v -0.00530714 -0.07249999 0.01964998
v -0.00599998 -0.07249999 0.02004998
v -0.00530714 -0.07249999 0.01884996
v -0.00559998 -0.07249999 0.01855713
v -0.00519997 -0.07249999 0.01924997
v -0.00639999 -0.07249999 0.01855713
v -0.00669277 -0.07249999 0.01884996
v -0.00599998 -0.07249999 0.01844996
v -0.00669277 -0.07249999 0.01964998
v -0.00639999 -0.07249999 0.01994282
v -0.00679999 -0.07249999 0.01924997
v -0.00562817 -0.07022500 0.01995831
v -0.00559998 -0.07249999 0.01994282
v -0.00599998 -0.07249999 0.02004998
v -0.00559998 -0.07022500 0.01994282
v -0.00534159 -0.07022500 0.01970440
v -0.00530714 -0.07249999 0.01964998
v -0.00530714 -0.07022500 0.01964998
v -0.00520581 -0.07022500 0.01934641
v -0.00519997 -0.07249999 0.01924997
v -0.00519997 -0.07022500 0.01924997
v -0.00525194 -0.07022500 0.01896631
v -0.00530714 -0.07249999 0.01884996
v -0.00530714 -0.07022500 0.01884996
v -0.00546950 -0.07022500 0.01865118
v -0.00559998 -0.07249999 0.01855713
v -0.00559998 -0.07022500 0.01855713
v -0.00580853 -0.07022500 0.01847320
v -0.00599998 -0.07249999 0.01844996
v -0.00599998 -0.07022500 0.01844996
v -0.00619143 -0.07022500 0.01847320
v -0.00639999 -0.07249999 0.01855713
v -0.00639999 -0.07022500 0.01855713
v -0.00653046 -0.07022500 0.01865118
v -0.00669277 -0.07249999 0.01884996
v -0.00669277 -0.07022500 0.01884996
v -0.00674796 -0.07022500 0.01896631
v -0.00679999 -0.07249999 0.01924997
v -0.00679999 -0.07022500 0.01924997
v -0.00679415 -0.07022500 0.01934641
v -0.00669277 -0.07249999 0.01964998
v -0.00669277 -0.07022500 0.01964998
v -0.00665837 -0.07022500 0.01970440
v -0.00639999 -0.07249999 0.01994282
v -0.00639999 -0.07022500 0.01994282
v -0.00637174 -0.07022500 0.01995831
v -0.00599998 -0.07249999 0.02004998
v -0.00599998 -0.07022500 0.02004998
v -0.00599998 -0.07022500 0.02004998
v -0.00684351 -0.06999999 0.01983225
v -0.00647628 -0.06999999 0.02015757
v -0.00639999 -0.07022500 0.01994282
v -0.00665837 -0.07022500 0.01970440
v -0.00669277 -0.07022500 0.01964998
v -0.00701749 -0.06999999 0.01937353
v -0.00679415 -0.07022500 0.01934641
v -0.00679999 -0.07022500 0.01924997
v -0.00695836 -0.06999999 0.01888650
v -0.00674796 -0.07022500 0.01896631
v -0.00669277 -0.07022500 0.01884996
v -0.00667965 -0.06999999 0.01848274
v -0.00653046 -0.07022500 0.01865118
v -0.00639999 -0.07022500 0.01855713
v -0.00624526 -0.06999999 0.01825475
v -0.00619143 -0.07022500 0.01847320
v -0.00575465 -0.06999999 0.01825475
v -0.00599998 -0.07022500 0.01844996
v -0.00580853 -0.07022500 0.01847320
v -0.00532025 -0.06999999 0.01848274
v -0.00559998 -0.07022500 0.01855713
v -0.00546950 -0.07022500 0.01865118
v -0.00504160 -0.06999999 0.01888650
v -0.00530714 -0.07022500 0.01884996
v -0.00525194 -0.07022500 0.01896631
v -0.00498247 -0.06999999 0.01937353
v -0.00519997 -0.07022500 0.01924997
v -0.00520581 -0.07022500 0.01934641
v -0.00515640 -0.06999999 0.01983225
v -0.00530714 -0.07022500 0.01964998
v -0.00534159 -0.07022500 0.01970440
v -0.00552362 -0.06999999 0.02015757
v -0.00559998 -0.07022500 0.01994282
v -0.00562817 -0.07022500 0.01995831
v -0.00599998 -0.06999999 0.02027499
v -0.00599998 -0.07022500 0.02004998
v -0.00637174 -0.07022500 0.01995831
v 0.00599998 -0.07298064 0.01124995
v 0.00639999 -0.07249999 0.01194280
v 0.00669277 -0.07249999 0.01164996
v 0.00599998 -0.07249999 0.01204997
v 0.00669277 -0.07249999 0.01084995
v 0.00639999 -0.07249999 0.01055717
v 0.00679999 -0.07249999 0.01124995
v 0.00559998 -0.07249999 0.01055717
v 0.00530714 -0.07249999 0.01084995
v 0.00599998 -0.07249999 0.01045000
v 0.00530714 -0.07249999 0.01164996
v 0.00559998 -0.07249999 0.01194280
v 0.00519997 -0.07249999 0.01124995
v 0.00637174 -0.07022500 0.01195836
v 0.00639999 -0.07249999 0.01194280
v 0.00599998 -0.07249999 0.01204997
v 0.00639999 -0.07022500 0.01194280
v 0.00665837 -0.07022500 0.01170444
v 0.00669277 -0.07249999 0.01164996
v 0.00669277 -0.07022500 0.01164996
v 0.00679415 -0.07022500 0.01134639
v 0.00679999 -0.07249999 0.01124995
v 0.00679999 -0.07022500 0.01124995
v 0.00674796 -0.07022500 0.01096630
v 0.00669277 -0.07249999 0.01084995
v 0.00669277 -0.07022500 0.01084995
v 0.00653046 -0.07022500 0.01065117
v 0.00639999 -0.07249999 0.01055717
v 0.00639999 -0.07022500 0.01055717
v 0.00619143 -0.07022500 0.01047325
v 0.00599998 -0.07249999 0.01045000
v 0.00599998 -0.07022500 0.01045000
v 0.00580853 -0.07022500 0.01047325
v 0.00559998 -0.07249999 0.01055717
v 0.00559998 -0.07022500 0.01055717
v 0.00546950 -0.07022500 0.01065117
v 0.00530714 -0.07249999 0.01084995
v 0.00530714 -0.07022500 0.01084995
v 0.00525194 -0.07022500 0.01096630
v 0.00519997 -0.07249999 0.01124995
v 0.00519997 -0.07022500 0.01124995
v 0.00520581 -0.07022500 0.01134639
v 0.00530714 -0.07249999 0.01164996
v 0.00530714 -0.07022500 0.01164996
v 0.00534159 -0.07022500 0.01170444
v 0.00559998 -0.07249999 0.01194280
v 0.00559998 -0.07022500 0.01194280
v 0.00562817 -0.07022500 0.01195836
v 0.00599998 -0.07249999 0.01204997
v 0.00599998 -0.07022500 0.01204997
v 0.00599998 -0.07022500 0.01204997
v 0.00515640 -0.06999999 0.01183223
v 0.00552362 -0.06999999 0.01215755
v 0.00559998 -0.07022500 0.01194280
v 0.00534159 -0.07022500 0.01170444
v 0.00530714 -0.07022500 0.01164996
v 0.00498247 -0.06999999 0.01137351
v 0.00520581 -0.07022500 0.01134639
v 0.00519997 -0.07022500 0.01124995
v 0.00504160 -0.06999999 0.01088649
v 0.00525194 -0.07022500 0.01096630
v 0.00530714 -0.07022500 0.01084995
v 0.00532025 -0.06999999 0.01048272
v 0.00546950 -0.07022500 0.01065117
v 0.00559998 -0.07022500 0.01055717
v 0.00575465 -0.06999999 0.01025474
v 0.00580853 -0.07022500 0.01047325
v 0.00624526 -0.06999999 0.01025474
v 0.00599998 -0.07022500 0.01045000
v 0.00619143 -0.07022500 0.01047325
v 0.00667965 -0.06999999 0.01048272
v 0.00639999 -0.07022500 0.01055717
v 0.00653046 -0.07022500 0.01065117
v 0.00695836 -0.06999999 0.01088649
v 0.00669277 -0.07022500 0.01084995
v 0.00674796 -0.07022500 0.01096630
v 0.00701749 -0.06999999 0.01137351
v 0.00679999 -0.07022500 0.01124995
v 0.00679415 -0.07022500 0.01134639
v 0.00684351 -0.06999999 0.01183223
v 0.00669277 -0.07022500 0.01164996
v 0.00665837 -0.07022500 0.01170444
v 0.00647628 -0.06999999 0.01215755
v 0.00639999 -0.07022500 0.01194280
v 0.00637174 -0.07022500 0.01195836
v 0.00599998 -0.06999999 0.01227498
v 0.00599998 -0.07022500 0.01204997
v 0.00562817 -0.07022500 0.01195836
v -0.00111467 -0.07300001 0.01325368
v -0.00142658 -0.07300001 0.01271349
v -0.00142658 -0.06999999 0.01271349
v -0.00149995 -0.07300001 0.01224994
v -0.00149172 -0.06999999 0.01209318
v -0.00149172 -0.07300001 0.01209318
v -0.00129902 -0.06999999 0.01150000
v -0.00129902 -0.07300001 0.01150000
v -0.00129902 -0.06999999 0.01150000
v -0.00129902 -0.07300001 0.01150000
v -0.00088168 -0.06999999 0.01103645
v -0.00088168 -0.07300001 0.01103645
v -0.00088168 -0.06999999 0.01103645
v -0.00088168 -0.07300001 0.01103645
v -0.00031187 -0.06999999 0.01078277
v -0.00031187 -0.07300001 0.01078277
v -0.00031187 -0.06999999 0.01078277
v -0.00031187 -0.07300001 0.01078277
v 0.00031187 -0.06999999 0.01078277
v 0.00031187 -0.07300001 0.01078277
v 0.00031187 -0.06999999 0.01078277
v 0.00031187 -0.07300001 0.01078277
v 0.00088168 -0.06999999 0.01103645
v 0.00088168 -0.07300001 0.01103645
v 0.00088168 -0.06999999 0.01103645
v 0.00088168 -0.07300001 0.01103645
v 0.00129902 -0.06999999 0.01150000
v 0.00129902 -0.07300001 0.01150000
v 0.00129902 -0.06999999 0.01150000
v 0.00129902 -0.07300001 0.01150000
v 0.00149172 -0.06999999 0.01209318
v 0.00149172 -0.07300001 0.01209318
v 0.00149172 -0.06999999 0.01209318
v 0.00149172 -0.07300001 0.01209318
v 0.00142658 -0.06999999 0.01271349
v 0.00142658 -0.07300001 0.01271349
v 0.00142658 -0.06999999 0.01271349
v 0.00142658 -0.07300001 0.01271349
v 0.00111467 -0.06999999 0.01325368
v 0.00111467 -0.07300001 0.01325368
v 0.00111467 -0.06999999 0.01325368
v 0.00111467 -0.07300001 0.01325368
v 0.00061010 -0.06999999 0.01362031
v 0.00061010 -0.07300001 0.01362031
v 0.00061010 -0.06999999 0.01362031
v 0.00061010 -0.07300001 0.01362031
v 0.00000000 -0.06999999 0.01374995
v 0.00000000 -0.07300001 0.01374995
v 0.00000000 -0.06999999 0.01374995
v 0.00000000 -0.07300001 0.01374995
v -0.00061010 -0.06999999 0.01362031
v -0.00061010 -0.07300001 0.01362031
v -0.00061010 -0.06999999 0.01362031
v -0.00061010 -0.07300001 0.01362031
v -0.00111467 -0.06999999 0.01325368
v -0.00111467 -0.07300001 0.01325368
v -0.00111467 -0.06999999 0.01325368
v 0.00088168 -0.07300001 0.01103645
v 0.00031187 -0.07300001 0.01078277
v 0.00369996 -0.07300001 0.00399995
v -0.00088168 -0.07300001 0.01103645
v -0.00129902 -0.07300001 0.01150000
v -0.00369996 -0.07300001 0.00399995
v -0.00031187 -0.07300001 0.01078277
v -0.00111467 -0.07300001 0.01325368
v -0.00061010 -0.07300001 0.01362031
v -0.00369996 -0.07300001 0.02649998
v 0.00369996 -0.07300001 0.02649998
v 0.00061010 -0.07300001 0.01362031
v 0.00111467 -0.07300001 0.01325368
v 0.00142658 -0.07300001 0.01271349
v 0.00149172 -0.07300001 0.01209318
v 0.00129902 -0.07300001 0.01150000
v 0.00000000 -0.07300001 0.01374995
v -0.00149172 -0.07300001 0.01209318
v -0.00149995 -0.07300001 0.01224994
v -0.00142658 -0.07300001 0.01271349
v -0.00369996 -0.07649999 0.00399995
v -0.00369996 -0.07300001 0.00399995
v -0.00369996 -0.07649999 0.02649998
v -0.00369996 -0.07300001 0.02649998
v 0.00369996 -0.07300001 0.00399995
v 0.00369996 -0.07649999 0.00399995
v 0.00369996 -0.07300001 0.02649998
v 0.00369996 -0.07649999 0.02649998
v -0.02799999 -0.06699997 0.00399995
v -0.02799999 -0.06799995 0.00399995
v -0.02608519 -0.06350600 0.00399995
v -0.01064997 -0.06799995 0.00399995
v -0.02285826 -0.05659025 0.00399995
v -0.02012294 -0.04915386 0.00399995
v 0.00864995 -0.06999999 0.00399995
v 0.02285826 -0.05659025 0.00399995
v 0.02012294 -0.04915386 0.00399995
v 0.01655650 -0.03471779 0.00399995
v -0.01655650 -0.03471779 0.00399995
v 0.01808774 -0.04194539 0.00399995
v -0.01808774 -0.04194539 0.00399995
v -0.00914997 -0.07099997 0.00399995
v -0.00864995 -0.07049995 0.00399995
v -0.01014995 -0.07099997 0.00399995
v -0.00864995 -0.06999999 0.00399995
v -0.01064997 -0.07049995 0.00399995
v 0.02749997 -0.07099997 0.00399995
v 0.02799999 -0.07049995 0.00399995
v 0.00914997 -0.07099997 0.00399995
v 0.02799999 -0.06699997 0.00399995
v 0.02608519 -0.06350600 0.00399995
v 0.00864995 -0.07049995 0.00399995
v 0.01580089 -0.03015804 0.00379771
v -0.01580089 -0.03015804 0.00379771
v 0.01646500 -0.03420639 0.00399745
v -0.01646500 -0.03420639 0.00399745
v -0.01477801 -0.02299487 0.00316101
v 0.01580089 -0.03015804 0.00379771
v 0.01477801 -0.02299487 0.00316101
v 0.01403838 -0.01777786 0.00269723
v -0.01403838 -0.01777786 0.00269723
v 0.01319783 -0.01257628 0.00223488
v -0.01319783 -0.01257628 0.00223488
v 0.01269698 -0.00993341 0.00199997
v -0.01269698 -0.00993341 0.00199997
v 0.01168692 -0.00550115 0.00199997
v -0.01168692 -0.00550115 0.00199997
v 0.00999999 0.00000000 0.00199997
v -0.00999999 0.00000000 0.00199997
v -0.02799999 -0.06799995 0.00399995
v -0.02799999 -0.06699997 0.00399995
v -0.02799999 -0.06699997 0.00299996
v -0.00864995 -0.06999999 0.00399995
v -0.00864995 -0.06999999 0.00199997
v 0.00864995 -0.06999999 0.00399995
v 0.00864995 -0.06999999 0.00199997
v 0.01582807 -0.03033512 0.00180554
v -0.01582807 -0.03033512 0.00180554
v -0.01477801 -0.02299487 0.00115311
v -0.01271486 -0.01002216 0.00000000
v 0.01271486 -0.01002216 0.00000000
v -0.01319783 -0.01257628 0.00022703
v 0.01319783 -0.01257628 0.00022703
v -0.01403838 -0.01777786 0.00068939
v 0.01403838 -0.01777786 0.00068939
v 0.01477801 -0.02299487 0.00115311
v -0.01808774 -0.04194539 0.00199997
v -0.01655650 -0.03471779 0.00199997
v 0.01655650 -0.03471779 0.00199997
v -0.02743119 -0.06599998 0.00199997
v -0.02608519 -0.06350600 0.00199997
v -0.01064997 -0.06599998 0.00199997
v -0.02285826 -0.05659025 0.00199997
v -0.02012294 -0.04915386 0.00199997
v -0.00914997 -0.07099997 0.00199997
v -0.01014995 -0.07099997 0.00199997
v -0.00864995 -0.07049995 0.00199997
v -0.01064997 -0.07049995 0.00199997
v -0.00864995 -0.06999999 0.00199997
v 0.00864995 -0.06999999 0.00199997
v 0.02799999 -0.07049995 0.00199997
v 0.02749997 -0.07099997 0.00199997
v 0.02799999 -0.06699997 0.00199997
v 0.00914997 -0.07099997 0.00199997
v 0.02608519 -0.06350600 0.00199997
v 0.00864995 -0.07049995 0.00199997
v 0.02285826 -0.05659025 0.00199997
v 0.02012294 -0.04915386 0.00199997
v 0.01808774 -0.04194539 0.00199997
v -0.01646500 -0.03420639 0.00199735
v 0.01646500 -0.03420639 0.00199735
v 0.02799999 -0.07049995 0.00399995
v 0.02799999 -0.07049995 0.00199997
v 0.02799999 -0.06699997 0.00399995
v 0.02799999 -0.06699997 0.00199997
v 0.00914997 -0.07099997 0.00399995
v 0.00914997 -0.07099997 0.00199997
v 0.02749997 -0.07099997 0.00399995
v 0.02749997 -0.07099997 0.00199997
v 0.00864995 -0.06999999 0.00399995
v 0.00864995 -0.06999999 0.00199997
v 0.00864995 -0.07049995 0.00399995
v 0.00864995 -0.07049995 0.00199997
v 0.00864995 -0.07049995 0.00199997
v 0.00914997 -0.07099997 0.00199997
v 0.00864995 -0.07049995 0.00399995
v 0.00914997 -0.07099997 0.00399995
v 0.02749997 -0.07099997 0.00199997
v 0.02799999 -0.07049995 0.00199997
v 0.02749997 -0.07099997 0.00399995
v 0.02799999 -0.07049995 0.00399995
v 0.00999999 0.00000000 0.00199997
v 0.00999999 0.00000000 0.00000000
v -0.00999999 0.00000000 0.00199997
v -0.00999999 0.00000000 0.00000000
v 0.01168692 -0.00550115 0.00199997
v 0.01269698 -0.00993341 0.00199997
v 0.01271486 -0.01002216 0.00000000
v 0.01319783 -0.01257628 0.00022703
v 0.01319783 -0.01257628 0.00223488
v 0.01403838 -0.01777786 0.00068939
v 0.01403838 -0.01777786 0.00269723
v 0.01477801 -0.02299487 0.00115311
v 0.01477801 -0.02299487 0.00316101
v 0.01582807 -0.03033512 0.00180554
v 0.01580089 -0.03015804 0.00379771
v 0.01646500 -0.03420639 0.00199735
v 0.01646500 -0.03420639 0.00399745
v 0.01655650 -0.03471779 0.00199997
v 0.01655650 -0.03471779 0.00399995
v 0.01808774 -0.04194539 0.00199997
v 0.01808774 -0.04194539 0.00399995
v 0.01808774 -0.04194539 0.00199997
v 0.02012294 -0.04915386 0.00399995
v 0.02012294 -0.04915386 0.00199997
v 0.02285826 -0.05659025 0.00399995
v 0.02285826 -0.05659025 0.00199997
v 0.02608519 -0.06350600 0.00399995
v 0.02608519 -0.06350600 0.00199997
v 0.02799999 -0.06699997 0.00399995
v 0.02799999 -0.06699997 0.00199997
v 0.01168692 -0.00550115 0.00000000
v 0.00999999 0.00000000 0.00000000
v 0.00999999 0.00000000 0.00199997
v -0.00999999 0.00000000 0.00199997
v -0.00999999 0.00000000 0.00000000
v -0.01168692 -0.00550115 0.00000000
v -0.02799999 -0.06699997 0.00299996
v -0.02799999 -0.06699997 0.00399995
v -0.02743119 -0.06599998 0.00199997
v -0.02608519 -0.06350600 0.00399995
v -0.02608519 -0.06350600 0.00399995
v -0.02608519 -0.06350600 0.00199997
v -0.02285826 -0.05659025 0.00399995
v -0.02285826 -0.05659025 0.00399995
v -0.02285826 -0.05659025 0.00199997
v -0.02012294 -0.04915386 0.00399995
v -0.02012294 -0.04915386 0.00199997
v -0.01808774 -0.04194539 0.00399995
v -0.01808774 -0.04194539 0.00199997
v -0.01808774 -0.04194539 0.00399995
v -0.01655650 -0.03471779 0.00199997
v -0.01655650 -0.03471779 0.00399995
v -0.01646500 -0.03420639 0.00199735
v -0.01646500 -0.03420639 0.00399745
v -0.01582807 -0.03033512 0.00180554
v -0.01580089 -0.03015804 0.00379771
v -0.01477801 -0.02299487 0.00115311
v -0.01477801 -0.02299487 0.00316101
v -0.01403838 -0.01777786 0.00068939
v -0.01403838 -0.01777786 0.00269723
v -0.01319783 -0.01257628 0.00022703
v -0.01319783 -0.01257628 0.00223488
v -0.01271486 -0.01002216 0.00000000
v -0.01269698 -0.00993341 0.00199997
v -0.01168692 -0.00550115 0.00199997
v -0.00864995 -0.07049995 0.00399995
v -0.00864995 -0.07049995 0.00199997
v -0.00864995 -0.06999999 0.00399995
v -0.00864995 -0.06999999 0.00199997
v -0.01064997 -0.06799995 0.00399995
v -0.01064997 -0.06599998 0.00199997
v -0.01064997 -0.07049995 0.00399995
v -0.01064997 -0.07049995 0.00199997
v -0.01014995 -0.07099997 0.00199997
v -0.00914997 -0.07099997 0.00199997
v -0.01014995 -0.07099997 0.00399995
v -0.00914997 -0.07099997 0.00399995
v -0.01064997 -0.07049995 0.00199997
v -0.01014995 -0.07099997 0.00199997
v -0.01064997 -0.07049995 0.00399995
v -0.01014995 -0.07099997 0.00399995
v -0.00914997 -0.07099997 0.00199997
v -0.00864995 -0.07049995 0.00199997
v -0.00914997 -0.07099997 0.00399995
v -0.00864995 -0.07049995 0.00399995
v -0.02743119 -0.06599998 0.00199997
v -0.01064997 -0.06599998 0.00199997
v -0.02799999 -0.06699997 0.00299996
v -0.01064997 -0.06799995 0.00399995
v -0.02799999 -0.06799995 0.00399995
v -0.01802593 -0.04169166 0.00399995
v -0.01655650 -0.03471779 0.00399995
v 0.01655650 -0.03471779 0.00399995
v 0.00864995 -0.06999999 0.00399995
v -0.00864995 -0.06999999 0.00399995
v -0.01064997 -0.06799995 0.00399995
v -0.01014995 -0.07099997 0.00399995
v -0.01064997 -0.07049995 0.00399995
v -0.00914997 -0.07099997 0.00399995
v -0.00864995 -0.07049995 0.00399995
v -0.02799999 -0.06799995 0.00399995
v -0.02799999 -0.06699997 0.00399995
v 0.02799999 -0.07049995 0.00399995
v 0.02749997 -0.07099997 0.00399995
v 0.02799999 -0.06699997 0.00399995
v 0.00914997 -0.07099997 0.00399995
v 0.02594316 -0.06323128 0.00399995
v 0.00864995 -0.07049995 0.00399995
v 0.02274775 -0.05632376 0.00399995
v 0.02003955 -0.04889363 0.00399995
v 0.01802593 -0.04169166 0.00399995
v -0.02594316 -0.06323128 0.00399995
v -0.02274775 -0.05632376 0.00399995
v -0.02003955 -0.04889363 0.00399995
v 0.01655650 -0.03471779 0.00399995
v -0.01655650 -0.03471779 0.00399995
v -0.01642221 -0.03396326 0.00399446
v -0.01580089 -0.03015804 0.00379771
v 0.01580089 -0.03015804 0.00379771
v -0.01642221 -0.03396326 0.00399446
v 0.01642221 -0.03396326 0.00399446
v 0.01580089 -0.03015804 0.00379771
v -0.01580089 -0.03015804 0.00379771
v -0.01475864 -0.02285462 0.00314850
v -0.01269698 -0.00993341 0.00199997
v 0.01269698 -0.00993341 0.00199997
v -0.01318782 -0.01252037 0.00222993
v 0.01318782 -0.01252037 0.00222993
v -0.01402378 -0.01767975 0.00268853
v 0.01402378 -0.01767975 0.00268853
v 0.01475864 -0.02285462 0.00314850
v -0.00999999 0.00000000 0.00199997
v 0.00999999 0.00000000 0.00199997
v -0.01168143 -0.00547999 0.00199997
v 0.01168143 -0.00547999 0.00199997
v -0.01269698 -0.00993341 0.00199997
v 0.01269698 -0.00993341 0.00199997
v 0.01356744 -0.06499999 0.01462495
v 0.01402497 -0.06499999 0.01416742
v 0.01464998 -0.06499999 0.01524996
v 0.01464998 -0.06499999 0.01399999
v 0.01527500 -0.06499999 0.01416742
v 0.01402497 -0.06499999 0.01633250
v 0.01356744 -0.06499999 0.01587498
v 0.01339995 -0.06499999 0.01524996
v 0.01573252 -0.06499999 0.01587498
v 0.01527500 -0.06499999 0.01633250
v 0.01464998 -0.06499999 0.01649999
v 0.01573252 -0.06499999 0.01462495
v 0.01589995 -0.06499999 0.01524996
v -0.00864995 -0.01353573 0.00825000
v -0.00864995 -0.06400001 0.00825000
v 0.00864995 -0.01353573 0.00825000
v 0.00864995 -0.06400001 0.00825000
v -0.00923526 -0.06394231 0.00830763
v -0.00997138 -0.01636928 0.00855666
v -0.00930214 -0.01423525 0.00832170
v -0.00953650 -0.01482224 0.00838393
v -0.00966394 -0.01521408 0.00842655
v -0.00883633 -0.01359319 0.00825578
v -0.00899774 -0.01373559 0.00827020
v -0.00909227 -0.01385867 0.00828278
v -0.00868070 -0.01353728 0.00825012
v -0.00881362 -0.01358002 0.00825441
v -0.01051259 -0.01915949 0.00889826
v -0.01075273 -0.02075755 0.00911027
v -0.01016622 -0.06358861 0.00866133
v -0.00979805 -0.06377160 0.00847834
v -0.01015406 -0.01719892 0.00865430
v -0.01025253 -0.01769173 0.00871384
v -0.01097214 -0.02247422 0.00935066
v -0.01116853 -0.02430027 0.00961995
v -0.01077127 -0.06312131 0.00912863
v -0.01124870 -0.02515774 0.00975108
v -0.01125466 -0.06248843 0.00976151
v -0.01144272 -0.02768528 0.01015430
v -0.01159721 -0.03083336 0.01068979
v -0.01142162 -0.06214803 0.01010191
v -0.01164996 -0.03392767 0.01124995
v -0.01164996 -0.06099998 0.01124995
v -0.01164996 -0.04303163 0.01429551
v -0.01164996 -0.03709048 0.01225900
v -0.01164996 -0.04900884 0.01652097
v -0.01164996 -0.05500525 0.01892632
v -0.01164996 -0.06099998 0.02150660
v -0.01161748 -0.06144034 0.02183514
v -0.01142162 -0.06214803 0.01010191
v -0.01150530 -0.06192040 0.02219647
v -0.01125466 -0.06248843 0.00976151
v -0.01131153 -0.06238424 0.02254897
v -0.01077127 -0.06312131 0.00912863
v -0.01105350 -0.06279528 0.02286404
v -0.01077127 -0.06312131 0.00912863
v -0.01075303 -0.06313937 0.02312988
v -0.01016622 -0.06358861 0.00866133
v -0.01039123 -0.06344294 0.02336591
v -0.00979805 -0.06377160 0.00847834
v -0.00979805 -0.06377160 0.00847834
v -0.00999910 -0.06367951 0.02355092
v -0.00923526 -0.06394231 0.00830763
v -0.00957328 -0.06385433 0.02368825
v -0.00864995 -0.06400001 0.00825000
v -0.00910318 -0.06396555 0.02377581
v -0.00864995 -0.06400001 0.02380299
v 0.01077127 -0.06312131 0.00912863
v 0.01014995 -0.06359803 0.00865191
v 0.01096904 -0.06290310 0.02294719
v 0.00864995 -0.06400001 0.02380299
v 0.00901723 -0.06397742 0.02378517
v 0.00864995 -0.06400001 0.00825000
v 0.00912976 -0.06396138 0.02377253
v 0.01086819 -0.06301981 0.02303725
v 0.00957161 -0.06385487 0.02368867
v 0.00999451 -0.06368184 0.02355271
v 0.00942641 -0.06389778 0.00835222
v 0.01014244 -0.06360238 0.02349054
v 0.01052719 -0.06334006 0.02328574
v 0.01124805 -0.06250000 0.00974995
v 0.01124334 -0.06250810 0.02264362
v 0.01145166 -0.06207257 0.02231180
v 0.01160937 -0.06149196 0.02187377
v 0.01164996 -0.06099998 0.02150660
v 0.01164996 -0.06099998 0.01124995
v 0.01148939 -0.06196838 0.02223283
v 0.01154774 -0.06177645 0.01047348
v 0.01164996 -0.04012626 0.01327717
v 0.01164996 -0.03392767 0.01124995
v 0.01164996 -0.04642498 0.01553773
v 0.01164996 -0.05901741 0.02063322
v 0.01164996 -0.05276149 0.01800602
v 0.01156508 -0.02998161 0.01054137
v 0.01124805 -0.06250000 0.00974995
v 0.01164531 -0.03302389 0.01108300
v 0.01154774 -0.06177645 0.01047348
v 0.01149404 -0.02853488 0.01029527
v 0.01124805 -0.06250000 0.00974995
v 0.01126766 -0.02537274 0.00978440
v 0.01077127 -0.06312131 0.00912863
v 0.01095235 -0.02230697 0.00932664
v 0.01014995 -0.06359803 0.00865191
v 0.01055979 -0.01945370 0.00893641
v 0.01018112 -0.01733094 0.00867009
v 0.00942641 -0.06389778 0.00835222
v 0.00942641 -0.06389778 0.00835222
v 0.00993556 -0.01621949 0.00853938
v 0.00960892 -0.01503866 0.00840735
v 0.00935340 -0.01434880 0.00833362
v 0.00923073 -0.01409113 0.00830674
v 0.00904399 -0.01379215 0.00827598
v 0.00897354 -0.01370882 0.00826746
v 0.00883269 -0.01359099 0.00825554
v 0.00877684 -0.01356238 0.00825268
v 0.00659996 -0.06400001 0.02028918
v 0.00703919 -0.06400001 0.01984995
v 0.00719994 -0.06400001 0.01924997
v 0.00479996 -0.06400001 0.01924997
v -0.00599998 -0.06400001 0.01804995
v -0.00539994 -0.06400001 0.01821076
v -0.00539994 -0.06400001 0.02028918
v -0.00599998 -0.06400001 0.02044999
v -0.00659996 -0.06400001 0.02028918
v 0.00659996 -0.06400001 0.01021075
v 0.00703919 -0.06400001 0.01064997
v 0.00719994 -0.06400001 0.01124995
v -0.00659996 -0.06400001 0.01228922
v -0.00703919 -0.06400001 0.01184999
v -0.00719994 -0.06400001 0.01124995
v 0.00703919 -0.06400001 0.01184999
v 0.00659996 -0.06400001 0.01228922
v 0.00703919 -0.06400001 0.01864999
v -0.00703919 -0.06400001 0.01984995
v -0.00719994 -0.06400001 0.01924997
v -0.00703919 -0.06400001 0.01064997
v -0.00659996 -0.06400001 0.01021075
v -0.00599998 -0.06400001 0.01004999
v 0.00539994 -0.06400001 0.01228922
v 0.00496071 -0.06400001 0.01184999
v -0.00539994 -0.06400001 0.01228922
v -0.00496071 -0.06400001 0.01864999
v -0.00479996 -0.06400001 0.01924997
v 0.00496071 -0.06400001 0.01984995
v 0.00539994 -0.06400001 0.01821076
v 0.00599998 -0.06400001 0.01244997
v 0.00599998 -0.06400001 0.01804995
v 0.00659996 -0.06400001 0.01821076
v -0.00703919 -0.06400001 0.01864999
v -0.00659996 -0.06400001 0.01821076
v -0.00599998 -0.06400001 0.01244997
v 0.00496071 -0.06400001 0.01864999
v 0.00599998 -0.06400001 0.02044999
v 0.00539994 -0.06400001 0.02028918
v -0.00496071 -0.06400001 0.01984995
v -0.00539994 -0.06400001 0.01021075
v 0.00479996 -0.06400001 0.01124995
v 0.00496071 -0.06400001 0.01064997
v 0.00539994 -0.06400001 0.01021075
v 0.00599998 -0.06400001 0.01004999
v -0.00496071 -0.06400001 0.01064997
v -0.00479996 -0.06400001 0.01124995
v -0.00496071 -0.06400001 0.01184999
v 0.01464998 -0.06499999 0.01649999
v 0.01464998 -0.07049995 0.01649999
v 0.01402497 -0.06499999 0.01633250
v 0.01402497 -0.07049995 0.01633250
v 0.01402497 -0.06499999 0.01633250
v 0.01402497 -0.07049995 0.01633250
v 0.01356744 -0.06499999 0.01587498
v 0.01356744 -0.07049995 0.01587498
v 0.01356744 -0.06499999 0.01587498
v 0.01356744 -0.07049995 0.01587498
v 0.01339995 -0.06499999 0.01524996
v 0.01339995 -0.07049995 0.01524996
v 0.01339995 -0.06499999 0.01524996
v 0.01339995 -0.07049995 0.01524996
v 0.01356744 -0.06499999 0.01462495
v 0.01356744 -0.07049995 0.01462495
v 0.01356744 -0.06499999 0.01462495
v 0.01356744 -0.07049995 0.01462495
v 0.01402497 -0.06499999 0.01416742
v 0.01402497 -0.07049995 0.01416742
v 0.01402497 -0.06499999 0.01416742
v 0.01402497 -0.07049995 0.01416742
v 0.01464998 -0.06499999 0.01399999
v 0.01464998 -0.07049995 0.01399999
v 0.01464998 -0.06499999 0.01399999
v 0.01464998 -0.07049995 0.01399999
v 0.01527500 -0.06499999 0.01416742
v 0.01527500 -0.07049995 0.01416742
v 0.01527500 -0.06499999 0.01416742
v 0.01527500 -0.07049995 0.01416742
v 0.01573252 -0.06499999 0.01462495
v 0.01573252 -0.07049995 0.01462495
v 0.01573252 -0.06499999 0.01462495
v 0.01573252 -0.07049995 0.01462495
v 0.01589995 -0.06499999 0.01524996
v 0.01589995 -0.07049995 0.01524996
v 0.01589995 -0.06499999 0.01524996
v 0.01589995 -0.07049995 0.01524996
v 0.01573252 -0.06499999 0.01587498
v 0.01573252 -0.07049995 0.01587498
v 0.01573252 -0.06499999 0.01587498
v 0.01573252 -0.07049995 0.01587498
v 0.01527500 -0.06499999 0.01633250
v 0.01527500 -0.07049995 0.01633250
v 0.01527500 -0.06499999 0.01633250
v 0.01527500 -0.07049995 0.01633250
v 0.01464998 -0.06499999 0.01649999
v 0.01464998 -0.07049995 0.01649999
v -0.00864995 -0.01342499 0.00824690
v 0.00864995 -0.01342499 0.00824690
v -0.00864995 -0.01331460 0.00823772
v 0.00864995 -0.01331460 0.00823772
v -0.00864995 -0.01320487 0.00822240
v 0.00864995 -0.01320487 0.00822240
v -0.01301467 -0.02488410 0.01074683
v -0.01330459 -0.02715694 0.01135283
v -0.01252329 -0.02727746 0.01121926
v -0.00870121 -0.01320642 0.00822270
v -0.00869435 -0.01331615 0.00823796
v -0.01025152 -0.01623851 0.00866425
v -0.00988293 -0.01509153 0.00848746
v -0.00972909 -0.01470243 0.00842953
v -0.00944495 -0.01411962 0.00834477
v -0.00918967 -0.01374566 0.00829160
v -0.00907439 -0.01362341 0.00827449
v -0.00887751 -0.01348209 0.00825483
v -0.00884974 -0.01346898 0.00825298
v -0.00868755 -0.01342654 0.00824714
v -0.00892270 -0.01324844 0.00822973
v -0.00888616 -0.01335835 0.00824475
v -0.00896060 -0.01326137 0.00823188
v -0.00891900 -0.01337134 0.00824684
v -0.00922954 -0.01340121 0.00825554
v -0.00915182 -0.01351177 0.00826961
v -0.00938720 -0.01352214 0.00827610
v -0.00928813 -0.01363325 0.00828940
v -0.00973689 -0.01389223 0.00833988
v -0.00959033 -0.01400494 0.00835085
v -0.01012754 -0.01446920 0.00844187
v -0.00992697 -0.01458424 0.00844890
v -0.01033997 -0.01485449 0.00851166
v -0.01010954 -0.01497101 0.00851595
v -0.01085227 -0.01599091 0.00872499
v -0.01054781 -0.01611125 0.00872087
v -0.01101887 -0.01642441 0.00880933
v -0.01094532 -0.01741677 0.00896823
v -0.01132088 -0.01729285 0.00898296
v -0.01175433 -0.01873898 0.00928569
v -0.01130884 -0.01886588 0.00925791
v -0.01215463 -0.02031457 0.00963414
v -0.01163941 -0.02044355 0.00959062
v -0.01252025 -0.02200841 0.01002943
v -0.01193499 -0.02213799 0.00996703
v -0.01284754 -0.02381151 0.01047259
v -0.01219129 -0.02393990 0.01038783
v -0.01058453 -0.01755148 0.00887734
v -0.01088738 -0.01900863 0.00912642
v -0.01116085 -0.02059477 0.00941181
v -0.01140284 -0.02229815 0.00973374
v -0.01160961 -0.02410924 0.01009243
v -0.01356202 -0.03027123 0.01223570
v -0.01266908 -0.03037631 0.01204657
v -0.01186758 -0.02746355 0.01079714
v -0.01186758 -0.02746355 0.01079714
v -0.01196455 -0.03057789 0.01149225
v -0.01191794 -0.03363120 0.01220500
v -0.01264995 -0.03341418 0.01290416
v -0.01264995 -0.03341418 0.01290416
v -0.01365000 -0.03333473 0.01316004
v -0.01365000 -0.03435248 0.01347887
v -0.01264995 -0.03655141 0.01390498
v -0.01264995 -0.03655141 0.01390498
v -0.01191794 -0.03677922 0.01320934
v -0.01365000 -0.03646802 0.01415967
v -0.01365000 -0.04235798 0.01617866
v -0.01264995 -0.04244822 0.01592636
v -0.01365000 -0.04464429 0.01700955
v -0.01264995 -0.04838407 0.01813644
v -0.01365000 -0.06018584 0.02333343
v -0.01264995 -0.06029492 0.02308869
v -0.01365000 -0.05534911 0.02123808
v -0.01264995 -0.05434060 0.02052575
v -0.01365000 -0.05423772 0.02077317
v -0.01365000 -0.04828745 0.01838630
v -0.01191794 -0.03677922 0.01320934
v -0.01264995 -0.04244822 0.01592636
v -0.01191794 -0.04269480 0.01523709
v -0.01264995 -0.04838407 0.01813644
v -0.01191794 -0.04864811 0.01745367
v -0.01264995 -0.05434060 0.02052575
v -0.01191794 -0.05462151 0.01984971
v -0.01264995 -0.06029492 0.02308869
v -0.01191794 -0.06059288 0.02241998
v -0.01191794 -0.04269480 0.01523709
v -0.01191794 -0.04864811 0.01745367
v -0.01191794 -0.05462151 0.01984971
v -0.01191794 -0.06059288 0.02241998
v -0.01359581 -0.06091392 0.02365928
v -0.01263952 -0.06089764 0.02337980
v -0.01192057 -0.06108891 0.02271693
v -0.01263952 -0.06089764 0.02337980
v -0.01340883 -0.06170749 0.02401769
v -0.01252061 -0.06156390 0.02370315
v -0.01308590 -0.06247419 0.02436727
v -0.01228457 -0.06221598 0.02402114
v -0.01265585 -0.06315350 0.02467972
v -0.01195222 -0.06279987 0.02430742
v -0.01215505 -0.06372219 0.02494335
v -0.01155322 -0.06329280 0.02455031
v -0.01155209 -0.06422376 0.02517735
v -0.01106345 -0.06373035 0.02476680
v -0.01089847 -0.06461465 0.02536076
v -0.01052552 -0.06407320 0.02493703
v -0.01018881 -0.06490355 0.02549684
v -0.00993633 -0.06432747 0.02506369
v -0.00940526 -0.06508719 0.02558368
v -0.00928223 -0.06448960 0.02514463
v -0.00864995 -0.06514406 0.02561056
v -0.00864995 -0.06453984 0.02516973
v -0.01192057 -0.06108891 0.02271693
v -0.01252061 -0.06156390 0.02370315
v -0.01183408 -0.06164067 0.02304631
v -0.01228457 -0.06221598 0.02402114
v -0.01164925 -0.06218373 0.02337008
v -0.01195222 -0.06279987 0.02430742
v -0.01138204 -0.06267237 0.02366137
v -0.01155322 -0.06329280 0.02455031
v -0.01105690 -0.06308645 0.02390831
v -0.01106345 -0.06373035 0.02476680
v -0.01065433 -0.06345516 0.02412837
v -0.01052552 -0.06407320 0.02493703
v -0.01020961 -0.06374472 0.02430135
v -0.00993633 -0.06432747 0.02506369
v -0.00972068 -0.06395989 0.02443003
v -0.00917655 -0.06409722 0.02451223
v -0.00917655 -0.06409722 0.02451223
v -0.00864995 -0.06413984 0.02453774
v -0.01183408 -0.06164067 0.02304631
v -0.01164925 -0.06218373 0.02337008
v -0.01138204 -0.06267237 0.02366137
v -0.01105690 -0.06308645 0.02390831
v -0.01065433 -0.06345516 0.02412837
v -0.01020961 -0.06374472 0.02430135
v -0.00972068 -0.06395989 0.02443003
v 0.00864995 -0.06514406 0.02561056
v 0.00864995 -0.06453984 0.02516973
v 0.00864995 -0.06413984 0.02453774
v 0.00926203 -0.06510680 0.02559292
v 0.00916237 -0.06450694 0.02515327
v 0.00907677 -0.06411194 0.02452099
v 0.00944960 -0.06508028 0.02558040
v 0.00931924 -0.06448352 0.02514159
v 0.01018607 -0.06490439 0.02549725
v 0.00993407 -0.06432825 0.02506411
v 0.01089084 -0.06461846 0.02536255
v 0.01051920 -0.06407654 0.02493870
v 0.01113736 -0.06448727 0.02530086
v 0.01072281 -0.06396132 0.02488142
v 0.01177865 -0.06405383 0.02509790
v 0.01124840 -0.06358182 0.02469319
v 0.01234698 -0.06352454 0.02485150
v 0.01170718 -0.06312108 0.02446556
v 0.01251506 -0.06333178 0.02476215
v 0.01184105 -0.06295400 0.02438324
v 0.01297229 -0.06267887 0.02446115
v 0.01219815 -0.06239134 0.02410703
v 0.01331949 -0.06195902 0.02413207
v 0.01245731 -0.06177699 0.02380686
v 0.01338231 -0.06178677 0.02405375
v 0.01250207 -0.06163102 0.02373576
v 0.01358228 -0.06099921 0.02369767
v 0.01263225 -0.06096881 0.02341425
v 0.01365000 -0.06018584 0.02333343
v 0.01264995 -0.06029492 0.02308869
v 0.00920737 -0.06409204 0.02450913
v 0.00971877 -0.06396055 0.02443045
v 0.01020437 -0.06374758 0.02430307
v 0.01037293 -0.06365019 0.02424484
v 0.01124840 -0.06358182 0.02469319
v 0.01080667 -0.06332987 0.02405357
v 0.01170718 -0.06312108 0.02446556
v 0.01118272 -0.06294202 0.02382218
v 0.01184105 -0.06295400 0.02438324
v 0.01129180 -0.06280171 0.02373850
v 0.01219815 -0.06239134 0.02410703
v 0.01158022 -0.06233030 0.02345746
v 0.01245731 -0.06177699 0.02380686
v 0.01178532 -0.06181788 0.02315199
v 0.01250207 -0.06163102 0.02373576
v 0.01181989 -0.06169646 0.02307957
v 0.01263225 -0.06096881 0.02341425
v 0.01191592 -0.06114768 0.02275204
v 0.01264995 -0.06029492 0.02308869
v 0.01191794 -0.06059288 0.02241998
v 0.01129180 -0.06280171 0.02373850
v 0.01158022 -0.06233030 0.02345746
v 0.01178532 -0.06181788 0.02315199
v 0.01181989 -0.06169646 0.02307957
v 0.01191592 -0.06114768 0.02275204
v 0.01191794 -0.06059288 0.02241998
v 0.01365000 -0.05821895 0.02246695
v 0.01264995 -0.05832588 0.02222126
v 0.01191794 -0.05861818 0.02155005
v 0.01264995 -0.05832588 0.02222126
v 0.01365000 -0.05534911 0.02123808
v 0.01264995 -0.05211168 0.01961153
v 0.01365000 -0.05201113 0.01985991
v 0.01365000 -0.04572385 0.01741081
v 0.01264995 -0.04581779 0.01715981
v 0.01365000 -0.04464429 0.01700955
v 0.01264995 -0.03956401 0.01491546
v 0.01365000 -0.03947705 0.01516890
v 0.01264995 -0.03341418 0.01290416
v 0.01365000 -0.03435248 0.01347887
v 0.01365000 -0.03333473 0.01316004
v 0.01191794 -0.05861818 0.02155005
v 0.01264995 -0.05211168 0.01961153
v 0.01191794 -0.05238628 0.01893299
v 0.01264995 -0.04581779 0.01715981
v 0.01191794 -0.04607445 0.01647424
v 0.01264995 -0.03956401 0.01491546
v 0.01191794 -0.03980165 0.01422303
v 0.01264995 -0.03341418 0.01290416
v 0.01191794 -0.03363120 0.01220500
v 0.01191794 -0.05238628 0.01893299
v 0.01191794 -0.04607445 0.01647424
v 0.01191794 -0.03980165 0.01422303
v 0.01191794 -0.03363120 0.01220500
v 0.01364225 -0.03243976 0.01288449
v 0.01267325 -0.03252798 0.01264953
v 0.01194697 -0.03274047 0.01199436
v 0.01267325 -0.03252798 0.01264953
v 0.01350849 -0.02942836 0.01199096
v 0.01264542 -0.02953857 0.01181799
v 0.01339006 -0.02799719 0.01158517
v 0.01257824 -0.02811443 0.01143765
v 0.01301503 -0.02488666 0.01074749
v 0.01231616 -0.02499777 0.01064425
v 0.01301276 -0.02487099 0.01074343
v 0.01248723 -0.02184337 0.00998998
v 0.01190859 -0.02197295 0.00992954
v 0.01183301 -0.01902896 0.00934839
v 0.01137429 -0.01915633 0.00931787
v 0.01120185 -0.01693755 0.00891113
v 0.01084476 -0.01706063 0.00889945
v 0.01101905 -0.01642477 0.00880939
v 0.01049697 -0.01596343 0.00869375
v 0.01079267 -0.01584357 0.00869668
v 0.01024824 -0.01468199 0.00848025
v 0.01003074 -0.01479786 0.00848579
v 0.00982237 -0.01400381 0.00835937
v 0.00966406 -0.01411694 0.00836957
v 0.00961787 -0.01375061 0.00831532
v 0.00948751 -0.01386272 0.00832719
v 0.00930673 -0.01345682 0.00826496
v 0.00921857 -0.01356768 0.00827867
v 0.00918925 -0.01337492 0.00825107
v 0.00911695 -0.01348537 0.00826532
v 0.00895452 -0.01325917 0.00823152
v 0.00891369 -0.01336914 0.00824648
v 0.00886136 -0.01323103 0.00822681
v 0.00883305 -0.01334089 0.00824195
v 0.01194697 -0.03274047 0.01199436
v 0.01264542 -0.02953857 0.01181799
v 0.01195216 -0.02973592 0.01130086
v 0.01257824 -0.02811443 0.01143765
v 0.01190745 -0.02830469 0.01098126
v 0.01231616 -0.02499777 0.01064425
v 0.01170855 -0.02517247 0.01031041
v 0.01138138 -0.02213221 0.00970167
v 0.01138138 -0.02213221 0.00970167
v 0.01094168 -0.01930069 0.00917786
v 0.01050043 -0.01719331 0.00881809
v 0.01020884 -0.01608979 0.00864082
v 0.00981659 -0.01491731 0.00846141
v 0.00950724 -0.01423233 0.00836092
v 0.00935817 -0.01397651 0.00832433
v 0.00913083 -0.01367962 0.00828236
v 0.00904495 -0.01359683 0.00827080
v 0.00887305 -0.01347982 0.00825453
v 0.00880486 -0.01345145 0.00825059
v 0.01195216 -0.02973592 0.01130086
v 0.01190745 -0.02830469 0.01098126
v 0.01170855 -0.02517247 0.01031041
v 0.01800000 -0.06638592 0.02620333
v -0.01800000 -0.06638592 0.02620333
v 0.01800000 -0.06701964 0.02642488
v -0.01800000 -0.06701964 0.02642488
v 0.01800000 -0.06768667 0.02649998
v -0.01800000 -0.06768667 0.02649998
v -0.01800000 -0.06849998 0.02599996
v -0.01800000 -0.06799995 0.02649998
v -0.02058815 -0.06799995 0.02615922
v -0.02045875 -0.06849998 0.02567625
v -0.02300000 -0.06799995 0.02516025
v -0.02274996 -0.06849998 0.02472722
v -0.02507102 -0.06799995 0.02357107
v -0.02471750 -0.06849998 0.02321749
v -0.02666020 -0.06799995 0.02149999
v -0.02622723 -0.06849998 0.02124994
v -0.02765923 -0.06799995 0.01908814
v -0.02717626 -0.06849998 0.01895874
v -0.02799999 -0.06799995 0.01649999
v -0.02749997 -0.06849998 0.01649999
v 0.00599998 -0.06400001 0.01244997
v 0.00599998 -0.06999999 0.01244997
v 0.00539994 -0.06400001 0.01228922
v 0.00539994 -0.06999999 0.01228922
v 0.00539994 -0.06400001 0.01228922
v 0.00539994 -0.06999999 0.01228922
v 0.00496071 -0.06400001 0.01184999
v 0.00496071 -0.06999999 0.01184999
v 0.00496071 -0.06400001 0.01184999
v 0.00496071 -0.06999999 0.01184999
v 0.00479996 -0.06400001 0.01124995
v 0.00479996 -0.06999999 0.01124995
v 0.00479996 -0.06400001 0.01124995
v 0.00479996 -0.06999999 0.01124995
v 0.00496071 -0.06400001 0.01064997
v 0.00496071 -0.06999999 0.01064997
v 0.00496071 -0.06400001 0.01064997
v 0.00496071 -0.06999999 0.01064997
v 0.00539994 -0.06400001 0.01021075
v 0.00539994 -0.06999999 0.01021075
v 0.00539994 -0.06400001 0.01021075
v 0.00539994 -0.06999999 0.01021075
v 0.00599998 -0.06400001 0.01004999
v 0.00599998 -0.06999999 0.01004999
v 0.00599998 -0.06400001 0.01004999
v 0.00599998 -0.06999999 0.01004999
v 0.00659996 -0.06400001 0.01021075
v 0.00659996 -0.06999999 0.01021075
v 0.00659996 -0.06400001 0.01021075
v 0.00659996 -0.06999999 0.01021075
v 0.00703919 -0.06400001 0.01064997
v 0.00703919 -0.06999999 0.01064997
v 0.00703919 -0.06400001 0.01064997
v 0.00703919 -0.06999999 0.01064997
v 0.00719994 -0.06400001 0.01124995
v 0.00719994 -0.06999999 0.01124995
v 0.00719994 -0.06400001 0.01124995
v 0.00719994 -0.06999999 0.01124995
v 0.00703919 -0.06400001 0.01184999
v 0.00703919 -0.06999999 0.01184999
v 0.00703919 -0.06400001 0.01184999
v 0.00703919 -0.06999999 0.01184999
v 0.00659996 -0.06400001 0.01228922
v 0.00659996 -0.06999999 0.01228922
v 0.00659996 -0.06400001 0.01228922
v 0.00659996 -0.06999999 0.01228922
v 0.00599998 -0.06400001 0.01244997
v 0.00599998 -0.06999999 0.01244997
v 0.00599998 -0.06400001 0.02044999
v 0.00599998 -0.06999999 0.02044999
v 0.00539994 -0.06400001 0.02028918
v 0.00539994 -0.06999999 0.02028918
v 0.00539994 -0.06400001 0.02028918
v 0.00539994 -0.06999999 0.02028918
v 0.00496071 -0.06400001 0.01984995
v 0.00496071 -0.06999999 0.01984995
v 0.00496071 -0.06400001 0.01984995
v 0.00496071 -0.06999999 0.01984995
v 0.00479996 -0.06400001 0.01924997
v 0.00479996 -0.06999999 0.01924997
v 0.00479996 -0.06400001 0.01924997
v 0.00479996 -0.06999999 0.01924997
v 0.00496071 -0.06400001 0.01864999
v 0.00496071 -0.06999999 0.01864999
v 0.00496071 -0.06400001 0.01864999
v 0.00496071 -0.06999999 0.01864999
v 0.00539994 -0.06400001 0.01821076
v 0.00539994 -0.06999999 0.01821076
v 0.00539994 -0.06400001 0.01821076
v 0.00539994 -0.06999999 0.01821076
v 0.00599998 -0.06400001 0.01804995
v 0.00599998 -0.06999999 0.01804995
v 0.00599998 -0.06400001 0.01804995
v 0.00599998 -0.06999999 0.01804995
v 0.00659996 -0.06400001 0.01821076
v 0.00659996 -0.06999999 0.01821076
v 0.00659996 -0.06400001 0.01821076
v 0.00659996 -0.06999999 0.01821076
v 0.00703919 -0.06400001 0.01864999
v 0.00703919 -0.06999999 0.01864999
v 0.00703919 -0.06400001 0.01864999
v 0.00703919 -0.06999999 0.01864999
v 0.00719994 -0.06400001 0.01924997
v 0.00719994 -0.06999999 0.01924997
v 0.00719994 -0.06400001 0.01924997
v 0.00719994 -0.06999999 0.01924997
v 0.00703919 -0.06400001 0.01984995
v 0.00703919 -0.06999999 0.01984995
v 0.00703919 -0.06400001 0.01984995
v 0.00703919 -0.06999999 0.01984995
v 0.00659996 -0.06400001 0.02028918
v 0.00659996 -0.06999999 0.02028918
v 0.00659996 -0.06400001 0.02028918
v 0.00659996 -0.06999999 0.02028918
v 0.00599998 -0.06400001 0.02044999
v 0.00599998 -0.06999999 0.02044999
v -0.00599998 -0.06400001 0.01244997
v -0.00599998 -0.06999999 0.01244997
v -0.00659996 -0.06400001 0.01228922
v -0.00659996 -0.06999999 0.01228922
v -0.00659996 -0.06400001 0.01228922
v -0.00659996 -0.06999999 0.01228922
v -0.00703919 -0.06400001 0.01184999
v -0.00703919 -0.06999999 0.01184999
v -0.00703919 -0.06400001 0.01184999
v -0.00703919 -0.06999999 0.01184999
v -0.00719994 -0.06400001 0.01124995
v -0.00719994 -0.06999999 0.01124995
v -0.00719994 -0.06400001 0.01124995
v -0.00719994 -0.06999999 0.01124995
v -0.00703919 -0.06400001 0.01064997
v -0.00703919 -0.06999999 0.01064997
v -0.00703919 -0.06400001 0.01064997
v -0.00703919 -0.06999999 0.01064997
v -0.00659996 -0.06400001 0.01021075
v -0.00659996 -0.06999999 0.01021075
v -0.00659996 -0.06400001 0.01021075
v -0.00659996 -0.06999999 0.01021075
v -0.00599998 -0.06400001 0.01004999
v -0.00599998 -0.06999999 0.01004999
v -0.00599998 -0.06400001 0.01004999
v -0.00599998 -0.06999999 0.01004999
v -0.00539994 -0.06400001 0.01021075
v -0.00539994 -0.06999999 0.01021075
v -0.00539994 -0.06400001 0.01021075
v -0.00539994 -0.06999999 0.01021075
v -0.00496071 -0.06400001 0.01064997
v -0.00496071 -0.06999999 0.01064997
v -0.00496071 -0.06400001 0.01064997
v -0.00496071 -0.06999999 0.01064997
v -0.00479996 -0.06400001 0.01124995
v -0.00479996 -0.06999999 0.01124995
v -0.00479996 -0.06400001 0.01124995
v -0.00479996 -0.06999999 0.01124995
v -0.00496071 -0.06400001 0.01184999
v -0.00496071 -0.06999999 0.01184999
v -0.00496071 -0.06400001 0.01184999
v -0.00496071 -0.06999999 0.01184999
v -0.00539994 -0.06400001 0.01228922
v -0.00539994 -0.06999999 0.01228922
v -0.00539994 -0.06400001 0.01228922
v -0.00539994 -0.06999999 0.01228922
v -0.00599998 -0.06400001 0.01244997
v -0.00599998 -0.06999999 0.01244997
v -0.00599998 -0.06400001 0.02044999
v -0.00599998 -0.06999999 0.02044999
v -0.00659996 -0.06400001 0.02028918
v -0.00659996 -0.06999999 0.02028918
v -0.00659996 -0.06400001 0.02028918
v -0.00659996 -0.06999999 0.02028918
v -0.00703919 -0.06400001 0.01984995
v -0.00703919 -0.06999999 0.01984995
v -0.00703919 -0.06400001 0.01984995
v -0.00703919 -0.06999999 0.01984995
v -0.00719994 -0.06400001 0.01924997
v -0.00719994 -0.06999999 0.01924997
v -0.00719994 -0.06400001 0.01924997
v -0.00719994 -0.06999999 0.01924997
v -0.00703919 -0.06400001 0.01864999
v -0.00703919 -0.06999999 0.01864999
v -0.00703919 -0.06400001 0.01864999
v -0.00703919 -0.06999999 0.01864999
v -0.00659996 -0.06400001 0.01821076
v -0.00659996 -0.06999999 0.01821076
v -0.00659996 -0.06400001 0.01821076
v -0.00659996 -0.06999999 0.01821076
v -0.00599998 -0.06400001 0.01804995
v -0.00599998 -0.06999999 0.01804995
v -0.00599998 -0.06400001 0.01804995
v -0.00599998 -0.06999999 0.01804995
v -0.00539994 -0.06400001 0.01821076
v -0.00539994 -0.06999999 0.01821076
v -0.00539994 -0.06400001 0.01821076
v -0.00539994 -0.06999999 0.01821076
v -0.00496071 -0.06400001 0.01864999
v -0.00496071 -0.06999999 0.01864999
v -0.00496071 -0.06400001 0.01864999
v -0.00496071 -0.06999999 0.01864999
v -0.00479996 -0.06400001 0.01924997
v -0.00479996 -0.06999999 0.01924997
v -0.00479996 -0.06400001 0.01924997
v -0.00479996 -0.06999999 0.01924997
v -0.00496071 -0.06400001 0.01984995
v -0.00496071 -0.06999999 0.01984995
v -0.00496071 -0.06400001 0.01984995
v -0.00496071 -0.06999999 0.01984995
v -0.00539994 -0.06400001 0.02028918
v -0.00539994 -0.06999999 0.02028918
v -0.00539994 -0.06400001 0.02028918
v -0.00539994 -0.06999999 0.02028918
v -0.00599998 -0.06400001 0.02044999
v -0.00599998 -0.06999999 0.02044999
v 0.01402497 -0.07049995 0.01633250
v 0.01377499 -0.07099997 0.01676553
v 0.01356744 -0.07049995 0.01587498
v 0.01313441 -0.07099997 0.01612496
v 0.01339995 -0.07049995 0.01524996
v 0.01289999 -0.07099997 0.01524996
v 0.01356744 -0.07049995 0.01462495
v 0.01313441 -0.07099997 0.01437497
v 0.01402497 -0.07049995 0.01416742
v 0.01377499 -0.07099997 0.01373445
v 0.01464998 -0.07049995 0.01399999
v 0.01464998 -0.07099997 0.01349997
v 0.01527500 -0.07049995 0.01416742
v 0.01552498 -0.07099997 0.01373445
v 0.01573252 -0.07049995 0.01462495
v 0.01616549 -0.07099997 0.01437497
v 0.01589995 -0.07049995 0.01524996
v 0.01639997 -0.07099997 0.01524996
v 0.01573252 -0.07049995 0.01587498
v 0.01616549 -0.07099997 0.01612496
v 0.01527500 -0.07049995 0.01633250
v 0.01552498 -0.07099997 0.01676553
v 0.01464998 -0.07049995 0.01649999
v 0.01464998 -0.07099997 0.01699995
v 0.00703919 -0.06999999 0.01064997
v 0.00719994 -0.06999999 0.01124995
v 0.00864995 -0.06999999 0.02649998
v 0.00703919 -0.06999999 0.01184999
v 0.00539994 -0.06999999 0.01228922
v 0.00599998 -0.06999999 0.01244997
v 0.00599998 -0.06999999 0.01804995
v -0.00703919 -0.06999999 0.01984995
v -0.00864995 -0.06999999 0.02649998
v -0.00719994 -0.06999999 0.01924997
v 0.00659996 -0.06999999 0.02028918
v 0.00703919 -0.06999999 0.01984995
v 0.00719994 -0.06999999 0.01924997
v 0.00703919 -0.06999999 0.01864999
v 0.00659996 -0.06999999 0.01821076
v 0.00659996 -0.06999999 0.01228922
v 0.00659996 -0.06999999 0.01021075
v 0.00599998 -0.06999999 0.01004999
v 0.00539994 -0.06999999 0.01021075
v -0.00599998 -0.06999999 0.01004999
v -0.00659996 -0.06999999 0.01021075
v -0.00703919 -0.06999999 0.01064997
v -0.00719994 -0.06999999 0.01124995
v 0.00539994 -0.06999999 0.01821076
v 0.00479996 -0.06999999 0.01124995
v 0.00496071 -0.06999999 0.01184999
v -0.00496071 -0.06999999 0.01864999
v -0.00539994 -0.06999999 0.01821076
v -0.00539994 -0.06999999 0.01021075
v -0.00496071 -0.06999999 0.01064997
v -0.00479996 -0.06999999 0.01124995
v -0.00703919 -0.06999999 0.01184999
v -0.00599998 -0.06999999 0.01804995
v -0.00659996 -0.06999999 0.01821076
v -0.00703919 -0.06999999 0.01864999
v 0.00496071 -0.06999999 0.01864999
v -0.00539994 -0.06999999 0.02028918
v 0.00496071 -0.06999999 0.01064997
v -0.00496071 -0.06999999 0.01984995
v -0.00479996 -0.06999999 0.01924997
v -0.00659996 -0.06999999 0.02028918
v -0.00599998 -0.06999999 0.02044999
v -0.00659996 -0.06999999 0.01228922
v -0.00599998 -0.06999999 0.01244997
v -0.00539994 -0.06999999 0.01228922
v -0.00496071 -0.06999999 0.01184999
v 0.00479996 -0.06999999 0.01924997
v 0.00496071 -0.06999999 0.01984995
v 0.00539994 -0.06999999 0.02028918
v 0.00599998 -0.06999999 0.02044999
v -0.01064997 -0.06799995 0.02649998
v -0.01064997 -0.06849998 0.02599996
v 0.00864995 -0.06999999 0.02649998
v 0.00864995 -0.07049995 0.02649998
v 0.01800000 -0.07049995 0.02649998
v -0.00914997 -0.07099997 0.02649998
v -0.00864995 -0.07049995 0.02649998
v -0.00864995 -0.06999999 0.02649998
v -0.01064997 -0.06799995 0.02649998
v -0.01800000 -0.06799995 0.02649998
v -0.01014995 -0.07099997 0.02649998
v -0.01064997 -0.07049995 0.02649998
v -0.00864995 -0.06999999 0.02649998
v -0.00864995 -0.07049995 0.02649998
v -0.00914997 -0.07099997 0.02649998
v -0.01014995 -0.07099997 0.02649998
v -0.00864995 -0.07049995 0.02649998
v -0.00914997 -0.07099997 0.02649998
v -0.02749997 -0.06849998 0.01649999
v -0.02749997 -0.06849998 0.00449997
v -0.01064997 -0.06849998 0.00449997
v -0.01064997 -0.06849998 0.02599996
v -0.01800000 -0.06849998 0.02599996
v -0.02045875 -0.06849998 0.02567625
v -0.02274996 -0.06849998 0.02472722
v -0.02471750 -0.06849998 0.02321749
v -0.02622723 -0.06849998 0.02124994
v -0.02717626 -0.06849998 0.01895874
v -0.01064997 -0.07049995 0.02649998
v -0.01064997 -0.06799995 0.02649998
v -0.01064997 -0.06849998 0.02599996
v -0.01064997 -0.06849998 0.00449997
v -0.02799999 -0.06799995 0.00399995
v -0.02749997 -0.06849998 0.00449997
v -0.01064997 -0.06849998 0.00449997
v -0.02749997 -0.06849998 0.00449997
v -0.01014995 -0.07099997 0.02649998
v -0.01064997 -0.07049995 0.02649998
v 0.00914997 -0.07099997 0.02599996
v 0.01800000 -0.07099997 0.02599996
v 0.00864995 -0.07049995 0.02649998
v 0.01800000 -0.07049995 0.02649998
v 0.02749997 -0.07099997 0.01649999
v 0.02799999 -0.07049995 0.01649999
v 0.02765923 -0.07049995 0.01908814
v 0.02717626 -0.07099997 0.01895874
v 0.02666020 -0.07049995 0.02149999
v 0.02622723 -0.07099997 0.02124994
v 0.02507102 -0.07049995 0.02357107
v 0.02471750 -0.07099997 0.02321749
v 0.02300000 -0.07049995 0.02516025
v 0.02274996 -0.07099997 0.02472722
v 0.02058815 -0.07049995 0.02615922
v 0.02045875 -0.07099997 0.02567625
v 0.00887185 0.00000000 0.00699997
v -0.00881130 0.00000000 0.00699997
v -0.00948763 -0.00190341 0.00703061
v 0.01145321 -0.00901663 0.00760686
v 0.01115047 -0.00766176 0.00744784
v -0.01139301 -0.00901425 0.00760657
v 0.01039046 -0.00466961 0.00717503
v -0.01085263 -0.00666582 0.00734460
v 0.01008778 -0.00361717 0.00710702
v -0.00975305 -0.00272149 0.00706160
v -0.01002699 -0.00361544 0.00710690
v -0.01273477 -0.01642334 0.00880909
v -0.01264142 -0.01582795 0.00869370
v -0.01194435 -0.01176434 0.00799072
v 0.01161336 -0.00977665 0.00770509
v 0.01199924 -0.01174002 0.00798696
v 0.01279461 -0.01642686 0.00880980
v 0.01270377 -0.01584744 0.00869745
v 0.01373994 -0.02296042 0.01026058
v 0.01388853 -0.02402848 0.01052749
v 0.01400852 -0.02488845 0.01074796
v 0.01493585 -0.03117275 0.01250213
v 0.01508951 -0.03211969 0.01278704
v 0.01547586 -0.03436189 0.01348185
v 0.01580440 -0.03611660 0.01404494
v 0.01643383 -0.03914940 0.01505672
v 0.01664060 -0.04006749 0.01537239
v 0.01779466 -0.04465419 0.01701319
v 0.01832091 -0.04650425 0.01770436
v 0.01871138 -0.04779905 0.01819801
v 0.02071613 -0.05363976 0.02052551
v 0.02136254 -0.05529671 0.02121603
v 0.02241349 -0.06310445 0.02465707
v 0.02304321 -0.06185650 0.02408540
v 0.02352678 -0.06063377 0.02353358
v 0.02360039 -0.06042104 0.02343839
v 0.02138870 -0.05536192 0.02124345
v 0.02020770 -0.06564998 0.02585089
v 0.02027273 -0.06560444 0.02582919
v 0.02090787 -0.06507784 0.02557921
v 0.02152347 -0.06440979 0.02526450
v 0.02172309 -0.06415522 0.02514529
v 0.01964801 -0.06598150 0.02600920
v 0.01908951 -0.06621086 0.02611917
v 0.01853227 -0.06634438 0.02618330
v -0.02027273 -0.06560444 0.02582919
v -0.02020770 -0.06564998 0.02585089
v -0.01964801 -0.06598150 0.02600920
v -0.01853227 -0.06634438 0.02618330
v -0.01908951 -0.06621086 0.02611917
v -0.02090787 -0.06507784 0.02557921
v -0.02152347 -0.06440979 0.02526450
v -0.02241349 -0.06310445 0.02465707
v -0.02172309 -0.06415522 0.02514529
v -0.02256226 -0.05831277 0.02250778
v -0.02356940 -0.06051152 0.02347886
v -0.02352678 -0.06063377 0.02353358
v -0.02304321 -0.06185650 0.02408540
v -0.01772916 -0.04465013 0.01701170
v -0.01977860 -0.05125081 0.01955360
v -0.02132034 -0.05536627 0.02124530
v -0.01541453 -0.03435933 0.01348102
v -0.01573795 -0.03609013 0.01403629
v -0.01583164 -0.03656834 0.01419252
v -0.01657122 -0.04003787 0.01536214
v -0.01752227 -0.04388451 0.01673054
v -0.01502537 -0.03209656 0.01278001
v -0.01440262 -0.02806919 0.01160532
v -0.01437610 -0.02788782 0.01155471
v -0.01394891 -0.02488750 0.01074773
v -0.01311963 -0.01898980 0.00933987
v 0.02799999 -0.06699997 0.01649999
v 0.02799999 -0.07049995 0.01649999
v 0.02058815 -0.07049995 0.02615922
v 0.01955646 -0.06750917 0.02637809
v 0.01876044 -0.06764453 0.02647101
v 0.02215409 -0.06636083 0.02559632
v 0.02124679 -0.06689453 0.02595824
v 0.02300000 -0.07049995 0.02516025
v 0.02115386 -0.06694060 0.02598959
v 0.02058815 -0.07049995 0.02615922
v 0.02035427 -0.06727665 0.02621889
v 0.02520459 -0.06309813 0.02343487
v 0.02430504 -0.06436175 0.02426183
v 0.02507102 -0.07049995 0.02357107
v 0.02331870 -0.06542605 0.02496820
v 0.02303355 -0.06568396 0.02514076
v 0.02556478 -0.06248813 0.02304011
v 0.02594316 -0.06323128 0.02257502
v 0.02667951 -0.06463056 0.02146649
v 0.02666020 -0.07049995 0.02149999
v 0.02765923 -0.07049995 0.01908814
v 0.02795237 -0.06691741 0.01747471
v 0.02781629 -0.06668031 0.01840794
v 0.02760505 -0.06630885 0.01928251
v 0.02733546 -0.06582880 0.02008444
v 0.02494966 -0.06200075 0.02353292
v 0.02454608 -0.06173336 0.02369886
v 0.02423983 -0.06241077 0.02401816
v 0.02539128 -0.06214147 0.02320295
v 0.02531492 -0.06212824 0.02327096
v 0.02418959 -0.06137150 0.02372497
v 0.02391237 -0.06098955 0.02365046
v 0.02423983 -0.06241077 0.02401816
v 0.02343791 -0.06368082 0.02466952
v 0.02257186 -0.06475007 0.02522462
v 0.02232331 -0.06500905 0.02536010
v 0.02156066 -0.06568878 0.02571737
v 0.02077859 -0.06622457 0.02600091
v 0.02069872 -0.06627088 0.02602547
v 0.02001255 -0.06660813 0.02620494
v 0.01932960 -0.06684148 0.02632951
v 0.01864933 -0.06697732 0.02640223
v 0.02343791 -0.06368082 0.02466952
v 0.01508951 -0.03211969 0.01278704
v 0.01609706 -0.03203612 0.01164615
v 0.01493585 -0.03117275 0.01250213
v 0.02531492 -0.06212824 0.02327096
v 0.02539128 -0.06214147 0.02320295
v 0.02480554 -0.06094264 0.02265352
v 0.02360039 -0.06042104 0.02343839
v 0.02391237 -0.06098955 0.02365046
v 0.02494966 -0.06200075 0.02353292
v 0.02454608 -0.06173336 0.02369886
v 0.02418959 -0.06137150 0.02372497
v 0.02138870 -0.05536192 0.02124345
v 0.02274972 -0.05632847 0.02061098
v 0.02136254 -0.05529671 0.02121603
v 0.02204000 -0.05455774 0.01985645
v 0.02096146 -0.05164414 0.01864922
v 0.02071613 -0.05363976 0.02052551
v 0.01871138 -0.04779905 0.01819801
v 0.02004057 -0.04889678 0.01754963
v 0.01972430 -0.04788702 0.01715493
v 0.01766210 -0.04014438 0.01429849
v 0.01664060 -0.04006749 0.01537239
v 0.01802724 -0.04169720 0.01484686
v 0.01779466 -0.04465419 0.01701319
v 0.01832091 -0.04650425 0.01770436
v 0.01642376 -0.03397220 0.01224583
v 0.01547586 -0.03436189 0.01348185
v 0.01684522 -0.03626108 0.01298278
v 0.01580440 -0.03611660 0.01404494
v 0.01643383 -0.03914940 0.01505672
v 0.01400852 -0.02488845 0.01074796
v 0.01489359 -0.02383190 0.00936240
v 0.01388853 -0.02402848 0.01052749
v 0.01475942 -0.02286022 0.00912148
v 0.01373994 -0.02296042 0.01026058
v 0.01279461 -0.01642686 0.00880980
v 0.01370501 -0.01560086 0.00754505
v 0.01270377 -0.01584744 0.00869745
v 0.01318901 -0.01252686 0.00700951
v 0.01199924 -0.01174002 0.00798696
v 0.01161336 -0.00977665 0.00770509
v 0.01267755 -0.00983751 0.00661451
v 0.01145321 -0.00901663 0.00760686
v 0.00999999 0.00000000 0.00588411
v 0.00887185 0.00000000 0.00699997
v 0.01110517 -0.00338310 0.00599182
v 0.01008778 -0.00361717 0.00710702
v 0.01152551 -0.00488585 0.00609148
v 0.01039046 -0.00466961 0.00717503
v 0.01115047 -0.00766176 0.00744784
v 0.01218378 -0.00754666 0.00633746
v 0.01168185 -0.00548160 0.00613904
v -0.00881130 0.00000000 0.00699997
v -0.00999999 0.00000000 0.00594109
v -0.00948763 -0.00190341 0.00703061
v -0.01022726 -0.00063772 0.00594842
v -0.00975305 -0.00272149 0.00706160
v -0.01109892 -0.00336170 0.00604850
v -0.01164466 -0.00533783 0.00618541
v -0.01085263 -0.00666582 0.00734460
v -0.01002699 -0.00361544 0.00710690
v -0.01002699 -0.00361544 0.00710690
v -0.01168155 -0.00548047 0.00619721
v -0.01085263 -0.00666582 0.00734460
v -0.01217842 -0.00752318 0.00639355
v -0.01139301 -0.00901425 0.00760657
v -0.01194435 -0.01176434 0.00799072
v -0.01284766 -0.01069402 0.00679147
v -0.01318907 -0.01252710 0.00706875
v -0.01264142 -0.01582795 0.00869370
v -0.01392483 -0.01702082 0.00788021
v -0.01273477 -0.01642334 0.00880909
v -0.01311963 -0.01898980 0.00933987
v -0.01436084 -0.02000403 0.00851267
v -0.01394891 -0.02488750 0.01074773
v -0.01476007 -0.02286523 0.00918317
v -0.01506781 -0.02508974 0.00974488
v -0.01437610 -0.02788782 0.01155471
v -0.01550793 -0.02819371 0.01058435
v -0.01440262 -0.02806919 0.01160532
v -0.01628905 -0.03319156 0.01206386
v -0.01657122 -0.04003787 0.01536214
v -0.01583164 -0.03656834 0.01419252
v -0.01683467 -0.03620654 0.01302820
v -0.01573795 -0.03609013 0.01403629
v -0.01642298 -0.03396797 0.01230716
v -0.01541453 -0.03435933 0.01348102
v -0.01502537 -0.03209656 0.01278001
v -0.01787507 -0.04106187 0.01468586
v -0.01802647 -0.04169410 0.01491087
v -0.01752227 -0.04388451 0.01673054
v -0.01861375 -0.04400640 0.01575118
v -0.01772916 -0.04465013 0.01701170
v -0.01977860 -0.05125081 0.01955360
v -0.01985985 -0.04832434 0.01739275
v -0.02004021 -0.04889571 0.01761698
v -0.02399367 -0.06122469 0.02372390
v -0.02364373 -0.06066185 0.02354347
v -0.02445620 -0.06128603 0.02335524
v -0.02471947 -0.06187421 0.02364611
v -0.02457106 -0.06178498 0.02370071
v -0.02436000 -0.06162267 0.02374672
v -0.02274912 -0.05632698 0.02068144
v -0.02534574 -0.06204980 0.02323472
v -0.02504134 -0.06200343 0.02347010
v -0.02093422 -0.05156660 0.01868659
v -0.02235591 -0.05535906 0.02026653
v -0.02132034 -0.05536627 0.02124530
v -0.02256226 -0.05831277 0.02250778
v -0.02356940 -0.06051152 0.02347886
v -0.02534574 -0.06204980 0.02323472
v -0.02556478 -0.06248813 0.02304011
v -0.02504134 -0.06200343 0.02347010
v -0.02520459 -0.06309813 0.02343487
v -0.02471947 -0.06187421 0.02364611
v -0.02399367 -0.06122469 0.02372390
v -0.02364373 -0.06066185 0.02354347
v -0.02436000 -0.06162267 0.02374672
v -0.02423983 -0.06241077 0.02401816
v -0.02457106 -0.06178498 0.02370071
v -0.02430504 -0.06436175 0.02426183
v -0.02343791 -0.06368082 0.02466952
v -0.02331870 -0.06542605 0.02496820
v -0.02257186 -0.06475007 0.02522462
v -0.02303355 -0.06568396 0.02514076
v -0.02232331 -0.06500905 0.02536010
v -0.02215409 -0.06636083 0.02559632
v -0.02156066 -0.06568878 0.02571737
v -0.02124679 -0.06689453 0.02595824
v -0.02077859 -0.06622457 0.02600091
v -0.02115386 -0.06694060 0.02598959
v -0.02069872 -0.06627088 0.02602547
v -0.02035427 -0.06727665 0.02621889
v -0.02001255 -0.06660813 0.02620494
v -0.01955646 -0.06750917 0.02637809
v -0.01932960 -0.06684148 0.02632951
v -0.01876044 -0.06764453 0.02647101
v -0.01864933 -0.06697732 0.02640223
v -0.02058815 -0.06799995 0.02615922
v -0.02507102 -0.06799995 0.02357107
v -0.02799999 -0.06699997 0.01649999
v -0.02799999 -0.06799995 0.01649999
v -0.02795308 -0.06691867 0.01746708
v -0.02765923 -0.06799995 0.01908814
v -0.02783894 -0.06671994 0.01828724
v -0.02765554 -0.06639802 0.01910197
v -0.02750349 -0.06612879 0.01961177
v -0.02666020 -0.06799995 0.02149999
v -0.02716821 -0.06552737 0.02049291
v -0.02594316 -0.06323128 0.02257502
v -0.02658563 -0.06445550 0.02162700
v -0.02300000 -0.06799995 0.02516025
v 0.00999999 0.00000000 0.00588411
v 0.00887185 0.00000000 0.00699997
v -0.00881130 0.00000000 0.00699997
v -0.00999999 0.00000000 0.00594109
v -0.01164466 -0.00533783 0.00618541
v -0.01109892 -0.00336170 0.00604850
v -0.01168143 -0.00547999 0.00199997
v -0.00999999 0.00000000 0.00199997
v -0.01022726 -0.00063772 0.00594842
v -0.00999999 0.00000000 0.00594109
v -0.01318782 -0.01252037 0.00222993
v -0.01284766 -0.01069402 0.00679147
v -0.01217842 -0.00752318 0.00639355
v -0.01168155 -0.00548047 0.00619721
v -0.01475864 -0.02285462 0.00314850
v -0.01436084 -0.02000403 0.00851267
v -0.01402378 -0.01767975 0.00268853
v -0.01392483 -0.01702082 0.00788021
v -0.01318907 -0.01252710 0.00706875
v -0.01506781 -0.02508974 0.00974488
v -0.01476007 -0.02286523 0.00918317
v -0.01802647 -0.04169410 0.01491087
v -0.01787507 -0.04106187 0.01468586
v -0.01802593 -0.04169166 0.00399995
v -0.01683467 -0.03620654 0.01302820
v -0.01642298 -0.03396797 0.01230716
v -0.01642221 -0.03396326 0.00399446
v -0.01628905 -0.03319156 0.01206386
v -0.01550793 -0.02819371 0.01058435
v -0.01861375 -0.04400640 0.01575118
v -0.02003955 -0.04889363 0.00399995
v -0.01985985 -0.04832434 0.01739275
v -0.02274912 -0.05632698 0.02068144
v -0.02235591 -0.05535906 0.02026653
v -0.02274775 -0.05632376 0.00399995
v -0.02093422 -0.05156660 0.01868659
v -0.02004021 -0.04889571 0.01761698
v -0.02594316 -0.06323128 0.00399995
v -0.02799999 -0.06699997 0.00399995
v -0.02799999 -0.06699997 0.01649999
v -0.02750349 -0.06612879 0.01961177
v -0.02716821 -0.06552737 0.02049291
v -0.02694553 -0.06512176 0.01953750
v -0.02658563 -0.06445550 0.02162700
v -0.02594316 -0.06323128 0.02257502
v -0.02795308 -0.06691867 0.01746708
v -0.02783894 -0.06671994 0.01828724
v -0.02765554 -0.06639802 0.01910197
v -0.02534574 -0.06204980 0.02323472
v -0.02556478 -0.06248813 0.02304011
v 0.01269698 -0.00993341 0.00199997
v 0.01267755 -0.00983751 0.00661451
v 0.01318782 -0.01252037 0.00222993
v 0.01318901 -0.01252686 0.00700951
v 0.01402378 -0.01767975 0.00268853
v 0.01370501 -0.01560086 0.00754505
v 0.01475864 -0.02285462 0.00314850
v 0.01642376 -0.03397220 0.01224583
v 0.01684522 -0.03626108 0.01298278
v 0.01802593 -0.04169166 0.00399995
v 0.01475942 -0.02286022 0.00912148
v 0.01489359 -0.02383190 0.00936240
v 0.01580089 -0.03015804 0.00379771
v 0.01609706 -0.03203612 0.01164615
v 0.01642221 -0.03396326 0.00399446
v 0.01642221 -0.03396326 0.00399446
v 0.01655650 -0.03471779 0.00399995
v 0.01766210 -0.04014438 0.01429849
v 0.01802724 -0.04169720 0.01484686
v 0.02003955 -0.04889363 0.00399995
v 0.01972430 -0.04788702 0.01715493
v 0.02004057 -0.04889678 0.01754963
v 0.02274775 -0.05632376 0.00399995
v 0.02096146 -0.05164414 0.01864922
v 0.02204000 -0.05455774 0.01985645
v 0.02274972 -0.05632847 0.02061098
v 0.02594316 -0.06323128 0.00399995
v 0.02480554 -0.06094264 0.02265352
v 0.02539128 -0.06214147 0.02320295
v 0.02556478 -0.06248813 0.02304011
v 0.02760505 -0.06630885 0.01928251
v 0.02781629 -0.06668031 0.01840794
v 0.02694553 -0.06512176 0.01953750
v 0.02795237 -0.06691741 0.01747471
v 0.02799999 -0.06699997 0.01649999
v 0.02594316 -0.06323128 0.02257502
v 0.02667951 -0.06463056 0.02146649
v 0.02733546 -0.06582880 0.02008444
v 0.02799999 -0.06699997 0.00399995
v 0.00999999 0.00000000 0.00588411
v 0.01168143 -0.00547999 0.00199997
v 0.01110517 -0.00338310 0.00599182
v 0.01152551 -0.00488585 0.00609148
v 0.01168143 -0.00547999 0.00199997
v 0.01168185 -0.00548160 0.00613904
v 0.01218378 -0.00754666 0.00633746
v 0.02622723 -0.07099997 0.02124994
v 0.01616549 -0.07099997 0.01612496
v 0.02717626 -0.07099997 0.01895874
v 0.01639997 -0.07099997 0.01524996
v 0.02749997 -0.07099997 0.01649999
v 0.01616549 -0.07099997 0.01437497
v 0.01552498 -0.07099997 0.01373445
v 0.01464998 -0.07099997 0.01349997
v 0.01377499 -0.07099997 0.01373445
v 0.01313441 -0.07099997 0.01437497
v 0.01289999 -0.07099997 0.01524996
v 0.00914997 -0.07099997 0.02599996
v 0.01313441 -0.07099997 0.01612496
v 0.01377499 -0.07099997 0.01676553
v 0.01800000 -0.07099997 0.02599996
v 0.01464998 -0.07099997 0.01699995
v 0.02045875 -0.07099997 0.02567625
v 0.01552498 -0.07099997 0.01676553
v 0.02274996 -0.07099997 0.02472722
v 0.02471750 -0.07099997 0.02321749
v 0.00864995 -0.07049995 0.02649998
v 0.00864995 -0.06999999 0.02649998
v 0.00914997 -0.07099997 0.02599996
v 0.00864995 -0.07049995 0.02649998
v 0.01271486 -0.01002216 0.00000000
v -0.01271486 -0.01002216 0.00000000
v -0.01168692 -0.00550115 0.00000000
v 0.01168692 -0.00550115 0.00000000
v -0.00999999 0.00000000 0.00000000
v 0.00999999 0.00000000 0.00000000
vt 0.16666667 0.50000000
vt 0.16666667 0.50000000
vt 0.16666667 0.50000000
vt 0.16666667 0.50000000
vt 0.16666667 0.50000000
vt 0.16666667 0.50000000
vt 0.16666667 0.50000000
vt 0.16666667 0.50000000
vt 0.16666667 0.50000000
vt 0.16666667 0.50000000
vt 0.16666667 0.50000000
vt 0.16666667 0.50000000
vt 0.16666667 0.50000000
vt 0.16666667 0.50000000
vt 0.16666667 0.50000000
vt 0.16666667 0.50000000
vt 0.16666667 0.50000000
vt 0.16666667 0.50000000
vt 0.16666667 0.50000000
vt 0.16666667 0.50000000
vt 0.16666667 0.50000000
vt 0.16666667 0.50000000
vt 0.16666667 0.50000000
vt 0.16666667 0.50000000
vt 0.16666667 0.50000000
vt 0.16666667 0.50000000
vt 0.16666667 0.50000000
vt 0.16666667 0.50000000
vt 0.16666667 0.50000000
vt 0.16666667 0.50000000
vt 0.16666667 0.50000000
vt 0.16666667 0.50000000
vt 0.16666667 0.50000000
vt 0.16666667 0.50000000
vt 0.16666667 0.50000000
vt 0.16666667 0.50000000
vt 0.16666667 0.50000000
vt 0.16666667 0.50000000
vt 0.16666667 0.50000000
vt 0.16666667 0.50000000
vt 0.16666667 0.50000000
vt 0.16666667 0.50000000
vt 0.16666667 0.50000000
vt 0.16666667 0.50000000
vt 0.16666667 0.50000000
vt 0.16666667 0.50000000
vt 0.16666667 0.50000000
vt 0.16666667 0.50000000
vt 0.16666667 0.50000000
vt 0.16666667 0.50000000
vt 0.16666667 0.50000000
vt 0.16666667 0.50000000
vt 0.16666667 0.50000000
vt 0.16666667 0.50000000
vt 0.16666667 0.50000000
vt 0.16666667 0.50000000
vt 0.16666667 0.50000000
vt 0.16666667 0.50000000
vt 0.16666667 0.50000000
vt 0.16666667 0.50000000
vt 0.16666667 0.50000000
vt 0.16666667 0.50000000
vt 0.16666667 0.50000000
vt 0.16666667 0.50000000
vt 0.16666667 0.50000000
vt 0.16666667 0.50000000
vt 0.16666667 0.50000000
vt 0.16666667 0.50000000
vt 0.16666667 0.50000000
vt 0.16666667 0.50000000
vt 0.16666667 0.50000000
vt 0.16666667 0.50000000
vt 0.16666667 0.50000000
vt 0.16666667 0.50000000
vt 0.16666667 0.50000000
vt 0.16666667 0.50000000
vt 0.16666667 0.50000000
vt 0.16666667 0.50000000
vt 0.16666667 0.50000000
vt 0.16666667 0.50000000
vt 0.16666667 0.50000000
vt 0.16666667 0.50000000
vt 0.16666667 0.50000000
vt 0.16666667 0.50000000
vt 0.16666667 0.50000000
vt 0.16666667 0.50000000
vt 0.16666667 0.50000000
vt 0.16666667 0.50000000
vt 0.16666667 0.50000000
vt 0.16666667 0.50000000
vt 0.16666667 0.50000000
vt 0.16666667 0.50000000
vt 0.16666667 0.50000000
vt 0.16666667 0.50000000
vt 0.16666667 0.50000000
vt 0.16666667 0.50000000
vt 0.16666667 0.50000000
vt 0.16666667 0.50000000
vt 0.16666667 0.50000000
vt 0.16666667 0.50000000
vt 0.16666667 0.50000000
vt 0.16666667 0.50000000
vt 0.16666667 0.50000000
vt 0.16666667 0.50000000
vt 0.16666667 0.50000000
vt 0.16666667 0.50000000
vt 0.16666667 0.50000000
vt 0.16666667 0.50000000
vt 0.16666667 0.50000000
vt 0.16666667 0.50000000
vt 0.16666667 0.50000000
vt 0.16666667 0.50000000
vt 0.16666667 0.50000000
vt 0.16666667 0.50000000
vt 0.16666667 0.50000000
vt 0.16666667 0.50000000
vt 0.16666667 0.50000000
vt 0.16666667 0.50000000
vt 0.16666667 0.50000000
vt 0.16666667 0.50000000
vt 0.16666667 0.50000000
vt 0.16666667 0.50000000
vt 0.16666667 0.50000000
vt 0.16666667 0.50000000
vt 0.16666667 0.50000000
vt 0.16666667 0.50000000
vt 0.16666667 0.50000000
vt 0.16666667 0.50000000
vt 0.16666667 0.50000000
vt 0.16666667 0.50000000
vt 0.16666667 0.50000000
vt 0.16666667 0.50000000
vt 0.16666667 0.50000000
vt 0.16666667 0.50000000
vt 0.16666667 0.50000000
vt 0.16666667 0.50000000
vt 0.16666667 0.50000000
vt 0.16666667 0.50000000
vt 0.16666667 0.50000000
vt 0.16666667 0.50000000
vt 0.16666667 0.50000000
vt 0.16666667 0.50000000
vt 0.16666667 0.50000000
vt 0.16666667 0.50000000
vt 0.16666667 0.50000000
vt 0.16666667 0.50000000
vt 0.16666667 0.50000000
vt 0.16666667 0.50000000
vt 0.16666667 0.50000000
vt 0.16666667 0.50000000
vt 0.16666667 0.50000000
vt 0.16666667 0.50000000
vt 0.16666667 0.50000000
vt 0.16666667 0.50000000
vt 0.16666667 0.50000000
vt 0.16666667 0.50000000
vt 0.16666667 0.50000000
vt 0.16666667 0.50000000
vt 0.16666667 0.50000000
vt 0.16666667 0.50000000
vt 0.16666667 0.50000000
vt 0.16666667 0.50000000
vt 0.16666667 0.50000000
vt 0.16666667 0.50000000
vt 0.16666667 0.50000000
vt 0.16666667 0.50000000
vt 0.16666667 0.50000000
vt 0.16666667 0.50000000
vt 0.16666667 0.50000000
vt 0.16666667 0.50000000
vt 0.16666667 0.50000000
vt 0.16666667 0.50000000
vt 0.16666667 0.50000000
vt 0.16666667 0.50000000
vt 0.16666667 0.50000000
vt 0.16666667 0.50000000
vt 0.16666667 0.50000000
vt 0.16666667 0.50000000
vt 0.16666667 0.50000000
vt 0.16666667 0.50000000
vt 0.16666667 0.50000000
vt 0.16666667 0.50000000
vt 0.16666667 0.50000000
vt 0.16666667 0.50000000
vt 0.16666667 0.50000000
vt 0.16666667 0.50000000
vt 0.16666667 0.50000000
vt 0.16666667 0.50000000
vt 0.16666667 0.50000000
vt 0.16666667 0.50000000
vt 0.16666667 0.50000000
vt 0.16666667 0.50000000
vt 0.16666667 0.50000000
vt 0.16666667 0.50000000
vt 0.16666667 0.50000000
vt 0.16666667 0.50000000
vt 0.16666667 0.50000000
vt 0.16666667 0.50000000
vt 0.16666667 0.50000000
vt 0.16666667 0.50000000
vt 0.16666667 0.50000000
vt 0.16666667 0.50000000
vt 0.16666667 0.50000000
vt 0.16666667 0.50000000
vt 0.16666667 0.50000000
vt 0.16666667 0.50000000
vt 0.16666667 0.50000000
vt 0.16666667 0.50000000
vt 0.16666667 0.50000000
vt 0.16666667 0.50000000
vt 0.16666667 0.50000000
vt 0.16666667 0.50000000
vt 0.16666667 0.50000000
vt 0.16666667 0.50000000
vt 0.16666667 0.50000000
vt 0.16666667 0.50000000
vt 0.16666667 0.50000000
vt 0.16666667 0.50000000
vt 0.16666667 0.50000000
vt 0.16666667 0.50000000
vt 0.16666667 0.50000000
vt 0.16666667 0.50000000
vt 0.16666667 0.50000000
vt 0.16666667 0.50000000
vt 0.16666667 0.50000000
vt 0.16666667 0.50000000
vt 0.16666667 0.50000000
vt 0.16666667 0.50000000
vt 0.16666667 0.50000000
vt 0.16666667 0.50000000
vt 0.16666667 0.50000000
vt 0.16666667 0.50000000
vt 0.16666667 0.50000000
vt 0.16666667 0.50000000
vt 0.16666667 0.50000000
vt 0.16666667 0.50000000
vt 0.16666667 0.50000000
vt 0.16666667 0.50000000
vt 0.16666667 0.50000000
vt 0.16666667 0.50000000
vt 0.16666667 0.50000000
vt 0.16666667 0.50000000
vt 0.16666667 0.50000000
vt 0.16666667 0.50000000
vt 0.16666667 0.50000000
vt 0.16666667 0.50000000
vt 0.16666667 0.50000000
vt 0.16666667 0.50000000
vt 0.16666667 0.50000000
vt 0.16666667 0.50000000
vt 0.16666667 0.50000000
vt 0.16666667 0.50000000
vt 0.16666667 0.50000000
vt 0.16666667 0.50000000
vt 0.16666667 0.50000000
vt 0.16666667 0.50000000
vt 0.16666667 0.50000000
vt 0.16666667 0.50000000
vt 0.16666667 0.50000000
vt 0.16666667 0.50000000
vt 0.16666667 0.50000000
vt 0.16666667 0.50000000
vt 0.16666667 0.50000000
vt 0.16666667 0.50000000
vt 0.16666667 0.50000000
vt 0.16666667 0.50000000
vt 0.16666667 0.50000000
vt 0.16666667 0.50000000
vt 0.16666667 0.50000000
vt 0.16666667 0.50000000
vt 0.16666667 0.50000000
vt 0.16666667 0.50000000
vt 0.16666667 0.50000000
vt 0.16666667 0.50000000
vt 0.16666667 0.50000000
vt 0.16666667 0.50000000
vt 0.16666667 0.50000000
vt 0.16666667 0.50000000
vt 0.16666667 0.50000000
vt 0.16666667 0.50000000
vt 0.16666667 0.50000000
vt 0.16666667 0.50000000
vt 0.16666667 0.50000000
vt 0.16666667 0.50000000
vt 0.16666667 0.50000000
vt 0.16666667 0.50000000
vt 0.16666667 0.50000000
vt 0.16666667 0.50000000
vt 0.16666667 0.50000000
vt 0.16666667 0.50000000
vt 0.16666667 0.50000000
vt 0.16666667 0.50000000
vt 0.16666667 0.50000000
vt 0.16666667 0.50000000
vt 0.16666667 0.50000000
vt 0.16666667 0.50000000
vt 0.16666667 0.50000000
vt 0.16666667 0.50000000
vt 0.16666667 0.50000000
vt 0.16666667 0.50000000
vt 0.16666667 0.50000000
vt 0.16666667 0.50000000
vt 0.16666667 0.50000000
vt 0.16666667 0.50000000
vt 0.16666667 0.50000000
vt 0.16666667 0.50000000
vt 0.16666667 0.50000000
vt 0.16666667 0.50000000
vt 0.16666667 0.50000000
vt 0.16666667 0.50000000
vt 0.16666667 0.50000000
vt 0.16666667 0.50000000
vt 0.16666667 0.50000000
vt 0.16666667 0.50000000
vt 0.16666667 0.50000000
vt 0.16666667 0.50000000
vt 0.16666667 0.50000000
vt 0.16666667 0.50000000
vt 0.16666667 0.50000000
vt 0.16666667 0.50000000
vt 0.16666667 0.50000000
vt 0.16666667 0.50000000
vt 0.16666667 0.50000000
vt 0.16666667 0.50000000
vt 0.16666667 0.50000000
vt 0.16666667 0.50000000
vt 0.16666667 0.50000000
vt 0.16666667 0.50000000
vt 0.16666667 0.50000000
vt 0.16666667 0.50000000
vt 0.16666667 0.50000000
vt 0.16666667 0.50000000
vt 0.16666667 0.50000000
vt 0.16666667 0.50000000
vt 0.16666667 0.50000000
vt 0.16666667 0.50000000
vt 0.16666667 0.50000000
vt 0.16666667 0.50000000
vt 0.16666667 0.50000000
vt 0.16666667 0.50000000
vt 0.16666667 0.50000000
vt 0.16666667 0.50000000
vt 0.16666667 0.50000000
vt 0.16666667 0.50000000
vt 0.16666667 0.50000000
vt 0.16666667 0.50000000
vt 0.16666667 0.50000000
vt 0.16666667 0.50000000
vt 0.16666667 0.50000000
vt 0.16666667 0.50000000
vt 0.16666667 0.50000000
vt 0.16666667 0.50000000
vt 0.16666667 0.50000000
vt 0.16666667 0.50000000
vt 0.16666667 0.50000000
vt 0.16666667 0.50000000
vt 0.16666667 0.50000000
vt 0.16666667 0.50000000
vt 0.16666667 0.50000000
vt 0.16666667 0.50000000
vt 0.16666667 0.50000000
vt 0.16666667 0.50000000
vt 0.16666667 0.50000000
vt 0.16666667 0.50000000
vt 0.16666667 0.50000000
vt 0.16666667 0.50000000
vt 0.16666667 0.50000000
vt 0.16666667 0.50000000
vt 0.16666667 0.50000000
vt 0.16666667 0.50000000
vt 0.16666667 0.50000000
vt 0.16666667 0.50000000
vt 0.16666667 0.50000000
vt 0.16666667 0.50000000
vt 0.16666667 0.50000000
vt 0.16666667 0.50000000
vt 0.16666667 0.50000000
vt 0.16666667 0.50000000
vt 0.16666667 0.50000000
vt 0.16666667 0.50000000
vt 0.16666667 0.50000000
vt 0.16666667 0.50000000
vt 0.16666667 0.50000000
vt 0.16666667 0.50000000
vt 0.16666667 0.50000000
vt 0.16666667 0.50000000
vt 0.16666667 0.50000000
vt 0.16666667 0.50000000
vt 0.16666667 0.50000000
vt 0.16666667 0.50000000
vt 0.16666667 0.50000000
vt 0.16666667 0.50000000
vt 0.16666667 0.50000000
vt 0.16666667 0.50000000
vt 0.16666667 0.50000000
vt 0.16666667 0.50000000
vt 0.16666667 0.50000000
vt 0.16666667 0.50000000
vt 0.16666667 0.50000000
vt 0.16666667 0.50000000
vt 0.16666667 0.50000000
vt 0.16666667 0.50000000
vt 0.16666667 0.50000000
vt 0.16666667 0.50000000
vt 0.16666667 0.50000000
vt 0.16666667 0.50000000
vt 0.16666667 0.50000000
vt 0.16666667 0.50000000
vt 0.16666667 0.50000000
vt 0.16666667 0.50000000
vt 0.16666667 0.50000000
vt 0.16666667 0.50000000
vt 0.16666667 0.50000000
vt 0.16666667 0.50000000
vt 0.16666667 0.50000000
vt 0.16666667 0.50000000
vt 0.16666667 0.50000000
vt 0.16666667 0.50000000
vt 0.16666667 0.50000000
vt 0.16666667 0.50000000
vt 0.16666667 0.50000000
vt 0.16666667 0.50000000
vt 0.16666667 0.50000000
vt 0.16666667 0.50000000
vt 0.16666667 0.50000000
vt 0.16666667 0.50000000
vt 0.16666667 0.50000000
vt 0.16666667 0.50000000
vt 0.16666667 0.50000000
vt 0.16666667 0.50000000
vt 0.16666667 0.50000000
vt 0.16666667 0.50000000
vt 0.16666667 0.50000000
vt 0.16666667 0.50000000
vt 0.16666667 0.50000000
vt 0.16666667 0.50000000
vt 0.16666667 0.50000000
vt 0.16666667 0.50000000
vt 0.16666667 0.50000000
vt 0.16666667 0.50000000
vt 0.16666667 0.50000000
vt 0.16666667 0.50000000
vt 0.16666667 0.50000000
vt 0.16666667 0.50000000
vt 0.16666667 0.50000000
vt 0.16666667 0.50000000
vt 0.16666667 0.50000000
vt 0.16666667 0.50000000
vt 0.16666667 0.50000000
vt 0.16666667 0.50000000
vt 0.16666667 0.50000000
vt 0.16666667 0.50000000
vt 0.16666667 0.50000000
vt 0.16666667 0.50000000
vt 0.16666667 0.50000000
vt 0.16666667 0.50000000
vt 0.16666667 0.50000000
vt 0.16666667 0.50000000
vt 0.16666667 0.50000000
vt 0.16666667 0.50000000
vt 0.16666667 0.50000000
vt 0.16666667 0.50000000
vt 0.16666667 0.50000000
vt 0.16666667 0.50000000
vt 0.16666667 0.50000000
vt 0.16666667 0.50000000
vt 0.16666667 0.50000000
vt 0.16666667 0.50000000
vt 0.16666667 0.50000000
vt 0.16666667 0.50000000
vt 0.16666667 0.50000000
vt 0.16666667 0.50000000
vt 0.16666667 0.50000000
vt 0.16666667 0.50000000
vt 0.16666667 0.50000000
vt 0.16666667 0.50000000
vt 0.16666667 0.50000000
vt 0.16666667 0.50000000
vt 0.16666667 0.50000000
vt 0.16666667 0.50000000
vt 0.16666667 0.50000000
vt 0.16666667 0.50000000
vt 0.16666667 0.50000000
vt 0.16666667 0.50000000
vt 0.16666667 0.50000000
vt 0.16666667 0.50000000
vt 0.16666667 0.50000000
vt 0.16666667 0.50000000
vt 0.16666667 0.50000000
vt 0.16666667 0.50000000
vt 0.16666667 0.50000000
vt 0.16666667 0.50000000
vt 0.16666667 0.50000000
vt 0.16666667 0.50000000
vt 0.16666667 0.50000000
vt 0.16666667 0.50000000
vt 0.16666667 0.50000000
vt 0.16666667 0.50000000
vt 0.16666667 0.50000000
vt 0.16666667 0.50000000
vt 0.16666667 0.50000000
vt 0.16666667 0.50000000
vt 0.16666667 0.50000000
vt 0.16666667 0.50000000
vt 0.16666667 0.50000000
vt 0.16666667 0.50000000
vt 0.16666667 0.50000000
vt 0.16666667 0.50000000
vt 0.16666667 0.50000000
vt 0.16666667 0.50000000
vt 0.16666667 0.50000000
vt 0.16666667 0.50000000
vt 0.16666667 0.50000000
vt 0.16666667 0.50000000
vt 0.16666667 0.50000000
vt 0.16666667 0.50000000
vt 0.16666667 0.50000000
vt 0.16666667 0.50000000
vt 0.16666667 0.50000000
vt 0.16666667 0.50000000
vt 0.16666667 0.50000000
vt 0.16666667 0.50000000
vt 0.16666667 0.50000000
vt 0.16666667 0.50000000
vt 0.16666667 0.50000000
vt 0.16666667 0.50000000
vt 0.16666667 0.50000000
vt 0.16666667 0.50000000
vt 0.16666667 0.50000000
vt 0.16666667 0.50000000
vt 0.16666667 0.50000000
vt 0.16666667 0.50000000
vt 0.16666667 0.50000000
vt 0.16666667 0.50000000
vt 0.16666667 0.50000000
vt 0.16666667 0.50000000
vt 0.16666667 0.50000000
vt 0.16666667 0.50000000
vt 0.16666667 0.50000000
vt 0.16666667 0.50000000
vt 0.16666667 0.50000000
vt 0.16666667 0.50000000
vt 0.16666667 0.50000000
vt 0.16666667 0.50000000
vt 0.16666667 0.50000000
vt 0.16666667 0.50000000
vt 0.16666667 0.50000000
vt 0.16666667 0.50000000
vt 0.16666667 0.50000000
vt 0.50000000 0.50000000
vt 0.50000000 0.50000000
vt 0.50000000 0.50000000
vt 0.50000000 0.50000000
vt 0.50000000 0.50000000
vt 0.50000000 0.50000000
vt 0.50000000 0.50000000
vt 0.50000000 0.50000000
vt 0.50000000 0.50000000
vt 0.50000000 0.50000000
vt 0.50000000 0.50000000
vt 0.50000000 0.50000000
vt 0.50000000 0.50000000
vt 0.50000000 0.50000000
vt 0.50000000 0.50000000
vt 0.50000000 0.50000000
vt 0.50000000 0.50000000
vt 0.50000000 0.50000000
vt 0.50000000 0.50000000
vt 0.50000000 0.50000000
vt 0.50000000 0.50000000
vt 0.50000000 0.50000000
vt 0.50000000 0.50000000
vt 0.50000000 0.50000000
vt 0.50000000 0.50000000
vt 0.50000000 0.50000000
vt 0.50000000 0.50000000
vt 0.50000000 0.50000000
vt 0.50000000 0.50000000
vt 0.50000000 0.50000000
vt 0.50000000 0.50000000
vt 0.50000000 0.50000000
vt 0.50000000 0.50000000
vt 0.50000000 0.50000000
vt 0.50000000 0.50000000
vt 0.50000000 0.50000000
vt 0.50000000 0.50000000
vt 0.50000000 0.50000000
vt 0.50000000 0.50000000
vt 0.50000000 0.50000000
vt 0.50000000 0.50000000
vt 0.50000000 0.50000000
vt 0.50000000 0.50000000
vt 0.50000000 0.50000000
vt 0.50000000 0.50000000
vt 0.50000000 0.50000000
vt 0.50000000 0.50000000
vt 0.50000000 0.50000000
vt 0.50000000 0.50000000
vt 0.50000000 0.50000000
vt 0.50000000 0.50000000
vt 0.50000000 0.50000000
vt 0.50000000 0.50000000
vt 0.50000000 0.50000000
vt 0.50000000 0.50000000
vt 0.50000000 0.50000000
vt 0.50000000 0.50000000
vt 0.50000000 0.50000000
vt 0.50000000 0.50000000
vt 0.50000000 0.50000000
vt 0.50000000 0.50000000
vt 0.50000000 0.50000000
vt 0.50000000 0.50000000
vt 0.50000000 0.50000000
vt 0.50000000 0.50000000
vt 0.50000000 0.50000000
vt 0.50000000 0.50000000
vt 0.50000000 0.50000000
vt 0.50000000 0.50000000
vt 0.50000000 0.50000000
vt 0.50000000 0.50000000
vt 0.50000000 0.50000000
vt 0.50000000 0.50000000
vt 0.50000000 0.50000000
vt 0.50000000 0.50000000
vt 0.50000000 0.50000000
vt 0.50000000 0.50000000
vt 0.50000000 0.50000000
vt 0.50000000 0.50000000
vt 0.50000000 0.50000000
vt 0.50000000 0.50000000
vt 0.50000000 0.50000000
vt 0.50000000 0.50000000
vt 0.50000000 0.50000000
vt 0.50000000 0.50000000
vt 0.50000000 0.50000000
vt 0.50000000 0.50000000
vt 0.50000000 0.50000000
vt 0.50000000 0.50000000
vt 0.50000000 0.50000000
vt 0.50000000 0.50000000
vt 0.50000000 0.50000000
vt 0.50000000 0.50000000
vt 0.50000000 0.50000000
vt 0.50000000 0.50000000
vt 0.50000000 0.50000000
vt 0.50000000 0.50000000
vt 0.50000000 0.50000000
vt 0.50000000 0.50000000
vt 0.50000000 0.50000000
vt 0.50000000 0.50000000
vt 0.50000000 0.50000000
vt 0.50000000 0.50000000
vt 0.50000000 0.50000000
vt 0.50000000 0.50000000
vt 0.50000000 0.50000000
vt 0.50000000 0.50000000
vt 0.50000000 0.50000000
vt 0.50000000 0.50000000
vt 0.50000000 0.50000000
vt 0.50000000 0.50000000
vt 0.50000000 0.50000000
vt 0.50000000 0.50000000
vt 0.50000000 0.50000000
vt 0.50000000 0.50000000
vt 0.50000000 0.50000000
vt 0.50000000 0.50000000
vt 0.50000000 0.50000000
vt 0.50000000 0.50000000
vt 0.50000000 0.50000000
vt 0.50000000 0.50000000
vt 0.50000000 0.50000000
vt 0.50000000 0.50000000
vt 0.50000000 0.50000000
vt 0.50000000 0.50000000
vt 0.50000000 0.50000000
vt 0.50000000 0.50000000
vt 0.50000000 0.50000000
vt 0.50000000 0.50000000
vt 0.50000000 0.50000000
vt 0.50000000 0.50000000
vt 0.50000000 0.50000000
vt 0.50000000 0.50000000
vt 0.50000000 0.50000000
vt 0.50000000 0.50000000
vt 0.50000000 0.50000000
vt 0.50000000 0.50000000
vt 0.50000000 0.50000000
vt 0.50000000 0.50000000
vt 0.50000000 0.50000000
vt 0.50000000 0.50000000
vt 0.50000000 0.50000000
vt 0.50000000 0.50000000
vt 0.50000000 0.50000000
vt 0.50000000 0.50000000
vt 0.50000000 0.50000000
vt 0.50000000 0.50000000
vt 0.50000000 0.50000000
vt 0.50000000 0.50000000
vt 0.50000000 0.50000000
vt 0.50000000 0.50000000
vt 0.50000000 0.50000000
vt 0.50000000 0.50000000
vt 0.50000000 0.50000000
vt 0.50000000 0.50000000
vt 0.50000000 0.50000000
vt 0.50000000 0.50000000
vt 0.50000000 0.50000000
vt 0.50000000 0.50000000
vt 0.50000000 0.50000000
vt 0.50000000 0.50000000
vt 0.50000000 0.50000000
vt 0.50000000 0.50000000
vt 0.50000000 0.50000000
vt 0.50000000 0.50000000
vt 0.50000000 0.50000000
vt 0.50000000 0.50000000
vt 0.50000000 0.50000000
vt 0.50000000 0.50000000
vt 0.50000000 0.50000000
vt 0.50000000 0.50000000
vt 0.50000000 0.50000000
vt 0.50000000 0.50000000
vt 0.50000000 0.50000000
vt 0.50000000 0.50000000
vt 0.50000000 0.50000000
vt 0.50000000 0.50000000
vt 0.50000000 0.50000000
vt 0.50000000 0.50000000
vt 0.50000000 0.50000000
vt 0.50000000 0.50000000
vt 0.50000000 0.50000000
vt 0.50000000 0.50000000
vt 0.50000000 0.50000000
vt 0.50000000 0.50000000
vt 0.50000000 0.50000000
vt 0.50000000 0.50000000
vt 0.50000000 0.50000000
vt 0.50000000 0.50000000
vt 0.50000000 0.50000000
vt 0.50000000 0.50000000
vt 0.50000000 0.50000000
vt 0.50000000 0.50000000
vt 0.50000000 0.50000000
vt 0.50000000 0.50000000
vt 0.50000000 0.50000000
vt 0.50000000 0.50000000
vt 0.50000000 0.50000000
vt 0.50000000 0.50000000
vt 0.50000000 0.50000000
vt 0.50000000 0.50000000
vt 0.50000000 0.50000000
vt 0.50000000 0.50000000
vt 0.50000000 0.50000000
vt 0.50000000 0.50000000
vt 0.50000000 0.50000000
vt 0.50000000 0.50000000
vt 0.50000000 0.50000000
vt 0.50000000 0.50000000
vt 0.50000000 0.50000000
vt 0.50000000 0.50000000
vt 0.50000000 0.50000000
vt 0.50000000 0.50000000
vt 0.50000000 0.50000000
vt 0.50000000 0.50000000
vt 0.50000000 0.50000000
vt 0.50000000 0.50000000
vt 0.50000000 0.50000000
vt 0.50000000 0.50000000
vt 0.50000000 0.50000000
vt 0.50000000 0.50000000
vt 0.50000000 0.50000000
vt 0.50000000 0.50000000
vt 0.50000000 0.50000000
vt 0.50000000 0.50000000
vt 0.50000000 0.50000000
vt 0.50000000 0.50000000
vt 0.50000000 0.50000000
vt 0.50000000 0.50000000
vt 0.50000000 0.50000000
vt 0.50000000 0.50000000
vt 0.50000000 0.50000000
vt 0.50000000 0.50000000
vt 0.50000000 0.50000000
vt 0.50000000 0.50000000
vt 0.50000000 0.50000000
vt 0.50000000 0.50000000
vt 0.50000000 0.50000000
vt 0.50000000 0.50000000
vt 0.50000000 0.50000000
vt 0.50000000 0.50000000
vt 0.50000000 0.50000000
vt 0.50000000 0.50000000
vt 0.50000000 0.50000000
vt 0.50000000 0.50000000
vt 0.50000000 0.50000000
vt 0.50000000 0.50000000
vt 0.50000000 0.50000000
vt 0.50000000 0.50000000
vt 0.50000000 0.50000000
vt 0.50000000 0.50000000
vt 0.50000000 0.50000000
vt 0.50000000 0.50000000
vt 0.50000000 0.50000000
vt 0.50000000 0.50000000
vt 0.50000000 0.50000000
vt 0.50000000 0.50000000
vt 0.50000000 0.50000000
vt 0.50000000 0.50000000
vt 0.50000000 0.50000000
vt 0.50000000 0.50000000
vt 0.50000000 0.50000000
vt 0.50000000 0.50000000
vt 0.50000000 0.50000000
vt 0.50000000 0.50000000
vt 0.50000000 0.50000000
vt 0.50000000 0.50000000
vt 0.50000000 0.50000000
vt 0.50000000 0.50000000
vt 0.50000000 0.50000000
vt 0.50000000 0.50000000
vt 0.50000000 0.50000000
vt 0.50000000 0.50000000
vt 0.50000000 0.50000000
vt 0.50000000 0.50000000
vt 0.50000000 0.50000000
vt 0.50000000 0.50000000
vt 0.50000000 0.50000000
vt 0.50000000 0.50000000
vt 0.50000000 0.50000000
vt 0.50000000 0.50000000
vt 0.50000000 0.50000000
vt 0.50000000 0.50000000
vt 0.50000000 0.50000000
vt 0.50000000 0.50000000
vt 0.50000000 0.50000000
vt 0.50000000 0.50000000
vt 0.50000000 0.50000000
vt 0.50000000 0.50000000
vt 0.50000000 0.50000000
vt 0.50000000 0.50000000
vt 0.50000000 0.50000000
vt 0.50000000 0.50000000
vt 0.50000000 0.50000000
vt 0.50000000 0.50000000
vt 0.50000000 0.50000000
vt 0.50000000 0.50000000
vt 0.50000000 0.50000000
vt 0.50000000 0.50000000
vt 0.50000000 0.50000000
vt 0.50000000 0.50000000
vt 0.50000000 0.50000000
vt 0.50000000 0.50000000
vt 0.50000000 0.50000000
vt 0.50000000 0.50000000
vt 0.50000000 0.50000000
vt 0.50000000 0.50000000
vt 0.50000000 0.50000000
vt 0.50000000 0.50000000
vt 0.50000000 0.50000000
vt 0.50000000 0.50000000
vt 0.50000000 0.50000000
vt 0.50000000 0.50000000
vt 0.50000000 0.50000000
vt 0.50000000 0.50000000
vt 0.50000000 0.50000000
vt 0.50000000 0.50000000
vt 0.50000000 0.50000000
vt 0.50000000 0.50000000
vt 0.50000000 0.50000000
vt 0.50000000 0.50000000
vt 0.50000000 0.50000000
vt 0.50000000 0.50000000
vt 0.50000000 0.50000000
vt 0.50000000 0.50000000
vt 0.50000000 0.50000000
vt 0.50000000 0.50000000
vt 0.50000000 0.50000000
vt 0.50000000 0.50000000
vt 0.50000000 0.50000000
vt 0.50000000 0.50000000
vt 0.50000000 0.50000000
vt 0.50000000 0.50000000
vt 0.50000000 0.50000000
vt 0.50000000 0.50000000
vt 0.50000000 0.50000000
vt 0.50000000 0.50000000
vt 0.50000000 0.50000000
vt 0.50000000 0.50000000
vt 0.50000000 0.50000000
vt 0.50000000 0.50000000
vt 0.50000000 0.50000000
vt 0.50000000 0.50000000
vt 0.50000000 0.50000000
vt 0.50000000 0.50000000
vt 0.50000000 0.50000000
vt 0.50000000 0.50000000
vt 0.50000000 0.50000000
vt 0.50000000 0.50000000
vt 0.50000000 0.50000000
vt 0.50000000 0.50000000
vt 0.50000000 0.50000000
vt 0.50000000 0.50000000
vt 0.50000000 0.50000000
vt 0.50000000 0.50000000
vt 0.50000000 0.50000000
vt 0.50000000 0.50000000
vt 0.50000000 0.50000000
vt 0.50000000 0.50000000
vt 0.50000000 0.50000000
vt 0.50000000 0.50000000
vt 0.50000000 0.50000000
vt 0.50000000 0.50000000
vt 0.50000000 0.50000000
vt 0.50000000 0.50000000
vt 0.50000000 0.50000000
vt 0.50000000 0.50000000
vt 0.50000000 0.50000000
vt 0.50000000 0.50000000
vt 0.50000000 0.50000000
vt 0.50000000 0.50000000
vt 0.50000000 0.50000000
vt 0.50000000 0.50000000
vt 0.50000000 0.50000000
vt 0.50000000 0.50000000
vt 0.50000000 0.50000000
vt 0.50000000 0.50000000
vt 0.50000000 0.50000000
vt 0.50000000 0.50000000
vt 0.50000000 0.50000000
vt 0.50000000 0.50000000
vt 0.50000000 0.50000000
vt 0.50000000 0.50000000
vt 0.50000000 0.50000000
vt 0.50000000 0.50000000
vt 0.50000000 0.50000000
vt 0.50000000 0.50000000
vt 0.50000000 0.50000000
vt 0.50000000 0.50000000
vt 0.50000000 0.50000000
vt 0.50000000 0.50000000
vt 0.50000000 0.50000000
vt 0.50000000 0.50000000
vt 0.50000000 0.50000000
vt 0.50000000 0.50000000
vt 0.50000000 0.50000000
vt 0.50000000 0.50000000
vt 0.50000000 0.50000000
vt 0.50000000 0.50000000
vt 0.50000000 0.50000000
vt 0.50000000 0.50000000
vt 0.50000000 0.50000000
vt 0.50000000 0.50000000
vt 0.50000000 0.50000000
vt 0.50000000 0.50000000
vt 0.50000000 0.50000000
vt 0.50000000 0.50000000
vt 0.50000000 0.50000000
vt 0.50000000 0.50000000
vt 0.50000000 0.50000000
vt 0.50000000 0.50000000
vt 0.50000000 0.50000000
vt 0.50000000 0.50000000
vt 0.50000000 0.50000000
vt 0.50000000 0.50000000
vt 0.50000000 0.50000000
vt 0.50000000 0.50000000
vt 0.50000000 0.50000000
vt 0.50000000 0.50000000
vt 0.50000000 0.50000000
vt 0.50000000 0.50000000
vt 0.50000000 0.50000000
vt 0.50000000 0.50000000
vt 0.50000000 0.50000000
vt 0.50000000 0.50000000
vt 0.50000000 0.50000000
vt 0.50000000 0.50000000
vt 0.50000000 0.50000000
vt 0.50000000 0.50000000
vt 0.50000000 0.50000000
vt 0.50000000 0.50000000
vt 0.50000000 0.50000000
vt 0.50000000 0.50000000
vt 0.50000000 0.50000000
vt 0.50000000 0.50000000
vt 0.50000000 0.50000000
vt 0.50000000 0.50000000
vt 0.50000000 0.50000000
vt 0.50000000 0.50000000
vt 0.50000000 0.50000000
vt 0.50000000 0.50000000
vt 0.50000000 0.50000000
vt 0.50000000 0.50000000
vt 0.50000000 0.50000000
vt 0.50000000 0.50000000
vt 0.50000000 0.50000000
vt 0.50000000 0.50000000
vt 0.50000000 0.50000000
vt 0.50000000 0.50000000
vt 0.50000000 0.50000000
vt 0.50000000 0.50000000
vt 0.50000000 0.50000000
vt 0.50000000 0.50000000
vt 0.50000000 0.50000000
vt 0.50000000 0.50000000
vt 0.50000000 0.50000000
vt 0.50000000 0.50000000
vt 0.50000000 0.50000000
vt 0.50000000 0.50000000
vt 0.50000000 0.50000000
vt 0.50000000 0.50000000
vt 0.50000000 0.50000000
vt 0.50000000 0.50000000
vt 0.50000000 0.50000000
vt 0.50000000 0.50000000
vt 0.50000000 0.50000000
vt 0.50000000 0.50000000
vt 0.50000000 0.50000000
vt 0.50000000 0.50000000
vt 0.50000000 0.50000000
vt 0.50000000 0.50000000
vt 0.50000000 0.50000000
vt 0.50000000 0.50000000
vt 0.50000000 0.50000000
vt 0.50000000 0.50000000
vt 0.50000000 0.50000000
vt 0.50000000 0.50000000
vt 0.50000000 0.50000000
vt 0.50000000 0.50000000
vt 0.50000000 0.50000000
vt 0.50000000 0.50000000
vt 0.50000000 0.50000000
vt 0.50000000 0.50000000
vt 0.50000000 0.50000000
vt 0.50000000 0.50000000
vt 0.50000000 0.50000000
vt 0.50000000 0.50000000
vt 0.50000000 0.50000000
vt 0.50000000 0.50000000
vt 0.50000000 0.50000000
vt 0.50000000 0.50000000
vt 0.50000000 0.50000000
vt 0.50000000 0.50000000
vt 0.50000000 0.50000000
vt 0.50000000 0.50000000
vt 0.50000000 0.50000000
vt 0.50000000 0.50000000
vt 0.50000000 0.50000000
vt 0.50000000 0.50000000
vt 0.50000000 0.50000000
vt 0.50000000 0.50000000
vt 0.50000000 0.50000000
vt 0.50000000 0.50000000
vt 0.50000000 0.50000000
vt 0.50000000 0.50000000
vt 0.50000000 0.50000000
vt 0.50000000 0.50000000
vt 0.50000000 0.50000000
vt 0.50000000 0.50000000
vt 0.50000000 0.50000000
vt 0.50000000 0.50000000
vt 0.50000000 0.50000000
vt 0.50000000 0.50000000
vt 0.50000000 0.50000000
vt 0.50000000 0.50000000
vt 0.50000000 0.50000000
vt 0.50000000 0.50000000
vt 0.50000000 0.50000000
vt 0.50000000 0.50000000
vt 0.50000000 0.50000000
vt 0.50000000 0.50000000
vt 0.50000000 0.50000000
vt 0.50000000 0.50000000
vt 0.50000000 0.50000000
vt 0.50000000 0.50000000
vt 0.50000000 0.50000000
vt 0.50000000 0.50000000
vt 0.50000000 0.50000000
vt 0.50000000 0.50000000
vt 0.50000000 0.50000000
vt 0.50000000 0.50000000
vt 0.50000000 0.50000000
vt 0.50000000 0.50000000
vt 0.50000000 0.50000000
vt 0.50000000 0.50000000
vt 0.50000000 0.50000000
vt 0.50000000 0.50000000
vt 0.50000000 0.50000000
vt 0.50000000 0.50000000
vt 0.50000000 0.50000000
vt 0.50000000 0.50000000
vt 0.50000000 0.50000000
vt 0.50000000 0.50000000
vt 0.50000000 0.50000000
vt 0.50000000 0.50000000
vt 0.50000000 0.50000000
vt 0.50000000 0.50000000
vt 0.50000000 0.50000000
vt 0.50000000 0.50000000
vt 0.50000000 0.50000000
vt 0.50000000 0.50000000
vt 0.50000000 0.50000000
vt 0.50000000 0.50000000
vt 0.50000000 0.50000000
vt 0.50000000 0.50000000
vt 0.50000000 0.50000000
vt 0.50000000 0.50000000
vt 0.50000000 0.50000000
vt 0.50000000 0.50000000
vt 0.50000000 0.50000000
vt 0.50000000 0.50000000
vt 0.50000000 0.50000000
vt 0.50000000 0.50000000
vt 0.50000000 0.50000000
vt 0.50000000 0.50000000
vt 0.50000000 0.50000000
vt 0.50000000 0.50000000
vt 0.50000000 0.50000000
vt 0.50000000 0.50000000
vt 0.50000000 0.50000000
vt 0.50000000 0.50000000
vt 0.50000000 0.50000000
vt 0.50000000 0.50000000
vt 0.50000000 0.50000000
vt 0.50000000 0.50000000
vt 0.50000000 0.50000000
vt 0.50000000 0.50000000
vt 0.50000000 0.50000000
vt 0.50000000 0.50000000
vt 0.50000000 0.50000000
vt 0.50000000 0.50000000
vt 0.50000000 0.50000000
vt 0.50000000 0.50000000
vt 0.50000000 0.50000000
vt 0.50000000 0.50000000
vt 0.50000000 0.50000000
vt 0.50000000 0.50000000
vt 0.50000000 0.50000000
vt 0.50000000 0.50000000
vt 0.50000000 0.50000000
vt 0.50000000 0.50000000
vt 0.50000000 0.50000000
vt 0.50000000 0.50000000
vt 0.50000000 0.50000000
vt 0.50000000 0.50000000
vt 0.50000000 0.50000000
vt 0.50000000 0.50000000
vt 0.50000000 0.50000000
vt 0.50000000 0.50000000
vt 0.50000000 0.50000000
vt 0.50000000 0.50000000
vt 0.50000000 0.50000000
vt 0.50000000 0.50000000
vt 0.50000000 0.50000000
vt 0.50000000 0.50000000
vt 0.50000000 0.50000000
vt 0.50000000 0.50000000
vt 0.50000000 0.50000000
vt 0.50000000 0.50000000
vt 0.50000000 0.50000000
vt 0.50000000 0.50000000
vt 0.50000000 0.50000000
vt 0.50000000 0.50000000
vt 0.50000000 0.50000000
vt 0.50000000 0.50000000
vt 0.50000000 0.50000000
vt 0.50000000 0.50000000
vt 0.50000000 0.50000000
vt 0.50000000 0.50000000
vt 0.50000000 0.50000000
vt 0.50000000 0.50000000
vt 0.50000000 0.50000000
vt 0.50000000 0.50000000
vt 0.50000000 0.50000000
vt 0.50000000 0.50000000
vt 0.50000000 0.50000000
vt 0.50000000 0.50000000
vt 0.50000000 0.50000000
vt 0.50000000 0.50000000
vt 0.50000000 0.50000000
vt 0.50000000 0.50000000
vt 0.50000000 0.50000000
vt 0.50000000 0.50000000
vt 0.50000000 0.50000000
vt 0.50000000 0.50000000
vt 0.50000000 0.50000000
vt 0.50000000 0.50000000
vt 0.50000000 0.50000000
vt 0.50000000 0.50000000
vt 0.50000000 0.50000000
vt 0.50000000 0.50000000
vt 0.50000000 0.50000000
vt 0.50000000 0.50000000
vt 0.50000000 0.50000000
vt 0.50000000 0.50000000
vt 0.50000000 0.50000000
vt 0.50000000 0.50000000
vt 0.50000000 0.50000000
vt 0.50000000 0.50000000
vt 0.50000000 0.50000000
vt 0.50000000 0.50000000
vt 0.50000000 0.50000000
vt 0.50000000 0.50000000
vt 0.50000000 0.50000000
vt 0.50000000 0.50000000
vt 0.50000000 0.50000000
vt 0.50000000 0.50000000
vt 0.50000000 0.50000000
vt 0.50000000 0.50000000
vt 0.50000000 0.50000000
vt 0.50000000 0.50000000
vt 0.50000000 0.50000000
vt 0.50000000 0.50000000
vt 0.50000000 0.50000000
vt 0.50000000 0.50000000
vt 0.50000000 0.50000000
vt 0.50000000 0.50000000
vt 0.50000000 0.50000000
vt 0.50000000 0.50000000
vt 0.50000000 0.50000000
vt 0.50000000 0.50000000
vt 0.50000000 0.50000000
vt 0.50000000 0.50000000
vt 0.50000000 0.50000000
vt 0.50000000 0.50000000
vt 0.50000000 0.50000000
vt 0.50000000 0.50000000
vt 0.50000000 0.50000000
vt 0.50000000 0.50000000
vt 0.50000000 0.50000000
vt 0.50000000 0.50000000
vt 0.50000000 0.50000000
vt 0.50000000 0.50000000
vt 0.50000000 0.50000000
vt 0.50000000 0.50000000
vt 0.50000000 0.50000000
vt 0.50000000 0.50000000
vt 0.50000000 0.50000000
vt 0.50000000 0.50000000
vt 0.50000000 0.50000000
vt 0.50000000 0.50000000
vt 0.50000000 0.50000000
vt 0.50000000 0.50000000
vt 0.50000000 0.50000000
vt 0.50000000 0.50000000
vt 0.50000000 0.50000000
vt 0.50000000 0.50000000
vt 0.50000000 0.50000000
vt 0.50000000 0.50000000
vt 0.50000000 0.50000000
vt 0.50000000 0.50000000
vt 0.50000000 0.50000000
vt 0.50000000 0.50000000
vt 0.50000000 0.50000000
vt 0.50000000 0.50000000
vt 0.50000000 0.50000000
vt 0.50000000 0.50000000
vt 0.50000000 0.50000000
vt 0.50000000 0.50000000
vt 0.50000000 0.50000000
vt 0.50000000 0.50000000
vt 0.50000000 0.50000000
vt 0.50000000 0.50000000
vt 0.50000000 0.50000000
vt 0.50000000 0.50000000
vt 0.50000000 0.50000000
vt 0.50000000 0.50000000
vt 0.50000000 0.50000000
vt 0.50000000 0.50000000
vt 0.50000000 0.50000000
vt 0.50000000 0.50000000
vt 0.50000000 0.50000000
vt 0.50000000 0.50000000
vt 0.50000000 0.50000000
vt 0.50000000 0.50000000
vt 0.50000000 0.50000000
vt 0.50000000 0.50000000
vt 0.50000000 0.50000000
vt 0.50000000 0.50000000
vt 0.50000000 0.50000000
vt 0.50000000 0.50000000
vt 0.50000000 0.50000000
vt 0.50000000 0.50000000
vt 0.50000000 0.50000000
vt 0.50000000 0.50000000
vt 0.50000000 0.50000000
vt 0.50000000 0.50000000
vt 0.50000000 0.50000000
vt 0.50000000 0.50000000
vt 0.50000000 0.50000000
vt 0.50000000 0.50000000
vt 0.50000000 0.50000000
vt 0.50000000 0.50000000
vt 0.50000000 0.50000000
vt 0.50000000 0.50000000
vt 0.50000000 0.50000000
vt 0.50000000 0.50000000
vt 0.50000000 0.50000000
vt 0.50000000 0.50000000
vt 0.50000000 0.50000000
vt 0.50000000 0.50000000
vt 0.50000000 0.50000000
vt 0.50000000 0.50000000
vt 0.50000000 0.50000000
vt 0.50000000 0.50000000
vt 0.50000000 0.50000000
vt 0.50000000 0.50000000
vt 0.50000000 0.50000000
vt 0.50000000 0.50000000
vt 0.50000000 0.50000000
vt 0.50000000 0.50000000
vt 0.50000000 0.50000000
vt 0.50000000 0.50000000
vt 0.50000000 0.50000000
vt 0.50000000 0.50000000
vt 0.50000000 0.50000000
vt 0.50000000 0.50000000
vt 0.50000000 0.50000000
vt 0.50000000 0.50000000
vt 0.50000000 0.50000000
vt 0.50000000 0.50000000
vt 0.50000000 0.50000000
vt 0.50000000 0.50000000
vt 0.50000000 0.50000000
vt 0.50000000 0.50000000
vt 0.50000000 0.50000000
vt 0.50000000 0.50000000
vt 0.50000000 0.50000000
vt 0.50000000 0.50000000
vt 0.50000000 0.50000000
vt 0.50000000 0.50000000
vt 0.50000000 0.50000000
vt 0.50000000 0.50000000
vt 0.50000000 0.50000000
vt 0.50000000 0.50000000
vt 0.50000000 0.50000000
vt 0.50000000 0.50000000
vt 0.50000000 0.50000000
vt 0.50000000 0.50000000
vt 0.50000000 0.50000000
vt 0.50000000 0.50000000
vt 0.50000000 0.50000000
vt 0.50000000 0.50000000
vt 0.50000000 0.50000000
vt 0.50000000 0.50000000
vt 0.50000000 0.50000000
vt 0.50000000 0.50000000
vt 0.50000000 0.50000000
vt 0.50000000 0.50000000
vt 0.50000000 0.50000000
vt 0.50000000 0.50000000
vt 0.50000000 0.50000000
vt 0.50000000 0.50000000
vt 0.50000000 0.50000000
vt 0.50000000 0.50000000
vt 0.50000000 0.50000000
vt 0.50000000 0.50000000
vt 0.50000000 0.50000000
vt 0.50000000 0.50000000
vt 0.50000000 0.50000000
vt 0.50000000 0.50000000
vt 0.50000000 0.50000000
vt 0.50000000 0.50000000
vt 0.50000000 0.50000000
vt 0.50000000 0.50000000
vt 0.50000000 0.50000000
vt 0.50000000 0.50000000
vt 0.50000000 0.50000000
vt 0.50000000 0.50000000
vt 0.50000000 0.50000000
vt 0.50000000 0.50000000
vt 0.50000000 0.50000000
vt 0.50000000 0.50000000
vt 0.50000000 0.50000000
vt 0.50000000 0.50000000
vt 0.50000000 0.50000000
vt 0.50000000 0.50000000
vt 0.50000000 0.50000000
vt 0.50000000 0.50000000
vt 0.50000000 0.50000000
vt 0.50000000 0.50000000
vt 0.50000000 0.50000000
vt 0.50000000 0.50000000
vt 0.50000000 0.50000000
vt 0.50000000 0.50000000
vt 0.50000000 0.50000000
vt 0.50000000 0.50000000
vt 0.50000000 0.50000000
vt 0.50000000 0.50000000
vt 0.50000000 0.50000000
vt 0.50000000 0.50000000
vt 0.50000000 0.50000000
vt 0.50000000 0.50000000
vt 0.50000000 0.50000000
vt 0.50000000 0.50000000
vt 0.50000000 0.50000000
vt 0.50000000 0.50000000
vt 0.50000000 0.50000000
vt 0.50000000 0.50000000
vt 0.50000000 0.50000000
vt 0.50000000 0.50000000
vt 0.50000000 0.50000000
vt 0.50000000 0.50000000
vt 0.50000000 0.50000000
vt 0.50000000 0.50000000
vt 0.50000000 0.50000000
vt 0.50000000 0.50000000
vt 0.50000000 0.50000000
vt 0.50000000 0.50000000
vt 0.50000000 0.50000000
vt 0.50000000 0.50000000
vt 0.50000000 0.50000000
vt 0.50000000 0.50000000
vt 0.50000000 0.50000000
vt 0.50000000 0.50000000
vt 0.50000000 0.50000000
vt 0.50000000 0.50000000
vt 0.50000000 0.50000000
vt 0.50000000 0.50000000
vt 0.50000000 0.50000000
vt 0.50000000 0.50000000
vt 0.50000000 0.50000000
vt 0.50000000 0.50000000
vt 0.50000000 0.50000000
vt 0.50000000 0.50000000
vt 0.50000000 0.50000000
vt 0.50000000 0.50000000
vt 0.50000000 0.50000000
vt 0.50000000 0.50000000
vt 0.50000000 0.50000000
vt 0.50000000 0.50000000
vt 0.50000000 0.50000000
vt 0.50000000 0.50000000
vt 0.50000000 0.50000000
vt 0.50000000 0.50000000
vt 0.50000000 0.50000000
vt 0.50000000 0.50000000
vt 0.50000000 0.50000000
vt 0.50000000 0.50000000
vt 0.50000000 0.50000000
vt 0.50000000 0.50000000
vt 0.50000000 0.50000000
vt 0.50000000 0.50000000
vt 0.50000000 0.50000000
vt 0.50000000 0.50000000
vt 0.50000000 0.50000000
vt 0.50000000 0.50000000
vt 0.50000000 0.50000000
vt 0.50000000 0.50000000
vt 0.50000000 0.50000000
vt 0.50000000 0.50000000
vt 0.50000000 0.50000000
vt 0.50000000 0.50000000
vt 0.50000000 0.50000000
vt 0.50000000 0.50000000
vt 0.50000000 0.50000000
vt 0.50000000 0.50000000
vt 0.50000000 0.50000000
vt 0.50000000 0.50000000
vt 0.50000000 0.50000000
vt 0.50000000 0.50000000
vt 0.50000000 0.50000000
vt 0.50000000 0.50000000
vt 0.50000000 0.50000000
vt 0.50000000 0.50000000
vt 0.50000000 0.50000000
vt 0.50000000 0.50000000
vt 0.50000000 0.50000000
vt 0.50000000 0.50000000
vt 0.50000000 0.50000000
vt 0.50000000 0.50000000
vt 0.50000000 0.50000000
vt 0.50000000 0.50000000
vt 0.50000000 0.50000000
vt 0.50000000 0.50000000
vt 0.50000000 0.50000000
vt 0.50000000 0.50000000
vt 0.50000000 0.50000000
vt 0.50000000 0.50000000
vt 0.50000000 0.50000000
vt 0.50000000 0.50000000
vt 0.50000000 0.50000000
vt 0.50000000 0.50000000
vt 0.50000000 0.50000000
vt 0.50000000 0.50000000
vt 0.50000000 0.50000000
vt 0.50000000 0.50000000
vt 0.50000000 0.50000000
vt 0.50000000 0.50000000
vt 0.50000000 0.50000000
vt 0.50000000 0.50000000
vt 0.50000000 0.50000000
vt 0.50000000 0.50000000
vt 0.50000000 0.50000000
vt 0.50000000 0.50000000
vt 0.50000000 0.50000000
vt 0.50000000 0.50000000
vt 0.50000000 0.50000000
vt 0.50000000 0.50000000
vt 0.50000000 0.50000000
vt 0.50000000 0.50000000
vt 0.50000000 0.50000000
vt 0.50000000 0.50000000
vt 0.50000000 0.50000000
vt 0.50000000 0.50000000
vt 0.50000000 0.50000000
vt 0.50000000 0.50000000
vt 0.50000000 0.50000000
vt 0.50000000 0.50000000
vt 0.50000000 0.50000000
vt 0.50000000 0.50000000
vt 0.50000000 0.50000000
vt 0.50000000 0.50000000
vt 0.50000000 0.50000000
vt 0.50000000 0.50000000
vt 0.50000000 0.50000000
vt 0.50000000 0.50000000
vt 0.50000000 0.50000000
vt 0.50000000 0.50000000
vt 0.50000000 0.50000000
vt 0.50000000 0.50000000
vt 0.50000000 0.50000000
vt 0.50000000 0.50000000
vt 0.50000000 0.50000000
vt 0.50000000 0.50000000
vt 0.50000000 0.50000000
vt 0.50000000 0.50000000
vt 0.50000000 0.50000000
vt 0.50000000 0.50000000
vt 0.50000000 0.50000000
vt 0.50000000 0.50000000
vt 0.50000000 0.50000000
vt 0.50000000 0.50000000
vt 0.50000000 0.50000000
vt 0.50000000 0.50000000
vt 0.50000000 0.50000000
vt 0.50000000 0.50000000
vt 0.50000000 0.50000000
vt 0.50000000 0.50000000
vt 0.50000000 0.50000000
vt 0.50000000 0.50000000
vt 0.50000000 0.50000000
vt 0.50000000 0.50000000
vt 0.50000000 0.50000000
vt 0.50000000 0.50000000
vt 0.50000000 0.50000000
vt 0.50000000 0.50000000
vt 0.50000000 0.50000000
vt 0.50000000 0.50000000
vt 0.50000000 0.50000000
vt 0.50000000 0.50000000
vt 0.50000000 0.50000000
vt 0.50000000 0.50000000
vt 0.50000000 0.50000000
vt 0.50000000 0.50000000
vt 0.50000000 0.50000000
vt 0.50000000 0.50000000
vt 0.50000000 0.50000000
vt 0.50000000 0.50000000
vt 0.50000000 0.50000000
vt 0.50000000 0.50000000
vt 0.50000000 0.50000000
vt 0.50000000 0.50000000
vt 0.50000000 0.50000000
vt 0.50000000 0.50000000
vt 0.50000000 0.50000000
vt 0.50000000 0.50000000
vt 0.50000000 0.50000000
vt 0.50000000 0.50000000
vt 0.50000000 0.50000000
vt 0.50000000 0.50000000
vt 0.50000000 0.50000000
vt 0.50000000 0.50000000
vt 0.50000000 0.50000000
vt 0.50000000 0.50000000
vt 0.50000000 0.50000000
vt 0.50000000 0.50000000
vt 0.50000000 0.50000000
vt 0.50000000 0.50000000
vt 0.50000000 0.50000000
vt 0.50000000 0.50000000
vt 0.50000000 0.50000000
vt 0.50000000 0.50000000
vt 0.50000000 0.50000000
vt 0.50000000 0.50000000
vt 0.50000000 0.50000000
vt 0.50000000 0.50000000
vt 0.50000000 0.50000000
vt 0.50000000 0.50000000
vt 0.50000000 0.50000000
vt 0.50000000 0.50000000
vt 0.50000000 0.50000000
vt 0.50000000 0.50000000
vt 0.50000000 0.50000000
vt 0.50000000 0.50000000
vt 0.50000000 0.50000000
vt 0.50000000 0.50000000
vt 0.50000000 0.50000000
vt 0.50000000 0.50000000
vt 0.50000000 0.50000000
vt 0.50000000 0.50000000
vt 0.50000000 0.50000000
vt 0.50000000 0.50000000
vt 0.50000000 0.50000000
vt 0.50000000 0.50000000
vt 0.50000000 0.50000000
vt 0.50000000 0.50000000
vt 0.50000000 0.50000000
vt 0.50000000 0.50000000
vt 0.50000000 0.50000000
vt 0.50000000 0.50000000
vt 0.50000000 0.50000000
vt 0.50000000 0.50000000
vt 0.50000000 0.50000000
vt 0.50000000 0.50000000
vt 0.50000000 0.50000000
vt 0.50000000 0.50000000
vt 0.50000000 0.50000000
vt 0.50000000 0.50000000
vt 0.50000000 0.50000000
vt 0.50000000 0.50000000
vt 0.50000000 0.50000000
vt 0.50000000 0.50000000
vt 0.50000000 0.50000000
vt 0.50000000 0.50000000
vt 0.50000000 0.50000000
vt 0.50000000 0.50000000
vt 0.50000000 0.50000000
vt 0.50000000 0.50000000
vt 0.50000000 0.50000000
vt 0.50000000 0.50000000
vt 0.50000000 0.50000000
vt 0.50000000 0.50000000
vt 0.50000000 0.50000000
vt 0.50000000 0.50000000
vt 0.50000000 0.50000000
vt 0.50000000 0.50000000
vt 0.50000000 0.50000000
vt 0.50000000 0.50000000
vt 0.50000000 0.50000000
vt 0.50000000 0.50000000
vt 0.50000000 0.50000000
vt 0.50000000 0.50000000
vt 0.50000000 0.50000000
vt 0.50000000 0.50000000
vt 0.50000000 0.50000000
vt 0.50000000 0.50000000
vt 0.50000000 0.50000000
vt 0.50000000 0.50000000
vt 0.50000000 0.50000000
vt 0.50000000 0.50000000
vt 0.50000000 0.50000000
vt 0.50000000 0.50000000
vt 0.50000000 0.50000000
vt 0.50000000 0.50000000
vt 0.50000000 0.50000000
vt 0.50000000 0.50000000
vt 0.50000000 0.50000000
vt 0.50000000 0.50000000
vt 0.50000000 0.50000000
vt 0.50000000 0.50000000
vt 0.50000000 0.50000000
vt 0.50000000 0.50000000
vt 0.50000000 0.50000000
vt 0.50000000 0.50000000
vt 0.50000000 0.50000000
vt 0.50000000 0.50000000
vt 0.50000000 0.50000000
vt 0.50000000 0.50000000
vt 0.50000000 0.50000000
vt 0.50000000 0.50000000
vt 0.50000000 0.50000000
vt 0.50000000 0.50000000
vt 0.50000000 0.50000000
vt 0.50000000 0.50000000
vt 0.50000000 0.50000000
vt 0.50000000 0.50000000
vt 0.50000000 0.50000000
vt 0.50000000 0.50000000
vt 0.50000000 0.50000000
vt 0.50000000 0.50000000
vt 0.50000000 0.50000000
vt 0.50000000 0.50000000
vt 0.50000000 0.50000000
vt 0.50000000 0.50000000
vt 0.50000000 0.50000000
vt 0.50000000 0.50000000
vt 0.50000000 0.50000000
vt 0.50000000 0.50000000
vt 0.50000000 0.50000000
vt 0.50000000 0.50000000
vt 0.50000000 0.50000000
vt 0.50000000 0.50000000
vt 0.50000000 0.50000000
vt 0.50000000 0.50000000
vt 0.50000000 0.50000000
vt 0.50000000 0.50000000
vt 0.50000000 0.50000000
vt 0.50000000 0.50000000
vt 0.50000000 0.50000000
vt 0.50000000 0.50000000
vt 0.50000000 0.50000000
vt 0.50000000 0.50000000
vt 0.50000000 0.50000000
vt 0.50000000 0.50000000
vt 0.50000000 0.50000000
vt 0.50000000 0.50000000
vt 0.50000000 0.50000000
vt 0.50000000 0.50000000
vt 0.50000000 0.50000000
vt 0.50000000 0.50000000
vt 0.50000000 0.50000000
vt 0.50000000 0.50000000
vt 0.50000000 0.50000000
vt 0.50000000 0.50000000
vt 0.50000000 0.50000000
vt 0.50000000 0.50000000
vt 0.50000000 0.50000000
vt 0.50000000 0.50000000
vt 0.50000000 0.50000000
vt 0.50000000 0.50000000
vt 0.50000000 0.50000000
vt 0.50000000 0.50000000
vt 0.50000000 0.50000000
vt 0.50000000 0.50000000
vt 0.50000000 0.50000000
vt 0.50000000 0.50000000
vt 0.50000000 0.50000000
vt 0.50000000 0.50000000
vt 0.50000000 0.50000000
vt 0.50000000 0.50000000
vt 0.50000000 0.50000000
vt 0.50000000 0.50000000
vt 0.50000000 0.50000000
vt 0.50000000 0.50000000
vt 0.50000000 0.50000000
vt 0.50000000 0.50000000
vt 0.50000000 0.50000000
vt 0.50000000 0.50000000
vt 0.50000000 0.50000000
vt 0.50000000 0.50000000
vt 0.50000000 0.50000000
vt 0.50000000 0.50000000
vt 0.50000000 0.50000000
vt 0.50000000 0.50000000
vt 0.50000000 0.50000000
vt 0.50000000 0.50000000
vt 0.50000000 0.50000000
vt 0.50000000 0.50000000
vt 0.50000000 0.50000000
vt 0.50000000 0.50000000
vt 0.50000000 0.50000000
vt 0.50000000 0.50000000
vt 0.50000000 0.50000000
vt 0.50000000 0.50000000
vt 0.50000000 0.50000000
vt 0.50000000 0.50000000
vt 0.50000000 0.50000000
vt 0.50000000 0.50000000
vt 0.50000000 0.50000000
vt 0.50000000 0.50000000
vt 0.50000000 0.50000000
vt 0.50000000 0.50000000
vt 0.50000000 0.50000000
vt 0.50000000 0.50000000
vt 0.50000000 0.50000000
vt 0.50000000 0.50000000
vt 0.50000000 0.50000000
vt 0.50000000 0.50000000
vt 0.50000000 0.50000000
vt 0.50000000 0.50000000
vt 0.50000000 0.50000000
vt 0.50000000 0.50000000
vt 0.50000000 0.50000000
vt 0.50000000 0.50000000
vt 0.50000000 0.50000000
vt 0.50000000 0.50000000
vt 0.50000000 0.50000000
vt 0.50000000 0.50000000
vt 0.50000000 0.50000000
vt 0.50000000 0.50000000
vt 0.50000000 0.50000000
vt 0.50000000 0.50000000
vt 0.50000000 0.50000000
vt 0.50000000 0.50000000
vt 0.50000000 0.50000000
vt 0.50000000 0.50000000
vt 0.50000000 0.50000000
vt 0.50000000 0.50000000
vt 0.50000000 0.50000000
vt 0.50000000 0.50000000
vt 0.50000000 0.50000000
vt 0.50000000 0.50000000
vt 0.50000000 0.50000000
vt 0.50000000 0.50000000
vt 0.50000000 0.50000000
vt 0.50000000 0.50000000
vt 0.50000000 0.50000000
vt 0.50000000 0.50000000
vt 0.50000000 0.50000000
vt 0.50000000 0.50000000
vt 0.50000000 0.50000000
vt 0.50000000 0.50000000
vt 0.50000000 0.50000000
vt 0.50000000 0.50000000
vt 0.50000000 0.50000000
vt 0.50000000 0.50000000
vt 0.50000000 0.50000000
vt 0.50000000 0.50000000
vt 0.50000000 0.50000000
vt 0.50000000 0.50000000
vt 0.50000000 0.50000000
vt 0.50000000 0.50000000
vt 0.50000000 0.50000000
vt 0.50000000 0.50000000
vt 0.50000000 0.50000000
vt 0.50000000 0.50000000
vt 0.50000000 0.50000000
vt 0.50000000 0.50000000
vt 0.50000000 0.50000000
vt 0.50000000 0.50000000
vt 0.50000000 0.50000000
vt 0.50000000 0.50000000
vt 0.50000000 0.50000000
vt 0.50000000 0.50000000
vt 0.50000000 0.50000000
vt 0.50000000 0.50000000
vt 0.50000000 0.50000000
vt 0.50000000 0.50000000
vt 0.50000000 0.50000000
vt 0.50000000 0.50000000
vt 0.50000000 0.50000000
vt 0.50000000 0.50000000
vt 0.50000000 0.50000000
vt 0.50000000 0.50000000
vt 0.50000000 0.50000000
vt 0.50000000 0.50000000
vt 0.50000000 0.50000000
vt 0.50000000 0.50000000
vt 0.50000000 0.50000000
vt 0.50000000 0.50000000
vt 0.50000000 0.50000000
vt 0.50000000 0.50000000
vt 0.50000000 0.50000000
vt 0.50000000 0.50000000
vt 0.50000000 0.50000000
vt 0.50000000 0.50000000
vt 0.50000000 0.50000000
vt 0.50000000 0.50000000
vt 0.50000000 0.50000000
vt 0.50000000 0.50000000
vt 0.50000000 0.50000000
vt 0.50000000 0.50000000
vt 0.50000000 0.50000000
vt 0.50000000 0.50000000
vt 0.50000000 0.50000000
vt 0.50000000 0.50000000
vt 0.50000000 0.50000000
vt 0.50000000 0.50000000
vt 0.50000000 0.50000000
vt 0.50000000 0.50000000
vt 0.50000000 0.50000000
vt 0.50000000 0.50000000
vt 0.50000000 0.50000000
vt 0.50000000 0.50000000
vt 0.50000000 0.50000000
vt 0.50000000 0.50000000
vt 0.50000000 0.50000000
vt 0.50000000 0.50000000
vt 0.50000000 0.50000000
vt 0.50000000 0.50000000
vt 0.50000000 0.50000000
vt 0.50000000 0.50000000
vt 0.50000000 0.50000000
vt 0.50000000 0.50000000
vt 0.50000000 0.50000000
vt 0.50000000 0.50000000
vt 0.50000000 0.50000000
vt 0.50000000 0.50000000
vt 0.50000000 0.50000000
vt 0.50000000 0.50000000
vt 0.50000000 0.50000000
vt 0.50000000 0.50000000
vt 0.50000000 0.50000000
vt 0.50000000 0.50000000
vt 0.50000000 0.50000000
vt 0.50000000 0.50000000
vt 0.50000000 0.50000000
vt 0.50000000 0.50000000
vt 0.50000000 0.50000000
vt 0.50000000 0.50000000
vt 0.50000000 0.50000000
vt 0.50000000 0.50000000
vt 0.50000000 0.50000000
vt 0.50000000 0.50000000
vt 0.50000000 0.50000000
vt 0.50000000 0.50000000
vt 0.50000000 0.50000000
vt 0.50000000 0.50000000
vt 0.50000000 0.50000000
vt 0.50000000 0.50000000
vt 0.50000000 0.50000000
vt 0.50000000 0.50000000
vt 0.50000000 0.50000000
vt 0.50000000 0.50000000
vt 0.50000000 0.50000000
vt 0.50000000 0.50000000
vt 0.50000000 0.50000000
vt 0.50000000 0.50000000
vt 0.50000000 0.50000000
vt 0.50000000 0.50000000
vt 0.50000000 0.50000000
vt 0.50000000 0.50000000
vt 0.50000000 0.50000000
vt 0.50000000 0.50000000
vt 0.50000000 0.50000000
vt 0.50000000 0.50000000
vt 0.50000000 0.50000000
vt 0.50000000 0.50000000
vt 0.50000000 0.50000000
vt 0.50000000 0.50000000
vt 0.50000000 0.50000000
vt 0.50000000 0.50000000
vt 0.50000000 0.50000000
vt 0.50000000 0.50000000
vt 0.50000000 0.50000000
vt 0.50000000 0.50000000
vt 0.50000000 0.50000000
vt 0.50000000 0.50000000
vt 0.50000000 0.50000000
vt 0.50000000 0.50000000
vt 0.50000000 0.50000000
vt 0.50000000 0.50000000
vt 0.50000000 0.50000000
vt 0.50000000 0.50000000
vt 0.50000000 0.50000000
vt 0.50000000 0.50000000
vt 0.50000000 0.50000000
vt 0.50000000 0.50000000
vt 0.50000000 0.50000000
vt 0.50000000 0.50000000
vt 0.50000000 0.50000000
vt 0.50000000 0.50000000
vt 0.50000000 0.50000000
vt 0.50000000 0.50000000
vt 0.50000000 0.50000000
vt 0.50000000 0.50000000
vt 0.50000000 0.50000000
vt 0.50000000 0.50000000
vt 0.50000000 0.50000000
vt 0.50000000 0.50000000
vt 0.50000000 0.50000000
vt 0.50000000 0.50000000
vt 0.50000000 0.50000000
vt 0.50000000 0.50000000
vt 0.50000000 0.50000000
vt 0.50000000 0.50000000
vt 0.50000000 0.50000000
vt 0.50000000 0.50000000
vt 0.50000000 0.50000000
vt 0.50000000 0.50000000
vt 0.50000000 0.50000000
vt 0.50000000 0.50000000
vt 0.50000000 0.50000000
vt 0.50000000 0.50000000
vt 0.50000000 0.50000000
vt 0.50000000 0.50000000
vt 0.50000000 0.50000000
vt 0.50000000 0.50000000
vt 0.50000000 0.50000000
vt 0.50000000 0.50000000
vt 0.50000000 0.50000000
vt 0.50000000 0.50000000
vt 0.50000000 0.50000000
vt 0.50000000 0.50000000
vt 0.50000000 0.50000000
vt 0.50000000 0.50000000
vt 0.50000000 0.50000000
vt 0.50000000 0.50000000
vt 0.50000000 0.50000000
vt 0.50000000 0.50000000
vt 0.50000000 0.50000000
vt 0.50000000 0.50000000
vt 0.50000000 0.50000000
vt 0.50000000 0.50000000
vt 0.50000000 0.50000000
vt 0.50000000 0.50000000
vt 0.50000000 0.50000000
vt 0.50000000 0.50000000
vt 0.50000000 0.50000000
vt 0.50000000 0.50000000
vt 0.50000000 0.50000000
vt 0.50000000 0.50000000
vt 0.50000000 0.50000000
vt 0.50000000 0.50000000
vt 0.50000000 0.50000000
vt 0.50000000 0.50000000
vt 0.50000000 0.50000000
vt 0.50000000 0.50000000
vt 0.50000000 0.50000000
vt 0.50000000 0.50000000
vt 0.50000000 0.50000000
vt 0.50000000 0.50000000
vt 0.83333333 0.50000000
vt 0.83333333 0.50000000
vt 0.83333333 0.50000000
vt 0.83333333 0.50000000
vt 0.83333333 0.50000000
vt 0.83333333 0.50000000
f 1/1 2/2 3/3
f 3/3 2/2 4/4
f 5/5 6/6 7/7
f 8/8 9/9 10/10
f 10/10 9/9 11/11
f 10/10 11/11 12/12
f 12/12 11/11 5/5
f 12/12 5/5 13/13
f 13/13 5/5 7/7
f 14/14 15/15 16/16
f 16/16 15/15 17/17
f 16/16 17/17 18/18
f 19/19 20/20 21/21
f 21/21 20/20 22/22
f 23/23 24/24 25/25
f 25/25 24/24 26/26
f 25/25 26/26 22/22
f 22/22 26/26 27/27
f 22/22 27/27 21/21
f 28/28 29/29 30/30
f 30/30 29/29 31/31
f 30/30 31/31 32/32
f 33/33 34/34 35/35
f 36/36 37/37 38/38
f 38/38 37/37 39/39
f 37/37 40/40 39/39
f 39/39 40/40 41/41
f 39/39 41/41 42/42
f 42/42 41/41 43/43
f 42/42 43/43 44/44
f 44/44 45/45 42/42
f 42/42 45/45 46/46
f 42/42 46/46 35/35
f 35/35 46/46 47/47
f 35/35 47/47 48/48
f 48/48 49/49 35/35
f 35/35 49/49 50/50
f 35/35 50/50 38/38
f 38/38 50/50 51/51
f 38/38 51/51 36/36
f 52/52 53/53 54/54
f 54/54 53/53 55/55
f 35/35 34/34 42/42
f 42/42 34/34 56/56
f 42/42 56/56 57/57
f 42/42 58/58 59/59
f 52/52 60/60 53/53
f 53/53 60/60 61/61
f 53/53 61/61 35/35
f 35/35 61/61 62/62
f 35/35 62/62 33/33
f 63/63 64/64 65/65
f 65/65 64/64 66/66
f 55/55 53/53 67/67
f 67/67 53/53 65/65
f 67/67 65/65 68/68
f 68/68 65/65 66/66
f 68/68 66/66 69/69
f 66/66 70/70 69/69
f 69/69 70/70 71/71
f 69/69 71/71 57/57
f 57/57 71/71 72/72
f 57/57 72/72 73/73
f 59/59 74/74 42/42
f 42/42 74/74 75/75
f 42/42 75/75 65/65
f 65/65 75/75 76/76
f 65/65 76/76 63/63
f 73/73 77/77 57/57
f 57/57 77/77 78/78
f 57/57 78/78 42/42
f 42/42 78/78 79/79
f 42/42 79/79 58/58
f 80/80 81/81 42/42
f 80/80 42/42 82/82
f 83/83 84/84 82/82
f 85/85 86/86 87/87
f 87/87 86/86 88/88
f 87/87 88/88 83/83
f 83/83 88/88 89/89
f 83/83 89/89 84/84
f 39/39 90/90 87/87
f 87/87 90/90 91/91
f 87/87 91/91 85/85
f 81/81 92/92 42/42
f 42/42 92/92 93/93
f 42/42 93/93 39/39
f 39/39 93/93 94/94
f 39/39 94/94 90/90
f 83/83 95/95 96/96
f 82/82 42/42 83/83
f 83/83 42/42 97/97
f 83/83 97/97 95/95
f 98/98 99/99 100/100
f 100/100 99/99 83/83
f 100/100 83/83 101/101
f 101/101 83/83 96/96
f 98/98 102/102 99/99
f 99/99 102/102 103/103
f 99/99 103/103 65/65
f 65/65 103/103 104/104
f 65/65 104/104 105/105
f 105/105 106/106 65/65
f 65/65 106/106 107/107
f 65/65 107/107 42/42
f 42/42 107/107 108/108
f 42/42 108/108 97/97
f 109/109 110/110 111/111
f 111/111 110/110 112/112
f 113/113 114/114 115/115
f 116/116 114/114 113/113
f 113/113 117/117 118/118
f 119/119 117/117 113/113
f 115/115 119/119 113/113
f 113/113 120/120 121/121
f 122/122 120/120 113/113
f 118/118 122/122 113/113
f 113/113 123/123 124/124
f 125/125 123/123 113/113
f 121/121 125/125 113/113
f 124/124 116/116 113/113
f 126/126 127/127 128/128
f 126/126 129/129 127/127
f 127/127 129/129 130/130
f 127/127 130/130 131/131
f 130/130 132/132 131/131
f 131/131 132/132 133/133
f 131/131 133/133 134/134
f 133/133 135/135 134/134
f 134/134 135/135 136/136
f 134/134 136/136 137/137
f 136/136 138/138 137/137
f 137/137 138/138 139/139
f 137/137 139/139 140/140
f 139/139 141/141 140/140
f 140/140 141/141 142/142
f 140/140 142/142 143/143
f 142/142 144/144 143/143
f 143/143 144/144 145/145
f 143/143 145/145 146/146
f 145/145 147/147 146/146
f 146/146 147/147 148/148
f 146/146 148/148 149/149
f 148/148 150/150 149/149
f 149/149 150/150 151/151
f 149/149 151/151 152/152
f 151/151 153/153 152/152
f 152/152 153/153 154/154
f 152/152 154/154 155/155
f 154/154 156/156 155/155
f 155/155 156/156 157/157
f 155/155 157/157 158/158
f 157/157 159/159 158/158
f 158/158 159/159 160/160
f 158/158 160/160 161/161
f 161/161 160/160 162/162
f 128/128 163/163 126/126
f 164/164 165/165 166/166
f 166/166 167/167 164/164
f 164/164 167/167 168/168
f 164/164 168/168 169/169
f 168/168 170/170 169/169
f 169/169 170/170 171/171
f 169/169 171/171 172/172
f 171/171 173/173 172/172
f 172/172 173/173 174/174
f 172/172 174/174 175/175
f 174/174 176/176 175/175
f 175/175 176/176 177/177
f 175/175 177/177 178/178
f 178/178 177/177 179/179
f 178/178 179/179 180/180
f 179/179 181/181 180/180
f 180/180 181/181 182/182
f 180/180 182/182 183/183
f 182/182 184/184 183/183
f 183/183 184/184 185/185
f 183/183 185/185 186/186
f 185/185 187/187 186/186
f 186/186 187/187 188/188
f 186/186 188/188 189/189
f 188/188 190/190 189/189
f 189/189 190/190 191/191
f 189/189 191/191 192/192
f 191/191 193/193 192/192
f 192/192 193/193 194/194
f 192/192 194/194 195/195
f 194/194 196/196 195/195
f 195/195 196/196 197/197
f 195/195 197/197 198/198
f 198/198 197/197 199/199
f 198/198 199/199 165/165
f 165/165 199/199 200/200
f 165/165 200/200 166/166
f 201/201 202/202 203/203
f 204/204 202/202 201/201
f 201/201 205/205 206/206
f 207/207 205/205 201/201
f 203/203 207/207 201/201
f 201/201 208/208 209/209
f 210/210 208/208 201/201
f 206/206 210/210 201/201
f 201/201 211/211 212/212
f 213/213 211/211 201/201
f 209/209 213/213 201/201
f 212/212 204/204 201/201
f 214/214 215/215 216/216
f 214/214 217/217 215/215
f 215/215 217/217 218/218
f 215/215 218/218 219/219
f 218/218 220/220 219/219
f 219/219 220/220 221/221
f 219/219 221/221 222/222
f 221/221 223/223 222/222
f 222/222 223/223 224/224
f 222/222 224/224 225/225
f 224/224 226/226 225/225
f 225/225 226/226 227/227
f 225/225 227/227 228/228
f 227/227 229/229 228/228
f 228/228 229/229 230/230
f 228/228 230/230 231/231
f 230/230 232/232 231/231
f 231/231 232/232 233/233
f 231/231 233/233 234/234
f 233/233 235/235 234/234
f 234/234 235/235 236/236
f 234/234 236/236 237/237
f 236/236 238/238 237/237
f 237/237 238/238 239/239
f 237/237 239/239 240/240
f 239/239 241/241 240/240
f 240/240 241/241 242/242
f 240/240 242/242 243/243
f 242/242 244/244 243/243
f 243/243 244/244 245/245
f 243/243 245/245 246/246
f 245/245 247/247 246/246
f 246/246 247/247 248/248
f 246/246 248/248 249/249
f 249/249 248/248 250/250
f 216/216 251/251 214/214
f 252/252 253/253 254/254
f 254/254 255/255 252/252
f 252/252 255/255 256/256
f 252/252 256/256 257/257
f 256/256 258/258 257/257
f 257/257 258/258 259/259
f 257/257 259/259 260/260
f 259/259 261/261 260/260
f 260/260 261/261 262/262
f 260/260 262/262 263/263
f 262/262 264/264 263/263
f 263/263 264/264 265/265
f 263/263 265/265 266/266
f 266/266 265/265 267/267
f 266/266 267/267 268/268
f 267/267 269/269 268/268
f 268/268 269/269 270/270
f 268/268 270/270 271/271
f 270/270 272/272 271/271
f 271/271 272/272 273/273
f 271/271 273/273 274/274
f 273/273 275/275 274/274
f 274/274 275/275 276/276
f 274/274 276/276 277/277
f 276/276 278/278 277/277
f 277/277 278/278 279/279
f 277/277 279/279 280/280
f 279/279 281/281 280/280
f 280/280 281/281 282/282
f 280/280 282/282 283/283
f 282/282 284/284 283/283
f 283/283 284/284 285/285
f 283/283 285/285 286/286
f 286/286 285/285 287/287
f 286/286 287/287 253/253
f 253/253 287/287 288/288
f 253/253 288/288 254/254
f 289/289 290/290 291/291
f 292/292 290/290 289/289
f 289/289 293/293 294/294
f 295/295 293/293 289/289
f 291/291 295/295 289/289
f 289/289 296/296 297/297
f 298/298 296/296 289/289
f 294/294 298/298 289/289
f 289/289 299/299 300/300
f 301/301 299/299 289/289
f 297/297 301/301 289/289
f 300/300 292/292 289/289
f 302/302 303/303 304/304
f 302/302 305/305 303/303
f 303/303 305/305 306/306
f 303/303 306/306 307/307
f 306/306 308/308 307/307
f 307/307 308/308 309/309
f 307/307 309/309 310/310
f 309/309 311/311 310/310
f 310/310 311/311 312/312
f 310/310 312/312 313/313
f 312/312 314/314 313/313
f 313/313 314/314 315/315
f 313/313 315/315 316/316
f 315/315 317/317 316/316
f 316/316 317/317 318/318
f 316/316 318/318 319/319
f 318/318 320/320 319/319
f 319/319 320/320 321/321
f 319/319 321/321 322/322
f 321/321 323/323 322/322
f 322/322 323/323 324/324
f 322/322 324/324 325/325
f 324/324 326/326 325/325
f 325/325 326/326 327/327
f 325/325 327/327 328/328
f 327/327 329/329 328/328
f 328/328 329/329 330/330
f 328/328 330/330 331/331
f 330/330 332/332 331/331
f 331/331 332/332 333/333
f 331/331 333/333 334/334
f 333/333 335/335 334/334
f 334/334 335/335 336/336
f 334/334 336/336 337/337
f 337/337 336/336 338/338
f 304/304 339/339 302/302
f 340/340 341/341 342/342
f 342/342 343/343 340/340
f 340/340 343/343 344/344
f 340/340 344/344 345/345
f 344/344 346/346 345/345
f 345/345 346/346 347/347
f 345/345 347/347 348/348
f 347/347 349/349 348/348
f 348/348 349/349 350/350
f 348/348 350/350 351/351
f 350/350 352/352 351/351
f 351/351 352/352 353/353
f 351/351 353/353 354/354
f 354/354 353/353 355/355
f 354/354 355/355 356/356
f 355/355 357/357 356/356
f 356/356 357/357 358/358
f 356/356 358/358 359/359
f 358/358 360/360 359/359
f 359/359 360/360 361/361
f 359/359 361/361 362/362
f 361/361 363/363 362/362
f 362/362 363/363 364/364
f 362/362 364/364 365/365
f 364/364 366/366 365/365
f 365/365 366/366 367/367
f 365/365 367/367 368/368
f 367/367 369/369 368/368
f 368/368 369/369 370/370
f 368/368 370/370 371/371
f 370/370 372/372 371/371
f 371/371 372/372 373/373
f 371/371 373/373 374/374
f 374/374 373/373 375/375
f 374/374 375/375 341/341
f 341/341 375/375 376/376
f 341/341 376/376 342/342
f 377/377 378/378 379/379
f 380/380 378/378 377/377
f 377/377 381/381 382/382
f 383/383 381/381 377/377
f 379/379 383/383 377/377
f 377/377 384/384 385/385
f 386/386 384/384 377/377
f 382/382 386/386 377/377
f 377/377 387/387 388/388
f 389/389 387/387 377/377
f 385/385 389/389 377/377
f 388/388 380/380 377/377
f 390/390 391/391 392/392
f 390/390 393/393 391/391
f 391/391 393/393 394/394
f 391/391 394/394 395/395
f 394/394 396/396 395/395
f 395/395 396/396 397/397
f 395/395 397/397 398/398
f 397/397 399/399 398/398
f 398/398 399/399 400/400
f 398/398 400/400 401/401
f 400/400 402/402 401/401
f 401/401 402/402 403/403
f 401/401 403/403 404/404
f 403/403 405/405 404/404
f 404/404 405/405 406/406
f 404/404 406/406 407/407
f 406/406 408/408 407/407
f 407/407 408/408 409/409
f 407/407 409/409 410/410
f 409/409 411/411 410/410
f 410/410 411/411 412/412
f 410/410 412/412 413/413
f 412/412 414/414 413/413
f 413/413 414/414 415/415
f 413/413 415/415 416/416
f 415/415 417/417 416/416
f 416/416 417/417 418/418
f 416/416 418/418 419/419
f 418/418 420/420 419/419
f 419/419 420/420 421/421
f 419/419 421/421 422/422
f 421/421 423/423 422/422
f 422/422 423/423 424/424
f 422/422 424/424 425/425
f 425/425 424/424 426/426
f 392/392 427/427 390/390
f 428/428 429/429 430/430
f 430/430 431/431 428/428
f 428/428 431/431 432/432
f 428/428 432/432 433/433
f 432/432 434/434 433/433
f 433/433 434/434 435/435
f 433/433 435/435 436/436
f 435/435 437/437 436/436
f 436/436 437/437 438/438
f 436/436 438/438 439/439
f 438/438 440/440 439/439
f 439/439 440/440 441/441
f 439/439 441/441 442/442
f 442/442 441/441 443/443
f 442/442 443/443 444/444
f 443/443 445/445 444/444
f 444/444 445/445 446/446
f 444/444 446/446 447/447
f 446/446 448/448 447/447
f 447/447 448/448 449/449
f 447/447 449/449 450/450
f 449/449 451/451 450/450
f 450/450 451/451 452/452
f 450/450 452/452 453/453
f 452/452 454/454 453/453
f 453/453 454/454 455/455
f 453/453 455/455 456/456
f 455/455 457/457 456/456
f 456/456 457/457 458/458
f 456/456 458/458 459/459
f 458/458 460/460 459/459
f 459/459 460/460 461/461
f 459/459 461/461 462/462
f 462/462 461/461 463/463
f 462/462 463/463 429/429
f 429/429 463/463 464/464
f 429/429 464/464 430/430
f 465/465 466/466 467/467
f 467/467 466/466 468/468
f 467/467 468/468 469/469
f 469/469 468/468 470/470
f 469/469 470/470 471/471
f 471/471 470/470 472/472
f 473/473 474/474 475/475
f 475/475 474/474 476/476
f 477/477 478/478 479/479
f 479/479 478/478 480/480
f 481/481 482/482 483/483
f 483/483 482/482 484/484
f 485/485 486/486 487/487
f 487/487 486/486 488/488
f 489/489 490/490 491/491
f 491/491 490/490 492/492
f 493/493 494/494 495/495
f 495/495 494/494 496/496
f 497/497 498/498 499/499
f 499/499 498/498 500/500
f 501/501 502/502 503/503
f 503/503 502/502 504/504
f 505/505 506/506 507/507
f 507/507 506/506 508/508
f 509/509 510/510 511/511
f 511/511 510/510 512/512
f 513/513 514/514 515/515
f 515/515 514/514 516/516
f 517/517 518/518 519/519
f 519/519 518/518 520/520
f 521/521 465/465 467/467
f 522/522 523/523 524/524
f 525/525 526/526 527/527
f 524/524 523/523 527/527
f 527/527 523/523 528/528
f 527/527 528/528 525/525
f 529/529 530/530 531/531
f 532/532 533/533 534/534
f 534/534 535/535 532/532
f 532/532 535/535 536/536
f 532/532 536/536 524/524
f 524/524 536/536 537/537
f 524/524 537/537 522/522
f 531/531 530/530 532/532
f 532/532 530/530 538/538
f 532/532 538/538 533/533
f 526/526 539/539 527/527
f 527/527 539/539 540/540
f 527/527 540/540 531/531
f 531/531 540/540 541/541
f 531/531 541/541 529/529
f 542/542 543/543 544/544
f 544/544 543/543 545/545
f 546/546 547/547 548/548
f 548/548 547/547 549/549
f 550/550 551/551 552/552
f 552/552 551/551 553/553
f 552/552 553/553 554/554
f 554/554 553/553 555/555
f 556/556 557/557 558/558
f 559/559 560/560 561/561
f 561/561 560/560 562/562
f 563/563 564/564 565/565
f 565/565 564/564 566/566
f 565/565 566/566 567/567
f 567/567 566/566 553/553
f 562/562 555/555 561/561
f 561/561 555/555 553/553
f 561/561 553/553 558/558
f 558/558 553/553 566/566
f 558/558 566/566 556/556
f 568/568 569/569 570/570
f 570/570 569/569 571/571
f 570/570 571/571 572/572
f 557/557 556/556 572/572
f 572/572 556/556 573/573
f 572/572 573/573 570/570
f 574/574 575/575 576/576
f 576/576 575/575 577/577
f 576/576 577/577 559/559
f 559/559 577/577 560/560
f 578/578 575/575 579/579
f 579/579 580/580 578/578
f 578/578 580/580 581/581
f 578/578 581/581 582/582
f 582/582 581/581 583/583
f 582/582 583/583 584/584
f 584/584 583/583 585/585
f 584/584 585/585 586/586
f 586/586 585/585 587/587
f 586/586 587/587 588/588
f 588/588 587/587 589/589
f 588/588 589/589 590/590
f 591/591 592/592 593/593
f 594/594 595/595 596/596
f 596/596 595/595 597/597
f 598/598 599/599 600/600
f 601/601 602/602 603/603
f 603/603 602/602 604/604
f 603/603 604/604 605/605
f 605/605 604/604 606/606
f 605/605 606/606 600/600
f 600/600 606/606 607/607
f 600/600 607/607 598/598
f 608/608 609/609 610/610
f 611/611 612/612 613/613
f 613/613 612/612 614/614
f 613/613 614/614 610/610
f 610/610 614/614 615/615
f 610/610 615/615 608/608
f 616/616 617/617 618/618
f 618/618 617/617 619/619
f 618/618 619/619 620/620
f 620/620 619/619 613/613
f 620/620 613/613 621/621
f 622/622 623/623 624/624
f 624/624 623/623 625/625
f 624/624 625/625 626/626
f 626/626 625/625 627/627
f 626/626 627/627 628/628
f 628/628 627/627 621/621
f 628/628 621/621 629/629
f 629/629 621/621 613/613
f 629/629 613/613 630/630
f 630/630 613/613 610/610
f 599/599 598/598 631/631
f 631/631 598/598 632/632
f 631/631 632/632 609/609
f 609/609 632/632 610/610
f 633/633 634/634 635/635
f 635/635 634/634 636/636
f 637/637 638/638 639/639
f 639/639 638/638 640/640
f 641/641 642/642 643/643
f 643/643 642/642 644/644
f 645/645 646/646 647/647
f 647/647 646/646 648/648
f 649/649 650/650 651/651
f 651/651 650/650 652/652
f 653/653 654/654 655/655
f 655/655 654/654 656/656
f 657/657 658/658 659/659
f 659/659 658/658 660/660
f 660/660 658/658 661/661
f 660/660 661/661 662/662
f 662/662 661/661 663/663
f 662/662 663/663 664/664
f 664/664 663/663 665/665
f 664/664 665/665 666/666
f 666/666 665/665 667/667
f 666/666 667/667 668/668
f 668/668 667/667 669/669
f 668/668 669/669 670/670
f 670/670 669/669 671/671
f 670/670 671/671 672/672
f 671/671 673/673 672/672
f 674/674 673/673 675/675
f 674/674 675/675 676/676
f 676/676 675/675 677/677
f 676/676 677/677 678/678
f 678/678 677/677 679/679
f 678/678 679/679 680/680
f 680/680 679/679 681/681
f 680/680 681/681 682/682
f 659/659 683/683 657/657
f 657/657 683/683 684/684
f 657/657 684/684 685/685
f 686/686 687/687 688/688
f 689/689 690/690 691/691
f 691/691 690/690 692/692
f 691/691 693/693 694/694
f 694/694 693/693 695/695
f 694/694 696/696 697/697
f 697/697 696/696 698/698
f 697/697 698/698 699/699
f 699/699 698/698 700/700
f 699/699 700/700 701/701
f 701/701 702/702 703/703
f 703/703 702/702 704/704
f 703/703 704/704 705/705
f 705/705 704/704 706/706
f 705/705 706/706 707/707
f 707/707 706/706 708/708
f 707/707 708/708 709/709
f 709/709 708/708 710/710
f 709/709 710/710 711/711
f 711/711 710/710 712/712
f 711/711 712/712 713/713
f 713/713 712/712 714/714
f 713/713 714/714 715/715
f 715/715 714/714 716/716
f 715/715 716/716 688/688
f 688/688 716/716 717/717
f 688/688 717/717 686/686
f 718/718 719/719 720/720
f 720/720 719/719 721/721
f 722/722 723/723 724/724
f 724/724 723/723 725/725
f 726/726 727/727 728/728
f 728/728 727/727 729/729
f 730/730 731/731 732/732
f 732/732 731/731 733/733
f 734/734 735/735 736/736
f 736/736 735/735 737/737
f 738/738 739/739 740/740
f 740/740 739/739 741/741
f 740/740 741/741 742/742
f 743/743 744/744 745/745
f 746/746 747/747 748/748
f 749/749 750/750 751/751
f 751/751 750/750 748/748
f 751/751 748/748 752/752
f 752/752 748/748 747/747
f 748/748 753/753 754/754
f 755/755 756/756 757/757
f 757/757 756/756 758/758
f 757/757 758/758 759/759
f 759/759 758/758 760/760
f 759/759 760/760 761/761
f 761/761 760/760 746/746
f 761/761 746/746 762/762
f 762/762 746/746 748/748
f 762/762 748/748 763/763
f 763/763 748/748 745/745
f 754/754 764/764 748/748
f 748/748 764/764 765/765
f 748/748 765/765 745/745
f 745/745 765/765 766/766
f 745/745 766/766 743/743
f 767/767 768/768 769/769
f 770/770 771/771 772/772
f 769/769 771/771 773/773
f 769/769 773/773 767/767
f 774/774 775/775 776/776
f 777/777 778/778 779/779
f 779/779 778/778 780/780
f 779/779 780/780 781/781
f 781/781 780/780 782/782
f 781/781 782/782 776/776
f 776/776 782/782 783/783
f 776/776 783/783 774/774
f 784/784 785/785 786/786
f 786/786 785/785 787/787
f 786/786 787/787 788/788
f 788/788 787/787 789/789
f 790/790 791/791 792/792
f 792/792 791/791 793/793
f 792/792 793/793 794/794
f 795/795 796/796 792/792
f 792/792 796/796 797/797
f 792/792 797/797 790/790
f 798/798 799/799 792/792
f 792/792 799/799 800/800
f 792/792 800/800 795/795
f 794/794 801/801 792/792
f 792/792 801/801 802/802
f 792/792 802/802 798/798
f 803/803 804/804 805/805
f 805/805 804/804 806/806
f 807/807 804/804 808/808
f 809/809 810/810 804/804
f 804/804 810/810 811/811
f 804/804 811/811 808/808
f 812/812 813/813 804/804
f 804/804 813/813 814/814
f 804/804 814/814 809/809
f 803/803 815/815 804/804
f 804/804 815/815 816/816
f 804/804 816/816 812/812
f 817/817 818/818 819/819
f 807/807 808/808 820/820
f 820/820 808/808 821/821
f 820/820 821/821 819/819
f 819/819 821/821 822/822
f 819/819 822/822 817/817
f 818/818 823/823 819/819
f 819/819 823/823 824/824
f 819/819 824/824 825/825
f 825/825 824/824 826/826
f 825/825 826/826 827/827
f 826/826 828/828 827/827
f 827/827 828/828 829/829
f 827/827 829/829 830/830
f 830/830 829/829 831/831
f 830/830 831/831 832/832
f 833/833 832/832 834/834
f 834/834 832/832 831/831
f 833/833 835/835 832/832
f 832/832 835/835 836/836
f 832/832 836/836 837/837
f 830/830 832/832 837/837
f 837/837 838/838 839/839
f 839/839 838/838 840/840
f 839/839 840/840 841/841
f 841/841 840/840 842/842
f 841/841 842/842 843/843
f 842/842 844/844 845/845
f 845/845 844/844 846/846
f 845/845 846/846 847/847
f 847/847 846/846 848/848
f 847/847 848/848 849/849
f 850/850 848/848 851/851
f 850/850 851/851 852/852
f 852/852 851/851 853/853
f 852/852 853/853 854/854
f 854/854 853/853 855/855
f 854/854 855/855 856/856
f 857/857 858/858 859/859
f 860/860 861/861 862/862
f 862/862 861/861 863/863
f 859/859 858/858 864/864
f 863/863 865/865 862/862
f 862/862 865/865 866/866
f 862/862 866/866 867/867
f 867/867 866/866 868/868
f 867/867 868/868 858/858
f 858/858 868/868 869/869
f 858/858 869/869 864/864
f 857/857 859/859 870/870
f 870/870 859/859 871/871
f 870/870 871/871 872/872
f 873/873 874/874 875/875
f 872/872 876/876 870/870
f 870/870 876/876 873/873
f 870/870 873/873 877/877
f 877/877 873/873 875/875
f 878/878 879/879 875/875
f 878/878 875/875 880/880
f 874/874 881/881 875/875
f 875/875 881/881 882/882
f 875/875 882/882 880/880
f 883/883 884/884 885/885
f 885/885 884/884 886/886
f 885/885 886/886 879/879
f 879/879 877/877 875/875
f 883/883 887/887 888/888
f 888/888 887/887 889/889
f 888/888 889/889 890/890
f 890/890 889/889 891/891
f 890/890 891/891 892/892
f 891/891 893/893 892/892
f 892/892 893/893 894/894
f 892/892 894/894 895/895
f 896/896 894/894 897/897
f 896/896 897/897 806/806
f 806/806 897/897 898/898
f 806/806 898/898 899/899
f 899/899 900/900 806/806
f 806/806 900/900 901/901
f 806/806 901/901 902/902
f 902/902 903/903 806/806
f 806/806 903/903 904/904
f 806/806 904/904 805/805
f 905/905 860/860 906/906
f 906/906 860/860 907/907
f 908/908 909/909 910/910
f 860/860 911/911 856/856
f 856/856 911/911 912/912
f 856/856 912/912 913/913
f 914/914 915/915 862/862
f 862/862 915/915 916/916
f 862/862 916/916 860/860
f 917/917 918/918 856/856
f 856/856 918/918 919/919
f 856/856 919/919 854/854
f 916/916 920/920 860/860
f 860/860 920/920 921/921
f 860/860 921/921 907/907
f 907/907 921/921 922/922
f 913/913 923/923 856/856
f 856/856 923/923 924/924
f 856/856 924/924 917/917
f 919/919 925/925 854/854
f 854/854 925/925 926/926
f 854/854 926/926 927/927
f 928/928 929/929 930/930
f 910/910 931/931 908/908
f 908/908 931/931 932/932
f 908/908 932/932 933/933
f 928/928 934/934 935/935
f 935/935 934/934 936/936
f 935/935 936/936 921/921
f 921/921 936/936 937/937
f 921/921 937/937 922/922
f 924/924 938/938 917/917
f 917/917 938/938 939/939
f 917/917 939/939 940/940
f 940/940 939/939 909/909
f 940/940 909/909 930/930
f 930/930 909/909 908/908
f 930/930 908/908 928/928
f 928/928 908/908 941/941
f 928/928 941/941 934/934
f 905/905 942/942 860/860
f 860/860 942/942 943/943
f 860/860 943/943 911/911
f 911/911 943/943 933/933
f 911/911 933/933 944/944
f 944/944 933/933 932/932
f 945/945 946/946 927/927
f 927/927 946/946 947/947
f 927/927 947/947 854/854
f 854/854 947/947 948/948
f 854/854 948/948 862/862
f 862/862 948/948 949/949
f 862/862 949/949 914/914
f 945/945 950/950 946/946
f 946/946 950/950 951/951
f 946/946 951/951 929/929
f 929/929 951/951 952/952
f 929/929 952/952 930/930
f 953/953 954/954 955/955
f 955/955 954/954 956/956
f 957/957 958/958 959/959
f 959/959 958/958 960/960
f 961/961 962/962 963/963
f 963/963 962/962 964/964
f 965/965 966/966 967/967
f 967/967 966/966 968/968
f 969/969 970/970 971/971
f 971/971 970/970 972/972
f 973/973 974/974 975/975
f 975/975 974/974 976/976
f 977/977 978/978 979/979
f 979/979 978/978 980/980
f 981/981 982/982 983/983
f 983/983 982/982 984/984
f 985/985 986/986 987/987
f 987/987 986/986 988/988
f 989/989 990/990 991/991
f 991/991 990/990 992/992
f 993/993 994/994 995/995
f 995/995 994/994 996/996
f 997/997 998/998 999/999
f 999/999 998/998 1000/1000
f 803/803 805/805 1001/1001
f 1001/1001 805/805 1002/1002
f 1001/1001 1002/1002 1003/1003
f 1003/1003 1002/1002 1004/1004
f 1003/1003 1004/1004 1005/1005
f 1005/1005 1004/1004 1006/1006
f 1007/1007 1008/1008 1009/1009
f 1003/1003 1005/1005 1010/1010
f 1001/1001 1003/1003 1011/1011
f 1012/1012 811/811 1013/1013
f 1013/1013 811/811 810/810
f 1013/1013 810/810 1014/1014
f 1014/1014 810/810 809/809
f 1014/1014 809/809 1015/1015
f 1015/1015 809/809 814/814
f 1015/1015 814/814 1016/1016
f 1016/1016 814/814 813/813
f 1016/1016 813/813 1017/1017
f 1017/1017 813/813 812/812
f 1017/1017 812/812 1018/1018
f 1018/1018 812/812 816/816
f 1018/1018 816/816 1019/1019
f 1019/1019 816/816 815/815
f 1019/1019 815/815 1020/1020
f 1020/1020 815/815 803/803
f 1020/1020 803/803 1001/1001
f 1003/1003 1010/1010 1011/1011
f 1011/1011 1010/1010 1021/1021
f 1011/1011 1021/1021 1022/1022
f 1022/1022 1021/1021 1023/1023
f 1022/1022 1023/1023 1024/1024
f 1024/1024 1023/1023 1025/1025
f 1024/1024 1025/1025 1026/1026
f 1026/1026 1025/1025 1027/1027
f 1026/1026 1027/1027 1028/1028
f 1028/1028 1027/1027 1029/1029
f 1028/1028 1029/1029 1030/1030
f 1030/1030 1029/1029 1031/1031
f 1030/1030 1031/1031 1032/1032
f 1032/1032 1031/1031 1033/1033
f 1032/1032 1033/1033 1034/1034
f 1034/1034 1033/1033 1035/1035
f 1034/1034 1035/1035 1036/1036
f 1036/1036 1035/1035 1037/1037
f 1036/1036 1037/1037 1038/1038
f 1037/1037 1039/1039 1038/1038
f 1038/1038 1039/1039 1040/1040
f 1038/1038 1040/1040 1041/1041
f 1041/1041 1040/1040 1042/1042
f 1041/1041 1042/1042 1043/1043
f 1043/1043 1042/1042 1044/1044
f 1043/1043 1044/1044 1045/1045
f 1045/1045 1044/1044 1046/1046
f 1045/1045 1046/1046 1047/1047
f 1001/1001 1011/1011 1020/1020
f 1020/1020 1011/1011 1022/1022
f 1020/1020 1022/1022 1019/1019
f 1019/1019 1022/1022 1024/1024
f 1019/1019 1024/1024 1018/1018
f 1018/1018 1024/1024 1026/1026
f 1018/1018 1026/1026 1017/1017
f 1017/1017 1026/1026 1028/1028
f 1017/1017 1028/1028 1016/1016
f 1016/1016 1028/1028 1030/1030
f 1016/1016 1030/1030 1015/1015
f 1015/1015 1030/1030 1032/1032
f 1015/1015 1032/1032 1014/1014
f 1014/1014 1032/1032 1034/1034
f 1014/1014 1034/1034 1013/1013
f 1013/1013 1034/1034 1036/1036
f 1013/1013 1036/1036 1012/1012
f 1012/1012 1036/1036 1038/1038
f 1012/1012 1038/1038 1048/1048
f 1048/1048 1038/1038 1041/1041
f 1048/1048 1041/1041 1049/1049
f 1049/1049 1041/1041 1043/1043
f 1049/1049 1043/1043 1050/1050
f 1050/1050 1043/1043 1045/1045
f 1050/1050 1045/1045 1051/1051
f 1051/1051 1045/1045 1047/1047
f 1051/1051 1047/1047 1052/1052
f 1052/1052 823/823 1051/1051
f 1051/1051 823/823 818/818
f 1051/1051 818/818 1050/1050
f 1050/1050 818/818 817/817
f 1050/1050 817/817 1049/1049
f 1049/1049 817/817 822/822
f 1049/1049 822/822 1048/1048
f 1048/1048 822/822 821/821
f 1048/1048 821/821 1012/1012
f 1012/1012 821/821 808/808
f 1012/1012 808/808 811/811
f 828/828 826/826 1052/1052
f 1052/1052 826/826 824/824
f 1052/1052 824/824 823/823
f 1008/1008 1053/1053 1009/1009
f 1009/1009 1053/1053 1054/1054
f 1009/1009 1054/1054 1055/1055
f 1056/1056 1054/1054 1057/1057
f 1058/1058 1057/1057 1059/1059
f 1059/1059 1057/1057 1054/1054
f 1060/1060 1054/1054 1061/1061
f 1061/1061 1054/1054 1053/1053
f 1046/1046 1007/1007 1047/1047
f 1047/1047 1007/1007 1009/1009
f 1047/1047 1009/1009 1052/1052
f 1052/1052 1009/1009 1055/1055
f 1052/1052 1056/1056 828/828
f 828/828 1056/1056 1057/1057
f 828/828 1057/1057 829/829
f 829/829 1057/1057 1058/1058
f 829/829 1058/1058 831/831
f 1061/1061 1062/1062 1060/1060
f 1060/1060 1062/1062 1063/1063
f 1059/1059 1064/1064 1058/1058
f 831/831 1058/1058 1065/1065
f 1062/1062 1066/1066 1063/1063
f 1063/1063 1066/1066 1067/1067
f 1063/1063 1067/1067 1068/1068
f 1068/1068 1067/1067 1069/1069
f 1068/1068 1069/1069 1070/1070
f 1071/1071 1072/1072 1073/1073
f 1073/1073 1072/1072 1074/1074
f 1073/1073 1074/1074 1075/1075
f 1075/1075 1074/1074 1070/1070
f 1075/1075 1070/1070 1076/1076
f 1076/1076 1070/1070 1069/1069
f 1058/1058 1064/1064 1077/1077
f 1077/1077 1064/1064 1078/1078
f 1077/1077 1078/1078 1079/1079
f 1079/1079 1078/1078 1080/1080
f 1079/1079 1080/1080 1081/1081
f 1081/1081 1080/1080 1082/1082
f 1081/1081 1082/1082 1083/1083
f 1083/1083 1082/1082 1084/1084
f 1083/1083 1084/1084 1085/1085
f 831/831 1065/1065 834/834
f 834/834 1065/1065 1086/1086
f 834/834 1086/1086 833/833
f 833/833 1086/1086 1087/1087
f 833/833 1087/1087 835/835
f 835/835 1087/1087 1088/1088
f 835/835 1088/1088 836/836
f 836/836 1088/1088 1089/1089
f 836/836 1089/1089 837/837
f 1072/1072 1071/1071 1090/1090
f 1085/1085 1084/1084 1091/1091
f 837/837 1089/1089 1092/1092
f 1072/1072 1090/1090 1093/1093
f 1093/1093 1090/1090 1094/1094
f 1093/1093 1094/1094 1095/1095
f 1095/1095 1094/1094 1096/1096
f 1095/1095 1096/1096 1097/1097
f 1097/1097 1096/1096 1098/1098
f 1097/1097 1098/1098 1099/1099
f 1099/1099 1098/1098 1100/1100
f 1099/1099 1100/1100 1101/1101
f 1101/1101 1100/1100 1102/1102
f 1101/1101 1102/1102 1103/1103
f 1103/1103 1102/1102 1104/1104
f 1103/1103 1104/1104 1105/1105
f 1105/1105 1104/1104 1106/1106
f 1105/1105 1106/1106 1107/1107
f 1107/1107 1106/1106 1108/1108
f 1107/1107 1108/1108 1109/1109
f 1109/1109 1108/1108 1110/1110
f 1109/1109 1110/1110 1111/1111
f 1085/1085 1091/1091 1112/1112
f 1112/1112 1091/1091 1113/1113
f 1112/1112 1113/1113 1114/1114
f 1114/1114 1113/1113 1115/1115
f 1114/1114 1115/1115 1116/1116
f 1116/1116 1115/1115 1117/1117
f 1116/1116 1117/1117 1118/1118
f 1118/1118 1117/1117 1119/1119
f 1118/1118 1119/1119 1120/1120
f 1120/1120 1119/1119 1121/1121
f 1120/1120 1121/1121 1122/1122
f 1122/1122 1121/1121 1123/1123
f 1122/1122 1123/1123 1124/1124
f 1124/1124 1123/1123 1125/1125
f 1124/1124 1125/1125 1126/1126
f 1126/1126 1125/1125 1109/1109
f 1126/1126 1109/1109 1127/1127
f 1127/1127 1109/1109 1111/1111
f 1128/1128 1111/1111 1129/1129
f 837/837 1092/1092 838/838
f 838/838 1092/1092 1130/1130
f 838/838 1130/1130 840/840
f 840/840 1130/1130 1131/1131
f 840/840 1131/1131 842/842
f 842/842 1131/1131 1132/1132
f 842/842 1132/1132 844/844
f 844/844 1132/1132 1133/1133
f 844/844 1133/1133 846/846
f 846/846 1133/1133 1134/1134
f 846/846 1134/1134 848/848
f 848/848 1134/1134 1135/1135
f 848/848 1135/1135 851/851
f 851/851 1135/1135 1136/1136
f 851/851 1136/1136 853/853
f 853/853 1136/1136 1128/1128
f 853/853 1128/1128 855/855
f 855/855 1128/1128 1129/1129
f 855/855 1129/1129 856/856
f 1110/1110 1137/1137 1138/1138
f 1110/1110 1138/1138 1111/1111
f 1111/1111 1138/1138 1139/1139
f 1111/1111 1139/1139 1129/1129
f 1129/1129 1139/1139 860/860
f 1129/1129 860/860 856/856
f 1138/1138 1137/1137 1140/1140
f 1139/1139 1138/1138 1141/1141
f 860/860 1139/1139 1142/1142
f 1138/1138 1140/1140 1141/1141
f 1141/1141 1140/1140 1143/1143
f 1141/1141 1143/1143 1144/1144
f 1144/1144 1143/1143 1145/1145
f 1144/1144 1145/1145 1146/1146
f 1146/1146 1145/1145 1147/1147
f 1146/1146 1147/1147 1148/1148
f 1148/1148 1147/1147 1149/1149
f 1148/1148 1149/1149 1150/1150
f 1150/1150 1149/1149 1151/1151
f 1150/1150 1151/1151 1152/1152
f 1152/1152 1151/1151 1153/1153
f 1152/1152 1153/1153 1154/1154
f 1154/1154 1153/1153 1155/1155
f 1154/1154 1155/1155 1156/1156
f 1156/1156 1155/1155 1157/1157
f 1156/1156 1157/1157 1158/1158
f 1158/1158 1157/1157 1159/1159
f 1158/1158 1159/1159 1160/1160
f 1160/1160 1159/1159 1161/1161
f 1160/1160 1161/1161 1162/1162
f 1162/1162 1161/1161 1163/1163
f 1162/1162 1163/1163 1164/1164
f 1164/1164 1163/1163 1165/1165
f 1164/1164 1165/1165 1166/1166
f 1139/1139 1141/1141 1142/1142
f 1142/1142 1141/1141 1144/1144
f 1142/1142 1144/1144 1167/1167
f 1167/1167 1144/1144 1146/1146
f 1167/1167 1146/1146 1168/1168
f 1168/1168 1146/1146 1148/1148
f 1168/1168 1148/1148 1169/1169
f 1169/1169 1148/1148 1150/1150
f 1169/1169 1150/1150 1170/1170
f 1170/1170 1150/1150 1171/1171
f 1170/1170 1171/1171 1172/1172
f 1172/1172 1171/1171 1173/1173
f 1172/1172 1173/1173 1174/1174
f 1174/1174 1173/1173 1175/1175
f 1174/1174 1175/1175 1176/1176
f 1176/1176 1175/1175 1177/1177
f 1176/1176 1177/1177 1178/1178
f 1178/1178 1177/1177 1179/1179
f 1178/1178 1179/1179 1180/1180
f 1180/1180 1179/1179 1181/1181
f 1180/1180 1181/1181 1182/1182
f 1182/1182 1181/1181 1183/1183
f 1182/1182 1183/1183 1184/1184
f 1184/1184 1183/1183 1185/1185
f 1184/1184 1185/1185 1186/1186
f 860/860 1142/1142 861/861
f 861/861 1142/1142 1167/1167
f 861/861 1167/1167 863/863
f 863/863 1167/1167 1168/1168
f 863/863 1168/1168 865/865
f 865/865 1168/1168 1169/1169
f 865/865 1169/1169 866/866
f 866/866 1169/1169 1170/1170
f 866/866 1170/1170 868/868
f 868/868 1170/1170 1172/1172
f 868/868 1172/1172 869/869
f 869/869 1172/1172 1174/1174
f 869/869 1174/1174 864/864
f 864/864 1174/1174 1187/1187
f 864/864 1187/1187 859/859
f 859/859 1187/1187 1188/1188
f 859/859 1188/1188 871/871
f 871/871 1188/1188 1189/1189
f 871/871 1189/1189 872/872
f 872/872 1189/1189 1190/1190
f 872/872 1190/1190 876/876
f 876/876 1190/1190 1191/1191
f 876/876 1191/1191 873/873
f 873/873 1191/1191 1192/1192
f 873/873 1192/1192 874/874
f 1166/1166 1165/1165 1193/1193
f 1186/1186 1185/1185 1194/1194
f 874/874 1192/1192 1195/1195
f 1166/1166 1193/1193 1196/1196
f 1196/1196 1193/1193 1197/1197
f 1196/1196 1197/1197 1198/1198
f 1197/1197 1199/1199 1198/1198
f 1198/1198 1199/1199 1200/1200
f 1198/1198 1200/1200 1201/1201
f 1201/1201 1200/1200 1202/1202
f 1201/1201 1202/1202 1203/1203
f 1203/1203 1202/1202 1204/1204
f 1203/1203 1204/1204 1205/1205
f 1205/1205 1204/1204 1206/1206
f 1205/1205 1206/1206 1207/1207
f 1186/1186 1194/1194 1208/1208
f 1208/1208 1194/1194 1209/1209
f 1208/1208 1209/1209 1210/1210
f 1210/1210 1209/1209 1211/1211
f 1210/1210 1211/1211 1212/1212
f 1212/1212 1211/1211 1213/1213
f 1212/1212 1213/1213 1214/1214
f 1214/1214 1213/1213 1215/1215
f 1214/1214 1215/1215 1216/1216
f 874/874 1195/1195 881/881
f 881/881 1195/1195 1217/1217
f 881/881 1217/1217 882/882
f 882/882 1217/1217 1218/1218
f 882/882 1218/1218 880/880
f 880/880 1218/1218 1219/1219
f 880/880 1219/1219 878/878
f 878/878 1219/1219 1220/1220
f 878/878 1220/1220 879/879
f 1205/1205 1207/1207 1221/1221
f 1216/1216 1215/1215 1222/1222
f 879/879 1220/1220 1223/1223
f 1205/1205 1221/1221 1224/1224
f 1224/1224 1221/1221 1225/1225
f 1224/1224 1225/1225 1226/1226
f 1226/1226 1225/1225 1227/1227
f 1226/1226 1227/1227 1228/1228
f 1228/1228 1227/1227 1229/1229
f 1228/1228 1229/1229 1230/1230
f 1229/1229 1231/1231 1230/1230
f 1230/1230 1231/1231 1232/1232
f 1230/1230 1232/1232 1233/1233
f 1233/1233 1232/1232 1234/1234
f 1233/1233 1234/1234 1235/1235
f 1235/1235 1234/1234 1236/1236
f 1235/1235 1236/1236 1237/1237
f 1237/1237 1236/1236 1238/1238
f 1237/1237 1238/1238 1239/1239
f 1238/1238 1240/1240 1239/1239
f 1239/1239 1240/1240 1241/1241
f 1239/1239 1241/1241 1242/1242
f 1242/1242 1241/1241 1243/1243
f 1242/1242 1243/1243 1244/1244
f 1244/1244 1243/1243 1245/1245
f 1244/1244 1245/1245 1246/1246
f 1246/1246 1245/1245 1247/1247
f 1246/1246 1247/1247 1248/1248
f 1248/1248 1247/1247 1249/1249
f 1248/1248 1249/1249 1250/1250
f 1250/1250 1249/1249 1251/1251
f 1250/1250 1251/1251 1252/1252
f 1252/1252 1251/1251 1253/1253
f 1252/1252 1253/1253 1254/1254
f 1254/1254 1253/1253 1006/1006
f 1254/1254 1006/1006 1004/1004
f 1216/1216 1222/1222 1255/1255
f 1255/1255 1222/1222 1256/1256
f 1255/1255 1256/1256 1257/1257
f 1257/1257 1256/1256 1258/1258
f 1257/1257 1258/1258 1259/1259
f 1259/1259 1258/1258 1260/1260
f 1259/1259 1260/1260 1261/1261
f 1261/1261 1260/1260 1233/1233
f 1261/1261 1233/1233 1262/1262
f 1262/1262 1233/1233 1235/1235
f 1263/1263 1235/1235 1264/1264
f 1264/1264 1235/1235 1237/1237
f 1264/1264 1237/1237 1265/1265
f 1265/1265 1237/1237 1239/1239
f 1265/1265 1239/1239 1266/1266
f 1266/1266 1239/1239 1242/1242
f 1266/1266 1242/1242 1267/1267
f 1267/1267 1242/1242 1244/1244
f 1267/1267 1244/1244 1268/1268
f 1268/1268 1244/1244 1246/1246
f 1268/1268 1246/1246 1269/1269
f 1269/1269 1246/1246 1248/1248
f 1269/1269 1248/1248 1270/1270
f 1270/1270 1248/1248 1250/1250
f 1270/1270 1250/1250 1271/1271
f 1271/1271 1250/1250 1252/1252
f 1271/1271 1252/1252 1272/1272
f 1272/1272 1252/1252 1254/1254
f 1272/1272 1254/1254 1273/1273
f 1273/1273 1254/1254 1004/1004
f 1273/1273 1004/1004 1002/1002
f 879/879 1223/1223 885/885
f 885/885 1223/1223 1274/1274
f 885/885 1274/1274 883/883
f 883/883 1274/1274 1275/1275
f 883/883 1275/1275 887/887
f 887/887 1275/1275 1276/1276
f 887/887 1276/1276 889/889
f 889/889 1276/1276 1263/1263
f 889/889 1263/1263 891/891
f 891/891 1263/1263 1264/1264
f 891/891 1264/1264 893/893
f 893/893 1264/1264 1265/1265
f 893/893 1265/1265 894/894
f 894/894 1265/1265 1266/1266
f 894/894 1266/1266 897/897
f 897/897 1266/1266 1267/1267
f 897/897 1267/1267 898/898
f 898/898 1267/1267 1268/1268
f 898/898 1268/1268 899/899
f 899/899 1268/1268 1269/1269
f 899/899 1269/1269 900/900
f 900/900 1269/1269 1270/1270
f 900/900 1270/1270 901/901
f 901/901 1270/1270 1271/1271
f 901/901 1271/1271 902/902
f 902/902 1271/1271 1272/1272
f 902/902 1272/1272 903/903
f 903/903 1272/1272 1273/1273
f 903/903 1273/1273 904/904
f 904/904 1273/1273 1002/1002
f 904/904 1002/1002 805/805
f 1277/1277 1278/1278 1279/1279
f 1279/1279 1278/1278 1280/1280
f 1279/1279 1280/1280 1281/1281
f 1281/1281 1280/1280 1282/1282
f 1283/1283 1284/1284 1285/1285
f 1283/1283 1285/1285 1286/1286
f 1286/1286 1285/1285 1287/1287
f 1286/1286 1287/1287 1288/1288
f 1288/1288 1287/1287 1289/1289
f 1288/1288 1289/1289 1290/1290
f 1290/1290 1289/1289 1291/1291
f 1290/1290 1291/1291 1292/1292
f 1292/1292 1291/1291 1293/1293
f 1292/1292 1293/1293 1294/1294
f 1294/1294 1293/1293 1295/1295
f 1294/1294 1295/1295 1296/1296
f 1297/1297 1298/1298 1299/1299
f 1299/1299 1298/1298 1300/1300
f 1301/1301 1302/1302 1303/1303
f 1303/1303 1302/1302 1304/1304
f 1305/1305 1306/1306 1307/1307
f 1307/1307 1306/1306 1308/1308
f 1309/1309 1310/1310 1311/1311
f 1311/1311 1310/1310 1312/1312
f 1313/1313 1314/1314 1315/1315
f 1315/1315 1314/1314 1316/1316
f 1317/1317 1318/1318 1319/1319
f 1319/1319 1318/1318 1320/1320
f 1321/1321 1322/1322 1323/1323
f 1323/1323 1322/1322 1324/1324
f 1325/1325 1326/1326 1327/1327
f 1327/1327 1326/1326 1328/1328
f 1329/1329 1330/1330 1331/1331
f 1331/1331 1330/1330 1332/1332
f 1333/1333 1334/1334 1335/1335
f 1335/1335 1334/1334 1336/1336
f 1337/1337 1338/1338 1339/1339
f 1339/1339 1338/1338 1340/1340
f 1341/1341 1342/1342 1343/1343
f 1343/1343 1342/1342 1344/1344
f 1345/1345 1346/1346 1347/1347
f 1347/1347 1346/1346 1348/1348
f 1349/1349 1350/1350 1351/1351
f 1351/1351 1350/1350 1352/1352
f 1353/1353 1354/1354 1355/1355
f 1355/1355 1354/1354 1356/1356
f 1357/1357 1358/1358 1359/1359
f 1359/1359 1358/1358 1360/1360
f 1361/1361 1362/1362 1363/1363
f 1363/1363 1362/1362 1364/1364
f 1365/1365 1366/1366 1367/1367
f 1367/1367 1366/1366 1368/1368
f 1369/1369 1370/1370 1371/1371
f 1371/1371 1370/1370 1372/1372
f 1373/1373 1374/1374 1375/1375
f 1375/1375 1374/1374 1376/1376
f 1377/1377 1378/1378 1379/1379
f 1379/1379 1378/1378 1380/1380
f 1381/1381 1382/1382 1383/1383
f 1383/1383 1382/1382 1384/1384
f 1385/1385 1386/1386 1387/1387
f 1387/1387 1386/1386 1388/1388
f 1389/1389 1390/1390 1391/1391
f 1391/1391 1390/1390 1392/1392
f 1393/1393 1394/1394 1395/1395
f 1395/1395 1394/1394 1396/1396
f 1397/1397 1398/1398 1399/1399
f 1399/1399 1398/1398 1400/1400
f 1401/1401 1402/1402 1403/1403
f 1403/1403 1402/1402 1404/1404
f 1405/1405 1406/1406 1407/1407
f 1407/1407 1406/1406 1408/1408
f 1409/1409 1410/1410 1411/1411
f 1411/1411 1410/1410 1412/1412
f 1413/1413 1414/1414 1415/1415
f 1415/1415 1414/1414 1416/1416
f 1417/1417 1418/1418 1419/1419
f 1419/1419 1418/1418 1420/1420
f 1421/1421 1422/1422 1423/1423
f 1423/1423 1422/1422 1424/1424
f 1425/1425 1426/1426 1427/1427
f 1427/1427 1426/1426 1428/1428
f 1429/1429 1430/1430 1431/1431
f 1431/1431 1430/1430 1432/1432
f 1433/1433 1434/1434 1435/1435
f 1435/1435 1434/1434 1436/1436
f 1437/1437 1438/1438 1439/1439
f 1439/1439 1438/1438 1440/1440
f 1441/1441 1442/1442 1443/1443
f 1443/1443 1442/1442 1444/1444
f 1445/1445 1446/1446 1447/1447
f 1447/1447 1446/1446 1448/1448
f 1449/1449 1450/1450 1451/1451
f 1451/1451 1450/1450 1452/1452
f 1453/1453 1454/1454 1455/1455
f 1455/1455 1454/1454 1456/1456
f 1457/1457 1458/1458 1459/1459
f 1459/1459 1458/1458 1460/1460
f 1461/1461 1462/1462 1463/1463
f 1463/1463 1462/1462 1464/1464
f 1465/1465 1466/1466 1467/1467
f 1467/1467 1466/1466 1468/1468
f 1469/1469 1470/1470 1471/1471
f 1471/1471 1470/1470 1472/1472
f 1473/1473 1474/1474 1475/1475
f 1475/1475 1474/1474 1476/1476
f 1477/1477 1478/1478 1479/1479
f 1479/1479 1478/1478 1480/1480
f 1481/1481 1482/1482 1483/1483
f 1483/1483 1482/1482 1484/1484
f 1485/1485 1486/1486 1487/1487
f 1487/1487 1486/1486 1488/1488
f 1489/1489 1490/1490 1491/1491
f 1491/1491 1490/1490 1492/1492
f 1491/1491 1492/1492 1493/1493
f 1493/1493 1492/1492 1494/1494
f 1493/1493 1494/1494 1495/1495
f 1495/1495 1494/1494 1496/1496
f 1495/1495 1496/1496 1497/1497
f 1497/1497 1496/1496 1498/1498
f 1497/1497 1498/1498 1499/1499
f 1499/1499 1498/1498 1500/1500
f 1499/1499 1500/1500 1501/1501
f 1501/1501 1500/1500 1502/1502
f 1501/1501 1502/1502 1503/1503
f 1503/1503 1502/1502 1504/1504
f 1503/1503 1504/1504 1505/1505
f 1505/1505 1504/1504 1506/1506
f 1505/1505 1506/1506 1507/1507
f 1507/1507 1506/1506 1508/1508
f 1507/1507 1508/1508 1509/1509
f 1509/1509 1508/1508 1510/1510
f 1509/1509 1510/1510 1511/1511
f 1511/1511 1510/1510 1512/1512
f 1511/1511 1512/1512 1489/1489
f 1489/1489 1512/1512 1490/1490
f 1513/1513 596/596 1514/1514
f 1514/1514 596/596 1515/1515
f 1514/1514 1515/1515 1516/1516
f 1517/1517 1518/1518 1519/1519
f 1520/1520 1521/1521 1522/1522
f 1522/1522 1521/1521 594/594
f 1523/1523 1524/1524 1515/1515
f 1515/1515 1524/1524 1525/1525
f 1515/1515 1525/1525 1516/1516
f 1516/1516 1525/1525 1526/1526
f 1516/1516 1526/1526 1527/1527
f 1519/1519 1518/1518 1527/1527
f 1527/1527 1518/1518 1528/1528
f 1527/1527 1528/1528 1516/1516
f 1513/1513 1529/1529 596/596
f 596/596 1529/1529 1530/1530
f 596/596 1530/1530 1531/1531
f 1532/1532 1533/1533 594/594
f 594/594 1533/1533 1534/1534
f 594/594 1534/1534 1535/1535
f 1536/1536 1537/1537 1519/1519
f 1519/1519 1537/1537 1538/1538
f 1519/1519 1538/1538 1517/1517
f 1539/1539 1540/1540 1531/1531
f 1532/1532 594/594 1541/1541
f 1541/1541 594/594 596/596
f 1541/1541 596/596 1542/1542
f 1542/1542 596/596 1531/1531
f 1542/1542 1531/1531 1543/1543
f 1544/1544 1545/1545 1535/1535
f 1535/1535 1545/1545 1546/1546
f 1535/1535 1546/1546 594/594
f 594/594 1546/1546 1547/1547
f 594/594 1547/1547 1522/1522
f 1536/1536 1548/1548 1537/1537
f 1537/1537 1548/1548 1549/1549
f 1537/1537 1549/1549 1550/1550
f 1550/1550 1549/1549 1551/1551
f 1550/1550 1551/1551 1531/1531
f 1531/1531 1551/1551 1552/1552
f 1531/1531 1552/1552 1539/1539
f 1520/1520 1553/1553 1521/1521
f 1521/1521 1553/1553 1554/1554
f 1521/1521 1554/1554 1549/1549
f 1544/1544 1555/1555 1545/1545
f 1545/1545 1555/1555 1556/1556
f 1545/1545 1556/1556 1540/1540
f 1540/1540 1556/1556 1557/1557
f 1540/1540 1557/1557 1531/1531
f 1531/1531 1557/1557 1558/1558
f 1531/1531 1558/1558 1543/1543
f 1548/1548 1559/1559 1549/1549
f 1549/1549 1559/1559 1560/1560
f 1549/1549 1560/1560 1521/1521
f 1521/1521 1560/1560 1561/1561
f 1521/1521 1561/1561 1515/1515
f 1515/1515 1561/1561 1562/1562
f 1515/1515 1562/1562 1523/1523
f 1284/1284 1283/1283 1563/1563
f 1563/1563 1283/1283 1564/1564
f 1565/1565 1566/1566 1567/1567
f 1568/1568 1569/1569 1570/1570
f 1281/1281 1282/1282 1571/1571
f 1571/1571 1282/1282 1572/1572
f 1573/1573 1568/1568 1574/1574
f 1574/1574 1568/1568 1570/1570
f 1574/1574 1570/1570 1571/1571
f 1571/1571 1570/1570 1565/1565
f 1571/1571 1565/1565 1281/1281
f 1281/1281 1565/1565 1567/1567
f 1575/1575 1576/1576 720/720
f 720/720 1576/1576 718/718
f 729/729 1577/1577 728/728
f 728/728 1577/1577 1578/1578
f 737/737 1579/1579 736/736
f 736/736 1579/1579 1580/1580
f 1581/1581 1582/1582 1583/1583
f 1583/1583 1584/1584 1585/1585
f 1585/1585 1586/1586 1583/1583
f 1583/1583 1586/1586 1587/1587
f 1583/1583 1587/1587 1588/1588
f 1588/1588 1589/1589 1583/1583
f 1583/1583 1589/1589 1590/1590
f 1583/1583 1590/1590 1581/1581
f 1591/1591 1592/1592 1593/1593
f 1591/1591 1593/1593 724/724
f 724/724 1593/1593 1594/1594
f 724/724 1594/1594 722/722
f 1595/1595 1596/1596 1295/1295
f 1295/1295 1596/1596 1296/1296
f 741/741 1597/1597 742/742
f 742/742 1597/1597 1598/1598
f 733/733 1599/1599 732/732
f 732/732 1599/1599 1600/1600
f 1601/1601 1602/1602 1603/1603
f 1603/1603 1602/1602 1604/1604
f 1605/1605 1606/1606 1607/1607
f 1605/1605 1607/1607 1608/1608
f 1608/1608 1607/1607 1609/1609
f 1608/1608 1609/1609 1610/1610
f 1610/1610 1609/1609 1611/1611
f 1610/1610 1611/1611 1612/1612
f 1612/1612 1611/1611 1613/1613
f 1612/1612 1613/1613 1614/1614
f 1614/1614 1613/1613 1615/1615
f 1614/1614 1615/1615 1616/1616
f 1616/1616 1615/1615 1604/1604
f 1616/1616 1604/1604 1602/1602
f 1617/1617 1618/1618 1619/1619
f 1620/1620 1621/1621 1622/1622
f 1622/1622 1621/1621 1623/1623
f 1622/1622 1623/1623 1624/1624
f 1617/1617 1619/1619 1625/1625
f 1625/1625 1619/1619 1626/1626
f 1625/1625 1626/1626 1623/1623
f 1623/1623 1626/1626 1627/1627
f 1623/1623 1627/1627 1624/1624
f 1628/1628 1037/1037 1629/1629
f 1629/1629 1037/1037 1035/1035
f 1629/1629 1035/1035 1630/1630
f 1630/1630 1035/1035 1033/1033
f 1630/1630 1033/1033 1031/1031
f 1031/1031 1029/1029 1630/1630
f 1630/1630 1029/1029 1027/1027
f 1630/1630 1027/1027 1622/1622
f 1027/1027 1025/1025 1622/1622
f 1622/1622 1025/1025 1023/1023
f 1622/1622 1023/1023 1021/1021
f 1006/1006 1620/1620 1005/1005
f 1005/1005 1620/1620 1622/1622
f 1005/1005 1622/1622 1010/1010
f 1010/1010 1622/1622 1021/1021
f 1006/1006 1253/1253 1620/1620
f 1620/1620 1253/1253 1251/1251
f 1620/1620 1251/1251 1631/1631
f 1251/1251 1249/1249 1631/1631
f 1631/1631 1249/1249 1247/1247
f 1631/1631 1247/1247 1632/1632
f 1632/1632 1247/1247 1245/1245
f 1238/1238 1633/1633 1240/1240
f 1240/1240 1633/1633 1634/1634
f 1240/1240 1634/1634 1241/1241
f 1241/1241 1634/1634 1632/1632
f 1241/1241 1632/1632 1243/1243
f 1243/1243 1632/1632 1245/1245
f 1238/1238 1236/1236 1633/1633
f 1633/1633 1236/1236 1234/1234
f 1633/1633 1234/1234 1635/1635
f 1635/1635 1234/1234 1232/1232
f 1635/1635 1232/1232 1636/1636
f 1636/1636 1232/1232 1231/1231
f 1636/1636 1231/1231 1637/1637
f 1637/1637 1231/1231 1229/1229
f 1637/1637 1229/1229 1638/1638
f 1229/1229 1227/1227 1638/1638
f 1638/1638 1227/1227 1225/1225
f 1638/1638 1225/1225 1639/1639
f 1639/1639 1225/1225 1221/1221
f 1639/1639 1221/1221 1640/1640
f 1221/1221 1207/1207 1640/1640
f 1640/1640 1207/1207 1206/1206
f 1640/1640 1206/1206 1641/1641
f 1641/1641 1206/1206 1204/1204
f 1641/1641 1204/1204 1642/1642
f 1642/1642 1204/1204 1643/1643
f 1643/1643 1204/1204 1644/1644
f 1644/1644 1204/1204 1202/1202
f 1644/1644 1202/1202 1645/1645
f 1645/1645 1202/1202 1200/1200
f 1645/1645 1200/1200 1646/1646
f 1646/1646 1200/1200 1199/1199
f 1646/1646 1199/1199 1647/1647
f 1647/1647 1199/1199 1197/1197
f 1647/1647 1197/1197 1648/1648
f 1161/1161 1649/1649 1163/1163
f 1163/1163 1649/1649 1650/1650
f 1163/1163 1650/1650 1165/1165
f 1165/1165 1650/1650 1651/1651
f 1165/1165 1651/1651 1193/1193
f 1193/1193 1651/1651 1652/1652
f 1193/1193 1652/1652 1197/1197
f 1197/1197 1652/1652 1653/1653
f 1197/1197 1653/1653 1648/1648
f 1159/1159 1654/1654 1655/1655
f 1655/1655 1656/1656 1159/1159
f 1159/1159 1656/1656 1657/1657
f 1159/1159 1657/1657 1161/1161
f 1161/1161 1657/1657 1658/1658
f 1161/1161 1658/1658 1649/1649
f 1654/1654 1159/1159 1659/1659
f 1659/1659 1159/1159 1157/1157
f 1659/1659 1157/1157 1660/1660
f 1155/1155 1277/1277 1157/1157
f 1157/1157 1277/1277 1661/1661
f 1157/1157 1661/1661 1660/1660
f 1155/1155 1153/1153 1277/1277
f 1277/1277 1153/1153 1151/1151
f 1277/1277 1151/1151 1149/1149
f 1149/1149 1147/1147 1277/1277
f 1277/1277 1147/1147 1145/1145
f 1277/1277 1145/1145 1143/1143
f 1143/1143 1140/1140 1277/1277
f 1277/1277 1140/1140 1137/1137
f 1277/1277 1137/1137 1278/1278
f 1278/1278 1137/1137 1110/1110
f 1278/1278 1110/1110 1108/1108
f 1108/1108 1106/1106 1278/1278
f 1278/1278 1106/1106 1104/1104
f 1278/1278 1104/1104 1102/1102
f 1662/1662 1663/1663 1096/1096
f 1096/1096 1663/1663 1664/1664
f 1102/1102 1100/1100 1278/1278
f 1278/1278 1100/1100 1098/1098
f 1278/1278 1098/1098 1665/1665
f 1665/1665 1098/1098 1096/1096
f 1665/1665 1096/1096 1666/1666
f 1666/1666 1096/1096 1664/1664
f 1662/1662 1096/1096 1667/1667
f 1667/1667 1096/1096 1094/1094
f 1667/1667 1094/1094 1668/1668
f 1090/1090 1669/1669 1094/1094
f 1094/1094 1669/1669 1670/1670
f 1094/1094 1670/1670 1668/1668
f 1671/1671 1672/1672 1071/1071
f 1071/1071 1672/1672 1673/1673
f 1071/1071 1673/1673 1090/1090
f 1090/1090 1673/1673 1674/1674
f 1090/1090 1674/1674 1669/1669
f 1069/1069 1675/1675 1076/1076
f 1076/1076 1675/1675 1676/1676
f 1671/1671 1071/1071 1677/1677
f 1677/1677 1071/1071 1073/1073
f 1677/1677 1073/1073 1676/1676
f 1676/1676 1073/1073 1075/1075
f 1676/1676 1075/1075 1076/1076
f 1678/1678 1679/1679 1066/1066
f 1066/1066 1679/1679 1680/1680
f 1066/1066 1680/1680 1067/1067
f 1067/1067 1680/1680 1681/1681
f 1067/1067 1681/1681 1069/1069
f 1069/1069 1681/1681 1682/1682
f 1069/1069 1682/1682 1675/1675
f 1066/1066 1062/1062 1678/1678
f 1678/1678 1062/1062 1061/1061
f 1678/1678 1061/1061 1683/1683
f 1683/1683 1061/1061 1053/1053
f 1683/1683 1053/1053 1684/1684
f 1684/1684 1053/1053 1008/1008
f 1684/1684 1008/1008 1685/1685
f 1685/1685 1008/1008 1686/1686
f 1044/1044 1687/1687 1046/1046
f 1046/1046 1687/1687 1686/1686
f 1046/1046 1686/1686 1007/1007
f 1007/1007 1686/1686 1008/1008
f 1044/1044 1042/1042 1687/1687
f 1687/1687 1042/1042 1040/1040
f 1687/1687 1040/1040 1628/1628
f 1628/1628 1040/1040 1039/1039
f 1628/1628 1039/1039 1037/1037
f 1688/1688 1689/1689 635/635
f 635/635 1689/1689 633/633
f 1690/1690 1691/1691 1567/1567
f 1567/1567 1691/1691 1692/1692
f 1567/1567 1692/1692 1281/1281
f 1693/1693 1694/1694 1695/1695
f 1695/1695 1694/1694 1696/1696
f 1695/1695 1696/1696 1697/1697
f 1690/1690 1696/1696 1698/1698
f 1690/1690 1698/1698 1691/1691
f 1699/1699 1700/1700 1701/1701
f 1701/1701 1700/1700 1702/1702
f 1701/1701 1702/1702 1695/1695
f 1695/1695 1702/1702 1703/1703
f 1695/1695 1703/1703 1693/1693
f 1704/1704 1699/1699 1705/1705
f 1705/1705 1699/1699 1701/1701
f 1705/1705 1701/1701 1706/1706
f 1706/1706 1701/1701 1707/1707
f 1689/1689 1688/1688 1708/1708
f 1708/1708 1688/1688 1709/1709
f 1709/1709 1710/1710 1708/1708
f 1708/1708 1710/1710 1711/1711
f 1708/1708 1711/1711 1707/1707
f 1707/1707 1711/1711 1712/1712
f 1707/1707 1712/1712 1706/1706
f 1713/1713 1714/1714 1715/1715
f 1704/1704 1716/1716 1699/1699
f 1699/1699 1716/1716 1717/1717
f 1699/1699 1717/1717 1713/1713
f 1714/1714 1718/1718 1650/1650
f 1650/1650 1718/1718 1719/1719
f 1650/1650 1719/1719 1651/1651
f 1651/1651 1719/1719 1652/1652
f 1714/1714 1650/1650 1715/1715
f 1720/1720 1650/1650 1649/1649
f 1720/1720 1649/1649 1721/1721
f 1721/1721 1649/1649 1658/1658
f 1721/1721 1658/1658 1722/1722
f 1722/1722 1658/1658 1657/1657
f 1722/1722 1657/1657 1723/1723
f 1723/1723 1657/1657 1656/1656
f 1723/1723 1656/1656 1724/1724
f 1724/1724 1656/1656 1655/1655
f 1724/1724 1655/1655 1725/1725
f 1725/1725 1655/1655 1654/1654
f 1725/1725 1654/1654 1726/1726
f 1726/1726 1654/1654 1659/1659
f 1726/1726 1659/1659 1727/1727
f 1727/1727 1659/1659 1660/1660
f 1727/1727 1660/1660 1728/1728
f 1728/1728 1660/1660 1661/1661
f 1728/1728 1661/1661 1729/1729
f 1729/1729 1661/1661 1277/1277
f 1729/1729 1277/1277 1279/1279
f 1713/1713 1715/1715 1699/1699
f 1699/1699 1715/1715 1730/1730
f 1699/1699 1730/1730 1700/1700
f 1700/1700 1730/1730 1722/1722
f 1700/1700 1722/1722 1702/1702
f 1702/1702 1722/1722 1723/1723
f 1702/1702 1723/1723 1703/1703
f 1703/1703 1723/1723 1724/1724
f 1703/1703 1724/1724 1693/1693
f 1693/1693 1724/1724 1725/1725
f 1693/1693 1725/1725 1694/1694
f 1694/1694 1725/1725 1726/1726
f 1694/1694 1726/1726 1696/1696
f 1696/1696 1726/1726 1727/1727
f 1696/1696 1727/1727 1698/1698
f 1698/1698 1727/1727 1728/1728
f 1698/1698 1728/1728 1691/1691
f 1691/1691 1728/1728 1729/1729
f 1691/1691 1729/1729 1692/1692
f 1692/1692 1729/1729 1279/1279
f 1692/1692 1279/1279 1281/1281
f 1731/1731 1732/1732 1733/1733
f 1734/1734 1735/1735 1736/1736
f 1736/1736 1737/1737 1738/1738
f 1739/1739 1734/1734 1740/1740
f 1740/1740 1734/1734 1736/1736
f 1740/1740 1736/1736 1741/1741
f 1741/1741 1736/1736 1738/1738
f 1737/1737 1736/1736 1742/1742
f 1742/1742 1736/1736 1743/1743
f 1742/1742 1743/1743 1744/1744
f 1743/1743 1745/1745 1744/1744
f 1744/1744 1745/1745 1746/1746
f 1744/1744 1746/1746 1747/1747
f 1747/1747 1746/1746 1748/1748
f 1748/1748 1746/1746 1749/1749
f 1748/1748 1749/1749 1750/1750
f 1751/1751 1752/1752 1753/1753
f 1753/1753 1752/1752 1754/1754
f 1753/1753 1754/1754 1750/1750
f 1750/1750 1754/1754 1755/1755
f 1750/1750 1755/1755 1748/1748
f 1732/1732 1731/1731 1756/1756
f 1756/1756 1731/1731 1757/1757
f 1756/1756 1757/1757 1758/1758
f 1758/1758 1757/1757 1759/1759
f 1758/1758 1759/1759 1751/1751
f 1751/1751 1759/1759 1760/1760
f 1751/1751 1760/1760 1752/1752
f 1733/1733 1732/1732 1761/1761
f 1761/1761 1732/1732 1762/1762
f 1761/1761 1762/1762 1763/1763
f 1763/1763 1762/1762 1764/1764
f 1763/1763 1764/1764 1765/1765
f 1765/1765 1764/1764 1766/1766
f 1766/1766 1764/1764 1767/1767
f 1766/1766 1767/1767 1768/1768
f 1768/1768 1767/1767 1769/1769
f 1768/1768 1769/1769 1770/1770
f 1770/1770 1769/1769 1771/1771
f 1771/1771 1769/1769 1772/1772
f 1771/1771 1772/1772 1773/1773
f 1774/1774 1775/1775 1776/1776
f 1776/1776 1775/1775 1777/1777
f 1776/1776 1777/1777 1778/1778
f 1778/1778 1777/1777 1779/1779
f 1773/1773 1772/1772 1780/1780
f 1780/1780 1772/1772 1781/1781
f 1780/1780 1781/1781 1779/1779
f 1779/1779 1781/1781 1782/1782
f 1779/1779 1782/1782 1778/1778
f 1783/1783 1784/1784 1785/1785
f 1785/1785 1784/1784 1786/1786
f 1785/1785 1786/1786 1787/1787
f 1787/1787 1786/1786 1788/1788
f 1789/1789 1790/1790 1788/1788
f 1788/1788 1790/1790 1791/1791
f 1788/1788 1792/1792 1787/1787
f 1789/1789 1793/1793 1794/1794
f 1794/1794 1793/1793 1795/1795
f 1794/1794 1795/1795 1796/1796
f 1796/1796 1795/1795 1797/1797
f 1795/1795 1798/1798 1797/1797
f 1797/1797 1798/1798 1799/1799
f 1797/1797 1799/1799 1800/1800
f 1800/1800 1799/1799 1801/1801
f 1800/1800 1801/1801 1802/1802
f 1802/1802 1801/1801 1803/1803
f 1803/1803 1801/1801 1804/1804
f 1803/1803 1804/1804 1805/1805
f 1804/1804 1806/1806 1805/1805
f 1805/1805 1806/1806 1807/1807
f 1805/1805 1807/1807 1808/1808
f 1808/1808 1807/1807 1809/1809
f 1808/1808 1809/1809 1810/1810
f 1810/1810 1809/1809 1811/1811
f 1812/1812 1813/1813 1814/1814
f 1814/1814 1813/1813 1815/1815
f 1814/1814 1815/1815 1816/1816
f 1816/1816 1815/1815 1817/1817
f 1816/1816 1817/1817 1811/1811
f 1811/1811 1817/1817 1818/1818
f 1811/1811 1818/1818 1810/1810
f 1814/1814 1819/1819 1812/1812
f 1812/1812 1819/1819 1820/1820
f 1812/1812 1820/1820 1821/1821
f 1821/1821 1820/1820 1822/1822
f 1821/1821 1822/1822 1823/1823
f 1823/1823 1822/1822 1824/1824
f 1824/1824 1822/1822 1825/1825
f 1824/1824 1825/1825 1826/1826
f 1827/1827 1828/1828 1829/1829
f 1830/1830 1831/1831 1829/1829
f 1829/1829 1831/1831 1832/1832
f 1829/1829 1832/1832 1827/1827
f 1833/1833 1834/1834 1829/1829
f 1829/1829 1834/1834 1835/1835
f 1829/1829 1835/1835 1830/1830
f 1826/1826 1836/1836 1824/1824
f 1824/1824 1836/1836 1837/1837
f 1824/1824 1837/1837 1838/1838
f 1838/1838 1837/1837 1833/1833
f 1838/1838 1833/1833 1839/1839
f 1839/1839 1833/1833 1829/1829
f 1839/1839 1829/1829 1840/1840
f 1840/1840 1829/1829 1828/1828
f 1841/1841 1842/1842 1843/1843
f 1843/1843 1842/1842 1844/1844
f 1843/1843 1844/1844 1845/1845
f 1846/1846 1674/1674 1847/1847
f 1847/1847 1674/1674 1673/1673
f 1847/1847 1673/1673 1672/1672
f 1846/1846 1848/1848 1849/1849
f 1849/1849 1848/1848 1850/1850
f 1849/1849 1850/1850 1845/1845
f 1845/1845 1844/1844 1849/1849
f 1849/1849 1844/1844 1851/1851
f 1849/1849 1851/1851 1852/1852
f 1852/1852 1851/1851 1853/1853
f 1852/1852 1853/1853 1854/1854
f 1854/1854 1853/1853 1855/1855
f 1854/1854 1855/1855 1856/1856
f 1856/1856 1855/1855 1857/1857
f 1856/1856 1857/1857 1858/1858
f 1858/1858 1857/1857 1859/1859
f 1858/1858 1859/1859 1860/1860
f 1860/1860 1859/1859 1861/1861
f 1860/1860 1861/1861 1862/1862
f 1862/1862 1861/1861 1863/1863
f 1862/1862 1863/1863 1864/1864
f 1864/1864 1863/1863 1865/1865
f 1864/1864 1865/1865 1866/1866
f 1866/1866 1865/1865 1867/1867
f 1866/1866 1867/1867 1868/1868
f 1868/1868 1867/1867 1282/1282
f 1868/1868 1282/1282 1280/1280
f 1846/1846 1849/1849 1674/1674
f 1674/1674 1849/1849 1852/1852
f 1674/1674 1852/1852 1669/1669
f 1669/1669 1852/1852 1854/1854
f 1669/1669 1854/1854 1670/1670
f 1670/1670 1854/1854 1856/1856
f 1670/1670 1856/1856 1668/1668
f 1668/1668 1856/1856 1858/1858
f 1668/1668 1858/1858 1667/1667
f 1667/1667 1858/1858 1860/1860
f 1667/1667 1860/1860 1662/1662
f 1662/1662 1860/1860 1862/1862
f 1662/1662 1862/1862 1663/1663
f 1663/1663 1862/1862 1864/1864
f 1663/1663 1864/1864 1664/1664
f 1664/1664 1864/1864 1866/1866
f 1664/1664 1866/1866 1666/1666
f 1666/1666 1866/1866 1868/1868
f 1666/1666 1868/1868 1665/1665
f 1665/1665 1868/1868 1280/1280
f 1665/1665 1280/1280 1278/1278
f 1865/1865 1863/1863 1869/1869
f 1851/1851 1844/1844 1870/1870
f 1871/1871 1872/1872 1873/1873
f 1873/1873 1872/1872 1874/1874
f 1873/1873 1874/1874 1875/1875
f 1875/1875 1874/1874 1876/1876
f 1876/1876 1874/1874 1877/1877
f 1877/1877 1874/1874 1878/1878
f 1877/1877 1878/1878 1879/1879
f 1844/1844 1842/1842 1870/1870
f 1870/1870 1842/1842 1880/1880
f 1870/1870 1880/1880 1878/1878
f 1878/1878 1880/1880 1881/1881
f 1878/1878 1881/1881 1879/1879
f 1859/1859 1857/1857 1882/1882
f 1882/1882 1857/1857 1855/1855
f 1882/1882 1855/1855 1870/1870
f 1870/1870 1855/1855 1853/1853
f 1870/1870 1853/1853 1851/1851
f 1869/1869 1863/1863 1882/1882
f 1882/1882 1863/1863 1861/1861
f 1882/1882 1861/1861 1859/1859
f 1865/1865 1869/1869 1867/1867
f 1867/1867 1869/1869 1572/1572
f 1867/1867 1572/1572 1282/1282
f 1872/1872 1871/1871 591/591
f 591/591 1871/1871 592/592
f 1883/1883 653/653 1884/1884
f 1884/1884 653/653 655/655
f 1884/1884 655/655 1885/1885
f 1885/1885 655/655 1886/1886
f 1887/1887 1888/1888 1889/1889
f 1889/1889 1888/1888 1890/1890
f 1890/1890 1888/1888 1891/1891
f 1890/1890 1891/1891 1892/1892
f 1893/1893 1894/1894 716/716
f 716/716 1894/1894 1895/1895
f 716/716 1895/1895 1889/1889
f 1889/1889 1895/1895 1896/1896
f 1889/1889 1896/1896 1887/1887
f 1897/1897 1898/1898 1899/1899
f 1899/1899 1898/1898 1900/1900
f 1899/1899 1900/1900 1893/1893
f 1893/1893 1900/1900 1901/1901
f 1893/1893 1901/1901 1894/1894
f 708/708 1902/1902 1897/1897
f 1897/1897 1902/1902 1903/1903
f 1897/1897 1903/1903 1898/1898
f 1904/1904 1905/1905 1906/1906
f 1906/1906 1905/1905 1907/1907
f 1906/1906 1907/1907 704/704
f 704/704 1907/1907 1908/1908
f 704/704 1908/1908 1909/1909
f 1909/1909 1908/1908 1910/1910
f 1909/1909 1910/1910 708/708
f 708/708 1910/1910 1911/1911
f 708/708 1911/1911 1902/1902
f 1904/1904 1906/1906 1912/1912
f 1912/1912 1906/1906 1913/1913
f 1912/1912 1913/1913 1914/1914
f 1915/1915 1916/1916 1917/1917
f 1917/1917 1916/1916 1918/1918
f 1917/1917 1918/1918 1913/1913
f 1913/1913 1918/1918 1919/1919
f 1913/1913 1919/1919 1914/1914
f 1920/1920 1921/1921 1922/1922
f 1923/1923 1924/1924 1925/1925
f 1925/1925 1924/1924 1926/1926
f 1925/1925 1926/1926 1927/1927
f 1928/1928 1929/1929 1925/1925
f 1925/1925 1929/1929 1930/1930
f 1925/1925 1930/1930 1923/1923
f 1931/1931 1915/1915 1932/1932
f 1932/1932 1915/1915 1917/1917
f 1932/1932 1917/1917 1927/1927
f 1927/1927 1917/1917 1920/1920
f 1927/1927 1920/1920 1925/1925
f 1925/1925 1920/1920 1922/1922
f 1925/1925 1922/1922 1928/1928
f 1933/1933 1934/1934 1935/1935
f 1935/1935 1934/1934 1936/1936
f 1935/1935 1936/1936 1937/1937
f 1937/1937 1936/1936 1938/1938
f 1937/1937 1938/1938 1939/1939
f 1940/1940 1941/1941 1942/1942
f 1938/1938 1943/1943 1939/1939
f 1939/1939 1943/1943 1944/1944
f 1939/1939 1944/1944 1945/1945
f 1945/1945 1944/1944 1946/1946
f 1945/1945 1946/1946 1947/1947
f 1948/1948 1946/1946 1940/1940
f 1948/1948 1940/1940 1949/1949
f 1949/1949 1940/1940 1942/1942
f 1941/1941 1950/1950 1942/1942
f 1942/1942 1950/1950 1951/1951
f 1942/1942 1951/1951 1952/1952
f 1951/1951 1953/1953 1952/1952
f 1952/1952 1953/1953 1954/1954
f 1952/1952 1954/1954 1955/1955
f 1955/1955 1954/1954 1956/1956
f 1956/1956 1957/1957 1955/1955
f 1955/1955 1957/1957 1958/1958
f 1955/1955 1958/1958 1959/1959
f 1958/1958 1960/1960 1959/1959
f 1959/1959 1960/1960 1961/1961
f 1959/1959 1961/1961 1962/1962
f 1963/1963 1964/1964 1965/1965
f 1965/1965 1964/1964 1966/1966
f 1965/1965 1966/1966 1967/1967
f 1968/1968 1969/1969 1965/1965
f 1965/1965 1969/1969 1970/1970
f 1965/1965 1970/1970 1963/1963
f 1967/1967 1971/1971 1965/1965
f 1965/1965 1971/1971 1959/1959
f 1965/1965 1959/1959 1968/1968
f 1968/1968 1959/1959 1962/1962
f 685/685 1972/1972 1973/1973
f 1973/1973 1972/1972 1974/1974
f 1974/1974 1975/1975 1976/1976
f 1976/1976 1975/1975 1977/1977
f 1976/1976 1977/1977 1933/1933
f 1933/1933 1977/1977 1978/1978
f 1933/1933 1978/1978 1934/1934
f 1979/1979 1980/1980 1981/1981
f 1981/1981 1980/1980 1982/1982
f 1981/1981 1982/1982 1983/1983
f 1983/1983 1982/1982 639/639
f 1982/1982 1984/1984 639/639
f 639/639 1984/1984 1985/1985
f 639/639 1985/1985 637/637
f 637/637 1985/1985 1986/1986
f 637/637 1986/1986 1987/1987
f 1987/1987 1988/1988 637/637
f 637/637 1988/1988 1989/1989
f 637/637 1989/1989 1990/1990
f 1989/1989 1991/1991 1990/1990
f 1990/1990 1991/1991 1992/1992
f 1990/1990 1992/1992 1993/1993
f 1993/1993 1992/1992 1994/1994
f 1993/1993 1994/1994 1995/1995
f 1995/1995 1994/1994 1996/1996
f 1995/1995 1996/1996 1997/1997
f 1997/1997 1996/1996 1980/1980
f 1997/1997 1980/1980 1998/1998
f 1998/1998 1980/1980 1979/1979
f 652/652 1606/1606 651/651
f 651/651 1606/1606 1605/1605
f 1999/1999 2000/2000 643/643
f 643/643 2000/2000 641/641
f 648/648 2001/2001 647/647
f 647/647 2001/2001 2002/2002
f 2003/2003 2004/2004 2005/2005
f 2003/2003 2005/2005 2006/2006
f 2006/2006 2005/2005 2007/2007
f 2006/2006 2007/2007 2008/2008

