# https://github.com/mikedh/trimesh
mtllib material.mtl
usemtl material_0
v -0.04034966 -0.23202485 -0.13278529
v -0.04001576 -0.23244166 -0.13228178
v -0.04088756 -0.23321506 -0.13259634
v -0.04122961 -0.23226774 -0.13294142
v -0.04001576 -0.23244166 -0.13228178
v -0.04082230 -0.23335673 -0.13005915
v -0.04088756 -0.23321506 -0.13259634
v -0.04082230 -0.23335673 -0.13005915
v -0.04001576 -0.23244166 -0.13228178
v -0.04085255 -0.23323689 -0.11771464
v -0.04001880 -0.23236242 -0.09038209
v -0.04081634 -0.23320827 -0.09085826
v -0.04007864 -0.23227526 -0.05276964
v -0.04007864 -0.23227526 -0.05276964
v -0.04084378 -0.23302947 -0.06181786
v -0.04081634 -0.23320827 -0.09085826
v -0.04078561 -0.23312749 -0.02339701
v -0.03991348 -0.23235860 -0.00565482
v -0.04078975 -0.23321605 0.00815334
v -0.03982747 -0.23237619 0.04384830
v -0.04073334 -0.23320743 0.03930979
v -0.04073799 -0.23330928 0.08290388
v -0.03984588 -0.23242655 0.09770375
v -0.04072842 -0.23331369 0.09872862
v -0.04066724 -0.23339835 0.11154061
v -0.03959948 -0.23248658 0.11926245
v -0.04049230 -0.23338208 0.12692937
v -0.03916904 -0.23249882 0.13132513
v -0.04051399 -0.23356736 0.13116843
v -0.03922361 -0.23221958 0.13347954
v -0.04059741 -0.23328631 0.13331795
v -0.04468676 -0.23321418 -0.13048497
v -0.04085255 -0.23323689 -0.11771464
v -0.05022463 -0.23309962 -0.10835209
v -0.04523984 -0.23291552 -0.05263761
v -0.04435718 -0.23312788 0.00656184
v -0.04551747 -0.23305018 0.03276684
v -0.04552290 -0.23312956 0.05201399
v -0.04868743 -0.23322028 0.08382883
v -0.05247958 -0.23337264 0.13114932
v -0.04469952 -0.23342064 0.13332677
v -0.04059741 -0.23328631 0.13331795
v -0.03922361 -0.23221958 0.13347954
v -0.04679716 -0.23240441 0.13355201
v -0.04469952 -0.23342064 0.13332677
v -0.06279933 -0.23300324 -0.13256115
v -0.06279933 -0.23300324 -0.13256115
v -0.05354325 -0.23311062 -0.12593472
v -0.05087206 -0.23297177 -0.08072952
v -0.05138442 -0.23299895 -0.01804183
v -0.05323020 -0.23304611 0.00954162
v -0.05117729 -0.23321602 0.09857797
v -0.05262662 -0.23324703 0.11482572
v -0.05105257 -0.23325729 0.12712038
v -0.06205581 -0.23214576 -0.13290679
v -0.06301002 -0.23282301 -0.03163043
v -0.05432501 -0.23303331 0.04634347
v -0.05563779 -0.23310740 0.06822693
v -0.06285998 -0.23308834 -0.13034672
v -0.06313123 -0.23302615 -0.10245233
v -0.06302433 -0.23285891 -0.07733465
v -0.06302339 -0.23279753 -0.05361021
v -0.06308876 -0.23301938 -0.00943694
v -0.06316699 -0.23304047 0.00867715
v -0.06303585 -0.23298867 0.04072502
v -0.06314102 -0.23319238 0.08409344
v -0.06313401 -0.23317926 0.10188221
v -0.06303681 -0.23331583 0.12728491
v -0.06273237 -0.23323032 0.13330233
v -0.06273237 -0.23323032 0.13330233
v -0.06292778 -0.23339921 0.13124946
v -0.06481342 -0.23156253 0.13358849
v -0.06532216 -0.23163952 -0.13288319
v -0.06502344 -0.23246124 -0.13239336
v -0.06502344 -0.23246124 -0.13239336
v -0.06525408 -0.23283903 -0.12248113
v -0.06515524 -0.23257887 -0.07748819
v -0.06512278 -0.23247702 -0.03335062
v -0.06520146 -0.23276584 0.00127649
v -0.06523441 -0.23270179 0.03570475
v -0.06522650 -0.23296651 0.08059888
v -0.06506191 -0.23288396 0.10754605
v -0.06506807 -0.23289479 0.12969443
v -0.06464516 -0.23346661 0.13320211
v -0.06464516 -0.23346661 0.13320211
v -0.06502344 -0.23246124 -0.13239336
v -0.06525408 -0.23283903 -0.12248113
v -0.06532216 -0.23163952 -0.13288319
v -0.06542632 -0.23203126 -0.12279814
v -0.06515524 -0.23257887 -0.07748819
v -0.06527482 -0.23178974 -0.03869049
v -0.06512278 -0.23247702 -0.03335062
v -0.06520146 -0.23276584 0.00127649
v -0.06541544 -0.23203427 0.07236495
v -0.06523441 -0.23270179 0.03570475
v -0.06522650 -0.23296651 0.08059888
v -0.06521466 -0.23191981 0.12008091
v -0.06506191 -0.23288396 0.10754605
v -0.06506807 -0.23289479 0.12969443
v -0.06537464 -0.23187926 0.13311809
v -0.06464516 -0.23346661 0.13320211
v -0.04121044 -0.22666058 -0.13288885
v -0.06464516 -0.23346661 0.13320211
v -0.06481342 -0.23156253 0.13358849
v -0.06521451 -0.22860403 0.13335556
v -0.06518121 -0.22857678 -0.13253659
v -0.06533223 -0.22950459 -0.12016072
v -0.06526461 -0.22977012 -0.08082255
v -0.06522553 -0.22942284 -0.02650071
v -0.06528991 -0.22979587 -0.01181699
v -0.06532229 -0.23017566 0.03952830
v -0.06532806 -0.22957377 0.07220932
v -0.06522186 -0.22895025 0.09700947
v -0.06516063 -0.22853532 0.12798354
v -0.06521451 -0.22860403 0.13335556
v -0.05402620 -0.22390498 -0.13283670
v -0.06489271 -0.22382037 -0.13286218
v -0.06489271 -0.22382037 -0.13286218
v -0.06526271 -0.21861893 -0.13030943
v -0.06535976 -0.22201605 -0.04689417
v -0.06547712 -0.21883051 -0.08749490
v -0.06522693 -0.21929283 0.10441794
v -0.06520301 -0.22336531 0.13094038
v -0.04029617 -0.21617129 -0.13289431
v -0.06551428 -0.21714392 -0.10744358
v -0.06542246 -0.22036798 -0.01041380
v -0.06542024 -0.21816441 0.04214420
v -0.06543821 -0.21851981 0.07419338
v -0.06518629 -0.21653047 0.11522957
v -0.06521451 -0.22860403 0.13335556
v -0.06476353 -0.22295009 0.13346621
v -0.06497677 -0.20489503 -0.13280460
v -0.06549674 -0.21441378 -0.06506053
v -0.06546408 -0.21427770 -0.01373032
v -0.06543061 -0.21645300 0.01999088
v -0.06513593 -0.19425760 0.13325909
v -0.06521094 -0.20937036 0.13137990
v -0.06513593 -0.19425760 0.13325909
v -0.06497677 -0.20489503 -0.13280460
v -0.06554711 -0.20379631 -0.06714673
v -0.06554934 -0.20812887 -0.04636253
v -0.06539284 -0.20764299 0.01324939
v -0.06536666 -0.20568733 0.03611626
v -0.06539880 -0.20710060 0.05733984
v -0.06532454 -0.20693903 0.08898636
v -0.06519297 -0.20727029 0.10486551
v -0.06517094 -0.20736745 0.12726760
v -0.06526785 -0.19487843 -0.13255906
v -0.06532592 -0.19287658 -0.13016778
v -0.06545319 -0.19480601 -0.11679176
v -0.06550422 -0.20603415 -0.02111257
v -0.06541237 -0.19982308 -0.00445072
v -0.06532735 -0.19627187 0.07501414
v -0.05137995 -0.19535795 -0.13286287
v -0.06556067 -0.19784598 -0.03412650
v -0.06535968 -0.19606686 0.01744940
v -0.06519553 -0.19800687 0.11192658
v -0.04014724 -0.18232732 -0.13299313
v -0.04371545 -0.18246752 -0.13291693
v -0.06552398 -0.19701557 -0.07581768
v -0.06525350 -0.19070873 0.09760042
v -0.06550074 -0.18907918 -0.09327810
v -0.06555091 -0.19337396 -0.04444636
v -0.06544590 -0.19194309 -0.01198108
v -0.06535372 -0.19140044 0.04722487
v -0.06531946 -0.19369584 0.13129902
v -0.06530607 -0.19099656 -0.12512058
v -0.06544341 -0.18842372 -0.07959414
v -0.06474113 -0.18342237 -0.13276589
v -0.06526785 -0.19487843 -0.13255906
v -0.06549968 -0.18808399 -0.05049703
v -0.06546667 -0.18432373 -0.02323780
v -0.06535019 -0.18567804 0.01885536
v -0.06525825 -0.17447406 0.10437187
v -0.06540409 -0.18364450 -0.09856472
v -0.06541492 -0.18083049 -0.09088982
v -0.06520216 -0.17775190 -0.08198642
v -0.06535816 -0.17956787 -0.06733007
v -0.06536350 -0.17946009 -0.05161402
v -0.06532809 -0.17933300 -0.00496856
v -0.06533146 -0.17933594 0.04906353
v -0.06520344 -0.17903763 0.09197354
v -0.06516320 -0.17930700 0.09572311
v -0.06520921 -0.17901589 0.09796741
v -0.04368314 -0.16004010 -0.13300958
v -0.06491978 -0.17474179 -0.12995794
v -0.06514165 -0.17284116 -0.10559434
v -0.06519775 -0.17784078 -0.07805515
v -0.06546211 -0.17929757 -0.02474252
v -0.06520344 -0.17903763 0.09197354
v -0.06516320 -0.17930700 0.09572311
v -0.06707260 -0.17792112 0.09348585
v -0.06720154 -0.17784932 0.09799408
v -0.06520921 -0.17901589 0.09796741
v -0.06530550 -0.16539058 0.12735748
v -0.07608832 -0.17797749 0.09601741
v -0.07468502 -0.17797293 0.08415013
v -0.08351924 -0.17799127 0.08896526
v -0.08144289 -0.17784336 0.07172354
v -0.09382269 -0.17809197 0.08928441
v -0.09546578 -0.17788301 0.09787723
v -0.09064755 -0.17767832 -0.08366615
v -0.07816008 -0.17745845 -0.08359466
v -0.10195875 -0.17787001 -0.07614297
v -0.08567786 -0.17785862 0.06830328
v -0.09402546 -0.17798585 0.05919930
v -0.08940214 -0.17790262 0.02059390
v -0.09951314 -0.17801847 -0.06116659
v -0.08887735 -0.17788129 -0.03561641
v -0.09812962 -0.17801802 -0.03025303
v -0.09915914 -0.17801514 -0.00130678
v -0.08713225 -0.17785782 -0.01184992
v -0.09716450 -0.17800339 0.02837875
v -0.10574967 -0.17807107 0.05649682
v -0.11154507 -0.17806029 0.09585517
v -0.10780399 -0.17788461 -0.08364446
v -0.10647064 -0.17806296 -0.01627064
v -0.10603726 -0.17805518 0.02630474
v -0.11862531 -0.17809175 0.03781905
v -0.11359555 -0.17815046 0.07322111
v -0.11596589 -0.17814648 0.08208983
v -0.12130789 -0.17804673 -0.07020257
v -0.11406061 -0.17810141 -0.06040130
v -0.11720479 -0.17811617 -0.04800842
v -0.11989170 -0.17809094 0.00962069
v -0.11964816 -0.17796032 0.09799414
v -0.12344947 -0.17811093 -0.02708707
v -0.12513912 -0.17814757 0.06205272
v -0.13947171 -0.17804126 -0.08262166
v -0.14325382 -0.17815334 0.08781766
v -0.14413798 -0.17815571 -0.05656419
v -0.14200670 -0.17819905 0.07280206
v -0.13992965 -0.17813036 -0.06538913
v -0.16392788 -0.17810136 -0.00727064
v -0.14703088 -0.17817424 0.08113077
v -0.14753681 -0.17812589 -0.03245661
v -0.13866939 -0.17811424 0.01916867
v -0.14453454 -0.17812791 0.04585885
v -0.16793343 -0.17814031 0.05697768
v -0.17248665 -0.17789921 -0.08356278
v -0.17516071 -0.17800945 0.09797924
v -0.17747940 -0.17809652 0.09617110
v -0.17020804 -0.17811362 0.01585641
v -0.18833652 -0.17815821 -0.06439487
v -0.19766635 -0.17810428 0.04097154
v -0.18785006 -0.17816052 0.07231577
v -0.17648405 -0.17817746 0.07684418
v -0.19716470 -0.17816651 -0.05059830
v -0.18793042 -0.17812045 -0.03122143
v -0.18033326 -0.17801356 -0.08239023
v -0.19355935 -0.17814140 0.08550318
v -0.21773013 -0.17807716 -0.08240657
v -0.19819674 -0.17810068 0.00570341
v -0.19941986 -0.17813618 0.06561907
v -0.21495150 -0.17793483 -0.08348241
v -0.21979497 -0.17812188 0.09604069
v -0.21503162 -0.17811836 -0.02312125
v -0.21340144 -0.17810905 0.01614871
v -0.21901879 -0.17813890 0.05655032
v -0.22011305 -0.17804340 0.09796750
v -0.21992314 -0.17821242 -0.06110314
v -0.21982291 -0.17817576 -0.04290030
v -0.21836014 -0.17818090 0.07051229
v -0.21552449 -0.17815454 0.08436289
v -0.22364745 -0.17815520 0.01997861
v -0.23484166 -0.17829667 0.08550536
v -0.24326642 -0.17835248 -0.06615371
v -0.23080507 -0.17820880 -0.02430324
v -0.23750564 -0.17833310 0.07303830
v -0.25456551 -0.17830826 -0.08240043
v -0.25113142 -0.17815137 -0.08343632
v -0.25228566 -0.17843476 -0.05477516
v -0.23720548 -0.17829390 -0.04157928
v -0.23904598 -0.17828453 -0.00172070
v -0.24341448 -0.17833710 0.02088555
v -0.24376804 -0.17833881 0.04288080
v -0.24401143 -0.17835705 0.06076097
v -0.25428537 -0.17840534 0.09799006
v -0.25638366 -0.17847121 0.09615531
v -0.25831819 -0.17844588 -0.02902234
v -0.26046696 -0.17847164 0.02332734
v -0.26084819 -0.17851493 0.07378801
v -0.26014477 -0.17850095 0.08553287
v -0.27073425 -0.17852812 -0.06428323
v -0.26548636 -0.17850050 0.05532830
v -0.28132394 -0.17847824 -0.07516224
v -0.27876851 -0.17856605 -0.05402876
v -0.27704856 -0.17852414 -0.03414354
v -0.28249481 -0.17853209 -0.01253626
v -0.27603871 -0.17851765 0.01225799
v -0.28861260 -0.17853543 0.03973617
v -0.28167260 -0.17854293 0.06161948
v -0.28051347 -0.17855622 0.08391836
v -0.29349163 -0.17857823 0.07477062
v -0.30650890 -0.17854720 0.09591656
v -0.30236194 -0.17845608 0.09801923
v -0.31792903 -0.17848922 -0.08233149
v -0.30722448 -0.17826492 -0.08332375
v -0.29414892 -0.17856742 0.00080251
v -0.30468220 -0.17862521 -0.06485546
v -0.30705836 -0.17861992 -0.05448083
v -0.31963950 -0.17857167 -0.02332727
v -0.31405598 -0.17858611 -0.03820933
v -0.30472007 -0.17857236 0.02158489
v -0.32979006 -0.17859700 0.07038262
v -0.31794727 -0.17857735 0.08549070
v -0.32491654 -0.17861164 -0.07290597
v -0.32165658 -0.17856655 0.05515518
v -0.33049172 -0.17859241 0.02910196
v -0.32274473 -0.17859703 0.00464239
v -0.34727737 -0.17863585 -0.04046182
v -0.34076816 -0.17860280 -0.00420878
v -0.35272226 -0.17852931 0.09801259
v -0.30236194 -0.17845608 0.09801923
v -0.30734986 -0.17830546 0.09811517
v -0.35272226 -0.17852931 0.09801259
v -0.34763458 -0.17870100 -0.06487421
v -0.34386832 -0.17837517 0.09810626
v -0.34568614 -0.17852412 -0.08240402
v -0.35069761 -0.17861395 0.04054164
v -0.36175388 -0.17862888 0.09589665
v -0.35419047 -0.17862524 0.08654632
v -0.35935172 -0.17833130 -0.08332741
v -0.35527462 -0.17862244 -0.01675154
v -0.35802197 -0.17863561 0.06162127
v -0.37335688 -0.17874028 -0.07116754
v -0.36227104 -0.17866172 0.07376998
v -0.36641285 -0.17869037 -0.03306410
v -0.37461430 -0.17870773 0.00535428
v -0.36880392 -0.17867129 0.02730750
v -0.37711680 -0.17868838 0.08439796
v -0.37719604 -0.17878850 -0.04781977
v -0.37077242 -0.17856754 -0.08235935
v -0.37990618 -0.17882200 -0.06025813
v -0.38107726 -0.17873554 -0.01040903
v -0.38753989 -0.17870638 0.05926152
v -0.39224476 -0.17872947 0.07028975
v -0.41848770 -0.17870222 0.09813451
v -0.41848770 -0.17870222 0.09813451
v -0.38512400 -0.17840470 0.09825828
v -0.39173838 -0.17872417 0.03640678
v -0.41126651 -0.17874379 0.08769270
v -0.41091982 -0.17824632 -0.08328863
v -0.39720654 -0.17876983 -0.01704750
v -0.39872354 -0.17884406 -0.06500465
v -0.39456093 -0.17880033 -0.03519858
v -0.40808171 -0.17886850 -0.05487219
v -0.40529245 -0.17877427 0.00862389
v -0.43317631 -0.17877938 -0.07326836
v -0.43096489 -0.17878713 0.06369426
v -0.42368773 -0.17880894 -0.02079622
v -0.45261273 -0.17854977 0.09823810
v -0.41445911 -0.17854986 -0.08228294
v -0.41693208 -0.17885345 -0.04312263
v -0.43000603 -0.17879865 0.07649031
v -0.41667050 -0.17875570 0.04387661
v -0.43704799 -0.17877035 0.02633392
v -0.45261273 -0.17854977 0.09823810
v -0.43869191 -0.17870381 0.09806525
v -0.44528189 -0.17887743 -0.06362740
v -0.44860619 -0.17880963 -0.00019328
v -0.43940479 -0.17837654 -0.08340529
v -0.44516122 -0.17863548 -0.08242717
v -0.44616899 -0.17886452 -0.04633407
v -0.44694304 -0.17875832 0.04229929
v -0.46022135 -0.17882545 -0.01965813
v -0.46596640 -0.17880265 0.01302456
v -0.46589655 -0.17883284 0.08795526
v -0.45843089 -0.17883743 0.07607558
v -0.46826452 -0.17878425 0.04999854
v -0.46920133 -0.17884590 0.06717842
v -0.46981004 -0.17878155 -0.07384527
v -0.47366437 -0.17878382 0.09807437
v -0.48492372 -0.17838831 -0.08340959
v -0.47882831 -0.17860502 -0.08240069
v -0.47227058 -0.17889829 -0.06391863
v -0.48244768 -0.17893435 -0.05518530
v -0.48653543 -0.17890522 -0.03069965
v -0.48797902 -0.17883494 0.01051559
v -0.50094515 -0.17888795 0.05833545
v -0.50031859 -0.17893302 0.08135515
v -0.50019127 -0.17894813 0.09812393
v -0.49494046 -0.17895658 -0.06551630
v -0.49725732 -0.17883433 0.04061043
v -0.53346854 -0.17886798 0.09836914
v -0.50234127 -0.17876320 -0.08235259
v -0.50613487 -0.17902043 -0.05521245
v -0.51826185 -0.17897686 0.06753331
v -0.50655973 -0.17896698 -0.06914023
v -0.51145160 -0.17900309 -0.03642381
v -0.51545912 -0.17895713 -0.01362375
v -0.52125669 -0.17891966 -0.07335375
v -0.53669769 -0.17903237 0.06744214
v -0.52210945 -0.17902632 -0.06396130
v -0.51495880 -0.17890708 0.01997157
v -0.51876712 -0.17892817 0.05015864
v -0.53369260 -0.17903782 0.09813680
v -0.54105818 -0.17845173 -0.08325652
v -0.54287052 -0.17877498 -0.08229049
v -0.52926326 -0.17905049 -0.05521203
v -0.52752328 -0.17900379 -0.01338158
v -0.52988535 -0.17898923 0.02435841
v -0.53380692 -0.17901751 0.08540311
v -0.53383642 -0.17905748 -0.03593866
v -0.54406285 -0.17899597 -0.06822027
v -0.54348922 -0.17905529 -0.04762421
v -0.54116738 -0.17903166 -0.01364226
v -0.54190254 -0.17905331 0.03503015
v -0.55413783 -0.17909245 0.01528310
v -0.55399132 -0.17910714 0.09508645
v -0.55105031 -0.17915964 0.09824889
v -0.55403161 -0.17901263 0.09857171
v -0.55421817 -0.17895778 -0.08211578
v -0.55532521 -0.17855580 -0.08311141
v -0.55103004 -0.17889433 -0.07745904
v -0.55430543 -0.17905955 -0.06911231
v -0.55417109 -0.17908247 -0.03763393
v -0.55406350 -0.17901854 -0.01823378
v -0.55404913 -0.17905153 0.08028644
v -0.55543691 -0.17885724 -0.07881964
v -0.55533099 -0.17892744 -0.04654969
v -0.55519307 -0.17885825 -0.01903260
v -0.55501962 -0.17893033 0.03553870
v -0.55483156 -0.17891362 0.09507959
v -0.55502748 -0.17857037 0.09865733
v -0.06452291 -0.15391654 -0.13265792
v -0.06452291 -0.15391654 -0.13265792
v -0.06530857 -0.17665505 -0.09285013
v -0.06521162 -0.17743804 -0.08435271
v -0.06521162 -0.17743804 -0.08435271
v -0.06520216 -0.17775190 -0.08198642
v -0.06714523 -0.17717473 -0.08358357
v -0.06542915 -0.17780806 -0.06743584
v -0.06545268 -0.17774239 -0.05335961
v -0.06559415 -0.17771195 -0.02737612
v -0.06538779 -0.17779206 -0.00423998
v -0.06543860 -0.17781717 0.02631404
v -0.06540568 -0.17790829 0.04683181
v -0.06536631 -0.17787816 0.06370737
v -0.06529841 -0.17802501 0.08522408
v -0.06521533 -0.17793359 0.09088685
v -0.06521533 -0.17793359 0.09088685
v -0.06514876 -0.17548558 0.09804409
v -0.06519704 -0.15000299 0.13323918
v -0.07565485 -0.17716818 -0.08368128
v -0.06519775 -0.17784078 -0.07805515
v -0.07624061 -0.17753807 -0.08225507
v -0.06542915 -0.17780806 -0.06743584
v -0.07794523 -0.17772852 -0.05777851
v -0.06545268 -0.17774239 -0.05335961
v -0.07226905 -0.17777653 -0.04269431
v -0.06559415 -0.17771195 -0.02737612
v -0.07227285 -0.17779905 -0.01648558
v -0.06538779 -0.17779206 -0.00423998
v -0.07347107 -0.17784400 0.01822325
v -0.06543860 -0.17781717 0.02631404
v -0.06540568 -0.17790829 0.04683181
v -0.06536631 -0.17787816 0.06370737
v -0.07229823 -0.17788559 0.06019255
v -0.06529841 -0.17802501 0.08522408
v -0.08076932 -0.17767891 -0.07296125
v -0.07869512 -0.17777759 -0.03386656
v -0.07777059 -0.17781785 -0.00013674
v -0.07879832 -0.17783798 0.04959964
v -0.08258313 -0.17782751 0.01165467
v -0.07565485 -0.17716818 -0.08368128
v -0.07816008 -0.17745845 -0.08359466
v -0.09064755 -0.17767832 -0.08366615
v -0.10780399 -0.17788461 -0.08364446
v -0.10666907 -0.17736715 -0.08374041
v -0.12864381 -0.17724425 -0.08367138
v -0.17248665 -0.17789921 -0.08356278
v -0.16568656 -0.17730193 -0.08366663
v -0.19767490 -0.17730840 -0.08360039
v -0.21495150 -0.17793483 -0.08348241
v -0.23018652 -0.17733625 -0.08361263
v -0.25113142 -0.17815137 -0.08343632
v -0.28396776 -0.17741789 -0.08350753
v -0.30722448 -0.17826492 -0.08332375
v -0.30417332 -0.17742042 -0.08351139
v -0.33550584 -0.17735745 -0.08345888
v -0.35935172 -0.17833130 -0.08332741
v -0.36652908 -0.17740200 -0.08350243
v -0.41091982 -0.17824632 -0.08328863
v -0.41316959 -0.17730071 -0.08348636
v -0.43757489 -0.17743672 -0.08357935
v -0.43940479 -0.17837654 -0.08340529
v -0.48492372 -0.17838831 -0.08340959
v -0.48000509 -0.17741458 -0.08361604
v -0.50257683 -0.17745300 -0.08353076
v -0.54105818 -0.17845173 -0.08325652
v -0.53576815 -0.17744258 -0.08347211
v -0.55116791 -0.17720674 -0.08336837
v -0.55532521 -0.17855580 -0.08311141
v -0.55430412 -0.17709766 -0.08343423
v -0.55538112 -0.17701785 -0.08335657
v -0.55538112 -0.17701785 -0.08335657
v -0.55532521 -0.17855580 -0.08311141
v -0.55563962 -0.17755602 -0.08237364
v -0.55543691 -0.17885724 -0.07881964
v -0.55549717 -0.17758617 -0.06899885
v -0.55533099 -0.17892744 -0.04654969
v -0.55542922 -0.17783928 -0.04146270
v -0.55519307 -0.17885825 -0.01903260
v -0.55527174 -0.17768857 -0.01834128
v -0.55521899 -0.17778109 0.00750255
v -0.55501962 -0.17893033 0.03553870
v -0.55503821 -0.17774773 0.04690477
v -0.55483156 -0.17891362 0.09507959
v -0.55491352 -0.17754194 0.09530403
v -0.55502748 -0.17857037 0.09865733
v -0.04020795 -0.16018358 -0.13312313
v -0.06481077 -0.16505136 -0.12005349
v -0.06512168 -0.17424402 -0.08469424
v -0.06521162 -0.17743804 -0.08435271
v -0.06714523 -0.17717473 -0.08358357
v -0.06711550 -0.17446163 -0.08376073
v -0.06512168 -0.17424402 -0.08469424
v -0.07612015 -0.17484312 -0.08370724
v -0.48904109 -0.16881852 -0.08361287
v -0.55553806 -0.17446369 -0.07948307
v -0.06436113 -0.15917969 -0.13286892
v -0.06514429 -0.16586921 -0.09750421
v -0.06518255 -0.16485037 -0.09168033
v -0.06519036 -0.16116297 0.10002329
v -0.07202265 -0.16963074 -0.08366460
v -0.07765698 -0.16991107 -0.08362515
v -0.11130005 -0.16495675 -0.08364557
v -0.13640635 -0.16575995 -0.08361811
v -0.18342870 -0.16744146 -0.08360047
v -0.20608121 -0.16196997 -0.08357527
v -0.23094866 -0.16387472 -0.08360205
v -0.32795191 -0.16069983 -0.08358293
v -0.29878601 -0.16138229 -0.08359269
v -0.35185546 -0.16165808 -0.08357988
v -0.41207460 -0.16440618 -0.08355565
v -0.43077803 -0.16227892 -0.08358254
v -0.51800323 -0.16359645 -0.08361781
v -0.54743671 -0.16184828 -0.08362178
v -0.55537987 -0.16608948 -0.06144766
v -0.55525959 -0.16827017 -0.03832529
v -0.55507398 -0.16665371 -0.00006197
v -0.55499005 -0.16818970 0.01859426
v -0.55488396 -0.16825329 0.04655977
v -0.55483359 -0.16830833 0.06885516
v -0.55473727 -0.16657542 0.09118640
v -0.55477011 -0.16320163 0.09833386
v -0.55473304 -0.16753291 0.09876164
v -0.05458733 -0.15651815 -0.13291106
v -0.06465176 -0.15260053 -0.11348744
v -0.06515847 -0.16122450 -0.08432894
v -0.06712110 -0.16112952 -0.08336367
v -0.06515847 -0.16122450 -0.08432894
v -0.06527659 -0.15737797 0.09802305
v -0.06543195 -0.15012880 0.13125563
v -0.07221258 -0.16082458 -0.08359473
v -0.26905173 -0.15898730 -0.08361239
v -0.37922734 -0.15919556 -0.08359889
v -0.45194656 -0.16095938 -0.08358786
v -0.47123596 -0.16248967 -0.08360162
v -0.55544364 -0.15284352 -0.08367976
v -0.55544364 -0.15284352 -0.08367976
v -0.55562294 -0.15868056 -0.07922602
v -0.55510879 -0.16395964 -0.01261226
v -0.55486101 -0.16391928 0.03501346
v -0.06454611 -0.14987244 -0.13042551
v -0.06453779 -0.15141459 -0.12667480
v -0.06511667 -0.15614842 -0.09325122
v -0.06529906 -0.14753191 0.11653354
v -0.09236860 -0.15869755 -0.08360703
v -0.08074178 -0.16452031 -0.07389150
v -0.08074951 -0.16438939 -0.06908611
v -0.08022000 -0.16403762 -0.07172150
v -0.08063643 -0.16416174 -0.06025825
v -0.08022000 -0.16403762 -0.07172150
v -0.08063643 -0.16416174 -0.06025825
v -0.08032516 -0.16320220 -0.06320242
v -0.08038744 -0.16244623 -0.05721710
v -0.08068603 -0.16401666 -0.03595678
v -0.08046702 -0.16249770 -0.04347081
v -0.08039172 -0.16252582 -0.02036840
v -0.08063164 -0.16406085 0.00004964
v -0.08018391 -0.16245946 0.01307350
v -0.08059323 -0.16417889 0.03304350
v -0.08025607 -0.16247120 0.05184897
v -0.08060984 -0.16403005 0.06383928
v -0.08023234 -0.16256979 0.07203200
v -0.08059780 -0.16426221 0.07961544
v -0.08062403 -0.16421567 0.08706995
v -0.08040732 -0.16258587 0.09620022
v -0.08075865 -0.16455106 0.09593438
v -0.08043340 -0.16508396 0.09793904
v -0.08016880 -0.16166484 0.09795811
v -0.16650140 -0.15644553 -0.08360479
v -0.29544672 -0.16474187 0.05600699
v -0.32002851 -0.16468133 0.07316913
v -0.27395472 -0.16465318 0.07163539
v -0.36618212 -0.16475427 0.08254337
v -0.40199366 -0.16477595 0.07149067
v -0.39116371 -0.16477728 0.08438801
v -0.42607754 -0.16473608 0.08019253
v -0.44934094 -0.16479033 0.06766387
v -0.47501153 -0.16480824 0.06740131
v -0.45709473 -0.16473745 0.08327200
v -0.47603381 -0.16476536 0.08161100
v -0.49724153 -0.15356708 -0.08369959
v -0.49977747 -0.16485856 0.06735980
v -0.49767625 -0.16482186 0.08682033
v -0.53474444 -0.16484863 0.09625291
v -0.53477252 -0.16516078 0.09820836
v -0.53355485 -0.16478576 0.09812530
v -0.54181314 -0.16462551 -0.05943967
v -0.54224825 -0.16454151 -0.06181688
v -0.54218018 -0.16281746 -0.05942328
v -0.54213607 -0.16018927 -0.06339765
v -0.55419278 -0.15101491 -0.08383917
v -0.55519128 -0.15884325 -0.02927978
v -0.55476165 -0.15238367 0.05845364
v -0.55474490 -0.15744680 0.07690292
v -0.04584959 -0.16899331 0.13335696
v -0.04684088 -0.12401161 0.13331360
v -0.05366135 -0.14206299 0.13331160
v -0.08004524 -0.16184911 -0.07384399
v -0.07998110 -0.15871330 -0.07144711
v -0.08021940 -0.15684101 -0.01036934
v -0.08011846 -0.15895674 0.00436538
v -0.08008261 -0.15886158 0.02198672
v -0.08012508 -0.15864998 0.05462199
v -0.08010843 -0.15927331 0.06914806
v -0.08015008 -0.15884826 0.08453163
v -0.08012131 -0.15843880 0.09607878
v -0.12119129 -0.15401700 -0.08361348
v -0.47623864 -0.15217237 -0.08365182
v -0.52725244 -0.15076703 -0.08373622
v -0.54802549 -0.14860991 -0.08375669
v -0.55538809 -0.15236151 -0.05646048
v -0.55525792 -0.15164386 -0.03744606
v -0.55509710 -0.14390121 -0.00538186
v -0.55497193 -0.14972241 0.01183789
v -0.55480981 -0.14913870 0.03610524
v -0.06482521 -0.14919491 -0.10288400
v -0.08013983 -0.14733447 -0.07393790
v -0.07999985 -0.15077665 -0.07173688
v -0.08003017 -0.15302077 -0.06824688
v -0.07227279 -0.14603917 -0.08368852
v -0.08024353 -0.14843173 -0.04035909
v -0.07995552 -0.15186563 0.01829010
v -0.07996826 -0.15184486 0.03493627
v -0.07968497 -0.14457659 0.09797006
v -0.14158180 -0.14968082 -0.08361109
v -0.17072715 -0.14262678 -0.08364039
v -0.22733122 -0.14490519 -0.08363687
v -0.25571853 -0.14414962 -0.08368681
v -0.30664265 -0.14797422 -0.08366687
v -0.32966861 -0.14197642 -0.08366644
v -0.44973272 -0.14360788 -0.08366052
v -0.54151040 -0.15213718 0.09817307
v -0.54213703 -0.15391135 0.09832921
v -0.54176450 -0.15428244 0.09615871
v -0.55555797 -0.14527926 -0.06908677
v -0.06514059 -0.14074261 -0.08458553
v -0.06514059 -0.14074261 -0.08458553
v -0.06719205 -0.14748254 -0.08354817
v -0.06521651 -0.12109050 0.10023700
v -0.06559272 -0.14796627 0.13322368
v -0.08012389 -0.14936695 -0.06239305
v -0.08013496 -0.14465716 -0.02296696
v -0.07989009 -0.14602858 0.00298958
v -0.07994039 -0.14487748 0.06323468
v -0.07993832 -0.14373212 0.08113068
v -0.07982808 -0.13571410 0.09603771
v -0.09109187 -0.14214244 -0.08364067
v -0.12235928 -0.13844925 -0.08366001
v -0.20316973 -0.13492903 -0.08364577
v -0.36705661 -0.14394593 -0.08368426
v -0.40654975 -0.14765346 -0.08366763
v -0.55567133 -0.13287677 -0.07959390
v -0.55465233 -0.12446412 0.09883683
v -0.55471814 -0.13386786 0.09830492
v -0.06418407 -0.12685394 -0.13274884
v -0.06527251 -0.13364676 0.10419195
v -0.06533314 -0.11620888 0.12674311
v -0.08006984 -0.13784145 -0.05327020
v -0.07983908 -0.14249843 0.03207823
v -0.07985041 -0.13965061 0.04784670
v -0.50266433 -0.14039588 -0.08378021
v -0.53567100 -0.13719830 -0.08379785
v -0.55574918 -0.13208453 -0.08254024
v -0.55464613 -0.13813296 0.08453860
v -0.05145022 -0.12992992 -0.13289034
v -0.06446995 -0.13150226 -0.12538436
v -0.06726579 -0.13300507 -0.08369892
v -0.06538153 -0.11955497 0.09802898
v -0.07982276 -0.13135101 -0.06792600
v -0.07997158 -0.13321176 -0.06249104
v -0.08017023 -0.13586175 -0.03889171
v -0.07980676 -0.13664092 0.01976263
v -0.28389472 -0.13750209 -0.08371612
v -0.34727836 -0.12652592 -0.08371092
v -0.41340703 -0.13723615 -0.08370046
v -0.47394371 -0.13578120 -0.08371343
v -0.52110624 -0.13644922 -0.08381454
v -0.54161447 -0.13658698 0.09418025
v -0.54145038 -0.13378565 0.09596588
v -0.54220849 -0.15321973 -0.06571699
v -0.54235196 -0.14985126 -0.06763605
v -0.54205441 -0.13408490 -0.06586159
v -0.54226512 -0.13132989 -0.06775839
v -0.55569208 -0.12433117 -0.06991384
v -0.55548346 -0.13227589 -0.05662096
v -0.55529916 -0.13412607 -0.03490356
v -0.55527729 -0.10681051 -0.00907398
v -0.55484867 -0.13109694 0.03203031
v -0.55474257 -0.12388298 0.05542447
v -0.55467772 -0.13734542 0.06985512
v -0.55464321 -0.13139243 0.09491294
v -0.06503290 -0.11966388 -0.09161825
v -0.06544943 -0.11469503 0.13109887
v -0.07976100 -0.13037619 -0.07193203
v -0.07982537 -0.12811044 -0.07397491
v -0.17500226 -0.12583317 -0.08372044
v -0.38310719 -0.12573782 -0.08373136
v -0.55094838 -0.09659308 -0.08382817
v -0.55555379 -0.11927966 -0.08373442
v -0.55555379 -0.11927966 -0.08373442
v -0.06466010 -0.12740377 -0.10873301
v -0.06530660 -0.11983208 0.11281093
v -0.07137148 -0.12517992 -0.08374385
v -0.07996786 -0.13283551 -0.01179198
v -0.07982314 -0.13277517 0.00526496
v -0.07982121 -0.12520261 0.03910025
v -0.07986543 -0.12493527 0.05783197
v -0.07985795 -0.13203518 0.07461625
v -0.09744041 -0.11683148 -0.08365268
v -0.23998168 -0.12633605 -0.08370177
v -0.31604487 -0.11764611 -0.08372924
v -0.44220954 -0.12501378 -0.08371501
v -0.50202465 -0.12305210 -0.08378702
v -0.55556649 -0.11172747 -0.05020020
v -0.55494690 -0.12802669 0.01932987
v -0.04015574 -0.10597189 -0.13313285
v -0.04366341 -0.11705869 -0.13299623
v -0.08010748 -0.11177598 -0.02568934
v -0.07995042 -0.11923797 -0.00685725
v -0.07982165 -0.11713193 0.02326762
v -0.11387236 -0.12228100 -0.08370022
v -0.27524629 -0.11276782 -0.08372121
v -0.46782398 -0.11372021 -0.08371577
v -0.53516203 -0.11179589 -0.08382306
v -0.55540931 -0.10034171 -0.02606080
v -0.55506313 -0.11007595 0.01604190
v -0.06442530 -0.10661867 -0.13252467
v -0.06442530 -0.10661867 -0.13252467
v -0.06483778 -0.11930027 -0.10007479
v -0.06511785 -0.11032361 -0.08450440
v -0.06511785 -0.11032361 -0.08450440
v -0.07984701 -0.11796626 0.01114937
v -0.07983956 -0.11899633 0.09586488
v -0.08493014 -0.11096308 -0.08363343
v -0.14006031 -0.12180944 -0.08373908
v -0.40983015 -0.11184634 -0.08372841
v -0.55570447 -0.10788880 -0.06096987
v -0.55466378 -0.11346506 0.07581624
v -0.06458721 -0.09428257 -0.11708117
v -0.06727295 -0.11522832 -0.08359129
v -0.07970625 -0.11040092 -0.07185108
v -0.07973014 -0.10069144 0.09800740
v -0.55429900 -0.10955032 -0.08389299
v -0.55552804 -0.09275758 -0.03522823
v -0.55466998 -0.10224706 0.08592417
v -0.05356699 -0.10034554 -0.13276851
v -0.06456894 -0.09338896 -0.13040525
v -0.06466615 -0.10989150 -0.11016359
v -0.06528950 -0.09509379 0.10414689
v -0.06560947 -0.10468291 0.13324246
v -0.07995594 -0.09014781 -0.06322274
v -0.07987133 -0.10281454 0.05702820
v -0.19404659 -0.11079171 -0.08371902
v -0.22558118 -0.10232572 -0.08369368
v -0.52129662 -0.10507630 -0.08381466
v -0.54678667 -0.08781980 -0.08381543
v -0.55488116 -0.10300583 0.04050910
v -0.06391643 -0.08507501 -0.13258931
v -0.06532793 -0.09605521 0.11142197
v -0.07243180 -0.10075291 -0.08357420
v -0.07990010 -0.10113473 -0.07402197
v -0.11296132 -0.10811794 -0.08371747
v -0.12984923 -0.10703465 -0.08375110
v -0.16161096 -0.10768326 -0.08376531
v -0.37896907 -0.10464782 -0.08374348
v -0.43435267 -0.10499322 -0.08373336
v -0.55529964 -0.08245134 0.00680732
v -0.06451233 -0.09073269 -0.12637797
v -0.06481703 -0.10010928 -0.10442946
v -0.08000560 -0.09592721 -0.05731184
v -0.08008322 -0.09765218 -0.04573185
v -0.07988761 -0.08407369 0.00216364
v -0.07984957 -0.08611029 0.01152065
v -0.07982247 -0.10538667 0.09596097
v -0.48868847 -0.10165122 -0.08376164
v -0.55614209 -0.08828434 -0.08258837
v -0.55472738 -0.10062914 0.09607353
v -0.04368430 -0.09048046 -0.13294843
v -0.06511781 -0.09375030 -0.09261058
v -0.06726697 -0.10080571 -0.08339367
v -0.06515536 -0.10030590 -0.08439698
v -0.06536883 -0.09995908 0.12559208
v -0.08013803 -0.09977439 -0.03719459
v -0.17819551 -0.09221256 -0.08375058
v -0.55603611 -0.09069988 -0.07937462
v -0.06546344 -0.09578612 0.13021043
v -0.10461302 -0.09164444 -0.08368952
v -0.14227006 -0.09214050 -0.08374689
v -0.29933712 -0.09361137 -0.08374297
v -0.34907678 -0.09619696 -0.08374629
v -0.47867578 -0.09069404 -0.07363967
v -0.47408444 -0.12895511 -0.07356489
v -0.45058244 -0.10459691 -0.07363651
v -0.55469382 -0.08759911 0.07493054
v -0.55481172 -0.06352350 0.09203400
v -0.55488515 -0.08235522 0.09897550
v -0.06530616 -0.08387241 0.09808015
v -0.08673258 -0.09381089 -0.08362024
v -0.07977715 -0.09396710 -0.07178084
v -0.07997680 -0.08449593 -0.00796974
v -0.07984731 -0.08485577 0.02756014
v -0.07987258 -0.08757600 0.07793828
v -0.07986781 -0.08702654 0.09619402
v -0.26182193 -0.09625649 -0.08369253
v -0.46348530 -0.08110933 -0.08375607
v -0.55587721 -0.07158625 -0.08376605
v -0.55587721 -0.07158625 -0.08376605
v -0.55591357 -0.08629134 -0.06716908
v -0.55479360 -0.08100966 0.06037860
v -0.04017097 -0.06895947 -0.13313505
v -0.06515536 -0.10030590 -0.08439698
v -0.08008489 -0.08115897 -0.02229274
v -0.19963470 -0.07694720 -0.08374662
v -0.35884860 -0.08079368 -0.08379544
v -0.39236331 -0.07975847 -0.08378724
v -0.41414779 -0.07836396 -0.08376925
v -0.44316822 -0.08059950 -0.08377377
v -0.49333069 -0.08434610 -0.08380205
v -0.52362978 -0.08205292 -0.08385573
v -0.55576801 -0.08040832 -0.05303443
v -0.06461053 -0.06568044 -0.11343776
v -0.06536669 -0.08175325 0.12695521
v -0.06558941 -0.08377853 0.13324317
v -0.07217281 -0.06451634 -0.08365992
v -0.07985565 -0.05993913 -0.07406167
v -0.07989703 -0.07238586 0.04589727
v -0.07991834 -0.06691170 0.05995931
v -0.23139438 -0.07801020 -0.08371941
v -0.26363742 -0.08643162 -0.08371169
v -0.54192054 -0.09967750 -0.06557489
v -0.54215175 -0.09149183 -0.06794617
v -0.54187477 -0.08223176 -0.06577659
v -0.55503786 -0.07841688 0.03538176
v -0.06510034 -0.06618130 -0.09288368
v -0.06516871 -0.06748167 -0.08449527
v -0.06728332 -0.07684493 -0.08349193
v -0.07978587 -0.07197924 -0.07188246
v -0.09024641 -0.07481208 -0.08368798
v -0.08009160 -0.06845582 -0.04522143
v -0.08013618 -0.07167719 -0.03553224
v -0.12402947 -0.07773945 -0.08375318
v -0.55478978 -0.06330048 0.08435275
v -0.05366366 -0.05533355 -0.13273582
v -0.06428607 -0.06553122 -0.13248974
v -0.06428607 -0.06553122 -0.13248974
v -0.06445292 -0.06240108 -0.12612516
v -0.06483394 -0.06733449 -0.10278664
v -0.08002274 -0.06494668 -0.05615745
v -0.15126793 -0.07999831 -0.08376171
v -0.55516583 -0.06668928 0.02895614
v -0.06522810 -0.05947944 0.10013854
v -0.06536072 -0.06763542 0.11669158
v -0.07973765 -0.07293636 0.09802958
v -0.10614043 -0.06664504 -0.08377139
v -0.28838348 -0.07131416 -0.08378496
v -0.32595310 -0.07353380 -0.08382038
v -0.48196861 -0.06125739 -0.08382649
v -0.54100412 -0.06431401 -0.08385230
v -0.55474651 -0.07056627 0.07545524
v -0.55508322 -0.02280111 0.09839483
v -0.06533690 -0.06188954 0.10502326
v -0.06543534 -0.06113101 0.12886918
v -0.06564082 -0.05638751 0.13325235
v -0.13447073 -0.05819437 -0.08381403
v -0.16408636 -0.05954195 -0.08382713
v -0.51456845 -0.06298986 -0.08387975
v -0.54190493 -0.05744622 -0.06568212
v -0.03133562 -0.07047391 0.00772824
v -0.02871135 -0.06915836 0.00895216
v -0.03497383 -0.07232407 0.00901829
v -0.03483194 -0.07143009 0.00669908
v -0.03510970 -0.07099758 0.01192310
v -0.03832182 -0.07406732 0.00880482
v -0.03907192 -0.07261175 0.00420352
v -0.03850362 -0.07370085 0.01216360
v -0.03510970 -0.07099758 0.01192310
v -0.03674188 -0.07039915 0.01449599
v -0.03850362 -0.07370085 0.01216360
v -0.03850362 -0.07370085 0.01216360
v -0.03674188 -0.07039915 0.01449599
v -0.03841257 -0.07198130 0.01657178
v -0.03964898 -0.07564977 0.00416880
v -0.03990808 -0.07358630 0.00219848
v -0.03907192 -0.07261175 0.00420352
v -0.03974274 -0.07238835 -0.00015748
v -0.03922653 -0.07406402 0.01655113
v -0.03952426 -0.07489270 0.01306095
v -0.03856853 -0.07111602 0.01975536
v -0.03929156 -0.07245842 0.01986774
v -0.06374742 -0.05532936 -0.13258728
v -0.06450780 -0.06114952 -0.13036713
v -0.06516871 -0.06748167 -0.08449527
v -0.06513253 -0.05179539 -0.08443501
v -0.07990645 -0.06128203 0.07763123
v -0.21345437 -0.05710788 -0.08378411
v -0.25955018 -0.06051498 -0.08376948
v -0.53255105 -0.04597053 -0.08388979
v -0.55429947 -0.05693698 -0.08392102
v -0.55610746 -0.05310975 -0.07887716
v -0.55600822 -0.06117028 -0.06794659
v -0.55559850 -0.05449339 -0.01645920
v -0.55541193 -0.04594555 0.01637384
v -0.02252689 -0.06630495 0.00751656
v -0.01854825 -0.06477539 0.00873830
v -0.01956627 -0.06481625 0.00952926
v -0.02871135 -0.06915836 0.00895216
v -0.01956627 -0.06481625 0.00952926
v -0.02977473 -0.06763005 0.01174202
v -0.02979088 -0.06851645 0.00569879
v -0.03497052 -0.06934530 0.00387063
v -0.03148267 -0.06736277 0.00249296
v -0.03516611 -0.06755641 0.00163954
v -0.03844294 -0.06994329 0.00233599
v -0.03886476 -0.06877936 -0.00025163
v -0.06724912 -0.05899450 -0.08346210
v -0.06535393 -0.05826550 0.09807961
v -0.07998078 -0.04875595 -0.06193844
v -0.09147394 -0.05489215 -0.08378725
v -0.08001244 -0.05731251 -0.01447082
v -0.07988045 -0.04742334 0.00841709
v -0.07988824 -0.05079436 0.03084870
v -0.07993068 -0.04970523 0.09610342
v -0.35525295 -0.05473002 -0.08383537
v -0.39601171 -0.05621990 -0.08383045
v -0.42400038 -0.04597109 -0.08383577
v -0.43936205 -0.05814772 -0.08382554
v -0.55580509 -0.05122593 -0.04112033
v -0.55482173 -0.05995668 0.07023265
v -0.55497432 -0.05197438 0.05605086
v -0.55493379 -0.03860613 0.09612545
v -0.01174292 -0.06126220 0.00617578
v -0.00963724 -0.06088037 0.00831311
v -0.01994023 -0.06456761 0.00604560
v -0.00965810 -0.06041637 0.00908991
v -0.02511966 -0.06598394 0.00466045
v -0.01969403 -0.06228838 0.00040566
v -0.02208722 -0.06275335 -0.00058160
v -0.02238494 -0.06237393 0.01335918
v -0.02864027 -0.06601192 0.01273098
v -0.02470696 -0.06319779 -0.00100280
v -0.02983657 -0.06578974 0.00125685
v -0.03011546 -0.06351395 -0.00160704
v -0.03021353 -0.06469309 0.01468315
v -0.03527153 -0.06450908 -0.00017671
v -0.03385293 -0.06309848 -0.00197370
v -0.03852475 -0.06442024 -0.00100753
v -0.30352485 -0.03654368 -0.08384959
v -0.32468349 -0.03364622 -0.08386428
v -0.54148352 -0.06496423 0.09189432
v -0.54155493 -0.09135371 0.08453219
v -0.54157817 -0.03756611 0.08770626
v -0.00133997 -0.05700968 0.00277256
v -0.00112450 -0.05706703 0.00596514
v -0.00203580 -0.05798566 0.00583764
v -0.00198808 -0.05755359 0.00152051
v -0.00084913 -0.05678795 0.00865429
v -0.00254065 -0.05806331 0.00828367
v -0.00248083 -0.05740834 -0.00362457
v -0.00456539 -0.05867408 -0.00187064
v -0.00462431 -0.05820554 -0.00409181
v -0.00474423 -0.05918088 0.00597947
v -0.00254065 -0.05806331 0.00828367
v -0.00084913 -0.05678795 0.00865429
v -0.00485745 -0.05801437 0.00931185
v -0.00856468 -0.05962094 -0.00208742
v -0.00853103 -0.05911499 -0.00426064
v -0.00855580 -0.05987832 0.00176909
v -0.00863156 -0.06031766 0.00603565
v -0.00963724 -0.06088037 0.00831311
v -0.00485745 -0.05801437 0.00931185
v -0.01246241 -0.05937312 -0.00400613
v -0.01248646 -0.06000520 -0.00214056
v -0.01453796 -0.06170104 0.00440799
v -0.01644972 -0.05944304 -0.00393809
v -0.01648617 -0.06038905 -0.00214968
v -0.01636383 -0.06163306 0.00165396
v -0.00965810 -0.06041637 0.00908991
v -0.01433229 -0.05863395 0.01297440
v -0.01872793 -0.05935286 -0.00401739
v -0.02037519 -0.06081758 -0.00216315
v -0.02090326 -0.06073784 0.01375314
v -0.02208722 -0.06275335 -0.00058160
v -0.02470696 -0.06319779 -0.00100280
v -0.02472582 -0.06088578 -0.00222794
v -0.02037519 -0.06081758 -0.00216315
v -0.03011546 -0.06351395 -0.00160704
v -0.03036436 -0.06058953 -0.00203336
v -0.03385293 -0.06309848 -0.00197370
v -0.03398389 -0.06171719 -0.00209562
v -0.03527153 -0.06450908 -0.00017671
v -0.03548694 -0.06006421 0.00015955
v -0.03852475 -0.06442024 -0.00100753
v -0.03864473 -0.05999897 -0.00033189
v -0.06423375 -0.04513287 -0.11896621
v -0.06467308 -0.05380730 -0.10215744
v -0.06495433 -0.05047130 -0.09191217
v -0.07977006 -0.05365638 -0.07202888
v -0.54677051 -0.02924133 -0.08388177
v -0.55036807 -0.02599041 -0.08393753
v -0.55597973 -0.04053174 -0.05430178
v -0.00133997 -0.05700968 0.00277256
v -0.00198808 -0.05755359 0.00152051
v -0.00165227 -0.05602879 0.00047331
v -0.00248083 -0.05740834 -0.00362457
v -0.00462431 -0.05820554 -0.00409181
v -0.00458521 -0.05669203 -0.00488640
v -0.00232217 -0.05554723 -0.00391216
v -0.00853103 -0.05911499 -0.00426064
v -0.00848901 -0.05717942 -0.00521014
v -0.01246241 -0.05937312 -0.00400613
v -0.01245207 -0.05738058 -0.00453309
v -0.01644972 -0.05944304 -0.00393809
v -0.01643902 -0.05757737 -0.00403712
v -0.01872793 -0.05935286 -0.00401739
v -0.02056628 -0.05696721 -0.00277812
v -0.02495050 -0.05753171 -0.00204269
v -0.02854761 -0.05810684 -0.00169755
v -0.03266078 -0.05888426 -0.00093213
v -0.02854761 -0.05810684 -0.00169755
v -0.03266078 -0.05888426 -0.00093213
v -0.03088072 -0.05696472 0.00073399
v -0.03548694 -0.06006421 0.00015955
v -0.03421035 -0.05733926 0.00179049
v -0.03696212 -0.05822518 0.00489476
v -0.03495392 -0.05660256 0.00522815
v -0.03734624 -0.05761775 0.00992434
v -0.03528181 -0.05662153 0.00996291
v -0.03564879 -0.05930979 0.01354187
v -0.03448206 -0.05764927 0.01253485
v -0.06497422 -0.04278344 -0.08619798
v -0.06513253 -0.05179539 -0.08443501
v -0.06530562 -0.02935262 0.12703353
v -0.07243161 -0.05107458 -0.08377174
v -0.08007403 -0.04063801 -0.02544839
v -0.38300720 -0.03355547 -0.08386210
v -0.49821609 -0.03381838 -0.08387516
v -0.55623913 -0.00480951 -0.08269370
v -0.00137538 -0.05427819 0.00565361
v -0.00457722 -0.05345226 -0.00492651
v -0.00849846 -0.05354996 -0.00536234
v -0.01277867 -0.05348634 -0.00445230
v -0.01604456 -0.05532628 -0.00386638
v -0.01653844 -0.05317977 -0.00284163
v -0.01839432 -0.05619222 0.01349189
v -0.01776806 -0.05755046 0.01374977
v -0.01322305 -0.05477932 0.01347020
v -0.01619172 -0.05317561 0.01203894
v -0.02237260 -0.05475135 -0.00089134
v -0.01653844 -0.05317977 -0.00284163
v -0.02237260 -0.05475135 -0.00089134
v -0.02147967 -0.05350788 0.00089692
v -0.02532566 -0.05510197 0.00081383
v -0.02710453 -0.05399997 0.00569864
v -0.02756989 -0.05437345 0.00999578
v -0.02518690 -0.05705031 0.01320889
v -0.02366838 -0.05423833 0.01209878
v -0.04997215 -0.03688359 -0.13281384
v -0.06382693 -0.02736808 -0.13246346
v -0.06382693 -0.02736808 -0.13246346
v -0.06696859 -0.04800365 -0.08356418
v -0.08137219 -0.04314433 -0.08389992
v -0.08010495 -0.02825407 -0.03655038
v -0.07996383 -0.03210577 -0.00784222
v -0.07999074 -0.01782837 0.08421638
v -0.07982220 -0.03816047 0.09803923
v -0.14718887 -0.03699928 -0.08390302
v -0.26692873 -0.03960059 -0.08381615
v -0.44737527 -0.03527628 -0.08384889
v -0.55614352 -0.03042142 -0.06539661
v -0.00246170 -0.04866851 -0.00363929
v -0.00433767 -0.04639111 -0.00419880
v -0.00851151 -0.04932087 -0.00501875
v -0.01193127 -0.04933241 -0.00446934
v -0.01442930 -0.05099752 -0.00326733
v -0.01536170 -0.04917708 -0.00234372
v -0.01653844 -0.05317977 -0.00284163
v -0.01738694 -0.05135588 0.00099193
v -0.01536170 -0.04917708 -0.00234372
v -0.01585442 -0.04895426 0.00088152
v -0.01761356 -0.05060044 0.00590902
v -0.01598260 -0.04866561 0.00607540
v -0.01761356 -0.05060044 0.00590902
v -0.01735300 -0.05070614 0.00943633
v -0.01522589 -0.04907971 0.00906389
v -0.01522589 -0.04907971 0.00906389
v -0.01735300 -0.05070614 0.00943633
v -0.01468468 -0.05081150 0.01032450
v -0.01522589 -0.04907971 0.00906389
v -0.06432931 -0.03608183 -0.10143179
v -0.06509788 -0.04776248 -0.08429340
v -0.06509788 -0.04776248 -0.08429340
v -0.06542480 -0.02930411 0.13106808
v -0.08003762 -0.03688134 -0.05027203
v -0.07995665 -0.03744980 0.06642395
v -0.07993881 -0.03618846 0.09577777
v -0.11585186 -0.03500580 -0.08391009
v -0.19280481 -0.03894290 -0.08386084
v -0.23191822 -0.03425794 -0.08385824
v -0.52382338 -0.02262978 -0.08388037
v -0.54091883 -0.02075824 -0.08389892
v -0.00845659 -0.03742656 -0.00476296
v -0.01398697 -0.04158173 -0.00347311
v -0.01533759 -0.04173189 -0.00250927
v -0.01533759 -0.04173189 -0.00250927
v -0.01574472 -0.04504710 0.00619533
v -0.01484036 -0.04510478 0.00842091
v -0.03923309 -0.04248368 0.02211719
v -0.03928137 -0.03615416 0.03511944
v -0.03936514 -0.05127455 0.02546864
v -0.04365742 0.01826847 -0.13298938
v -0.03997377 -0.03873130 -0.13317814
v -0.06556664 -0.02843174 0.13323042
v -0.06738435 -0.04027114 -0.08377548
v -0.08000906 -0.03025174 -0.07403821
v -0.07984909 -0.03404338 -0.07185621
v -0.08949541 -0.03301102 -0.08395138
v -0.47283778 -0.02850049 -0.08385292
v -0.55531609 -0.03097646 0.03609910
v -0.55519223 -0.01673054 0.05530950
v -0.55509210 -0.01522579 0.06888559
v -0.55494952 -0.02854320 0.08194628
v -0.55496800 -0.02473418 0.09899505
v -0.00445190 -0.03480121 -0.00405733
v -0.01162916 -0.03570944 -0.00436003
v -0.01624981 -0.04045966 0.00108322
v -0.01590383 -0.04083402 0.00620746
v -0.06406553 -0.02840741 -0.13041374
v -0.06397159 -0.02789892 -0.12620458
v -0.06408742 -0.02971898 -0.10958683
v -0.06517938 -0.04678948 -0.08341420
v -0.06515323 -0.02909419 -0.08376525
v -0.07989764 -0.03268221 0.01917400
v -0.07993570 -0.02645260 0.05319720
v -0.35896507 -0.02865088 -0.08385605
v -0.40128067 -0.02508263 -0.08386353
v -0.55618119 -0.02959573 -0.07384814
v -0.55573052 -0.03019434 -0.01400832
v -0.01368684 -0.03472592 -0.00335241
v -0.01506060 -0.03282159 -0.00229845
v -0.01506060 -0.03282159 -0.00229845
v -0.01571470 -0.03299890 0.00615626
v -0.01456752 -0.03334324 0.00818806
v -0.06438994 -0.02955900 -0.09711122
v -0.06457067 -0.02208753 -0.09222149
v -0.06526360 -0.00962093 0.10415556
v -0.07203367 -0.02592828 -0.08411743
v -0.08006305 -0.02120936 -0.04466022
v -0.07991628 -0.01165865 0.04315593
v -0.55438685 -0.02681821 -0.08406154
v -0.55590326 -0.02595184 -0.08395924
v -0.55590326 -0.02595184 -0.08395924
v -0.55505335 -0.00785076 0.09554800
v -0.00217631 -0.04342338 -0.00191686
v -0.00262502 -0.04054106 -0.00347743
v -0.00226831 -0.03153897 -0.00204758
v -0.01590392 -0.02823096 0.00118517
v -0.06530923 -0.02271437 0.11027106
v -0.06727721 -0.02544452 -0.08395954
v -0.07998635 -0.02009034 -0.06316368
v -0.08001812 -0.01115225 -0.05446643
v -0.17785305 -0.02432114 -0.08392351
v -0.24435303 -0.01729835 -0.08387396
v -0.00262502 -0.04054106 -0.00347743
v -0.00457096 -0.02732743 -0.00416971
v -0.00850925 -0.02608898 -0.00476653
v -0.01140371 -0.01868173 -0.00439359
v -0.01348403 -0.02252541 -0.00329841
v -0.06393871 -0.02215851 -0.11817565
v -0.06517223 -0.01074318 0.10005321
v -0.11020049 -0.01837541 -0.08395513
v -0.13595478 -0.01008969 -0.08395664
v -0.15335760 -0.01253217 -0.08394671
v -0.35295308 -0.00663092 -0.08386789
v -0.55556834 -0.01720452 0.01677238
v -0.01544216 -0.01820236 0.00618770
v -0.01447374 -0.02105067 0.00814112
v -0.06414451 -0.01872627 -0.10209852
v -0.07981324 -0.00455041 -0.07176621
v -0.08871749 -0.01916685 -0.08401055
v -0.07995886 0.00927554 0.06964555
v -0.08006173 0.00225485 0.09623691
v -0.07999246 0.00363827 0.09806295
v -0.20855883 -0.00315085 -0.08393537
v -0.27737874 -0.00761830 -0.08384729
v -0.55607820 -0.01540291 -0.05026690
v -0.55593276 0.00080912 -0.02574138
v -0.55569965 -0.01542388 0.00050160
v -0.01554871 -0.00945113 0.00132107
v -0.06430872 -0.01225331 -0.09696458
v -0.06472394 -0.00651373 -0.08785697
v -0.06490490 -0.00973618 -0.08475914
v -0.06527051 0.00578694 0.09810924
v -0.08004758 -0.01234272 -0.02113871
v -0.43150479 -0.00895778 -0.08387955
v -0.53068286 -0.00379151 -0.08389939
v -0.55548406 -0.00147098 0.03333917
v -0.00456253 0.00440687 -0.00419042
v -0.01474953 -0.00992761 -0.00188173
v -0.01474953 -0.00992761 -0.00188173
v -0.05721447 0.00102316 -0.13264176
v -0.06344484 0.02035222 -0.13254154
v -0.06537797 -0.00592628 0.11418243
v -0.06534937 0.00314652 0.12666032
v -0.07219701 0.00209673 -0.08411824
v -0.07996207 -0.00700131 0.00033229
v -0.07994026 -0.00121131 0.02217718
v -0.09938627 0.00976473 -0.08395026
v -0.16705254 0.02131835 -0.08398155
v -0.30611262 -0.00323684 -0.08387921
v -0.49467415 0.00117374 -0.08388195
v -0.55625188 0.00879456 -0.07970657
v -0.55625117 -0.00768691 -0.07335920
v -0.00254673 0.01356998 -0.00354923
v -0.01341891 -0.00579856 -0.00294099
v -0.03997234 0.01390477 -0.13318411
v -0.05229449 0.01655786 -0.13275227
v -0.06401965 0.00572102 -0.10973453
v -0.18620527 0.01719863 -0.08396610
v -0.55438113 0.02885718 -0.08403542
v -0.55622792 -0.00545941 -0.06487403
v -0.55511785 -0.00183361 0.08029529
v -0.01120910 -0.00229032 -0.00436101
v -0.01544413 -0.00765825 0.00626346
v -0.01454723 -0.00211048 0.00817987
v -0.06406076 0.00059675 -0.13041151
v -0.06394982 -0.00092937 -0.12594971
v -0.06546195 0.00211843 0.13079226
v -0.08679169 -0.00112769 -0.08401413
v -0.12262943 0.01433543 -0.08397438
v -0.32419318 0.01203360 -0.08387851
v -0.39168566 -0.00366449 -0.08388659
v -0.55602312 0.02309013 -0.08392747
v -0.55602312 0.02309013 -0.08392747
v -0.55618757 0.01330585 -0.05518267
v -0.00849861 0.00045532 -0.00472806
v -0.01531664 -0.00463336 0.00065251
v -0.03796101 -0.00483393 0.09106632
v -0.03787178 -0.00488828 0.09795480
v -0.03871009 -0.00520417 0.08974882
v -0.03860539 -0.00515885 0.09914451
v -0.07994166 0.01033706 -0.06305931
v -0.07998213 0.00787935 -0.05830029
v -0.08007111 0.01122627 -0.04401807
v -0.08009592 0.00171662 -0.03010596
v -0.08002071 0.00588277 0.09240382
v -0.52433658 0.01836595 -0.08390943
v -0.01322645 0.00169106 -0.00304858
v -0.01543695 -0.00071561 0.00138303
v -0.01539871 0.00395921 0.00619312
v -0.03799602 -0.00300730 0.08906975
v -0.03794131 0.00005816 0.10146453
v -0.03800842 -0.00137315 0.10558306
v -0.03810117 -0.00276868 0.09973343
v -0.06445703 0.02041707 -0.09321617
v -0.06502198 0.01845009 -0.08360990
v -0.06508479 0.00595141 0.10005402
v -0.06532811 0.00612151 0.11150043
v -0.06571063 0.02878562 0.13322321
v -0.08004075 0.01875207 -0.01521752
v -0.23193277 0.00205678 -0.08390348
v -0.55536300 0.03215868 0.09576272
v -0.55536294 0.02924449 0.09907451
v -0.01450202 0.01615239 -0.00145150
v -0.01450202 0.01615239 -0.00145150
v -0.01534608 0.01378465 0.00166839
v -0.03829861 0.00537272 0.08173838
v -0.03817400 -0.00005304 0.08487200
v -0.03882587 0.00257174 0.08088031
v -0.03808740 0.00268671 0.09245061
v -0.03856182 -0.00139358 0.10730460
v -0.03795141 0.00332658 0.11010375
v -0.03854772 0.00234637 0.11050635
v -0.06393689 0.01528299 -0.11542451
v -0.06477559 0.02230540 -0.08478756
v -0.06741977 0.00948255 -0.08397640
v -0.07971442 0.02472085 -0.07180817
v -0.07994659 0.01299909 0.01406150
v -0.08000246 0.01144004 0.08358320
v -0.37246677 0.01683107 -0.08386087
v -0.43285215 0.00892683 -0.08387468
v -0.54433984 0.04302857 -0.08398793
v -0.55629623 0.01515280 -0.07233158
v -0.55565798 0.01607299 0.01953848
v -0.55532676 0.01758644 0.06589033
v -0.55531609 0.02568707 0.07883026
v -0.55544221 0.02698616 0.09851994
v -0.01108134 0.01702440 -0.00416119
v -0.03884748 0.00948643 0.07950460
v -0.03812116 0.01319452 0.09101581
v -0.06390399 0.02107531 -0.12620798
v -0.07996988 0.02918712 -0.05592064
v -0.08012827 0.03090069 -0.03639890
v -0.08879110 0.02096349 -0.08396649
v -0.25500312 0.01201359 -0.08387414
v -0.29263923 0.01477898 -0.08386979
v -0.55094135 0.04488612 -0.08400627
v -0.55552375 0.02251879 0.04000016
v -0.00448850 0.02104992 -0.00410483
v -0.00847206 0.02019248 -0.00449459
v -0.01523328 0.01556148 0.00618052
v -0.01437691 0.01522218 0.00809514
v -0.03825161 0.01269386 0.08617484
v -0.06401105 0.02158910 -0.13042992
v -0.06409729 0.05806265 -0.10168796
v -0.06501481 0.00980656 0.09809127
v -0.06509455 0.01518467 0.10011151
v -0.07987748 0.02672154 -0.07401750
v -0.07223600 0.03495130 -0.08404789
v -0.15027410 0.03300685 -0.08398569
v -0.23277056 0.04242883 -0.08394406
v -0.54193771 0.02771762 -0.06061430
v -0.54194683 -0.00121259 -0.06409354
v -0.54201263 0.02168739 -0.06406236
v -0.55591083 0.02130929 -0.01793400
v -0.55579305 0.03473103 0.00674229
v -0.01319227 0.02489436 -0.00269804
v -0.03828353 0.01780540 0.08247577
v -0.03879172 0.01839382 0.08095162
v -0.06528203 0.01455877 0.09810200
v -0.06382182 0.03368107 -0.13249677
v -0.06382182 0.03368107 -0.13249677
v -0.06546867 0.02806852 0.12686014
v -0.07995650 0.03057623 0.03144773
v -0.27076095 0.03342125 -0.08390776
v -0.32452384 0.03253812 -0.08387966
v -0.39503145 0.03518394 -0.08388383
v -0.41839790 0.03287137 -0.08389602
v -0.44937190 0.02724454 -0.08390573
v -0.48800990 0.04758257 -0.08393974
v -0.50630212 0.03297088 -0.08393583
v -0.00164077 0.03866539 0.00678565
v -0.00170815 0.00744884 0.00667282
v -0.00175825 0.03568590 0.00443240
v -0.03923491 0.01511421 0.07314103
v -0.03914085 0.02199415 0.07874080
v -0.03934497 0.01782570 0.07757594
v -0.03809443 0.02225715 0.08622625
v -0.03803942 0.01995734 0.09358975
v -0.03814912 0.01787869 0.09278374
v -0.03833470 0.01950273 0.08452063
v -0.06558731 0.02867124 0.13127244
v -0.06752996 0.02811695 -0.08391953
v -0.07998234 0.04418949 0.00252052
v -0.07997182 0.03030503 0.01363771
v -0.55610299 0.04454491 -0.03615449
v -0.01532948 0.02623663 0.00116380
v -0.01530433 0.02639145 0.00621378
v -0.03895998 0.02276573 0.08500614
v -0.06423789 0.05875853 -0.09785175
v -0.06538743 0.03084904 0.11413740
v -0.07984661 0.05338708 0.09806295
v -0.52848434 0.01752735 -0.07357404
v -0.49311319 0.02866713 -0.07352782
v -0.50758910 0.05054436 -0.07352106
v -0.01470414 0.02785215 -0.00133509
v -0.01470414 0.02785215 -0.00133509
v -0.01439735 0.02938229 0.00815710
v -0.07994299 0.03956846 0.04972475
v -0.07993689 0.04101265 0.07851895
v -0.07991305 0.05825827 0.09218281
v -0.55641186 0.03774086 -0.08272510
v -0.55541193 0.04657755 0.08018943
v -0.00248805 0.03825182 -0.00359950
v -0.00854698 0.04486165 -0.00444851
v -0.01544163 0.03014380 0.00150170
v -0.01510689 0.03036556 0.00660592
v -0.03998923 0.04243553 -0.13314161
v -0.04350442 0.04362885 -0.13296688
v -0.06390005 0.04418433 -0.11978098
v -0.06400883 0.04455465 -0.10716537
v -0.06393085 0.04017902 -0.11312050
v -0.06482673 0.05304951 -0.08482053
v -0.07990849 0.04611600 -0.06218079
v -0.08007044 0.04689885 -0.04686937
v -0.08725046 0.04027227 -0.08397264
v -0.36844471 0.03555584 -0.08385810
v -0.52356768 0.06085536 -0.08400994
v -0.53573376 0.06673545 -0.08404718
v -0.54195029 0.05237624 -0.06454778
v -0.55639762 0.04728404 -0.07336009
v -0.55592060 0.03775517 -0.01479105
v -0.55541414 0.04683349 0.09101435
v -0.00455967 0.03612566 -0.00411890
v -0.01122928 0.04020903 -0.00418524
v -0.01323625 0.03946230 -0.00270347
v -0.01473433 0.03757409 -0.00121967
v -0.01473433 0.03757409 -0.00121967
v -0.01526979 0.03506267 0.00091925
v -0.01525503 0.03420696 0.00621995
v -0.03913909 0.02869150 0.08273425
v -0.03911453 0.03481725 0.08021083
v -0.03914279 0.03275136 0.08720004
v -0.06504191 0.04543549 -0.08363614
v -0.06526271 0.05209884 0.10453358
v -0.07966025 0.04231257 -0.07187349
v -0.08006202 0.04954628 -0.01558424
v -0.07997887 0.05012167 0.02296390
v -0.10499586 0.04296592 -0.08396598
v -0.13130370 0.06321856 -0.08403363
v -0.20066935 0.05301565 -0.08399241
v -0.55634445 0.06377503 -0.06092236
v -0.55625212 0.05111209 -0.05245207
v -0.55552328 0.04676706 0.05728000
v -0.01439735 0.02938229 0.00815710
v -0.01261887 0.02830208 0.00825845
v -0.01197213 0.05167485 0.00824194
v -0.03872496 0.03014288 0.11138576
v -0.03894019 0.03247995 0.10401621
v -0.03897464 0.03914887 0.09775688
v -0.06538844 0.04242430 0.12696904
v -0.07976171 0.04285697 -0.07402823
v -0.07994847 0.06120101 0.09598314
v -0.35723579 0.05443022 -0.08388451
v -0.31813118 0.06347230 -0.08392084
v -0.44625694 0.06888953 -0.08397306
v -0.00462848 0.05047134 -0.00400899
v -0.01418427 0.04315451 0.00801902
v -0.01548508 0.04350117 0.00150534
v -0.01527172 0.04318524 0.00616609
v -0.05205700 0.06428543 -0.13274500
v -0.06454422 0.06309265 -0.09255771
v -0.06514464 0.05529005 0.10007467
v -0.06567800 0.06390536 0.13323110
v -0.07214409 0.06775832 -0.08409586
v -0.41777095 0.06486401 -0.08392776
v -0.47357953 0.05699164 -0.08394528
v -0.55605745 0.06851530 -0.02250556
v -0.55594969 0.05777946 -0.00777728
v -0.00170919 0.05148074 0.00229057
v -0.01476058 0.04906050 -0.00176347
v -0.01476058 0.04906050 -0.00176347
v -0.06528750 0.05813864 0.09811642
v -0.06765367 0.06875157 -0.08398009
v -0.15380783 0.06923291 -0.08403074
v -0.27110189 0.05554998 -0.08393037
v -0.55568981 0.05546332 0.03699421
v -0.55586052 0.10420072 0.09845000
v -0.00142223 0.06181026 0.00704011
v -0.00259921 0.06397477 -0.00349016
v -0.01132402 0.05644274 -0.00427858
v -0.01341927 0.05307007 -0.00297809
v -0.01384148 0.05621311 0.00779470
v -0.06391744 0.06790537 -0.12600920
v -0.06536025 0.05691985 0.12633222
v -0.06553155 0.05645457 0.13103366
v -0.08015354 0.05886540 -0.03640813
v -0.07995379 0.05652914 0.06448694
v -0.55612165 0.06930849 -0.08398455
v -0.55612165 0.06930849 -0.08398455
v -0.55643976 0.06494677 -0.08270570
v -0.55591691 0.06530994 0.00761183
v -0.00854373 0.05941511 -0.00448794
v -0.01468861 0.05779589 -0.00192443
v -0.01529458 0.05591593 0.00091951
v -0.01468861 0.05779589 -0.00192443
v -0.01514661 0.05760786 0.00583621
v -0.06505191 0.06798783 -0.08358952
v -0.06526250 0.06777850 0.11254641
v -0.08995365 0.05858022 -0.08400819
v -0.11341892 0.07372668 -0.08406205
v -0.39104939 0.07584670 -0.08393543
v -0.51208282 0.07739457 -0.08404165
v -0.55451274 0.08357129 -0.08412869
v -0.00460824 0.06703800 -0.00401775
v -0.01340196 0.06120158 -0.00286356
v -0.06403542 0.07576844 -0.13034767
v -0.08009282 0.07878751 -0.06150643
v -0.08002800 0.07076266 0.01443734
v -0.55571389 0.07852444 0.05290490
v -0.55557030 0.07184732 0.09595405
v -0.55564940 0.08516973 0.09897756
v -0.01340196 0.06120158 -0.00286356
v -0.01456442 0.06237886 -0.00126899
v -0.01512274 0.06293786 0.00199481
v -0.01174963 0.06560144 0.00843909
v -0.01377895 0.06206996 0.00753807
v -0.01499662 0.06333253 0.00550830
v -0.03993270 0.08463556 -0.13323417
v -0.06335527 0.08042386 -0.13252068
v -0.06379405 0.08199096 -0.13244000
v -0.06379405 0.08199096 -0.13244000
v -0.06394608 0.06401393 -0.11427925
v -0.07990830 0.07306048 -0.07399834
v -0.08014801 0.07414070 -0.05098415
v -0.08012208 0.06874248 -0.01766396
v -0.08004026 0.07284832 0.00307014
v -0.08000758 0.06820381 0.04171797
v -0.55589247 0.07875344 0.02453884
v -0.55558455 0.07645842 0.07359799
v -0.01128158 0.06966481 -0.00414679
v -0.01318353 0.06677994 -0.00279702
v -0.01318353 0.06677994 -0.00279702
v -0.01444584 0.06686234 -0.00004906
v -0.01375583 0.06663787 0.00700458
v -0.06478332 0.07870600 -0.08846224
v -0.06497353 0.08139747 -0.08474912
v -0.06509107 0.09295362 0.10494589
v -0.06517738 0.09497371 0.12710240
v -0.08006167 0.07963726 0.07506909
v -0.08003622 0.07890797 0.09136727
v -0.24523976 0.07323357 -0.08397170
v -0.27737284 0.08224440 -0.08397146
v -0.34605384 0.07537869 -0.08393363
v -0.47152528 0.09069017 -0.08401211
v -0.49307102 0.08745801 -0.08402000
v -0.55645216 0.07203457 -0.07436965
v -0.55647540 0.09221360 -0.06694309
v -0.55617380 0.08246353 -0.03592644
v -0.55554628 0.07529145 0.08501702
v -0.00152642 0.06398046 0.00205006
v -0.00098217 0.07126486 0.00745036
v -0.00235894 0.07302922 -0.00360201
v -0.00852674 0.07377541 -0.00451852
v -0.01325491 0.07075974 -0.00282124
v -0.01325491 0.07075974 -0.00282124
v -0.01445460 0.07101202 0.00162932
v -0.01471403 0.06974104 0.00442740
v -0.01176497 0.07080540 0.00867521
v -0.01375583 0.06663787 0.00700458
v -0.01176497 0.07080540 0.00867521
v -0.01397344 0.07097152 0.00600310
v -0.04376036 0.08570200 -0.13302225
v -0.06403518 0.07770857 -0.11202393
v -0.06433852 0.09775427 -0.10201041
v -0.06534149 0.09082100 0.13143423
v -0.09458810 0.07567027 -0.08411217
v -0.07987475 0.07551453 -0.07183710
v -0.08030006 0.08429390 -0.03669218
v -0.08028221 0.08456814 -0.02678476
v -0.07995574 0.07776564 0.09807783
v -0.19148223 0.08143061 -0.08406240
v -0.21835354 0.08253026 -0.08404887
v -0.54154420 0.05751279 0.09204724
v -0.54163289 0.08495626 0.08882102
v -0.54160327 0.09554628 0.09308349
v -0.00093412 0.07516143 0.00234398
v -0.00067660 0.07791504 0.00417333
v -0.01168206 0.07405844 -0.00414325
v -0.01391199 0.07470495 -0.00279445
v -0.01391199 0.07470495 -0.00279445
v -0.01455793 0.07492906 0.00065546
v -0.01482469 0.07632715 -0.00213841
v -0.01385179 0.07465279 0.00624349
v -0.01184604 0.07468849 0.00885829
v -0.06409782 0.10155138 -0.11886900
v -0.06500514 0.08941174 0.10009360
v -0.06516913 0.10284498 0.09817167
v -0.08208534 0.08137333 -0.08421887
v -0.08008960 0.08700868 0.05880260
v -0.08007020 0.08818054 0.04059520
v -0.36800781 0.08651477 -0.08396023
v -0.54836178 0.10587829 -0.08407626
v -0.55608314 0.08428910 -0.01012520
v -0.00443396 0.08672553 -0.00462896
v -0.00375208 0.08052927 0.00883233
v -0.00407502 0.08208662 0.00927564
v -0.00860217 0.07791319 0.00954171
v -0.01275724 0.07983679 -0.00413386
v -0.01241264 0.08003023 0.01090472
v -0.01258156 0.07807386 0.00939526
v -0.01425585 0.07911271 -0.00356010
v -0.01482469 0.07632715 -0.00213841
v -0.01501200 0.07807839 -0.00250328
v -0.01424196 0.07833165 0.00582718
v -0.01459527 0.08007860 0.00416394
v -0.01258156 0.07807386 0.00939526
v -0.01424196 0.07833165 0.00582718
v -0.01258156 0.07807386 0.00939526
v -0.01516551 0.07954806 0.00688615
v -0.01501319 0.07994226 0.00952115
v -0.01449677 0.08064109 0.01091530
v -0.01449677 0.08064109 0.01091530
v -0.01501575 0.07820088 -0.00045098
v -0.01501200 0.07807839 -0.00250328
v -0.06512193 0.07999367 -0.08394351
v -0.06679878 0.08131126 -0.08412131
v -0.08022854 0.09399521 0.09631311
v -0.32861280 0.08877137 -0.08398814
v -0.54189253 0.06344301 -0.06547216
v -0.54217744 0.05803076 -0.06777600
v -0.54170579 0.09683743 -0.06672973
v -0.00083709 0.08273447 -0.00203560
v -0.00051931 0.08108538 0.00465672
v -0.00172517 0.08633193 -0.00396944
v -0.00031331 0.07941025 0.00817605
v -0.00014746 0.08288994 0.00839572
v -0.00844318 0.08647218 -0.00480179
v -0.01640549 0.08145845 -0.00301961
v -0.01521754 0.08281809 -0.00389377
v -0.01459527 0.08007860 0.00416394
v -0.01648611 0.08039895 0.00570621
v -0.01638034 0.08053881 0.00155102
v -0.01250434 0.08267885 0.01232567
v -0.01391017 0.08426949 0.01330792
v -0.01524773 0.08413795 0.01340555
v -0.01617795 0.08249348 0.01223492
v -0.01638034 0.08053881 0.00155102
v -0.01640549 0.08145845 -0.00301961
v -0.01640549 0.08145845 -0.00301961
v -0.01943037 0.08272088 -0.00214303
v -0.02058184 0.08232537 0.00117254
v -0.02034521 0.08158916 0.00586184
v -0.01697230 0.08062342 0.00958227
v -0.02030259 0.08147556 0.00968777
v -0.01617795 0.08249348 0.01223492
v -0.02024266 0.08301505 0.01236104
v -0.02400416 0.08394963 0.00126632
v -0.02451158 0.08318070 0.00574293
v -0.02571005 0.08344290 0.00991818
v -0.02324769 0.08340061 0.01214468
v -0.06497353 0.08139747 -0.08474912
v -0.06512193 0.07999367 -0.08394351
v -0.06546175 0.08871791 0.13322133
v -0.07218949 0.08754346 -0.08431598
v -0.08028454 0.08869144 -0.04727791
v -0.08018944 0.09013811 -0.00779621
v -0.24731600 0.09529942 -0.08402649
v -0.29756066 0.09776777 -0.08400292
v -0.54189265 0.09437683 -0.06860793
v -0.55635858 0.09788948 -0.08404139
v -0.55670196 0.09922057 -0.08276805
v -0.55635858 0.09788948 -0.08404139
v -0.55582774 0.09523976 0.05029293
v -0.55576098 0.10560420 0.09606158
v -0.00083399 0.08638787 -0.00210202
v -0.01247397 0.08655956 -0.00448696
v -0.01645368 0.08618271 -0.00409100
v -0.01779890 0.08426681 -0.00354222
v -0.01943037 0.08272088 -0.00214303
v -0.02053744 0.08480182 -0.00269861
v -0.02028778 0.08778039 -0.00390819
v -0.01674303 0.08628297 0.01330685
v -0.01820892 0.08843160 0.01339038
v -0.02250618 0.08845770 0.01422103
v -0.02022487 0.08590540 0.01363399
v -0.02251583 0.08892834 -0.00381247
v -0.02395546 0.08689263 -0.00258125
v -0.02200100 0.08320776 -0.00031827
v -0.02053744 0.08480182 -0.00269861
v -0.02395546 0.08689263 -0.00258125
v -0.02418935 0.08617604 0.01326369
v -0.02749625 0.08728281 -0.00195036
v -0.03189892 0.08832622 0.00034537
v -0.03028047 0.08610106 0.00557312
v -0.02958786 0.08562151 0.00991326
v -0.02418935 0.08617604 0.01326369
v -0.02927428 0.08717459 0.01250344
v -0.03340474 0.08729970 0.00702818
v -0.03297237 0.08759385 0.00986969
v -0.03240949 0.08801281 0.01188969
v -0.06410977 0.10247412 -0.12617886
v -0.06453198 0.09835047 -0.09735503
v -0.06476988 0.09864146 -0.09270068
v -0.06500134 0.08541277 -0.08492864
v -0.06500134 0.08541277 -0.08492864
v -0.06724443 0.08738568 -0.08424393
v -0.08019365 0.09809843 -0.06714211
v -0.08010949 0.09083131 0.00971364
v -0.14466381 0.09730276 -0.08408091
v -0.19215131 0.09800857 -0.08410452
v -0.41277260 0.10026190 -0.08397131
v -0.55643207 0.10898063 -0.05856023
v -0.00059676 0.08873087 -0.00100828
v -0.00142562 0.08905649 -0.00218246
v -0.00199342 0.08903590 -0.00389776
v -0.00651559 0.08938345 -0.00422318
v -0.01247621 0.08962333 -0.00408656
v -0.01642153 0.08982909 -0.00400174
v -0.02391219 0.09044462 -0.00345264
v -0.02749625 0.08728281 -0.00195036
v -0.02967104 0.09007812 -0.00275833
v -0.02515075 0.08915004 0.01444956
v -0.02406228 0.09041190 0.01438736
v -0.02873719 0.09169635 0.01537540
v -0.02896753 0.08961633 0.01414102
v -0.02967104 0.09007812 -0.00275833
v -0.03359899 0.09133303 -0.00278047
v -0.03429842 0.09050587 -0.00029410
v -0.03479338 0.08933342 0.00493502
v -0.03181335 0.09216294 0.01575398
v -0.03410700 0.09065214 0.01312666
v -0.03587747 0.09013402 0.00978770
v -0.03410700 0.09065214 0.01312666
v -0.03860754 0.09020445 0.00949582
v -0.03889522 0.09054101 0.01237612
v -0.06416708 0.09997466 -0.11101980
v -0.08115530 0.09370866 -0.08431704
v -0.08014840 0.09830043 -0.07176066
v -0.08022316 0.09882709 -0.07392130
v -0.08013773 0.10415402 0.04153966
v -0.10037820 0.09271416 -0.08422729
v -0.12525016 0.09787652 -0.08412019
v -0.55660939 0.10034528 -0.07941098
v -0.55621177 0.10974911 -0.03202067
v -0.55617404 0.10818163 -0.01567889
v -0.55612129 0.10960737 0.00782513
v -0.55571103 0.10634494 0.08441647
v -0.00109038 0.08933800 0.00587013
v -0.00438407 0.08962876 0.00598597
v -0.00220925 0.08955151 0.00803464
v -0.00438038 0.08909014 0.00838669
v -0.01654840 0.09105542 -0.00237966
v -0.02036583 0.09150270 -0.00344322
v -0.01884192 0.09178299 -0.00131623
v -0.02030921 0.09218898 -0.00189934
v -0.02036583 0.09150270 -0.00344322
v -0.02502349 0.09384692 -0.00196201
v -0.02502349 0.09384692 -0.00196201
v -0.02968788 0.09409329 -0.00286625
v -0.03359899 0.09133303 -0.00278047
v -0.03387466 0.09417662 -0.00297091
v -0.03632927 0.09432885 -0.00047884
v -0.03632927 0.09432885 -0.00047884
v -0.03727713 0.09260231 0.00422981
v -0.03870004 0.09420934 -0.00065572
v -0.03833327 0.09257501 0.00417408
v -0.03779444 0.09184346 0.00809225
v -0.03616625 0.09302384 0.01448073
v -0.03425425 0.09445381 0.01616874
v -0.03859466 0.09512722 0.01644932
v -0.03971371 0.09281281 0.01560622
v -0.03859466 0.09512722 0.01644932
v -0.03962567 0.09411421 0.01735302
v -0.05222000 0.10618958 -0.13276574
v -0.06374300 0.11754981 -0.13255247
v -0.08033742 0.10251939 -0.05773813
v -0.08029112 0.09842888 -0.01456252
v -0.08015886 0.10200366 0.09217229
v -0.08019309 0.10035664 0.09807443
v -0.44860137 0.09880424 -0.08403096
v -0.53658879 0.10073474 -0.08411828
v -0.02984443 0.09653148 -0.00174034
v -0.02984443 0.09653148 -0.00174034
v -0.02699554 0.09567696 -0.00095517
v -0.03351444 0.09700769 -0.00250397
v -0.03515220 0.09846646 0.00020044
v -0.03870004 0.09420934 -0.00065572
v -0.03840694 0.09836701 -0.00133920
v -0.04383722 0.11858919 -0.13299227
v -0.06401205 0.10440069 -0.13245717
v -0.06401205 0.10440069 -0.13245717
v -0.06421253 0.10330978 -0.13037032
v -0.06502922 0.10218316 -0.08492444
v -0.06502922 0.10218316 -0.08492444
v -0.06509599 0.10505769 0.11203118
v -0.07241628 0.13316357 -0.08437274
v -0.08039872 0.10205775 -0.03083054
v -0.08668840 0.10893854 -0.08434287
v -0.10886872 0.10514840 -0.08421455
v -0.22334585 0.10327521 -0.08410112
v -0.32160261 0.10886621 -0.08401982
v -0.37291723 0.10146061 -0.08400165
v -0.51253605 0.10919312 -0.08409805
v -0.55631709 0.12748221 -0.04379074
v -0.55599499 0.11615026 0.03554993
v -0.55578136 0.10682943 0.06860768
v -0.02375245 0.09479442 0.00491881
v -0.03045607 0.09855163 0.00508537
v -0.02890149 0.09861663 0.00919961
v -0.03344813 0.09965304 0.00278019
v -0.03554592 0.10170054 0.00470483
v -0.03515220 0.09846646 0.00020044
v -0.03840694 0.09836701 -0.00133920
v -0.03661841 0.10057580 0.00137248
v -0.03863028 0.10214761 -0.00024370
v -0.08036736 0.10559204 -0.04840163
v -0.08021091 0.11040780 -0.00106481
v -0.08015218 0.10833511 0.01390024
v -0.08015902 0.10869625 0.06666508
v -0.16665687 0.10798439 -0.08408927
v -0.43675527 0.11313143 -0.08401112
v -0.03824955 0.10325700 0.00317212
v -0.03902018 0.10563895 0.00482025
v -0.03758147 0.10409313 0.00660925
v -0.06420730 0.11750224 -0.10979424
v -0.06493573 0.12757173 0.10008010
v -0.06544864 0.11529189 0.13320920
v -0.08013745 0.12359416 0.07980641
v -0.24985892 0.11540684 -0.08404846
v -0.47725499 0.11856669 -0.08404601
v -0.03892753 0.10638613 0.00817978
v -0.03992668 0.10718104 0.00612583
v -0.03962135 0.10786578 0.00798064
v -0.03966808 0.10783255 0.00460606
v -0.03975144 0.11725366 -0.13318464
v -0.06469935 0.12462941 -0.09319059
v -0.06513770 0.12478697 0.12684351
v -0.06531325 0.11672845 0.13133577
v -0.07757188 0.13058200 -0.08434208
v -0.08042225 0.13689354 -0.03839115
v -0.08037522 0.11954069 -0.02363563
v -0.08015619 0.12101728 0.03623732
v -0.10145032 0.11789641 -0.08426761
v -0.12713683 0.11816818 -0.08411648
v -0.18375286 0.12457356 -0.08410070
v -0.21994530 0.12638989 -0.08410693
v -0.30843651 0.12333068 -0.08401876
v -0.36449790 0.11836082 -0.08400170
v -0.42262232 0.11821035 -0.08397729
v -0.52983505 0.12973991 -0.08411694
v -0.54108602 0.13536581 -0.08408924
v -0.54161572 0.13182017 0.09361341
v -0.55619645 0.12400663 -0.00256155
v -0.06722806 0.13454655 -0.08430327
v -0.08009967 0.14186403 -0.07174215
v -0.08015586 0.14007390 -0.06704143
v -0.08032453 0.12324739 -0.05789156
v -0.08019224 0.13014874 0.09599184
v -0.54196769 0.11757985 -0.07063062
v -0.54167032 0.13349858 -0.06731618
v -0.55469370 0.14408651 -0.08410387
v -0.55643392 0.14766824 -0.08403302
v -0.55643392 0.14766824 -0.08403302
v -0.55658877 0.13177654 -0.07014627
v -0.55594373 0.13256910 0.05528321
v -0.55577809 0.12509313 0.08887412
v -0.55587107 0.13208830 0.09895211
v -0.03945720 0.10969737 0.03444546
v -0.03962907 0.10430709 0.02287181
v -0.03947720 0.11271828 0.02146395
v -0.06412038 0.12658322 -0.11982349
v -0.06502716 0.13887224 0.11181601
v -0.06507751 0.14432350 0.12697199
v -0.08019632 0.14194688 -0.07396857
v -0.08015206 0.13196030 0.01566090
v -0.08018099 0.14311638 0.09808641
v -0.08612356 0.13124672 -0.08433890
v -0.14907351 0.12663570 -0.08407433
v -0.55673862 0.14184481 -0.08275562
v -0.55665946 0.14242986 -0.07888410
v -0.55644917 0.13974705 -0.05700035
v -0.05233230 0.12959081 -0.13280940
v -0.06414613 0.14188561 -0.12629423
v -0.06491102 0.14319003 -0.08781935
v -0.08038214 0.12907246 -0.04722384
v -0.51260096 0.12883499 -0.08408395
v -0.55583632 0.13323805 0.07732614
v -0.06414597 0.14448234 -0.13251939
v -0.06414597 0.14448234 -0.13251939
v -0.08029392 0.13608095 -0.01260702
v -0.08017258 0.13391379 0.00318136
v -0.08014569 0.13850781 0.05656382
v -0.33381143 0.14607283 -0.08401359
v -0.46469530 0.13080871 -0.08401380
v -0.06421730 0.14393020 -0.10957713
v -0.06505325 0.14779428 -0.08492102
v -0.06505325 0.14779428 -0.08492102
v -0.06496024 0.15155360 0.10414349
v -0.11020708 0.13423693 -0.08421866
v -0.13069659 0.14124677 -0.08412839
v -0.24126065 0.14264682 -0.08407485
v -0.27339646 0.13171658 -0.08402524
v -0.37786573 0.13555971 -0.08397724
v -0.41063184 0.14159685 -0.08396644
v -0.44246525 0.14112207 -0.08398167
v -0.51743662 0.10755980 -0.07346649
v -0.49982068 0.14049187 -0.07350246
v -0.51639223 0.14492777 -0.07352761
v -0.54183745 0.13393551 -0.07012314
v -0.55627847 0.14008021 -0.03400470
v -0.55623865 0.13595816 -0.01734204
v -0.55608153 0.13788518 0.02818450
v -0.06520480 0.14528692 0.13126758
v -0.06503513 0.11673504 0.13322112
v -0.06497894 0.14394745 0.13323006
v -0.55621076 0.13882795 -0.00066147
v -0.06423137 0.14510769 -0.13040030
v -0.06439789 0.14552125 -0.10039275
v -0.14044580 0.16056979 -0.08414239
v -0.15787777 0.14509687 -0.08410499
v -0.18184811 0.14282876 -0.08411784
v -0.27401724 0.14369479 -0.08404865
v -0.49688435 0.14726231 -0.08404290
v -0.55590367 0.14943001 0.07153254
v -0.55596119 0.16764492 0.09616505
v -0.04914889 0.15858433 -0.13298827
v -0.08038767 0.14875838 -0.05398551
v -0.08011737 0.14908478 0.08076286
v -0.09273577 0.16037425 -0.08439558
v -0.08210179 0.16152674 -0.08439805
v -0.12225595 0.16650319 -0.08423773
v -0.39784190 0.16016468 -0.08400013
v -0.54480255 0.15137523 -0.08405603
v -0.55625927 0.15505025 -0.02233530
v -0.06388144 0.14605522 -0.13269019
v -0.06476367 0.15807059 -0.09242790
v -0.06727879 0.15042707 -0.08420778
v -0.06511572 0.13965118 0.09813374
v -0.07254063 0.15015179 -0.08432578
v -0.08019483 0.15919831 0.00549098
v -0.29825228 0.15448192 -0.08404588
v -0.36279547 0.15722504 -0.08400045
v -0.54147243 0.13829011 0.09626278
v -0.54165339 0.14399537 0.09430539
v -0.54188490 0.14973059 -0.06902922
v -0.54167235 0.14947876 -0.06609309
v -0.06413725 0.15469167 -0.11978985
v -0.08049105 0.15307429 -0.03802521
v -0.08048391 0.15792963 -0.02988765
v -0.08030152 0.16085032 -0.00759128
v -0.08016446 0.15887919 0.03030732
v -0.17327774 0.16250566 -0.08415116
v -0.20747575 0.16580579 -0.08414946
v -0.53860503 0.17049119 -0.08408291
v -0.55667269 0.16411322 -0.07958928
v -0.55620146 0.16425362 0.00878745
v -0.55610657 0.15181321 0.02340569
v -0.55603349 0.15955761 0.04385828
v -0.55590057 0.16084823 0.08552232
v -0.06397673 0.17826343 -0.13285002
v -0.06486635 0.17481560 0.10009920
v -0.06500189 0.16974476 0.11598577
v -0.08030978 0.16799304 -0.07395358
v -0.08020435 0.16405281 -0.07166914
v -0.08048327 0.17056441 -0.05777947
v -0.08014454 0.17258254 0.09238898
v -0.26929793 0.16020074 -0.08408021
v -0.45266175 0.15934592 -0.08398343
v -0.54166913 0.16713095 0.09409299
v -0.55661595 0.16400596 -0.06821550
v -0.55636990 0.16947863 -0.04492722
v -0.55603623 0.16316354 0.09851726
v -0.55595529 0.17532071 0.09905722
v -0.04331088 0.18588564 -0.13316223
v -0.06424703 0.17782310 -0.13057303
v -0.08022343 0.17292893 0.09808024
v -0.50199527 0.17204195 -0.08406169
v -0.54148400 0.16273478 0.09622043
v -0.54765284 0.19194752 -0.08409313
v -0.55468476 0.17463526 -0.08415309
v -0.55649948 0.17390099 -0.05860225
v -0.06415311 0.17710468 -0.11035048
v -0.07211225 0.17077085 -0.08436989
v -0.08038262 0.17275155 -0.06523896
v -0.08048451 0.16821519 -0.02485660
v -0.08017540 0.16891077 0.05497067
v -0.24899825 0.17299691 -0.08410139
v -0.06415790 0.17499727 -0.12583655
v -0.06430949 0.17527571 -0.10087962
v -0.06504580 0.19073662 -0.08507565
v -0.08058387 0.17692399 -0.03734104
v -0.08019407 0.16958490 0.01878925
v -0.09946960 0.17552558 -0.08441452
v -0.28509656 0.17192003 -0.08406994
v -0.47577921 0.16763291 -0.08400587
v -0.54173517 0.17193043 -0.06697509
v -0.55627906 0.17706493 -0.00303612
v -0.55605447 0.17677507 0.05633812
v -0.06498367 0.18216079 0.13323000
v -0.49634349 0.16917443 -0.07353801
v -0.47996318 0.15369430 -0.07347295
v -0.47096324 0.17842466 -0.07347349
v -0.55598909 0.17773080 0.07551315
v -0.03986388 0.18790027 -0.13328448
v -0.06416523 0.18421844 -0.11295173
v -0.06723855 0.17865020 -0.08428506
v -0.06504580 0.19073662 -0.08507565
v -0.06501721 0.19227520 0.09814449
v -0.06501146 0.18615443 0.12661842
v -0.06512000 0.18077928 0.13124192
v -0.08028665 0.17715207 0.00217482
v -0.35983914 0.17631528 -0.08403397
v -0.54196101 0.18284151 -0.06912655
v -0.55654192 0.18888220 -0.08403451
v -0.55675912 0.18287390 -0.08272441
v -0.55654192 0.18888220 -0.08403451
v -0.55673409 0.19016975 -0.07584915
v -0.55632162 0.17596728 -0.03087453
v -0.55616599 0.17341435 0.02134290
v -0.55611765 0.18976623 0.09620150
v -0.06481591 0.18739587 -0.09241829
v -0.06495386 0.19479069 0.10536730
v -0.08040431 0.18223071 -0.07167426
v -0.08045772 0.17995992 -0.01575289
v -0.08026354 0.18318248 0.08246245
v -0.16733232 0.17925444 -0.08418640
v -0.24103421 0.17887869 -0.08413029
v -0.31092009 0.18030509 -0.08404752
v -0.42037117 0.17966339 -0.08402739
v -0.45604292 0.18074068 -0.08401693
v -0.52616304 0.18372080 -0.08410802
v -0.54151261 0.18497866 0.09814285
v -0.55601388 0.18182266 0.08195963
v -0.06397673 0.17826343 -0.13285002
v -0.06433596 0.19169492 -0.13267180
v -0.06430578 0.18340316 -0.10223738
v -0.07199733 0.18609339 -0.08449281
v -0.08353791 0.18232247 -0.08448649
v -0.08064942 0.19078913 -0.06742517
v -0.08067411 0.19219750 -0.05516902
v -0.08026174 0.18056893 0.02506002
v -0.08026439 0.18114236 0.05214595
v -0.08042051 0.19115344 0.09578335
v -0.08041477 0.19570082 0.09809681
v -0.11478990 0.18113396 -0.08432800
v -0.13429362 0.18117464 -0.08422048
v -0.21127333 0.18625501 -0.08424822
v -0.55622172 0.18460223 0.02469852
v -0.55631578 0.20626333 0.09866246
v -0.08049595 0.19081599 -0.07383386
v -0.08048753 0.19196886 -0.00117481
v -0.08045541 0.19182983 0.05956411
v -0.23941708 0.18812352 -0.08420434
v -0.27090332 0.18556249 -0.08411259
v -0.38221726 0.18774846 -0.08408371
v -0.48524898 0.18690941 -0.08408824
v -0.54179895 0.18740004 0.09624457
v -0.55646884 0.19430900 -0.05161760
v -0.55641365 0.18812242 -0.04327179
v -0.55636555 0.19150779 -0.01313026
v -0.55624479 0.20223284 0.09911712
v -0.05252078 0.21907493 -0.13329709
v -0.06456646 0.19798768 -0.09974857
v -0.06718364 0.19431630 -0.08457043
v -0.08942302 0.19484907 -0.08464665
v -0.08075453 0.19237924 -0.03854264
v -0.08060494 0.19211420 -0.01497997
v -0.08043401 0.19204247 0.03278919
v -0.13300586 0.19583178 -0.08435083
v -0.16371043 0.18956956 -0.08427841
v -0.25755426 0.19614461 -0.08420470
v -0.30780697 0.18960413 -0.08410985
v -0.45049584 0.18951330 -0.08407421
v -0.52468383 0.19567022 -0.08417650
v -0.54184783 0.19098380 -0.06538365
v -0.55484325 0.19477144 -0.08413858
v -0.06486891 0.20431978 0.10008162
v -0.08061071 0.19294026 -0.07182495
v -0.08082253 0.19218957 -0.07398695
v -0.08047278 0.19231808 0.08771222
v -0.33054632 0.19475594 -0.08415531
v -0.48784792 0.19613466 -0.08417103
v -0.54218012 0.19523516 -0.06790838
v -0.55638433 0.19653115 0.01030781
v -0.55623388 0.19498661 0.04323017
v -0.55612546 0.20098025 0.08591493
v -0.06447713 0.21876535 -0.13327527
v -0.06471714 0.20396721 -0.09430226
v -0.06481297 0.20470893 -0.08800090
v -0.07193856 0.19720942 -0.08472655
v -0.08117613 0.19730997 -0.07389731
v -0.08069772 0.19559851 -0.07182712
v -0.08078979 0.19536841 -0.05866847
v -0.08078367 0.19503593 -0.05401320
v -0.08166158 0.19603229 -0.05707137
v -0.08166158 0.19603229 -0.05707137
v -0.08078367 0.19503593 -0.05401320
v -0.08296569 0.19587624 -0.05441112
v -0.08288360 0.19573158 -0.04703558
v -0.08080424 0.19499254 -0.03371877
v -0.08080424 0.19499254 -0.03371877
v -0.08290492 0.19578317 -0.01792220
v -0.08070986 0.19504085 -0.00357343
v -0.08070986 0.19504085 -0.00357343
v -0.08292663 0.19585946 0.00562482
v -0.08065568 0.19507596 0.05114483
v -0.08065568 0.19507596 0.05114483
v -0.08283640 0.19587508 0.05060824
v -0.08064358 0.19512424 0.06662454
v -0.08086137 0.19594699 0.06407689
v -0.08064358 0.19512424 0.06662454
v -0.08273181 0.19592008 0.06703853
v -0.08064891 0.19518924 0.08767688
v -0.08064891 0.19518924 0.08767688
v -0.08272520 0.19599026 0.08740216
v -0.08063966 0.19538099 0.09613916
v -0.08063966 0.19538099 0.09613916
v -0.08276491 0.19625401 0.09593906
v -0.08041477 0.19570082 0.09809681
v -0.08321142 0.19637191 0.09810107
v -0.08593041 0.19587398 0.06923973
v -0.08735204 0.19587144 0.08661758
v -0.08718535 0.19598061 0.09615054
v -0.09685318 0.19589430 -0.05789564
v -0.09619743 0.19576165 -0.04064582
v -0.09405871 0.19584122 0.03256824
v -0.09359071 0.19579503 0.09154346
v -0.09897685 0.19557238 0.09626301
v -0.10568911 0.19557619 0.09122809
v -0.10269165 0.19567454 0.09808224
v -0.10481635 0.19577315 -0.01101092
v -0.10703143 0.19579241 0.01020523
v -0.10433485 0.19577444 0.03599914
v -0.10330653 0.19574693 0.06307825
v -0.10829988 0.19571185 -0.04778118
v -0.11202990 0.19566029 0.06750988
v -0.11575513 0.19556084 0.08277231
v -0.11100052 0.19581810 -0.06116325
v -0.11222336 0.19566587 -0.03366850
v -0.11308126 0.19571745 0.03940516
v -0.11001888 0.19571239 0.09810837
v -0.12226740 0.19575351 -0.00397197
v -0.11759466 0.19552130 0.08923148
v -0.11812630 0.19550338 0.09603845
v -0.12832636 0.19564745 -0.04679019
v -0.12822828 0.19569084 -0.02303276
v -0.12575410 0.19570348 0.03662904
v -0.11672425 0.19577467 0.09817144
v -0.12688084 0.19565156 0.06030800
v -0.14238781 0.19562843 -0.04018752
v -0.14285195 0.19576719 0.01929154
v -0.13189057 0.19573721 -0.05665312
v -0.14237371 0.19562787 0.07159715
v -0.14988628 0.19569442 0.05417319
v -0.14981982 0.19573319 -0.05540911
v -0.14761975 0.19570658 -0.02168856
v -0.16619828 0.19556847 0.09205969
v -0.15362394 0.19558653 0.08557203
v -0.15792616 0.19580039 0.00569015
v -0.17248183 0.19550937 0.09609570
v -0.17078596 0.19572669 0.09816136
v -0.11672425 0.19577467 0.09817144
v -0.13488331 0.19654062 0.09835728
v -0.16652292 0.19647485 0.09831845
v -0.17078596 0.19572669 0.09816136
v -0.17430589 0.19563270 -0.04712117
v -0.16352278 0.19578132 -0.00131048
v -0.16608039 0.19574550 0.02828320
v -0.17982510 0.19559786 -0.03691105
v -0.17496900 0.19568920 -0.01665414
v -0.18975478 0.19564506 0.06237610
v -0.17293069 0.19563273 0.07066792
v -0.22176406 0.19548538 -0.08436952
v -0.19247548 0.19574803 0.00802823
v -0.19245078 0.19566795 -0.05389843
v -0.20168668 0.19556665 0.08301219
v -0.18374047 0.19555464 0.08785000
v -0.20135388 0.19566637 0.04709949
v -0.19586593 0.19571474 0.02204560
v -0.20177084 0.19557747 -0.04125521
v -0.20173846 0.19565377 -0.01864813
v -0.21808334 0.19621238 0.09832989
v -0.22100163 0.19551867 0.09186053
v -0.21699154 0.19560233 0.07197668
v -0.22538966 0.19563913 0.09816997
v -0.22538966 0.19563913 0.09816997
v -0.21891937 0.19569680 0.02646818
v -0.22345570 0.19545072 0.09616663
v -0.21991959 0.19572905 -0.05862895
v -0.23310979 0.19568014 -0.05323569
v -0.21582295 0.19562101 -0.02855171
v -0.22544786 0.19576105 0.00585105
v -0.22533557 0.19560921 -0.04473285
v -0.25048149 0.19566682 -0.03815261
v -0.23236322 0.19571155 -0.01699338
v -0.22535363 0.19567433 0.04835876
v -0.23124436 0.19561553 0.08040317
v -0.24185249 0.19578055 0.01874395
v -0.26088709 0.19578734 0.04025217
v -0.23700242 0.19568196 0.06628373
v -0.24636216 0.19581029 0.00130265
v -0.24254411 0.19574419 0.05109879
v -0.25548089 0.19570321 0.09239148
v -0.24969566 0.19571343 0.07189330
v -0.25470114 0.19565323 0.09613692
v -0.24657708 0.19585487 0.09816407
v -0.24657708 0.19585487 0.09816407
v -0.25327605 0.19568300 0.08542278
v -0.25715646 0.19577327 -0.01580820
v -0.28315100 0.19573066 -0.05119894
v -0.26901227 0.19582742 0.01831325
v -0.26274750 0.19580057 0.05702906
v -0.26888624 0.19577584 -0.05707578
v -0.27867001 0.19583622 0.00342553
v -0.28325379 0.19576886 0.06959092
v -0.29313850 0.19575536 0.07656931
v -0.27925041 0.19577736 -0.01901595
v -0.27775297 0.19662526 0.09821867
v -0.31035393 0.19583985 0.06111889
v -0.28320849 0.19572112 0.08544018
v -0.29278284 0.19570985 -0.04279501
v -0.29378012 0.19585255 0.04049655
v -0.29509300 0.19594738 0.09813233
v -0.29509300 0.19594738 0.09813233
v -0.31189439 0.19573477 -0.02570293
v -0.30576894 0.19574100 0.09197482
v -0.32167104 0.19568899 -0.04180310
v -0.31299505 0.19583824 0.01622771
v -0.31291783 0.19584036 0.03075867
v -0.32155022 0.19569811 0.09610232
v -0.31956223 0.19577172 0.08544143
v -0.31965715 0.19577819 -0.05807991
v -0.33421201 0.19572097 -0.05283574
v -0.31534788 0.19580573 -0.00333277
v -0.33760494 0.19585803 0.00848367
v -0.33637452 0.19582185 0.07074823
v -0.33913085 0.19601056 0.09814429
v -0.33913085 0.19601056 0.09814429
v -0.32269019 0.19584581 0.04405039
v -0.32245058 0.19689161 0.09825286
v -0.34413281 0.19575068 -0.02204020
v -0.34585488 0.19577393 0.09199949
v -0.35732847 0.19584104 -0.00082979
v -0.33759177 0.19581828 0.03149470
v -0.34691116 0.19584465 0.02140101
v -0.36071020 0.19584247 0.04087492
v -0.36622119 0.19585818 0.05450394
v -0.34991816 0.19580692 0.08093902
v -0.36066714 0.19569179 -0.03551862
v -0.36653030 0.19575846 0.08771654
v -0.36684516 0.19568828 -0.04740456
v -0.37013996 0.19583532 0.06722607
v -0.37698686 0.19568685 0.09617891
v -0.38188630 0.19586000 0.09815531
v -0.37644112 0.19741330 -0.08418030
v -0.37676740 0.19575658 -0.05700047
v -0.39240423 0.19579259 -0.01433078
v -0.37531495 0.19586760 0.01080798
v -0.40076089 0.19575295 0.08544504
v -0.38188630 0.19586000 0.09815531
v -0.38375619 0.19585326 0.02493688
v -0.39294907 0.19573367 0.09187236
v -0.40295461 0.19576910 0.07653948
v -0.40412962 0.19570699 -0.04924760
v -0.40958983 0.19570419 -0.04006318
v -0.39397126 0.19585645 0.04063018
v -0.40191752 0.19581810 0.06120541
v -0.40380001 0.19585842 0.00616234
v -0.42204285 0.19581461 0.04586273
v -0.41439375 0.19583657 0.01859473
v -0.43228322 0.19592410 0.09814899
v -0.42209971 0.19567028 0.09613010
v -0.43049964 0.19742355 -0.08415290
v -0.41973218 0.19577104 -0.01573799
v -0.41822100 0.19574639 0.09196772
v -0.44396833 0.19564846 -0.03736184
v -0.44164592 0.19579437 0.00766089
v -0.44175842 0.19575769 0.06715139
v -0.44285294 0.19572762 0.08080830
v -0.43507192 0.19571069 -0.05697636
v -0.44002095 0.19565624 -0.04765347
v -0.44576031 0.19577631 0.02405485
v -0.45559043 0.19566587 0.08774676
v -0.45294774 0.19569877 -0.01656116
v -0.46582568 0.19564101 -0.05647228
v -0.46294755 0.19577691 0.04497292
v -0.47930980 0.19573480 0.06608244
v -0.46529111 0.19564328 0.09202405
v -0.47446227 0.19555330 0.09613689
v -0.47150618 0.19576612 0.01743843
v -0.47945616 0.19560197 -0.04604993
v -0.47494301 0.19575322 0.09818213
v -0.47685528 0.19579616 0.03389161
v -0.47568065 0.19569114 0.07836159
v -0.48305488 0.19570106 -0.00443111
v -0.48547471 0.19562021 -0.02755544
v -0.51764309 0.19565073 0.08799570
v -0.48690355 0.19578078 0.04869004
v -0.51842868 0.19564101 0.09193444
v -0.50610942 0.19576943 0.01326897
v -0.50465357 0.19578040 0.03365710
v -0.50260693 0.19570494 0.08193102
v -0.50078255 0.19567767 -0.00816707
v -0.49994129 0.19575796 0.05339193
v -0.51454288 0.19576046 0.09824055
v -0.47494301 0.19575322 0.09818213
v -0.52174038 0.19625014 0.09842595
v -0.51454288 0.19576046 0.09824055
v -0.50848442 0.19562057 -0.03956953
v -0.50403249 0.19563890 -0.02246676
v -0.49154553 0.19562274 -0.05047438
v -0.52466720 0.19563130 -0.04314814
v -0.51212353 0.19574505 0.06389096
v -0.51479578 0.19568744 -0.02031399
v -0.51958120 0.19581029 0.00567587
v -0.52667749 0.19559678 0.09606900
v -0.52462161 0.19577831 0.07843926
v -0.52568120 0.19576874 -0.01778308
v -0.52414250 0.19582421 0.02829053
v -0.52420175 0.19579607 0.05488556
v -0.53913724 0.19595510 0.09839284
v -0.53913724 0.19595510 0.09839284
v -0.52995628 0.19589803 0.00036510
v -0.53194833 0.19571319 -0.04440308
v -0.53191751 0.19590634 0.02373844
v -0.53413022 0.19596353 0.04122346
v -0.53717220 0.19597605 0.05863952
v -0.53495461 0.19590300 0.07531487
v -0.53962618 0.19583806 0.09034171
v -0.53900242 0.19649926 0.09869771
v -0.53748238 0.19592142 0.06904577
v -0.53952932 0.19574288 0.09597402
v -0.53960598 0.19603947 0.07106509
v -0.54174685 0.19506571 0.08861455
v -0.54164398 0.19527790 0.07049298
v -0.54193544 0.19492984 0.09840985
v -0.54193544 0.19492984 0.09840985
v -0.54308742 0.19559303 0.09882876
v -0.55672789 0.20428595 -0.06695826
v -0.04074678 0.22644928 -0.13360721
v -0.06446505 0.20055437 -0.11349147
v -0.06469093 0.22240570 -0.12467582
v -0.06496054 0.20269147 -0.08555909
v -0.06496054 0.20269147 -0.08555909
v -0.06489456 0.20553866 0.10586762
v -0.06487428 0.20851466 0.12518781
v -0.09230052 0.19959825 -0.08475424
v -0.08092037 0.19651717 -0.06663979
v -0.08117613 0.19730997 -0.07389731
v -0.08092037 0.19651717 -0.06663979
v -0.08644019 0.19666949 -0.07154999
v -0.08084826 0.19615939 -0.06046704
v -0.08081411 0.19591394 0.05325230
v -0.08086137 0.19594699 0.06407689
v -0.09704602 0.19646764 -0.07400025
v -0.08945109 0.19622970 -0.06786407
v -0.08084826 0.19615939 -0.06046704
v -0.08779347 0.19604814 -0.06300176
v -0.08081411 0.19591394 0.05325230
v -0.09406358 0.19636637 -0.07176066
v -0.10174516 0.19614634 -0.07135708
v -0.11066505 0.19615296 -0.07387615
v -0.11819723 0.19599006 -0.06800479
v -0.12044141 0.19596279 -0.07378275
v -0.12279324 0.19600564 -0.07183257
v -0.13320553 0.19582668 -0.06324432
v -0.13639683 0.20341739 -0.08453424
v -0.14230375 0.19584629 -0.07368676
v -0.15881842 0.19594944 -0.06758446
v -0.15706199 0.19595501 -0.07175241
v -0.16195895 0.19582805 -0.06369854
v -0.18007086 0.19936427 -0.08445615
v -0.18255031 0.19589329 -0.07370905
v -0.18470141 0.19578701 -0.06493644
v -0.19724563 0.19591498 -0.07373140
v -0.22861642 0.19576797 -0.06353254
v -0.22340208 0.19582906 -0.06766892
v -0.21971709 0.19581836 -0.07373772
v -0.22745948 0.19585183 -0.07203869
v -0.21579251 0.20349371 -0.08460610
v -0.23319307 0.20224422 -0.08451220
v -0.25569084 0.19574478 -0.07348142
v -0.25981641 0.20354092 -0.08434045
v -0.25868008 0.19589069 -0.07152993
v -0.27242082 0.19596210 -0.06780753
v -0.28761226 0.19586122 -0.06325258
v -0.29361355 0.19597378 -0.07167710
v -0.29715532 0.19584554 -0.07353682
v -0.29924497 0.19596359 -0.06784827
v -0.31590754 0.19931576 -0.08423346
v -0.32785797 0.19587970 -0.07167304
v -0.33976024 0.19576398 -0.07351071
v -0.34264961 0.19587383 -0.06771091
v -0.34901756 0.20234263 -0.08429501
v -0.37005776 0.19579956 -0.06360654
v -0.37660450 0.19588509 -0.07150880
v -0.37468266 0.19569227 -0.07340694
v -0.37877882 0.19593793 -0.06788782
v -0.41180435 0.19597951 -0.06800223
v -0.39715737 0.19570521 -0.07339571
v -0.41004735 0.19593000 -0.07158304
v -0.41292474 0.19583452 -0.06363875
v -0.41704556 0.19567612 -0.07338289
v -0.43965629 0.19574791 -0.06362040
v -0.46114928 0.19567734 -0.07159347
v -0.44172719 0.19582438 -0.06776897
v -0.45037931 0.19553658 -0.07344262
v -0.46902615 0.19577998 -0.06776417
v -0.47831982 0.20128402 -0.08424615
v -0.47371900 0.19548687 -0.07340980
v -0.47449064 0.19567981 -0.06350357
v -0.50582635 0.19584244 -0.07166094
v -0.50433278 0.19560844 -0.07354818
v -0.50709462 0.19593775 -0.06785462
v -0.50831366 0.19579524 -0.06356058
v -0.52227581 0.19578817 -0.07168479
v -0.52148932 0.19577670 -0.06333859
v -0.52206248 0.19564751 -0.07357303
v -0.52469230 0.19587821 -0.06750021
v -0.52423304 0.19565612 -0.05082748
v -0.53258491 0.19591126 -0.06429095
v -0.53423566 0.19613284 -0.07360605
v -0.53837746 0.19583228 -0.05809943
v -0.53376520 0.19590226 -0.01703162
v -0.53876817 0.19600216 0.00715291
v -0.53868663 0.19594216 0.02338233
v -0.54157758 0.19647017 -0.07354099
v -0.54166186 0.19593173 -0.06198562
v -0.54151839 0.19579935 -0.04825316
v -0.53907716 0.19601119 -0.01621256
v -0.54147834 0.19612756 0.04133522
v -0.55492759 0.20766628 -0.08434328
v -0.54141539 0.19613031 -0.01626635
v -0.54146171 0.19605154 0.01816519
v -0.54146749 0.19621292 0.06867921
v -0.55679852 0.20963663 -0.08419625
v -0.55704761 0.20970437 -0.08280326
v -0.55679852 0.20963663 -0.08419625
v -0.55687356 0.20329168 -0.07934979
v -0.55662179 0.20325974 -0.05579505
v -0.55649638 0.20379055 -0.02731461
v -0.55646145 0.20139745 -0.00258047
v -0.55634040 0.20241231 0.03909417
v -0.04420412 0.22001532 -0.13340399
v -0.06469540 0.22172171 -0.13287035
v -0.06465544 0.20820686 -0.09996106
v -0.06709287 0.20683980 -0.08543893
v -0.06496862 0.20733088 0.09820994
v -0.07571031 0.20308101 -0.08497375
v -0.09917934 0.20301619 -0.08483518
v -0.30302134 0.20343307 -0.08433051
v -0.40450132 0.20759916 -0.08430418
v -0.44100934 0.20332757 -0.08425147
v -0.50954741 0.20761928 -0.08431868
v -0.52511942 0.20595631 -0.08427405
v -0.55625999 0.20715714 0.06885838
v -0.55620569 0.20713574 0.09597065
v -0.06447713 0.21876535 -0.13327527
v -0.06466940 0.21577993 -0.11192001
v -0.06498066 0.20980459 -0.08568519
v -0.06498066 0.20980459 -0.08568519
v -0.07780582 0.20738640 -0.08519693
v -0.10413557 0.20740655 -0.08504484
v -0.13376498 0.20737225 -0.08473491
v -0.16947585 0.20739883 -0.08477824
v -0.22546431 0.20743749 -0.08482022
v -0.25710952 0.20750344 -0.08447953
v -0.31059280 0.20756570 -0.08447716
v -0.35607761 0.20753142 -0.08443803
v -0.44340357 0.20762298 -0.08436773
v -0.48053479 0.20765617 -0.08441155
v -0.54339349 0.20977974 -0.08439340
v -0.55699849 0.20977399 -0.07895590
v -0.55681002 0.20967677 -0.05535562
v -0.55664527 0.20964921 -0.02616883
v -0.55662501 0.20958698 0.00925525
v -0.55650342 0.20953161 0.03963011
v -0.55635309 0.20962653 0.09910231
v -0.06488413 0.21165395 -0.08672305
v -0.06710862 0.20914364 -0.08526573
v -0.06492846 0.21135947 0.09993770
v -0.06500030 0.20929104 0.09813952
v -0.06473161 0.22701749 0.11829587
v -0.06480044 0.23072487 0.13321030
v -0.07622547 0.20879921 -0.08507084
v -0.08404219 0.20879340 -0.08489019
v -0.09470749 0.20883414 -0.08490048
v -0.13099012 0.20890555 -0.08458719
v -0.17533843 0.20896745 -0.08467009
v -0.22857033 0.20908433 -0.08469114
v -0.25598794 0.20930645 -0.08436625
v -0.32148305 0.20930660 -0.08436926
v -0.37437111 0.20947263 -0.08431559
v -0.41637111 0.20947433 -0.08422329
v -0.47447324 0.20946214 -0.08434569
v -0.51052248 0.20978001 -0.08427184
v -0.55634058 0.20959684 0.07256313
v -0.03944284 0.22675952 -0.13357875
v -0.06500545 0.21167645 -0.01572473
v -0.06478105 0.20999563 -0.00470618
v -0.06498313 0.21279341 -0.00443868
v -0.06474356 0.21001300 0.03723802
v -0.06489560 0.21269503 0.03504389
v -0.06492426 0.21181166 0.05102908
v -0.06490406 0.20966381 0.05037021
v -0.06491654 0.21218196 -0.07494105
v -0.06496233 0.20962983 -0.06128893
v -0.06482300 0.21233159 -0.05609600
v -0.06506532 0.20971110 -0.01487163
v -0.06505916 0.20950264 0.05798479
v -0.06493887 0.21207076 0.07787531
v -0.06500505 0.20976326 0.09561064
v -0.06485160 0.22702792 0.13135061
v -0.51137924 0.20996401 -0.08418793
v -0.54142570 0.21000034 -0.08427326
v -0.54339349 0.20977974 -0.08439340
v -0.54319769 0.20992383 -0.08303203
v -0.54142570 0.21000034 -0.08427326
v -0.06479518 0.22057328 -0.09364999
v -0.06483090 0.21873006 -0.05980832
v -0.06500277 0.21731150 -0.01134936
v -0.06493694 0.21734655 0.05009832
v -0.06492147 0.21857640 0.09536400
v -0.06483914 0.22711578 -0.09207629
v -0.06479639 0.22735870 -0.06876529
v -0.06483647 0.22693095 -0.04268653
v -0.06490263 0.22757101 -0.00933746
v -0.06484774 0.22741938 0.03442540
v -0.06483923 0.22745728 0.05404412
v -0.06486796 0.22718665 0.08870598
v -0.04209682 0.23110625 -0.13355863
v -0.06450100 0.23066828 -0.13338476
v -0.06470272 0.22657299 -0.13289785
v -0.06450100 0.23066828 -0.13338476
v -0.03955606 0.23292226 -0.13349283
v -0.06498171 0.23152328 -0.13280332
v -0.06517014 0.23308024 -0.13326138
v -0.06485036 0.23125803 -0.12788117
v -0.06489395 0.23117995 -0.07719807
v -0.06495947 0.23131946 -0.01962424
v -0.06494386 0.23143059 0.03136220
v -0.06492396 0.23132598 0.05291142
v -0.06497300 0.23143086 0.08808207
v -0.06478988 0.23133358 0.11768221
v -0.06499341 0.23145980 0.13118932
v -0.06520173 0.23343086 0.13315979
v -0.06517014 0.23308024 -0.13326138
v -0.06466380 0.23316988 -0.13251197
v -0.06473087 0.23319966 -0.08932737
v -0.06453656 0.23313224 -0.06787620
v -0.06464495 0.23318228 -0.03334180
v -0.06475723 0.23328200 -0.01195914
v -0.06476007 0.23335248 0.04881113
v -0.06483129 0.23340347 0.08997732
v -0.06468810 0.23337662 0.11477997
v -0.06486942 0.23340809 0.13098258
v -0.04003775 -0.22919631 -0.13029295
v -0.04009786 -0.22941615 -0.09648841
v -0.04007271 -0.22910030 -0.07535250
v -0.04011816 -0.22970587 -0.05110345
v -0.03994811 -0.22906312 -0.01510579
v -0.03991348 -0.23235860 -0.00565482
v -0.03989467 -0.22956136 0.03963359
v -0.03982747 -0.23237619 0.04384830
v -0.03988484 -0.22982372 0.09794193
v -0.03984588 -0.23242655 0.09770375
v -0.03959948 -0.23248658 0.11926245
v -0.04095793 -0.22950128 0.13360721
v -0.06464516 -0.23346661 0.13320211
v -0.06521451 -0.22860403 0.13335556
v -0.06537464 -0.23187926 0.13311809
v -0.04034966 -0.23202485 -0.13278529
v -0.04020667 -0.21550715 -0.13256940
v -0.04013276 -0.21466343 -0.13036263
v -0.04009283 -0.22060491 -0.10578027
v -0.04010224 -0.21842773 -0.08115015
v -0.04005510 -0.22103968 -0.04424495
v -0.03997448 -0.21876214 0.01678606
v -0.03991532 -0.22307798 0.03562226
v -0.03985494 -0.22303835 0.05752473
v -0.03986898 -0.22301579 0.07789742
v -0.03954962 -0.22157538 0.12146755
v -0.03930348 -0.22374263 0.13141191
v -0.03916904 -0.23249882 0.13132513
v -0.03944901 -0.21965300 0.13329354
v -0.03922361 -0.23221958 0.13347954
v -0.03944901 -0.21965300 0.13329354
v -0.03985825 -0.22028489 0.13350525
v -0.05796133 -0.22501983 0.13349709
v -0.03983498 -0.22083223 0.10093033
v -0.04029617 -0.21617129 -0.13289431
v -0.04012191 -0.21051297 -0.07235897
v -0.04007354 -0.21094614 -0.04205672
v -0.03999546 -0.21219884 -0.00517962
v -0.03996345 -0.21080765 0.05655035
v -0.03999245 -0.20914948 0.08656581
v -0.03987092 -0.21074581 0.10287603
v -0.03962615 -0.21009105 0.11905979
v -0.03936133 -0.21261914 0.13123471
v -0.04014334 -0.21158265 -0.13255909
v -0.04014710 -0.21043852 -0.10016880
v -0.04080892 -0.20878489 0.13347730
v -0.04009119 -0.20064305 -0.06853578
v -0.04002425 -0.20367871 0.02260207
v -0.04011396 -0.19902231 -0.11981358
v -0.04008999 -0.19075303 -0.09038772
v -0.04003078 -0.19825643 -0.03431181
v -0.04001114 -0.19726573 0.03856220
v -0.03956029 -0.18980408 0.11549135
v -0.03925842 -0.19885866 0.13148299
v -0.04003605 -0.18906997 -0.13244522
v -0.03995278 -0.19615005 0.06659254
v -0.05172858 -0.19146332 0.13337687
v -0.04000747 -0.19346072 -0.01023338
v -0.03986010 -0.19378258 0.09266757
v -0.03971043 -0.18714228 0.10395109
v -0.03909492 -0.17422999 0.13337505
v -0.03909492 -0.17422999 0.13337505
v -0.04014724 -0.18232732 -0.13299313
v -0.04011145 -0.17531343 -0.12103719
v -0.04010552 -0.17524667 -0.10745608
v -0.03998998 -0.18490824 0.02240416
v -0.03994796 -0.18263863 0.04455783
v -0.03983769 -0.18246944 0.07506522
v -0.06519704 -0.15000299 0.13323918
v -0.03999665 -0.17440553 -0.05645750
v -0.03992370 -0.16534843 -0.03302411
v -0.03990725 -0.16823108 -0.01661501
v -0.03997436 -0.18096803 0.00194319
v -0.03970423 -0.17543358 0.09048750
v -0.03916281 -0.18184808 0.13087592
v -0.03946748 -0.16470887 0.10927888
v -0.04051563 -0.16220298 0.13338202
v -0.04006499 -0.16156602 -0.09238843
v -0.04000509 -0.16247346 -0.07073418
v -0.03979030 -0.16884559 0.06031575
v -0.03931478 -0.15902251 0.11686390
v -0.06514876 -0.17548558 0.09804409
v -0.06720154 -0.17784932 0.09799408
v -0.06520921 -0.17901589 0.09796741
v -0.09546578 -0.17788301 0.09787723
v -0.12264639 -0.17736459 0.09807398
v -0.11964816 -0.17796032 0.09799414
v -0.17516071 -0.17800945 0.09797924
v -0.21550947 -0.17734098 0.09806266
v -0.22011305 -0.17804340 0.09796750
v -0.25428537 -0.17840534 0.09799006
v -0.29457209 -0.17757170 0.09808867
v -0.43238488 -0.17758699 0.09827121
v -0.48334253 -0.17766467 0.09830477
v -0.53346854 -0.17886798 0.09836914
v -0.50719428 -0.17775309 0.09837460
v -0.53085643 -0.17773384 0.09841072
v -0.53934836 -0.17761889 0.09849416
v -0.55403161 -0.17901263 0.09857171
v -0.55502748 -0.17857037 0.09865733
v -0.04020795 -0.16018358 -0.13312313
v -0.03989151 -0.16442829 0.01178583
v -0.03984144 -0.15443049 0.03144946
v -0.03886601 -0.16146632 0.13323089
v -0.06740217 -0.17248887 0.09792133
v -0.08043453 -0.17420837 0.09789028
v -0.09468031 -0.17228396 0.09784659
v -0.17000179 -0.16454266 0.09805151
v -0.28503212 -0.17417860 0.09807449
v -0.37993252 -0.17154175 0.09810003
v -0.46486360 -0.17129244 0.09810399
v -0.55100936 -0.17090808 0.09861576
v -0.55473304 -0.16753291 0.09876164
v -0.04011163 -0.15885288 -0.13256013
v -0.04004231 -0.15347815 -0.08382424
v -0.08043340 -0.16508396 0.09793904
v -0.11386788 -0.16423681 0.09804922
v -0.13272172 -0.16441137 0.09806906
v -0.22165032 -0.16459313 0.09804382
v -0.29072571 -0.16477391 0.09806307
v -0.36611146 -0.16479030 0.09808128
v -0.42350155 -0.16472588 0.09809159
v -0.48297921 -0.16470760 0.09809845
v -0.52186257 -0.16882983 0.09816050
v -0.53477252 -0.16516078 0.09820836
v -0.52493799 -0.16471988 0.09812286
v -0.54316461 -0.16549402 0.09841495
v -0.03976527 -0.15643318 0.05551218
v -0.03962198 -0.16043641 0.08606862
v -0.06527659 -0.15737797 0.09802305
v -0.08285002 -0.16399124 -0.02207799
v -0.08063164 -0.16406085 0.00004964
v -0.08068603 -0.16401666 -0.03595678
v -0.08310448 -0.16408201 0.00775378
v -0.08300096 -0.16418691 0.03329357
v -0.08059323 -0.16417889 0.03304350
v -0.08060984 -0.16403005 0.06383928
v -0.08286206 -0.16408484 0.07018166
v -0.08059780 -0.16426221 0.07961544
v -0.08062403 -0.16421567 0.08706995
v -0.08404101 -0.16431193 0.09342205
v -0.08075865 -0.16455106 0.09593438
v -0.08380789 -0.16457233 0.09653514
v -0.08043340 -0.16508396 0.09793904
v -0.09550051 -0.16443169 -0.07388935
v -0.08943161 -0.16415657 -0.06736053
v -0.08806546 -0.16404301 -0.06195075
v -0.08796732 -0.16387354 -0.03914482
v -0.08983833 -0.16394000 -0.00384752
v -0.08912526 -0.16405737 0.03038936
v -0.08882388 -0.16395500 0.07183789
v -0.08835965 -0.16408195 0.08262976
v -0.08810544 -0.16409083 0.09073543
v -0.08827519 -0.16452336 0.09793862
v -0.08827519 -0.16452336 0.09793862
v -0.09646533 -0.16395845 0.07956170
v -0.09800957 -0.16411461 -0.06763662
v -0.09839371 -0.16398545 -0.06127713
v -0.09651904 -0.16384575 -0.03864429
v -0.09813625 -0.16389324 -0.01102988
v -0.09809209 -0.16399229 0.03195720
v -0.09873399 -0.16389984 0.07113897
v -0.09780553 -0.16416977 0.09796192
v -0.10656084 -0.16437012 -0.07185743
v -0.11155461 -0.16442823 -0.07384140
v -0.11163777 -0.16405655 -0.04763565
v -0.11041933 -0.16398765 -0.02841488
v -0.11789145 -0.16411439 -0.00855447
v -0.11475813 -0.16413598 0.01467856
v -0.12003194 -0.16418213 0.05553892
v -0.12466398 -0.16425329 0.02762630
v -0.13299516 -0.16424523 -0.03516451
v -0.13370888 -0.16438636 -0.06125984
v -0.13200916 -0.16465089 -0.07177711
v -0.13382107 -0.16444509 -0.06506113
v -0.13125525 -0.16460137 -0.07379685
v -0.13333443 -0.16428454 -0.00752772
v -0.13164842 -0.16430146 0.04887231
v -0.13830641 -0.16430549 0.06469347
v -0.14186692 -0.16431876 -0.01170567
v -0.14057600 -0.16435173 0.01179975
v -0.14282176 -0.16435720 0.02952635
v -0.15065944 -0.16428280 -0.03075228
v -0.16067491 -0.16437103 0.03799316
v -0.15764494 -0.16462269 -0.07182831
v -0.18403745 -0.16457276 -0.07381094
v -0.16635489 -0.16430974 -0.02048341
v -0.15628597 -0.16437566 0.00031390
v -0.17251404 -0.16435628 0.05974614
v -0.17675415 -0.16443537 -0.06307159
v -0.17548552 -0.16439630 0.00980135
v -0.17398301 -0.16432129 -0.04497055
v -0.17477968 -0.16464776 -0.07171411
v -0.19667777 -0.16437738 -0.00818635
v -0.19280466 -0.16428757 -0.03133575
v -0.19341619 -0.16442634 0.03445768
v -0.19299114 -0.16436867 -0.05572990
v -0.20543031 -0.16432741 -0.02215800
v -0.20590059 -0.16442677 0.01072987
v -0.21270937 -0.16438544 -0.06578205
v -0.21434566 -0.16433823 -0.04694245
v -0.21084528 -0.16443263 0.05649831
v -0.21622065 -0.16455686 -0.07176209
v -0.22547606 -0.16449162 -0.07379163
v -0.21928528 -0.16433614 -0.02536575
v -0.22134903 -0.16448909 0.02139362
v -0.22049314 -0.16444829 -0.00087715
v -0.24390072 -0.16445887 -0.05234150
v -0.23111218 -0.16436978 -0.03432343
v -0.25433171 -0.16454853 -0.06406567
v -0.23633848 -0.16451046 -0.01294915
v -0.23335567 -0.16457380 0.02720483
v -0.24341068 -0.16462500 0.04355165
v -0.25110510 -0.16453585 -0.02291153
v -0.25219822 -0.16473061 -0.07167310
v -0.24226323 -0.16461244 0.00204309
v -0.23396963 -0.16451207 0.06484913
v -0.25324148 -0.16470474 0.01839416
v -0.25633645 -0.16467004 -0.07364071
v -0.25747171 -0.16451657 -0.03879259
v -0.25451705 -0.16461600 0.06631639
v -0.25903252 -0.16469178 -0.00397525
v -0.26030973 -0.16472439 0.03704163
v -0.26881188 -0.16454723 -0.05421112
v -0.27408275 -0.16476619 0.01441272
v -0.27237329 -0.16471763 0.05406576
v -0.29656991 -0.16480841 -0.07175196
v -0.28167039 -0.16458051 -0.03221200
v -0.27218565 -0.16467614 -0.01436598
v -0.28183186 -0.16474338 -0.00263432
v -0.28235182 -0.16478659 0.03661569
v -0.27508619 -0.16456452 -0.03827143
v -0.29530880 -0.16463043 -0.02261344
v -0.30733529 -0.16460642 -0.06374029
v -0.29684323 -0.16456987 -0.05395911
v -0.29273504 -0.16471729 -0.01091424
v -0.31387061 -0.16466404 -0.07366065
v -0.30404657 -0.16479552 0.00987523
v -0.30206496 -0.16482247 0.03013029
v -0.32002258 -0.16457039 -0.03555829
v -0.31975919 -0.16473821 0.06225254
v -0.33028686 -0.16456968 -0.05128393
v -0.32747677 -0.16465956 -0.02139483
v -0.32558584 -0.16475947 -0.00769422
v -0.31748536 -0.16481107 0.04424416
v -0.33348766 -0.16487838 0.03197553
v -0.35710645 -0.16483399 -0.00388683
v -0.34933993 -0.16488293 0.01938485
v -0.34622276 -0.16461395 -0.07362650
v -0.34172231 -0.16480017 0.05419966
v -0.34694195 -0.16478199 -0.07165156
v -0.34545738 -0.16460125 -0.06339122
v -0.34614176 -0.16457507 -0.04115886
v -0.35688069 -0.16486254 0.04273220
v -0.35198042 -0.16462620 -0.02932242
v -0.35974374 -0.16475363 -0.01670057
v -0.37638590 -0.16490461 -0.07156635
v -0.36524230 -0.16468762 -0.05358265
v -0.36146963 -0.16463971 -0.03818721
v -0.39386022 -0.16479520 -0.07351778
v -0.36935097 -0.16477238 0.06733762
v -0.35508990 -0.16471681 0.07678171
v -0.37199593 -0.16472481 -0.02660087
v -0.38225296 -0.16475603 -0.04028884
v -0.37210864 -0.16488786 0.00617536
v -0.38842136 -0.16492517 0.02972939
v -0.38188377 -0.16484506 0.05498936
v -0.38864076 -0.16489604 0.01067957
v -0.39111438 -0.16484085 -0.06376866
v -0.39276171 -0.16482526 -0.01646147
v -0.39105397 -0.16489546 0.04098465
v -0.40021792 -0.16481933 -0.05012790
v -0.41324663 -0.16476610 -0.03418855
v -0.40577078 -0.16493686 -0.07166681
v -0.41003644 -0.16487393 0.04674729
v -0.42059344 -0.16478133 -0.02344758
v -0.41388568 -0.16486159 -0.00296203
v -0.41748410 -0.16481930 -0.05805463
v -0.41289178 -0.16491532 0.01869874
v -0.43816224 -0.16479079 -0.06362686
v -0.42811409 -0.16489777 0.03621992
v -0.43639046 -0.16476998 -0.05326346
v -0.42880362 -0.16479179 0.06339397
v -0.44174275 -0.16480017 -0.01747946
v -0.43889916 -0.16469286 -0.07348702
v -0.43553692 -0.16488665 -0.07156453
v -0.44036645 -0.16485871 0.00076457
v -0.44636932 -0.16490313 0.02214100
v -0.45235327 -0.16474666 -0.04494561
v -0.45531559 -0.16474554 -0.03195513
v -0.47366238 -0.16475827 -0.07158030
v -0.46808350 -0.16479361 -0.06778938
v -0.45187357 -0.16489542 0.04522797
v -0.46404949 -0.16490313 0.02771523
v -0.46439850 -0.16478758 -0.02013940
v -0.47380361 -0.16487752 0.01251318
v -0.47545645 -0.16489272 0.04623159
v -0.48164883 -0.16451678 -0.07350118
v -0.47891909 -0.16478653 -0.05580310
v -0.48152977 -0.16478120 -0.06358937
v -0.47602671 -0.16476233 -0.03634832
v -0.49042812 -0.16481699 -0.01541991
v -0.49641922 -0.16491188 0.02774098
v -0.51773876 -0.16492712 -0.06780121
v -0.49651125 -0.16480853 -0.03828792
v -0.51149130 -0.16486931 -0.07167099
v -0.51220721 -0.16487902 -0.06386859
v -0.51061803 -0.16486160 -0.01171083
v -0.51137173 -0.16492270 0.05699786
v -0.51851851 -0.16470389 -0.07339666
v -0.51335651 -0.16486329 -0.03429458
v -0.51499212 -0.16492960 0.07757052
v -0.51815790 -0.16492240 0.02171048
v -0.52171481 -0.16494152 0.04437842
v -0.53088540 -0.16498844 0.07951840
v -0.52249491 -0.16485806 0.09091016
v -0.52729261 -0.16484170 -0.01296315
v -0.52715129 -0.16483203 -0.06364477
v -0.53820622 -0.16479586 -0.07157982
v -0.52820003 -0.16487518 0.01430266
v -0.52995169 -0.16483977 -0.03298745
v -0.53027916 -0.16492194 0.04853754
v -0.54155767 -0.16452576 -0.07345325
v -0.54173660 -0.16477808 -0.06754769
v -0.53411055 -0.16472788 -0.06205074
v -0.53508425 -0.16476318 -0.02330510
v -0.53503609 -0.16477156 0.01593991
v -0.53486973 -0.16486961 0.05437960
v -0.53523642 -0.16496293 0.07909065
v -0.54155964 -0.16478549 0.09005951
v -0.53941822 -0.16471563 -0.06084908
v -0.53943956 -0.16475089 -0.02206180
v -0.53914726 -0.16480884 0.03566136
v -0.53961253 -0.16500296 0.07888647
v -0.54164326 -0.16486247 0.09603333
v -0.54187518 -0.16501139 0.09821963
v -0.54187518 -0.16501139 0.09821963
v -0.54269552 -0.16458160 -0.07043017
v -0.54181314 -0.16462551 -0.05943967
v -0.54178256 -0.16463780 -0.03562699
v -0.54156494 -0.16466199 -0.00749487
v -0.54152757 -0.16465373 0.02931207
v -0.54152870 -0.16483413 0.06014141
v -0.54161024 -0.16493517 0.07905709
v -0.54224825 -0.16454151 -0.06181688
v -0.04013935 -0.14874126 -0.11997028
v -0.03989741 -0.14056271 -0.04042778
v -0.07429335 -0.14515527 0.09793129
v -0.08074178 -0.16452031 -0.07389150
v -0.08016880 -0.16166484 0.09795811
v -0.08290064 -0.16274127 -0.07416800
v -0.09872884 -0.16273375 -0.07409335
v -0.09550051 -0.16443169 -0.07388935
v -0.08074178 -0.16452031 -0.07389150
v -0.09503204 -0.16398726 0.09545925
v -0.09780553 -0.16416977 0.09796192
v -0.10119177 -0.16397503 0.09549522
v -0.11155461 -0.16442823 -0.07384140
v -0.11803788 -0.16413903 0.07836848
v -0.11578758 -0.16277504 -0.07396979
v -0.11386788 -0.16423681 0.09804922
v -0.13308056 -0.16435766 0.09617361
v -0.13447934 -0.16273580 -0.07392383
v -0.13125525 -0.16460137 -0.07379685
v -0.13272172 -0.16441137 0.09806906
v -0.13276154 -0.16429020 0.08201440
v -0.15458989 -0.16433348 0.07533502
v -0.15819645 -0.16275832 -0.07395429
v -0.18403745 -0.16457276 -0.07381094
v -0.17255808 -0.16448186 0.09614464
v -0.17000179 -0.16454266 0.09805151
v -0.19120313 -0.16437139 0.07107761
v -0.17684087 -0.16441980 0.08370581
v -0.19581871 -0.16445069 0.08249965
v -0.22145852 -0.16451792 0.09620827
v -0.19598508 -0.16252433 -0.07398859
v -0.22165032 -0.16459313 0.09804382
v -0.21569133 -0.16445601 0.08119857
v -0.22547606 -0.16449162 -0.07379163
v -0.22332093 -0.16273592 -0.07392044
v -0.24432378 -0.16453640 0.07641294
v -0.23545894 -0.16455741 0.08884796
v -0.25179014 -0.16237809 -0.07371590
v -0.25406623 -0.16468376 0.09613990
v -0.25633645 -0.16467004 -0.07364071
v -0.29072571 -0.16477391 0.09806307
v -0.27059501 -0.16473179 0.09576856
v -0.31495401 -0.16204917 -0.07372037
v -0.30038154 -0.16468824 0.08357408
v -0.31387061 -0.16466404 -0.07366065
v -0.29807132 -0.16470893 0.09608196
v -0.32572725 -0.16468209 0.08122059
v -0.32872304 -0.16283453 -0.07370917
v -0.34468311 -0.16474141 0.09196635
v -0.34622276 -0.16461395 -0.07362650
v -0.36882311 -0.16474345 0.09619867
v -0.36611146 -0.16479030 0.09808128
v -0.39386022 -0.16479520 -0.07351778
v -0.38509482 -0.16186877 -0.07358126
v -0.38915628 -0.16478333 0.09193253
v -0.42350155 -0.16472588 0.09809159
v -0.41168851 -0.16476190 0.08638074
v -0.41151503 -0.16472153 0.09561219
v -0.43104255 -0.16283210 -0.07356105
v -0.42393532 -0.16467319 0.09601291
v -0.43889916 -0.16469286 -0.07348702
v -0.47204837 -0.16473158 0.09191390
v -0.47669488 -0.16465600 0.09612482
v -0.48164883 -0.16451678 -0.07350118
v -0.48297921 -0.16470760 0.09809845
v -0.52377248 -0.16472912 0.09602907
v -0.52493799 -0.16471988 0.09812286
v -0.53355485 -0.16478576 0.09812530
v -0.54260075 -0.16096145 -0.07352973
v -0.54246563 -0.16362159 -0.07306532
v -0.54155767 -0.16452576 -0.07345325
v -0.54155767 -0.16452576 -0.07345325
v -0.54246563 -0.16362159 -0.07306532
v -0.54269552 -0.16458160 -0.07043017
v -0.54271585 -0.16250749 -0.07167775
v -0.54260075 -0.16096145 -0.07352973
v -0.54213834 -0.16281386 -0.03451145
v -0.54178256 -0.16463780 -0.03562699
v -0.54156494 -0.16466199 -0.00749487
v -0.54184127 -0.16284305 -0.00492466
v -0.54179049 -0.16288176 0.02209985
v -0.54152757 -0.16465373 0.02931207
v -0.54190874 -0.16279246 0.03916373
v -0.54181790 -0.16301179 0.06640961
v -0.54152870 -0.16483413 0.06014141
v -0.54185754 -0.16301295 0.07662534
v -0.54161024 -0.16493517 0.07905709
v -0.54176164 -0.16293994 0.08716207
v -0.54155964 -0.16478549 0.09005951
v -0.54199904 -0.16290516 0.09592547
v -0.54164326 -0.16486247 0.09603333
v -0.54252571 -0.16291052 0.09825294
v -0.54187518 -0.16501139 0.09821963
v -0.54252571 -0.16291052 0.09825294
v -0.54256451 -0.16148145 -0.06802542
v -0.55136085 -0.15613845 0.09875610
v -0.03978533 -0.13128300 -0.01759819
v -0.03980199 -0.13946708 -0.00158248
v -0.03978556 -0.14711738 0.04516866
v -0.03949147 -0.13169058 0.08602946
v -0.03939322 -0.13238788 0.10532995
v -0.03888315 -0.14911048 0.13122305
v -0.08004524 -0.16184911 -0.07384399
v -0.08054583 -0.15858462 -0.07412613
v -0.23477915 -0.15017435 -0.07383061
v -0.29597038 -0.15458184 -0.07370169
v -0.46192071 -0.15743284 -0.07355870
v -0.50421417 -0.15403783 -0.07348875
v -0.51851851 -0.16470389 -0.07339666
v -0.54243433 -0.14824075 -0.07349280
v -0.54209244 -0.15859754 -0.05395723
v -0.54204762 -0.15899220 -0.02868444
v -0.54188526 -0.15879327 0.03943651
v -0.54183823 -0.15597451 0.08603578
v -0.54201055 -0.15926380 0.09606301
v -0.54252809 -0.15867501 0.09828081
v -0.54252809 -0.15867501 0.09828081
v -0.54357421 -0.15802966 0.09849646
v -0.55394447 -0.15013312 0.09890797
v -0.04007354 -0.13938099 -0.10341439
v -0.03999212 -0.13633326 -0.07697410
v -0.03992945 -0.12109259 -0.06033490
v -0.08013983 -0.14733447 -0.07393790
v -0.07968497 -0.14457659 0.09797006
v -0.08051328 -0.13941310 -0.07417694
v -0.21598837 -0.15077098 -0.07393227
v -0.32319099 -0.14865299 -0.07369111
v -0.36392301 -0.14958817 -0.07362545
v -0.38869432 -0.14279433 -0.07356504
v -0.41541696 -0.15056734 -0.07358900
v -0.52006900 -0.15139450 -0.07344455
v -0.54219913 -0.15128377 -0.06004027
v -0.54206949 -0.14788255 -0.04863150
v -0.54187453 -0.14914089 -0.00556470
v -0.54183549 -0.14985688 0.08226319
v -0.54185104 -0.15222217 0.09136327
v -0.54213703 -0.15391135 0.09832921
v -0.03958973 -0.13838445 0.07309075
v -0.18176332 -0.14513531 -0.07395182
v -0.27181965 -0.14240010 -0.07369450
v -0.44589728 -0.13494605 -0.07358421
v -0.48685557 -0.14569862 -0.07351879
v -0.52944702 -0.13209422 -0.07349239
v -0.54203463 -0.14788406 -0.03022099
v -0.54189962 -0.15030172 0.03745069
v -0.54179740 -0.14458354 0.06413444
v -0.54243433 -0.14824075 -0.07349280
v -0.54249257 -0.14638859 -0.07165367
v -0.55465233 -0.12446412 0.09883683
v -0.03966287 -0.13092366 0.04899495
v -0.09871478 -0.14243114 -0.07406373
v -0.12192617 -0.14429346 -0.07394419
v -0.14728361 -0.14119123 -0.07394550
v -0.25079274 -0.13874479 -0.07373340
v -0.40972409 -0.14038415 -0.07356519
v -0.51627678 -0.12910527 -0.07347737
v -0.53962821 -0.13994963 -0.07346884
v -0.54181200 -0.14172463 0.02225860
v -0.54180723 -0.14295357 0.04605552
v -0.04009885 -0.11307590 -0.13272044
v -0.04013756 -0.11534615 -0.11995118
v -0.03971455 -0.12823816 0.02435573
v -0.03927535 -0.11456649 0.11266177
v -0.03920853 -0.12449701 0.11899074
v -0.06538153 -0.11955497 0.09802898
v -0.29493338 -0.13081156 -0.07371933
v -0.35701889 -0.12794782 -0.07364792
v -0.54195982 -0.14001615 -0.03292064
v -0.54188168 -0.14201657 -0.01063288
v -0.54685557 -0.11802605 0.09863519
v -0.04005155 -0.11552263 -0.09614754
v -0.03905740 -0.13669126 0.12513641
v -0.03892791 -0.10197400 0.13322455
v -0.03892791 -0.10197400 0.13322455
v -0.03886601 -0.16146632 0.13323089
v -0.07982537 -0.12811044 -0.07397491
v -0.09785344 -0.12799214 -0.07411230
v -0.11524816 -0.12799472 -0.07404403
v -0.21008815 -0.12740818 -0.07399968
v -0.22721249 -0.13196528 -0.07391045
v -0.32288048 -0.12553482 -0.07371721
v -0.50303698 -0.11966440 -0.07353035
v -0.54151040 -0.15213718 0.09817307
v -0.54173899 -0.11832758 0.09835955
v -0.54174995 -0.13140789 0.00531884
v -0.55388582 -0.11798602 0.09889802
v -0.04015574 -0.10597189 -0.13313285
v -0.03983915 -0.11544430 -0.03760529
v -0.03935668 -0.11343986 0.09930994
v -0.12981445 -0.11954196 -0.07408146
v -0.18735847 -0.12532367 -0.07402680
v -0.25553659 -0.12225854 -0.07376588
v -0.27310345 -0.11954901 -0.07374576
v -0.38330427 -0.11339619 -0.07360346
v -0.54187292 -0.13212577 -0.03515712
v -0.54169577 -0.13210836 0.04272746
v -0.54157698 -0.13143124 0.09195959
v -0.54234141 -0.10143682 -0.07364187
v -0.54247737 -0.12921260 -0.07173390
v -0.03889614 -0.11632439 0.13125551
v -0.04406342 -0.07817477 0.13330391
v -0.06560947 -0.10468291 0.13324246
v -0.06559272 -0.14796627 0.13322368
v -0.15275039 -0.12336680 -0.07406429
v -0.40424812 -0.11606216 -0.07358829
v -0.42409125 -0.10444637 -0.07362787
v -0.54165053 -0.12274776 0.07077488
v -0.54160130 -0.11602586 0.08505442
v -0.03957304 -0.11506323 0.05170419
v -0.06779309 -0.11643770 0.09793779
v -0.23599911 -0.11458507 -0.07393534
v -0.54202712 -0.12155867 -0.06538076
v -0.54187298 -0.11594657 -0.05056439
v -0.54182029 -0.11422855 -0.04069573
v -0.54180312 -0.11712272 -0.02540002
v -0.54176891 -0.12424669 -0.01366732
v -0.54173410 -0.11587897 0.00756147
v -0.54166901 -0.12343520 0.03943136
v -0.54229856 -0.12066544 -0.06776489
v -0.03996009 -0.08928074 -0.07604329
v -0.07973014 -0.10069144 0.09800740
v -0.08042304 -0.11001857 -0.07424439
v -0.28961354 -0.09940892 -0.07377324
v -0.53959173 -0.10514797 -0.07356895
v -0.54234141 -0.10143682 -0.07364187
v -0.54126692 -0.09695189 0.09603750
v -0.03906760 -0.11254552 0.12512681
v -0.16596568 -0.11325273 -0.07413159
v -0.22264965 -0.10896528 -0.07406003
v -0.31359008 -0.10408264 -0.07376430
v -0.54146755 -0.10219362 0.09172257
v -0.54136479 -0.10518071 0.09823828
v -0.54136479 -0.10518071 0.09823828
v -0.54175776 -0.10052612 -0.00894574
v -0.54168195 -0.11016320 0.03728303
v -0.03966370 -0.10871787 0.01224544
v -0.03920576 -0.08967996 0.13334972
v -0.07990010 -0.10113473 -0.07402197
v -0.10360736 -0.10824621 -0.07421456
v -0.19428022 -0.10410334 -0.07412354
v -0.24517284 -0.09845610 -0.07390217
v -0.54178679 -0.09886102 -0.03236536
v -0.54242301 -0.09818459 -0.07178504
v -0.04007781 -0.06065793 -0.13260815
v -0.11726768 -0.09647280 -0.07421777
v -0.17022717 -0.10002574 -0.07419074
v -0.21501574 -0.10030878 -0.07411910
v -0.32518336 -0.08433351 -0.07376523
v -0.35557038 -0.08820635 -0.07370935
v -0.52160740 -0.10702509 -0.07353858
v -0.53076065 -0.08476378 -0.07358149
v -0.03972602 -0.09290695 -0.02383790
v -0.03957832 -0.09766492 0.03379216
v -0.03940398 -0.09652287 0.07487913
v -0.03898856 -0.08870675 0.13058454
v -0.06768414 -0.09697509 0.09800114
v -0.08050252 -0.08866896 -0.07432098
v -0.22539464 -0.08658621 -0.07410771
v -0.54163074 -0.09378281 0.09845465
v -0.54160368 -0.09722438 0.06264871
v -0.04007217 -0.07937118 -0.10742889
v -0.03967941 -0.08661404 0.01325386
v -0.03947261 -0.09431460 0.05106737
v -0.03930774 -0.08166745 0.08961128
v -0.03915486 -0.09012704 0.12097739
v -0.05314668 -0.08042061 0.13329726
v -0.10566460 -0.09817396 -0.07426403
v -0.14213815 -0.09368765 -0.07421011
v -0.49748471 -0.09390426 -0.07361171
v -0.51326770 -0.08932449 -0.07358388
v -0.54179800 -0.09472609 -0.04554791
v -0.54175162 -0.08823487 0.00571796
v -0.54167783 -0.09259290 0.03207435
v -0.54648215 -0.08913508 0.09873479
v -0.55411494 -0.08386961 0.09903749
v -0.55488515 -0.08235522 0.09897550
v -0.04000100 -0.06835946 -0.09108622
v -0.03985310 -0.06877741 -0.05596016
v -0.03972626 -0.09045830 -0.00029243
v -0.03942385 -0.08735435 0.05926272
v -0.03923607 -0.08020708 0.10695966
v -0.06530616 -0.08387241 0.09808015
v -0.25748563 -0.07028107 -0.07384402
v -0.26916701 -0.07664865 -0.07380662
v -0.37961382 -0.07399388 -0.07365686
v -0.03953084 -0.08043821 0.03693595
v -0.06558941 -0.08377853 0.13324317
v -0.16087452 -0.08177179 -0.07424317
v -0.54159021 -0.08462347 0.06575605
v -0.07985565 -0.05993913 -0.07406167
v -0.18528011 -0.08204374 -0.07420609
v -0.29633287 -0.07279655 -0.07378773
v -0.40068889 -0.07146308 -0.07364015
v -0.43432301 -0.07944968 -0.07366217
v -0.54179865 -0.07641287 -0.02368072
v -0.04017097 -0.06895947 -0.13313505
v -0.04008731 -0.05190590 -0.11523304
v -0.03970465 -0.08355710 -0.01125727
v -0.03974307 -0.07773861 0.01569843
v -0.03967163 -0.07844827 0.02322342
v -0.07973765 -0.07293636 0.09802958
v -0.10351649 -0.07685241 -0.07430784
v -0.11349909 -0.06738491 -0.07427121
v -0.23191288 -0.07659355 -0.07407141
v -0.03963163 -0.07656386 -0.00135229
v -0.03957459 -0.07876611 0.00878372
v -0.03937343 -0.06416254 0.06673946
v -0.03914139 -0.07129228 0.11890434
v -0.07982220 -0.03816047 0.09803923
v -0.21722355 -0.07314484 -0.07418082
v -0.24453384 -0.06177881 -0.07394914
v -0.47215369 -0.06380695 -0.07364170
v -0.49691427 -0.05906586 -0.07360322
v -0.54181951 -0.06839257 -0.04253448
v -0.54167616 -0.07612005 0.03134259
v -0.54239684 -0.06835960 -0.07176379
v -0.03973755 -0.03556791 -0.04531241
v -0.03969559 -0.06857660 -0.02478797
v -0.03936788 -0.06380077 0.05369612
v -0.03889218 -0.06293611 0.13319609
v -0.03889218 -0.06293611 0.13319609
v -0.03966060 -0.07813457 0.01137754
v -0.14519845 -0.06914534 -0.07424174
v -0.54138076 -0.05769574 0.09824320
v -0.54138076 -0.05769574 0.09824320
v -0.54165822 -0.05973664 0.06546312
v -0.03959215 -0.06479312 -0.01003376
v -0.03918642 -0.07564051 0.01021888
v -0.03901896 -0.06117715 0.12650010
v -0.03905216 -0.05746284 0.13333619
v -0.03966159 -0.07482013 0.01953884
v -0.03976926 -0.07455172 0.02216312
v -0.03952050 -0.07243679 0.03514563
v -0.19449113 -0.06519215 -0.07420603
v -0.54232925 -0.06126590 -0.07369772
v -0.54181582 -0.05934877 -0.00564084
v -0.54445398 -0.06071870 0.09862917
v -0.54232925 -0.06126590 -0.07369772
v -0.55411661 -0.05123989 0.09900897
v -0.03953680 -0.06897974 -0.00467057
v -0.03832182 -0.07406732 0.00880482
v -0.03933054 -0.06403548 0.07890656
v -0.36906564 -0.06115755 -0.07369042
v -0.51933599 -0.05628362 -0.07359073
v -0.53954828 -0.05752192 -0.07362444
v -0.54163325 -0.06940404 0.04850801
v -0.03304991 -0.06814110 0.01348179
v -0.03520980 -0.06823689 0.01520272
v -0.03829983 -0.06866547 0.01821732
v -0.03829983 -0.06866547 0.01821732
v -0.03962100 -0.05083033 -0.01948059
v -0.03886476 -0.06877936 -0.00025163
v -0.03844294 -0.06994329 0.00233599
v -0.03856853 -0.07111602 0.01975536
v -0.03929126 -0.06862819 0.01980972
v -0.03929156 -0.07245842 0.01986774
v -0.03929126 -0.06862819 0.01980972
v -0.03943050 -0.05865250 0.03461611
v -0.03970781 -0.06691599 0.02172136
v -0.06535393 -0.05826550 0.09807961
v -0.08044235 -0.05829905 -0.07434941
v -0.16565281 -0.06216457 -0.07424278
v -0.23115511 -0.05293360 -0.07405911
v -0.34770238 -0.05838923 -0.07373805
v -0.43974903 -0.06003457 -0.07366190
v -0.53321648 -0.05052513 -0.07358775
v -0.54130876 -0.05485803 0.09589659
v -0.54180771 -0.05486285 0.01005300
v -0.54212469 -0.05607885 -0.06777445
v -0.03524718 -0.06463067 0.01645609
v -0.03843221 -0.06448652 0.01695549
v -0.04005703 -0.03868101 -0.10490418
v -0.03960571 -0.02660703 -0.02886108
v -0.03937942 -0.06047359 -0.00492025
v -0.03852475 -0.06442024 -0.00100753
v -0.03843221 -0.06448652 0.01695549
v -0.03924945 -0.04899054 0.08412393
v -0.03911433 -0.05344212 0.10939410
v -0.14297634 -0.05615010 -0.07421050
v -0.22019544 -0.05345086 -0.07413063
v -0.30788842 -0.05411148 -0.07378802
v -0.54179049 -0.04776246 0.02492621
v -0.54173392 -0.04789976 0.04559716
v -0.02533764 -0.06077684 0.01454418
v -0.03013933 -0.06159281 0.01531162
v -0.03005341 -0.05965158 0.01436540
v -0.02397737 -0.05931404 0.01434606
v -0.03398389 -0.06171719 -0.00209562
v -0.03523883 -0.06184663 0.01575588
v -0.03564879 -0.05930979 0.01354187
v -0.03864473 -0.05999897 -0.00033189
v -0.03828236 -0.05831557 0.00478082
v -0.03820792 -0.05771584 0.00987803
v -0.03862539 -0.05931778 0.01366990
v -0.03854528 -0.06159612 0.01580732
v -0.03862539 -0.05931778 0.01366990
v -0.03864473 -0.05999897 -0.00033189
v -0.03854528 -0.06159612 0.01580732
v -0.03944683 -0.06067034 0.01727208
v -0.03943667 -0.05937664 0.01509430
v -0.03862539 -0.05931778 0.01366990
v -0.03947014 -0.06013703 0.02558266
v -0.06564082 -0.05638751 0.13325235
v -0.54188168 -0.04023008 -0.03083799
v -0.54166484 -0.02692723 0.08240061
v -0.00112450 -0.05706703 0.00596514
v -0.00066876 -0.05511723 0.00883105
v -0.00084913 -0.05678795 0.00865429
v -0.00066876 -0.05511723 0.00883105
v -0.00201178 -0.05593115 0.00966489
v -0.00232217 -0.05554723 -0.00391216
v -0.00186849 -0.05603920 -0.00194515
v -0.00248083 -0.05740834 -0.00362457
v -0.00863966 -0.05656702 0.01204061
v -0.00980097 -0.05584862 0.01297104
v -0.02495050 -0.05753171 -0.00204269
v -0.03118196 -0.05515378 0.00553273
v -0.03094169 -0.05520393 0.00999858
v -0.02756989 -0.05437345 0.00999578
v -0.03040558 -0.05746396 0.01298650
v -0.03040558 -0.05746396 0.01298650
v -0.03448206 -0.05764927 0.01253485
v -0.04004177 -0.04327526 -0.12525597
v -0.03960112 -0.05418576 -0.00994325
v -0.03941882 -0.05066484 -0.00103173
v -0.03932431 -0.05592157 -0.00028075
v -0.03904423 -0.05580166 0.00494521
v -0.03828236 -0.05831557 0.00478082
v -0.03905550 -0.05570748 0.01049524
v -0.03820792 -0.05771584 0.00987803
v -0.03926903 -0.05180780 0.00912177
v -0.03928670 -0.04349421 0.06152629
v -0.03857246 -0.03247487 0.13326240
v -0.09635077 -0.04466234 -0.07430015
v -0.11875527 -0.04018752 -0.07417441
v -0.17762400 -0.04943515 -0.07417405
v -0.31868908 -0.04221739 -0.07376204
v -0.38745296 -0.04644416 -0.07361934
v -0.54161471 -0.03158685 0.09850361
v -0.00171077 -0.05302284 0.00935354
v -0.00186858 -0.05175919 -0.00190822
v -0.00465524 -0.05331470 0.01033025
v -0.00838202 -0.05339947 0.01179739
v -0.00957111 -0.05465950 0.01304864
v -0.01240540 -0.05264732 0.01215103
v -0.01738694 -0.05135588 0.00099193
v -0.02092722 -0.05166232 0.00584593
v -0.02083370 -0.05161105 0.00978755
v -0.02059111 -0.05375744 0.01224785
v -0.02059111 -0.05375744 0.01224785
v -0.02366838 -0.05423833 0.01209878
v -0.03994438 -0.02811320 -0.07960889
v -0.03952888 -0.04538448 -0.01339368
v -0.03930026 -0.05161768 0.00503930
v -0.03892866 -0.04384356 0.12094676
v -0.04831246 -0.02134533 0.13328522
v -0.22077939 -0.03287603 -0.07403914
v -0.36401081 -0.04103919 -0.07366637
v -0.41559261 -0.04401821 -0.07362024
v -0.44152260 -0.04391259 -0.07363097
v -0.47487828 -0.04262407 -0.07361016
v -0.54171610 -0.03456753 0.06934261
v -0.54241347 -0.03423708 -0.07167483
v -0.55106521 -0.03804692 0.09889808
v -0.00132382 -0.04715560 0.00783085
v -0.00085482 -0.05010360 0.00837278
v -0.00085482 -0.05010360 0.00837278
v -0.00246170 -0.04866851 -0.00363929
v -0.00158164 -0.04797314 0.00212493
v -0.00458038 -0.05075967 0.00900876
v -0.00453866 -0.04843229 0.00855928
v -0.00195169 -0.04756654 0.00812715
v -0.00849652 -0.05032503 0.00991728
v -0.00844485 -0.04814687 0.00901397
v -0.01240376 -0.05019536 0.01044532
v -0.01243186 -0.04808098 0.00930496
v -0.03997377 -0.03873130 -0.13317814
v -0.03872949 -0.03116086 0.12543082
v -0.06517938 -0.04678948 -0.08341420
v -0.06740716 -0.02132327 0.09808212
v -0.08054520 -0.03846608 -0.07429237
v -0.13197140 -0.03683640 -0.07411496
v -0.26858267 -0.03414215 -0.07381374
v -0.29034290 -0.03055212 -0.07377390
v -0.54190516 -0.03680238 -0.04708091
v -0.54198396 -0.03156760 -0.06377725
v -0.00132382 -0.04715560 0.00783085
v -0.01236358 -0.04495798 0.00893547
v -0.01484036 -0.04510478 0.00842091
v -0.04005456 -0.01381987 -0.11785368
v -0.03922439 -0.02885028 0.06695082
v -0.03903994 -0.03502494 0.10365703
v -0.03858110 -0.03320901 0.13130656
v -0.03857246 -0.03247487 0.13326240
v -0.03922576 -0.04186913 0.01121720
v -0.08000906 -0.03025174 -0.07403821
v -0.09636855 -0.02615296 -0.07427172
v -0.24035585 -0.02217483 -0.07392315
v -0.53936994 -0.02674004 -0.07356796
v -0.54190171 -0.03217846 -0.00807498
v -0.54640472 -0.03024478 0.09876003
v -0.54233086 -0.03209188 -0.07363556
v -0.54222250 -0.03523180 -0.06754047
v -0.55496800 -0.02473418 0.09899505
v -0.00165570 -0.03747367 0.00717523
v -0.00214055 -0.03838402 0.00756564
v -0.00180170 -0.03480790 0.00207039
v -0.00165570 -0.03747367 0.00717523
v -0.00464779 -0.03453856 0.00798097
v -0.00852346 -0.03995764 0.00872683
v -0.03948617 -0.02657109 -0.01476861
v -0.06515323 -0.02909419 -0.08376525
v -0.16844241 -0.03165108 -0.07407568
v -0.33133408 -0.03170806 -0.07371811
v -0.47426218 -0.02974367 -0.07357044
v -0.54188609 -0.02865907 0.01856529
v -0.01246211 -0.03527701 0.00851961
v -0.01456752 -0.03334324 0.00818806
v -0.03935996 -0.03130933 -0.00172231
v -0.03929144 -0.02858024 0.01372024
v -0.03921834 -0.03002125 0.05312004
v -0.03916469 -0.02766811 0.08085170
v -0.03849921 -0.00965778 0.13324872
v -0.41289288 -0.03212872 -0.07357196
v -0.52316380 -0.02315008 -0.07356606
v -0.54233086 -0.03209188 -0.07363556
v -0.00221357 -0.02614694 0.00720199
v -0.00179800 -0.02577318 0.00683831
v -0.00852326 -0.03017239 0.00829618
v -0.03972879 0.00567842 -0.05234156
v -0.34779179 -0.02508191 -0.07366318
v -0.38213781 -0.02910190 -0.07356913
v -0.00179800 -0.02577318 0.00683831
v -0.01245663 -0.02545896 0.00828915
v -0.03895107 -0.01123717 0.10159429
v -0.06556664 -0.02843174 0.13323042
v -0.13077408 -0.01186029 -0.07407168
v -0.15788484 -0.01845373 -0.07405356
v -0.54130864 0.00648711 0.09831526
v -0.54130864 0.00648711 0.09831526
v -0.54189599 -0.01154208 -0.03861389
v -0.54181260 -0.02363065 0.04866337
v -0.00225741 -0.01154443 -0.00193337
v -0.00187105 -0.02084559 0.00195842
v -0.00454703 -0.01942344 0.00766092
v -0.00840911 -0.02040280 0.00811853
v -0.01447374 -0.02105067 0.00814112
v -0.03992009 0.00123126 -0.13277957
v -0.03935128 -0.00832755 0.00221743
v -0.03924850 -0.01530346 0.04047125
v -0.11498356 -0.00462556 -0.07415453
v -0.19908592 -0.00884613 -0.07401256
v -0.25598794 0.01568731 -0.07385228
v -0.27805343 -0.00482639 -0.07378165
v -0.36329961 -0.01352733 -0.07361356
v -0.39060169 -0.00703516 -0.07352493
v -0.49011856 -0.01310220 -0.07354987
v -0.54155135 0.01297394 0.09180581
v -0.03997234 0.01390477 -0.13318411
v -0.03928992 -0.00404311 0.02272626
v -0.03922227 -0.00599348 0.05629667
v -0.03914031 -0.01162488 0.07707094
v -0.03903133 -0.01469844 0.09651389
v -0.03883475 -0.01058587 0.11192050
v -0.03858575 -0.00870283 0.12677369
v -0.03848353 -0.00927564 0.13139126
v -0.03849921 -0.00965778 0.13324872
v -0.06527051 0.00578694 0.09810924
v -0.08050245 -0.00337135 -0.07435215
v -0.32730901 -0.00321367 -0.07369313
v -0.42200074 -0.01322367 -0.07354803
v -0.46004748 -0.00060863 -0.07352570
v -0.54191577 -0.00903743 -0.02558438
v -0.54192567 0.00080696 -0.01037315
v -0.54194438 -0.00273494 0.00610199
v -0.54189909 -0.01069148 0.02322312
v -0.54182333 -0.00514257 0.04891714
v -0.54173219 -0.01395756 0.07276513
v -0.54219931 0.00320697 -0.06786037
v -0.55415130 0.00393002 0.09905126
v -0.00170815 0.00744884 0.00667282
v -0.00218686 0.00017086 0.00705563
v -0.03923285 -0.00934612 0.06600501
v -0.07999246 0.00363827 0.09806295
v -0.10118112 -0.00435358 -0.07425544
v -0.50573176 0.00074658 -0.07356159
v -0.54155809 0.00654209 0.09854370
v -0.54228830 0.00231336 -0.07369161
v -0.00254673 0.01356998 -0.00354923
v -0.01239565 -0.00510521 0.00833078
v -0.04003537 0.00692645 -0.10513809
v -0.03947482 0.01486315 -0.01897574
v -0.03901228 -0.01075579 0.08906647
v -0.40690917 0.00748822 -0.07350335
v -0.54236954 0.00090215 -0.07176349
v -0.00177935 0.00788369 0.00188407
v -0.00850612 -0.00496982 0.00814422
v -0.01454723 -0.00211048 0.00817987
v -0.03986806 0.00744766 -0.07099042
v -0.03904831 -0.00390912 0.08016922
v -0.03905883 -0.00461554 0.08519530
v -0.03910524 -0.00724709 0.08999094
v -0.03919578 -0.00724133 0.09734287
v -0.03903323 -0.00705178 0.10185906
v -0.03890952 -0.00396795 0.10918077
v -0.15212983 0.00505892 -0.07404665
v -0.00460818 -0.00182739 0.00763350
v -0.03998673 0.02149693 -0.12417933
v -0.03990731 0.02810881 -0.08145290
v -0.03958127 0.00317452 -0.03557131
v -0.03920487 0.00587908 0.04387166
v -0.03905782 -0.00448145 0.10433134
v -0.06748830 0.02302915 0.09807327
v -0.37603861 0.00468797 -0.07353661
v -0.54134154 0.01589378 0.09613966
v -0.54189885 0.01968229 -0.05345533
v -0.54673123 0.00673087 0.09880542
v -0.03917143 0.02168149 0.05220135
v -0.03925949 0.00775209 0.07382699
v -0.03793466 -0.00211510 0.09293311
v -0.03873828 -0.00022733 0.11315214
v -0.03851864 0.00412511 0.12045794
v -0.03903404 -0.00094351 0.08125480
v -0.03888094 -0.00044959 0.10982918
v -0.07984661 0.05338708 0.09806295
v -0.09416842 0.01373089 -0.07428373
v -0.19024645 0.00762535 -0.07401741
v -0.23704569 0.02364847 -0.07393611
v -0.31472042 0.01864729 -0.07369719
v -0.47441754 0.01743088 -0.07350961
v -0.55536294 0.02924449 0.09907451
v -0.00840700 0.00953086 0.00797700
v -0.01242277 0.01175677 0.00815099
v -0.03925979 0.00319164 0.07771414
v -0.03886172 0.00394462 0.11273115
v -0.05252875 0.02295930 0.13325632
v -0.06567800 0.06390536 0.13323110
v -0.06502198 0.01845009 -0.08360990
v -0.13272198 0.02860394 -0.07407261
v -0.22073634 0.02473984 -0.07399610
v -0.44597107 0.02808950 -0.07350142
v -0.54228830 0.00231336 -0.07369161
v -0.54189336 0.01305709 0.03161796
v -0.54176855 0.01332643 0.07030570
v -0.54171854 0.01778326 0.08249780
v -0.54156512 0.01717428 0.09218683
v -0.00213462 0.01452905 -0.00194509
v -0.00451535 0.01525449 0.00753360
v -0.03936949 0.02254719 -0.00354318
v -0.03922215 0.02070454 0.06425267
v -0.03816628 0.00675629 0.08468198
v -0.03787345 0.00503599 0.10743346
v -0.03845906 0.00603670 0.11138146
v -0.03843167 0.01155158 0.12293010
v -0.03836882 0.01504615 0.13320407
v -0.03932828 0.00859918 0.07733800
v -0.03880084 0.01242130 0.11716064
v -0.06571063 0.02878562 0.13322321
v -0.36007112 0.02049628 -0.07356999
v -0.53953177 0.02257240 -0.07360003
v -0.54186487 0.02213940 -0.04243688
v -0.54188526 0.02526632 -0.02885870
v -0.01437691 0.01522218 0.00809514
v -0.03996044 0.02205381 -0.13257548
v -0.03928539 0.02431339 0.01087108
v -0.03802392 0.01537301 0.10309886
v -0.03795055 0.01182758 0.11049222
v -0.03885639 0.01044980 0.11282819
v -0.06501481 0.00980656 0.09809127
v -0.06528203 0.01455877 0.09810200
v -0.07987748 0.02672154 -0.07401750
v -0.11939044 0.02344618 -0.07412428
v -0.54227161 0.02679322 -0.06759555
v -0.00179905 0.02236757 0.00196468
v -0.03998619 0.03901327 -0.11520255
v -0.03957251 0.03372527 -0.03506062
v -0.03795496 0.01948226 0.10760578
v -0.03797734 0.01743043 0.10984393
v -0.03850466 0.01472527 0.11089136
v -0.03897038 0.01646209 0.11262291
v -0.08053254 0.02585584 -0.07429943
v -0.17762151 0.02573148 -0.07404260
v -0.54192984 0.02249074 -0.00895590
v -0.00164077 0.03866539 0.00678565
v -0.00213301 0.04217184 0.00712710
v -0.00852808 0.02718166 0.00808897
v -0.03925368 0.03100720 0.02632975
v -0.03920785 0.02380473 0.03896090
v -0.03786564 0.02209270 0.10577642
v -0.03867191 0.01829765 0.11010843
v -0.03838426 0.02010247 0.10859378
v -0.03856811 0.01827556 0.11897998
v -0.10978831 0.04490182 -0.07419799
v -0.38735992 0.03019196 -0.07345650
v -0.41370922 0.02550492 -0.07347123
v -0.54193723 0.02761671 0.01106431
v -0.54510468 0.03275472 0.09888615
v -0.54248333 0.03330624 -0.07174460
v -0.03993741 0.03959516 -0.09549103
v -0.03854376 0.02443421 0.08983161
v -0.03794828 0.02375013 0.09766095
v -0.03821716 0.02519513 0.09521579
v -0.03843036 0.02476752 0.09932791
v -0.03923059 0.02562246 0.09937160
v -0.03880692 0.02243826 0.10646891
v -0.03859341 0.03614602 0.12752458
v -0.03849465 0.03657121 0.13121960
v -0.03931934 0.02204189 0.08162575
v -0.03899407 0.02184537 0.10969373
v -0.03869045 0.02312225 0.11458047
v -0.54188287 0.02637414 0.03897496
v -0.54166150 0.03483069 0.08733275
v -0.03969908 0.04915589 -0.05135880
v -0.03916943 0.03838703 0.06378015
v -0.03850898 0.03827796 0.13318375
v -0.03850898 0.03827796 0.13318375
v -0.03836882 0.01504615 0.13320407
v -0.03962681 0.02540562 0.08604499
v -0.03904158 0.02594138 0.09495919
v -0.03939623 0.02496112 0.10297646
v -0.03889373 0.02528668 0.10950678
v -0.29133222 0.03769195 -0.07374654
v -0.46226922 0.05337182 -0.07349250
v -0.54152060 0.03912604 0.09870505
v -0.54178214 0.04025570 0.06953045
v -0.55425930 0.03814072 0.09913915
v -0.00248805 0.03825182 -0.00359950
v -0.00208896 0.03897813 -0.00190464
v -0.00451699 0.04433462 0.00758757
v -0.03998923 0.04243553 -0.13314161
v -0.03991008 0.05459226 -0.13268164
v -0.03880960 0.04632432 0.11813306
v -0.04013154 0.09019819 0.13322163
v -0.03944182 0.02837628 0.08958360
v -0.03939253 0.02796337 0.09823369
v -0.03898290 0.02864936 0.10540497
v -0.32144070 0.03723929 -0.07367454
v -0.54188919 0.04662407 -0.01021449
v -0.54242396 0.03472606 -0.07366852
v -0.03928104 0.04301796 0.01226931
v -0.08040424 0.05759108 -0.07432929
v -0.09323156 0.04801074 -0.07428990
v -0.15114197 0.04788253 -0.07405434
v -0.19273125 0.04020515 -0.07402674
v -0.34227496 0.05065975 -0.07359818
v -0.36530739 0.05224920 -0.07351343
v -0.53898984 0.06241927 -0.07356254
v -0.54187495 0.05213312 0.02281331
v -0.54182684 0.05303589 0.04167607
v -0.54171777 0.06378332 0.08246153
v -0.00846779 0.04886607 0.00811671
v -0.03952703 0.05603063 -0.02658144
v -0.03940186 0.04754171 -0.00787608
v -0.03916952 0.05094770 0.04924559
v -0.06504191 0.04543549 -0.08363614
v -0.07976171 0.04285697 -0.07402823
v -0.22078130 0.05047003 -0.07398493
v -0.24302323 0.05033520 -0.07390175
v -0.41981080 0.04771129 -0.07345817
v -0.54182178 0.05229643 -0.03499464
v -0.01418427 0.04315451 0.00801902
v -0.29281747 0.05784062 -0.07372282
v -0.39848873 0.05492631 -0.07342861
v -0.54175228 0.06761241 0.06898495
v -0.03984502 0.06419793 -0.08368994
v -0.03976086 0.06627572 -0.06320215
v -0.03924271 0.05720708 0.03377279
v -0.04762563 0.06904134 0.13323638
v -0.06528750 0.05813864 0.09811642
v -0.20141983 0.05376932 -0.07400010
v -0.54127169 0.06490520 0.09835412
v -0.54152060 0.03912604 0.09870505
v -0.54187381 0.06266946 0.00352248
v -0.00142223 0.06181026 0.00704011
v -0.00259921 0.06397477 -0.00349016
v -0.00210124 0.05651293 -0.00173933
v -0.01384148 0.05621311 0.00779470
v -0.03919730 0.06864533 0.06493189
v -0.03905270 0.05353150 0.09571435
v -0.38252637 0.06210265 -0.07343636
v -0.54235059 0.06257540 -0.07366941
v -0.54242396 0.03472606 -0.07366852
v -0.54235059 0.06257540 -0.07366941
v -0.54237783 0.06235356 -0.07190118
v -0.55438983 0.06792265 0.09909334
v -0.03961578 0.07462171 -0.04337845
v -0.03945574 0.06629840 -0.00665636
v -0.03935191 0.06412509 0.01153486
v -0.03912035 0.06072444 0.08608779
v -0.03867188 0.09156707 0.12720320
v -0.03849047 0.09038195 0.13313642
v -0.06505191 0.06798783 -0.08358952
v -0.12491938 0.06704381 -0.07405321
v -0.54130608 0.06390807 0.09624588
v -0.54180831 0.06156537 -0.04972897
v -0.54182613 0.06514874 -0.01936413
v -0.54606748 0.06723475 0.09886973
v -0.00195274 0.06430823 0.00743710
v -0.00466156 0.06534347 0.00801604
v -0.03896889 0.07761505 0.10845216
v -0.03878388 0.07773784 0.12100717
v -0.09898725 0.06477061 -0.07425240
v -0.15994367 0.06367382 -0.07401714
v -0.42111099 0.07983252 -0.07342074
v -0.54153967 0.06817096 0.09864768
v -0.55564940 0.08516973 0.09897756
v -0.00838718 0.06474957 0.00849628
v -0.01377895 0.06206996 0.00753807
v -0.03988501 0.07953283 -0.11388529
v -0.03984860 0.07482871 -0.09864423
v -0.03920227 0.06803301 0.04761501
v -0.06738202 0.07910571 0.09809741
v -0.07564136 0.06863141 0.09807431
v -0.07990830 0.07306048 -0.07399834
v -0.11268488 0.08271375 -0.07410023
v -0.13421972 0.07926479 -0.07397977
v -0.22372687 0.07762298 -0.07389257
v -0.46439657 0.07779279 -0.07343576
v -0.48790321 0.08201453 -0.07343841
v -0.53874123 0.09693146 -0.07346616
v -0.54163772 0.08801588 -0.04411820
v -0.54174024 0.07475570 -0.03079817
v -0.54153967 0.06817096 0.09864768
v -0.00198239 0.06781763 -0.00182805
v -0.03993270 0.08463556 -0.13323417
v -0.03983232 0.09592685 -0.12420971
v -0.03955960 0.08162794 -0.01902608
v -0.03929675 0.07576850 0.01978093
v -0.03920838 0.07979324 0.07720818
v -0.19256453 0.07965961 -0.07392690
v -0.24583256 0.08041209 -0.07378439
v -0.28680751 0.07813779 -0.07366557
v -0.38958946 0.08675149 -0.07338027
v -0.54174381 0.08568630 0.03952547
v -0.00098217 0.07126486 0.00745036
v -0.00215015 0.07149455 0.00783607
v -0.00235894 0.07302922 -0.00360201
v -0.00860217 0.07295108 0.00904813
v -0.03989303 0.07522613 -0.13268971
v -0.03972667 0.08650839 -0.06939060
v -0.03916249 0.08468080 0.08993312
v -0.07995574 0.07776564 0.09807783
v -0.15098852 0.08315554 -0.07395501
v -0.33849019 0.07676029 -0.07355211
v -0.36433104 0.08447966 -0.07344729
v -0.44583285 0.07854694 -0.07344858
v -0.51876682 0.08185908 -0.07348005
v -0.54180396 0.07674515 0.02331718
v -0.00135764 0.07599208 -0.00195915
v -0.01184604 0.07468849 0.00885829
v -0.03955713 0.08440235 -0.00050119
v -0.03942060 0.08040357 0.01005890
v -0.03934577 0.08354810 0.03262945
v -0.03926897 0.08335522 0.04918774
v -0.06516913 0.10284498 0.09817167
v -0.09123141 0.08216676 -0.07425157
v -0.54163158 0.09826458 -0.06321350
v -0.00031331 0.07941025 0.00817605
v -0.03960076 0.09696493 -0.03939021
v -0.04772368 0.10533664 0.13321540
v -0.08059002 0.09590566 -0.07413162
v -0.08332600 0.09522101 -0.07420621
v -0.54142892 0.08493006 0.09827422
v -0.54177129 0.08998439 0.00722750
v -0.54607964 0.08911079 0.09869730
v -0.00014746 0.08288994 0.00839572
v -0.00172517 0.08633193 -0.00396944
v -0.00857374 0.08233500 0.01122805
v -0.03955042 0.08892542 -0.00670318
v -0.03939998 0.08794859 0.02039003
v -0.03946671 0.09019798 0.02700796
v -0.06503513 0.11673504 0.13322112
v -0.06546175 0.08871791 0.13322133
v -0.12442608 0.09428510 -0.07396901
v -0.54143834 0.09429860 0.09611248
v -0.54142892 0.08493006 0.09827422
v -0.54168653 0.08969125 0.09846070
v -0.54165900 0.09336004 -0.02304301
v -0.54174536 0.08170354 0.06366523
v -0.00014666 0.08614755 0.00844096
v -0.00014666 0.08614755 0.00844096
v -0.00463662 0.08584875 0.00959697
v -0.00862834 0.08588964 0.01101422
v -0.01257989 0.08590755 0.01252728
v -0.02024266 0.08301505 0.01236104
v -0.02324769 0.08340061 0.01214468
v -0.03950611 0.08542874 0.00919052
v -0.03953215 0.08577156 0.01175516
v -0.03849047 0.09038195 0.13313642
v -0.21667928 0.10380843 -0.07383016
v -0.54198545 0.09264028 -0.07354457
v -0.54198545 0.09264028 -0.07354457
v -0.54202467 0.09331101 -0.07162274
v -0.55432510 0.08779597 0.09898015
v -0.00142562 0.08905649 -0.00218246
v -0.00158662 0.08931848 0.00162148
v -0.00059676 0.08873087 -0.00100828
v -0.00012365 0.08875364 0.00598853
v -0.00012365 0.08875364 0.00598853
v 0.00000000 0.08801636 0.00824677
v 0.00000000 0.08801636 0.00824677
v -0.00199342 0.08903590 -0.00389776
v -0.00651559 0.08938345 -0.00422318
v -0.00459352 0.08976671 -0.00260002
v -0.00199342 0.08903590 -0.00389776
v 0.00000000 0.08801636 0.00824677
v -0.00463235 0.08795708 0.00891870
v -0.00438038 0.08909014 0.00838669
v -0.00220925 0.08955151 0.00803464
v -0.01216292 0.09044051 -0.00239900
v -0.00870848 0.09002385 0.00123175
v -0.00871703 0.09004045 0.00616490
v -0.00868708 0.08963946 0.00876569
v -0.00868046 0.08848459 0.00979414
v -0.00868708 0.08963946 0.00876569
v -0.01247621 0.08962333 -0.00408656
v -0.01267722 0.09049141 0.00141829
v -0.01338738 0.09086564 0.00796398
v -0.01227307 0.09058619 0.00906175
v -0.01289961 0.08952925 0.01085275
v -0.01227307 0.09058619 0.00906175
v -0.01642153 0.08982909 -0.00400174
v -0.01515853 0.09109306 0.00461780
v -0.01768562 0.08954394 0.01285356
v -0.02927428 0.08717459 0.01250344
v -0.03240949 0.08801281 0.01188969
v -0.03969562 0.11641559 -0.13275844
v -0.03974441 0.11709386 -0.09794811
v -0.03971228 0.10586706 -0.07709212
v -0.03960386 0.10158169 -0.02313126
v -0.03950956 0.08929145 -0.00075046
v -0.03923151 0.08945909 0.00422507
v -0.03860754 0.09020445 0.00949582
v -0.03889522 0.09054101 0.01237612
v -0.08022316 0.09882709 -0.07392130
v -0.09613708 0.10022181 -0.07420937
v -0.29415414 0.09067735 -0.07358233
v -0.32849276 0.09642875 -0.07350142
v -0.45111650 0.09817088 -0.07338772
v -0.54169887 0.10182545 0.07137807
v -0.54170108 0.11137494 0.08260324
v -0.01705658 0.09239429 0.00941109
v -0.01499039 0.09122533 0.01053514
v -0.01499039 0.09122533 0.01053514
v -0.02127874 0.09399033 0.00680768
v -0.02056557 0.09401402 0.00964903
v -0.02138349 0.09306574 0.01240262
v -0.02138349 0.09306574 0.01240262
v -0.02443439 0.09462908 0.00158920
v -0.02503705 0.09356579 0.01406830
v -0.02665660 0.09554863 0.01367899
v -0.02935445 0.09428400 0.01552086
v -0.03889522 0.09054101 0.01237612
v -0.03980002 0.12169608 -0.12022399
v -0.03952461 0.10001361 -0.00934795
v -0.03939196 0.09388587 -0.00476242
v -0.03870004 0.09420934 -0.00065572
v -0.03833327 0.09257501 0.00417408
v -0.03779444 0.09184346 0.00809225
v -0.03926685 0.09786579 0.07780882
v -0.03912786 0.10241881 0.09766527
v -0.03955099 0.09626910 0.01926865
v -0.17504081 0.09594831 -0.07387904
v -0.24001178 0.09969983 -0.07373238
v -0.26043087 0.09512070 -0.07365257
v -0.48921841 0.09825298 -0.07340974
v -0.02612966 0.09698978 0.00978711
v -0.02316830 0.09508008 0.01168101
v -0.02316830 0.09508008 0.01168101
v -0.02674887 0.09670186 0.01257788
v -0.02674887 0.09670186 0.01257788
v -0.03021547 0.09758577 0.00095742
v -0.03042853 0.09761772 0.01459875
v -0.02961877 0.09821963 0.01343697
v -0.03351444 0.09700769 -0.00250397
v -0.03497383 0.09818125 0.01634376
v -0.03836688 0.09836802 0.01707216
v -0.03926641 0.09831318 -0.00453220
v -0.03840694 0.09836701 -0.00133920
v -0.03940287 0.09836310 0.01771425
v -0.03962567 0.09411421 0.01735302
v -0.03929707 0.10411781 0.06570306
v -0.03879416 0.11731389 0.12096956
v -0.03940287 0.09836310 0.01771425
v -0.28871933 0.10289875 -0.07356212
v -0.35710818 0.10839137 -0.07343260
v -0.38661584 0.10469612 -0.07335947
v -0.40259391 0.10565156 -0.07336409
v -0.54169148 0.10463718 -0.00668231
v -0.03126544 0.10034752 0.00978594
v -0.03054032 0.09959498 0.01250746
v -0.02961877 0.09821963 0.01343697
v -0.03438476 0.10251904 0.00946897
v -0.03370684 0.10231957 0.01281988
v -0.03517461 0.10167396 0.01540881
v -0.03517461 0.10167396 0.01540881
v -0.03912073 0.10304123 0.01722094
v -0.03975144 0.11725366 -0.13318464
v -0.03974995 0.11666256 -0.13009754
v -0.03933522 0.10228446 -0.00410230
v -0.03863028 0.10214761 -0.00024370
v -0.03934327 0.10657373 0.04915895
v -0.03918901 0.11825076 0.09049248
v -0.03901157 0.12052816 0.10695048
v -0.03912073 0.10304123 0.01722094
v -0.03950101 0.10576451 0.01846101
v -0.10358477 0.12016222 -0.07418216
v -0.12258403 0.13317862 -0.07397947
v -0.13156448 0.11064950 -0.07392303
v -0.14774367 0.10833827 -0.07389293
v -0.19407894 0.10798994 -0.07384262
v -0.26440042 0.10979083 -0.07361916
v -0.42046589 0.11576840 -0.07339195
v -0.54146773 0.13745585 0.09825184
v -0.54146773 0.13745585 0.09825184
v -0.54170632 0.10975975 0.04562985
v -0.03657690 0.10418129 0.00903466
v -0.03892753 0.10638613 0.00817978
v -0.03837362 0.10651436 0.01290845
v -0.03652167 0.10419732 0.01530709
v -0.03652167 0.10419732 0.01530709
v -0.03839344 0.10557207 0.01605209
v -0.03839344 0.10557207 0.01605209
v -0.03957674 0.11856386 -0.04029552
v -0.03960437 0.10903469 -0.00830681
v -0.03952840 0.10702506 -0.00344125
v -0.03949654 0.10596979 0.00049048
v -0.03902018 0.10563895 0.00482025
v -0.03839344 0.10557207 0.01605209
v -0.03926429 0.10567048 0.01689231
v -0.03925061 0.12118432 0.08171191
v -0.06497894 0.14394745 0.13323006
v -0.06544864 0.11529189 0.13320920
v -0.09113175 0.13522449 -0.07426644
v -0.17127641 0.12210482 -0.07386319
v -0.25464037 0.13424033 -0.07362542
v -0.45602274 0.11382586 -0.07339821
v -0.47527614 0.12780336 -0.07342527
v -0.53415900 0.12459072 -0.07349659
v -0.54195130 0.11839581 -0.07358087
v -0.54153287 0.12154108 -0.04499433
v -0.54156005 0.11942926 -0.03235043
v -0.54173386 0.12311754 0.00484809
v -0.54195130 0.11839581 -0.07358087
v -0.03957015 0.11658177 -0.02534951
v -0.03919882 0.10783637 0.01271414
v -0.03837362 0.10651436 0.01290845
v -0.03908017 0.10766995 0.01566275
v -0.31141290 0.12355343 -0.07352153
v -0.38012359 0.13054892 -0.07337973
v -0.54166907 0.12052605 -0.01039902
v -0.54173464 0.13043568 0.02278282
v -0.03959754 0.13398814 -0.05930180
v -0.03954992 0.11131755 0.00204589
v -0.03942084 0.11078110 0.01251157
v -0.03944179 0.11252716 0.01727983
v -0.03850469 0.12263039 0.13314837
v -0.08061725 0.14389798 -0.07420940
v -0.23563236 0.13870484 -0.07372186
v -0.54169405 0.12719283 0.07136437
v -0.55448949 0.13230592 0.09896307
v -0.55587107 0.13208830 0.09895211
v -0.03930184 0.12516776 0.05701398
v -0.03850469 0.12263039 0.13314837
v -0.08019632 0.14194688 -0.07396857
v -0.08018099 0.14311638 0.09808641
v -0.08019309 0.10035664 0.09807443
v -0.08263986 0.15889153 -0.07426474
v -0.11203851 0.12748125 -0.07409526
v -0.54177660 0.12828743 0.09845381
v -0.54613554 0.13016975 0.09868257
v -0.03950247 0.12221515 0.02104598
v -0.03937644 0.12596306 0.04179700
v -0.03926966 0.13997975 0.07317951
v -0.03865367 0.15251550 0.12719473
v -0.06511572 0.13965118 0.09813374
v -0.20515752 0.14084363 -0.07382108
v -0.42458171 0.13637272 -0.07339386
v -0.54183829 0.13598296 -0.07357115
v -0.54158032 0.13248625 -0.06361265
v -0.03978851 0.13770977 -0.10965551
v -0.03965554 0.13335255 -0.07973645
v -0.03954551 0.12578827 -0.00378797
v -0.15925826 0.14817849 -0.07387040
v -0.28279689 0.13344172 -0.07355718
v -0.36184567 0.14514181 -0.07343409
v -0.54171431 0.13040024 0.05201598
v -0.03949347 0.13425067 -0.01672999
v -0.03947625 0.12976098 0.01858511
v -0.03883705 0.14441019 0.11712154
v -0.13178876 0.15589455 -0.07390434
v -0.54163134 0.14356378 -0.01714120
v -0.54183829 0.13598296 -0.07357115
v -0.03981197 0.14822653 -0.11791427
v -0.03951931 0.13719106 -0.03719730
v -0.22270954 0.15953800 -0.07380722
v -0.03969958 0.14400074 -0.09276710
v -0.03941953 0.13884893 0.01944717
v -0.03931737 0.14253509 0.05193641
v -0.03854665 0.15297914 0.13163006
v -0.54152822 0.14099935 -0.04909844
v -0.54175514 0.16140988 0.00655865
v -0.54173523 0.14474437 0.08265638
v -0.03986388 0.18790027 -0.13328448
v -0.03975567 0.16416192 -0.13274738
v -0.03946421 0.14779881 -0.01487041
v -0.03857329 0.17481762 0.13312030
v -0.03857329 0.17481762 0.13312030
v -0.04009184 0.15468597 0.13318449
v -0.54173374 0.14858574 0.06619152
v -0.55445778 0.15212664 0.09908887
v -0.03936669 0.15829772 0.01894101
v -0.03935263 0.15199283 0.04358702
v -0.03919855 0.14926615 0.08847060
v -0.27647248 0.14994437 -0.07354400
v -0.30378899 0.15327320 -0.07352392
v -0.44650614 0.14896414 -0.07340048
v -0.54163855 0.15426481 0.09866070
v -0.54152775 0.14967254 -0.03913230
v -0.54172748 0.15323871 0.02754160
v -0.54196787 0.14913988 -0.07168780
v -0.03975093 0.16545960 -0.10898312
v -0.03952786 0.17080343 -0.07283271
v -0.08022343 0.17292893 0.09808024
v -0.10171390 0.15451524 -0.07423235
v -0.11441055 0.15863022 -0.07407210
v -0.19388615 0.16373298 -0.07384316
v -0.25601512 0.16445711 -0.07360641
v -0.39737713 0.16002259 -0.07340861
v -0.53626966 0.16553000 -0.07355956
v -0.03976431 0.16598073 -0.12423635
v -0.03965172 0.16299084 -0.09109322
v -0.03903031 0.15772456 0.10400661
v -0.08030978 0.16799304 -0.07395358
v -0.09602061 0.16857544 -0.07426072
v -0.23592792 0.17100662 -0.07373188
v -0.33178270 0.16300210 -0.07353378
v -0.38155600 0.16357192 -0.07342789
v -0.42797697 0.15832871 -0.07340441
v -0.46469709 0.16470161 -0.07345144
v -0.52321053 0.16434997 -0.07355437
v -0.54149044 0.16073027 0.09839793
v -0.54163855 0.15426481 0.09866070
v -0.54162532 0.16445771 -0.06309111
v -0.54160780 0.15955332 -0.02532659
v -0.54563874 0.15661639 0.09885310
v -0.54191548 0.17536715 -0.07359350
v -0.55595529 0.17532071 0.09905722
v -0.03942010 0.16242042 -0.01476727
v -0.03925100 0.16788748 0.06248232
v -0.03923115 0.16201770 0.07616266
v -0.03914574 0.16102448 0.09140702
v -0.03880277 0.16770139 0.11647939
v -0.03868133 0.18059507 0.12193199
v -0.06498367 0.18216079 0.13323000
v -0.54191548 0.17536715 -0.07359350
v -0.54176545 0.16613796 0.05963676
v -0.03976277 0.17389885 -0.11793024
v -0.03945774 0.16673538 -0.04378126
v -0.06749561 0.19589233 0.09811642
v -0.16017784 0.17061296 -0.07385556
v -0.21326393 0.17079988 -0.07384030
v -0.26667711 0.17598167 -0.07358030
v -0.31451926 0.17415306 -0.07357720
v -0.36023933 0.16496527 -0.07348279
v -0.54159993 0.16766196 -0.04560561
v -0.54172462 0.19208941 -0.02930550
v -0.54196286 0.17877573 -0.07162348
v -0.04016674 0.19642565 0.13318825
v -0.13632855 0.17748889 -0.07384453
v -0.54177141 0.17105028 0.02416974
v -0.54181588 0.17111281 0.08149376
v -0.03931215 0.17252186 0.03919026
v -0.03903958 0.17740169 0.09312224
v -0.03894377 0.17401287 0.10604211
v -0.08041477 0.19570082 0.09809681
v -0.08083421 0.18429554 -0.07416133
v -0.43914342 0.17110902 -0.07345376
v -0.03936565 0.18252006 -0.03839556
v -0.03931752 0.18194345 -0.00458942
v -0.03925449 0.18924230 0.02674713
v -0.03907463 0.18228301 0.08347770
v -0.06501721 0.19227520 0.09814449
v -0.12457591 0.18158934 -0.07391856
v -0.28229412 0.18462905 -0.07357384
v -0.33831665 0.17827600 -0.07356832
v -0.54170126 0.18003741 -0.02185307
v -0.54177076 0.17915687 -0.00330929
v -0.54184806 0.17976406 0.07140183
v -0.54282665 0.18381757 0.09866887
v -0.54670215 0.18031165 0.09884115
v -0.03921130 0.19029391 0.04584869
v -0.03879988 0.19340369 0.10942187
v -0.03853160 0.20140997 0.13107264
v -0.08339581 0.18464571 -0.07429180
v -0.11094493 0.18125975 -0.07409406
v -0.38108549 0.17815295 -0.07347874
v -0.43531105 0.17829821 -0.07346556
v -0.49025771 0.18290642 -0.07350973
v -0.51795042 0.18144232 -0.07353935
v -0.54192692 0.18655559 0.09848743
v -0.54169083 0.18043482 -0.05024842
v -0.54182458 0.18052167 0.04630136
v -0.54189813 0.18537444 0.08752944
v -0.54176831 0.17486119 0.09171849
v -0.54192692 0.18655559 0.09848743
v -0.03958496 0.18576631 -0.09316111
v -0.03905067 0.19353893 0.07258781
v -0.09761526 0.18647319 -0.07428817
v -0.17040734 0.18411434 -0.07384060
v -0.35844681 0.18451598 -0.07351682
v -0.42759758 0.18745151 -0.07344935
v -0.08049595 0.19081599 -0.07383386
v -0.20285247 0.19503760 -0.07383669
v -0.53368151 0.19069532 -0.07351822
v -0.54182827 0.18301615 0.02048954
v -0.54182303 0.19201931 0.06635960
v -0.03964674 0.20127901 -0.13273817
v -0.03963777 0.19639608 -0.10679225
v -0.03950086 0.19396338 -0.08038727
v -0.03936604 0.19325241 -0.04768512
v -0.03928074 0.19550163 -0.01058439
v -0.16205001 0.19487014 -0.07378680
v -0.22326258 0.19506979 -0.07380909
v -0.32769588 0.19506541 -0.07358811
v -0.39715737 0.19570521 -0.07339571
v -0.54213119 0.19279847 -0.07357646
v -0.54180861 0.19236758 -0.06083650
v -0.54178292 0.19187579 0.00076481
v -0.54181814 0.19213140 0.03201043
v -0.54178894 0.19195315 0.05217513
v -0.54192615 0.19234887 0.08661973
v -0.54202300 0.19227439 0.09163745
v -0.54213119 0.19279847 -0.07357646
v -0.54224813 0.19508791 -0.07145933
v -0.05296433 0.21108595 0.13320759
v -0.08082253 0.19218957 -0.07398695
v -0.08399704 0.19571495 -0.07419340
v -0.10123086 0.19529337 -0.07419736
v -0.11960161 0.19511116 -0.07390977
v -0.13514863 0.19506338 -0.07375277
v -0.25509796 0.19499406 -0.07354600
v -0.29715532 0.19584554 -0.07353682
v -0.37468266 0.19569227 -0.07340694
v -0.41704556 0.19567612 -0.07338289
v -0.47371900 0.19548687 -0.07340980
v -0.50433278 0.19560844 -0.07354818
v -0.54206336 0.19222462 0.09601986
v -0.54228091 0.19213152 0.09841903
v -0.54228091 0.19213152 0.09841903
v -0.03960544 0.20956007 -0.11633035
v -0.03907052 0.20111945 0.05744695
v -0.03884992 0.21040276 0.09011122
v -0.03851637 0.20421189 0.13308385
v -0.03851637 0.20421189 0.13308385
v -0.08117613 0.19730997 -0.07389731
v -0.45037931 0.19553658 -0.07344262
v -0.52206248 0.19564751 -0.07357303
v -0.53423566 0.19613284 -0.07360605
v -0.54157758 0.19647017 -0.07354099
v -0.54157758 0.19647017 -0.07354099
v -0.54180723 0.19503009 -0.05702863
v -0.54164618 0.19513547 -0.02737585
v -0.54166281 0.19514745 0.00358706
v -0.54168928 0.19515914 0.03659194
v -0.54164398 0.19527790 0.07049298
v -0.54174685 0.19506571 0.08861455
v -0.54193544 0.19492984 0.09840985
v -0.54367071 0.19956738 0.09886777
v -0.55624479 0.20223284 0.09911712
v -0.03916976 0.20670983 0.01686107
v -0.03859600 0.20348081 0.12673023
v -0.09704602 0.19646764 -0.07400025
v -0.11066505 0.19615296 -0.07387615
v -0.12044141 0.19596279 -0.07378275
v -0.14230375 0.19584629 -0.07368676
v -0.18255031 0.19589329 -0.07370905
v -0.19724563 0.19591498 -0.07373140
v -0.21971709 0.19581836 -0.07373772
v -0.25569084 0.19574478 -0.07348142
v -0.33976024 0.19576398 -0.07351071
v -0.38371325 0.19772574 0.09827130
v -0.43228322 0.19592410 0.09814899
v -0.46546632 0.19782400 0.09830206
v -0.50443423 0.19780344 0.09847390
v -0.54166186 0.19593173 -0.06198562
v -0.54151839 0.19579935 -0.04825316
v -0.54141539 0.19613031 -0.01626635
v -0.54146171 0.19605154 0.01816519
v -0.54147834 0.19612756 0.04133522
v -0.54146749 0.19621292 0.06867921
v -0.03957203 0.21017477 -0.12447957
v -0.03937837 0.20594361 -0.05945591
v -0.03926790 0.20604768 -0.02548496
v -0.06480044 0.23072487 0.13321030
v -0.06496862 0.20733088 0.09820994
v -0.08224684 0.20895663 0.09813922
v -0.09088880 0.20886904 0.09813180
v -0.08321142 0.19637191 0.09810107
v -0.10269165 0.19567454 0.09808224
v -0.11744812 0.20736593 0.09851145
v -0.11001888 0.19571239 0.09810837
v -0.16054967 0.20725206 0.09862974
v -0.19986370 0.20739180 0.09867113
v -0.25593659 0.20743594 0.09863003
v -0.27937141 0.20741308 0.09855675
v -0.34889892 0.20755401 0.09859403
v -0.38448527 0.20754331 0.09861844
v -0.41283095 0.20739865 0.09858435
v -0.47219718 0.20753175 0.09862377
v -0.52384549 0.20729384 0.09880214
v -0.03943950 0.21530432 -0.09683124
v -0.03908047 0.20994893 0.04056343
v -0.03894797 0.21313533 0.06128570
v -0.03870574 0.21502155 0.10705792
v -0.13506803 0.20739847 0.09865835
v -0.50443625 0.20749986 0.09877815
v -0.53251761 0.20956331 0.09887426
v -0.55345249 0.20970103 0.09923198
v -0.55635309 0.20962653 0.09910231
v -0.03938562 0.21866280 -0.13286087
v -0.03935984 0.21219882 -0.06735132
v -0.03856683 0.22033298 0.11810171
v -0.03837445 0.22704566 0.12688637
v -0.06499554 0.20949554 -0.00789652
v -0.06496735 0.20950770 0.04541027
v -0.06710862 0.20914364 -0.08526573
v -0.06715450 0.20912623 -0.07566515
v -0.06498066 0.20980459 -0.08568519
v -0.06716895 0.20897952 -0.06485853
v -0.06496233 0.20962983 -0.06128893
v -0.06722893 0.20907584 -0.03141511
v -0.06506532 0.20971110 -0.01487163
v -0.06728010 0.20909101 -0.01404095
v -0.06499554 0.20949554 -0.00789652
v -0.06727909 0.20904037 0.00475445
v -0.06496735 0.20950770 0.04541027
v -0.06735049 0.20904222 0.03484099
v -0.06727467 0.20898899 0.04674774
v -0.06723702 0.20894164 0.05535036
v -0.06490406 0.20966381 0.05037021
v -0.06505916 0.20950264 0.05798479
v -0.06724910 0.20901495 0.07133057
v -0.06723791 0.20904461 0.08227652
v -0.06500505 0.20976326 0.09561064
v -0.06712312 0.20934761 0.09584781
v -0.06500030 0.20929104 0.09813952
v -0.07622547 0.20879921 -0.08507084
v -0.07370970 0.20895496 -0.07491142
v -0.08144203 0.20871297 -0.04072887
v -0.08391318 0.20890212 0.09598529
v -0.08278242 0.20870236 -0.05238480
v -0.08095780 0.20871258 0.06051981
v -0.08078252 0.20872533 0.08331930
v -0.06500030 0.20929104 0.09813952
v -0.08224684 0.20895663 0.09813922
v -0.08404219 0.20879340 -0.08489019
v -0.08050060 0.20873949 -0.00178803
v -0.08757961 0.20885086 -0.07495645
v -0.08429821 0.20870063 0.01717683
v -0.09470749 0.20883414 -0.08490048
v -0.09292462 0.20871902 -0.01797751
v -0.09271005 0.20871887 0.02554455
v -0.09522846 0.20872781 0.05930223
v -0.09254716 0.20873407 0.07061719
v -0.09398651 0.20878521 0.08498570
v -0.09088880 0.20886904 0.09813180
v -0.12321427 0.20888695 -0.07353417
v -0.10358703 0.20880607 -0.06057910
v -0.10337546 0.20876625 -0.04244337
v -0.11113018 0.20882502 -0.00839017
v -0.10755995 0.20880473 0.04139142
v -0.10526444 0.20887581 0.09566846
v -0.11283523 0.20884973 0.07961654
v -0.12684497 0.20889804 0.09861153
v -0.12354602 0.20897686 0.09490442
v -0.12129699 0.20905051 0.09827962
v -0.12684497 0.20889804 0.09861153
v -0.13148759 0.20898625 -0.08294825
v -0.13099012 0.20890555 -0.08458719
v -0.14092927 0.20894262 -0.07873551
v -0.12747885 0.20887199 -0.05532036
v -0.12436907 0.20886889 -0.03788681
v -0.12460026 0.20890376 0.00849190
v -0.12449944 0.20890155 0.04574635
v -0.12611400 0.20893100 0.08731949
v -0.12925889 0.20892802 0.07581242
v -0.14152727 0.20892316 -0.03019620
v -0.13736688 0.20893836 0.00467368
v -0.15328410 0.20895025 0.01494240
v -0.14363918 0.20894071 0.04771885
v -0.15052870 0.20894086 0.07059380
v -0.16565388 0.20894250 -0.03921590
v -0.15786251 0.20896378 -0.01169733
v -0.17385474 0.20894149 0.03641062
v -0.17533843 0.20896745 -0.08467009
v -0.16685791 0.20905775 0.09828448
v -0.17456934 0.20888349 0.09862261
v -0.17456934 0.20888349 0.09862261
v -0.18259376 0.20910084 -0.08296021
v -0.17016268 0.20892337 0.07691862
v -0.16687548 0.20892242 0.08562507
v -0.17428859 0.20897624 -0.07218031
v -0.17131136 0.20897937 0.09575396
v -0.18648313 0.20895675 -0.05431054
v -0.18239196 0.20891953 0.06483611
v -0.18486094 0.20895484 0.00277390
v -0.22941136 0.20912150 -0.07901404
v -0.19441573 0.20895401 -0.02395902
v -0.20004061 0.20891425 0.08991065
v -0.20262749 0.20889661 0.07855319
v -0.20564282 0.20901951 -0.06733606
v -0.20596436 0.20892802 0.04871329
v -0.22333047 0.20897409 0.09573372
v -0.22750960 0.20906538 0.09827989
v -0.22857033 0.20908433 -0.08469114
v -0.21617107 0.20896161 -0.00128106
v -0.22114572 0.20902953 -0.06333707
v -0.21875079 0.20899066 -0.04102234
v -0.22464213 0.20895353 0.03677680
v -0.22382361 0.20893496 0.07241633
v -0.23077796 0.20920175 -0.08295051
v -0.23689000 0.20908916 -0.05272535
v -0.25210977 0.20903984 0.09860193
v -0.25210977 0.20903984 0.09860193
v -0.23799540 0.20907903 -0.02728257
v -0.24061464 0.20901695 0.05787876
v -0.24249412 0.20904067 0.08827176
v -0.24583182 0.20916560 -0.06803600
v -0.25550729 0.20912328 -0.00629399
v -0.24051622 0.20902845 0.01083534
v -0.24815300 0.20905164 0.03669050
v -0.24907082 0.20906386 0.07586872
v -0.25702700 0.20931053 -0.07882840
v -0.25486186 0.20940277 -0.08289076
v -0.25424987 0.20921582 0.09829589
v -0.25598794 0.20930645 -0.08436625
v -0.25520742 0.20918277 -0.04147909
v -0.26767027 0.20909581 0.05839693
v -0.27040136 0.20922139 -0.05624218
v -0.27974525 0.20914909 0.08878010
v -0.28962553 0.20926836 -0.07073159
v -0.27306312 0.20921037 -0.02556200
v -0.27649572 0.20912501 0.02767476
v -0.28582484 0.20913336 0.07862737
v -0.27485093 0.20916757 -0.00155807
v -0.29986557 0.20913953 0.09853389
v -0.29986557 0.20913953 0.09853389
v -0.29980689 0.20928994 0.09826308
v -0.32148305 0.20930660 -0.08436926
v -0.31535172 0.20942378 -0.08287381
v -0.29255754 0.20924303 -0.05033166
v -0.29521218 0.20922413 -0.02735303
v -0.29316694 0.20915696 0.02187567
v -0.29969889 0.20914564 0.08774730
v -0.30619168 0.20911887 0.06624015
v -0.31473389 0.20921770 -0.03779797
v -0.30740878 0.20918444 -0.01510499
v -0.30643246 0.20911852 0.04520871
v -0.31122801 0.20913041 0.02619963
v -0.32244849 0.20912984 0.07534071
v -0.32096159 0.20934200 -0.07893414
v -0.31741107 0.20923626 -0.05988614
v -0.32604510 0.20915648 0.00620287
v -0.31307951 0.20928016 -0.07253132
v -0.33748263 0.20924100 0.09402385
v -0.35450858 0.20941719 -0.07870115
v -0.34603855 0.20929834 -0.06323201
v -0.32971117 0.20911744 0.03982493
v -0.34568313 0.20919409 0.08773633
v -0.33827507 0.20921758 -0.02919737
v -0.33984074 0.20913568 0.05988275
v -0.34526882 0.20919985 -0.00408319
v -0.35665184 0.20952362 -0.08284809
v -0.34607935 0.20917961 0.07964640
v -0.34731728 0.20915687 0.03775289
v -0.37437111 0.20947263 -0.08431559
v -0.35421270 0.20928168 -0.03709523
v -0.36304167 0.20925140 0.01069324
v -0.36364967 0.20922211 0.06821879
v -0.37937754 0.20930362 0.09194269
v -0.37814820 0.20940021 0.09828310
v -0.36761510 0.20937273 -0.04440514
v -0.36688679 0.20924851 0.03807255
v -0.37564903 0.20945773 -0.06758288
v -0.38484567 0.20928606 0.06147253
v -0.38509357 0.20929024 0.08660885
v -0.37945426 0.20965144 -0.08285428
v -0.37873513 0.20936728 -0.01884762
v -0.38637465 0.20929405 0.07847407
v -0.38087526 0.20957169 -0.07902739
v -0.38815910 0.20943043 -0.03307531
v -0.39954880 0.20929521 0.09857567
v -0.39954880 0.20929521 0.09857567
v -0.39565784 0.20945767 -0.05707554
v -0.38969389 0.20934349 0.02015027
v -0.40533394 0.20938113 0.00712561
v -0.40115958 0.20934960 0.03877025
v -0.40931764 0.20952854 -0.07172716
v -0.40490705 0.20946056 -0.04569010
v -0.42856625 0.20957637 -0.07910363
v -0.41991290 0.20934895 0.04761698
v -0.41637111 0.20947433 -0.08422329
v -0.46729317 0.20964435 -0.08281630
v -0.42652416 0.20941526 -0.01252822
v -0.42369336 0.20945844 -0.03539053
v -0.42492670 0.20936516 0.08984112
v -0.41689271 0.20934620 0.07598721
v -0.42165780 0.20939305 0.02311241
v -0.42352110 0.20947728 0.09828227
v -0.44709504 0.20940414 0.00255128
v -0.43932787 0.20933685 0.06062218
v -0.44276410 0.20935687 0.07641634
v -0.44766584 0.20947474 -0.04568455
v -0.45598277 0.20953599 -0.06678692
v -0.47045332 0.20934117 0.09860968
v -0.47045332 0.20934117 0.09860968
v -0.47447324 0.20946214 -0.08434569
v -0.45049185 0.20942971 -0.01883612
v -0.45338947 0.20937461 0.04321485
v -0.47684401 0.20943367 0.08997255
v -0.47651124 0.20952675 0.09830772
v -0.46767431 0.20940223 0.07101776
v -0.47492081 0.20963725 -0.07941995
v -0.46855426 0.20942265 0.01929196
v -0.46586534 0.20947167 -0.03239314
v -0.47715053 0.20956266 -0.05543429
v -0.47588891 0.20949790 -0.02562372
v -0.48894694 0.20955139 0.00366011
v -0.48360109 0.20949402 0.04440009
v -0.48713684 0.20951214 0.07073047
v -0.49452639 0.20971516 -0.06394032
v -0.49808222 0.20986611 -0.08293030
v -0.49300638 0.20962992 -0.03609762
v -0.50478649 0.20954883 0.09878170
v -0.50478649 0.20954883 0.09878170
v -0.50639355 0.20978972 0.09837090
v -0.50312543 0.20963773 0.01581099
v -0.50352943 0.20963606 0.04696142
v -0.50699097 0.20965061 0.08851954
v -0.51052248 0.20978001 -0.08427184
v -0.51053184 0.20974144 -0.05068973
v -0.51063037 0.20995522 -0.08280144
v -0.50767350 0.20969880 -0.01974694
v -0.51459575 0.20966765 0.04902937
v -0.52043140 0.20969978 -0.00849772
v -0.52521217 0.20967096 0.08922943
v -0.53896797 0.20993274 -0.08073617
v -0.53373933 0.20989141 -0.07051835
v -0.52308840 0.20980182 -0.06102786
v -0.53251761 0.20956331 0.09887426
v -0.52330279 0.20966575 0.04572301
v -0.53471780 0.20975220 -0.04842976
v -0.53068870 0.20971924 -0.01846597
v -0.53522408 0.20983779 0.09841623
v -0.54030687 0.20981640 -0.06000907
v -0.53686154 0.20969608 0.04110291
v -0.53540164 0.20971963 0.07454982
v -0.54347062 0.20975444 -0.02851627
v -0.54149431 0.20972320 0.01235484
v -0.54150331 0.20976505 0.08974534
v -0.55515039 0.20988739 -0.08286663
v -0.54522765 0.20973873 0.07079317
v -0.55345249 0.20970103 0.09923198
v -0.55511534 0.20992839 -0.07319704
v -0.55506182 0.20983857 -0.05816401
v -0.55479479 0.20984957 0.09867995
v -0.55496407 0.20977309 -0.00228999
v -0.55487013 0.20971894 0.05148377
v -0.55679852 0.20963663 -0.08419625
v -0.55486250 0.20981404 0.07853942
v -0.55635309 0.20962653 0.09910231
v -0.55704761 0.20970437 -0.08280326
v -0.55699849 0.20977399 -0.07895590
v -0.55681002 0.20967677 -0.05535562
v -0.55664527 0.20964921 -0.02616883
v -0.55662501 0.20958698 0.00925525
v -0.55650342 0.20953161 0.03963011
v -0.55634058 0.20959684 0.07256313
v -0.03944284 0.22675952 -0.13357875
v -0.03914228 0.21851692 -0.02633379
v -0.03903139 0.22058910 0.00957011
v -0.03823575 0.22937527 0.13309366
v -0.03823575 0.22937527 0.13309366
v -0.04020813 0.23125368 0.13322628
v -0.51137924 0.20996401 -0.08418793
v -0.03932527 0.22238791 -0.12269425
v -0.03921434 0.22086766 -0.06084654
v -0.03884369 0.22731760 0.08505072
v -0.03816286 0.23139516 0.13116837
v -0.03921211 0.23099110 -0.10246094
v -0.03889504 0.22513390 0.04908585
v -0.03913760 0.23125789 -0.13279924
v -0.03925133 0.23096853 -0.11569167
v -0.03915840 0.23100492 -0.08477897
v -0.03899395 0.23102078 -0.05684451
v -0.03895760 0.23112744 -0.03096221
v -0.03898627 0.23112935 -0.01484490
v -0.03898972 0.23118427 0.01186829
v -0.03859633 0.22696835 0.11608159
v -0.03955606 0.23292226 -0.13349283
v -0.03884163 0.23121861 0.04149967
v -0.03878498 0.23128200 0.09093034
v -0.03849721 0.23129919 0.11708333
v -0.03934303 0.23298794 -0.13249862
v -0.03955606 0.23292226 -0.13349283
v -0.04065132 0.23312786 -0.13281018
v -0.03934303 0.23298794 -0.13249862
v -0.04064748 0.23300087 -0.11727726
v -0.03946367 0.23286247 -0.11730117
v -0.03946367 0.23286247 -0.11730117
v -0.03937188 0.23285094 -0.09547298
v -0.04064262 0.23301116 -0.09564406
v -0.03937188 0.23285094 -0.09547298
v -0.03924248 0.23270074 -0.06575943
v -0.03924248 0.23270074 -0.06575943
v -0.04065615 0.23288029 -0.06888909
v -0.03912738 0.23281616 -0.03232924
v -0.04058987 0.23290667 -0.04270238
v -0.03912738 0.23281616 -0.03232924
v -0.03915256 0.23311335 -0.00176174
v -0.03915256 0.23311335 -0.00176174
v -0.04049280 0.23325717 -0.00066043
v -0.03898028 0.23319191 0.04083287
v -0.04036507 0.23332819 0.04854145
v -0.03898028 0.23319191 0.04083287
v -0.03893977 0.23335034 0.08586752
v -0.03893977 0.23335034 0.08586752
v -0.04040849 0.23348421 0.08344971
v -0.04021317 0.23342425 0.11151292
v -0.03860617 0.23331556 0.11718386
v -0.03860617 0.23331556 0.11718386
v -0.04026175 0.23346460 0.13115567
v -0.03836343 0.23326838 0.13299268
v -0.03836343 0.23326838 0.13299268
v -0.03836343 0.23326838 0.13299268
v -0.04453334 0.23306176 -0.12991068
v -0.04423687 0.23320672 -0.00734428
v -0.04407027 0.23346993 0.08790683
v -0.04778609 0.23345187 0.12201079
v -0.04645658 0.23341355 0.13315994
v -0.04645658 0.23341355 0.13315994
v -0.05755213 0.23317057 -0.09683564
v -0.05061319 0.23300913 -0.07303432
v -0.05041155 0.23300114 -0.04657666
v -0.05403660 0.23311743 -0.02875040
v -0.05407646 0.23334166 0.02859070
v -0.04927513 0.23339438 0.05909460
v -0.06262863 0.23349676 0.09026166
v -0.06293680 0.23345470 0.12167250
v -0.06254885 0.23356736 0.13120484
v -0.05724227 0.23313430 -0.12962124
v -0.06274773 0.23333985 -0.00280757
v -0.06520173 0.23343086 0.13315979
v -0.06520173 0.23343086 0.13315979
v -0.06517014 0.23308024 -0.13326138
v -0.06258687 0.23323947 -0.13272160
v -0.05795364 0.23302841 -0.05477536
v -0.06280647 0.23341519 0.05924111
v -0.06256910 0.23323104 -0.10502144
v -0.06453656 0.23313224 -0.06787620
v -0.06464495 0.23318228 -0.03334180
v -0.06466380 0.23316988 -0.13251197
v -0.06473087 0.23319966 -0.08932737
v -0.06475723 0.23328200 -0.01195914
v -0.06476007 0.23335248 0.04881113
v -0.06483129 0.23340347 0.08997732
v -0.06468810 0.23337662 0.11477997
v -0.06486942 0.23340809 0.13098258
vt 0.96693999 0.42353001
vt 0.96652001 0.42398000
vt 0.96737999 0.42451999
vt 0.96767998 0.42372000
vt 0.68702000 0.57451999
vt 0.68518001 0.57362002
vt 0.68724000 0.57357001
vt 0.38959000 0.85764003
vt 0.38859999 0.85942000
vt 0.38953999 0.84776002
vt 0.38857001 0.82587999
vt 0.38951001 0.82626998
vt 0.38852000 0.79578000
vt 0.62246001 0.57428002
vt 0.62980998 0.57345003
vt 0.65337998 0.57353002
vt 0.59862000 0.57336003
vt 0.58423001 0.57428002
vt 0.57302999 0.57326001
vt 0.54407001 0.57420999
vt 0.54776001 0.57323003
vt 0.51239002 0.57309997
vt 0.50037998 0.57407999
vt 0.49955001 0.57306999
vt 0.48916000 0.57309002
vt 0.48289999 0.57420999
vt 0.47667000 0.57319999
vt 0.47308999 0.57450002
vt 0.47323999 0.57314003
vt 0.47130001 0.57451999
vt 0.47150001 0.57310998
vt 0.68553001 0.57051003
vt 0.67515999 0.57357001
vt 0.66759002 0.56599998
vt 0.62237000 0.56987000
vt 0.57432997 0.57040000
vt 0.55308002 0.56939000
vt 0.53746003 0.56932998
vt 0.51165998 0.56669998
vt 0.47328001 0.56353998
vt 0.47149000 0.56979001
vt 0.88884997 0.43202999
vt 0.88998002 0.43116999
vt 0.88378000 0.43132001
vt 0.88550001 0.43215001
vt 0.98562002 0.42443001
vt 0.68725997 0.55593002
vt 0.68186003 0.56336999
vt 0.64517999 0.56541002
vt 0.59430999 0.56481999
vt 0.57194000 0.56325001
vt 0.49970001 0.56466001
vt 0.48651999 0.56344998
vt 0.47654000 0.56468999
vt 0.98500001 0.42368999
vt 0.60536999 0.55549997
vt 0.54209000 0.56225997
vt 0.52433997 0.56115001
vt 0.68545997 0.55588001
vt 0.66283000 0.55559999
vt 0.64245999 0.55562001
vt 0.62321001 0.55554998
vt 0.58736998 0.55536997
vt 0.57266998 0.55524999
vt 0.54667002 0.55527002
vt 0.51147997 0.55506998
vt 0.49704999 0.55502999
vt 0.47644001 0.55504000
vt 0.47154999 0.55528998
vt 0.87075001 0.43200999
vt 0.47321999 0.55511999
vt 0.86905003 0.43066001
vt 0.98771000 0.42330000
vt 0.98749000 0.42407000
vt 0.68712997 0.55408001
vt 0.67908001 0.55392998
vt 0.64258999 0.55388999
vt 0.60677999 0.55378002
vt 0.57867998 0.55361998
vt 0.55075002 0.55348998
vt 0.51432002 0.55339003
vt 0.49246001 0.55343997
vt 0.47450000 0.55337000
vt 0.47163001 0.55374998
vt 0.86918998 0.43221000
vt 0.41692999 0.57885998
vt 0.41666001 0.58679003
vt 0.41764000 0.57848001
vt 0.41732001 0.58653998
vt 0.41683000 0.62281001
vt 0.41745999 0.65388000
vt 0.41689000 0.65815002
vt 0.41664001 0.68589002
vt 0.41718999 0.74280000
vt 0.41666001 0.71340001
vt 0.41641000 0.74940002
vt 0.41723999 0.78100997
vt 0.41644999 0.77098000
vt 0.41643000 0.78871000
vt 0.41727000 0.79145998
vt 0.41586000 0.79152000
vt 0.96767998 0.41924000
vt 0.89835000 0.24856000
vt 0.90025002 0.24952000
vt 0.90320998 0.24856000
vt 0.42013001 0.57874000
vt 0.41937000 0.58864999
vt 0.41913000 0.62015003
vt 0.41937000 0.66364002
vt 0.41905999 0.67540002
vt 0.41872001 0.71651000
vt 0.41918001 0.74268001
vt 0.41966999 0.76253998
vt 0.41997999 0.78733999
vt 0.41992000 0.79163998
vt 0.97834998 0.41707999
vt 0.98738003 0.41703999
vt 0.42398000 0.57840002
vt 0.42818999 0.58052999
vt 0.42539001 0.64731997
vt 0.42800000 0.61480999
vt 0.42749000 0.76848000
vt 0.42416999 0.78970999
vt 0.96695000 0.41084999
vt 0.42938000 0.59884000
vt 0.42670000 0.67653000
vt 0.42844999 0.71860999
vt 0.42814001 0.74427003
vt 0.42972001 0.77714002
vt 0.86869001 0.42828000
vt 0.86908001 0.42376000
vt 0.98751998 0.40191001
vt 0.43156001 0.63278002
vt 0.43162999 0.67387003
vt 0.42985001 0.70086998
vt 0.44775000 0.79159999
vt 0.43551001 0.79008001
vt 0.86877000 0.40077001
vt 0.43931001 0.57845002
vt 0.44016001 0.63111001
vt 0.43663999 0.64775002
vt 0.43698999 0.69547999
vt 0.43856001 0.71379000
vt 0.43740001 0.73079002
vt 0.43751001 0.75612998
vt 0.43722999 0.76884001
vt 0.43713000 0.78678000
vt 0.44743001 0.57875001
vt 0.44905001 0.58065999
vt 0.44747999 0.59136999
vt 0.43832001 0.66797000
vt 0.44334000 0.68131000
vt 0.44615999 0.74495000
vt 0.97623998 0.39423999
vt 0.44496000 0.65754998
vt 0.44637001 0.69884998
vt 0.44473001 0.77451003
vt 0.96693999 0.38378999
vt 0.96991003 0.38391000
vt 0.44566000 0.62418002
vt 0.45065001 0.76304001
vt 0.45210001 0.61019999
vt 0.44859001 0.64929998
vt 0.44973001 0.67528999
vt 0.45012999 0.72270000
vt 0.44821000 0.79001999
vt 0.45056999 0.58469999
vt 0.45262000 0.62115997
vt 0.98740000 0.38473001
vt 0.98784000 0.39390001
vt 0.45288000 0.64445001
vt 0.45591000 0.66627997
vt 0.45478001 0.69998002
vt 0.46380001 0.76846999
vt 0.45651001 0.60597003
vt 0.45877999 0.61211997
vt 0.46127000 0.61925000
vt 0.45978999 0.63098001
vt 0.45987001 0.64357001
vt 0.45993999 0.68090999
vt 0.45989999 0.72417998
vt 0.46011001 0.75853997
vt 0.45989001 0.76154000
vt 0.46011999 0.76334000
vt 0.96994001 0.36596999
vt 0.46373999 0.58083999
vt 0.46527001 0.60035002
vt 0.46120000 0.62239999
vt 0.45998001 0.66508001
vt 0.72214001 0.16779000
vt 0.71919000 0.16780999
vt 0.72108001 0.16963001
vt 0.71741998 0.16979000
vt 0.71741003 0.16799000
vt 0.47114000 0.78688002
vt 0.71906000 0.17688000
vt 0.72867000 0.17573000
vt 0.72478998 0.18280999
vt 0.73875999 0.18111999
vt 0.72455001 0.19106001
vt 0.71758997 0.19238000
vt 0.86474001 0.18821000
vt 0.86466002 0.17821001
vt 0.85865998 0.19727001
vt 0.74154001 0.18449999
vt 0.74893999 0.19115999
vt 0.78021997 0.18740000
vt 0.84652001 0.19533999
vt 0.82578999 0.18686999
vt 0.82145000 0.19429000
vt 0.79799002 0.19516000
vt 0.80651999 0.18551999
vt 0.77392000 0.19362000
vt 0.75115001 0.20054001
vt 0.71925998 0.20524000
vt 0.86475003 0.20193000
vt 0.81013000 0.20097999
vt 0.77561998 0.20071000
vt 0.76630998 0.21080001
vt 0.73760998 0.20683999
vt 0.73041999 0.20875999
vt 0.85387999 0.21276000
vt 0.84592003 0.20698000
vt 0.83587998 0.20952000
vt 0.78917003 0.21177000
vt 0.71753001 0.21173000
vt 0.81892997 0.21455000
vt 0.74668002 0.21606000
vt 0.86398000 0.22727001
vt 0.72583002 0.23059000
vt 0.84285998 0.23105000
vt 0.73799998 0.22957000
vt 0.85000998 0.22766000
vt 0.80294001 0.24696000
vt 0.73124999 0.23360001
vt 0.82332999 0.23380999
vt 0.78147000 0.22680999
vt 0.75984001 0.23153999
vt 0.75086999 0.25027999
vt 0.86480999 0.25367001
vt 0.71763998 0.25613001
vt 0.71912003 0.25799000
vt 0.78421003 0.25202999
vt 0.84929001 0.26639000
vt 0.76389998 0.27404001
vt 0.73847002 0.26624000
vt 0.73478001 0.25716001
vt 0.83813000 0.27348000
vt 0.82239997 0.26611999
vt 0.86387002 0.25995001
vt 0.72779000 0.27083001
vt 0.86395001 0.28986999
vt 0.79249001 0.27440000
vt 0.74392003 0.27548999
vt 0.86482000 0.28764999
vt 0.71929997 0.29183999
vt 0.81588000 0.28782001
vt 0.78404999 0.28658000
vt 0.75130999 0.29115000
vt 0.71772999 0.29209000
vt 0.84667999 0.29166001
vt 0.83192998 0.29161999
vt 0.73999000 0.29065001
vt 0.72874999 0.28839999
vt 0.78096002 0.29479000
vt 0.72785997 0.30386001
vt 0.85082000 0.31033000
vt 0.81686997 0.30043000
vt 0.73796999 0.30597001
vt 0.86400998 0.31933999
vt 0.86484998 0.31659001
vt 0.84161001 0.31757000
vt 0.83089000 0.30552000
vt 0.79857999 0.30706999
vt 0.78026003 0.31060001
vt 0.76243001 0.31092000
vt 0.74794000 0.31115001
vt 0.71777999 0.31942999
vt 0.71926999 0.32111001
vt 0.82073998 0.32244000
vt 0.77831000 0.32425001
vt 0.73741001 0.32464001
vt 0.72788000 0.32409999
vt 0.84934998 0.33230999
vt 0.75238001 0.32832000
vt 0.85819000 0.34075999
vt 0.84105003 0.33875000
vt 0.82493001 0.33741000
vt 0.80742002 0.34180999
vt 0.78731000 0.33669001
vt 0.76506001 0.34678999
vt 0.74730998 0.34128001
vt 0.72922999 0.34039000
vt 0.73667002 0.35076001
vt 0.71955001 0.36120999
vt 0.71784002 0.35789999
vt 0.86407000 0.37002999
vt 0.86487001 0.36147001
vt 0.79663002 0.35115001
vt 0.84987998 0.35947001
vt 0.84147000 0.36138001
vt 0.81624001 0.37149999
vt 0.82828999 0.36701000
vt 0.77980000 0.35964999
vt 0.74028999 0.37979001
vt 0.72802001 0.37033999
vt 0.85644001 0.37564000
vt 0.75261998 0.37325999
vt 0.77376002 0.38027999
vt 0.79356998 0.37404001
vt 0.83017999 0.39357999
vt 0.80078000 0.38844001
vt 0.71793002 0.39818999
vt 0.21015000 0.62402999
vt 0.21417999 0.62388998
vt 0.25088999 0.62408000
vt 0.84996998 0.39383000
vt 0.24374001 0.62392998
vt 0.86418003 0.39223999
vt 0.76451999 0.39646000
vt 0.71965998 0.40540999
vt 0.72723001 0.39934000
vt 0.86497003 0.40316999
vt 0.81097001 0.40002000
vt 0.74743998 0.40235999
vt 0.85512000 0.41439000
vt 0.73760003 0.40577999
vt 0.82422000 0.40891001
vt 0.79308999 0.41554001
vt 0.77528000 0.41093001
vt 0.72900999 0.41768000
vt 0.83620000 0.41751000
vt 0.86418003 0.41229999
vt 0.84627998 0.41964999
vt 0.80588001 0.42067999
vt 0.74940997 0.42596999
vt 0.74048001 0.42976001
vt 0.71794999 0.45080000
vt 0.30417001 0.62423003
vt 0.27710000 0.62393999
vt 0.76793998 0.42929000
vt 0.72640002 0.44501001
vt 0.86505002 0.44442001
vt 0.81129003 0.43357000
vt 0.85017002 0.43470001
vt 0.82599998 0.43142000
vt 0.84197003 0.44220001
vt 0.79048997 0.44007999
vt 0.85693002 0.46224001
vt 0.74589002 0.46072000
vt 0.81437999 0.45475000
vt 0.33182001 0.62410998
vt 0.86420000 0.44725001
vt 0.83245999 0.44929999
vt 0.73552001 0.45998001
vt 0.76192999 0.44925001
vt 0.77618998 0.46551999
vt 0.71785998 0.47810999
vt 0.71803999 0.46697000
vt 0.84913999 0.47194999
vt 0.79772002 0.47472000
vt 0.86518002 0.46720999
vt 0.86438000 0.47181001
vt 0.83512002 0.47268999
vt 0.76327002 0.47347000
vt 0.81352001 0.48398000
vt 0.78704000 0.48863000
vt 0.72627997 0.48872000
vt 0.73589998 0.48271999
vt 0.75707000 0.49054000
vt 0.74313998 0.49132001
vt 0.85746002 0.49155000
vt 0.71809000 0.49495000
vt 0.86527002 0.50362003
vt 0.86442000 0.49875000
vt 0.84942001 0.49353999
vt 0.84236002 0.50168997
vt 0.82252002 0.50501001
vt 0.78911000 0.50624001
vt 0.75037998 0.51670003
vt 0.73171997 0.51625001
vt 0.71814001 0.51620001
vt 0.85075003 0.51166999
vt 0.76473999 0.51371998
vt 0.71794999 0.54277998
vt 0.86440998 0.51756001
vt 0.84241998 0.52064002
vt 0.74295998 0.53056997
vt 0.85371000 0.52095002
vt 0.82720000 0.52493000
vt 0.80873001 0.52816999
vt 0.85715997 0.53270000
vt 0.74307001 0.54531002
vt 0.84954000 0.53340000
vt 0.78149998 0.52784002
vt 0.75704002 0.53094000
vt 0.71819001 0.54295999
vt 0.86527002 0.54852003
vt 0.86444002 0.54996997
vt 0.84246999 0.53913999
vt 0.80856001 0.53783000
vt 0.77797002 0.53978002
vt 0.72851002 0.54303002
vt 0.82685000 0.54282999
vt 0.85303998 0.55094999
vt 0.83634001 0.55053002
vt 0.80879003 0.54874003
vt 0.76934999 0.54942000
vt 0.78536999 0.55917001
vt 0.72069001 0.55918998
vt 0.71812999 0.55684000
vt 0.71785998 0.55922002
vt 0.86431998 0.55905002
vt 0.86517000 0.55994999
vt 0.86053997 0.55650997
vt 0.85377997 0.55914003
vt 0.82827002 0.55909997
vt 0.81253999 0.55905002
vt 0.73268998 0.55921000
vt 0.86166000 0.56004000
vt 0.83550000 0.56002003
vt 0.81318998 0.55996001
vt 0.76896000 0.55992001
vt 0.72070003 0.55988002
vt 0.71777999 0.56010002
vt 0.98736000 0.36113000
vt 0.48062000 0.57867998
vt 0.46217000 0.61054999
vt 0.46153000 0.61734998
vt 0.86527002 0.16782001
vt 0.86333001 0.16785000
vt 0.86470997 0.16940001
vt 0.46122000 0.63090003
vt 0.46125999 0.64217001
vt 0.46127000 0.66297001
vt 0.46118999 0.68150002
vt 0.46114999 0.70595998
vt 0.46105999 0.72239000
vt 0.46107000 0.73589998
vt 0.46094000 0.75313002
vt 0.46101001 0.75766999
vt 0.72323000 0.16821000
vt 0.46298000 0.76340002
vt 0.48359001 0.79162002
vt 0.86477000 0.17621000
vt 0.86014998 0.16785000
vt 0.86357999 0.17668000
vt 0.85154003 0.16806000
vt 0.84372997 0.17809001
vt 0.84012997 0.16810000
vt 0.83148998 0.17357001
vt 0.81906003 0.16825999
vt 0.81024998 0.17363000
vt 0.80031002 0.16813999
vt 0.78210998 0.17465000
vt 0.77553999 0.16824000
vt 0.75891000 0.16824999
vt 0.74523002 0.16824999
vt 0.74809003 0.17377999
vt 0.72779000 0.16823000
vt 0.85605001 0.18031999
vt 0.82435000 0.17873000
vt 0.79699999 0.17805000
vt 0.75669003 0.17896999
vt 0.78745002 0.18192001
vt 0.39017999 0.31138000
vt 0.38815001 0.31162000
vt 0.37803000 0.31176999
vt 0.36412001 0.31191999
vt 0.36504000 0.31151000
vt 0.34722000 0.31138000
vt 0.31167001 0.31186000
vt 0.31718001 0.31139001
vt 0.29124999 0.31136000
vt 0.27724001 0.31185001
vt 0.26488999 0.31134000
vt 0.24789999 0.31198001
vt 0.22127999 0.31134999
vt 0.20242000 0.31202000
vt 0.20489000 0.31132999
vt 0.17949000 0.31125000
vt 0.16015001 0.31200999
vt 0.15433000 0.31125000
vt 0.11834000 0.31189001
vt 0.11651000 0.31110999
vt 0.09672000 0.31119999
vt 0.09524000 0.31196001
vt 0.05833000 0.31191999
vt 0.06232000 0.31112999
vt 0.04401000 0.31114000
vt 0.01281000 0.31191000
vt 0.01710000 0.31108999
vt 0.00461000 0.31088999
vt 0.00124000 0.31198001
vt 0.00207000 0.31079000
vt 0.00120000 0.31073001
vt 0.37050000 0.54026997
vt 0.37175000 0.54008001
vt 0.37094000 0.53948998
vt 0.37200001 0.53662997
vt 0.37097001 0.52875000
vt 0.37206000 0.51073998
vt 0.37118000 0.50664997
vt 0.37200999 0.48864999
vt 0.37106001 0.48809999
vt 0.37114000 0.46735999
vt 0.37208000 0.44486001
vt 0.37112999 0.43573001
vt 0.37208000 0.39706999
vt 0.37097001 0.39689001
vt 0.37180001 0.39420000
vt 0.96705002 0.36607999
vt 0.47159001 0.58876997
vt 0.46412000 0.61707997
vt 0.39873999 0.31161001
vt 0.39706999 0.31141001
vt 0.39712000 0.30923000
vt 0.39890000 0.30906001
vt 0.38981000 0.30952001
vt 0.05500000 0.30423000
vt 0.36842999 0.53716999
vt 0.98714000 0.36533999
vt 0.47091001 0.60683000
vt 0.47172999 0.61149001
vt 0.47459000 0.76499999
vt 0.39313999 0.30533999
vt 0.38857001 0.30555999
vt 0.36129999 0.30155000
vt 0.34094000 0.30217001
vt 0.30281001 0.30346000
vt 0.28444999 0.29905000
vt 0.26427999 0.30055001
vt 0.18562999 0.29789999
vt 0.20928000 0.29848000
vt 0.16625001 0.29864001
vt 0.11741000 0.30078000
vt 0.10225000 0.29905000
vt 0.03152000 0.30001000
vt 0.00766000 0.29857999
vt 0.36164999 0.52269000
vt 0.36342001 0.50413001
vt 0.36212000 0.47341999
vt 0.36337000 0.45844999
vt 0.36342999 0.43601000
vt 0.36348000 0.41812000
vt 0.36208001 0.40019000
vt 0.35934001 0.39445999
vt 0.36285999 0.39410999
vt 0.97902000 0.36319000
vt 0.48166999 0.59403998
vt 0.47466001 0.61738002
vt 0.39712000 0.29853001
vt 0.39888999 0.29861999
vt 0.47766000 0.76340002
vt 0.48350999 0.79001999
vt 0.39298999 0.29829001
vt 0.23339000 0.29659000
vt 0.14405000 0.29664001
vt 0.08509000 0.29797000
vt 0.06945000 0.29918000
vt 0.00117000 0.29135001
vt 0.35089999 0.54053003
vt 0.35563999 0.53696001
vt 0.35993001 0.48350000
vt 0.35991001 0.44527000
vt 0.48389000 0.58047998
vt 0.48264000 0.58348000
vt 0.47878000 0.61023998
vt 0.48561999 0.77823001
vt 0.37665001 0.29655999
vt 0.47962999 0.79374999
vt 0.47962999 0.79763001
vt 0.47909001 0.79550999
vt 0.47955000 0.80474001
vt 0.76040000 0.62361002
vt 0.76051998 0.63283002
vt 0.75972003 0.63045001
vt 0.75910002 0.63527000
vt 0.76038003 0.65236998
vt 0.75914001 0.64631999
vt 0.75915003 0.66490000
vt 0.76042002 0.68132001
vt 0.75906998 0.69180000
vt 0.76050001 0.70784998
vt 0.75907999 0.72297001
vt 0.76037002 0.73260999
vt 0.75915003 0.73920000
vt 0.76055002 0.74529999
vt 0.76051003 0.75129002
vt 0.75917000 0.75862998
vt 0.76078999 0.75841999
vt 0.76119000 0.76005000
vt 0.75840998 0.76005000
vt 0.31654999 0.29466999
vt 0.65349001 0.89827001
vt 0.67339998 0.91207999
vt 0.63609999 0.91087002
vt 0.71077001 0.91961002
vt 0.73975003 0.91070002
vt 0.73098999 0.92109001
vt 0.75924999 0.91768998
vt 0.77807999 0.90759999
vt 0.79886001 0.90736997
vt 0.78435999 0.92016000
vt 0.79969001 0.91882002
vt 0.04837000 0.29200000
vt 0.81891000 0.90732998
vt 0.81721002 0.92299998
vt 0.84722000 0.93058997
vt 0.84726000 0.93217999
vt 0.84625000 0.93208998
vt 0.98782003 0.96175998
vt 0.98977000 0.96166003
vt 0.98782003 0.96029001
vt 0.99105000 0.95818001
vt 0.00219000 0.28988999
vt 0.35578001 0.49687001
vt 0.35056001 0.42646000
vt 0.35466999 0.41165000
vt 0.88453001 0.38053000
vt 0.88370001 0.34450001
vt 0.87813002 0.35896999
vt 0.75862002 0.62190002
vt 0.75607997 0.62382001
vt 0.75454003 0.67294002
vt 0.75624001 0.68479002
vt 0.75616002 0.69896001
vt 0.75598001 0.72520000
vt 0.75647998 0.73688000
vt 0.75612998 0.74924999
vt 0.75580001 0.75853997
vt 0.35328999 0.29277000
vt 0.06540000 0.29089999
vt 0.02404000 0.28972000
vt 0.00719000 0.28795999
vt 0.35052001 0.51867998
vt 0.34994000 0.50342000
vt 0.34367001 0.47769001
vt 0.34840000 0.46386999
vt 0.34793001 0.44439000
vt 0.48442000 0.60253000
vt 0.74686003 0.62181002
vt 0.74963999 0.62357998
vt 0.75146002 0.62638998
vt 0.39296001 0.28644001
vt 0.74773002 0.64881998
vt 0.75049001 0.69599003
vt 0.75046998 0.70937002
vt 0.74456000 0.76007003
vt 0.33676001 0.28927001
vt 0.31314000 0.28358999
vt 0.26723999 0.28534999
vt 0.24422000 0.28470999
vt 0.20292000 0.28771999
vt 0.18426000 0.28288999
vt 0.08690000 0.28406000
vt 0.85982001 0.95164001
vt 0.85966003 0.95311999
vt 0.86145002 0.95336998
vt 0.34477001 0.52881998
vt 0.49125999 0.61719000
vt 0.39892000 0.28220001
vt 0.39708000 0.28760001
vt 0.50704998 0.76519001
vt 0.48526001 0.79158998
vt 0.74849999 0.63110000
vt 0.74466002 0.66281003
vt 0.74576002 0.68368000
vt 0.74480999 0.73211998
vt 0.74387997 0.74651003
vt 0.73737001 0.75849998
vt 0.37771001 0.28329000
vt 0.35236001 0.28029001
vt 0.28683999 0.27737999
vt 0.15394001 0.28443000
vt 0.12191000 0.28736001
vt 0.33471999 0.53724998
vt 0.32793999 0.39403999
vt 0.33555999 0.39447001
vt 0.98707998 0.33948001
vt 0.49687999 0.76835001
vt 0.51099002 0.78641999
vt 0.73914999 0.63843000
vt 0.74289000 0.70706999
vt 0.74058002 0.71974999
vt 0.04399000 0.28143001
vt 0.01723000 0.27882999
vt 0.33407000 0.53961003
vt 0.33902001 0.40551999
vt 0.97648001 0.34191999
vt 0.49877000 0.58451998
vt 0.39704999 0.27599001
vt 0.50830001 0.76341999
vt 0.73389000 0.62664002
vt 0.73540002 0.63101000
vt 0.73754001 0.64999998
vt 0.73813999 0.69716001
vt 0.22138000 0.27935001
vt 0.17000000 0.27048999
vt 0.11636000 0.27900001
vt 0.06728000 0.27776000
vt 0.02904000 0.27825001
vt 0.86307001 0.93919998
vt 0.86162001 0.93695998
vt 0.99293000 0.95260000
vt 0.99449998 0.94989997
vt 0.99305999 0.93728000
vt 0.99461001 0.93507999
vt 0.32778999 0.52947998
vt 0.33423001 0.51880997
vt 0.33574000 0.50138003
vt 0.31360000 0.48063999
vt 0.33329999 0.44766000
vt 0.32745999 0.42888001
vt 0.33838001 0.41731000
vt 0.33355001 0.39719000
vt 0.50834000 0.61157000
vt 0.51221001 0.78991002
vt 0.73310000 0.62342000
vt 0.73127002 0.62177002
vt 0.30969000 0.27011999
vt 0.14094999 0.26980999
vt 0.00488000 0.24626000
vt 0.00112000 0.26444000
vt 0.32369000 0.54057002
vt 0.50208002 0.59785998
vt 0.50805998 0.77525997
vt 0.39372000 0.26971000
vt 0.73506999 0.67179000
vt 0.73501998 0.68550998
vt 0.72886997 0.71271002
vt 0.72864002 0.72776997
vt 0.73439997 0.74127001
vt 0.37259001 0.26299000
vt 0.25700000 0.27045000
vt 0.19532999 0.26339999
vt 0.09302000 0.26916999
vt 0.04452000 0.26752999
vt 0.31758001 0.51365000
vt 0.33081001 0.45785001
vt 0.96713001 0.32273999
vt 0.97003001 0.33160999
vt 0.71801001 0.66060001
vt 0.72404999 0.67575002
vt 0.72232997 0.69998002
vt 0.35925999 0.26734000
vt 0.22842000 0.25953999
vt 0.07227000 0.26008999
vt 0.01767000 0.25847000
vt 0.30835000 0.49428001
vt 0.31625000 0.46048999
vt 0.98733997 0.32330000
vt 0.51893002 0.57881999
vt 0.50863999 0.60479999
vt 0.51590002 0.61728001
vt 0.39897001 0.25781000
vt 0.72301000 0.69023001
vt 0.72381997 0.75836003
vt 0.38273999 0.25830001
vt 0.33802000 0.26693001
vt 0.11929000 0.25865000
vt 0.31446001 0.52228999
vt 0.31902000 0.41251999
vt 0.52891999 0.59119999
vt 0.39704999 0.26174000
vt 0.71691000 0.62347001
vt 0.70898002 0.76007998
vt 0.00215000 0.25665000
vt 0.30219999 0.50163001
vt 0.30992001 0.40439999
vt 0.97829998 0.31826001
vt 0.52964997 0.58052999
vt 0.51626998 0.59672999
vt 0.52811003 0.76833999
vt 0.52032000 0.79163998
vt 0.70047998 0.63041002
vt 0.71070999 0.72711998
vt 0.29426000 0.25804001
vt 0.26870000 0.25121999
vt 0.02892000 0.25310001
vt 0.00827000 0.23924001
vt 0.31053001 0.44084999
vt 0.98694003 0.30605999
vt 0.52732998 0.77416998
vt 0.39287999 0.25013000
vt 0.70940000 0.62172002
vt 0.36001000 0.25599000
vt 0.34632000 0.25510001
vt 0.32056999 0.25558999
vt 0.14432999 0.25290999
vt 0.09942000 0.25312999
vt 0.29385000 0.46788999
vt 0.53179997 0.58375001
vt 0.52419001 0.60132998
vt 0.70516998 0.63516003
vt 0.70656002 0.64447999
vt 0.69553000 0.68299001
vt 0.69717997 0.69051999
vt 0.71279001 0.75843000
vt 0.05536000 0.25038999
vt 0.29855999 0.53964001
vt 0.30860999 0.39625999
vt 0.97009999 0.31035000
vt 0.52933002 0.61080003
vt 0.39706999 0.25018001
vt 0.39895999 0.24978000
vt 0.52416003 0.78551000
vt 0.70828003 0.65134001
vt 0.30713999 0.24316999
vt 0.30052000 0.53706002
vt 0.52753001 0.78921002
vt 0.36680001 0.24279000
vt 0.33627000 0.24315000
vt 0.20891000 0.24415000
vt 0.16857000 0.24617000
vt 0.64955997 0.48669001
vt 0.68053001 0.48304000
vt 0.66083997 0.46417999
vt 0.29804000 0.41321999
vt 0.27853000 0.39949000
vt 0.29380000 0.39392000
vt 0.53720999 0.76349002
vt 0.38130000 0.24455000
vt 0.70358002 0.62352002
vt 0.69588000 0.67483997
vt 0.69616002 0.70341998
vt 0.69835001 0.74392998
vt 0.69790000 0.75861001
vt 0.23932000 0.24631999
vt 0.07582000 0.23395000
vt 0.00091000 0.22621000
vt 0.28501999 0.54057997
vt 0.29695001 0.52727002
vt 0.29269999 0.42490000
vt 0.96719998 0.29313999
vt 0.52402002 0.61737001
vt 0.69318002 0.66332000
vt 0.28977001 0.23091000
vt 0.16067000 0.23380999
vt 0.13349000 0.23295000
vt 0.11583000 0.23180000
vt 0.09230000 0.23356000
vt 0.05162000 0.23650999
vt 0.02705000 0.23464000
vt 0.29218000 0.51591998
vt 0.55208999 0.59412998
vt 0.53890002 0.78661001
vt 0.53726000 0.79165000
vt 0.39313999 0.22109000
vt 0.67598999 0.62168002
vt 0.68603998 0.71815997
vt 0.68159997 0.72947001
vt 0.26402000 0.23172000
vt 0.23785999 0.23844001
vt 0.99283999 0.90973997
vt 0.99478000 0.90319002
vt 0.99300998 0.89577001
vt 0.29058999 0.44496000
vt 0.55167001 0.61059999
vt 0.39899001 0.22348000
vt 0.39708999 0.23097999
vt 0.68575001 0.62343001
vt 0.37847000 0.22932000
vt 0.68289000 0.64488000
vt 0.68550003 0.65267003
vt 0.35106999 0.23163000
vt 0.27835000 0.40564999
vt 0.97845000 0.28226000
vt 0.98728001 0.29043001
vt 0.55221999 0.57885998
vt 0.55475003 0.58397001
vt 0.55074000 0.60266000
vt 0.68005002 0.63608003
vt 0.32898000 0.23341000
vt 0.28108001 0.45010999
vt 0.55697000 0.76516002
vt 0.55035001 0.77841002
vt 0.68647999 0.76008999
vt 0.36559001 0.22274999
vt 0.21781000 0.22629000
vt 0.18735000 0.22803000
vt 0.06086000 0.21800999
vt 0.01298000 0.22040001
vt 0.28422999 0.41280001
vt 0.24551000 0.39438000
vt 0.55501002 0.76907003
vt 0.55561000 0.78816003
vt 0.55944997 0.79167998
vt 0.34263000 0.21595000
vt 0.31861001 0.21698999
vt 0.03442000 0.21936999
vt 0.99295002 0.87593001
vt 0.39565000 0.37198001
vt 0.39671001 0.36963999
vt 0.39664999 0.37529001
vt 0.39456001 0.37485000
vt 0.39932001 0.37491000
vt 0.39646000 0.37832999
vt 0.39234999 0.37836999
vt 0.39928001 0.37836999
vt 0.34259000 0.56217998
vt 0.34165001 0.56015003
vt 0.34483999 0.56000000
vt 0.25992000 0.74374002
vt 0.25690001 0.74216998
vt 0.25847000 0.74033999
vt 0.26159000 0.75010002
vt 0.25996000 0.75169998
vt 0.25909999 0.75006002
vt 0.25898001 0.75354999
vt 0.26027000 0.74027002
vt 0.26107001 0.74298000
vt 0.25781000 0.73784000
vt 0.25898001 0.73763001
vt 0.98684001 0.28227001
vt 0.55576998 0.58058000
vt 0.55061001 0.61730999
vt 0.39901999 0.21092001
vt 0.67703003 0.74368000
vt 0.27858999 0.21499000
vt 0.24121000 0.21766999
vt 0.01986000 0.20570000
vt 0.00221000 0.21447000
vt 0.27004001 0.53665000
vt 0.27658001 0.52788001
vt 0.27118000 0.48655999
vt 0.26425999 0.46021000
vt 0.39596000 0.36405000
vt 0.39730999 0.36068001
vt 0.39798999 0.36151001
vt 0.34132999 0.56735998
vt 0.33665001 0.57330000
vt 0.33947000 0.56568003
vt 0.39377999 0.37007001
vt 0.39160001 0.37413999
vt 0.39059001 0.37077001
vt 0.38914001 0.37360999
vt 0.39006001 0.37689999
vt 0.38769001 0.37687999
vt 0.39713001 0.21668001
vt 0.55795002 0.76350999
vt 0.66692001 0.63142997
vt 0.37750000 0.21335000
vt 0.67383999 0.66961002
vt 0.66582000 0.68800998
vt 0.66854000 0.70604998
vt 0.66763997 0.75853002
vt 0.16361000 0.21292000
vt 0.13056000 0.21407001
vt 0.10788000 0.20582999
vt 0.09541000 0.21557000
vt 0.26853001 0.50634998
vt 0.27563000 0.41699001
vt 0.26916000 0.42837000
vt 0.25832999 0.39620000
vt 0.39570001 0.35426000
vt 0.39776000 0.35275000
vt 0.39484999 0.36144999
vt 0.39853001 0.35268000
vt 0.39313000 0.36568001
vt 0.38982001 0.36010000
vt 0.38874000 0.36197999
vt 0.33410999 0.57018000
vt 0.33783001 0.56607997
vt 0.38802999 0.36406001
vt 0.38946000 0.36892000
vt 0.38642001 0.36816999
vt 0.33654001 0.56431001
vt 0.38630000 0.37253001
vt 0.38490000 0.37083000
vt 0.38473001 0.37472001
vt 0.20558000 0.19840001
vt 0.18842000 0.19606000
vt 0.86497003 0.88186997
vt 0.87094003 0.90300000
vt 0.86839002 0.85993999
vt 0.39405000 0.34470999
vt 0.39679000 0.34490001
vt 0.39653999 0.34593001
vt 0.39291000 0.34529999
vt 0.39912999 0.34489000
vt 0.39857000 0.34656999
vt 0.38848999 0.34509999
vt 0.38973999 0.34722999
vt 0.38784000 0.34691000
vt 0.39634001 0.34832999
vt 0.32978001 0.58538002
vt 0.32844001 0.58638000
vt 0.32986999 0.58341002
vt 0.38907000 0.35049999
vt 0.38721001 0.35012999
vt 0.39232999 0.35099000
vt 0.39594001 0.35161000
vt 0.33320999 0.58052999
vt 0.39921999 0.34834999
vt 0.38685000 0.35332000
vt 0.38848999 0.35365999
vt 0.39386001 0.35635000
vt 0.38620999 0.35648999
vt 0.38788000 0.35690001
vt 0.39127001 0.35747001
vt 0.33239999 0.58020997
vt 0.33059999 0.57582998
vt 0.38565001 0.35824001
vt 0.38723001 0.36001000
vt 0.33267999 0.57108003
vt 0.66746998 0.97244000
vt 0.66756999 0.97452998
vt 0.66549999 0.97451001
vt 0.66552001 0.97109002
vt 0.66753000 0.97878999
vt 0.66518998 0.97895002
vt 0.66715002 0.98171002
vt 0.66605002 0.98180002
vt 0.66842002 0.98339999
vt 0.66495001 0.98404002
vt 0.66877002 0.98602003
vt 0.66526997 0.98653001
vt 0.56874001 0.58971000
vt 0.56169999 0.60316998
vt 0.56440002 0.61137998
vt 0.67089999 0.62331003
vt 0.00835000 0.19227999
vt 0.00543000 0.18967000
vt 0.25985000 0.51692998
vt 0.38257000 0.52215999
vt 0.38146999 0.52260000
vt 0.38064000 0.52135998
vt 0.66237998 0.95630002
vt 0.66307002 0.95807999
vt 0.66171002 0.95819998
vt 0.66083002 0.95625001
vt 0.66384000 0.96122003
vt 0.66213000 0.96122998
vt 0.66408002 0.96436000
vt 0.66242999 0.96438003
vt 0.66421998 0.96749002
vt 0.66273999 0.96755999
vt 0.66425002 0.96926999
vt 0.66236001 0.97109002
vt 0.66284001 0.97465003
vt 0.66324002 0.97749001
vt 0.66363001 0.98079002
vt 0.18017000 0.36502999
vt 0.17682000 0.36412001
vt 0.17876001 0.36254001
vt 0.17429000 0.36333999
vt 0.17622000 0.36144000
vt 0.17381001 0.35907000
vt 0.17589000 0.35868001
vt 0.17377999 0.35490999
vt 0.17566000 0.35493001
vt 0.17460001 0.35144001
vt 0.17602000 0.35264000
vt 0.57062000 0.61597002
vt 0.56331998 0.61737001
vt 0.58135003 0.78671002
vt 0.39295000 0.21031000
vt 0.66033000 0.66077000
vt 0.14113000 0.19592001
vt 0.04771000 0.19599999
vt 0.23088001 0.53970999
vt 0.38495001 0.51995999
vt 0.65916997 0.95822001
vt 0.65929002 0.96130002
vt 0.65930998 0.96477002
vt 0.66091001 0.96736997
vt 0.65910000 0.96802998
vt 0.32900000 0.57261002
vt 0.33001000 0.57317001
vt 0.32769999 0.57634002
vt 0.32631001 0.57402998
vt 0.66027999 0.97289997
vt 0.19073001 0.36587000
vt 0.18587001 0.36412001
vt 0.18693000 0.36254999
vt 0.18352000 0.36263001
vt 0.18253000 0.35844001
vt 0.32712001 0.56524998
vt 0.32995999 0.56748998
vt 0.32760000 0.56849003
vt 0.97539997 0.26750001
vt 0.98697001 0.25988001
vt 0.58315003 0.57889998
vt 0.39741999 0.20785999
vt 0.38571000 0.20394000
vt 0.65029001 0.65183997
vt 0.65340000 0.67492998
vt 0.64179999 0.74896002
vt 0.65828001 0.76008999
vt 0.33234000 0.19893999
vt 0.23525000 0.20089000
vt 0.08894000 0.19723000
vt 0.25165001 0.52582997
vt 0.65530002 0.95638001
vt 0.65349001 0.95797998
vt 0.65590000 0.96135998
vt 0.65594000 0.96415001
vt 0.65728003 0.96638000
vt 0.65579998 0.96741998
vt 0.93017000 0.65529001
vt 0.93344998 0.65411001
vt 0.93057001 0.65199000
vt 0.93326002 0.65182000
vt 0.93743002 0.65363997
vt 0.93761998 0.65158999
vt 0.19072001 0.35835001
vt 0.19091000 0.35547999
vt 0.19309001 0.35583001
vt 0.94018000 0.65175003
vt 0.32367000 0.57288003
vt 0.32400000 0.57503003
vt 0.32235000 0.57450998
vt 0.57607001 0.60376000
vt 0.56659001 0.61748999
vt 0.39905000 0.20777000
vt 0.58139002 0.78994000
vt 0.65728998 0.64081001
vt 0.65771002 0.73466003
vt 0.65667999 0.75827003
vt 0.35775000 0.19738001
vt 0.29534999 0.20045000
vt 0.26363999 0.19665000
vt 0.02696000 0.18700001
vt 0.01310000 0.18548000
vt 0.64626002 0.96139997
vt 0.64965999 0.96600002
vt 0.64977998 0.96732998
vt 0.93036002 0.64599001
vt 0.93765002 0.64861000
vt 0.93962002 0.64859003
vt 0.23470999 0.73570001
vt 0.22959000 0.72529000
vt 0.24183001 0.73302001
vt 0.97021002 0.22338000
vt 0.96706998 0.26896000
vt 0.58209997 0.79167998
vt 0.39704999 0.20163000
vt 0.65192002 0.62168002
vt 0.65499002 0.62344003
vt 0.37913001 0.19581001
vt 0.06830000 0.19177000
vt 0.25213000 0.44437000
vt 0.24058001 0.42895001
vt 0.23936000 0.41806000
vt 0.25016001 0.40757999
vt 0.24708000 0.39390001
vt 0.64410001 0.95815003
vt 0.64488000 0.96398997
vt 0.93339002 0.64494002
vt 0.93759000 0.64520001
vt 0.58230001 0.58055001
vt 0.58271003 0.58393002
vt 0.58122998 0.59723002
vt 0.56737000 0.61820000
vt 0.58170998 0.61794001
vt 0.65385997 0.69665998
vt 0.64880002 0.72402000
vt 0.16063000 0.19201000
vt 0.12632000 0.18911000
vt 0.25097999 0.53261000
vt 0.25148001 0.48458999
vt 0.64409000 0.96585000
vt 0.64254999 0.96724999
vt 0.93045002 0.63879001
vt 0.93751001 0.63889998
vt 0.93943000 0.63915002
vt 0.58135003 0.60723001
vt 0.58740002 0.61115003
vt 0.59735000 0.76841003
vt 0.39329001 0.19013999
vt 0.64458001 0.64530998
vt 0.63681000 0.71594000
vt 0.00217000 0.19033000
vt 0.00094000 0.18963000
vt 0.24801999 0.54073000
vt 0.23339000 0.39666000
vt 0.37863001 0.51119000
vt 0.37731001 0.50885999
vt 0.37854001 0.50160998
vt 0.93339998 0.63508999
vt 0.58674002 0.77328998
vt 0.39715001 0.18976000
vt 0.64367998 0.63042998
vt 0.63643003 0.63742000
vt 0.30748999 0.18874000
vt 0.25358000 0.18303999
vt 0.64873999 0.95656002
vt 0.63801998 0.95829999
vt 0.63704002 0.96152002
vt 0.63103998 0.96390998
vt 0.63418001 0.96578997
vt 0.58736002 0.59035999
vt 0.59644997 0.76512003
vt 0.36234999 0.18404999
vt 0.34147999 0.17738000
vt 0.32736999 0.17931999
vt 0.16553000 0.17437001
vt 0.24096000 0.45987999
vt 0.93746001 0.62695998
vt 0.93927997 0.62923998
vt 0.59012997 0.60324001
vt 0.63107997 0.62351000
vt 0.37977001 0.18471000
vt 0.61983001 0.73724002
vt 0.62550998 0.75862998
vt 0.62439001 0.76010001
vt 0.28262001 0.17174000
vt 0.22680999 0.17524999
vt 0.23948000 0.51368999
vt 0.22634000 0.49399999
vt 0.23951000 0.47294000
vt 0.93340999 0.61992002
vt 0.59536999 0.60736001
vt 0.60000998 0.61466002
vt 0.59740001 0.61714000
vt 0.60983998 0.76357001
vt 0.63738000 0.66422999
vt 0.10183000 0.17614999
vt 0.02142000 0.17189001
vt 0.22820000 0.44657999
vt 0.61224997 0.95849001
vt 0.62393999 0.96733999
vt 0.93070000 0.62029999
vt 0.98148000 0.23717999
vt 0.98667997 0.22172999
vt 0.60034001 0.77644002
vt 0.60768002 0.78644001
vt 0.39319000 0.16768999
vt 0.63305002 0.68150002
vt 0.62835002 0.69906002
vt 0.37114999 0.16151001
vt 0.31630000 0.15217000
vt 0.20352000 0.17170000
vt 0.05063000 0.16795000
vt 0.21985000 0.53731000
vt 0.23322000 0.53222001
vt 0.60478997 0.95683998
vt 0.62058002 0.96596998
vt 0.96714002 0.22687000
vt 0.97740000 0.22475000
vt 0.60993999 0.59714001
vt 0.30077001 0.15545000
vt 0.00224000 0.14569999
vt 0.23141000 0.52541000
vt 0.22851001 0.40889999
vt 0.61773002 0.96385998
vt 0.93746001 0.61843997
vt 0.93917000 0.61395001
vt 0.60580999 0.58058000
vt 0.60456997 0.58415002
vt 0.60684001 0.78974998
vt 0.38135001 0.17025000
vt 0.35231000 0.15782000
vt 0.18887000 0.15944000
vt 0.13413000 0.17195000
vt 0.00090000 0.15031999
vt 0.20826000 0.54069000
vt 0.21619999 0.51762003
vt 0.61548001 0.96166998
vt 0.93282998 0.61602002
vt 0.20405000 0.68041003
vt 0.20407000 0.67509001
vt 0.20457999 0.68150997
vt 0.20451000 0.67409998
vt 0.61900997 0.63050997
vt 0.62099999 0.63432997
vt 0.61827999 0.64582002
vt 0.62598997 0.65701002
vt 0.62256998 0.75554001
vt 0.02659000 0.15414000
vt 0.61448997 0.96579999
vt 0.93342000 0.61286002
vt 0.93734998 0.60907000
vt 0.20268001 0.68200999
vt 0.20021001 0.67227000
vt 0.20135000 0.66900003
vt 0.20248000 0.67365003
vt 0.62182999 0.61039001
vt 0.62023002 0.61809999
vt 0.60997999 0.76512998
vt 0.61009997 0.77429998
vt 0.62844998 0.79171997
vt 0.61216998 0.66898000
vt 0.26367000 0.16754000
vt 0.20095000 0.39647999
vt 0.20332000 0.39381999
vt 0.60272002 0.96741998
vt 0.93094999 0.59925002
vt 0.93361002 0.60114998
vt 0.19596000 0.68786001
vt 0.20032001 0.68536001
vt 0.19824000 0.68861002
vt 0.19810000 0.67936999
vt 0.20146000 0.66756999
vt 0.19758999 0.66544998
vt 0.19845000 0.66499001
vt 0.61769003 0.59258997
vt 0.62335998 0.61714000
vt 0.39706999 0.16177000
vt 0.60734999 0.62345999
vt 0.61682999 0.69252998
vt 0.61807001 0.74844998
vt 0.14974000 0.15554000
vt 0.10076000 0.16181000
vt 0.01040000 0.13435000
vt 0.21470000 0.53139001
vt 0.21398000 0.45765001
vt 0.21276000 0.42045000
vt 0.20620000 0.41007000
vt 0.20514999 0.39427000
vt 0.60201001 0.96385998
vt 0.19264001 0.68968999
vt 0.18970001 0.68049997
vt 0.62239999 0.58396000
vt 0.60372001 0.63624001
vt 0.60233003 0.65193999
vt 0.37976000 0.15254000
vt 0.24496999 0.15953000
vt 0.21446000 0.15727000
vt 0.00505000 0.13285001
vt 0.20875999 0.44123000
vt 0.59871000 0.95850003
vt 0.59943002 0.96174002
vt 0.93730998 0.59969997
vt 0.93902999 0.59996998
vt 0.19008000 0.68432999
vt 0.62282002 0.58058000
vt 0.65233999 0.60363001
vt 0.61309999 0.76357001
vt 0.61746001 0.76519001
vt 0.60573000 0.62168002
vt 0.39320001 0.14135000
vt 0.32991999 0.14282000
vt 0.26304001 0.13518000
vt 0.98887998 0.80774999
vt 0.99168998 0.83091003
vt 0.99168003 0.81257999
vt 0.20972000 0.48773000
vt 0.19885001 0.46792001
vt 0.59561002 0.96595001
vt 0.18595999 0.68724000
vt 0.18544000 0.68851000
vt 0.61694998 0.76357001
vt 0.98699999 0.21106000
vt 0.63261998 0.57893002
vt 0.62787002 0.78662002
vt 0.60257000 0.70651001
vt 0.23221999 0.14235000
vt 0.18863000 0.14300001
vt 0.13146000 0.14080000
vt 0.11251000 0.14263000
vt 0.08739000 0.14711000
vt 0.05608000 0.13076000
vt 0.04123000 0.14245000
vt 0.38604999 0.44499001
vt 0.38589001 0.47016999
vt 0.38409001 0.44738999
vt 0.18807000 0.69480997
vt 0.18250000 0.69029999
vt 0.18589000 0.69125003
vt 0.18246999 0.68418002
vt 0.18432000 0.67843997
vt 0.18598001 0.67908001
vt 0.18460000 0.68559998
vt 0.62835997 0.79014999
vt 0.39700001 0.14684001
vt 0.59153998 0.68324000
vt 0.60279000 0.69218999
vt 0.19088000 0.50234997
vt 0.93316001 0.59112000
vt 0.93729001 0.59099001
vt 0.18189999 0.68526000
vt 0.65289998 0.60670000
vt 0.63012999 0.77643001
vt 0.58405000 0.76007998
vt 0.56194001 0.52652001
vt 0.55295002 0.49816000
vt 0.53522998 0.50975001
vt 0.59320003 0.96759999
vt 0.93105000 0.58982003
vt 0.93902999 0.58857000
vt 0.59526998 0.72121000
vt 0.59408998 0.74436003
vt 0.58010000 0.75534999
vt 0.19638000 0.53972000
vt 0.18926001 0.40897000
vt 0.58471000 0.95687997
vt 0.57933998 0.96183997
vt 0.93344003 0.58797997
vt 0.93761998 0.58779001
vt 0.96715999 0.20405000
vt 0.97008997 0.20309000
vt 0.64111000 0.58912998
vt 0.64139998 0.59922999
vt 0.63786000 0.59446001
vt 0.64827001 0.61715001
vt 0.58999997 0.63120002
vt 0.58936000 0.64352000
vt 0.38102999 0.13707000
vt 0.15301999 0.14053001
vt 0.02726000 0.12008000
vt 0.01741000 0.11535000
vt 0.99208999 0.78802001
vt 0.18865000 0.53219998
vt 0.19639000 0.48519999
vt 0.18905000 0.40029001
vt 0.58644998 0.95859998
vt 0.58313000 0.96401000
vt 0.58375001 0.96601999
vt 0.58530003 0.96771002
vt 0.93115002 0.58200997
vt 0.93295997 0.58402002
vt 0.93729001 0.58469999
vt 0.17704999 0.68712002
vt 0.17208000 0.68914002
vt 0.17375000 0.68355000
vt 0.64209998 0.61811000
vt 0.64736003 0.76876003
vt 0.59307998 0.62340999
vt 0.58719999 0.66868001
vt 0.58671999 0.69967997
vt 0.36664000 0.13489000
vt 0.34533000 0.11862000
vt 0.28907999 0.12673000
vt 0.17528000 0.52222002
vt 0.18555000 0.51542002
vt 0.18910000 0.42736000
vt 0.25735000 0.57528001
vt 0.25826001 0.57674998
vt 0.23876999 0.57739002
vt 0.17589000 0.66424000
vt 0.17397000 0.67012000
vt 0.16858000 0.67512000
vt 0.63950002 0.78671998
vt 0.59263998 0.62167001
vt 0.57771999 0.75840998
vt 0.16213000 0.12542000
vt 0.19385000 0.11821000
vt 0.08996000 0.11373000
vt 0.57477999 0.95866001
vt 0.24586999 0.57550001
vt 0.93343002 0.57726002
vt 0.93721998 0.57751000
vt 0.97720999 0.18656000
vt 0.65640998 0.61094999
vt 0.64995003 0.76519001
vt 0.65689999 0.79176003
vt 0.39331001 0.11505000
vt 0.11305000 0.11699000
vt 0.06779000 0.12323000
vt 0.17145000 0.49138999
vt 0.18016000 0.47957000
vt 0.38235000 0.43465000
vt 0.57595003 0.96750998
vt 0.93070000 0.57283002
vt 0.65226001 0.76362002
vt 0.39695001 0.11427000
vt 0.32709000 0.11378000
vt 0.23197000 0.12462000
vt 0.18204001 0.44363999
vt 0.14253999 0.39431000
vt 0.38633001 0.42633000
vt 0.56379998 0.95699000
vt 0.56993002 0.96407998
vt 0.57268000 0.96605998
vt 0.23498000 0.57581002
vt 0.66034001 0.58415997
vt 0.65125000 0.78622001
vt 0.65086001 0.78999001
vt 0.57964998 0.65192997
vt 0.58151001 0.73307002
vt 0.00087000 0.11327000
vt 0.17079000 0.54073000
vt 0.17433000 0.53969997
vt 0.17405000 0.46722001
vt 0.56751001 0.96183997
vt 0.56883001 0.96739000
vt 0.93292999 0.56735998
vt 0.93058002 0.56585002
vt 0.93690997 0.56599998
vt 0.66036999 0.61815000
vt 0.66004997 0.77519000
vt 0.37886000 0.12239000
vt 0.35984999 0.11022000
vt 0.13473000 0.10821000
vt 0.03660000 0.10684000
vt 0.00220000 0.10184000
vt 0.56130999 0.95864999
vt 0.56606001 0.96609998
vt 0.66671997 0.58069998
vt 0.56351000 0.63173997
vt 0.56998998 0.69281000
vt 0.16335000 0.43086001
vt 0.16877000 0.39631999
vt 0.15797000 0.39388999
vt 0.92947000 0.56304997
vt 0.93111998 0.56219000
vt 0.93379998 0.56177002
vt 0.22714999 0.57764000
vt 0.23009001 0.57580000
vt 0.93664002 0.56146002
vt 0.96710002 0.17027999
vt 0.98661000 0.17365000
vt 0.98698002 0.17239000
vt 0.67176002 0.57901001
vt 0.65718001 0.59355003
vt 0.56816000 0.62168998
vt 0.56726998 0.64020002
vt 0.57164001 0.66700000
vt 0.56830001 0.68366998
vt 0.57205999 0.71476001
vt 0.16316000 0.45363000
vt 0.16503000 0.41426000
vt 0.55918002 0.96407998
vt 0.56152999 0.96596003
vt 0.92965001 0.55861002
vt 0.93212003 0.55861002
vt 0.22629000 0.57559001
vt 0.66905999 0.61425000
vt 0.67123002 0.61723000
vt 0.68045998 0.76911998
vt 0.68207997 0.78685999
vt 0.56277001 0.74158001
vt 0.56335998 0.75468999
vt 0.25296000 0.11047000
vt 0.22691999 0.10321000
vt 0.17122000 0.10864000
vt 0.06950000 0.09622000
vt 0.05202000 0.09879000
vt 0.16858000 0.53301001
vt 0.15222000 0.52705002
vt 0.16013999 0.50215000
vt 0.16598000 0.40509000
vt 0.38218999 0.42456001
vt 0.38672000 0.41870001
vt 0.55646002 0.95678002
vt 0.55584002 0.96183997
vt 0.55831999 0.96600997
vt 0.92973000 0.55545002
vt 0.93351001 0.55526000
vt 0.93579000 0.55634999
vt 0.22282000 0.57769001
vt 0.93808001 0.55877000
vt 0.94002002 0.55536002
vt 0.93717998 0.55530000
vt 0.97029001 0.16943000
vt 0.66826999 0.59536999
vt 0.68449998 0.60341001
vt 0.67870998 0.79032999
vt 0.37512001 0.10868000
vt 0.56616998 0.62343001
vt 0.55904001 0.65169001
vt 0.55881000 0.65965998
vt 0.56427997 0.76008999
vt 0.29655999 0.10396000
vt 0.27476999 0.10305000
vt 0.86491001 0.78381997
vt 0.86755002 0.76186001
vt 0.86409003 0.75338000
vt 0.38251001 0.41554001
vt 0.38405001 0.41332999
vt 0.55561000 0.96441001
vt 0.55513000 0.96651000
vt 0.92987001 0.55227000
vt 0.93273002 0.55204999
vt 0.93048000 0.55084997
vt 0.93738002 0.55230999
vt 0.94006002 0.55228001
vt 0.68759000 0.58991998
vt 0.67759001 0.76523000
vt 0.68847001 0.76368999
vt 0.38527000 0.10412000
vt 0.55680001 0.72849000
vt 0.55585998 0.71385002
vt 0.15343000 0.09969000
vt 0.00721000 0.08396000
vt 0.15865999 0.48144999
vt 0.54535002 0.95853001
vt 0.21483000 0.58447999
vt 0.21349999 0.58420998
vt 0.21686000 0.58033001
vt 0.55089998 0.96526003
vt 0.21483000 0.57714999
vt 0.21682000 0.57701999
vt 0.55150998 0.96654999
vt 0.55390000 0.96749002
vt 0.55246001 0.96749002
vt 0.93699002 0.54934001
vt 0.93563998 0.54793000
vt 0.94018000 0.54949999
vt 0.93096000 0.46127000
vt 0.92785001 0.46010000
vt 0.93008000 0.46257001
vt 0.92769998 0.46263000
vt 0.21441001 0.57542998
vt 0.92628998 0.46250999
vt 0.93181998 0.54931998
vt 0.93014997 0.54948002
vt 0.67009997 0.61789000
vt 0.39768001 0.10419000
vt 0.55111998 0.75866002
vt 0.18537000 0.09792000
vt 0.99283999 0.77916002
vt 0.99471998 0.78349000
vt 0.99387997 0.75242001
vt 0.37889999 0.40942001
vt 0.38446999 0.41077000
vt 0.54566002 0.95629001
vt 0.21586999 0.58731002
vt 0.21303999 0.58753002
vt 0.54553998 0.96174002
vt 0.54962999 0.96834999
vt 0.54846001 0.96723998
vt 0.93254000 0.46245000
vt 0.93111998 0.46393999
vt 0.93471003 0.46397999
vt 0.21241000 0.57703000
vt 0.21103001 0.57589000
vt 0.21100999 0.57492000
vt 0.21253000 0.57409000
vt 0.93322998 0.54701000
vt 0.92949998 0.54663002
vt 0.93867999 0.46430001
vt 0.93792999 0.46697000
vt 0.93502003 0.46770999
vt 0.93097001 0.46730000
vt 0.92768002 0.46441001
vt 0.92768002 0.46726999
vt 0.92479002 0.46428999
vt 0.92506999 0.46763000
vt 0.93498999 0.47082999
vt 0.93107998 0.47095001
vt 0.92752999 0.47194999
vt 0.92549002 0.47007999
vt 0.39923999 0.10405000
vt 0.39901000 0.10529000
vt 0.67699999 0.79176003
vt 0.39330000 0.09919000
vt 0.55548000 0.64318001
vt 0.55429000 0.67492998
vt 0.25130001 0.09278000
vt 0.21055999 0.09074000
vt 0.99541003 0.75440001
vt 0.00072000 0.09036000
vt 0.14654000 0.53974003
vt 0.14762001 0.54076999
vt 0.14980000 0.43296000
vt 0.14139999 0.39622000
vt 0.37885001 0.40648001
vt 0.54544997 0.96496999
vt 0.54571003 0.96818000
vt 0.54727000 0.96933001
vt 0.54869998 0.97088999
vt 0.54690999 0.97162998
vt 0.54437000 0.97122002
vt 0.20929000 0.57381999
vt 0.20746000 0.57275999
vt 0.20715000 0.56923002
vt 0.20936000 0.57097000
vt 0.54341000 0.97296000
vt 0.54516000 0.97429001
vt 0.93629998 0.46904001
vt 0.93900001 0.46865001
vt 0.93900001 0.47189000
vt 0.20908000 0.56775999
vt 0.93794000 0.47464001
vt 0.93573999 0.47817001
vt 0.93124002 0.47617000
vt 0.92758000 0.47555000
vt 0.92364001 0.47194001
vt 0.92505002 0.47598001
vt 0.93002999 0.47880000
vt 0.92764997 0.47872001
vt 0.92591000 0.47852001
vt 0.68835002 0.58406001
vt 0.68497998 0.60715002
vt 0.68520999 0.61088002
vt 0.67448997 0.61708999
vt 0.39921001 0.10088000
vt 0.39730999 0.09932000
vt 0.54786003 0.62720001
vt 0.55372000 0.68901002
vt 0.33454001 0.09129000
vt 0.29603001 0.09067000
vt 0.11715000 0.08862000
vt 0.13863000 0.52030998
vt 0.37977999 0.40459001
vt 0.37874001 0.40432999
vt 0.54345000 0.95651001
vt 0.54315001 0.96017998
vt 0.54294997 0.96496999
vt 0.54277003 0.96811998
vt 0.54219002 0.97412002
vt 0.54486001 0.97715002
vt 0.54245001 0.97877997
vt 0.20644000 0.56711000
vt 0.20546000 0.56808001
vt 0.20409000 0.56430000
vt 0.20603999 0.56397998
vt 0.93919998 0.47736001
vt 0.93867999 0.48067999
vt 0.93638003 0.48074001
vt 0.93186003 0.48063999
vt 0.20347001 0.56190002
vt 0.20555000 0.55971998
vt 0.92769003 0.48192999
vt 0.92460001 0.48085001
vt 0.92768002 0.48416001
vt 0.92536002 0.48447999
vt 0.68630999 0.59619999
vt 0.38604000 0.09423000
vt 0.54769999 0.62348998
vt 0.54727000 0.62175000
vt 0.54290998 0.71460003
vt 0.37044001 0.09501000
vt 0.35027999 0.09085000
vt 0.14563000 0.53705001
vt 0.13801000 0.49901000
vt 0.13929000 0.48590001
vt 0.13813999 0.46704000
vt 0.14080000 0.40557000
vt 0.45679000 0.91320997
vt 0.45702001 0.91587001
vt 0.45513999 0.91430002
vt 0.45501000 0.91610003
vt 0.46515000 0.92479998
vt 0.46645001 0.92773002
vt 0.46450999 0.92684001
vt 0.46511999 0.92800999
vt 0.54136002 0.97125000
vt 0.53917998 0.97498000
vt 0.46566001 0.93195999
vt 0.53922999 0.97876000
vt 0.54140002 0.98189002
vt 0.53917998 0.98199999
vt 0.93708003 0.48416999
vt 0.53895003 0.98468000
vt 0.93273997 0.48388001
vt 0.93667001 0.48605999
vt 0.93260002 0.48471999
vt 0.92940003 0.48387000
vt 0.20321000 0.55826002
vt 0.20156001 0.55998999
vt 0.20071000 0.55650997
vt 0.12506001 0.74074000
vt 0.12293000 0.74033999
vt 0.12398000 0.73939002
vt 0.97732002 0.15302999
vt 0.98689997 0.14392000
vt 0.54426998 0.63476002
vt 0.54756999 0.66948003
vt 0.54462999 0.75532001
vt 0.54596001 0.76007003
vt 0.08809000 0.08974000
vt 0.01675000 0.08810000
vt 0.53707999 0.97885001
vt 0.46592000 0.93632001
vt 0.46493000 0.93410999
vt 0.53693998 0.98183000
vt 0.53551000 0.98420000
vt 0.53931999 0.98653001
vt 0.53597999 0.98702002
vt 0.97033000 0.14312001
vt 0.98715001 0.15445000
vt 0.68992001 0.57902998
vt 0.68902999 0.58070999
vt 0.68807000 0.61711001
vt 0.39919999 0.08746000
vt 0.69025999 0.77480000
vt 0.39315999 0.06261000
vt 0.54464000 0.65640002
vt 0.38156000 0.08202000
vt 0.36357000 0.08503000
vt 0.27074999 0.08641000
vt 0.19108000 0.08182000
vt 0.14947000 0.08770000
vt 0.03626000 0.08135000
vt 0.12363000 0.50845999
vt 0.13283999 0.44477999
vt 0.14041001 0.41824999
vt 0.45989001 0.93197000
vt 0.46039000 0.93814999
vt 0.45684001 0.93742001
vt 0.46261001 0.94049001
vt 0.46114001 0.94296998
vt 0.46524999 0.94097000
vt 0.46741000 0.94275999
vt 0.46421999 0.94297999
vt 0.46540999 0.94510001
vt 0.54177999 0.64227003
vt 0.53785002 0.68032998
vt 0.53952998 0.69237000
vt 0.53921002 0.73479998
vt 0.31672001 0.08270000
vt 0.09772000 0.07827000
vt 0.46256000 0.94540000
vt 0.46101001 0.94717997
vt 0.45960000 0.94551003
vt 0.70051003 0.59719998
vt 0.70850003 0.76525003
vt 0.69852000 0.79176998
vt 0.52713001 0.74536997
vt 0.24925999 0.07666000
vt 0.06488000 0.07387000
vt 0.11409000 0.74677002
vt 0.11325000 0.74840999
vt 0.11279000 0.74694997
vt 0.11280000 0.74962002
vt 0.96692997 0.14419000
vt 0.70626003 0.61050999
vt 0.70622998 0.78667998
vt 0.69970000 0.79026997
vt 0.38898000 0.06467000
vt 0.51639998 0.65030998
vt 0.53046000 0.66218001
vt 0.52924001 0.71033001
vt 0.36960000 0.07482000
vt 0.34876999 0.07458000
vt 0.30287001 0.06938000
vt 0.27353001 0.06789000
vt 0.20176999 0.07024000
vt 0.15631001 0.07416000
vt 0.10918000 0.07422000
vt 0.02226000 0.06486000
vt 0.01315000 0.06033000
vt 0.86368001 0.72434002
vt 0.12646000 0.47536999
vt 0.39737001 0.06150000
vt 0.51239002 0.62348998
vt 0.51383001 0.62726998
vt 0.52746999 0.63463002
vt 0.52181000 0.75838000
vt 0.99707001 0.73582000
vt 0.99436998 0.72307998
vt 0.00212000 0.05333000
vt 0.00071000 0.05045000
vt 0.10726000 0.54075003
vt 0.12015000 0.52960998
vt 0.11953000 0.42894000
vt 0.12560000 0.40199000
vt 0.11993000 0.39390001
vt 0.11137000 0.72570997
vt 0.11574000 0.73496997
vt 0.10892000 0.73610002
vt 0.70787001 0.58917999
vt 0.71765000 0.77464998
vt 0.72206002 0.78679001
vt 0.51231998 0.62168998
vt 0.52037001 0.69376999
vt 0.51129001 0.76006001
vt 0.38203999 0.06413000
vt 0.33100000 0.06777000
vt 0.11198000 0.53972000
vt 0.11151000 0.53662002
vt 0.11369000 0.51905000
vt 0.97737998 0.13429999
vt 0.72026998 0.58401000
vt 0.72128999 0.61483002
vt 0.52274001 0.64320999
vt 0.03623000 0.06560000
vt 0.11900000 0.41125000
vt 0.98723000 0.12236000
vt 0.72237998 0.57902998
vt 0.51705003 0.67104000
vt 0.51880002 0.68374002
vt 0.51504999 0.72667003
vt 0.18122000 0.05198000
vt 0.07508000 0.06407000
vt 0.72191000 0.59740001
vt 0.72501999 0.61715001
vt 0.39923000 0.05089000
vt 0.72793001 0.76850998
vt 0.36252001 0.06171000
vt 0.34591001 0.05607000
vt 0.25626001 0.05483000
vt 0.23018999 0.06356000
vt 0.14549001 0.06036000
vt 0.11893000 0.05548000
vt 0.09312000 0.05583000
vt 0.48908001 0.51760000
vt 0.46244001 0.50344998
vt 0.45884001 0.51673001
vt 0.99665999 0.72272998
vt 0.11342000 0.50059998
vt 0.11677000 0.48723000
vt 0.11522000 0.45069000
vt 0.72284001 0.79022998
vt 0.69972003 0.79180002
vt 0.72175002 0.79180998
vt 0.11445000 0.47384000
vt 0.72289002 0.58073002
vt 0.72319001 0.60474998
vt 0.33803001 0.04058000
vt 0.32387999 0.05296000
vt 0.30443999 0.05475000
vt 0.22971000 0.05396000
vt 0.04900000 0.05085000
vt 0.10587000 0.41589999
vt 0.09110000 0.39613000
vt 0.97466999 0.11110000
vt 0.50678998 0.63775998
vt 0.50646001 0.74612999
vt 0.37671000 0.04078000
vt 0.38532999 0.03987000
vt 0.35278001 0.03584000
vt 0.12932000 0.04061000
vt 0.01015000 0.04750000
vt 0.10129000 0.49123001
vt 0.98697001 0.12110000
vt 0.73334998 0.61115003
vt 0.39734000 0.04877000
vt 0.71828997 0.76368999
vt 0.39307001 0.04899000
vt 0.49829999 0.68558002
vt 0.21007000 0.04528000
vt 0.15774000 0.04301000
vt 0.86153001 0.71916002
vt 0.86312997 0.71459001
vt 0.99577999 0.71008003
vt 0.99339002 0.71028000
vt 0.73063999 0.58923000
vt 0.50327998 0.65059000
vt 0.49934000 0.65713000
vt 0.49696001 0.67505997
vt 0.49854001 0.70554000
vt 0.31141001 0.03899000
vt 0.28367999 0.03630000
vt 0.01520000 0.03218000
vt 0.09393000 0.53718001
vt 0.09383000 0.46625000
vt 0.10392000 0.45451999
vt 0.09765000 0.43810999
vt 0.09661000 0.40467000
vt 0.98698002 0.09532000
vt 0.74677998 0.76529002
vt 0.74265999 0.77800000
vt 0.49121001 0.62168998
vt 0.49439999 0.62352997
vt 0.48912001 0.63470000
vt 0.48740000 0.75546998
vt 0.23355000 0.04073000
vt 0.08487000 0.04121000
vt 0.86331999 0.69608998
vt 0.09402000 0.52805001
vt 0.08959000 0.50936002
vt 0.09474000 0.39423999
vt 0.08488000 0.39379999
vt 0.96976000 0.08926000
vt 0.74940002 0.58060998
vt 0.48712000 0.76003999
vt 0.04488000 0.03098000
vt 0.86158001 0.69959998
vt 0.00788000 0.01497000
vt 0.00216000 0.02884000
vt 0.08600000 0.52033001
vt 0.74879003 0.59680998
vt 0.39342999 0.03247000
vt 0.48734999 0.62870002
vt 0.49100000 0.66117001
vt 0.49039999 0.72536999
vt 0.25002000 0.03049000
vt 0.74710000 0.58440000
vt 0.74730003 0.60439003
vt 0.75980002 0.61707002
vt 0.48394999 0.65113002
vt 0.48987001 0.69626999
vt 0.37127000 0.02863000
vt 0.22075000 0.03132000
vt 0.06614000 0.03454000
vt 0.99410999 0.69231999
vt 0.08344000 0.47573999
vt 0.08369000 0.42809001
vt 0.75270998 0.79181999
vt 0.43923000 0.50063998
vt 0.45177001 0.48752001
vt 0.43176001 0.48029000
vt 0.08292000 0.41270000
vt 0.96688002 0.08766000
vt 0.75454998 0.59473002
vt 0.39739001 0.02617000
vt 0.39926001 0.01648000
vt 0.76091999 0.76371998
vt 0.75594997 0.78653002
vt 0.75159001 0.79022998
vt 0.48374000 0.68291003
vt 0.16015001 0.02771000
vt 0.99586999 0.68357998
vt 0.00067000 0.01742000
vt 0.07872000 0.53969002
vt 0.07385000 0.54074001
vt 0.07280000 0.53416997
vt 0.08433000 0.49807999
vt 0.08641000 0.45616999
vt 0.07317000 0.39609000
vt 0.75711000 0.61119002
vt 0.76296002 0.76950997
vt 0.47966999 0.62352002
vt 0.48148000 0.66848999
vt 0.47881001 0.74747998
vt 0.31625000 0.02557000
vt 0.25648999 0.02579000
vt 0.19982000 0.02457000
vt 0.11108000 0.02496000
vt 0.08215000 0.02406000
vt 0.02530000 0.02159000
vt 0.86004001 0.68182999
vt 0.07961000 0.40752000
vt 0.74975997 0.57867998
vt 0.76064003 0.57894999
vt 0.75388002 0.60330999
vt 0.39355001 0.02020000
vt 0.38418999 0.02320000
vt 0.47273001 0.62693000
vt 0.47158000 0.63678998
vt 0.48096001 0.70130998
vt 0.48047999 0.72308999
vt 0.47233999 0.75818998
vt 0.46865001 0.76005000
vt 0.35885000 0.02412000
vt 0.34303999 0.02407000
vt 0.28062999 0.01991000
vt 0.07734000 0.45348001
vt 0.05979000 0.39410999
vt 0.47271001 0.62177998
vt 0.47172999 0.68019998
vt 0.47181001 0.72904998
vt 0.25781000 0.01838000
vt 0.23228000 0.02040000
vt 0.14202000 0.01852000
vt 0.05848000 0.01908000
vt 0.86154997 0.67987001
vt 0.06945000 0.51472002
vt 0.07447000 0.50803000
vt 0.07173000 0.48383999
vt 0.06306000 0.39375001
vt 0.97735000 0.06268000
vt 0.76569003 0.60531998
vt 0.39746001 0.01362000
vt 0.37943000 0.01316000
vt 0.47141999 0.65015000
vt 0.47161999 0.66909999
vt 0.47165000 0.70752001
vt 0.34410000 0.01232000
vt 0.31920001 0.01730000
vt 0.24311000 0.01193000
vt 0.20236000 0.01712000
vt 0.08666000 0.01703000
vt 0.02651000 0.01201000
vt 0.99282998 0.67707002
vt 0.00206000 0.01270000
vt 0.77068001 0.76529002
vt 0.47099000 0.62339002
vt 0.47156999 0.62163001
vt 0.47139999 0.75168997
vt 0.18392999 0.01296000
vt 0.05638000 0.01168000
vt 0.99488997 0.67368001
vt 0.06766000 0.46502000
vt 0.06892000 0.43860000
vt 0.06407000 0.40434000
vt 0.78258002 0.57849997
vt 0.77052999 0.60969001
vt 0.77112001 0.61474001
vt 0.39361000 0.01129000
vt 0.46741000 0.62172002
vt 0.46884000 0.62339002
vt 0.46900001 0.63397002
vt 0.46928000 0.63771999
vt 0.46816000 0.63529003
vt 0.41982001 0.98588997
vt 0.42052999 0.98343003
vt 0.41876999 0.98374999
vt 0.41883001 0.97781998
vt 0.46930000 0.65403003
vt 0.42050001 0.96710998
vt 0.41879001 0.95441002
vt 0.46924001 0.67826998
vt 0.42056000 0.94286001
vt 0.41874999 0.93546999
vt 0.46917999 0.72228003
vt 0.42056000 0.89885002
vt 0.41879001 0.89929003
vt 0.46913001 0.73473001
vt 0.42038000 0.88845003
vt 0.42056000 0.88639998
vt 0.41887000 0.88607001
vt 0.46906999 0.75165999
vt 0.42054000 0.86947000
vt 0.41885999 0.86969000
vt 0.46890000 0.75847000
vt 0.42054000 0.86267000
vt 0.41881999 0.86282998
vt 0.42072001 0.86109000
vt 0.41846001 0.86109000
vt 0.41628000 0.88429999
vt 0.41510999 0.87032998
vt 0.41523999 0.86265999
vt 0.40753001 0.98657000
vt 0.40805000 0.97268999
vt 0.40972000 0.91381001
vt 0.41005999 0.86637002
vt 0.40570000 0.86258000
vt 0.40026999 0.86663002
vt 0.40268999 0.86111999
vt 0.40105000 0.94885999
vt 0.39923999 0.93180001
vt 0.40141001 0.91105002
vt 0.40222001 0.88927001
vt 0.39826000 0.97843999
vt 0.39515001 0.88571000
vt 0.39212999 0.87344003
vt 0.39607999 0.98920000
vt 0.39506999 0.96709001
vt 0.39432001 0.90832001
vt 0.39675999 0.86110002
vt 0.38692001 0.94321001
vt 0.39063001 0.86825001
vt 0.39019999 0.86277002
vt 0.38205001 0.97766000
vt 0.38211000 0.95854998
vt 0.38407001 0.91056001
vt 0.39133000 0.86106002
vt 0.38314000 0.89152002
vt 0.37066001 0.97236001
vt 0.37024000 0.92452002
vt 0.37917000 0.98558998
vt 0.37059000 0.88244998
vt 0.36452001 0.89647001
vt 0.36465999 0.98460001
vt 0.36640999 0.95748001
vt 0.35128999 0.86601001
vt 0.36148000 0.87121999
vt 0.35804999 0.93546999
vt 0.34621000 0.86277002
vt 0.34757999 0.86110002
vt 0.05991000 0.32415000
vt 0.07461000 0.32352999
vt 0.10023000 0.32358000
vt 0.10368000 0.32418999
vt 0.34483001 0.97795999
vt 0.35352999 0.94110000
vt 0.35144001 0.91729999
vt 0.34035999 0.96974999
vt 0.34426999 0.95345002
vt 0.33225000 0.88990003
vt 0.34586000 0.88322002
vt 0.27213001 0.01250000
vt 0.33008999 0.93361002
vt 0.33015001 0.98342001
vt 0.32258001 0.87331003
vt 0.33710000 0.86940998
vt 0.32286999 0.90219998
vt 0.32732999 0.92233998
vt 0.32260001 0.97325999
vt 0.32260999 0.95507997
vt 0.14198001 0.32379001
vt 0.30693999 0.86620998
vt 0.31020001 0.88220000
vt 0.30338001 0.86114001
vt 0.14790000 0.32426000
vt 0.30867001 0.91880000
vt 0.30495000 0.86274999
vt 0.30792001 0.98724997
vt 0.29723999 0.98291999
vt 0.31121999 0.96305001
vt 0.30340001 0.93539000
vt 0.30353001 0.97606999
vt 0.28317001 0.97079998
vt 0.29782000 0.95376998
vt 0.30344999 0.90120000
vt 0.29866001 0.87542999
vt 0.29012001 0.92502999
vt 0.27469000 0.90775001
vt 0.29401001 0.88678998
vt 0.28648001 0.93905997
vt 0.28953001 0.89901000
vt 0.27903000 0.86580998
vt 0.28373000 0.88229001
vt 0.27965999 0.86278999
vt 0.28623000 0.86115998
vt 0.16505000 0.32409000
vt 0.28082001 0.87141001
vt 0.27774999 0.95283002
vt 0.25674000 0.98132002
vt 0.26813000 0.92540002
vt 0.27318001 0.89424998
vt 0.26829001 0.98602998
vt 0.26032999 0.93738002
vt 0.25657001 0.88417000
vt 0.24856000 0.87856001
vt 0.25986999 0.95542997
vt 0.19029000 0.32346001
vt 0.23464000 0.89099997
vt 0.25659001 0.87142003
vt 0.24894001 0.97456002
vt 0.24807000 0.90757000
vt 0.24697000 0.86122000
vt 0.20432000 0.32400000
vt 0.23345999 0.96082997
vt 0.23833001 0.86618000
vt 0.22555999 0.97378999
vt 0.23254000 0.92711002
vt 0.23259000 0.91542000
vt 0.22555000 0.86286998
vt 0.22717001 0.87143999
vt 0.22720000 0.98688000
vt 0.21540999 0.98267001
vt 0.23064999 0.94283998
vt 0.21262001 0.93335003
vt 0.21357000 0.88327003
vt 0.21132000 0.86124003
vt 0.23998000 0.32394999
vt 0.22466999 0.90473998
vt 0.22646999 0.32324001
vt 0.20736000 0.95791000
vt 0.20589000 0.86619002
vt 0.19667000 0.94085997
vt 0.21262001 0.91485000
vt 0.20508000 0.92297000
vt 0.19390000 0.90732002
vt 0.18943000 0.89635998
vt 0.20260000 0.87509000
vt 0.19399001 0.96876001
vt 0.18915001 0.86965001
vt 0.18900000 0.97832000
vt 0.18625000 0.88612998
vt 0.18068001 0.86285001
vt 0.27460000 0.32405999
vt 0.14672001 0.01078000
vt 0.18097000 0.98605001
vt 0.16829000 0.95174003
vt 0.18210000 0.93150997
vt 0.16145000 0.87150002
vt 0.17671999 0.86126000
vt 0.17526001 0.92014998
vt 0.16777000 0.86632001
vt 0.15967999 0.87866002
vt 0.15882000 0.97983003
vt 0.15440001 0.97245002
vt 0.16698000 0.90754002
vt 0.16053000 0.89099997
vt 0.15905000 0.93527001
vt 0.14425001 0.90335000
vt 0.15047000 0.92527997
vt 0.13593000 0.86129999
vt 0.14417000 0.86291999
vt 0.10288000 0.01071000
vt 0.14617001 0.95288998
vt 0.14731000 0.86627001
vt 0.12657000 0.97030002
vt 0.12842000 0.93409002
vt 0.12828000 0.88624001
vt 0.12739000 0.87526000
vt 0.13378000 0.98606998
vt 0.12977000 0.97858000
vt 0.12507001 0.92091000
vt 0.11707000 0.86969000
vt 0.11929000 0.95358002
vt 0.10889000 0.98569000
vt 0.11115000 0.90410000
vt 0.09789000 0.88713002
vt 0.10922000 0.86624998
vt 0.10179000 0.86295003
vt 0.10424000 0.92624998
vt 0.09785000 0.97732002
vt 0.10140000 0.86131001
vt 0.09990000 0.91302001
vt 0.10082000 0.87725002
vt 0.09491000 0.94384998
vt 0.09297000 0.96245003
vt 0.06685000 0.86953002
vt 0.09176000 0.90112001
vt 0.06621000 0.86637002
vt 0.07624000 0.92962998
vt 0.07740000 0.91323000
vt 0.07902000 0.87440002
vt 0.08056000 0.94686002
vt 0.08120000 0.89735001
vt 0.06935000 0.86128998
vt 0.34992999 0.32414001
vt 0.38780999 0.32374999
vt 0.38198000 0.32416001
vt 0.07435000 0.97213000
vt 0.07794000 0.95836997
vt 0.08807000 0.98088002
vt 0.06126000 0.97501999
vt 0.07133000 0.88892001
vt 0.06923000 0.95664001
vt 0.06534000 0.93573999
vt 0.05953000 0.86304998
vt 0.06121000 0.87721997
vt 0.06042000 0.95462000
vt 0.06163000 0.91755998
vt 0.06156000 0.89617002
vt 0.04944000 0.86119002
vt 0.40189001 0.32405001
vt 0.05695000 0.94002002
vt 0.05537000 0.97602999
vt 0.05534000 0.92122000
vt 0.05354000 0.90715998
vt 0.05106000 0.89315999
vt 0.05285000 0.87974000
vt 0.04905000 0.86765999
vt 0.40178999 0.32354999
vt 0.05080000 0.88479000
vt 0.04913000 0.86312997
vt 0.04908000 0.88317001
vt 0.04734000 0.86905003
vt 0.04744000 0.88362998
vt 0.04718000 0.86116999
vt 0.40412000 0.32484999
vt 0.40509999 0.32429001
vt 0.06136000 0.52702999
vt 0.96753001 0.05681000
vt 0.76779002 0.59432000
vt 0.78551000 0.58541000
vt 0.76949000 0.61669999
vt 0.39932001 0.00688000
vt 0.77165997 0.76991999
vt 0.77407002 0.78539002
vt 0.37711000 0.00934000
vt 0.46807000 0.62756002
vt 0.42023000 0.99943000
vt 0.42043000 0.99359000
vt 0.41597000 0.99754000
vt 0.46838000 0.63252002
vt 0.46847999 0.72397000
vt 0.46844000 0.73268002
vt 0.40738001 0.99952000
vt 0.41352999 0.99457997
vt 0.42048001 0.98861998
vt 0.41486999 0.99067003
vt 0.42043000 0.89715999
vt 0.40979999 0.99772000
vt 0.40358001 0.99739999
vt 0.39636001 0.99943000
vt 0.39026001 0.99471003
vt 0.38845000 0.99936002
vt 0.38654000 0.99778998
vt 0.37810999 0.99089003
vt 0.34136000 0.00623000
vt 0.37075001 0.99930000
vt 0.35738000 0.99440002
vt 0.35881001 0.99774998
vt 0.35484001 0.99128002
vt 0.30594000 0.00943000
vt 0.33818001 0.99935001
vt 0.33643001 0.99229002
vt 0.32629001 0.99937999
vt 0.30089000 0.99119997
vt 0.30511001 0.99452001
vt 0.30809999 0.99940002
vt 0.30182999 0.99804002
vt 0.27698001 0.00608000
vt 0.26287001 0.00706000
vt 0.27897999 0.99922001
vt 0.24129000 0.00600000
vt 0.27656001 0.99765003
vt 0.26543999 0.99466997
vt 0.25314000 0.99101001
vt 0.24829000 0.99778998
vt 0.24541999 0.99928999
vt 0.24372999 0.99471998
vt 0.19580001 0.00932000
vt 0.22057000 0.99781001
vt 0.21094000 0.99930000
vt 0.20860000 0.99463999
vt 0.16896001 0.00686000
vt 0.18640999 0.99136001
vt 0.18111999 0.99772000
vt 0.18267000 0.99923998
vt 0.17935000 0.99480999
vt 0.15262000 0.99492002
vt 0.16448000 0.99924999
vt 0.15404999 0.99779999
vt 0.15171000 0.99141002
vt 0.14839000 0.99924999
vt 0.13008000 0.99141997
vt 0.11269000 0.99785000
vt 0.12841000 0.99475998
vt 0.12141000 0.99932998
vt 0.10631000 0.99476999
vt 0.06411000 0.00756000
vt 0.10252000 0.99931997
vt 0.10188000 0.99135000
vt 0.07653000 0.99792999
vt 0.07774000 0.99945003
vt 0.07550000 0.99487001
vt 0.07451000 0.99141997
vt 0.06322000 0.99796999
vt 0.06385000 0.99124998
vt 0.06339000 0.99948001
vt 0.06126000 0.99460000
vt 0.06162000 0.98119003
vt 0.05487000 0.99203002
vt 0.05354000 0.99952000
vt 0.05017000 0.98705000
vt 0.05388000 0.95402002
vt 0.04981000 0.93457001
vt 0.04986000 0.92151999
vt 0.04759000 0.99947000
vt 0.04752000 0.99018002
vt 0.04762000 0.97913003
vt 0.04958000 0.95336002
vt 0.04759000 0.90707999
vt 0.00200000 0.00236000
vt 0.04768000 0.95341003
vt 0.04762000 0.92571002
vt 0.04758000 0.88508999
vt 0.00049000 0.00078000
vt 0.05696000 0.53974998
vt 0.05702000 0.54087001
vt 0.06216000 0.53697997
vt 0.06219000 0.51806998
vt 0.06177000 0.49522001
vt 0.06372000 0.47536999
vt 0.06290000 0.44192001
vt 0.97042000 0.06195000
vt 0.78496999 0.57884997
vt 0.77397001 0.60517001
vt 0.39757001 0.00356000
vt 0.77311999 0.76379001
vt 0.39057001 0.00657000
vt 0.37154001 0.00660000
vt 0.20626000 0.00604000
vt 0.12398000 0.00258000
vt 0.09437000 0.00597000
vt 0.03880000 0.00245000
vt 0.02617000 0.00376000
vt 0.05906000 0.41802999
vt 0.05909000 0.39627001
vt 0.98729998 0.06290000
vt 0.78012002 0.59561002
vt 0.77525002 0.61659998
vt 0.39930001 0.00118000
vt 0.38887000 0.00311000
vt 0.36752000 0.00307000
vt 0.34349999 0.00306000
vt 0.31454000 0.00300000
vt 0.26914999 0.00290000
vt 0.24349000 0.00282000
vt 0.20012000 0.00271000
vt 0.16324000 0.00269000
vt 0.09243000 0.00252000
vt 0.06233000 0.00245000
vt 0.01136000 0.00068000
vt 0.05691000 0.53666002
vt 0.05699000 0.51771998
vt 0.05702000 0.49430001
vt 0.05708000 0.46586999
vt 0.05713000 0.44148999
vt 0.05707000 0.39376000
vt 0.77675003 0.61576998
vt 0.39754999 0.00170000
vt 0.77638000 0.76516998
vt 0.77471000 0.76372999
vt 0.78906000 0.77987999
vt 0.79205000 0.79183000
vt 0.39015001 0.00197000
vt 0.38382000 0.00195000
vt 0.37516999 0.00192000
vt 0.34575000 0.00183000
vt 0.30978999 0.00173000
vt 0.26662999 0.00158000
vt 0.24439999 0.00138000
vt 0.19129001 0.00130000
vt 0.14841001 0.00111000
vt 0.11435000 0.00106000
vt 0.06724000 0.00101000
vt 0.03801000 0.00072000
vt 0.05709000 0.41506001
vt 0.96644002 0.05656000
vt 0.77670002 0.67260998
vt 0.77533001 0.68142003
vt 0.77759999 0.68164003
vt 0.77533001 0.71498001
vt 0.77749997 0.71323001
vt 0.77677000 0.72601998
vt 0.77503002 0.72548997
vt 0.77715999 0.62520999
vt 0.77508003 0.63612998
vt 0.77726001 0.64029002
vt 0.77509999 0.67329001
vt 0.77489001 0.73158997
vt 0.77697003 0.74751002
vt 0.77508998 0.76170999
vt 0.78906000 0.79032999
vt 0.03732000 0.00055000
vt 0.01296000 0.00048000
vt 0.44444001 0.16490000
vt 0.44459000 0.16381000
vt 0.44602999 0.16480000
vt 0.78398001 0.61023998
vt 0.78245002 0.63733000
vt 0.78126001 0.67611003
vt 0.78125000 0.72527999
vt 0.78223002 0.76152003
vt 0.78928000 0.61150998
vt 0.78943998 0.63016999
vt 0.78907001 0.65104002
vt 0.78956997 0.67773002
vt 0.78942001 0.71274000
vt 0.78943998 0.72843999
vt 0.78921002 0.75619000
vt 0.96864003 0.05308000
vt 0.98729002 0.05338000
vt 0.78890002 0.57883000
vt 0.79219002 0.57836998
vt 0.96652001 0.05163000
vt 0.79291999 0.57890999
vt 0.79414999 0.57848001
vt 0.79268998 0.58285999
vt 0.79255003 0.62342000
vt 0.79260999 0.66949999
vt 0.79267001 0.71030003
vt 0.79256999 0.72754002
vt 0.79264998 0.75568998
vt 0.79255998 0.77938998
vt 0.79266000 0.79021001
vt 0.79426003 0.79179001
vt 0.98784000 0.05144000
vt 0.79426003 0.57916999
vt 0.79420000 0.61372000
vt 0.79413998 0.63088000
vt 0.79414999 0.65851998
vt 0.79420000 0.67562997
vt 0.79421997 0.72425997
vt 0.79425001 0.75721002
vt 0.79421002 0.77706999
vt 0.79424000 0.79003000
vt 0.38597000 0.85782999
vt 0.38617000 0.83077002
vt 0.38593000 0.81384999
vt 0.38644001 0.79443997
vt 0.38595000 0.76563001
vt 0.38863000 0.75806999
vt 0.38639000 0.72182000
vt 0.38868001 0.71845001
vt 0.38664001 0.67514002
vt 0.38874999 0.67534000
vt 0.38881999 0.65807003
vt 0.88854998 0.42899001
vt 0.12500000 0.63701999
vt 0.12986000 0.63701999
vt 0.12665001 0.63606000
vt 0.38826001 0.85990000
vt 0.37487000 0.85964000
vt 0.37419000 0.85786998
vt 0.37902001 0.83819997
vt 0.37728000 0.81849003
vt 0.37942001 0.78895003
vt 0.37762001 0.74010003
vt 0.38113001 0.72501999
vt 0.38111001 0.70749003
vt 0.38111001 0.69117999
vt 0.37997001 0.65630001
vt 0.38172999 0.64833999
vt 0.38883999 0.64841002
vt 0.37842000 0.64683002
vt 0.38861001 0.64668000
vt 0.88981998 0.42109999
vt 0.88945001 0.42161000
vt 0.87465000 0.42541000
vt 0.37935001 0.67273998
vt 0.37540999 0.85992002
vt 0.37086999 0.81143999
vt 0.37123999 0.78719002
vt 0.37228000 0.75766999
vt 0.37120000 0.70826000
vt 0.36987001 0.68423998
vt 0.37118000 0.67118001
vt 0.37064999 0.65821999
vt 0.37270999 0.64846998
vt 0.37169001 0.85962999
vt 0.37079000 0.83370000
vt 0.88867003 0.41240001
vt 0.36287001 0.80838001
vt 0.36539000 0.73543000
vt 0.36151001 0.84942001
vt 0.35483000 0.82586002
vt 0.36096001 0.78097999
vt 0.36019999 0.72264999
vt 0.35420001 0.66106999
vt 0.36155000 0.64827001
vt 0.35343999 0.85952002
vt 0.35932001 0.70021999
vt 0.87972999 0.39853001
vt 0.35709000 0.76170999
vt 0.35741001 0.67934000
vt 0.35203999 0.67031002
vt 0.34158000 0.64674002
vt 0.89004999 0.38472000
vt 0.34797001 0.85996002
vt 0.34229001 0.85038000
vt 0.34224999 0.83951002
vt 0.35018000 0.73558003
vt 0.34834999 0.71785003
vt 0.34823000 0.69343001
vt 0.86870003 0.36533001
vt 0.34161001 0.79869002
vt 0.33428001 0.77993000
vt 0.33662999 0.76679999
vt 0.34696999 0.75195003
vt 0.34253001 0.68107998
vt 0.34775001 0.64875001
vt 0.33385000 0.66602999
vt 0.88889003 0.37509000
vt 0.33116999 0.82744002
vt 0.33192000 0.81010997
vt 0.33717999 0.70521998
vt 0.32923999 0.65995002
vt 0.01816000 0.62168998
vt 0.01983000 0.62357998
vt 0.01821000 0.62452000
vt 0.04271000 0.62361002
vt 0.06471000 0.62318999
vt 0.06228000 0.62366998
vt 0.10719000 0.62370998
vt 0.13986000 0.62316000
vt 0.14359000 0.62373000
vt 0.17125000 0.62400001
vt 0.20385000 0.62331998
vt 0.31540999 0.62331998
vt 0.35673001 0.62340999
vt 0.39735001 0.62439001
vt 0.37606001 0.62348998
vt 0.39524001 0.62348002
vt 0.40211999 0.62339002
vt 0.41402000 0.62452000
vt 0.41483000 0.62415999
vt 0.33002001 0.86005002
vt 0.33355999 0.74405998
vt 0.32547000 0.72832000
vt 0.33123001 0.64684999
vt 0.01999000 0.61928999
vt 0.03054000 0.62067002
vt 0.04207000 0.61912000
vt 0.10303000 0.61290997
vt 0.19611999 0.62061000
vt 0.27289999 0.61843997
vt 0.34175000 0.61827999
vt 0.41157001 0.61800998
vt 0.41459000 0.61531001
vt 0.32894000 0.85958999
vt 0.32462001 0.82058001
vt 0.03054000 0.61334997
vt 0.05760000 0.61268002
vt 0.07286000 0.61281002
vt 0.14483000 0.61295003
vt 0.20073000 0.61307001
vt 0.26172000 0.61303002
vt 0.30822000 0.61299002
vt 0.35642999 0.61300999
vt 0.38795000 0.61633003
vt 0.39840999 0.61339998
vt 0.39045000 0.61303997
vt 0.40520999 0.61366999
vt 0.32710999 0.70906001
vt 0.33037001 0.68461001
vt 0.01827000 0.60718000
vt 0.48135999 0.83547997
vt 0.47957000 0.85329998
vt 0.47960001 0.82431000
vt 0.48157001 0.85949999
vt 0.48150000 0.88006997
vt 0.47955000 0.87987000
vt 0.47957999 0.90467000
vt 0.48140001 0.90977001
vt 0.47957000 0.91737002
vt 0.47960001 0.92338002
vt 0.48236001 0.92848998
vt 0.47970000 0.93052000
vt 0.48216999 0.93101001
vt 0.47942001 0.93217999
vt 0.49157000 0.79374999
vt 0.48666000 0.79901999
vt 0.48556000 0.80337000
vt 0.48548999 0.82173997
vt 0.48701999 0.85016000
vt 0.48646000 0.87773001
vt 0.48622999 0.91109997
vt 0.48585999 0.91979998
vt 0.48565999 0.92632002
vt 0.03689000 0.61290997
vt 0.48579001 0.93213999
vt 0.49241999 0.91732001
vt 0.49360999 0.79878998
vt 0.49392000 0.80391002
vt 0.49241000 0.82213998
vt 0.49373001 0.84437001
vt 0.49372000 0.87898999
vt 0.49425000 0.91053998
vt 0.04460000 0.61262000
vt 0.50053000 0.79538000
vt 0.50457001 0.79378003
vt 0.50465000 0.81489003
vt 0.50366998 0.83037001
vt 0.50972998 0.84636003
vt 0.50720000 0.86506999
vt 0.51148999 0.89797002
vt 0.51523000 0.87549001
vt 0.52193999 0.82492000
vt 0.52250999 0.80391002
vt 0.52113003 0.79543000
vt 0.52260000 0.80084002
vt 0.52051997 0.79381001
vt 0.52223003 0.84718001
vt 0.52089000 0.89258999
vt 0.52629000 0.90533000
vt 0.52914000 0.84381002
vt 0.52810001 0.86273998
vt 0.52993000 0.87700999
vt 0.53623998 0.82846999
vt 0.54438001 0.88382000
vt 0.54188001 0.79538000
vt 0.56325001 0.79377002
vt 0.54895997 0.83673000
vt 0.54080999 0.85347998
vt 0.55396998 0.90132999
vt 0.55734998 0.80242997
vt 0.55636001 0.86110997
vt 0.55511999 0.81700999
vt 0.55575001 0.79547000
vt 0.57350999 0.84662002
vt 0.57036000 0.82797998
vt 0.57089001 0.88095999
vt 0.57050002 0.80833000
vt 0.58059001 0.83535999
vt 0.58098000 0.86185002
vt 0.58645999 0.80023003
vt 0.58779001 0.81540000
vt 0.58499998 0.89870000
vt 0.58929998 0.79540998
vt 0.59679002 0.79377002
vt 0.59179997 0.83276999
vt 0.59349000 0.87042999
vt 0.59279001 0.85249001
vt 0.61172003 0.81103998
vt 0.60136998 0.82555997
vt 0.62015998 0.80159003
vt 0.60561001 0.84276998
vt 0.60320997 0.87510002
vt 0.61136001 0.88826001
vt 0.61756003 0.83473998
vt 0.61843002 0.79547000
vt 0.61041999 0.85483998
vt 0.60373002 0.90542001
vt 0.61931002 0.86799997
vt 0.62177998 0.79387999
vt 0.62270999 0.82195002
vt 0.62036002 0.90658998
vt 0.62399000 0.84998000
vt 0.62503999 0.88301003
vt 0.63187999 0.80952001
vt 0.63617998 0.86479002
vt 0.63480997 0.89671999
vt 0.65434998 0.79539001
vt 0.64230001 0.82723999
vt 0.63463002 0.84161001
vt 0.64244998 0.85105002
vt 0.64288002 0.88265997
vt 0.63696998 0.82235998
vt 0.65335000 0.83495998
vt 0.66307002 0.80182999
vt 0.65458000 0.80971998
vt 0.65126997 0.84438002
vt 0.66834998 0.79383999
vt 0.66043001 0.86111999
vt 0.65884000 0.87743002
vt 0.67334998 0.82451999
vt 0.67317998 0.90328997
vt 0.68164998 0.81186002
vt 0.67939001 0.83592999
vt 0.67786002 0.84696001
vt 0.67132998 0.88879001
vt 0.68427998 0.87889999
vt 0.70337999 0.85000998
vt 0.69709998 0.86875999
vt 0.69454002 0.79385000
vt 0.69094998 0.89679998
vt 0.69511998 0.79544997
vt 0.69392997 0.80210000
vt 0.69449002 0.81999999
vt 0.70322001 0.88756001
vt 0.69922000 0.82953000
vt 0.70551002 0.83969003
vt 0.71895999 0.79549998
vt 0.70994997 0.80998999
vt 0.70690000 0.82239002
vt 0.73311001 0.79391998
vt 0.71332002 0.90736997
vt 0.70178002 0.91497999
vt 0.71543002 0.83171999
vt 0.72372001 0.82068998
vt 0.71552998 0.85811001
vt 0.72874999 0.87707001
vt 0.72346002 0.89741999
vt 0.72891998 0.86172998
vt 0.73088998 0.80177999
vt 0.73224002 0.83986998
vt 0.73088002 0.88613999
vt 0.73825997 0.81276000
vt 0.74882001 0.82559001
vt 0.74274999 0.79540998
vt 0.74624997 0.89077002
vt 0.75476998 0.83424002
vt 0.74935001 0.85074002
vt 0.75224000 0.80637002
vt 0.74855000 0.86817998
vt 0.76897001 0.80186999
vt 0.76087999 0.88227999
vt 0.76753998 0.81022000
vt 0.76144999 0.90416998
vt 0.77188998 0.83903003
vt 0.76956999 0.79391998
vt 0.76683998 0.79548001
vt 0.77078003 0.85373002
vt 0.77565002 0.87094003
vt 0.78047001 0.81691003
vt 0.78286999 0.82736999
vt 0.79771000 0.79544997
vt 0.79319000 0.79851002
vt 0.78012002 0.88953000
vt 0.78996998 0.87541997
vt 0.79022998 0.83688003
vt 0.79786003 0.86317003
vt 0.79921001 0.89033002
vt 0.80417001 0.79389000
vt 0.80197001 0.80816001
vt 0.80408001 0.80188000
vt 0.79964000 0.82381999
vt 0.81129998 0.84066999
vt 0.81616998 0.87542999
vt 0.83339000 0.79847997
vt 0.81621999 0.82225001
vt 0.82832998 0.79536003
vt 0.82892001 0.80164999
vt 0.82765001 0.84364998
vt 0.82828999 0.89898002
vt 0.83402002 0.79396999
vt 0.82985997 0.82546002
vt 0.83122998 0.91554999
vt 0.83376998 0.87055999
vt 0.83666003 0.88880998
vt 0.84408998 0.91711003
vt 0.83730000 0.92628998
vt 0.84114999 0.84263003
vt 0.84100997 0.80181998
vt 0.84996003 0.79543000
vt 0.84188998 0.86458999
vt 0.84328997 0.82651001
vt 0.84359002 0.89216000
vt 0.85267001 0.79391003
vt 0.85281003 0.79866999
vt 0.84665000 0.80309999
vt 0.84745002 0.83429998
vt 0.84742999 0.86590999
vt 0.84731001 0.89686000
vt 0.84762001 0.91676003
vt 0.85273999 0.92559999
vt 0.85095000 0.80407000
vt 0.85097998 0.83530003
vt 0.85077000 0.88178998
vt 0.85115999 0.91659999
vt 0.85281003 0.93040001
vt 0.85299999 0.93216002
vt 0.40415999 0.61326998
vt 0.85360003 0.79635000
vt 0.85289001 0.80519998
vt 0.85286999 0.82437998
vt 0.85271001 0.84702998
vt 0.85268998 0.87667000
vt 0.85270000 0.90149999
vt 0.85277998 0.91672999
vt 0.85325003 0.80329001
vt 0.32075000 0.84950000
vt 0.31417999 0.78583002
vt 0.02557000 0.59737998
vt 0.76086003 0.62182999
vt 0.03033000 0.61061001
vt 0.70815003 0.16952001
vt 0.70814002 0.18221000
vt 0.70951998 0.17962000
vt 0.70959997 0.16779000
vt 0.49127001 0.93011999
vt 0.49351001 0.93215001
vt 0.49625000 0.93014997
vt 0.70950001 0.19249000
vt 0.50988001 0.91635001
vt 0.70815998 0.19588000
vt 0.50651997 0.93220001
vt 0.52206999 0.93067998
vt 0.70810997 0.21086000
vt 0.70963001 0.20828000
vt 0.52178001 0.93221003
vt 0.52179998 0.91927999
vt 0.53947002 0.91389000
vt 0.70811999 0.22987001
vt 0.70956999 0.25058001
vt 0.55403000 0.93065000
vt 0.55195999 0.93217999
vt 0.56910998 0.91044998
vt 0.55748999 0.92062998
vt 0.57284999 0.91965002
vt 0.59360999 0.93067998
vt 0.70789999 0.26016000
vt 0.59377003 0.93216002
vt 0.58894002 0.91859001
vt 0.70947999 0.28380001
vt 0.70806003 0.28207001
vt 0.61211002 0.91473001
vt 0.60494000 0.92474002
vt 0.70775002 0.30487999
vt 0.62001002 0.93061000
vt 0.70959997 0.30853000
vt 0.64968997 0.93213999
vt 0.63339001 0.93030000
vt 0.70744002 0.35551000
vt 0.65750003 0.92047000
vt 0.70955002 0.35464999
vt 0.65562999 0.93054003
vt 0.67802000 0.91856998
vt 0.70806003 0.36655000
vt 0.69336998 0.92720997
vt 0.70949000 0.38058001
vt 0.71291000 0.93061000
vt 0.71070999 0.93212998
vt 0.70959997 0.41876000
vt 0.70723999 0.41172999
vt 0.72937000 0.92716002
vt 0.75717002 0.93211001
vt 0.74760997 0.92268002
vt 0.74747002 0.93011999
vt 0.70797998 0.44856000
vt 0.75752002 0.93044001
vt 0.70947999 0.45486000
vt 0.79646999 0.92711002
vt 0.80023003 0.93049997
vt 0.70931000 0.48912999
vt 0.80532002 0.93208998
vt 0.83833998 0.93041003
vt 0.83928001 0.93208998
vt 0.39743000 0.61308998
vt 0.70638001 0.53798002
vt 0.70857000 0.53797001
vt 0.70925999 0.53715003
vt 0.99939001 0.96191001
vt 0.99892002 0.96094000
vt 0.99677002 0.96170002
vt 0.99778003 0.96003997
vt 0.99928999 0.95880002
vt 0.96758002 0.96026999
vt 0.96847999 0.96175998
vt 0.94564003 0.96174997
vt 0.94354999 0.96026999
vt 0.92159998 0.96029001
vt 0.91574001 0.96173000
vt 0.90774000 0.96020001
vt 0.88562000 0.96037000
vt 0.89071000 0.96184999
vt 0.87731999 0.96037000
vt 0.87535000 0.96192002
vt 0.86877000 0.96030998
vt 0.86641997 0.96179998
vt 0.86164999 0.96029001
vt 0.86159003 0.96188003
vt 0.85970998 0.96028000
vt 0.85983002 0.96201998
vt 0.40469000 0.61159003
vt 0.99482000 0.95921999
vt 0.41185999 0.60617000
vt 0.30667001 0.76756001
vt 0.31332001 0.75475001
vt 0.31955001 0.71732998
vt 0.30706999 0.68462002
vt 0.30763999 0.66917998
vt 0.32121000 0.64845002
vt 0.70744002 0.16721000
vt 0.70479000 0.16764000
vt 0.69788003 0.29124001
vt 0.70141000 0.34029001
vt 0.70358998 0.47330999
vt 0.70081002 0.50720000
vt 0.70942998 0.51867998
vt 0.69608003 0.53783000
vt 0.98338002 0.95690000
vt 0.96284997 0.95719999
vt 0.90752000 0.95700997
vt 0.86967999 0.95472997
vt 0.86153001 0.95736998
vt 0.85969001 0.95692003
vt 0.40469000 0.60820001
vt 0.40555000 0.60768002
vt 0.41396001 0.60136002
vt 0.31318000 0.83625001
vt 0.31072000 0.81507999
vt 0.29837999 0.80175000
vt 0.69568002 0.16725001
vt 0.02994000 0.59692001
vt 0.68927002 0.16760001
vt 0.69837999 0.27618000
vt 0.69659001 0.36210001
vt 0.69730997 0.39475000
vt 0.69180000 0.41460001
vt 0.69806999 0.43603000
vt 0.69865000 0.51990998
vt 0.98831999 0.95104998
vt 0.97905999 0.94831997
vt 0.94408000 0.94931000
vt 0.87274998 0.94984001
vt 0.86535001 0.95173001
vt 0.40437999 0.60438001
vt 0.31248999 0.69498003
vt 0.69384003 0.24875000
vt 0.69156998 0.32091999
vt 0.68540001 0.46044999
vt 0.69406998 0.49327999
vt 0.68303001 0.52740997
vt 0.96410000 0.94831002
vt 0.90913999 0.95020998
vt 0.88747001 0.94562000
vt 0.99926001 0.94862002
vt 0.99777001 0.94713998
vt 0.41455001 0.58078003
vt 0.30643001 0.71425998
vt 0.69171000 0.18219000
vt 0.69319999 0.20079000
vt 0.69067001 0.22111000
vt 0.68861997 0.30407000
vt 0.68983001 0.43145999
vt 0.68062001 0.51684999
vt 0.68937999 0.53557998
vt 0.92148000 0.94335002
vt 0.90215999 0.94432002
vt 0.29183000 0.85968000
vt 0.29368001 0.84946001
vt 0.30423000 0.73398000
vt 0.29319999 0.66329998
vt 0.30125001 0.65824002
vt 0.01835000 0.57687002
vt 0.68216997 0.33943999
vt 0.67980999 0.38920000
vt 0.96630001 0.94200999
vt 0.94819999 0.94360000
vt 0.40823001 0.57562000
vt 0.29383999 0.83041000
vt 0.31114000 0.65332001
vt 0.28299999 0.64683998
vt 0.89019001 0.32686001
vt 0.89026999 0.37457001
vt 0.68013000 0.16700999
vt 0.68001997 0.18149000
vt 0.68001002 0.19543000
vt 0.67948002 0.27144000
vt 0.68314999 0.28516001
vt 0.67787999 0.36184001
vt 0.67299002 0.50623000
vt 0.40386000 0.60295999
vt 0.40408000 0.57586002
vt 0.93524998 0.93510002
vt 0.41393000 0.57559001
vt 0.28606999 0.86001003
vt 0.29381999 0.78355998
vt 0.29227999 0.67398000
vt 0.67316002 0.20710000
vt 0.67780000 0.25321999
vt 0.67527997 0.30785999
vt 0.67307001 0.32194000
vt 0.66801000 0.41025999
vt 0.96811998 0.93570000
vt 0.90486997 0.93563998
vt 0.86488003 0.93507999
vt 0.99940997 0.91114998
vt 0.99783999 0.93338001
vt 0.29462999 0.64841998
vt 0.88595003 0.30779001
vt 0.86834002 0.32903001
vt 0.86837000 0.36370000
vt 0.67624003 0.22548001
vt 0.67014998 0.42704999
vt 0.66073000 0.44295001
vt 0.88208997 0.92813998
vt 0.87050003 0.92275000
vt 0.29357001 0.71209002
vt 0.02031000 0.57437003
vt 0.66908002 0.29218999
vt 0.99267000 0.92725003
vt 0.98063999 0.92275000
vt 0.97263002 0.92137003
vt 0.96020001 0.92368001
vt 0.95067000 0.92938000
vt 0.93343002 0.92267001
vt 0.90754998 0.92869997
vt 0.99462003 0.92654002
vt 0.27258000 0.81430000
vt 0.02997000 0.56174999
vt 0.66548997 0.16751000
vt 0.65675998 0.33515999
vt 0.66121000 0.53552002
vt 0.65820998 0.53772002
vt 0.86159003 0.90746999
vt 0.29157001 0.65332001
vt 0.66804999 0.23607001
vt 0.66453999 0.28149000
vt 0.66052002 0.35438001
vt 0.86509001 0.91167003
vt 0.85979003 0.91406000
vt 0.40375000 0.56532001
vt 0.94685000 0.91039002
vt 0.90930003 0.91807997
vt 0.28839999 0.74365997
vt 0.88993001 0.31700000
vt 0.65829998 0.16704001
vt 0.66404003 0.18609001
vt 0.66062999 0.25874999
vt 0.65601999 0.29954001
vt 0.96587002 0.90907001
vt 0.99790001 0.90855002
vt 0.24933000 0.85955000
vt 0.65450001 0.19702999
vt 0.65733999 0.23947001
vt 0.65754002 0.27537000
vt 0.64453000 0.36364999
vt 0.64763999 0.38801000
vt 0.66273999 0.52111000
vt 0.64472002 0.52842999
vt 0.27555999 0.77252001
vt 0.27945000 0.72640997
vt 0.27855000 0.69353002
vt 0.27224001 0.64894003
vt 0.02022000 0.55877000
vt 0.64820999 0.16756000
vt 0.64643002 0.28367999
vt 0.40401000 0.55619001
vt 0.88871002 0.90771002
vt 0.26451999 0.83941001
vt 0.27048999 0.74283999
vt 0.27675000 0.71258003
vt 0.26651999 0.68172997
vt 0.27339000 0.65662998
vt 0.87852001 0.30959001
vt 0.65588999 0.18773000
vt 0.65223002 0.21696000
vt 0.65214002 0.50176001
vt 0.64842999 0.51441002
vt 0.97658002 0.90575999
vt 0.93494999 0.90053999
vt 0.91354001 0.90402001
vt 0.40795001 0.55246001
vt 0.41413000 0.54824001
vt 0.41475001 0.54702997
vt 0.25560999 0.82633001
vt 0.25597000 0.79821002
vt 0.27360001 0.75367999
vt 0.27111000 0.70602000
vt 0.26535001 0.66785002
vt 0.01830000 0.54826999
vt 0.63321000 0.30937999
vt 0.63836002 0.31874999
vt 0.63612002 0.40727001
vt 0.26549000 0.72389001
vt 0.86835003 0.31229001
vt 0.64257997 0.23196000
vt 0.88619000 0.89762002
vt 0.62497002 0.16697000
vt 0.64278001 0.25152001
vt 0.63521999 0.34051999
vt 0.63406003 0.42416000
vt 0.64050001 0.45113000
vt 0.95883000 0.89108998
vt 0.25606000 0.85999000
vt 0.24225000 0.84564000
vt 0.26800001 0.76244998
vt 0.26332000 0.74089003
vt 0.26387000 0.73487997
vt 0.02998000 0.53951001
vt 0.63863999 0.18599001
vt 0.63097000 0.19399001
vt 0.63834000 0.28889000
vt 0.26234001 0.75452000
vt 0.26413000 0.74641001
vt 0.25231999 0.70002002
vt 0.25813001 0.65829003
vt 0.03005000 0.51164001
vt 0.63555998 0.27711999
vt 0.62633997 0.29899999
vt 0.62781000 0.48144001
vt 0.62395000 0.50128001
vt 0.97413999 0.88467997
vt 0.91413999 0.89082998
vt 0.99790001 0.88467002
vt 0.22905999 0.78965998
vt 0.25584000 0.77326000
vt 0.25200999 0.71044999
vt 0.25136000 0.64684999
vt 0.89020997 0.29556999
vt 0.26363999 0.74432999
vt 0.63237000 0.21939000
vt 0.85980999 0.87605000
vt 0.40371001 0.52728999
vt 0.88643998 0.87769997
vt 0.25277999 0.76143998
vt 0.26157999 0.74523997
vt 0.24992999 0.65219998
vt 0.89003998 0.29119000
vt 0.26093000 0.73786002
vt 0.26069000 0.73574001
vt 0.25898999 0.72531998
vt 0.62914002 0.25889000
vt 0.62568998 0.53767997
vt 0.94419003 0.87742001
vt 0.40628999 0.52969998
vt 0.99947000 0.87898999
vt 0.41411000 0.52209997
vt 0.25619000 0.75713998
vt 0.26012999 0.74633998
vt 0.25222000 0.69028002
vt 0.62573999 0.39881000
vt 0.62168002 0.51924998
vt 0.62266999 0.53544998
vt 0.90020001 0.88543999
vt 0.33981001 0.56287003
vt 0.33971000 0.56075001
vt 0.33985001 0.55752999
vt 0.25591999 0.73901999
vt 0.24145000 0.76898998
vt 0.25599000 0.75357997
vt 0.25685999 0.75147003
vt 0.78648001 0.56432998
vt 0.78551000 0.56682998
vt 0.78551000 0.56298000
vt 0.25584000 0.73759001
vt 0.24782000 0.72571999
vt 0.25448000 0.73605001
vt 0.01833000 0.52775002
vt 0.62364000 0.16749001
vt 0.62671000 0.23578000
vt 0.61918998 0.28827000
vt 0.62352002 0.38168001
vt 0.62478000 0.45546001
vt 0.61701000 0.53037000
vt 0.86172003 0.87378001
vt 0.93144000 0.87382001
vt 0.99466002 0.87484002
vt 0.33682999 0.56018001
vt 0.33668000 0.55778003
vt 0.23153000 0.83736002
vt 0.22180000 0.77648002
vt 0.24928001 0.75734001
vt 0.25246999 0.75414002
vt 0.25262001 0.74002999
vt 0.24004000 0.68610001
vt 0.24366000 0.66588998
vt 0.62186003 0.21760000
vt 0.61962003 0.27948001
vt 0.62009001 0.34977001
vt 0.91937000 0.86813003
vt 0.90258002 0.86822999
vt 0.33306000 0.56766999
vt 0.33412001 0.56405997
vt 0.33249000 0.56401998
vt 0.33182001 0.56858999
vt 0.17475000 0.36587000
vt 0.33462000 0.56022000
vt 0.33213001 0.55984998
vt 0.17169000 0.36324999
vt 0.17273000 0.35905001
vt 0.17307000 0.35497001
vt 0.17217000 0.35176000
vt 0.33445001 0.55778003
vt 0.33219999 0.55770999
vt 0.24890999 0.75362998
vt 0.25029001 0.74089003
vt 0.24943000 0.73957998
vt 0.24835999 0.74129999
vt 0.24848001 0.74256998
vt 0.24901000 0.73294997
vt 0.86829001 0.29034001
vt 0.96465999 0.86212999
vt 0.87269998 0.85141999
vt 0.38523000 0.52221000
vt 0.38765001 0.52064002
vt 0.38747999 0.52199000
vt 0.32710999 0.58636999
vt 0.32778999 0.58517998
vt 0.37695000 0.52096999
vt 0.37860999 0.52136999
vt 0.37717000 0.52247000
vt 0.32870001 0.57994002
vt 0.32822999 0.57885998
vt 0.18306001 0.36564001
vt 0.17911001 0.35848001
vt 0.17933001 0.35494000
vt 0.18212999 0.35495999
vt 0.33059001 0.56361002
vt 0.17928000 0.35191000
vt 0.33067000 0.56063002
vt 0.23524000 0.85365999
vt 0.24417999 0.76135999
vt 0.24133000 0.75422001
vt 0.24558000 0.75362998
vt 0.24550000 0.74945003
vt 0.24761000 0.74957001
vt 0.24545000 0.74501002
vt 0.24719000 0.74555999
vt 0.24225999 0.74608999
vt 0.23556000 0.70416999
vt 0.89042002 0.27116999
vt 0.61259001 0.18023001
vt 0.60895997 0.19818000
vt 0.61640000 0.24536000
vt 0.61045003 0.35842001
vt 0.61382002 0.41352999
vt 0.40397000 0.50635999
vt 0.32554001 0.58534998
vt 0.37865001 0.51791000
vt 0.32591000 0.58297002
vt 0.32630000 0.57993001
vt 0.32743001 0.57889998
vt 0.32585999 0.57687002
vt 0.19069999 0.36237001
vt 0.18790001 0.35837999
vt 0.18799999 0.35523999
vt 0.32709000 0.57076001
vt 0.18769000 0.35264000
vt 0.18515000 0.35299999
vt 0.22299001 0.81711000
vt 0.23704000 0.76411998
vt 0.24210000 0.74936002
vt 0.23588000 0.65663999
vt 0.88244998 0.26225999
vt 0.60297000 0.27994001
vt 0.60947001 0.39473999
vt 0.61184001 0.43608999
vt 0.61172998 0.45686999
vt 0.61066002 0.48359999
vt 0.88330001 0.85755002
vt 0.99783999 0.85736001
vt 0.41163000 0.51152998
vt 0.38677999 0.51422000
vt 0.38725999 0.51660001
vt 0.32315001 0.58612001
vt 0.37717000 0.51542002
vt 0.38203001 0.51486999
vt 0.32367000 0.58315003
vt 0.32179001 0.58322001
vt 0.32110000 0.58532000
vt 0.32350001 0.57997000
vt 0.32159999 0.58004999
vt 0.32356000 0.57685000
vt 0.32161000 0.57679999
vt 0.23154999 0.85999000
vt 0.22561000 0.65305001
vt 0.39883000 0.20682999
vt 0.02000000 0.49814999
vt 0.60759002 0.16756000
vt 0.60623997 0.20877001
vt 0.60395998 0.31825000
vt 0.60104001 0.33568999
vt 0.97785002 0.85939997
vt 0.99141997 0.85521001
vt 0.32076001 0.58587003
vt 0.31902000 0.57686001
vt 0.31911001 0.57481003
vt 0.21137001 0.84771001
vt 0.22370000 0.69981998
vt 0.22872999 0.67047000
vt 0.22727001 0.64835000
vt 0.22667000 0.64679003
vt 0.23420000 0.74441999
vt 0.60093999 0.16707000
vt 0.59762001 0.18023001
vt 0.59429002 0.29561999
vt 0.59775001 0.53527999
vt 0.94617999 0.85566998
vt 0.40785000 0.50528002
vt 0.99943000 0.85563999
vt 0.99448001 0.85815001
vt 0.41479000 0.50085998
vt 0.31286001 0.58573997
vt 0.31362000 0.58525002
vt 0.38198999 0.50424999
vt 0.38622001 0.50641000
vt 0.31047001 0.58317000
vt 0.31492001 0.57998002
vt 0.22179000 0.76520002
vt 0.39886999 0.19269000
vt 0.60202003 0.23799001
vt 0.60193998 0.36853999
vt 0.60023999 0.48310000
vt 0.92453998 0.85284001
vt 0.31108001 0.57675999
vt 0.30949000 0.57502002
vt 0.22564000 0.75476998
vt 0.22342999 0.74241000
vt 0.22464000 0.71087998
vt 0.22276001 0.68870002
vt 0.89047003 0.25288999
vt 0.60222000 0.43391001
vt 0.59486002 0.52228999
vt 0.60207999 0.53766000
vt 0.30357000 0.58525997
vt 0.38596001 0.49697000
vt 0.30688000 0.57999003
vt 0.19561000 0.79525000
vt 0.59656000 0.38172999
vt 0.59978998 0.40926000
vt 0.30325001 0.58572000
vt 0.30298001 0.57675999
vt 0.20947000 0.67211998
vt 0.86834002 0.26794001
vt 0.58603001 0.20779000
vt 0.59135002 0.22951999
vt 0.85979003 0.82467002
vt 0.40364000 0.47584999
vt 0.97099000 0.83916998
vt 0.90009999 0.84880000
vt 0.37867999 0.48548001
vt 0.38192001 0.49298999
vt 0.29800001 0.58332002
vt 0.29879999 0.58011001
vt 0.29933000 0.57508999
vt 0.19915000 0.85964000
vt 0.20701000 0.75160003
vt 0.21269000 0.72099000
vt 0.58019000 0.19514000
vt 0.58354002 0.26253000
vt 0.56364000 0.30812001
vt 0.58023000 0.32582000
vt 0.58719999 0.39414999
vt 0.58192003 0.41602999
vt 0.58675998 0.49579999
vt 0.86508000 0.81948000
vt 0.18888000 0.85996002
vt 0.20355000 0.73518002
vt 0.20516001 0.70832002
vt 0.20976000 0.69169998
vt 0.21227001 0.67615998
vt 0.20893000 0.66386002
vt 0.20740999 0.65197003
vt 0.20788001 0.64828002
vt 0.20818999 0.64679003
vt 0.01827000 0.47641999
vt 0.57920003 0.16751000
vt 0.57888001 0.36528999
vt 0.58691001 0.44119999
vt 0.57666999 0.47167999
vt 0.96041000 0.83715999
vt 0.94805998 0.82927001
vt 0.93467999 0.83209997
vt 0.92076999 0.83846003
vt 0.89990997 0.83399999
vt 0.88053000 0.84105003
vt 0.99475998 0.82738000
vt 0.41411000 0.47789001
vt 0.27568001 0.58591998
vt 0.28173000 0.58538997
vt 0.20789000 0.70055002
vt 0.03019000 0.47814000
vt 0.57998002 0.18408000
vt 0.57554001 0.50830001
vt 0.40391001 0.47580999
vt 0.99949998 0.82810003
vt 0.37735999 0.46522000
vt 0.28608999 0.57683998
vt 0.19456001 0.83750999
vt 0.18819000 0.76854002
vt 0.20908000 0.68210000
vt 0.57015997 0.42908999
vt 0.99792999 0.82923001
vt 0.38192001 0.46981001
vt 0.28599000 0.58006001
vt 0.28360000 0.57506001
vt 0.19416000 0.81018001
vt 0.20350000 0.68919998
vt 0.20409000 0.68516999
vt 0.20625000 0.68133998
vt 0.20625000 0.67552000
vt 0.20608000 0.67192000
vt 0.20356999 0.66605997
vt 0.57231998 0.22490001
vt 0.28338999 0.58332002
vt 0.18273000 0.85273999
vt 0.17739999 0.81853998
vt 0.19765000 0.78183001
vt 0.19553000 0.71824998
vt 0.20400999 0.66992998
vt 0.02006000 0.46259999
vt 0.57244998 0.40435001
vt 0.86155999 0.81713998
vt 0.98306000 0.81418002
vt 0.40810001 0.47565001
vt 0.18272001 0.71157002
vt 0.19404000 0.69427001
vt 0.20192000 0.67899001
vt 0.20052999 0.66286999
vt 0.19701000 0.65701002
vt 0.20108999 0.68831998
vt 0.20072000 0.66553003
vt 0.03007000 0.43827000
vt 0.56535000 0.17844000
vt 0.57021999 0.25544000
vt 0.55721998 0.29293001
vt 0.56120002 0.35519001
vt 0.56206000 0.48319000
vt 0.41508001 0.45761001
vt 0.27392000 0.58020002
vt 0.27204999 0.57687002
vt 0.19774000 0.69116002
vt 0.19713999 0.66320002
vt 0.87897998 0.22676000
vt 0.86820000 0.19396000
vt 0.39904001 0.15459000
vt 0.55329001 0.20933001
vt 0.55634999 0.27985999
vt 0.55344999 0.46037999
vt 0.57424003 0.53759998
vt 0.91396999 0.81944001
vt 0.88255000 0.81920999
vt 0.87265003 0.81563002
vt 0.86478001 0.81611001
vt 0.37873000 0.46445000
vt 0.26916000 0.58346999
vt 0.18197000 0.75617999
vt 0.18353000 0.70191997
vt 0.19485000 0.68551999
vt 0.19622999 0.66755998
vt 0.19544999 0.66433001
vt 0.19099000 0.65503001
vt 0.18817000 0.64679998
vt 0.19336000 0.69146001
vt 0.19028001 0.65965003
vt 0.86818999 0.22317000
vt 0.55966997 0.39153001
vt 0.55783999 0.53538001
vt 0.97411001 0.81221002
vt 0.96309000 0.80970001
vt 0.26916000 0.57525003
vt 0.18227001 0.85946000
vt 0.18054999 0.74463999
vt 0.18797000 0.67098999
vt 0.19078000 0.66513997
vt 0.19188000 0.66311997
vt 0.01806000 0.47319999
vt 0.01828000 0.46939000
vt 0.55484998 0.16693000
vt 0.55747002 0.19865000
vt 0.99456000 0.80849999
vt 0.38201001 0.45813000
vt 0.16853000 0.84553999
vt 0.17288999 0.78140002
vt 0.18467000 0.66745001
vt 0.18630999 0.66570997
vt 0.18842000 0.66469997
vt 0.18701001 0.66328001
vt 0.55554998 0.16751000
vt 0.55558002 0.24530999
vt 0.94691998 0.81190997
vt 0.24967000 0.58604002
vt 0.24675000 0.58556998
vt 0.25920999 0.58015001
vt 0.17513999 0.73227000
vt 0.18099000 0.72215998
vt 0.18266000 0.66892999
vt 0.18551999 0.66529000
vt 0.18410000 0.66659999
vt 0.18553001 0.65818000
vt 0.54012001 0.19093999
vt 0.55180001 0.41339999
vt 0.55557001 0.43452001
vt 0.93067002 0.80779999
vt 0.40676999 0.45480999
vt 0.99792999 0.80329001
vt 0.16808000 0.82977003
vt 0.18069001 0.68140000
vt 0.18133000 0.67523998
vt 0.18016000 0.67715001
vt 0.18045001 0.67391998
vt 0.17952000 0.67382997
vt 0.18208000 0.66821003
vt 0.17106000 0.65131998
vt 0.17072000 0.64836001
vt 0.18244000 0.68798000
vt 0.18262000 0.66564000
vt 0.18160000 0.66170001
vt 0.90799999 0.80878001
vt 0.86873001 0.80198002
vt 0.16035999 0.79443002
vt 0.16919000 0.70229000
vt 0.16934000 0.64678001
vt 0.89043999 0.21449000
vt 0.89055997 0.23311999
vt 0.17971000 0.68444997
vt 0.17928000 0.67734998
vt 0.18002000 0.67097002
vt 0.17981000 0.66576999
vt 0.54580998 0.33643001
vt 0.53298002 0.47341999
vt 0.40386000 0.44971001
vt 0.88318998 0.79764998
vt 0.41418001 0.45048001
vt 0.37737000 0.44531000
vt 0.37880999 0.44472000
vt 0.24493000 0.58357000
vt 0.16574000 0.85990000
vt 0.15589000 0.85952002
vt 0.16279000 0.65881997
vt 0.88907999 0.17288999
vt 0.17730001 0.68164003
vt 0.17761999 0.67474002
vt 0.17705999 0.66902000
vt 0.54615003 0.36056000
vt 0.94796002 0.79259002
vt 0.99949998 0.80215001
vt 0.16539000 0.74351001
vt 0.52987999 0.16739000
vt 0.53762001 0.17767000
vt 0.53767997 0.22407000
vt 0.54385000 0.25740001
vt 0.53526998 0.37724999
vt 0.53397000 0.39570999
vt 0.52560002 0.53491002
vt 0.92114002 0.78816998
vt 0.90582001 0.78742999
vt 0.87269998 0.77881002
vt 0.24112999 0.58029002
vt 0.15481000 0.77459002
vt 0.16170999 0.75963002
vt 0.15899000 0.71390998
vt 0.39906001 0.13296001
vt 0.54180002 0.16683000
vt 0.53552997 0.27987999
vt 0.53561997 0.29769999
vt 0.53759998 0.43939000
vt 0.96807998 0.78806001
vt 0.93897003 0.57752001
vt 0.52950001 0.33759999
vt 0.53176999 0.42230001
vt 0.88365000 0.77574998
vt 0.14814000 0.82029998
vt 0.14647000 0.80390000
vt 0.15391000 0.72628999
vt 0.88296002 0.18984000
vt 0.01828000 0.43446001
vt 0.53286999 0.26436001
vt 0.85979003 0.77789998
vt 0.85944003 0.79854000
vt 0.93681002 0.77973998
vt 0.23040999 0.58633000
vt 0.37751001 0.42456001
vt 0.37898999 0.43057999
vt 0.93883997 0.56708002
vt 0.14466000 0.70134997
vt 0.15693000 0.67673999
vt 0.52598000 0.40950000
vt 0.52547002 0.53759998
vt 0.54799998 0.53768998
vt 0.99950999 0.77986002
vt 0.99808002 0.78003001
vt 0.41426000 0.42662999
vt 0.13971999 0.78802001
vt 0.14650001 0.75863999
vt 0.14827999 0.74408001
vt 0.15109999 0.68443000
vt 0.12615000 0.65151000
vt 0.12712000 0.64675999
vt 0.39908001 0.11488000
vt 0.52218997 0.20304000
vt 0.86150002 0.77869999
vt 0.98005003 0.78065002
vt 0.95539999 0.77776998
vt 0.40752000 0.42719001
vt 0.22832000 0.58582997
vt 0.22743000 0.58354998
vt 0.13743000 0.66652000
vt 0.13734999 0.65648001
vt 0.52406001 0.18227001
vt 0.52489001 0.23111001
vt 0.51160002 0.44040999
vt 0.85948002 0.77529001
vt 0.41525999 0.41281000
vt 0.22788000 0.58042997
vt 0.93857998 0.56239998
vt 0.13568000 0.84446001
vt 0.13951001 0.83226001
vt 0.14515001 0.71520001
vt 0.01997000 0.41766000
vt 0.02666000 0.42605001
vt 0.51736999 0.16692001
vt 0.50953001 0.19322000
vt 0.51230001 0.21048000
vt 0.51354998 0.28220999
vt 0.51321000 0.47510999
vt 0.50977999 0.49395001
vt 0.49766001 0.53468001
vt 0.97551000 0.75946999
vt 0.96469003 0.77007997
vt 0.40384999 0.42644000
vt 0.37893999 0.42146000
vt 0.13153000 0.85995001
vt 0.12238000 0.85271001
vt 0.13406000 0.76853001
vt 0.13885000 0.73746997
vt 0.13564000 0.69151998
vt 0.51192999 0.25724000
vt 0.51128000 0.29993001
vt 0.51308000 0.33276999
vt 0.50602001 0.41514000
vt 0.90758002 0.76130003
vt 0.22259000 0.58670998
vt 0.22237000 0.58570999
vt 0.37744999 0.41725999
vt 0.22104000 0.58032000
vt 0.13916001 0.85951000
vt 0.13006000 0.80883998
vt 0.13169000 0.68133003
vt 0.03016000 0.41872999
vt 0.50914001 0.22392000
vt 0.51415002 0.37419000
vt 0.50787997 0.39489999
vt 0.51261997 0.46022999
vt 0.50988001 0.51867998
vt 0.92074001 0.76845998
vt 0.37891001 0.41486999
vt 0.21962000 0.57764000
vt 0.13183001 0.75370002
vt 0.13507000 0.74523997
vt 0.13256000 0.72718000
vt 0.13273001 0.71393001
vt 0.01818000 0.39864001
vt 0.50998998 0.17603000
vt 0.99102002 0.75128001
vt 0.38740000 0.41213000
vt 0.12161000 0.78481001
vt 0.88286000 0.16076000
vt 0.49888000 0.16749001
vt 0.49944001 0.16969000
vt 0.85987002 0.76187003
vt 0.93381000 0.75787002
vt 0.40750000 0.40966001
vt 0.38760000 0.40932000
vt 0.37722999 0.40652001
vt 0.21295001 0.58025002
vt 0.12816000 0.75866002
vt 0.12898999 0.73695999
vt 0.12717000 0.73167002
vt 0.86870003 0.15164000
vt 0.86835998 0.17421000
vt 0.50015002 0.20262000
vt 0.86163002 0.75437999
vt 0.40367001 0.41301000
vt 0.40393999 0.40920001
vt 0.95840001 0.75519001
vt 0.88797998 0.76446998
vt 0.38765001 0.40669000
vt 0.21041000 0.58770001
vt 0.21038000 0.58392000
vt 0.21009000 0.58048999
vt 0.20986000 0.57713997
vt 0.21191999 0.57081002
vt 0.21156000 0.56838000
vt 0.13099000 0.74594003
vt 0.13071001 0.74387002
vt 0.89042997 0.17274000
vt 0.49237001 0.27654001
vt 0.50112998 0.53728998
vt 0.99941999 0.75579000
vt 0.99786001 0.75524998
vt 0.41418001 0.41071001
vt 0.46337000 0.91262001
vt 0.46029001 0.91317999
vt 0.46233001 0.91202003
vt 0.38562000 0.40459001
vt 0.45659000 0.91232002
vt 0.38749999 0.40518001
vt 0.45464000 0.91219002
vt 0.37727001 0.40434000
vt 0.46562001 0.91648000
vt 0.46403000 0.91517001
vt 0.46483001 0.91289997
vt 0.20891000 0.58797997
vt 0.20859000 0.58420998
vt 0.20762999 0.58459997
vt 0.20745000 0.58638000
vt 0.46467999 0.92124999
vt 0.46134999 0.91886002
vt 0.45732999 0.91938001
vt 0.45519000 0.91957998
vt 0.20781000 0.58092999
vt 0.20660999 0.58127999
vt 0.46623999 0.92123002
vt 0.46162999 0.92207003
vt 0.45638001 0.92335999
vt 0.45537999 0.92255002
vt 0.20669000 0.57751000
vt 0.20534000 0.57861000
vt 0.46674001 0.92431998
vt 0.45929000 0.92444003
vt 0.20655000 0.57334000
vt 0.20840999 0.56357998
vt 0.20795000 0.56098002
vt 0.10576000 0.85953999
vt 0.10524000 0.83166999
vt 0.11436000 0.81497997
vt 0.11788000 0.77179998
vt 0.12786999 0.75389999
vt 0.12773000 0.74992001
vt 0.12705000 0.74572003
vt 0.12680000 0.74343002
vt 0.49652001 0.16715001
vt 0.49538001 0.17995000
vt 0.50292999 0.33864999
vt 0.49823999 0.36616001
vt 0.49673000 0.46445000
vt 0.88172001 0.74835998
vt 0.87260997 0.74071002
vt 0.45557001 0.92667001
vt 0.45444000 0.92488003
vt 0.20502999 0.57611001
vt 0.45809999 0.93006003
vt 0.45570001 0.92979997
vt 0.20322999 0.57085001
vt 0.45326999 0.93028003
vt 0.46267000 0.93211001
vt 0.20280001 0.56760001
vt 0.20095000 0.56660002
vt 0.20197000 0.56397998
vt 0.20562001 0.55583000
vt 0.10149000 0.84950000
vt 0.11916000 0.76076001
vt 0.12414000 0.75708997
vt 0.12386000 0.75378001
vt 0.12512000 0.74993002
vt 0.12554000 0.74676001
vt 0.12099000 0.69102001
vt 0.11732000 0.67513001
vt 0.12224000 0.73785001
vt 0.49876001 0.24318001
vt 0.49566999 0.29525000
vt 0.49936000 0.31162000
vt 0.49663001 0.49498999
vt 0.45613000 0.93488002
vt 0.45431000 0.93223000
vt 0.20121001 0.56985998
vt 0.19971000 0.56698000
vt 0.45385000 0.93537998
vt 0.46375000 0.93724000
vt 0.19907001 0.56357998
vt 0.19841000 0.56462002
vt 0.46719000 0.93900001
vt 0.19845000 0.55962998
vt 0.19805001 0.55681998
vt 0.12055000 0.75690001
vt 0.12052000 0.75427002
vt 0.19795001 0.55583000
vt 0.20130999 0.55528998
vt 0.11592000 0.70069999
vt 0.10528000 0.65647000
vt 0.12054000 0.73909003
vt 0.49304000 0.33428001
vt 0.48853999 0.38909000
vt 0.49149999 0.41273999
vt 0.49072000 0.42555001
vt 0.94511998 0.74615002
vt 0.45655000 0.93981999
vt 0.45425999 0.93914998
vt 0.45332000 0.93796003
vt 0.45703000 0.94286001
vt 0.45423999 0.94252002
vt 0.19550000 0.55993998
vt 0.45185000 0.94314998
vt 0.19420999 0.55649000
vt 0.10508000 0.85987997
vt 0.10556000 0.85741001
vt 0.11733000 0.75655001
vt 0.11748000 0.75343001
vt 0.11391000 0.71394002
vt 0.10449000 0.68085003
vt 0.10266000 0.66768003
vt 0.11676000 0.73949999
vt 0.11456000 0.73848999
vt 0.47924000 0.18590000
vt 0.46869001 0.20111001
vt 0.48690999 0.20833001
vt 0.48875999 0.22130001
vt 0.48899999 0.25843000
vt 0.48749000 0.31478000
vt 0.48252001 0.43985999
vt 0.85991001 0.71982002
vt 0.40366000 0.37088999
vt 0.90263999 0.74202001
vt 0.45752001 0.94506001
vt 0.45829999 0.94760001
vt 0.45447001 0.94752002
vt 0.45236999 0.94533002
vt 0.19332001 0.55913001
vt 0.19212000 0.55756003
vt 0.45186001 0.94717997
vt 0.10410000 0.78552002
vt 0.11185000 0.75993001
vt 0.11348000 0.75603998
vt 0.11432000 0.75288999
vt 0.11463000 0.74941999
vt 0.11484000 0.74065000
vt 0.11465000 0.73975003
vt 0.10210000 0.68787998
vt 0.86873001 0.12985000
vt 0.86835998 0.15279999
vt 0.46706000 0.17590000
vt 0.47760001 0.24014001
vt 0.46770999 0.30693999
vt 0.48405999 0.46836999
vt 0.47273001 0.48379001
vt 0.47527999 0.53099000
vt 0.48029000 0.53724003
vt 0.97623998 0.73264003
vt 0.96596998 0.73431998
vt 0.93576002 0.73135000
vt 0.99945998 0.73517001
vt 0.10572000 0.77355999
vt 0.11286000 0.74317002
vt 0.11410000 0.74304003
vt 0.11305000 0.74080998
vt 0.47631001 0.35245001
vt 0.47059000 0.40752000
vt 0.94814003 0.73343003
vt 0.92119998 0.72548997
vt 0.09158000 0.80071998
vt 0.11000000 0.75165999
vt 0.11047000 0.74330997
vt 0.10907000 0.73947001
vt 0.89039999 0.14691000
vt 0.46004999 0.16746999
vt 0.46410999 0.29170001
vt 0.88174999 0.72806001
vt 0.41429001 0.37502000
vt 0.41541001 0.37518999
vt 0.09885000 0.70762998
vt 0.10098000 0.64670998
vt 0.46162999 0.16708000
vt 0.03033000 0.36636001
vt 0.03035000 0.40053001
vt 0.44791999 0.16908000
vt 0.47330999 0.19267000
vt 0.40397999 0.37823999
vt 0.40752000 0.37673000
vt 0.10121000 0.73642999
vt 0.09819000 0.71981001
vt 0.08686000 0.69467998
vt 0.07676000 0.65144998
vt 0.01813000 0.36914000
vt 0.46241000 0.26728001
vt 0.46584001 0.44315001
vt 0.46605000 0.53713000
vt 0.99136001 0.72389001
vt 0.08851000 0.84101999
vt 0.09207000 0.81708002
vt 0.09828000 0.75629997
vt 0.45651999 0.23049000
vt 0.46833000 0.32951000
vt 0.45879000 0.39285001
vt 0.89745998 0.72549999
vt 0.09140000 0.76664001
vt 0.09509000 0.73839003
vt 0.08331000 0.65951997
vt 0.45030001 0.20847000
vt 0.95362997 0.71499997
vt 0.99945998 0.72109002
vt 0.07997000 0.84762001
vt 0.08900000 0.78302002
vt 0.44727001 0.28132999
vt 0.08342000 0.82749999
vt 0.08772000 0.73768997
vt 0.08477000 0.71168000
vt 0.07638000 0.64789999
vt 0.97957999 0.71706003
vt 0.93439001 0.70069999
vt 0.87259001 0.71399999
vt 0.04778000 0.85991001
vt 0.06703000 0.85948998
vt 0.08042000 0.76514000
vt 0.05869000 0.64668000
vt 0.89030999 0.10511000
vt 0.88907999 0.12123000
vt 0.88595998 0.71094000
vt 0.41428000 0.35913000
vt 0.07195000 0.73807001
vt 0.07709000 0.71834999
vt 0.07935000 0.68243998
vt 0.45497999 0.32442001
vt 0.45225999 0.34632000
vt 0.45563000 0.46070999
vt 0.40390000 0.35741001
vt 0.97149003 0.71012002
vt 0.91734999 0.70722997
vt 0.99794000 0.71056002
vt 0.06601000 0.84046000
vt 0.06171000 0.81151003
vt 0.03036000 0.34246999
vt 0.45144001 0.18437000
vt 0.44810000 0.19453999
vt 0.44389999 0.25821999
vt 0.44326001 0.30802000
vt 0.44672000 0.42131999
vt 0.44214001 0.53264999
vt 0.06557000 0.85267001
vt 0.06803000 0.82613999
vt 0.07251000 0.67000002
vt 0.44056001 0.16715001
vt 0.44007000 0.17979001
vt 0.43797001 0.29190999
vt 0.44437000 0.36873999
vt 0.44385999 0.40864000
vt 0.44806001 0.44585001
vt 0.44286999 0.47527999
vt 0.44310999 0.52218002
vt 0.85982001 0.70120001
vt 0.85955000 0.70637000
vt 0.99094999 0.69828999
vt 0.96029001 0.70220000
vt 0.40713999 0.35552999
vt 0.99949998 0.68957001
vt 0.41552001 0.34055001
vt 0.06857000 0.76503998
vt 0.06423000 0.70322001
vt 0.06900000 0.69226998
vt 0.06982000 0.68008000
vt 0.06444000 0.66000998
vt 0.05399000 0.65562999
vt 0.86870998 0.09924000
vt 0.43417999 0.53715998
vt 0.89129001 0.69689000
vt 0.05915000 0.84761000
vt 0.06504000 0.78825998
vt 0.02005000 0.32407999
vt 0.43836001 0.23119999
vt 0.43816000 0.27375001
vt 0.43392000 0.31654999
vt 0.43536001 0.35490000
vt 0.44275001 0.39155000
vt 0.97676003 0.69572002
vt 0.96353000 0.67615002
vt 0.99790001 0.68684000
vt 0.88900000 0.08780000
vt 0.43281999 0.21208000
vt 0.92009002 0.69296998
vt 0.87353998 0.69290000
vt 0.06044000 0.72184998
vt 0.05655000 0.67869002
vt 0.05931000 0.66834998
vt 0.03051000 0.32422999
vt 0.42737001 0.16761000
vt 0.43770999 0.45479000
vt 0.05225000 0.78393000
vt 0.05276000 0.75687999
vt 0.04688000 0.73179001
vt 0.05258000 0.68640000
vt 0.01804000 0.32697999
vt 0.42951000 0.20265999
vt 0.42691001 0.32905999
vt 0.43200001 0.37397000
vt 0.95748001 0.68580002
vt 0.94240999 0.68650001
vt 0.88173997 0.68598002
vt 0.40487999 0.33373001
vt 0.40801999 0.33654001
vt 0.04605000 0.71649998
vt 0.04360000 0.66562003
vt 0.03713000 0.64828998
vt 0.42708999 0.16966000
vt 0.42978999 0.19174001
vt 0.43206000 0.40825000
vt 0.43189999 0.45170999
vt 0.42811999 0.49575001
vt 0.42928001 0.51795000
vt 0.85969001 0.68054998
vt 0.98053998 0.68550003
vt 0.90211999 0.68537998
vt 0.86864001 0.68147999
vt 0.86523998 0.68989998
vt 0.40414000 0.33153999
vt 0.04956000 0.82776999
vt 0.04344000 0.69510001
vt 0.42559001 0.18105000
vt 0.42743000 0.23939000
vt 0.42693001 0.39010000
vt 0.42449000 0.44552001
vt 0.42208999 0.16726001
vt 0.41856000 0.26538000
vt 0.42177999 0.53055000
vt 0.92308998 0.68339998
vt 0.88584000 0.67616999
vt 0.03693000 0.85944003
vt 0.04092000 0.83867002
vt 0.04292000 0.81752998
vt 0.04354000 0.79136002
vt 0.04176000 0.76165998
vt 0.41872999 0.23267999
vt 0.41850999 0.28174001
vt 0.41841999 0.36544001
vt 0.41784000 0.42111000
vt 0.42006999 0.53732002
vt 0.98914999 0.67594999
vt 0.93910998 0.67631000
vt 0.91373998 0.67609000
vt 0.89736003 0.67623001
vt 0.86938000 0.67589998
vt 0.86530000 0.67596000
vt 0.99949998 0.67561001
vt 0.99776000 0.67379999
vt 0.87852001 0.07606000
vt 0.42098001 0.16756999
vt 0.41813001 0.17012000
vt 0.41845000 0.18393999
vt 0.41858000 0.19866000
vt 0.41859999 0.21111999
vt 0.41854000 0.30724999
vt 0.41782001 0.34096000
vt 0.41786999 0.40310001
vt 0.41784999 0.43705001
vt 0.41795000 0.48247999
vt 0.41782999 0.50702000
vt 0.86172998 0.67597997
vt 0.85975999 0.67605001
vt 0.40437001 0.32707000
vt 0.03023000 0.84628999
vt 0.03728000 0.70721000
vt 0.02980000 0.68106002
vt 0.03486000 0.64668000
vt 0.89034998 0.08156000
vt 0.41683000 0.16786000
vt 0.41793001 0.46377000
vt 0.41778001 0.52122998
vt 0.41738001 0.53099000
vt 0.41710001 0.53687000
vt 0.99947000 0.67259997
vt 0.98606002 0.67381001
vt 0.96196997 0.67370999
vt 0.93681997 0.67369002
vt 0.91001999 0.67366999
vt 0.88248003 0.67355001
vt 0.86777002 0.67372000
vt 0.85979998 0.67379999
vt 0.40557000 0.32110000
vt 0.41576001 0.31896999
vt 0.03270000 0.73967999
vt 0.03545000 0.65175998
vt 0.41749001 0.18058001
vt 0.41773000 0.19149999
vt 0.41788000 0.19934000
vt 0.41795999 0.21686000
vt 0.41788000 0.24911000
vt 0.41784999 0.26089001
vt 0.41791001 0.27890000
vt 0.41793001 0.30772999
vt 0.41784000 0.37511000
vt 0.27607000 0.32256001
vt 0.31540000 0.32400000
vt 0.34226000 0.32247999
vt 0.37380001 0.32249999
vt 0.99008000 0.67304999
vt 0.97893000 0.67316002
vt 0.95293999 0.67289001
vt 0.92497998 0.67294002
vt 0.90616000 0.67286998
vt 0.88396001 0.67278999
vt 0.02972000 0.85281003
vt 0.03324000 0.80075997
vt 0.03319000 0.77357000
vt 0.86883998 0.06034000
vt 0.01800000 0.31490999
vt 0.03198000 0.31360000
vt 0.03898000 0.31367001
vt 0.03277000 0.32369000
vt 0.04854000 0.32424000
vt 0.06049000 0.31485999
vt 0.05448000 0.32420999
vt 0.09539000 0.31494001
vt 0.12723000 0.31483001
vt 0.17262000 0.31479001
vt 0.19159999 0.31481001
vt 0.24789000 0.31468999
vt 0.27669999 0.31468999
vt 0.29965001 0.31479999
vt 0.34771001 0.31468999
vt 0.38951999 0.31490001
vt 0.02560000 0.83067000
vt 0.03011000 0.72070998
vt 0.02755000 0.70411998
vt 0.02607000 0.66749001
vt 0.07476000 0.31481999
vt 0.37380999 0.31472999
vt 0.39655000 0.31308001
vt 0.41350001 0.31298000
vt 0.41586000 0.31303999
vt 0.02282000 0.85951000
vt 0.02815000 0.80707997
vt 0.02178000 0.65864998
vt 0.01635000 0.65161002
vt 0.77490002 0.67887002
vt 0.77487999 0.72152001
vt 0.83047003 0.16457000
vt 0.83042002 0.15685000
vt 0.83219999 0.16490000
vt 0.83038002 0.14816000
vt 0.83216000 0.14528000
vt 0.83025998 0.12126000
vt 0.83196998 0.10796000
vt 0.83017999 0.10729000
vt 0.83201998 0.10235000
vt 0.83013999 0.09218000
vt 0.83192003 0.05948000
vt 0.83001000 0.06798000
vt 0.83004999 0.05841000
vt 0.83006001 0.05149000
vt 0.83196002 0.05549000
vt 0.83182001 0.04936000
vt 0.83002001 0.03864000
vt 0.82999998 0.02983000
vt 0.83178002 0.01911000
vt 0.83007002 0.01892000
vt 0.83178002 0.01707000
vt 0.82308000 0.16443001
vt 0.82510000 0.15626000
vt 0.81875998 0.12879001
vt 0.81646001 0.01885000
vt 0.81770003 0.13816001
vt 0.81892997 0.04736000
vt 0.81901997 0.02902000
vt 0.01802000 0.31334001
vt 0.81779999 0.01711000
vt 0.81674999 0.16430999
vt 0.81944001 0.09747000
vt 0.81386000 0.15632001
vt 0.81632000 0.08222000
vt 0.80809999 0.16434000
vt 0.80940002 0.11051000
vt 0.80948001 0.07551000
vt 0.80737001 0.04837000
vt 0.80950999 0.03927000
vt 0.80831999 0.02771000
vt 0.81080002 0.01713000
vt 0.78496999 0.15526000
vt 0.80084997 0.14480001
vt 0.80098999 0.13021000
vt 0.79462999 0.10284000
vt 0.79741001 0.06280000
vt 0.79914999 0.01915000
vt 0.79304999 0.03207000
vt 0.06810000 0.31362000
vt 0.78434002 0.01980000
vt 0.78614998 0.01708000
vt 0.78165001 0.01683000
vt 0.77828997 0.16285001
vt 0.77869999 0.16416000
vt 0.77063000 0.15948001
vt 0.78148001 0.14061999
vt 0.78395998 0.12659000
vt 0.78367001 0.08930000
vt 0.78367001 0.05934000
vt 0.78227001 0.02591000
vt 0.77974999 0.03517000
vt 0.77003998 0.12045000
vt 0.77332997 0.09239000
vt 0.76041001 0.08417000
vt 0.76814997 0.05779000
vt 0.76252002 0.03941000
vt 0.75050002 0.12774999
vt 0.75676000 0.10560000
vt 0.74369001 0.06695000
vt 0.74274999 0.16433001
vt 0.74922001 0.01718000
vt 0.10674000 0.31363001
vt 0.74296999 0.01692000
vt 0.73686999 0.16297001
vt 0.74659002 0.03437000
vt 0.74923998 0.02736000
vt 0.74357003 0.15428001
vt 0.74562001 0.01922000
vt 0.73365003 0.13993999
vt 0.73671001 0.04411000
vt 0.73483998 0.09403000
vt 0.69891000 0.15989999
vt 0.72715998 0.11554000
vt 0.72235000 0.02398000
vt 0.72027999 0.03312000
vt 0.71815002 0.15045001
vt 0.71763998 0.05713000
vt 0.70345998 0.01935000
vt 0.70006001 0.01731000
vt 0.69960999 0.16446000
vt 0.70946997 0.09735000
vt 0.70558000 0.14726999
vt 0.70747000 0.12932000
vt 0.70252001 0.06677000
vt 0.70310998 0.03810000
vt 0.69780999 0.16305999
vt 0.69278997 0.13877000
vt 0.16953000 0.31351000
vt 0.68013000 0.01711000
vt 0.69183999 0.11831000
vt 0.68953001 0.04983000
vt 0.68794000 0.02539000
vt 0.68558002 0.15109999
vt 0.67760003 0.10147000
vt 0.68971002 0.08766000
vt 0.68347001 0.06689000
vt 0.68264002 0.03538000
vt 0.67653000 0.15981001
vt 0.67829001 0.16306999
vt 0.67839003 0.01736000
vt 0.67738003 0.16426000
vt 0.67791998 0.12977000
vt 0.66759998 0.04947000
vt 0.66564000 0.14167000
vt 0.65775001 0.02507000
vt 0.65008998 0.15336999
vt 0.66341001 0.11700000
vt 0.66052002 0.07420000
vt 0.65284002 0.03324000
vt 0.66191000 0.09770000
vt 0.20818999 0.31342000
vt 0.64142001 0.01727000
vt 0.64147002 0.01748000
vt 0.62430000 0.16440000
vt 0.62926000 0.16319001
vt 0.64766997 0.13697000
vt 0.64547002 0.11849000
vt 0.64701998 0.07890000
vt 0.64157999 0.02594000
vt 0.63635999 0.04325000
vt 0.62967002 0.12694000
vt 0.63555002 0.10867000
vt 0.63621002 0.06016000
vt 0.63237000 0.07546000
vt 0.62317002 0.03597000
vt 0.62471002 0.16003001
vt 0.62753999 0.14470001
vt 0.62040001 0.09157000
vt 0.63107997 0.15486000
vt 0.61093998 0.02097000
vt 0.59751999 0.15992001
vt 0.60434997 0.14746000
vt 0.61736000 0.06454000
vt 0.60430998 0.02605000
vt 0.61057001 0.12007000
vt 0.60909998 0.04844000
vt 0.60483998 0.09989000
vt 0.59579003 0.16326000
vt 0.60399997 0.03255000
vt 0.60308999 0.06625000
vt 0.58143002 0.16447000
vt 0.59767002 0.12646000
vt 0.59040999 0.08804000
vt 0.58978999 0.04178000
vt 0.57699001 0.02274000
vt 0.57797003 0.01764000
vt 0.58682001 0.13236000
vt 0.58723003 0.06603000
vt 0.58036000 0.15102001
vt 0.57261997 0.04725000
vt 0.57236999 0.02704000
vt 0.57731003 0.16331001
vt 0.57775003 0.11183000
vt 0.57134998 0.03359000
vt 0.57615000 0.16023999
vt 0.57014000 0.12330000
vt 0.28889000 0.31327999
vt 0.56062001 0.01745000
vt 0.56411999 0.14261000
vt 0.56878000 0.08050000
vt 0.55614001 0.09100000
vt 0.55944997 0.06555000
vt 0.55308002 0.15443000
vt 0.55659997 0.13348000
vt 0.53749001 0.16040000
vt 0.54422998 0.05847000
vt 0.54738998 0.16449000
vt 0.50611001 0.16347000
vt 0.53899997 0.10686000
vt 0.54135001 0.12524000
vt 0.54007000 0.02453000
vt 0.54662001 0.03565000
vt 0.54286999 0.07818000
vt 0.54119003 0.01774000
vt 0.52230000 0.09477000
vt 0.52846998 0.04806000
vt 0.52565002 0.03536000
vt 0.52193999 0.13357000
vt 0.51525003 0.15054999
vt 0.34630001 0.31323999
vt 0.50314999 0.01757000
vt 0.50029999 0.16472000
vt 0.51959002 0.11198000
vt 0.51710999 0.06209000
vt 0.49799001 0.02453000
vt 0.49825001 0.01783000
vt 0.50546998 0.03976000
vt 0.49992001 0.16076000
vt 0.50487000 0.08136000
vt 0.50716001 0.12292000
vt 0.49805999 0.14147000
vt 0.49902001 0.11749000
vt 0.48837000 0.09397000
vt 0.49261999 0.06120000
vt 0.48969001 0.04003000
vt 0.48400000 0.14835000
vt 0.48116001 0.16362999
vt 0.48517001 0.12596001
vt 0.37408999 0.31308001
vt 0.47533000 0.01751000
vt 0.47402000 0.01785000
vt 0.47685000 0.08423000
vt 0.47646001 0.05918000
vt 0.47356001 0.02577000
vt 0.47108001 0.16473000
vt 0.47099999 0.13773000
vt 0.47099000 0.16355000
vt 0.47325000 0.11284000
vt 0.46748000 0.05754000
vt 0.46287999 0.10382000
vt 0.45879000 0.02524000
vt 0.44801000 0.16195001
vt 0.45223001 0.15372001
vt 0.46083999 0.14607000
vt 0.45285001 0.01750000
vt 0.46044001 0.06022000
vt 0.45139000 0.13596000
vt 0.45458999 0.11186000
vt 0.45065999 0.01787000
vt 0.44688001 0.14529000
vt 0.44946000 0.06397000
vt 0.45056999 0.03706000
vt 0.44424999 0.11997000
vt 0.44576001 0.08710000
vt 0.44558999 0.02486000
vt 0.43489999 0.16370000
vt 0.44261000 0.04011000
vt 0.43588001 0.01725000
vt 0.43491000 0.15593000
vt 0.43492001 0.14384000
vt 0.43478999 0.01770000
vt 0.43487999 0.09890000
vt 0.43483999 0.05566000
vt 0.43357000 0.16477001
vt 0.43478000 0.03390000
vt 0.43353000 0.01737000
vt 0.43336999 0.16365001
vt 0.43340001 0.16056000
vt 0.43349999 0.14158000
vt 0.43357000 0.11811000
vt 0.43351001 0.08962000
vt 0.43353999 0.06519000
vt 0.43360001 0.03871000
vt 0.01626000 0.86009997
vt 0.02308000 0.77424002
vt 0.02144000 0.74550003
vt 0.01447000 0.64662999
vt 0.89055997 0.06141000
vt 0.88893998 0.05991000
vt 0.47038001 0.16467001
vt 0.01982000 0.85136002
vt 0.02113000 0.80185997
vt 0.01608000 0.68509001
vt 0.01283000 0.64818001
vt 0.01287000 0.83516002
vt 0.01781000 0.71386999
vt 0.01261000 0.85943002
vt 0.01287000 0.84574997
vt 0.01288000 0.82099998
vt 0.01291000 0.79864001
vt 0.01285000 0.77793002
vt 0.01287000 0.76503003
vt 0.01286000 0.74365002
vt 0.01640000 0.66026002
vt 0.01124000 0.86005002
vt 0.01287000 0.71992999
vt 0.01287000 0.68037999
vt 0.01289000 0.65944999
vt 0.01120000 0.85921001
vt 0.94019997 0.21393999
vt 0.94111001 0.21449000
vt 0.94002002 0.21473999
vt 0.94111001 0.22691999
vt 0.01132000 0.84702998
vt 0.94011998 0.22690000
vt 0.01137000 0.82955998
vt 0.94110000 0.24424000
vt 0.94003999 0.24438000
vt 0.01152000 0.80577999
vt 0.93993002 0.26815999
vt 0.94111001 0.26565999
vt 0.01147000 0.77902001
vt 0.94106001 0.28661999
vt 0.93984002 0.29493001
vt 0.01127000 0.75454998
vt 0.93985999 0.31940001
vt 0.94098002 0.32027999
vt 0.01126000 0.72046000
vt 0.94086999 0.35966000
vt 0.93971997 0.35349000
vt 0.01119000 0.68443000
vt 0.93967998 0.38955000
vt 0.94090998 0.38760999
vt 0.94075000 0.41007000
vt 0.01125000 0.65937001
vt 0.93940997 0.41461000
vt 0.94079000 0.42580000
vt 0.01130000 0.64670998
vt 0.93919998 0.42727000
vt 0.89046001 0.05828000
vt 0.94435000 0.21681000
vt 0.94410002 0.31492999
vt 0.94396001 0.39118001
vt 0.94705999 0.41848001
vt 0.88383001 0.05818000
vt 0.94594997 0.42739999
vt 0.95520002 0.24329001
vt 0.94941998 0.26234001
vt 0.94924998 0.28352001
vt 0.95226997 0.29778999
vt 0.95230001 0.34369001
vt 0.94830000 0.36811000
vt 0.95942998 0.39306000
vt 0.95968997 0.41821000
vt 0.95937002 0.42583999
vt 0.95494002 0.21704000
vt 0.95953000 0.31856000
vt 0.86851001 0.05817000
vt 0.96157998 0.42739999
vt 0.96155000 0.21413000
vt 0.95940000 0.21456000
vt 0.95552999 0.27695999
vt 0.95958000 0.36822999
vt 0.95937997 0.23672999
vt 0.96101999 0.26646999
vt 0.96111000 0.29412001
vt 0.96113002 0.21472999
vt 0.96118999 0.24930000
vt 0.96121001 0.31123000
vt 0.96121001 0.35988000
vt 0.96126997 0.39284000
vt 0.96114999 0.41269001
vt 0.96130002 0.42566001
f 1/1 2/2 3/3
f 1/1 3/3 4/4
f 5/5 6/6 7/7
f 8/8 9/9 10/10
f 9/9 11/11 10/10
f 11/11 12/12 10/10
f 11/11 13/13 12/12
f 14/14 15/15 16/16
f 15/15 14/14 17/17
f 14/14 18/18 17/17
f 18/18 19/19 17/17
f 18/18 20/20 21/21
f 18/18 21/21 19/19
f 20/20 22/22 21/21
f 20/20 23/23 22/22
f 22/22 23/23 24/24
f 23/23 25/25 24/24
f 23/23 26/26 25/25
f 26/26 27/27 25/25
f 26/26 28/28 27/27
f 28/28 29/29 27/27
f 28/28 30/30 29/29
f 29/29 30/30 31/31
f 7/7 6/6 32/32
f 6/6 33/33 32/32
f 33/33 16/16 34/34
f 15/15 17/17 35/35
f 17/17 19/19 36/36
f 19/19 21/21 36/36
f 21/21 37/37 36/36
f 21/21 38/38 37/37
f 21/21 22/22 38/38
f 22/22 24/24 39/39
f 27/27 29/29 40/40
f 29/29 31/31 41/41
f 29/29 41/41 40/40
f 42/42 43/43 44/44
f 42/42 44/44 45/45
f 4/4 3/3 46/46
f 7/7 32/32 47/47
f 32/32 33/33 48/48
f 48/48 33/33 34/34
f 16/16 49/49 34/34
f 16/16 15/15 49/49
f 15/15 35/35 49/49
f 35/35 17/17 50/50
f 17/17 36/36 50/50
f 51/51 36/36 37/37
f 38/38 22/22 39/39
f 39/39 24/24 52/52
f 24/24 25/25 52/52
f 52/52 25/25 53/53
f 25/25 27/27 53/53
f 53/53 27/27 54/54
f 27/27 40/40 54/54
f 4/4 46/46 55/55
f 35/35 50/50 56/56
f 50/50 36/36 51/51
f 37/37 38/38 57/57
f 57/57 38/38 58/58
f 38/38 39/39 58/58
f 47/47 32/32 59/59
f 32/32 48/48 59/59
f 48/48 34/34 59/59
f 34/34 60/60 59/59
f 34/34 49/49 60/60
f 60/60 49/49 61/61
f 49/49 35/35 62/62
f 49/49 62/62 61/61
f 35/35 56/56 62/62
f 56/56 50/50 63/63
f 63/63 50/50 51/51
f 51/51 37/37 64/64
f 64/64 37/37 65/65
f 37/37 57/57 65/65
f 58/58 39/39 66/66
f 66/66 39/39 67/67
f 39/39 52/52 67/67
f 52/52 53/53 67/67
f 53/53 54/54 68/68
f 54/54 40/40 68/68
f 40/40 41/41 69/69
f 45/45 44/44 70/70
f 51/51 64/64 63/63
f 57/57 58/58 65/65
f 58/58 66/66 65/65
f 53/53 68/68 67/67
f 68/68 40/40 71/71
f 40/40 69/69 71/71
f 70/70 44/44 72/72
f 55/55 46/46 73/73
f 73/73 46/46 74/74
f 47/47 59/59 75/75
f 59/59 76/76 75/75
f 59/59 60/60 76/76
f 60/60 77/77 76/76
f 60/60 61/61 77/77
f 61/61 62/62 77/77
f 77/77 62/62 78/78
f 62/62 56/56 78/78
f 56/56 63/63 78/78
f 63/63 79/79 78/78
f 63/63 64/64 79/79
f 64/64 80/80 79/79
f 64/64 65/65 80/80
f 65/65 81/81 80/80
f 65/65 66/66 81/81
f 66/66 67/67 81/81
f 81/81 67/67 82/82
f 67/67 83/83 82/82
f 67/67 68/68 83/83
f 84/84 83/83 71/71
f 68/68 71/71 83/83
f 70/70 72/72 85/85
f 86/86 87/87 88/88
f 88/88 87/87 89/89
f 87/87 90/90 89/89
f 90/90 91/91 89/89
f 90/90 92/92 91/91
f 92/92 93/93 91/91
f 93/93 94/94 91/91
f 93/93 95/95 94/94
f 95/95 96/96 94/94
f 94/94 96/96 97/97
f 96/96 98/98 97/97
f 98/98 99/99 97/97
f 99/99 100/100 97/97
f 99/99 101/101 100/100
f 1/1 4/4 102/102
f 103/103 104/104 105/105
f 88/88 89/89 106/106
f 106/106 89/89 107/107
f 107/107 89/89 108/108
f 89/89 91/91 108/108
f 108/108 91/91 109/109
f 109/109 91/91 110/110
f 91/91 94/94 110/110
f 110/110 94/94 111/111
f 111/111 94/94 112/112
f 112/112 94/94 113/113
f 94/94 97/97 113/113
f 113/113 97/97 114/114
f 97/97 100/100 114/114
f 114/114 100/100 115/115
f 4/4 116/116 102/102
f 4/4 55/55 116/116
f 116/116 55/55 117/117
f 55/55 73/73 117/117
f 88/88 106/106 118/118
f 106/106 107/107 119/119
f 108/108 120/120 121/121
f 108/108 109/109 120/120
f 113/113 114/114 122/122
f 114/114 115/115 123/123
f 1/1 102/102 124/124
f 102/102 116/116 124/124
f 125/125 107/107 121/121
f 107/107 108/108 121/121
f 120/120 109/109 126/126
f 109/109 110/110 126/126
f 110/110 111/111 126/126
f 111/111 127/127 126/126
f 127/127 111/111 128/128
f 111/111 112/112 128/128
f 112/112 113/113 128/128
f 122/122 114/114 129/129
f 129/129 114/114 123/123
f 130/130 72/72 131/131
f 116/116 117/117 132/132
f 121/121 120/120 133/133
f 134/134 126/126 135/135
f 126/126 127/127 135/135
f 113/113 122/122 128/128
f 123/123 115/115 136/136
f 123/123 136/136 137/137
f 130/130 131/131 138/138
f 118/118 106/106 139/139
f 119/119 107/107 125/125
f 121/121 133/133 140/140
f 133/133 120/120 141/141
f 120/120 126/126 141/141
f 141/141 126/126 134/134
f 134/134 135/135 142/142
f 142/142 135/135 143/143
f 135/135 127/127 143/143
f 127/127 128/128 144/144
f 128/128 122/122 145/145
f 122/122 129/129 146/146
f 129/129 123/123 147/147
f 123/123 137/137 147/147
f 139/139 106/106 148/148
f 106/106 119/119 148/148
f 119/119 125/125 149/149
f 149/149 125/125 150/150
f 140/140 133/133 141/141
f 141/141 134/134 151/151
f 151/151 134/134 152/152
f 134/134 142/142 152/152
f 127/127 144/144 143/143
f 128/128 153/153 144/144
f 153/153 128/128 145/145
f 145/145 122/122 146/146
f 146/146 129/129 147/147
f 124/124 116/116 154/154
f 116/116 132/132 154/154
f 141/141 151/151 155/155
f 142/142 156/156 152/152
f 146/146 147/147 157/157
f 158/158 124/124 159/159
f 124/124 154/154 159/159
f 125/125 121/121 160/160
f 121/121 140/140 160/160
f 141/141 155/155 140/140
f 145/145 146/146 161/161
f 161/161 146/146 157/157
f 148/148 119/119 149/149
f 150/150 125/125 162/162
f 162/162 125/125 160/160
f 140/140 155/155 163/163
f 140/140 163/163 160/160
f 151/151 164/164 155/155
f 151/151 152/152 164/164
f 142/142 143/143 156/156
f 156/156 143/143 165/165
f 143/143 144/144 165/165
f 165/165 144/144 153/153
f 145/145 161/161 153/153
f 147/147 137/137 166/166
f 137/137 136/136 166/166
f 149/149 150/150 167/167
f 160/160 168/168 162/162
f 154/154 132/132 169/169
f 132/132 170/170 169/169
f 160/160 171/171 168/168
f 160/160 163/163 171/171
f 163/163 155/155 172/172
f 163/163 172/172 171/171
f 155/155 164/164 172/172
f 152/152 156/156 164/164
f 164/164 156/156 173/173
f 173/173 156/156 165/165
f 153/153 161/161 165/165
f 157/157 147/147 174/174
f 167/167 150/150 175/175
f 150/150 162/162 175/175
f 162/162 176/176 175/175
f 162/162 168/168 176/176
f 176/176 168/168 177/177
f 168/168 171/171 178/178
f 171/171 179/179 178/178
f 171/171 172/172 179/179
f 172/172 164/164 180/180
f 164/164 173/173 180/180
f 173/173 165/165 181/181
f 181/181 165/165 182/182
f 165/165 161/161 182/182
f 161/161 183/183 182/182
f 161/161 184/184 183/183
f 161/161 174/174 184/184
f 161/161 157/157 174/174
f 159/159 154/154 185/185
f 154/154 169/169 185/185
f 148/148 149/149 186/186
f 149/149 167/167 186/186
f 167/167 175/175 187/187
f 177/177 168/168 188/188
f 168/168 178/178 188/188
f 179/179 172/172 189/189
f 172/172 180/180 189/189
f 180/180 173/173 181/181
f 190/190 191/191 192/192
f 192/192 191/191 193/193
f 191/191 194/194 193/193
f 174/174 147/147 195/195
f 192/192 193/193 196/196
f 197/197 198/198 199/199
f 197/197 192/192 198/198
f 192/192 196/196 198/198
f 199/199 198/198 200/200
f 196/196 193/193 201/201
f 202/202 203/203 204/204
f 205/205 206/206 207/207
f 206/206 205/205 200/200
f 205/205 199/199 200/200
f 198/198 196/196 200/200
f 208/208 209/209 210/210
f 209/209 211/211 210/210
f 209/209 212/212 211/211
f 212/212 207/207 213/213
f 212/212 213/213 211/211
f 207/207 206/206 213/213
f 213/213 206/206 214/214
f 200/200 196/196 215/215
f 196/196 201/201 215/215
f 202/202 204/204 216/216
f 210/210 217/217 208/208
f 210/210 211/211 217/217
f 211/211 213/213 218/218
f 218/218 213/213 219/219
f 213/213 214/214 219/219
f 206/206 220/220 214/214
f 206/206 200/200 220/220
f 220/220 200/200 221/221
f 204/204 208/208 222/222
f 222/222 208/208 223/223
f 223/223 208/208 224/224
f 224/224 208/208 217/217
f 217/217 211/211 225/225
f 211/211 218/218 225/225
f 215/215 201/201 226/226
f 217/217 227/227 224/224
f 218/218 219/219 225/225
f 214/214 220/220 228/228
f 216/216 204/204 229/229
f 204/204 222/222 229/229
f 217/217 225/225 227/227
f 221/221 200/200 230/230
f 200/200 215/215 230/230
f 219/219 214/214 228/228
f 223/223 224/224 231/231
f 220/220 221/221 232/232
f 222/222 223/223 233/233
f 223/223 231/231 233/233
f 224/224 227/227 231/231
f 227/227 225/225 234/234
f 228/228 220/220 232/232
f 232/232 221/221 235/235
f 221/221 230/230 235/235
f 227/227 234/234 236/236
f 225/225 237/237 234/234
f 225/225 219/219 237/237
f 237/237 219/219 238/238
f 219/219 228/228 238/238
f 229/229 222/222 233/233
f 231/231 227/227 236/236
f 238/238 228/228 239/239
f 228/228 232/232 239/239
f 216/216 229/229 240/240
f 215/215 226/226 241/241
f 230/230 215/215 242/242
f 215/215 241/241 242/242
f 234/234 237/237 243/243
f 237/237 238/238 243/243
f 233/233 231/231 244/244
f 233/233 244/244 229/229
f 243/243 238/238 245/245
f 238/238 239/239 245/245
f 239/239 232/232 246/246
f 232/232 247/247 246/246
f 232/232 235/235 247/247
f 244/244 231/231 248/248
f 231/231 236/236 248/248
f 236/236 234/234 249/249
f 240/240 229/229 250/250
f 248/248 236/236 249/249
f 247/247 235/235 251/251
f 235/235 230/230 251/251
f 230/230 242/242 251/251
f 229/229 244/244 250/250
f 240/240 250/250 252/252
f 234/234 243/243 253/253
f 243/243 245/245 253/253
f 239/239 246/246 254/254
f 247/247 251/251 246/246
f 240/240 252/252 255/255
f 245/245 239/239 254/254
f 251/251 242/242 256/256
f 249/249 234/234 257/257
f 234/234 253/253 257/257
f 242/242 241/241 256/256
f 250/250 244/244 252/252
f 249/249 257/257 248/248
f 257/257 253/253 258/258
f 245/245 254/254 259/259
f 256/256 241/241 260/260
f 252/252 244/244 261/261
f 262/262 248/248 257/257
f 253/253 245/245 258/258
f 245/245 259/259 258/258
f 259/259 254/254 263/263
f 254/254 246/246 263/263
f 246/246 264/264 263/263
f 246/246 251/251 264/264
f 251/251 256/256 264/264
f 244/244 248/248 261/261
f 248/248 262/262 261/261
f 257/257 258/258 265/265
f 258/258 259/259 265/265
f 263/263 264/264 266/266
f 264/264 256/256 266/266
f 252/252 261/261 267/267
f 262/262 257/257 268/268
f 268/268 257/257 265/265
f 259/259 263/263 269/269
f 255/255 252/252 270/270
f 255/255 270/270 271/271
f 267/267 261/261 272/272
f 261/261 262/262 273/273
f 262/262 268/268 273/273
f 268/268 265/265 274/274
f 275/275 265/265 276/276
f 265/265 259/259 276/276
f 259/259 277/277 276/276
f 259/259 269/269 277/277
f 263/263 266/266 269/269
f 274/274 265/265 275/275
f 256/256 260/260 278/278
f 252/252 267/267 270/270
f 266/266 256/256 279/279
f 256/256 278/278 279/279
f 261/261 273/273 272/272
f 273/273 268/268 280/280
f 268/268 274/274 280/280
f 272/272 273/273 280/280
f 274/274 275/275 280/280
f 281/281 275/275 276/276
f 269/269 266/266 282/282
f 266/266 279/279 283/283
f 280/280 275/275 281/281
f 276/276 277/277 281/281
f 277/277 269/269 282/282
f 282/282 266/266 283/283
f 284/284 267/267 272/272
f 281/281 277/277 285/285
f 277/277 282/282 285/285
f 270/270 267/267 284/284
f 270/270 284/284 286/286
f 284/284 272/272 287/287
f 272/272 280/280 287/287
f 280/280 288/288 287/287
f 288/288 280/280 289/289
f 280/280 281/281 289/289
f 289/289 281/281 290/290
f 281/281 291/291 290/290
f 281/281 285/285 291/291
f 285/285 282/282 292/292
f 282/282 283/283 293/293
f 283/283 279/279 293/293
f 292/292 282/282 294/294
f 282/282 293/293 294/294
f 279/279 278/278 295/295
f 295/295 278/278 296/296
f 271/271 270/270 297/297
f 271/271 297/297 298/298
f 270/270 286/286 297/297
f 289/289 290/290 299/299
f 293/293 279/279 295/295
f 284/284 287/287 300/300
f 287/287 288/288 301/301
f 288/288 289/289 302/302
f 285/285 292/292 291/291
f 286/286 284/284 300/300
f 301/301 288/288 303/303
f 300/300 287/287 301/301
f 288/288 302/302 303/303
f 290/290 291/291 304/304
f 292/292 294/294 305/305
f 294/294 293/293 306/306
f 293/293 295/295 306/306
f 286/286 300/300 307/307
f 299/299 290/290 304/304
f 291/291 292/292 308/308
f 308/308 292/292 305/305
f 289/289 299/299 302/302
f 304/304 291/291 309/309
f 297/297 286/286 307/307
f 302/302 299/299 310/310
f 299/299 304/304 310/310
f 304/304 309/309 310/310
f 294/294 306/306 305/305
f 309/309 291/291 308/308
f 301/301 303/303 311/311
f 302/302 310/310 312/312
f 295/295 296/296 313/313
f 314/314 315/315 316/316
f 307/307 300/300 317/317
f 316/316 315/315 318/318
f 297/297 307/307 319/319
f 309/309 308/308 320/320
f 295/295 313/313 321/321
f 300/300 301/301 317/317
f 306/306 295/295 322/322
f 295/295 321/321 322/322
f 298/298 297/297 319/319
f 298/298 319/319 323/323
f 317/317 301/301 311/311
f 303/303 302/302 311/311
f 302/302 324/324 311/311
f 302/302 312/312 324/324
f 310/310 309/309 312/312
f 320/320 308/308 325/325
f 308/308 305/305 325/325
f 319/319 307/307 326/326
f 307/307 317/317 326/326
f 305/305 306/306 322/322
f 312/312 309/309 320/320
f 305/305 322/322 327/327
f 317/317 311/311 328/328
f 311/311 324/324 328/328
f 324/324 312/312 329/329
f 312/312 330/330 329/329
f 325/325 305/305 327/327
f 322/322 321/321 331/331
f 317/317 328/328 332/332
f 312/312 320/320 330/330
f 323/323 319/319 333/333
f 319/319 326/326 333/333
f 326/326 317/317 334/334
f 317/317 332/332 334/334
f 330/330 320/320 325/325
f 327/327 322/322 331/331
f 328/328 324/324 335/335
f 324/324 329/329 335/335
f 330/330 325/325 336/336
f 325/325 327/327 337/337
f 327/327 331/331 337/337
f 321/321 313/313 338/338
f 316/316 318/318 339/339
f 339/339 318/318 340/340
f 330/330 336/336 341/341
f 325/325 337/337 336/336
f 331/331 321/321 342/342
f 323/323 333/333 343/343
f 332/332 328/328 344/344
f 328/328 335/335 344/344
f 326/326 334/334 345/345
f 332/332 344/344 346/346
f 329/329 330/330 341/341
f 334/334 332/332 347/347
f 332/332 346/346 347/347
f 335/335 329/329 348/348
f 333/333 326/326 349/349
f 326/326 345/345 349/349
f 345/345 334/334 347/347
f 329/329 341/341 348/348
f 342/342 321/321 338/338
f 335/335 348/348 344/344
f 341/341 336/336 350/350
f 346/346 344/344 351/351
f 339/339 340/340 352/352
f 343/343 333/333 353/353
f 347/347 346/346 354/354
f 354/354 346/346 351/351
f 337/337 331/331 355/355
f 341/341 356/356 348/348
f 341/341 350/350 356/356
f 353/353 333/333 349/349
f 336/336 337/337 350/350
f 355/355 331/331 342/342
f 344/344 348/348 351/351
f 357/357 348/348 356/356
f 338/338 358/358 359/359
f 349/349 345/345 360/360
f 345/345 347/347 360/360
f 351/351 348/348 361/361
f 348/348 357/357 361/361
f 337/337 355/355 350/350
f 343/343 353/353 362/362
f 362/362 353/353 363/363
f 360/360 347/347 364/364
f 347/347 354/354 364/364
f 365/365 356/356 350/350
f 354/354 351/351 364/364
f 356/356 365/365 357/357
f 353/353 349/349 363/363
f 351/351 366/366 364/364
f 366/366 351/351 361/361
f 361/361 357/357 367/367
f 342/342 338/338 368/368
f 355/355 342/342 369/369
f 342/342 368/368 369/369
f 365/365 350/350 370/370
f 370/370 350/350 371/371
f 371/371 350/350 369/369
f 350/350 355/355 369/369
f 338/338 359/359 368/368
f 363/363 349/349 372/372
f 349/349 360/360 372/372
f 359/359 358/358 373/373
f 357/357 365/365 367/367
f 362/362 363/363 374/374
f 374/374 363/363 375/375
f 372/372 360/360 376/376
f 363/363 372/372 375/375
f 360/360 364/364 377/377
f 368/368 359/359 373/373
f 377/377 364/364 378/378
f 364/364 366/366 378/378
f 366/366 361/361 367/367
f 367/367 365/365 379/379
f 365/365 370/370 379/379
f 376/376 360/360 377/377
f 378/378 366/366 379/379
f 366/366 367/367 379/379
f 370/370 371/371 380/380
f 371/371 369/369 381/381
f 369/369 368/368 381/381
f 368/368 373/373 382/382
f 372/372 376/376 383/383
f 379/379 370/370 384/384
f 384/384 370/370 380/380
f 373/373 358/358 385/385
f 375/375 372/372 386/386
f 372/372 383/383 386/386
f 376/376 377/377 383/383
f 373/373 385/385 382/382
f 377/377 378/378 387/387
f 374/374 375/375 386/386
f 380/380 371/371 388/388
f 371/371 381/381 388/388
f 368/368 382/382 381/381
f 386/386 383/383 389/389
f 383/383 377/377 387/387
f 387/387 378/378 390/390
f 378/378 379/379 391/391
f 386/386 389/389 392/392
f 390/390 378/378 391/391
f 388/388 381/381 393/393
f 389/389 383/383 394/394
f 383/383 387/387 394/394
f 379/379 384/384 395/395
f 384/384 380/380 396/396
f 391/391 379/379 395/395
f 384/384 396/396 395/395
f 382/382 385/385 397/397
f 374/374 386/386 398/398
f 398/398 386/386 399/399
f 386/386 392/392 399/399
f 392/392 389/389 394/394
f 394/394 387/387 400/400
f 395/395 401/401 391/391
f 380/380 388/388 396/396
f 381/381 382/382 397/397
f 401/401 390/390 391/391
f 395/395 396/396 402/402
f 393/393 381/381 403/403
f 381/381 397/397 403/403
f 387/387 390/390 400/400
f 400/400 390/390 404/404
f 390/390 401/401 404/404
f 401/401 395/395 402/402
f 392/392 394/394 405/405
f 400/400 404/404 406/406
f 401/401 402/402 407/407
f 396/396 388/388 393/393
f 399/399 392/392 405/405
f 402/402 396/396 408/408
f 408/408 396/396 393/393
f 394/394 400/400 405/405
f 405/405 400/400 406/406
f 404/404 401/401 407/407
f 407/407 402/402 409/409
f 409/409 402/402 408/408
f 403/403 397/397 410/410
f 397/397 411/411 410/410
f 397/397 385/385 412/412
f 397/397 412/412 411/411
f 398/398 399/399 413/413
f 398/398 413/413 414/414
f 399/399 415/415 413/413
f 399/399 405/405 415/415
f 405/405 416/416 415/415
f 405/405 406/406 416/416
f 406/406 417/417 416/416
f 406/406 404/404 417/417
f 404/404 407/407 417/417
f 417/417 407/407 418/418
f 407/407 409/409 418/418
f 408/408 393/393 409/409
f 409/409 393/393 419/419
f 393/393 403/403 419/419
f 403/403 410/410 419/419
f 415/415 416/416 413/413
f 411/411 412/412 410/410
f 414/414 413/413 420/420
f 413/413 416/416 420/420
f 416/416 421/421 420/420
f 416/416 417/417 421/421
f 417/417 418/418 421/421
f 421/421 418/418 422/422
f 418/418 409/409 422/422
f 422/422 409/409 423/423
f 409/409 419/419 423/423
f 419/419 424/424 423/423
f 419/419 410/410 424/424
f 410/410 412/412 424/424
f 424/424 412/412 425/425
f 169/169 170/170 426/426
f 148/148 186/186 427/427
f 175/175 176/176 428/428
f 176/176 177/177 429/429
f 176/176 429/429 428/428
f 430/430 431/431 432/432
f 188/188 178/178 433/433
f 178/178 179/179 433/433
f 433/433 179/179 434/434
f 434/434 179/179 435/435
f 179/179 189/189 435/435
f 435/435 189/189 436/436
f 189/189 180/180 436/436
f 180/180 437/437 436/436
f 180/180 181/181 437/437
f 181/181 438/438 437/437
f 181/181 439/439 438/438
f 181/181 182/182 439/439
f 182/182 440/440 439/439
f 440/440 182/182 441/441
f 190/190 192/192 442/442
f 184/184 174/174 443/443
f 166/166 136/136 444/444
f 432/432 431/431 445/445
f 431/431 446/446 447/447
f 446/446 448/448 449/449
f 448/448 450/450 449/449
f 449/449 450/450 451/451
f 450/450 452/452 451/451
f 451/451 452/452 453/453
f 452/452 454/454 453/453
f 454/454 455/455 453/453
f 454/454 456/456 455/455
f 456/456 457/457 455/455
f 457/457 458/458 459/459
f 458/458 460/460 197/197
f 458/458 197/197 459/459
f 460/460 442/442 192/192
f 460/460 192/192 197/197
f 445/445 431/431 447/447
f 447/447 446/446 461/461
f 446/446 449/449 461/461
f 449/449 451/451 462/462
f 451/451 453/453 462/462
f 453/453 463/463 462/462
f 453/453 455/455 463/463
f 455/455 457/457 464/464
f 457/457 459/459 464/464
f 459/459 199/199 464/464
f 459/459 197/197 199/199
f 447/447 461/461 203/203
f 462/462 463/463 465/465
f 463/463 455/455 465/465
f 455/455 464/464 465/465
f 466/466 467/467 468/468
f 449/449 462/462 209/209
f 209/209 462/462 212/212
f 462/462 465/465 212/212
f 464/464 205/205 465/465
f 464/464 199/199 205/205
f 461/461 449/449 208/208
f 449/449 209/209 208/208
f 212/212 465/465 207/207
f 207/207 465/465 205/205
f 461/461 208/208 204/204
f 468/468 469/469 470/470
f 470/470 469/469 471/471
f 469/469 472/472 471/471
f 472/472 473/473 471/471
f 472/472 474/474 473/473
f 472/472 475/475 474/474
f 474/474 475/475 476/476
f 475/475 477/477 476/476
f 477/477 478/478 476/476
f 477/477 479/479 478/478
f 479/479 480/480 478/478
f 480/480 479/479 481/481
f 479/479 482/482 481/481
f 482/482 483/483 481/481
f 482/482 484/484 483/483
f 484/484 485/485 483/483
f 484/484 486/486 485/485
f 484/484 487/487 486/486
f 487/487 488/488 486/486
f 486/486 488/488 489/489
f 489/489 488/488 490/490
f 488/488 491/491 490/490
f 490/490 491/491 492/492
f 491/491 493/493 492/492
f 491/491 494/494 493/493
f 494/494 495/495 493/493
f 494/494 496/496 495/495
f 497/497 498/498 499/499
f 498/498 500/500 499/499
f 500/500 501/501 499/499
f 500/500 502/502 501/501
f 502/502 503/503 501/501
f 502/502 504/504 505/505
f 502/502 505/505 503/503
f 505/505 504/504 506/506
f 504/504 507/507 506/506
f 506/506 507/507 508/508
f 507/507 509/509 508/508
f 509/509 510/510 508/508
f 509/509 511/511 510/510
f 158/158 159/159 512/512
f 512/512 159/159 185/185
f 186/186 167/167 513/513
f 167/167 187/187 513/513
f 428/428 429/429 514/514
f 515/515 516/516 517/517
f 515/515 517/517 518/518
f 147/147 166/166 195/195
f 516/516 466/466 517/517
f 517/517 466/466 519/519
f 466/466 468/468 519/519
f 489/489 490/490 520/520
f 499/499 501/501 521/521
f 185/185 169/169 522/522
f 169/169 426/426 522/522
f 187/187 175/175 523/523
f 175/175 428/428 523/523
f 523/523 428/428 524/524
f 428/428 514/514 524/524
f 443/443 174/174 525/525
f 517/517 519/519 526/526
f 526/526 519/519 527/527
f 519/519 468/468 527/527
f 468/468 470/470 527/527
f 470/470 471/471 528/528
f 528/528 471/471 529/529
f 471/471 473/473 529/529
f 473/473 474/474 530/530
f 474/474 531/531 530/530
f 474/474 476/476 531/531
f 531/531 476/476 532/532
f 532/532 476/476 478/478
f 480/480 481/481 533/533
f 480/480 533/533 534/534
f 481/481 483/483 535/535
f 483/483 485/485 536/536
f 485/485 537/537 536/536
f 485/485 486/486 537/537
f 520/520 490/490 538/538
f 490/490 492/492 538/538
f 492/492 539/539 538/538
f 539/539 492/492 493/493
f 501/501 540/540 521/521
f 501/501 503/503 540/540
f 540/540 503/503 541/541
f 503/503 505/505 541/541
f 541/541 505/505 542/542
f 505/505 506/506 542/542
f 506/506 543/543 542/542
f 506/506 508/508 543/543
f 543/543 508/508 544/544
f 508/508 545/545 544/544
f 545/545 508/508 546/546
f 508/508 510/510 546/546
f 546/546 510/510 547/547
f 510/510 511/511 547/547
f 547/547 511/511 548/548
f 185/185 522/522 549/549
f 513/513 187/187 550/550
f 187/187 523/523 550/550
f 524/524 514/514 551/551
f 518/518 517/517 552/552
f 518/518 552/552 553/553
f 443/443 525/525 554/554
f 195/195 166/166 555/555
f 166/166 444/444 555/555
f 517/517 526/526 552/552
f 552/552 526/526 556/556
f 526/526 527/527 556/556
f 527/527 470/470 528/528
f 478/478 480/480 534/534
f 478/478 534/534 557/557
f 483/483 536/536 558/558
f 537/537 486/486 559/559
f 486/486 489/489 560/560
f 486/486 560/560 559/559
f 489/489 520/520 560/560
f 493/493 495/495 539/539
f 495/495 496/496 561/561
f 497/497 499/499 562/562
f 499/499 521/521 563/563
f 521/521 540/540 563/563
f 541/541 542/542 564/564
f 543/543 544/544 565/565
f 427/427 186/186 566/566
f 566/566 186/186 567/567
f 186/186 513/513 567/567
f 523/523 524/524 568/568
f 174/174 195/195 569/569
f 556/556 527/527 570/570
f 571/571 572/572 573/573
f 572/572 574/574 573/573
f 575/575 576/576 577/577
f 577/577 576/576 578/578
f 576/576 579/579 580/580
f 576/576 580/580 578/578
f 579/579 581/581 580/580
f 579/579 582/582 581/581
f 581/581 582/582 583/583
f 582/582 584/584 583/583
f 583/583 584/584 585/585
f 584/584 586/586 585/585
f 585/585 586/586 587/587
f 586/586 588/588 587/587
f 588/588 589/589 590/590
f 588/588 590/590 587/587
f 589/589 591/591 590/590
f 591/591 592/592 593/593
f 591/591 593/593 590/590
f 527/527 528/528 570/570
f 473/473 530/530 594/594
f 478/478 557/557 532/532
f 595/595 596/596 597/597
f 533/533 481/481 535/535
f 483/483 558/558 535/535
f 598/598 599/599 600/600
f 600/600 599/599 601/601
f 602/602 603/603 604/604
f 603/603 605/605 604/604
f 560/560 520/520 606/606
f 605/605 607/607 608/608
f 609/609 610/610 611/611
f 612/612 613/613 614/614
f 615/615 614/614 613/613
f 539/539 495/495 616/616
f 495/495 561/561 616/616
f 540/540 541/541 617/617
f 541/541 564/564 617/617
f 542/542 543/543 565/565
f 565/565 544/544 618/618
f 544/544 545/545 619/619
f 544/544 619/619 618/618
f 545/545 546/546 619/619
f 620/620 621/621 622/622
f 568/568 524/524 551/551
f 623/623 577/577 624/624
f 581/581 583/583 625/625
f 625/625 583/583 626/626
f 626/626 583/583 627/627
f 583/583 585/585 627/627
f 585/585 628/628 627/627
f 585/585 587/587 628/628
f 628/628 587/587 629/629
f 629/629 587/587 630/630
f 587/587 590/590 630/630
f 630/630 590/590 631/631
f 590/590 593/593 631/631
f 528/528 529/529 632/632
f 529/529 473/473 594/594
f 530/530 531/531 594/594
f 560/560 606/606 633/633
f 520/520 538/538 606/606
f 538/538 539/539 634/634
f 539/539 616/616 635/635
f 540/540 617/617 636/636
f 636/636 617/617 637/637
f 617/617 564/564 638/638
f 564/564 542/542 638/638
f 542/542 639/639 638/638
f 542/542 565/565 640/640
f 542/542 640/640 639/639
f 565/565 618/618 640/640
f 567/567 513/513 550/550
f 550/550 523/523 641/641
f 523/523 568/568 641/641
f 623/623 624/624 642/642
f 642/642 624/624 643/643
f 624/624 644/644 643/643
f 624/624 577/577 644/644
f 556/556 570/570 645/645
f 578/578 580/580 646/646
f 580/580 581/581 646/646
f 627/627 647/647 626/626
f 627/627 648/648 647/647
f 627/627 628/628 648/648
f 631/631 593/593 649/649
f 570/570 528/528 632/632
f 632/632 529/529 650/650
f 529/529 594/594 650/650
f 594/594 531/531 651/651
f 531/531 532/532 652/652
f 532/532 653/653 652/652
f 534/534 533/533 654/654
f 533/533 535/535 655/655
f 537/537 559/559 656/656
f 559/559 560/560 633/633
f 559/559 633/633 656/656
f 657/657 658/658 659/659
f 563/563 540/540 660/660
f 540/540 636/636 660/660
f 568/568 551/551 661/661
f 553/553 552/552 662/662
f 662/662 552/552 663/663
f 554/554 525/525 664/664
f 525/525 174/174 664/664
f 555/555 444/444 665/665
f 552/552 556/556 645/645
f 552/552 645/645 663/663
f 644/644 577/577 666/666
f 577/577 578/578 666/666
f 578/578 646/646 666/666
f 646/646 581/581 667/667
f 581/581 625/625 668/668
f 581/581 668/668 667/667
f 625/625 626/626 668/668
f 626/626 647/647 668/668
f 628/628 629/629 669/669
f 629/629 630/630 670/670
f 630/630 631/631 670/670
f 670/670 631/631 671/671
f 645/645 570/570 672/672
f 672/672 570/570 673/673
f 570/570 632/632 673/673
f 651/651 531/531 674/674
f 531/531 652/652 674/674
f 532/532 557/557 653/653
f 534/534 654/654 557/557
f 654/654 533/533 655/655
f 655/655 535/535 675/675
f 535/535 558/558 675/675
f 675/675 558/558 676/676
f 558/558 536/536 676/676
f 536/536 537/537 676/676
f 606/606 538/538 634/634
f 634/634 539/539 635/635
f 499/499 563/563 677/677
f 637/637 617/617 638/638
f 547/547 548/548 678/678
f 547/547 678/678 679/679
f 185/185 549/549 680/680
f 549/549 522/522 680/680
f 664/664 174/174 681/681
f 174/174 569/569 681/681
f 569/569 195/195 682/682
f 195/195 555/555 682/682
f 666/666 646/646 683/683
f 647/647 684/684 668/668
f 647/647 648/648 684/684
f 648/648 685/685 684/684
f 648/648 628/628 685/685
f 685/685 628/628 669/669
f 669/669 629/629 670/670
f 631/631 649/649 671/671
f 673/673 632/632 650/650
f 651/651 650/650 594/594
f 557/557 654/654 653/653
f 676/676 537/537 656/656
f 633/633 606/606 686/686
f 606/606 634/634 686/686
f 634/634 635/635 687/687
f 562/562 499/499 688/688
f 499/499 677/677 688/688
f 677/677 563/563 660/660
f 618/618 619/619 689/689
f 619/619 546/546 689/689
f 185/185 680/680 690/690
f 522/522 426/426 680/680
f 567/567 550/550 691/691
f 662/662 663/663 692/692
f 554/554 664/664 693/693
f 663/663 645/645 692/692
f 643/643 644/644 694/694
f 644/644 666/666 694/694
f 694/694 666/666 695/695
f 646/646 667/667 696/696
f 668/668 684/684 697/697
f 650/650 651/651 673/673
f 653/653 654/654 698/698
f 698/698 654/654 655/655
f 655/655 675/675 699/699
f 675/675 676/676 700/700
f 676/676 656/656 700/700
f 656/656 633/633 701/701
f 633/633 686/686 701/701
f 634/634 702/702 686/686
f 634/634 687/687 702/702
f 657/657 659/659 703/703
f 657/657 703/703 704/704
f 705/705 706/706 707/707
f 707/707 706/706 708/708
f 660/660 636/636 709/709
f 709/709 636/636 710/710
f 636/636 637/637 711/711
f 636/636 711/711 710/710
f 637/637 638/638 712/712
f 637/637 712/712 711/711
f 639/639 640/640 713/713
f 640/640 714/714 713/713
f 640/640 715/715 714/714
f 640/640 618/618 715/715
f 618/618 689/689 715/715
f 689/689 546/546 716/716
f 546/546 547/547 716/716
f 547/547 679/679 716/716
f 641/641 568/568 717/717
f 568/568 661/661 717/717
f 682/682 555/555 718/718
f 555/555 665/665 718/718
f 642/642 643/643 719/719
f 642/642 719/719 720/720
f 643/643 694/694 719/719
f 695/695 666/666 683/683
f 683/683 646/646 696/696
f 651/651 674/674 721/721
f 675/675 700/700 722/722
f 635/635 616/616 723/723
f 616/616 561/561 724/724
f 562/562 688/688 725/725
f 566/566 567/567 691/691
f 550/550 641/641 726/726
f 681/681 569/569 727/727
f 692/692 645/645 728/728
f 667/667 668/668 729/729
f 729/729 668/668 730/730
f 668/668 697/697 730/730
f 697/697 684/684 731/731
f 684/684 685/685 731/731
f 685/685 669/669 732/732
f 669/669 733/733 732/732
f 669/669 670/670 733/733
f 733/733 670/670 671/671
f 672/672 673/673 734/734
f 652/652 653/653 735/735
f 653/653 698/698 735/735
f 698/698 655/655 736/736
f 675/675 722/722 699/699
f 656/656 737/737 700/700
f 701/701 686/686 738/738
f 738/738 686/686 702/702
f 677/677 660/660 709/709
f 710/710 711/711 739/739
f 638/638 639/639 740/740
f 740/740 639/639 713/713
f 512/512 185/185 741/741
f 741/741 185/185 742/742
f 185/185 690/690 742/742
f 691/691 550/550 726/726
f 695/695 683/683 696/696
f 645/645 672/672 728/728
f 696/696 667/667 743/743
f 667/667 729/729 743/743
f 729/729 730/730 744/744
f 730/730 697/697 745/745
f 697/697 731/731 745/745
f 731/731 685/685 732/732
f 673/673 746/746 734/734
f 674/674 652/652 735/735
f 735/735 698/698 747/747
f 698/698 736/736 747/747
f 656/656 748/748 737/737
f 656/656 701/701 748/748
f 702/702 749/749 738/738
f 702/702 687/687 749/749
f 711/711 750/750 739/739
f 638/638 740/740 751/751
f 680/680 426/426 752/752
f 427/427 566/566 753/753
f 726/726 641/641 754/754
f 641/641 717/717 754/754
f 717/717 661/661 755/755
f 662/662 692/692 756/756
f 727/727 569/569 682/682
f 743/743 729/729 744/744
f 744/744 730/730 757/757
f 730/730 745/745 757/757
f 732/732 733/733 758/758
f 733/733 671/671 758/758
f 728/728 672/672 759/759
f 672/672 734/734 759/759
f 673/673 760/760 746/746
f 673/673 651/651 760/760
f 655/655 699/699 736/736
f 722/722 700/700 761/761
f 700/700 737/737 761/761
f 701/701 738/738 748/748
f 687/687 635/635 749/749
f 709/709 710/710 762/762
f 714/714 715/715 763/763
f 715/715 689/689 763/763
f 691/691 726/726 764/764
f 756/756 692/692 765/765
f 692/692 728/728 765/765
f 720/720 719/719 766/766
f 719/719 694/694 766/766
f 671/671 649/649 758/758
f 758/758 649/649 767/767
f 760/760 651/651 721/721
f 723/723 616/616 768/768
f 616/616 724/724 768/768
f 762/762 710/710 739/739
f 739/739 750/750 769/769
f 638/638 751/751 712/712
f 763/763 689/689 770/770
f 689/689 716/716 770/770
f 742/742 690/690 771/771
f 753/753 566/566 772/772
f 566/566 691/691 772/772
f 726/726 754/754 773/773
f 664/664 681/681 774/774
f 681/681 727/727 774/774
f 718/718 665/665 775/775
f 694/694 695/695 776/776
f 694/694 776/776 766/766
f 732/732 758/758 777/777
f 721/721 674/674 778/778
f 779/779 735/735 747/747
f 738/738 749/749 780/780
f 749/749 635/635 781/781
f 635/635 723/723 781/781
f 711/711 712/712 750/750
f 740/740 782/782 751/751
f 740/740 713/713 782/782
f 782/782 713/713 714/714
f 690/690 680/680 783/783
f 764/764 726/726 773/773
f 774/774 727/727 784/784
f 728/728 759/759 785/785
f 720/720 766/766 786/786
f 746/746 760/760 787/787
f 787/787 760/760 788/788
f 760/760 721/721 789/789
f 721/721 778/778 789/789
f 778/778 674/674 779/779
f 674/674 735/735 779/779
f 722/722 790/790 699/699
f 790/790 722/722 761/761
f 761/761 737/737 791/791
f 712/712 751/751 792/792
f 690/690 783/783 771/771
f 772/772 691/691 793/793
f 691/691 764/764 793/793
f 773/773 754/754 794/794
f 754/754 717/717 794/794
f 776/776 695/695 795/795
f 695/695 696/696 795/795
f 795/795 696/696 796/796
f 744/744 757/757 797/797
f 797/797 757/757 798/798
f 731/731 732/732 777/777
f 758/758 799/799 777/777
f 758/758 767/767 799/799
f 734/734 746/746 787/787
f 788/788 760/760 789/789
f 699/699 790/790 736/736
f 737/737 748/748 791/791
f 748/748 738/738 800/800
f 725/725 688/688 801/801
f 688/688 677/677 801/801
f 716/716 679/679 802/802
f 741/741 742/742 803/803
f 680/680 752/752 783/783
f 717/717 755/755 804/804
f 756/756 765/765 805/805
f 756/756 805/805 806/806
f 727/727 682/682 807/807
f 765/765 728/728 785/785
f 765/765 785/785 805/805
f 696/696 808/808 796/796
f 696/696 743/743 808/808
f 745/745 731/731 777/777
f 789/789 778/778 809/809
f 801/801 677/677 810/810
f 677/677 709/709 810/810
f 709/709 762/762 810/810
f 727/727 807/807 784/784
f 682/682 718/718 807/807
f 807/807 718/718 811/811
f 718/718 775/775 811/811
f 757/757 745/745 798/798
f 734/734 787/787 812/812
f 788/788 789/789 813/813
f 736/736 814/814 747/747
f 736/736 815/815 814/814
f 736/736 790/790 815/815
f 816/816 817/817 818/818
f 800/800 738/738 780/780
f 763/763 770/770 819/819
f 770/770 716/716 820/820
f 716/716 802/802 820/820
f 679/679 678/678 821/821
f 794/794 717/717 804/804
f 693/693 664/664 822/822
f 785/785 759/759 823/823
f 786/786 766/766 824/824
f 743/743 744/744 825/825
f 745/745 777/777 826/826
f 777/777 799/799 827/827
f 827/827 799/799 828/828
f 779/779 747/747 829/829
f 747/747 814/814 829/829
f 791/791 748/748 830/830
f 768/768 724/724 831/831
f 725/725 801/801 832/832
f 810/810 762/762 833/833
f 782/782 714/714 834/834
f 741/741 803/803 835/835
f 773/773 794/794 764/764
f 804/804 755/755 836/836
f 766/766 776/776 824/824
f 743/743 825/825 837/837
f 744/744 797/797 825/825
f 798/798 745/745 826/826
f 799/799 767/767 828/828
f 759/759 734/734 823/823
f 823/823 734/734 812/812
f 787/787 788/788 812/812
f 789/789 809/809 813/813
f 778/778 838/838 809/809
f 778/778 779/779 838/838
f 815/815 790/790 839/839
f 839/839 790/790 840/840
f 790/790 761/761 841/841
f 791/791 830/830 842/842
f 830/830 748/748 843/843
f 748/748 800/800 843/843
f 800/800 780/780 843/843
f 780/780 844/844 843/843
f 762/762 739/739 845/845
f 739/739 769/769 845/845
f 742/742 771/771 803/803
f 764/764 794/794 846/846
f 807/807 811/811 847/847
f 811/811 775/775 848/848
f 785/785 823/823 849/849
f 786/786 824/824 850/850
f 826/826 777/777 851/851
f 777/777 852/852 851/851
f 812/812 788/788 813/813
f 779/779 853/853 838/838
f 779/779 829/829 853/853
f 853/853 829/829 854/854
f 829/829 814/814 854/854
f 814/814 815/815 839/839
f 790/790 841/841 840/840
f 761/761 791/791 841/841
f 780/780 749/749 844/844
f 855/855 856/856 857/857
f 833/833 762/762 845/845
f 751/751 782/782 858/858
f 714/714 763/763 819/819
f 714/714 819/819 834/834
f 794/794 804/804 859/859
f 806/806 805/805 860/860
f 860/860 805/805 861/861
f 805/805 785/785 861/861
f 824/824 776/776 862/862
f 849/849 823/823 863/863
f 796/796 808/808 864/864
f 808/808 743/743 865/865
f 743/743 837/837 865/865
f 823/823 812/812 863/863
f 812/812 813/813 866/866
f 792/792 751/751 858/858
f 819/819 770/770 867/867
f 770/770 820/820 867/867
f 803/803 771/771 868/868
f 771/771 783/783 868/868
f 783/783 752/752 869/869
f 753/753 772/772 870/870
f 793/793 764/764 871/871
f 846/846 794/794 872/872
f 794/794 859/859 872/872
f 861/861 785/785 849/849
f 850/850 824/824 862/862
f 795/795 796/796 873/873
f 873/873 796/796 864/864
f 864/864 808/808 865/865
f 852/852 777/777 827/827
f 866/866 813/813 874/874
f 813/813 809/809 874/874
f 792/792 858/858 875/875
f 858/858 782/782 834/834
f 822/822 664/664 876/876
f 664/664 774/774 876/876
f 784/784 807/807 877/877
f 807/807 847/847 877/877
f 828/828 767/767 878/878
f 812/812 879/879 863/863
f 812/812 866/866 879/879
f 854/854 880/880 853/853
f 854/854 814/814 880/880
f 814/814 881/881 880/880
f 814/814 839/839 881/881
f 791/791 842/842 841/841
f 830/830 843/843 882/882
f 749/749 781/781 883/883
f 834/834 819/819 884/884
f 802/802 679/679 885/885
f 679/679 821/821 885/885
f 772/772 793/793 871/871
f 774/774 784/784 886/886
f 784/784 877/877 886/886
f 847/847 887/887 877/877
f 847/847 811/811 887/887
f 811/811 848/848 888/888
f 811/811 888/888 887/887
f 866/866 874/874 889/889
f 874/874 809/809 890/890
f 809/809 838/838 890/890
f 843/843 844/844 891/891
f 844/844 749/749 883/883
f 857/857 856/856 892/892
f 819/819 867/867 884/884
f 893/893 894/894 895/895
f 893/893 895/895 896/896
f 894/894 897/897 895/895
f 896/896 895/895 898/898
f 896/896 898/898 899/899
f 895/895 897/897 900/900
f 895/895 900/900 898/898
f 901/901 902/902 903/903
f 904/904 905/905 906/906
f 907/907 908/908 909/909
f 910/910 909/909 908/908
f 904/904 906/906 911/911
f 904/904 911/911 912/912
f 906/906 913/913 911/911
f 911/911 913/913 914/914
f 783/783 869/869 915/915
f 870/870 772/772 916/916
f 772/772 871/871 916/916
f 804/804 836/836 859/859
f 859/859 836/836 917/917
f 860/860 861/861 918/918
f 876/876 774/774 886/886
f 776/776 795/795 873/873
f 852/852 827/827 919/919
f 827/827 828/828 919/919
f 838/838 853/853 920/920
f 853/853 880/880 921/921
f 882/882 843/843 891/891
f 844/844 883/883 922/922
f 723/723 768/768 923/923
f 768/768 831/831 923/923
f 801/801 810/810 924/924
f 810/810 925/925 924/924
f 810/810 833/833 925/925
f 712/712 792/792 926/926
f 792/792 875/875 927/927
f 928/928 929/929 894/894
f 929/929 930/930 894/894
f 931/931 932/932 933/933
f 928/928 894/894 934/934
f 893/893 896/896 935/935
f 893/893 935/935 934/934
f 936/936 934/934 935/935
f 936/936 935/935 937/937
f 896/896 899/899 935/935
f 935/935 899/899 938/938
f 937/937 935/935 939/939
f 939/939 935/935 938/938
f 871/871 764/764 846/846
f 918/918 861/861 940/940
f 822/822 876/876 941/941
f 861/861 849/849 940/940
f 862/862 776/776 942/942
f 776/776 873/873 942/942
f 849/849 863/863 943/943
f 837/837 825/825 944/944
f 825/825 797/797 944/944
f 797/797 798/798 945/945
f 798/798 826/826 945/945
f 945/945 826/826 946/946
f 826/826 851/851 946/946
f 828/828 878/878 947/947
f 881/881 839/839 948/948
f 839/839 949/949 948/948
f 839/839 840/840 949/949
f 840/840 841/841 949/949
f 841/841 842/842 950/950
f 842/842 830/830 951/951
f 891/891 844/844 922/922
f 769/769 750/750 952/952
f 952/952 750/750 926/926
f 750/750 712/712 926/926
f 858/858 834/834 875/875
f 834/834 953/953 954/954
f 834/834 884/884 953/953
f 820/820 802/802 955/955
f 802/802 885/885 955/955
f 956/956 957/957 929/929
f 956/956 929/929 958/958
f 957/957 959/959 929/929
f 929/929 959/959 930/930
f 928/928 960/960 958/958
f 961/961 958/958 960/960
f 961/961 960/960 962/962
f 932/932 963/963 964/964
f 965/965 962/962 966/966
f 965/965 966/966 967/967
f 928/928 934/934 960/960
f 960/960 934/934 966/966
f 962/962 960/960 966/966
f 964/964 963/963 968/968
f 936/936 937/937 966/966
f 966/966 937/937 969/969
f 967/967 966/966 970/970
f 970/970 966/966 969/969
f 937/937 939/939 971/971
f 937/937 971/971 969/969
f 828/828 947/947 919/919
f 863/863 879/879 943/943
f 879/879 866/866 889/889
f 889/889 874/874 890/890
f 880/880 881/881 972/972
f 972/972 881/881 973/973
f 973/973 881/881 948/948
f 950/950 842/842 951/951
f 974/974 975/975 976/976
f 833/833 845/845 925/925
f 845/845 769/769 952/952
f 875/875 834/834 954/954
f 977/977 978/978 979/979
f 977/977 979/979 980/980
f 978/978 981/981 979/979
f 979/979 981/981 982/982
f 983/983 984/984 985/985
f 983/983 980/980 984/984
f 980/980 979/979 986/986
f 980/980 986/986 984/984
f 979/979 982/982 986/986
f 987/987 988/988 989/989
f 985/985 984/984 990/990
f 985/985 990/990 991/991
f 984/984 992/992 990/990
f 984/984 986/986 993/993
f 984/984 993/993 992/992
f 986/986 982/982 957/957
f 986/986 957/957 993/993
f 987/987 989/989 994/994
f 957/957 995/995 959/959
f 991/991 990/990 996/996
f 996/996 990/990 997/997
f 990/990 992/992 997/997
f 997/997 992/992 998/998
f 992/992 993/993 956/956
f 992/992 956/956 998/998
f 993/993 957/957 956/956
f 996/996 997/997 999/999
f 999/999 997/997 1000/1000
f 997/997 998/998 1001/1001
f 997/997 1001/1001 1000/1000
f 956/956 958/958 998/998
f 1002/1002 1003/1003 963/963
f 999/999 1000/1000 1004/1004
f 1004/1004 1000/1000 1005/1005
f 1000/1000 1001/1001 961/961
f 1000/1000 961/961 1005/1005
f 963/963 1003/1003 1006/1006
f 1007/1007 1008/1008 1009/1009
f 1007/1007 1009/1009 1010/1010
f 1008/1008 1011/1011 1009/1009
f 1009/1009 1011/1011 1012/1012
f 1011/1011 1013/1013 1014/1014
f 1011/1011 1014/1014 1012/1012
f 1013/1013 1015/1015 1014/1014
f 1014/1014 1015/1015 1016/1016
f 1015/1015 1017/1017 1018/1018
f 1015/1015 1018/1018 1016/1016
f 783/783 915/915 868/868
f 871/871 846/846 1019/1019
f 846/846 872/872 1020/1020
f 872/872 859/859 1021/1021
f 872/872 1021/1021 1020/1020
f 859/859 917/917 1021/1021
f 850/850 862/862 1022/1022
f 883/883 781/781 1023/1023
f 781/781 723/723 1023/1023
f 1023/1023 723/723 1024/1024
f 723/723 923/923 1024/1024
f 925/925 845/845 1025/1025
f 845/845 952/952 1025/1025
f 953/953 884/884 867/867
f 1026/1026 1027/1027 1028/1028
f 1029/1029 1030/1030 1031/1031
f 1029/1029 1031/1031 1032/1032
f 1030/1030 1033/1033 1034/1034
f 1030/1030 1034/1034 1031/1031
f 1033/1033 1035/1035 1034/1034
f 1034/1034 1035/1035 1036/1036
f 1035/1035 1037/1037 1036/1036
f 1036/1036 1037/1037 1038/1038
f 1037/1037 1039/1039 1038/1038
f 1039/1039 1010/1010 1040/1040
f 1010/1010 1009/1009 1040/1040
f 1040/1040 1009/1009 1041/1041
f 1009/1009 1012/1012 1042/1042
f 1009/1009 1042/1042 1041/1041
f 1012/1012 1043/1043 1042/1042
f 1044/1044 1045/1045 1046/1046
f 1045/1045 1047/1047 1048/1048
f 1045/1045 1048/1048 1046/1046
f 1047/1047 1049/1049 1048/1048
f 1048/1048 1049/1049 1050/1050
f 1049/1049 1051/1051 1050/1050
f 1050/1050 1051/1051 1052/1052
f 1051/1051 1053/1053 1054/1054
f 1051/1051 1054/1054 1052/1052
f 1021/1021 917/917 1055/1055
f 917/917 1056/1056 1055/1055
f 877/877 1057/1057 886/886
f 877/877 887/887 1057/1057
f 940/940 849/849 1058/1058
f 849/849 943/943 1058/1058
f 865/865 837/837 1059/1059
f 948/948 949/949 1060/1060
f 949/949 841/841 950/950
f 882/882 891/891 1061/1061
f 832/832 801/801 1062/1062
f 801/801 924/924 1062/1062
f 1026/1026 1028/1028 1063/1063
f 1032/1032 1031/1031 1064/1064
f 1031/1031 1034/1034 1065/1065
f 1031/1031 1065/1065 1064/1064
f 1034/1034 1036/1036 1066/1066
f 1034/1034 1066/1066 1065/1065
f 1036/1036 1038/1038 1067/1067
f 1036/1036 1067/1067 1066/1066
f 1067/1067 1040/1040 1068/1068
f 1069/1069 1070/1070 1071/1071
f 1069/1069 1071/1071 1072/1072
f 1040/1040 1073/1073 1068/1068
f 1074/1074 1075/1075 1076/1076
f 1075/1075 1077/1077 1076/1076
f 1077/1077 1078/1078 1076/1076
f 1079/1079 1080/1080 1081/1081
f 803/803 868/868 1082/1082
f 915/915 869/869 1083/1083
f 870/870 916/916 1084/1084
f 846/846 1020/1020 1019/1019
f 918/918 940/940 1085/1085
f 940/940 1058/1058 1085/1085
f 862/862 942/942 1022/1022
f 1058/1058 943/943 1086/1086
f 864/864 865/865 1087/1087
f 865/865 1059/1059 1087/1087
f 837/837 944/944 1059/1059
f 944/944 797/797 1088/1088
f 797/797 945/945 1088/1088
f 919/919 947/947 1089/1089
f 947/947 878/878 1090/1090
f 889/889 890/890 1091/1091
f 920/920 853/853 1092/1092
f 853/853 921/921 1092/1092
f 921/921 880/880 972/972
f 951/951 830/830 1093/1093
f 830/830 882/882 1093/1093
f 925/925 1094/1094 924/924
f 792/792 927/927 926/926
f 1032/1032 1064/1064 1095/1095
f 1095/1095 1064/1064 1096/1096
f 1064/1064 1065/1065 1097/1097
f 1064/1064 1097/1097 1096/1096
f 1065/1065 1066/1066 1098/1098
f 1065/1065 1098/1098 1097/1097
f 1066/1066 1099/1099 1098/1098
f 1099/1099 1068/1068 1100/1100
f 1101/1101 1102/1102 1103/1103
f 1103/1103 1102/1102 1104/1104
f 1102/1102 1105/1105 1104/1104
f 1104/1104 1105/1105 1106/1106
f 1107/1107 1108/1108 1109/1109
f 1105/1105 1110/1110 1106/1106
f 1111/1111 1072/1072 1112/1112
f 1111/1111 1112/1112 1113/1113
f 1019/1019 1020/1020 1114/1114
f 1055/1055 1056/1056 1115/1115
f 918/918 1085/1085 1116/1116
f 887/887 888/888 1117/1117
f 942/942 873/873 1118/1118
f 873/873 864/864 1118/1118
f 852/852 919/919 1119/1119
f 1089/1089 947/947 1120/1120
f 879/879 889/889 1121/1121
f 890/890 838/838 1122/1122
f 1122/1122 838/838 920/920
f 920/920 1092/1092 1123/1123
f 891/891 1124/1124 1061/1061
f 891/891 922/922 1124/1124
f 922/922 883/883 1125/1125
f 1096/1096 1097/1097 1126/1126
f 1097/1097 1098/1098 1126/1126
f 1098/1098 1099/1099 1127/1127
f 1099/1099 1100/1100 1128/1128
f 1099/1099 1128/1128 1127/1127
f 1103/1103 1104/1104 1129/1129
f 1104/1104 1106/1106 1130/1130
f 1106/1106 1110/1110 1131/1131
f 1106/1106 1131/1131 1130/1130
f 1132/1132 1133/1133 1134/1134
f 835/835 803/803 1135/1135
f 835/835 1135/1135 1136/1136
f 803/803 1082/1082 1135/1135
f 1020/1020 1021/1021 1114/1114
f 887/887 1117/1117 1057/1057
f 1117/1117 888/888 1137/1137
f 1085/1085 1058/1058 1138/1138
f 850/850 1022/1022 1139/1139
f 1139/1139 1022/1022 1140/1140
f 851/851 852/852 1119/1119
f 1086/1086 943/943 1141/1141
f 943/943 879/879 1121/1121
f 889/889 1091/1091 1121/1121
f 920/920 1123/1123 1122/1122
f 921/921 972/972 1092/1092
f 951/951 1093/1093 950/950
f 1093/1093 882/882 1142/1142
f 925/925 1025/1025 1094/1094
f 927/927 875/875 1143/1143
f 875/875 954/954 1143/1143
f 954/954 953/953 1144/1144
f 1144/1144 953/953 1145/1145
f 953/953 867/867 1146/1146
f 953/953 1146/1146 1145/1145
f 885/885 821/821 1147/1147
f 1096/1096 1126/1126 1148/1148
f 1126/1126 1098/1098 1149/1149
f 1098/1098 1127/1127 1149/1149
f 1129/1129 1104/1104 1150/1150
f 1104/1104 1130/1130 1151/1151
f 1104/1104 1151/1151 1150/1150
f 1130/1130 1131/1131 1151/1151
f 1084/1084 916/916 1152/1152
f 916/916 871/871 1153/1153
f 916/916 1153/1153 1152/1152
f 871/871 1019/1019 1153/1153
f 1019/1019 1114/1114 1154/1154
f 1115/1115 1155/1155 1156/1156
f 1022/1022 942/942 1140/1140
f 864/864 1087/1087 1118/1118
f 945/945 946/946 1157/1157
f 946/946 851/851 1158/1158
f 851/851 1119/1119 1158/1158
f 1119/1119 919/919 1089/1089
f 947/947 1090/1090 1120/1120
f 973/973 948/948 1159/1159
f 948/948 1060/1060 1159/1159
f 1060/1060 949/949 1160/1160
f 949/949 950/950 1160/1160
f 882/882 1061/1061 1142/1142
f 924/924 1094/1094 1161/1161
f 952/952 926/926 1162/1162
f 926/926 927/927 1162/1162
f 1149/1149 1127/1127 1163/1163
f 1127/1127 1128/1128 1164/1164
f 1127/1127 1164/1164 1163/1163
f 1129/1129 1150/1150 1165/1165
f 1150/1150 1151/1151 1166/1166
f 1151/1151 1131/1131 1166/1166
f 1166/1166 1131/1131 1167/1167
f 1114/1114 1021/1021 1168/1168
f 1021/1021 1169/1169 1168/1168
f 1021/1021 1055/1055 1169/1169
f 876/876 886/886 1170/1170
f 1138/1138 1058/1058 1171/1171
f 1058/1058 1086/1086 1171/1171
f 1118/1118 1087/1087 1172/1172
f 944/944 1088/1088 1059/1059
f 946/946 1158/1158 1173/1173
f 943/943 1121/1121 1141/1141
f 883/883 1023/1023 1125/1125
f 1024/1024 923/923 1174/1174
f 923/923 831/831 1174/1174
f 1174/1174 831/831 1175/1175
f 832/832 1062/1062 1176/1176
f 1143/1143 954/954 1144/1144
f 867/867 820/820 1177/1177
f 867/867 1177/1177 1146/1146
f 820/820 955/955 1177/1177
f 1178/1178 1179/1179 1180/1180
f 1165/1165 1150/1150 1181/1181
f 1150/1150 1166/1166 1181/1181
f 1170/1170 886/886 1182/1182
f 886/886 1057/1057 1182/1182
f 1138/1138 1171/1171 1183/1183
f 1140/1140 942/942 1184/1184
f 1184/1184 942/942 1185/1185
f 942/942 1118/1118 1185/1185
f 1171/1171 1086/1086 1141/1141
f 946/946 1173/1173 1157/1157
f 890/890 1186/1186 1091/1091
f 890/890 1122/1122 1186/1186
f 1123/1123 1092/1092 1187/1187
f 1025/1025 952/952 1162/1162
f 1188/1188 1148/1148 1189/1189
f 1148/1148 1126/1126 1190/1190
f 1148/1148 1190/1190 1189/1189
f 1126/1126 1149/1149 1190/1190
f 1190/1190 1149/1149 1191/1191
f 1149/1149 1163/1163 1192/1192
f 1149/1149 1192/1192 1191/1191
f 1163/1163 1164/1164 1192/1192
f 1153/1153 1019/1019 1193/1193
f 1019/1019 1154/1154 1193/1193
f 941/941 876/876 1194/1194
f 876/876 1170/1170 1194/1194
f 1141/1141 1121/1121 1195/1195
f 1121/1121 1091/1091 1196/1196
f 1091/1091 1197/1197 1196/1196
f 1091/1091 1186/1186 1197/1197
f 1122/1122 1123/1123 1186/1186
f 973/973 1159/1159 1198/1198
f 1162/1162 927/927 1199/1199
f 1181/1181 1166/1166 1200/1200
f 1166/1166 1167/1167 1201/1201
f 1166/1166 1201/1201 1200/1200
f 1154/1154 1114/1114 1202/1202
f 1114/1114 1168/1168 1202/1202
f 1139/1139 1140/1140 1203/1203
f 1171/1171 1141/1141 1204/1204
f 1119/1119 1089/1089 1205/1205
f 1120/1120 1090/1090 1206/1206
f 1206/1206 1090/1090 1207/1207
f 1141/1141 1195/1195 1204/1204
f 1186/1186 1123/1123 1208/1208
f 1123/1123 1187/1187 1208/1208
f 1187/1187 1092/1092 1209/1209
f 1094/1094 1025/1025 1210/1210
f 1025/1025 1162/1162 1210/1210
f 1162/1162 1211/1211 1210/1210
f 1162/1162 1199/1199 1212/1212
f 927/927 1143/1143 1199/1199
f 1165/1165 1181/1181 1213/1213
f 1181/1181 1200/1200 1213/1213
f 1193/1193 1154/1154 1202/1202
f 1202/1202 1168/1168 1214/1214
f 1168/1168 1169/1169 1214/1214
f 1169/1169 1055/1055 1215/1215
f 1055/1055 1115/1115 1216/1216
f 1055/1055 1216/1216 1215/1215
f 1115/1115 1156/1156 1216/1216
f 941/941 1194/1194 1217/1217
f 1087/1087 1059/1059 1218/1218
f 1059/1059 1088/1088 1218/1218
f 1158/1158 1119/1119 1205/1205
f 1195/1195 1121/1121 1196/1196
f 1160/1160 950/950 1219/1219
f 950/950 1093/1093 1219/1219
f 1124/1124 922/922 1220/1220
f 1199/1199 1143/1143 1221/1221
f 1188/1188 1189/1189 1222/1222
f 1189/1189 1190/1190 1222/1222
f 1192/1192 1164/1164 1223/1223
f 1165/1165 1213/1213 1224/1224
f 1082/1082 868/868 1225/1225
f 868/868 915/915 1225/1225
f 915/915 1083/1083 1226/1226
f 1182/1182 1057/1057 1227/1227
f 1227/1227 1057/1057 1228/1228
f 1118/1118 1172/1172 1185/1185
f 1171/1171 1204/1204 1229/1229
f 1218/1218 1088/1088 1230/1230
f 1088/1088 945/945 1230/1230
f 945/945 1157/1157 1230/1230
f 1157/1157 1173/1173 1231/1231
f 1204/1204 1195/1195 1232/1232
f 1197/1197 1186/1186 1233/1233
f 1092/1092 972/972 1234/1234
f 1061/1061 1124/1124 1235/1235
f 922/922 1125/1125 1220/1220
f 1062/1062 924/924 1236/1236
f 924/924 1161/1161 1236/1236
f 1161/1161 1094/1094 1237/1237
f 1221/1221 1143/1143 1144/1144
f 955/955 885/885 1177/1177
f 1188/1188 1222/1222 1238/1238
f 1191/1191 1192/1192 1239/1239
f 1192/1192 1223/1223 1239/1239
f 1136/1136 1135/1135 1240/1240
f 1135/1135 1082/1082 1241/1241
f 1082/1082 1225/1225 1241/1241
f 1225/1225 915/915 1226/1226
f 1193/1193 1202/1202 1242/1242
f 1183/1183 1171/1171 1229/1229
f 1186/1186 1208/1208 1243/1243
f 1159/1159 1060/1060 1198/1198
f 1024/1024 1174/1174 1244/1244
f 1174/1174 1175/1175 1244/1244
f 1236/1236 1161/1161 1237/1237
f 1237/1237 1094/1094 1245/1245
f 1094/1094 1210/1210 1245/1245
f 1162/1162 1212/1212 1211/1211
f 1145/1145 1146/1146 1246/1246
f 1190/1190 1191/1191 1247/1247
f 1191/1191 1239/1239 1247/1247
f 1213/1213 1200/1200 1248/1248
f 1200/1200 1201/1201 1249/1249
f 1200/1200 1249/1249 1248/1248
f 1084/1084 1152/1152 1250/1250
f 1152/1152 1153/1153 1251/1251
f 1152/1152 1251/1251 1250/1250
f 1153/1153 1193/1193 1251/1251
f 1182/1182 1227/1227 1170/1170
f 1057/1057 1117/1117 1228/1228
f 1228/1228 1117/1117 1252/1252
f 1117/1117 1137/1137 1252/1252
f 1229/1229 1204/1204 1253/1253
f 1157/1157 1231/1231 1230/1230
f 1195/1195 1196/1196 1254/1254
f 972/972 973/973 1234/1234
f 973/973 1255/1255 1234/1234
f 973/973 1198/1198 1255/1255
f 1198/1198 1060/1060 1256/1256
f 1060/1060 1160/1160 1256/1256
f 1160/1160 1219/1219 1256/1256
f 1244/1244 1175/1175 1257/1257
f 1176/1176 1062/1062 1258/1258
f 1210/1210 1211/1211 1259/1259
f 1222/1222 1190/1190 1260/1260
f 1190/1190 1247/1247 1260/1260
f 1224/1224 1213/1213 1261/1261
f 1213/1213 1248/1248 1261/1261
f 1262/1262 1263/1263 1264/1264
f 1264/1264 1263/1263 1265/1265
f 1140/1140 1184/1184 1203/1203
f 1203/1203 1184/1184 1266/1266
f 1184/1184 1185/1185 1266/1266
f 1266/1266 1185/1185 1267/1267
f 1172/1172 1268/1268 1185/1185
f 1172/1172 1087/1087 1268/1268
f 1087/1087 1218/1218 1269/1269
f 1089/1089 1120/1120 1270/1270
f 1120/1120 1206/1206 1270/1270
f 1204/1204 1232/1232 1253/1253
f 1093/1093 1142/1142 1219/1219
f 1219/1219 1142/1142 1235/1235
f 1142/1142 1061/1061 1235/1235
f 1235/1235 1124/1124 1271/1271
f 1245/1245 1210/1210 1259/1259
f 1146/1146 1177/1177 1246/1246
f 1247/1247 1239/1239 1272/1272
f 1239/1239 1223/1223 1272/1272
f 1224/1224 1261/1261 1273/1273
f 1261/1261 1248/1248 1273/1273
f 1273/1273 1248/1248 1274/1274
f 1248/1248 1249/1249 1274/1274
f 1262/1262 1264/1264 1275/1275
f 1276/1276 1277/1277 1278/1278
f 1214/1214 1169/1169 1279/1279
f 1169/1169 1215/1215 1279/1279
f 1216/1216 1156/1156 1280/1280
f 1217/1217 1194/1194 1281/1281
f 1194/1194 1170/1170 1281/1281
f 1170/1170 1227/1227 1282/1282
f 1252/1252 1137/1137 1283/1283
f 1218/1218 1230/1230 1284/1284
f 1195/1195 1254/1254 1232/1232
f 1186/1186 1243/1243 1233/1233
f 1187/1187 1285/1285 1208/1208
f 1209/1209 1092/1092 1234/1234
f 1246/1246 1177/1177 1286/1286
f 885/885 1147/1147 1287/1287
f 1272/1272 1223/1223 1288/1288
f 1224/1224 1273/1273 1289/1289
f 1289/1289 1273/1273 1290/1290
f 1273/1273 1274/1274 1290/1290
f 1291/1291 1292/1292 1293/1293
f 1276/1276 1278/1278 1294/1294
f 1295/1295 1296/1296 1297/1297
f 1251/1251 1193/1193 1298/1298
f 1193/1193 1242/1242 1298/1298
f 1215/1215 1216/1216 1299/1299
f 1216/1216 1280/1280 1299/1299
f 1170/1170 1282/1282 1281/1281
f 1183/1183 1229/1229 1300/1300
f 1139/1139 1203/1203 1301/1301
f 1269/1269 1218/1218 1284/1284
f 1230/1230 1231/1231 1302/1302
f 1173/1173 1158/1158 1205/1205
f 1205/1205 1089/1089 1303/1303
f 1089/1089 1270/1270 1303/1303
f 1198/1198 1256/1256 1304/1304
f 1256/1256 1219/1219 1305/1305
f 1220/1220 1125/1125 1306/1306
f 1237/1237 1245/1245 1307/1307
f 1212/1212 1199/1199 1308/1308
f 1212/1212 1308/1308 1211/1211
f 1199/1199 1221/1221 1308/1308
f 1145/1145 1246/1246 1309/1309
f 1246/1246 1286/1286 1310/1310
f 1177/1177 885/885 1311/1311
f 885/885 1287/1287 1311/1311
f 1260/1260 1247/1247 1312/1312
f 1247/1247 1272/1272 1312/1312
f 1291/1291 1293/1293 1313/1313
f 1314/1314 1276/1276 1294/1294
f 1250/1250 1251/1251 1315/1315
f 1251/1251 1298/1298 1315/1315
f 1227/1227 1228/1228 1282/1282
f 1267/1267 1185/1185 1316/1316
f 1185/1185 1268/1268 1316/1316
f 1268/1268 1087/1087 1317/1317
f 1087/1087 1269/1269 1317/1317
f 1253/1253 1232/1232 1318/1318
f 1285/1285 1187/1187 1319/1319
f 1187/1187 1209/1209 1319/1319
f 1319/1319 1209/1209 1320/1320
f 1209/1209 1234/1234 1320/1320
f 1234/1234 1255/1255 1320/1320
f 1256/1256 1305/1305 1304/1304
f 1219/1219 1235/1235 1305/1305
f 1124/1124 1220/1220 1271/1271
f 1125/1125 1023/1023 1306/1306
f 1023/1023 1024/1024 1321/1321
f 1023/1023 1321/1321 1306/1306
f 1024/1024 1244/1244 1321/1321
f 1236/1236 1237/1237 1307/1307
f 1221/1221 1144/1144 1322/1322
f 1238/1238 1222/1222 1323/1323
f 1222/1222 1260/1260 1324/1324
f 1222/1222 1324/1324 1323/1323
f 1260/1260 1312/1312 1324/1324
f 1290/1290 1274/1274 1325/1325
f 1274/1274 1249/1249 1326/1326
f 1274/1274 1326/1326 1325/1325
f 1314/1314 1294/1294 1327/1327
f 1084/1084 1250/1250 1328/1328
f 1250/1250 1315/1315 1328/1328
f 1242/1242 1202/1202 1329/1329
f 1202/1202 1214/1214 1329/1329
f 1279/1279 1215/1215 1299/1299
f 1330/1330 1281/1281 1331/1331
f 1281/1281 1282/1282 1331/1331
f 1139/1139 1301/1301 1332/1332
f 1229/1229 1253/1253 1333/1333
f 1333/1333 1253/1253 1318/1318
f 1254/1254 1196/1196 1334/1334
f 1196/1196 1197/1197 1334/1334
f 1197/1197 1233/1233 1334/1334
f 1208/1208 1285/1285 1335/1335
f 1336/1336 1337/1337 1338/1338
f 1307/1307 1245/1245 1259/1259
f 1339/1339 1211/1211 1340/1340
f 1211/1211 1308/1308 1340/1340
f 1144/1144 1145/1145 1309/1309
f 1312/1312 1272/1272 1341/1341
f 1272/1272 1288/1288 1341/1341
f 1291/1291 1313/1313 1342/1342
f 1342/1342 1313/1313 1343/1343
f 1330/1330 1331/1331 1344/1344
f 1226/1226 1083/1083 1345/1345
f 1084/1084 1328/1328 1346/1346
f 1228/1228 1252/1252 1347/1347
f 1230/1230 1302/1302 1284/1284
f 1302/1302 1231/1231 1348/1348
f 1231/1231 1173/1173 1348/1348
f 1335/1335 1285/1285 1319/1319
f 1319/1319 1320/1320 1349/1349
f 1255/1255 1198/1198 1350/1350
f 1350/1350 1198/1198 1304/1304
f 1304/1304 1305/1305 1351/1351
f 1351/1351 1305/1305 1352/1352
f 1305/1305 1353/1353 1352/1352
f 1305/1305 1235/1235 1354/1354
f 1305/1305 1354/1354 1353/1353
f 1354/1354 1235/1235 1355/1355
f 1235/1235 1271/1271 1355/1355
f 1356/1356 1357/1357 1358/1358
f 1359/1359 1360/1360 1361/1361
f 1362/1362 1363/1363 1364/1364
f 1362/1362 1364/1364 1365/1365
f 1347/1347 1252/1252 1366/1366
f 1252/1252 1283/1283 1366/1366
f 1300/1300 1229/1229 1367/1367
f 1284/1284 1302/1302 1368/1368
f 1302/1302 1369/1369 1368/1368
f 1220/1220 1306/1306 1271/1271
f 1259/1259 1211/1211 1370/1370
f 1308/1308 1221/1221 1322/1322
f 1322/1322 1144/1144 1309/1309
f 1309/1309 1246/1246 1310/1310
f 1289/1289 1290/1290 1371/1371
f 1290/1290 1325/1325 1372/1372
f 1290/1290 1372/1372 1371/1371
f 1325/1325 1326/1326 1372/1372
f 1362/1362 1365/1365 1373/1373
f 1225/1225 1226/1226 1241/1241
f 1329/1329 1214/1214 1374/1374
f 1214/1214 1279/1279 1374/1374
f 1282/1282 1228/1228 1347/1347
f 1282/1282 1347/1347 1375/1375
f 1203/1203 1266/1266 1301/1301
f 1269/1269 1284/1284 1317/1317
f 1206/1206 1207/1207 1376/1376
f 1377/1377 1378/1378 1379/1379
f 1177/1177 1311/1311 1286/1286
f 1341/1341 1288/1288 1380/1380
f 1289/1289 1371/1371 1381/1381
f 1372/1372 1326/1326 1382/1382
f 1331/1331 1282/1282 1375/1375
f 1367/1367 1229/1229 1333/1333
f 1266/1266 1267/1267 1316/1316
f 1302/1302 1348/1348 1369/1369
f 1173/1173 1205/1205 1383/1383
f 1383/1383 1205/1205 1384/1384
f 1303/1303 1270/1270 1385/1385
f 1303/1303 1385/1385 1384/1384
f 1270/1270 1206/1206 1385/1385
f 1349/1349 1320/1320 1350/1350
f 1258/1258 1062/1062 1386/1386
f 1062/1062 1236/1236 1386/1386
f 1236/1236 1307/1307 1386/1386
f 1310/1310 1286/1286 1387/1387
f 1238/1238 1323/1323 1388/1388
f 1323/1323 1324/1324 1389/1389
f 1324/1324 1312/1312 1389/1389
f 1381/1381 1371/1371 1390/1390
f 1371/1371 1372/1372 1391/1391
f 1371/1371 1391/1391 1390/1390
f 1372/1372 1382/1382 1391/1391
f 1240/1240 1135/1135 1392/1392
f 1135/1135 1241/1241 1393/1393
f 1315/1315 1298/1298 1394/1394
f 1298/1298 1242/1242 1395/1395
f 1298/1298 1395/1395 1396/1396
f 1279/1279 1299/1299 1397/1397
f 1299/1299 1280/1280 1397/1397
f 1301/1301 1266/1266 1398/1398
f 1266/1266 1316/1316 1398/1398
f 1316/1316 1268/1268 1399/1399
f 1318/1318 1232/1232 1400/1400
f 1319/1319 1349/1349 1335/1335
f 1320/1320 1255/1255 1350/1350
f 1350/1350 1304/1304 1401/1401
f 1304/1304 1351/1351 1401/1401
f 1355/1355 1271/1271 1402/1402
f 1271/1271 1306/1306 1403/1403
f 1336/1336 1338/1338 1404/1404
f 1386/1386 1307/1307 1405/1405
f 1211/1211 1339/1339 1370/1370
f 1406/1406 1339/1339 1340/1340
f 1387/1387 1286/1286 1407/1407
f 1388/1388 1323/1323 1408/1408
f 1323/1323 1389/1389 1408/1408
f 1389/1389 1312/1312 1409/1409
f 1312/1312 1341/1341 1409/1409
f 1409/1409 1341/1341 1410/1410
f 1341/1341 1380/1380 1411/1411
f 1341/1341 1411/1411 1410/1410
f 1381/1381 1390/1390 1412/1412
f 1412/1412 1390/1390 1413/1413
f 1390/1390 1391/1391 1413/1413
f 1413/1413 1391/1391 1414/1414
f 1415/1415 1416/1416 1417/1417
f 1392/1392 1135/1135 1393/1393
f 1298/1298 1396/1396 1394/1394
f 1242/1242 1329/1329 1395/1395
f 1397/1397 1280/1280 1418/1418
f 1331/1331 1375/1375 1419/1419
f 1332/1332 1301/1301 1420/1420
f 1268/1268 1317/1317 1399/1399
f 1284/1284 1368/1368 1421/1421
f 1369/1369 1348/1348 1422/1422
f 1348/1348 1173/1173 1383/1383
f 1400/1400 1232/1232 1423/1423
f 1232/1232 1254/1254 1423/1423
f 1254/1254 1334/1334 1424/1424
f 1233/1233 1243/1243 1425/1425
f 1243/1243 1208/1208 1425/1425
f 1405/1405 1307/1307 1426/1426
f 1307/1307 1259/1259 1427/1427
f 1307/1307 1427/1427 1426/1426
f 1259/1259 1370/1370 1427/1427
f 1322/1322 1309/1309 1428/1428
f 1309/1309 1310/1310 1428/1428
f 1429/1429 1430/1430 1431/1431
f 1432/1432 1433/1433 1434/1434
f 1241/1241 1226/1226 1345/1345
f 1375/1375 1347/1347 1435/1435
f 1347/1347 1366/1366 1435/1435
f 1333/1333 1318/1318 1400/1400
f 1332/1332 1420/1420 1436/1436
f 1301/1301 1398/1398 1420/1420
f 1317/1317 1284/1284 1421/1421
f 1368/1368 1369/1369 1422/1422
f 1205/1205 1303/1303 1384/1384
f 1385/1385 1206/1206 1437/1437
f 1206/1206 1376/1376 1437/1437
f 1423/1423 1254/1254 1424/1424
f 1425/1425 1208/1208 1335/1335
f 1350/1350 1438/1438 1439/1439
f 1350/1350 1401/1401 1438/1438
f 1352/1352 1353/1353 1440/1440
f 1308/1308 1322/1322 1340/1340
f 1388/1388 1408/1408 1441/1441
f 1408/1408 1389/1389 1441/1441
f 1429/1429 1431/1431 1442/1442
f 1412/1412 1413/1413 1443/1443
f 1413/1413 1414/1414 1444/1444
f 1413/1413 1444/1444 1443/1443
f 1393/1393 1241/1241 1445/1445
f 1445/1445 1241/1241 1345/1345
f 1374/1374 1279/1279 1446/1446
f 1279/1279 1397/1397 1446/1446
f 1344/1344 1331/1331 1447/1447
f 1331/1331 1419/1419 1447/1447
f 1366/1366 1283/1283 1448/1448
f 1333/1333 1400/1400 1449/1449
f 1316/1316 1399/1399 1398/1398
f 1352/1352 1440/1440 1450/1450
f 1353/1353 1354/1354 1451/1451
f 1370/1370 1339/1339 1452/1452
f 1339/1339 1406/1406 1452/1452
f 1406/1406 1340/1340 1453/1453
f 1310/1310 1387/1387 1428/1428
f 1356/1356 1358/1358 1454/1454
f 1410/1410 1411/1411 1455/1455
f 1412/1412 1443/1443 1456/1456
f 1344/1344 1447/1447 1457/1457
f 1367/1367 1333/1333 1458/1458
f 1424/1424 1334/1334 1459/1459
f 1335/1335 1349/1349 1460/1460
f 1353/1353 1451/1451 1440/1440
f 1402/1402 1271/1271 1403/1403
f 1340/1340 1322/1322 1461/1461
f 1322/1322 1428/1428 1461/1461
f 1286/1286 1311/1311 1462/1462
f 1311/1311 1287/1287 1462/1462
f 1356/1356 1454/1454 1463/1463
f 1388/1388 1441/1441 1464/1464
f 1389/1389 1409/1409 1465/1465
f 1409/1409 1410/1410 1466/1466
f 1409/1409 1466/1466 1465/1465
f 1410/1410 1455/1455 1466/1466
f 1442/1442 1431/1431 1467/1467
f 1328/1328 1315/1315 1468/1468
f 1315/1315 1394/1394 1468/1468
f 1375/1375 1435/1435 1469/1469
f 1435/1435 1366/1366 1470/1470
f 1366/1366 1448/1448 1470/1470
f 1458/1458 1333/1333 1449/1449
f 1399/1399 1317/1317 1471/1471
f 1383/1383 1384/1384 1472/1472
f 1244/1244 1257/1257 1473/1473
f 1258/1258 1386/1386 1474/1474
f 1386/1386 1405/1405 1475/1475
f 1453/1453 1340/1340 1476/1476
f 1476/1476 1340/1340 1461/1461
f 1441/1441 1389/1389 1477/1477
f 1389/1389 1465/1465 1477/1477
f 1466/1466 1455/1455 1478/1478
f 1456/1456 1443/1443 1479/1479
f 1456/1456 1479/1479 1480/1480
f 1443/1443 1444/1444 1481/1481
f 1443/1443 1481/1481 1479/1479
f 1397/1397 1418/1418 1482/1482
f 1419/1419 1375/1375 1483/1483
f 1375/1375 1469/1469 1483/1483
f 1435/1435 1470/1470 1469/1469
f 1449/1449 1400/1400 1484/1484
f 1317/1317 1421/1421 1471/1471
f 1348/1348 1383/1383 1422/1422
f 1383/1383 1472/1472 1422/1422
f 1400/1400 1423/1423 1484/1484
f 1484/1484 1423/1423 1485/1485
f 1349/1349 1350/1350 1460/1460
f 1460/1460 1350/1350 1439/1439
f 1401/1401 1351/1351 1486/1486
f 1354/1354 1355/1355 1487/1487
f 1321/1321 1244/1244 1488/1488
f 1244/1244 1473/1473 1488/1488
f 1464/1464 1441/1441 1489/1489
f 1441/1441 1477/1477 1489/1489
f 1465/1465 1466/1466 1490/1490
f 1466/1466 1478/1478 1490/1490
f 1346/1346 1328/1328 1491/1491
f 1328/1328 1468/1468 1491/1491
f 1398/1398 1492/1492 1420/1420
f 1368/1368 1422/1422 1493/1493
f 1485/1485 1423/1423 1424/1424
f 1474/1474 1386/1386 1475/1475
f 1452/1452 1406/1406 1453/1453
f 1461/1461 1428/1428 1494/1494
f 1407/1407 1286/1286 1495/1495
f 1286/1286 1462/1462 1495/1495
f 1462/1462 1287/1287 1496/1496
f 1497/1497 1480/1480 1498/1498
f 1480/1480 1479/1479 1499/1499
f 1480/1480 1499/1499 1498/1498
f 1467/1467 1431/1431 1500/1500
f 1467/1467 1500/1500 1501/1501
f 1479/1479 1481/1481 1499/1499
f 1499/1499 1481/1481 1502/1502
f 1392/1392 1393/1393 1503/1503
f 1445/1445 1345/1345 1504/1504
f 1504/1504 1345/1345 1505/1505
f 1346/1346 1491/1491 1506/1506
f 1468/1468 1394/1394 1507/1507
f 1394/1394 1396/1396 1507/1507
f 1396/1396 1395/1395 1507/1507
f 1507/1507 1395/1395 1329/1329
f 1436/1436 1420/1420 1508/1508
f 1398/1398 1399/1399 1509/1509
f 1399/1399 1471/1471 1509/1509
f 1471/1471 1421/1421 1510/1510
f 1421/1421 1368/1368 1511/1511
f 1368/1368 1493/1493 1511/1511
f 1422/1422 1512/1512 1493/1493
f 1422/1422 1472/1472 1512/1512
f 1472/1472 1384/1384 1385/1385
f 1334/1334 1233/1233 1459/1459
f 1401/1401 1486/1486 1438/1438
f 1486/1486 1351/1351 1450/1450
f 1351/1351 1352/1352 1450/1450
f 1476/1476 1461/1461 1513/1513
f 1428/1428 1387/1387 1514/1514
f 1477/1477 1465/1465 1515/1515
f 1465/1465 1490/1490 1515/1515
f 1515/1515 1490/1490 1516/1516
f 1497/1497 1498/1498 1517/1517
f 1517/1517 1498/1498 1518/1518
f 1498/1498 1499/1499 1518/1518
f 1501/1501 1500/1500 1519/1519
f 1446/1446 1397/1397 1520/1520
f 1397/1397 1521/1521 1520/1520
f 1397/1397 1482/1482 1521/1521
f 1447/1447 1419/1419 1522/1522
f 1522/1522 1419/1419 1483/1483
f 1469/1469 1470/1470 1523/1523
f 1421/1421 1511/1511 1510/1510
f 1472/1472 1524/1524 1512/1512
f 1472/1472 1385/1385 1524/1524
f 1385/1385 1437/1437 1525/1525
f 1233/1233 1425/1425 1459/1459
f 1425/1425 1335/1335 1526/1526
f 1335/1335 1460/1460 1526/1526
f 1460/1460 1527/1527 1526/1526
f 1527/1527 1460/1460 1439/1439
f 1439/1439 1438/1438 1528/1528
f 1451/1451 1529/1529 1440/1440
f 1451/1451 1354/1354 1530/1530
f 1475/1475 1405/1405 1531/1531
f 1405/1405 1426/1426 1531/1531
f 1531/1531 1426/1426 1532/1532
f 1427/1427 1370/1370 1533/1533
f 1514/1514 1387/1387 1534/1534
f 1387/1387 1407/1407 1534/1534
f 1534/1534 1407/1407 1495/1495
f 1463/1463 1535/1535 1536/1536
f 1464/1464 1489/1489 1537/1537
f 1489/1489 1477/1477 1538/1538
f 1477/1477 1515/1515 1538/1538
f 1515/1515 1516/1516 1539/1539
f 1517/1517 1518/1518 1540/1540
f 1540/1540 1518/1518 1541/1541
f 1518/1518 1499/1499 1542/1542
f 1518/1518 1542/1542 1541/1541
f 1519/1519 1500/1500 1543/1543
f 1544/1544 1545/1545 1546/1546
f 1499/1499 1502/1502 1542/1542
f 1503/1503 1393/1393 1547/1547
f 1507/1507 1329/1329 1548/1548
f 1548/1548 1329/1329 1549/1549
f 1523/1523 1470/1470 1550/1550
f 1470/1470 1448/1448 1550/1550
f 1449/1449 1484/1484 1551/1551
f 1508/1508 1420/1420 1552/1552
f 1420/1420 1492/1492 1552/1552
f 1509/1509 1471/1471 1553/1553
f 1471/1471 1510/1510 1553/1553
f 1553/1553 1510/1510 1554/1554
f 1437/1437 1376/1376 1555/1555
f 1484/1484 1485/1485 1551/1551
f 1459/1459 1425/1425 1556/1556
f 1556/1556 1425/1425 1557/1557
f 1425/1425 1526/1526 1557/1557
f 1355/1355 1402/1402 1487/1487
f 1558/1558 1559/1559 1560/1560
f 1370/1370 1452/1452 1533/1533
f 1428/1428 1514/1514 1494/1494
f 1536/1536 1535/1535 1561/1561
f 1536/1536 1561/1561 1562/1562
f 1538/1538 1515/1515 1563/1563
f 1515/1515 1539/1539 1564/1564
f 1515/1515 1564/1564 1563/1563
f 1540/1540 1541/1541 1565/1565
f 1565/1565 1541/1541 1566/1566
f 1565/1565 1566/1566 1567/1567
f 1541/1541 1546/1546 1568/1568
f 1541/1541 1568/1568 1566/1566
f 1546/1546 1545/1545 1569/1569
f 1546/1546 1569/1569 1568/1568
f 1468/1468 1507/1507 1570/1570
f 1507/1507 1548/1548 1570/1570
f 1457/1457 1447/1447 1571/1571
f 1457/1457 1571/1571 1572/1572
f 1447/1447 1522/1522 1571/1571
f 1469/1469 1523/1523 1483/1483
f 1449/1449 1551/1551 1573/1573
f 1492/1492 1398/1398 1509/1509
f 1512/1512 1574/1574 1575/1575
f 1512/1512 1524/1524 1574/1574
f 1528/1528 1438/1438 1576/1576
f 1438/1438 1486/1486 1576/1576
f 1529/1529 1451/1451 1530/1530
f 1354/1354 1487/1487 1530/1530
f 1306/1306 1321/1321 1577/1577
f 1427/1427 1533/1533 1426/1426
f 1452/1452 1453/1453 1578/1578
f 1453/1453 1476/1476 1578/1578
f 1537/1537 1489/1489 1579/1579
f 1489/1489 1538/1538 1579/1579
f 1580/1580 1581/1581 1582/1582
f 1538/1538 1563/1563 1583/1583
f 1582/1582 1584/1584 1585/1585
f 1563/1563 1564/1564 1586/1586
f 1563/1563 1586/1586 1583/1583
f 1564/1564 1587/1587 1586/1586
f 1586/1586 1587/1587 1588/1588
f 1566/1566 1568/1568 1589/1589
f 1566/1566 1589/1589 1590/1590
f 1568/1568 1569/1569 1589/1589
f 1589/1589 1569/1569 1591/1591
f 1592/1592 1593/1593 1594/1594
f 1594/1594 1593/1593 1595/1595
f 1585/1585 1584/1584 1596/1596
f 1593/1593 1597/1597 1595/1595
f 1567/1567 1598/1598 1599/1599
f 1521/1521 1482/1482 1600/1600
f 1458/1458 1449/1449 1601/1601
f 1525/1525 1437/1437 1602/1602
f 1437/1437 1555/1555 1602/1602
f 1603/1603 1439/1439 1528/1528
f 1604/1604 1605/1605 1606/1606
f 1562/1562 1561/1561 1607/1607
f 1562/1562 1607/1607 1608/1608
f 1537/1537 1579/1579 1609/1609
f 1610/1610 1611/1611 1580/1580
f 1580/1580 1611/1611 1581/1581
f 1579/1579 1538/1538 1612/1612
f 1538/1538 1583/1583 1612/1612
f 1586/1586 1588/1588 1613/1613
f 1583/1583 1586/1586 1614/1614
f 1614/1614 1586/1586 1613/1613
f 1592/1592 1594/1594 1615/1615
f 1615/1615 1594/1594 1616/1616
f 1615/1615 1616/1616 1617/1617
f 1618/1618 1619/1619 1620/1620
f 1618/1618 1620/1620 1621/1621
f 1599/1599 1598/1598 1622/1622
f 1599/1599 1622/1622 1623/1623
f 1624/1624 1617/1617 1625/1625
f 1625/1625 1617/1617 1626/1626
f 1617/1617 1616/1616 1626/1626
f 1626/1626 1616/1616 1627/1627
f 1594/1594 1595/1595 1628/1628
f 1594/1594 1628/1628 1616/1616
f 1616/1616 1628/1628 1627/1627
f 1627/1627 1628/1628 1629/1629
f 1595/1595 1597/1597 1628/1628
f 1628/1628 1597/1597 1630/1630
f 1628/1628 1630/1630 1631/1631
f 1628/1628 1631/1631 1629/1629
f 1626/1626 1627/1627 1632/1632
f 1632/1632 1627/1627 1633/1633
f 1627/1627 1629/1629 1634/1634
f 1627/1627 1634/1634 1633/1633
f 1629/1629 1631/1631 1635/1635
f 1629/1629 1635/1635 1634/1634
f 1393/1393 1445/1445 1547/1547
f 1329/1329 1374/1374 1549/1549
f 1636/1636 1637/1637 1601/1601
f 1550/1550 1448/1448 1638/1638
f 1601/1601 1449/1449 1639/1639
f 1509/1509 1553/1553 1640/1640
f 1554/1554 1510/1510 1641/1641
f 1385/1385 1525/1525 1524/1524
f 1557/1557 1526/1526 1642/1642
f 1526/1526 1527/1527 1642/1642
f 1439/1439 1603/1603 1643/1643
f 1402/1402 1403/1403 1487/1487
f 1606/1606 1605/1605 1644/1644
f 1488/1488 1473/1473 1645/1645
f 1474/1474 1475/1475 1646/1646
f 1474/1474 1646/1646 1647/1647
f 1513/1513 1461/1461 1648/1648
f 1461/1461 1494/1494 1648/1648
f 1494/1494 1514/1514 1648/1648
f 1534/1534 1495/1495 1649/1649
f 1608/1608 1607/1607 1650/1650
f 1612/1612 1583/1583 1651/1651
f 1583/1583 1614/1614 1651/1651
f 1651/1651 1614/1614 1652/1652
f 1614/1614 1613/1613 1653/1653
f 1614/1614 1653/1653 1652/1652
f 1613/1613 1654/1654 1653/1653
f 1653/1653 1654/1654 1655/1655
f 1652/1652 1653/1653 1656/1656
f 1656/1656 1653/1653 1655/1655
f 1621/1621 1620/1620 1657/1657
f 1657/1657 1658/1658 1659/1659
f 1657/1657 1659/1659 1660/1660
f 1656/1656 1655/1655 1661/1661
f 1661/1661 1655/1655 1662/1662
f 1625/1625 1626/1626 1663/1663
f 1625/1625 1663/1663 1664/1664
f 1626/1626 1632/1632 1663/1663
f 1664/1664 1663/1663 1665/1665
f 1665/1665 1663/1663 1632/1632
f 1660/1660 1659/1659 1666/1666
f 1665/1665 1632/1632 1667/1667
f 1667/1667 1632/1632 1668/1668
f 1632/1632 1633/1633 1668/1668
f 1668/1668 1633/1633 1669/1669
f 1633/1633 1634/1634 1669/1669
f 1669/1669 1634/1634 1670/1670
f 1634/1634 1635/1635 1671/1671
f 1634/1634 1671/1671 1672/1672
f 1634/1634 1672/1672 1670/1670
f 1669/1669 1670/1670 1673/1673
f 1673/1673 1670/1670 1674/1674
f 1670/1670 1672/1672 1675/1675
f 1670/1670 1675/1675 1674/1674
f 1491/1491 1468/1468 1676/1676
f 1468/1468 1570/1570 1676/1676
f 1549/1549 1374/1374 1677/1677
f 1374/1374 1446/1446 1677/1677
f 1677/1677 1446/1446 1678/1678
f 1446/1446 1520/1520 1678/1678
f 1520/1520 1521/1521 1679/1679
f 1636/1636 1601/1601 1680/1680
f 1680/1680 1601/1601 1681/1681
f 1601/1601 1639/1639 1681/1681
f 1639/1639 1449/1449 1573/1573
f 1552/1552 1492/1492 1682/1682
f 1492/1492 1509/1509 1640/1640
f 1510/1510 1683/1683 1641/1641
f 1510/1510 1511/1511 1683/1683
f 1511/1511 1493/1493 1683/1683
f 1493/1493 1512/1512 1575/1575
f 1424/1424 1459/1459 1684/1684
f 1459/1459 1556/1556 1685/1685
f 1486/1486 1450/1450 1686/1686
f 1686/1686 1450/1450 1440/1440
f 1426/1426 1687/1687 1532/1532
f 1688/1688 1650/1650 1689/1689
f 1609/1609 1579/1579 1690/1690
f 1690/1690 1579/1579 1691/1691
f 1579/1579 1612/1612 1691/1691
f 1612/1612 1651/1651 1691/1691
f 1691/1691 1651/1651 1692/1692
f 1651/1651 1652/1652 1692/1692
f 1692/1692 1652/1652 1693/1693
f 1652/1652 1656/1656 1661/1661
f 1652/1652 1661/1661 1693/1693
f 1661/1661 1662/1662 1694/1694
f 1662/1662 1695/1695 1694/1694
f 1694/1694 1695/1695 1696/1696
f 1666/1666 1659/1659 1697/1697
f 1697/1697 1659/1659 1698/1698
f 1697/1697 1698/1698 1699/1699
f 1697/1697 1699/1699 1700/1700
f 1667/1667 1668/1668 1701/1701
f 1701/1701 1668/1668 1702/1702
f 1702/1702 1668/1668 1703/1703
f 1668/1668 1669/1669 1673/1673
f 1668/1668 1673/1673 1703/1703
f 1703/1703 1673/1673 1704/1704
f 1700/1700 1699/1699 1705/1705
f 1700/1700 1705/1705 1706/1706
f 1673/1673 1674/1674 1704/1704
f 1704/1704 1674/1674 1707/1707
f 1674/1674 1675/1675 1707/1707
f 1707/1707 1675/1675 1708/1708
f 1707/1707 1708/1708 1709/1709
f 1709/1709 1708/1708 1710/1710
f 1548/1548 1549/1549 1711/1711
f 1483/1483 1523/1523 1522/1522
f 1639/1639 1573/1573 1712/1712
f 1508/1508 1552/1552 1713/1713
f 1508/1508 1713/1713 1714/1714
f 1552/1552 1682/1682 1713/1713
f 1493/1493 1575/1575 1683/1683
f 1683/1683 1575/1575 1715/1715
f 1573/1573 1551/1551 1716/1716
f 1551/1551 1485/1485 1716/1716
f 1485/1485 1424/1424 1717/1717
f 1439/1439 1643/1643 1527/1527
f 1603/1603 1528/1528 1576/1576
f 1646/1646 1475/1475 1718/1718
f 1475/1475 1531/1531 1532/1532
f 1475/1475 1532/1532 1718/1718
f 1533/1533 1452/1452 1719/1719
f 1452/1452 1578/1578 1720/1720
f 1578/1578 1476/1476 1721/1721
f 1534/1534 1649/1649 1722/1722
f 1723/1723 1724/1724 1725/1725
f 1724/1724 1726/1726 1725/1725
f 1727/1727 1728/1728 1729/1729
f 1729/1729 1728/1728 1730/1730
f 1731/1731 1694/1694 1732/1732
f 1728/1728 1733/1733 1730/1730
f 1694/1694 1696/1696 1734/1734
f 1694/1694 1734/1734 1732/1732
f 1696/1696 1735/1735 1734/1734
f 1734/1734 1735/1735 1736/1736
f 1702/1702 1703/1703 1737/1737
f 1735/1735 1738/1738 1736/1736
f 1703/1703 1704/1704 1739/1739
f 1703/1703 1739/1739 1737/1737
f 1737/1737 1739/1739 1740/1740
f 1740/1740 1739/1739 1741/1741
f 1704/1704 1707/1707 1742/1742
f 1704/1704 1742/1742 1739/1739
f 1707/1707 1709/1709 1742/1742
f 1739/1739 1742/1742 1741/1741
f 1706/1706 1705/1705 1743/1743
f 1743/1743 1705/1705 1744/1744
f 1743/1743 1744/1744 1745/1745
f 1746/1746 1747/1747 1748/1748
f 1547/1547 1445/1445 1749/1749
f 1445/1445 1504/1504 1749/1749
f 1504/1504 1505/1505 1750/1750
f 1682/1682 1492/1492 1751/1751
f 1492/1492 1640/1640 1751/1751
f 1554/1554 1641/1641 1752/1752
f 1574/1574 1524/1524 1753/1753
f 1602/1602 1555/1555 1754/1754
f 1573/1573 1716/1716 1712/1712
f 1716/1716 1485/1485 1717/1717
f 1717/1717 1424/1424 1684/1684
f 1459/1459 1685/1685 1684/1684
f 1440/1440 1529/1529 1755/1755
f 1487/1487 1403/1403 1756/1756
f 1321/1321 1488/1488 1577/1577
f 1476/1476 1513/1513 1721/1721
f 1732/1732 1734/1734 1757/1757
f 1733/1733 1758/1758 1759/1759
f 1734/1734 1736/1736 1760/1760
f 1734/1734 1760/1760 1757/1757
f 1736/1736 1738/1738 1760/1760
f 1760/1760 1738/1738 1761/1761
f 1738/1738 1762/1762 1761/1761
f 1761/1761 1762/1762 1763/1763
f 1503/1503 1547/1547 1764/1764
f 1749/1749 1504/1504 1750/1750
f 1750/1750 1505/1505 1765/1765
f 1506/1506 1491/1491 1766/1766
f 1766/1766 1491/1491 1767/1767
f 1491/1491 1676/1676 1767/1767
f 1570/1570 1548/1548 1711/1711
f 1678/1678 1520/1520 1768/1768
f 1520/1520 1679/1679 1768/1768
f 1680/1680 1681/1681 1769/1769
f 1770/1770 1522/1522 1523/1523
f 1681/1681 1639/1639 1771/1771
f 1553/1553 1554/1554 1772/1772
f 1524/1524 1525/1525 1753/1753
f 1525/1525 1602/1602 1753/1753
f 1712/1712 1716/1716 1773/1773
f 1716/1716 1717/1717 1774/1774
f 1556/1556 1557/1557 1685/1685
f 1557/1557 1642/1642 1775/1775
f 1643/1643 1603/1603 1776/1776
f 1603/1603 1576/1576 1777/1777
f 1576/1576 1486/1486 1777/1777
f 1777/1777 1486/1486 1686/1686
f 1686/1686 1440/1440 1755/1755
f 1530/1530 1487/1487 1778/1778
f 1487/1487 1756/1756 1778/1778
f 1403/1403 1306/1306 1756/1756
f 1306/1306 1577/1577 1756/1756
f 1426/1426 1533/1533 1687/1687
f 1687/1687 1533/1533 1779/1779
f 1533/1533 1719/1719 1779/1779
f 1721/1721 1513/1513 1780/1780
f 1513/1513 1648/1648 1780/1780
f 1648/1648 1514/1514 1781/1781
f 1514/1514 1534/1534 1781/1781
f 1781/1781 1534/1534 1722/1722
f 1495/1495 1462/1462 1649/1649
f 1782/1782 1783/1783 1784/1784
f 1783/1783 1785/1785 1786/1786
f 1787/1787 1788/1788 1789/1789
f 1789/1789 1788/1788 1790/1790
f 1640/1640 1791/1791 1751/1751
f 1640/1640 1553/1553 1791/1791
f 1791/1791 1553/1553 1772/1772
f 1554/1554 1752/1752 1772/1772
f 1752/1752 1641/1641 1792/1792
f 1641/1641 1683/1683 1792/1792
f 1683/1683 1793/1793 1792/1792
f 1575/1575 1574/1574 1715/1715
f 1715/1715 1574/1574 1794/1794
f 1574/1574 1753/1753 1794/1794
f 1773/1773 1716/1716 1774/1774
f 1684/1684 1685/1685 1795/1795
f 1685/1685 1557/1557 1775/1775
f 1603/1603 1777/1777 1776/1776
f 1686/1686 1755/1755 1796/1796
f 1719/1719 1452/1452 1720/1720
f 1578/1578 1721/1721 1720/1720
f 1786/1786 1797/1797 1798/1798
f 1786/1786 1798/1798 1799/1799
f 1711/1711 1549/1549 1800/1800
f 1572/1572 1571/1571 1801/1801
f 1571/1571 1522/1522 1801/1801
f 1550/1550 1638/1638 1802/1802
f 1639/1639 1712/1712 1773/1773
f 1683/1683 1715/1715 1793/1793
f 1794/1794 1753/1753 1803/1803
f 1642/1642 1527/1527 1804/1804
f 1804/1804 1527/1527 1643/1643
f 1755/1755 1529/1529 1805/1805
f 1529/1529 1530/1530 1778/1778
f 1806/1806 1807/1807 1808/1808
f 1809/1809 1808/1808 1807/1807
f 1503/1503 1764/1764 1810/1810
f 1547/1547 1749/1749 1764/1764
f 1570/1570 1711/1711 1800/1800
f 1677/1677 1678/1678 1811/1811
f 1678/1678 1768/1768 1811/1811
f 1770/1770 1523/1523 1812/1812
f 1523/1523 1550/1550 1813/1813
f 1523/1523 1813/1813 1812/1812
f 1550/1550 1802/1802 1813/1813
f 1639/1639 1773/1773 1814/1814
f 1791/1791 1772/1772 1815/1815
f 1815/1815 1772/1772 1816/1816
f 1772/1772 1752/1752 1792/1792
f 1772/1772 1792/1792 1816/1816
f 1793/1793 1715/1715 1817/1817
f 1773/1773 1774/1774 1818/1818
f 1774/1774 1819/1819 1818/1818
f 1774/1774 1717/1717 1819/1819
f 1717/1717 1684/1684 1819/1819
f 1795/1795 1685/1685 1820/1820
f 1685/1685 1821/1821 1820/1820
f 1685/1685 1775/1775 1821/1821
f 1775/1775 1642/1642 1804/1804
f 1643/1643 1776/1776 1822/1822
f 1776/1776 1777/1777 1823/1823
f 1823/1823 1777/1777 1686/1686
f 1686/1686 1796/1796 1824/1824
f 1755/1755 1805/1805 1796/1796
f 1778/1778 1756/1756 1825/1825
f 1756/1756 1826/1826 1825/1825
f 1826/1826 1756/1756 1577/1577
f 1560/1560 1559/1559 1827/1827
f 1720/1720 1721/1721 1828/1828
f 1648/1648 1781/1781 1780/1780
f 1769/1769 1681/1681 1829/1829
f 1522/1522 1770/1770 1801/1801
f 1681/1681 1771/1771 1829/1829
f 1714/1714 1713/1713 1830/1830
f 1713/1713 1682/1682 1830/1830
f 1830/1830 1682/1682 1831/1831
f 1682/1682 1751/1751 1832/1832
f 1682/1682 1832/1832 1831/1831
f 1753/1753 1602/1602 1833/1833
f 1602/1602 1754/1754 1833/1833
f 1529/1529 1778/1778 1805/1805
f 1606/1606 1644/1644 1834/1834
f 1606/1606 1834/1834 1835/1835
f 1577/1577 1488/1488 1836/1836
f 1488/1488 1645/1645 1836/1836
f 1836/1836 1645/1645 1837/1837
f 1647/1647 1646/1646 1838/1838
f 1718/1718 1532/1532 1839/1839
f 1532/1532 1687/1687 1839/1839
f 1780/1780 1781/1781 1840/1840
f 1722/1722 1649/1649 1841/1841
f 1462/1462 1496/1496 1842/1842
f 1843/1843 1844/1844 1845/1845
f 1676/1676 1570/1570 1846/1846
f 1570/1570 1800/1800 1846/1846
f 1549/1549 1677/1677 1811/1811
f 1801/1801 1770/1770 1847/1847
f 1770/1770 1848/1848 1847/1847
f 1770/1770 1812/1812 1848/1848
f 1714/1714 1830/1830 1849/1849
f 1751/1751 1791/1791 1832/1832
f 1792/1792 1793/1793 1850/1850
f 1833/1833 1754/1754 1851/1851
f 1773/1773 1818/1818 1852/1852
f 1684/1684 1795/1795 1853/1853
f 1775/1775 1804/1804 1821/1821
f 1643/1643 1822/1822 1804/1804
f 1838/1838 1646/1646 1854/1854
f 1646/1646 1718/1718 1855/1855
f 1646/1646 1855/1855 1854/1854
f 1718/1718 1839/1839 1855/1855
f 1687/1687 1779/1779 1856/1856
f 1764/1764 1749/1749 1857/1857
f 1749/1749 1750/1750 1857/1857
f 1767/1767 1676/1676 1858/1858
f 1676/1676 1846/1846 1858/1858
f 1811/1811 1768/1768 1859/1859
f 1771/1771 1639/1639 1814/1814
f 1832/1832 1791/1791 1860/1860
f 1791/1791 1815/1815 1860/1860
f 1793/1793 1817/1817 1850/1850
f 1819/1819 1684/1684 1853/1853
f 1776/1776 1823/1823 1822/1822
f 1805/1805 1778/1778 1861/1861
f 1781/1781 1722/1722 1862/1862
f 1750/1750 1765/1765 1863/1863
f 1766/1766 1767/1767 1864/1864
f 1816/1816 1792/1792 1865/1865
f 1792/1792 1866/1866 1865/1865
f 1792/1792 1850/1850 1866/1866
f 1817/1817 1715/1715 1867/1867
f 1715/1715 1794/1794 1867/1867
f 1794/1794 1803/1803 1867/1867
f 1822/1822 1823/1823 1868/1868
f 1796/1796 1805/1805 1869/1869
f 1778/1778 1825/1825 1861/1861
f 1840/1840 1781/1781 1862/1862
f 1722/1722 1841/1841 1862/1862
f 1846/1846 1800/1800 1870/1870
f 1859/1859 1768/1768 1871/1871
f 1769/1769 1829/1829 1872/1872
f 1801/1801 1847/1847 1873/1873
f 1814/1814 1773/1773 1852/1852
f 1818/1818 1819/1819 1874/1874
f 1874/1874 1819/1819 1875/1875
f 1795/1795 1820/1820 1853/1853
f 1821/1821 1804/1804 1876/1876
f 1876/1876 1804/1804 1877/1877
f 1804/1804 1822/1822 1877/1877
f 1823/1823 1686/1686 1878/1878
f 1878/1878 1686/1686 1879/1879
f 1686/1686 1824/1824 1879/1879
f 1824/1824 1796/1796 1880/1880
f 1881/1881 1882/1882 1883/1883
f 1835/1835 1834/1834 1884/1884
f 1719/1719 1720/1720 1885/1885
f 1720/1720 1828/1828 1886/1886
f 1721/1721 1780/1780 1887/1887
f 1800/1800 1549/1549 1870/1870
f 1812/1812 1813/1813 1888/1888
f 1813/1813 1889/1889 1890/1890
f 1813/1813 1890/1890 1888/1888
f 1850/1850 1817/1817 1867/1867
f 1852/1852 1818/1818 1874/1874
f 1819/1819 1853/1853 1875/1875
f 1868/1868 1823/1823 1878/1878
f 1824/1824 1880/1880 1879/1879
f 1796/1796 1869/1869 1880/1880
f 1577/1577 1836/1836 1826/1826
f 1779/1779 1719/1719 1885/1885
f 1885/1885 1720/1720 1886/1886
f 1828/1828 1721/1721 1891/1891
f 1721/1721 1887/1887 1891/1891
f 1780/1780 1840/1840 1887/1887
f 1864/1864 1767/1767 1892/1892
f 1767/1767 1858/1858 1892/1892
f 1870/1870 1549/1549 1893/1893
f 1549/1549 1811/1811 1893/1893
f 1816/1816 1865/1865 1815/1815
f 1875/1875 1853/1853 1894/1894
f 1853/1853 1895/1895 1894/1894
f 1853/1853 1820/1820 1895/1895
f 1820/1820 1821/1821 1896/1896
f 1877/1877 1897/1897 1876/1876
f 1877/1877 1822/1822 1868/1868
f 1869/1869 1805/1805 1898/1898
f 1805/1805 1861/1861 1898/1898
f 1839/1839 1687/1687 1856/1856
f 1828/1828 1891/1891 1886/1886
f 1840/1840 1862/1862 1899/1899
f 1841/1841 1649/1649 1900/1900
f 1649/1649 1462/1462 1900/1900
f 1764/1764 1857/1857 1901/1901
f 1812/1812 1888/1888 1848/1848
f 1832/1832 1860/1860 1902/1902
f 1902/1902 1860/1860 1815/1815
f 1803/1803 1753/1753 1903/1903
f 1852/1852 1904/1904 1905/1905
f 1852/1852 1874/1874 1904/1904
f 1874/1874 1875/1875 1906/1906
f 1895/1895 1820/1820 1896/1896
f 1878/1878 1879/1879 1907/1907
f 1880/1880 1869/1869 1898/1898
f 1898/1898 1861/1861 1825/1825
f 1826/1826 1836/1836 1908/1908
f 1885/1885 1886/1886 1909/1909
f 1857/1857 1750/1750 1910/1910
f 1750/1750 1863/1863 1910/1910
f 1893/1893 1811/1811 1911/1911
f 1811/1811 1859/1859 1911/1911
f 1872/1872 1829/1829 1912/1912
f 1572/1572 1801/1801 1913/1913
f 1829/1829 1771/1771 1914/1914
f 1829/1829 1914/1914 1912/1912
f 1771/1771 1814/1814 1914/1914
f 1814/1814 1852/1852 1914/1914
f 1831/1831 1832/1832 1902/1902
f 1866/1866 1850/1850 1915/1915
f 1867/1867 1803/1803 1903/1903
f 1877/1877 1868/1868 1916/1916
f 1868/1868 1878/1878 1917/1917
f 1917/1917 1878/1878 1907/1907
f 1918/1918 1827/1827 1919/1919
f 1835/1835 1884/1884 1920/1920
f 1835/1835 1920/1920 1921/1921
f 1858/1858 1846/1846 1922/1922
f 1846/1846 1870/1870 1922/1922
f 1914/1914 1852/1852 1905/1905
f 1923/1923 1815/1815 1924/1924
f 1815/1815 1865/1865 1924/1924
f 1865/1865 1925/1925 1924/1924
f 1865/1865 1866/1866 1925/1925
f 1915/1915 1850/1850 1926/1926
f 1904/1904 1874/1874 1906/1906
f 1896/1896 1821/1821 1927/1927
f 1927/1927 1821/1821 1928/1928
f 1821/1821 1876/1876 1928/1928
f 1897/1897 1877/1877 1916/1916
f 1825/1825 1826/1826 1929/1929
f 1854/1854 1855/1855 1930/1930
f 1891/1891 1887/1887 1931/1931
f 1932/1932 1887/1887 1933/1933
f 1887/1887 1840/1840 1933/1933
f 1862/1862 1841/1841 1934/1934
f 1841/1841 1900/1900 1934/1934
f 1857/1857 1910/1910 1901/1901
f 1910/1910 1863/1863 1935/1935
f 1913/1913 1801/1801 1936/1936
f 1801/1801 1873/1873 1936/1936
f 1847/1847 1848/1848 1937/1937
f 1849/1849 1830/1830 1938/1938
f 1830/1830 1831/1831 1939/1939
f 1831/1831 1902/1902 1940/1940
f 1925/1925 1866/1866 1915/1915
f 1850/1850 1867/1867 1926/1926
f 1903/1903 1753/1753 1941/1941
f 1753/1753 1833/1833 1941/1941
f 1897/1897 1916/1916 1942/1942
f 1879/1879 1880/1880 1943/1943
f 1826/1826 1908/1908 1929/1929
f 1918/1918 1919/1919 1944/1944
f 1839/1839 1856/1856 1945/1945
f 1779/1779 1885/1885 1946/1946
f 1886/1886 1891/1891 1909/1909
f 1909/1909 1891/1891 1931/1931
f 1931/1931 1887/1887 1932/1932
f 1840/1840 1899/1899 1933/1933
f 1900/1900 1462/1462 1947/1947
f 1462/1462 1842/1842 1947/1947
f 1947/1947 1842/1842 1948/1948
f 1810/1810 1764/1764 1949/1949
f 1764/1764 1901/1901 1949/1949
f 1864/1864 1892/1892 1950/1950
f 1892/1892 1858/1858 1950/1950
f 1941/1941 1833/1833 1951/1951
f 1833/1833 1851/1851 1951/1951
f 1895/1895 1896/1896 1927/1927
f 1876/1876 1897/1897 1942/1942
f 1880/1880 1898/1898 1943/1943
f 1898/1898 1825/1825 1952/1952
f 1918/1918 1944/1944 1953/1953
f 1908/1908 1836/1836 1954/1954
f 1836/1836 1837/1837 1955/1955
f 1855/1855 1839/1839 1945/1945
f 1856/1856 1779/1779 1956/1956
f 1779/1779 1946/1946 1956/1956
f 1885/1885 1909/1909 1946/1946
f 1899/1899 1862/1862 1934/1934
f 1922/1922 1870/1870 1957/1957
f 1912/1912 1914/1914 1958/1958
f 1914/1914 1905/1905 1958/1958
f 1938/1938 1830/1830 1939/1939
f 1939/1939 1831/1831 1959/1959
f 1831/1831 1940/1940 1959/1959
f 1902/1902 1815/1815 1940/1940
f 1815/1815 1923/1923 1940/1940
f 1924/1924 1925/1925 1960/1960
f 1926/1926 1867/1867 1961/1961
f 1867/1867 1903/1903 1961/1961
f 1894/1894 1895/1895 1927/1927
f 1928/1928 1876/1876 1962/1962
f 1876/1876 1942/1942 1962/1962
f 1931/1931 1932/1932 1933/1933
f 1858/1858 1922/1922 1963/1963
f 1870/1870 1893/1893 1964/1964
f 1870/1870 1964/1964 1957/1957
f 1893/1893 1911/1911 1964/1964
f 1911/1911 1859/1859 1965/1965
f 1859/1859 1871/1871 1965/1965
f 1873/1873 1847/1847 1937/1937
f 1940/1940 1923/1923 1966/1966
f 1915/1915 1926/1926 1967/1967
f 1961/1961 1903/1903 1941/1941
f 1904/1904 1906/1906 1968/1968
f 1906/1906 1875/1875 1894/1894
f 1942/1942 1916/1916 1969/1969
f 1943/1943 1898/1898 1970/1970
f 1952/1952 1825/1825 1929/1929
f 1921/1921 1920/1920 1971/1971
f 1945/1945 1856/1856 1956/1956
f 1909/1909 1931/1931 1972/1972
f 1933/1933 1899/1899 1973/1973
f 1950/1950 1858/1858 1963/1963
f 1888/1888 1890/1890 1974/1974
f 1923/1923 1924/1924 1966/1966
f 1975/1975 1976/1976 1977/1977
f 1970/1970 1898/1898 1952/1952
f 1836/1836 1955/1955 1954/1954
f 1973/1973 1899/1899 1978/1978
f 1899/1899 1934/1934 1978/1978
f 1810/1810 1949/1949 1979/1979
f 1901/1901 1910/1910 1949/1949
f 1949/1949 1910/1910 1935/1935
f 1963/1963 1922/1922 1980/1980
f 1922/1922 1957/1957 1980/1980
f 1872/1872 1912/1912 1981/1981
f 1872/1872 1981/1981 1982/1982
f 1913/1913 1936/1936 1983/1983
f 1937/1937 1848/1848 1984/1984
f 1848/1848 1888/1888 1984/1984
f 1984/1984 1888/1888 1985/1985
f 1888/1888 1974/1974 1985/1985
f 1912/1912 1958/1958 1981/1981
f 1924/1924 1960/1960 1966/1966
f 1915/1915 1967/1967 1986/1986
f 1967/1967 1926/1926 1961/1961
f 1868/1868 1917/1917 1987/1987
f 1908/1908 1954/1954 1929/1929
f 1971/1971 1920/1920 1988/1988
f 1955/1955 1837/1837 1989/1989
f 1838/1838 1854/1854 1990/1990
f 1838/1838 1990/1990 1991/1991
f 1854/1854 1930/1930 1990/1990
f 1930/1930 1855/1855 1992/1992
f 1855/1855 1945/1945 1992/1992
f 1946/1946 1909/1909 1993/1993
f 1993/1993 1909/1909 1972/1972
f 1931/1931 1933/1933 1994/1994
f 1994/1994 1933/1933 1973/1973
f 1900/1900 1947/1947 1995/1995
f 1964/1964 1911/1911 1996/1996
f 1911/1911 1965/1965 1996/1996
f 1936/1936 1873/1873 1997/1997
f 1873/1873 1937/1937 1997/1997
f 1938/1938 1939/1939 1998/1998
f 1939/1939 1959/1959 1998/1998
f 1960/1960 1925/1925 1999/1999
f 1925/1925 1915/1915 1986/1986
f 1961/1961 1941/1941 2000/2000
f 1894/1894 1927/1927 2001/2001
f 1927/1927 1928/1928 2001/2001
f 1928/1928 1962/1962 2002/2002
f 1962/1962 1942/1942 1969/1969
f 1969/1969 1916/1916 2003/2003
f 1916/1916 1868/1868 2003/2003
f 2003/2003 1868/1868 1987/1987
f 1917/1917 1907/1907 1987/1987
f 1907/1907 1879/1879 2004/2004
f 1879/1879 1943/1943 2004/2004
f 2004/2004 1943/1943 2005/2005
f 1943/1943 1970/1970 2005/2005
f 1952/1952 1929/1929 2006/2006
f 1953/1953 1944/1944 2007/2007
f 1978/1978 1934/1934 2008/2008
f 1934/1934 1900/1900 2008/2008
f 2009/2009 1864/1864 2010/2010
f 1864/1864 1950/1950 2010/2010
f 1957/1957 1964/1964 2011/2011
f 1981/1981 1958/1958 2012/2012
f 1958/1958 1905/1905 2012/2012
f 2012/2012 1905/1905 2013/2013
f 1998/1998 1959/1959 2014/2014
f 1959/1959 1940/1940 2014/2014
f 1940/1940 2015/2015 2014/2014
f 1940/1940 1966/1966 2015/2015
f 1960/1960 1999/1999 1966/1966
f 1999/1999 1925/1925 1986/1986
f 1986/1986 1967/1967 2016/2016
f 1967/1967 1961/1961 2016/2016
f 2016/2016 1961/1961 2017/2017
f 1961/1961 2000/2000 2017/2017
f 1941/1941 1951/1951 2018/2018
f 2018/2018 1951/1951 2019/2019
f 1905/1905 1904/1904 2013/2013
f 2013/2013 1904/1904 1968/1968
f 1968/1968 1906/1906 2020/2020
f 2020/2020 1906/1906 2021/2021
f 1906/1906 1894/1894 2021/2021
f 2021/2021 1894/1894 2001/2001
f 2001/2001 1928/1928 2022/2022
f 1928/1928 2002/2002 2022/2022
f 1987/1987 1907/1907 2004/2004
f 1970/1970 1952/1952 2005/2005
f 1945/1945 1956/1956 1992/1992
f 1972/1972 1931/1931 1994/1994
f 1994/1994 1973/1973 2023/2023
f 1995/1995 1947/1947 2024/2024
f 1947/1947 1948/1948 2024/2024
f 1938/1938 1998/1998 2025/2025
f 1999/1999 1986/1986 2026/2026
f 2026/2026 1986/1986 2016/2016
f 2017/2017 2000/2000 2027/2027
f 2000/2000 1941/1941 2018/2018
f 2002/2002 2028/2028 2022/2022
f 1962/1962 2029/2029 2002/2002
f 1962/1962 1969/1969 2029/2029
f 1969/1969 2003/2003 2029/2029
f 1987/1987 2030/2030 2003/2003
f 1987/1987 2004/2004 2030/2030
f 1952/1952 2031/2031 2005/2005
f 2031/2031 1952/1952 2006/2006
f 2007/2007 1944/1944 2032/2032
f 1990/1990 1930/1930 1992/1992
f 1956/1956 1946/1946 2033/2033
f 2033/2033 1946/1946 2034/2034
f 1946/1946 1993/1993 2034/2034
f 1993/1993 2035/2035 2034/2034
f 1993/1993 1972/1972 2035/2035
f 1972/1972 1994/1994 2023/2023
f 1900/1900 1995/1995 2008/2008
f 2024/2024 1948/1948 2036/2036
f 1949/1949 1935/1935 2037/2037
f 1950/1950 1963/1963 2010/2010
f 1963/1963 1980/1980 2010/2010
f 1957/1957 2011/2011 1980/1980
f 2011/2011 1964/1964 2038/2038
f 1964/1964 1996/1996 2038/2038
f 1982/1982 1981/1981 2039/2039
f 1937/1937 1984/1984 1997/1997
f 1981/1981 2012/2012 2039/2039
f 2012/2012 2013/2013 2040/2040
f 2025/2025 1998/1998 2014/2014
f 2015/2015 1966/1966 2041/2041
f 1966/1966 1999/1999 2042/2042
f 1966/1966 2042/2042 2041/2041
f 1999/1999 2026/2026 2042/2042
f 2026/2026 2016/2016 2043/2043
f 2016/2016 2017/2017 2043/2043
f 2043/2043 2017/2017 2027/2027
f 2013/2013 1968/1968 2040/2040
f 1968/1968 2020/2020 2040/2040
f 2040/2040 2020/2020 2044/2044
f 2020/2020 2021/2021 2044/2044
f 2044/2044 2021/2021 2045/2045
f 2021/2021 2001/2001 2045/2045
f 2001/2001 2022/2022 2045/2045
f 2002/2002 2029/2029 2028/2028
f 2028/2028 2029/2029 2046/2046
f 2029/2029 2003/2003 2047/2047
f 2003/2003 2030/2030 2047/2047
f 2004/2004 2005/2005 2030/2030
f 2030/2030 2005/2005 2048/2048
f 2005/2005 2031/2031 2048/2048
f 2031/2031 2006/2006 2049/2049
f 2006/2006 1929/1929 1954/1954
f 1971/1971 1988/1988 2050/2050
f 1954/1954 1955/1955 2051/2051
f 1955/1955 1989/1989 2051/2051
f 1983/1983 1936/1936 2052/2052
f 1936/1936 1997/1997 2052/2052
f 2025/2025 2053/2053 2054/2054
f 2025/2025 2014/2014 2053/2053
f 2027/2027 2000/2000 2055/2055
f 2000/2000 2018/2018 2055/2055
f 2047/2047 2030/2030 2056/2056
f 2031/2031 2049/2049 2057/2057
f 2050/2050 1988/1988 2058/2058
f 1956/1956 2033/2033 1992/1992
f 2035/2035 1972/1972 2059/2059
f 1972/1972 2023/2023 2059/2059
f 2023/2023 1973/1973 2060/2060
f 1973/1973 1978/1978 2060/2060
f 1978/1978 2008/2008 2061/2061
f 2009/2009 2010/2010 2062/2062
f 1980/1980 2011/2011 2038/2038
f 2038/2038 1996/1996 2063/2063
f 1996/1996 1965/1965 2064/2064
f 1996/1996 2064/2064 2063/2063
f 2039/2039 2012/2012 2065/2065
f 2012/2012 2040/2040 2065/2065
f 2054/2054 2053/2053 2066/2066
f 2066/2066 2053/2053 2067/2067
f 2053/2053 2014/2014 2067/2067
f 2014/2014 2015/2015 2068/2068
f 2014/2014 2068/2068 2067/2067
f 2015/2015 2069/2069 2068/2068
f 2068/2068 2069/2069 2070/2070
f 2071/2071 2072/2072 2073/2073
f 2073/2073 2072/2072 2074/2074
f 2015/2015 2041/2041 2069/2069
f 2041/2041 2075/2075 2069/2069
f 2072/2072 2076/2076 2074/2074
f 2074/2074 2076/2076 2077/2077
f 2041/2041 2042/2042 2075/2075
f 2075/2075 2042/2042 2078/2078
f 2076/2076 2079/2079 2077/2077
f 2077/2077 2079/2079 2080/2080
f 2042/2042 2026/2026 2078/2078
f 2026/2026 2043/2043 2078/2078
f 2078/2078 2043/2043 2081/2081
f 2079/2079 2082/2082 2080/2080
f 2080/2080 2082/2082 2083/2083
f 2043/2043 2027/2027 2081/2081
f 2081/2081 2027/2027 2084/2084
f 2085/2085 2086/2086 2087/2087
f 2027/2027 2055/2055 2084/2084
f 2055/2055 2088/2088 2084/2084
f 2086/2086 2089/2089 2090/2090
f 2086/2086 2090/2090 2087/2087
f 2088/2088 2055/2055 2091/2091
f 2089/2089 2092/2092 2093/2093
f 2089/2089 2093/2093 2090/2090
f 2055/2055 2018/2018 2091/2091
f 2018/2018 2019/2019 2091/2091
f 2092/2092 2094/2094 2093/2093
f 2093/2093 2094/2094 2095/2095
f 2087/2087 2090/2090 2096/2096
f 2096/2096 2090/2090 2097/2097
f 2090/2090 2093/2093 2097/2097
f 2097/2097 2093/2093 2098/2098
f 2093/2093 2095/2095 2098/2098
f 2073/2073 2074/2074 2099/2099
f 2099/2099 2074/2074 2100/2100
f 2074/2074 2077/2077 2100/2100
f 2100/2100 2077/2077 2080/2080
f 2080/2080 2083/2083 2101/2101
f 2083/2083 2096/2096 2101/2101
f 2097/2097 2098/2098 2102/2102
f 2102/2102 2098/2098 2103/2103
f 2098/2098 2095/2095 2103/2103
f 2097/2097 2102/2102 2104/2104
f 2103/2103 2095/2095 2105/2105
f 2100/2100 2080/2080 2106/2106
f 2080/2080 2107/2107 2106/2106
f 2080/2080 2101/2101 2107/2107
f 2101/2101 2108/2108 2107/2107
f 2108/2108 2101/2101 2109/2109
f 2101/2101 2096/2096 2109/2109
f 2096/2096 2097/2097 2109/2109
f 2099/2099 2100/2100 2110/2110
f 2108/2108 2109/2109 2111/2111
f 2097/2097 2112/2112 2109/2109
f 2102/2102 2103/2103 2104/2104
f 2099/2099 2110/2110 2113/2113
f 2100/2100 2106/2106 2114/2114
f 2107/2107 2108/2108 2115/2115
f 2097/2097 2104/2104 2112/2112
f 2103/2103 2105/2105 2116/2116
f 2110/2110 2100/2100 2114/2114
f 2114/2114 2106/2106 2117/2117
f 2108/2108 2111/2111 2115/2115
f 2109/2109 2112/2112 2111/2111
f 2112/2112 2104/2104 2118/2118
f 2104/2104 2103/2103 2119/2119
f 2103/2103 2116/2116 2119/2119
f 2113/2113 2110/2110 2120/2120
f 2110/2110 2114/2114 2120/2120
f 2114/2114 2117/2117 2121/2121
f 2106/2106 2107/2107 2117/2117
f 2107/2107 2115/2115 2122/2122
f 2104/2104 2119/2119 2118/2118
f 2119/2119 2116/2116 2123/2123
f 2115/2115 2111/2111 2124/2124
f 2111/2111 2112/2112 2124/2124
f 2120/2120 2114/2114 2125/2125
f 2125/2125 2114/2114 2121/2121
f 2117/2117 2107/2107 2126/2126
f 2107/2107 2122/2122 2126/2126
f 2115/2115 2124/2124 2122/2122
f 2113/2113 2120/2120 2127/2127
f 2124/2124 2112/2112 2128/2128
f 2122/2122 2124/2124 2129/2129
f 2127/2127 2120/2120 2130/2130
f 2125/2125 2121/2121 2131/2131
f 2122/2122 2129/2129 2126/2126
f 2118/2118 2119/2119 2132/2132
f 2129/2129 2124/2124 2128/2128
f 2128/2128 2112/2112 2133/2133
f 2112/2112 2118/2118 2133/2133
f 2118/2118 2132/2132 2133/2133
f 2130/2130 2120/2120 2125/2125
f 2121/2121 2117/2117 2131/2131
f 2131/2131 2117/2117 2134/2134
f 2117/2117 2126/2126 2134/2134
f 2132/2132 2119/2119 2135/2135
f 2119/2119 2123/2123 2135/2135
f 2135/2135 2123/2123 2136/2136
f 2137/2137 2138/2138 2139/2139
f 2137/2137 2139/2139 2140/2140
f 2130/2130 2125/2125 2141/2141
f 2131/2131 2134/2134 2142/2142
f 2126/2126 2129/2129 2143/2143
f 2125/2125 2131/2131 2144/2144
f 2131/2131 2145/2145 2144/2144
f 2131/2131 2142/2142 2145/2145
f 2126/2126 2143/2143 2134/2134
f 2129/2129 2146/2146 2143/2143
f 2129/2129 2147/2147 2146/2146
f 2129/2129 2128/2128 2147/2147
f 2045/2045 2148/2148 2044/2044
f 2134/2134 2143/2143 2149/2149
f 2128/2128 2133/2133 2147/2147
f 2130/2130 2141/2141 2150/2150
f 2147/2147 2133/2133 2151/2151
f 2133/2133 2152/2152 2151/2151
f 2133/2133 2132/2132 2152/2152
f 2141/2141 2125/2125 2144/2144
f 2142/2142 2134/2134 2149/2149
f 2143/2143 2146/2146 2153/2153
f 2142/2142 2149/2149 2145/2145
f 2149/2149 2143/2143 2154/2154
f 2141/2141 2144/2144 2155/2155
f 2144/2144 2145/2145 2156/2156
f 2154/2154 2143/2143 2153/2153
f 2147/2147 2151/2151 2146/2146
f 2140/2140 2139/2139 2157/2157
f 2150/2150 2141/2141 2155/2155
f 2155/2155 2144/2144 2156/2156
f 2145/2145 2149/2149 2156/2156
f 2152/2152 2132/2132 2158/2158
f 2132/2132 2135/2135 2158/2158
f 2045/2045 2022/2022 2148/2148
f 2146/2146 2151/2151 2159/2159
f 2152/2152 2158/2158 2151/2151
f 2135/2135 2136/2136 2160/2160
f 2140/2140 2157/2157 2161/2161
f 2149/2149 2154/2154 2162/2162
f 2154/2154 2153/2153 2162/2162
f 2153/2153 2146/2146 2159/2159
f 2158/2158 2135/2135 2163/2163
f 2135/2135 2160/2160 2163/2163
f 2164/2164 2150/2150 2165/2165
f 2150/2150 2155/2155 2165/2165
f 2155/2155 2156/2156 2166/2166
f 2156/2156 2149/2149 2167/2167
f 2149/2149 2162/2162 2167/2167
f 2165/2165 2155/2155 2168/2168
f 2168/2168 2155/2155 2169/2169
f 2155/2155 2166/2166 2169/2169
f 2166/2166 2156/2156 2170/2170
f 2162/2162 2153/2153 2171/2171
f 2159/2159 2151/2151 2172/2172
f 2172/2172 2151/2151 2158/2158
f 2156/2156 2167/2167 2170/2170
f 2153/2153 2159/2159 2171/2171
f 2022/2022 2028/2028 2148/2148
f 2169/2169 2166/2166 2170/2170
f 2167/2167 2162/2162 2173/2173
f 2162/2162 2171/2171 2174/2174
f 2171/2171 2159/2159 2175/2175
f 2175/2175 2159/2159 2172/2172
f 2167/2167 2176/2176 2170/2170
f 2171/2171 2177/2177 2174/2174
f 2158/2158 2163/2163 2178/2178
f 2148/2148 2028/2028 2046/2046
f 2173/2173 2162/2162 2174/2174
f 2171/2171 2175/2175 2177/2177
f 2175/2175 2172/2172 2179/2179
f 2178/2178 2163/2163 2180/2180
f 2163/2163 2160/2160 2181/2181
f 2163/2163 2181/2181 2180/2180
f 2161/2161 2157/2157 2182/2182
f 2165/2165 2168/2168 2169/2169
f 2167/2167 2173/2173 2176/2176
f 2179/2179 2172/2172 2183/2183
f 2172/2172 2158/2158 2183/2183
f 2170/2170 2176/2176 2184/2184
f 2158/2158 2178/2178 2183/2183
f 2165/2165 2169/2169 2185/2185
f 2170/2170 2184/2184 2169/2169
f 2176/2176 2173/2173 2186/2186
f 2177/2177 2175/2175 2187/2187
f 2175/2175 2179/2179 2187/2187
f 2165/2165 2185/2185 2188/2188
f 2176/2176 2189/2189 2184/2184
f 2189/2189 2176/2176 2186/2186
f 2186/2186 2173/2173 2174/2174
f 2174/2174 2177/2177 2187/2187
f 2190/2190 2179/2179 2191/2191
f 2179/2179 2183/2183 2191/2191
f 2169/2169 2184/2184 2192/2192
f 2182/2182 2157/2157 2193/2193
f 2184/2184 2189/2189 2192/2192
f 2187/2187 2179/2179 2190/2190
f 2187/2187 2190/2190 2194/2194
f 2191/2191 2183/2183 2195/2195
f 2183/2183 2178/2178 2195/2195
f 2185/2185 2169/2169 2196/2196
f 2186/2186 2174/2174 2197/2197
f 2180/2180 2181/2181 2198/2198
f 2182/2182 2193/2193 2199/2199
f 2169/2169 2192/2192 2196/2196
f 2029/2029 2047/2047 2046/2046
f 2189/2189 2186/2186 2197/2197
f 2174/2174 2187/2187 2197/2197
f 2197/2197 2187/2187 2194/2194
f 2196/2196 2192/2192 2200/2200
f 2192/2192 2189/2189 2200/2200
f 2195/2195 2178/2178 2201/2201
f 2178/2178 2180/2180 2201/2201
f 2196/2196 2200/2200 2202/2202
f 2189/2189 2197/2197 2203/2203
f 2203/2203 2197/2197 2204/2204
f 2201/2201 2180/2180 2205/2205
f 2180/2180 2198/2198 2205/2205
f 2195/2195 2201/2201 2206/2206
f 2047/2047 2056/2056 2046/2046
f 2191/2191 2195/2195 2206/2206
f 2207/2207 2185/2185 2208/2208
f 2185/2185 2196/2196 2208/2208
f 2200/2200 2189/2189 2209/2209
f 2189/2189 2203/2203 2209/2209
f 2208/2208 2196/2196 2202/2202
f 2209/2209 2203/2203 2210/2210
f 2194/2194 2190/2190 2211/2211
f 2190/2190 2191/2191 2211/2211
f 2205/2205 2198/2198 2212/2212
f 2199/2199 2193/2193 2213/2213
f 2204/2204 2197/2197 2214/2214
f 2197/2197 2194/2194 2214/2214
f 2213/2213 2193/2193 2215/2215
f 2200/2200 2209/2209 2216/2216
f 2191/2191 2206/2206 2211/2211
f 2206/2206 2201/2201 2217/2217
f 2201/2201 2205/2205 2217/2217
f 2216/2216 2209/2209 2218/2218
f 2209/2209 2210/2210 2218/2218
f 2203/2203 2204/2204 2219/2219
f 2204/2204 2214/2214 2219/2219
f 2210/2210 2203/2203 2220/2220
f 2203/2203 2219/2219 2220/2220
f 2219/2219 2214/2214 2221/2221
f 2221/2221 2214/2214 2222/2222
f 2214/2214 2194/2194 2222/2222
f 2211/2211 2206/2206 2223/2223
f 2202/2202 2200/2200 2224/2224
f 2200/2200 2216/2216 2224/2224
f 2206/2206 2225/2225 2223/2223
f 2206/2206 2217/2217 2225/2225
f 2208/2208 2202/2202 2226/2226
f 2202/2202 2224/2224 2226/2226
f 2220/2220 2219/2219 2221/2221
f 2211/2211 2223/2223 2227/2227
f 2217/2217 2205/2205 2228/2228
f 2205/2205 2212/2212 2228/2228
f 2213/2213 2215/2215 2229/2229
f 2222/2222 2194/2194 2227/2227
f 2194/2194 2211/2211 2227/2227
f 2056/2056 2030/2030 2230/2230
f 2231/2231 2208/2208 2226/2226
f 2216/2216 2218/2218 2232/2232
f 2218/2218 2210/2210 2233/2233
f 2210/2210 2220/2220 2233/2233
f 2227/2227 2223/2223 2234/2234
f 2223/2223 2225/2225 2234/2234
f 2228/2228 2212/2212 2235/2235
f 2216/2216 2232/2232 2224/2224
f 2233/2233 2220/2220 2236/2236
f 2220/2220 2221/2221 2236/2236
f 2225/2225 2217/2217 2237/2237
f 2217/2217 2228/2228 2237/2237
f 2227/2227 2234/2234 2238/2238
f 2226/2226 2224/2224 2239/2239
f 2239/2239 2224/2224 2240/2240
f 2224/2224 2232/2232 2240/2240
f 2236/2236 2221/2221 2241/2241
f 2222/2222 2227/2227 2242/2242
f 2227/2227 2238/2238 2242/2242
f 2231/2231 2226/2226 2239/2239
f 2218/2218 2233/2233 2232/2232
f 2221/2221 2222/2222 2241/2241
f 2232/2232 2233/2233 2243/2243
f 2233/2233 2236/2236 2243/2243
f 2236/2236 2241/2241 2244/2244
f 2222/2222 2242/2242 2241/2241
f 2225/2225 2237/2237 2234/2234
f 2243/2243 2236/2236 2245/2245
f 2228/2228 2235/2235 2246/2246
f 2237/2237 2228/2228 2247/2247
f 2228/2228 2246/2246 2247/2247
f 2230/2230 2030/2030 2248/2248
f 2240/2240 2232/2232 2249/2249
f 2236/2236 2244/2244 2245/2245
f 2234/2234 2237/2237 2250/2250
f 2237/2237 2247/2247 2250/2250
f 2232/2232 2243/2243 2249/2249
f 2241/2241 2242/2242 2244/2244
f 2240/2240 2249/2249 2251/2251
f 2249/2249 2243/2243 2252/2252
f 2243/2243 2245/2245 2252/2252
f 2242/2242 2238/2238 2253/2253
f 2242/2242 2253/2253 2244/2244
f 2238/2238 2234/2234 2254/2254
f 2255/2255 2239/2239 2256/2256
f 2239/2239 2240/2240 2256/2256
f 2240/2240 2251/2251 2256/2256
f 2030/2030 2048/2048 2248/2248
f 2245/2245 2244/2244 2257/2257
f 2254/2254 2234/2234 2258/2258
f 2234/2234 2250/2250 2258/2258
f 2249/2249 2252/2252 2259/2259
f 2245/2245 2257/2257 2252/2252
f 2251/2251 2249/2249 2259/2259
f 2238/2238 2254/2254 2253/2253
f 2255/2255 2256/2256 2260/2260
f 2257/2257 2244/2244 2261/2261
f 2244/2244 2262/2262 2261/2261
f 2244/2244 2253/2253 2262/2262
f 2258/2258 2250/2250 2263/2263
f 2250/2250 2247/2247 2264/2264
f 2250/2250 2264/2264 2263/2263
f 2247/2247 2246/2246 2264/2264
f 2257/2257 2261/2261 2265/2265
f 2248/2248 2048/2048 2057/2057
f 2260/2260 2256/2256 2266/2266
f 2256/2256 2251/2251 2266/2266
f 2259/2259 2252/2252 2265/2265
f 2252/2252 2257/2257 2265/2265
f 2264/2264 2246/2246 2267/2267
f 2265/2265 2261/2261 2268/2268
f 2253/2253 2269/2269 2262/2262
f 2253/2253 2254/2254 2269/2269
f 2259/2259 2265/2265 2270/2270
f 2254/2254 2258/2258 2269/2269
f 2251/2251 2259/2259 2271/2271
f 2271/2271 2259/2259 2270/2270
f 2269/2269 2258/2258 2272/2272
f 2258/2258 2263/2263 2272/2272
f 2048/2048 2031/2031 2057/2057
f 2268/2268 2261/2261 2273/2273
f 2251/2251 2271/2271 2266/2266
f 2261/2261 2262/2262 2273/2273
f 2272/2272 2263/2263 2274/2274
f 2263/2263 2264/2264 2274/2274
f 2270/2270 2265/2265 2275/2275
f 2276/2276 2268/2268 2273/2273
f 2269/2269 2272/2272 2277/2277
f 2265/2265 2268/2268 2276/2276
f 2265/2265 2276/2276 2275/2275
f 2271/2271 2270/2270 2278/2278
f 2276/2276 2273/2273 2279/2279
f 2264/2264 2267/2267 2280/2280
f 2281/2281 2282/2282 2283/2283
f 2266/2266 2271/2271 2284/2284
f 2284/2284 2271/2271 2285/2285
f 2271/2271 2278/2278 2285/2285
f 2278/2278 2270/2270 2275/2275
f 2273/2273 2262/2262 2279/2279
f 2262/2262 2269/2269 2277/2277
f 2286/2286 2284/2284 2287/2287
f 2286/2286 2266/2266 2284/2284
f 2279/2279 2288/2288 2276/2276
f 2279/2279 2262/2262 2288/2288
f 2262/2262 2277/2277 2288/2288
f 2285/2285 2278/2278 2289/2289
f 2278/2278 2275/2275 2290/2290
f 2278/2278 2290/2290 2289/2289
f 2274/2274 2264/2264 2291/2291
f 2264/2264 2280/2280 2291/2291
f 2284/2284 2285/2285 2289/2289
f 2288/2288 2277/2277 2292/2292
f 2277/2277 2272/2272 2292/2292
f 2284/2284 2289/2289 2287/2287
f 2287/2287 2289/2289 2293/2293
f 2289/2289 2290/2290 2293/2293
f 2290/2290 2275/2275 2294/2294
f 2275/2275 2276/2276 2294/2294
f 2276/2276 2295/2295 2294/2294
f 2276/2276 2288/2288 2295/2295
f 2288/2288 2292/2292 2295/2295
f 2291/2291 2280/2280 2296/2296
f 2283/2283 2282/2282 2297/2297
f 2293/2293 2290/2290 2298/2298
f 2287/2287 2293/2293 2299/2299
f 2290/2290 2294/2294 2300/2300
f 2294/2294 2301/2301 2300/2300
f 2294/2294 2295/2295 2301/2301
f 2295/2295 2302/2302 2301/2301
f 2302/2302 2295/2295 2303/2303
f 2295/2295 2292/2292 2303/2303
f 2292/2292 2272/2272 2304/2304
f 2272/2272 2274/2274 2304/2304
f 2274/2274 2291/2291 2304/2304
f 2297/2297 2282/2282 2305/2305
f 2302/2302 2303/2303 2306/2306
f 2292/2292 2304/2304 2303/2303
f 2304/2304 2291/2291 2307/2307
f 2291/2291 2296/2296 2307/2307
f 2006/2006 1954/1954 2049/2049
f 2306/2306 2303/2303 2308/2308
f 2303/2303 2304/2304 2308/2308
f 2308/2308 2304/2304 2309/2309
f 2308/2308 2309/2309 2310/2310
f 2304/2304 2307/2307 2311/2311
f 2304/2304 2311/2311 2309/2309
f 2307/2307 2296/2296 2311/2311
f 2297/2297 2305/2305 2312/2312
f 2312/2312 2305/2305 2313/2313
f 1992/1992 2033/2033 2314/2314
f 2034/2034 2035/2035 2033/2033
f 2059/2059 2023/2023 2060/2060
f 2060/2060 1978/1978 2061/2061
f 2008/2008 1995/1995 2061/2061
f 1979/1979 1949/1949 2315/2315
f 2010/2010 1980/1980 2316/2316
f 2010/2010 2316/2316 2317/2317
f 1980/1980 2038/2038 2316/2316
f 2064/2064 1965/1965 2318/2318
f 1982/1982 2039/2039 2319/2319
f 2320/2320 1997/1997 1984/1984
f 1984/1984 1985/1985 2321/2321
f 2065/2065 2040/2040 2322/2322
f 2067/2067 2323/2323 2066/2066
f 2324/2324 2325/2325 2326/2326
f 2067/2067 2068/2068 2327/2327
f 2067/2067 2327/2327 2323/2323
f 2068/2068 2070/2070 2327/2327
f 2081/2081 2084/2084 2328/2328
f 2084/2084 2329/2329 2328/2328
f 2324/2324 2326/2326 2330/2330
f 2326/2326 2325/2325 2331/2331
f 2325/2325 2332/2332 2333/2333
f 2325/2325 2333/2333 2331/2331
f 2332/2332 2073/2073 2333/2333
f 2071/2071 2073/2073 2332/2332
f 2083/2083 2334/2334 2096/2096
f 2334/2334 2085/2085 2096/2096
f 2085/2085 2087/2087 2096/2096
f 2330/2330 2326/2326 2335/2335
f 2326/2326 2331/2331 2335/2335
f 2333/2333 2073/2073 2099/2099
f 2040/2040 2044/2044 2322/2322
f 2330/2330 2335/2335 2336/2336
f 2335/2335 2331/2331 2336/2336
f 2331/2331 2333/2333 2336/2336
f 2336/2336 2333/2333 2113/2113
f 2333/2333 2099/2099 2113/2113
f 2330/2330 2336/2336 2337/2337
f 2336/2336 2113/2113 2337/2337
f 2337/2337 2113/2113 2338/2338
f 2339/2339 2337/2337 2340/2340
f 2337/2337 2338/2338 2340/2340
f 2338/2338 2113/2113 2341/2341
f 2322/2322 2044/2044 2342/2342
f 2341/2341 2113/2113 2127/2127
f 2339/2339 2340/2340 2343/2343
f 2340/2340 2338/2338 2344/2344
f 2338/2338 2341/2341 2344/2344
f 2341/2341 2127/2127 2130/2130
f 2343/2343 2340/2340 2345/2345
f 2340/2340 2344/2344 2345/2345
f 2344/2344 2341/2341 2346/2346
f 2341/2341 2130/2130 2346/2346
f 2044/2044 2347/2347 2342/2342
f 2044/2044 2148/2148 2347/2347
f 2343/2343 2345/2345 2348/2348
f 2345/2345 2344/2344 2348/2348
f 2346/2346 2130/2130 2150/2150
f 2348/2348 2344/2344 2349/2349
f 2344/2344 2346/2346 2349/2349
f 2346/2346 2150/2150 2349/2349
f 2348/2348 2349/2349 2350/2350
f 2349/2349 2150/2150 2351/2351
f 2350/2350 2349/2349 2352/2352
f 2349/2349 2351/2351 2352/2352
f 2351/2351 2150/2150 2164/2164
f 2353/2353 2350/2350 2354/2354
f 2350/2350 2352/2352 2354/2354
f 2347/2347 2148/2148 2355/2355
f 2355/2355 2148/2148 2356/2356
f 2148/2148 2046/2046 2356/2356
f 2353/2353 2354/2354 2357/2357
f 2356/2356 2046/2046 2358/2358
f 2357/2357 2354/2354 2359/2359
f 2354/2354 2352/2352 2359/2359
f 2164/2164 2165/2165 2188/2188
f 2351/2351 2164/2164 2188/2188
f 2359/2359 2352/2352 2360/2360
f 2352/2352 2351/2351 2360/2360
f 2360/2360 2351/2351 2361/2361
f 2351/2351 2188/2188 2361/2361
f 2357/2357 2359/2359 2362/2362
f 2359/2359 2360/2360 2362/2362
f 2357/2357 2362/2362 2363/2363
f 2361/2361 2188/2188 2185/2185
f 2362/2362 2360/2360 2364/2364
f 2360/2360 2361/2361 2364/2364
f 2361/2361 2185/2185 2207/2207
f 2046/2046 2056/2056 2365/2365
f 2363/2363 2362/2362 2366/2366
f 2362/2362 2364/2364 2366/2366
f 2363/2363 2366/2366 2367/2367
f 2366/2366 2364/2364 2368/2368
f 2364/2364 2361/2361 2368/2368
f 2056/2056 2369/2369 2365/2365
f 2368/2368 2361/2361 2370/2370
f 2361/2361 2207/2207 2370/2370
f 2370/2370 2207/2207 2231/2231
f 2207/2207 2208/2208 2231/2231
f 2367/2367 2366/2366 2371/2371
f 2366/2366 2368/2368 2371/2371
f 2056/2056 2230/2230 2369/2369
f 2367/2367 2371/2371 2372/2372
f 2371/2371 2368/2368 2373/2373
f 2368/2368 2370/2370 2373/2373
f 2371/2371 2373/2373 2374/2374
f 2373/2373 2370/2370 2374/2374
f 2372/2372 2371/2371 2375/2375
f 2375/2375 2371/2371 2376/2376
f 2371/2371 2374/2374 2376/2376
f 2374/2374 2370/2370 2377/2377
f 2370/2370 2231/2231 2377/2377
f 2377/2377 2231/2231 2239/2239
f 2375/2375 2376/2376 2378/2378
f 2377/2377 2239/2239 2255/2255
f 2374/2374 2377/2377 2379/2379
f 2377/2377 2255/2255 2379/2379
f 2378/2378 2376/2376 2380/2380
f 2376/2376 2374/2374 2381/2381
f 2376/2376 2381/2381 2380/2380
f 2374/2374 2379/2379 2381/2381
f 2378/2378 2380/2380 2382/2382
f 2380/2380 2381/2381 2383/2383
f 2381/2381 2379/2379 2383/2383
f 2248/2248 2057/2057 2384/2384
f 2382/2382 2380/2380 2385/2385
f 2383/2383 2379/2379 2386/2386
f 2379/2379 2255/2255 2386/2386
f 2386/2386 2255/2255 2260/2260
f 2385/2385 2380/2380 2387/2387
f 2380/2380 2383/2383 2387/2387
f 2266/2266 2286/2286 2386/2386
f 2266/2266 2386/2386 2260/2260
f 2385/2385 2387/2387 2388/2388
f 2387/2387 2383/2383 2389/2389
f 2383/2383 2386/2386 2390/2390
f 2383/2383 2390/2390 2389/2389
f 2286/2286 2287/2287 2386/2386
f 2386/2386 2287/2287 2390/2390
f 2388/2388 2387/2387 2391/2391
f 2387/2387 2389/2389 2391/2391
f 2287/2287 2392/2392 2390/2390
f 2388/2388 2391/2391 2393/2393
f 2391/2391 2389/2389 2394/2394
f 2389/2389 2390/2390 2394/2394
f 2394/2394 2390/2390 2392/2392
f 2392/2392 2287/2287 2395/2395
f 2394/2394 2392/2392 2396/2396
f 2396/2396 2392/2392 2395/2395
f 2393/2393 2391/2391 2397/2397
f 2391/2391 2394/2394 2397/2397
f 2396/2396 2395/2395 2299/2299
f 2397/2397 2394/2394 2396/2396
f 2396/2396 2299/2299 2398/2398
f 2395/2395 2287/2287 2299/2299
f 2299/2299 2293/2293 2399/2399
f 2399/2399 2293/2293 2298/2298
f 2399/2399 2298/2298 2400/2400
f 2290/2290 2300/2300 2298/2298
f 2298/2298 2300/2300 2400/2400
f 2400/2400 2300/2300 2401/2401
f 2401/2401 2300/2300 2301/2301
f 2397/2397 2396/2396 2402/2402
f 2402/2402 2396/2396 2403/2403
f 2396/2396 2398/2398 2403/2403
f 2398/2398 2299/2299 2404/2404
f 2299/2299 2399/2399 2404/2404
f 2404/2404 2399/2399 2405/2405
f 2405/2405 2399/2399 2400/2400
f 2401/2401 2301/2301 2406/2406
f 2301/2301 2302/2302 2406/2406
f 2302/2302 2306/2306 2308/2308
f 2049/2049 1954/1954 2407/2407
f 2403/2403 2398/2398 2404/2404
f 2404/2404 2405/2405 2408/2408
f 2405/2405 2400/2400 2409/2409
f 2405/2405 2409/2409 2408/2408
f 2400/2400 2401/2401 2409/2409
f 2401/2401 2406/2406 2409/2409
f 2406/2406 2302/2302 2410/2410
f 2302/2302 2308/2308 2410/2410
f 2308/2308 2310/2310 2410/2410
f 1954/1954 2051/2051 2407/2407
f 2051/2051 1989/1989 2411/2411
f 1991/1991 1990/1990 2412/2412
f 1991/1991 2412/2412 2413/2413
f 1990/1990 1992/1992 2414/2414
f 1990/1990 2414/2414 2412/2412
f 1992/1992 2314/2314 2414/2414
f 2314/2314 2033/2033 2415/2415
f 2033/2033 2035/2035 2416/2416
f 2035/2035 2417/2417 2416/2416
f 2035/2035 2059/2059 2417/2417
f 2060/2060 2061/2061 2418/2418
f 2315/2315 1949/1949 2419/2419
f 2010/2010 2317/2317 2420/2420
f 2316/2316 2038/2038 2421/2421
f 2421/2421 2038/2038 2063/2063
f 2319/2319 2039/2039 2422/2422
f 1983/1983 2052/2052 2423/2423
f 2052/2052 1997/1997 2320/2320
f 2039/2039 2065/2065 2424/2424
f 2039/2039 2424/2424 2422/2422
f 2065/2065 2322/2322 2424/2424
f 2424/2424 2322/2322 2425/2425
f 2322/2322 2342/2342 2425/2425
f 2347/2347 2355/2355 2342/2342
f 2046/2046 2426/2426 2358/2358
f 2046/2046 2365/2365 2426/2426
f 2426/2426 2365/2365 2369/2369
f 2369/2369 2230/2230 2427/2427
f 2230/2230 2248/2248 2427/2427
f 2427/2427 2248/2248 2428/2428
f 2248/2248 2384/2384 2428/2428
f 2384/2384 2057/2057 2429/2429
f 2057/2057 2049/2049 2429/2429
f 2049/2049 2430/2430 2429/2429
f 2049/2049 2407/2407 2430/2430
f 2051/2051 2411/2411 2407/2407
f 2415/2415 2033/2033 2416/2416
f 2417/2417 2059/2059 2418/2418
f 2059/2059 2060/2060 2418/2418
f 2418/2418 2061/2061 2431/2431
f 2061/2061 1995/1995 2432/2432
f 1995/1995 2024/2024 2432/2432
f 1949/1949 2037/2037 2419/2419
f 1935/1935 2433/2433 2037/2037
f 2062/2062 2010/2010 2420/2420
f 2317/2317 2316/2316 2434/2434
f 2316/2316 2421/2421 2434/2434
f 2064/2064 2318/2318 2435/2435
f 2319/2319 2422/2422 2436/2436
f 2422/2422 2424/2424 2437/2437
f 2424/2424 2425/2425 2437/2437
f 2425/2425 2438/2438 2437/2437
f 2425/2425 2439/2439 2438/2438
f 2425/2425 2342/2342 2439/2439
f 2439/2439 2342/2342 2440/2440
f 2342/2342 2355/2355 2440/2440
f 2440/2440 2355/2355 2441/2441
f 2355/2355 2356/2356 2441/2441
f 2356/2356 2442/2442 2441/2441
f 2356/2356 2358/2358 2442/2442
f 2358/2358 2426/2426 2442/2442
f 2426/2426 2443/2443 2442/2442
f 2426/2426 2444/2444 2443/2443
f 2426/2426 2369/2369 2444/2444
f 2369/2369 2427/2427 2444/2444
f 2428/2428 2445/2445 2427/2427
f 2445/2445 2428/2428 2446/2446
f 2428/2428 2384/2384 2446/2446
f 2384/2384 2429/2429 2446/2446
f 2430/2430 2407/2407 2447/2447
f 2412/2412 2414/2414 2448/2448
f 2414/2414 2314/2314 2448/2448
f 2415/2415 2449/2449 2314/2314
f 2415/2415 2416/2416 2449/2449
f 2416/2416 2450/2450 2449/2449
f 2450/2450 2416/2416 2451/2451
f 2416/2416 2417/2417 2451/2451
f 2417/2417 2418/2418 2451/2451
f 2451/2451 2418/2418 2452/2452
f 2452/2452 2418/2418 2431/2431
f 2431/2431 2061/2061 2432/2432
f 2024/2024 2036/2036 2453/2453
f 2421/2421 2063/2063 2454/2454
f 2063/2063 2064/2064 2454/2454
f 2064/2064 2435/2435 2454/2454
f 2436/2436 2422/2422 2455/2455
f 2423/2423 2052/2052 2456/2456
f 2423/2423 2456/2456 2457/2457
f 2052/2052 2320/2320 2456/2456
f 2456/2456 2320/2320 2458/2458
f 2320/2320 1984/1984 2458/2458
f 1984/1984 2321/2321 2458/2458
f 1985/1985 1974/1974 2459/2459
f 2422/2422 2437/2437 2455/2455
f 2455/2455 2437/2437 2460/2460
f 2460/2460 2437/2437 2461/2461
f 2437/2437 2438/2438 2462/2462
f 2437/2437 2462/2462 2461/2461
f 2438/2438 2439/2439 2463/2463
f 2438/2438 2463/2463 2462/2462
f 2463/2463 2439/2439 2464/2464
f 2439/2439 2440/2440 2464/2464
f 2440/2440 2441/2441 2464/2464
f 2441/2441 2465/2465 2464/2464
f 2441/2441 2442/2442 2465/2465
f 2442/2442 2466/2466 2465/2465
f 2442/2442 2443/2443 2466/2466
f 2466/2466 2443/2443 2467/2467
f 2443/2443 2444/2444 2467/2467
f 2444/2444 2468/2468 2467/2467
f 2444/2444 2427/2427 2468/2468
f 2468/2468 2427/2427 2469/2469
f 2427/2427 2445/2445 2469/2469
f 2469/2469 2445/2445 2470/2470
f 2445/2445 2446/2446 2470/2470
f 2446/2446 2429/2429 2471/2471
f 2446/2446 2471/2471 2470/2470
f 2429/2429 2430/2430 2471/2471
f 2430/2430 2447/2447 2471/2471
f 2447/2447 2407/2407 2411/2411
f 2314/2314 2449/2449 2448/2448
f 2452/2452 2431/2431 2472/2472
f 2431/2431 2432/2432 2472/2472
f 2472/2472 2432/2432 2453/2453
f 2432/2432 2024/2024 2453/2453
f 1979/1979 2315/2315 2473/2473
f 2474/2474 2475/2475 2476/2476
f 2475/2475 2477/2477 2476/2476
f 2476/2476 2477/2477 2478/2478
f 2478/2478 2477/2477 2479/2479
f 2477/2477 2480/2480 2479/2479
f 2435/2435 2481/2481 2454/2454
f 2435/2435 2482/2482 2481/2481
f 2482/2482 2483/2483 2481/2481
f 2482/2482 2474/2474 2483/2483
f 2482/2482 2484/2484 2474/2474
f 2480/2480 2485/2485 2479/2479
f 2485/2485 2486/2486 2479/2479
f 2485/2485 2487/2487 2486/2486
f 2487/2487 2456/2456 2486/2486
f 2487/2487 2457/2457 2456/2456
f 2321/2321 1985/1985 2488/2488
f 1985/1985 2459/2459 2488/2488
f 2489/2489 2471/2471 2490/2490
f 2471/2471 2447/2447 2490/2490
f 2491/2491 2492/2492 2493/2493
f 2434/2434 2421/2421 2494/2494
f 2421/2421 2454/2454 2494/2494
f 2481/2481 2483/2483 2495/2495
f 2483/2483 2474/2474 2495/2495
f 2495/2495 2474/2474 2496/2496
f 2474/2474 2476/2476 2496/2496
f 2476/2476 2478/2478 2496/2496
f 2496/2496 2478/2478 2497/2497
f 2478/2478 2479/2479 2497/2497
f 2479/2479 2486/2486 2497/2497
f 2497/2497 2486/2486 2498/2498
f 2486/2486 2456/2456 2498/2498
f 2317/2317 2434/2434 2494/2494
f 2494/2494 2454/2454 2499/2499
f 2481/2481 2500/2500 2454/2454
f 2481/2481 2495/2495 2500/2500
f 2500/2500 2495/2495 2501/2501
f 2495/2495 2496/2496 2501/2501
f 2501/2501 2496/2496 2502/2502
f 2502/2502 2496/2496 2503/2503
f 2496/2496 2497/2497 2503/2503
f 2497/2497 2504/2504 2503/2503
f 2497/2497 2505/2505 2504/2504
f 2497/2497 2498/2498 2505/2505
f 2456/2456 2458/2458 2498/2498
f 2458/2458 2321/2321 2488/2488
f 2315/2315 2419/2419 2506/2506
f 2419/2419 2037/2037 2506/2506
f 2037/2037 2433/2433 2506/2506
f 2506/2506 2433/2433 2507/2507
f 2062/2062 2420/2420 2508/2508
f 2062/2062 2508/2508 2509/2509
f 2420/2420 2317/2317 2508/2508
f 2508/2508 2317/2317 2499/2499
f 2317/2317 2494/2494 2499/2499
f 2454/2454 2500/2500 2499/2499
f 2498/2498 2458/2458 2505/2505
f 2473/2473 2315/2315 2510/2510
f 2510/2510 2315/2315 2506/2506
f 2509/2509 2508/2508 2511/2511
f 2509/2509 2511/2511 2512/2512
f 2508/2508 2513/2513 2511/2511
f 2508/2508 2499/2499 2513/2513
f 2499/2499 2514/2514 2513/2513
f 2499/2499 2500/2500 2514/2514
f 2500/2500 2501/2501 2514/2514
f 2514/2514 2501/2501 2515/2515
f 2501/2501 2502/2502 2515/2515
f 2502/2502 2516/2516 2515/2515
f 2502/2502 2503/2503 2516/2516
f 2503/2503 2504/2504 2517/2517
f 2503/2503 2517/2517 2516/2516
f 2517/2517 2504/2504 2518/2518
f 2504/2504 2505/2505 2518/2518
f 2518/2518 2505/2505 2519/2519
f 2505/2505 2458/2458 2519/2519
f 2458/2458 2488/2488 2519/2519
f 2519/2519 2488/2488 2520/2520
f 2488/2488 2459/2459 2520/2520
f 2520/2520 2459/2459 2521/2521
f 2506/2506 2522/2522 2510/2510
f 2506/2506 2507/2507 2522/2522
f 2511/2511 2513/2513 2523/2523
f 2523/2523 2513/2513 2524/2524
f 2513/2513 2514/2514 2524/2524
f 2514/2514 2525/2525 2524/2524
f 2525/2525 2514/2514 2526/2526
f 2514/2514 2515/2515 2526/2526
f 2515/2515 2527/2527 2526/2526
f 2515/2515 2516/2516 2527/2527
f 2527/2527 2516/2516 2528/2528
f 2516/2516 2517/2517 2528/2528
f 2517/2517 2518/2518 2528/2528
f 2528/2528 2518/2518 2529/2529
f 2518/2518 2530/2530 2529/2529
f 2518/2518 2519/2519 2530/2530
f 2519/2519 2520/2520 2531/2531
f 2519/2519 2531/2531 2530/2530
f 2520/2520 2521/2521 2531/2531
f 71/71 69/69 84/84
f 2532/2532 2533/2533 9/9
f 9/9 2533/2533 11/11
f 2533/2533 2534/2534 11/11
f 11/11 2534/2534 13/13
f 2534/2534 2535/2535 13/13
f 2535/2535 2536/2536 13/13
f 13/13 2536/2536 2537/2537
f 2536/2536 2538/2538 2537/2537
f 2537/2537 2538/2538 2539/2539
f 2538/2538 2540/2540 2541/2541
f 2538/2538 2541/2541 2539/2539
f 2540/2540 2542/2542 2541/2541
f 43/43 2543/2543 44/44
f 2543/2543 72/72 44/44
f 2544/2544 2545/2545 2546/2546
f 2547/2547 2548/2548 9/9
f 2548/2548 2549/2549 2532/2532
f 2548/2548 2532/2532 9/9
f 2550/2550 2533/2533 2532/2532
f 2533/2533 2551/2551 2534/2534
f 2552/2552 2536/2536 2535/2535
f 2536/2536 2553/2553 2538/2538
f 2553/2553 2554/2554 2538/2538
f 2554/2554 2555/2555 2538/2538
f 2555/2555 2556/2556 2538/2538
f 2556/2556 2540/2540 2538/2538
f 2557/2557 2558/2558 2542/2542
f 2542/2542 2558/2558 2559/2559
f 2558/2558 2560/2560 2559/2559
f 2559/2559 2560/2560 2561/2561
f 2562/2562 2563/2563 43/43
f 43/43 2563/2563 2543/2543
f 2563/2563 2564/2564 2543/2543
f 2543/2543 2564/2564 72/72
f 2564/2564 131/131 72/72
f 2549/2549 2550/2550 2532/2532
f 2550/2550 2551/2551 2533/2533
f 2534/2534 2552/2552 2535/2535
f 2556/2556 2565/2565 2540/2540
f 2565/2565 2542/2542 2540/2540
f 2565/2565 2557/2557 2542/2542
f 2566/2566 2548/2548 2547/2547
f 2551/2551 2567/2567 2534/2534
f 2567/2567 2552/2552 2534/2534
f 2568/2568 2536/2536 2552/2552
f 2568/2568 2569/2569 2536/2536
f 2536/2536 2569/2569 2553/2553
f 2553/2553 2570/2570 2554/2554
f 2570/2570 2555/2555 2554/2554
f 2570/2570 2571/2571 2555/2555
f 2555/2555 2571/2571 2556/2556
f 2571/2571 2565/2565 2556/2556
f 2572/2572 2573/2573 2565/2565
f 2565/2565 2573/2573 2557/2557
f 2573/2573 2574/2574 2557/2557
f 2557/2557 2574/2574 2558/2558
f 2574/2574 2560/2560 2558/2558
f 2549/2549 2575/2575 2550/2550
f 2575/2575 2576/2576 2550/2550
f 2576/2576 2551/2551 2550/2550
f 2567/2567 2568/2568 2552/2552
f 2572/2572 2565/2565 2571/2571
f 2577/2577 2564/2564 2563/2563
f 2548/2548 2575/2575 2549/2549
f 2576/2576 2567/2567 2551/2551
f 2578/2578 2568/2568 2567/2567
f 2569/2569 2579/2579 2553/2553
f 2579/2579 2570/2570 2553/2553
f 2566/2566 2575/2575 2548/2548
f 2580/2580 2576/2576 2575/2575
f 2580/2580 2581/2581 2576/2576
f 2576/2576 2581/2581 2567/2567
f 2581/2581 2578/2578 2567/2567
f 2578/2578 2582/2582 2568/2568
f 2582/2582 2569/2569 2568/2568
f 2579/2579 2583/2583 2570/2570
f 2572/2572 2584/2584 2573/2573
f 2573/2573 2585/2585 2574/2574
f 2585/2585 2560/2560 2574/2574
f 2586/2586 2580/2580 2575/2575
f 2583/2583 2587/2587 2570/2570
f 2570/2570 2587/2587 2571/2571
f 2577/2577 2588/2588 2564/2564
f 2588/2588 131/131 2564/2564
f 2589/2589 2569/2569 2582/2582
f 2569/2569 2589/2589 2579/2579
f 2590/2590 2591/2591 2572/2572
f 2590/2590 2572/2572 2571/2571
f 2591/2591 2584/2584 2572/2572
f 2585/2585 2592/2592 2560/2560
f 2593/2593 2563/2563 2562/2562
f 2588/2588 138/138 131/131
f 2594/2594 2586/2586 2575/2575
f 2594/2594 2575/2575 2566/2566
f 2595/2595 2596/2596 2580/2580
f 2596/2596 2581/2581 2580/2580
f 2589/2589 2597/2597 2579/2579
f 2579/2579 2597/2597 2583/2583
f 2598/2598 2587/2587 2583/2583
f 2599/2599 2571/2571 2587/2587
f 2599/2599 2590/2590 2571/2571
f 2584/2584 2585/2585 2573/2573
f 2600/2600 138/138 2588/2588
f 2586/2586 2595/2595 2580/2580
f 2601/2601 2602/2602 2578/2578
f 2578/2578 2602/2602 2582/2582
f 2602/2602 2603/2603 2582/2582
f 2603/2603 2589/2589 2582/2582
f 2604/2604 2597/2597 2589/2589
f 2597/2597 2598/2598 2583/2583
f 2598/2598 2599/2599 2587/2587
f 2605/2605 2591/2591 2590/2590
f 2606/2606 2592/2592 2585/2585
f 2581/2581 2601/2601 2578/2578
f 2599/2599 2605/2605 2590/2590
f 2591/2591 2607/2607 2584/2584
f 2584/2584 2606/2606 2585/2585
f 2563/2563 2608/2608 2577/2577
f 2608/2608 620/620 2577/2577
f 2577/2577 620/620 2588/2588
f 2596/2596 2609/2609 2581/2581
f 2610/2610 2601/2601 2581/2581
f 2589/2589 2603/2603 2604/2604
f 2611/2611 2599/2599 2598/2598
f 2612/2612 2606/2606 2584/2584
f 2593/2593 2608/2608 2563/2563
f 620/620 622/622 2588/2588
f 622/622 2600/2600 2588/2588
f 2613/2613 2614/2614 2615/2615
f 445/445 447/447 203/203
f 461/461 204/204 203/203
f 2616/2616 2617/2617 2618/2618
f 2618/2618 2617/2617 2619/2619
f 2617/2617 2620/2620 2619/2619
f 2619/2619 2620/2620 2621/2621
f 2620/2620 2622/2622 2621/2621
f 2620/2620 2623/2623 2622/2622
f 2623/2623 314/314 2622/2622
f 2623/2623 315/315 314/314
f 340/340 2624/2624 352/352
f 2624/2624 2625/2625 352/352
f 2625/2625 2626/2626 352/352
f 2625/2625 2627/2627 2626/2626
f 2627/2627 2628/2628 2626/2626
f 2628/2628 2629/2629 2626/2626
f 2626/2626 2629/2629 2630/2630
f 2629/2629 2631/2631 2630/2630
f 2632/2632 2586/2586 2594/2594
f 2609/2609 2610/2610 2581/2581
f 2603/2603 2633/2633 2604/2604
f 2604/2604 2633/2633 2597/2597
f 2633/2633 2634/2634 2597/2597
f 2634/2634 2598/2598 2597/2597
f 2607/2607 2612/2612 2584/2584
f 2635/2635 2592/2592 2606/2606
f 2613/2613 2636/2636 2614/2614
f 2636/2636 2637/2637 2614/2614
f 2614/2614 2637/2637 2616/2616
f 2637/2637 2638/2638 2616/2616
f 2638/2638 2617/2617 2616/2616
f 2617/2617 2639/2639 2620/2620
f 2620/2620 2640/2640 2623/2623
f 2640/2640 315/315 2623/2623
f 2640/2640 318/318 315/315
f 318/318 2641/2641 340/340
f 2641/2641 2624/2624 340/340
f 2642/2642 2624/2624 2641/2641
f 2643/2643 2631/2631 2629/2629
f 2643/2643 2644/2644 2631/2631
f 2632/2632 2645/2645 2586/2586
f 2609/2609 2646/2646 2610/2610
f 2611/2611 2605/2605 2599/2599
f 2636/2636 2647/2647 2637/2637
f 2647/2647 2638/2638 2637/2637
f 2638/2638 2648/2648 2617/2617
f 2648/2648 2649/2649 2617/2617
f 2649/2649 2639/2639 2617/2617
f 2639/2639 2650/2650 2620/2620
f 2650/2650 2640/2640 2620/2620
f 2650/2650 2651/2651 2640/2640
f 2640/2640 2651/2651 318/318
f 2651/2651 2652/2652 318/318
f 318/318 2652/2652 2641/2641
f 2652/2652 2653/2653 2641/2641
f 2653/2653 2642/2642 2641/2641
f 2624/2624 2642/2642 2625/2625
f 2654/2654 2642/2642 2653/2653
f 2655/2655 2642/2642 2654/2654
f 2642/2642 2627/2627 2625/2625
f 2642/2642 2655/2655 2627/2627
f 2655/2655 2628/2628 2627/2627
f 2655/2655 2656/2656 2628/2628
f 2656/2656 2655/2655 2657/2657
f 2656/2656 2629/2629 2628/2628
f 2629/2629 2658/2658 2643/2643
f 2645/2645 2595/2595 2586/2586
f 2634/2634 2659/2659 2598/2598
f 2659/2659 2611/2611 2598/2598
f 2660/2660 2607/2607 2605/2605
f 2605/2605 2607/2607 2591/2591
f 2612/2612 2635/2635 2606/2606
f 2661/2661 2636/2636 2613/2613
f 2662/2662 2663/2663 2664/2664
f 2662/2662 2665/2665 2663/2663
f 2665/2665 2666/2666 2667/2667
f 2665/2665 2667/2667 2663/2663
f 2667/2667 2666/2666 2668/2668
f 2666/2666 2669/2669 2668/2668
f 2669/2669 2670/2670 2668/2668
f 2671/2671 2672/2672 2673/2673
f 2672/2672 2674/2674 2673/2673
f 2674/2674 2675/2675 2673/2673
f 2676/2676 572/572 571/571
f 2677/2677 2678/2678 572/572
f 572/572 2678/2678 574/574
f 2678/2678 2664/2664 574/574
f 2678/2678 2679/2679 2664/2664
f 2679/2679 2662/2662 2664/2664
f 2679/2679 2680/2680 2662/2662
f 2680/2680 2665/2665 2662/2662
f 2680/2680 2681/2681 2665/2665
f 2681/2681 2666/2666 2665/2665
f 2681/2681 2682/2682 2666/2666
f 2682/2682 2669/2669 2666/2666
f 2682/2682 2683/2683 2669/2669
f 2669/2669 2683/2683 2670/2670
f 2683/2683 2684/2684 2671/2671
f 2683/2683 2671/2671 2670/2670
f 2671/2671 2684/2684 2672/2672
f 2647/2647 2685/2685 2638/2638
f 2674/2674 2686/2686 2675/2675
f 2676/2676 2677/2677 572/572
f 2682/2682 2687/2687 2683/2683
f 2676/2676 2688/2688 2677/2677
f 2688/2688 2689/2689 2677/2677
f 2677/2677 2689/2689 2678/2678
f 2689/2689 2679/2679 2678/2678
f 2689/2689 2690/2690 2679/2679
f 2690/2690 2691/2691 2679/2679
f 2679/2679 2691/2691 2680/2680
f 2691/2691 2692/2692 2680/2680
f 2692/2692 2681/2681 2680/2680
f 2692/2692 2693/2693 2681/2681
f 2681/2681 2693/2693 2682/2682
f 2693/2693 2687/2687 2682/2682
f 2685/2685 2694/2694 2638/2638
f 2695/2695 2688/2688 2676/2676
f 2696/2696 2695/2695 2676/2676
f 2689/2689 2697/2697 2690/2690
f 2697/2697 2698/2698 2690/2690
f 2690/2690 2698/2698 2691/2691
f 2698/2698 2699/2699 2691/2691
f 2699/2699 2700/2700 2691/2691
f 2691/2691 2700/2700 2692/2692
f 2692/2692 2701/2701 2693/2693
f 2694/2694 2648/2648 2638/2638
f 2702/2702 2701/2701 2692/2692
f 2697/2697 2703/2703 2698/2698
f 2700/2700 2702/2702 2692/2692
f 2688/2688 2704/2704 2689/2689
f 2696/2696 2705/2705 2695/2695
f 2705/2705 2706/2706 2688/2688
f 2705/2705 2688/2688 2695/2695
f 2706/2706 2704/2704 2688/2688
f 2689/2689 2704/2704 2697/2697
f 2707/2707 2705/2705 2696/2696
f 2704/2704 2703/2703 2697/2697
f 2703/2703 2699/2699 2698/2698
f 2699/2699 2708/2708 2700/2700
f 2708/2708 2702/2702 2700/2700
f 2709/2709 2701/2701 2702/2702
f 2703/2703 2708/2708 2699/2699
f 2709/2709 2710/2710 2701/2701
f 2711/2711 2708/2708 2703/2703
f 2708/2708 2712/2712 2702/2702
f 2712/2712 2713/2713 2702/2702
f 2702/2702 2713/2713 2709/2709
f 2703/2703 2714/2714 2711/2711
f 2711/2711 2712/2712 2708/2708
f 2713/2713 2710/2710 2709/2709
f 2704/2704 2714/2714 2703/2703
f 2713/2713 2715/2715 2710/2710
f 2707/2707 2716/2716 2705/2705
f 2716/2716 2706/2706 2705/2705
f 2717/2717 2716/2716 2707/2707
f 2714/2714 2718/2718 2711/2711
f 2718/2718 2719/2719 2711/2711
f 2711/2711 2719/2719 2712/2712
f 2719/2719 2713/2713 2712/2712
f 2715/2715 2720/2720 2710/2710
f 2716/2716 2721/2721 2706/2706
f 2722/2722 2715/2715 2713/2713
f 2721/2721 2723/2723 2704/2704
f 2721/2721 2704/2704 2706/2706
f 2723/2723 2714/2714 2704/2704
f 2719/2719 2722/2722 2713/2713
f 2717/2717 2724/2724 2716/2716
f 2718/2718 2725/2725 2719/2719
f 2725/2725 2722/2722 2719/2719
f 2724/2724 2721/2721 2716/2716
f 2723/2723 2726/2726 2714/2714
f 2726/2726 2718/2718 2714/2714
f 2722/2722 2727/2727 2715/2715
f 2727/2727 2720/2720 2715/2715
f 2728/2728 2723/2723 2721/2721
f 2726/2726 2729/2729 2718/2718
f 2729/2729 2725/2725 2718/2718
f 2730/2730 2727/2727 2722/2722
f 2731/2731 2721/2721 2724/2724
f 2731/2731 2728/2728 2721/2721
f 2732/2732 2726/2726 2723/2723
f 2727/2727 2733/2733 2720/2720
f 2728/2728 2732/2732 2723/2723
f 2717/2717 2734/2734 2724/2724
f 2734/2734 2731/2731 2724/2724
f 2735/2735 2734/2734 2717/2717
f 2725/2725 2730/2730 2722/2722
f 2726/2726 2736/2736 2729/2729
f 2730/2730 2737/2737 2727/2727
f 2731/2731 2732/2732 2728/2728
f 2732/2732 2736/2736 2726/2726
f 2736/2736 2738/2738 2729/2729
f 2729/2729 2738/2738 2725/2725
f 2738/2738 2730/2730 2725/2725
f 2738/2738 2737/2737 2730/2730
f 2737/2737 2733/2733 2727/2727
f 2739/2739 2740/2740 2732/2732
f 2740/2740 2736/2736 2732/2732
f 2734/2734 2741/2741 2731/2731
f 2741/2741 2739/2739 2731/2731
f 2731/2731 2739/2739 2732/2732
f 2736/2736 2742/2742 2738/2738
f 2743/2743 2744/2744 2737/2737
f 2744/2744 2733/2733 2737/2737
f 2740/2740 2745/2745 2736/2736
f 2745/2745 2742/2742 2736/2736
f 2735/2735 2746/2746 2734/2734
f 2746/2746 2741/2741 2734/2734
f 2742/2742 2747/2747 2738/2738
f 2738/2738 2747/2747 2737/2737
f 2744/2744 2748/2748 2733/2733
f 2747/2747 2743/2743 2737/2737
f 2749/2749 2744/2744 2743/2743
f 2747/2747 2749/2749 2743/2743
f 2750/2750 2746/2746 2735/2735
f 2751/2751 2740/2740 2739/2739
f 2751/2751 2745/2745 2740/2740
f 2744/2744 2752/2752 2748/2748
f 2745/2745 2753/2753 2742/2742
f 2753/2753 2747/2747 2742/2742
f 2753/2753 2749/2749 2747/2747
f 2754/2754 2744/2744 2749/2749
f 2754/2754 2752/2752 2744/2744
f 2741/2741 2755/2755 2739/2739
f 2755/2755 2751/2751 2739/2739
f 2753/2753 2756/2756 2749/2749
f 2756/2756 2754/2754 2749/2749
f 2754/2754 2757/2757 2752/2752
f 2750/2750 2758/2758 2746/2746
f 2759/2759 2745/2745 2751/2751
f 2759/2759 2760/2760 2745/2745
f 2760/2760 2753/2753 2745/2745
f 2760/2760 2761/2761 2753/2753
f 2761/2761 2756/2756 2753/2753
f 2756/2756 2762/2762 2754/2754
f 2762/2762 2757/2757 2754/2754
f 2755/2755 2763/2763 2751/2751
f 2763/2763 2759/2759 2751/2751
f 2757/2757 597/597 2752/2752
f 2758/2758 2741/2741 2746/2746
f 2764/2764 2760/2760 2759/2759
f 2758/2758 2765/2765 2741/2741
f 2765/2765 2766/2766 2755/2755
f 2765/2765 2755/2755 2741/2741
f 2766/2766 2763/2763 2755/2755
f 2764/2764 2767/2767 2760/2760
f 2767/2767 2761/2761 2760/2760
f 2757/2757 595/595 597/597
f 2768/2768 2758/2758 2750/2750
f 2766/2766 2759/2759 2763/2763
f 2761/2761 2769/2769 2756/2756
f 2769/2769 2770/2770 2756/2756
f 2770/2770 2762/2762 2756/2756
f 2762/2762 595/595 2757/2757
f 2770/2770 595/595 2762/2762
f 2766/2766 2771/2771 2759/2759
f 2771/2771 2764/2764 2759/2759
f 2767/2767 2769/2769 2761/2761
f 2772/2772 596/596 595/595
f 2773/2773 2771/2771 2766/2766
f 2774/2774 2775/2775 2767/2767
f 2774/2774 2767/2767 2764/2764
f 2776/2776 595/595 2770/2770
f 2765/2765 2773/2773 2766/2766
f 2771/2771 2774/2774 2764/2764
f 2767/2767 2775/2775 2769/2769
f 2777/2777 2776/2776 2770/2770
f 2776/2776 2772/2772 595/595
f 2775/2775 2778/2778 2769/2769
f 2778/2778 2779/2779 2769/2769
f 2769/2769 2779/2779 2770/2770
f 2779/2779 2777/2777 2770/2770
f 2780/2780 2758/2758 2768/2768
f 2777/2777 2781/2781 2776/2776
f 2781/2781 2772/2772 2776/2776
f 2782/2782 2765/2765 2758/2758
f 2765/2765 2783/2783 2773/2773
f 2780/2780 2782/2782 2758/2758
f 2782/2782 2783/2783 2765/2765
f 2773/2773 2784/2784 2771/2771
f 2781/2781 596/596 2772/2772
f 2785/2785 2781/2781 2777/2777
f 2783/2783 2784/2784 2773/2773
f 2784/2784 2786/2786 2771/2771
f 2786/2786 2774/2774 2771/2771
f 2786/2786 2787/2787 2774/2774
f 2787/2787 2775/2775 2774/2774
f 2787/2787 2778/2778 2775/2775
f 2779/2779 2785/2785 2777/2777
f 2788/2788 2783/2783 2782/2782
f 2783/2783 2789/2789 2784/2784
f 2789/2789 2790/2790 2784/2784
f 2790/2790 2786/2786 2784/2784
f 2791/2791 2782/2782 2780/2780
f 2785/2785 2792/2792 2781/2781
f 2792/2792 596/596 2781/2781
f 2792/2792 2793/2793 596/596
f 2790/2790 2794/2794 2786/2786
f 2786/2786 2794/2794 2787/2787
f 2789/2789 2795/2795 2790/2790
f 2778/2778 2796/2796 2779/2779
f 2779/2779 2797/2797 2785/2785
f 2785/2785 2798/2798 2792/2792
f 2791/2791 2788/2788 2782/2782
f 2796/2796 2797/2797 2779/2779
f 2797/2797 2798/2798 2785/2785
f 2792/2792 598/598 2793/2793
f 2795/2795 2794/2794 2790/2790
f 2794/2794 2778/2778 2787/2787
f 2799/2799 2797/2797 2796/2796
f 2788/2788 2800/2800 2783/2783
f 2800/2800 2789/2789 2783/2783
f 2801/2801 2799/2799 2796/2796
f 2801/2801 2796/2796 2778/2778
f 2797/2797 2802/2802 2798/2798
f 2798/2798 599/599 2792/2792
f 599/599 598/598 2792/2792
f 2800/2800 2795/2795 2789/2789
f 2795/2795 2801/2801 2794/2794
f 2801/2801 2778/2778 2794/2794
f 2800/2800 2803/2803 2795/2795
f 2804/2804 2801/2801 2795/2795
f 2791/2791 2805/2805 2788/2788
f 2805/2805 2800/2800 2788/2788
f 2803/2803 2804/2804 2795/2795
f 2806/2806 2798/2798 2802/2802
f 2807/2807 2808/2808 2801/2801
f 2808/2808 2799/2799 2801/2801
f 2806/2806 599/599 2798/2798
f 2800/2800 2809/2809 2803/2803
f 2808/2808 2810/2810 2799/2799
f 2810/2810 2797/2797 2799/2799
f 2797/2797 2806/2806 2802/2802
f 2805/2805 2811/2811 2800/2800
f 2811/2811 2809/2809 2800/2800
f 2804/2804 2807/2807 2801/2801
f 2810/2810 2812/2812 2797/2797
f 2812/2812 2806/2806 2797/2797
f 2809/2809 2813/2813 2803/2803
f 2813/2813 2804/2804 2803/2803
f 2806/2806 2814/2814 599/599
f 2814/2814 601/601 599/599
f 2815/2815 2808/2808 2807/2807
f 2816/2816 2817/2817 2791/2791
f 2791/2791 2817/2817 2805/2805
f 2817/2817 2811/2811 2805/2805
f 2808/2808 2818/2818 2810/2810
f 2812/2812 2814/2814 2806/2806
f 2815/2815 2818/2818 2808/2808
f 2818/2818 2819/2819 2810/2810
f 2819/2819 2812/2812 2810/2810
f 602/602 601/601 2814/2814
f 2811/2811 2813/2813 2809/2809
f 2820/2820 2804/2804 2813/2813
f 2820/2820 2821/2821 2804/2804
f 2821/2821 2807/2807 2804/2804
f 2807/2807 2821/2821 2815/2815
f 2816/2816 2822/2822 2817/2817
f 2822/2822 2823/2823 2817/2817
f 2823/2823 2811/2811 2817/2817
f 2819/2819 2824/2824 2812/2812
f 2824/2824 602/602 2814/2814
f 2824/2824 2814/2814 2812/2812
f 2825/2825 2824/2824 2819/2819
f 2821/2821 2826/2826 2815/2815
f 2826/2826 2818/2818 2815/2815
f 2818/2818 2827/2827 2819/2819
f 2827/2827 2825/2825 2819/2819
f 2825/2825 2828/2828 2824/2824
f 2826/2826 2827/2827 2818/2818
f 2829/2829 2822/2822 2816/2816
f 2811/2811 2830/2830 2813/2813
f 2830/2830 2820/2820 2813/2813
f 2828/2828 602/602 2824/2824
f 2823/2823 2831/2831 2811/2811
f 2831/2831 2830/2830 2811/2811
f 2830/2830 2832/2832 2820/2820
f 2820/2820 2832/2832 2821/2821
f 2826/2826 2833/2833 2827/2827
f 2828/2828 603/603 602/602
f 2832/2832 2833/2833 2821/2821
f 2821/2821 2833/2833 2826/2826
f 2827/2827 2834/2834 2825/2825
f 2834/2834 2828/2828 2825/2825
f 2822/2822 2835/2835 2823/2823
f 2835/2835 2831/2831 2823/2823
f 2836/2836 2832/2832 2830/2830
f 2832/2832 2836/2836 2833/2833
f 2833/2833 2834/2834 2827/2827
f 2829/2829 2837/2837 2822/2822
f 2837/2837 2835/2835 2822/2822
f 2834/2834 607/607 2828/2828
f 607/607 603/603 2828/2828
f 607/607 605/605 603/603
f 2835/2835 2838/2838 2831/2831
f 2838/2838 2830/2830 2831/2831
f 2838/2838 2836/2836 2830/2830
f 2836/2836 2839/2839 2833/2833
f 2839/2839 2834/2834 2833/2833
f 2834/2834 2840/2840 607/607
f 2841/2841 2837/2837 2829/2829
f 2838/2838 2842/2842 2836/2836
f 2843/2843 608/608 607/607
f 2654/2654 2657/2657 2655/2655
f 2842/2842 2839/2839 2836/2836
f 2840/2840 2843/2843 607/607
f 2839/2839 2844/2844 2834/2834
f 2844/2844 2845/2845 2834/2834
f 2834/2834 2845/2845 2840/2840
f 2846/2846 2847/2847 608/608
f 2846/2846 608/608 2843/2843
f 2842/2842 2848/2848 2839/2839
f 2835/2835 2849/2849 2838/2838
f 2845/2845 2846/2846 2840/2840
f 2846/2846 2843/2843 2840/2840
f 2841/2841 2850/2850 2837/2837
f 2850/2850 2835/2835 2837/2837
f 2838/2838 2849/2849 2842/2842
f 2849/2849 2848/2848 2842/2842
f 2848/2848 2851/2851 2839/2839
f 2851/2851 2844/2844 2839/2839
f 2851/2851 2845/2845 2844/2844
f 2849/2849 2852/2852 2848/2848
f 2853/2853 2845/2845 2851/2851
f 2845/2845 2853/2853 2846/2846
f 2846/2846 609/609 2847/2847
f 2854/2854 2850/2850 2841/2841
f 2850/2850 2855/2855 2835/2835
f 2855/2855 2856/2856 2849/2849
f 2855/2855 2849/2849 2835/2835
f 2849/2849 2856/2856 2852/2852
f 2856/2856 2857/2857 2852/2852
f 2852/2852 2857/2857 2848/2848
f 2857/2857 2858/2858 2848/2848
f 2848/2848 2858/2858 2851/2851
f 2851/2851 2858/2858 2853/2853
f 2858/2858 2859/2859 2853/2853
f 2859/2859 2846/2846 2853/2853
f 2859/2859 2860/2860 2846/2846
f 2860/2860 2861/2861 2846/2846
f 2861/2861 609/609 2846/2846
f 2855/2855 2862/2862 2856/2856
f 2862/2862 2863/2863 2856/2856
f 2856/2856 2863/2863 2857/2857
f 2857/2857 2863/2863 2858/2858
f 2863/2863 2864/2864 2858/2858
f 2864/2864 2859/2859 2858/2858
f 2864/2864 2865/2865 2859/2859
f 2865/2865 2860/2860 2859/2859
f 2865/2865 2861/2861 2860/2860
f 2861/2861 2866/2866 609/609
f 2866/2866 2867/2867 609/609
f 609/609 2867/2867 610/610
f 2656/2656 2658/2658 2629/2629
f 2868/2868 2658/2658 2656/2656
f 2854/2854 2869/2869 2850/2850
f 2869/2869 2855/2855 2850/2850
f 2855/2855 2870/2870 2862/2862
f 2862/2862 2870/2870 2863/2863
f 2870/2870 2871/2871 2863/2863
f 2871/2871 2872/2872 2863/2863
f 2872/2872 2864/2864 2863/2863
f 2872/2872 2873/2873 2864/2864
f 2873/2873 2874/2874 2864/2864
f 2864/2864 2874/2874 2865/2865
f 2874/2874 2875/2875 2865/2865
f 2875/2875 2861/2861 2865/2865
f 2869/2869 2876/2876 2855/2855
f 2855/2855 2876/2876 2870/2870
f 2877/2877 2596/2596 2595/2595
f 2878/2878 2602/2602 2601/2601
f 2659/2659 2660/2660 2611/2611
f 2611/2611 2660/2660 2605/2605
f 2879/2879 2647/2647 2636/2636
f 2880/2880 575/575 623/623
f 575/575 577/577 623/623
f 2879/2879 2881/2881 2647/2647
f 2882/2882 2883/2883 2884/2884
f 2882/2882 2884/2884 2885/2885
f 2684/2684 2674/2674 2672/2672
f 2684/2684 2886/2886 2674/2674
f 2886/2886 2686/2686 2674/2674
f 2687/2687 2684/2684 2683/2683
f 2687/2687 2886/2886 2684/2684
f 2886/2886 2887/2887 2686/2686
f 2687/2687 2888/2888 2886/2886
f 2888/2888 2887/2887 2886/2886
f 2884/2884 2883/2883 2889/2889
f 2890/2890 2687/2687 2693/2693
f 2890/2890 2888/2888 2687/2687
f 2883/2883 2891/2891 2889/2889
f 2888/2888 2892/2892 2887/2887
f 2893/2893 2892/2892 2888/2888
f 2890/2890 2893/2893 2888/2888
f 2701/2701 2890/2890 2693/2693
f 2891/2891 2894/2894 2895/2895
f 2891/2891 2895/2895 2889/2889
f 2893/2893 2896/2896 2892/2892
f 2701/2701 2710/2710 2890/2890
f 2710/2710 2897/2897 2890/2890
f 2897/2897 2893/2893 2890/2890
f 2710/2710 2898/2898 2897/2897
f 2898/2898 2893/2893 2897/2897
f 2894/2894 2899/2899 2895/2895
f 2895/2895 2899/2899 2900/2900
f 2720/2720 2898/2898 2710/2710
f 2901/2901 2902/2902 2893/2893
f 2893/2893 2902/2902 2896/2896
f 2720/2720 2903/2903 2898/2898
f 2898/2898 2904/2904 2893/2893
f 2904/2904 2901/2901 2893/2893
f 2903/2903 2904/2904 2898/2898
f 2903/2903 2905/2905 2904/2904
f 2905/2905 2906/2906 2901/2901
f 2905/2905 2901/2901 2904/2904
f 2899/2899 2907/2907 2900/2900
f 2901/2901 2908/2908 2902/2902
f 2909/2909 2906/2906 2905/2905
f 2907/2907 2910/2910 2900/2900
f 2733/2733 2903/2903 2720/2720
f 2907/2907 2911/2911 2910/2910
f 2903/2903 2909/2909 2905/2905
f 2906/2906 2908/2908 2901/2901
f 2733/2733 2748/2748 2903/2903
f 2748/2748 2909/2909 2903/2903
f 2748/2748 2912/2912 2909/2909
f 2912/2912 2913/2913 2909/2909
f 2909/2909 2913/2913 2906/2906
f 2911/2911 2914/2914 2910/2910
f 2752/2752 2912/2912 2748/2748
f 2915/2915 2906/2906 2913/2913
f 2915/2915 2908/2908 2906/2906
f 2910/2910 2914/2914 2916/2916
f 2912/2912 2915/2915 2913/2913
f 2752/2752 597/597 2912/2912
f 2915/2915 2917/2917 2908/2908
f 597/597 2918/2918 2912/2912
f 2912/2912 2918/2918 2915/2915
f 2914/2914 2919/2919 2916/2916
f 2920/2920 2918/2918 597/597
f 2918/2918 2917/2917 2915/2915
f 2916/2916 2919/2919 2921/2921
f 596/596 2920/2920 597/597
f 2922/2922 2917/2917 2918/2918
f 2920/2920 2922/2922 2918/2918
f 596/596 2923/2923 2920/2920
f 2919/2919 2924/2924 2921/2921
f 2920/2920 2925/2925 2922/2922
f 2921/2921 2924/2924 2926/2926
f 2923/2923 2925/2925 2920/2920
f 2925/2925 2927/2927 2922/2922
f 2927/2927 2917/2917 2922/2922
f 596/596 2793/2793 2923/2923
f 598/598 2925/2925 2923/2923
f 2793/2793 598/598 2923/2923
f 2927/2927 2928/2928 2917/2917
f 2926/2926 2924/2924 2929/2929
f 2924/2924 2930/2930 2929/2929
f 600/600 2931/2931 2925/2925
f 600/600 2925/2925 598/598
f 2931/2931 2927/2927 2925/2925
f 2927/2927 2932/2932 2928/2928
f 2933/2933 2931/2931 600/600
f 2931/2931 2934/2934 2927/2927
f 2934/2934 2932/2932 2927/2927
f 2930/2930 2935/2935 2929/2929
f 2933/2933 2934/2934 2931/2931
f 601/601 2933/2933 600/600
f 2936/2936 2932/2932 2934/2934
f 601/601 2934/2934 2933/2933
f 601/601 2936/2936 2934/2934
f 2929/2929 2935/2935 2937/2937
f 604/604 601/601 602/602
f 604/604 2938/2938 601/601
f 601/601 2938/2938 2936/2936
f 2938/2938 2939/2939 2936/2936
f 2939/2939 2932/2932 2936/2936
f 2935/2935 2940/2940 2937/2937
f 605/605 2938/2938 604/604
f 2939/2939 2941/2941 2932/2932
f 608/608 2938/2938 605/605
f 608/608 2847/2847 2938/2938
f 2847/2847 2939/2939 2938/2938
f 2847/2847 2942/2942 2939/2939
f 2942/2942 2941/2941 2939/2939
f 2942/2942 2943/2943 2941/2941
f 609/609 611/611 2847/2847
f 2847/2847 611/611 2942/2942
f 2657/2657 2944/2944 2656/2656
f 611/611 2943/2943 2942/2942
f 2945/2945 2946/2946 2947/2947
f 2948/2948 2949/2949 2950/2950
f 2949/2949 2951/2951 2950/2950
f 2952/2952 2951/2951 2949/2949
f 614/614 2953/2953 2954/2954
f 614/614 2954/2954 612/612
f 2953/2953 2955/2955 2954/2954
f 2953/2953 2956/2956 2955/2955
f 2956/2956 2957/2957 2955/2955
f 2955/2955 2957/2957 2958/2958
f 2957/2957 2959/2959 2958/2958
f 2959/2959 2960/2960 2961/2961
f 2959/2959 2961/2961 2958/2958
f 2960/2960 2962/2962 2961/2961
f 2961/2961 2962/2962 2963/2963
f 2962/2962 2964/2964 2963/2963
f 2963/2963 2964/2964 2965/2965
f 2964/2964 2966/2966 2965/2965
f 2966/2966 2967/2967 2965/2965
f 2966/2966 2968/2968 2969/2969
f 2966/2966 2969/2969 2967/2967
f 2970/2970 2658/2658 2868/2868
f 2951/2951 2971/2971 2950/2950
f 2971/2971 613/613 2950/2950
f 2658/2658 2972/2972 2643/2643
f 2972/2972 2644/2644 2643/2643
f 2602/2602 2973/2973 2603/2603
f 2973/2973 2974/2974 2603/2603
f 2603/2603 2974/2974 2633/2633
f 2974/2974 2634/2634 2633/2633
f 2634/2634 2975/2975 2659/2659
f 2976/2976 2977/2977 2607/2607
f 2976/2976 2607/2607 2660/2660
f 2612/2612 2978/2978 2635/2635
f 2608/2608 621/621 620/620
f 2979/2979 2980/2980 2885/2885
f 2980/2980 2882/2882 2885/2885
f 2911/2911 2981/2981 2914/2914
f 2914/2914 2982/2982 2919/2919
f 2919/2919 2930/2930 2924/2924
f 2930/2930 2983/2983 2935/2935
f 2983/2983 2940/2940 2935/2935
f 2983/2983 2984/2984 2940/2940
f 2940/2940 2984/2984 2985/2985
f 2986/2986 2947/2947 2985/2985
f 615/615 2987/2987 614/614
f 2987/2987 2953/2953 614/614
f 2987/2987 2988/2988 2953/2953
f 2988/2988 2956/2956 2953/2953
f 2957/2957 2989/2989 2959/2959
f 2989/2989 2960/2960 2959/2959
f 2990/2990 2964/2964 2962/2962
f 2990/2990 2991/2991 2966/2966
f 2990/2990 2966/2966 2964/2964
f 2991/2991 2992/2992 2966/2966
f 2966/2966 2992/2992 2968/2968
f 2993/2993 2994/2994 2658/2658
f 2993/2993 2658/2658 2970/2970
f 2971/2971 615/615 613/613
f 2994/2994 2972/2972 2658/2658
f 2972/2972 2995/2995 2644/2644
f 2645/2645 2877/2877 2595/2595
f 2877/2877 2996/2996 2596/2596
f 2996/2996 2609/2609 2596/2596
f 2646/2646 2997/2997 2610/2610
f 2998/2998 2878/2878 2601/2601
f 2999/2999 2980/2980 2979/2979
f 3000/3000 2881/2881 2879/2879
f 2980/2980 3001/3001 2882/2882
f 3001/3001 2883/2883 2882/2882
f 2907/2907 3002/3002 2911/2911
f 3002/3002 2981/2981 2911/2911
f 2982/2982 3003/3003 2919/2919
f 3003/3003 3004/3004 2919/2919
f 3004/3004 2930/2930 2919/2919
f 3004/3004 3005/3005 2930/2930
f 3005/3005 3006/3006 2930/2930
f 3006/3006 2983/2983 2930/2930
f 2984/2984 3007/3007 2985/2985
f 3007/3007 2986/2986 2985/2985
f 2986/2986 2945/2945 2947/2947
f 705/705 3008/3008 615/615
f 615/615 3008/3008 2987/2987
f 3008/3008 3009/3009 2987/2987
f 2988/2988 3010/3010 2956/2956
f 3010/3010 2957/2957 2956/2956
f 2960/2960 3011/3011 2962/2962
f 3011/3011 2990/2990 2962/2962
f 2990/2990 3012/3012 2991/2991
f 3012/3012 659/659 2991/2991
f 659/659 658/658 2991/2991
f 2991/2991 658/658 2992/2992
f 3013/3013 2994/2994 2993/2993
f 2971/2971 705/705 615/615
f 2610/2610 2998/2998 2601/2601
f 2659/2659 3014/3014 2660/2660
f 3014/3014 2976/2976 2660/2660
f 2977/2977 2612/2612 2607/2607
f 3015/3015 2907/2907 2899/2899
f 3016/3016 2982/2982 2914/2914
f 3006/3006 3017/3017 2983/2983
f 3017/3017 3018/3018 2983/2983
f 3018/3018 2984/2984 2983/2983
f 3007/3007 3019/3019 2986/2986
f 3009/3009 3020/3020 2987/2987
f 2987/2987 3020/3020 2988/2988
f 3020/3020 3010/3010 2988/2988
f 3010/3010 3021/3021 2957/2957
f 3021/3021 2989/2989 2957/2957
f 3021/3021 3022/3022 2989/2989
f 3022/3022 2960/2960 2989/2989
f 3022/3022 3011/3011 2960/2960
f 3011/3011 3012/3012 2990/2990
f 3023/3023 3024/3024 2951/2951
f 3023/3023 2951/2951 2952/2952
f 3024/3024 706/706 2951/2951
f 2951/2951 706/706 2971/2971
f 706/706 705/705 2971/2971
f 2995/2995 3025/3025 2644/2644
f 2975/2975 3026/3026 2659/2659
f 3027/3027 2891/2891 2883/2883
f 3027/3027 3028/3028 2891/2891
f 3028/3028 2894/2894 2891/2891
f 3028/3028 3029/3029 2894/2894
f 3029/3029 2899/2899 2894/2894
f 3029/3029 3015/3015 2899/2899
f 3015/3015 3002/3002 2907/2907
f 3030/3030 3016/3016 2914/2914
f 3005/3005 3031/3031 3006/3006
f 3018/3018 3032/3032 2984/2984
f 2984/2984 3032/3032 3007/3007
f 3032/3032 3019/3019 3007/3007
f 3019/3019 3033/3033 2986/2986
f 707/707 3008/3008 705/705
f 3010/3010 3034/3034 3021/3021
f 3021/3021 3035/3035 3022/3022
f 3036/3036 3037/3037 2877/2877
f 3036/3036 2877/2877 2645/2645
f 2996/2996 2646/2646 2609/2609
f 2878/2878 2973/2973 2602/2602
f 3038/3038 2975/2975 2634/2634
f 3026/3026 3014/3014 2659/2659
f 2977/2977 3039/3039 2612/2612
f 3040/3040 2978/2978 2612/2612
f 3041/3041 2636/2636 2661/2661
f 3001/3001 3027/3027 2883/2883
f 3042/3042 2982/2982 3016/3016
f 3043/3043 3004/3004 3003/3003
f 3009/3009 3044/3044 3020/3020
f 3044/3044 3045/3045 3020/3020
f 3020/3020 3045/3045 3010/3010
f 3045/3045 3034/3034 3010/3010
f 3034/3034 3035/3035 3021/3021
f 3011/3011 703/703 3012/3012
f 3012/3012 703/703 659/659
f 3024/3024 708/708 706/706
f 3046/3046 2972/2972 2994/2994
f 3047/3047 2997/2997 2646/2646
f 2974/2974 3038/3038 2634/2634
f 3039/3039 3040/3040 2612/2612
f 3040/3040 3048/3048 2978/2978
f 2978/2978 3049/3049 2635/2635
f 3050/3050 2593/2593 3051/3051
f 3052/3052 3001/3001 2980/2980
f 3052/3052 2980/2980 2999/2999
f 3053/3053 3054/3054 3028/3028
f 3053/3053 3028/3028 3027/3027
f 3054/3054 3029/3029 3028/3028
f 3015/3015 3055/3055 3002/3002
f 3055/3055 3056/3056 3002/3002
f 3002/3002 3056/3056 2981/2981
f 3056/3056 3030/3030 2914/2914
f 3056/3056 2914/2914 2981/2981
f 3042/3042 3057/3057 2982/2982
f 3057/3057 3003/3003 2982/2982
f 3057/3057 3043/3043 3003/3003
f 3043/3043 3005/3005 3004/3004
f 3031/3031 3017/3017 3006/3006
f 817/817 3018/3018 3017/3017
f 3058/3058 3032/3032 3018/3018
f 3059/3059 3060/3060 3013/3013
f 707/707 3009/3009 3008/3008
f 3045/3045 3061/3061 3034/3034
f 3060/3060 2994/2994 3013/3013
f 3046/3046 3062/3062 2972/2972
f 3062/3062 2995/2995 2972/2972
f 3063/3063 3036/3036 2645/2645
f 3063/3063 2645/2645 2632/2632
f 2996/2996 3047/3047 2646/2646
f 3064/3064 2973/2973 2878/2878
f 3038/3038 3026/3026 2975/2975
f 3065/3065 2977/2977 2976/2976
f 3001/3001 3053/3053 3027/3027
f 3054/3054 3066/3066 3029/3029
f 3029/3029 3067/3067 3015/3015
f 3067/3067 3055/3055 3015/3015
f 3068/3068 3016/3016 3030/3030
f 3069/3069 3042/3042 3016/3016
f 3070/3070 3005/3005 3043/3043
f 817/817 3058/3058 3018/3018
f 707/707 3071/3071 3009/3009
f 3009/3009 3071/3071 3044/3044
f 3044/3044 3071/3071 3045/3045
f 3071/3071 3061/3061 3045/3045
f 3061/3061 3072/3072 3034/3034
f 3034/3034 3072/3072 3035/3035
f 3035/3035 3072/3072 3022/3022
f 3011/3011 3073/3073 703/703
f 3074/3074 3075/3075 3024/3024
f 3074/3074 3024/3024 3023/3023
f 3075/3075 708/708 3024/3024
f 2997/2997 2998/2998 2610/2610
f 3076/3076 2978/2978 3048/3048
f 3077/3077 621/621 2608/2608
f 3078/3078 3079/3079 2600/2600
f 3066/3066 3080/3080 3029/3029
f 3080/3080 3067/3067 3029/3029
f 3056/3056 3068/3068 3030/3030
f 3068/3068 3069/3069 3016/3016
f 3070/3070 3081/3081 3005/3005
f 3005/3005 3081/3081 3031/3031
f 3081/3081 3082/3082 3031/3031
f 3082/3082 3017/3017 3031/3031
f 3073/3073 704/704 703/703
f 3072/3072 3083/3083 3022/3022
f 3022/3022 3084/3084 3011/3011
f 3084/3084 3073/3073 3011/3011
f 3026/3026 3085/3085 3014/3014
f 3085/3085 2976/2976 3014/3014
f 3040/3040 3076/3076 3048/3048
f 3076/3076 3049/3049 2978/2978
f 3041/3041 3086/3086 2636/2636
f 3086/3086 2879/2879 2636/2636
f 3087/3087 3068/3068 3056/3056
f 3088/3088 3089/3089 707/707
f 3089/3089 3071/3071 707/707
f 3089/3089 3090/3090 3071/3071
f 3090/3090 3091/3091 3071/3071
f 3091/3091 3092/3092 3071/3071
f 3092/3092 3061/3061 3071/3071
f 3092/3092 3093/3093 3061/3061
f 3061/3061 3094/3094 3072/3072
f 3094/3094 3083/3083 3072/3072
f 3083/3083 3084/3084 3022/3022
f 3075/3075 3095/3095 708/708
f 3095/3095 707/707 708/708
f 3037/3037 3047/3047 2877/2877
f 2877/2877 3047/3047 2996/2996
f 3096/3096 2997/2997 3047/3047
f 2998/2998 3064/3064 2878/2878
f 2879/2879 3097/3097 3000/3000
f 3052/3052 3098/3098 3001/3001
f 3098/3098 3053/3053 3001/3001
f 3099/3099 3057/3057 3042/3042
f 3019/3019 3100/3100 3033/3033
f 3100/3100 3101/3101 2986/2986
f 3100/3100 2986/2986 3033/3033
f 3073/3073 3102/3102 704/704
f 3102/3102 657/657 704/704
f 3093/3093 3094/3094 3061/3061
f 3060/3060 3046/3046 2994/2994
f 3095/3095 3088/3088 707/707
f 3040/3040 3103/3103 3076/3076
f 622/622 3078/3078 2600/2600
f 3086/3086 3097/3097 2879/2879
f 3080/3080 3104/3104 3067/3067
f 3055/3055 3105/3105 3056/3056
f 3099/3099 3106/3106 3057/3057
f 3082/3082 818/818 3017/3017
f 3084/3084 3107/3107 3073/3073
f 3107/3107 3102/3102 3073/3073
f 3102/3102 3108/3108 657/657
f 3109/3109 3060/3060 3059/3059
f 3091/3091 3110/3110 3092/3092
f 3110/3110 3093/3093 3092/3092
f 3093/3093 3111/3111 3094/3094
f 3062/3062 3025/3025 2995/2995
f 3096/3096 2998/2998 2997/2997
f 2973/2973 3112/3112 2974/2974
f 3112/3112 3038/3038 2974/2974
f 3038/3038 3112/3112 3026/3026
f 3112/3112 3085/3085 3026/3026
f 2593/2593 3113/3113 2608/2608
f 3113/3113 3077/3077 2608/2608
f 3114/3114 3098/3098 3052/3052
f 3098/3098 3115/3115 3053/3053
f 3115/3115 3054/3054 3053/3053
f 3066/3066 3104/3104 3080/3080
f 3104/3104 3116/3116 3067/3067
f 3105/3105 3087/3087 3056/3056
f 3087/3087 3117/3117 3068/3068
f 3069/3069 3099/3099 3042/3042
f 818/818 817/817 3017/3017
f 855/855 3089/3089 3088/3088
f 3090/3090 3118/3118 3091/3091
f 3111/3111 3083/3083 3094/3094
f 3074/3074 3119/3119 3075/3075
f 3119/3119 3095/3095 3075/3075
f 3120/3120 3037/3037 3036/3036
f 3050/3050 3113/3113 2593/2593
f 3054/3054 3121/3121 3066/3066
f 3122/3122 3116/3116 3104/3104
f 3116/3116 3123/3123 3067/3067
f 3067/3067 3123/3123 3055/3055
f 3123/3123 3105/3105 3055/3055
f 3057/3057 3124/3124 3043/3043
f 3124/3124 3125/3125 3043/3043
f 3032/3032 3126/3126 3019/3019
f 3126/3126 3127/3127 3019/3019
f 3127/3127 3100/3100 3019/3019
f 3064/3064 3128/3128 2973/2973
f 3128/3128 3112/3112 2973/2973
f 3112/3112 3129/3129 3085/3085
f 3130/3130 3065/3065 2976/2976
f 3131/3131 3076/3076 3103/3103
f 3041/3041 3132/3132 3086/3086
f 3114/3114 3133/3133 3098/3098
f 3115/3115 3121/3121 3054/3054
f 3105/3105 3134/3134 3087/3087
f 3058/3058 3126/3126 3032/3032
f 3109/3109 3135/3135 3060/3060
f 3111/3111 3136/3136 3083/3083
f 3136/3136 975/975 3083/3083
f 3083/3083 975/975 3084/3084
f 3119/3119 856/856 3095/3095
f 856/856 855/855 3095/3095
f 3095/3095 855/855 3088/3088
f 3037/3037 3137/3137 3047/3047
f 3138/3138 3129/3129 3112/3112
f 3129/3129 3139/3139 3085/3085
f 3139/3139 3130/3130 3085/3085
f 3130/3130 2976/2976 3085/3085
f 3130/3130 3140/3140 3065/3065
f 3065/3065 3039/3039 2977/2977
f 3039/3039 3141/3141 3040/3040
f 3141/3141 3103/3103 3040/3040
f 3131/3131 3049/3049 3076/3076
f 621/621 3142/3142 622/622
f 622/622 3142/3142 3078/3078
f 3132/3132 3097/3097 3086/3086
f 3143/3143 3121/3121 3115/3115
f 3121/3121 3144/3144 3066/3066
f 3066/3066 3144/3144 3104/3104
f 3144/3144 3122/3122 3104/3104
f 3106/3106 3124/3124 3057/3057
f 3125/3125 3070/3070 3043/3043
f 3145/3145 3146/3146 3058/3058
f 3146/3146 3126/3126 3058/3058
f 3089/3089 3147/3147 3090/3090
f 3148/3148 3149/3149 3093/3093
f 3149/3149 3111/3111 3093/3093
f 3149/3149 3136/3136 3111/3111
f 3135/3135 3150/3150 3046/3046
f 3135/3135 3046/3046 3060/3060
f 3150/3150 3062/3062 3046/3046
f 3151/3151 3152/3152 3062/3062
f 3062/3062 3152/3152 3025/3025
f 3047/3047 3153/3153 3096/3096
f 3154/3154 3064/3064 2998/2998
f 3128/3128 3155/3155 3112/3112
f 3155/3155 3138/3138 3112/3112
f 3139/3139 3156/3156 3130/3130
f 3140/3140 3157/3157 3065/3065
f 3141/3141 3131/3131 3103/3103
f 3158/3158 3132/3132 3041/3041
f 3098/3098 3143/3143 3115/3115
f 3134/3134 3117/3117 3087/3087
f 3117/3117 3159/3159 3068/3068
f 3068/3068 3160/3160 3069/3069
f 3160/3160 3099/3099 3069/3069
f 3161/3161 3070/3070 3125/3125
f 816/816 3145/3145 817/817
f 817/817 3145/3145 3058/3058
f 857/857 3147/3147 3089/3089
f 857/857 3089/3089 855/855
f 3147/3147 3118/3118 3090/3090
f 3118/3118 3110/3110 3091/3091
f 3110/3110 3148/3148 3093/3093
f 3162/3162 3139/3139 3129/3129
f 3142/3142 3163/3163 3078/3078
f 3133/3133 3143/3143 3098/3098
f 3164/3164 3122/3122 3144/3144
f 975/975 3107/3107 3084/3084
f 3165/3165 975/975 3136/3136
f 3096/3096 3154/3154 2998/2998
f 3157/3157 3039/3039 3065/3065
f 3166/3166 3133/3133 3114/3114
f 3167/3167 3116/3116 3122/3122
f 3116/3116 3167/3167 3123/3123
f 3159/3159 3160/3160 3068/3068
f 3099/3099 3168/3168 3106/3106
f 3161/3161 3169/3169 3070/3070
f 3070/3070 3082/3082 3081/3081
f 3082/3082 3170/3170 818/818
f 3170/3170 816/816 818/818
f 3146/3146 3127/3127 3126/3126
f 3118/3118 3171/3171 3110/3110
f 3150/3150 3151/3151 3062/3062
f 3172/3172 3120/3120 3063/3063
f 3063/3063 3120/3120 3036/3036
f 3120/3120 3173/3173 3037/3037
f 3173/3173 3137/3137 3037/3037
f 3137/3137 3153/3153 3047/3047
f 3128/3128 3174/3174 3155/3155
f 3175/3175 3176/3176 3138/3138
f 3138/3138 3162/3162 3129/3129
f 3138/3138 3176/3176 3162/3162
f 3157/3157 3141/3141 3039/3039
f 3132/3132 3177/3177 3097/3097
f 3133/3133 3178/3178 3143/3143
f 3143/3143 3178/3178 3121/3121
f 3178/3178 3179/3179 3121/3121
f 3164/3164 3167/3167 3122/3122
f 3134/3134 3180/3180 3117/3117
f 3168/3168 3124/3124 3106/3106
f 3169/3169 3082/3082 3070/3070
f 975/975 974/974 3107/3107
f 974/974 3102/3102 3107/3107
f 3174/3174 3181/3181 3155/3155
f 3181/3181 3182/3182 3155/3155
f 3182/3182 3138/3138 3155/3155
f 3183/3183 3140/3140 3130/3130
f 3157/3157 3184/3184 3141/3141
f 3077/3077 3142/3142 621/621
f 3185/3185 3177/3177 3132/3132
f 3167/3167 3186/3186 3123/3123
f 3186/3186 3134/3134 3105/3105
f 3186/3186 3105/3105 3123/3123
f 3180/3180 3187/3187 3117/3117
f 3187/3187 3159/3159 3117/3117
f 3169/3169 3170/3170 3082/3082
f 3170/3170 3188/3188 816/816
f 816/816 3189/3189 3145/3145
f 3189/3189 3146/3146 3145/3145
f 857/857 3190/3190 3147/3147
f 3190/3190 3171/3171 3147/3147
f 3147/3147 3171/3171 3118/3118
f 3148/3148 3191/3191 3149/3149
f 3074/3074 3192/3192 3119/3119
f 3192/3192 856/856 3119/3119
f 3154/3154 3193/3193 3064/3064
f 3193/3193 3128/3128 3064/3064
f 3194/3194 3174/3174 3128/3128
f 3139/3139 3195/3195 3156/3156
f 3156/3156 3183/3183 3130/3130
f 3131/3131 3196/3196 3049/3049
f 3197/3197 3113/3113 3050/3050
f 3182/3182 3198/3198 3138/3138
f 3198/3198 3175/3175 3138/3138
f 3179/3179 3144/3144 3121/3121
f 3179/3179 3199/3199 3144/3144
f 3188/3188 3189/3189 816/816
f 3102/3102 3200/3200 3108/3108
f 3201/3201 3135/3135 3109/3109
f 3171/3171 3148/3148 3110/3110
f 3191/3191 3165/3165 3136/3136
f 3191/3191 3136/3136 3149/3149
f 3165/3165 3202/3202 975/975
f 3194/3194 3203/3203 3174/3174
f 3203/3203 3181/3181 3174/3174
f 3181/3181 907/907 3182/3182
f 3181/3181 908/908 907/907
f 907/907 3204/3204 3182/3182
f 3182/3182 3204/3204 3198/3198
f 3204/3204 912/912 3198/3198
f 3162/3162 3195/3195 3139/3139
f 3195/3195 3183/3183 3156/3156
f 3141/3141 3205/3205 3131/3131
f 3197/3197 3206/3206 3113/3113
f 912/912 3207/3207 3175/3175
f 912/912 3175/3175 3198/3198
f 3175/3175 3207/3207 3176/3176
f 3207/3207 3208/3208 3176/3176
f 3208/3208 3209/3209 3176/3176
f 3176/3176 3209/3209 3162/3162
f 3199/3199 3164/3164 3144/3144
f 3210/3210 3186/3186 3167/3167
f 3100/3100 3211/3211 3101/3101
f 3171/3171 3212/3212 3148/3148
f 3212/3212 3191/3191 3148/3148
f 3213/3213 3150/3150 3135/3135
f 3214/3214 3192/3192 3074/3074
f 3150/3150 3215/3215 3151/3151
f 3203/3203 3216/3216 3181/3181
f 3216/3216 910/910 3181/3181
f 910/910 908/908 3181/3181
f 909/909 3217/3217 907/907
f 907/907 3217/3217 3204/3204
f 3217/3217 904/904 3204/3204
f 904/904 912/912 3204/3204
f 3183/3183 3218/3218 3140/3140
f 3205/3205 3196/3196 3131/3131
f 912/912 911/911 3207/3207
f 911/911 914/914 3207/3207
f 914/914 3208/3208 3207/3207
f 3186/3186 3180/3180 3134/3134
f 3125/3125 3219/3219 3161/3161
f 3220/3220 3127/3127 3146/3146
f 3127/3127 3221/3221 3100/3100
f 3221/3221 3211/3211 3100/3100
f 3222/3222 3165/3165 3191/3191
f 3222/3222 3202/3202 3165/3165
f 934/934 894/894 893/893
f 931/931 933/933 901/901
f 933/933 3223/3223 901/901
f 3223/3223 3224/3224 902/902
f 3223/3223 902/902 901/901
f 3224/3224 3225/3225 902/902
f 905/905 3226/3226 906/906
f 3194/3194 3227/3227 3203/3203
f 3216/3216 3228/3228 910/910
f 3228/3228 3229/3229 910/910
f 910/910 3229/3229 909/909
f 3226/3226 913/913 906/906
f 3230/3230 3231/3231 3232/3232
f 3233/3233 913/913 3226/3226
f 3209/3209 3234/3234 3162/3162
f 3184/3184 3205/3205 3141/3141
f 3233/3233 3235/3235 914/914
f 914/914 3235/3235 3208/3208
f 3235/3235 3209/3209 3208/3208
f 3206/3206 3077/3077 3113/3113
f 3236/3236 3132/3132 3158/3158
f 3166/3166 3237/3237 3133/3133
f 3237/3237 3178/3178 3133/3133
f 3199/3199 3238/3238 3164/3164
f 3238/3238 3167/3167 3164/3164
f 3238/3238 3210/3210 3167/3167
f 3186/3186 3239/3239 3180/3180
f 3160/3160 3168/3168 3099/3099
f 3240/3240 3125/3125 3124/3124
f 3241/3241 3188/3188 3170/3170
f 3189/3189 3220/3220 3146/3146
f 3242/3242 3221/3221 3127/3127
f 974/974 3243/3243 3102/3102
f 3243/3243 3200/3200 3102/3102
f 3212/3212 3244/3244 3191/3191
f 3192/3192 3245/3245 856/856
f 3245/3245 892/892 856/856
f 3213/3213 3215/3215 3150/3150
f 958/958 929/929 928/928
f 932/932 964/964 933/933
f 936/936 966/966 934/934
f 964/964 968/968 3223/3223
f 964/964 3223/3223 933/933
f 968/968 3246/3246 3224/3224
f 968/968 3224/3224 3223/3223
f 3246/3246 3247/3247 3225/3225
f 3246/3246 3225/3225 3224/3224
f 3173/3173 3248/3248 3137/3137
f 3193/3193 3249/3249 3128/3128
f 3249/3249 3194/3194 3128/3128
f 3203/3203 3250/3250 3216/3216
f 3250/3250 3251/3251 3216/3216
f 3216/3216 3251/3251 3228/3228
f 3252/3252 3233/3233 3226/3226
f 3234/3234 3195/3195 3162/3162
f 3218/3218 3253/3253 3140/3140
f 3140/3140 3253/3253 3157/3157
f 3253/3253 3254/3254 3157/3157
f 3254/3254 3184/3184 3157/3157
f 3235/3235 3234/3234 3209/3209
f 3255/3255 3199/3199 3179/3179
f 3210/3210 3256/3256 3186/3186
f 3256/3256 3239/3239 3186/3186
f 3239/3239 3187/3187 3180/3180
f 3168/3168 3257/3257 3124/3124
f 3257/3257 3240/3240 3124/3124
f 3240/3240 3219/3219 3125/3125
f 3170/3170 3169/3169 3241/3241
f 3244/3244 3258/3258 3191/3191
f 3191/3191 3258/3258 3222/3222
f 3258/3258 3259/3259 3222/3222
f 3222/3222 3259/3259 3202/3202
f 1002/1002 963/963 932/932
f 1001/1001 998/998 961/961
f 961/961 998/998 958/958
f 1005/1005 961/961 962/962
f 1006/1006 3260/3260 963/963
f 3260/3260 3261/3261 968/968
f 3260/3260 968/968 963/963
f 3262/3262 3261/3261 3260/3260
f 3262/3262 3260/3260 3263/3263
f 3264/3264 1047/1047 1045/1045
f 1014/1014 1043/1043 1012/1012
f 3261/3261 3265/3265 968/968
f 968/968 3265/3265 3246/3246
f 3266/3266 3265/3265 3262/3262
f 3262/3262 3265/3265 3261/3261
f 3267/3267 3268/3268 1049/1049
f 3267/3267 1049/1049 1047/1047
f 3268/3268 3269/3269 1051/1051
f 3268/3268 1051/1051 1049/1049
f 3269/3269 3270/3270 1051/1051
f 1051/1051 3270/3270 1053/1053
f 3265/3265 3271/3271 3246/3246
f 3246/3246 3271/3271 3247/3247
f 3272/3272 3271/3271 3265/3265
f 3272/3272 3265/3265 3266/3266
f 3250/3250 3273/3273 3251/3251
f 3274/3274 3275/3275 3233/3233
f 3274/3274 3233/3233 3252/3252
f 3276/3276 3275/3275 3274/3274
f 3276/3276 3274/3274 3277/3277
f 3254/3254 3205/3205 3184/3184
f 3275/3275 3278/3278 3235/3235
f 3275/3275 3235/3235 3233/3233
f 3278/3278 3234/3234 3235/3235
f 3279/3279 3163/3163 3142/3142
f 3255/3255 3238/3238 3199/3199
f 3190/3190 3280/3280 3171/3171
f 3280/3280 3212/3212 3171/3171
f 3202/3202 3281/3281 975/975
f 3282/3282 3283/3283 3284/3284
f 3285/3285 3286/3286 988/988
f 3287/3287 3288/3288 3289/3289
f 3288/3288 1028/1028 3289/3289
f 3289/3289 1028/1028 1027/1027
f 3286/3286 989/989 988/988
f 3286/3286 3290/3290 989/989
f 989/989 3290/3290 1002/1002
f 3290/3290 3291/3291 1003/1003
f 3290/3290 1003/1003 1002/1002
f 3291/3291 1070/1070 1003/1003
f 1039/1039 1040/1040 1067/1067
f 1039/1039 1067/1067 1038/1038
f 1070/1070 1006/1006 1003/1003
f 3292/3292 1077/1077 1075/1075
f 1041/1041 1073/1073 1040/1040
f 1070/1070 3263/3263 3260/3260
f 1070/1070 3260/3260 1006/1006
f 1080/1080 3263/3263 1069/1069
f 1069/1069 3263/3263 1070/1070
f 1044/1044 1046/1046 1077/1077
f 1044/1044 1077/1077 3292/3292
f 1046/1046 3293/3293 1078/1078
f 1046/1046 1078/1078 1077/1077
f 3293/3293 3294/3294 3295/3295
f 3293/3293 3295/3295 1078/1078
f 1080/1080 3296/3296 3262/3262
f 1080/1080 3262/3262 3263/3263
f 3294/3294 3297/3297 3295/3295
f 1079/1079 3296/3296 1080/1080
f 1048/1048 1050/1050 3293/3293
f 1048/1048 3293/3293 1046/1046
f 1050/1050 1052/1052 3294/3294
f 1050/1050 3294/3294 3293/3293
f 3296/3296 3298/3298 3262/3262
f 3262/3262 3298/3298 3266/3266
f 1052/1052 1054/1054 3294/3294
f 3294/3294 1054/1054 3297/3297
f 3299/3299 3173/3173 3120/3120
f 3227/3227 3300/3300 3203/3203
f 3300/3300 3301/3301 3203/3203
f 3203/3203 3301/3301 3250/3250
f 3301/3301 3302/3302 3250/3250
f 3250/3250 3302/3302 3273/3273
f 3302/3302 3303/3303 3273/3273
f 3273/3273 3303/3303 3304/3304
f 3303/3303 3305/3305 3304/3304
f 3304/3304 3305/3305 3306/3306
f 3306/3306 3305/3305 3277/3277
f 3305/3305 3276/3276 3277/3277
f 3307/3307 3276/3276 3305/3305
f 3308/3308 3183/3183 3195/3195
f 3309/3309 3206/3206 3197/3197
f 1134/1134 3234/3234 3278/3278
f 3237/3237 3310/3310 3178/3178
f 3310/3310 3179/3179 3178/3178
f 3311/3311 3255/3255 3179/3179
f 3238/3238 3312/3312 3210/3210
f 3312/3312 3256/3256 3210/3210
f 3257/3257 3313/3313 3240/3240
f 3219/3219 3314/3314 3161/3161
f 3161/3161 3314/3314 3169/3169
f 3220/3220 3242/3242 3127/3127
f 3201/3201 3315/3315 3135/3135
f 3281/3281 976/976 975/975
f 3315/3315 3213/3213 3135/3135
f 3215/3215 3152/3152 3151/3151
f 1063/1063 3282/3282 1026/1026
f 1063/1063 3283/3283 3282/3282
f 3285/3285 3316/3316 3286/3286
f 3287/3287 3317/3317 3288/3288
f 3317/3317 1028/1028 3288/3288
f 3316/3316 3318/3318 3286/3286
f 3318/3318 3319/3319 3286/3286
f 3286/3286 3319/3319 3290/3290
f 3319/3319 3320/3320 3290/3290
f 3290/3290 3320/3320 3291/3291
f 3320/3320 1071/1071 3291/3291
f 3321/3321 1071/1071 3320/3320
f 3321/3321 3320/3320 3319/3319
f 1067/1067 1068/1068 1099/1099
f 1067/1067 1099/1099 1066/1066
f 1071/1071 1070/1070 3291/3291
f 1072/1072 1071/1071 3321/3321
f 1074/1074 1076/1076 3322/3322
f 1076/1076 3323/3323 1107/1107
f 1076/1076 1107/1107 3322/3322
f 3323/3323 3324/3324 1107/1107
f 1107/1107 3324/3324 1108/1108
f 1072/1072 3325/3325 1069/1069
f 3324/3324 3326/3326 1108/1108
f 1111/1111 3325/3325 1072/1072
f 1076/1076 1078/1078 3323/3323
f 1078/1078 3295/3295 3324/3324
f 1078/1078 3324/3324 3323/3323
f 3325/3325 1081/1081 1069/1069
f 1069/1069 1081/1081 1080/1080
f 3295/3295 3327/3327 3324/3324
f 3324/3324 3327/3327 3326/3326
f 3248/3248 3153/3153 3137/3137
f 3153/3153 3328/3328 3096/3096
f 3328/3328 3154/3154 3096/3096
f 3329/3329 3300/3300 3227/3227
f 3301/3301 3330/3330 3302/3302
f 3302/3302 3330/3330 3303/3303
f 3330/3330 3307/3307 3305/3305
f 3330/3330 3305/3305 3303/3303
f 3183/3183 3253/3253 3218/3218
f 3254/3254 3331/3331 3205/3205
f 3307/3307 1134/1134 3276/3276
f 3276/3276 1134/1134 3275/3275
f 1134/1134 3278/3278 3275/3275
f 3206/3206 3309/3309 3077/3077
f 3077/3077 3332/3332 3142/3142
f 3332/3332 3279/3279 3142/3142
f 3310/3310 3311/3311 3179/3179
f 3312/3312 3238/3238 3255/3255
f 3312/3312 3333/3333 3256/3256
f 3240/3240 3334/3334 3219/3219
f 3334/3334 3314/3314 3219/3219
f 3314/3314 3335/3335 3169/3169
f 3335/3335 3241/3241 3169/3169
f 3336/3336 3337/3337 3241/3241
f 3241/3241 3337/3337 3188/3188
f 892/892 3190/3190 857/857
f 3338/3338 3281/3281 3202/3202
f 3214/3214 3339/3339 3192/3192
f 3339/3339 3245/3245 3192/3192
f 3213/3213 3340/3340 3215/3215
f 3341/3341 3342/3342 1063/1063
f 1063/1063 3342/3342 3283/3283
f 3343/3343 3316/3316 3285/3285
f 3344/3344 3317/3317 3287/3287
f 3317/3317 3345/3345 1028/1028
f 3345/3345 3341/3341 1028/1028
f 1028/1028 3341/3341 1063/1063
f 3343/3343 3346/3346 3318/3318
f 3343/3343 3318/3318 3316/3316
f 3347/3347 3346/3346 3343/3343
f 3347/3347 3343/3343 3348/3348
f 3346/3346 3349/3349 3319/3319
f 3346/3346 3319/3319 3318/3318
f 3350/3350 3349/3349 3346/3346
f 3350/3350 3346/3346 3347/3347
f 3349/3349 3351/3351 3319/3319
f 3319/3319 3351/3351 3321/3321
f 3352/3352 3351/3351 3350/3350
f 3350/3350 3351/3351 3349/3349
f 3351/3351 1112/1112 3321/3321
f 3321/3321 1112/1112 1072/1072
f 1113/1113 1112/1112 3352/3352
f 3352/3352 1112/1112 3351/3351
f 3172/3172 3353/3353 3120/3120
f 3353/3353 3299/3299 3120/3120
f 3249/3249 3227/3227 3194/3194
f 3331/3331 3354/3354 3205/3205
f 3354/3354 3196/3196 3205/3205
f 3307/3307 1132/1132 1134/1134
f 1085/1085 3355/3355 1116/1116
f 3236/3236 3356/3356 3132/3132
f 3356/3356 3185/3185 3132/3132
f 3166/3166 3357/3357 3237/3237
f 3311/3311 3358/3358 3255/3255
f 3159/3159 3359/3359 3160/3160
f 3360/3360 3168/3168 3160/3160
f 3360/3360 3257/3257 3168/3168
f 3335/3335 3336/3336 3241/3241
f 892/892 3361/3361 3190/3190
f 3361/3361 3280/3280 3190/3190
f 3245/3245 3362/3362 892/892
f 3363/3363 3348/3348 3343/3343
f 3344/3344 1178/1178 3317/3317
f 1096/1096 1188/1188 1095/1095
f 3344/3344 1179/1179 1178/1178
f 1178/1178 3345/3345 3317/3317
f 3350/3350 3364/3364 3352/3352
f 3364/3364 3365/3365 3352/3352
f 3352/3352 3365/3365 1113/1113
f 3299/3299 3366/3366 3173/3173
f 3329/3329 3301/3301 3300/3300
f 1133/1133 3234/3234 1134/1134
f 1133/1133 3195/3195 3234/3234
f 3308/3308 3367/3367 3183/3183
f 3367/3367 3253/3253 3183/3183
f 3368/3368 3331/3331 3254/3254
f 3354/3354 3369/3369 3196/3196
f 3369/3369 3370/3370 3196/3196
f 3371/3371 1132/1132 3307/3307
f 1138/1138 3355/3355 1085/1085
f 3372/3372 3357/3357 3166/3166
f 3310/3310 3373/3373 3311/3311
f 3239/3239 3374/3374 3187/3187
f 3187/3187 3374/3374 3159/3159
f 3374/3374 3359/3359 3159/3159
f 3359/3359 3360/3360 3160/3160
f 3313/3313 3334/3334 3240/3240
f 3337/3337 3189/3189 3188/3188
f 3242/3242 3375/3375 3221/3221
f 3375/3375 3211/3211 3221/3221
f 3280/3280 3376/3376 3212/3212
f 3315/3315 3377/3377 3213/3213
f 3378/3378 3339/3339 3214/3214
f 3339/3339 3379/3379 3245/3245
f 3379/3379 3362/3362 3245/3245
f 3377/3377 3340/3340 3213/3213
f 3215/3215 3380/3380 3152/3152
f 3381/3381 3382/3382 3348/3348
f 3381/3381 3348/3348 3363/3363
f 1178/1178 3383/3383 3345/3345
f 3383/3383 3384/3384 3345/3345
f 3345/3345 3384/3384 3341/3341
f 3382/3382 3385/3385 3347/3347
f 3382/3382 3347/3347 3348/3348
f 1148/1148 1188/1188 1096/1096
f 3385/3385 3386/3386 3350/3350
f 3385/3385 3350/3350 3347/3347
f 3386/3386 3364/3364 3350/3350
f 3248/3248 3328/3328 3153/3153
f 3227/3227 3387/3387 3329/3329
f 3329/3329 3371/3371 3301/3301
f 3301/3301 3371/3371 3330/3330
f 3371/3371 3307/3307 3330/3330
f 3253/3253 3368/3368 3254/3254
f 1138/1138 3388/3388 3355/3355
f 3389/3389 3312/3312 3255/3255
f 3360/3360 3313/3313 3257/3257
f 3313/3313 3390/3390 3334/3334
f 3391/3391 3337/3337 3336/3336
f 3376/3376 3244/3244 3212/3212
f 3392/3392 3258/3258 3244/3244
f 3386/3386 3393/3393 3364/3364
f 3393/3393 3394/3394 3365/3365
f 3393/3393 3365/3365 3364/3364
f 3387/3387 3371/3371 3329/3329
f 3387/3387 3395/3395 3371/3371
f 3371/3371 3396/3396 1132/1132
f 1133/1133 3397/3397 3195/3195
f 3195/3195 3397/3397 3308/3308
f 3367/3367 3398/3398 3253/3253
f 3398/3398 3368/3368 3253/3253
f 3399/3399 3077/3077 3309/3309
f 3358/3358 3389/3389 3255/3255
f 3333/3333 3239/3239 3256/3256
f 3314/3314 3400/3400 3335/3335
f 3220/3220 3401/3401 3242/3242
f 3375/3375 3402/3402 3211/3211
f 3362/3362 3361/3361 892/892
f 3376/3376 3392/3392 3244/3244
f 3381/3381 3403/3403 3382/3382
f 1180/1180 3383/3383 1178/1178
f 3383/3383 3404/3404 3384/3384
f 3403/3403 3385/3385 3382/3382
f 3385/3385 3405/3405 3386/3386
f 3405/3405 3393/3393 3386/3386
f 3328/3328 3406/3406 3154/3154
f 3406/3406 3193/3193 3154/3154
f 3399/3399 3332/3332 3077/3077
f 1183/1183 3388/3388 1138/1138
f 3357/3357 3373/3373 3237/3237
f 3237/3237 3373/3373 3310/3310
f 3389/3389 3333/3333 3312/3312
f 3333/3333 3374/3374 3239/3239
f 3407/3407 3408/3408 3334/3334
f 3334/3334 3408/3408 3314/3314
f 3408/3408 3400/3400 3314/3314
f 3337/3337 3391/3391 3189/3189
f 3391/3391 3401/3401 3220/3220
f 3391/3391 3220/3220 3189/3189
f 3258/3258 3392/3392 3259/3259
f 3259/3259 3338/3338 3202/3202
f 3409/3409 3403/3403 3381/3381
f 3405/3405 3410/3410 3393/3393
f 3410/3410 3394/3394 3393/3393
f 3395/3395 3396/3396 3371/3371
f 3396/3396 1133/1133 1132/1132
f 3397/3397 3367/3367 3308/3308
f 3411/3411 3354/3354 3368/3368
f 3354/3354 3331/3331 3368/3368
f 3332/3332 3412/3412 3279/3279
f 3413/3413 3358/3358 3311/3311
f 3358/3358 3414/3414 3389/3389
f 3360/3360 3390/3390 3313/3313
f 3390/3390 3407/3407 3334/3334
f 3335/3335 3400/3400 3336/3336
f 3400/3400 3391/3391 3336/3336
f 3401/3401 3375/3375 3242/3242
f 3243/3243 3415/3415 3200/3200
f 3416/3416 3315/3315 3201/3201
f 3362/3362 1337/1337 3361/3361
f 1337/1337 3417/3417 3361/3361
f 3361/3361 3417/3417 3280/3280
f 3392/3392 3418/3418 3259/3259
f 3418/3418 3338/3338 3259/3259
f 1179/1179 3419/3419 1180/1180
f 3419/3419 3420/3420 3383/3383
f 3419/3419 3383/3383 1180/1180
f 3420/3420 3404/3404 3383/3383
f 3403/3403 3421/3421 3385/3385
f 3421/3421 3422/3422 3405/3405
f 3421/3421 3405/3405 3385/3385
f 3422/3422 3410/3410 3405/3405
f 3410/3410 3423/3423 3394/3394
f 3353/3353 3424/3424 3299/3299
f 3424/3424 3366/3366 3299/3299
f 3249/3249 3387/3387 3227/3227
f 3425/3425 3396/3396 3395/3395
f 3426/3426 3397/3397 1133/1133
f 3427/3427 3311/3311 3373/3373
f 3427/3427 3413/3413 3311/3311
f 3389/3389 3428/3428 3333/3333
f 3429/3429 3359/3359 3374/3374
f 3429/3429 3430/3430 3359/3359
f 3359/3359 3430/3430 3360/3360
f 3407/3407 3431/3431 3408/3408
f 3408/3408 3432/3432 3400/3400
f 3433/3433 3401/3401 3391/3391
f 976/976 3434/3434 974/974
f 3434/3434 3243/3243 974/974
f 3435/3435 3424/3424 3353/3353
f 3396/3396 3436/3436 1133/1133
f 3436/3436 3426/3426 1133/1133
f 3426/3426 3437/3437 3397/3397
f 3397/3397 3437/3437 3367/3367
f 3438/3438 3398/3398 3367/3367
f 3439/3439 3368/3368 3398/3398
f 3439/3439 3411/3411 3368/3368
f 3411/3411 3440/3440 3354/3354
f 3440/3440 3441/3441 3354/3354
f 3441/3441 3442/3442 3369/3369
f 3441/3441 3369/3369 3354/3354
f 3442/3442 3443/3443 3369/3369
f 3369/3369 3443/3443 3370/3370
f 3444/3444 3356/3356 3236/3236
f 3372/3372 3445/3445 3357/3357
f 3358/3358 3413/3413 3414/3414
f 3360/3360 3446/3446 3390/3390
f 3446/3446 3407/3407 3390/3390
f 3447/3447 3400/3400 3432/3432
f 3447/3447 3391/3391 3400/3400
f 3447/3447 3448/3448 3391/3391
f 3448/3448 3433/3433 3391/3391
f 3417/3417 3449/3449 3280/3280
f 3280/3280 3449/3449 3376/3376
f 3449/3449 3450/3450 3376/3376
f 3376/3376 3451/3451 3392/3392
f 3451/3451 3452/3452 3392/3392
f 3452/3452 3418/3418 3392/3392
f 3452/3452 3453/3453 3418/3418
f 3418/3418 3454/3454 3338/3338
f 3454/3454 3281/3281 3338/3338
f 3339/3339 3455/3455 3379/3379
f 3455/3455 3362/3362 3379/3379
f 3377/3377 3456/3456 3340/3340
f 3456/3456 3215/3215 3340/3340
f 3457/3457 3458/3458 3403/3403
f 3457/3457 3403/3403 3409/3409
f 3420/3420 1357/1357 3404/3404
f 3458/3458 3421/3421 3403/3403
f 3387/3387 3425/3425 3395/3395
f 3425/3425 3436/3436 3396/3396
f 3437/3437 3459/3459 3367/3367
f 3459/3459 3438/3438 3367/3367
f 3438/3438 3439/3439 3398/3398
f 3356/3356 3460/3460 3185/3185
f 3373/3373 3461/3461 3427/3427
f 3428/3428 3389/3389 3414/3414
f 3431/3431 3432/3432 3408/3408
f 3433/3433 3462/3462 3401/3401
f 3416/3416 3463/3463 3315/3315
f 3450/3450 3451/3451 3376/3376
f 3453/3453 3454/3454 3418/3418
f 3281/3281 3434/3434 976/976
f 3464/3464 3339/3339 3378/3378
f 3465/3465 3419/3419 1179/1179
f 3422/3422 3466/3466 3410/3410
f 3466/3466 3423/3423 3410/3410
f 3173/3173 3467/3467 3248/3248
f 3467/3467 3328/3328 3248/3248
f 3468/3468 3425/3425 3387/3387
f 3438/3438 3469/3469 3439/3439
f 3469/3469 3411/3411 3439/3439
f 3445/3445 3373/3373 3357/3357
f 3407/3407 3446/3446 3431/3431
f 3432/3432 3470/3470 3447/3447
f 3464/3464 3471/3471 3339/3339
f 3471/3471 3455/3455 3339/3339
f 3456/3456 3380/3380 3215/3215
f 3419/3419 3472/3472 3420/3420
f 3472/3472 1357/1357 3420/3420
f 3421/3421 3473/3473 3422/3422
f 3473/3473 3466/3466 3422/3422
f 3466/3466 3474/3474 3423/3423
f 3475/3475 3406/3406 3328/3328
f 3476/3476 3477/3477 3469/3469
f 3476/3476 3469/3469 3438/3438
f 3477/3477 3478/3478 3469/3469
f 3478/3478 3479/3479 3469/3469
f 3469/3469 3479/3479 3411/3411
f 3479/3479 3480/3480 3411/3411
f 3480/3480 3481/3481 3411/3411
f 3411/3411 3481/3481 3440/3440
f 3445/3445 3461/3461 3373/3373
f 3413/3413 3482/3482 3414/3414
f 3463/3463 3377/3377 3315/3315
f 3455/3455 1337/1337 3362/3362
f 3458/3458 3483/3483 3421/3421
f 3483/3483 3473/3473 3421/3421
f 3424/3424 3484/3484 3366/3366
f 3366/3366 3467/3467 3173/3173
f 3467/3467 3485/3485 3328/3328
f 3193/3193 3486/3486 3249/3249
f 3249/3249 3468/3468 3387/3387
f 3436/3436 3487/3487 3426/3426
f 3487/3487 3437/3437 3426/3426
f 3477/3477 1264/1264 3478/3478
f 3478/3478 1264/1264 3479/3479
f 1264/1264 1265/1265 3479/3479
f 1265/1265 3488/3488 3480/3480
f 1265/1265 3480/3480 3479/3479
f 3488/3488 3481/3481 3480/3480
f 3444/3444 3489/3489 3356/3356
f 3489/3489 3460/3460 3356/3356
f 3428/3428 3374/3374 3333/3333
f 3490/3490 3432/3432 3431/3431
f 3434/3434 3491/3491 3243/3243
f 3491/3491 3415/3415 3243/3243
f 3492/3492 3417/3417 1337/1337
f 3463/3463 3493/3493 3377/3377
f 3493/3493 3456/3456 3377/3377
f 3406/3406 3486/3486 3193/3193
f 3486/3486 3468/3468 3249/3249
f 3487/3487 3494/3494 3437/3437
f 3459/3459 3495/3495 3438/3438
f 3495/3495 3476/3476 3438/3438
f 1275/1275 3496/3496 1262/1262
f 3496/3496 1263/1263 1262/1262
f 1263/1263 1278/1278 1265/1265
f 3496/3496 1278/1278 1263/1263
f 3497/3497 3498/3498 3441/3441
f 3497/3497 3441/3441 3440/3440
f 3499/3499 1292/1292 3477/3477
f 3499/3499 3477/3477 3476/3476
f 1292/1292 1275/1275 3477/3477
f 3477/3477 1275/1275 1264/1264
f 1278/1278 1277/1277 1265/1265
f 1265/1265 1277/1277 3488/3488
f 1277/1277 1295/1295 3488/3488
f 1295/1295 3500/3500 3481/3481
f 1295/1295 3481/3481 3488/3488
f 3500/3500 3497/3497 3440/3440
f 3500/3500 3440/3440 3481/3481
f 3489/3489 3501/3501 3460/3460
f 3502/3502 3461/3461 3445/3445
f 3503/3503 3428/3428 3414/3414
f 3504/3504 3429/3429 3374/3374
f 3360/3360 3505/3505 3446/3446
f 3448/3448 3506/3506 3433/3433
f 3456/3456 3507/3507 3380/3380
f 3483/3483 3508/3508 3473/3473
f 3508/3508 3509/3509 3466/3466
f 3508/3508 3466/3466 3473/3473
f 3509/3509 3474/3474 3466/3466
f 3485/3485 3475/3475 3328/3328
f 3437/3437 1359/1359 3459/3459
f 1359/1359 3495/3495 3459/3459
f 3495/3495 3510/3510 3476/3476
f 1292/1292 3496/3496 1275/1275
f 1276/1276 1296/1296 1277/1277
f 1296/1296 1295/1295 1277/1277
f 3510/3510 1293/1293 3499/3499
f 3510/3510 3499/3499 3476/3476
f 1293/1293 1292/1292 3499/3499
f 1294/1294 1278/1278 3496/3496
f 1295/1295 1297/1297 3500/3500
f 1297/1297 3511/3511 3497/3497
f 1297/1297 3497/3497 3500/3500
f 3511/3511 3498/3498 3497/3497
f 3332/3332 3512/3512 3412/3412
f 3512/3512 3513/3513 3412/3412
f 1300/1300 3514/3514 3388/3388
f 1300/1300 3388/3388 1183/1183
f 3413/3413 3515/3515 3482/3482
f 3482/3482 3503/3503 3414/3414
f 3428/3428 3516/3516 3374/3374
f 3516/3516 3504/3504 3374/3374
f 3430/3430 3505/3505 3360/3360
f 3517/3517 3448/3448 3447/3447
f 3433/3433 3506/3506 3462/3462
f 3462/3462 1377/1377 3401/3401
f 3401/3401 1377/1377 3375/3375
f 3375/3375 3518/3518 3402/3402
f 3451/3451 3519/3519 3452/3452
f 3453/3453 3520/3520 3454/3454
f 3520/3520 3521/3521 3281/3281
f 3520/3520 3281/3281 3454/3454
f 3521/3521 3522/3522 3434/3434
f 3521/3521 3434/3434 3281/3281
f 3465/3465 3523/3523 3419/3419
f 3523/3523 3472/3472 3419/3419
f 3458/3458 3524/3524 3483/3483
f 3524/3524 3508/3508 3483/3483
f 3525/3525 3425/3425 3468/3468
f 3526/3526 1359/1359 3437/3437
f 1291/1291 3527/3527 1292/1292
f 3527/3527 1294/1294 3496/3496
f 3527/3527 3496/3496 1292/1292
f 1327/1327 1294/1294 3527/3527
f 3528/3528 1296/1296 1276/1276
f 1296/1296 3529/3529 1297/1297
f 3530/3530 3531/3531 3441/3441
f 3530/3530 3441/3441 3498/3498
f 3441/3441 3531/3531 3442/3442
f 3442/3442 3531/3531 3443/3443
f 3495/3495 3532/3532 3510/3510
f 3532/3532 1313/1313 1293/1293
f 3532/3532 1293/1293 3510/3510
f 3529/3529 3511/3511 1297/1297
f 3511/3511 3533/3533 3498/3498
f 3399/3399 3512/3512 3332/3332
f 1217/1217 1281/1281 1330/1330
f 3513/3513 3534/3534 3412/3412
f 3446/3446 3535/3535 3431/3431
f 3431/3431 3535/3535 3490/3490
f 1377/1377 3536/3536 3375/3375
f 3536/3536 3518/3518 3375/3375
f 3537/3537 3417/3417 3492/3492
f 3537/3537 3538/3538 3417/3417
f 3417/3417 3538/3538 3449/3449
f 3519/3519 3453/3453 3452/3452
f 3509/3509 3539/3539 3474/3474
f 3540/3540 3484/3484 3424/3424
f 3525/3525 3541/3541 3425/3425
f 3541/3541 3436/3436 3425/3425
f 1314/1314 3542/3542 3528/3528
f 1314/1314 3528/3528 1276/1276
f 3528/3528 3543/3543 1296/1296
f 1296/1296 3543/3543 3529/3529
f 3543/3543 3544/3544 3511/3511
f 3543/3543 3511/3511 3529/3529
f 3544/3544 3533/3533 3511/3511
f 3533/3533 3530/3530 3498/3498
f 3545/3545 3546/3546 3444/3444
f 3546/3546 3489/3489 3444/3444
f 3547/3547 3445/3445 3372/3372
f 3548/3548 3413/3413 3427/3427
f 3548/3548 3515/3515 3413/3413
f 3503/3503 3516/3516 3428/3428
f 3470/3470 3517/3517 3447/3447
f 1336/1336 3492/3492 1337/1337
f 3519/3519 3520/3520 3453/3453
f 3471/3471 3549/3549 3455/3455
f 3549/3549 1338/1338 3455/3455
f 3455/3455 1338/1338 1337/1337
f 3523/3523 3550/3550 3472/3472
f 3550/3550 1357/1357 3472/3472
f 3435/3435 3540/3540 3424/3424
f 3484/3484 3551/3551 3366/3366
f 3406/3406 3552/3552 3486/3486
f 3552/3552 3468/3468 3486/3486
f 3494/3494 3526/3526 3437/3437
f 1359/1359 1361/1361 3495/3495
f 1342/1342 3527/3527 1291/1291
f 1342/1342 1327/1327 3527/3527
f 1327/1327 1364/1364 1314/1314
f 1364/1364 3542/3542 1314/1314
f 3542/3542 3553/3553 3528/3528
f 3553/3553 3554/3554 3543/3543
f 3553/3553 3543/3543 3528/3528
f 3554/3554 3555/3555 3543/3543
f 1361/1361 3532/3532 3495/3495
f 1361/1361 1343/1343 1313/1313
f 1361/1361 1313/1313 3532/3532
f 3555/3555 3556/3556 3544/3544
f 3555/3555 3544/3544 3543/3543
f 3556/3556 3533/3533 3544/3544
f 3445/3445 3557/3557 3502/3502
f 3558/3558 3516/3516 3503/3503
f 3505/3505 3535/3535 3446/3446
f 3506/3506 1378/1378 3462/3462
f 1378/1378 1377/1377 3462/3462
f 3559/3559 3451/3451 3450/3450
f 3560/3560 3561/3561 3458/3458
f 3560/3560 3458/3458 3457/3457
f 3550/3550 1358/1358 1357/1357
f 3561/3561 3524/3524 3458/3458
f 3524/3524 3562/3562 3508/3508
f 3562/3562 3509/3509 3508/3508
f 3541/3541 3563/3563 3436/3436
f 3436/3436 3564/3564 3487/3487
f 1342/1342 1365/1365 1327/1327
f 1343/1343 1365/1365 1342/1342
f 1363/1363 3565/3565 1364/1364
f 1364/1364 3565/3565 3542/3542
f 3565/3565 3553/3553 3542/3542
f 3554/3554 3566/3566 3555/3555
f 3567/3567 3566/3566 3554/3554
f 3567/3567 3554/3554 3553/3553
f 3568/3568 3531/3531 3530/3530
f 1365/1365 1364/1364 1327/1327
f 3566/3566 3556/3556 3555/3555
f 3556/3556 3568/3568 3533/3533
f 3568/3568 3530/3530 3533/3533
f 1367/1367 3514/3514 1300/1300
f 3547/3547 3557/3557 3445/3445
f 3461/3461 3569/3569 3427/3427
f 3569/3569 3548/3548 3427/3427
f 3515/3515 3558/3558 3482/3482
f 3558/3558 3503/3503 3482/3482
f 3490/3490 3570/3570 3432/3432
f 3570/3570 3470/3470 3432/3432
f 3571/3571 3517/3517 3470/3470
f 3517/3517 3506/3506 3448/3448
f 3522/3522 3491/3491 3434/3434
f 3449/3449 3538/3538 3450/3450
f 3538/3538 3559/3559 3450/3450
f 3559/3559 3572/3572 3451/3451
f 3451/3451 3572/3572 3519/3519
f 3463/3463 3573/3573 3493/3493
f 3464/3464 3574/3574 3471/3471
f 3574/3574 3549/3549 3471/3471
f 3562/3562 1430/1430 3509/3509
f 1430/1430 3539/3539 3509/3509
f 3575/3575 3485/3485 3467/3467
f 3564/3564 3494/3494 3487/3487
f 1373/1373 3576/3576 1362/1362
f 1362/1362 3577/3577 1363/1363
f 3576/3576 3578/3578 1362/1362
f 1362/1362 3578/3578 3577/3577
f 3577/3577 3565/3565 1363/1363
f 3578/3578 3579/3579 3577/3577
f 3579/3579 3580/3580 3565/3565
f 3579/3579 3565/3565 3577/3577
f 3565/3565 3581/3581 3567/3567
f 3565/3565 3567/3567 3553/3553
f 3580/3580 3581/3581 3565/3565
f 3568/3568 3582/3582 3531/3531
f 3582/3582 3583/3583 3531/3531
f 1360/1360 3584/3584 1343/1343
f 1360/1360 1343/1343 1361/1361
f 3584/3584 1373/1373 1365/1365
f 3584/3584 1365/1365 1343/1343
f 3581/3581 3585/3585 3567/3567
f 3567/3567 3585/3585 3566/3566
f 3585/3585 3586/3586 3566/3566
f 3566/3566 3586/3586 3556/3556
f 3556/3556 3586/3586 3568/3568
f 3535/3535 3570/3570 3490/3490
f 3570/3570 3571/3571 3470/3470
f 3572/3572 3587/3587 3519/3519
f 3521/3521 3588/3588 3522/3522
f 1430/1430 1429/1429 3539/3539
f 3551/3551 3467/3467 3366/3366
f 3551/3551 3575/3575 3467/3467
f 3485/3485 3589/3589 3475/3475
f 3589/3589 3406/3406 3475/3475
f 3563/3563 3564/3564 3436/3436
f 3494/3494 3590/3590 3526/3526
f 3583/3583 3591/3591 3531/3531
f 3592/3592 3399/3399 3593/3593
f 1360/1360 3594/3594 3584/3584
f 3584/3584 3594/3594 1373/1373
f 3594/3594 3576/3576 1373/1373
f 3594/3594 3595/3595 3578/3578
f 3594/3594 3578/3578 3576/3576
f 3595/3595 3580/3580 3578/3578
f 3578/3578 3580/3580 3579/3579
f 3596/3596 3581/3581 3580/3580
f 3596/3596 3597/3597 3581/3581
f 3581/3581 3597/3597 3585/3585
f 3597/3597 3586/3586 3585/3585
f 3502/3502 3569/3569 3461/3461
f 3429/3429 3598/3598 3430/3430
f 3598/3598 3505/3505 3430/3430
f 3517/3517 3599/3599 3506/3506
f 3416/3416 3600/3600 3463/3463
f 3600/3600 3573/3573 3463/3463
f 3587/3587 3601/3601 3519/3519
f 3519/3519 3601/3601 3520/3520
f 3601/3601 3521/3521 3520/3520
f 3573/3573 3602/3602 3493/3493
f 3602/3602 3456/3456 3493/3493
f 3602/3602 3507/3507 3456/3456
f 3603/3603 3604/3604 3465/3465
f 3465/3465 3604/3604 3523/3523
f 3604/3604 3550/3550 3523/3523
f 3561/3561 3605/3605 3524/3524
f 3605/3605 3562/3562 3524/3524
f 3606/3606 3540/3540 3435/3435
f 3607/3607 3484/3484 3540/3540
f 3589/3589 3552/3552 3406/3406
f 3526/3526 1416/1416 1359/1359
f 1416/1416 1360/1360 1359/1359
f 1416/1416 1415/1415 1360/1360
f 1432/1432 3608/3608 3586/3586
f 3608/3608 3568/3568 3586/3586
f 3592/3592 3609/3609 3399/3399
f 1415/1415 3610/3610 3594/3594
f 1415/1415 3594/3594 1360/1360
f 3610/3610 3611/3611 3595/3595
f 3610/3610 3595/3595 3594/3594
f 3611/3611 3580/3580 3595/3595
f 3611/3611 3596/3596 3580/3580
f 3611/3611 3612/3612 3596/3596
f 3612/3612 1432/1432 3596/3596
f 3596/3596 1432/1432 3597/3597
f 1432/1432 3586/3586 3597/3597
f 3609/3609 3512/3512 3399/3399
f 3613/3613 3535/3535 3505/3505
f 3614/3614 3559/3559 3538/3538
f 3615/3615 3574/3574 3464/3464
f 1382/1382 1414/1414 1391/1391
f 3616/3616 3541/3541 3525/3525
f 3608/3608 3582/3582 3568/3568
f 1415/1415 1417/1417 3610/3610
f 1417/1417 3611/3611 3610/3610
f 1417/1417 1433/1433 3611/3611
f 3611/3611 1433/1433 3612/3612
f 1433/1433 1432/1432 3612/3612
f 3547/3547 3617/3617 3557/3557
f 3618/3618 3569/3569 3502/3502
f 3619/3619 3620/3620 3558/3558
f 3620/3620 3516/3516 3558/3558
f 3598/3598 3613/3613 3505/3505
f 3621/3621 3622/3622 3535/3535
f 3621/3621 3535/3535 3613/3613
f 3623/3623 3536/3536 1377/1377
f 3614/3614 3572/3572 3559/3559
f 3572/3572 3624/3624 3587/3587
f 3624/3624 3625/3625 3587/3587
f 3601/3601 3626/3626 3521/3521
f 3626/3626 3588/3588 3521/3521
f 3588/3588 1558/1558 3522/3522
f 3604/3604 1454/1454 3550/3550
f 1454/1454 1358/1358 3550/3550
f 3605/3605 3627/3627 3562/3562
f 3627/3627 1431/1431 1430/1430
f 3627/3627 1430/1430 3562/3562
f 3628/3628 3629/3629 3468/3468
f 3468/3468 3629/3629 3525/3525
f 3541/3541 3616/3616 3563/3563
f 3563/3563 3630/3630 3494/3494
f 3563/3563 3494/3494 3564/3564
f 3526/3526 3590/3590 1416/1416
f 1416/1416 1434/1434 1417/1417
f 1434/1434 1433/1433 1417/1417
f 1367/1367 3631/3631 3514/3514
f 3632/3632 3617/3617 3547/3547
f 3618/3618 3502/3502 3557/3557
f 3619/3619 3558/3558 3515/3515
f 3633/3633 3634/3634 3516/3516
f 3516/3516 3634/3634 3504/3504
f 3634/3634 3429/3429 3504/3504
f 3635/3635 3517/3517 3571/3571
f 1558/1558 3491/3491 3522/3522
f 3537/3537 3636/3636 3538/3538
f 3625/3625 3601/3601 3587/3587
f 3637/3637 1444/1444 1414/1414
f 3637/3637 1414/1414 1382/1382
f 3606/3606 3607/3607 3540/3540
f 3629/3629 3616/3616 3525/3525
f 3630/3630 3590/3590 3494/3494
f 1434/1434 3608/3608 1432/1432
f 3617/3617 3618/3618 3557/3557
f 3620/3620 3633/3633 3516/3516
f 3429/3429 3638/3638 3598/3598
f 3570/3570 3639/3639 3571/3571
f 3639/3639 3635/3635 3571/3571
f 3599/3599 1378/1378 3506/3506
f 1379/1379 3623/3623 1377/1377
f 3625/3625 3640/3640 3601/3601
f 3549/3549 1404/1404 1338/1338
f 3607/3607 3551/3551 3484/3484
f 3641/3641 3485/3485 3575/3575
f 3642/3642 3589/3589 3485/3485
f 3628/3628 3468/3468 3552/3552
f 3643/3643 3630/3630 3563/3563
f 3609/3609 3644/3644 3512/3512
f 3645/3645 3489/3489 3546/3546
f 1458/1458 3631/3631 1367/1367
f 3646/3646 3633/3633 3620/3620
f 3622/3622 3570/3570 3535/3535
f 3491/3491 3647/3647 3415/3415
f 3647/3647 3648/3648 3415/3415
f 3614/3614 3649/3649 3572/3572
f 3649/3649 3624/3624 3572/3572
f 3650/3650 3561/3561 3560/3560
f 3651/3651 3652/3652 3604/3604
f 3651/3651 3604/3604 3603/3603
f 3652/3652 1454/1454 3604/3604
f 3653/3653 1444/1444 3637/3637
f 3654/3654 1416/1416 3590/3590
f 3655/3655 1434/1434 1416/1416
f 3655/3655 3608/3608 1434/1434
f 3622/3622 3656/3656 3570/3570
f 3570/3570 3656/3656 3639/3639
f 3599/3599 1379/1379 1378/1378
f 3623/3623 3657/3657 3536/3536
f 3536/3536 3657/3657 3518/3518
f 3657/3657 3658/3658 3518/3518
f 3659/3659 3660/3660 3574/3574
f 3659/3659 3574/3574 3615/3615
f 3660/3660 1605/1605 3574/3574
f 3574/3574 1605/1605 3549/3549
f 1605/1605 1404/1404 3549/3549
f 3661/3661 3507/3507 3602/3602
f 3653/3653 1481/1481 1444/1444
f 3662/3662 3628/3628 3552/3552
f 3663/3663 3664/3664 3616/3616
f 3663/3663 3616/3616 3629/3629
f 3616/3616 3643/3643 3563/3563
f 3654/3654 3665/3665 1416/1416
f 1416/1416 3665/3665 3655/3655
f 3608/3608 3666/3666 3582/3582
f 3666/3666 3667/3667 3582/3582
f 3582/3582 3667/3667 3583/3583
f 3667/3667 3591/3591 3583/3583
f 1458/1458 3668/3668 3631/3631
f 3569/3569 3669/3669 3515/3515
f 3569/3569 3515/3515 3548/3548
f 3634/3634 3638/3638 3429/3429
f 3598/3598 3638/3638 3613/3613
f 1558/1558 3670/3670 3491/3491
f 3670/3670 3647/3647 3491/3491
f 1404/1404 1604/1604 1336/1336
f 1336/1336 1604/1604 3492/3492
f 1604/1604 3671/3671 3492/3492
f 3492/3492 3671/3671 3537/3537
f 3671/3671 3636/3636 3537/3537
f 3636/3636 3672/3672 3538/3538
f 3672/3672 3614/3614 3538/3538
f 3600/3600 3673/3673 3573/3573
f 3673/3673 3602/3602 3573/3573
f 3650/3650 3674/3674 3561/3561
f 3652/3652 1535/1535 1454/1454
f 3674/3674 3675/3675 3605/3605
f 3674/3674 3605/3605 3561/3561
f 3675/3675 3627/3627 3605/3605
f 3664/3664 3643/3643 3616/3616
f 3654/3654 3590/3590 3630/3630
f 3655/3655 3676/3676 3608/3608
f 3676/3676 3677/3677 3608/3608
f 3677/3677 3666/3666 3608/3608
f 3618/3618 3678/3678 3569/3569
f 3669/3669 3619/3619 3515/3515
f 3679/3679 3620/3620 3619/3619
f 3679/3679 3646/3646 3620/3620
f 3638/3638 3621/3621 3613/3613
f 3680/3680 3517/3517 3635/3635
f 3680/3680 3599/3599 3517/3517
f 3647/3647 3681/3681 3648/3648
f 3672/3672 3649/3649 3614/3614
f 3661/3661 3682/3682 3507/3507
f 1454/1454 1535/1535 1463/1463
f 3675/3675 3683/3683 3627/3627
f 3683/3683 1500/1500 1431/1431
f 3683/3683 1431/1431 3627/3627
f 3684/3684 1502/1502 3653/3653
f 3653/3653 1502/1502 1481/1481
f 3685/3685 3575/3575 3551/3551
f 3685/3685 3686/3686 3575/3575
f 3686/3686 3641/3641 3575/3575
f 3641/3641 3642/3642 3485/3485
f 3589/3589 3662/3662 3552/3552
f 3628/3628 3663/3663 3629/3629
f 3643/3643 3687/3687 3630/3630
f 3645/3645 3688/3688 3489/3489
f 3688/3688 3689/3689 3501/3501
f 3688/3688 3501/3501 3489/3489
f 3690/3690 3617/3617 3632/3632
f 3617/3617 3678/3678 3618/3618
f 3691/3691 3569/3569 3678/3678
f 3691/3691 3669/3669 3569/3569
f 3692/3692 3619/3619 3669/3669
f 3692/3692 3679/3679 3619/3619
f 3646/3646 3693/3693 3633/3633
f 3693/3693 3634/3634 3633/3633
f 3694/3694 3695/3695 3599/3599
f 3599/3599 3695/3695 1379/1379
f 3696/3696 3623/3623 1379/1379
f 3671/3671 3697/3697 3636/3636
f 3697/3697 3698/3698 3636/3636
f 3640/3640 3626/3626 3601/3601
f 3626/3626 1559/1559 3588/3588
f 1559/1559 1558/1558 3588/3588
f 3699/3699 3673/3673 3600/3600
f 1605/1605 1604/1604 1404/1404
f 3673/3673 3661/3661 3602/3602
f 3651/3651 3700/3700 3652/3652
f 3700/3700 1535/1535 3652/3652
f 1544/1544 1502/1502 3684/3684
f 3701/3701 3607/3607 3606/3606
f 3607/3607 3702/3702 3551/3551
f 3702/3702 3685/3685 3551/3551
f 3703/3703 3663/3663 3628/3628
f 3704/3704 3643/3643 3664/3664
f 3687/3687 3654/3654 3630/3630
f 3654/3654 3705/3705 3665/3665
f 3679/3679 3706/3706 3646/3646
f 3693/3693 3707/3707 3634/3634
f 3708/3708 3638/3638 3634/3634
f 3709/3709 3639/3639 3656/3656
f 3636/3636 3698/3698 3672/3672
f 3710/3710 3640/3640 3625/3625
f 3711/3711 3712/3712 3674/3674
f 3711/3711 3674/3674 3650/3650
f 3713/3713 3700/3700 3651/3651
f 3674/3674 3712/3712 3675/3675
f 3712/3712 3714/3714 3675/3675
f 3675/3675 3714/3714 3683/3683
f 3714/3714 1543/1543 3683/3683
f 3683/3683 1543/1543 1500/1500
f 1546/1546 1542/1542 1544/1544
f 1544/1544 1542/1542 1502/1502
f 1541/1541 1542/1542 1546/1546
f 3701/3701 3715/3715 3607/3607
f 3641/3641 3716/3716 3642/3642
f 3642/3642 3662/3662 3589/3589
f 3717/3717 3655/3655 3665/3665
f 3689/3689 3718/3718 3501/3501
f 3719/3719 3679/3679 3692/3692
f 3706/3706 3693/3693 3646/3646
f 3707/3707 3708/3708 3634/3634
f 3708/3708 3720/3720 3638/3638
f 3720/3720 3621/3621 3638/3638
f 3720/3720 3721/3721 3622/3622
f 3720/3720 3622/3622 3621/3621
f 3721/3721 3656/3656 3622/3622
f 3639/3639 3680/3680 3635/3635
f 3722/3722 3599/3599 3680/3680
f 3695/3695 3723/3723 1379/1379
f 1560/1560 3670/3670 1558/1558
f 3624/3624 3724/3724 3625/3625
f 3713/3713 3725/3725 3700/3700
f 3725/3725 1561/1561 3700/3700
f 3700/3700 1561/1561 1535/1535
f 3714/3714 3726/3726 1543/1543
f 3727/3727 3664/3664 3663/3663
f 3728/3728 3704/3704 3664/3664
f 3704/3704 3729/3729 3643/3643
f 3643/3643 3729/3729 3687/3687
f 3729/3729 3730/3730 3687/3687
f 3730/3730 3654/3654 3687/3687
f 3705/3705 3717/3717 3665/3665
f 3717/3717 3676/3676 3655/3655
f 3731/3731 3688/3688 3645/3645
f 3617/3617 3732/3732 3678/3678
f 3722/3722 3694/3694 3599/3599
f 1604/1604 3733/3733 3671/3671
f 3733/3733 3697/3697 3671/3671
f 3649/3649 3724/3724 3624/3624
f 1562/1562 3734/3734 1536/1536
f 3711/3711 1610/1610 3712/3712
f 1610/1610 1580/1580 3712/3712
f 1580/1580 1582/1582 3712/3712
f 3712/3712 1582/1582 3714/3714
f 1582/1582 1585/1585 3726/3726
f 1582/1582 3726/3726 3714/3714
f 1590/1590 1598/1598 1567/1567
f 1590/1590 1567/1567 1566/1566
f 3662/3662 3735/3735 3628/3628
f 3735/3735 3703/3703 3628/3628
f 3727/3727 3728/3728 3664/3664
f 3609/3609 3736/3736 3644/3644
f 3644/3644 3513/3513 3512/3512
f 1601/1601 1637/1637 1458/1458
f 1458/1458 1637/1637 3668/3668
f 3690/3690 3737/3737 3617/3617
f 3737/3737 3738/3738 3617/3617
f 3738/3738 3732/3732 3617/3617
f 3709/3709 3680/3680 3639/3639
f 3723/3723 3696/3696 1379/1379
f 3670/3670 3739/3739 3647/3647
f 3739/3739 3681/3681 3647/3647
f 3672/3672 3740/3740 3649/3649
f 3740/3740 3724/3724 3649/3649
f 3724/3724 3710/3710 3625/3625
f 3699/3699 3741/3741 3673/3673
f 3741/3741 3661/3661 3673/3673
f 1608/1608 3742/3742 3734/3734
f 1608/1608 3734/3734 1562/1562
f 3743/3743 1607/1607 3713/3713
f 3713/3713 1607/1607 3725/3725
f 3725/3725 1607/1607 1561/1561
f 1581/1581 3744/3744 1582/1582
f 3744/3744 1618/1618 1584/1584
f 3744/3744 1584/1584 1582/1582
f 1590/1590 1622/1622 1598/1598
f 1618/1618 1621/1621 1596/1596
f 1618/1618 1596/1596 1584/1584
f 3715/3715 3702/3702 3607/3607
f 3716/3716 3641/3641 3686/3686
f 3703/3703 3745/3745 3663/3663
f 3745/3745 3727/3727 3663/3663
f 3728/3728 3746/3746 3704/3704
f 3746/3746 3747/3747 3704/3704
f 3704/3704 3747/3747 3729/3729
f 3644/3644 3748/3748 3513/3513
f 3748/3748 3749/3749 3513/3513
f 3691/3691 3750/3750 3669/3669
f 1560/1560 3751/3751 3670/3670
f 3751/3751 3739/3739 3670/3670
f 3752/3752 3753/3753 3699/3699
f 3698/3698 3754/3754 3672/3672
f 3754/3754 3740/3740 3672/3672
f 3710/3710 3755/3755 3640/3640
f 3660/3660 1644/1644 1605/1605
f 1650/1650 3756/3756 1608/1608
f 1608/1608 3756/3756 3742/3742
f 3743/3743 1650/1650 1607/1607
f 3757/3757 3758/3758 1611/1611
f 1611/1611 3758/3758 1581/1581
f 3758/3758 3759/3759 3744/3744
f 3758/3758 3744/3744 1581/1581
f 3759/3759 3760/3760 3744/3744
f 3744/3744 3760/3760 1618/1618
f 3760/3760 1619/1619 1618/1618
f 1657/1657 1620/1620 1619/1619
f 1657/1657 1619/1619 3760/3760
f 1657/1657 1660/1660 1621/1621
f 1621/1621 1660/1660 3761/3761
f 1660/1660 1666/1666 3762/3762
f 1660/1660 3762/3762 3761/3761
f 3716/3716 3662/3662 3642/3642
f 3727/3727 3763/3763 3728/3728
f 3763/3763 3764/3764 3728/3728
f 3765/3765 3609/3609 3592/3592
f 3764/3764 3746/3746 3728/3728
f 3688/3688 3718/3718 3689/3689
f 3750/3750 3692/3692 3669/3669
f 3719/3719 3706/3706 3679/3679
f 3766/3766 3693/3693 3706/3706
f 3721/3721 3709/3709 3656/3656
f 3623/3623 3767/3767 3657/3657
f 3740/3740 3710/3710 3724/3724
f 3753/3753 3741/3741 3699/3699
f 3768/3768 3769/3769 3660/3660
f 3768/3768 3660/3660 3659/3659
f 3769/3769 1644/1644 3660/3660
f 3741/3741 3770/3770 3661/3661
f 3771/3771 3772/3772 3773/3773
f 1688/1688 3774/3774 3756/3756
f 1688/1688 3756/3756 1650/1650
f 3772/3772 1723/1723 3773/3773
f 3773/3773 1723/1723 3775/3775
f 3774/3774 3776/3776 3756/3756
f 1723/1723 1725/1725 3777/3777
f 1723/1723 3777/3777 3775/3775
f 3778/3778 1689/1689 1650/1650
f 3778/3778 1650/1650 3743/3743
f 3779/3779 3780/3780 3781/3781
f 3781/3781 3780/3780 3771/3771
f 3780/3780 3772/3772 3771/3771
f 3772/3772 1724/1724 1723/1723
f 3782/3782 3783/3783 3757/3757
f 3757/3757 3783/3783 3758/3758
f 3784/3784 3783/3783 3785/3785
f 3785/3785 3783/3783 3782/3782
f 3779/3779 3786/3786 3780/3780
f 3786/3786 3787/3787 3780/3780
f 3780/3780 3787/3787 3772/3772
f 3787/3787 3788/3788 1724/1724
f 3787/3787 1724/1724 3772/3772
f 3788/3788 3789/3789 1724/1724
f 1724/1724 3789/3789 1726/1726
f 3783/3783 3790/3790 3759/3759
f 3783/3783 3759/3759 3758/3758
f 3791/3791 3790/3790 3783/3783
f 3791/3791 3783/3783 3784/3784
f 3792/3792 3786/3786 3779/3779
f 3786/3786 3793/3793 3787/3787
f 3793/3793 3794/3794 3787/3787
f 3787/3787 3794/3794 3788/3788
f 3794/3794 3795/3795 3788/3788
f 3788/3788 3795/3795 3789/3789
f 3790/3790 3796/3796 3760/3760
f 3790/3790 3760/3760 3759/3759
f 3797/3797 3796/3796 3790/3790
f 3797/3797 3790/3790 3791/3791
f 3798/3798 1727/1727 3786/3786
f 3798/3798 3786/3786 3792/3792
f 3786/3786 1727/1727 3793/3793
f 1727/1727 3799/3799 3793/3793
f 3793/3793 3799/3799 3794/3794
f 3796/3796 3800/3800 1657/1657
f 3796/3796 1657/1657 3760/3760
f 1661/1661 1731/1731 1693/1693
f 3798/3798 1728/1728 1727/1727
f 3800/3800 1658/1658 1657/1657
f 1661/1661 1694/1694 1731/1731
f 1658/1658 1698/1698 1659/1659
f 1697/1697 1700/1700 3801/3801
f 1697/1697 3801/3801 1666/1666
f 1700/1700 1706/1706 3802/3802
f 1700/1700 3802/3802 3801/3801
f 3701/3701 3803/3803 3715/3715
f 3685/3685 3804/3804 3686/3686
f 3686/3686 3804/3804 3716/3716
f 3804/3804 3805/3805 3716/3716
f 3716/3716 3735/3735 3662/3662
f 3735/3735 3806/3806 3703/3703
f 3745/3745 3807/3807 3727/3727
f 3807/3807 3808/3808 3727/3727
f 3808/3808 3809/3809 3763/3763
f 3808/3808 3763/3763 3727/3727
f 3809/3809 3810/3810 3763/3763
f 3763/3763 3810/3810 3764/3764
f 3810/3810 1746/1746 3764/3764
f 1746/1746 1748/1748 3746/3746
f 1746/1746 3746/3746 3764/3764
f 3736/3736 3748/3748 3644/3644
f 3811/3811 3737/3737 3690/3690
f 3732/3732 3812/3812 3678/3678
f 3812/3812 3691/3691 3678/3678
f 3813/3813 3814/3814 3708/3708
f 3708/3708 3814/3814 3720/3720
f 3814/3814 3721/3721 3720/3720
f 3815/3815 3722/3722 3680/3680
f 3755/3755 3816/3816 3640/3640
f 3640/3640 3817/3817 3626/3626
f 3817/3817 1559/1559 3626/3626
f 3770/3770 3682/3682 3661/3661
f 3799/3799 3818/3818 3794/3794
f 3794/3794 3819/3819 3795/3795
f 3797/3797 3820/3820 3796/3796
f 3820/3820 3800/3800 3796/3796
f 3818/3818 3819/3819 3794/3794
f 1729/1729 3799/3799 1727/1727
f 1730/1730 3821/3821 1729/1729
f 1729/1729 3821/3821 3799/3799
f 3821/3821 3822/3822 3799/3799
f 3799/3799 3822/3822 3818/3818
f 3820/3820 3823/3823 3800/3800
f 3822/3822 3824/3824 3819/3819
f 3822/3822 3819/3819 3818/3818
f 1733/1733 3825/3825 1730/1730
f 3825/3825 1782/1782 1730/1730
f 1730/1730 1782/1782 3821/3821
f 3800/3800 3826/3826 1658/1658
f 1658/1658 3826/3826 1698/1698
f 3827/3827 3826/3826 3800/3800
f 3827/3827 3800/3800 3823/3823
f 3826/3826 3828/3828 1698/1698
f 1698/1698 3828/3828 1699/1699
f 3828/3828 1744/1744 1705/1705
f 3828/3828 1705/1705 1699/1699
f 1743/1743 1745/1745 3829/3829
f 1743/1743 3829/3829 1706/1706
f 3702/3702 3830/3830 3685/3685
f 3806/3806 3831/3831 3703/3703
f 3831/3831 3745/3745 3703/3703
f 3832/3832 3833/3833 3807/3807
f 3832/3832 3807/3807 3745/3745
f 3833/3833 3834/3834 3808/3808
f 3833/3833 3808/3808 3807/3807
f 3834/3834 3835/3835 3809/3809
f 3834/3834 3809/3809 3808/3808
f 1747/1747 1746/1746 3810/3810
f 1843/1843 3730/3730 3729/3729
f 3836/3836 3717/3717 3705/3705
f 3837/3837 3676/3676 3717/3717
f 1748/1748 3838/3838 3746/3746
f 3838/3838 3747/3747 3746/3746
f 3692/3692 3839/3839 3719/3719
f 3719/3719 3839/3839 3706/3706
f 3839/3839 3766/3766 3706/3706
f 3693/3693 3840/3840 3707/3707
f 3840/3840 3841/3841 3707/3707
f 3707/3707 3841/3841 3708/3708
f 3841/3841 3813/3813 3708/3708
f 3815/3815 3694/3694 3722/3722
f 3842/3842 3723/3723 3695/3695
f 3696/3696 3767/3767 3623/3623
f 1606/1606 3733/3733 1604/1604
f 3697/3697 3754/3754 3698/3698
f 3816/3816 3817/3817 3640/3640
f 1782/1782 3843/3843 3821/3821
f 3821/3821 3843/3843 3822/3822
f 3822/3822 3844/3844 3824/3824
f 3845/3845 3846/3846 3827/3827
f 3845/3845 3827/3827 3823/3823
f 3843/3843 3847/3847 3844/3844
f 3843/3843 3844/3844 3822/3822
f 1759/1759 3825/3825 1733/1733
f 1758/1758 3848/3848 1759/1759
f 1759/1759 3848/3848 3825/3825
f 3848/3848 1783/1783 3825/3825
f 3825/3825 1783/1783 1782/1782
f 3827/3827 3849/3849 3828/3828
f 3827/3827 3828/3828 3826/3826
f 3850/3850 3849/3849 3827/3827
f 3850/3850 3827/3827 3846/3846
f 3851/3851 1787/1787 3848/3848
f 3851/3851 3848/3848 1758/1758
f 1787/1787 1785/1785 3848/3848
f 3848/3848 1785/1785 1783/1783
f 3849/3849 3852/3852 3828/3828
f 3828/3828 3852/3852 1744/1744
f 3852/3852 3853/3853 1745/1745
f 3852/3852 1745/1745 1744/1744
f 3831/3831 3854/3854 3832/3832
f 3831/3831 3832/3832 3745/3745
f 3854/3854 3855/3855 3833/3833
f 3854/3854 3833/3833 3832/3832
f 3853/3853 3856/3856 1745/1745
f 1745/1745 3856/3856 3857/3857
f 3730/3730 3858/3858 3654/3654
f 3858/3858 3705/3705 3654/3654
f 3858/3858 3836/3836 3705/3705
f 3676/3676 3859/3859 3677/3677
f 3859/3859 3666/3666 3677/3677
f 3860/3860 3838/3838 1748/1748
f 3747/3747 1843/1843 3729/3729
f 3738/3738 3812/3812 3732/3732
f 3693/3693 3766/3766 3840/3840
f 3861/3861 3814/3814 3813/3813
f 3862/3862 3709/3709 3721/3721
f 3863/3863 3864/3864 3709/3709
f 3709/3709 3864/3864 3680/3680
f 3815/3815 3695/3695 3694/3694
f 3815/3815 3842/3842 3695/3695
f 1881/1881 3696/3696 3723/3723
f 3865/3865 3740/3740 3754/3754
f 3710/3710 3816/3816 3755/3755
f 1784/1784 3843/3843 1782/1782
f 1783/1783 3866/3866 1784/1784
f 1784/1784 3867/3867 3843/3843
f 3843/3843 3867/3867 3847/3847
f 3867/3867 3868/3868 3847/3847
f 3866/3866 3867/3867 1784/1784
f 1786/1786 3869/3869 1783/1783
f 1783/1783 3869/3869 3866/3866
f 3869/3869 3870/3870 3866/3866
f 3866/3866 3870/3870 3867/3867
f 3850/3850 3871/3871 3849/3849
f 3849/3849 3871/3871 3852/3852
f 3870/3870 3872/3872 3868/3868
f 3870/3870 3868/3868 3867/3867
f 1789/1789 1786/1786 1785/1785
f 1789/1789 1785/1785 1787/1787
f 1790/1790 1797/1797 1789/1789
f 1789/1789 1797/1797 1786/1786
f 3871/3871 3873/3873 3852/3852
f 3852/3852 3873/3873 3853/3853
f 3874/3874 3803/3803 3701/3701
f 3803/3803 3875/3875 3715/3715
f 3875/3875 3702/3702 3715/3715
f 3805/3805 3735/3735 3716/3716
f 3831/3831 3876/3876 3854/3854
f 3876/3876 3877/3877 3854/3854
f 3854/3854 3877/3877 3855/3855
f 3873/3873 3856/3856 3853/3853
f 1843/1843 3878/3878 3730/3730
f 3878/3878 3858/3858 3730/3730
f 3836/3836 3879/3879 3717/3717
f 3879/3879 3837/3837 3717/3717
f 3837/3837 3880/3880 3676/3676
f 3880/3880 3859/3859 3676/3676
f 3881/3881 3882/3882 3838/3838
f 3881/3881 3838/3838 3860/3860
f 3882/3882 1844/1844 3838/3838
f 3838/3838 1844/1844 3747/3747
f 3812/3812 3883/3883 3691/3691
f 3883/3883 3884/3884 3691/3691
f 3691/3691 3884/3884 3750/3750
f 3750/3750 3885/3885 3692/3692
f 3885/3885 3886/3886 3692/3692
f 3886/3886 3839/3839 3692/3692
f 3887/3887 3766/3766 3839/3839
f 3840/3840 3888/3888 3841/3841
f 3888/3888 3861/3861 3813/3813
f 3888/3888 3813/3813 3841/3841
f 3814/3814 3862/3862 3721/3721
f 3862/3862 3863/3863 3709/3709
f 3864/3864 3889/3889 3680/3680
f 3889/3889 3815/3815 3680/3680
f 3842/3842 1881/1881 3723/3723
f 3751/3751 3890/3890 3739/3739
f 3891/3891 3753/3753 3752/3752
f 3740/3740 3892/3892 3710/3710
f 3892/3892 3816/3816 3710/3710
f 1799/1799 3893/3893 3869/3869
f 1799/1799 3869/3869 1786/1786
f 1798/1798 3894/3894 3893/3893
f 1798/1798 3893/3893 1799/1799
f 3893/3893 3870/3870 3869/3869
f 3894/3894 3895/3895 3893/3893
f 3893/3893 3895/3895 3870/3870
f 3870/3870 3896/3896 3872/3872
f 3897/3897 3898/3898 3871/3871
f 3871/3871 3898/3898 3873/3873
f 3895/3895 3899/3899 3896/3896
f 3895/3895 3896/3896 3870/3870
f 3805/3805 3900/3900 3735/3735
f 3806/3806 3901/3901 3831/3831
f 3901/3901 3902/3902 3831/3831
f 3831/3831 3902/3902 3876/3876
f 3902/3902 3903/3903 3876/3876
f 3876/3876 3903/3903 3877/3877
f 3903/3903 3904/3904 3877/3877
f 1790/1790 1798/1798 1797/1797
f 3904/3904 1807/1807 1806/1806
f 3905/3905 3906/3906 3881/3881
f 3907/3907 3879/3879 3836/3836
f 3906/3906 3882/3882 3881/3881
f 1844/1844 1843/1843 3747/3747
f 3736/3736 3908/3908 3748/3748
f 3748/3748 3909/3909 3749/3749
f 3738/3738 3910/3910 3812/3812
f 3884/3884 3885/3885 3750/3750
f 3911/3911 3887/3887 3839/3839
f 3912/3912 3888/3888 3840/3840
f 3889/3889 3913/3913 3815/3815
f 3913/3913 3842/3842 3815/3815
f 3913/3913 3914/3914 3842/3842
f 3914/3914 1881/1881 3842/3842
f 3915/3915 3696/3696 1881/1881
f 3696/3696 3916/3916 3767/3767
f 3733/3733 3917/3917 3697/3697
f 3917/3917 3754/3754 3697/3697
f 3918/3918 3865/3865 3754/3754
f 3919/3919 3740/3740 3865/3865
f 3919/3919 3892/3892 3740/3740
f 3920/3920 1834/1834 3769/3769
f 3920/3920 3769/3769 3768/3768
f 1834/1834 1644/1644 3769/3769
f 3830/3830 3804/3804 3685/3685
f 3735/3735 3921/3921 3806/3806
f 3903/3903 1809/1809 3904/3904
f 1809/1809 1807/1807 3904/3904
f 1808/1808 3922/3922 3923/3923
f 1808/1808 3923/3923 1806/1806
f 3922/3922 3924/3924 3905/3905
f 3922/3922 3905/3905 3923/3923
f 3924/3924 3906/3906 3905/3905
f 3858/3858 3907/3907 3836/3836
f 3886/3886 3911/3911 3839/3839
f 3861/3861 3925/3925 3814/3814
f 3925/3925 3862/3862 3814/3814
f 3926/3926 3863/3863 3862/3862
f 3917/3917 3918/3918 3754/3754
f 3918/3918 3927/3927 3865/3865
f 3919/3919 3928/3928 3892/3892
f 3817/3817 1827/1827 1559/1559
f 3929/3929 3900/3900 3805/3805
f 3901/3901 3930/3930 3903/3903
f 3901/3901 3903/3903 3902/3902
f 3930/3930 1809/1809 3903/3903
f 1809/1809 3930/3930 1808/1808
f 3930/3930 3931/3931 1808/1808
f 1808/1808 3931/3931 3922/3922
f 3931/3931 3932/3932 3924/3924
f 3931/3931 3924/3924 3922/3922
f 3924/3924 3932/3932 3906/3906
f 3933/3933 3609/3609 3765/3765
f 3932/3932 1845/1845 3906/3906
f 3906/3906 1845/1845 3882/3882
f 1845/1845 1844/1844 3882/3882
f 3811/3811 3934/3934 3737/3737
f 3934/3934 3738/3738 3737/3737
f 3766/3766 3935/3935 3840/3840
f 1835/1835 3733/3733 1606/1606
f 3892/3892 3936/3936 3816/3816
f 3936/3936 3817/3817 3816/3816
f 3741/3741 3937/3937 3770/3770
f 3937/3937 3938/3938 3682/3682
f 3937/3937 3682/3682 3770/3770
f 3921/3921 3901/3901 3806/3806
f 3930/3930 3932/3932 3931/3931
f 3878/3878 3939/3939 3858/3858
f 3879/3879 3880/3880 3837/3837
f 3666/3666 3940/3940 3667/3667
f 1813/1813 1802/1802 1889/1889
f 3941/3941 3934/3934 3811/3811
f 3718/3718 3942/3942 3943/3943
f 3934/3934 3944/3944 3738/3738
f 3944/3944 3910/3910 3738/3738
f 3945/3945 3884/3884 3883/3883
f 3935/3935 3912/3912 3840/3840
f 3888/3888 3925/3925 3861/3861
f 1827/1827 3751/3751 1560/1560
f 3891/3891 3946/3946 3753/3753
f 3946/3946 3947/3947 3741/3741
f 3946/3946 3741/3741 3753/3753
f 3947/3947 3937/3937 3741/3741
f 3875/3875 3830/3830 3702/3702
f 3900/3900 3921/3921 3735/3735
f 3932/3932 3948/3948 1845/1845
f 3948/3948 1843/1843 1845/1845
f 3948/3948 3949/3949 1843/1843
f 3949/3949 3878/3878 1843/1843
f 3949/3949 3939/3939 3878/3878
f 3939/3939 3950/3950 3858/3858
f 3859/3859 3951/3951 3666/3666
f 3951/3951 3940/3940 3666/3666
f 3731/3731 3952/3952 3688/3688
f 3952/3952 3718/3718 3688/3688
f 3910/3910 3883/3883 3812/3812
f 3887/3887 3953/3953 3766/3766
f 3889/3889 3954/3954 3913/3913
f 1883/1883 3915/3915 1881/1881
f 3915/3915 3955/3955 3696/3696
f 3955/3955 3916/3916 3696/3696
f 1835/1835 3956/3956 3733/3733
f 3927/3927 3919/3919 3865/3865
f 3830/3830 3957/3957 3804/3804
f 3804/3804 3958/3958 3805/3805
f 3958/3958 3929/3929 3805/3805
f 3921/3921 3959/3959 3901/3901
f 3959/3959 3948/3948 3901/3901
f 3901/3901 3948/3948 3930/3930
f 3930/3930 3948/3948 3932/3932
f 3950/3950 3907/3907 3858/3858
f 3885/3885 3960/3960 3886/3886
f 3960/3960 3911/3911 3886/3886
f 3888/3888 3961/3961 3925/3925
f 3925/3925 3962/3962 3862/3862
f 3926/3926 3864/3864 3863/3863
f 1882/1882 1881/1881 3914/3914
f 3956/3956 3917/3917 3733/3733
f 3928/3928 3963/3963 3892/3892
f 3963/3963 3936/3936 3892/3892
f 3900/3900 3964/3964 3921/3921
f 3921/3921 3964/3964 3959/3959
f 3959/3959 3965/3965 3948/3948
f 3965/3965 3949/3949 3948/3948
f 3966/3966 3859/3859 3880/3880
f 3952/3952 3942/3942 3718/3718
f 3967/3967 3960/3960 3885/3885
f 3912/3912 3961/3961 3888/3888
f 3962/3962 3926/3926 3862/3862
f 3954/3954 3914/3914 3913/3913
f 1827/1827 1918/1918 3751/3751
f 1918/1918 3890/3890 3751/3751
f 3918/3918 3968/3968 3927/3927
f 3969/3969 1884/1884 1834/1834
f 3969/3969 1834/1834 3920/3920
f 3970/3970 3957/3957 3830/3830
f 3929/3929 3971/3971 3900/3900
f 3964/3964 3965/3965 3959/3959
f 3609/3609 3908/3908 3736/3736
f 3884/3884 3967/3967 3885/3885
f 3911/3911 3953/3953 3887/3887
f 3953/3953 3972/3972 3766/3766
f 3972/3972 3935/3935 3766/3766
f 3973/3973 3804/3804 3957/3957
f 3973/3973 3958/3958 3804/3804
f 3971/3971 3964/3964 3900/3900
f 3974/3974 3965/3965 3964/3964
f 3965/3965 3974/3974 3949/3949
f 3974/3974 3975/3975 3949/3949
f 3975/3975 3939/3939 3949/3949
f 3975/3975 3950/3950 3939/3939
f 3966/3966 3951/3951 3859/3859
f 3951/3951 3976/3976 3940/3940
f 3926/3926 3954/3954 3864/3864
f 3954/3954 3889/3889 3864/3864
f 1976/1976 1882/1882 3914/3914
f 3956/3956 3977/3977 3917/3917
f 3968/3968 3919/3919 3927/3927
f 3919/3919 3978/3978 3928/3928
f 3936/3936 3979/3979 3817/3817
f 3979/3979 1827/1827 3817/3817
f 3980/3980 3981/3981 3803/3803
f 3980/3980 3803/3803 3874/3874
f 3981/3981 3875/3875 3803/3803
f 3982/3982 3974/3974 3964/3964
f 3976/3976 3983/3983 3940/3940
f 3984/3984 3985/3985 3933/3933
f 3933/3933 3985/3985 3609/3609
f 3609/3609 3985/3985 3908/3908
f 3986/3986 3936/3936 3963/3963
f 3986/3986 3979/3979 3936/3936
f 3979/3979 1919/1919 1827/1827
f 3947/3947 3987/3987 3937/3937
f 3971/3971 3982/3982 3964/3964
f 3982/3982 3988/3988 3974/3974
f 3989/3989 3975/3975 3974/3974
f 3990/3990 3880/3880 3879/3879
f 3960/3960 3953/3953 3911/3911
f 3991/3991 3961/3961 3912/3912
f 3991/3991 3992/3992 3961/3961
f 3992/3992 3925/3925 3961/3961
f 3992/3992 3962/3962 3925/3925
f 3993/3993 3914/3914 3954/3954
f 3891/3891 3994/3994 3946/3946
f 1921/1921 3956/3956 1835/1835
f 3977/3977 3995/3995 3917/3917
f 3917/3917 3995/3995 3918/3918
f 3995/3995 3968/3968 3918/3918
f 3928/3928 3996/3996 3963/3963
f 3996/3996 3986/3986 3963/3963
f 3994/3994 3947/3947 3946/3946
f 3969/3969 3997/3997 1884/1884
f 3997/3997 1920/1920 1884/1884
f 3987/3987 3938/3938 3937/3937
f 3998/3998 3973/3973 3957/3957
f 3999/3999 3929/3929 3958/3958
f 3929/3929 3982/3982 3971/3971
f 3950/3950 3990/3990 3907/3907
f 3907/3907 3990/3990 3879/3879
f 3952/3952 4000/4000 3942/3942
f 3910/3910 4001/4001 3883/3883
f 4001/4001 4002/4002 3883/3883
f 3883/3883 4002/4002 3945/3945
f 3945/3945 4002/4002 3884/3884
f 3960/3960 4003/4003 3953/3953
f 4004/4004 3991/3991 3912/3912
f 4005/4005 3954/3954 3926/3926
f 1883/1883 4006/4006 3915/3915
f 4006/4006 3955/3955 3915/3915
f 3968/3968 3978/3978 3919/3919
f 3978/3978 3996/3996 3928/3928
f 3981/3981 3830/3830 3875/3875
f 4007/4007 3970/3970 3830/3830
f 3998/3998 4008/4008 3973/3973
f 4008/4008 3999/3999 3958/3958
f 4008/4008 3958/3958 3973/3973
f 3988/3988 3989/3989 3974/3974
f 4009/4009 3966/3966 3880/3880
f 4010/4010 3934/3934 3941/3941
f 4011/4011 4001/4001 3910/3910
f 3972/3972 4012/4012 3935/3935
f 3935/3935 4004/4004 3912/3912
f 4013/4013 3962/3962 3992/3992
f 3962/3962 4014/4014 3926/3926
f 4014/4014 4005/4005 3926/3926
f 4005/4005 4015/4015 3954/3954
f 3954/3954 4015/4015 3993/3993
f 3993/3993 4016/4016 3914/3914
f 4016/4016 1976/1976 3914/3914
f 4017/4017 4006/4006 1883/1883
f 1918/1918 4018/4018 3890/3890
f 4018/4018 4019/4019 3890/3890
f 3956/3956 4020/4020 3977/3977
f 4020/4020 3995/3995 3977/3977
f 3995/3995 4021/4021 3968/3968
f 3994/3994 4022/4022 3947/3947
f 4023/4023 3997/3997 3969/3969
f 4022/4022 3987/3987 3947/3947
f 3987/3987 4024/4024 3938/3938
f 3981/3981 4007/4007 3830/3830
f 3970/3970 3998/3998 3957/3957
f 3929/3929 4025/4025 3982/3982
f 4025/4025 3988/3988 3982/3982
f 3989/3989 4026/4026 3975/3975
f 3950/3950 4027/4027 3990/3990
f 4027/4027 4028/4028 3990/3990
f 4028/4028 4009/4009 3990/3990
f 3990/3990 4009/4009 3880/3880
f 4029/4029 4030/4030 3966/3966
f 4030/4030 3951/3951 3966/3966
f 3985/3985 4031/4031 3908/3908
f 3944/3944 4011/4011 3910/3910
f 4006/4006 4032/4032 3955/3955
f 1953/1953 4018/4018 1918/1918
f 4021/4021 3978/3978 3968/3968
f 4033/4033 3986/3986 3996/3996
f 4007/4007 4034/4034 3970/3970
f 4034/4034 3998/3998 3970/3970
f 3999/3999 4035/4035 3929/3929
f 4035/4035 4025/4025 3929/3929
f 3975/3975 4027/4027 3950/3950
f 4036/4036 4000/4000 3952/3952
f 4002/4002 3967/3967 3884/3884
f 3967/3967 4037/4037 3960/3960
f 4003/4003 4038/4038 3953/3953
f 4038/4038 3972/3972 3953/3953
f 4039/4039 3992/3992 3991/3991
f 4040/4040 4013/4013 3992/3992
f 4013/4013 4041/4041 3962/3962
f 4015/4015 4016/4016 3993/3993
f 1975/1975 1882/1882 1976/1976
f 1975/1975 1883/1883 1882/1882
f 4020/4020 3956/3956 1921/1921
f 4020/4020 4042/4042 3995/3995
f 4042/4042 4043/4043 3995/3995
f 4043/4043 4021/4021 3995/3995
f 4023/4023 4044/4044 3997/3997
f 4044/4044 1920/1920 3997/3997
f 4024/4024 3987/3987 4022/4022
f 4026/4026 4027/4027 3975/3975
f 4009/4009 4029/4029 3966/3966
f 3984/3984 4045/4045 3985/3985
f 4046/4046 4037/4037 3967/3967
f 4012/4012 4004/4004 3935/3935
f 4004/4004 4039/4039 3991/3991
f 4041/4041 4014/4014 3962/3962
f 1971/1971 4020/4020 1921/1921
f 3978/3978 4047/4047 3996/3996
f 4047/4047 4033/4033 3996/3996
f 4033/4033 4048/4048 3986/3986
f 3986/3986 4048/4048 3979/3979
f 4048/4048 1944/1944 3979/3979
f 3979/3979 1944/1944 1919/1919
f 4049/4049 3989/3989 3988/3988
f 4049/4049 4026/4026 3989/3989
f 4050/4050 4051/4051 4028/4028
f 4028/4028 4051/4051 4009/4009
f 4051/4051 4029/4029 4009/4009
f 4036/4036 4052/4052 4000/4000
f 4010/4010 4053/4053 3934/3934
f 4053/4053 3944/3944 3934/3934
f 4011/4011 4002/4002 4001/4001
f 4039/4039 4040/4040 3992/3992
f 4054/4054 4016/4016 4015/4015
f 1975/1975 4017/4017 1883/1883
f 3999/3999 4055/4055 4035/4035
f 4035/4035 4056/4056 4025/4025
f 4057/4057 4049/4049 3988/3988
f 4026/4026 4058/4058 4027/4027
f 4058/4058 4050/4050 4028/4028
f 4058/4058 4028/4028 4027/4027
f 3985/3985 4045/4045 4031/4031
f 4059/4059 4036/4036 3952/3952
f 4002/4002 4060/4060 3967/3967
f 4037/4037 4003/4003 3960/3960
f 4061/4061 4040/4040 4039/4039
f 4062/4062 4013/4013 4040/4040
f 4062/4062 4041/4041 4013/4013
f 4005/4005 4054/4054 4015/4015
f 1977/1977 1976/1976 4016/4016
f 4043/4043 4063/4063 4021/4021
f 4064/4064 3978/3978 4021/4021
f 4065/4065 4048/4048 4033/4033
f 4066/4066 4067/4067 3994/3994
f 3994/3994 4067/4067 4022/4022
f 4044/4044 1988/1988 1920/1920
f 4067/4067 4024/4024 4022/4022
f 4049/4049 4068/4068 4026/4026
f 4050/4050 4069/4069 4051/4051
f 3951/3951 4070/4070 3976/3976
f 4070/4070 3983/3983 3976/3976
f 4053/4053 4071/4071 3944/3944
f 4011/4011 4072/4072 4002/4002
f 4072/4072 4060/4060 4002/4002
f 4062/4062 4073/4073 4041/4041
f 4073/4073 4014/4014 4041/4041
f 4073/4073 4005/4005 4014/4014
f 4073/4073 4074/4074 4005/4005
f 4074/4074 4054/4054 4005/4005
f 4054/4054 1977/1977 4016/4016
f 4074/4074 1977/1977 4054/4054
f 1977/1977 4075/4075 1975/1975
f 4076/4076 4006/4006 4017/4017
f 2007/2007 4018/4018 1953/1953
f 2007/2007 4077/4077 4018/4018
f 4018/4018 4077/4077 4019/4019
f 1971/1971 2050/2050 4020/4020
f 2050/2050 4078/4078 4020/4020
f 4078/4078 4042/4042 4020/4020
f 4063/4063 4064/4064 4021/4021
f 4079/4079 4033/4033 4047/4047
f 4079/4079 4065/4065 4033/4033
f 4048/4048 4080/4080 1944/1944
f 4080/4080 4081/4081 1944/1944
f 4082/4082 4066/4066 3994/3994
f 3998/3998 4083/4083 4008/4008
f 4083/4083 3999/3999 4008/4008
f 4055/4055 4056/4056 4035/4035
f 4068/4068 4084/4084 4026/4026
f 4084/4084 4058/4058 4026/4026
f 4071/4071 4085/4085 4011/4011
f 4071/4071 4011/4011 3944/3944
f 4086/4086 4003/4003 4037/4037
f 4062/4062 4087/4087 4073/4073
f 4073/4073 4088/4088 4074/4074
f 4078/4078 4043/4043 4042/4042
f 4056/4056 3988/3988 4025/4025
f 4051/4051 4069/4069 4029/4029
f 4089/4089 4053/4053 4010/4010
f 4011/4011 4085/4085 4072/4072
f 4060/4060 4046/4046 3967/3967
f 4046/4046 4086/4086 4037/4037
f 4086/4086 4090/4090 4003/4003
f 4090/4090 4038/4038 4003/4003
f 4075/4075 4076/4076 1975/1975
f 1975/1975 4076/4076 4017/4017
f 4076/4076 4091/4091 4006/4006
f 4091/4091 4032/4032 4006/4006
f 4064/4064 4092/4092 3978/3978
f 4092/4092 4047/4047 3978/3978
f 4047/4047 4092/4092 4079/4079
f 4079/4079 4093/4093 4065/4065
f 4065/4065 4080/4080 4048/4048
f 4081/4081 2032/2032 1944/1944
f 4094/4094 4034/4034 4007/4007
f 4034/4034 4095/4095 3998/3998
f 4083/4083 4096/4096 3999/3999
f 4096/4096 4097/4097 3999/3999
f 3999/3999 4097/4097 4055/4055
f 4055/4055 4098/4098 4056/4056
f 4056/4056 4057/4057 3988/3988
f 4069/4069 4030/4030 4029/4029
f 4046/4046 4099/4099 4086/4086
f 4090/4090 4100/4100 4038/4038
f 4038/4038 4100/4100 3972/3972
f 4100/4100 4012/4012 3972/3972
f 4100/4100 4039/4039 4012/4012
f 4012/4012 4039/4039 4004/4004
f 4101/4101 4040/4040 4061/4061
f 4040/4040 4101/4101 4062/4062
f 4101/4101 4087/4087 4062/4062
f 4087/4087 4102/4102 4073/4073
f 4102/4102 4088/4088 4073/4073
f 4088/4088 1977/1977 4074/4074
f 4091/4091 4103/4103 4032/4032
f 2032/2032 4077/4077 2007/2007
f 4104/4104 4078/4078 2050/2050
f 4043/4043 4105/4105 4063/4063
f 4063/4063 4105/4105 4064/4064
f 4064/4064 4105/4105 4092/4092
f 4105/4105 4106/4106 4092/4092
f 4106/4106 4107/4107 4079/4079
f 4106/4106 4079/4079 4092/4092
f 4107/4107 4093/4093 4079/4079
f 4093/4093 4108/4108 4065/4065
f 4108/4108 4080/4080 4065/4065
f 4080/4080 4109/4109 4081/4081
f 4109/4109 2032/2032 4081/4081
f 4066/4066 2313/2313 4067/4067
f 4110/4110 4111/4111 4044/4044
f 4110/4110 4044/4044 4023/4023
f 4111/4111 1988/1988 4044/4044
f 4097/4097 4098/4098 4055/4055
f 4112/4112 4031/4031 4045/4045
f 4089/4089 4113/4113 4053/4053
f 4113/4113 4114/4114 4053/4053
f 4053/4053 4114/4114 4071/4071
f 4114/4114 4085/4085 4071/4071
f 4114/4114 4115/4115 4085/4085
f 4115/4115 4116/4116 4072/4072
f 4115/4115 4072/4072 4085/4085
f 4116/4116 4060/4060 4072/4072
f 4116/4116 4117/4117 4060/4060
f 4060/4060 4117/4117 4046/4046
f 4046/4046 4117/4117 4099/4099
f 4099/4099 4090/4090 4086/4086
f 4118/4118 4039/4039 4100/4100
f 4118/4118 4061/4061 4039/4039
f 4118/4118 4119/4119 4061/4061
f 4119/4119 4101/4101 4061/4061
f 4087/4087 4120/4120 4102/4102
f 4102/4102 4121/4121 4088/4088
f 4088/4088 4122/4122 1977/1977
f 4122/4122 4075/4075 1977/1977
f 4122/4122 4123/4123 4075/4075
f 4075/4075 4123/4123 4076/4076
f 4123/4123 4091/4091 4076/4076
f 4104/4104 4043/4043 4078/4078
f 4108/4108 4109/4109 4080/4080
f 4109/4109 4124/4124 2032/2032
f 4124/4124 4125/4125 4077/4077
f 4124/4124 4077/4077 2032/2032
f 4126/4126 2313/2313 4082/4082
f 4082/4082 2313/2313 4066/4066
f 4111/4111 2058/2058 1988/1988
f 3980/3980 4094/4094 3981/3981
f 3981/3981 4094/4094 4007/4007
f 4094/4094 4127/4127 4034/4034
f 4127/4127 4095/4095 4034/4034
f 4095/4095 4083/4083 3998/3998
f 4095/4095 4096/4096 4083/4083
f 4098/4098 4057/4057 4056/4056
f 4057/4057 4068/4068 4049/4049
f 4068/4068 4128/4128 4084/4084
f 4058/4058 4129/4129 4050/4050
f 4129/4129 4069/4069 4050/4050
f 4070/4070 4130/4130 3983/3983
f 4131/4131 4045/4045 3984/3984
f 4132/4132 4114/4114 4113/4113
f 4101/4101 4120/4120 4087/4087
f 4121/4121 4133/4133 4088/4088
f 4133/4133 4122/4122 4088/4088
f 4134/4134 4135/4135 4091/4091
f 4134/4134 4091/4091 4123/4123
f 4091/4091 4135/4135 4103/4103
f 4135/4135 4136/4136 4103/4103
f 4137/4137 4111/4111 4110/4110
f 2058/2058 4138/4138 2050/2050
f 2050/2050 4138/4138 4104/4104
f 4138/4138 4139/4139 4104/4104
f 4104/4104 4139/4139 4043/4043
f 4139/4139 4105/4105 4043/4043
f 4139/4139 4140/4140 4105/4105
f 4140/4140 4106/4106 4105/4105
f 4140/4140 4141/4141 4106/4106
f 4141/4141 4107/4107 4106/4106
f 4141/4141 4142/4142 4107/4107
f 4142/4142 4093/4093 4107/4107
f 4142/4142 4108/4108 4093/4093
f 4142/4142 4143/4143 4108/4108
f 4108/4108 4143/4143 4109/4109
f 4143/4143 4144/4144 4124/4124
f 4143/4143 4124/4124 4109/4109
f 4144/4144 4125/4125 4124/4124
f 2312/2312 2313/2313 4126/4126
f 4145/4145 4067/4067 2313/2313
f 4067/4067 4146/4146 4024/4024
f 4098/4098 4147/4147 4057/4057
f 4030/4030 4148/4148 3951/3951
f 4148/4148 4070/4070 3951/3951
f 2334/2334 2083/2083 2082/2082
f 4132/4132 4149/4149 4114/4114
f 4114/4114 4149/4149 4115/4115
f 4149/4149 4150/4150 4115/4115
f 4115/4115 4150/4150 4116/4116
f 4150/4150 4151/4151 4116/4116
f 4116/4116 4151/4151 4117/4117
f 4151/4151 4152/4152 4117/4117
f 4152/4152 4099/4099 4117/4117
f 4152/4152 4153/4153 4099/4099
f 4153/4153 4154/4154 4090/4090
f 4153/4153 4090/4090 4099/4099
f 4154/4154 4155/4155 4090/4090
f 4090/4090 4155/4155 4100/4100
f 4155/4155 4156/4156 4100/4100
f 4156/4156 4118/4118 4100/4100
f 4156/4156 4119/4119 4118/4118
f 4119/4119 4157/4157 4101/4101
f 4157/4157 4120/4120 4101/4101
f 2215/2215 4158/4158 2229/2229
f 2229/2229 4158/4158 4159/4159
f 4158/4158 4160/4160 4159/4159
f 4160/4160 2281/2281 4159/4159
f 4160/4160 4161/4161 2281/2281
f 4161/4161 2282/2282 2281/2281
f 2305/2305 4145/4145 2313/2313
f 4111/4111 4137/4137 2058/2058
f 4137/4137 4162/4162 2058/2058
f 2058/2058 4162/4162 4138/4138
f 4162/4162 4163/4163 4138/4138
f 4138/4138 4163/4163 4139/4139
f 4163/4163 4164/4164 4139/4139
f 4164/4164 4140/4140 4139/4139
f 4164/4164 4165/4165 4140/4140
f 4165/4165 4141/4141 4140/4140
f 4165/4165 4166/4166 4141/4141
f 4141/4141 4166/4166 4142/4142
f 4166/4166 4167/4167 4142/4142
f 4145/4145 4146/4146 4067/4067
f 4168/4168 4127/4127 4094/4094
f 4169/4169 4097/4097 4096/4096
f 4169/4169 4170/4170 4097/4097
f 4170/4170 4098/4098 4097/4097
f 4147/4147 4068/4068 4057/4057
f 4084/4084 4129/4129 4058/4058
f 4069/4069 4148/4148 4030/4030
f 4112/4112 4171/4171 4031/4031
f 4172/4172 4036/4036 4059/4059
f 4036/4036 4173/4173 4052/4052
f 4173/4173 4174/4174 4052/4052
f 4052/4052 4174/4174 4175/4175
f 4174/4174 4176/4176 4175/4175
f 4176/4176 4177/4177 4178/4178
f 4178/4178 4177/4177 2137/2137
f 4177/4177 2138/2138 2137/2137
f 2138/2138 4179/4179 2139/2139
f 4179/4179 4180/4180 2139/2139
f 4180/4180 2157/2157 2139/2139
f 4180/4180 4181/4181 2157/2157
f 2157/2157 4181/4181 2193/2193
f 4181/4181 4182/4182 2193/2193
f 4182/4182 2215/2215 2193/2193
f 2215/2215 4183/4183 4158/4158
f 4183/4183 4184/4184 4158/4158
f 4184/4184 4185/4185 4158/4158
f 4158/4158 4185/4185 4160/4160
f 4186/4186 4161/4161 4160/4160
f 4161/4161 4187/4187 2282/2282
f 4187/4187 2305/2305 2282/2282
f 4127/4127 4188/4188 4095/4095
f 4095/4095 4169/4169 4096/4096
f 4098/4098 4170/4170 4147/4147
f 4147/4147 4189/4189 4068/4068
f 4189/4189 4128/4128 4068/4068
f 4190/4190 4084/4084 4128/4128
f 4191/4191 4069/4069 4129/4129
f 4172/4172 4173/4173 4036/4036
f 4174/4174 4177/4177 4176/4176
f 4177/4177 4192/4192 2138/2138
f 4192/4192 4179/4179 2138/2138
f 4182/4182 4183/4183 2215/2215
f 4186/4186 4160/4160 4185/4185
f 4186/4186 4193/4193 4161/4161
f 4193/4193 4187/4187 4161/4161
f 4187/4187 4194/4194 2305/2305
f 4194/4194 4145/4145 2305/2305
f 4194/4194 4195/4195 4145/4145
f 4195/4195 4146/4146 4145/4145
f 4195/4195 4196/4196 4146/4146
f 3980/3980 4197/4197 4094/4094
f 4197/4197 4168/4168 4094/4094
f 4188/4188 4198/4198 4095/4095
f 4095/4095 4198/4198 4169/4169
f 4189/4189 4190/4190 4128/4128
f 4191/4191 4199/4199 4069/4069
f 4069/4069 4199/4199 4148/4148
f 4199/4199 4200/4200 4148/4148
f 4200/4200 4070/4070 4148/4148
f 2484/2484 4201/4201 2475/2475
f 2484/2484 2475/2475 2474/2474
f 4201/4201 4202/4202 2475/2475
f 4202/4202 2477/2477 2475/2475
f 4202/4202 2480/2480 2477/2477
f 4203/4203 4204/4204 4205/4205
f 4204/4204 4206/4206 4205/4205
f 4205/4205 4206/4206 4207/4207
f 4206/4206 4208/4208 4207/4207
f 4208/4208 4209/4209 4207/4207
f 4208/4208 4210/4210 4209/4209
f 4210/4210 4211/4211 4209/4209
f 4210/4210 4212/4212 4211/4211
f 4212/4212 4213/4213 4211/4211
f 4212/4212 4214/4214 4213/4213
f 4214/4214 4215/4215 4213/4213
f 4215/4215 4216/4216 4217/4217
f 4215/4215 4217/4217 4213/4213
f 4217/4217 4216/4216 4218/4218
f 4216/4216 4219/4219 4218/4218
f 4219/4219 4220/4220 4218/4218
f 4220/4220 4221/4221 4218/4218
f 4220/4220 4222/4222 4221/4221
f 4222/4222 4223/4223 4221/4221
f 4224/4224 4225/4225 4203/4203
f 4203/4203 4225/4225 4204/4204
f 4225/4225 4206/4206 4204/4204
f 4206/4206 4226/4226 4208/4208
f 4227/4227 4223/4223 4222/4222
f 4225/4225 4228/4228 4206/4206
f 4215/4215 4229/4229 4216/4216
f 4216/4216 4229/4229 4219/4219
f 4229/4229 4230/4230 4219/4219
f 4219/4219 4230/4230 4220/4220
f 4230/4230 4227/4227 4220/4220
f 4220/4220 4227/4227 4222/4222
f 4231/4231 4173/4173 4172/4172
f 4227/4227 4232/4232 4223/4223
f 4233/4233 4225/4225 4224/4224
f 4228/4228 4226/4226 4206/4206
f 4226/4226 4234/4234 4208/4208
f 4208/4208 4234/4234 4210/4210
f 4234/4234 4212/4212 4210/4210
f 4234/4234 4229/4229 4212/4212
f 4212/4212 4229/4229 4214/4214
f 4214/4214 4229/4229 4215/4215
f 4233/4233 4235/4235 4225/4225
f 4235/4235 4228/4228 4225/4225
f 4226/4226 4236/4236 4234/4234
f 4236/4236 4229/4229 4234/4234
f 4237/4237 4235/4235 4233/4233
f 4228/4228 4238/4238 4226/4226
f 4226/4226 4238/4238 4236/4236
f 4238/4238 4239/4239 4236/4236
f 4239/4239 4240/4240 4236/4236
f 4236/4236 4240/4240 4229/4229
f 4240/4240 4241/4241 4229/4229
f 4229/4229 4241/4241 4230/4230
f 4241/4241 4242/4242 4230/4230
f 4242/4242 4227/4227 4230/4230
f 4227/4227 4243/4243 4232/4232
f 4244/4244 4235/4235 4237/4237
f 4245/4245 4228/4228 4235/4235
f 4246/4246 4238/4238 4228/4228
f 4242/4242 4243/4243 4227/4227
f 4244/4244 4245/4245 4235/4235
f 4245/4245 4246/4246 4228/4228
f 4246/4246 4247/4247 4238/4238
f 4247/4247 4239/4239 4238/4238
f 4247/4247 4248/4248 4239/4239
f 4248/4248 4240/4240 4239/4239
f 4242/4242 4249/4249 4243/4243
f 4240/4240 4250/4250 4241/4241
f 4241/4241 4250/4250 4242/4242
f 4250/4250 4249/4249 4242/4242
f 4251/4251 4177/4177 4174/4174
f 4248/4248 4250/4250 4240/4240
f 4250/4250 4252/4252 4249/4249
f 4249/4249 4253/4253 4243/4243
f 4253/4253 4254/4254 4243/4243
f 4255/4255 4244/4244 4237/4237
f 4252/4252 4253/4253 4249/4249
f 4256/4256 4255/4255 4237/4237
f 4255/4255 4257/4257 4244/4244
f 4244/4244 4258/4258 4245/4245
f 4245/4245 4258/4258 4246/4246
f 4258/4258 4259/4259 4246/4246
f 4259/4259 4247/4247 4246/4246
f 4260/4260 4248/4248 4247/4247
f 4260/4260 4261/4261 4248/4248
f 4261/4261 4250/4250 4248/4248
f 4250/4250 4262/4262 4252/4252
f 4261/4261 4263/4263 4250/4250
f 4263/4263 4262/4262 4250/4250
f 4177/4177 4251/4251 4192/4192
f 4264/4264 4247/4247 4259/4259
f 4264/4264 4260/4260 4247/4247
f 4260/4260 4265/4265 4261/4261
f 4258/4258 4264/4264 4259/4259
f 4264/4264 4265/4265 4260/4260
f 4265/4265 4266/4266 4261/4261
f 4267/4267 4268/4268 4261/4261
f 4268/4268 4263/4263 4261/4261
f 4268/4268 4262/4262 4263/4263
f 4266/4266 4267/4267 4261/4261
f 4268/4268 4252/4252 4262/4262
f 4258/4258 4269/4269 4264/4264
f 4270/4270 4265/4265 4264/4264
f 4266/4266 4271/4271 4267/4267
f 4272/4272 4255/4255 4256/4256
f 4244/4244 4269/4269 4258/4258
f 4270/4270 4266/4266 4265/4265
f 4252/4252 4273/4273 4253/4253
f 4251/4251 4274/4274 4192/4192
f 4273/4273 4275/4275 4253/4253
f 4253/4253 4275/4275 4254/4254
f 4269/4269 4270/4270 4264/4264
f 4272/4272 4276/4276 4255/4255
f 4276/4276 4257/4257 4255/4255
f 4277/4277 4278/4278 4268/4268
f 4268/4268 4278/4278 4252/4252
f 4192/4192 4274/4274 4179/4179
f 4257/4257 4279/4279 4244/4244
f 4278/4278 4280/4280 4252/4252
f 4280/4280 4273/4273 4252/4252
f 4271/4271 4268/4268 4267/4267
f 4279/4279 4281/4281 4244/4244
f 4281/4281 4269/4269 4244/4244
f 4271/4271 4282/4282 4268/4268
f 4282/4282 4277/4277 4268/4268
f 4269/4269 4283/4283 4270/4270
f 4270/4270 4283/4283 4266/4266
f 4283/4283 4271/4271 4266/4266
f 4276/4276 4284/4284 4257/4257
f 4284/4284 4279/4279 4257/4257
f 4281/4281 4285/4285 4269/4269
f 4278/4278 4286/4286 4280/4280
f 4287/4287 4278/4278 4277/4277
f 4279/4279 4288/4288 4281/4281
f 4289/4289 4282/4282 4271/4271
f 4282/4282 4287/4287 4277/4277
f 4287/4287 4286/4286 4278/4278
f 4179/4179 4274/4274 4180/4180
f 4285/4285 4283/4283 4269/4269
f 4286/4286 4290/4290 4280/4280
f 4290/4290 4273/4273 4280/4280
f 4284/4284 4288/4288 4279/4279
f 4283/4283 4289/4289 4271/4271
f 4290/4290 4291/4291 4273/4273
f 4291/4291 4275/4275 4273/4273
f 4292/4292 4276/4276 4272/4272
f 4281/4281 4293/4293 4285/4285
f 4285/4285 4293/4293 4283/4283
f 4293/4293 4289/4289 4283/4283
f 4282/4282 4289/4289 4287/4287
f 4294/4294 4295/4295 4288/4288
f 4295/4295 4281/4281 4288/4288
f 4295/4295 4293/4293 4281/4281
f 4293/4293 4296/4296 4289/4289
f 4296/4296 4297/4297 4289/4289
f 4289/4289 4297/4297 4287/4287
f 4297/4297 4286/4286 4287/4287
f 4292/4292 4298/4298 4276/4276
f 4298/4298 4284/4284 4276/4276
f 4294/4294 4299/4299 4295/4295
f 4297/4297 4290/4290 4286/4286
f 4274/4274 4300/4300 4181/4181
f 4274/4274 4181/4181 4180/4180
f 4291/4291 4301/4301 4275/4275
f 4284/4284 4294/4294 4288/4288
f 4299/4299 4302/4302 4295/4295
f 4302/4302 4293/4293 4295/4295
f 4303/4303 4297/4297 4296/4296
f 4304/4304 4290/4290 4297/4297
f 4284/4284 4305/4305 4294/4294
f 4305/4305 4299/4299 4294/4294
f 4302/4302 4306/4306 4293/4293
f 4306/4306 4307/4307 4293/4293
f 4293/4293 4307/4307 4296/4296
f 4307/4307 4308/4308 4296/4296
f 4308/4308 4303/4303 4296/4296
f 4303/4303 4309/4309 4297/4297
f 4310/4310 4305/4305 4284/4284
f 4309/4309 4304/4304 4297/4297
f 4292/4292 4311/4311 4298/4298
f 4311/4311 4284/4284 4298/4298
f 4290/4290 4312/4312 4291/4291
f 4312/4312 4301/4301 4291/4291
f 4313/4313 4311/4311 4292/4292
f 4311/4311 4310/4310 4284/4284
f 4299/4299 4314/4314 4302/4302
f 4308/4308 4315/4315 4303/4303
f 4304/4304 4312/4312 4290/4290
f 4305/4305 4316/4316 4299/4299
f 4316/4316 4314/4314 4299/4299
f 4314/4314 4306/4306 4302/4302
f 4306/4306 4308/4308 4307/4307
f 4315/4315 4309/4309 4303/4303
f 4317/4317 4304/4304 4309/4309
f 4318/4318 4305/4305 4310/4310
f 4319/4319 4306/4306 4314/4314
f 4306/4306 4320/4320 4308/4308
f 4321/4321 4317/4317 4309/4309
f 4318/4318 4316/4316 4305/4305
f 4316/4316 4319/4319 4314/4314
f 4322/4322 4320/4320 4306/4306
f 4320/4320 4315/4315 4308/4308
f 4315/4315 4321/4321 4309/4309
f 4317/4317 4312/4312 4304/4304
f 4319/4319 4322/4322 4306/4306
f 4181/4181 4300/4300 4182/4182
f 4300/4300 4323/4323 4182/4182
f 4312/4312 4324/4324 4301/4301
f 4325/4325 4324/4324 4312/4312
f 4326/4326 4327/4327 4311/4311
f 4326/4326 4311/4311 4313/4313
f 4327/4327 4310/4310 4311/4311
f 4318/4318 4328/4328 4316/4316
f 4328/4328 4329/4329 4316/4316
f 4316/4316 4329/4329 4319/4319
f 4329/4329 4330/4330 4319/4319
f 4330/4330 4322/4322 4319/4319
f 4320/4320 4330/4330 4315/4315
f 4321/4321 4331/4331 4317/4317
f 4330/4330 4320/4320 4322/4322
f 4330/4330 4332/4332 4315/4315
f 4332/4332 4321/4321 4315/4315
f 4317/4317 4325/4325 4312/4312
f 4333/4333 4329/4329 4328/4328
f 4334/4334 4330/4330 4329/4329
f 4335/4335 4332/4332 4330/4330
f 4182/4182 4323/4323 4183/4183
f 4336/4336 4335/4335 4330/4330
f 4337/4337 4331/4331 4321/4321
f 4327/4327 4338/4338 4310/4310
f 4338/4338 4318/4318 4310/4310
f 4318/4318 4339/4339 4328/4328
f 4339/4339 4333/4333 4328/4328
f 4340/4340 4336/4336 4330/4330
f 4340/4340 4330/4330 4334/4334
f 4338/4338 4341/4341 4318/4318
f 4341/4341 4339/4339 4318/4318
f 4333/4333 4334/4334 4329/4329
f 4332/4332 4337/4337 4321/4321
f 4331/4331 4342/4342 4317/4317
f 4342/4342 4325/4325 4317/4317
f 4338/4338 4343/4343 4341/4341
f 4343/4343 4344/4344 4339/4339
f 4343/4343 4339/4339 4341/4341
f 4336/4336 4345/4345 4335/4335
f 4345/4345 4337/4337 4332/4332
f 4345/4345 4332/4332 4335/4335
f 4337/4337 4346/4346 4331/4331
f 4346/4346 4342/4342 4331/4331
f 4339/4339 4347/4347 4333/4333
f 4333/4333 4347/4347 4334/4334
f 4347/4347 4340/4340 4334/4334
f 4340/4340 4345/4345 4336/4336
f 4345/4345 4348/4348 4337/4337
f 4347/4347 4349/4349 4340/4340
f 4326/4326 4350/4350 4327/4327
f 4350/4350 4338/4338 4327/4327
f 4351/4351 4346/4346 4337/4337
f 4350/4350 4343/4343 4338/4338
f 4352/4352 4348/4348 4345/4345
f 4348/4348 4351/4351 4337/4337
f 4344/4344 4347/4347 4339/4339
f 4349/4349 4352/4352 4340/4340
f 4340/4340 4352/4352 4345/4345
f 4353/4353 4350/4350 4326/4326
f 4344/4344 4354/4354 4347/4347
f 4349/4349 4355/4355 4352/4352
f 4352/4352 4356/4356 4348/4348
f 4356/4356 4351/4351 4348/4348
f 4346/4346 4357/4357 4342/4342
f 4354/4354 4349/4349 4347/4347
f 4354/4354 4355/4355 4349/4349
f 4342/4342 4358/4358 4325/4325
f 4358/4358 4324/4324 4325/4325
f 4344/4344 4359/4359 4354/4354
f 4355/4355 4360/4360 4352/4352
f 4343/4343 4361/4361 4344/4344
f 4361/4361 4359/4359 4344/4344
f 4357/4357 4358/4358 4342/4342
f 4360/4360 4362/4362 4352/4352
f 4352/4352 4362/4362 4356/4356
f 4363/4363 4346/4346 4351/4351
f 4353/4353 4364/4364 4350/4350
f 4364/4364 4343/4343 4350/4350
f 4359/4359 4365/4365 4354/4354
f 4365/4365 4355/4355 4354/4354
f 4356/4356 4366/4366 4351/4351
f 4366/4366 4363/4363 4351/4351
f 4364/4364 4367/4367 4343/4343
f 4367/4367 4361/4361 4343/4343
f 4368/4368 4365/4365 4359/4359
f 4363/4363 4357/4357 4346/4346
f 4323/4323 4369/4369 4183/4183
f 4358/4358 4370/4370 4324/4324
f 4361/4361 4371/4371 4359/4359
f 4372/4372 4362/4362 4360/4360
f 4369/4369 4184/4184 4183/4183
f 4371/4371 4368/4368 4359/4359
f 4365/4365 4372/4372 4355/4355
f 4355/4355 4372/4372 4360/4360
f 4362/4362 4366/4366 4356/4356
f 4365/4365 4373/4373 4372/4372
f 4374/4374 4362/4362 4372/4372
f 4367/4367 4375/4375 4361/4361
f 4375/4375 4371/4371 4361/4361
f 4371/4371 4376/4376 4368/4368
f 4364/4364 4377/4377 4367/4367
f 4377/4377 4375/4375 4367/4367
f 4369/4369 4185/4185 4184/4184
f 4374/4374 4378/4378 4362/4362
f 4379/4379 4380/4380 4353/4353
f 4353/4353 4380/4380 4364/4364
f 4380/4380 4377/4377 4364/4364
f 4368/4368 4381/4381 4365/4365
f 4381/4381 4373/4373 4365/4365
f 4376/4376 4382/4382 4368/4368
f 4373/4373 4374/4374 4372/4372
f 4366/4366 4383/4383 4363/4363
f 4383/4383 4357/4357 4363/4363
f 4382/4382 4381/4381 4368/4368
f 4384/4384 4366/4366 4362/4362
f 4384/4384 4383/4383 4366/4366
f 4385/4385 4374/4374 4373/4373
f 4385/4385 4378/4378 4374/4374
f 4378/4378 4384/4384 4362/4362
f 4383/4383 4386/4386 4358/4358
f 4383/4383 4358/4358 4357/4357
f 4386/4386 4370/4370 4358/4358
f 4387/4387 4373/4373 4381/4381
f 4388/4388 4389/4389 4384/4384
f 4388/4388 4384/4384 4378/4378
f 4389/4389 4383/4383 4384/4384
f 4390/4390 4376/4376 4371/4371
f 4376/4376 4390/4390 4382/4382
f 4387/4387 4385/4385 4373/4373
f 4391/4391 4371/4371 4375/4375
f 4369/4369 4392/4392 4185/4185
f 4386/4386 4393/4393 4370/4370
f 4377/4377 4391/4391 4375/4375
f 4391/4391 4390/4390 4371/4371
f 4394/4394 4380/4380 4379/4379
f 4382/4382 4395/4395 4381/4381
f 4396/4396 4378/4378 4385/4385
f 4392/4392 4186/4186 4185/4185
f 4387/4387 4396/4396 4385/4385
f 4396/4396 4388/4388 4378/4378
f 4389/4389 4397/4397 4383/4383
f 4398/4398 4393/4393 4386/4386
f 4390/4390 4395/4395 4382/4382
f 4395/4395 4387/4387 4381/4381
f 4397/4397 4398/4398 4383/4383
f 4383/4383 4398/4398 4386/4386
f 4396/4396 4399/4399 4388/4388
f 4399/4399 4389/4389 4388/4388
f 4380/4380 4400/4400 4377/4377
f 4400/4400 4391/4391 4377/4377
f 4387/4387 4401/4401 4396/4396
f 4391/4391 4402/4402 4390/4390
f 4390/4390 4402/4402 4395/4395
f 4402/4402 4401/4401 4387/4387
f 4402/4402 4387/4387 4395/4395
f 4399/4399 4397/4397 4389/4389
f 4400/4400 4403/4403 4391/4391
f 4403/4403 4402/4402 4391/4391
f 4404/4404 4401/4401 4402/4402
f 4401/4401 4399/4399 4396/4396
f 4403/4403 4404/4404 4402/4402
f 4404/4404 4405/4405 4401/4401
f 4401/4401 4406/4406 4399/4399
f 4406/4406 4407/4407 4399/4399
f 4400/4400 4408/4408 4403/4403
f 4405/4405 4406/4406 4401/4401
f 4407/4407 4397/4397 4399/4399
f 4400/4400 4409/4409 4408/4408
f 4410/4410 4404/4404 4403/4403
f 4392/4392 4411/4411 4186/4186
f 4398/4398 4412/4412 4393/4393
f 4394/4394 4409/4409 4380/4380
f 4409/4409 4400/4400 4380/4380
f 4408/4408 4410/4410 4403/4403
f 4410/4410 4405/4405 4404/4404
f 4397/4397 4413/4413 4398/4398
f 4411/4411 4193/4193 4186/4186
f 4405/4405 4414/4414 4406/4406
f 4414/4414 4415/4415 4406/4406
f 4415/4415 4407/4407 4406/4406
f 4416/4416 4397/4397 4407/4407
f 4416/4416 4413/4413 4397/4397
f 4413/4413 4412/4412 4398/4398
f 4417/4417 4409/4409 4394/4394
f 4408/4408 4418/4418 4410/4410
f 4417/4417 4419/4419 4409/4409
f 4420/4420 4405/4405 4410/4410
f 4415/4415 4416/4416 4407/4407
f 4409/4409 4419/4419 4408/4408
f 4418/4418 4420/4420 4410/4410
f 4414/4414 4405/4405 4420/4420
f 4419/4419 4418/4418 4408/4408
f 4414/4414 4421/4421 4415/4415
f 4421/4421 4416/4416 4415/4415
f 4422/4422 4420/4420 4418/4418
f 4420/4420 4422/4422 4414/4414
f 4422/4422 4421/4421 4414/4414
f 4423/4423 4413/4413 4416/4416
f 4411/4411 4187/4187 4193/4193
f 4424/4424 4425/4425 4419/4419
f 4419/4419 4426/4426 4418/4418
f 4421/4421 4423/4423 4416/4416
f 4411/4411 4194/4194 4187/4187
f 4413/4413 4427/4427 4412/4412
f 4422/4422 4428/4428 4421/4421
f 4425/4425 4426/4426 4419/4419
f 4426/4426 4429/4429 4418/4418
f 4429/4429 4430/4430 4422/4422
f 4429/4429 4422/4422 4418/4418
f 4428/4428 4423/4423 4421/4421
f 4423/4423 4431/4431 4413/4413
f 4431/4431 4427/4427 4413/4413
f 4425/4425 4432/4432 4426/4426
f 4432/4432 4429/4429 4426/4426
f 4430/4430 4433/4433 4422/4422
f 4422/4422 4433/4433 4428/4428
f 4433/4433 4434/4434 4428/4428
f 4434/4434 4423/4423 4428/4428
f 4429/4429 4435/4435 4430/4430
f 4435/4435 4436/4436 4430/4430
f 4430/4430 4436/4436 4433/4433
f 4434/4434 4437/4437 4423/4423
f 4437/4437 4431/4431 4423/4423
f 2492/2492 4438/4438 4424/4424
f 4424/4424 4432/4432 4425/4425
f 4439/4439 4434/4434 4433/4433
f 4439/4439 4437/4437 4434/4434
f 4431/4431 4440/4440 4427/4427
f 4441/4441 4432/4432 4424/4424
f 4432/4432 4442/4442 4429/4429
f 4442/4442 4435/4435 4429/4429
f 4437/4437 4443/4443 4431/4431
f 4443/4443 4440/4440 4431/4431
f 4438/4438 4441/4441 4424/4424
f 4441/4441 4442/4442 4432/4432
f 4442/4442 4444/4444 4435/4435
f 4444/4444 4436/4436 4435/4435
f 4444/4444 4445/4445 4433/4433
f 4444/4444 4433/4433 4436/4436
f 4445/4445 4439/4439 4433/4433
f 4439/4439 4443/4443 4437/4437
f 4446/4446 4438/4438 2491/2491
f 2491/2491 4438/4438 2492/2492
f 4447/4447 4439/4439 4445/4445
f 4447/4447 4443/4443 4439/4439
f 4443/4443 4448/4448 4440/4440
f 4446/4446 4449/4449 4438/4438
f 4449/4449 4450/4450 4438/4438
f 4438/4438 4450/4450 4441/4441
f 4450/4450 4451/4451 4441/4441
f 4451/4451 4442/4442 4441/4441
f 4451/4451 4452/4452 4442/4442
f 4452/4452 4444/4444 4442/4442
f 4452/4452 4453/4453 4444/4444
f 4453/4453 4454/4454 4444/4444
f 4444/4444 4454/4454 4445/4445
f 4454/4454 4455/4455 4445/4445
f 4455/4455 4447/4447 4445/4445
f 4455/4455 4443/4443 4447/4447
f 4455/4455 4448/4448 4443/4443
f 4456/4456 4197/4197 3980/3980
f 4198/4198 4457/4457 4169/4169
f 4169/4169 4457/4457 4170/4170
f 4457/4457 4147/4147 4170/4170
f 4457/4457 4458/4458 4147/4147
f 4147/4147 4458/4458 4189/4189
f 4190/4190 4129/4129 4084/4084
f 4070/4070 4459/4459 4130/4130
f 4460/4460 4461/4461 4131/4131
f 4131/4131 4461/4461 4045/4045
f 4462/4462 4419/4419 4417/4417
f 4462/4462 4424/4424 4419/4419
f 4462/4462 2493/2493 4424/4424
f 4424/4424 2493/2493 2492/2492
f 4197/4197 4463/4463 4168/4168
f 4463/4463 4127/4127 4168/4168
f 4188/4188 4464/4464 4198/4198
f 4464/4464 4457/4457 4198/4198
f 4465/4465 4129/4129 4190/4190
f 4200/4200 4466/4466 4070/4070
f 4466/4466 4459/4459 4070/4070
f 4461/4461 4112/4112 4045/4045
f 4463/4463 4467/4467 4127/4127
f 4127/4127 4467/4467 4188/4188
f 4458/4458 4468/4468 4189/4189
f 4189/4189 4468/4468 4190/4190
f 4190/4190 4468/4468 4465/4465
f 4465/4465 4191/4191 4129/4129
f 4465/4465 4199/4199 4191/4191
f 4469/4469 4463/4463 4197/4197
f 4469/4469 4470/4470 4463/4463
f 4463/4463 4470/4470 4467/4467
f 4467/4467 4471/4471 4188/4188
f 4471/4471 4464/4464 4188/4188
f 4471/4471 4472/4472 4464/4464
f 4472/4472 4457/4457 4464/4464
f 4472/4472 4473/4473 4457/4457
f 4473/4473 4474/4474 4457/4457
f 4474/4474 4458/4458 4457/4457
f 4474/4474 4475/4475 4458/4458
f 4475/4475 4468/4468 4458/4458
f 4476/4476 4199/4199 4465/4465
f 4476/4476 4200/4200 4199/4199
f 4461/4461 4171/4171 4112/4112
f 4477/4477 4469/4469 4456/4456
f 4456/4456 4469/4469 4197/4197
f 4475/4475 4478/4478 4468/4468
f 4468/4468 4478/4478 4465/4465
f 4478/4478 4479/4479 4465/4465
f 4479/4479 4476/4476 4465/4465
f 4479/4479 4480/4480 4476/4476
f 4480/4480 4466/4466 4476/4476
f 4476/4476 4466/4466 4200/4200
f 4477/4477 4481/4481 4469/4469
f 4482/4482 4483/4483 4484/4484
f 4483/4483 4485/4485 4484/4484
f 4481/4481 4486/4486 4469/4469
f 4469/4469 4486/4486 4470/4470
f 4485/4485 4487/4487 4484/4484
f 4486/4486 4488/4488 4467/4467
f 4486/4486 4467/4467 4470/4470
f 4485/4485 4489/4489 4490/4490
f 4485/4485 4490/4490 4487/4487
f 4488/4488 4471/4471 4467/4467
f 4488/4488 4491/4491 4471/4471
f 4490/4490 4489/4489 4492/4492
f 4491/4491 4472/4472 4471/4471
f 4489/4489 4493/4493 4492/4492
f 4491/4491 4494/4494 4472/4472
f 4493/4493 4495/4495 4492/4492
f 4492/4492 4495/4495 4496/4496
f 4494/4494 4473/4473 4472/4472
f 4494/4494 4474/4474 4473/4473
f 4494/4494 4497/4497 4474/4474
f 4496/4496 4495/4495 4498/4498
f 4495/4495 4499/4499 4498/4498
f 4474/4474 4497/4497 4475/4475
f 4497/4497 4500/4500 4475/4475
f 4499/4499 4501/4501 4502/4502
f 4499/4499 4502/4502 4498/4498
f 4500/4500 4478/4478 4475/4475
f 4500/4500 4503/4503 4478/4478
f 4502/4502 4501/4501 4504/4504
f 4478/4478 4503/4503 4479/4479
f 4501/4501 4505/4505 4504/4504
f 4505/4505 4506/4506 4504/4504
f 4503/4503 4507/4507 4479/4479
f 4504/4504 4506/4506 4508/4508
f 4507/4507 4480/4480 4479/4479
f 4506/4506 4509/4509 4508/4508
f 4507/4507 4466/4466 4480/4480
f 4507/4507 4510/4510 4466/4466
f 4509/4509 4511/4511 4508/4508
f 4466/4466 4510/4510 4459/4459
f 4512/4512 4461/4461 4460/4460
f 4483/4483 4513/4513 4485/4485
f 4495/4495 4514/4514 4499/4499
f 4499/4499 4514/4514 4501/4501
f 4515/4515 4505/4505 4501/4501
f 4505/4505 4515/4515 4506/4506
f 4506/4506 4516/4516 4509/4509
f 4512/4512 4517/4517 4461/4461
f 4509/4509 4518/4518 4511/4511
f 4519/4519 4520/4520 4489/4489
f 4520/4520 4493/4493 4489/4489
f 4493/4493 4520/4520 4495/4495
f 4520/4520 4521/4521 4495/4495
f 4521/4521 4522/4522 4495/4495
f 4522/4522 4514/4514 4495/4495
f 4523/4523 4501/4501 4514/4514
f 4523/4523 4524/4524 4501/4501
f 4524/4524 4515/4515 4501/4501
f 4524/4524 4525/4525 4515/4515
f 4515/4515 4526/4526 4506/4506
f 4526/4526 4516/4516 4506/4506
f 4516/4516 4527/4527 4509/4509
f 4527/4527 4518/4518 4509/4509
f 4513/4513 4528/4528 4485/4485
f 4528/4528 4519/4519 4485/4485
f 4485/4485 4519/4519 4489/4489
f 4529/4529 4523/4523 4514/4514
f 4525/4525 4526/4526 4515/4515
f 4517/4517 4530/4530 4171/4171
f 4517/4517 4171/4171 4461/4461
f 4527/4527 4531/4531 4518/4518
f 4532/4532 4533/4533 4482/4482
f 4482/4482 4533/4533 4483/4483
f 4533/4533 4528/4528 4513/4513
f 4533/4533 4513/4513 4483/4483
f 4519/4519 4534/4534 4520/4520
f 4520/4520 4534/4534 4521/4521
f 4534/4534 4522/4522 4521/4521
f 4522/4522 4529/4529 4514/4514
f 4535/4535 4524/4524 4523/4523
f 4535/4535 4525/4525 4524/4524
f 4526/4526 4527/4527 4516/4516
f 4533/4533 4536/4536 4528/4528
f 4528/4528 4536/4536 4519/4519
f 4536/4536 4537/4537 4519/4519
f 4537/4537 4534/4534 4519/4519
f 4537/4537 4538/4538 4534/4534
f 4534/4534 4538/4538 4522/4522
f 4538/4538 4529/4529 4522/4522
f 4529/4529 4535/4535 4523/4523
f 4532/4532 4539/4539 4533/4533
f 4533/4533 4539/4539 4536/4536
f 4539/4539 4540/4540 4536/4536
f 4536/4536 4540/4540 4537/4537
f 4538/4538 4541/4541 4529/4529
f 4541/4541 4542/4542 4529/4529
f 4529/4529 4542/4542 4535/4535
f 4535/4535 4542/4542 4525/4525
f 4542/4542 4543/4543 4525/4525
f 4543/4543 4544/4544 4525/4525
f 4544/4544 4526/4526 4525/4525
f 4544/4544 4545/4545 4526/4526
f 4545/4545 4527/4527 4526/4526
f 4545/4545 4531/4531 4527/4527
f 2523/2523 2512/2512 2511/2511

